today,year,day,SowYear,SowDate,cropCycle,currentCrop,sugarStatus,sugarWasSavedBySW,sugarWasSavedByIrrig,ratoon_no,sugarDAS,sugarStage,sugarPlantYear,sugarPlantDate,sugarPlantingDAY,sugarPlantDelay,sugarHarvDelay,sugarLastHarvDAY,sugarHarvYear,realDelayForKill,totCycle,biomass,green_biomass,greenwt,cane_wt,canefw,sucrose_wt,residue_wt,burntDM,burntOrgC,burntOrgN,ccs,totalNGCane,totalInitTAW,totalInitPAW,totalInitInorgN,totalInitOrgN,totalInitSoilN,totalInitSoilC,biomass_n,green_biomass_n,meanInitOC2,irrigNum,totalIrrig,totalRain,totalDrain,totalRunoff,totalEffRain,totalTransp,totalEvap,totalEvapTr,totalSediment,totalSoilOrgN,totalSoilInorgN,totalSoilN,totalSoilC,totalFert,totalNUptake,totalNit,totalDeNit,totalNO3Leach,totalNO3Runoff,totalSoilN2O,totalSoilCO2,CO2,surfaceom_cover,surfaceom_wt,surfaceom_n,surfaceom_c,surfaceom_no3,surfaceom_nh4,meanTMin,meanTMax,meanRadn,maxRain,Region,WStation,Soil,StartYear,IrrigSys,Fallow,DryOff,Fert,FertAmt,IrrigAmt,IrrigAlloc,MaxIrrigNum,IrrigFreq,NRunOffModel,Planting,Tillage,totalWater,totalWaterEff,totalWaterLoss,totalWaterLossWithEvap,totalNLoss,totalNPol,GPWUI,CWUE,GPWUI_450,NUE,NUPE,sucroseTH,IrrigAllocOrig
01/05/1957,1957,121,0,01-May,0,none,out,0,0,-1,0,6,-1,0.000,121,0,0,181,-1,14,2616,0,0,0,0,0,0,,0,0,0,0,0,0,0,0,0,0,0,0,0,1.327,0,0,514,0,289.107,224.893,0,196.389,196.389,13.134,6529.918,127.862,6657.781,109174.966,0,0,102.679,2.432,0,7.48,0.594,1124.277,350,0,0.2,0,0.1,0,0,20.618,29.282,19.375,84.8,Mackay,Mackay,Pind,1957,LPOH_5_15,BareFallow,42,MW_Surf2,130_150,33,3,9,SWD_0_50_200_50_50,P2R,MW_01MayR6V1,MW_T3,514,224.893,289.107,485.496,9.912,7.48,0,0,0,,,0,3_9
01/09/1958,1958,244,1957,01-May,1,sugar,alive,0,0,0,488,4.641,1957,1/5/1957,121,0,0,181,1958,14,2616,5061.61,4490.5,5205.06,3978.28,121.183,1749.49,,0,0,0,14.857,121.2,58.303,58.303,127.862,6529.918,6657.781,109174.966,20.64,18.55,1.304,9,297,3207.2,317.671,1928.335,1130.312,766.401,464.423,1230.823,13.331,6457.554,8.003,6465.557,108936.982,130,279.063,254.532,45.349,23.843,8.499,8.578,3339.8,350,0.854,2745.7,10.1,1098.3,0,0,16.357,26.794,18.722,376.2,Mackay,Mackay,Pind,1957,LPOH_5_15,BareFallow,42,MW_Surf2,130_150,33,3,9,SWD_0_50_200_50_50,P2R,MW_01MayR6V1,MW_T3,3504.2,1427.312,2246.006,2710.429,77.691,32.342,8.49029504411089,0.0984568861647857,16.2226238286479,0.932176923076923,0.43424961388647,17.495,3_9
01/09/1959,1959,244,1958,01-May,1,sugar,alive,0,0,1,365,4.46,1957,1/9/1958,121,0,0,181,1959,14,2616,4133.84,3659.47,4469.65,3136.3,96.14,1764.53,,0,0,0,19.675,72.7,67.673,57.673,8.003,6457.554,6465.557,108936.982,11.91,10.17,1.283,7,231,1655.8,549.336,495.291,920.052,626.711,216.859,843.57,2.913,6561.568,3.249,6564.817,109923.652,150,175.108,244.811,4.814,5.96,0.953,1.024,7687.461,350,0.784,2189.1,8.2,875.6,0,0,16.897,27.133,19.482,175.5,Mackay,Mackay,Pind,1957,LPOH_5_15,BareFallow,42,MW_Surf2,130_150,33,3,9,SWD_0_50_200_50_50,P2R,MW_01MayR6V1,MW_T3,1886.8,1151.052,1044.627,1261.486,11.727,6.913,8.35235940687302,0.113968016880638,14.1174743024963,0.640933333333333,0.549032597025836,17.645,3_9
01/08/1960,1960,214,1959,01-May,1,sugar,alive,0,0,2,335,4.374,1957,1/9/1959,121,0,0,181,1960,14,2616,4619.85,4150.8,5112.59,3406.87,105.687,1870.92,,0,0,0,18.874,82,52.276,42.276,3.249,6561.568,6564.817,109923.652,14.15,12.43,1.31,6,198,2220.2,509.66,1031.359,924.799,662.77,185.164,847.934,2.057,6598.713,2.725,6601.438,110363.83,150,200.329,271.726,6.628,0.514,1.752,1.443,7625.858,350,0.748,1970,7.3,788,0,0,17.507,27.169,19.558,235.7,Mackay,Mackay,Pind,1957,LPOH_5_15,BareFallow,42,MW_Surf2,130_150,33,3,9,SWD_0_50_200_50_50,P2R,MW_01MayR6V1,MW_T3,2418.2,1122.799,1541.019,1726.183,8.894,2.266,9.41281565088676,0.124640597027599,16.3097222222222,0.70458,0.527567152034903,18.709,3_9
01/07/1961,1961,182,1960,01-May,1,sugar,alive,0,0,3,334,4.387,1957,1/8/1960,121,0,0,181,1961,14,2616,4624.2,4035.51,5064.16,3388.62,103.852,1869.09,,0,0,0,19.237,86.3,69.524,59.524,2.725,6598.713,6601.438,110363.83,14.92,12.76,1.318,9,297,984.9,180.26,238.205,687.135,685.081,172.234,857.315,0.734,6644.563,3.627,6648.19,111252.689,150,211.216,285.017,4.656,0.159,0.59,1.147,8329.55,350,0.758,2024.8,7.6,809.9,0,0,17.037,27.256,20.436,136.7,Mackay,Mackay,Pind,1957,LPOH_5_15,BareFallow,42,MW_Surf2,130_150,33,3,9,SWD_0_50_200_50_50,P2R,MW_01MayR6V1,MW_T3,1281.9,984.135,418.465,590.699,5.405,0.749,10.5526172730367,0.121136338452028,13.9025435073628,0.692346666666667,0.49168623589122,18.691,3_9
01/07/1962,1962,182,1961,01-May,1,sugar,alive,0,0,4,365,4.452,1957,1/7/1961,121,0,0,181,1962,14,2616,5014.38,4428.65,5502.73,3740.91,115.161,1965.87,,0,0,0,18.097,110.1,57.645,47.645,3.627,6644.563,6648.19,111252.689,17.33,15.18,1.329,9,297,1314,315.79,332.021,865.528,755.475,182.925,938.4,0.971,6670.805,3.943,6674.747,111392.449,150,241.151,308.724,5.788,0.271,0.895,1.137,9791.125,350,0.736,1901.4,7.1,760.6,0,0,17.321,27.276,19.653,153.2,Mackay,Mackay,Pind,1957,LPOH_5_15,BareFallow,42,MW_Surf2,130_150,33,3,9,SWD_0_50_200_50_50,P2R,MW_01MayR6V1,MW_T3,1611,1162.528,647.811,830.736,6.954,1.166,9.90608398249332,0.122720588235294,15.4164658634538,0.76774,0.477547262918255,19.659,3_9
01/07/1963,1963,182,1962,01-May,1,sugar,alive,0,0,5,365,4.487,1957,1/7/1962,121,0,0,181,1963,14,2616,4765.9,4147.05,5203.93,3571.24,108.892,1704.2,,0,0,0,16.35,111.8,64.434,54.434,3.943,6670.805,6674.747,111392.449,17.29,15.02,1.337,9,297,2702.1,531.372,1507.07,910.531,748.036,190.827,938.863,6.127,6701.305,2.824,6704.129,111923.407,150,239.648,316.645,3.412,0.264,4.401,0.879,9647.936,350,0.777,2141.9,7.9,856.8,0,0,17.871,27.641,18.893,406.4,Mackay,Mackay,Pind,1957,LPOH_5_15,BareFallow,42,MW_Surf2,130_150,33,3,9,SWD_0_50_200_50_50,P2R,MW_01MayR6V1,MW_T3,2999.1,1207.531,2038.442,2229.269,8.077,4.665,9.01773950316803,0.115982843077211,14.5772423025435,0.725946666666667,0.454383095206303,17.042,3_9
01/07/1964,1964,183,1963,01-May,1,sugar,alive,0,0,6,366,4.466,1957,1/7/1963,121,0,0,181,1964,14,2616,5573.73,4957.58,6115.21,4208.49,130.303,2158.11,,0,0,0,17.472,126.9,68.231,58.231,2.824,6701.305,6704.129,111923.407,19.37,17.11,1.346,9,297,1026,132.408,142.047,842.002,827.213,189.063,1016.276,0.463,6698.318,4.579,6702.897,111756.163,150,261.287,337.997,16.265,0.361,0.713,3.24,10201.487,350,0.74,1923,7.1,769.2,0,0,17.496,27.22,19.699,68.1,Mackay,Mackay,Pind,1957,LPOH_5_15,BareFallow,42,MW_Surf2,130_150,33,3,9,SWD_0_50_200_50_50,P2R,MW_01MayR6V1,MW_T3,1323,1139.002,274.455,463.518,17.339,1.074,11.4401028268607,0.128216153879458,17.4435073627845,0.868686666666667,0.498696835280745,21.581,3_9
01/05/1965,1965,121,0,01-May,1,none,out,0,0,-1,0,6,1957,0.000,121,0,0,181,-1,14,2616,0,0,0,0,0,0,,0,0,0,0,0,82.499,72.499,4.579,6698.318,6702.897,111756.163,0,0,1.35,0,0,1011.1,487.152,141.82,729.579,0,253.65,253.65,1.835,6794.639,56.141,6850.78,112379.737,0,0,123.475,15.921,1.652,0.807,2.449,10242.247,350,0.007,10,0,4,0,0,18.378,28.021,20.376,77.2,Mackay,Mackay,Pind,1957,LPOH_5_15,BareFallow,42,MW_Surf2,130_150,33,3,9,SWD_0_50_200_50_50,P2R,MW_01MayR6V1,MW_T3,1011.1,729.579,628.972,882.622,18.38,2.459,0,0,0,,,0,3_9
01/09/1966,1966,244,1965,01-May,2,sugar,alive,2,0,0,488,4.614,1965,1/5/1965,121,0,0,181,1966,14,2616,5446.58,4823.69,5555.2,4291.69,131.608,2448.2,,0,0,0,19.981,183.6,210.978,210.978,56.141,6794.639,6850.78,112379.737,26.77,24.49,1.366,9,297,1171.1,98.454,366.994,781.763,754.861,410.37,1165.231,13.559,6580.468,28.904,6609.372,110472.382,130,357.16,383.394,38.9,1.757,5.995,7.324,4781.588,350,0.859,2793.5,10.2,1117.4,0,0,16.126,26.26,18.784,80,Mackay,Mackay,Pind,1957,LPOH_5_15,BareFallow,42,MW_Surf2,130_150,33,3,9,SWD_0_50_200_50_50,P2R,MW_01MayR6V1,MW_T3,1468.1,1078.763,465.448,875.818,46.652,7.752,12.199899329139,0.11294584507278,17.6182061579652,1.01236923076923,0.368484712733789,24.482,3_9
01/09/1967,1967,244,1966,01-May,2,sugar,alive,0,0,1,365,4.479,1965,1/9/1966,121,0,0,181,1967,14,2616,5505.1,4876.16,5864.05,4244.94,130.36,2259.51,,0,0,0,18.419,102.9,65.745,55.745,28.904,6580.468,6609.372,110472.382,16.48,14.17,1.325,9,297,1191.4,177.121,279.551,881.219,819.016,197.868,1016.884,1.343,6656.516,9.17,6665.685,111345.513,150,224.177,289.621,8.439,6.852,0.557,1.724,8848.249,350,0.83,2530,9.4,1012,0,0,17.527,27.224,19.865,100.3,Mackay,Mackay,Pind,1957,LPOH_5_15,BareFallow,42,MW_Surf2,130_150,33,3,9,SWD_0_50_200_50_50,P2R,MW_01MayR6V1,MW_T3,1488.4,1178.219,456.672,654.54,15.848,7.409,11.0641570030699,0.128195546394672,17.4511378848728,0.869066666666667,0.581504793087605,22.595,3_9
01/08/1968,1968,214,1967,01-May,2,sugar,alive,0,0,2,335,4.376,1965,1/9/1967,121,0,0,181,1968,14,2616,4040,3643.65,4602.44,2962.01,92.161,1694.96,,0,0,0,19.721,83.5,62.59,52.59,9.17,6656.516,6665.685,111345.513,13.82,12.37,1.348,7,231,2210.6,649.031,1002.182,904.721,588.033,175.907,763.94,2.038,6710.635,3.206,6713.841,111799.565,150,197.119,286.809,12.105,5.83,1.86,2.33,8964.757,350,0.691,1676.1,6.4,670.4,0,0,17.482,27.186,19.944,213.1,Mackay,Mackay,Pind,1957,LPOH_5_15,BareFallow,42,MW_Surf2,130_150,33,3,9,SWD_0_50_200_50_50,P2R,MW_01MayR6V1,MW_T3,2441.6,1135.721,1651.213,1827.12,19.795,7.69,8.11475705741111,0.120639055423201,13.5331864904552,0.614406666666667,0.467539912438679,16.95,3_9
01/07/1969,1969,182,1968,01-May,2,sugar,alive,0,0,3,334,4.445,1965,1/8/1968,121,0,0,181,1969,14,2616,5058.87,4483.87,5581.71,3699.53,113.926,1795.95,,0,0,0,16.49,113,75.038,65.038,3.206,6710.635,6713.841,111799.565,18.14,16.03,1.364,9,297,961.4,124.64,120.203,807.515,762.546,197.024,959.57,0.396,6713.146,2.299,6715.445,111880.134,150,248.516,309.489,11.012,0.093,0.342,2.278,8743.633,350,0.736,1903.2,7.1,761.3,0,0,18.432,28.034,20.372,55.6,Mackay,Mackay,Pind,1957,LPOH_5_15,BareFallow,42,MW_Surf2,130_150,33,3,9,SWD_0_50_200_50_50,P2R,MW_01MayR6V1,MW_T3,1258.4,1104.515,244.843,441.867,11.447,0.435,10.3145724594053,0.118726096063862,15.2511378848728,0.759506666666667,0.458425212058781,17.96,3_9
01/07/1970,1970,182,1969,01-May,2,sugar,alive,0,0,4,365,4.493,1965,1/7/1969,121,0,0,181,1970,14,2616,4873.45,4213.95,5277.54,3730.97,113.852,1963.76,,0,0,0,18.315,111.6,111.025,101.025,2.299,6713.146,6715.445,111880.134,17.24,14.83,1.367,9,297,1657.1,232.724,787.055,759.901,782.628,187.932,970.56,2.729,6749.033,1.342,6750.375,112654.331,150,238.34,319.613,7.902,0.19,2.197,1.792,9819.75,350,0.792,2240.7,8.3,896.3,0,0,17.69,27.53,20.173,411.7,Mackay,Mackay,Pind,1957,LPOH_5_15,BareFallow,42,MW_Surf2,130_150,33,3,9,SWD_0_50_200_50_50,P2R,MW_01MayR6V1,MW_T3,1954.1,1056.901,1019.779,1207.711,10.289,2.387,10.7722482995096,0.117305473128915,15.2412315930388,0.759013333333333,0.477687337417135,19.638,3_9
01/07/1971,1971,182,1970,01-May,2,sugar,alive,0,0,5,365,4.45,1965,1/7/1970,121,0,0,181,1971,14,2616,5251.06,4595,5714.25,3913.67,119.929,1906.9,,0,0,0,16.657,121.6,56.786,46.786,1.342,6749.033,6750.375,112654.331,19.12,16.72,1.378,9,297,1633.5,350.845,529.75,957.064,811.246,197.162,1008.408,2.88,6755.421,2.006,6757.427,112765.629,150,258.784,333.397,8.32,0.214,1.822,1.773,9636.957,350,0.798,2287.1,8.5,914.8,0,0,17.125,27.326,19.196,129.3,Mackay,Mackay,Pind,1957,LPOH_5_15,BareFallow,42,MW_Surf2,130_150,33,3,9,SWD_0_50_200_50_50,P2R,MW_01MayR6V1,MW_T3,1930.5,1254.064,880.595,1077.757,10.356,2.036,9.56322803301905,0.118929044593062,16.0547523427042,0.799526666666667,0.463432824285891,19.069,3_9
01/07/1972,1972,183,1971,01-May,2,sugar,alive,0,0,6,366,4.494,1965,1/7/1971,121,0,0,181,1972,14,2616,5398.75,4816.86,5966.95,4056.94,125.328,2185.97,,0,0,0,18.554,120.6,80.283,70.283,2.006,6755.421,6757.427,112765.629,18.37,16.24,1.381,9,297,2077.4,521.384,802.632,1043.422,863.271,182.772,1046.044,2.694,6770.709,3.261,6773.97,113041.466,150,252.478,344.815,16.814,0.555,2.507,3.325,10611.163,350,0.752,1993.8,7.4,797.5,0,0,17.741,27.479,19.215,183.4,Mackay,Mackay,Pind,1957,LPOH_5_15,BareFallow,42,MW_Surf2,130_150,33,3,9,SWD_0_50_200_50_50,P2R,MW_01MayR6V1,MW_T3,2374.4,1340.422,1324.016,1506.788,19.876,3.062,9.3498913028882,0.119811403726803,16.7775100401606,0.83552,0.496391764827034,21.86,3_9
01/05/1973,1973,121,0,01-May,2,none,out,0,0,-1,0,6,1965,0.000,121,0,0,181,-1,14,2616,0,0,0,0,0,0,,0,0,0,0,0,66.623,56.623,3.261,6770.709,6773.97,113041.466,0,0,1.387,0,0,1038,447.537,238.445,555.46,0,233.88,233.88,0.155,6910.826,20.56,6931.386,114834.253,0,0,87.77,5.965,0.43,0.278,0.593,8977.011,350,0.008,11.1,0.1,4.4,0,0,18.299,28.252,21.048,148.3,Mackay,Mackay,Pind,1957,LPOH_5_15,BareFallow,42,MW_Surf2,130_150,33,3,9,SWD_0_50_200_50_50,P2R,MW_01MayR6V1,MW_T3,1038,555.46,685.982,919.862,6.673,0.708,0,0,0,,,0,3_9
03/09/1974,1974,246,1973,01-May,3,sugar,alive,0,0,0,490,4.669,1973,1/5/1973,121,0,2,181,1974,12,2616,6842.17,6049.57,6934.23,5515,168.148,2531.38,,0,0,0,15.617,188.4,184.761,184.761,20.56,6910.826,6931.386,114834.253,28.02,25.12,1.406,9,297,3287.8,568.211,1796.62,1188.475,936.284,354.496,1290.78,27.074,6689.326,1.43,6690.756,112298.246,130,386.248,394.97,20.787,1.257,4.718,4.187,6287.305,350,0.962,4670.9,17.1,1868.4,0,0,17.273,26.425,17.453,199.6,Mackay,Mackay,Pind,1957,LPOH_5_15,BareFallow,42,MW_Surf2,130_150,33,3,9,SWD_0_50_200_50_50,P2R,MW_01MayR6V1,MW_T3,3584.8,1485.475,2364.831,2719.327,26.762,5.975,11.3194769349871,0.130268519809727,22.5097724230254,1.29344615384615,0.435336882003273,25.314,3_9
03/09/1975,1975,246,1974,01-May,3,sugar,alive,0,0,1,365,4.491,1973,3/9/1974,121,0,2,183,1975,12,2618,5029.11,4539.62,5535.38,3829.47,118.914,2270.03,,0,0,0,20.58,104.1,95.951,85.951,1.43,6689.326,6690.756,112298.246,15.89,14.1,1.364,8,264,1730,504.894,577.718,949.393,751.981,164.577,916.557,0.646,6763.834,4.496,6768.33,112762.344,150,222.672,312.954,8.616,0.326,0.677,1.953,10696.095,350,0.719,1813.4,6.9,725.3,0,0,17.873,27.222,19.543,139.4,Mackay,Mackay,Pind,1957,LPOH_5_15,BareFallow,42,MW_Surf2,130_150,33,3,9,SWD_0_50_200_50_50,P2R,MW_01MayR6V1,MW_T3,1994,1213.393,1082.612,1247.189,9.619,1.003,9.80012246650508,0.129739885244453,16.6546218487395,0.79276,0.534032118991162,22.7,3_9
03/08/1976,1976,216,1975,01-May,3,sugar,alive,0,0,2,335,4.431,1973,3/9/1975,121,0,2,183,1976,12,2618,4617.61,4163.15,5195.9,3417.43,106.308,1829.19,,0,0,0,18.264,101.3,74.782,64.782,4.496,6763.834,6768.33,112762.344,16.12,14.46,1.392,4,132,2274.8,714.171,874.476,1050.949,641.191,171.252,812.444,2.002,6771.434,3.368,6774.802,112920.149,150,223.408,311.268,22.847,4.193,2.765,4.335,8992.952,350,0.723,1832.8,6.8,733.1,0,0,18.468,27.091,18.043,161.4,Mackay,Mackay,Pind,1957,LPOH_5_15,BareFallow,42,MW_Surf2,130_150,33,3,9,SWD_0_50_200_50_50,P2R,MW_01MayR6V1,MW_T3,2406.8,1182.949,1588.647,1759.899,29.805,6.958,8.98669342465313,0.130849633944001,18.2659793814433,0.70872,0.475846881042756,18.292,3_9
03/07/1977,1977,184,1976,01-May,3,sugar,alive,0,0,3,334,4.429,1973,3/8/1976,121,0,2,183,1977,12,2618,4820.12,4209.82,5300.68,3550.62,108.696,1689.79,,0,0,0,16.221,104.3,72.491,62.491,3.368,6771.434,6774.802,112920.149,16.89,14.65,1.397,8,264,1959.8,542.997,779.473,958.823,718.698,180.162,898.859,3.409,6783.17,4.675,6787.845,113144.715,150,231.569,321.792,19.037,1.601,2.877,3.488,9139.173,350,0.788,2215.1,8.2,886,0,0,18.392,27.812,19.513,166.6,Mackay,Mackay,Pind,1957,LPOH_5_15,BareFallow,42,MW_Surf2,130_150,33,3,9,SWD_0_50_200_50_50,P2R,MW_01MayR6V1,MW_T3,2223.8,1222.823,1322.47,1502.632,23.515,4.478,8.88893977296796,0.120926641442095,15.2235294117647,0.72464,0.469389253311108,16.898,3_9
03/07/1978,1978,184,1977,01-May,3,sugar,alive,0,0,4,365,4.475,1973,3/7/1977,121,0,2,183,1978,12,2618,4441.89,3889.14,4908.93,3321.57,101.774,1726.51,,0,0,0,17.966,102.3,58.962,48.962,4.675,6783.17,6787.845,113144.715,16.11,14.09,1.401,9,297,1314.6,161.803,567.474,713.746,658.692,198.948,857.64,1.908,6835.497,3.396,6838.894,114031.849,150,220.345,301.818,4.594,0.135,1.683,1.073,9204.554,350,0.739,1920.3,7.2,768.1,0,0,17.591,27.306,20.244,300,Mackay,Mackay,Pind,1957,LPOH_5_15,BareFallow,42,MW_Surf2,130_150,33,3,9,SWD_0_50_200_50_50,P2R,MW_01MayR6V1,MW_T3,1611.6,1010.746,729.277,928.225,6.412,1.818,10.069196415321,0.118667506179749,13.6243641231593,0.678493333333333,0.46188477160816,17.265,3_9
03/07/1979,1979,184,1978,01-May,3,sugar,alive,0,0,5,365,4.478,1973,3/7/1978,121,0,2,183,1979,12,2618,5593.09,4991.53,6136.59,4201.57,129.939,2084.42,,0,0,0,16.831,129.2,65.646,55.646,3.396,6835.497,6838.894,114031.849,19.56,17.35,1.413,9,297,2906,482.407,1668.229,990.772,783.946,188.03,971.975,7.774,6820.616,2.427,6823.043,113738.002,150,265.041,337.462,18.915,0.573,5.151,3.706,9933.766,350,0.757,2019.4,7.5,807.8,0,0,18.015,26.651,18.211,509.4,Mackay,Mackay,Pind,1957,LPOH_5_15,BareFallow,42,MW_Surf2,130_150,33,3,9,SWD_0_50_200_50_50,P2R,MW_01MayR6V1,MW_T3,3203,1287.772,2150.636,2338.666,24.639,5.724,10.0902178335917,0.133685537179454,17.3947791164659,0.86626,0.490259997509819,20.844,3_9
03/07/1980,1980,185,1979,01-May,3,sugar,alive,0,0,6,366,4.518,1973,3/7/1979,121,0,2,183,1980,12,2618,5630.24,5025.71,6222.07,4276.32,132.11,2259.11,,0,0,0,18.133,121.1,128.035,118.035,2.427,6820.616,6823.043,113738.002,18.19,15.98,1.412,9,297,1248.6,171.806,404.653,812.456,827.636,171.839,999.475,1.065,6847.045,4.303,6851.348,114146.965,150,255.179,327.739,1.975,0.107,0.955,0.718,10778.69,350,0.782,2173.4,8.1,869.4,0,0,18.403,27.636,19.974,215.6,Mackay,Mackay,Pind,1957,LPOH_5_15,BareFallow,42,MW_Surf2,130_150,33,3,9,SWD_0_50_200_50_50,P2R,MW_01MayR6V1,MW_T3,1545.6,1109.456,576.459,748.298,3.037,1.062,11.9076376169943,0.132179394181946,17.6854082998661,0.880733333333333,0.517715015734054,22.591,3_9
01/05/1981,1981,121,0,01-May,3,none,out,0,0,-1,0,6,1973,0.000,121,0,2,183,-1,12,2618,0,0,0,0,0,0,,0,0,0,0,0,79.701,69.701,4.303,6847.045,6851.348,114146.965,0,0,1.422,0,0,1435.4,710.433,401.037,749.326,0,259.039,259.039,0.516,6937.048,54.201,6991.249,114653.46,0,0,128.815,19.675,3.171,1.234,3.002,10570.052,350,0.006,8.7,0,3.5,0,0,19.146,27.914,20.243,100.4,Mackay,Mackay,Pind,1957,LPOH_5_15,BareFallow,42,MW_Surf2,130_150,33,3,9,SWD_0_50_200_50_50,P2R,MW_01MayR6V1,MW_T3,1435.4,749.326,1111.47,1370.509,24.08,4.405,0,0,0,,,0,3_9
01/09/1982,1982,244,1981,01-May,4,sugar,alive,0,0,0,488,4.642,1981,1/5/1981,121,0,0,181,1982,14,2616,4884.76,4238.21,4907.65,3954.73,118.605,1868.24,,0,0,0,16.475,168.8,144.591,144.591,54.201,6937.048,6991.249,114653.46,24.8,22.43,1.435,9,297,1464.7,222.222,519.62,868.05,678.502,415.94,1094.442,12.41,6756.554,9.071,6765.626,113073.081,130,342.568,350.908,31.671,6.482,10.612,5.774,4759.646,350,0.938,3982.7,14.6,1593.1,0,0,16.85,26.342,18.91,222,Mackay,Mackay,Pind,1957,LPOH_5_15,BareFallow,42,MW_Surf2,130_150,33,3,9,SWD_0_50_200_50_50,P2R,MW_01MayR6V1,MW_T3,1761.7,1165.05,741.842,1157.782,48.765,17.094,10.1802497746878,0.108370292806745,15.8775100401606,0.912346153846154,0.346223231591976,18.682,3_9
01/09/1983,1983,244,1982,01-May,4,sugar,alive,0,0,1,365,4.467,1981,1/9/1982,121,0,0,181,1983,14,2616,5179.3,4549,5473.11,3896.53,119.577,1926.53,,0,0,0,16.917,109.2,52.009,42.009,9.071,6756.554,6765.626,113073.081,18,15.69,1.401,9,297,1433.4,327.147,455.629,905.493,713.704,208.443,922.147,3.308,6798.383,2.343,6800.726,113524.67,150,234.715,312.532,13.017,5.051,1.295,2.425,8243.605,350,0.801,2303,8.6,921.2,0,0,18.25,27.127,20.019,156,Mackay,Mackay,Pind,1957,LPOH_5_15,BareFallow,42,MW_Surf2,130_150,33,3,9,SWD_0_50_200_50_50,P2R,MW_01MayR6V1,MW_T3,1730.4,1202.493,782.776,991.219,19.363,6.346,9.94409115063456,0.12967238412097,16.0076305220884,0.79718,0.509456148946595,19.265,3_9
01/08/1984,1984,214,1983,01-May,4,sugar,alive,0,0,2,335,4.43,1981,1/9/1983,121,0,0,181,1984,14,2616,4431.95,3855.52,4824.81,3289.87,100.501,1632.57,,0,0,0,17.081,97.7,59.487,49.487,2.343,6798.383,6800.726,113524.67,15.98,13.86,1.417,9,297,689.2,67.758,61.871,603.619,621.259,167.712,788.971,0.144,6836.15,2.056,6838.206,114064.338,150,224.522,310.778,13.153,0.297,0.199,2.644,9074.34,350,0.774,2125.7,8,850.3,0,0,18.796,27.49,19.292,62,Mackay,Mackay,Pind,1957,LPOH_5_15,BareFallow,42,MW_Surf2,130_150,33,3,9,SWD_0_50_200_50_50,P2R,MW_01MayR6V1,MW_T3,986.2,900.619,129.629,297.341,13.649,0.496,11.1591027948555,0.127382375271081,13.4539491298527,0.670006666666667,0.447622059308219,16.326,3_9
01/07/1985,1985,182,1984,01-May,4,sugar,alive,0,0,3,334,4.463,1981,1/8/1984,121,0,0,181,1985,14,2616,5658.79,5000.62,6166.27,4217.52,129.938,2150.75,,0,0,0,17.459,119.2,109.088,99.088,2.056,6836.15,6838.206,114064.338,19.09,16.68,1.429,9,297,1538.4,252.734,576.262,879.167,818.178,175.98,994.159,2.358,6834.09,3.248,6837.338,114063.891,150,261.25,329.524,10.98,0.481,1.492,2.156,9477.25,350,0.781,2171.4,8.1,868.5,0,0,18.98,27.78,19.759,365,Mackay,Mackay,Pind,1957,LPOH_5_15,BareFallow,42,MW_Surf2,130_150,33,3,9,SWD_0_50_200_50_50,P2R,MW_01MayR6V1,MW_T3,1835.4,1176.167,828.996,1004.976,12.953,1.973,11.0475808282327,0.130701427035313,17.3946452476573,0.866253333333333,0.49737033492823,21.508,3_9
01/07/1986,1986,182,1985,01-May,4,sugar,alive,0,0,4,365,4.497,1981,1/7/1985,121,0,0,181,1986,14,2616,5487.07,4891.06,6073.6,4100.11,126.74,2329.88,,0,0,0,19.711,122.4,103.333,93.333,3.248,6834.09,6837.338,114063.891,18.82,16.64,1.43,9,297,1424.2,422.491,340.689,973.766,784.435,173.81,958.245,0.66,6857.695,2.585,6860.28,114438.462,150,261.465,344.131,5.214,0.236,0.69,1.349,10928.697,350,0.741,1931.4,7.2,772.6,0,0,18.337,27.134,19.595,134,Mackay,Mackay,Pind,1957,LPOH_5_15,BareFallow,42,MW_Surf2,130_150,33,3,9,SWD_0_50_200_50_50,P2R,MW_01MayR6V1,MW_T3,1721.2,1270.766,763.18,936.99,6.14,0.926,9.97351203919526,0.132262625946392,16.9665327978581,0.844933333333333,0.484730269825789,23.299,3_9
01/07/1987,1987,182,1986,01-May,4,sugar,alive,0,0,5,365,4.545,1981,1/7/1986,121,0,0,181,1987,14,2616,4892.41,4342.06,5460.46,3704.5,113.925,1999.78,,0,0,0,18.691,126.4,85.107,75.107,2.585,6857.695,6860.28,114438.462,18.08,16.06,1.438,9,297,756.7,32.259,42.824,709.934,717.32,194.023,911.342,0.098,6875.932,2.904,6878.835,114724.783,150,250.595,337.081,15.347,0.019,0.096,3.118,10703.322,350,0.754,2000.9,7.4,800.3,0,0,19.257,27.916,19.78,55,Mackay,Mackay,Pind,1957,LPOH_5_15,BareFallow,42,MW_Surf2,130_150,33,3,9,SWD_0_50_200_50_50,P2R,MW_01MayR6V1,MW_T3,1053.7,1006.934,75.083,269.106,15.462,0.115,11.3140483884743,0.125007955301083,15.2510040160643,0.7595,0.454618009138251,19.998,3_9
01/07/1988,1988,183,1987,01-May,4,sugar,alive,0,0,6,366,4.514,1981,1/7/1987,121,0,0,181,1988,14,2616,5714.88,5081.86,6281.61,4291.6,132.036,2249.74,,0,0,0,18.058,124.7,134.382,124.382,2.904,6875.932,6878.835,114724.783,19.09,16.78,1.442,9,297,1598.2,242.809,645.51,892.716,830.463,174.081,1004.544,1.694,6883.722,2.105,6885.827,114865.626,150,259.972,327.412,6.865,0.394,1.191,1.585,10205.081,350,0.805,2333.8,8.6,933.5,0,0,18.474,27.344,19.667,293.4,Mackay,Mackay,Pind,1957,LPOH_5_15,BareFallow,42,MW_Surf2,130_150,33,3,9,SWD_0_50_200_50_50,P2R,MW_01MayR6V1,MW_T3,1895.2,1189.716,888.319,1062.4,8.45,1.585,11.0981108096386,0.13143874235474,17.6755020080321,0.88024,0.507885464588494,22.497,3_9
01/05/1989,1989,121,0,01-May,4,none,out,0,0,-1,0,6,1981,0.000,121,0,0,181,-1,14,2616,0,0,0,0,0,0,,0,0,0,0,0,118.719,108.719,2.105,6883.722,6885.827,114865.626,0,0,1.446,0,0,2226.1,1037.298,877.488,1009.662,0,254.035,254.035,2.123,6992.872,36.635,7029.507,115659.019,0,0,116.764,19.675,4.951,2.412,2.54,10638.032,350,0.006,9.1,0,3.7,0,0,19.511,27.611,19.914,197,Mackay,Mackay,Pind,1957,LPOH_5_15,BareFallow,42,MW_Surf2,130_150,33,3,9,SWD_0_50_200_50_50,P2R,MW_01MayR6V1,MW_T3,2226.1,1009.662,1914.786,2168.821,27.038,7.363,0,0,0,,,0,3_9
01/09/1990,1990,244,1989,01-May,5,sugar,alive,0,0,0,488,4.637,1989,1/5/1989,121,0,0,181,1990,14,2616,4041.85,3580.2,4174.88,3188.25,96.024,1301.94,,0,0,0,13.777,124.3,175.998,175.998,36.635,6992.872,7029.507,115659.019,20.76,19.07,1.462,9,297,2012.6,569.511,861.083,909.039,540.756,446.914,987.67,15.144,6811.925,7.88,6819.805,113701.862,130,280.737,347.21,54.524,25.554,11.108,9.966,4869.023,350.657,0.849,2703.7,9.9,1081.5,0,0,17.069,26.065,18.668,130,Mackay,Mackay,Pind,1957,LPOH_5_15,BareFallow,42,MW_Surf2,130_150,33,3,9,SWD_0_50_200_50_50,P2R,MW_01MayR6V1,MW_T3,2309.6,1206.039,1430.594,1877.508,91.186,36.662,7.96193157932704,0.0972227565887392,12.8546184738956,0.738646153846154,0.342042552282029,13.019,3_9
01/09/1991,1991,244,1990,01-May,5,sugar,alive,0,0,1,365,4.48,1989,1/9/1990,121,0,0,181,1991,14,2616,4388.22,3662.47,4450.05,3310.09,98.075,1625.07,,0,0,0,17.481,107,49.334,39.334,7.88,6811.925,6819.805,113701.862,17.89,15.23,1.431,9,297,2938.6,385.641,2013.264,675.713,603.2,219.865,823.065,14.026,6837.91,1.639,6839.548,114429.67,150,244.291,290.606,11.042,4.73,5.06,2.223,6973.234,352.197,0.91,3435.6,12.7,1374.3,0,0,18.172,27.239,19.486,298.2,Mackay,Mackay,Pind,1957,LPOH_5_15,BareFallow,42,MW_Surf2,130_150,33,3,9,SWD_0_50_200_50_50,P2R,MW_01MayR6V1,MW_T3,3235.6,972.713,2398.905,2618.77,20.832,9.79,10.0826245768279,0.11915826818052,13.1291834002677,0.653833333333333,0.401467921454331,16.251,3_9
01/08/1992,1992,214,1991,01-May,5,sugar,alive,0,0,2,335,4.432,1989,1/9/1991,121,0,0,181,1992,14,2616,4699.77,4094.24,5032.27,3521.52,108.338,1909.6,,0,0,0,18.78,98.4,44.965,34.965,1.639,6837.91,6839.548,114429.67,16.55,14.33,1.439,9,297,797.1,104.14,77.862,690.785,674.317,218.01,892.327,0.536,6875.921,8.967,6884.888,114796.476,150,221.077,320.988,8.316,0.604,0.372,1.527,8353.652,353.634,0.792,2242.1,8.4,896.8,0,0,18.852,28.169,21.069,174,Mackay,Mackay,Pind,1957,LPOH_5_15,BareFallow,42,MW_Surf2,130_150,33,3,9,SWD_0_50_200_50_50,P2R,MW_01MayR6V1,MW_T3,1094.1,987.785,182.002,400.012,9.292,0.976,10.9677713267563,0.121410648786824,14.5030789825971,0.722253333333333,0.490046454402765,19.096,3_9
01/07/1993,1993,182,1992,01-May,5,sugar,alive,0,0,3,334,4.44,1989,1/8/1992,121,0,0,181,1993,14,2616,5495.65,4889.24,6020.68,4053.03,125.884,2262.56,,0,0,0,19.207,110.9,46.736,36.736,8.967,6875.921,6884.888,114796.476,18.38,16.16,1.45,9,297,1179.2,85.814,380.327,762.256,747.288,215.017,962.305,2.083,6894.741,5.356,6900.097,115075.194,150,249.84,319.759,6.217,0.804,1.208,1.391,8968.244,355.095,0.715,1793.8,6.7,717.5,0,0,19.172,28.055,20.944,185,Mackay,Mackay,Pind,1957,LPOH_5_15,BareFallow,42,MW_Surf2,130_150,33,3,9,SWD_0_50_200_50_50,P2R,MW_01MayR6V1,MW_T3,1476.2,1059.256,466.141,681.158,8.229,2.012,11.8841904128936,0.13081507422283,16.8519410977242,0.839226666666667,0.503858469420429,22.626,3_9
01/07/1994,1994,182,1993,01-May,5,sugar,alive,0,0,4,365,4.515,1989,1/7/1993,121,0,0,181,1994,14,2616,5696.89,5112.39,6299.45,4394.68,136.667,2559.16,,0,0,0,20.132,124.2,76.49,66.49,5.356,6894.741,6900.097,115075.194,18.27,16.13,1.455,8,264,1131.5,219.841,184.177,880.813,808.642,173.903,982.544,0.474,6907.24,5.786,6913.025,115203.16,150,258.177,342.774,16.23,2.091,0.471,3.179,11033.715,356.716,0.753,1996.2,7.4,798.5,0,0,18.784,27.295,19.728,141,Mackay,Mackay,Pind,1957,LPOH_5_15,BareFallow,42,MW_Surf2,130_150,33,3,9,SWD_0_50_200_50_50,P2R,MW_01MayR6V1,MW_T3,1395.5,1144.813,404.018,577.921,18.792,2.562,11.9379322212449,0.139095043071862,19.1410364145658,0.911113333333333,0.529353892871944,25.592,3_9
01/07/1995,1995,182,1994,01-May,5,sugar,alive,0,0,5,365,4.511,1989,1/7/1994,121,0,0,181,1995,14,2616,5548.46,4910.79,6110.33,4240.54,130.896,2381.23,,0,0,0,19.476,117.1,69.428,59.428,5.786,6907.24,6913.025,115203.16,17.7,15.37,1.462,9,297,981.1,89.606,171.388,787.747,806.6,183.577,990.177,0.481,6935.478,4.359,6939.837,115785.898,150,247.354,321.617,3.202,0.55,0.534,0.879,10190.405,358.365,0.769,2094.9,7.8,838,0,0,18.418,27.531,20.482,112.5,Mackay,Mackay,Pind,1957,LPOH_5_15,BareFallow,42,MW_Surf2,130_150,33,3,9,SWD_0_50_200_50_50,P2R,MW_01MayR6V1,MW_T3,1278.1,1084.747,260.994,444.571,4.286,1.084,12.0669612361223,0.13219454703553,17.5228915662651,0.87264,0.529184892906523,23.812,3_9
01/07/1996,1996,183,1995,01-May,5,sugar,alive,0,0,6,366,4.51,1989,1/7/1995,121,0,0,181,1996,14,2616,5678.05,5061.06,6276.17,4325.2,134.278,2537.49,,0,0,0,20.344,124.4,78.357,68.357,4.359,6935.478,6939.837,115785.898,18.68,16.42,1.468,9,297,1242.4,191.784,287.542,907.387,849.572,193.835,1043.407,0.78,6935.321,6.003,6941.324,115691.991,150,257.349,342.748,16.445,1.429,2.674,3.155,10831.198,360.044,0.754,2004.7,7.4,801.9,0,0,18.645,27.703,20.275,106,Mackay,Mackay,Pind,1957,LPOH_5_15,BareFallow,42,MW_Surf2,130_150,33,3,9,SWD_0_50_200_50_50,P2R,MW_01MayR6V1,MW_T3,1539.4,1204.387,479.326,673.161,20.548,4.103,11.1490741763237,0.128691871915753,17.9756358768407,0.895186666666667,0.521773933452238,25.375,3_9
01/05/1997,1997,121,0,01-May,5,none,out,0,0,-1,0,6,1989,0.000,121,0,0,181,-1,14,2616,0,0,0,0,0,0,,0,0,0,0,0,77.025,67.025,6.003,6935.321,6941.324,115691.991,0,0,1.47,0,0,1340.2,604.221,370.87,772.712,0,303.147,303.147,0.743,7015.284,71.164,7086.448,116008.775,0,0,142.051,16.433,3.941,1.702,2.05,10763.434,361.464,0.005,7.7,0,3.1,0,0,18.425,28.03,21.421,203,Mackay,Mackay,Pind,1957,LPOH_5_15,BareFallow,42,MW_Surf2,130_150,33,3,9,SWD_0_50_200_50_50,P2R,MW_01MayR6V1,MW_T3,1340.2,772.712,975.091,1278.238,22.076,5.643,0,0,0,,,0,3_9
05/09/1998,1998,248,1997,01-May,6,sugar,alive,0,0,0,492,4.688,1997,1/5/1997,121,0,4,181,1998,10,2616,6690.88,6002.45,6897.59,5292.85,162.615,2644.44,,0,0,0,17.102,190.3,138.987,138.987,71.164,7015.284,7086.448,116008.775,27.88,25.35,1.479,9,297,1674.8,89.393,473.693,1195.79,907.041,450.288,1357.328,8.481,6812.781,12.884,6825.666,114308.443,130,384.336,382.836,39.689,1.999,7.911,7.538,5603.138,363.799,0.875,2969.7,10.9,1187.9,0,0,17.38,26.704,18.684,157,Mackay,Mackay,Pind,1957,LPOH_5_15,BareFallow,42,MW_Surf2,130_150,33,3,9,SWD_0_50_200_50_50,P2R,MW_01MayR6V1,MW_T3,1971.8,1492.79,563.086,1013.374,49.599,9.91,10.8933607540243,0.1198052349911,21.7690763052209,1.25088461538462,0.423106344448607,26.444,3_9
05/09/1999,1999,248,1998,01-May,6,sugar,alive,0,0,1,365,4.51,1997,5/9/1998,121,0,4,185,1999,10,2620,4244.84,3845.19,4741.26,3233.73,100.56,1971.06,,0,0,0,21.209,76,172.372,162.372,12.884,6812.781,6825.666,114308.443,11.99,10.52,1.439,4,132,2082.6,928.398,646.413,1068.82,580.276,146.539,726.816,0.835,6896.629,2.302,6898.932,115024.137,150,167.142,265.489,40.127,15.364,0.788,7.503,9655.866,365.57,0.717,1802.5,7.1,721,0,0,18.69,27.074,18.297,166,Mackay,Mackay,Pind,1957,LPOH_5_15,BareFallow,42,MW_Surf2,130_150,33,3,9,SWD_0_50_200_50_50,P2R,MW_01MayR6V1,MW_T3,2214.6,1200.82,1574.811,1721.35,56.279,16.152,8.37427757698906,0.138356888125743,17.2783505154639,0.6704,0.601644110995441,19.711,3_9
05/08/2000,2000,218,1999,01-May,6,sugar,alive,0,0,2,335,4.431,1997,5/9/1999,121,0,4,185,2000,10,2620,5474.02,4864.75,5962.84,4117.37,127.151,2177.92,,0,0,0,18.168,94.6,77.345,67.345,2.302,6896.629,6898.932,115024.137,16.27,14.04,1.465,9,297,2196.6,630.264,975.259,981.468,718.998,160.456,879.454,3.055,6900.374,2.988,6903.362,115242.542,150,229.645,290.578,10.941,1.769,3.028,1.953,8330.645,367.219,0.817,2426.7,9,970.7,0,0,18.422,26.974,18.535,187,Mackay,Mackay,Pind,1957,LPOH_5_15,BareFallow,42,MW_Surf2,130_150,33,3,9,SWD_0_50_200_50_50,P2R,MW_01MayR6V1,MW_T3,2493.6,1278.468,1605.523,1765.979,15.738,4.797,9.9455754856594,0.144579477721404,17.0215528781794,0.847673333333333,0.553685035598424,21.779,3_9
05/07/2001,2001,186,2000,01-May,6,sugar,alive,0,0,3,334,4.449,1997,5/8/2000,121,0,4,185,2001,10,2620,5112.27,4564.43,5708.95,3776.42,117.127,2207.08,,0,0,0,20.278,105.9,67.968,57.968,2.988,6900.374,6903.362,115242.542,17.03,15.02,1.465,5,165,1655.7,412.822,490.07,1003.593,715.624,170.701,886.325,0.592,6935.046,2.136,6937.182,115799.706,150,241.333,321.517,3.248,0.132,0.842,0.802,9899.246,368.893,0.701,1723.3,6.4,689.3,0,0,18.583,27.74,19.663,235,Mackay,Mackay,Pind,1957,LPOH_5_15,BareFallow,42,MW_Surf2,130_150,33,3,9,SWD_0_50_200_50_50,P2R,MW_01MayR6V1,MW_T3,1820.7,1168.593,902.892,1073.593,4.222,0.974,10.0229078900866,0.132149042394156,19.0450406504065,0.780846666666667,0.485333543278375,22.071,3_9
05/07/2002,2002,186,2001,01-May,6,sugar,alive,0,0,4,365,4.531,1997,5/7/2001,121,0,4,185,2002,10,2620,5171.01,4557.24,5690.59,3950.22,121.042,2125.97,,0,0,0,18.704,126.7,89.451,79.451,2.136,6935.046,6937.182,115799.706,18.67,16.42,1.473,9,297,985,23.954,205.335,776.366,826.995,212.475,1039.47,0.576,6950.77,3.945,6954.715,116430.315,150,261.707,337.385,3.379,0.008,0.34,0.934,10168.103,370.747,0.797,2279.7,8.4,911.9,0,0,18.126,28.642,20.847,143,Mackay,Mackay,Pind,1957,LPOH_5_15,BareFallow,42,MW_Surf2,130_150,33,3,9,SWD_0_50_200_50_50,P2R,MW_01MayR6V1,MW_T3,1282,1073.366,229.289,441.764,3.727,0.348,11.2768617601079,0.116445881074009,16.2037483266399,0.806946666666667,0.462509600431016,21.26,3_9
05/07/2003,2003,186,2002,01-May,6,sugar,alive,0,0,5,365,4.482,1997,5/7/2002,121,0,4,185,2003,10,2620,3666.05,3200.69,4156.88,2753.8,83.539,1100.65,,0,0,0,13.306,101.2,84.694,74.694,3.945,6950.77,6954.715,116430.315,15.31,13.61,1.475,9,297,955.6,118.721,297.271,612.505,551.399,233.005,784.405,1.066,7011.645,3.423,7015.068,116939.619,150,207.631,289.811,6.685,0.052,0.93,1.636,9530.005,372.632,0.736,1900.1,7.1,760.1,0,0,17.847,27.889,20.503,113,Mackay,Mackay,Pind,1957,LPOH_5_15,BareFallow,42,MW_Surf2,130_150,33,3,9,SWD_0_50_200_50_50,P2R,MW_01MayR6V1,MW_T3,1252.6,909.505,415.992,648.997,7.667,0.982,9.18510618413313,0.106499831082158,11.1832663989291,0.556926666666667,0.402343580679186,11.007,3_9
05/07/2004,2004,187,2003,01-May,6,sugar,alive,0,0,6,366,4.539,1997,5/7/2003,121,0,4,185,2004,10,2620,5250.69,4444.83,5504.7,4020.35,120.729,2067.76,,0,0,0,18.167,148.4,118.898,108.898,3.423,7011.645,7015.068,116939.619,22.65,19.7,1.49,9,297,788.6,6.899,85.145,702.168,824.084,215.468,1039.552,0.582,6968.966,1.854,6970.82,116629.808,150,304.798,346.263,8.707,0.004,0.297,1.872,9316.488,374.547,0.848,2687.3,9.9,1074.9,0,0,18.386,28.411,20.212,59,Mackay,Mackay,Pind,1957,LPOH_5_15,BareFallow,42,MW_Surf2,130_150,33,3,9,SWD_0_50_200_50_50,P2R,MW_01MayR6V1,MW_T3,1085.6,999.168,92.044,307.512,9.008,0.301,12.0829530169101,0.116135604568122,16.1618473895582,0.80486,0.396095118734375,20.678,3_9
01/05/2005,2005,121,0,01-May,6,none,out,0,0,-1,0,6,1997,0.000,121,0,4,185,-1,10,2620,0,0,0,0,0,0,,0,0,0,0,0,54.903,44.903,1.854,6968.966,6970.82,116629.808,0,0,1.479,0,0,1167.6,424.623,399.988,621.025,0,254.487,254.487,0.369,7063.896,73.578,7137.475,116723.012,0,0,141.787,16.177,1.156,0.736,2.71,10146.731,376.143,0.007,10.7,0.1,4.3,0,0,18.5,28.856,21.399,202,Mackay,Mackay,Pind,1957,LPOH_5_15,BareFallow,42,MW_Surf2,130_150,33,3,9,SWD_0_50_200_50_50,P2R,MW_01MayR6V1,MW_T3,1167.6,621.025,824.611,1079.098,18.069,1.892,0,0,0,,,0,3_9
01/09/2006,2006,244,2005,01-May,7,sugar,alive,0,0,0,488,4.699,2005,1/5/2005,121,0,0,181,2006,14,2616,5892.93,5330.36,6142.13,4615.97,142.624,2189.79,,0,0,0,15.985,177.2,143.405,143.405,73.578,7063.896,7137.475,116723.012,26.44,24.38,1.493,9,297,1348.9,89.007,316.93,1006.501,830.252,481.747,1311.999,8.781,6829.975,35.028,6865.003,114385.208,130,360.726,403.563,67.291,2.837,8.732,12.568,5690.213,378.777,0.789,2225.4,8.2,890.2,0,0,17.553,27.198,18.595,83,Mackay,Mackay,Pind,1957,LPOH_5_15,BareFallow,42,MW_Surf2,130_150,33,3,9,SWD_0_50_200_50_50,P2R,MW_01MayR6V1,MW_T3,1645.9,1303.501,405.937,887.684,78.86,11.569,10.9416103248099,0.108707399929421,19.0929049531459,1.09710769230769,0.395380427249491,21.898,3_9
01/09/2007,2007,244,2006,01-May,7,sugar,alive,0,0,1,365,4.48,2005,1/9/2006,121,0,0,181,2007,14,2616,5594.08,5047.37,6078.67,4349.12,135.01,2449.65,,0,0,0,19.417,103.1,53.37,43.37,35.028,6829.975,6865.003,114385.208,16.02,14.02,1.449,9,297,2037.3,517.054,787.417,1035.619,812.246,194.674,1006.92,2.73,6895.288,3.128,6898.417,115283.724,150,219.917,301.797,21.724,21.548,1.756,4.37,9129.478,380.787,0.82,2451.7,9.1,980.7,0,0,17.71,27.027,19.487,257,Mackay,Mackay,Pind,1957,LPOH_5_15,BareFallow,42,MW_Surf2,130_150,33,3,9,SWD_0_50_200_50_50,P2R,MW_01MayR6V1,MW_T3,2334.3,1332.619,1304.471,1499.145,45.028,23.304,10.1311777784948,0.13408215151154,18.0736278447122,0.900066666666667,0.613913430976232,24.497,3_9
01/08/2008,2008,214,2007,01-May,7,sugar,alive,0,0,2,335,4.44,2005,1/9/2007,121,0,0,181,2008,14,2616,4434.7,3951.19,4968.3,3332.02,102.84,1873.44,,0,0,0,19.507,88.4,58.278,48.278,3.128,6895.288,6898.417,115283.724,14.1,12.32,1.469,9,297,2385,472.859,1310.994,819.791,658.119,163.392,821.51,3.167,6941.807,2.013,6943.82,115879.485,150,206.846,285.494,9.627,1.002,2.953,1.882,9217.304,382.657,0.758,2026.2,7.6,810.5,0,0,18.259,27.634,19.139,532,Mackay,Mackay,Pind,1957,LPOH_5_15,BareFallow,42,MW_Surf2,130_150,33,3,9,SWD_0_50_200_50_50,P2R,MW_01MayR6V1,MW_T3,2682,1116.791,1783.853,1947.245,13.582,3.955,9.2085269311805,0.125184112183662,13.7670682730924,0.6856,0.497181478007793,18.734,3_9
01/07/2009,2009,182,2008,01-May,7,sugar,alive,0,0,3,334,4.46,2005,1/8/2008,121,0,0,181,2009,14,2616,5007.64,4329.25,5433.52,3715.89,113.085,1734.85,,0,0,0,15.97,113.1,116.915,106.915,2.013,6941.807,6943.82,115879.485,18.02,15.53,1.48,9,297,1755.5,357.068,785.401,783.836,770.805,175.72,946.525,3.73,6942.077,4.186,6946.263,115981.724,150,249.919,315.822,8.579,0.108,2.798,1.859,9212.539,384.553,0.784,2190.2,8.1,876.1,0,0,18.551,28.173,19.266,145,Mackay,Mackay,Pind,1957,LPOH_5_15,BareFallow,42,MW_Surf2,130_150,33,3,9,SWD_0_50_200_50_50,P2R,MW_01MayR6V1,MW_T3,2052.5,1080.836,1142.469,1318.189,11.485,2.906,10.4627344018889,0.11947386492697,15.1385542168675,0.7539,0.452486605660234,17.348,3_9
01/07/2010,2010,182,2009,01-May,7,sugar,alive,0,0,4,365,4.499,2005,1/7/2009,121,0,0,181,2010,14,2616,4823.6,4222.29,5294.09,3645.54,112.245,1831.05,,0,0,0,17.165,113.1,62.422,52.422,4.186,6942.077,6946.263,115981.724,17.39,15.18,1.479,9,297,1857.2,427.924,807.334,813.567,706.212,198.954,905.166,5.137,6979.106,3.731,6982.836,116441.635,150,234.936,324.386,6.539,0.099,2.958,1.333,9744.633,386.651,0.723,1834.8,6.8,733.9,0,0,18.212,28.153,19.689,185,Mackay,Mackay,Pind,1957,LPOH_5_15,BareFallow,42,MW_Surf2,130_150,33,3,9,SWD_0_50_200_50_50,P2R,MW_01MayR6V1,MW_T3,2154.2,1110.567,1235.258,1434.212,9.596,3.057,10.106999397605,0.12400487866314,15.0261044176707,0.7483,0.477768413525386,18.311,3_9
01/07/2011,2011,182,2010,01-May,7,sugar,alive,0,0,5,365,4.475,2005,1/7/2010,121,0,0,181,2011,14,2616,4567.56,4123.82,5153.54,3408.36,106.428,1949.27,,0,0,0,19.628,106,58.198,48.198,3.731,6979.106,6982.836,116441.635,16.37,14.74,1.487,3,99,3875.8,1156.125,2006.257,1137.326,576.423,209.297,785.72,7.97,6982.405,3.233,6985.639,116242.204,150,216.574,323.504,30.275,13.067,7.28,5.504,9496.477,388.78,0.647,1488.5,5.5,595.4,0,0,18.918,26.832,17.085,220,Mackay,Mackay,Pind,1957,LPOH_5_15,BareFallow,42,MW_Surf2,130_150,33,3,9,SWD_0_50_200_50_50,P2R,MW_01MayR6V1,MW_T3,3974.8,1236.326,3162.382,3371.679,50.622,20.347,8.60840910892435,0.135452833070305,19.3857923497268,0.70952,0.491416328829869,19.493,3_9
01/07/2012,2012,183,2011,01-May,7,sugar,alive,0,0,6,366,4.494,2005,1/7/2011,121,0,0,181,2012,14,2616,5886.48,5237.21,6414.46,4497.18,139.089,2454.9,,0,0,0,18.809,125.6,78.895,68.895,3.233,6982.405,6985.639,116242.204,19.29,16.91,1.489,9,297,2316.5,431.972,1108.506,1017.11,846.773,189.184,1035.957,3.926,6976.637,1.824,6978.461,116444.122,150,263.824,326.383,12.599,0.185,3.099,2.617,9563.324,390.94,0.784,2186.9,8.1,874.8,0,0,17.909,27.267,19.132,239,Mackay,Mackay,Pind,1957,LPOH_5_15,BareFallow,42,MW_Surf2,130_150,33,3,9,SWD_0_50_200_50_50,P2R,MW_01MayR6V1,MW_T3,2613.5,1314.11,1540.478,1729.662,15.883,3.284,10.5842737670362,0.134261364129978,18.6196787148594,0.92726,0.527203741888532,24.549,3_9
01/05/2013,2013,121,0,01-May,7,none,out,0,0,-1,0,6,2005,0.000,121,0,0,181,-1,14,2616,0,0,0,0,0,0,,0,0,0,0,0,97.961,87.961,1.824,6976.637,6978.461,116444.122,0,0,1.49,0,0,1972,731.284,951.852,740.311,0,243.077,243.077,1.319,7063.002,52.381,7115.383,116827.04,0,0,137.429,21.305,5.848,1.783,3.117,10763.227,392.765,0.007,10.6,0,4.2,0,0,18.641,27.962,20.52,189,Mackay,Mackay,Pind,1957,LPOH_5_15,BareFallow,42,MW_Surf2,130_150,33,3,9,SWD_0_50_200_50_50,P2R,MW_01MayR6V1,MW_T3,1972,740.311,1683.136,1926.213,28.936,7.631,0,0,0,,,0,3_9
01/09/2014,2014,244,2013,01-May,8,sugar,alive,0,0,0,488,4.69,2013,1/5/2013,121,0,0,181,2014,14,2616,6020.47,5433.27,6249.98,4721.84,145.741,2341.36,,0,0,0,16.86,161.1,143.748,143.748,52.381,7063.002,7115.383,116827.04,23.71,21.56,1.502,9,297,1543.5,225.112,379.054,1072.143,830.83,461.5,1292.33,3.177,6854.007,20.007,6874.014,114879.702,130,325.963,378.192,66.493,12.294,3.398,12.181,5255.101,395.729,0.835,2572,9.4,1028.8,0,0,17.416,26.98,18.822,162,Mackay,Mackay,Pind,1957,LPOH_5_15,BareFallow,42,MW_Surf2,130_150,33,3,9,SWD_0_50_200_50_50,P2R,MW_01MayR6V1,MW_T3,1840.5,1369.143,604.166,1065.666,82.185,15.692,10.6446879544357,0.11277382711846,19.5101740294511,1.12108461538462,0.447109027711734,23.414,3_9
01/09/2015,2015,244,2014,01-May,8,sugar,alive,0,0,1,365,4.511,2013,1/9/2014,121,0,0,181,2015,14,2616,4378.11,3802.35,4676.4,3344.82,101.693,1858.02,,0,0,0,19.573,92.4,69.753,59.753,20.007,6854.007,6874.014,114879.702,14.61,12.5,1.462,9,297,857.5,159.185,117.421,668.062,674.033,209.738,883.771,0.331,6925.03,8.192,6933.222,115882.418,150,205.821,297.174,9.209,8.442,0.299,2.024,8905.042,397.99,0.8,2300.2,8.6,920.1,0,0,18.423,28.321,20.167,127,Mackay,Mackay,Pind,1957,LPOH_5_15,BareFallow,42,MW_Surf2,130_150,33,3,9,SWD_0_50_200_50_50,P2R,MW_01MayR6V1,MW_T3,1154.5,965.062,276.606,486.344,17.95,8.741,10.5374576970184,0.11506713843292,13.6135207496653,0.677953333333333,0.494084665801838,18.58,3_9
01/08/2016,2016,214,2015,01-May,8,sugar,alive,0,0,2,335,4.477,2013,1/9/2015,121,0,0,181,2016,14,2616,5327.71,4784.19,5855.57,3992.3,124.29,2206.81,,0,0,0,18.939,118.1,45.876,35.876,8.192,6925.03,6933.222,115882.418,18.3,16.31,1.481,9,297,1775.7,351.251,629.67,1032.614,782.333,200.001,982.334,3.853,6909.668,3.338,6913.005,115447.979,150,249.547,334.829,22.881,5.584,1.932,4.395,9120.957,400.09,0.697,1704.5,6.3,681.8,0,0,19.806,28.733,19.27,143,Mackay,Mackay,Pind,1957,LPOH_5_15,BareFallow,42,MW_Surf2,130_150,33,3,9,SWD_0_50_200_50_50,P2R,MW_01MayR6V1,MW_T3,2072.7,1329.614,980.921,1180.922,30.397,7.516,9.3478257599574,0.126525194078592,16.6385542168675,0.8286,0.498062489230486,22.068,3_9
01/07/2017,2017,182,2016,01-May,8,sugar,alive,0,0,3,334,4.478,2013,1/8/2016,121,0,0,181,2017,14,2616,5100.11,4557.85,5684.91,3805.51,118.369,2089.46,,0,0,0,18.812,110.1,137.322,127.322,3.338,6909.668,6913.005,115447.979,17.26,15.28,1.478,8,264,2297.6,496.07,1165.776,987.029,772.056,178.873,950.928,5.581,6922.442,5.302,6927.744,115627.171,150,237.285,325.128,14.297,2.213,4.536,2.783,9732.924,402.218,0.713,1781.7,6.6,712.7,0,0,19.165,28.276,17.815,276,Mackay,Mackay,Pind,1957,LPOH_5_15,BareFallow,42,MW_Surf2,130_150,33,3,9,SWD_0_50_200_50_50,P2R,MW_01MayR6V1,MW_T3,2561.6,1251.029,1661.846,1840.719,21.046,6.749,9.46173110295605,0.124477352649202,16.5782913165266,0.789126666666667,0.498847377626062,20.895,3_9
01/07/2018,2018,182,2017,01-May,8,sugar,alive,0,0,4,365,4.503,2013,1/7/2017,121,0,0,181,2018,14,2616,4689.8,4069.5,5126.54,3528.07,107.802,1874.36,,0,0,0,18.486,109.8,70.148,60.148,5.302,6922.442,6927.744,115627.171,17.1,14.83,1.483,9,297,1178,307.262,252.552,811.229,711.982,187.342,899.324,0.945,6957.766,3.202,6960.968,116245.19,150,234.243,318.429,7.781,0.528,0.621,1.444,9571.899,404.569,0.76,2036,7.5,814.4,0,0,18.232,28.297,18.11,103,Mackay,Mackay,Pind,1957,LPOH_5_15,BareFallow,42,MW_Surf2,130_150,33,3,9,SWD_0_50_200_50_50,P2R,MW_01MayR6V1,MW_T3,1475,1108.229,559.814,747.156,8.93,1.149,9.72741193381512,0.119870035715715,14.4313253012048,0.71868,0.460214392745995,18.744,3_9
01/07/2019,2019,182,2018,01-May,8,sugar,alive,0,0,5,365,4.517,2013,1/7/2018,121,0,0,181,2019,14,2616,5465.91,4831.1,5971.83,4070.61,125.176,2096.21,,0,0,0,17.698,122.3,68.01,58.01,3.202,6957.766,6960.968,116245.19,18.96,16.64,1.49,9,297,1616.7,379.488,547.172,938.6,779.15,183.69,962.84,2.946,6969.175,2.89,6972.065,116410.825,150,257.245,330.278,7.919,0.212,1.702,1.666,9801.597,406.953,0.743,1938.7,7.2,775.5,0,0,18.518,27.946,17.42,123,Mackay,Mackay,Pind,1957,LPOH_5_15,BareFallow,42,MW_Surf2,130_150,33,3,9,SWD_0_50_200_50_50,P2R,MW_01MayR6V1,MW_T3,1913.7,1235.6,926.66,1110.35,9.833,1.914,10.1307866623503,0.130007062440281,16.7571619812584,0.834506666666667,0.486602266321989,20.962,3_9
01/07/2020,2020,183,2019,01-May,8,sugar,alive,0,0,6,366,4.518,2013,1/7/2019,121,0,0,181,2020,14,2616,5676.23,5021.18,6218.01,4331.7,133.521,2270.11,,0,0,0,18.012,129.8,74.21,64.21,2.89,6969.175,6972.065,116410.825,19.41,17.01,1.49,9,297,1586,287.344,524.018,937.302,879.836,172.71,1052.546,1.746,6982.673,2.808,6985.481,116713.058,150,268.819,344.709,3.968,0.118,1.455,1.038,10907.442,409.37,0.752,1993.3,7.4,797.3,0,0,18.059,28.115,18.63,167,Mackay,Mackay,Pind,1957,LPOH_5_15,BareFallow,42,MW_Surf2,130_150,33,3,9,SWD_0_50_200_50_50,P2R,MW_01MayR6V1,MW_T3,1883,1234.302,811.362,984.072,5.541,1.573,10.8175308798009,0.126855263332909,17.874297188755,0.89014,0.496694802078722,22.701,3_9
03/05/2021,2021,123,0,01-May,8,none,out,0,0,-1,0,6,2013,0.000,123,2,0,183,-1,12,2616,0,0,0,0,0,0,,0,0,0,0,0,75.303,65.303,2.808,6982.673,6985.481,116713.058,0,0,1.494,0,0,1193.6,471.631,344.602,652.776,0,286.993,286.993,0.193,7052.34,76.619,7128.958,116643.828,0,0,153.499,23.563,1.525,0.496,3.74,11038.899,411.423,0.005,6.9,0,2.8,0,0,19.228,28.368,17.794,146,Mackay,Mackay,Pind,1957,LPOH_5_15,BareFallow,42,MW_Surf2,130_150,33,3,9,SWD_0_50_200_50_50,P2R,MW_01MayR6V1,MW_T3,1193.6,652.776,816.233,1103.226,25.584,2.021,0,0,0,,,0,3_9
03/09/2022,2022,246,2021,01-May,9,sugar,alive,0,0,0,488,4.693,2021,3/5/2021,123,2,0,183,2022,12,2616,6824.89,6131.29,7045.11,5417.75,166.42,2996.7,,0,0,0,19.248,197.4,165.678,165.678,76.619,7052.34,7128.958,116643.828,29.15,26.61,1.502,9,297,1500.4,177.763,377.503,1095.822,935.844,388.33,1324.173,11.088,6837.553,13.338,6850.89,114760.406,130,401.827,394.175,35.915,6.201,7.192,6.646,5781.179,414.733,0.897,3251.7,11.9,1300.7,0,0,17.444,27.074,16.583,124,Mackay,Mackay,Pind,1957,LPOH_5_15,BareFallow,42,MW_Surf2,130_150,33,3,9,SWD_0_50_200_50_50,P2R,MW_01MayR6V1,MW_T3,1797.4,1392.822,555.266,943.596,49.308,13.393,11.9484040315274,0.125678442318338,22.2784471218206,1.28015384615385,0.414158331819415,29.967,3_9
01/05/1958,1958,121,0,01-May,0,none,out,0,0,-1,0,6,-1,0.000,121,0,0,181,-1,14,2616,0,0,0,0,0,0,,0,0,0,0,0,0,0,0,0,0,0,0,0,1.327,0,0,2622.1,23.348,2213.357,401.668,0,279.629,279.629,102.674,6523.281,93.727,6617.008,109056.221,0,0,117.992,19.501,2.402,28.784,3.803,1243.096,350,0,0.1,0,0,0,0,21.918,29.406,18.026,376.2,Mackay,Mackay,Pind,1958,LPOH_5_15,BareFallow,42,MW_Surf2,130_150,33,3,9,SWD_0_50_200_50_50,P2R,MW_01MayR6V1,MW_T3,2622.1,401.668,2236.705,2516.334,50.687,31.186,0,0,0,,,0,3_9
01/09/1959,1959,244,1958,01-May,1,sugar,alive,0,0,0,488,4.621,1958,1/5/1958,121,0,0,181,1959,14,2616,6115.32,5467.71,6272.18,4872.05,150.254,2264.38,,0,0,0,15.636,130.5,135.565,135.565,93.727,6523.281,6617.008,109056.221,19.96,17.59,1.304,9,297,1856.8,292.541,607.042,1149.376,893.799,426.489,1320.288,9.934,6453.218,5.48,6458.698,109083.897,130,272.476,239.334,26.667,19.951,5.309,5.284,3163.135,350,0.882,3051,11.2,1220.4,0,0,16.018,26.549,18.699,175.5,Mackay,Mackay,Pind,1958,LPOH_5_15,BareFallow,42,MW_Surf2,130_150,33,3,9,SWD_0_50_200_50_50,P2R,MW_01MayR6V1,MW_T3,2153.8,1446.376,899.583,1326.072,51.927,25.26,10.3883084343214,0.113803957924332,20.1143239625167,1.1558,0.551439392827258,22.644,3_9
01/09/1960,1960,245,1959,01-May,1,sugar,alive,0,0,1,366,4.414,1958,1/9/1959,121,0,0,181,1960,14,2616,2879.17,2570.56,3267.43,2131.35,65.272,1244.37,,0,0,0,20.549,46.6,51.495,41.495,5.48,6453.218,6458.698,109083.897,7.89,6.76,1.284,3,99,2223,666.273,1051.094,831.559,420.45,175.907,596.356,0.3,6584.982,1.967,6586.949,110174.452,150,128.127,212.949,4.502,4.3,0.645,1.101,7978.995,350,0.736,1904.5,7.6,761.8,0,0,16.87,26.823,19.606,235.7,Mackay,Mackay,Pind,1958,LPOH_5_15,BareFallow,42,MW_Surf2,130_150,33,3,9,SWD_0_50_200_50_50,P2R,MW_01MayR6V1,MW_T3,2322,930.559,1717.367,1893.274,9.447,4.945,7.01427851431237,0.109451401511849,11.8892531876138,0.435146666666667,0.509432047889984,12.444,3_9
01/08/1961,1961,213,1960,01-May,1,sugar,alive,0,0,2,334,4.362,1958,1/9/1960,121,0,0,181,1961,14,2616,4402.14,3725.82,4607.04,3251.6,98.105,1619.93,,0,0,0,17.41,79,53.772,43.772,1.967,6584.982,6586.949,110174.452,14.96,12.48,1.317,9,297,993.3,189.585,247.111,675.752,646.884,187.858,834.741,0.753,6597.053,0.781,6597.835,110556.931,150,205.252,256.912,11.234,0.155,0.72,2.31,6269.442,350,0.85,2710.4,10,1084.2,0,0,17.077,27.28,20.06,136.7,Mackay,Mackay,Pind,1958,LPOH_5_15,BareFallow,42,MW_Surf2,130_150,33,3,9,SWD_0_50_200_50_50,P2R,MW_01MayR6V1,MW_T3,1290.3,972.752,436.696,624.554,12.109,0.875,10.0853043735711,0.117527472593295,13.1331994645248,0.654033333333333,0.477973418042212,16.199,3_9
01/07/1962,1962,182,1961,01-May,1,sugar,alive,0,0,3,334,4.433,1958,1/8/1961,121,0,0,181,1962,14,2616,4642.18,4080.74,5071.64,3418.01,105.183,1786.66,,0,0,0,17.993,97.8,54.634,44.634,0.781,6597.053,6597.835,110556.931,16.11,14.05,1.318,9,297,1302.8,291.492,394.777,801.322,689.928,196.486,886.414,2.33,6637.399,4.649,6642.048,111060.847,150,225.714,305.915,3.75,0.251,1.131,0.903,8654.296,350,0.694,1691.2,6.3,676.5,0,0,17.961,27.642,19.985,153.2,Mackay,Mackay,Pind,1958,LPOH_5_15,BareFallow,42,MW_Surf2,130_150,33,3,9,SWD_0_50_200_50_50,P2R,MW_01MayR6V1,MW_T3,1599.8,1098.322,686.269,882.755,5.132,1.382,9.57669972922331,0.118661257606491,14.0807228915663,0.70122,0.466001222786358,17.867,3_9
01/07/1963,1963,182,1962,01-May,1,sugar,alive,0,0,4,365,4.486,1958,1/7/1962,121,0,0,181,1963,14,2616,4780.01,4155.19,5181.24,3575.21,108.99,1702.17,,0,0,0,16.31,109.5,63.752,53.752,4.649,6637.399,6642.048,111060.847,17.17,14.88,1.329,9,297,2702.1,507.092,1520.361,909.521,748.701,200.452,949.153,7.673,6665.574,2.587,6668.161,111575.349,150,238.728,311.27,3.754,0.253,4.423,0.892,9172.839,350,0.776,2138.9,7.9,855.6,0,0,17.871,27.641,18.893,406.4,Mackay,Mackay,Pind,1958,LPOH_5_15,BareFallow,42,MW_Surf2,130_150,33,3,9,SWD_0_50_200_50_50,P2R,MW_01MayR6V1,MW_T3,2999.1,1206.521,2027.453,2227.905,8.43,4.676,9.03341093938688,0.114828694636165,14.5903614457831,0.7266,0.456544686840253,17.022,3_9
01/07/1964,1964,183,1963,01-May,1,sugar,alive,0,0,5,366,4.466,1958,1/7/1963,121,0,0,181,1964,14,2616,5352.36,4763.12,5878.87,4037.4,125.007,2119.2,,0,0,0,17.952,118.4,68.246,58.246,2.587,6665.574,6668.161,111575.349,18.17,16.01,1.337,9,297,1026,159.48,137.177,841.413,797.794,192.599,990.393,0.459,6676.093,4.242,6680.334,111435.355,150,246.979,326.449,15.849,0.441,0.688,3.172,10068.613,350,0.726,1849.9,6.9,740,0,0,17.496,27.22,19.699,68.1,Mackay,Mackay,Pind,1958,LPOH_5_15,BareFallow,42,MW_Surf2,130_150,33,3,9,SWD_0_50_200_50_50,P2R,MW_01MayR6V1,MW_T3,1323,1138.413,296.657,489.256,16.978,1.129,10.9808127630306,0.126219591616661,16.7345381526104,0.83338,0.506144247081736,21.192,3_9
01/07/1965,1965,182,1964,01-May,1,sugar,alive,0,0,6,365,4.49,1958,1/7/1964,121,0,0,181,1965,14,2616,5775.95,5119.46,6312.6,4350.24,134.208,2472.75,,0,0,0,19.762,119.1,86.196,76.196,4.242,6676.093,6680.334,111435.355,18.56,16.15,1.34,9,297,1096,192.832,131.773,908.101,897.963,171.954,1069.917,0.336,6687.177,3.582,6690.759,111655.459,150,258.278,340.917,11.653,0.668,0.277,2.565,10490.756,350,0.772,2112.9,7.8,845.2,0,0,17.766,27.399,19.433,77.2,Mackay,Mackay,Pind,1958,LPOH_5_15,BareFallow,42,MW_Surf2,130_150,33,3,9,SWD_0_50_200_50_50,P2R,MW_01MayR6V1,MW_T3,1393,1205.101,324.605,496.559,12.598,0.945,11.1366599148121,0.125437767602534,17.966265060241,0.89472,0.519626139276284,24.727,3_9
01/05/1966,1966,121,0,01-May,1,none,out,0,0,-1,0,6,1958,0.000,121,0,0,181,-1,14,2616,0,0,0,0,0,0,,0,0,0,0,0,66.674,56.674,3.582,6687.177,6690.759,111655.459,0,0,1.348,0,0,949.9,540.347,122.803,622.043,0,179.674,179.674,0.053,6831.447,22.372,6853.819,113666.827,0,0,84.903,3.2,0.672,0.1,0.408,9311.179,350,0.013,18.6,0.1,7.5,0,0,17.766,27.748,21.022,80,Mackay,Mackay,Pind,1958,LPOH_5_15,BareFallow,42,MW_Surf2,130_150,33,3,9,SWD_0_50_200_50_50,P2R,MW_01MayR6V1,MW_T3,949.9,622.043,663.15,842.824,3.972,0.772,0,0,0,,,0,3_9
01/09/1967,1967,244,1966,01-May,2,sugar,alive,0,0,0,488,4.622,1966,1/5/1966,121,0,0,181,1967,14,2616,5769.54,5168.29,5966.37,4522.76,138.587,2231.47,,0,0,0,16.905,170.6,173.75,173.75,22.372,6831.447,6853.819,113666.827,26.52,24.32,1.37,9,297,1327.7,198.196,277.078,1032.615,798.191,444.263,1242.454,4.37,6628.123,4.798,6632.921,110861.805,130,359.344,376.109,26.459,1.431,1.829,5.131,6246.579,350,0.855,2759,10.1,1103.6,0,0,16.328,26.299,18.704,100.3,Mackay,Mackay,Pind,1958,LPOH_5_15,BareFallow,42,MW_Surf2,130_150,33,3,9,SWD_0_50_200_50_50,P2R,MW_01MayR6V1,MW_T3,1624.7,1329.615,475.274,919.537,29.719,3.26,10.4230923989275,0.11154296255636,18.5524765729585,1.06605384615385,0.385666659245737,22.315,3_9
01/09/1968,1968,245,1967,01-May,2,sugar,alive,0,0,1,366,4.426,1966,1/9/1967,121,0,0,181,1968,14,2616,5130.22,4586.39,5559.65,3883.19,120.269,2156.82,,0,0,0,19.158,104.1,62.722,52.722,4.798,6628.123,6632.921,110861.805,16.95,14.96,1.332,9,297,2225.6,545.342,1010.679,978.82,741.487,211.756,953.243,8.28,6686.856,2.544,6689.4,111600.171,150,228.353,314.812,11.922,2.476,3.354,2.383,8998.262,350,0.764,2065.1,7.7,826.1,0,0,17.059,26.962,19.919,213.1,Mackay,Mackay,Pind,1958,LPOH_5_15,BareFallow,42,MW_Surf2,130_150,33,3,9,SWD_0_50_200_50_50,P2R,MW_01MayR6V1,MW_T3,2522.6,1275.82,1556.021,1767.777,17.752,5.83,9.42680001881143,0.12616824880959,16.1002677376171,0.801793333333333,0.526680183750597,21.568,3_9
01/08/1969,1969,213,1968,01-May,2,sugar,alive,0,0,2,334,4.447,1966,1/9/1968,121,0,0,181,1969,14,2616,5211.37,4663.84,5761.91,3857.92,119.457,2143.72,,0,0,0,19.173,104.1,58.059,48.059,2.544,6686.856,6689.4,111600.171,16.99,14.98,1.355,9,297,962.4,155.036,132.27,791.772,769.47,172.251,941.721,0.447,6715.591,3.162,6718.752,112034.235,150,238.709,310.819,4.853,0.13,0.409,1.128,9290.01,350,0.744,1945.5,7.3,778.2,0,0,18.545,27.868,19.976,55.6,Mackay,Mackay,Pind,1958,LPOH_5_15,BareFallow,42,MW_Surf2,130_150,33,3,9,SWD_0_50_200_50_50,P2R,MW_01MayR6V1,MW_T3,1259.4,1088.772,287.306,459.557,5.392,0.539,10.971718596731,0.126849672036622,15.9915662650602,0.79638,0.50042939311044,21.437,3_9
01/07/1970,1970,182,1969,01-May,2,sugar,alive,0,0,3,334,4.428,1966,1/8/1969,121,0,0,181,1970,14,2616,4409.32,3749.9,4804.3,3304.59,99.841,1597.55,,0,0,0,16.781,92.9,70.432,60.432,3.162,6715.591,6718.752,112034.235,15.32,12.91,1.365,9,297,1641.1,271.846,784.728,738.937,711.685,165.313,876.998,2.29,6768.797,1.268,6770.065,112917.885,150,217.51,295.608,5.704,0.196,2.065,1.235,9385.192,350,0.796,2271.3,8.5,908.5,0,0,18.06,27.974,20.617,411.7,Mackay,Mackay,Pind,1958,LPOH_5_15,BareFallow,42,MW_Surf2,130_150,33,3,9,SWD_0_50_200_50_50,P2R,MW_01MayR6V1,MW_T3,1938.1,1035.937,1056.574,1221.887,7.965,2.261,9.63774824144711,0.113844045254379,13.3655957161981,0.665606666666667,0.459017976185003,15.976,3_9
01/07/1971,1971,182,1970,01-May,2,sugar,alive,0,0,4,365,4.45,1966,1/7/1970,121,0,0,181,1971,14,2616,5125.44,4440.24,5538.41,3830.39,116.775,1791.84,,0,0,0,15.974,123.4,56.961,46.961,1.268,6768.797,6770.065,112917.885,19.41,16.9,1.38,9,297,1633.5,348.661,550.501,937.469,791.944,200.659,992.603,3.197,6769.651,2.049,6771.7,112946.646,150,263.139,335.115,8.68,0.18,1.991,1.809,9578.283,350,0.807,2353.6,8.7,941.4,0,0,17.125,27.326,19.196,129.3,Mackay,Mackay,Pind,1958,LPOH_5_15,BareFallow,42,MW_Surf2,130_150,33,3,9,SWD_0_50_200_50_50,P2R,MW_01MayR6V1,MW_T3,1930.5,1234.469,899.162,1099.821,10.851,2.171,9.45953280317286,0.117645221704952,15.6325301204819,0.7785,0.443776863178776,17.918,3_9
01/07/1972,1972,183,1971,01-May,2,sugar,alive,0,0,5,366,4.494,1966,1/7/1971,121,0,0,181,1972,14,2616,5391.03,4784.26,5924.76,4045.61,124.588,2130.84,,0,0,0,18.137,124.7,77.695,67.695,2.049,6769.651,6771.7,112946.646,18.92,16.7,1.381,9,297,2077.4,508.945,817.185,1036.186,853.676,190.297,1043.972,3.075,6780.054,3.305,6783.359,113188.27,150,258.354,349.277,16.952,0.516,2.725,3.339,10489.752,350,0.764,2064.6,7.7,825.8,0,0,17.741,27.479,19.215,183.4,Mackay,Mackay,Pind,1958,LPOH_5_15,BareFallow,42,MW_Surf2,130_150,33,3,9,SWD_0_50_200_50_50,P2R,MW_01MayR6V1,MW_T3,2374.4,1333.186,1326.13,1516.427,20.193,3.241,9.34513263715641,0.119340365450414,16.6784471218206,0.830586666666667,0.482237550028256,21.308,3_9
01/07/1973,1973,182,1972,01-May,2,sugar,alive,0,0,6,365,4.486,1966,1/7/1972,121,0,0,181,1973,14,2616,4480.41,3969.89,5029.05,3285.97,101.178,1593.93,,0,0,0,16.477,109.6,63.994,53.994,3.305,6780.054,6783.359,113188.27,16.81,14.94,1.386,9,297,1091.3,273.308,238.965,711.597,664.916,192.858,857.774,0.768,6823.092,4.969,6828.061,113646.302,150,227.772,318.478,5.311,0.155,0.974,1.289,9985.259,350,0.681,1632.1,6.1,652.9,0,0,17.985,27.773,19.988,148.3,Mackay,Mackay,Pind,1958,LPOH_5_15,BareFallow,42,MW_Surf2,130_150,33,3,9,SWD_0_50_200_50_50,P2R,MW_01MayR6V1,MW_T3,1388.3,1008.597,512.273,705.131,6.44,1.129,10.0315586899426,0.117954146430179,13.544578313253,0.67452,0.444207365259997,15.939,3_9
01/05/1974,1974,121,0,01-May,2,none,out,0,0,-1,0,6,1966,0.000,121,0,0,181,-1,14,2616,0,0,0,0,0,0,,0,0,0,0,0,64.247,54.247,4.969,6823.092,6828.061,113646.302,0,0,1.399,0,0,3066.1,957.108,1629.062,893.665,0,392.409,392.409,8.918,6878.244,69.742,6947.986,113601.596,0,0,146.055,25.721,3.415,7.318,3.739,9719.089,350,0.002,3.1,0,1.2,0,0,19.459,27.645,18.519,199.6,Mackay,Mackay,Pind,1958,LPOH_5_15,BareFallow,42,MW_Surf2,130_150,33,3,9,SWD_0_50_200_50_50,P2R,MW_01MayR6V1,MW_T3,3066.1,893.665,2586.17,2978.579,36.454,10.733,0,0,0,,,0,3_9
01/09/1975,1975,244,1974,01-May,3,sugar,alive,2,0,0,488,4.631,1974,1/5/1974,121,0,0,181,1975,14,2616,5901.79,5234.48,6016.2,4621.95,142.471,2496.79,,0,0,0,18.656,191.4,151.769,151.769,69.742,6878.244,6947.986,113601.596,26.97,24.53,1.402,9,297,1898.4,75.514,954.621,929.209,821.191,454.788,1275.979,30.51,6644.055,30.61,6674.665,111615.5,130,362.147,400.326,51.289,2.044,19.874,9.724,4810.69,350,0.847,2681,9.8,1072.4,0,0,16.451,26.376,18.682,139.4,Mackay,Mackay,Pind,1958,LPOH_5_15,BareFallow,42,MW_Surf2,130_150,33,3,9,SWD_0_50_200_50_50,P2R,MW_01MayR6V1,MW_T3,2195.4,1226.209,1030.135,1484.923,73.207,21.918,11.6188186516328,0.111656226317204,19.0724230254351,1.09593076923077,0.393406544856094,24.968,3_9
01/09/1976,1976,245,1975,01-May,3,sugar,alive,0,0,1,366,4.47,1974,1/9/1975,121,0,0,181,1976,14,2616,4305.2,3861.41,4724.1,3255.31,100.499,1896.03,,0,0,0,20.305,73.6,58.736,48.736,30.61,6644.055,6674.665,111615.5,12.08,10.45,1.36,4,132,2275.4,773.302,864.232,1037.587,612.863,151.541,764.404,1.005,6735.411,3.111,6738.522,112426.465,150,162.884,253.444,31.943,23.306,1.36,6.054,8729.871,350,0.789,2224.5,8.7,889.8,0,0,17.791,26.806,18.215,161.4,Mackay,Mackay,Pind,1958,LPOH_5_15,BareFallow,42,MW_Surf2,130_150,33,3,9,SWD_0_50_200_50_50,P2R,MW_01MayR6V1,MW_T3,2407.4,1169.587,1637.534,1789.075,56.609,24.666,8.5926912662333,0.131473670990733,17.2678694158076,0.669993333333333,0.616997372363154,18.96,3_9
01/08/1977,1977,213,1976,01-May,3,sugar,alive,0,0,2,334,4.419,1974,1/9/1976,121,0,0,181,1977,14,2616,4282.44,3824.24,4761.95,3164.96,98.004,1613.54,,0,0,0,17.351,86.1,56.197,46.197,3.111,6735.411,6738.522,112426.465,14.14,12.46,1.388,7,231,1974.4,630.582,761.98,955.386,610.493,181.105,791.597,2.158,6739.163,3.922,6743.085,112482.811,150,199.803,299.467,32.611,7.655,2.622,6.086,8215.187,350,0.727,1857.1,6.9,742.9,0,0,18.526,27.68,19.116,166.6,Mackay,Mackay,Pind,1958,LPOH_5_15,BareFallow,42,MW_Surf2,130_150,33,3,9,SWD_0_50_200_50_50,P2R,MW_01MayR6V1,MW_T3,2205.4,1186.386,1392.562,1573.667,42.888,10.277,8.26071784393949,0.123805421192854,14.3911894273128,0.65336,0.490503145598415,16.135,3_9
01/07/1978,1978,182,1977,01-May,3,sugar,alive,0,0,3,334,4.412,1974,1/8/1977,121,0,0,181,1978,14,2616,4248.34,3692.16,4660.35,3093,94.886,1581.62,,0,0,0,17.602,87.6,63.439,53.439,3.922,6739.163,6743.085,112482.811,15.2,13.16,1.391,9,297,1299.4,178.033,584.798,667.012,627.847,183.878,811.725,1.765,6778.667,3.609,6782.277,113108.719,150,206.257,281.485,8.999,0.302,1.535,1.673,7873.339,350,0.706,1749.6,6.6,699.9,0,0,18.142,27.79,20.713,300,Mackay,Mackay,Pind,1958,LPOH_5_15,BareFallow,42,MW_Surf2,130_150,33,3,9,SWD_0_50_200_50_50,P2R,MW_01MayR6V1,MW_T3,1596.4,964.012,762.831,946.709,10.836,1.837,9.84282353331701,0.116894268379069,12.7022757697456,0.632573333333333,0.46003771993193,15.816,3_9
01/07/1979,1979,182,1978,01-May,3,sugar,alive,0,0,4,365,4.478,1974,1/7/1978,121,0,0,181,1979,14,2616,5447.57,4862.69,5967.78,4093.37,126.654,2059.21,,0,0,0,17.098,122.2,67.283,57.283,3.609,6778.667,6782.277,113108.719,18.59,16.44,1.4,9,297,2906,477.256,1676.831,987.108,765.168,195.749,960.917,9.628,6777.208,2.025,6779.233,113096.845,150,255.459,326.476,17.519,0.568,5.162,3.449,9547.07,350,0.739,1920.7,7.1,768.3,0,0,18.058,26.672,18.176,509.4,Mackay,Mackay,Pind,1958,LPOH_5_15,BareFallow,42,MW_Surf2,130_150,33,3,9,SWD_0_50_200_50_50,P2R,MW_01MayR6V1,MW_T3,3203,1284.108,2154.087,2349.836,23.249,5.73,9.86318907755422,0.131805348432799,16.9550200803213,0.84436,0.495789931065259,20.592,3_9
01/07/1980,1980,183,1979,01-May,3,sugar,alive,0,0,5,366,4.517,1974,1/7/1979,121,0,0,181,1980,14,2616,5536.3,4934.59,6103.19,4203.25,129.745,2241.56,,0,0,0,18.35,114.7,137.279,127.279,2.025,6777.208,6779.233,113096.845,17.39,15.19,1.401,9,297,1248.6,184.876,405.976,811.57,813.782,172.986,986.768,1.061,6807.863,3.93,6811.792,113558.239,150,246.015,315.095,1.975,0.103,0.912,0.693,10420.158,350,0.777,2142.3,8,856.9,0,0,18.395,27.626,19.976,215.6,Mackay,Mackay,Pind,1958,LPOH_5_15,BareFallow,42,MW_Surf2,130_150,33,3,9,SWD_0_50_200_50_50,P2R,MW_01MayR6V1,MW_T3,1545.6,1108.57,590.852,763.838,2.99,1.015,11.7038166286297,0.131484806965771,17.3688085676038,0.864966666666667,0.527386541471049,22.416,3_9
01/07/1981,1981,182,1980,01-May,3,sugar,alive,0,0,6,365,4.48,1974,1/7/1980,121,0,0,181,1981,14,2616,5084.85,4547.62,5691.54,3795.54,117.379,2023.24,,0,0,0,18.301,112.8,87.26,77.26,3.93,6807.863,6811.792,113558.239,17.34,15.37,1.41,8,264,1619.3,534.337,417.284,997.504,750.906,164.407,915.313,1.1,6826.225,4.709,6830.934,113758.039,150,241.967,327.176,13.892,0.299,1.139,2.867,10504.577,350,0.746,1956.6,7.3,782.7,0,0,18.21,27.259,19.351,101.3,Mackay,Mackay,Pind,1958,LPOH_5_15,BareFallow,42,MW_Surf2,130_150,33,3,9,SWD_0_50_200_50_50,P2R,MW_01MayR6V1,MW_T3,1883.3,1261.504,951.621,1116.028,15.33,1.438,9.30468710364771,0.128239192494808,16.4396358543417,0.782526666666667,0.485103340538173,20.232,3_9
01/05/1982,1982,121,0,01-May,3,none,out,0,0,-1,0,6,1974,0.000,121,0,0,181,-1,14,2616,0,0,0,0,0,0,,0,0,0,0,0,87.626,77.626,4.709,6826.225,6830.934,113758.039,0,0,1.418,0,0,1203.3,557.24,317.141,708.043,0,265.277,265.277,0.58,6902.718,54.298,6957.016,114148.983,0,0,138.269,28.365,4.671,2.807,4.657,10130.032,350,0.006,9.1,0,3.6,0,0,19.439,28.196,20.566,222,Mackay,Mackay,Pind,1958,LPOH_5_15,BareFallow,42,MW_Surf2,130_150,33,3,9,SWD_0_50_200_50_50,P2R,MW_01MayR6V1,MW_T3,1203.3,708.043,874.381,1139.658,35.843,7.478,0,0,0,,,0,3_9
01/09/1983,1983,244,1982,01-May,4,sugar,alive,0,0,0,488,4.625,1982,1/5/1982,121,0,0,181,1983,14,2616,6127.83,5505.87,6335.18,4849.84,149.566,2393.57,,0,0,0,16.784,185.7,151.268,151.268,54.298,6902.718,6957.016,114148.983,26.11,23.83,1.427,9,297,1510.9,233.893,440.235,1021.84,806.682,400.477,1207.158,4.237,6718.079,6.32,6724.4,112520.812,130,357.649,357.318,32.389,7.941,2.27,6.201,5009.199,350,0.842,2632,9.6,1052.8,0,0,16.662,26.055,19.196,156,Mackay,Mackay,Pind,1958,LPOH_5_15,BareFallow,42,MW_Surf2,130_150,33,3,9,SWD_0_50_200_50_50,P2R,MW_01MayR6V1,MW_T3,1807.9,1318.84,674.128,1074.605,42.6,10.211,11.3407236662522,0.123899274162951,20.0222222222222,1.15050769230769,0.418192138101882,23.936,3_9
01/09/1984,1984,245,1983,01-May,4,sugar,alive,0,0,1,366,4.481,1982,1/9/1983,121,0,0,181,1984,14,2616,4793.84,4222.28,5159.01,3633.96,111.217,1938.77,,0,0,0,18.542,86.3,59.882,49.882,6.32,6718.079,6724.4,112520.812,14.28,12.19,1.394,9,297,689.2,76.038,56.397,608.418,672.977,168.992,841.969,0.099,6790.218,4.813,6795.031,113457.619,150,197.711,285.072,14.362,1.645,0.153,2.884,8973.469,350,0.835,2570.3,9.7,1028.1,0,0,18.315,27.231,19.32,62,Mackay,Mackay,Pind,1958,LPOH_5_15,BareFallow,42,MW_Surf2,130_150,33,3,9,SWD_0_50_200_50_50,P2R,MW_01MayR6V1,MW_T3,986.2,905.418,132.435,301.427,16.16,1.798,12.2834977877621,0.132091561565806,14.8884872824632,0.741446666666667,0.562523076611822,19.388,3_9
01/08/1985,1985,213,1984,01-May,4,sugar,alive,0,0,2,334,4.438,1982,1/9/1984,121,0,0,181,1985,14,2616,5190.34,4678.91,5761.48,3925.49,122.155,2079.94,,0,0,0,18.043,106.4,53.679,43.679,4.813,6790.218,6795.031,113457.619,16.87,14.99,1.415,8,264,1609.6,312.741,597.026,900.671,738.034,177.028,915.062,2.314,6801.662,3.733,6805.395,113545.322,150,238.181,318.634,11.56,2.339,1.706,2.178,9301.552,350,0.773,2116.2,7.9,846.5,0,0,18.765,27.514,19.449,365,Mackay,Mackay,Pind,1958,LPOH_5_15,BareFallow,42,MW_Surf2,130_150,33,3,9,SWD_0_50_200_50_50,P2R,MW_01MayR6V1,MW_T3,1873.6,1164.671,909.767,1086.795,15.605,4.045,10.4883696769302,0.13349368676658,17.108543417367,0.814366666666667,0.512866265571141,20.799,3_9
01/07/1986,1986,182,1985,01-May,4,sugar,alive,0,0,3,334,4.452,1982,1/8/1985,121,0,0,181,1986,14,2616,5397.75,4802.74,5982.48,3998.89,123.777,2140,,0,0,0,18.366,114,86.45,76.45,3.733,6801.662,6805.395,113545.322,18.23,16.05,1.419,9,297,1353,338.398,358.232,896.959,766.719,172.024,938.743,0.745,6813.831,2.646,6816.478,113771.796,150,252.94,325.445,8.92,0.787,0.739,1.683,9830.152,350,0.735,1895.8,7.1,758.3,0,0,19.037,27.651,19.903,134,Mackay,Mackay,Pind,1958,LPOH_5_15,BareFallow,42,MW_Surf2,130_150,33,3,9,SWD_0_50_200_50_50,P2R,MW_01MayR6V1,MW_T3,1650,1193.959,696.63,868.654,10.446,1.526,10.3669388982369,0.131853979204106,16.5698795180723,0.82518,0.489353206293983,21.4,3_9
01/07/1987,1987,182,1986,01-May,4,sugar,alive,0,0,4,365,4.544,1982,1/7/1986,121,0,0,181,1987,14,2616,4806.32,4269.04,5373.84,3639.18,112.012,2006.85,,0,0,0,19.137,120.6,83.077,73.077,2.646,6813.831,6816.478,113771.796,17.33,15.37,1.423,9,297,756.7,34.973,41.617,709.477,710.352,195.34,905.692,0.104,6841.997,2.904,6844.9,114188.027,150,242.585,328.369,14.771,0.054,0.094,3.009,10548.429,350,0.742,1936.6,7.2,774.7,0,0,19.257,27.916,19.78,55,Mackay,Mackay,Pind,1958,LPOH_5_15,BareFallow,42,MW_Surf2,130_150,33,3,9,SWD_0_50_200_50_50,P2R,MW_01MayR6V1,MW_T3,1053.7,1006.477,76.59,271.93,14.919,0.148,11.1291167110625,0.123675598327025,14.9949129852744,0.746746666666667,0.461743306469897,20.068,3_9
01/07/1988,1988,183,1987,01-May,4,sugar,alive,0,0,5,366,4.514,1982,1/7/1987,121,0,0,181,1988,14,2616,5705.54,5072.5,6265.56,4284.16,131.789,2249.51,,0,0,0,18.095,122.2,136.495,126.495,2.904,6841.997,6844.9,114188.027,18.81,16.49,1.429,9,297,1598.2,245.033,644.972,892.778,829.423,174.846,1004.269,1.684,6850.314,2.038,6852.352,114325.717,150,257.074,322.955,6.744,0.455,1.152,1.558,10064.318,350,0.805,2337.1,8.7,934.8,0,0,18.474,27.344,19.667,293.4,Mackay,Mackay,Pind,1958,LPOH_5_15,BareFallow,42,MW_Surf2,130_150,33,3,9,SWD_0_50_200_50_50,P2R,MW_01MayR6V1,MW_T3,1895.2,1189.778,890.005,1064.851,8.351,1.607,11.0767723054217,0.131228784319739,17.6424364123159,0.878593333333333,0.512650054070034,22.495,3_9
01/07/1989,1989,182,1988,01-May,4,sugar,alive,0,0,6,365,4.511,1982,1/7/1988,121,0,0,181,1989,14,2616,5072.44,4514.44,5649.65,3834.55,118.513,2171.88,,0,0,0,19.641,107.6,119.42,109.42,2.038,6850.314,6852.352,114325.717,16.46,14.42,1.433,5,165,2493.7,908.551,878.236,1338.484,719.12,147.67,866.789,1.914,6884.289,4.126,6888.415,114690.668,150,229.805,317.568,12.861,2.227,4.246,2.674,10861.298,350,0.742,1935.2,7.2,774.1,0,0,18.823,26.928,18.87,197,Mackay,Mackay,Pind,1958,LPOH_5_15,BareFallow,42,MW_Surf2,130_150,33,3,9,SWD_0_50_200_50_50,P2R,MW_01MayR6V1,MW_T3,2658.7,1503.484,1786.787,1934.457,19.334,6.473,7.88255811169258,0.136726469763691,19.270406504065,0.790086666666667,0.515711146406736,21.719,3_9
01/05/1990,1990,121,0,01-May,4,none,out,0,0,-1,0,6,1982,0.000,121,0,0,181,-1,14,2616,0,0,0,0,0,0,,0,0,0,0,0,114.544,104.544,4.126,6884.289,6888.415,114690.668,0,0,1.445,0,0,1291.8,548.489,466.492,581.802,0,217.052,217.052,1.772,6958.03,40.337,6998.367,115065.229,0,0,130.381,33.672,11.652,1.535,5.752,9896.038,350.149,0.008,12.1,0.1,4.8,0,0,18.785,27.847,20.741,130,Mackay,Mackay,Pind,1958,LPOH_5_15,BareFallow,42,MW_Surf2,130_150,33,3,9,SWD_0_50_200_50_50,P2R,MW_01MayR6V1,MW_T3,1291.8,581.802,1014.981,1232.033,46.859,13.187,0,0,0,,,0,3_9
01/09/1991,1991,244,1990,01-May,5,sugar,alive,0,0,0,488,4.644,1990,1/5/1990,121,0,0,181,1991,14,2616,4238.19,3692.74,4293.18,3409.27,102.666,1379.94,,0,0,0,13.633,140,174.311,174.311,40.337,6958.03,6998.367,115065.229,21.77,19.77,1.457,9,297,3391.8,461.635,2354.53,858.331,562.964,421.141,984.105,53.883,6782.578,7.228,6789.806,113526.889,130,295.541,338.734,36.096,18.281,20.473,6.607,4359.399,352.197,0.89,3157.1,11.6,1262.8,0,0,17.035,26.151,18.614,298.2,Mackay,Mackay,Pind,1958,LPOH_5_15,BareFallow,42,MW_Surf2,130_150,33,3,9,SWD_0_50_200_50_50,P2R,MW_01MayR6V1,MW_T3,3688.8,1155.331,2816.165,3237.306,74.85,38.754,8.88628453663928,0.104324233694575,13.7437751004016,0.789738461538462,0.347383273386772,13.799,3_9
01/09/1992,1992,245,1991,01-May,5,sugar,alive,0,0,1,366,4.486,1990,1/9/1991,121,0,0,181,1992,14,2616,4502.85,3833.71,4632.67,3459.12,104.581,1785.97,,0,0,0,18.105,93.1,44.841,34.841,7.228,6782.578,6789.806,113526.889,15.94,13.49,1.423,9,297,803.3,106.995,83.77,698.423,647.561,245.265,892.826,1.049,6814.62,17.744,6832.364,114053.155,150,211.54,292.826,20.326,2.833,0.604,3.913,6880.253,353.766,0.899,3270.7,12.2,1308.3,0,0,18.442,27.896,20.861,174,Mackay,Mackay,Pind,1958,LPOH_5_15,BareFallow,42,MW_Surf2,130_150,33,3,9,SWD_0_50_200_50_50,P2R,MW_01MayR6V1,MW_T3,1100.3,995.423,190.765,436.03,23.763,3.437,10.5061868170617,0.117134805662021,14.0001338688086,0.697206666666667,0.494379313604992,17.86,3_9
01/08/1993,1993,213,1992,01-May,5,sugar,alive,0,0,2,334,4.436,1990,1/9/1992,121,0,0,181,1993,14,2616,5364.52,4825.97,5863.89,3969.97,123.974,2360.18,,0,0,0,20.516,103.8,43.55,33.55,17.744,6814.62,6832.364,114053.155,17.34,15.37,1.433,9,297,1193.1,154.932,363.082,797.292,720.128,208.536,928.664,0.794,6841.576,9.282,6850.858,114190.214,150,236.838,314.744,9.994,5.05,0.703,2.148,8658.333,355.229,0.677,1612.5,6.1,645,0,0,19.307,27.919,20.536,185,Mackay,Mackay,Pind,1958,LPOH_5_15,BareFallow,42,MW_Surf2,130_150,33,3,9,SWD_0_50_200_50_50,P2R,MW_01MayR6V1,MW_T3,1490.1,1094.292,518.014,726.55,15.747,5.753,11.3291516341159,0.133497152899219,16.5962516733601,0.826493333333333,0.523454850995195,23.602,3_9
01/07/1994,1994,182,1993,01-May,5,sugar,alive,0,0,3,334,4.439,1990,1/8/1993,121,0,0,181,1994,14,2616,5194.94,4657.75,5785.76,3908.95,121.831,2254.06,,0,0,0,19.857,110.5,68.972,58.972,9.282,6841.576,6850.858,114190.214,17.26,15.29,1.442,6,198,1111.4,197.633,192.245,863.323,729.469,180.085,909.554,0.644,6859.321,5.898,6865.219,114454.194,150,242.012,331.537,15.28,3.551,0.551,3.05,9819.135,356.716,0.707,1754.8,6.6,701.9,0,0,19.091,27.65,20.238,141,Mackay,Mackay,Pind,1958,LPOH_5_15,BareFallow,42,MW_Surf2,130_150,33,3,9,SWD_0_50_200_50_50,P2R,MW_01MayR6V1,MW_T3,1309.4,1061.323,389.878,569.963,19.382,4.102,11.4791632707479,0.133945867974854,18.8010802469136,0.812206666666667,0.503408921871643,22.541,3_9
01/07/1995,1995,182,1994,01-May,5,sugar,alive,0,0,4,365,4.511,1990,1/7/1994,121,0,0,181,1995,14,2616,5581.06,4938.36,6117.89,4265.04,131.676,2400.48,,0,0,0,19.523,117,66.941,56.941,5.898,6859.321,6865.219,114454.194,17.76,15.41,1.449,9,297,981.1,63.493,182.513,781.355,807.162,196.87,1004.032,0.592,6887.952,4.231,6892.183,115110.15,150,247.871,320.425,3.069,0.503,0.616,0.838,9819.703,358.365,0.764,2064.7,7.7,825.9,0,0,18.418,27.531,20.482,112.5,Mackay,Mackay,Pind,1958,LPOH_5_15,BareFallow,42,MW_Surf2,130_150,33,3,9,SWD_0_50_200_50_50,P2R,MW_01MayR6V1,MW_T3,1278.1,1078.355,246.006,442.876,4.188,1.119,12.210821111786,0.131147214431413,17.6273092369478,0.87784,0.53122793711245,24.005,3_9
01/07/1996,1996,183,1995,01-May,5,sugar,alive,0,0,5,366,4.509,1990,1/7/1995,121,0,0,181,1996,14,2616,5520.91,4921.98,6108.9,4202.43,130.477,2473.97,,0,0,0,20.422,120.2,77.003,67.003,4.231,6887.952,6892.183,115110.15,18.06,15.87,1.455,9,297,1242.4,203.755,291.389,898.432,830.665,194.369,1025.033,0.77,6894.443,5.731,6900.173,115032.362,150,249.982,336.063,16.203,1.598,2.638,3.102,10729.529,360.044,0.745,1952.8,7.3,781.1,0,0,18.645,27.703,20.275,106,Mackay,Mackay,Pind,1958,LPOH_5_15,BareFallow,42,MW_Surf2,130_150,33,3,9,SWD_0_50_200_50_50,P2R,MW_01MayR6V1,MW_T3,1539.4,1195.432,495.144,689.513,20.439,4.236,10.914631697997,0.127290536012011,17.4668005354752,0.869846666666667,0.521945580081766,24.74,3_9
01/07/1997,1997,182,1996,01-May,5,sugar,alive,0,0,6,365,4.481,1990,1/7/1996,121,0,0,181,1997,14,2616,6046.9,5407.8,6670.39,4660.5,144.667,2569.11,,0,0,0,18.943,122.9,78.226,68.226,5.731,6894.443,6900.173,115032.362,18.55,16.21,1.458,9,297,1483.2,274.243,398.228,999.853,888.547,175.678,1064.225,1.164,6907.867,2.964,6910.83,115299.478,150,258.839,333.391,10.489,1.338,1.023,2.286,10731.488,361.751,0.781,2167.3,8,866.9,0,0,17.676,27.311,20.44,203,Mackay,Mackay,Pind,1958,LPOH_5_15,BareFallow,42,MW_Surf2,130_150,33,3,9,SWD_0_50_200_50_50,P2R,MW_01MayR6V1,MW_T3,1780.2,1296.853,672.471,848.149,12.85,2.361,11.1552350189266,0.135936479597829,19.3663989290495,0.964446666666667,0.558907274406098,25.691,3_9
01/05/1998,1998,121,0,01-May,5,none,out,0,0,-1,0,6,1990,0.000,121,0,0,181,-1,14,2616,0,0,0,0,0,0,,0,0,0,0,0,103.73,93.73,2.964,6907.867,6910.83,115299.478,0,0,1.462,0,0,1107.4,553.216,251.583,685.249,0,249.569,249.569,0.307,6997.383,62.776,7060.159,115732.557,0,0,136.293,14.976,1.519,1.415,2.227,11035.496,363.196,0.007,10.7,0,4.3,0,0,19.142,28.418,20.645,110,Mackay,Mackay,Pind,1958,LPOH_5_15,BareFallow,42,MW_Surf2,130_150,33,3,9,SWD_0_50_200_50_50,P2R,MW_01MayR6V1,MW_T3,1107.4,685.249,804.799,1054.368,17.91,2.934,0,0,0,,,0,3_9
01/09/1999,1999,244,1998,01-May,6,sugar,alive,0,0,0,488,4.676,1998,1/5/1998,121,0,0,181,1999,14,2616,7666.04,6728.98,7700.11,6247.93,189.833,3061.85,,0,0,0,16.939,178.8,156.762,156.762,62.776,6997.383,7060.159,115732.557,27.18,23.74,1.474,9,297,2495,413.053,1052.732,1311.741,1002.318,394.073,1396.391,18.152,6794.935,3.341,6798.276,114427.687,130,379.484,388.615,39.189,10.363,12.95,7.487,5798.647,365.55,0.967,4856.9,17.8,1942.8,0,0,17.699,26.305,17.572,166,Mackay,Mackay,Pind,1958,LPOH_5_15,BareFallow,42,MW_Surf2,130_150,33,3,9,SWD_0_50_200_50_50,P2R,MW_01MayR6V1,MW_T3,2792,1608.741,1465.785,1859.858,62.502,23.313,11.8000970945603,0.135945447944021,25.4127175368139,1.46025384615385,0.500239799306427,30.618,3_9
01/09/2000,2000,245,1999,01-May,6,sugar,alive,0,0,1,366,4.482,1998,1/9/1999,121,0,0,181,2000,14,2616,3975.12,3577.56,4471.35,3046.09,94.215,1830.23,,0,0,0,20.994,77.4,68.586,58.586,3.341,6794.935,6798.276,114427.687,11.92,10.47,1.434,5,165,2214.6,717.315,966.888,926.737,541.603,155.001,696.603,1.482,6915.853,3.238,6919.091,115279.048,150,182.14,270.245,2.288,1.627,1.022,0.707,10553.36,367.35,0.727,1853.2,7.3,741.3,0,0,17.954,26.784,18.581,187,Mackay,Mackay,Pind,1958,LPOH_5_15,BareFallow,42,MW_Surf2,130_150,33,3,9,SWD_0_50_200_50_50,P2R,MW_01MayR6V1,MW_T3,2379.6,1091.737,1684.203,1839.204,4.937,2.649,8.62982568145991,0.135249202199818,15.319512195122,0.6281,0.517266937520589,18.302,3_9
01/08/2001,2001,213,2000,01-May,6,sugar,alive,0,0,2,334,4.408,1998,1/9/2000,121,0,0,181,2001,14,2616,5314.55,4826.99,5907.01,3970.42,124.7,2321.98,,0,0,0,20.003,107.6,57.379,47.379,3.238,6915.853,6919.091,115279.048,17.57,15.79,1.468,9,297,1677.7,454.62,542.382,950.846,731.366,207.638,939.004,0.742,6880.679,4.142,6884.821,114883.438,150,235.37,327.706,32.361,8.667,2.063,5.961,8222.553,369.026,0.702,1727.6,6.4,691,0,0,18.42,27.612,19.462,235,Mackay,Mackay,Pind,1958,LPOH_5_15,BareFallow,42,MW_Surf2,130_150,33,3,9,SWD_0_50_200_50_50,P2R,MW_01MayR6V1,MW_T3,1974.7,1247.846,997.002,1204.64,43.091,10.73,9.99322031725069,0.132800286260761,16.6934404283802,0.831333333333333,0.529804138165442,23.22,3_9
01/07/2002,2002,182,2001,01-May,6,sugar,alive,0,0,3,334,4.488,1998,1/8/2001,121,0,0,181,2002,14,2616,4777.48,4171.65,5266.13,3596.25,109.869,1932.39,,0,0,0,18.733,109.6,78.073,68.073,4.142,6880.679,6884.821,114883.438,16.93,14.71,1.459,9,297,957,21.83,211.902,742.007,782.672,201.342,984.014,0.625,6912.405,5.318,6917.723,115574.705,150,241.397,317.124,3.907,0.234,0.369,0.934,9574.576,370.727,0.774,2125.3,7.9,850.1,0,0,18.886,29.145,21.222,143,Mackay,Mackay,Pind,1958,LPOH_5_15,BareFallow,42,MW_Surf2,130_150,33,3,9,SWD_0_50_200_50_50,P2R,MW_01MayR6V1,MW_T3,1254,1039.007,233.732,435.074,4.51,0.603,10.574423463942,0.111653899233141,14.7080321285141,0.73246,0.455138216299291,19.324,3_9
01/07/2003,2003,182,2002,01-May,6,sugar,alive,0,0,4,365,4.483,1998,1/7/2002,121,0,0,181,2003,14,2616,3536.04,3058.13,3984.75,2645.2,79.697,1008.71,,0,0,0,12.668,98,96.328,86.328,5.318,6912.405,6917.723,115574.705,15.08,13.33,1.466,9,297,955.6,120.929,297.29,611.041,536.362,243.491,779.853,1.063,6972.339,3.061,6975.401,116138.442,150,206.468,283.015,7.553,0.777,0.907,1.775,9185.993,372.611,0.741,1928.2,7.2,771.3,0,0,17.799,27.882,20.51,113,Mackay,Mackay,Pind,1958,LPOH_5_15,BareFallow,42,MW_Surf2,130_150,33,3,9,SWD_0_50_200_50_50,P2R,MW_01MayR6V1,MW_T3,1252.6,908.041,418.219,661.71,9.237,1.684,8.77680633363472,0.102194900833875,10.6689424364123,0.531313333333333,0.386001704864676,10.087,3_9
01/07/2004,2004,183,2003,01-May,6,sugar,alive,0,0,5,366,4.537,1998,1/7/2003,121,0,0,181,2004,14,2616,5309.53,4516.51,5573.29,4066.47,122.563,2077.88,,0,0,0,17.953,149.7,132.856,122.856,3.061,6972.339,6975.401,116138.442,22.72,19.81,1.48,9,297,784.6,11.136,86.314,696.426,828.924,217.767,1046.691,0.626,6927.955,2.289,6930.244,115923.323,150,304.975,345.911,9.337,0.05,0.299,2.015,9074.122,374.525,0.828,2512.5,9.3,1005,0,0,18.332,28.403,20.241,59,Mackay,Mackay,Pind,1958,LPOH_5_15,BareFallow,42,MW_Surf2,130_150,33,3,9,SWD_0_50_200_50_50,P2R,MW_01MayR6V1,MW_T3,1081.6,993.426,97.45,315.217,9.686,0.349,12.3374061077524,0.117095685355086,16.4073627844712,0.817086666666667,0.401878842528076,20.779,3_9
04/07/2005,2005,185,2004,01-May,6,sugar,alive,0,0,6,368,4.488,1998,1/7/2004,121,0,3,181,2005,11,2616,5615.91,4982.09,6138.04,4200.91,129.973,2412.93,,0,0,0,19.935,131.3,52.314,42.314,2.289,6927.955,6930.244,115923.323,20.22,17.9,1.469,9,297,1334.2,78.071,429.505,886.069,840.445,216.861,1057.306,3.942,6950.205,2.32,6952.525,116009.457,150,265.393,353.87,5.799,0.26,1.493,1.352,10209.31,376.486,0.738,1912,7.1,764.8,0,0,17.806,28.047,20.126,202,Mackay,Mackay,Pind,1958,LPOH_5_15,BareFallow,42,MW_Surf2,130_150,33,3,9,SWD_0_50_200_50_50,P2R,MW_01MayR6V1,MW_T3,1631.2,1183.069,507.576,724.437,7.552,1.753,10.9860878782218,0.122928461580659,17.3993306559572,0.866486666666667,0.489737860456003,24.129,3_9
01/05/2006,2006,121,0,01-May,6,none,out,0,0,-1,0,6,1998,0.000,121,0,3,184,-1,11,2619,0,0,0,0,0,0,,0,0,0,0,0,100.633,90.633,2.32,6950.205,6952.525,116009.457,0,0,1.475,0,0,984.3,541.8,119.462,681.095,0,271.056,271.056,0.602,7023.874,65.734,7089.607,116050.471,0,0,157.922,29.188,5.059,0.703,4.67,11013.401,378.113,0.006,8.4,0,3.4,0,0,19.734,29.174,20.777,83,Mackay,Mackay,Pind,1958,LPOH_5_15,BareFallow,42,MW_Surf2,130_150,33,3,9,SWD_0_50_200_50_50,P2R,MW_01MayR6V1,MW_T3,984.3,681.095,661.262,932.318,34.95,5.762,0,0,0,,,0,3_9
01/09/2007,2007,244,2006,01-May,7,sugar,alive,0,0,0,488,4.633,2006,1/5/2006,121,0,0,181,2007,14,2616,7068.22,6381.89,7312.38,5685.39,176.174,2701.5,,0,0,0,15.961,186.6,152.615,152.615,65.734,7023.874,7089.607,116050.471,27.42,24.9,1.49,9,297,2239.3,338.179,881.333,1256.179,941.824,457.058,1398.882,12.781,6820.325,5.928,6826.254,114535.484,130,373.796,377.56,39.608,13.46,7.228,7.451,5124.368,380.787,0.91,3441.2,12.6,1376.5,0,0,16.709,26.209,18.446,257,Mackay,Mackay,Pind,1958,LPOH_5_15,BareFallow,42,MW_Surf2,130_150,33,3,9,SWD_0_50_200_50_50,P2R,MW_01MayR6V1,MW_T3,2536.3,1553.179,1219.512,1676.57,60.296,20.688,11.34280079759,0.125939142829774,23.584203480589,1.35518461538462,0.471310554420058,27.015,3_9
01/09/2008,2008,245,2007,01-May,7,sugar,alive,0,0,1,366,4.479,2006,1/9/2007,121,0,0,181,2008,14,2616,4661.38,4220.92,5184.5,3590.22,111.444,2196.03,,0,0,0,21.337,81.6,52.521,42.521,5.928,6820.325,6826.254,114535.484,12.83,11.21,1.448,9,297,2385,501.556,1315.135,792.671,689.146,150.262,839.408,1.359,6918.296,4.204,6922.5,115435.096,150,188.379,269.984,10.015,3.986,1.234,1.981,9894.972,382.828,0.798,2284,8.9,913.6,0,0,17.603,27.205,19.093,532,Mackay,Mackay,Pind,1958,LPOH_5_15,BareFallow,42,MW_Surf2,130_150,33,3,9,SWD_0_50_200_50_50,P2R,MW_01MayR6V1,MW_T3,2682,1089.671,1816.691,1966.953,15.235,5.22,10.2273071413298,0.132764996283095,14.918875502008,0.74296,0.591594604494132,21.96,3_9
01/08/2009,2009,213,2008,01-May,7,sugar,alive,0,0,2,334,4.457,2006,1/9/2008,121,0,0,181,2009,14,2616,4551.4,3884.05,4889.15,3374.58,101.645,1603.41,,0,0,0,16.503,96.2,60.424,50.424,4.204,6918.296,6922.5,115435.096,16,13.56,1.476,9,297,1756,429.01,739.139,796.266,707.748,171.523,879.271,2.475,6928.29,3.538,6931.827,115811.798,150,230.169,299.584,12.972,0.187,2.552,2.562,8653.425,384.727,0.845,2667.6,9.8,1067,0,0,18.554,28.274,19.154,145,Mackay,Mackay,Pind,1958,LPOH_5_15,BareFallow,42,MW_Surf2,130_150,33,3,9,SWD_0_50_200_50_50,P2R,MW_01MayR6V1,MW_T3,2053,1093.266,1168.149,1339.672,15.711,2.739,9.29737136250464,0.115601447107888,13.6070950468541,0.677633333333333,0.441610295044076,16.034,3_9
01/07/2010,2010,182,2009,01-May,7,sugar,alive,0,0,3,334,4.448,2006,1/8/2009,121,0,0,181,2010,14,2616,4285.03,3768.96,4767.36,3136.16,97.005,1508.76,,0,0,0,16.231,102.9,48.004,38.004,3.538,6928.29,6931.827,115811.798,16.47,14.58,1.477,9,297,1856.7,472.418,834.639,781.417,612.797,204.994,817.79,7.972,6962.298,5.164,6967.462,115959.046,150,217.918,321.466,11.348,1.48,3.535,1.943,8987.262,386.651,0.66,1540,5.8,616,0,0,18.924,28.571,19.902,185,Mackay,Mackay,Pind,1958,LPOH_5_15,BareFallow,42,MW_Surf2,130_150,33,3,9,SWD_0_50_200_50_50,P2R,MW_01MayR6V1,MW_T3,2153.7,1078.417,1307.057,1512.051,16.363,5.015,8.99512897144611,0.118618471734797,12.9859437751004,0.6467,0.445144503895961,15.088,3_9
01/07/2011,2011,182,2010,01-May,7,sugar,alive,0,0,4,365,4.475,2006,1/7/2010,121,0,0,181,2011,14,2616,4843.76,4366.22,5400.95,3620.21,112.993,2035.49,,0,0,0,19.258,110.4,58.856,48.856,5.164,6962.298,6967.462,115959.046,17.12,15.37,1.485,3,99,3875.8,1100.369,2018.808,1157.017,610.567,220.488,831.055,10.251,6951.059,2.981,6954.04,115815.498,150,225.938,330.97,32.868,15.084,8.145,5.995,9117.172,388.78,0.666,1566.4,5.8,626.6,0,0,18.918,26.832,17.085,220,Mackay,Mackay,Pind,1958,LPOH_5_15,BareFallow,42,MW_Surf2,130_150,33,3,9,SWD_0_50_200_50_50,P2R,MW_01MayR6V1,MW_T3,3974.8,1256.017,3119.177,3339.665,56.097,23.229,8.99613619879349,0.13596332372707,20.5816029143898,0.753286666666667,0.500106223831317,20.355,3_9
01/07/2012,2012,183,2011,01-May,7,sugar,alive,0,0,5,366,4.494,2006,1/7/2011,121,0,0,181,2012,14,2616,5597.71,4983.95,6125.56,4275.91,132.26,2382.34,,0,0,0,19.255,119,77.424,67.424,2.981,6951.059,6954.04,115815.498,18.18,15.94,1.484,9,297,2316.5,471.646,1103.349,1008.242,810.324,185.428,995.752,3.828,6960.264,1.897,6962.162,116145.131,150,251.022,318.372,12.284,0.194,3.103,2.559,9643.011,390.94,0.768,2088.3,7.7,835.3,0,0,17.909,27.267,19.132,239,Mackay,Mackay,Pind,1958,LPOH_5_15,BareFallow,42,MW_Surf2,130_150,33,3,9,SWD_0_50_200_50_50,P2R,MW_01MayR6V1,MW_T3,2613.5,1305.242,1574.995,1760.423,15.581,3.297,10.132986833093,0.132824237360307,17.7054886211513,0.881733333333333,0.526886089665448,23.823,3_9
01/07/2013,2013,182,2012,01-May,7,sugar,alive,0,0,6,365,4.497,2006,1/7/2012,121,0,0,181,2013,14,2616,5954.22,5309.02,6545.87,4571.77,141.642,2455.27,,0,0,0,18.421,124.7,102.177,92.177,1.897,6960.264,6962.162,116145.131,18.76,16.4,1.487,9,297,2091,482.632,863.457,1034.063,868.768,170.177,1038.946,2.524,6970.453,3.49,6973.942,116328.668,150,263.925,340.589,5.125,0.185,2.211,1.329,10785.79,393.132,0.767,2079.5,7.7,831.8,0,0,18.045,27.322,19.55,189,Mackay,Mackay,Pind,1958,LPOH_5_15,BareFallow,42,MW_Surf2,130_150,33,3,9,SWD_0_50_200_50_50,P2R,MW_01MayR6V1,MW_T3,2388,1331.063,1346.089,1516.266,7.521,2.396,10.6412694215075,0.136332398411467,18.9614457831325,0.94428,0.536675191815857,24.553,3_9
01/05/2014,2014,121,0,01-May,7,none,out,0,0,-1,0,6,2006,0.000,121,0,0,181,-1,14,2616,0,0,0,0,0,0,,0,0,0,0,0,87.142,77.142,3.49,6970.453,6973.942,116328.668,0,0,1.491,0,0,1228,518.282,332.548,695.284,0,303.539,303.539,0.62,7046.41,60.943,7107.354,116599.842,0,0,152.179,27.497,3.512,1.631,3.864,11044.646,394.983,0.005,7.7,0,3.1,0,0,19.387,28.809,20.67,162,Mackay,Mackay,Pind,1958,LPOH_5_15,BareFallow,42,MW_Surf2,130_150,33,3,9,SWD_0_50_200_50_50,P2R,MW_01MayR6V1,MW_T3,1228,695.284,850.83,1154.369,32.64,5.143,0,0,0,,,0,3_9
01/09/2015,2015,244,2014,01-May,8,sugar,alive,0,0,0,488,4.689,2014,1/5/2014,121,0,0,181,2015,14,2616,4665.64,4146.03,4797.8,3776.66,114.893,1547.67,,0,0,0,13.669,161.9,160.773,160.773,60.943,7046.41,7107.354,116599.842,24.36,22.46,1.497,9,297,1054,68.016,232.097,835.636,667.552,480.295,1147.847,4.782,6867.446,26.323,6893.769,114897.132,130,331.989,352.759,41.275,1.744,5.001,7.578,4984.357,397.99,0.833,2560.3,9.4,1024.1,0,0,17.234,27.2,19.19,127,Mackay,Mackay,Pind,1958,LPOH_5_15,BareFallow,42,MW_Surf2,130_150,33,3,9,SWD_0_50_200_50_50,P2R,MW_01MayR6V1,MW_T3,1351,1132.636,300.113,780.408,48.02,6.745,10.1438591038957,0.100094350553689,15.3805890227577,0.883792307692308,0.346074719343111,15.477,3_9
01/09/2016,2016,245,2015,01-May,8,sugar,alive,0,0,1,366,4.528,2014,1/9/2015,121,0,0,181,2016,14,2616,6319.77,5607.93,6678.33,4826.29,148.555,2499.15,,0,0,0,17.792,127.1,45.815,35.815,26.323,6867.446,6893.769,114897.132,20.04,17.43,1.462,9,297,1800.8,178.472,718.635,1027.285,908.695,243.932,1152.628,13.473,6872.3,8.854,6881.154,115083.777,150,268.397,326.354,27.61,7.166,2.271,5.384,8393.6,400.283,0.828,2510.8,9.2,1004.3,0,0,19.326,28.311,18.877,143,Mackay,Mackay,Pind,1958,LPOH_5_15,BareFallow,42,MW_Surf2,130_150,33,3,9,SWD_0_50_200_50_50,P2R,MW_01MayR6V1,MW_T3,2097.8,1324.285,897.107,1141.039,37.047,9.437,11.2177514658854,0.128883733520269,19.8868808567604,0.990366666666667,0.55348979310499,24.992,3_9
01/08/2017,2017,213,2016,01-May,8,sugar,alive,0,0,2,334,4.483,2014,1/9/2016,121,0,0,181,2017,14,2616,4138.53,3665.94,4661.02,3079.24,94.737,1736.7,,0,0,0,19.648,89.2,75.88,65.88,8.854,6872.3,6881.154,115083.777,13.88,12.14,1.467,4,132,2279.3,534.034,1114.128,949.149,631.159,136.694,767.853,2.35,6934.81,4.797,6939.607,115682.172,150,204.608,301.661,10.789,5.739,1.906,2.354,10201.652,402.412,0.729,1864.5,7.1,745.8,0,0,19.085,28.371,17.739,276,Mackay,Mackay,Pind,1958,LPOH_5_15,BareFallow,42,MW_Surf2,130_150,33,3,9,SWD_0_50_200_50_50,P2R,MW_01MayR6V1,MW_T3,2411.3,1081.149,1648.162,1784.856,18.434,7.645,8.76262198827359,0.12337908427785,16.2778350515464,0.63158,0.463017086330935,17.367,3_9
01/07/2018,2018,182,2017,01-May,8,sugar,alive,0,0,3,334,4.443,2014,1/8/2017,121,0,0,181,2018,14,2616,4706.28,4029.41,5080.25,3487.5,105.91,1635.17,,0,0,0,16.09,110,63.165,53.165,4.797,6934.81,6939.607,115682.172,18.09,15.61,1.485,9,297,1171.2,295.28,255.291,804.433,714.726,179.598,894.325,1.081,6937.846,2.817,6940.663,115879.68,150,243.795,317.44,11.998,0.275,0.692,2.3,8588.301,404.569,0.784,2191.9,8.1,876.8,0,0,18.691,28.625,18.509,103,Mackay,Mackay,Pind,1958,LPOH_5_15,BareFallow,42,MW_Surf2,130_150,33,3,9,SWD_0_50_200_50_50,P2R,MW_01MayR6V1,MW_T3,1468.2,1101.433,550.571,730.169,12.965,0.967,9.61565524185311,0.118424510105387,14.1780455153949,0.706066666666667,0.434422363050924,16.352,3_9
01/07/2019,2019,182,2018,01-May,8,sugar,alive,0,0,4,365,4.518,2014,1/7/2018,121,0,0,181,2019,14,2616,5457.13,4829.48,5965.74,4063.11,125.043,2082.94,,0,0,0,17.589,124.8,68.469,58.469,2.817,6937.846,6940.663,115879.68,19.25,16.95,1.484,9,297,1616.7,356.932,570.55,929.382,775.531,187.075,962.606,3.746,6954.666,2.963,6957.628,116137.441,150,261.563,337.779,7.402,0.145,1.897,1.582,9976.436,406.953,0.736,1903,7,761.2,0,0,18.518,27.946,17.42,123,Mackay,Mackay,Pind,1958,LPOH_5_15,BareFallow,42,MW_Surf2,130_150,33,3,9,SWD_0_50_200_50_50,P2R,MW_01MayR6V1,MW_T3,1913.7,1226.382,927.482,1114.557,9.444,2.042,10.1960889836935,0.129900499269691,16.7393574297189,0.83362,0.478060734889874,20.829,3_9
01/07/2020,2020,183,2019,01-May,8,sugar,alive,0,0,5,366,4.518,2014,1/7/2019,121,0,0,181,2020,14,2616,5690.25,5032.04,6229.08,4340.8,133.772,2265.62,,0,0,0,17.932,129.9,74.082,64.082,2.963,6954.666,6957.628,116137.441,19.45,17.04,1.487,9,297,1586,283.562,526.201,936.712,880.411,173.644,1054.056,1.77,6968.442,2.757,6971.199,116485.782,150,268.811,344.339,4.083,0.112,1.477,1.046,10840.044,409.37,0.754,2001.2,7.4,800.5,0,0,18.059,28.115,18.63,167,Mackay,Mackay,Pind,1958,LPOH_5_15,BareFallow,42,MW_Surf2,130_150,33,3,9,SWD_0_50_200_50_50,P2R,MW_01MayR6V1,MW_T3,1883,1233.712,809.763,983.407,5.672,1.589,10.8430492691973,0.126911663137442,17.9078982597055,0.891813333333333,0.497643325607955,22.656,3_9
01/07/2021,2021,182,2020,01-May,8,sugar,alive,0,0,6,365,4.522,2014,1/7/2020,121,0,0,181,2021,14,2616,5458.64,4868.58,6060.63,4130.08,127.809,2167.12,,0,0,0,17.956,135.5,75.263,65.263,2.757,6968.442,6971.199,116485.782,19.94,17.78,1.49,9,297,1294.6,232.191,339.304,903.957,797.942,166.833,964.775,0.951,6971.816,2.203,6974.019,116414.441,150,273.188,356.792,8.306,0.105,1.015,1.839,11089.376,411.819,0.722,1826.9,6.8,730.8,0,0,18.525,27.767,17,146,Mackay,Mackay,Pind,1958,LPOH_5_15,BareFallow,42,MW_Surf2,130_150,33,3,9,SWD_0_50_200_50_50,P2R,MW_01MayR6V1,MW_T3,1591.6,1200.957,571.495,738.328,9.426,1.12,10.6422627954207,0.132475447643233,17.1096385542169,0.85206,0.467842657803417,21.671,3_9
01/05/2022,2022,121,0,01-May,8,none,out,0,0,-1,0,6,2014,0.000,121,0,0,181,-1,14,2616,0,0,0,0,0,0,,0,0,0,0,0,112.593,102.593,2.203,6971.816,6974.019,116414.441,0,0,1.492,0,0,1029,437.916,199.305,701.452,0,302.231,302.231,1.693,7017.224,95.357,7112.581,116216.581,0,0,178.314,31.721,0.936,1.183,5.183,11018.045,413.886,0.005,6.5,0,2.6,0,0,19.468,28.982,18.458,124,Mackay,Mackay,Pind,1958,LPOH_5_15,BareFallow,42,MW_Surf2,130_150,33,3,9,SWD_0_50_200_50_50,P2R,MW_01MayR6V1,MW_T3,1029,701.452,637.221,939.452,33.84,2.119,0,0,0,,,0,3_9
03/05/1959,1959,123,0,01-May,0,none,out,0,0,-1,0,6,-1,0.000,123,2,0,183,-1,12,2616,0,0,0,0,0,0,,0,0,0,0,0,0,0,0,0,0,0,0,0,1.327,0,0,1159.2,0,681.419,477.781,0,332.628,332.628,31.665,6521.77,117.969,6639.74,109047.536,0,0,118.976,14.235,0,13.717,2.834,1251.724,350,0,0.1,0,0,0,0,20.967,28.753,18.131,175.5,Mackay,Mackay,Pind,1959,LPOH_5_15,BareFallow,42,MW_Surf2,130_150,33,3,9,SWD_0_50_200_50_50,P2R,MW_01MayR6V1,MW_T3,1159.2,477.781,681.419,1014.047,27.952,13.717,0,0,0,,,0,3_9
03/09/1960,1960,247,1959,01-May,1,sugar,alive,0,0,0,489,4.587,1959,3/5/1959,123,2,0,183,1960,12,2616,5834.73,5096.74,5868.52,4662.27,141.421,2368.48,,0,0,0,17.7,131,174.953,174.953,117.969,6521.77,6639.74,109047.536,20.57,17.86,1.304,9,297,2371.2,326.938,1196.609,1044.65,841.477,410.382,1251.859,24.734,6456.392,5.782,6462.174,109269.552,130,284.475,239.242,31.66,23.58,4.714,6.202,3035.797,350,0.938,3969.3,14.5,1587.7,0,0,15.653,25.968,18.636,235.7,Mackay,Mackay,Pind,1959,LPOH_5_15,BareFallow,42,MW_Surf2,130_150,33,3,9,SWD_0_50_200_50_50,P2R,MW_01MayR6V1,MW_T3,2668.2,1341.65,1523.547,1933.929,59.954,28.294,10.5408265941192,0.112968792811331,18.9318607764391,1.08785384615385,0.497129800509711,23.685,3_9
03/09/1961,1961,246,1960,01-May,1,sugar,alive,0,0,1,365,4.406,1959,3/9/1960,123,2,0,183,1961,12,2616,3552.74,3223.23,3993.22,2672.97,83.186,1624.52,,0,0,0,21.12,60.7,49.748,39.748,5.782,6456.392,6462.174,109269.552,10.04,8.84,1.284,8,264,1045.1,263.995,258.741,697.136,549.34,187.508,736.849,0.256,6572.982,4.653,6577.634,109917.722,150,150.273,242.77,6.337,3.957,0.324,1.295,8595.326,350,0.676,1608.3,6.4,643.3,0,0,16.602,26.984,19.93,136.7,Mackay,Mackay,Pind,1959,LPOH_5_15,BareFallow,42,MW_Surf2,130_150,33,3,9,SWD_0_50_200_50_50,P2R,MW_01MayR6V1,MW_T3,1309.1,961.136,522.736,710.244,10.618,4.281,8.65496662282965,0.112894229346854,11.650700280112,0.554573333333333,0.553565843498167,16.245,3_9
03/08/1962,1962,215,1961,01-May,1,sugar,alive,0,0,2,334,4.395,1959,3/9/1961,123,2,0,183,1962,12,2616,4696.27,4179.14,5128.77,3406.41,105.298,1797.89,,0,0,0,18.101,84.6,83.263,73.263,4.653,6572.982,6577.634,109917.722,14.9,13.01,1.315,9,297,1271.7,362.828,311.626,828.887,691.191,204.496,895.686,1.285,6570.504,5.055,6575.559,110012.144,150,206.943,281.184,23.778,7.082,1.054,4.52,7214.129,350,0.722,1829.3,6.8,731.7,0,0,18.01,27.558,19.745,153.2,Mackay,Mackay,Pind,1959,LPOH_5_15,BareFallow,42,MW_Surf2,130_150,33,3,9,SWD_0_50_200_50_50,P2R,MW_01MayR6V1,MW_T3,1568.7,1125.887,674.454,878.95,31.914,8.136,9.35244833628952,0.117561288219309,14.0961178045515,0.701986666666667,0.508826101873463,17.979,3_9
03/07/1963,1963,184,1962,01-May,1,sugar,alive,0,0,3,334,4.431,1959,3/8/1962,123,2,0,183,1963,12,2616,4144.6,3662.02,4624.38,3004.76,92.555,1488.24,,0,0,0,16.878,87.3,63.824,53.824,5.055,6570.504,6575.559,110012.144,14.38,12.61,1.315,8,264,2681.4,552.998,1535.469,840.961,639.139,198.255,837.395,8.409,6622.973,2.881,6625.854,110779.488,150,202.744,287.372,5.725,2.112,4.469,1.305,8507.488,350,0.685,1648.9,6.1,659.6,0,0,18.396,28.078,19.145,406.4,Mackay,Mackay,Pind,1959,LPOH_5_15,BareFallow,42,MW_Surf2,130_150,33,3,9,SWD_0_50_200_50_50,P2R,MW_01MayR6V1,MW_T3,2945.4,1104.961,2088.467,2286.722,12.306,6.581,8.37631373414989,0.110527289988596,12.9628851540616,0.617033333333334,0.456511660024464,14.882,3_9
03/07/1964,1964,185,1963,01-May,1,sugar,alive,0,0,4,366,4.462,1959,3/7/1963,123,2,0,183,1964,12,2616,5376.56,4775.77,5870.98,4050.55,125.271,2083.11,,0,0,0,17.553,113.2,67.363,57.363,2.881,6622.973,6625.854,110779.488,17.68,15.48,1.328,9,297,1032.9,169.609,119.147,871.538,801.407,197.867,999.274,0.39,6631.835,3.499,6635.334,110788.919,150,241.899,310.934,13.93,0.435,0.705,2.801,9327.499,350,0.736,1900.2,7.1,760.1,0,0,17.537,27.214,19.641,68.1,Mackay,Mackay,Pind,1959,LPOH_5_15,BareFallow,42,MW_Surf2,130_150,33,3,9,SWD_0_50_200_50_50,P2R,MW_01MayR6V1,MW_T3,1329.9,1168.538,288.756,486.623,15.07,1.14,10.720318894208,0.125362012821308,16.7698795180723,0.83514,0.517864894026019,20.831,3_9
03/07/1965,1965,184,1964,01-May,1,sugar,alive,0,0,5,365,4.49,1959,3/7/1964,123,2,0,183,1965,12,2616,5453.42,4829.45,5972.94,4102.98,126.38,2363.31,,0,0,0,20.101,109.9,91.233,81.233,3.499,6631.835,6635.334,110788.919,17.18,14.89,1.33,9,297,1089.1,227.399,141.701,881.453,853.897,170.008,1023.905,0.34,6656.28,3.465,6659.745,111162.81,150,242.937,328.216,11.461,0.629,0.271,2.521,10274.994,350,0.769,2091.3,7.8,836.5,0,0,17.739,27.395,19.476,77.2,Mackay,Mackay,Pind,1959,LPOH_5_15,BareFallow,42,MW_Surf2,130_150,33,3,9,SWD_0_50_200_50_50,P2R,MW_01MayR6V1,MW_T3,1386.1,1178.453,369.1,539.108,12.361,0.9,10.7242291376915,0.123429419721556,16.9183400267738,0.842533333333333,0.520217175646361,23.633,3_9
03/07/1966,1966,184,1965,01-May,1,sugar,alive,0,0,6,365,4.443,1959,3/7/1965,123,2,0,183,1966,12,2616,4704.53,4134.35,5208.46,3505.08,107.71,1934.79,,0,0,0,19.194,104,66.327,56.327,3.465,6656.28,6659.745,111162.81,16.37,14.28,1.34,9,297,1012.3,262.838,109.391,803.617,739.034,174.91,913.944,0.271,6697.99,2.811,6700.801,111882.894,150,227.246,312.677,7.743,0.291,0.249,1.785,9830.366,350,0.737,1906.1,7.1,762.5,0,0,17.045,27.142,19.958,80,Mackay,Mackay,Pind,1959,LPOH_5_15,BareFallow,42,MW_Surf2,130_150,33,3,9,SWD_0_50_200_50_50,P2R,MW_01MayR6V1,MW_T3,1309.3,1100.617,372.229,547.139,8.283,0.54,9.78632894094858,0.117851859632538,14.4190093708166,0.718066666666667,0.473979740017426,19.348,3_9
01/05/1967,1967,121,0,01-May,1,none,out,0,0,-1,0,6,1959,0.000,121,0,0,183,-1,12,2616,0,0,0,0,0,0,,0,0,0,0,0,71.454,61.454,2.811,6697.99,6700.801,111882.894,0,0,1.351,0,0,795.6,362.797,74.261,613.375,0,298.737,298.737,0.136,6762.617,76.933,6839.55,111797.335,0,0,135.911,14.949,1.148,0.566,2.151,9885.674,350,0.107,162.4,0.8,65,0,0,18.217,27.913,20.949,87.6,Mackay,Mackay,Pind,1959,LPOH_5_15,BareFallow,42,MW_Surf2,130_150,33,3,9,SWD_0_50_200_50_50,P2R,MW_01MayR6V1,MW_T3,795.6,613.375,437.058,735.795,16.663,1.714,0,0,0,,,0,3_9
01/09/1968,1968,245,1967,01-May,2,sugar,alive,0,0,0,489,4.606,1967,1/5/1967,121,0,0,181,1968,14,2616,6580.09,5830.82,6692.67,5291.87,162.42,2725.58,,0,0,0,17.741,182.9,131.259,131.259,76.933,6762.617,6839.55,111797.335,26.21,23.46,1.36,9,297,2695.3,278.579,1422.253,1173.342,931.748,414.298,1346.046,28.312,6577.485,7.413,6584.898,110544.615,130,358.524,357.211,40.965,9.163,15.4,7.854,4730.284,350,0.926,3719.1,13.6,1487.6,0,0,16.088,26.084,18.747,213.1,Mackay,Mackay,Pind,1959,LPOH_5_15,BareFallow,42,MW_Surf2,130_150,33,3,9,SWD_0_50_200_50_50,P2R,MW_01MayR6V1,MW_T3,2992.3,1470.342,1700.832,2115.13,65.528,24.563,11.0464096108252,0.120664524095016,21.7429718875502,1.24938461538462,0.453024065334538,27.256,3_9
01/09/1969,1969,244,1968,01-May,2,sugar,alive,0,0,1,365,4.5,1967,1/9/1968,121,0,0,181,1969,14,2616,4571.24,4065.84,4986.42,3463.51,106.595,2020.92,,0,0,0,20.419,91.6,58.682,48.682,7.413,6577.485,6584.898,110544.615,14.37,12.52,1.325,9,297,977.4,222.398,163.367,740.586,685.66,182.731,868.391,0.464,6659.561,3.943,6663.505,111219.263,150,203.608,293.558,5.311,3.949,0.319,1.271,9794.491,350,0.734,1889.8,7.1,755.9,0,0,18.137,27.592,19.867,55.6,Mackay,Mackay,Pind,1959,LPOH_5_15,BareFallow,42,MW_Surf2,130_150,33,3,9,SWD_0_50_200_50_50,P2R,MW_01MayR6V1,MW_T3,1274.4,1037.586,385.765,568.496,9.579,4.268,10.27336529213,0.122750005469886,14.2697456492637,0.710633333333333,0.523530509606695,20.209,3_9
01/08/1970,1970,213,1969,01-May,2,sugar,alive,0,0,2,334,4.393,1967,1/9/1969,121,0,0,181,1970,14,2616,4214.78,3591.28,4536.97,3126.81,94.572,1530.62,,0,0,0,17.007,82.2,60.926,50.926,3.943,6659.561,6663.505,111219.263,14.48,12.19,1.351,9,297,1634.3,278.532,792.929,717.732,674.149,175.724,849.872,1.766,6697.452,1.464,6698.916,111748.694,150,202.575,283.444,14.794,1.213,1.371,2.923,8150.045,350,0.796,2271.7,8.5,908.7,0,0,17.663,27.813,20.398,411.7,Mackay,Mackay,Pind,1959,LPOH_5_15,BareFallow,42,MW_Surf2,130_150,33,3,9,SWD_0_50_200_50_50,P2R,MW_01MayR6V1,MW_T3,1931.3,1014.732,1071.461,1247.185,17.378,2.584,9.31989924433249,0.111277933618239,12.6602409638554,0.63048,0.466849315068493,15.306,3_9
01/07/1971,1971,182,1970,01-May,2,sugar,alive,0,0,3,334,4.425,1967,1/8/1970,121,0,0,181,1971,14,2616,5142.79,4486.52,5575.76,3817.45,116.861,1789.46,,0,0,0,15.935,114.3,52.893,42.893,1.464,6697.452,6698.916,111748.694,18.36,15.96,1.362,8,264,1625.3,328.737,535.622,949.882,795.247,186.364,981.611,3.291,6706.165,1.898,6708.063,111974.816,150,252.71,318.133,7.302,0.346,1.78,1.503,8860.392,350,0.796,2273.9,8.4,909.6,0,0,17.837,27.739,19.463,129.3,Mackay,Mackay,Pind,1959,LPOH_5_15,BareFallow,42,MW_Surf2,130_150,33,3,9,SWD_0_50_200_50_50,P2R,MW_01MayR6V1,MW_T3,1889.3,1213.882,864.359,1050.723,9.428,2.126,9.62704776905828,0.119050214392463,16.3670868347339,0.779073333333333,0.462431245300938,17.895,3_9
01/07/1972,1972,183,1971,01-May,2,sugar,alive,0,0,4,366,4.494,1967,1/7/1971,121,0,0,181,1972,14,2616,5322.21,4751.97,5879.89,4000.78,123.639,2168.43,,0,0,0,18.672,117,80.224,70.224,1.898,6706.165,6708.063,111974.816,17.87,15.78,1.364,9,297,2077.4,522.064,808.2,1037.29,853.201,185.63,1038.831,2.726,6724.43,3.177,6727.607,112287.945,150,247.794,339.404,16.384,0.534,2.51,3.234,10416.677,350,0.746,1960.4,7.3,784.2,0,0,17.741,27.479,19.215,183.4,Mackay,Mackay,Pind,1959,LPOH_5_15,BareFallow,42,MW_Surf2,130_150,33,3,9,SWD_0_50_200_50_50,P2R,MW_01MayR6V1,MW_T3,2374.4,1334.29,1330.264,1515.894,19.428,3.044,9.26627644664953,0.119017434019585,16.55140562249,0.82426,0.498958812562048,21.684,3_9
01/07/1973,1973,182,1972,01-May,2,sugar,alive,0,0,5,365,4.488,1967,1/7/1972,121,0,0,181,1973,14,2616,4476.8,3970.77,5023.37,3286.11,101.211,1620.1,,0,0,0,16.789,105.7,67.529,57.529,3.177,6724.43,6727.607,112287.945,16.29,14.44,1.371,9,297,1091.3,276.017,237.824,711.314,665.841,192.984,858.826,0.747,6768.358,4.699,6773.057,112833.505,150,223.048,311.175,5.429,0.148,0.919,1.309,9734.675,350,0.683,1640.5,6.1,656.2,0,0,17.985,27.773,19.988,148.3,Mackay,Mackay,Pind,1959,LPOH_5_15,BareFallow,42,MW_Surf2,130_150,33,3,9,SWD_0_50_200_50_50,P2R,MW_01MayR6V1,MW_T3,1388.3,1008.314,513.841,706.825,6.496,1.067,10.0376470028186,0.117848085642493,13.5489959839357,0.67474,0.453763315519529,16.201,3_9
01/07/1974,1974,182,1973,01-May,2,sugar,alive,0,0,6,365,4.499,1967,1/7/1973,121,0,0,181,1974,14,2616,5316.17,4747.37,5870.97,3997.69,123.454,1866.59,,0,0,0,15.697,123.4,65.163,55.163,4.699,6768.358,6773.057,112833.505,18.63,16.54,1.383,4,132,3164.5,765.808,1597.063,1103.37,739.138,187.285,926.422,6.765,6771.869,4.628,6776.497,112862.906,150,253.876,318.049,8.81,0.224,5.5,1.869,9797.978,350,0.775,2133.3,7.9,853.3,0,0,18.515,27.028,17.87,199.6,Mackay,Mackay,Pind,1959,LPOH_5_15,BareFallow,42,MW_Surf2,130_150,33,3,9,SWD_0_50_200_50_50,P2R,MW_01MayR6V1,MW_T3,3296.5,1235.37,2362.871,2550.156,14.534,5.724,9.9932813650971,0.133258925198236,21.2120274914089,0.823026666666667,0.486276765034899,18.666,3_9
01/05/1975,1975,121,0,01-May,2,none,out,0,0,-1,0,6,1967,0.000,121,0,0,181,-1,14,2616,0,0,0,0,0,0,,0,0,0,0,0,64.37,54.37,4.628,6771.869,6776.497,112862.906,0,0,1.387,0,0,1687.2,780.207,597.888,802.202,0,233.104,233.104,0.223,6885.137,44.871,6930.008,113767,0,0,104.33,7.375,1.277,0.674,0.855,9722.011,350,0.008,11,0.1,4.4,0,0,18.084,27.777,20.592,139.4,Mackay,Mackay,Pind,1959,LPOH_5_15,BareFallow,42,MW_Surf2,130_150,33,3,9,SWD_0_50_200_50_50,P2R,MW_01MayR6V1,MW_T3,1687.2,802.202,1378.095,1611.199,9.326,1.951,0,0,0,,,0,3_9
01/09/1976,1976,245,1975,01-May,3,sugar,alive,0,0,0,489,4.636,1975,1/5/1975,121,0,0,181,1976,14,2616,7001.73,6187.77,7099.22,5568.29,170.094,2711.66,,0,0,0,16.709,195.4,140.37,140.37,44.871,6885.137,6930.008,113767,29.37,26.39,1.405,9,297,2388.2,314.503,1093.709,1169.353,972.64,372.668,1345.309,21.951,6653.731,3.493,6657.224,111789.283,130,400.797,407.678,33.377,5.11,6.102,6.254,5779.507,350,0.938,3976.8,14.6,1590.7,0,0,16.769,26.129,17.65,161.4,Mackay,Mackay,Pind,1959,LPOH_5_15,BareFallow,42,MW_Surf2,130_150,33,3,9,SWD_0_50_200_50_50,P2R,MW_01MayR6V1,MW_T3,2685.2,1466.353,1408.212,1780.88,44.589,11.212,11.5997989570042,0.126434893396238,22.770281124498,1.30841538461538,0.424389404112306,27.117,3_9
01/09/1977,1977,244,1976,01-May,3,sugar,alive,0,0,1,365,4.472,1975,1/9/1976,121,0,0,181,1977,14,2616,3824.95,3410.45,4264.45,2888.21,88.939,1635.83,,0,0,0,19.723,62,54.05,44.05,3.493,6653.731,6657.224,111789.283,10.41,8.89,1.362,6,198,1974.4,716.688,768.225,908.709,560.492,119.201,679.693,0.42,6770.992,4.726,6775.718,112802.344,150,149.548,258.908,29.124,8.588,1.38,5.421,9674.435,350,0.801,2303.9,9.5,921.5,0,0,17.945,27.348,19.161,166.6,Mackay,Mackay,Pind,1959,LPOH_5_15,BareFallow,42,MW_Surf2,130_150,33,3,9,SWD_0_50_200_50_50,P2R,MW_01MayR6V1,MW_T3,2172.4,1106.709,1484.913,1604.114,39.092,9.968,8.0363492119428,0.130851722763071,13.7251543209877,0.592926666666667,0.594718752507556,16.358,3_9
01/08/1978,1978,213,1977,01-May,3,sugar,alive,0,0,2,334,4.403,1975,1/9/1977,121,0,0,181,1978,14,2616,4706.43,4127.05,5115.3,3418.11,104.9,1757.73,,0,0,0,17.71,96.8,49.844,39.844,4.726,6770.992,6775.718,112802.344,17.11,14.99,1.396,9,297,1361.6,174.379,587.191,726.347,680.855,180.97,861.825,1.509,6771.235,3.764,6774.999,112950.692,150,233.706,301.517,10.322,0.186,1.51,2.052,7822.625,350,0.777,2144.7,8,857.9,0,0,18.17,27.707,20.333,300,Mackay,Mackay,Pind,1959,LPOH_5_15,BareFallow,42,MW_Surf2,130_150,33,3,9,SWD_0_50_200_50_50,P2R,MW_01MayR6V1,MW_T3,1658.6,1023.347,761.57,942.54,12.018,1.696,10.2506774339496,0.121718446320309,14.0428380187416,0.699333333333333,0.448854543742993,17.577,3_9
01/07/1979,1979,182,1978,01-May,3,sugar,alive,0,0,3,334,4.408,1975,1/8/1978,121,0,0,181,1979,14,2616,4521.28,4002.32,5041.9,3268.46,100.68,1554.75,,0,0,0,16.094,107.1,67.049,57.049,3.764,6771.235,6774.999,112950.692,17.06,15.16,1.397,6,198,2843.8,502.188,1662.461,927.79,631.775,166.747,798.522,8.829,6794.753,2.598,6797.352,113125.715,150,233.561,316.945,17.433,0.799,6.088,3.339,9471.464,350,0.691,1680,6.3,672,0,0,18.622,27.023,18.42,509.4,Mackay,Mackay,Pind,1959,LPOH_5_15,BareFallow,42,MW_Surf2,130_150,33,3,9,SWD_0_50_200_50_50,P2R,MW_01MayR6V1,MW_T3,3041.8,1125.79,2164.649,2331.396,24.32,6.887,8.94305332255572,0.126082938228377,15.537037037037,0.6712,0.431065117892114,15.547,3_9
01/07/1980,1980,183,1979,01-May,3,sugar,alive,0,0,4,366,4.517,1975,1/7/1979,121,0,0,181,1980,14,2616,5825.77,5193.89,6380.16,4418.54,136.377,2173.43,,0,0,0,16.702,129.8,133.678,123.678,2.598,6794.753,6797.352,113125.715,19.46,17.14,1.406,9,297,1248.6,148.35,405.948,824.557,843.564,186.185,1029.749,1.274,6800.352,3.81,6804.163,113393.385,150,268.836,326.233,3.712,0.094,1.108,0.937,10076.647,350,0.788,2218.9,8.2,887.6,0,0,18.395,27.626,19.976,215.6,Mackay,Mackay,Pind,1959,LPOH_5_15,BareFallow,42,MW_Surf2,130_150,33,3,9,SWD_0_50_200_50_50,P2R,MW_01MayR6V1,MW_T3,1545.6,1121.557,554.298,740.483,4.914,1.202,12.1596138225699,0.13243712788262,18.2566265060241,0.90918,0.507286970495023,21.734,3_9
01/07/1981,1981,182,1980,01-May,3,sugar,alive,0,0,5,365,4.48,1975,1/7/1980,121,0,0,181,1981,14,2616,4972.73,4453.82,5589.68,3702.47,114.594,1991.79,,0,0,0,18.479,112,77.232,67.232,3.81,6800.352,6804.163,113393.385,17.21,15.31,1.41,8,264,1619.3,535.483,427.079,984.814,733.395,161.373,894.768,1.111,6827.449,4.996,6832.445,113701.848,150,238.742,329.224,13.906,0.272,1.196,2.88,10706.363,350,0.734,1889.8,7,755.9,0,0,18.21,27.259,19.351,101.3,Mackay,Mackay,Pind,1959,LPOH_5_15,BareFallow,42,MW_Surf2,130_150,33,3,9,SWD_0_50_200_50_50,P2R,MW_01MayR6V1,MW_T3,1883.3,1248.814,962.562,1123.935,15.374,1.468,9.17622640361175,0.12807118716807,16.0495798319328,0.76396,0.479990952576421,19.918,3_9
01/07/1982,1982,182,1981,01-May,3,sugar,alive,0,0,6,365,4.487,1975,1/7/1981,121,0,0,181,1982,14,2616,5115.59,4431.82,5559.17,3856.15,117.411,1937.47,,0,0,0,17.397,128.6,87.202,77.202,4.996,6827.449,6832.445,113701.848,19.24,16.73,1.42,9,297,1258.9,321.224,303.897,853.49,750.811,189.592,940.403,0.931,6834.078,3.915,6837.993,114070.376,150,263.923,336.605,7.667,0.145,0.774,1.698,10069.109,350,0.804,2325,8.6,930,0,0,18.212,27.411,19.836,222,Mackay,Mackay,Pind,1959,LPOH_5_15,BareFallow,42,MW_Surf2,130_150,33,3,9,SWD_0_50_200_50_50,P2R,MW_01MayR6V1,MW_T3,1555.9,1150.49,625.121,814.713,8.586,0.919,10.205303827065,0.12485179226353,15.7176706827309,0.78274,0.444868389643949,19.375,3_9
05/05/1983,1983,125,0,01-May,3,none,out,0,0,-1,0,6,1975,0.000,125,4,0,185,-1,10,2616,0,0,0,0,0,0,,0,0,0,0,0,59.579,49.579,3.915,6834.078,6837.993,114070.376,0,0,1.423,0,0,1088.8,369.454,298.354,676.89,0,264.242,264.242,4.456,6944.729,41.895,6986.624,114928.954,0,0,119.033,17.769,0.783,1.834,2.257,9557.491,350,0.115,175,0.8,70,0,0,18.613,27.679,21.447,109,Mackay,Mackay,Pind,1959,LPOH_5_15,BareFallow,42,MW_Surf2,130_150,33,3,9,SWD_0_50_200_50_50,P2R,MW_01MayR6V1,MW_T3,1088.8,676.89,667.808,932.05,20.386,2.617,0,0,0,,,0,3_9
05/09/1984,1984,249,1983,01-May,4,sugar,alive,0,0,0,489,4.659,1983,5/5/1983,125,4,0,185,1984,10,2616,4603.18,4006.28,4649.89,3685.11,109.972,1776.26,,0,0,0,16.967,160.3,216.33,216.33,41.895,6944.729,6986.624,114928.954,24.76,22.57,1.434,9,297,1055.7,94.006,344.251,713.567,645.984,417.663,1063.648,14.268,6759.327,12.204,6771.53,113041.143,130,339.054,355.833,28.17,1.106,12.255,5.437,5038.365,350,0.948,4237.2,15.5,1694.9,0,0,17.234,26.24,18.245,156,Mackay,Mackay,Pind,1959,LPOH_5_15,BareFallow,42,MW_Surf2,130_150,33,3,9,SWD_0_50_200_50_50,P2R,MW_01MayR6V1,MW_T3,1352.7,1010.567,438.257,855.92,41.531,13.361,10.8822077111166,0.103391347513463,14.7218206157965,0.845938461538461,0.324349513646794,17.763,3_9
05/09/1985,1985,248,1984,01-May,4,sugar,alive,0,0,1,365,4.492,1983,5/9/1984,125,4,0,185,1985,10,2616,5955.88,5287.62,6294.09,4604.99,141.689,2297.63,,0,0,0,17.046,128.3,49.126,39.126,12.204,6759.327,6771.53,113041.143,19.96,17.51,1.396,9,297,1619.8,167.423,661.655,913.089,848.098,212.977,1061.074,8.469,6781.278,4.292,6785.57,113360.852,150,267.947,333.279,15.426,3.222,1.974,2.997,8866.173,350,0.863,2838.4,10.5,1135.3,0,0,18.241,27.166,19.507,365,Mackay,Mackay,Pind,1959,LPOH_5_15,BareFallow,42,MW_Surf2,130_150,33,3,9,SWD_0_50_200_50_50,P2R,MW_01MayR6V1,MW_T3,1916.8,1210.089,829.078,1042.055,20.622,5.196,11.7089734721992,0.133533570702892,18.9677376171352,0.944593333333333,0.528794873613065,22.976,3_9
05/08/1986,1986,217,1985,01-May,4,sugar,alive,0,0,2,334,4.426,1983,5/9/1985,125,4,0,185,1986,10,2616,3836.1,3436.66,4371.61,2794.75,86.833,1586.41,,0,0,0,19.572,73.8,57.774,47.774,4.292,6781.278,6785.57,113360.852,12.45,10.99,1.411,5,165,1377.6,503.982,351.72,874.475,523.707,123.829,647.536,0.13,6830.991,4.482,6835.473,113716.157,150,175.764,287.546,34.778,14.112,0.343,6.312,9451.319,350,0.671,1589,6.3,635.6,0,0,19.204,27.585,19.318,134,Mackay,Mackay,Pind,1959,LPOH_5_15,BareFallow,42,MW_Surf2,130_150,33,3,9,SWD_0_50_200_50_50,P2R,MW_01MayR6V1,MW_T3,1542.6,1039.475,855.702,979.531,49.233,14.455,8.3535438562736,0.134097563687579,14.1191869918699,0.578886666666667,0.494031769873239,15.864,3_9
05/07/1987,1987,186,1986,01-May,4,sugar,alive,0,0,3,334,4.495,1983,5/8/1986,125,4,0,185,1987,10,2616,4738.72,4159.29,5203.36,3527.06,107.667,1618.32,,0,0,0,15.588,124.8,87.136,77.136,4.482,6830.991,6835.473,113716.157,19.2,17.08,1.428,9,297,721.9,17.852,40.293,675.429,689.49,218.782,908.272,0.099,6809.091,4.027,6813.119,113695.352,150,264.988,323.568,14.946,0.222,0.112,2.901,8730.273,350,0.78,2163.3,8,865.3,0,0,19.644,28.338,20.299,55,Mackay,Mackay,Pind,1959,LPOH_5_15,BareFallow,42,MW_Surf2,130_150,33,3,9,SWD_0_50_200_50_50,P2R,MW_01MayR6V1,MW_T3,1018.9,972.429,58.145,276.927,15.28,0.334,11.0719651511833,0.118540481265524,14.4132530120482,0.71778,0.406308964934261,16.183,3_9
11/07/1988,1988,193,1987,01-May,4,sugar,alive,0,0,4,372,4.527,1983,5/7/1987,125,4,6,185,1988,7,2616,5888.63,5235.15,6410.75,4444.28,136.797,2431.16,,0,0,0,18.96,123,121.62,111.62,4.027,6809.091,6813.119,113695.352,18.99,16.6,1.423,9,297,1807,235.969,728.928,1018.113,844.271,187.868,1032.14,2.136,6829.78,1.494,6831.274,114076.023,150,259.768,329.105,6.941,1.356,1.366,1.614,10092.949,350,0.798,2282.9,8.5,913.2,0,0,18.525,27.274,19.397,293.4,Mackay,Mackay,Pind,1959,LPOH_5_15,BareFallow,42,MW_Surf2,130_150,33,3,9,SWD_0_50_200_50_50,P2R,MW_01MayR6V1,MW_T3,2104,1315.113,964.897,1152.765,9.663,2.722,10.4019198350256,0.132537252698277,18.3128514056225,0.91198,0.526612207816205,24.312,3_9
15/07/1989,1989,196,1988,01-May,4,sugar,alive,0,0,5,369,4.515,1983,11/7/1988,125,4,10,191,1989,7,2622,4868.18,4321.31,5415.26,3683.08,113.417,2105.69,,0,0,0,19.936,103.2,210.583,200.583,1.494,6829.78,6831.274,114076.023,15.78,13.78,1.429,4,132,2341.7,892.384,799.009,1270.904,682.085,148.908,830.992,1.855,6871.861,1.975,6873.836,114495.069,150,223.874,315.228,12.795,2.256,4.138,2.654,10878.592,350,0.755,2010.6,7.5,804.3,0,0,18.741,26.849,18.834,197,Mackay,Mackay,Pind,1959,LPOH_5_15,BareFallow,42,MW_Surf2,130_150,33,3,9,SWD_0_50_200_50_50,P2R,MW_01MayR6V1,MW_T3,2473.7,1402.904,1691.393,1840.301,19.189,6.394,8.08444483728039,0.136483865067293,19.4874570446735,0.756113333333333,0.506610861466718,21.057,3_9
15/07/1990,1990,196,1989,01-May,4,sugar,alive,0,0,6,365,4.488,1983,15/7/1989,125,4,10,195,1990,7,2626,4895.31,4353.46,5446.66,3669.86,112.49,1665.69,,0,0,0,15.313,103.6,153.898,143.898,1.975,6871.861,6873.836,114495.069,16.43,14.44,1.442,9,297,1679.2,603.792,581.179,858.004,677.58,161.441,839.021,1.184,6904.863,2.876,6907.739,114961.056,150,229.24,288.113,6.502,0.231,1.199,1.376,9570.04,350.462,0.806,2344,8.7,937.6,0,0,18.125,27.024,19.702,130,Mackay,Mackay,Pind,1959,LPOH_5_15,BareFallow,42,MW_Surf2,130_150,33,3,9,SWD_0_50_200_50_50,P2R,MW_01MayR6V1,MW_T3,1976.2,1155.004,1184.971,1346.412,7.932,1.43,9.73936021000793,0.134072925469088,15.0589022757697,0.749933333333333,0.490708427848543,16.657,3_9
01/05/1991,1991,121,0,01-May,4,none,out,0,0,-1,0,6,1983,0.000,121,0,10,195,-1,7,2626,0,0,0,0,0,0,,0,0,0,0,0,88.106,78.106,2.876,6904.863,6907.739,114961.056,0,0,1.451,0,0,2849.8,555.183,2003.991,504.711,0,234.233,234.233,0.959,6983.586,72.89,7056.476,115303.988,0,0,122.84,5.16,1.019,1.842,0.633,9793.736,351.681,0.137,210.3,1,84.1,0,0,18.984,27.77,20.608,298.2,Mackay,Mackay,Pind,1959,LPOH_5_15,BareFallow,42,MW_Surf2,130_150,33,3,9,SWD_0_50_200_50_50,P2R,MW_01MayR6V1,MW_T3,2849.8,504.711,2559.174,2793.407,8.021,2.861,0,0,0,,,0,3_9
01/09/1992,1992,245,1991,01-May,5,sugar,alive,0,0,0,489,4.686,1991,1/5/1991,121,0,0,181,1992,14,2616,4673.42,4122.07,4758.71,3788.33,115.004,2008.67,,0,0,0,18.583,170,144.499,144.499,72.89,6983.586,7056.476,115303.988,23.32,21.3,1.463,9,297,901.1,1.693,173.955,731.866,651.522,456.367,1107.889,5.128,6803.518,61.071,6864.589,113578.905,130,322.688,349.044,30.293,0.009,2.513,5.699,4701.896,353.766,0.902,3315.3,12.1,1326.1,0,0,17.251,27.024,19.858,174,Mackay,Mackay,Pind,1959,LPOH_5_15,BareFallow,42,MW_Surf2,130_150,33,3,9,SWD_0_50_200_50_50,P2R,MW_01MayR6V1,MW_T3,1198.1,1028.866,175.648,632.015,32.815,2.522,11.1777432629711,0.103804623026314,15.3954484605087,0.884646153846154,0.356393792145974,20.087,3_9
05/09/1993,1993,248,1992,01-May,5,sugar,alive,0,0,1,369,4.494,1991,1/9/1992,121,0,4,181,1993,10,2616,5814.55,5083.04,6058.92,4372.54,133.868,2279.82,,0,0,0,18.047,126.9,41.063,31.063,61.071,6803.518,6864.589,113578.905,21.38,18.7,1.427,9,297,1265.9,123.079,387.562,868.203,755.071,219.715,974.786,1.298,6839.15,3.915,6843.065,114281.133,150,275.36,298.285,17.414,1.031,0.78,3.38,7730.267,355.381,0.842,2639.2,9.8,1055.7,0,0,18.815,27.536,20.346,185,Mackay,Mackay,Pind,1959,LPOH_5_15,BareFallow,42,MW_Surf2,130_150,33,3,9,SWD_0_50_200_50_50,P2R,MW_01MayR6V1,MW_T3,1562.9,1165.203,510.641,730.356,19.225,1.811,11.488813537212,0.137330655138666,17.920749665328,0.892453333333333,0.486156304474143,22.798,3_9
05/08/1994,1994,217,1993,01-May,5,sugar,alive,0,0,2,334,4.449,1991,5/9/1993,121,0,4,185,1994,10,2620,5401.46,4886.91,5999.67,4119.55,128.813,2455.23,,0,0,0,20.544,111.9,100.536,90.536,3.915,6839.15,6843.065,114281.133,17.42,15.53,1.44,7,231,1068.6,232.435,182.15,829.221,739.4,166.96,906.36,0.466,6874.48,5.094,6879.574,114604.289,150,243.541,330.136,13.731,1.823,0.834,2.732,10346.927,356.87,0.732,1880.6,7.1,752.3,0,0,18.821,27.471,20.056,141,Mackay,Mackay,Pind,1959,LPOH_5_15,BareFallow,42,MW_Surf2,130_150,33,3,9,SWD_0_50_200_50_50,P2R,MW_01MayR6V1,MW_T3,1299.6,1060.221,414.585,581.545,16.388,2.657,12.1496367266825,0.142121232181473,18.9152716593245,0.858753333333333,0.52891710225383,24.552,3_9
05/07/1995,1995,186,1994,01-May,5,sugar,alive,0,0,3,334,4.44,1991,5/8/1994,121,0,4,185,1995,10,2620,5374.96,4751.8,5946.43,4025.78,124.442,2158.56,,0,0,0,18.435,111.8,65.191,55.191,5.094,6874.48,6879.574,114604.289,17.82,15.54,1.454,9,297,952.9,104.008,184.967,743.105,757.762,180.598,938.361,0.601,6893.607,4.123,6897.73,115235.315,150,247.694,322.645,7.473,0.391,0.658,1.595,9424.544,358.384,0.752,1989.1,7.4,795.6,0,0,19.028,28.018,20.817,112.5,Mackay,Mackay,Pind,1959,LPOH_5_15,BareFallow,42,MW_Surf2,130_150,33,3,9,SWD_0_50_200_50_50,P2R,MW_01MayR6V1,MW_T3,1249.9,1040.105,288.975,469.573,8.522,1.049,11.9643689819778,0.132616338488066,16.6589022757697,0.829613333333333,0.502402157500787,21.586,3_9
05/07/1996,1996,187,1995,01-May,5,sugar,alive,0,0,4,366,4.499,1991,5/7/1995,121,0,4,185,1996,10,2620,5656.4,5040.43,6250.81,4300.41,133.521,2505.23,,0,0,0,20.178,122.6,69.756,59.756,4.123,6893.607,6897.73,115235.315,18.59,16.34,1.457,9,297,1242.6,172.277,301.194,899.694,845.153,200.488,1045.641,0.888,6904.668,5.463,6910.131,115186.867,150,256.021,342.946,12.624,0.742,3.092,2.345,10862.695,360.062,0.756,2016.6,7.5,806.6,0,0,18.661,27.723,20.253,106,Mackay,Mackay,Pind,1959,LPOH_5_15,BareFallow,42,MW_Surf2,130_150,33,3,9,SWD_0_50_200_50_50,P2R,MW_01MayR6V1,MW_T3,1539.6,1196.694,473.471,673.959,16.458,3.834,11.1574888818696,0.127692965367655,17.874297188755,0.89014,0.521523625015135,25.052,3_9
05/07/1997,1997,186,1996,01-May,5,sugar,alive,0,0,5,365,4.483,1991,5/7/1996,121,0,4,185,1997,10,2620,6042.85,5409.8,6678.68,4668.46,144.926,2592.66,,0,0,0,19.104,124,72.243,62.243,5.463,6904.668,6910.131,115186.867,18.61,16.29,1.462,9,297,1484.2,264.14,399.219,1010.545,887.235,175.381,1062.616,1.175,6921.004,2.841,6923.845,115479.679,150,260.401,337.582,10.373,0.927,1.062,2.267,10963.131,361.77,0.784,2191.1,8.1,876.4,0,0,17.694,27.292,20.435,203,Mackay,Mackay,Pind,1959,LPOH_5_15,BareFallow,42,MW_Surf2,130_150,33,3,9,SWD_0_50_200_50_50,P2R,MW_01MayR6V1,MW_T3,1781.2,1307.545,663.359,838.74,12.362,1.989,11.0838250308785,0.136386051028782,19.4010709504685,0.966173333333333,0.556549322007212,25.927,3_9
05/07/1998,1998,186,1997,01-May,5,sugar,alive,0,0,6,365,4.522,1991,5/7/1997,121,0,4,185,1998,10,2620,5608.22,4989.78,6228.41,4328.29,133.881,2339.72,,0,0,0,18.596,120.6,109.468,99.468,2.841,6921.004,6923.845,115479.679,17.75,15.48,1.467,9,297,1273,303.368,231.818,925.404,855.18,167.942,1023.122,0.501,6941.099,2.083,6943.182,115760.046,150,252.608,333.815,13.168,0.481,0.785,2.705,11166.693,363.507,0.771,2103.2,7.8,841.3,0,0,18.421,27.761,19.712,110,Mackay,Mackay,Pind,1959,LPOH_5_15,BareFallow,42,MW_Surf2,130_150,33,3,9,SWD_0_50_200_50_50,P2R,MW_01MayR6V1,MW_T3,1570,1222.404,535.186,703.128,14.434,1.266,10.9522710985893,0.130855362312608,17.9224899598394,0.89254,0.529995091208513,23.397,3_9
01/05/1999,1999,121,0,01-May,5,none,out,0,0,-1,0,6,1991,0.000,121,0,4,185,-1,10,2620,0,0,0,0,0,0,,0,0,0,0,0,103.161,93.161,2.083,6941.099,6943.182,115760.046,0,0,1.474,0,0,2246.8,1098.84,811.007,997.882,0,289.135,289.135,1.484,7041.955,40.484,7082.439,116479.506,0,0,111.501,19.172,3.585,2.707,2.066,10203.018,364.956,0.005,7,0,2.8,0,0,20.111,27.759,18.805,166,Mackay,Mackay,Pind,1959,LPOH_5_15,BareFallow,42,MW_Surf2,130_150,33,3,9,SWD_0_50_200_50_50,P2R,MW_01MayR6V1,MW_T3,2246.8,997.882,1909.847,2198.982,25.464,6.292,0,0,0,,,0,3_9
01/09/2000,2000,245,1999,01-May,6,sugar,alive,0,0,0,489,4.633,1999,1/5/1999,121,0,0,181,2000,14,2616,6491.83,5802.24,6663.08,5167.13,159.061,2661.98,,0,0,0,17.685,182.3,150.978,150.978,40.484,7041.955,7082.439,116479.506,26.76,24.24,1.485,9,297,2294.2,443.541,1035.266,1063.239,806.369,383.665,1190.034,11.257,6821.915,5.035,6826.951,114393.204,130,364.524,392.199,40.271,15.927,3.755,7.499,5569.766,367.35,0.887,3118,11.4,1247.2,0,0,16.811,26.039,17.915,187,Mackay,Mackay,Pind,1959,LPOH_5_15,BareFallow,42,MW_Surf2,130_150,33,3,9,SWD_0_50_200_50_50,P2R,MW_01MayR6V1,MW_T3,2591.2,1360.239,1478.807,1862.472,59.953,19.682,11.6936067852782,0.133660886999867,21.2933065595716,1.22354615384615,0.436352613271005,26.62,3_9
01/09/2001,2001,244,2000,01-May,6,sugar,alive,0,0,1,365,4.458,1999,1/9/2000,121,0,0,181,2001,14,2616,4404.54,4004.21,4909.99,3339.54,104.685,2059.64,,0,0,0,21.3,93.8,55.338,45.338,5.035,6821.915,6826.951,114393.204,14.61,13.14,1.443,7,231,1680.3,568.708,515.122,916.947,612.158,204.322,816.48,0.276,6885.924,5.033,6890.957,114911.935,150,197.152,299.619,20.487,8.518,0.634,3.739,9337.784,369.179,0.663,1552,5.9,620.8,0,0,17.895,27.398,19.476,235,Mackay,Mackay,Pind,1959,LPOH_5_15,BareFallow,42,MW_Surf2,130_150,33,3,9,SWD_0_50_200_50_50,P2R,MW_01MayR6V1,MW_T3,1911.3,1147.947,1083.83,1288.152,29.639,9.152,9.11932345308625,0.128215020576132,15.3722466960352,0.6979,0.530986244116215,20.596,3_9
01/08/2002,2002,213,2001,01-May,6,sugar,alive,0,0,2,334,4.442,1999,1/9/2001,121,0,0,181,2002,14,2616,4472.1,3826.78,4806.06,3346.91,101.146,1730.92,,0,0,0,18.149,98.8,52.328,42.328,5.033,6885.924,6890.957,114911.935,16.85,14.48,1.464,9,297,955,45.878,245.093,707.983,723.243,218.118,941.361,1.529,6899.912,4.09,6904.002,115388.477,150,233.941,302.327,7.15,0.145,0.601,1.386,7935.679,370.883,0.856,2765.2,10.2,1106.1,0,0,18.634,28.968,20.935,143,Mackay,Mackay,Pind,1959,LPOH_5_15,BareFallow,42,MW_Surf2,130_150,33,3,9,SWD_0_50_200_50_50,P2R,MW_01MayR6V1,MW_T3,1252,1004.983,290.971,509.089,7.896,0.746,10.0644488513736,0.107446558759073,13.5402945113788,0.674306666666667,0.432356876306419,17.309,3_9
01/07/2003,2003,182,2002,01-May,6,sugar,alive,0,0,3,334,4.438,1999,1/8/2002,121,0,0,181,2003,14,2616,3526.14,3048.1,3953.1,2589.12,78.509,1079.23,,0,0,0,14.008,88.8,53.996,43.996,4.09,6899.912,6904.002,115388.477,14.19,12.44,1.465,9,297,955,96.887,309.268,617.571,526.878,226.242,753.12,2.802,6976.877,2.772,6979.649,116304.379,150,194.069,270.17,5.964,0.196,1.122,1.333,8196.694,372.611,0.697,1703.4,6.4,681.4,0,0,18.567,28.318,20.877,113,Mackay,Mackay,Pind,1959,LPOH_5_15,BareFallow,42,MW_Surf2,130_150,33,3,9,SWD_0_50_200_50_50,P2R,MW_01MayR6V1,MW_T3,1252,914.571,406.155,632.397,7.282,1.318,8.58424332282567,0.104245007435734,10.509906291834,0.523393333333333,0.404541683627988,10.792,3_9
01/07/2004,2004,183,2003,01-May,6,sugar,alive,0,0,4,366,4.537,1999,1/7/2003,121,0,0,181,2004,14,2616,5308.29,4520.03,5567.57,4071.26,122.796,2074.32,,0,0,0,17.878,146.4,128.722,118.722,2.772,6976.877,6979.649,116304.379,22.17,19.28,1.484,9,297,784.6,9.895,84.005,698.37,830.265,215.877,1046.142,0.56,6935.354,1.686,6937.04,116089.629,150,300.852,342.524,9.093,0.016,0.282,1.982,9113.047,374.525,0.825,2492.7,9.2,997.1,0,0,18.332,28.403,20.241,59,Mackay,Mackay,Pind,1959,LPOH_5_15,BareFallow,42,MW_Surf2,130_150,33,3,9,SWD_0_50_200_50_50,P2R,MW_01MayR6V1,MW_T3,1081.6,995.37,93.9,309.777,9.391,0.298,12.3367190090117,0.117379858566046,16.4385542168675,0.81864,0.408160823261936,20.743,3_9
04/07/2005,2005,185,2004,01-May,6,sugar,alive,0,0,5,368,4.488,1999,1/7/2004,121,0,3,181,2005,11,2616,5594.02,4964.21,6113.52,4185.97,129.538,2415.9,,0,0,0,20.04,128.9,52.28,42.28,1.686,6935.354,6937.04,116089.629,19.91,17.6,1.472,9,297,1334.2,79.561,431.046,883.8,838.199,216.039,1054.238,3.707,6957.362,2.069,6959.43,116142.788,150,262.542,350.622,5.65,0.112,1.486,1.324,10176.178,376.486,0.736,1903.5,7.1,761.4,0,0,17.806,28.047,20.126,202,Mackay,Mackay,Pind,1959,LPOH_5_15,BareFallow,42,MW_Surf2,130_150,33,3,9,SWD_0_50_200_50_50,P2R,MW_01MayR6V1,MW_T3,1631.2,1180.8,510.607,726.646,7.248,1.598,10.9703590785908,0.122873582625555,17.3410977242303,0.863586666666667,0.493399151373876,24.159,3_9
04/07/2006,2006,185,2005,01-May,6,sugar,alive,0,0,6,365,4.546,1999,4/7/2005,121,0,3,184,2006,11,2619,6126.62,5482.92,6734.68,4685.64,145.431,2728.26,,0,0,0,20.175,139.7,100.636,90.636,2.069,6957.362,6959.43,116142.788,20.6,18.24,1.478,9,297,1145.8,106.907,162.494,944.474,946.691,179.628,1126.319,0.465,6953.302,2.883,6956.185,116005.439,150,284.158,361.113,9.452,0.169,0.504,2.04,11435.542,378.461,0.744,1946.3,7.2,778.5,0,0,18.942,28.254,19.544,83,Mackay,Mackay,Pind,1959,LPOH_5_15,BareFallow,42,MW_Surf2,130_150,33,3,9,SWD_0_50_200_50_50,P2R,MW_01MayR6V1,MW_T3,1442.8,1241.474,269.401,449.029,10.125,0.673,11.7143814530147,0.129120613254327,19.4686746987952,0.96954,0.511796254196609,27.283,3_9
01/05/2007,2007,121,0,01-May,6,none,out,0,0,-1,0,6,1999,0.000,121,0,3,184,-1,11,2619,0,0,0,0,0,0,,0,0,0,0,0,129.716,119.716,2.883,6953.302,6956.185,116005.439,0,0,1.483,0,0,1709.3,720.366,732.054,706.382,0,253.417,253.417,0.469,7059.984,58.303,7118.287,116724.655,0,0,125.772,9.531,1.908,0.78,1.165,10836.044,380.114,0.007,10.4,0,4.2,0,0,18.488,27.859,20.743,257,Mackay,Mackay,Pind,1959,LPOH_5_15,BareFallow,42,MW_Surf2,130_150,33,3,9,SWD_0_50_200_50_50,P2R,MW_01MayR6V1,MW_T3,1709.3,706.382,1452.42,1705.837,12.219,2.688,0,0,0,,,0,3_9
01/09/2008,2008,245,2007,01-May,7,sugar,alive,0,0,0,489,4.629,2007,1/5/2007,121,0,0,181,2008,14,2616,5374.78,4754.18,5495.44,4317.63,130.578,1899.06,,0,0,0,14.988,162.3,133.179,133.179,58.303,7059.984,7118.287,116724.655,25.5,23.22,1.499,9,297,2753.5,334.819,1589.11,1047.132,754.503,430.231,1184.734,19.455,6873.789,4.483,6878.273,115154.39,130,349.124,358.401,37.333,7.872,13.894,7.051,4983.073,382.828,0.941,4050.4,14.8,1620.1,0,0,16.478,26.237,18.131,532,Mackay,Mackay,Pind,1959,LPOH_5_15,BareFallow,42,MW_Surf2,130_150,33,3,9,SWD_0_50_200_50_50,P2R,MW_01MayR6V1,MW_T3,3050.5,1344.132,1923.929,2354.16,59.099,21.766,9.71467088053852,0.110217145789688,17.4803212851406,1.00444615384615,0.374016108889678,18.991,3_9
01/09/2009,2009,244,2008,01-May,7,sugar,alive,0,0,1,365,4.514,2007,1/9/2008,121,0,0,181,2009,14,2616,4327.22,3651.83,4488.84,3327.14,99.184,1529.95,,0,0,0,16.073,102.7,57.018,47.018,4.483,6873.789,6878.273,115154.39,16.31,13.83,1.462,9,297,1756,320.565,844.083,749.179,685.917,195.766,881.683,11.326,6930.925,3.992,6934.917,115877.039,150,228.303,304.453,12.89,2.57,3.47,2.537,8656.909,384.9,0.912,3471.3,12.8,1388.5,0,0,18.103,28.127,19.231,145,Mackay,Mackay,Pind,1959,LPOH_5_15,BareFallow,42,MW_Surf2,130_150,33,3,9,SWD_0_50_200_50_50,P2R,MW_01MayR6V1,MW_T3,2053,1046.179,1164.648,1360.414,18.93,6.04,9.48059557685635,0.112493946236913,13.2776439089692,0.661226666666667,0.434440195704831,15.3,3_9
01/08/2010,2010,213,2009,01-May,7,sugar,alive,0,0,2,334,4.443,2007,1/9/2009,121,0,0,181,2010,14,2616,4603.11,3999.42,4963.51,3470.45,106.068,1628.51,,0,0,0,15.985,106.6,45.688,35.688,3.992,6930.925,6934.917,115877.039,16.73,14.52,1.48,9,297,1863,456.599,815.212,797.968,669.127,191.932,861.059,6.693,6960.247,3.35,6963.597,116088.066,150,228.338,312.293,8.168,0.362,3.396,1.539,8613.558,386.827,0.787,2211.6,8.2,884.6,0,0,19.095,28.32,19.354,185,Mackay,Mackay,Pind,1959,LPOH_5_15,BareFallow,42,MW_Surf2,130_150,33,3,9,SWD_0_50_200_50_50,P2R,MW_01MayR6V1,MW_T3,2160,1094.968,1271.811,1463.743,11.926,3.758,9.68685842873947,0.123183196505698,14.1991967871486,0.70712,0.464521892983209,16.285,3_9
01/07/2011,2011,182,2010,01-May,7,sugar,alive,0,0,3,334,4.446,2007,1/8/2010,121,0,0,181,2011,14,2616,3983.87,3594.85,4534.92,2914.38,91.02,1636.08,,0,0,0,19.209,89.3,54.818,44.818,3.35,6960.247,6963.597,116088.066,14.38,12.95,1.488,2,66,3869.5,1241.882,1967.606,1133.043,500.113,197.043,697.157,7.458,6969.004,3.339,6972.343,115989.896,150,191.283,295.28,38.561,17.098,7.068,6.984,8715.858,388.78,0.602,1315.6,5,526.2,0,0,19.274,27.11,17.357,220,Mackay,Mackay,Pind,1959,LPOH_5_15,BareFallow,42,MW_Surf2,130_150,33,3,9,SWD_0_50_200_50_50,P2R,MW_01MayR6V1,MW_T3,3935.5,1199.043,3209.488,3406.531,62.727,24.166,7.5910538654577,0.130558826777899,17.6395348837209,0.6068,0.475839462994621,16.361,3_9
01/07/2012,2012,183,2011,01-May,7,sugar,alive,0,0,4,366,4.494,2007,1/7/2011,121,0,0,181,2012,14,2616,5986.66,5311.37,6467.49,4570.33,141.11,2443.49,,0,0,0,18.399,124.4,79.674,69.674,3.339,6969.004,6972.343,115989.896,19.33,16.85,1.492,9,297,2316.5,425.013,1097.423,1030.15,857.773,197.43,1055.203,4.028,6955.242,1.635,6956.877,116149.595,150,264.956,319.69,13.623,0.178,2.988,2.702,9022.846,390.94,0.795,2266.8,8.4,906.7,0,0,17.909,27.267,19.132,239,Mackay,Mackay,Pind,1959,LPOH_5_15,BareFallow,42,MW_Surf2,130_150,33,3,9,SWD_0_50_200_50_50,P2R,MW_01MayR6V1,MW_T3,2613.5,1327.15,1522.436,1719.866,16.789,3.166,10.6325584899974,0.133727822987615,18.8902275769746,0.940733333333333,0.532578994248102,24.435,3_9
01/07/2013,2013,182,2012,01-May,7,sugar,alive,0,0,5,365,4.497,2007,1/7/2012,121,0,0,181,2013,14,2616,5567.23,4965.23,6156.35,4269.53,132.275,2353.85,,0,0,0,18.988,120.8,97.535,87.535,1.635,6955.242,6956.877,116149.595,17.98,15.78,1.488,9,297,2091,516.962,867.823,1019.862,819.63,170.259,989.889,2.508,6977.909,3.679,6981.588,116409.078,150,255.706,341.361,5.276,0.207,2.268,1.372,11052.488,393.132,0.744,1949.1,7.3,779.6,0,0,18.045,27.322,19.55,189,Mackay,Mackay,Pind,1959,LPOH_5_15,BareFallow,42,MW_Surf2,130_150,33,3,9,SWD_0_50_200_50_50,P2R,MW_01MayR6V1,MW_T3,2388,1316.862,1384.785,1555.044,7.751,2.475,10.044712354066,0.133626093430678,17.7074966532798,0.881833333333333,0.51729329777166,23.538,3_9
01/07/2014,2014,182,2013,01-May,7,sugar,alive,0,0,6,365,4.535,2007,1/7/2013,121,0,0,181,2014,14,2616,5824.99,5220.78,6455.57,4414.57,136.978,2451.55,,0,0,0,19.114,128.4,92.862,82.862,3.679,6977.909,6981.588,116409.078,19.22,17.01,1.495,9,297,1352.5,247.751,313.292,934.135,857.551,186.842,1044.393,0.967,6985.745,2.949,6988.694,116574.996,150,266.882,342.848,5.326,0.101,0.861,1.16,10716.482,395.356,0.729,1865.9,6.9,746.3,0,0,18.823,28.131,19.697,162,Mackay,Mackay,Pind,1959,LPOH_5_15,BareFallow,42,MW_Surf2,130_150,33,3,9,SWD_0_50_200_50_50,P2R,MW_01MayR6V1,MW_T3,1649.5,1231.135,561.043,747.885,6.288,0.962,11.1261559455299,0.131155609047552,18.3370816599732,0.913186666666667,0.513253048163608,24.516,3_9
01/05/2015,2015,121,0,01-May,7,none,out,0,0,-1,0,6,2007,0.000,121,0,0,181,-1,14,2616,0,0,0,0,0,0,,0,0,0,0,0,118.927,108.927,2.949,6985.745,6988.694,116574.996,0,0,1.498,0,0,809,368.995,149.374,531.178,0,268.695,268.695,0.102,7035.591,107.912,7143.504,116502.998,0,0,179.278,14.182,0.916,0.201,2.275,11405.319,397.233,0.007,9.4,0,3.7,0,0,18.686,28.795,21.299,127,Mackay,Mackay,Pind,1959,LPOH_5_15,BareFallow,42,MW_Surf2,130_150,33,3,9,SWD_0_50_200_50_50,P2R,MW_01MayR6V1,MW_T3,809,531.178,518.369,787.064,15.299,1.117,0,0,0,,,0,3_9
01/09/2016,2016,245,2015,01-May,8,sugar,alive,0,0,0,489,4.733,2015,1/5/2015,121,0,0,181,2016,14,2616,7160.65,6479.52,7439.02,5656.2,174.974,2872.11,,0,0,0,17.29,194.1,140.863,140.863,107.912,7035.591,7143.504,116502.998,28.41,25.92,1.503,9,297,1921.3,194.424,671.474,1189.985,982.5,418.335,1400.835,6.031,6846.393,17.505,6863.898,114857.489,130,391.257,368.296,51.408,6.958,4.11,9.544,5650.873,400.283,0.833,2556.2,9.4,1022.5,0,0,18.05,27.345,18.186,143,Mackay,Mackay,Pind,1959,LPOH_5_15,BareFallow,42,MW_Surf2,130_150,33,3,9,SWD_0_50_200_50_50,P2R,MW_01MayR6V1,MW_T3,2218.3,1486.985,865.898,1284.233,62.476,11.068,11.7670319471952,0.124906930509303,23.4235609103079,1.34595384615385,0.447209890174489,28.721,3_9
01/09/2017,2017,244,2016,01-May,8,sugar,alive,0,0,1,365,4.536,2015,1/9/2016,121,0,0,181,2017,14,2616,4657.55,4141.4,5109.54,3567.85,109.888,2072.61,,0,0,0,20.299,100.3,74.432,64.432,17.505,6846.393,6863.898,114857.489,15.09,13.2,1.464,7,231,2282.3,512.438,1125.713,952.885,715.727,168.835,884.562,2.997,6921.301,4.06,6925.361,115639.023,150,212.69,310.274,14.317,11.54,2.147,3.007,10311.939,402.607,0.766,2075.6,7.8,830.3,0,0,18.546,28.171,17.839,276,Mackay,Mackay,Pind,1959,LPOH_5_15,BareFallow,42,MW_Surf2,130_150,33,3,9,SWD_0_50_200_50_50,P2R,MW_01MayR6V1,MW_T3,2513.3,1183.885,1638.151,1806.986,28.004,13.687,9.28198262500159,0.124228714324151,16.1362701908957,0.732586666666667,0.516658046922751,20.726,3_9
01/08/2018,2018,213,2017,01-May,8,sugar,alive,0,0,2,334,4.433,2015,1/9/2017,121,0,0,181,2018,14,2616,3985.73,3486.72,4418.64,2969.39,91.354,1475.14,,0,0,0,16.961,91.8,51.018,41.018,4.06,6921.301,6925.361,115639.023,14.81,12.98,1.486,9,297,1168.6,408.437,261.277,748.698,597.741,180.251,777.992,0.934,6932.828,4.852,6937.68,115801.415,150,200.249,305.434,33.92,6.86,0.699,6.306,8388.329,404.767,0.699,1717.3,6.4,686.9,0,0,18.64,28.444,18.132,103,Mackay,Mackay,Pind,1959,LPOH_5_15,BareFallow,42,MW_Surf2,130_150,33,3,9,SWD_0_50_200_50_50,P2R,MW_01MayR6V1,MW_T3,1465.6,1045.698,669.714,849.965,41.479,7.559,8.73617430653975,0.117422801262738,12.2294511378849,0.609026666666667,0.456202028474549,14.751,3_9
01/07/2019,2019,182,2018,01-May,8,sugar,alive,0,0,3,334,4.448,2015,1/8/2018,121,0,0,181,2019,14,2616,4935.56,4284.3,5344.71,3536.84,107.774,1611.06,,0,0,0,15.487,108.5,50.912,40.912,4.852,6932.828,6937.68,115801.415,18.33,15.94,1.488,9,297,1616.3,405.643,598.032,882.437,685.747,182.91,868.658,4.887,6937.234,2.869,6940.103,115879.127,150,245.538,308.019,10.726,1.645,1.954,2.186,8398.341,406.953,0.735,1899.5,7,759.8,0,0,19.106,28.306,17.658,123,Mackay,Mackay,Pind,1959,LPOH_5_15,BareFallow,42,MW_Surf2,130_150,33,3,9,SWD_0_50_200_50_50,P2R,MW_01MayR6V1,MW_T3,1913.3,1179.437,1003.675,1186.585,14.325,3.599,9.13774962121758,0.124069541752911,14.4275769745649,0.718493333333333,0.438930023051422,16.111,3_9
01/07/2020,2020,183,2019,01-May,8,sugar,alive,0,0,4,366,4.518,2015,1/7/2019,121,0,0,181,2020,14,2616,5674.88,5020.28,6184.93,4328.06,133.417,2246.95,,0,0,0,17.815,130.3,73.88,63.88,2.869,6937.234,6940.103,115879.127,19.5,17.1,1.487,9,297,1586,258.696,545.716,928.609,876.363,183.097,1059.459,2.332,6954.649,2.612,6957.261,116316.021,150,269.337,344.753,4.092,0.136,1.595,1.047,10580.517,409.37,0.748,1967.9,7.3,787.2,0,0,18.059,28.115,18.63,167,Mackay,Mackay,Pind,1959,LPOH_5_15,BareFallow,42,MW_Surf2,130_150,33,3,9,SWD_0_50_200_50_50,P2R,MW_01MayR6V1,MW_T3,1883,1225.609,804.412,987.509,5.823,1.731,10.8857718897299,0.125929365836715,17.860374832664,0.889446666666667,0.495353404842261,22.469,3_9
01/07/2021,2021,182,2020,01-May,8,sugar,alive,0,0,5,365,4.522,2015,1/7/2020,121,0,0,181,2021,14,2616,5387.77,4803.7,5973.44,4074.66,126.059,2159.96,,0,0,0,18.175,131.1,75.009,65.009,2.612,6954.649,6957.261,116316.021,19.37,17.23,1.491,9,297,1294.6,236.435,342.064,899.89,787.897,168.312,956.209,0.955,6963.231,2.114,6965.345,116300.925,150,266.447,350.006,8.261,0.096,1.004,1.818,10910.087,411.819,0.718,1808.9,6.7,723.5,0,0,18.525,27.767,17,146,Mackay,Mackay,Pind,1959,LPOH_5_15,BareFallow,42,MW_Surf2,130_150,33,3,9,SWD_0_50_200_50_50,P2R,MW_01MayR6V1,MW_T3,1591.6,1196.89,578.499,746.811,9.361,1.1,10.5322126511208,0.131832057635935,16.8753681392236,0.840393333333333,0.473110975165793,21.6,3_9
01/07/2022,2022,182,2021,01-May,8,sugar,alive,0,0,6,365,4.546,2015,1/7/2021,121,0,0,181,2022,14,2616,5675.48,5018.02,6217.75,4283.13,131.978,2421.63,,0,0,0,19.669,125.2,113.902,103.902,2.114,6963.231,6965.345,116300.925,19.01,16.6,1.494,9,297,1205.6,294.491,197.691,923.266,872.618,161.727,1034.345,0.383,6959.852,5.125,6964.978,116253.643,150,259.072,350.174,21.877,1.566,0.733,4.246,10819.003,414.302,0.766,2074,7.7,829.6,0,0,18.81,28.279,17.351,124,Mackay,Mackay,Pind,1959,LPOH_5_15,BareFallow,42,MW_Surf2,130_150,33,3,9,SWD_0_50_200_50_50,P2R,MW_01MayR6V1,MW_T3,1502.6,1220.266,492.182,653.909,24.176,2.299,10.8155107165159,0.12759572483069,17.6677376171352,0.879853333333333,0.509425951086957,24.216,3_9
01/05/1960,1960,122,0,01-May,0,none,out,0,0,-1,0,6,-1,0.000,122,0,0,182,-1,14,2616,0,0,0,0,0,0,,0,0,0,0,0,0,0,0,0,0,0,0,0,1.327,0,0,1541.1,0,1148.468,392.632,0,305.915,305.915,52.812,6533.978,108.745,6642.723,109154.71,0,0,108.975,10.675,0,14.292,2.158,1144.532,350,0,0.1,0,0,0,0,20.566,28.871,18.818,235.7,Mackay,Mackay,Pind,1960,LPOH_5_15,BareFallow,42,MW_Surf2,130_150,33,3,9,SWD_0_50_200_50_50,P2R,MW_01MayR6V1,MW_T3,1541.1,392.632,1148.468,1454.383,24.967,14.292,0,0,0,,,0,3_9
01/09/1961,1961,244,1960,01-May,1,sugar,alive,0,0,0,488,4.565,1960,1/5/1960,122,0,0,182,1961,14,2616,5044.27,4422.44,5133.95,3952.34,119.537,2006.76,,0,0,0,17.749,121.4,116.517,116.517,108.745,6533.978,6642.723,109154.71,20.4,18.12,1.308,9,297,1161.9,53.319,328.289,837.74,729.13,388.358,1117.488,5.488,6470.755,24.142,6494.897,109258.263,130,277.64,231.633,24.419,5.369,3.245,4.802,2812.573,350,0.914,3512.9,12.9,1405.1,0,0,15.224,25.964,19.137,136.7,Mackay,Mackay,Pind,1960,LPOH_5_15,BareFallow,42,MW_Surf2,130_150,33,3,9,SWD_0_50_200_50_50,P2R,MW_01MayR6V1,MW_T3,1458.9,1134.74,381.608,769.966,33.033,8.614,10.5343074184395,0.10696938132669,16.0022757697457,0.919515384615385,0.43054675118859,20.068,3_9
01/09/1962,1962,244,1961,01-May,1,sugar,alive,0,0,1,365,4.439,1960,1/9/1961,122,0,0,182,1962,14,2616,4107.28,3711.16,4517.49,3058.39,95.238,1783.64,,0,0,0,20.136,78.4,58.322,48.322,24.142,6470.755,6494.897,109258.263,12.91,11.46,1.29,9,297,1271.7,357.451,350.315,790.559,603.316,249.183,852.499,2.81,6556.689,5.543,6562.232,109882.994,150,181.48,273.88,15.275,18.408,0.796,2.835,8110.789,350,0.675,1606.7,6.1,642.7,0,0,17.385,27.271,19.837,153.2,Mackay,Mackay,Pind,1960,LPOH_5_15,BareFallow,42,MW_Surf2,130_150,33,3,9,SWD_0_50_200_50_50,P2R,MW_01MayR6V1,MW_T3,1568.7,1087.559,707.766,956.949,34.479,19.204,8.75704214667894,0.111716260077724,12.7493975903614,0.63492,0.524785100286533,17.836,3_9
01/08/1963,1963,213,1962,01-May,1,sugar,alive,0,0,2,334,4.412,1960,1/9/1962,122,0,0,182,1963,14,2616,4423.54,3874.05,4804.24,3249.64,99.446,1662.34,,0,0,0,17.661,79,48.758,38.758,5.543,6556.689,6562.232,109882.994,13.78,11.77,1.312,9,297,2681.7,559.877,1522.476,848.938,683.175,190.654,873.829,6.832,6599.633,2.925,6602.558,110510.692,150,195.626,265.167,6.849,2.299,3.359,1.506,7432.783,350,0.776,2137.7,7.9,855.1,0,0,18.233,27.99,18.89,406.4,Mackay,Mackay,Pind,1960,LPOH_5_15,BareFallow,42,MW_Surf2,130_150,33,3,9,SWD_0_50_200_50_50,P2R,MW_01MayR6V1,MW_T3,2978.7,1145.938,2082.353,2273.007,12.507,5.658,8.67813092854936,0.113804874866822,13.3127175368139,0.662973333333333,0.508347561162627,16.623,3_9
01/07/1964,1964,183,1963,01-May,1,sugar,alive,0,0,3,335,4.436,1960,1/8/1963,122,0,0,182,1964,14,2616,5052.2,4468.13,5542.25,3772.58,116.349,1934.82,,0,0,0,17.554,100,53.276,43.276,2.925,6599.633,6602.558,110510.692,16.06,13.92,1.322,8,264,1025.7,166.809,128.578,829.509,750.469,169.178,919.647,0.391,6634.274,2.907,6637.181,110966.717,150,227.294,296.078,3.342,0.12,0.313,0.925,8911.646,350,0.724,1841.2,6.9,736.5,0,0,18.327,27.613,19.874,68.1,Mackay,Mackay,Pind,1960,LPOH_5_15,BareFallow,42,MW_Surf2,130_150,33,3,9,SWD_0_50_200_50_50,P2R,MW_01MayR6V1,MW_T3,1289.7,1093.509,295.387,464.565,3.775,0.433,10.6399672979372,0.126514847544764,16.2953781512605,0.77566,0.511887687312468,19.348,3_9
01/07/1965,1965,182,1964,01-May,1,sugar,alive,0,0,4,365,4.49,1960,1/7/1964,122,0,0,182,1965,14,2616,5582.19,4947.69,6099.51,4202.42,129.61,2411.16,,0,0,0,19.982,111.6,111.942,101.942,2.907,6634.274,6637.181,110966.717,17.5,15.18,1.331,9,297,1096,225.687,142.512,888.256,872.664,178.293,1050.958,0.366,6650.449,3.236,6653.685,111129.954,150,247.369,330.273,11.52,0.178,0.297,2.512,10237.898,350,0.766,2074.5,7.7,829.8,0,0,17.766,27.399,19.433,77.2,Mackay,Mackay,Pind,1960,LPOH_5_15,BareFallow,42,MW_Surf2,130_150,33,3,9,SWD_0_50_200_50_50,P2R,MW_01MayR6V1,MW_T3,1393,1185.256,368.199,546.492,11.995,0.475,10.9351903723753,0.123325575332221,17.3507362784471,0.864066666666667,0.5239540928734,24.112,3_9
01/07/1966,1966,182,1965,01-May,1,sugar,alive,0,0,5,365,4.442,1960,1/7/1965,122,0,0,182,1966,14,2616,4638.29,4072.52,5142.67,3449.69,105.992,1908.48,,0,0,0,19.247,101.8,67.785,57.785,3.236,6650.449,6653.685,111129.954,16.1,14.02,1.337,9,297,1001.1,269.812,110.761,788.246,730.16,174.335,904.495,0.268,6695.334,3.735,6699.069,111867.958,150,224.327,312.786,7.506,0.176,0.246,1.739,9902.157,350,0.731,1873.2,7,749.3,0,0,17.019,27.141,19.984,80,Mackay,Mackay,Pind,1960,LPOH_5_15,BareFallow,42,MW_Surf2,130_150,33,3,9,SWD_0_50_200_50_50,P2R,MW_01MayR6V1,MW_T3,1298.1,1085.246,380.573,554.908,7.928,0.422,9.76663355589424,0.11718362180001,14.1890227576975,0.706613333333333,0.472488822121278,19.085,3_9
01/07/1967,1967,182,1966,01-May,1,sugar,alive,0,0,6,365,4.482,1960,1/7/1966,122,0,0,182,1967,14,2616,5541.17,4919.19,6069.2,4199.9,129.756,2302.01,,0,0,0,18.922,121.2,62.817,52.817,3.735,6695.334,6699.069,111867.958,18.57,16.29,1.349,9,297,1249.2,184.025,218.026,998.076,828.942,197.978,1026.92,0.543,6701.955,2.912,6704.867,111926.248,150,253.648,323.807,15.096,0.429,0.373,3.036,9939.015,350,0.764,2063.2,7.7,825.3,0,0,17.61,27.233,19.754,100.3,Mackay,Mackay,Pind,1960,LPOH_5_15,BareFallow,42,MW_Surf2,130_150,33,3,9,SWD_0_50_200_50_50,P2R,MW_01MayR6V1,MW_T3,1546.2,1295.076,402.051,600.029,15.898,0.802,10.0191803415398,0.12635453589374,17.370281124498,0.86504,0.511559326310478,23.02,3_9
01/05/1968,1968,122,0,01-May,1,none,out,0,0,-1,0,6,1960,0.000,122,0,0,182,-1,14,2616,0,0,0,0,0,0,,0,0,0,0,0,162.046,152.046,2.912,6701.955,6704.867,111926.248,0,0,1.353,0,0,2079.4,842.876,1007.302,706.614,0,247.771,247.771,1.116,6803.221,49.257,6852.478,112518.01,0,0,112.909,11.407,2.907,1.211,1.653,10203.464,350,0.007,10.5,0,4.2,0,0,17.888,27.473,20.76,213.1,Mackay,Mackay,Pind,1960,LPOH_5_15,BareFallow,42,MW_Surf2,130_150,33,3,9,SWD_0_50_200_50_50,P2R,MW_01MayR6V1,MW_T3,2079.4,706.614,1850.178,2097.949,15.525,4.118,0,0,0,,,0,3_9
01/09/1969,1969,244,1968,01-May,2,sugar,alive,0,0,0,488,4.644,1968,1/5/1968,122,0,0,182,1969,14,2616,4843.56,4334,5023.98,3732.62,114.804,1666.77,,0,0,0,14.958,153.3,143.497,143.497,49.257,6803.221,6852.478,112518.01,23.16,21.3,1.37,9,297,1150.9,119.437,229.153,890.102,701.589,464.636,1166.225,4.997,6581.02,42,6623.02,110217.836,130,311.904,384.726,66.124,5.402,6.28,12.341,5004.738,350,0.76,2041.7,7.5,816.7,0,0,16.674,26.602,18.902,55.6,Mackay,Mackay,Pind,1960,LPOH_5_15,BareFallow,42,MW_Surf2,130_150,33,3,9,SWD_0_50_200_50_50,P2R,MW_01MayR6V1,MW_T3,1447.9,1187.102,348.59,813.226,77.806,11.682,9.67094655724613,0.098440695406118,15.3686746987952,0.883107692307693,0.368074792243767,16.668,3_9
01/09/1970,1970,244,1969,01-May,2,sugar,alive,0,0,1,365,4.443,1968,1/9/1969,122,0,0,182,1970,14,2616,4126.9,3464.63,4264.24,3149.6,93.841,1499.57,,0,0,0,16.755,74,58.582,48.582,42,6581.02,6623.02,110217.836,13.48,11.05,1.331,9,297,1660.2,245.382,823.968,725.934,668.341,206.35,874.691,3.329,6662.552,11.197,6673.75,111415.828,150,183.285,256.669,24.915,19.522,1.444,4.779,7353.887,350,0.89,3149.6,11.8,1259.8,0,0,17.214,27.546,20.259,411.7,Mackay,Mackay,Pind,1960,LPOH_5_15,BareFallow,42,MW_Surf2,130_150,33,3,9,SWD_0_50_200_50_50,P2R,MW_01MayR6V1,MW_T3,1957.2,1022.934,1069.35,1275.7,45.881,20.966,9.17371013183646,0.107284743983875,12.5623828647925,0.625606666666667,0.511994980494858,14.996,3_9
01/08/1971,1971,213,1970,01-May,2,sugar,alive,0,0,2,334,4.386,1968,1/9/1970,122,0,0,182,1971,14,2616,4785.95,4345.34,5323.16,3543.37,110.846,1818.01,,0,0,0,17.273,104.1,53.741,43.741,11.197,6662.552,6673.75,111415.828,16.9,15.28,1.354,8,264,1654.2,393.637,550.219,944.97,717.627,211.455,929.081,4.378,6665.699,4.073,6669.771,111302,150,232.073,324.802,21.928,10.915,2.058,4.136,8406.718,350,0.7,1721.7,6.4,688.7,0,0,17.649,27.498,19.171,129.3,Mackay,Mackay,Pind,1960,LPOH_5_15,BareFallow,42,MW_Surf2,130_150,33,3,9,SWD_0_50_200_50_50,P2R,MW_01MayR6V1,MW_T3,1918.2,1208.97,943.856,1155.311,34.901,12.973,9.16863114882917,0.119307143295364,15.524649859944,0.738973333333333,0.477634192689369,18.18,3_9
01/07/1972,1972,183,1971,01-May,2,sugar,alive,0,0,3,335,4.447,1968,1/8/1971,122,0,0,182,1972,14,2616,5274.59,4682.85,5801.43,3894.57,120.212,2028.73,,0,0,0,17.858,102.1,83.005,73.005,4.073,6665.699,6669.771,111302,16.87,14.7,1.357,9,297,2022.6,492.153,810.063,996.094,831.651,182.03,1013.681,4,6692.166,2.833,6694.999,111845.81,150,235.268,309.823,8.219,1.205,2.568,1.719,9047.021,350,0.749,1976.3,7.3,790.5,0,0,18.425,27.979,19.548,183.4,Mackay,Mackay,Pind,1960,LPOH_5_15,BareFallow,42,MW_Surf2,130_150,33,3,9,SWD_0_50_200_50_50,P2R,MW_01MayR6V1,MW_T3,2319.6,1293.094,1302.216,1484.246,11.992,3.773,9.29646259282001,0.118589576010599,16.0926372155288,0.801413333333333,0.51095771630651,20.287,3_9
01/07/1973,1973,182,1972,01-May,2,sugar,alive,0,0,4,365,4.488,1968,1/7/1972,122,0,0,182,1973,14,2616,4437.44,3946.16,4987.39,3259.69,100.555,1674.89,,0,0,0,17.587,100.9,68.709,58.709,2.833,6692.166,6694.999,111845.81,15.66,13.86,1.364,9,297,1091.3,277.479,240.384,708.493,664.648,190.068,854.716,0.756,6744.037,4.594,6748.632,112511.473,150,218.728,307.255,5.095,0.133,0.907,1.247,9805.741,350,0.673,1597,6,638.8,0,0,17.985,27.773,19.988,148.3,Mackay,Mackay,Pind,1960,LPOH_5_15,BareFallow,42,MW_Surf2,130_150,33,3,9,SWD_0_50_200_50_50,P2R,MW_01MayR6V1,MW_T3,1388.3,1005.493,517.863,707.931,6.135,1.04,10.0005668860947,0.117647265290459,13.4611780455154,0.670366666666667,0.459726235324238,16.749,3_9
01/07/1974,1974,182,1973,01-May,2,sugar,alive,0,0,5,365,4.499,1968,1/7/1973,122,0,0,182,1974,14,2616,5280.76,4717.26,5831.59,3971.7,122.666,1870.79,,0,0,0,15.859,118.5,66.43,56.43,4.594,6744.037,6748.632,112511.473,18.02,15.95,1.377,4,132,3164.5,770.14,1596.934,1101.309,734.944,187.943,922.886,6.468,6752.026,4.61,6756.637,112585.498,150,247.059,310.47,8.71,0.205,5.372,1.845,9643.684,350,0.774,2124.5,7.8,849.8,0,0,18.515,27.028,17.87,199.6,Mackay,Mackay,Pind,1960,LPOH_5_15,BareFallow,42,MW_Surf2,130_150,33,3,9,SWD_0_50_200_50_50,P2R,MW_01MayR6V1,MW_T3,3296.5,1233.309,2367.074,2555.017,14.287,5.577,9.94608812552248,0.132915658055274,21.0766323024055,0.817773333333333,0.496504883448893,18.708,3_9
01/07/1975,1975,182,1974,01-May,2,sugar,alive,0,0,6,365,4.449,1968,1/7/1974,122,0,0,182,1975,14,2616,4904.02,4367.89,5464.11,3668.75,113.574,1928.67,,0,0,0,17.987,109.1,64.97,54.97,4.61,6752.026,6756.637,112585.498,16.8,14.84,1.381,7,231,1738.2,488.345,557.021,1001.322,739.868,160.942,900.81,1.115,6769.99,3.715,6773.705,112817.113,150,229.983,325.599,24.447,3.467,1.029,4.718,10098.556,350,0.728,1859.6,7,743.8,0,0,17.373,27.165,19.669,139.4,Mackay,Mackay,Pind,1960,LPOH_5_15,BareFallow,42,MW_Surf2,130_150,33,3,9,SWD_0_50_200_50_50,P2R,MW_01MayR6V1,MW_T3,1969.2,1232.322,1045.366,1206.308,28.943,4.496,9.21626003593217,0.126079861458021,16.6775330396476,0.75716,0.493836500958767,19.287,3_9
01/05/1976,1976,122,0,01-May,2,none,out,0,0,-1,0,6,1968,0.000,122,0,0,182,-1,14,2616,0,0,0,0,0,0,,0,0,0,0,0,73.994,63.994,3.715,6769.99,6773.705,112817.113,0,0,1.389,0,0,2235.6,911.854,896.907,928.094,0,332.375,332.375,3.469,6840.916,58.525,6899.44,113104.529,0,0,130.642,22.226,3.541,3.759,3.069,9789.019,350,0.004,5.1,0,2,0,0,19.229,27.664,18.686,161.4,Mackay,Mackay,Pind,1960,LPOH_5_15,BareFallow,42,MW_Surf2,130_150,33,3,9,SWD_0_50_200_50_50,P2R,MW_01MayR6V1,MW_T3,2235.6,928.094,1808.761,2141.136,29.526,7.3,0,0,0,,,0,3_9
01/09/1977,1977,244,1976,01-May,3,sugar,alive,0,0,0,488,4.631,1976,1/5/1976,122,0,0,182,1977,14,2616,5912.51,5154.31,5952.69,4702.89,142.198,2229.29,,0,0,0,16.383,174.3,168.459,168.459,58.525,6840.916,6899.44,113104.529,26.51,23.73,1.396,9,297,2076,347.78,899.087,1052.902,853.85,375.015,1228.865,11.288,6649.509,3.527,6653.037,111657.827,130,363.812,363.1,37.79,7.978,4.436,7.107,4782.13,350,0.947,4195.6,15.4,1678.2,0,0,16.478,26.333,18.456,166.6,Mackay,Mackay,Pind,1960,LPOH_5_15,BareFallow,42,MW_Surf2,130_150,33,3,9,SWD_0_50_200_50_50,P2R,MW_01MayR6V1,MW_T3,2373,1349.902,1246.867,1621.882,50.204,12.414,10.5339498719166,0.115714907658693,19.0358768406961,1.09383076923077,0.390855716688839,22.293,3_9
01/09/1978,1978,244,1977,01-May,3,sugar,alive,0,0,1,365,4.451,1976,1/9/1977,122,0,0,182,1978,14,2616,4541.48,4031.3,4920.95,3420.92,105.715,1898.08,,0,0,0,19.184,96.9,47.727,37.727,3.527,6649.509,6653.037,111657.827,15.73,13.86,1.362,9,297,1393.4,155.31,605.355,749.598,662.408,223.002,885.41,2.374,6733.816,2.524,6736.34,112561.073,150,210.132,310.536,4.164,1.317,2.03,1.016,8959.212,350,0.754,2005,7.5,802,0,0,17.789,27.303,20.045,300,Mackay,Mackay,Pind,1960,LPOH_5_15,BareFallow,42,MW_Surf2,130_150,33,3,9,SWD_0_50_200_50_50,P2R,MW_01MayR6V1,MW_T3,1690.4,1046.598,760.665,983.667,7.511,3.347,10.1008219010547,0.119396663692527,14.1519410977242,0.704766666666667,0.503088534825729,18.981,3_9
01/08/1979,1979,213,1978,01-May,3,sugar,alive,0,0,2,334,4.427,1976,1/9/1978,122,0,0,182,1979,14,2616,4446.07,4001.05,4970.63,3274.28,101.554,1722.64,,0,0,0,17.964,95.9,74.053,64.053,2.524,6733.816,6736.34,112561.073,15.32,13.69,1.386,7,231,2869,567.418,1663.161,923.137,617.408,178.994,796.401,6.54,6749.539,2.619,6752.158,112569.587,150,211.817,299.942,26.49,4.285,4.589,4.8,8704.522,350,0.708,1757.2,6.6,702.9,0,0,18.4,26.924,18.254,509.4,Mackay,Mackay,Pind,1960,LPOH_5_15,BareFallow,42,MW_Surf2,130_150,33,3,9,SWD_0_50_200_50_50,P2R,MW_01MayR6V1,MW_T3,3100,1154.137,2230.579,2409.573,35.364,8.874,8.79912869962578,0.127516163339825,14.9124816446402,0.677026666666667,0.479442159977717,17.226,3_9
01/07/1980,1980,183,1979,01-May,3,sugar,alive,0,0,3,335,4.478,1976,1/8/1979,122,0,0,182,1980,14,2616,5444.06,4825.6,5969.2,4061.36,125.1,2048.04,,0,0,0,17.237,111,133.072,123.072,2.619,6749.539,6752.158,112569.587,17.61,15.34,1.392,9,297,1191.6,129.778,416.711,744.634,801.924,178.53,980.454,1.287,6763.232,3.729,6766.96,112838.069,150,245.904,311.331,5.009,0.199,1.044,1.217,9202.801,350,0.777,2141.9,8,856.7,0,0,19.052,28.158,20.422,215.6,Mackay,Mackay,Pind,1960,LPOH_5_15,BareFallow,42,MW_Surf2,130_150,33,3,9,SWD_0_50_200_50_50,P2R,MW_01MayR6V1,MW_T3,1488.6,1041.634,546.489,725.019,6.252,1.243,12.0099766328672,0.127593951373547,16.7469879518072,0.834,0.508735116142885,20.48,3_9
01/07/1981,1981,182,1980,01-May,3,sugar,alive,0,0,4,365,4.48,1976,1/7/1980,122,0,0,182,1981,14,2616,4869.55,4359.98,5464.84,3621.77,112.06,1969.39,,0,0,0,18.717,107.9,76.73,66.73,3.729,6763.232,6766.96,112838.069,16.66,14.79,1.398,8,264,1619.3,537.841,432.523,978.048,718.508,166.59,885.098,1.17,6794.024,4.853,6798.877,113199.227,150,233.253,322.106,13.505,0.335,1.188,2.801,10394.216,350,0.726,1848.3,6.9,739.3,0,0,18.21,27.259,19.351,101.3,Mackay,Mackay,Pind,1960,LPOH_5_15,BareFallow,42,MW_Surf2,130_150,33,3,9,SWD_0_50_200_50_50,P2R,MW_01MayR6V1,MW_T3,1883.3,1242.048,970.364,1136.954,15.028,1.523,9.02219559952595,0.126607449118629,15.6946778711485,0.747066666666667,0.480422545476371,19.694,3_9
01/07/1982,1982,182,1981,01-May,3,sugar,alive,0,0,5,365,4.487,1976,1/7/1981,122,0,0,182,1982,14,2616,5111.19,4428.49,5542.96,3852.63,117.307,1943.97,,0,0,0,17.483,124.6,88.569,78.569,4.853,6794.024,6798.877,113199.227,18.77,16.27,1.408,9,297,1258.9,322.702,303.342,853.598,750.536,190.317,940.852,0.926,6803.213,3.763,6806.976,113591.884,150,258.653,329.72,7.591,0.141,0.746,1.68,9862.715,350,0.803,2324.3,8.6,929.7,0,0,18.212,27.411,19.836,222,Mackay,Mackay,Pind,1960,LPOH_5_15,BareFallow,42,MW_Surf2,130_150,33,3,9,SWD_0_50_200_50_50,P2R,MW_01MayR6V1,MW_T3,1555.9,1150.598,626.044,816.361,8.478,0.887,10.1953071359415,0.124681671506252,15.7037483266399,0.782046666666667,0.453530405601327,19.44,3_9
01/07/1983,1983,182,1982,01-May,3,sugar,alive,0,0,6,365,4.47,1976,1/7/1982,122,0,0,182,1983,14,2616,5250.26,4657.49,5797.79,3953.9,122.459,2150.8,,0,0,0,18.703,120.6,59.573,49.573,3.763,6803.213,6806.976,113591.884,18.47,16.3,1.412,9,297,1425.8,314.019,391.565,961.394,739.599,195.122,934.72,1.185,6827.845,2.991,6830.836,113854.329,150,246.544,329.106,7.919,0.19,0.98,1.775,9988.858,350,0.722,1828.5,6.8,731.4,0,0,18.168,27.059,20.069,156,Mackay,Mackay,Pind,1960,LPOH_5_15,BareFallow,42,MW_Surf2,130_150,33,3,9,SWD_0_50_200_50_50,P2R,MW_01MayR6V1,MW_T3,1722.8,1258.394,705.584,900.706,9.089,1.17,9.73137189147437,0.131011425881547,16.3934404283802,0.816393333333333,0.496702414173535,21.508,3_9
01/05/1984,1984,122,0,01-May,3,none,out,0,0,-1,0,6,1976,0.000,122,0,0,182,-1,14,2616,0,0,0,0,0,0,,0,0,0,0,0,124.069,114.069,2.991,6827.845,6830.836,113854.329,0,0,1.419,0,0,607.1,277.816,29.298,507.041,0,287.169,287.169,0.041,6870.7,109.382,6980.082,113680.245,0,0,172.752,13.731,0.612,0.281,2.326,10658.081,350,0.005,7.8,0,3.1,0,0,18.91,27.755,20.128,62,Mackay,Mackay,Pind,1960,LPOH_5_15,BareFallow,42,MW_Surf2,130_150,33,3,9,SWD_0_50_200_50_50,P2R,MW_01MayR6V1,MW_T3,607.1,507.041,307.114,594.283,14.624,0.893,0,0,0,,,0,3_9
01/09/1985,1985,244,1984,01-May,4,sugar,alive,0,0,0,488,4.652,1984,1/5/1984,122,0,0,182,1985,14,2616,6041.09,5468.2,6288.5,4760.73,147.764,2395.7,,0,0,0,17.042,166.6,136.887,136.887,109.382,6870.7,6980.082,113680.245,25.46,23.36,1.424,9,297,1731.4,174.668,709.785,982.398,800.019,404.052,1204.071,9.164,6663.677,34.811,6698.488,111889.446,130,341.839,373.604,84.807,10.034,8.29,15.801,4755.082,350,0.843,2647.2,9.7,1058.9,0,0,17.151,26.3,18.625,365,Mackay,Mackay,Pind,1960,LPOH_5_15,BareFallow,42,MW_Surf2,130_150,33,3,9,SWD_0_50_200_50_50,P2R,MW_01MayR6V1,MW_T3,2028.4,1279.398,884.453,1288.505,103.131,18.324,11.5494943715716,0.122720337920272,19.7809906291834,1.13664615384615,0.432261971278877,23.957,3_9
01/09/1986,1986,244,1985,01-May,4,sugar,alive,0,0,1,365,4.475,1984,1/9/1985,122,0,0,182,1986,14,2616,4230.72,3815.65,4687.87,3174,98.824,1896.34,,0,0,0,20.703,80.1,58.763,48.763,34.811,6663.677,6698.488,111889.446,12.91,11.39,1.385,6,198,1424.6,440.46,367.356,921.155,578.941,188.434,767.375,0.402,6728.579,7.858,6736.437,112469.652,150,176.065,285.835,42.525,33.995,0.383,7.921,8886.124,350,0.65,1497.9,5.8,599.2,0,0,18.721,27.245,19.238,134,Mackay,Mackay,Pind,1960,LPOH_5_15,BareFallow,42,MW_Surf2,130_150,33,3,9,SWD_0_50_200_50_50,P2R,MW_01MayR6V1,MW_T3,1622.6,1119.155,807.816,996.25,76.903,34.378,8.83023352440011,0.1287818863007,15.2506172839506,0.658826666666667,0.561292704398944,18.963,3_9
01/08/1987,1987,213,1986,01-May,4,sugar,alive,0,0,2,334,4.487,1984,1/9/1986,122,0,0,182,1987,14,2616,5101.71,4575.43,5620.8,3845.34,119.094,2048.37,,0,0,0,18.256,103,94.171,84.171,7.858,6728.579,6736.437,112469.652,16.28,14.35,1.404,9,297,750.9,4.428,48.309,701.52,733.974,213.271,947.245,0.131,6730.964,5.952,6736.915,112714.209,150,230.7,301.852,20.234,0.133,0.206,3.942,8230.351,350,0.782,2173.1,8,869.2,0,0,19.432,28.199,20.202,62,Mackay,Mackay,Pind,1960,LPOH_5_15,BareFallow,42,MW_Surf2,130_150,33,3,9,SWD_0_50_200_50_50,P2R,MW_01MayR6V1,MW_T3,1047.9,998.52,52.737,266.008,20.573,0.339,11.9270520370148,0.125726712730075,15.9429718875502,0.79396,0.516228868660598,20.484,3_9
01/07/1988,1988,183,1987,01-May,4,sugar,alive,0,0,3,335,4.475,1984,1/8/1987,122,0,0,182,1988,14,2616,5238.35,4631.24,5768.17,3898.61,120.136,2207.51,,0,0,0,19.701,96.9,124.09,114.09,5.952,6730.964,6736.915,112714.209,15.88,13.66,1.402,9,297,1522.2,199.228,673.057,783.849,766.147,162.496,928.644,2.117,6770.991,2.714,6773.705,113159.593,150,225.097,301.959,4.388,3.082,1.484,1.122,9523.998,350,0.762,2050,7.6,820,0,0,19.166,27.853,19.968,293.4,Mackay,Mackay,Pind,1960,LPOH_5_15,BareFallow,42,MW_Surf2,130_150,33,3,9,SWD_0_50_200_50_50,P2R,MW_01MayR6V1,MW_T3,1819.2,1080.849,872.285,1034.781,8.954,4.566,11.1149661053487,0.129367120231219,16.0824631860776,0.800906666666667,0.533707690462334,22.075,3_9
01/07/1989,1989,182,1988,01-May,4,sugar,alive,0,0,4,365,4.511,1984,1/7/1988,122,0,0,182,1989,14,2616,4913.26,4366.43,5458.6,3715.46,114.693,2112.19,,0,0,0,19.752,100.8,124.363,114.363,2.714,6770.991,6773.705,113159.593,15.5,13.5,1.411,5,165,2493.7,907.448,891.941,1324.804,698.491,158.842,857.333,2.026,6808.063,3.796,6811.859,113554.104,150,220.557,303.13,12.539,2.91,3.339,2.599,10235.901,350,0.735,1898.2,7.1,759.3,0,0,18.823,26.928,18.87,197,Mackay,Mackay,Pind,1960,LPOH_5_15,BareFallow,42,MW_Surf2,130_150,33,3,9,SWD_0_50_200_50_50,P2R,MW_01MayR6V1,MW_T3,2658.7,1489.804,1799.389,1958.231,18.788,6.249,7.69852947099081,0.133778823397676,18.6492682926829,0.76462,0.520015234157157,21.122,3_9
01/07/1990,1990,182,1989,01-May,4,sugar,alive,0,0,5,365,4.488,1984,1/7/1989,122,0,0,182,1990,14,2616,4487.59,3938.31,4983.75,3341.04,101.636,1443.61,,0,0,0,14.571,95.3,116.34,106.34,3.796,6808.063,6811.859,113554.104,15.23,13.22,1.421,9,297,1726,627.086,585.799,897.085,628.628,165.006,793.634,1.149,6855.863,3.456,6859.319,114151.635,150,214.985,276.58,5.135,0.211,1.091,1.174,9355.241,350.403,0.787,2208.7,8.2,883.5,0,0,18.295,27.043,19.517,130,Mackay,Mackay,Pind,1960,LPOH_5_15,BareFallow,42,MW_Surf2,130_150,33,3,9,SWD_0_50_200_50_50,P2R,MW_01MayR6V1,MW_T3,2023,1194.085,1212.885,1377.891,6.437,1.302,8.5116218694649,0.128064069835718,13.605890227577,0.677573333333333,0.472758564551015,14.436,3_9
01/07/1991,1991,182,1990,01-May,4,sugar,alive,0,0,6,365,4.487,1984,1/7/1990,122,0,0,182,1991,14,2616,5116.96,4482.18,5577.33,3896.36,119.321,1763.85,,0,0,0,15.282,120,114.822,104.822,3.456,6855.863,6859.319,114151.635,18.06,15.73,1.434,9,297,2941.2,452.998,1940.92,722.384,697.808,186.18,883.987,6.174,6867.579,3.977,6871.556,114664.859,150,250.638,310.976,5.958,0.169,4.871,1.401,9447.014,351.939,0.777,2142.6,8,857,0,0,18.061,27.053,19.563,298.2,Mackay,Mackay,Pind,1960,LPOH_5_15,BareFallow,42,MW_Surf2,130_150,33,3,9,SWD_0_50_200_50_50,P2R,MW_01MayR6V1,MW_T3,3238.2,1019.384,2393.918,2580.098,10.998,5.04,11.7052062814406,0.134980491794563,15.973360107095,0.795473333333333,0.476069071728948,17.638,3_9
01/05/1992,1992,122,0,01-May,4,none,out,0,0,-1,0,6,1984,0.000,122,0,0,182,-1,14,2616,0,0,0,0,0,0,,0,0,0,0,0,57.116,47.116,3.977,6867.579,6871.556,114664.859,0,0,1.437,0,0,700.8,345.007,54.58,552.67,0,219.1,219.1,0.002,6982.891,42.132,7025.023,115577.891,0,0,100.043,4.687,0.215,0.049,0.592,9210.074,353.24,0.01,13.9,0.1,5.6,0,0,18.87,28.656,22.223,174,Mackay,Mackay,Pind,1960,LPOH_5_15,BareFallow,42,MW_Surf2,130_150,33,3,9,SWD_0_50_200_50_50,P2R,MW_01MayR6V1,MW_T3,700.8,552.67,399.587,618.687,4.951,0.264,0,0,0,,,0,3_9
05/09/1993,1993,248,1992,01-May,5,sugar,alive,0,0,0,492,4.695,1992,1/5/1992,122,0,4,182,1993,10,2616,6353.71,5725.07,6567.02,5014.64,154.849,2574.12,,0,0,0,17.547,189.6,139.23,139.23,42.132,6982.891,7025.023,115577.891,26.72,24.42,1.454,9,297,1384.8,62.165,405.774,966.069,813.321,423.177,1236.498,5.887,6773.653,11.683,6785.336,113264.267,130,367.259,381.278,36.602,0.244,5.277,6.762,5884.884,355.381,0.832,2548.8,9.3,1019.5,0,0,17.665,26.651,19.288,185,Mackay,Mackay,Pind,1960,LPOH_5_15,BareFallow,42,MW_Surf2,130_150,33,3,9,SWD_0_50_200_50_50,P2R,MW_01MayR6V1,MW_T3,1681.8,1263.069,467.939,891.116,42.123,5.521,12.2597419460061,0.125231904944448,20.7294511378849,1.19114615384615,0.4216343234611,25.741,3_9
05/09/1994,1994,248,1993,01-May,5,sugar,alive,0,0,1,365,4.496,1992,5/9/1993,122,0,4,186,1994,10,2620,5902.54,5319.39,6389.25,4621.41,143.8,2792,,0,0,0,20.981,106.9,98.594,88.594,11.683,6773.653,6785.336,113264.267,16.68,14.55,1.415,8,264,1076.2,208.069,170.353,851.401,814.679,172.012,986.69,0.386,6819.026,5.206,6824.232,113901.398,150,229.047,309.379,17.618,4.169,0.691,3.549,9821.94,357.007,0.824,2484.6,9.3,993.8,0,0,18.351,27.097,19.978,141,Mackay,Mackay,Pind,1960,LPOH_5_15,BareFallow,42,MW_Surf2,130_150,33,3,9,SWD_0_50_200_50_50,P2R,MW_01MayR6V1,MW_T3,1340.2,1115.401,378.422,550.434,22.478,4.86,12.8922244107725,0.145739796693997,20.140056022409,0.958666666666667,0.627818744624466,27.92,3_9
05/08/1995,1995,217,1994,01-May,5,sugar,alive,0,0,2,334,4.432,1992,5/9/1994,122,0,4,186,1995,10,2620,4776.56,4278.08,5361.7,3569.7,110.818,2044.2,,0,0,0,19.789,94.8,57.682,47.682,5.206,6819.026,6824.232,113901.398,15.22,13.39,1.434,8,264,962.9,187.297,163.459,760.862,692.916,153.548,846.463,0.237,6853.23,4.923,6858.153,114259.492,150,220.382,307.51,11.63,2.256,0.226,2.343,9553.316,358.523,0.778,2150.1,8.1,860,0,0,18.956,28.115,20.603,112.5,Mackay,Mackay,Pind,1960,LPOH_5_15,BareFallow,42,MW_Surf2,130_150,33,3,9,SWD_0_50_200_50_50,P2R,MW_01MayR6V1,MW_T3,1226.9,1024.862,350.756,504.304,14.112,2.482,10.8129679898367,0.130918894269448,15.5207282913165,0.738786666666667,0.502845059941375,20.442,3_9
05/07/1996,1996,187,1995,01-May,5,sugar,alive,0,0,3,335,4.48,1992,5/8/1995,122,0,4,186,1996,10,2620,6057.57,5380.47,6634.15,4586.77,142.138,2601.9,,0,0,0,19.616,122.3,71.362,61.362,4.923,6853.23,6858.153,114259.492,19.11,16.63,1.445,9,297,1225,146.455,262.537,925.493,910.284,183.562,1093.845,0.807,6848.622,3.976,6852.598,114377.487,150,264.73,341.573,12.55,0.633,0.729,2.497,9963.782,360.062,0.778,2148,8,859.2,0,0,19.23,28.058,20.57,106,Mackay,Mackay,Pind,1960,LPOH_5_15,BareFallow,42,MW_Surf2,130_150,33,3,9,SWD_0_50_200_50_50,P2R,MW_01MayR6V1,MW_T3,1522,1222.493,408.992,592.554,13.912,1.362,11.6268968411271,0.129943456339792,19.0278447121821,0.947586666666667,0.536916858686209,26.019,3_9
05/07/1997,1997,186,1996,01-May,5,sugar,alive,0,0,4,365,4.483,1992,5/7/1996,122,0,4,186,1997,10,2620,5445.13,4870.48,6080.5,4190.56,129.887,2367.23,,0,0,0,19.517,114.9,72.526,62.526,3.976,6848.622,6852.598,114377.487,17.11,15.01,1.444,8,264,1484.2,314.713,402.012,983.759,807.288,166.445,973.733,1.06,6885.843,2.733,6888.576,114878.787,150,244.22,327.454,9.604,0.386,1.017,2.151,11198.553,361.77,0.76,2036.3,7.6,814.5,0,0,17.694,27.292,20.435,203,Mackay,Mackay,Pind,1960,LPOH_5_15,BareFallow,42,MW_Surf2,130_150,33,3,9,SWD_0_50_200_50_50,P2R,MW_01MayR6V1,MW_T3,1748.2,1247.759,716.725,883.17,11.007,1.403,10.4096223709867,0.13339077550006,18.1914565826331,0.865913333333333,0.531844238801081,23.672,3_9
05/07/1998,1998,186,1997,01-May,5,sugar,alive,0,0,5,365,4.522,1992,5/7/1997,122,0,4,186,1998,10,2620,5946.18,5294.44,6552.95,4593.64,142.228,2449.25,,0,0,0,18.281,127.3,114.267,104.267,2.733,6885.843,6888.576,114878.787,18.8,16.41,1.454,9,297,1273,261.047,228.763,943.135,895.907,180.997,1076.904,0.598,6888.298,1.977,6890.275,114974.483,150,263.14,338.218,13.674,0.284,0.874,2.787,10770.448,363.507,0.781,2168.7,8,867.5,0,0,18.421,27.761,19.712,110,Mackay,Mackay,Pind,1960,LPOH_5_15,BareFallow,42,MW_Surf2,130_150,33,3,9,SWD_0_50_200_50_50,P2R,MW_01MayR6V1,MW_T3,1570,1240.135,489.81,670.807,14.832,1.158,11.4687513859378,0.13207119668977,19.0398929049532,0.948186666666667,0.540503154214487,24.492,3_9
05/07/1999,1999,186,1998,01-May,5,sugar,alive,0,0,6,365,4.526,1992,5/7/1998,122,0,4,186,1999,10,2620,4442.66,3924.3,4999.86,3350.22,103.09,1947.81,,0,0,0,20.34,90.6,99.553,89.553,1.977,6888.298,6890.275,114974.483,13.89,11.99,1.456,1,33,2296.2,858.091,750.221,1212.676,602.561,147.015,749.576,1.456,6923.878,4.296,6928.174,115375.179,150,196.576,300.669,30.356,11.701,2.656,5.692,10413.678,365.273,0.735,1898.9,7.1,759.5,0,0,19.146,27.135,18.123,166,Mackay,Mackay,Pind,1960,LPOH_5_15,BareFallow,42,MW_Surf2,130_150,33,3,9,SWD_0_50_200_50_50,P2R,MW_01MayR6V1,MW_T3,2329.2,1245.676,1608.312,1755.327,44.713,14.357,8.27582774332973,0.137531084239623,21.343685300207,0.687266666666667,0.524428210971838,19.478,3_9
01/05/2000,2000,122,0,01-May,5,none,out,0,0,-1,0,6,1992,0.000,122,0,4,186,-1,10,2620,0,0,0,0,0,0,,0,0,0,0,0,68.866,58.866,4.296,6923.878,6928.174,115375.179,0,0,1.466,0,0,2024.8,620.57,930.949,789.615,0,330.487,330.487,4.119,6980.786,47.966,7028.752,115543.855,0,0,136.772,35.086,6.057,4.025,4.883,9268.88,366.747,0.004,6.3,0,2.5,0,0,18.854,27.559,19.532,187,Mackay,Mackay,Pind,1960,LPOH_5_15,BareFallow,42,MW_Surf2,130_150,33,3,9,SWD_0_50_200_50_50,P2R,MW_01MayR6V1,MW_T3,2024.8,789.615,1551.519,1882.006,45.168,10.082,0,0,0,,,0,3_9
01/09/2001,2001,244,2000,01-May,6,sugar,alive,0,0,0,488,4.638,2000,1/5/2000,122,0,0,182,2001,14,2616,7141.79,6272.19,7197.31,5706.07,173.74,3079.95,,0,0,0,18.905,174.8,211.66,211.66,47.966,6980.786,7028.752,115543.855,26.17,22.98,1.465,9,297,1900.3,132.846,870.336,998.663,961.185,371.952,1333.136,29.77,6793.191,11.726,6804.917,114197.168,130,362.11,367.436,23.291,4.623,8.614,4.598,5366.553,369.179,0.939,3995.2,14.6,1598.1,0,0,16.644,26.355,18.477,235,Mackay,Mackay,Pind,1960,LPOH_5_15,BareFallow,42,MW_Surf2,130_150,33,3,9,SWD_0_50_200_50_50,P2R,MW_01MayR6V1,MW_T3,2197.3,1295.663,1003.182,1375.134,36.528,13.237,13.4093510426708,0.130324287994623,23.2583668005355,1.33646153846154,0.479798956118307,30.799,3_9
01/09/2002,2002,244,2001,01-May,6,sugar,alive,0,0,1,365,4.501,2000,1/9/2001,122,0,0,182,2002,14,2616,4137.27,3632.33,4515.49,3198.47,98.049,1871.12,,0,0,0,20.573,84,54.643,44.643,11.726,6793.191,6804.917,114197.168,13.05,11.2,1.429,9,297,968.4,156.256,213.539,714.922,695.765,184.625,880.389,0.502,6892.561,4.804,6897.365,115067.904,150,193.193,295.778,7.449,4.735,0.285,1.683,10130.936,371.039,0.801,2303.4,8.8,921.4,0,0,18.122,28.533,20.716,143,Mackay,Mackay,Pind,1960,LPOH_5_15,BareFallow,42,MW_Surf2,130_150,33,3,9,SWD_0_50_200_50_50,P2R,MW_01MayR6V1,MW_T3,1265.4,1011.922,369.795,554.42,12.469,5.02,9.68938317380193,0.111370087540848,13.125702811245,0.65366,0.507518388347404,18.711,3_9
01/08/2003,2003,213,2002,01-May,6,sugar,alive,0,0,2,334,4.427,2000,1/9/2002,122,0,0,182,2003,14,2616,4198.2,3652.11,4594.12,3093.65,94.392,1485.86,,0,0,0,16.462,88.8,51.858,41.858,4.804,6892.561,6897.365,115067.904,15.29,13.29,1.459,9,297,965.4,119.332,301.745,617.245,600.717,202.426,803.143,1.823,6924.075,5.04,6929.115,115370.504,150,208.057,278.227,7.466,1.758,1.125,1.522,7745.285,372.769,0.75,1979.8,7.4,791.9,0,0,18.553,28.215,20.658,113,Mackay,Mackay,Pind,1960,LPOH_5_15,BareFallow,42,MW_Surf2,130_150,33,3,9,SWD_0_50_200_50_50,P2R,MW_01MayR6V1,MW_T3,1262.4,914.245,421.077,623.503,10.349,2.883,10.3245847666654,0.117528260845204,12.6361445783133,0.62928,0.453683365616153,14.859,3_9
01/07/2004,2004,183,2003,01-May,6,sugar,alive,0,0,3,335,4.478,2000,1/8/2003,122,0,0,182,2004,14,2616,4663.68,3930.09,4943.1,3522.58,106.097,1851.5,,0,0,0,18.565,129.4,72.04,62.04,5.04,6924.075,6929.115,115370.504,20.31,17.62,1.466,9,297,760.8,4.915,109.659,649.952,733.939,212.599,946.537,1.086,6909.958,4.473,6914.431,115501.629,150,277.722,342.12,8.985,0.052,0.425,1.734,8982.8,374.525,0.793,2250.8,8.3,900.3,0,0,18.875,28.927,20.635,59,Mackay,Mackay,Pind,1960,LPOH_5_15,BareFallow,42,MW_Surf2,130_150,33,3,9,SWD_0_50_200_50_50,P2R,MW_01MayR6V1,MW_T3,1057.8,946.952,114.574,327.173,9.462,0.477,11.2040525813346,0.112089648899092,14.2030789825971,0.707313333333333,0.382025910802889,18.515,3_9
04/07/2005,2005,185,2004,01-May,6,sugar,alive,0,0,4,368,4.488,2000,1/7/2004,122,0,3,182,2005,11,2616,5753.56,5085.3,6243.29,4296.36,132.648,2439.22,,0,0,0,19.718,133.5,50.729,40.729,4.473,6909.958,6914.431,115501.629,20.73,18.28,1.462,9,297,1334.2,52.209,428.4,897.069,858.921,223.525,1082.446,4.988,6919.546,2.86,6922.406,115518.464,150,272.443,350.993,7.314,0.449,1.448,1.568,9723.049,376.486,0.755,2009.2,7.5,803.7,0,0,17.806,28.047,20.126,202,Mackay,Mackay,Pind,1960,LPOH_5_15,BareFallow,42,MW_Surf2,130_150,33,3,9,SWD_0_50_200_50_50,P2R,MW_01MayR6V1,MW_T3,1631.2,1194.069,480.609,704.134,9.211,1.897,11.1089057667522,0.122544681212735,17.7574297188755,0.88432,0.48688349489618,24.392,3_9
04/07/2006,2006,185,2005,01-May,6,sugar,alive,0,0,5,365,4.546,2000,4/7/2005,122,0,3,185,2006,11,2619,6012.33,5377.5,6617.27,4599.42,142.714,2695.8,,0,0,0,20.334,136.8,100.875,90.875,2.86,6919.546,6922.406,115518.464,20.16,17.83,1.465,9,297,1145.8,117.538,164.646,939.455,935.231,175.705,1110.937,0.464,6924.888,3.204,6928.091,115499.366,150,278.503,358.418,9.543,0.667,0.51,2.066,11542.568,378.461,0.738,1915.3,7.1,766.1,0,0,18.942,28.254,19.544,83,Mackay,Mackay,Pind,1960,LPOH_5_15,BareFallow,42,MW_Surf2,130_150,33,3,9,SWD_0_50_200_50_50,P2R,MW_01MayR6V1,MW_T3,1442.8,1236.455,282.184,457.889,10.72,1.177,11.5421911836662,0.128462730109808,19.104953145917,0.951426666666667,0.51243254112164,26.958,3_9
04/07/2007,2007,185,2006,01-May,6,sugar,alive,0,0,6,365,4.487,2000,4/7/2006,122,0,3,185,2007,11,2619,5420.42,4862.7,6064.83,4168.11,129.442,2212.07,,0,0,0,18.12,118.3,132.554,122.554,3.204,6924.888,6928.091,115499.366,17.49,15.44,1.473,9,297,2074.8,575.09,765.038,1076.032,799.515,157.956,957.471,1.646,6950.165,2.805,6952.971,115887.218,150,243.362,329.004,15.289,1.6,1.714,3.051,10951.262,380.467,0.742,1933.9,7.2,773.6,0,0,17.874,27.123,19.441,257,Mackay,Mackay,Pind,1960,LPOH_5_15,BareFallow,42,MW_Surf2,130_150,33,3,9,SWD_0_50_200_50_50,P2R,MW_01MayR6V1,MW_T3,2371.8,1373.032,1340.128,1498.084,18.603,3.314,9.42745689830973,0.135191561937646,17.3282463186078,0.862946666666667,0.531890763553883,22.121,3_9
01/05/2008,2008,122,0,01-May,6,none,out,0,0,-1,0,6,2000,0.000,122,0,3,185,-1,11,2619,0,0,0,0,0,0,,0,0,0,0,0,188.756,178.756,2.805,6950.165,6952.971,115887.218,0,0,1.481,0,0,2203.9,706.827,1295.459,588.801,0,265.993,265.993,3.246,7032.238,66.278,7098.515,116251.328,0,0,128.603,9.716,1.89,4.042,1.014,10233.256,382.145,0.006,8.7,0,3.5,0,0,18.294,27.81,20.084,532,Mackay,Mackay,Pind,1960,LPOH_5_15,BareFallow,42,MW_Surf2,130_150,33,3,9,SWD_0_50_200_50_50,P2R,MW_01MayR6V1,MW_T3,2203.9,588.801,2002.286,2268.279,15.648,5.932,0,0,0,,,0,3_9
01/09/2009,2009,244,2008,01-May,7,sugar,alive,0,0,0,488,4.664,2008,1/5/2008,122,0,0,182,2009,14,2616,4780.22,4164.79,4824.93,3852.52,116.267,1570.87,,0,0,0,13.718,154.5,124.376,124.376,66.278,7032.238,7098.515,116251.328,23.59,21.34,1.491,9,297,1940.1,311.39,879.563,938.957,687.25,419.622,1106.872,9.79,6825.361,17.244,6842.605,114413.044,130,322.034,373.156,71.946,16.593,9.674,13.112,4886.807,384.9,0.907,3395.9,12.4,1358.4,0,0,16.766,27.015,18.377,145,Mackay,Mackay,Pind,1960,LPOH_5_15,BareFallow,42,MW_Surf2,130_150,33,3,9,SWD_0_50_200_50_50,P2R,MW_01MayR6V1,MW_T3,2237.1,1235.957,1190.953,1610.575,98.213,26.267,9.40704247801501,0.105041052623971,15.5645247657296,0.894361538461538,0.361039517566468,15.709,3_9
01/09/2010,2010,244,2009,01-May,7,sugar,alive,0,0,1,365,4.497,2008,1/9/2009,122,0,0,182,2010,14,2616,5147.29,4543.25,5467.33,3930.57,120.402,1848.49,,0,0,0,15.984,105.1,45.652,35.652,17.244,6825.361,6842.605,114413.044,16.68,14.46,1.451,9,297,1975,331.65,897.559,898.617,744.517,226.864,971.381,14.993,6877.39,2.481,6879.871,114977.295,150,226.6,297.699,12.593,10.366,3.474,2.441,8057.555,387.003,0.835,2573.4,9.5,1029.4,0,0,18.685,27.974,19.108,185,Mackay,Mackay,Pind,1960,LPOH_5_15,BareFallow,42,MW_Surf2,130_150,33,3,9,SWD_0_50_200_50_50,P2R,MW_01MayR6V1,MW_T3,2272,1195.617,1229.209,1456.073,26.433,13.84,10.0702817039236,0.123949305164503,16.1180722891566,0.80268,0.531341571050309,18.485,3_9
01/08/2011,2011,213,2010,01-May,7,sugar,alive,0,0,2,334,4.443,2008,1/9/2010,122,0,0,182,2011,14,2616,3537.67,3171.52,4028.03,2610.99,81.062,1549.51,,0,0,0,20.612,69.5,99.063,89.063,2.481,6877.39,6879.871,114977.295,11.42,10.07,1.466,2,66,3766.5,1341.354,1918.133,1023.037,446.792,161.194,607.987,2.593,6933.049,4.32,6937.369,115420.975,150,162.524,256.783,27.613,9.744,4.069,5.064,8507.002,388.959,0.652,1509.6,5.8,603.8,0,0,18.952,26.949,17.359,220,Mackay,Mackay,Pind,1960,LPOH_5_15,BareFallow,42,MW_Surf2,130_150,33,3,9,SWD_0_50_200_50_50,P2R,MW_01MayR6V1,MW_T3,3832.5,1089.037,3259.487,3420.681,41.426,13.813,7.44345692570592,0.133328508668771,15.7096899224806,0.540413333333333,0.498769412517536,15.495,3_9
01/07/2012,2012,183,2011,01-May,7,sugar,alive,0,0,3,335,4.44,2008,1/8/2011,122,0,0,182,2012,14,2616,5898.86,5197.69,6352.7,4410.52,135.827,2222.37,,0,0,0,17.225,116.8,60.089,50.089,4.32,6933.049,6937.369,115420.975,19.3,16.73,1.481,9,297,2307.5,413.553,1104.484,1018.904,848.884,182.871,1031.755,4.349,6908.063,1.477,6909.54,115421.974,150,264.249,307.957,11.132,0.111,3.038,2.204,8187.655,390.94,0.795,2260.7,8.4,904.3,0,0,18.567,27.708,19.377,239,Mackay,Mackay,Pind,1960,LPOH_5_15,BareFallow,42,MW_Surf2,130_150,33,3,9,SWD_0_50_200_50_50,P2R,MW_01MayR6V1,MW_T3,2604.5,1315.904,1518.037,1700.908,14.281,3.149,10.3219535771606,0.131646563379872,18.1829986613119,0.905513333333333,0.514011405908821,22.224,3_9
01/07/2013,2013,182,2012,01-May,7,sugar,alive,0,0,4,365,4.497,2008,1/7/2012,122,0,0,182,2013,14,2616,5280.42,4706.58,5859.94,4037.57,124.998,2273.72,,0,0,0,19.474,117,96.798,86.798,1.477,6908.063,6909.54,115421.974,17.36,15.26,1.473,9,297,2091,532.166,886.99,999.52,779.971,172.169,952.14,2.597,6943.25,3.815,6947.064,115787.29,150,248.518,337.871,5.396,0.166,2.396,1.372,11134.453,393.132,0.727,1853.9,6.9,741.6,0,0,18.045,27.322,19.55,189,Mackay,Mackay,Pind,1960,LPOH_5_15,BareFallow,42,MW_Surf2,130_150,33,3,9,SWD_0_50_200_50_50,P2R,MW_01MayR6V1,MW_T3,2388,1296.52,1419.156,1591.325,7.958,2.562,9.64103908925431,0.131281114121873,16.7333333333333,0.83332,0.502973627664797,22.737,3_9
01/07/2014,2014,182,2013,01-May,7,sugar,alive,0,0,5,365,4.535,2008,1/7/2013,122,0,0,182,2014,14,2616,5927.25,5308.58,6543.34,4486.66,139.107,2426.29,,0,0,0,18.553,129.4,95.501,85.501,3.815,6943.25,6947.064,115787.29,19.47,17.2,1.483,9,297,1352.5,240.898,312.878,937.596,868.981,189.105,1058.086,0.977,6945.181,2.9,6948.081,115903.147,150,269.218,340.792,5.953,0.095,0.848,1.295,10474.136,395.356,0.738,1913.8,7.1,765.5,0,0,18.823,28.131,19.697,162,Mackay,Mackay,Pind,1960,LPOH_5_15,BareFallow,42,MW_Surf2,130_150,33,3,9,SWD_0_50_200_50_50,P2R,MW_01MayR6V1,MW_T3,1649.5,1234.596,553.776,742.881,6.896,0.943,11.2674105537358,0.131470409777655,18.6220883534137,0.92738,0.516707649562808,24.263,3_9
01/07/2015,2015,182,2014,01-May,7,sugar,alive,0,0,6,365,4.522,2008,1/7/2014,122,0,0,182,2015,14,2616,4957.95,4327.73,5467.86,3829.26,117.136,1895.86,,0,0,0,17.008,112.9,115.139,105.139,2.9,6945.181,6948.081,115903.147,16.66,14.35,1.484,9,297,905.5,131.95,119.623,733.192,787.215,167.633,954.848,0.235,6984.362,2.717,6987.079,116613.728,150,236.097,322.611,10.579,0.184,1.494,2.256,10783.772,397.611,0.762,2052.3,7.6,820.9,0,0,18.202,28.185,20.195,127,Mackay,Mackay,Pind,1960,LPOH_5_15,BareFallow,42,MW_Surf2,130_150,33,3,9,SWD_0_50_200_50_50,P2R,MW_01MayR6V1,MW_T3,1202.5,1030.192,251.573,419.206,12.257,1.678,11.3703076708031,0.122675022621402,15.6808567603748,0.780906666666667,0.496135063130832,18.959,3_9
01/05/2016,2016,122,0,01-May,7,none,out,0,0,-1,0,6,2008,0.000,122,0,0,182,-1,14,2616,0,0,0,0,0,0,,0,0,0,0,0,93.219,83.219,2.717,6984.362,6987.079,116613.728,0,0,1.494,0,0,1469,528.063,557.308,711.603,0,328.494,328.494,1.667,7023.639,84.833,7108.472,116142.781,0,0,161.107,28.238,3.852,3.816,4.094,10373.773,399.515,0.004,6,0,2.4,0,0,19.505,28.744,20.733,143,Mackay,Mackay,Pind,1960,LPOH_5_15,BareFallow,42,MW_Surf2,130_150,33,3,9,SWD_0_50_200_50_50,P2R,MW_01MayR6V1,MW_T3,1469,711.603,1085.371,1413.865,35.906,7.668,0,0,0,,,0,3_9
01/09/2017,2017,244,2016,01-May,8,sugar,alive,0,0,0,488,4.721,2016,1/5/2016,122,0,0,182,2017,14,2616,6719.75,5909.9,6777.65,5383.61,164.313,2722.64,,0,0,0,17.481,183.9,148.355,148.355,84.833,7023.639,7108.472,116142.781,27.28,24.31,1.495,9,297,2638.1,220.58,1410.685,1187.174,974.708,409.063,1383.771,20.27,6801.921,15.484,6817.404,114494.335,130,374.775,394.635,57.752,11.253,17.335,10.913,5187.395,402.607,0.946,4177.8,15.3,1671.1,0,0,17.793,27.364,16.771,276,Mackay,Mackay,Pind,1960,LPOH_5_15,BareFallow,42,MW_Surf2,130_150,33,3,9,SWD_0_50_200_50_50,P2R,MW_01MayR6V1,MW_T3,2935.1,1484.174,1631.265,2040.328,86.34,28.588,11.071006499238,0.11874291338668,21.9963855421687,1.26394615384615,0.438431058635181,27.226,3_9
01/09/2018,2018,244,2017,01-May,8,sugar,alive,0,0,1,365,4.481,2016,1/9/2017,122,0,0,182,2018,14,2616,3722.9,3317.07,4139.02,2823.11,87.288,1613.94,,0,0,0,19.843,69.3,50.419,40.419,15.484,6801.921,6817.404,114494.335,11.1,9.61,1.45,8,264,1168.8,481.675,236.242,735.843,563.362,137.023,700.385,0.253,6906.553,5.926,6912.479,115266.087,150,155.095,266.292,30.178,16.024,0.234,5.598,9438.198,404.964,0.731,1876.7,7.5,750.7,0,0,17.981,28.17,18.276,103,Mackay,Mackay,Pind,1960,LPOH_5_15,BareFallow,42,MW_Surf2,130_150,33,3,9,SWD_0_50_200_50_50,P2R,MW_01MayR6V1,MW_T3,1432.8,999.843,717.917,854.94,46.436,16.258,8.73017063678998,0.124628597128722,12.2252100840336,0.58192,0.562803443051033,16.139,3_9
01/08/2019,2019,213,2018,01-May,8,sugar,alive,0,0,2,334,4.467,2016,1/9/2018,122,0,0,182,2019,14,2616,5296.15,4661.8,5709.47,3871.37,118.518,1768.36,,0,0,0,15.452,107.3,48.918,38.918,5.926,6906.553,6912.479,115266.087,18.14,15.82,1.479,9,297,1673.3,472.485,553.135,966.227,730.908,170.803,901.711,2.182,6889.504,2.991,6892.495,115135.273,150,251.435,309.28,12.158,1.125,1.562,2.408,8151.965,407.153,0.794,2258.6,8.3,903.5,0,0,19.191,28.09,17.032,123,Mackay,Mackay,Pind,1960,LPOH_5_15,BareFallow,42,MW_Surf2,130_150,33,3,9,SWD_0_50_200_50_50,P2R,MW_01MayR6V1,MW_T3,1970.3,1263.227,1025.62,1196.423,14.845,2.687,9.38216171756937,0.131436790723414,15.8658634538153,0.79012,0.471366357110188,17.684,3_9
01/07/2020,2020,183,2019,01-May,8,sugar,alive,0,0,3,335,4.47,2016,1/8/2019,122,0,0,182,2020,14,2616,5062.08,4446.66,5568.01,3802.7,116.767,1999.61,,0,0,0,18.163,111,73.887,63.887,2.991,6889.504,6892.495,115135.273,17.2,14.95,1.474,9,297,1528.8,317.79,535.619,857.355,791.057,161.583,952.64,1.741,6927.028,2.782,6929.81,115799.816,150,242.979,327.121,4.981,0.129,1.47,1.148,10150.692,409.37,0.728,1859.8,6.9,743.9,0,0,18.638,28.599,19.144,167,Mackay,Mackay,Pind,1960,LPOH_5_15,BareFallow,42,MW_Surf2,130_150,33,3,9,SWD_0_50_200_50_50,P2R,MW_01MayR6V1,MW_T3,1825.8,1154.355,853.409,1014.992,6.58,1.599,10.1153457991692,0.122572010413168,15.6314591700134,0.778446666666667,0.480564163981249,19.996,3_9
01/07/2021,2021,182,2020,01-May,8,sugar,alive,0,0,4,365,4.522,2016,1/7/2020,122,0,0,182,2021,14,2616,5587.13,4970.54,6149.96,4229.03,130.655,2184.89,,0,0,0,17.669,132.5,75.638,65.638,2.782,6927.028,6929.81,115799.816,19.7,17.44,1.482,9,297,1294.6,191.529,353.359,857.075,817.158,173.96,991.118,1.052,6926.366,1.891,6928.258,115759.459,150,271.551,347.244,8.439,0.065,1.056,1.842,10542.063,411.819,0.737,1905.3,7,762.1,0,0,18.525,27.767,17,146,Mackay,Mackay,Pind,1960,LPOH_5_15,BareFallow,42,MW_Surf2,130_150,33,3,9,SWD_0_50_200_50_50,P2R,MW_01MayR6V1,MW_T3,1591.6,1154.075,544.888,718.848,9.56,1.121,11.3211879643871,0.131825877443453,17.4906291834003,0.871033333333333,0.48114350527157,21.849,3_9
01/07/2022,2022,182,2021,01-May,8,sugar,alive,0,0,5,365,4.546,2016,1/7/2021,122,0,0,182,2022,14,2616,5488.2,4853.12,6033.16,4141.3,127.592,2349.49,,0,0,0,19.749,121,113.231,103.231,1.891,6926.366,6928.258,115759.459,18.33,16,1.481,9,297,1205.6,324.231,198.932,913.321,848.32,153.99,1002.31,0.332,6932.396,5.146,6937.542,115757.233,150,251.597,344.301,21.16,1.614,0.704,4.11,10949.072,414.302,0.758,2029.1,7.5,811.6,0,0,18.81,28.279,17.351,124,Mackay,Mackay,Pind,1960,LPOH_5_15,BareFallow,42,MW_Surf2,130_150,33,3,9,SWD_0_50_200_50_50,P2R,MW_01MayR6V1,MW_T3,1502.6,1210.321,523.163,677.153,23.478,2.318,10.5419967099637,0.127297941754547,17.0805890227577,0.850613333333333,0.507128463375954,23.495,3_9
01/05/1961,1961,121,0,01-May,0,none,out,0,0,-1,0,6,-1,0.000,121,0,0,181,-1,14,2616,0,0,0,0,0,0,,0,0,0,0,0,0,0,0,0,0,0,0,0,1.327,0,0,598.2,0,313.273,284.927,0,245.881,245.881,14.297,6548.494,112.751,6661.246,109342.585,0,0,85.481,2.199,0,4.248,0.481,956.661,350,0,0.1,0,0.1,0,0,20.152,28.608,20.122,136.7,Mackay,Mackay,Pind,1961,LPOH_5_15,BareFallow,42,MW_Surf2,130_150,33,3,9,SWD_0_50_200_50_50,P2R,MW_01MayR6V1,MW_T3,598.2,284.927,313.273,559.154,6.447,4.248,0,0,0,,,0,3_9
01/09/1962,1962,244,1961,01-May,1,sugar,alive,0,0,0,488,4.605,1961,1/5/1961,121,0,0,181,1962,14,2616,5143.89,4430.69,5133.93,4100.49,122.884,1856.12,,0,0,0,15.679,135.9,68.845,68.845,112.751,6548.494,6661.246,109342.585,22.12,19.51,1.31,9,297,1422.1,51.496,491.349,927.002,765.909,412.249,1178.159,11.149,6469.731,17.409,6487.14,109350.104,130,303.441,257.81,25.027,4.793,5.493,4.986,3045.174,350,0.95,4283,15.7,1713.2,0,0,15.876,26.306,18.994,153.2,Mackay,Mackay,Pind,1961,LPOH_5_15,BareFallow,42,MW_Surf2,130_150,33,3,9,SWD_0_50_200_50_50,P2R,MW_01MayR6V1,MW_T3,1719.1,1224.002,542.845,955.094,35.313,10.286,10.0395260792058,0.104301711398886,16.4503346720214,0.945261538461538,0.404968346400124,18.561,3_9
01/09/1963,1963,244,1962,01-May,1,sugar,alive,0,0,1,365,4.465,1961,1/9/1962,121,0,0,181,1963,14,2616,4111.23,3695.1,4502.15,3083.62,95.398,1741.13,,0,0,0,19.549,76.1,48.942,38.942,17.409,6469.731,6487.14,109350.104,12.34,10.82,1.288,9,297,2759.6,572.82,1573.696,868.297,628.468,241.117,869.585,13.058,6574.637,3.191,6577.828,110102.404,150,173.942,264.315,9.073,13.163,3.945,1.796,8229.28,350,0.718,1807,6.7,722.8,0,0,17.884,27.631,18.724,406.4,Mackay,Mackay,Pind,1961,LPOH_5_15,BareFallow,42,MW_Surf2,130_150,33,3,9,SWD_0_50_200_50_50,P2R,MW_01MayR6V1,MW_T3,3056.6,1165.297,2146.516,2387.633,26.181,17.108,8.18658247639872,0.109705204206604,12.7708165997323,0.635986666666667,0.54844718354394,17.411,3_9
01/08/1964,1964,214,1963,01-May,1,sugar,alive,0,0,2,335,4.404,1961,1/9/1963,121,0,0,181,1964,14,2616,4862.28,4323.18,5318.34,3610.15,111.612,1893.01,,0,0,0,17.961,88.9,71.441,61.441,3.191,6574.637,6577.828,110102.404,14.93,12.95,1.315,8,264,991.3,198.869,134.61,781.077,719.736,186.179,905.915,0.462,6597.3,3.999,6601.3,110316.212,150,210.306,283.489,12.131,0.426,0.32,2.491,7926.063,350,0.753,1998.5,7.4,799.4,0,0,18.17,27.609,19.799,68.1,Mackay,Mackay,Pind,1961,LPOH_5_15,BareFallow,42,MW_Surf2,130_150,33,3,9,SWD_0_50_200_50_50,P2R,MW_01MayR6V1,MW_T3,1255.3,1045.077,333.479,519.658,12.877,0.746,10.6797872309887,0.123203611817886,15.6319327731092,0.74408,0.530712390516676,18.93,3_9
01/07/1965,1965,182,1964,01-May,1,sugar,alive,0,0,3,334,4.421,1961,1/8/1964,121,0,0,181,1965,14,2616,4731.82,4205.32,5255.2,3457.92,107.235,1908.92,,0,0,0,18.996,94.2,71.348,61.348,3.999,6597.3,6601.3,110316.212,15.72,13.79,1.321,9,297,1052.5,259.611,170.038,805.779,729.045,178.806,907.851,0.471,6626,4.36,6630.36,110637.889,150,219.585,305.386,14.77,0.514,0.363,2.976,9049.17,350,0.689,1668.6,6.3,667.4,0,0,18.263,27.742,19.74,77.2,Mackay,Mackay,Pind,1961,LPOH_5_15,BareFallow,42,MW_Surf2,130_150,33,3,9,SWD_0_50_200_50_50,P2R,MW_01MayR6V1,MW_T3,1349.5,1102.779,429.649,608.455,15.647,0.877,9.7240698272274,0.118119603326978,14.355421686747,0.7149,0.488353029578523,19.089,3_9
01/07/1966,1966,182,1965,01-May,1,sugar,alive,0,0,4,365,4.442,1961,1/7/1965,121,0,0,181,1966,14,2616,4713.09,4103.31,5141.58,3507.68,107.318,1898.26,,0,0,0,18.857,100.9,65.348,55.348,4.36,6626,6630.36,110637.889,16.23,13.99,1.331,9,297,1001.1,232.091,130.307,779.455,727.705,193.125,920.83,0.415,6667.069,3.143,6670.212,111504.487,150,224.712,302.792,8.2,0.29,0.33,1.788,9014.015,350,0.747,1961.8,7.3,784.7,0,0,17.019,27.141,19.984,80,Mackay,Mackay,Pind,1961,LPOH_5_15,BareFallow,42,MW_Surf2,130_150,33,3,9,SWD_0_50_200_50_50,P2R,MW_01MayR6V1,MW_T3,1298.1,1076.455,362.398,555.523,8.82,0.62,9.96957606216702,0.116544856270973,14.3665327978581,0.715453333333333,0.477580191534053,18.983,3_9
01/07/1967,1967,182,1966,01-May,1,sugar,alive,0,0,5,365,4.482,1961,1/7/1966,121,0,0,181,1967,14,2616,5390.82,4787.49,5904.48,4083.35,126.181,2285.78,,0,0,0,19.382,115.5,62.221,52.221,3.143,6667.069,6670.212,111504.487,17.75,15.54,1.341,9,297,1249.2,199.788,220.091,993.26,808.599,199.044,1007.642,0.556,6683.047,2.829,6685.875,111605.25,150,244.485,317.011,14.732,0.479,0.381,2.954,9863.158,350,0.753,1997.9,7.4,799.2,0,0,17.61,27.233,19.754,100.3,Mackay,Mackay,Pind,1961,LPOH_5_15,BareFallow,42,MW_Surf2,130_150,33,3,9,SWD_0_50_200_50_50,P2R,MW_01MayR6V1,MW_T3,1546.2,1290.26,419.879,618.923,15.592,0.86,9.77950180583758,0.12522403790235,16.8917001338688,0.841206666666667,0.516109372763155,22.858,3_9
01/07/1968,1968,183,1967,01-May,1,sugar,alive,0,0,6,366,4.459,1961,1/7/1967,121,0,0,181,1968,14,2616,5055.9,4491.91,5603.11,3802.33,117.383,2116.32,,0,0,0,19.276,101.9,162.9,152.9,2.829,6683.047,6685.875,111605.25,16.02,13.96,1.346,8,264,2199.9,654.102,960.731,968.694,762.868,172.395,935.262,2.627,6719.012,5.328,6724.34,111968.069,150,224.387,307.607,10.304,0.746,2.488,2.199,9981.521,350,0.786,2205,8.2,882,0,0,17.035,26.925,19.834,213.1,Mackay,Mackay,Pind,1961,LPOH_5_15,BareFallow,42,MW_Surf2,130_150,33,3,9,SWD_0_50_200_50_50,P2R,MW_01MayR6V1,MW_T3,2463.9,1232.694,1614.833,1787.228,13.538,3.234,9.52247678661533,0.125508146380373,16.4401960784314,0.782553333333333,0.523127453907758,21.163,3_9
02/05/1969,1969,122,0,01-May,1,none,out,0,0,-1,0,6,1961,0.000,122,1,0,182,-1,13,2616,0,0,0,0,0,0,,0,0,0,0,0,60.704,50.704,5.328,6719.012,6724.34,111968.069,0,0,1.359,0,0,880.2,358.975,138.389,609.813,0,254.299,254.299,0.434,6794.639,54.765,6849.405,112289.431,0,0,130.483,24.31,3.071,0.577,3.882,9934.884,350,0.151,234.1,1.1,93.6,0,0,18.429,28.223,21.004,55.6,Mackay,Mackay,Pind,1961,LPOH_5_15,BareFallow,42,MW_Surf2,130_150,33,3,9,SWD_0_50_200_50_50,P2R,MW_01MayR6V1,MW_T3,880.2,609.813,497.364,751.663,27.958,3.648,0,0,0,,,0,3_9
02/09/1970,1970,245,1969,01-May,2,sugar,alive,0,0,0,488,4.638,1969,2/5/1969,122,1,0,182,1970,13,2616,4177.78,3628.21,4212.58,3414.41,102.659,1430.8,,0,0,0,14.243,147,189.241,189.241,54.765,6794.639,6849.405,112289.431,22.2,20.19,1.371,9,297,1810.4,232.996,872.744,845.623,638.154,484.475,1122.629,10.783,6617.502,24.88,6642.381,110827.558,130,302.135,343.613,49.551,11.465,6.067,9.185,4296.464,350,0.915,3525.3,12.9,1410.1,0,0,16.46,26.594,19.072,411.7,Mackay,Mackay,Pind,1961,LPOH_5_15,BareFallow,42,MW_Surf2,130_150,33,3,9,SWD_0_50_200_50_50,P2R,MW_01MayR6V1,MW_T3,2107.4,1142.623,1105.74,1590.215,67.083,17.532,8.98450320009312,0.0914451702209724,13.7428380187416,0.789684615384616,0.339778575802208,14.308,3_9
02/09/1971,1971,245,1970,01-May,2,sugar,alive,0,0,1,365,4.437,1969,2/9/1970,122,1,0,182,1971,13,2616,5381.22,4783.59,5708.4,4006.14,123.32,1968.62,,0,0,0,16.735,104,50.273,40.273,24.88,6617.502,6642.381,110827.558,17.73,15.54,1.338,9,297,1699.6,263.769,639.688,958.094,802.539,243.866,1046.406,10.548,6631.264,8.875,6640.14,111048.819,150,233.667,305.414,30.875,16.863,2.344,5.853,7547.663,350,0.807,2350.4,8.7,940.2,0,0,17.359,27.298,19.104,129.3,Mackay,Mackay,Pind,1961,LPOH_5_15,BareFallow,42,MW_Surf2,130_150,33,3,9,SWD_0_50_200_50_50,P2R,MW_01MayR6V1,MW_T3,1996.6,1255.094,903.457,1147.323,50.082,19.207,9.82555888244227,0.117851006206004,16.5087014725569,0.822133333333333,0.527759589501299,19.686,3_9
02/08/1972,1972,215,1971,01-May,2,sugar,alive,0,0,2,335,4.436,1969,2/9/1971,122,1,0,182,1972,13,2616,4184.17,3712.81,4647.94,3111.01,95.928,1704.69,,0,0,0,18.958,86.3,79.011,69.011,8.875,6631.264,6640.14,111048.819,13.92,12.19,1.346,8,264,1980.3,593.009,813.935,877.02,665.448,180.836,846.284,2.036,6694.436,4.24,6698.676,111721.886,150,201.54,287.866,7.993,5.708,1.811,1.526,9160.455,350,0.753,1995.3,7.5,798.1,0,0,17.972,27.804,19.445,183.4,Mackay,Mackay,Pind,1961,LPOH_5_15,BareFallow,42,MW_Surf2,130_150,33,3,9,SWD_0_50_200_50_50,P2R,MW_01MayR6V1,MW_T3,2244.3,1141.02,1406.944,1587.78,15.512,7.519,8.40721459746543,0.113352018943995,13.4352941176471,0.63952,0.475974992557309,17.047,3_9
02/07/1973,1973,183,1972,01-May,2,sugar,alive,0,0,3,334,4.439,1969,2/8/1972,122,1,0,182,1973,13,2616,4535.55,3976.73,4988.94,3276.62,100.847,1590.59,,0,0,0,16.5,98.9,54.082,44.082,4.24,6694.436,6698.676,111721.886,16.44,14.39,1.364,9,297,1088.2,259.856,253.064,698.49,666.613,179.861,846.474,1.042,6718.471,4.129,6722.6,112108.131,150,221.297,292.907,9.663,0.16,1.054,2.005,8108.145,350,0.681,1632.9,6.1,653.1,0,0,18.807,28.192,20.218,148.3,Mackay,Mackay,Pind,1961,LPOH_5_15,BareFallow,42,MW_Surf2,130_150,33,3,9,SWD_0_50_200_50_50,P2R,MW_01MayR6V1,MW_T3,1385.2,995.49,512.92,692.781,10.877,1.214,10.130388050106,0.119137740792984,13.5002677376171,0.672313333333333,0.455708843771041,15.906,3_9
02/07/1974,1974,183,1973,01-May,2,sugar,alive,0,0,4,365,4.5,1969,2/7/1973,122,1,0,182,1974,13,2616,5129.32,4587.39,5668.68,3859.32,119.256,1868.72,,0,0,0,16.374,115.4,61.888,51.888,4.129,6718.471,6722.6,112108.131,17.45,15.47,1.37,4,132,3164.5,774.223,1603.942,1093.255,714.15,193.095,907.245,8.259,6739.275,4.723,6743.998,112393.943,150,241.997,311.666,7.849,0.21,5.709,1.693,9649.941,350,0.761,2047.5,7.6,819,0,0,18.508,27.034,17.868,199.6,Mackay,Mackay,Pind,1961,LPOH_5_15,BareFallow,42,MW_Surf2,130_150,33,3,9,SWD_0_50_200_50_50,P2R,MW_01MayR6V1,MW_T3,3296.5,1225.255,2378.165,2571.26,13.768,5.919,9.73315758760421,0.131448506191823,20.4907216494845,0.79504,0.492799497514432,18.687,3_9
02/07/1975,1975,183,1974,01-May,2,sugar,alive,0,0,5,365,4.449,1969,2/7/1974,122,1,0,182,1975,13,2616,4907.75,4376.06,5458.76,3667.4,113.633,1931.9,,0,0,0,18.011,108.5,64.979,54.979,4.723,6739.275,6743.998,112393.943,16.79,14.84,1.377,7,231,1738.2,479.382,561.967,1000.608,739.056,167.554,906.61,1.22,6752.784,3.741,6756.525,112576.901,150,229.257,324.534,25.353,3.613,1.118,4.886,9861.614,350,0.724,1838.2,6.9,735.3,0,0,17.368,27.157,19.675,139.4,Mackay,Mackay,Pind,1961,LPOH_5_15,BareFallow,42,MW_Surf2,130_150,33,3,9,SWD_0_50_200_50_50,P2R,MW_01MayR6V1,MW_T3,1969.2,1231.608,1041.349,1208.903,30.084,4.731,9.22639346285506,0.125338348352654,16.6861967694567,0.757553333333333,0.495657711651116,19.319,3_9
02/07/1976,1976,184,1975,01-May,2,sugar,alive,0,0,6,366,4.488,1969,2/7/1975,122,1,0,182,1976,13,2616,5206.03,4640.56,5756.3,3893.19,120.324,1936.74,,0,0,0,16.898,119.6,72.22,62.22,3.741,6752.784,6756.525,112576.901,18.22,16.15,1.383,3,99,2321.4,611,860.008,1167.771,737.834,182.308,920.141,2.853,6759.948,1.629,6761.577,112757.113,150,250.113,328.053,14.637,1.006,2.698,2.941,9852.644,350,0.761,2043.1,7.6,817.2,0,0,18.281,27.019,18.06,161.4,Mackay,Mackay,Pind,1961,LPOH_5_15,BareFallow,42,MW_Surf2,130_150,33,3,9,SWD_0_50_200_50_50,P2R,MW_01MayR6V1,MW_T3,2420.4,1266.771,1471.008,1653.316,18.341,3.704,9.49848078303024,0.130766915070625,21.9169398907104,0.80216,0.481078552494273,19.367,3_9
01/05/1977,1977,121,0,01-May,2,none,out,0,0,-1,0,6,1969,0.000,121,0,0,182,-1,13,2616,0,0,0,0,0,0,,0,0,0,0,0,95.471,85.471,1.629,6759.948,6761.577,112757.113,0,0,1.388,0,0,1784,721.486,722.359,762.371,0,278.716,278.716,1.307,6855.811,47.62,6903.431,113348.349,0,0,117.641,16.07,2.145,1.807,1.968,9946.465,350,0.005,6.9,0,2.8,0,0,18.644,28.101,20.009,166.6,Mackay,Mackay,Pind,1961,LPOH_5_15,BareFallow,42,MW_Surf2,130_150,33,3,9,SWD_0_50_200_50_50,P2R,MW_01MayR6V1,MW_T3,1784,762.371,1443.845,1722.561,20.022,3.952,0,0,0,,,0,3_9
01/09/1978,1978,244,1977,01-May,3,sugar,alive,0,0,0,488,4.627,1977,1/5/1977,121,0,0,181,1978,14,2616,5197.21,4643.31,5360.86,4113.11,125.815,2098,,0,0,0,17.611,163.2,156.91,156.91,47.62,6855.811,6903.431,113348.349,23.53,21.5,1.401,9,297,1599.6,109.223,739.583,837.887,718.667,391.689,1110.356,13.126,6685.917,15.187,6701.104,111855.11,130,322.66,340.219,33.363,1.891,9.509,6.383,4638.018,350,0.859,2800,10.3,1120,0,0,16.486,26.284,19.125,300,Mackay,Mackay,Pind,1961,LPOH_5_15,BareFallow,42,MW_Surf2,130_150,33,3,9,SWD_0_50_200_50_50,P2R,MW_01MayR6V1,MW_T3,1896.6,1134.887,848.806,1240.495,44.763,11.4,11.0861257552514,0.113310505819755,16.8427041499331,0.967807692307692,0.389930577078039,20.98,3_9
01/09/1979,1979,244,1978,01-May,3,sugar,alive,0,0,1,365,4.475,1977,1/9/1978,121,0,0,181,1979,14,2616,4929.93,4475.56,5394.71,3722.3,115.71,2079.38,,0,0,0,19.204,97.2,76.349,66.349,15.187,6685.917,6701.104,111855.11,15.31,13.65,1.37,7,231,2869,550.739,1669.654,930.815,688.57,192.823,881.393,7.941,6717.521,3.9,6721.421,112164.559,150,207.435,297.457,32.141,13.744,3.952,6.058,8583.39,350,0.768,2085.9,7.8,834.4,0,0,17.882,26.686,18.381,509.4,Mackay,Mackay,Pind,1961,LPOH_5_15,BareFallow,42,MW_Surf2,130_150,33,3,9,SWD_0_50_200_50_50,P2R,MW_01MayR6V1,MW_T3,3100,1161.815,2220.393,2413.216,49.837,17.696,9.95941694676002,0.131280824785311,16.9911894273128,0.7714,0.557813290910406,20.794,3_9
01/08/1980,1980,214,1979,01-May,3,sugar,alive,0,0,2,335,4.434,1977,1/9/1979,121,0,0,181,1980,14,2616,4820.68,4265.81,5291.31,3550.49,109.331,1878.41,,0,0,0,18.233,95,60.563,50.563,3.9,6717.521,6721.421,112164.559,15.8,13.77,1.384,9,297,1236.6,168.984,438.818,751.932,708.754,175.918,884.672,0.768,6748.083,1.916,6749.999,112675.888,150,223.832,306.827,6.143,0.516,0.704,1.474,8710.962,350,0.783,2181,8.1,872.4,0,0,19.006,28.043,20.09,215.6,Mackay,Mackay,Pind,1961,LPOH_5_15,BareFallow,42,MW_Surf2,130_150,33,3,9,SWD_0_50_200_50_50,P2R,MW_01MayR6V1,MW_T3,1533.6,1048.932,607.802,783.72,7.363,1.22,10.4230779497622,0.123583655863416,14.6360107095047,0.728873333333333,0.48845115979842,18.784,3_9
01/07/1981,1981,182,1980,01-May,3,sugar,alive,0,0,3,334,4.459,1977,1/8/1980,121,0,0,181,1981,14,2616,5065.52,4511.54,5627.36,3752.09,115.937,1975.87,,0,0,0,18.062,102.1,83.689,73.689,1.916,6748.083,6749.999,112675.888,16.4,14.37,1.394,9,297,1574.3,493.868,445.774,937.387,741.958,168.026,909.984,1.418,6782.91,4.347,6787.258,113142.158,150,229.986,306.957,4.089,0.335,1.371,0.919,9459.508,350,0.741,1928.9,7.2,771.6,0,0,18.805,27.666,19.647,101.3,Mackay,Mackay,Pind,1961,LPOH_5_15,BareFallow,42,MW_Surf2,130_150,33,3,9,SWD_0_50_200_50_50,P2R,MW_01MayR6V1,MW_T3,1871.3,1234.387,939.642,1107.668,5.795,1.706,9.39227324979929,0.127405536800647,15.5203480589023,0.772913333333333,0.504104597671163,19.759,3_9
01/07/1982,1982,182,1981,01-May,3,sugar,alive,0,0,4,365,4.487,1977,1/7/1981,121,0,0,181,1982,14,2616,4940.78,4296.38,5391.03,3719.68,113.52,1936.26,,0,0,0,18.08,119.4,87.362,77.362,4.347,6782.91,6787.258,113142.158,17.97,15.61,1.402,9,297,1258.9,341.746,308.925,842.032,724.919,190.522,915.441,0.94,6802.035,3.957,6805.992,113530.775,150,250.869,328.448,6.755,0.124,0.774,1.539,10084.172,350,0.784,2187.2,8.1,874.9,0,0,18.212,27.411,19.836,222,Mackay,Mackay,Pind,1961,LPOH_5_15,BareFallow,42,MW_Surf2,130_150,33,3,9,SWD_0_50_200_50_50,P2R,MW_01MayR6V1,MW_T3,1555.9,1139.032,650.671,841.193,7.653,0.898,9.96635739821181,0.124005807037264,15.1967871485944,0.7568,0.45250708537125,19.363,3_9
01/07/1983,1983,182,1982,01-May,3,sugar,alive,0,0,5,365,4.47,1977,1/7/1982,121,0,0,181,1983,14,2616,5313.75,4709.27,5850.36,4000.33,123.832,2150,,0,0,0,18.455,121.6,59.15,49.15,3.957,6802.035,6805.992,113530.775,18.68,16.47,1.409,9,297,1425.8,302.797,391.032,963.794,748.299,198.016,946.315,1.184,6820.502,2.934,6823.436,113744.468,150,249.32,328.561,7.868,0.182,0.966,1.756,9808.032,350,0.729,1865,6.9,746,0,0,18.168,27.059,20.069,156,Mackay,Mackay,Pind,1961,LPOH_5_15,BareFallow,42,MW_Surf2,130_150,33,3,9,SWD_0_50_200_50_50,P2R,MW_01MayR6V1,MW_T3,1722.8,1260.794,693.829,891.845,9.016,1.148,9.82174724816267,0.130857061337927,16.5772423025435,0.825546666666667,0.496678966789668,21.5,3_9
01/07/1984,1984,183,1983,01-May,3,sugar,alive,0,0,6,366,4.5,1977,1/7/1983,121,0,0,181,1984,14,2616,4828.79,4098.48,5173.04,3707.96,111.766,1835.21,,0,0,0,17.297,119.2,123.806,113.806,2.934,6820.502,6823.436,113744.468,18.53,15.86,1.414,9,297,627.3,24.188,59.184,565.43,711.538,181.259,892.796,0.19,6842.408,1.629,6844.037,114332.894,150,257.575,331.419,5.037,0.016,0.16,1.327,10063.171,350,0.847,2677.4,9.9,1070.9,0,0,18.281,27.134,19.319,62,Mackay,Mackay,Pind,1961,LPOH_5_15,BareFallow,42,MW_Surf2,130_150,33,3,9,SWD_0_50_200_50_50,P2R,MW_01MayR6V1,MW_T3,924.3,862.43,83.372,264.631,5.213,0.176,12.959428591306,0.125186492771025,14.9619812583668,0.745106666666667,0.433916335048044,18.352,3_9
01/05/1985,1985,121,0,01-May,3,none,out,0,0,-1,0,6,1977,0.000,121,0,0,181,-1,14,2616,0,0,0,0,0,0,,0,0,0,0,0,53.938,43.938,1.629,6842.408,6844.037,114332.894,0,0,1.423,0,0,1462.6,495.937,548.676,743.91,0,318.084,318.084,2.188,6883.026,81.743,6964.769,113812.953,0,0,171.884,38.014,6.494,5.207,6.145,10378.887,350,0.004,5.1,0,2,0,0,19.16,28.114,20.446,365,Mackay,Mackay,Pind,1961,LPOH_5_15,BareFallow,42,MW_Surf2,130_150,33,3,9,SWD_0_50_200_50_50,P2R,MW_01MayR6V1,MW_T3,1462.6,743.91,1044.613,1362.697,49.715,11.701,0,0,0,,,0,3_9
01/09/1986,1986,244,1985,01-May,4,sugar,alive,0,0,0,488,4.655,1985,1/5/1985,121,0,0,181,1986,14,2616,6849.59,6169.11,7094.13,5350.94,164.423,2724.67,,0,0,0,17.482,176.6,153.841,153.841,81.743,6883.026,6964.769,113812.953,26.99,24.49,1.426,9,297,1673.2,118.681,613.599,1043.467,903.326,400.608,1303.934,19.199,6704.742,12.771,6717.513,112583.95,130,370.911,358.345,34.101,5.2,10.915,6.628,5210.792,350,0.875,2970,10.9,1188,0,0,17.326,26.16,18.368,134,Mackay,Mackay,Pind,1961,LPOH_5_15,BareFallow,42,MW_Surf2,130_150,33,3,9,SWD_0_50_200_50_50,P2R,MW_01MayR6V1,MW_T3,1970.2,1340.467,732.28,1132.888,50.216,16.115,12.2660983075301,0.126097639911223,22.0111111111111,1.26479230769231,0.443295022256013,27.247,3_9
01/09/1987,1987,244,1986,01-May,4,sugar,alive,0,0,1,365,4.537,1985,1/9/1986,121,0,0,181,1987,14,2616,5102.33,4592.26,5605.72,3952.09,122.602,2410.35,,0,0,0,21.282,88.2,69.827,59.827,12.771,6704.742,6717.513,112583.95,13.75,11.88,1.391,9,297,760.7,61.104,48.747,693.3,772.291,143.046,915.338,0.103,6789.364,12.645,6802.009,113324.177,150,200.482,288.927,18.006,2.672,0.12,3.44,10508.154,350,0.774,2124.6,8.2,849.8,0,0,18.954,27.818,20.095,62,Mackay,Mackay,Pind,1961,LPOH_5_15,BareFallow,42,MW_Surf2,130_150,33,3,9,SWD_0_50_200_50_50,P2R,MW_01MayR6V1,MW_T3,1057.7,990.3,109.851,252.897,20.798,2.792,12.3802888013733,0.133941778883866,16.4125836680054,0.817346666666667,0.61153619776339,24.104,3_9
01/08/1988,1988,214,1987,01-May,4,sugar,alive,0,0,2,335,4.453,1985,1/9/1987,121,0,0,181,1988,14,2616,5302.79,4771.01,5896.07,3956.6,123.173,2150.12,,0,0,0,18.571,102.8,84.339,74.339,12.645,6789.364,6802.009,113324.177,16.83,14.88,1.417,9,297,1724.2,286.945,773.103,876.852,743.027,177.472,920.499,2.582,6785.772,5.753,6791.525,113366.856,150,237.415,323.28,20.483,7.927,2.067,3.818,9266.933,350,0.754,2002.5,7.4,801,0,0,19.241,27.759,19.47,293.4,Mackay,Mackay,Pind,1961,LPOH_5_15,BareFallow,42,MW_Surf2,130_150,33,3,9,SWD_0_50_200_50_50,P2R,MW_01MayR6V1,MW_T3,2021.2,1173.852,1060.048,1237.52,30.477,9.994,10.4930604539584,0.133811117665527,16.4890227576975,0.821153333333333,0.518808836846872,21.501,3_9
01/07/1989,1989,182,1988,01-May,4,sugar,alive,0,0,3,334,4.458,1985,1/8/1988,121,0,0,181,1989,14,2616,5086.25,4495.42,5649.62,3767.96,116.093,2048.49,,0,0,0,18.804,97.3,106.992,96.992,5.753,6785.772,6791.525,113366.856,16.05,13.89,1.417,2,66,2281.9,673.692,804.347,1250.023,704.756,156.159,860.914,2.256,6830.772,3.705,6834.477,113951.553,150,226.539,297.385,4.127,2.329,2.024,0.938,9806.143,350,0.746,1957.2,7.3,782.9,0,0,19.214,27.322,19.364,197,Mackay,Mackay,Pind,1961,LPOH_5_15,BareFallow,42,MW_Surf2,130_150,33,3,9,SWD_0_50_200_50_50,P2R,MW_01MayR6V1,MW_T3,2347.9,1316.023,1478.039,1634.198,8.48,4.353,8.82150235976119,0.134848544686229,22.4986434108527,0.773953333333333,0.512463637607653,20.485,3_9
01/07/1990,1990,182,1989,01-May,4,sugar,alive,0,0,4,365,4.488,1985,1/7/1989,121,0,0,181,1990,14,2616,4385.48,3860.74,4915.73,3269.12,99.656,1461.87,,0,0,0,15.143,98.4,111.939,101.939,3.705,6830.772,6834.477,113951.553,15.22,13.3,1.429,9,297,1726,623.018,596.03,887.176,614.48,168.798,783.278,1.244,6888.481,3.696,6892.177,114650.655,150,216.305,285.581,3.768,0.189,1.299,0.904,9851.741,350.403,0.769,2090.5,7.8,836.2,0,0,18.295,27.043,19.517,130,Mackay,Mackay,Pind,1961,LPOH_5_15,BareFallow,42,MW_Surf2,130_150,33,3,9,SWD_0_50_200_50_50,P2R,MW_01MayR6V1,MW_T3,2023,1184.176,1219.048,1387.846,5.256,1.488,8.41564091824188,0.127229412801074,13.3408299866131,0.664373333333333,0.460719816925175,14.619,3_9
01/07/1991,1991,182,1990,01-May,4,sugar,alive,0,0,5,365,4.487,1985,1/7/1990,121,0,0,181,1991,14,2616,5158.83,4511.06,5616.4,3921.96,119.971,1752.89,,0,0,0,15.071,123.9,114.613,104.613,3.696,6888.481,6892.177,114650.655,18.63,16.26,1.444,9,297,2941.2,453.078,1938.548,724.724,700.522,185.257,885.779,6.116,6891.527,4.024,6895.551,115063.4,150,255.987,313.103,6.931,0.16,4.919,1.542,9425.257,351.939,0.784,2186.4,8.1,874.5,0,0,18.061,27.053,19.563,298.2,Mackay,Mackay,Pind,1961,LPOH_5_15,BareFallow,42,MW_Surf2,130_150,33,3,9,SWD_0_50_200_50_50,P2R,MW_01MayR6V1,MW_T3,3238.2,1021.724,2391.626,2576.883,12.01,5.079,11.7420164349668,0.135441233084099,16.060374832664,0.799806666666667,0.468660517916926,17.529,3_9
01/07/1992,1992,183,1991,01-May,4,sugar,alive,0,0,6,366,4.501,1985,1/7/1991,121,0,0,181,1992,14,2616,4894.45,4338.99,5427.95,3667.34,113.095,2075.1,,0,0,0,19.668,120.3,57.408,47.408,4.024,6891.527,6895.551,115063.4,17.96,15.92,1.444,9,297,809.1,45.945,130.28,665.853,696.547,215.284,911.831,0.08,6916.047,5.237,6921.284,115464.784,150,244.11,326.606,7.342,0.02,0.184,1.62,9668.991,353.503,0.754,2002.3,7.5,800.9,0,0,18.282,27.906,20.982,174,Mackay,Mackay,Pind,1961,LPOH_5_15,BareFallow,42,MW_Surf2,130_150,33,3,9,SWD_0_50_200_50_50,P2R,MW_01MayR6V1,MW_T3,1106.1,962.853,176.225,391.509,7.546,0.204,11.7458220517566,0.124030659190135,15.1398929049531,0.753966666666667,0.463295235754373,20.751,3_9
01/05/1993,1993,121,0,01-May,4,none,out,0,0,-1,0,6,1985,0.000,121,0,0,181,-1,14,2616,0,0,0,0,0,0,,0,0,0,0,0,57.453,47.453,5.237,6916.047,6921.284,115464.784,0,0,1.45,0,0,1066.4,299.883,361.31,595.988,0,289.165,289.165,0.345,7007.327,62.644,7069.97,115970.897,0,0,127.31,10.025,0.308,0.609,1.516,9563.578,354.828,0.007,10.1,0,4,0,0,19.152,28.301,21.526,185,Mackay,Mackay,Pind,1961,LPOH_5_15,BareFallow,42,MW_Surf2,130_150,33,3,9,SWD_0_50_200_50_50,P2R,MW_01MayR6V1,MW_T3,1066.4,595.988,661.193,950.358,10.942,0.917,0,0,0,,,0,3_9
01/09/1994,1994,244,1993,01-May,5,sugar,alive,0,0,0,488,4.665,1993,1/5/1993,121,0,0,181,1994,14,2616,6924.88,6126.59,7022.4,5593.84,170.957,2854.84,,0,0,0,17.64,199.8,173.496,173.496,62.644,7007.327,7069.97,115970.897,29.59,26.66,1.46,9,297,1282.3,75.589,308.051,987.781,867.868,431.099,1298.967,7.429,6809.558,4.169,6813.726,114219.378,130,405.656,377.287,22.27,0.292,3.368,4.446,5810.759,356.989,0.928,3767.3,13.8,1506.9,0,0,17.552,26.294,18.985,141,Mackay,Mackay,Pind,1961,LPOH_5_15,BareFallow,42,MW_Surf2,130_150,33,3,9,SWD_0_50_200_50_50,P2R,MW_01MayR6V1,MW_T3,1579.3,1284.781,383.64,814.739,25.93,3.66,13.3063144613751,0.131609963917482,22.8858099062918,1.31505384615385,0.421433431281677,28.548,3_9
01/09/1995,1995,244,1994,01-May,5,sugar,alive,0,0,1,365,4.482,1993,1/9/1994,121,0,0,181,1995,14,2616,5522.8,4992.98,6052.55,4231.92,131.947,2525.69,,0,0,0,20.644,113.8,52.19,42.19,4.169,6809.558,6813.726,114219.378,17.48,15.54,1.421,9,297,1066.3,153.504,168.816,863.111,774.303,189.5,963.803,0.448,6870.973,3.939,6874.911,114598.925,150,239.547,330.141,9.265,1.022,0.364,1.853,10401.614,358.643,0.772,2111.5,8,844.6,0,0,18.614,27.615,20.231,112.5,Mackay,Mackay,Pind,1961,LPOH_5_15,BareFallow,42,MW_Surf2,130_150,33,3,9,SWD_0_50_200_50_50,P2R,MW_01MayR6V1,MW_T3,1363.3,1160.111,322.32,511.82,10.651,1.386,11.3736530383731,0.13690245828245,17.6635876840696,0.879646666666667,0.550818837221923,25.257,3_9
01/08/1996,1996,214,1995,01-May,5,sugar,alive,0,0,2,335,4.465,1993,1/9/1995,121,0,0,181,1996,14,2616,5768.29,5141.47,6336.03,4366.79,135.312,2563.68,,0,0,0,20.404,114.7,111.368,101.368,3.939,6870.973,6874.911,114598.925,18.18,15.89,1.447,9,297,1169.4,202.329,239.331,873.668,875.15,169.89,1045.04,0.572,6873.084,2.878,6875.963,114822,150,256.541,340.535,14.944,0.998,0.775,3.033,10058.767,360.185,0.796,2268.2,8.4,907.3,0,0,18.879,28.11,20.632,106,Mackay,Mackay,Pind,1961,LPOH_5_15,BareFallow,42,MW_Surf2,130_150,33,3,9,SWD_0_50_200_50_50,P2R,MW_01MayR6V1,MW_T3,1466.4,1170.668,441.66,611.55,16.717,1.773,11.5585289766185,0.129480211283779,18.1140562248996,0.90208,0.527447854339073,25.637,3_9
01/07/1997,1997,182,1996,01-May,5,sugar,alive,0,0,3,334,4.444,1993,1/8/1996,121,0,0,181,1997,14,2616,5339.11,4768.37,5984.41,4070.33,126.261,2217.83,,0,0,0,18.706,109.8,73.068,63.068,2.878,6873.084,6875.963,114822,16.8,14.71,1.451,7,231,1437.4,293.037,379.86,967.084,784.451,153.596,938.047,1.003,6910.668,2.977,6913.645,115200.409,150,238.51,317.527,6.834,0.558,1.075,1.48,10646.488,361.751,0.749,1976.4,7.4,790.5,0,0,18.351,27.734,20.814,203,Mackay,Mackay,Pind,1961,LPOH_5_15,BareFallow,42,MW_Surf2,130_150,33,3,9,SWD_0_50_200_50_50,P2R,MW_01MayR6V1,MW_T3,1668.4,1198.084,672.897,826.493,8.467,1.633,10.5385765939617,0.134599865465163,18.5405286343612,0.84174,0.529374030438975,22.178,3_9
03/07/1998,1998,184,1997,01-May,5,sugar,alive,0,0,4,367,4.525,1993,1/7/1997,121,0,2,181,1998,12,2616,5902.48,5264.66,6518.92,4554.39,141.117,2443.1,,0,0,0,18.395,129.5,116.524,106.524,2.977,6910.668,6913.645,115200.409,19.01,16.68,1.461,9,297,1274,269.634,236.05,935.827,879.362,185.946,1065.308,0.643,6910.509,2.203,6912.712,115339.373,150,266.333,343.306,14.586,0.341,0.942,2.986,10756.623,363.497,0.775,2129.7,7.9,851.9,0,0,18.383,27.725,19.703,110,Mackay,Mackay,Pind,1961,LPOH_5_15,BareFallow,42,MW_Surf2,130_150,33,3,9,SWD_0_50_200_50_50,P2R,MW_01MayR6V1,MW_T3,1571,1232.827,505.684,691.63,15.869,1.283,11.4466182197502,0.132465915960455,18.8911646586345,0.94078,0.529851726973375,24.431,3_9
03/07/1999,1999,184,1998,01-May,5,sugar,alive,0,0,5,365,4.526,1993,3/7/1998,121,0,2,183,1999,12,2618,4504.94,3973.64,5056.12,3398.97,104.567,1980.32,,0,0,0,20.394,92.6,98.532,88.532,2.203,6910.509,6912.712,115339.373,14.17,12.23,1.462,1,33,2295.2,847.463,748.613,1216.945,610.676,151.223,761.899,1.529,6944.26,4.644,6948.905,115721.17,150,199.287,303.903,29.714,11.31,2.742,5.583,10409.052,365.263,0.734,1890.5,7.1,756.2,0,0,19.143,27.14,18.143,166,Mackay,Mackay,Pind,1961,LPOH_5_15,BareFallow,42,MW_Surf2,130_150,33,3,9,SWD_0_50_200_50_50,P2R,MW_01MayR6V1,MW_T3,2328.2,1249.945,1596.076,1747.299,43.766,14.052,8.36572809203605,0.137245225417017,21.6494824016563,0.697113333333333,0.524705575376216,19.803,3_9
03/07/2000,2000,185,1999,01-May,5,sugar,alive,0,0,6,366,4.472,1993,3/7/1999,121,0,2,183,2000,12,2618,5918.95,5249.89,6458.72,4483.16,138.404,2378.8,,0,0,0,18.24,118.7,66.756,56.756,4.644,6944.26,6948.905,115721.17,18.78,16.33,1.471,9,297,2220.8,562.147,923.91,1035.45,794.773,173.493,968.266,2.926,6941.555,2.875,6944.43,115787.735,150,256.747,321.018,11.762,0.26,2.566,2.432,9712.038,367.058,0.803,2317.4,8.6,927,0,0,18.099,26.712,18.391,187,Mackay,Mackay,Pind,1961,LPOH_5_15,BareFallow,42,MW_Surf2,130_150,33,3,9,SWD_0_50_200_50_50,P2R,MW_01MayR6V1,MW_T3,2517.8,1332.45,1486.057,1659.55,14.588,2.826,10.3871815077489,0.142940059859584,18.5279785809906,0.922693333333333,0.539067642465151,23.788,3_9
01/05/2001,2001,121,0,01-May,5,none,out,0,0,-1,0,6,1993,0.000,121,0,2,183,-1,12,2618,0,0,0,0,0,0,,0,0,0,0,0,112.232,102.232,2.875,6941.555,6944.43,115787.735,0,0,1.471,0,0,1601.5,769.477,508.371,755.223,0,287.959,287.959,0.125,7035.921,67.33,7103.251,116259.044,0,0,128.841,8.423,1.115,0.643,1.189,11040.548,368.566,0.006,7.9,0,3.2,0,0,18.625,27.845,20.181,235,Mackay,Mackay,Pind,1961,LPOH_5_15,BareFallow,42,MW_Surf2,130_150,33,3,9,SWD_0_50_200_50_50,P2R,MW_01MayR6V1,MW_T3,1601.5,755.223,1277.848,1565.807,10.181,1.758,0,0,0,,,0,3_9
01/09/2002,2002,244,2001,01-May,6,sugar,alive,0,0,0,488,4.679,2001,1/5/2001,121,0,0,181,2002,14,2616,4823.97,4266.67,4934.12,3876.65,117.753,2033.94,,0,0,0,18.346,171,147.925,147.925,67.33,7035.921,7103.251,116259.044,24.76,22.72,1.485,9,297,1074.2,28.969,248.808,836.092,706.149,464.87,1171.018,2.388,6834.228,45.62,6879.848,114210.429,130,339.439,374.873,45.658,0.177,2.541,8.643,5127.393,371.039,0.883,3061,11.2,1224.4,0,0,16.785,27.514,19.76,143,Mackay,Mackay,Pind,1961,LPOH_5_15,BareFallow,42,MW_Surf2,130_150,33,3,9,SWD_0_50_200_50_50,P2R,MW_01MayR6V1,MW_T3,1371.2,1133.092,277.777,742.647,48.376,2.718,10.3921835120184,0.100556097344362,15.763453815261,0.905792307692308,0.3469047457717,20.339,3_9
01/09/2003,2003,244,2002,01-May,6,sugar,alive,0,0,1,365,4.478,2001,1/9/2002,121,0,0,181,2003,14,2616,4267.21,3650.62,4473.26,3212.53,96.685,1514.09,,0,0,0,16.362,102.8,52.331,42.331,45.62,6834.228,6879.848,114210.429,17.87,15.61,1.444,9,297,970.8,69.974,334.124,622.469,609.701,237.721,847.422,5.553,6908.483,11.153,6919.636,115157.411,150,230.576,273.87,9.581,1.312,1.21,1.878,7367.416,372.928,0.823,2471.9,9.2,988.8,0,0,18.111,27.886,20.479,113,Mackay,Mackay,Pind,1961,LPOH_5_15,BareFallow,42,MW_Surf2,130_150,33,3,9,SWD_0_50_200_50_50,P2R,MW_01MayR6V1,MW_T3,1267.8,919.469,404.098,641.819,12.103,2.522,10.5153082920686,0.114093096473776,12.9431057563588,0.644566666666667,0.419319443480675,15.141,3_9
01/08/2004,2004,214,2003,01-May,6,sugar,alive,0,0,2,335,4.446,2001,1/9/2003,121,0,0,181,2004,14,2616,4220.92,3506.13,4404.11,3183.54,94.963,1555.82,,0,0,0,17.252,111.9,50.612,40.612,11.153,6908.483,6919.636,115157.411,18.67,16.05,1.466,9,297,765,29.482,127.173,625.638,671.183,220.373,891.556,1.779,6922.843,11.417,6934.261,115671.91,150,254.002,326.141,10.174,0.736,0.541,2.109,8082.107,374.686,0.857,2782.7,10.3,1113.1,0,0,18.698,28.847,20.407,59,Mackay,Mackay,Pind,1961,LPOH_5_15,BareFallow,42,MW_Surf2,130_150,33,3,9,SWD_0_50_200_50_50,P2R,MW_01MayR6V1,MW_T3,1062,922.638,156.655,377.028,11.451,1.277,10.2925524420195,0.106513780401904,12.7125836680054,0.633086666666667,0.37386713490445,15.558,3_9
04/07/2005,2005,185,2004,01-May,6,sugar,alive,0,0,3,337,4.443,2001,1/8/2004,121,0,3,181,2005,11,2616,5587.04,4901.26,6030.64,4156.4,127.874,2179.43,,0,0,0,18.064,129.9,46.402,36.402,11.417,6922.843,6934.261,115671.91,20.41,17.9,1.47,9,297,1324.6,64.763,437.986,879.146,835.082,211.05,1046.132,5.681,6929.479,7.68,6937.159,115629.005,150,270.967,340.182,9.358,1.708,1.596,1.924,9144.27,376.486,0.763,2054.8,7.6,821.9,0,0,18.392,28.468,20.497,202,Mackay,Mackay,Pind,1961,LPOH_5_15,BareFallow,42,MW_Surf2,130_150,33,3,9,SWD_0_50_200_50_50,P2R,MW_01MayR6V1,MW_T3,1621.6,1176.146,502.749,713.799,12.662,3.304,10.8722896647185,0.122235052555509,17.1183400267738,0.852493333333333,0.471917244535313,21.794,3_9
04/07/2006,2006,185,2005,01-May,6,sugar,alive,0,0,4,365,4.546,2001,4/7/2005,121,0,3,184,2006,11,2619,6010.5,5378.33,6606.29,4596.66,142.67,2695.22,,0,0,0,20.336,136.6,101.122,91.122,7.68,6929.479,6937.159,115629.005,20.14,17.83,1.472,9,297,1145.8,111.313,167.487,939.113,932.457,182.623,1115.08,0.491,6933.822,5.544,6939.366,115679.23,150,278.964,357.124,10.131,2.432,0.528,2.175,11310.011,378.461,0.736,1899.9,7,760,0,0,18.942,28.254,19.544,83,Mackay,Mackay,Pind,1961,LPOH_5_15,BareFallow,42,MW_Surf2,130_150,33,3,9,SWD_0_50_200_50_50,P2R,MW_01MayR6V1,MW_T3,1442.8,1236.113,278.8,461.423,13.091,2.96,11.5418250596831,0.127945976970262,19.09906291834,0.951133333333333,0.511427997877862,26.952,3_9
04/07/2007,2007,185,2006,01-May,6,sugar,alive,0,0,5,365,4.487,2001,4/7/2006,121,0,3,184,2007,11,2619,5338.52,4787.54,5974.43,4104.59,127.429,2183.85,,0,0,0,18.18,116,132.041,122.041,5.544,6933.822,6939.366,115679.23,17.16,15.14,1.478,9,297,2074.8,584.004,765.828,1072.329,788.527,158.463,946.99,1.636,6962.42,2.775,6965.195,116105.15,150,239.448,325.554,15.67,3.477,1.685,3.123,10860.496,380.467,0.739,1917,7.1,766.8,0,0,17.874,27.123,19.441,257,Mackay,Mackay,Pind,1961,LPOH_5_15,BareFallow,42,MW_Surf2,130_150,33,3,9,SWD_0_50_200_50_50,P2R,MW_01MayR6V1,MW_T3,2371.8,1369.329,1349.832,1508.295,20.832,5.162,9.30594473643661,0.13456213898774,17.0587684069612,0.849526666666667,0.532178176472554,21.838,3_9
04/07/2008,2008,186,2007,01-May,6,sugar,alive,0,0,6,366,4.487,2001,4/7/2007,121,0,3,184,2008,11,2619,4873.97,4244.69,5351.47,3739.79,114.105,1780.76,,0,0,0,16.296,99.4,189.02,179.02,2.775,6962.42,6965.195,116105.15,15.68,13.37,1.487,9,297,2267.9,502.621,1285.107,762.361,720.191,169.775,889.966,4.126,6998.606,3.637,7002.244,116784.358,150,221.39,304.279,11.78,0.689,4.455,2.427,9763.669,382.503,0.813,2396.7,8.9,958.7,0,0,17.574,27.289,19.223,532,Mackay,Mackay,Pind,1961,LPOH_5_15,BareFallow,42,MW_Surf2,130_150,33,3,9,SWD_0_50_200_50_50,P2R,MW_01MayR6V1,MW_T3,2564.9,1059.361,1787.728,1957.503,16.924,5.144,10.7711157952766,0.128212763184212,15.2751004016064,0.7607,0.515402683048015,17.808,3_9
01/05/2009,2009,121,0,01-May,6,none,out,0,0,-1,0,6,2001,0.000,121,0,3,184,-1,11,2619,0,0,0,0,0,0,,0,0,0,0,0,58.226,48.226,3.637,6998.606,7002.244,116784.358,0,0,1.495,0,0,1817.6,586.497,804.528,739.996,0,338.403,338.403,4.694,7030.029,79.165,7109.195,116216.375,0,0,170.924,37.064,4.997,7.391,5.195,10497.741,384.206,0.003,4.1,0,1.6,0,0,18.877,28.316,19.666,145,Mackay,Mackay,Pind,1961,LPOH_5_15,BareFallow,42,MW_Surf2,130_150,33,3,9,SWD_0_50_200_50_50,P2R,MW_01MayR6V1,MW_T3,1817.6,739.996,1391.025,1729.428,49.452,12.388,0,0,0,,,0,3_9
01/09/2010,2010,244,2009,01-May,7,sugar,alive,0,0,0,488,4.695,2009,1/5/2009,121,0,0,181,2010,14,2616,4865.97,4341.66,5019.63,3848.3,117.441,1698.65,,0,0,0,14.891,144,146.398,146.398,79.165,7030.029,7109.195,116216.375,20.73,18.81,1.494,9,297,2033.5,403.824,837.395,955.156,712.809,407.873,1120.682,5.353,6844.847,14.805,6859.651,114669.273,130,287.455,352.659,89.759,32.802,3.26,16.181,4579.958,387.003,0.845,2661.4,9.7,1064.6,0,0,17.238,27.216,18.55,185,Mackay,Mackay,Pind,1961,LPOH_5_15,BareFallow,42,MW_Surf2,130_150,33,3,9,SWD_0_50_200_50_50,P2R,MW_01MayR6V1,MW_T3,2330.5,1252.156,1241.219,1649.092,125.821,36.062,9.37910292327793,0.104794223517465,15.721686746988,0.903392307692308,0.408554382425075,16.986,3_9
01/09/2011,2011,244,2010,01-May,7,sugar,alive,0,0,1,365,4.491,2009,1/9/2010,121,0,0,181,2011,14,2616,4244.76,3840.93,4646.89,3223.62,100.448,1997.57,,0,0,0,21.561,75.9,96.998,86.998,14.805,6844.847,6859.651,114669.273,12.34,10.86,1.46,4,132,3806,1274.676,1928.248,1094.498,539.083,206.046,745.128,7.209,6886.105,1.844,6887.949,115021.135,150,166.118,259.778,38.704,25.059,4.193,7.131,7745.683,389.138,0.686,1652.8,6.2,661.1,0,0,18.442,26.693,17.368,220,Mackay,Mackay,Pind,1961,LPOH_5_15,BareFallow,42,MW_Surf2,130_150,33,3,9,SWD_0_50_200_50_50,P2R,MW_01MayR6V1,MW_T3,3938,1226.498,3202.924,3408.97,67.956,29.252,8.1898217526649,0.134806368838642,17.2591065292096,0.669653333333333,0.604678601957645,19.976,3_9
01/08/2012,2012,214,2011,01-May,7,sugar,alive,0,0,2,335,4.447,2009,1/9/2011,121,0,0,181,2012,14,2616,5544.78,4975.31,6044.14,4224.67,131.181,2399.18,,0,0,0,19.596,94.7,78.946,68.946,1.844,6886.105,6887.949,115021.135,15.72,13.64,1.473,9,297,2416,567.839,1094.631,1102.392,797.948,178.37,976.318,3.88,6895.447,2.408,6897.855,115283.09,150,225.769,287.244,11.128,0.171,2.807,2.236,8146.402,391.122,0.779,2158.6,8,863.5,0,0,18.504,27.486,19.026,239,Mackay,Mackay,Pind,1961,LPOH_5_15,BareFallow,42,MW_Surf2,130_150,33,3,9,SWD_0_50_200_50_50,P2R,MW_01MayR6V1,MW_T3,2713,1399.392,1662.47,1840.84,14.106,2.978,9.37414248473623,0.134362984191626,17.5610441767068,0.87454,0.581040798338124,23.992,3_9
01/07/2013,2013,182,2012,01-May,7,sugar,alive,0,0,3,334,4.449,2009,1/8/2012,121,0,0,181,2013,14,2616,5032.74,4473.17,5601.04,3786.91,117.249,2097.16,,0,0,0,19.1,101.7,135.157,125.157,2.408,6895.447,6897.855,115283.09,15.98,13.93,1.474,9,297,1943,475.036,883.045,865.548,736.919,171.702,908.621,2.696,6925.965,3.531,6929.496,115643.299,150,232.191,312.241,5.588,0.157,2.365,1.383,9822.544,393.132,0.718,1807.7,6.7,723.1,0,0,18.581,27.859,20.096,189,Mackay,Mackay,Pind,1961,LPOH_5_15,BareFallow,42,MW_Surf2,130_150,33,3,9,SWD_0_50_200_50_50,P2R,MW_01MayR6V1,MW_T3,2240,1162.548,1358.081,1529.783,8.11,2.522,10.085519049536,0.129040601086702,15.695983935743,0.78166,0.504967892812383,20.972,3_9
01/07/2014,2014,182,2013,01-May,7,sugar,alive,0,0,4,365,4.535,2009,1/7/2013,121,0,0,181,2014,14,2616,5765.34,5165.21,6366.44,4359.17,135.248,2455.45,,0,0,0,19.431,122,90.454,80.454,3.531,6925.965,6929.496,115643.299,18.52,16.32,1.481,9,297,1352.5,236.98,324.124,927.364,845.553,194.127,1039.68,1.056,6937.793,2.743,6940.536,115858.921,150,258.354,331.273,5.59,0.082,0.878,1.213,10211.714,395.356,0.724,1841,6.8,736.4,0,0,18.823,28.131,19.697,162,Mackay,Mackay,Pind,1961,LPOH_5_15,BareFallow,42,MW_Surf2,130_150,33,3,9,SWD_0_50_200_50_50,P2R,MW_01MayR6V1,MW_T3,1649.5,1224.364,561.104,755.231,6.55,0.96,11.0463881656109,0.130086180363189,18.1054886211513,0.901653333333333,0.52349876526007,24.554,3_9
01/07/2015,2015,182,2014,01-May,7,sugar,alive,0,0,5,365,4.523,2009,1/7/2014,121,0,0,181,2015,14,2616,4915.12,4290.99,5412.17,3794,116.063,1885.04,,0,0,0,17.077,110.2,121.17,111.17,2.743,6937.793,6940.536,115858.921,16.32,14.04,1.483,9,297,905.5,136.926,123.737,728.649,780.349,171.548,951.897,0.25,6976.423,2.717,6979.139,116530.451,150,232.445,318.553,10.679,0.203,1.589,2.258,10555.482,397.611,0.759,2034.1,7.6,813.6,0,0,18.202,28.185,20.195,127,Mackay,Mackay,Pind,1961,LPOH_5_15,BareFallow,42,MW_Surf2,130_150,33,3,9,SWD_0_50_200_50_50,P2R,MW_01MayR6V1,MW_T3,1202.5,1025.649,260.663,432.211,12.471,1.792,11.3160545176761,0.121928107767962,15.5372155287818,0.773753333333333,0.499313816171568,18.85,3_9
01/07/2016,2016,183,2015,01-May,7,sugar,alive,0,0,6,366,4.562,2009,1/7/2015,121,0,0,181,2016,14,2616,6209.89,5454.35,6703.48,4748.66,146.054,2640.89,,0,0,0,19.34,132,93.111,83.111,2.717,6976.423,6979.139,116530.451,19.97,17.2,1.492,9,297,1656.5,196.04,570.751,1004.57,925.679,194.916,1120.595,2.085,6968.737,2.104,6970.841,116588.545,150,275.115,339.988,6.795,0.387,1.667,1.441,10239.064,399.898,0.774,2123.6,7.8,849.4,0,0,19.116,28.327,19.488,143,Mackay,Mackay,Pind,1961,LPOH_5_15,BareFallow,42,MW_Surf2,130_150,33,3,9,SWD_0_50_200_50_50,P2R,MW_01MayR6V1,MW_T3,1953.5,1301.57,766.791,961.707,8.849,2.054,11.2213711133477,0.130336116081189,19.5520749665328,0.973693333333333,0.530883448739618,26.409,3_9
01/05/2017,2017,121,0,01-May,7,none,out,0,0,-1,0,6,2009,0.000,121,0,0,181,-1,14,2616,0,0,0,0,0,0,,0,0,0,0,0,141.226,131.226,2.104,6968.737,6970.841,116588.545,0,0,1.488,0,0,2278.9,870.537,1144.436,828.344,0,265.64,265.64,2.215,7069.64,54.333,7123.973,116892.84,0,0,130.518,13.689,2.78,2.892,1.886,11393.487,401.829,0.006,8,0,3.2,0,0,19.526,28.568,18.475,276,Mackay,Mackay,Pind,1961,LPOH_5_15,BareFallow,42,MW_Surf2,130_150,33,3,9,SWD_0_50_200_50_50,P2R,MW_01MayR6V1,MW_T3,2278.9,828.344,2014.973,2280.613,19.361,5.672,0,0,0,,,0,3_9
01/09/2018,2018,244,2017,01-May,8,sugar,alive,0,0,0,488,4.686,2017,1/5/2017,121,0,0,181,2018,14,2616,4889.08,4222.5,4884.21,3952.38,118.022,1915.24,,0,0,0,17.06,170.6,139.513,139.513,54.333,7069.64,7123.973,116892.84,25.8,23.36,1.504,9,297,1340.5,148.76,467.445,827.555,735.53,361.107,1096.637,13.47,6877.294,9.697,6886.99,115111.438,130,354.761,365.103,36.072,3.432,9.88,6.409,5109.838,404.964,0.938,3979.8,14.6,1591.9,0,0,16.933,27.356,17.273,103,Mackay,Mackay,Pind,1961,LPOH_5_15,BareFallow,42,MW_Surf2,130_150,33,3,9,SWD_0_50_200_50_50,P2R,MW_01MayR6V1,MW_T3,1637.5,1124.555,616.205,977.312,49.384,13.312,10.494995798338,0.107621756333226,15.7994645247657,0.907861538461539,0.33268031153368,19.152,3_9
01/09/2019,2019,244,2018,01-May,8,sugar,alive,0,0,1,365,4.515,2017,1/9/2018,121,0,0,181,2019,14,2616,5431.28,4745.63,5696.63,4092.27,124.44,1859.2,,0,0,0,15.477,123.2,46.171,36.171,9.697,6877.294,6886.99,115111.438,19.59,17.08,1.469,9,297,1681.9,398.2,607.011,960.45,755.135,190.692,945.827,7.041,6905.841,1.165,6907.006,115420.772,150,260.77,326.936,13.818,5.034,2.07,2.772,8821.875,407.354,0.843,2644.8,9.8,1057.9,0,0,18.586,27.752,17.038,123,Mackay,Mackay,Pind,1961,LPOH_5_15,BareFallow,42,MW_Surf2,130_150,33,3,9,SWD_0_50_200_50_50,P2R,MW_01MayR6V1,MW_T3,1978.9,1257.45,1005.211,1195.903,20.922,7.104,9.8962185375164,0.131567400803741,16.6586345381526,0.8296,0.477202132147103,18.592,3_9
01/08/2020,2020,214,2019,01-May,8,sugar,alive,0,0,2,335,4.434,2017,1/9/2019,121,0,0,181,2020,14,2616,4823.95,4312.2,5357.92,3578.97,110.864,1939.53,,0,0,0,18.619,103.4,56.033,46.033,1.165,6905.841,6907.006,115420.772,16.55,14.67,1.48,9,297,1557.6,391.206,551.068,833.604,727.877,145.918,873.796,1.249,6942.406,3.038,6945.444,115776.432,150,229.022,314.944,11.529,0.481,1.194,2.431,9738.882,409.573,0.722,1826.8,6.9,730.7,0,0,18.575,28.466,18.819,167,Mackay,Mackay,Pind,1961,LPOH_5_15,BareFallow,42,MW_Surf2,130_150,33,3,9,SWD_0_50_200_50_50,P2R,MW_01MayR6V1,MW_T3,1854.6,1130.604,942.274,1088.192,13.204,1.675,9.80573215732476,0.126876296069105,14.8412315930388,0.739093333333333,0.484075765646969,19.395,3_9
01/07/2021,2021,182,2020,01-May,8,sugar,alive,0,0,3,334,4.48,2017,1/8/2020,121,0,0,181,2021,14,2616,5351.2,4729.77,5887.05,3974.62,122.466,1980.43,,0,0,0,16.991,127.7,76.564,66.564,3.038,6942.406,6945.444,115776.432,19.66,17.38,1.491,9,297,1257.2,200.565,359.499,807.833,780.879,161.626,942.505,0.997,6937.35,2.019,6939.369,115837.027,150,270.44,339.205,8.349,0.085,1.053,1.827,9847.219,411.819,0.734,1890.1,7,756,0,0,19.189,28.238,17.316,146,Mackay,Mackay,Pind,1961,LPOH_5_15,BareFallow,42,MW_Surf2,130_150,33,3,9,SWD_0_50_200_50_50,P2R,MW_01MayR6V1,MW_T3,1554.2,1104.833,560.064,721.69,9.487,1.138,11.0845711523823,0.129936711211081,16.3943775100402,0.81644,0.452839816595178,19.804,3_9
01/07/2022,2022,182,2021,01-May,8,sugar,alive,0,0,4,365,4.546,2017,1/7/2021,121,0,0,181,2022,14,2616,5540.51,4901.82,6079.21,4180.5,128.86,2372.52,,0,0,0,19.746,123.3,110.195,100.195,2.019,6937.35,6939.369,115837.027,18.66,16.32,1.49,9,297,1205.6,306.631,202.412,913.037,852.751,160.992,1013.743,0.383,6944.042,5.151,6949.193,115968.963,150,255.077,347.73,21.179,1.433,0.718,4.106,10843.635,414.302,0.755,2011.6,7.5,804.6,0,0,18.81,28.279,17.351,124,Mackay,Mackay,Pind,1961,LPOH_5_15,BareFallow,42,MW_Surf2,130_150,33,3,9,SWD_0_50_200_50_50,P2R,MW_01MayR6V1,MW_T3,1502.6,1210.037,509.043,670.035,23.33,2.151,10.6492611382958,0.127113084874569,17.2503346720214,0.859066666666667,0.505180788546204,23.725,3_9
01/05/1962,1962,121,0,01-May,0,none,out,0,0,-1,0,6,-1,0.000,121,0,0,181,-1,14,2616,0,0,0,0,0,0,,0,0,0,0,0,0,0,0,0,0,0,0,0,1.327,0,0,911.4,0,588.704,322.696,0,271.415,271.415,27.182,6522.792,124.106,6646.897,109084.151,0,0,114.937,4.9,0,15.895,1.151,1215.107,350,0,0.1,0,0.1,0,0,20.964,29.05,18.897,153.2,Mackay,Mackay,Pind,1962,LPOH_5_15,BareFallow,42,MW_Surf2,130_150,33,3,9,SWD_0_50_200_50_50,P2R,MW_01MayR6V1,MW_T3,911.4,322.696,588.704,860.119,20.795,15.895,0,0,0,,,0,3_9
01/09/1963,1963,244,1962,01-May,1,sugar,alive,2,0,0,488,4.649,1962,1/5/1962,121,0,0,181,1963,14,2616,5473.53,4844.98,5574.8,4312.64,132.393,2242.82,,0,0,0,17.937,141.6,81.081,81.081,124.106,6522.792,6646.897,109084.151,21.4,19.09,1.304,9,297,2809.4,251.349,1744.14,943.674,813.018,378.824,1191.843,41.511,6425.707,13.372,6439.08,108708.387,130,287.569,265.824,55.716,20.573,3.388,10.51,2939.071,350,0.903,3329.7,12.2,1331.9,0,0,16.523,26.773,18.261,406.4,Mackay,Mackay,Pind,1962,LPOH_5_15,BareFallow,42,MW_Surf2,130_150,33,3,9,SWD_0_50_200_50_50,P2R,MW_01MayR6V1,MW_T3,3106.4,1240.674,1995.489,2374.313,79.677,23.961,10.6710546041909,0.111082583863814,17.7232931726908,1.01840769230769,0.46038689844872,22.428,3_9
01/09/1964,1964,245,1963,01-May,1,sugar,alive,0,0,1,366,4.453,1962,1/9/1963,121,0,0,181,1964,14,2616,3560.78,3153.9,3908.52,2677.52,81.895,1508.63,,0,0,0,19.759,52.6,70.39,60.39,13.372,6425.707,6439.08,108708.387,8.95,7.46,1.278,4,132,1009.1,329.493,94.304,791.507,543.303,171.544,714.848,0.163,6551.557,3.868,6555.425,109687.587,150,134.096,221.499,13.57,9.335,0.07,2.863,8038.34,350,0.769,2093.1,8.2,837.2,0,0,17.558,27.368,19.801,68.1,Mackay,Mackay,Pind,1962,LPOH_5_15,BareFallow,42,MW_Surf2,130_150,33,3,9,SWD_0_50_200_50_50,P2R,MW_01MayR6V1,MW_T3,1141.1,923.507,423.797,595.341,22.975,9.405,8.86782666509296,0.114562816151126,14.0713058419244,0.545966666666667,0.610719186254624,15.086,3_9
01/08/1965,1965,213,1964,01-May,1,sugar,alive,0,0,2,334,4.423,1962,1/9/1964,121,0,0,181,1965,14,2616,4823.41,4183.65,5126.11,3600.14,110.03,1912.23,,0,0,0,18.476,81.3,64.846,54.846,3.868,6551.557,6555.425,109687.587,14.48,12.13,1.309,9,297,1036.2,235.055,156.279,814.209,747.546,191.906,939.452,0.416,6562.921,1.644,6564.565,109945.69,150,206.693,270.752,18.481,1.334,0.29,3.527,7313.045,350,0.822,2462.4,9.1,984.9,0,0,17.96,27.49,19.519,77.2,Mackay,Mackay,Pind,1962,LPOH_5_15,BareFallow,42,MW_Surf2,130_150,33,3,9,SWD_0_50_200_50_50,P2R,MW_01MayR6V1,MW_T3,1333.2,1111.209,391.334,583.24,20.105,1.624,9.90182764898413,0.117121470814901,14.7295850066934,0.733533333333333,0.532335395973739,19.122,3_9
01/07/1966,1966,182,1965,01-May,1,sugar,alive,0,0,3,334,4.4,1962,1/8/1965,121,0,0,181,1966,14,2616,4212.06,3744.59,4710.38,3048.5,94.25,1684.35,,0,0,0,19.081,86.8,49.26,39.26,1.644,6562.921,6564.565,109945.69,14.44,12.72,1.311,8,264,999.6,272.492,114.063,776.409,661.905,181.279,843.185,0.298,6613.375,4.144,6617.518,110425.582,150,204.514,289.095,7.704,0.592,0.263,1.616,8765.617,350,0.671,1586.9,6,634.7,0,0,17.886,27.613,20.219,80,Mackay,Mackay,Pind,1962,LPOH_5_15,BareFallow,42,MW_Surf2,130_150,33,3,9,SWD_0_50_200_50_50,P2R,MW_01MayR6V1,MW_T3,1263.6,1040.409,386.555,567.834,8.559,0.855,9.05893739865764,0.111778553935376,13.2002801120448,0.628333333333333,0.460848646058461,16.843,3_9
01/07/1967,1967,182,1966,01-May,1,sugar,alive,0,0,4,365,4.482,1962,1/7/1966,121,0,0,181,1967,14,2616,5524.15,4899.82,6006.1,4190.32,129.386,2303.13,,0,0,0,18.995,112.7,67.121,57.121,4.144,6613.375,6617.518,110425.582,17.55,15.26,1.324,9,297,1249.2,184.909,214.565,1001.131,829.396,203.41,1032.806,0.542,6624.837,2.701,6627.537,110752.482,150,243.03,307.788,14.87,0.501,0.346,3.004,9215.875,350,0.766,2072.3,7.7,828.9,0,0,17.61,27.233,19.754,100.3,Mackay,Mackay,Pind,1962,LPOH_5_15,BareFallow,42,MW_Surf2,130_150,33,3,9,SWD_0_50_200_50_50,P2R,MW_01MayR6V1,MW_T3,1546.2,1298.131,399.474,602.884,15.717,0.847,9.96709885211893,0.12527618933275,17.320749665328,0.862573333333333,0.532386948113402,23.031,3_9
01/07/1968,1968,183,1967,01-May,1,sugar,alive,0,0,5,366,4.459,1962,1/7/1967,121,0,0,181,1968,14,2616,4705.29,4181.85,5243.71,3532.05,108.963,2002.26,,0,0,0,19.702,94.1,163.041,153.041,2.701,6624.837,6627.537,110752.482,14.78,12.86,1.327,7,231,2199.9,665.904,965.958,954.402,712.927,174.023,886.95,2.546,6673.594,5.424,6679.018,111236.179,150,210.752,297.846,9.881,0.833,2.309,2.128,9861.079,350,0.774,2126.8,8,850.7,0,0,17.035,26.925,19.834,213.1,Mackay,Mackay,Pind,1962,LPOH_5_15,BareFallow,42,MW_Surf2,130_150,33,3,9,SWD_0_50_200_50_50,P2R,MW_01MayR6V1,MW_T3,2430.9,1185.402,1631.862,1805.885,13.023,3.142,9.19207155041075,0.12285134449518,16.0004405286344,0.72642,0.517020004555117,20.023,3_9
01/07/1969,1969,182,1968,01-May,1,sugar,alive,0,0,6,365,4.476,1962,1/7/1968,121,0,0,181,1969,14,2616,4905.67,4386.98,5473.33,3656.86,112.991,1679.9,,0,0,0,15.387,117.3,61.128,51.128,5.424,6673.594,6679.018,111236.179,17.78,15.88,1.342,9,297,999.4,148.992,111.598,844.604,755.348,200.36,955.707,0.32,6686.982,2.479,6689.461,111395.928,150,246.187,317.95,10.7,0.105,0.287,2.266,9668.486,350,0.725,1844.2,6.9,737.7,0,0,17.828,27.503,19.836,55.6,Mackay,Mackay,Pind,1962,LPOH_5_15,BareFallow,42,MW_Surf2,130_150,33,3,9,SWD_0_50_200_50_50,P2R,MW_01MayR6V1,MW_T3,1296.4,1141.604,260.59,460.95,11.092,0.392,9.89756518022011,0.118227657639842,15.1259705488621,0.753273333333333,0.458964120769984,16.799,3_9
01/05/1970,1970,121,0,01-May,1,none,out,0,0,-1,0,6,1962,0.000,121,0,0,181,-1,14,2616,0,0,0,0,0,0,,0,0,0,0,0,123.231,113.231,2.479,6686.982,6689.461,111395.928,0,0,1.349,0,0,1638.8,514.734,793.982,651.528,0,311.571,311.571,1.017,6726.402,86.232,6812.634,111330.758,0,0,166.193,26.716,6,2.335,4.224,10149.257,350,0.005,6.7,0,2.7,0,0,18.606,28.158,21.141,411.7,Mackay,Mackay,Pind,1962,LPOH_5_15,BareFallow,42,MW_Surf2,130_150,33,3,9,SWD_0_50_200_50_50,P2R,MW_01MayR6V1,MW_T3,1638.8,651.528,1308.716,1620.287,35.051,8.335,0,0,0,,,0,3_9
01/09/1971,1971,244,1970,01-May,2,sugar,alive,0,0,0,488,4.616,1970,1/5/1970,121,0,0,181,1971,14,2616,5838.15,5184.54,5965.86,4588.97,140.884,2412.22,,0,0,0,18.16,165.9,141.745,141.745,86.232,6726.402,6812.634,111330.758,25.06,22.67,1.354,9,297,1752,149.62,742.433,987.184,837.857,360.533,1198.39,21.603,6534.162,26.437,6560.599,109911.821,130,336.445,358.24,64.305,8.038,5.673,11.849,4272.008,350,0.904,3347.3,12.3,1338.9,0,0,16.014,26.487,18.435,129.3,Mackay,Mackay,Pind,1962,LPOH_5_15,BareFallow,42,MW_Surf2,130_150,33,3,9,SWD_0_50_200_50_50,P2R,MW_01MayR6V1,MW_T3,2049,1284.184,892.053,1252.586,78.016,13.711,10.9707020177794,0.117561061090296,18.8599732262383,1.08372307692308,0.418743033779667,24.122,3_9
01/09/1972,1972,245,1971,01-May,2,sugar,alive,0,0,1,366,4.488,1970,1/9/1971,121,0,0,181,1972,14,2616,4381.48,3872.47,4728.79,3359.19,103.153,1877.09,,0,0,0,19.483,86.7,82.301,72.301,26.437,6534.162,6560.599,109911.821,13.66,11.8,1.318,9,297,1981.8,563.704,816.018,902.493,709.777,205.095,914.871,3.782,6622.072,4.297,6626.37,110759.27,150,191.542,278.317,14.917,17.769,1.783,2.891,8902.456,350,0.816,2418.1,9.1,967.2,0,0,17.436,27.592,19.558,183.4,Mackay,Mackay,Pind,1962,LPOH_5_15,BareFallow,42,MW_Surf2,130_150,33,3,9,SWD_0_50_200_50_50,P2R,MW_01MayR6V1,MW_T3,2278.8,1199.493,1379.722,1584.817,34.469,19.552,8.59971671364485,0.112751415226846,13.808969210174,0.687686666666667,0.538539850267826,18.771,3_9
01/08/1973,1973,213,1972,01-May,2,sugar,alive,0,0,2,334,4.438,1970,1/9/1972,121,0,0,181,1973,14,2616,4426.86,3830.71,4781.26,3228.04,98.379,1579.77,,0,0,0,16.851,90.2,48.508,38.508,4.297,6622.072,6626.37,110759.27,15.43,13.25,1.343,9,297,1114.1,288.263,259.095,703.688,649.611,183.282,832.893,1.231,6655.371,2.481,6657.852,111337.22,150,213.984,282.569,6.281,0.456,0.999,1.366,7869.205,350,0.736,1904.6,7.1,761.8,0,0,18.999,28.015,19.689,148.3,Mackay,Mackay,Pind,1962,LPOH_5_15,BareFallow,42,MW_Surf2,130_150,33,3,9,SWD_0_50_200_50_50,P2R,MW_01MayR6V1,MW_T3,1411.1,1000.688,547.358,730.64,7.736,1.455,9.83113617830932,0.118117213135421,13.1698795180723,0.65586,0.45974932705249,15.798,3_9
01/07/1974,1974,182,1973,01-May,2,sugar,alive,0,0,3,334,4.435,1970,1/8/1973,121,0,0,181,1974,14,2616,4235,3756.93,4735.16,3074.98,94.698,1544.55,,0,0,0,17.162,92.8,61.358,51.358,2.481,6655.371,6657.852,111337.22,14.95,13.2,1.351,2,66,3137.1,808.417,1616.332,1036.231,580.279,190.304,770.583,7.935,6689.618,5.287,6694.905,111435.638,150,206.55,295.3,17.063,1.525,5.024,3.276,8917.442,350,0.708,1758.7,6.6,703.5,0,0,18.937,27.368,18.153,199.6,Mackay,Mackay,Pind,1962,LPOH_5_15,BareFallow,42,MW_Surf2,130_150,33,3,9,SWD_0_50_200_50_50,P2R,MW_01MayR6V1,MW_T3,3203.1,1102.231,2424.749,2615.053,23.612,6.549,8.59148399927057,0.122891369261974,18.3523255813954,0.63132,0.458474945533769,15.445,3_9
01/07/1975,1975,182,1974,01-May,2,sugar,alive,0,0,4,365,4.449,1970,1/7/1974,121,0,0,181,1975,14,2616,5203.38,4631.56,5711.21,3897.73,120.691,1986.13,,0,0,0,17.341,114.5,65.126,55.126,5.287,6689.618,6694.905,111435.638,17.79,15.69,1.361,9,297,1738.2,439.79,591.8,990.366,781.592,196.48,978.071,1.821,6686.117,3.484,6689.601,111589.958,150,241.344,329.723,25.477,3.32,1.552,4.925,9205.39,350,0.739,1918.3,7.1,767.3,0,0,17.373,27.165,19.669,139.4,Mackay,Mackay,Pind,1962,LPOH_5_15,BareFallow,42,MW_Surf2,130_150,33,3,9,SWD_0_50_200_50_50,P2R,MW_01MayR6V1,MW_T3,2035.2,1287.366,1031.59,1228.07,30.349,4.872,9.37503398411951,0.123396972203449,16.1567603748327,0.804606666666667,0.500078725802175,19.861,3_9
02/07/1976,1976,184,1975,01-May,2,sugar,alive,0,0,5,367,4.492,1970,1/7/1975,121,0,1,181,1976,13,2616,4977.17,4452.56,5535.96,3725.26,115.29,1928.93,,0,0,0,17.679,111.9,72.665,62.665,3.484,6686.117,6689.601,111589.958,17.03,15.11,1.362,3,99,2321.4,633.373,869.212,1144.664,708.562,178.283,886.845,2.598,6711.735,1.604,6713.34,111931.989,150,236.516,315.855,12.696,1.038,2.445,2.614,9910.613,350,0.744,1946.5,7.2,778.6,0,0,18.27,27.009,18.055,161.4,Mackay,Mackay,Pind,1962,LPOH_5_15,BareFallow,42,MW_Surf2,130_150,33,3,9,SWD_0_50_200_50_50,P2R,MW_01MayR6V1,MW_T3,2420.4,1243.664,1502.585,1680.868,16.179,3.483,9.27018873264805,0.130000169138914,21,0.7686,0.487451166094472,19.289,3_9
02/07/1977,1977,183,1976,01-May,2,sugar,alive,0,0,6,365,4.494,1970,2/7/1976,121,0,1,182,1977,13,2617,5367.54,4727.47,5867.27,4033.29,123.858,2101.53,,0,0,0,17.97,111,97.635,87.635,1.604,6711.735,6713.34,111931.989,17.44,15.09,1.371,7,231,1975,526.392,728.217,1023.671,800.407,174.224,974.631,2.354,6734.51,4.197,6738.708,112387.435,150,241.101,319.994,4.862,0.233,2.364,1.071,9744.742,350,0.806,2343.9,8.7,937.6,0,0,17.83,27.366,19.19,166.6,Mackay,Mackay,Pind,1962,LPOH_5_15,BareFallow,42,MW_Surf2,130_150,33,3,9,SWD_0_50_200_50_50,P2R,MW_01MayR6V1,MW_T3,2206,1254.671,1254.609,1428.833,7.459,2.597,9.87175123996649,0.127081941781043,18.1876651982379,0.82572,0.513718317219754,21.015,3_9
01/05/1978,1978,121,0,01-May,2,none,out,0,0,-1,0,6,1970,0.000,121,0,1,182,-1,13,2617,0,0,0,0,0,0,,0,0,0,0,0,60.394,50.394,4.197,6734.51,6738.708,112387.435,0,0,1.378,0,0,1189.6,356.208,580.865,498.318,0,183.504,183.504,0.227,6859.44,38.079,6897.519,113911.235,0,0,100.589,1.949,0.261,0.478,0.311,9312.315,350,0.012,16.7,0.1,6.7,0,0,18.222,27.934,21.469,300,Mackay,Mackay,Pind,1962,LPOH_5_15,BareFallow,42,MW_Surf2,130_150,33,3,9,SWD_0_50_200_50_50,P2R,MW_01MayR6V1,MW_T3,1189.6,498.318,937.073,1120.577,2.688,0.739,0,0,0,,,0,3_9
01/09/1979,1979,244,1978,01-May,3,sugar,alive,0,0,0,488,4.623,1978,1/5/1978,121,0,0,181,1979,14,2616,6349.06,5671.62,6534.52,5072.98,155.198,2397.26,,0,0,0,16.099,171.4,129.418,129.418,38.079,6859.44,6897.519,113911.235,26.93,24.45,1.395,9,297,3088,367.239,1830.273,1132.483,823.138,420.665,1243.803,20.202,6676.143,1.184,6677.326,111833.481,130,367.246,360.214,17.181,0.629,7.571,3.551,5893.295,350,0.911,3448,12.6,1379.2,0,0,16.786,25.879,17.613,509.4,Mackay,Mackay,Pind,1962,LPOH_5_15,BareFallow,42,MW_Surf2,130_150,33,3,9,SWD_0_50_200_50_50,P2R,MW_01MayR6V1,MW_T3,3385,1429.483,2197.512,2618.177,25.381,8.2,10.8569321915686,0.124776994427574,20.776171352075,1.19383076923077,0.422599565413919,23.973,3_9
01/09/1980,1980,245,1979,01-May,3,sugar,alive,0,0,1,366,4.482,1978,1/9/1979,121,0,0,181,1980,14,2616,4897.71,4337.59,5303.44,3702.13,113.765,1994.27,,0,0,0,18.662,107,55.104,45.104,1.184,6676.143,6677.326,111833.481,16.72,14.67,1.36,9,297,1262.4,149.344,469.947,752.949,701.285,206.28,907.565,2.068,6743.758,2.56,6746.318,112531.125,150,234.978,320.602,4.832,0.147,0.909,1.19,9645.094,350,0.788,2213.8,8.3,885.5,0,0,18.585,27.588,19.914,215.6,Mackay,Mackay,Pind,1962,LPOH_5_15,BareFallow,42,MW_Surf2,130_150,33,3,9,SWD_0_50_200_50_50,P2R,MW_01MayR6V1,MW_T3,1559.4,1049.949,619.291,825.571,5.888,1.056,10.8352881901883,0.12535190316947,15.2295850066934,0.758433333333333,0.484151707819455,19.943,3_9
01/08/1981,1981,213,1980,01-May,3,sugar,alive,0,0,2,334,4.449,1978,1/9/1980,121,0,0,181,1981,14,2616,4884.1,4334.94,5384.26,3632.25,112.071,1924.62,,0,0,0,18.223,102.9,69.649,59.649,2.56,6743.758,6746.318,112531.125,16.58,14.57,1.386,9,297,1560.9,498.174,470.369,897.555,695.584,181.846,877.43,1.819,6771.075,3.192,6774.267,112888.532,150,229.61,308.481,8.8,0.275,1.524,1.758,9076.946,350,0.764,2060,7.7,824,0,0,18.722,27.658,19.338,101.3,Mackay,Mackay,Pind,1962,LPOH_5_15,BareFallow,42,MW_Surf2,130_150,33,3,9,SWD_0_50_200_50_50,P2R,MW_01MayR6V1,MW_T3,1857.9,1194.555,968.543,1150.389,10.599,1.799,9.38182000828761,0.127726428319068,15.0028112449799,0.74714,0.488092853098733,19.246,3_9
01/07/1982,1982,182,1981,01-May,3,sugar,alive,0,0,3,334,4.43,1978,1/8/1981,121,0,0,181,1982,14,2616,4836.56,4213.56,5302.06,3529.63,108.251,1808.24,,0,0,0,17.646,111,63.576,53.576,3.192,6771.075,6774.267,112888.532,18.24,15.96,1.395,9,297,1246.5,279.972,368.524,796.17,709.862,171.478,881.34,1.597,6785.086,4.6,6789.685,113159.495,150,246.661,324.504,7.906,0.276,1.078,1.523,9346.163,350,0.745,1949.9,7.3,779.9,0,0,18.683,27.86,20.315,222,Mackay,Mackay,Pind,1962,LPOH_5_15,BareFallow,42,MW_Surf2,130_150,33,3,9,SWD_0_50_200_50_50,P2R,MW_01MayR6V1,MW_T3,1543.5,1093.17,648.496,819.974,9.26,1.354,9.90248543227494,0.122825470306579,14.4914323962517,0.721673333333333,0.438865487450387,18.082,3_9
01/07/1983,1983,182,1982,01-May,3,sugar,alive,0,0,4,365,4.47,1978,1/7/1982,121,0,0,181,1983,14,2616,5331.63,4726.74,5867.15,4009.98,124.159,2129.64,,0,0,0,18.198,127.1,59.24,49.24,4.6,6785.086,6789.685,113159.495,19.35,17.14,1.4,9,297,1425.8,286.938,399.774,959.255,749.786,204.129,953.915,1.343,6804.39,3.016,6807.406,113429.295,150,258.761,338.869,7.876,0.245,1.064,1.758,9994.96,350,0.723,1834,6.8,733.6,0,0,18.168,27.059,20.069,156,Mackay,Mackay,Pind,1962,LPOH_5_15,BareFallow,42,MW_Surf2,130_150,33,3,9,SWD_0_50_200_50_50,P2R,MW_01MayR6V1,MW_T3,1722.8,1256.255,686.712,890.841,9.185,1.309,9.88326414621235,0.130157299130426,16.6210174029451,0.827726666666667,0.479821147700001,21.296,3_9
01/07/1984,1984,183,1983,01-May,3,sugar,alive,0,0,5,366,4.5,1978,1/7/1983,121,0,0,181,1984,14,2616,4850.12,4115.69,5193.06,3724.05,112.226,1829.66,,0,0,0,17.153,121.8,123.414,113.414,3.016,6804.39,6807.406,113429.295,18.87,16.18,1.407,9,297,627.3,23.747,56.467,565.128,713.649,181.836,895.484,0.185,6824.611,1.631,6826.242,114012.101,150,260.855,334.401,5.141,0.017,0.157,1.346,10105.517,350,0.847,2685.7,9.9,1074.3,0,0,18.281,27.134,19.319,62,Mackay,Mackay,Pind,1962,LPOH_5_15,BareFallow,42,MW_Surf2,130_150,33,3,9,SWD_0_50_200_50_50,P2R,MW_01MayR6V1,MW_T3,924.3,862.128,80.214,262.05,5.315,0.174,13.0173245736132,0.125324405572852,15.0235609103079,0.748173333333333,0.430223687489218,18.297,3_9
01/07/1985,1985,182,1984,01-May,3,sugar,alive,0,0,6,365,4.481,1978,1/7/1984,121,0,0,181,1985,14,2616,5898.55,5237.13,6446.64,4445.99,137.324,2247.39,,0,0,0,17.23,138.1,54.015,44.015,1.631,6824.611,6826.242,114012.101,21.03,18.61,1.415,9,297,1629.8,235.313,577.135,977.715,853.822,193.239,1047.06,2.381,6818.27,3.355,6821.625,113762.462,150,281.258,353.083,9.65,0.189,1.457,2.01,10399.129,350,0.784,2188.9,8.1,875.6,0,0,18.376,27.292,19.304,365,Mackay,Mackay,Pind,1962,LPOH_5_15,BareFallow,42,MW_Surf2,130_150,33,3,9,SWD_0_50_200_50_50,P2R,MW_01MayR6V1,MW_T3,1926.8,1274.715,812.448,1005.687,11.296,1.646,10.7729178679156,0.131151987469677,18.3834002677376,0.915493333333333,0.488249223133209,22.474,3_9
07/05/1986,1986,127,0,01-May,3,none,out,0,0,-1,0,6,1978,0.000,127,6,0,187,-1,8,2616,0,0,0,0,0,0,,0,0,0,0,0,103.308,93.308,3.355,6818.27,6821.625,113762.462,0,0,1.417,0,0,1359,660.676,347.099,815.39,0,246.624,246.624,0.316,6911.235,59.875,6971.11,114230.981,0,0,143.582,25.562,2.621,0.519,4.281,11060.94,350,0.007,9.8,0,3.9,0,0,19.005,27.692,20.402,134,Mackay,Mackay,Pind,1962,LPOH_5_15,BareFallow,42,MW_Surf2,130_150,33,3,9,SWD_0_50_200_50_50,P2R,MW_01MayR6V1,MW_T3,1359,815.39,1007.775,1254.399,28.702,3.14,0,0,0,,,0,3_9
07/09/1987,1987,250,1986,01-May,4,sugar,alive,0,0,0,488,4.696,1986,7/5/1986,127,6,0,187,1987,8,2616,4564.57,4145.22,4823.47,3566.22,108.792,1454.75,,0,0,0,13.547,147.4,207.91,207.91,59.875,6911.235,6971.11,114230.981,24.77,23.23,1.432,9,297,907.7,107.478,110.818,801.267,629.803,486.049,1115.852,3.367,6718.012,27.962,6745.975,112153.792,130,334.18,366.904,48.737,3.84,3.328,9.209,5264.79,350,0.815,2410.7,8.8,964.3,0,0,17.781,26.793,19.018,62,Mackay,Mackay,Pind,1962,LPOH_5_15,BareFallow,42,MW_Surf2,130_150,33,3,9,SWD_0_50_200_50_50,P2R,MW_01MayR6V1,MW_T3,1204.7,1098.267,218.296,704.345,55.905,7.168,9.90578793681318,0.0974968006509824,14.5638554216868,0.836861538461539,0.325549105272608,14.547,3_9
07/09/1988,1988,251,1987,01-May,4,sugar,alive,0,0,1,366,4.486,1986,7/9/1987,127,6,0,187,1988,8,2616,6145.97,5516.96,6577.97,4641.78,143.905,2445.57,,0,0,0,18.003,111.3,60.463,50.463,27.962,6718.012,6745.975,112153.792,18.68,16.37,1.396,9,297,1821.4,170.588,826.098,978.967,812.471,245.18,1057.65,18.109,6739.971,17.296,6757.266,112808.731,150,247.832,321.547,34.797,11.684,2.316,6.571,8032.946,350,0.81,2369.6,8.8,947.8,0,0,18.937,27.305,19.19,293.4,Mackay,Mackay,Pind,1962,LPOH_5_15,BareFallow,42,MW_Surf2,130_150,33,3,9,SWD_0_50_200_50_50,P2R,MW_01MayR6V1,MW_T3,2118.4,1275.967,996.686,1241.866,48.797,14,11.2781129919504,0.136061078806789,19.264390896921,0.959366666666667,0.580655444010459,24.456,3_9
07/08/1989,1989,219,1988,01-May,4,sugar,alive,0,0,2,334,4.439,1986,7/9/1988,127,6,0,187,1989,8,2616,4051.54,3600.63,4586.37,3018.27,92.924,1704.76,,0,0,0,19.665,73.6,106.527,96.527,17.296,6739.971,6757.266,112808.731,12.18,10.53,1.404,0,0,2261.5,818.9,761.993,1219.825,543.424,129.129,672.553,1.479,6826.007,3.792,6829.799,113744.907,150,185.159,276.771,10.348,12.037,1.36,2.162,9743.127,350,0.752,1994,7.6,797.6,0,0,18.898,27.115,19.022,197,Mackay,Mackay,Pind,1962,LPOH_5_15,BareFallow,42,MW_Surf2,130_150,33,3,9,SWD_0_50_200_50_50,P2R,MW_01MayR6V1,MW_T3,2261.5,1219.825,1580.893,1710.022,23.745,13.397,7.61781403070113,0.138166062748958,20.6497777777778,0.619493333333333,0.50186056308362,17.048,3_9
07/07/1990,1990,188,1989,01-May,4,sugar,alive,0,0,3,334,4.429,1986,7/8/1989,127,6,0,187,1990,8,2616,4702.88,4165.02,5223.55,3464.29,107.019,1593.82,,0,0,0,15.418,94.3,114.581,104.581,3.792,6826.007,6829.799,113744.907,15.79,13.82,1.427,9,297,1649.2,543.467,601.166,831.032,652.236,151.481,803.717,1.597,6838.732,4.492,6843.224,113852.121,150,215.612,303.069,18.431,4.423,1.554,3.471,8371.668,350.428,0.749,1975.1,7.4,790,0,0,18.782,27.592,20.055,130,Mackay,Mackay,Pind,1962,LPOH_5_15,BareFallow,42,MW_Surf2,130_150,33,3,9,SWD_0_50_200_50_50,P2R,MW_01MayR6V1,MW_T3,1946.2,1128.032,1144.633,1296.114,24.408,5.977,9.48723085869904,0.13315507821783,14.3265060240964,0.71346,0.496349924865035,15.938,3_9
07/07/1991,1991,188,1990,01-May,4,sugar,alive,0,0,4,365,4.492,1986,7/7/1990,127,6,0,187,1991,8,2616,4837.82,4236.95,5295.36,3688.12,112.933,1763.26,,0,0,0,16.304,112.8,94.431,84.431,4.492,6838.732,6843.224,113852.121,16.99,14.79,1.432,9,297,2944.2,453.658,1952.025,726.137,663.158,192.2,855.358,6.337,6868.139,3.589,6871.728,114712.298,150,238.917,307.434,5.306,0.454,5.034,1.275,9281.935,351.964,0.769,2095.2,7.8,838.1,0,0,18.165,27.095,19.528,298.2,Mackay,Mackay,Pind,1962,LPOH_5_15,BareFallow,42,MW_Surf2,130_150,33,3,9,SWD_0_50_200_50_50,P2R,MW_01MayR6V1,MW_T3,3241.2,1023.137,2405.683,2597.883,10.794,5.488,11.0379157434439,0.13203009733936,15.1182061579652,0.752886666666667,0.472687167510056,17.633,3_9
07/07/1992,1992,189,1991,01-May,4,sugar,alive,0,0,5,366,4.496,1986,7/7/1991,127,6,0,187,1992,8,2616,5021.43,4422.5,5504.22,3766.84,115.979,2127.85,,0,0,0,19.667,117.3,56.59,46.59,3.589,6868.139,6871.728,114712.298,17.99,15.79,1.439,9,297,808.5,28.943,136.77,663.058,711.883,210.329,922.212,0.067,6884.183,4.407,6888.589,115075.351,150,243.78,319.744,9.111,0.013,0.168,1.926,9189.387,353.529,0.774,2125,7.9,850,0,0,18.271,27.919,20.977,174,Mackay,Mackay,Pind,1962,LPOH_5_15,BareFallow,42,MW_Surf2,130_150,33,3,9,SWD_0_50_200_50_50,P2R,MW_01MayR6V1,MW_T3,1105.5,960.058,165.713,376.042,9.292,0.181,12.0804159748682,0.125761755431506,15.5259705488621,0.773193333333333,0.47575272786939,21.278,3_9
07/07/1993,1993,188,1992,01-May,4,sugar,alive,0,0,6,365,4.491,1986,7/7/1992,127,6,0,187,1993,8,2616,6074.3,5446.58,6670.02,4596.93,143.191,2662.73,,0,0,0,19.973,126.4,56.166,46.166,4.407,6884.183,6888.589,115075.351,19.67,17.37,1.441,9,297,1182.2,61.145,344.822,811.489,828.174,214.03,1042.204,1.451,6893.98,2.732,6896.711,115295.949,150,265.361,344.652,4.842,0.041,1.056,1.137,10089.791,355.122,0.749,1976.3,7.3,790.5,0,0,18.593,27.582,20.555,185,Mackay,Mackay,Pind,1962,LPOH_5_15,BareFallow,42,MW_Surf2,130_150,33,3,9,SWD_0_50_200_50_50,P2R,MW_01MayR6V1,MW_T3,1479.2,1108.489,405.967,619.997,5.939,1.097,12.9176744198634,0.137392487459269,19.1688085676037,0.954606666666667,0.539608307174001,26.627,3_9
01/05/1994,1994,121,0,01-May,4,none,out,0,0,-1,0,6,1986,0.000,121,0,0,187,-1,8,2616,0,0,0,0,0,0,,0,0,0,0,0,69.195,59.195,2.732,6893.98,6896.711,115295.949,0,0,1.444,0,0,1047.1,513.462,182.497,708.118,0,279.466,279.466,0.179,6997.679,62.526,7060.204,115652.135,0,0,128.481,5.645,0.692,0.292,0.653,11179.153,356.444,0.112,170.2,0.8,68.1,0,0,19.737,28.056,20.81,141,Mackay,Mackay,Pind,1962,LPOH_5_15,BareFallow,42,MW_Surf2,130_150,33,3,9,SWD_0_50_200_50_50,P2R,MW_01MayR6V1,MW_T3,1047.1,708.118,695.959,975.425,6.629,0.984,0,0,0,,,0,3_9
01/09/1995,1995,244,1994,01-May,5,sugar,alive,0,0,0,488,4.665,1994,1/5/1994,121,0,0,181,1995,14,2616,6351.79,5720.09,6579,5046.35,155.596,2657.25,,0,0,0,18.106,200.1,140.87,140.87,62.526,6997.679,7060.204,115652.135,28.03,25.72,1.461,9,297,1183.3,14.341,236.707,956.87,827.131,426.282,1253.412,3.219,6804.067,6.237,6810.304,113704.472,130,385.179,368.928,31.55,0.065,3,5.874,5535.201,358.643,0.866,2875.1,10.5,1150,0,0,17.268,26.52,19.269,112.5,Mackay,Mackay,Pind,1962,LPOH_5_15,BareFallow,42,MW_Surf2,130_150,33,3,9,SWD_0_50_200_50_50,P2R,MW_01MayR6V1,MW_T3,1480.3,1253.87,251.048,677.33,34.615,3.065,12.4092609281664,0.124137953043373,20.8294511378849,1.19689230769231,0.40395764047365,26.573,3_9
01/09/1996,1996,245,1995,01-May,5,sugar,alive,0,0,1,366,4.515,1994,1/9/1995,121,0,0,181,1996,14,2616,5931.49,5230.23,6307.85,4605.11,141.474,2701.91,,0,0,0,20.591,112.5,98.711,88.711,6.237,6804.067,6810.304,113704.472,17.64,15.07,1.424,9,297,1200.4,183.487,234.564,912.45,905.228,177.969,1083.197,0.572,6845.51,3.426,6848.936,114461.599,150,241.681,326.07,15.508,1.691,0.676,3.172,10022.369,360.326,0.84,2622.1,9.8,1048.8,0,0,18.398,27.805,20.533,106,Mackay,Mackay,Pind,1962,LPOH_5_15,BareFallow,42,MW_Surf2,130_150,33,3,9,SWD_0_50_200_50_50,P2R,MW_01MayR6V1,MW_T3,1497.4,1209.45,418.051,596.02,17.875,2.367,11.6973831080243,0.130607821107333,18.9389558232932,0.94316,0.585374936383083,27.019,3_9
01/08/1997,1997,213,1996,01-May,5,sugar,alive,0,0,2,334,4.438,1994,1/9/1996,121,0,0,181,1997,14,2616,4704.16,4237,5310.75,3550.36,110.402,2099.13,,0,0,0,20.487,94.6,76.863,66.863,3.426,6845.51,6848.936,114461.599,14.86,13.15,1.442,6,198,1428.6,390.607,392.236,918.453,680.072,152.601,832.673,0.764,6882.934,3.522,6886.456,114732.663,150,214.923,297.778,19.365,2.24,0.641,3.623,10027.567,361.894,0.735,1896.5,7.2,758.6,0,0,18.248,27.518,20.421,203,Mackay,Mackay,Pind,1962,LPOH_5_15,BareFallow,42,MW_Surf2,130_150,33,3,9,SWD_0_50_200_50_50,P2R,MW_01MayR6V1,MW_T3,1626.6,1116.453,782.843,935.444,22.246,2.881,9.88863839319703,0.132587462305131,17.0373456790123,0.736013333333333,0.513681644123709,20.991,3_9
03/07/1998,1998,184,1997,01-May,5,sugar,alive,0,0,3,336,4.481,1994,1/8/1997,121,0,2,181,1998,12,2616,5871.82,5196.6,6431.01,4454.27,137.672,2397.74,,0,0,0,18.522,122.5,75.948,65.948,3.522,6882.934,6886.456,114732.663,18.92,16.45,1.453,9,297,1251.8,236.403,238.646,913.822,862.117,174.735,1036.851,0.655,6879.624,1.992,6881.616,114842.514,150,262.673,327.131,9.663,0.29,0.685,2.088,9633.32,363.497,0.783,2180.5,8.1,872.2,0,0,18.963,28.236,20.115,110,Mackay,Mackay,Pind,1962,LPOH_5_15,BareFallow,42,MW_Surf2,130_150,33,3,9,SWD_0_50_200_50_50,P2R,MW_01MayR6V1,MW_T3,1548.8,1210.822,475.049,649.784,10.638,0.975,11.3701270707007,0.132778962454586,18.4299866131191,0.917813333333333,0.524119342300122,23.977,3_9
03/07/1999,1999,184,1998,01-May,5,sugar,alive,0,0,4,365,4.526,1994,3/7/1998,121,0,2,183,1999,12,2618,4319.02,3813.18,4864.65,3250.9,99.995,1892.68,,0,0,0,20.381,88.7,94.848,84.848,1.992,6879.624,6881.616,114842.514,13.57,11.72,1.453,1,33,2295.2,863.607,757.765,1202.021,585.242,147.548,732.791,1.5,6925.397,4.848,6930.246,115355.01,150,193.828,298.421,28.142,10.407,2.623,5.286,10470.047,365.263,0.723,1831.5,6.9,732.6,0,0,19.143,27.14,18.143,166,Mackay,Mackay,Pind,1962,LPOH_5_15,BareFallow,42,MW_Surf2,130_150,33,3,9,SWD_0_50_200_50_50,P2R,MW_01MayR6V1,MW_T3,2328.2,1235.021,1621.372,1768.92,41.172,13.03,8.0966234582246,0.136457734879386,20.7028985507246,0.666633333333333,0.515895536248633,18.927,3_9
03/07/2000,2000,185,1999,01-May,5,sugar,alive,0,0,5,366,4.472,1994,3/7/1999,121,0,2,183,2000,12,2618,5861.4,5194.79,6387.29,4426.07,136.491,2280.16,,0,0,0,17.648,118.1,66.885,56.885,4.848,6925.397,6930.246,115355.01,18.77,16.33,1.465,9,297,2220.8,582.98,918.574,1041.526,779.199,174.681,953.88,2.848,6919.22,2.852,6922.072,115402.156,150,256.605,317.39,12.253,0.242,2.527,2.526,9478.766,367.058,0.805,2338.5,8.6,935.4,0,0,18.099,26.712,18.391,187,Mackay,Mackay,Pind,1962,LPOH_5_15,BareFallow,42,MW_Surf2,130_150,33,3,9,SWD_0_50_200_50_50,P2R,MW_01MayR6V1,MW_T3,2517.8,1338.526,1501.554,1676.235,15.022,2.769,10.1971123459686,0.143090325827148,18.2718875502008,0.90994,0.531910913661075,22.802,3_9
03/07/2001,2001,184,2000,01-May,5,sugar,alive,0,0,6,365,4.49,1994,3/7/2000,121,0,2,183,2001,12,2618,5523.93,4922.7,6120.44,4136.88,127.969,2449.46,,0,0,0,20.643,122,111.252,101.252,2.852,6919.22,6922.072,115402.156,18.77,16.57,1.464,6,198,1676.7,424.966,500.251,1001.449,789.152,166.31,955.461,0.532,6942.532,2.111,6944.643,115776.031,150,262.652,339.32,3.428,0.114,0.793,0.966,11032.394,368.883,0.739,1919.2,7.1,767.7,0,0,17.863,27.31,19.402,235,Mackay,Mackay,Pind,1962,LPOH_5_15,BareFallow,42,MW_Surf2,130_150,33,3,9,SWD_0_50_200_50_50,P2R,MW_01MayR6V1,MW_T3,1874.7,1199.449,925.217,1091.527,4.335,0.907,10.668982174315,0.133934299777804,19.7483024691358,0.853126666666667,0.487218829477788,24.495,3_9
01/05/2002,2002,121,0,01-May,5,none,out,0,0,-1,0,6,1994,0.000,121,0,2,183,-1,12,2618,0,0,0,0,0,0,,0,0,0,0,0,93.274,83.274,2.111,6942.532,6944.643,115776.031,0,0,1.473,0,0,739,277.117,109.456,545.671,0,302.249,302.249,0.206,6983.864,116.129,7099.993,115530.008,0,0,188.443,13.191,0.85,1.008,1.973,11358.632,370.416,0.006,9.1,0,3.7,0,0,18.963,29.396,21.983,143,Mackay,Mackay,Pind,1962,LPOH_5_15,BareFallow,42,MW_Surf2,130_150,33,3,9,SWD_0_50_200_50_50,P2R,MW_01MayR6V1,MW_T3,739,545.671,386.573,688.822,15.049,1.858,0,0,0,,,0,3_9
01/09/2003,2003,244,2002,01-May,6,sugar,alive,2,0,0,488,4.666,2002,1/5/2002,121,0,0,181,2003,14,2616,3220.1,2898.97,3406.56,2517.61,76.221,871.09,,0,0,0,11.157,110.4,143.453,143.453,116.129,6983.864,7099.993,115530.008,18.39,17.21,1.476,9,297,1230.8,215.937,521.357,625.749,480.838,485.462,966.3,10.016,6824.757,77.844,6902.601,113841.253,130,247.18,322.324,75.45,13.012,19.214,13.991,4164.53,372.928,0.757,2022.5,7.4,809,0,0,16.761,26.984,19.45,135,Mackay,Mackay,Pind,1962,LPOH_5_15,BareFallow,42,MW_Surf2,130_150,33,3,9,SWD_0_50_200_50_50,P2R,MW_01MayR6V1,MW_T3,1527.8,922.749,737.294,1222.756,107.676,32.226,8.26020943940335,0.0788792300527787,10.2036144578313,0.586315384615385,0.308362327049114,8.711,3_9
01/09/2004,2004,245,2003,01-May,6,sugar,alive,0,0,1,366,4.492,2002,1/9/2003,121,0,0,181,2004,14,2616,3952.3,3251.34,3948.87,3031,89.174,1406.01,,0,0,0,16.494,125.4,49.585,39.585,77.844,6824.757,6902.601,113841.253,21.33,18.77,1.45,9,297,772,7.73,147.119,637.347,639.61,258.382,897.992,3.306,6823.728,40.587,6864.314,114412.006,150,280.136,292.685,24.662,0.768,0.515,4.657,5796.03,374.847,0.928,3764.1,13.9,1505.6,0,0,17.98,28.54,20.364,59,Mackay,Mackay,Pind,1962,LPOH_5_15,BareFallow,42,MW_Surf2,130_150,33,3,9,SWD_0_50_200_50_50,P2R,MW_01MayR6V1,MW_T3,1069,934.347,154.849,413.231,25.945,1.283,9.54399168617227,0.0993037799891313,11.9376171352075,0.594493333333333,0.318323956935203,14.06,3_9
01/08/2005,2005,213,2004,01-May,6,sugar,alive,0,0,2,334,4.433,2002,1/9/2004,121,0,0,181,2005,14,2616,5571.1,4931.61,5963.18,4128.78,127.54,2292.61,,0,0,0,19.21,113.2,47.744,37.744,40.587,6823.728,6864.314,114412.006,18.8,16.45,1.449,9,297,1348.6,84.747,479.421,853.082,807.406,232.982,1040.389,8.655,6846.651,29.596,6876.248,114545.704,150,245.479,329.081,27.836,9.275,2.052,5.292,8380.116,376.633,0.763,2054.7,7.6,821.9,0,0,18.71,28.326,20.113,202,Mackay,Mackay,Pind,1962,LPOH_5_15,BareFallow,42,MW_Surf2,130_150,33,3,9,SWD_0_50_200_50_50,P2R,MW_01MayR6V1,MW_T3,1645.6,1150.082,564.168,797.15,39.163,11.327,11.0896440427726,0.122588762472498,17.0736278447122,0.850266666666667,0.519555644270997,22.926,3_9
02/07/2006,2006,183,2005,01-May,6,sugar,alive,0,0,3,335,4.499,2002,1/8/2005,121,0,1,181,2006,13,2616,5163.68,4582.82,5702.37,3898.84,120.445,2256.96,,0,0,0,20.148,107,70.788,60.788,29.596,6846.651,6876.248,114545.704,16.47,14.34,1.455,9,297,1114.8,144.418,176.691,868.512,816.764,176.515,993.279,0.518,6891.94,12.364,6904.304,115027.676,150,237.075,319.925,7.331,12.357,0.438,1.672,10266.256,378.45,0.705,1746.2,6.5,698.5,0,0,19.467,28.694,19.918,83,Mackay,Mackay,Pind,1962,LPOH_5_15,BareFallow,42,MW_Surf2,130_150,33,3,9,SWD_0_50_200_50_50,P2R,MW_01MayR6V1,MW_T3,1411.8,1165.512,321.109,497.624,20.126,12.795,10.3340849343465,0.121259988381915,16.123828647925,0.802966666666667,0.508045977011494,22.57,3_9
02/07/2007,2007,183,2006,01-May,6,sugar,alive,0,0,4,365,4.488,2002,2/7/2006,121,0,1,182,2007,13,2617,5531.08,4958.14,6125.85,4248.25,131.961,2261.27,,0,0,0,18.177,117.7,150.201,140.201,12.364,6891.94,6904.304,115027.676,17.54,15.44,1.468,9,297,2074.8,521.481,784.25,1070.543,810.271,179.804,990.075,2.17,6903.485,2.479,6905.964,115257.928,150,245.389,324.819,16.727,8.948,2.065,3.311,10175.22,380.456,0.739,1916.6,7.1,766.6,0,0,17.901,27.131,19.436,257,Mackay,Mackay,Pind,1962,LPOH_5_15,BareFallow,42,MW_Surf2,130_150,33,3,9,SWD_0_50_200_50_50,P2R,MW_01MayR6V1,MW_T3,2371.8,1367.543,1305.731,1485.535,27.74,11.013,9.64949548204335,0.133283842133172,17.6654618473896,0.87974,0.53776249139122,22.613,3_9
02/07/2008,2008,184,2007,01-May,6,sugar,alive,0,0,5,366,4.486,2002,2/7/2007,121,0,1,182,2008,13,2617,4845.82,4256.88,5353.25,3696.71,113.312,1883.33,,0,0,0,17.544,97.1,208.195,198.195,2.479,6903.485,6905.964,115257.928,15.18,13.02,1.471,9,297,2267.9,526.084,1281.225,761.98,718.21,170.227,888.437,3.932,6945.522,3.891,6949.413,115948.921,150,216.526,300.267,10.868,0.771,4.094,2.255,9851.997,382.492,0.778,2151.4,8,860.6,0,0,17.557,27.286,19.226,532,Mackay,Mackay,Pind,1962,LPOH_5_15,BareFallow,42,MW_Surf2,130_150,33,3,9,SWD_0_50_200_50_50,P2R,MW_01MayR6V1,MW_T3,2564.9,1058.98,1807.309,1977.536,15.733,4.865,10.7001076507583,0.12754083857381,15.1689424364123,0.755413333333333,0.523318215826275,18.833,3_9
02/07/2009,2009,183,2008,01-May,6,sugar,alive,0,0,6,365,4.487,2002,2/7/2008,121,0,1,182,2009,13,2617,5284.92,4608.05,5746.99,3992.66,121.825,1791.59,,0,0,0,15.189,123.2,59.349,49.349,3.891,6945.522,6949.413,115948.921,18.71,16.23,1.48,9,297,1875.6,392.012,761.22,921.067,817.901,180.884,998.785,2.546,6944.669,4.305,6948.975,115994.948,150,261.6,336.446,9.738,0.168,2.509,2.133,10096.756,384.559,0.796,2270.5,8.4,908.2,0,0,17.998,27.708,18.873,145,Mackay,Mackay,Pind,1962,LPOH_5_15,BareFallow,42,MW_Surf2,130_150,33,3,9,SWD_0_50_200_50_50,P2R,MW_01MayR6V1,MW_T3,2172.6,1218.067,1153.232,1334.116,12.415,2.677,10.0015023804109,0.121973197434883,16.3085676037483,0.812166666666667,0.465691896024465,17.916,3_9
01/05/2010,2010,121,0,01-May,6,none,out,0,0,-1,0,6,2002,0.000,121,0,1,182,-1,13,2617,0,0,0,0,0,0,,0,0,0,0,0,61.933,51.933,4.305,6944.669,6948.975,115994.948,0,0,1.48,0,0,1815,722.567,840.364,571.513,0,164.775,164.775,0.238,7098.371,14.097,7112.467,118145.059,0,0,71.06,1.954,0.478,0.727,0.267,8485.993,386.299,0.01,14.8,0.1,5.9,0,0,19.046,28.889,20.529,185,Mackay,Mackay,Pind,1962,LPOH_5_15,BareFallow,42,MW_Surf2,130_150,33,3,9,SWD_0_50_200_50_50,P2R,MW_01MayR6V1,MW_T3,1815,571.513,1562.931,1727.706,3.159,1.205,0,0,0,,,0,3_9
01/09/2011,2011,244,2010,01-May,7,sugar,alive,0,0,0,488,4.657,2010,1/5/2010,121,0,0,181,2011,14,2616,7149.86,6521.25,7439.51,5748.65,181.369,3264.65,,0,0,0,19.24,142.4,149.228,149.228,14.097,7098.371,7112.467,118145.059,20.93,18.63,1.501,9,297,3966.5,554.039,2453.413,1150.459,886.994,422.791,1309.785,64.82,6817.845,8.079,6825.924,114417.015,130,277.088,429.619,84.541,39.015,46.41,15.64,6373.096,389.138,0.791,2239.2,8.2,895.7,0,0,17.431,26.085,16.88,220,Mackay,Mackay,Pind,1962,LPOH_5_15,BareFallow,42,MW_Surf2,130_150,33,3,9,SWD_0_50_200_50_50,P2R,MW_01MayR6V1,MW_T3,4263.5,1447.459,3007.452,3430.243,169.966,85.425,12.5301649304056,0.138472344697794,24.2796519410977,1.39514615384615,0.654553787966278,32.647,3_9
01/09/2012,2012,245,2011,01-May,7,sugar,alive,0,0,1,366,4.491,2010,1/9/2011,121,0,0,181,2012,14,2616,4183.92,3752.29,4652.34,3237.71,99.868,1968.05,,0,0,0,21.339,63.4,77.49,67.49,8.079,6817.845,6825.924,114417.015,10.29,8.71,1.451,5,165,2425,740.356,1099.705,1023.723,615.263,129.606,744.869,1.088,6908.255,2.22,6910.474,115353.473,150,169.877,249.325,9.91,5.38,0.795,2.059,9316.022,391.303,0.792,2245.9,8.6,898.4,0,0,17.913,27.15,19.041,239,Mackay,Mackay,Pind,1962,LPOH_5_15,BareFallow,42,MW_Surf2,130_150,33,3,9,SWD_0_50_200_50_50,P2R,MW_01MayR6V1,MW_T3,2590,1188.723,1840.061,1969.667,16.085,6.175,8.40128440351537,0.134074582241978,16.2386991869919,0.665786666666667,0.58788417502075,19.68,3_9
01/08/2013,2013,213,2012,01-May,7,sugar,alive,0,0,2,334,4.425,2010,1/9/2012,121,0,0,181,2013,14,2616,5190.83,4549.65,5622.53,3851.21,118.158,1976.47,,0,0,0,17.675,97.9,72.56,62.56,2.22,6908.255,6910.474,115353.473,16.65,14.3,1.475,9,297,1959.5,456.508,898.652,861.495,715.263,173.483,888.745,2.784,6905.74,2.356,6908.095,115465.684,150,235.649,293.866,9.982,0.131,2.633,2.024,8318.285,393.316,0.783,2183.5,8.1,873.4,0,0,18.918,27.845,19.668,189,Mackay,Mackay,Pind,1962,LPOH_5_15,BareFallow,42,MW_Surf2,130_150,33,3,9,SWD_0_50_200_50_50,P2R,MW_01MayR6V1,MW_T3,2256.5,1158.495,1355.16,1528.643,12.746,2.764,10.199267152642,0.13294927116327,15.8176706827309,0.78772,0.501415240463571,19.765,3_9
01/07/2014,2014,182,2013,01-May,7,sugar,alive,0,0,3,334,4.479,2010,1/8/2013,121,0,0,181,2014,14,2616,5413.1,4862.73,6032.42,4032.08,125.798,2262.91,,0,0,0,19.226,115.6,67.155,57.155,2.356,6905.74,6908.095,115465.684,18.18,16.17,1.474,9,297,1327,198.578,396.219,842.327,781,194.635,975.635,2.077,6925.309,3.049,6928.357,115661.648,150,251.653,338.579,5.457,0.061,1.365,1.22,10038.241,395.356,0.669,1578,5.9,631.2,0,0,19.163,28.573,20.171,162,Mackay,Mackay,Pind,1962,LPOH_5_15,BareFallow,42,MW_Surf2,130_150,33,3,9,SWD_0_50_200_50_50,P2R,MW_01MayR6V1,MW_T3,1624,1139.327,594.797,789.432,6.883,1.426,11.0414305989413,0.128939613687496,16.8404283801874,0.838653333333333,0.499886748816823,22.629,3_9
01/07/2015,2015,182,2014,01-May,7,sugar,alive,0,0,4,365,4.52,2010,1/7/2014,121,0,0,181,2015,14,2616,4821.98,4202.94,5300.77,3715.1,113.528,1835.17,,0,0,0,16.983,112.7,102.723,92.723,3.049,6925.309,6928.357,115661.648,16.61,14.34,1.478,9,297,905.5,117.549,131.159,733.77,757.6,188.08,945.68,0.309,6960.426,3.569,6963.994,116254.671,150,234.995,313.495,11.925,0.275,1.46,2.454,10331.068,397.611,0.751,1984.2,7.4,793.7,0,0,18.202,28.185,20.195,127,Mackay,Mackay,Pind,1962,LPOH_5_15,BareFallow,42,MW_Surf2,130_150,33,3,9,SWD_0_50_200_50_50,P2R,MW_01MayR6V1,MW_T3,1202.5,1030.77,248.708,436.788,13.66,1.735,11.0139022284312,0.120049065222908,15.1978580990629,0.756853333333333,0.48310815123726,18.352,3_9
01/07/2016,2016,183,2015,01-May,7,sugar,alive,0,0,5,366,4.562,2010,1/7/2015,121,0,0,181,2016,14,2616,6230.79,5471.17,6713.73,4763.33,146.484,2647.5,,0,0,0,19.331,132,92.835,82.835,3.569,6960.426,6963.994,116254.671,20.01,17.23,1.486,9,297,1656.5,187.325,574.407,1003.657,927.64,197.733,1125.373,2.245,6952.717,2.356,6955.073,116294.377,150,274.596,338.885,7.289,0.72,1.678,1.534,10133.521,399.898,0.775,2129.9,7.9,851.9,0,0,19.116,28.327,19.488,143,Mackay,Mackay,Pind,1962,LPOH_5_15,BareFallow,42,MW_Surf2,130_150,33,3,9,SWD_0_50_200_50_50,P2R,MW_01MayR6V1,MW_T3,1953.5,1300.657,761.732,959.465,9.687,2.398,11.2623082027006,0.130164843123125,19.6096385542169,0.97656,0.533452781540882,26.475,3_9
01/07/2017,2017,182,2016,01-May,7,sugar,alive,0,0,6,365,4.534,2010,1/7/2016,121,0,0,181,2017,14,2616,5084.93,4556.13,5710.57,3850.79,119.777,2200.93,,0,0,0,19.702,116.4,141.231,131.231,2.356,6952.717,6955.073,116294.377,17.37,15.43,1.482,7,231,2440.8,623.069,1171.5,1059.564,777.255,155.469,932.724,3.359,6966.091,6.156,6972.246,116151.781,150,241.19,349.47,22.227,2.868,2.754,4.393,11406.604,402.218,0.721,1824.8,6.8,729.9,0,0,18.71,27.886,17.426,276,Mackay,Mackay,Pind,1962,LPOH_5_15,BareFallow,42,MW_Surf2,130_150,33,3,9,SWD_0_50_200_50_50,P2R,MW_01MayR6V1,MW_T3,2671.8,1290.564,1794.569,1950.038,27.849,5.622,9.28098102844958,0.128416337523212,17.5883994126285,0.798513333333333,0.496608482938762,22.009,3_9
01/05/2018,2018,121,0,01-May,7,none,out,0,0,-1,0,6,2010,0.000,121,0,0,181,-1,14,2616,0,0,0,0,0,0,,0,0,0,0,0,71.738,61.738,6.156,6966.091,6972.246,116151.781,0,0,1.491,0,0,1142,601.551,240.816,661,0,226.103,226.103,0.299,7067.924,44.29,7112.214,116829.986,0,0,111.747,17.713,2.917,0.679,2.407,9611.368,404.175,0.007,9.9,0,4,0,0,19.138,28.982,19.025,103,Mackay,Mackay,Pind,1962,LPOH_5_15,BareFallow,42,MW_Surf2,130_150,33,3,9,SWD_0_50_200_50_50,P2R,MW_01MayR6V1,MW_T3,1142,661,842.367,1068.47,21.309,3.596,0,0,0,,,0,3_9
01/09/2019,2019,244,2018,01-May,8,sugar,alive,0,0,0,488,4.676,2018,1/5/2018,121,0,0,181,2019,14,2616,6473.66,5770.19,6629.72,5107.38,156.965,2511.32,,0,0,0,16.779,186.3,145.267,145.267,44.29,7067.924,7112.214,116829.986,26.72,24.14,1.505,9,297,1718.5,206.939,666.673,994.455,879.935,333.476,1213.411,11.006,6854.124,10.839,6864.963,114873.899,130,367.092,385.726,38.857,6.732,4.075,7,5505.048,407.354,0.864,2849.4,10.4,1139.8,0,0,17.081,26.999,16.641,123,Mackay,Mackay,Pind,1962,LPOH_5_15,BareFallow,42,MW_Surf2,130_150,33,3,9,SWD_0_50_200_50_50,P2R,MW_01MayR6V1,MW_T3,2015.5,1291.455,873.612,1207.088,49.664,10.807,12.1541207397857,0.129358477877652,21.0127175368139,1.20742307692308,0.427590358820132,25.113,3_9
01/09/2020,2020,245,2019,01-May,8,sugar,alive,0,0,1,366,4.484,2018,1/9/2019,121,0,0,181,2020,14,2616,5016.33,4471.77,5457.53,3817.82,117.737,2147.11,,0,0,0,19.531,95.5,55.746,45.746,10.839,6854.124,6864.963,114873.899,15.25,13.25,1.467,9,297,1581.2,397.644,548.123,855.684,765.708,145.218,910.926,0.955,6920.551,3.759,6924.31,115574.195,150,211.155,296.883,14.276,6.95,0.765,2.946,9835.023,409.776,0.772,2113.8,8,845.5,0,0,18.066,28.148,18.704,167,Mackay,Mackay,Pind,1962,LPOH_5_15,BareFallow,42,MW_Surf2,130_150,33,3,9,SWD_0_50_200_50_50,P2R,MW_01MayR6V1,MW_T3,1878.2,1152.684,945.767,1090.985,21.991,7.715,10.2141610363291,0.129249796361066,15.761311914324,0.784913333333333,0.557585659823353,21.471,3_9
01/08/2021,2021,213,2020,01-May,8,sugar,alive,0,0,2,334,4.457,2018,1/9/2020,121,0,0,181,2021,14,2616,5009.36,4454.41,5531.69,3690.4,113.96,1866.37,,0,0,0,17.244,113.9,59.253,49.253,3.759,6920.551,6924.31,115574.195,18.13,16.1,1.486,8,264,1238,234.245,359.581,772.098,720.249,163.576,883.825,0.692,6921.043,4.145,6925.187,115560.217,150,252.345,335.531,9.379,0.813,1.176,1.909,9489.141,412.025,0.736,1900.8,7,760.3,0,0,19.188,28.213,17.006,146,Mackay,Mackay,Pind,1962,LPOH_5_15,BareFallow,42,MW_Surf2,130_150,33,3,9,SWD_0_50_200_50_50,P2R,MW_01MayR6V1,MW_T3,1502,1036.098,593.826,757.402,11.368,1.989,10.9989595578797,0.128939552513224,15.9607843137255,0.759733333333333,0.45160395490301,18.664,3_9
01/07/2022,2022,182,2021,01-May,8,sugar,alive,0,0,3,334,4.486,2018,1/8/2021,121,0,0,181,2022,14,2616,5474.92,4824.26,6005.69,4052.87,124.826,2142.61,,0,0,0,18.213,121.2,67.602,57.602,4.145,6921.043,6925.187,115560.217,19.24,16.86,1.487,9,297,1201.2,272.586,211.655,931.358,831.728,160.643,992.372,0.438,6930.051,4.678,6934.729,115726.388,150,262.067,341.5,5.174,0.828,2.729,1.146,10081.316,414.302,0.752,1989.5,7.4,795.8,0,0,19.39,28.636,17.651,124,Mackay,Mackay,Pind,1962,LPOH_5_15,BareFallow,42,MW_Surf2,130_150,33,3,9,SWD_0_50_200_50_50,P2R,MW_01MayR6V1,MW_T3,1498.2,1228.358,484.241,644.884,8.731,3.557,10.1620211697241,0.125785491730923,16.7103078982597,0.832173333333333,0.476313309191924,21.426,3_9
01/05/1963,1963,121,0,01-May,0,none,out,0,0,-1,0,6,-1,0.000,121,0,0,181,-1,14,2616,0,0,0,0,0,0,,0,0,0,0,0,0,0,0,0,0,0,0,0,1.327,0,0,2171,20.658,1729.2,429.621,0,314.763,314.763,80.75,6521.931,95.275,6617.206,109040.489,0,0,119.754,17.887,2.139,30.457,3.441,1258.73,350,0,0.1,0,0,0,0,21.644,29.097,16.612,406.4,Mackay,Mackay,Pind,1963,LPOH_5_15,BareFallow,42,MW_Surf2,130_150,33,3,9,SWD_0_50_200_50_50,P2R,MW_01MayR6V1,MW_T3,2171,429.621,1749.858,2064.621,50.483,32.596,0,0,0,,,0,3_9
01/09/1964,1964,245,1963,01-May,1,sugar,alive,0,0,0,489,4.633,1963,1/5/1963,121,0,0,181,1964,14,2616,6121.15,5446.78,6272.53,4871.72,149.387,2335.97,,0,0,0,16.334,123.8,136.179,136.179,95.275,6521.931,6617.206,109040.489,20.47,18,1.304,9,297,1147.7,91.26,162.859,984.753,846.089,401.446,1247.534,2.867,6453.834,18.423,6472.257,109137.023,130,280.066,243.723,20.986,8.419,3.668,4.269,3301.829,350,0.899,3282.2,12,1312.9,0,0,16.257,26.553,18.974,68.1,Mackay,Mackay,Pind,1963,LPOH_5_15,BareFallow,42,MW_Surf2,130_150,33,3,9,SWD_0_50_200_50_50,P2R,MW_01MayR6V1,MW_T3,1444.7,1281.753,254.119,655.565,33.073,12.087,11.6548976284822,0.119745834582464,19.9982597054886,1.14913076923077,0.533399270172031,23.36,3_9
01/09/1965,1965,244,1964,01-May,1,sugar,alive,0,0,1,365,4.476,1963,1/9/1964,121,0,0,181,1965,14,2616,3607.89,3234.55,4023.52,2728.81,84.203,1644.24,,0,0,0,21.118,56.8,61.226,51.226,18.423,6453.834,6472.257,109137.023,9.42,8.05,1.283,6,198,1059.9,355.749,144.678,811.24,565.246,164.502,729.748,0.234,6570.675,3.241,6573.915,110003.407,150,151.075,228.347,15.523,13.368,0.138,2.925,8637.766,350,0.745,1952.3,7.8,780.9,0,0,17.564,27.205,19.391,77.2,Mackay,Mackay,Pind,1963,LPOH_5_15,BareFallow,42,MW_Surf2,130_150,33,3,9,SWD_0_50_200_50_50,P2R,MW_01MayR6V1,MW_T3,1257.9,1009.24,500.427,664.929,29.029,13.506,8.34320875113947,0.115386407362542,12.9942901234568,0.561353333333333,0.557358927684925,16.442,3_9
01/08/1966,1966,213,1965,01-May,1,sugar,alive,0,0,2,334,4.419,1963,1/9/1965,121,0,0,181,1966,14,2616,4762.8,4162.19,5116.8,3520.11,107.643,1931.26,,0,0,0,19.168,84.5,76.951,66.951,3.241,6570.675,6573.915,110003.407,14.73,12.53,1.313,9,297,1003.1,264.874,107.422,798.132,740.29,184.22,924.51,0.253,6582.223,3.105,6585.327,110219.788,150,208.533,272.614,17.107,1.353,0.222,3.34,7470.617,350,0.793,2250.7,8.3,900.3,0,0,17.555,27.484,20.033,80,Mackay,Mackay,Pind,1963,LPOH_5_15,BareFallow,42,MW_Surf2,130_150,33,3,9,SWD_0_50_200_50_50,P2R,MW_01MayR6V1,MW_T3,1300.1,1095.132,372.296,556.516,18.682,1.575,9.8292260658989,0.116432488561508,14.4100401606426,0.71762,0.516191681892075,19.313,3_9
01/07/1967,1967,182,1966,01-May,1,sugar,alive,0,0,3,334,4.438,1963,1/8/1966,121,0,0,181,1967,14,2616,4813.58,4255.93,5301.81,3574.93,110.25,1974.72,,0,0,0,19.131,93.6,62.245,52.245,3.105,6582.223,6585.327,110219.788,15.29,13.25,1.315,9,297,1222,225.698,262.077,938.716,734.21,177.8,912.01,0.697,6627.278,2.361,6629.639,110853.127,150,217.615,292.815,6.269,0.391,0.493,1.428,8965.072,350,0.724,1838.6,6.9,735.4,0,0,18.342,27.65,20.101,100.3,Mackay,Mackay,Pind,1963,LPOH_5_15,BareFallow,42,MW_Surf2,130_150,33,3,9,SWD_0_50_200_50_50,P2R,MW_01MayR6V1,MW_T3,1519,1235.716,487.775,665.575,7.153,0.884,8.92195294064332,0.120886832381224,14.7590361445783,0.735,0.506628679089217,19.747,3_9
01/07/1968,1968,183,1967,01-May,1,sugar,alive,0,0,4,366,4.459,1963,1/7/1967,121,0,0,181,1968,14,2616,5069.68,4499.34,5584.4,3814.27,117.658,2113.81,,0,0,0,19.198,96.1,163.461,153.461,2.361,6627.278,6629.639,110853.127,15.36,13.27,1.327,8,264,2199.9,645.736,958.746,974.362,766.715,178.729,945.444,2.756,6664.835,4.986,6669.821,111203.721,150,217.426,293.22,10.24,0.333,2.511,2.159,9509.094,350,0.79,2230.2,8.3,892.1,0,0,17.035,26.925,19.834,213.1,Mackay,Mackay,Pind,1963,LPOH_5_15,BareFallow,42,MW_Surf2,130_150,33,3,9,SWD_0_50_200_50_50,P2R,MW_01MayR6V1,MW_T3,2463.9,1238.362,1604.482,1783.211,13.084,2.844,9.50109903243155,0.124447349605053,16.4787114845938,0.784386666666667,0.541140433986736,21.138,3_9
01/07/1969,1969,182,1968,01-May,1,sugar,alive,0,0,5,365,4.476,1963,1/7/1968,121,0,0,181,1969,14,2616,4811.25,4305.24,5383.94,3609.28,111.644,1740.8,,0,0,0,16.279,114,61.435,51.435,4.986,6664.835,6669.821,111203.721,17.11,15.26,1.338,9,297,999.4,159.984,112.695,840.07,746.078,191.179,937.257,0.312,6687.754,2.461,6690.215,111402.918,150,240.615,318.579,10.123,0.103,0.287,2.152,10012.277,350,0.716,1800.3,6.7,720.1,0,0,17.828,27.503,19.836,55.6,Mackay,Mackay,Pind,1963,LPOH_5_15,BareFallow,42,MW_Surf2,130_150,33,3,9,SWD_0_50_200_50_50,P2R,MW_01MayR6V1,MW_T3,1296.4,1137.07,272.679,463.858,10.513,0.39,9.81856877764781,0.11911780866934,14.9456492637216,0.744293333333333,0.463994347817052,17.408,3_9
01/07/1970,1970,182,1969,01-May,1,sugar,alive,0,0,6,365,4.493,1963,1/7/1969,121,0,0,181,1970,14,2616,5180.27,4454.39,5553.97,3972.63,120.749,1954.78,,0,0,0,17.012,116.1,129.9,119.9,2.461,6687.754,6690.215,111402.918,18.13,15.47,1.347,9,297,1657.1,234.196,762.336,785.604,828.341,182.476,1010.817,2.513,6701.824,1.515,6703.339,111957.992,150,249.689,316.272,8.937,0.23,1.86,1.934,9510.367,350,0.829,2525.2,9.4,1010.1,0,0,17.69,27.53,20.173,411.7,Mackay,Mackay,Pind,1963,LPOH_5_15,BareFallow,42,MW_Surf2,130_150,33,3,9,SWD_0_50_200_50_50,P2R,MW_01MayR6V1,MW_T3,1954.1,1082.604,996.532,1179.008,11.027,2.09,11.1535704652856,0.119456835411355,16.1645247657296,0.804993333333333,0.483597595408688,19.548,3_9
01/05/1971,1971,121,0,01-May,1,none,out,0,0,-1,0,6,1963,0.000,121,0,0,181,-1,14,2616,0,0,0,0,0,0,,0,0,0,0,0,58.652,48.652,1.515,6701.824,6703.339,111957.992,0,0,1.354,0,0,1594,616.553,534.691,784.287,0,346.827,346.827,1.07,6794.476,55.193,6849.668,112415.948,0,0,129.151,15.073,1.447,1.96,1.689,9787.598,350,0.004,5,0,2,0,0,18.253,27.921,19.876,129.3,Mackay,Mackay,Pind,1963,LPOH_5_15,BareFallow,42,MW_Surf2,130_150,33,3,9,SWD_0_50_200_50_50,P2R,MW_01MayR6V1,MW_T3,1594,784.287,1151.244,1498.071,18.48,3.407,0,0,0,,,0,3_9
01/09/1972,1972,245,1971,01-May,2,sugar,alive,0,0,0,489,4.626,1971,1/5/1971,121,0,0,181,1972,14,2616,5248.46,4553.09,5267.22,4158.68,125.339,2011.4,,0,0,0,16.839,155.8,154.581,154.581,55.193,6794.476,6849.668,112415.948,24.27,21.72,1.363,9,297,2121.5,339.355,979.757,1026.28,793.627,397.117,1190.743,16.2,6590.724,10.698,6601.422,110612.724,130,330.575,371.677,61.425,13.917,7.195,11.285,4893.866,350,0.928,3754.2,13.8,1501.7,0,0,16.046,26.683,18.765,183.4,Mackay,Mackay,Pind,1963,LPOH_5_15,BareFallow,42,MW_Surf2,130_150,33,3,9,SWD_0_50_200_50_50,P2R,MW_01MayR6V1,MW_T3,2418.5,1323.28,1319.112,1716.229,82.537,21.112,9.4718426939121,0.105261168866834,16.7789825970549,0.964146153846154,0.3791545035166,20.114,3_9
01/09/1973,1973,244,1972,01-May,2,sugar,alive,0,0,1,365,4.496,1971,1/9/1972,121,0,0,181,1973,14,2616,4304.8,3696.41,4523.42,3261.17,98.785,1591.62,,0,0,0,16.918,97.5,45.226,35.226,10.698,6590.724,6601.422,110612.724,15.65,13.42,1.325,9,297,1121.2,213.431,317.43,705.163,641.366,225.281,866.647,4.507,6666.759,3.136,6669.895,111406.527,150,212.745,295.848,6.503,5.432,1.397,1.416,8414.477,350,0.796,2273.4,8.4,909.4,0,0,18.541,27.739,19.67,148.3,Mackay,Mackay,Pind,1963,LPOH_5_15,BareFallow,42,MW_Surf2,130_150,33,3,9,SWD_0_50_200_50_50,P2R,MW_01MayR6V1,MW_T3,1418.2,1002.163,530.861,756.142,13.332,6.829,9.85717892199173,0.113985278896713,13.2242302543507,0.658566666666667,0.464335237020847,15.916,3_9
01/08/1974,1974,213,1973,01-May,2,sugar,alive,0,0,2,334,4.42,1971,1/9/1973,121,0,0,181,1974,14,2616,4081.73,3612.06,4505.71,2971.02,91.41,1567.27,,0,0,0,18.189,87.7,47.919,37.919,3.136,6666.759,6669.895,111406.527,14.52,12.8,1.348,4,132,3130,861.71,1639.441,987.953,556.406,189.673,746.079,4.847,6688.857,4.505,6693.361,111431.6,150,198.13,281.647,26.108,6.686,4.013,4.789,8128.02,350,0.73,1870.5,7,748.2,0,0,18.561,27.209,17.938,199.6,Mackay,Mackay,Pind,1963,LPOH_5_15,BareFallow,42,MW_Surf2,130_150,33,3,9,SWD_0_50_200_50_50,P2R,MW_01MayR6V1,MW_T3,3262,1119.953,2501.151,2690.824,36.807,10.699,8.16194965324438,0.122520537369367,15.7061855670103,0.6094,0.461363751072528,15.673,3_9
01/07/1975,1975,182,1974,01-May,2,sugar,alive,0,0,3,334,4.411,1971,1/8/1974,121,0,0,181,1975,14,2616,5121.26,4526.75,5597.72,3735.7,115.275,1926.02,,0,0,0,17.651,105.4,54.69,44.69,4.505,6688.857,6693.361,111431.6,17.51,15.33,1.358,8,264,1738.2,417.621,611.732,971.314,759.596,178.439,938.034,1.991,6691.081,3.318,6694.4,111608.567,150,237.285,315.493,18.917,1.913,2.347,3.714,8573.157,350,0.731,1874.1,7,749.6,0,0,18.099,27.548,19.903,139.4,Mackay,Mackay,Pind,1963,LPOH_5_15,BareFallow,42,MW_Surf2,130_150,33,3,9,SWD_0_50_200_50_50,P2R,MW_01MayR6V1,MW_T3,2002.2,1235.314,1029.353,1207.792,23.177,4.26,9.33163551939021,0.122890001854943,16.1449579831933,0.7685,0.485808205322713,19.26,3_9
02/07/1976,1976,184,1975,01-May,2,sugar,alive,0,0,4,367,4.492,1971,1/7/1975,121,0,1,181,1976,13,2616,4901.36,4388.84,5458.61,3665.33,113.495,1894.8,,0,0,0,17.635,111.7,73.503,63.503,3.318,6691.081,6694.4,111608.567,16.96,15.08,1.362,2,66,2321.4,634.223,851.675,1162.549,697.151,176.191,873.342,2.559,6721.778,1.606,6723.385,112061.155,150,236.821,318.198,12.343,0.872,2.5,2.556,10047.312,350,0.735,1897.5,7.1,759,0,0,18.27,27.009,18.055,161.4,Mackay,Mackay,Pind,1963,LPOH_5_15,BareFallow,42,MW_Surf2,130_150,33,3,9,SWD_0_50_200_50_50,P2R,MW_01MayR6V1,MW_T3,2387.4,1228.549,1485.898,1662.089,15.715,3.372,9.23813376593038,0.129954817242272,21.9951550387597,0.756633333333333,0.479243817060143,18.948,3_9
02/07/1977,1977,183,1976,01-May,2,sugar,alive,0,0,5,365,4.494,1971,2/7/1976,121,0,1,182,1977,13,2617,5415.46,4767.73,5908.62,4071.6,125.016,2098.77,,0,0,0,17.749,111.8,97.663,87.663,1.606,6721.778,6723.385,112061.155,17.58,15.2,1.372,8,264,1975,527.814,746.652,1004.297,809.473,176.258,985.731,2.442,6741.728,4.133,6745.861,112511.717,150,242.599,320,5.304,0.218,2.468,1.136,9655.717,350,0.809,2364.6,8.7,945.8,0,0,17.83,27.366,19.19,166.6,Mackay,Mackay,Pind,1963,LPOH_5_15,BareFallow,42,MW_Surf2,130_150,33,3,9,SWD_0_50_200_50_50,P2R,MW_01MayR6V1,MW_T3,2239,1268.297,1274.466,1450.724,7.99,2.686,9.8569972175287,0.126825675564632,17.509243697479,0.83344,0.515319519041711,20.988,3_9
02/07/1978,1978,183,1977,01-May,2,sugar,alive,0,0,6,365,4.474,1971,2/7/1977,121,0,1,182,1978,13,2617,4596.79,4032.95,5088.43,3450.21,106.017,1876.1,,0,0,0,18.866,102.5,60.466,50.466,4.133,6741.728,6745.861,112511.717,16.22,14.15,1.378,9,297,1314.6,161.402,551.908,721.49,688.289,185.985,874.274,1.728,6792.575,3.445,6796.02,113338.688,150,224.05,311.663,2.919,0.078,1.631,0.824,9727.947,350,0.74,1925.6,7.2,770.3,0,0,17.551,27.283,20.267,300,Mackay,Mackay,Pind,1963,LPOH_5_15,BareFallow,42,MW_Surf2,130_150,33,3,9,SWD_0_50_200_50_50,P2R,MW_01MayR6V1,MW_T3,1611.6,1018.49,713.31,899.295,4.628,1.709,10.4092332767136,0.121262899274141,14.1923694779116,0.70678,0.473184557018523,18.761,3_9
03/05/1979,1979,123,0,01-May,2,none,out,0,0,-1,0,6,1971,0.000,123,2,1,184,-1,11,2617,0,0,0,0,0,0,,0,0,0,0,0,66.482,56.482,3.445,6792.575,6796.02,113338.688,0,0,1.391,0,0,2776.4,746.794,1645.35,778.85,0,294.758,294.758,5.002,6856.57,66.257,6922.827,113221.978,0,0,131.766,18.665,3.913,6.074,2.176,9701.352,350,0.004,5.6,0,2.3,0,0,18.709,27.217,18.918,509.4,Mackay,Mackay,Pind,1963,LPOH_5_15,BareFallow,42,MW_Surf2,130_150,33,3,9,SWD_0_50_200_50_50,P2R,MW_01MayR6V1,MW_T3,2776.4,778.85,2392.144,2686.902,28.652,9.987,0,0,0,,,0,3_9
03/09/1980,1980,247,1979,01-May,3,sugar,alive,0,0,0,489,4.666,1979,3/5/1979,123,2,0,183,1980,12,2616,5922.07,5326.93,6140.49,4639.63,142.519,2183.47,,0,0,0,15.944,178.9,155.98,155.98,66.257,6856.57,6922.827,113221.978,26.96,24.78,1.399,9,297,1449,50.508,532.724,928.123,809.103,423.811,1232.914,9.825,6658.704,14.944,6673.648,111499.66,130,368.123,371.457,39.859,0.899,8.948,7.632,5210.382,350,0.849,2699.8,9.9,1079.9,0,0,17.234,26.55,18.948,215.6,Mackay,Mackay,Pind,1963,LPOH_5_15,BareFallow,42,MW_Surf2,130_150,33,3,9,SWD_0_50_200_50_50,P2R,MW_01MayR6V1,MW_T3,1746,1225.123,583.232,1007.043,49.706,9.847,11.6330360298517,0.115595248330378,19.0788487282463,1.0963,0.387150490461069,21.835,3_9
03/09/1981,1981,246,1980,01-May,3,sugar,alive,0,0,1,365,4.493,1979,3/9/1980,123,2,0,183,1981,12,2616,4635.83,4057.39,4959.56,3543.3,108.313,1866.45,,0,0,0,18.295,97,67.835,57.835,14.944,6658.704,6673.648,111499.66,15.4,13.28,1.364,9,297,1573.3,466.176,518.242,871.649,669.882,208.817,878.698,3.783,6740.359,1.491,6741.851,112569.496,150,209.401,295.882,11.874,8.36,1.626,2.372,8812.41,350,0.815,2409.3,9,963.7,0,0,18.207,27.39,19.375,101.3,Mackay,Mackay,Pind,1963,LPOH_5_15,BareFallow,42,MW_Surf2,130_150,33,3,9,SWD_0_50_200_50_50,P2R,MW_01MayR6V1,MW_T3,1870.3,1168.649,984.418,1193.235,21.86,9.986,9.26822339299482,0.123265331205943,14.4997322623829,0.722086666666667,0.517251589056404,18.664,3_9
03/08/1982,1982,215,1981,01-May,3,sugar,alive,0,0,2,334,4.403,1979,3/9/1981,123,2,0,183,1982,12,2616,4450.82,3867.9,4832.14,3320.8,101.678,1628.61,,0,0,0,16.801,97.3,57.018,47.018,1.491,6740.359,6741.851,112569.496,16.18,14.05,1.388,9,297,1240.3,285.775,388.207,767.798,658.445,192.987,851.432,2.615,6757.712,4.563,6762.275,112814.246,150,221.689,309.983,14.993,1.719,1.228,2.466,8380.015,350,0.807,2349.4,8.8,939.7,0,0,18.364,27.572,20.022,222,Mackay,Mackay,Pind,1963,LPOH_5_15,BareFallow,42,MW_Surf2,130_150,33,3,9,SWD_0_50_200_50_50,P2R,MW_01MayR6V1,MW_T3,1537.3,1064.798,673.982,866.969,17.94,2.947,9.54904122659885,0.119419988912796,13.6115127175368,0.677853333333333,0.458651534356689,16.286,3_9
03/07/1983,1983,184,1982,01-May,3,sugar,alive,0,0,3,334,4.433,1979,3/8/1982,123,2,0,183,1983,12,2616,5141.76,4537.41,5637.3,3777.3,116.769,1953.94,,0,0,0,17.682,110.4,50.905,40.905,4.563,6757.712,6762.275,112814.246,18.17,15.95,1.393,9,297,1419.6,319.132,404.005,943.114,730.56,183.424,913.984,1.485,6776.494,3.36,6779.854,113000.125,150,243.536,316.822,8.947,0.768,1.047,1.844,8911.027,350,0.711,1773.8,6.7,709.5,0,0,18.995,27.583,20.36,156,Mackay,Mackay,Pind,1963,LPOH_5_15,BareFallow,42,MW_Surf2,130_150,33,3,9,SWD_0_50_200_50_50,P2R,MW_01MayR6V1,MW_T3,1716.6,1240.114,723.137,906.561,10.762,1.815,9.41598917518873,0.127758253973811,15.6317269076305,0.77846,0.479473260626766,19.539,3_9
03/07/1984,1984,185,1983,01-May,3,sugar,alive,0,0,4,366,4.496,1979,3/7/1983,123,2,0,183,1984,12,2616,4571.96,3873.84,4899.43,3502.58,105.439,1752.94,,0,0,0,17.549,111.9,112.385,102.385,3.36,6776.494,6779.854,113000.125,17.5,14.95,1.399,9,297,627.3,37.723,67.032,551.165,673.678,188.624,862.302,0.254,6812.057,1.448,6813.504,113842.467,150,245.324,322.599,6.757,0.039,0.209,1.636,9751.152,350,0.843,2645.3,9.8,1058.1,0,0,18.248,27.1,19.324,62,Mackay,Mackay,Pind,1963,LPOH_5_15,BareFallow,42,MW_Surf2,130_150,33,3,9,SWD_0_50_200_50_50,P2R,MW_01MayR6V1,MW_T3,924.3,848.165,104.755,293.379,7.005,0.248,12.4314254891442,0.122276186301319,14.1149933065596,0.702926666666667,0.429794883501003,17.529,3_9
03/07/1985,1985,184,1984,01-May,3,sugar,alive,0,0,5,365,4.483,1979,3/7/1984,123,2,0,183,1985,12,2616,5925.09,5264.9,6455.68,4467.72,138.027,2275.19,,0,0,0,17.375,135.4,51.629,41.629,1.448,6812.057,6813.504,113842.467,20.74,18.32,1.409,9,297,1629.8,233.52,576.913,978.649,855.433,195.924,1051.357,2.399,6802.254,3.319,6805.572,113520.665,150,278.39,347.374,10.026,0.207,1.427,2.067,10111.929,350,0.789,2219.6,8.2,887.8,0,0,18.416,27.301,19.286,365,Mackay,Mackay,Pind,1963,LPOH_5_15,BareFallow,42,MW_Surf2,130_150,33,3,9,SWD_0_50_200_50_50,P2R,MW_01MayR6V1,MW_T3,1926.8,1275.649,810.433,1006.357,11.66,1.634,10.8201393957115,0.131284615977256,18.4775100401606,0.92018,0.495804446998815,22.752,3_9
03/07/1986,1986,184,1985,01-May,3,sugar,alive,0,0,6,365,4.498,1979,3/7/1985,123,2,0,183,1986,12,2616,5569.8,4966.34,6169.16,4168.03,128.86,2356.4,,0,0,0,19.592,124.7,98.638,88.638,3.319,6802.254,6805.572,113520.665,19.12,16.91,1.409,9,297,1424.2,414.579,342.794,997.101,795.406,168.77,964.176,0.627,6825.298,2.967,6828.265,113877.851,150,263.882,348.276,5.118,0.289,0.667,1.341,11126.233,350,0.748,1971,7.3,788.4,0,0,18.342,27.147,19.588,134,Mackay,Mackay,Pind,1963,LPOH_5_15,BareFallow,42,MW_Surf2,130_150,33,3,9,SWD_0_50_200_50_50,P2R,MW_01MayR6V1,MW_T3,1721.2,1294.101,757.373,926.143,6.074,0.956,9.95749172591629,0.133647798742138,17.2503346720214,0.859066666666667,0.488324326782426,23.564,3_9
02/05/1987,1987,122,0,01-May,3,none,out,0,0,-1,0,6,1979,0.000,122,1,0,182,-1,13,2616,0,0,0,0,0,0,,0,0,0,0,0,80.289,70.289,2.967,6825.298,6828.265,113877.851,0,0,1.42,0,0,641.7,253.086,42.003,538.669,0,245.474,245.474,0.915,6912.247,65.784,6978.031,114191.485,0,0,144.146,20.53,0.594,0.503,3.442,10821.216,350,0.133,203.6,0.9,81.4,0,0,19.863,28.674,20.989,55,Mackay,Mackay,Pind,1963,LPOH_5_15,BareFallow,42,MW_Surf2,130_150,33,3,9,SWD_0_50_200_50_50,P2R,MW_01MayR6V1,MW_T3,641.7,538.669,295.089,540.563,21.627,1.097,0,0,0,,,0,3_9
02/09/1988,1988,246,1987,01-May,4,sugar,alive,0,0,0,489,4.682,1987,2/5/1987,122,1,0,182,1988,13,2616,5820.92,5361.69,6187.82,4482.75,138.825,2081.79,,0,0,0,15.545,155.2,181.426,181.426,65.784,6912.247,6978.031,114191.485,25.45,23.76,1.434,9,297,2021,259.163,885.432,1074.645,771.669,446.393,1218.062,9.894,6701.671,23.681,6725.352,112164.785,130,344.224,383.523,55.142,14.657,6.744,10.394,5486.654,350,0.813,2396.5,8.8,958.6,0,0,17.736,26.361,18.386,293.4,Mackay,Mackay,Pind,1963,LPOH_5_15,BareFallow,42,MW_Surf2,130_150,33,3,9,SWD_0_50_200_50_50,P2R,MW_01MayR6V1,MW_T3,2318,1371.645,1144.595,1590.988,76.543,21.401,10.1210590203733,0.113972030980361,18.5843373493976,1.06788461538462,0.403298433578135,20.818,3_9
02/09/1989,1989,245,1988,01-May,4,sugar,alive,0,0,1,365,4.491,1987,2/9/1988,122,1,0,182,1989,13,2616,5594.96,5037.58,6073.68,4306.77,133.542,2415.66,,0,0,0,19.35,100.4,118.769,108.769,23.681,6701.671,6725.352,112164.785,16.11,14.07,1.394,3,99,2262.7,630.905,854.972,1195.433,744.409,185.239,929.648,4.499,6773.775,3.242,6777.017,113226.556,150,226.259,305.831,11.396,16.723,2.427,2.332,9165.779,350,0.836,2582.5,9.6,1033,0,0,18.368,26.772,19.022,197,Mackay,Mackay,Pind,1963,LPOH_5_15,BareFallow,42,MW_Surf2,130_150,33,3,9,SWD_0_50_200_50_50,P2R,MW_01MayR6V1,MW_T3,2361.7,1294.433,1485.877,1671.116,30.546,19.15,10.3166405677235,0.143647918351892,24.3245901639344,0.89028,0.590217405716458,24.157,3_9
02/08/1990,1990,214,1989,01-May,4,sugar,alive,0,0,2,334,4.412,1987,2/9/1989,122,1,0,182,1990,13,2616,4554.08,4080.37,5123,3406.27,106.066,1806.9,,0,0,0,18.054,88.1,58.944,48.944,3.242,6773.775,6777.017,113226.556,14.54,12.81,1.416,9,297,1659.2,496.147,630.777,834.331,630.644,177.918,808.562,2.519,6823.812,3.027,6826.839,113907.59,150,207.286,301.168,6.796,1.399,1.912,1.32,9094.033,350.534,0.708,1758.6,6.6,703.4,0,0,18.872,27.551,19.816,130,Mackay,Mackay,Pind,1963,LPOH_5_15,BareFallow,42,MW_Surf2,130_150,33,3,9,SWD_0_50_200_50_50,P2R,MW_01MayR6V1,MW_T3,1956.2,1131.331,1126.924,1304.842,10.107,3.311,9.37532870574571,0.131178561446123,14.1989290495315,0.707106666666667,0.511689163764075,18.069,3_9
02/07/1991,1991,183,1990,01-May,4,sugar,alive,0,0,3,334,4.429,1987,2/8/1990,122,1,0,182,1991,13,2616,4582.87,3975.45,5037.86,3370.95,102.712,1721.13,,0,0,0,17.711,103.8,61.658,51.658,3.027,6823.812,6826.839,113907.59,16.6,14.37,1.428,9,297,2931.2,463.762,1948.493,693.161,623.505,179.929,803.433,5.736,6844.947,3.768,6848.715,114549.431,150,231.466,301.733,8.909,0.228,4.005,1.958,8650.534,351.943,0.742,1935.4,7.2,774.2,0,0,18.614,27.53,19.9,298.2,Mackay,Mackay,Pind,1963,LPOH_5_15,BareFallow,42,MW_Surf2,130_150,33,3,9,SWD_0_50_200_50_50,P2R,MW_01MayR6V1,MW_T3,3228.2,990.161,2412.255,2592.184,13.142,4.233,10.373262530033,0.127841400589719,13.7499330655957,0.684746666666667,0.443745517700224,17.211,3_9
02/07/1992,1992,184,1991,01-May,4,sugar,alive,0,0,4,366,4.498,1987,2/7/1991,122,1,0,182,1992,13,2616,4850.65,4294.71,5360.69,3627.78,111.813,2061.12,,0,0,0,19.773,113.4,56.171,46.171,3.768,6844.947,6848.715,114549.431,17.21,15.17,1.43,9,297,809.1,44.51,138.075,658.64,688.34,216.596,904.936,0.077,6876.405,4.926,6881.331,115065.116,150,233.809,313.211,7.846,0.016,0.171,1.706,9222.053,353.507,0.754,2004.7,7.5,801.9,0,0,18.272,27.899,20.983,174,Mackay,Mackay,Pind,1963,LPOH_5_15,BareFallow,42,MW_Surf2,130_150,33,3,9,SWD_0_50_200_50_50,P2R,MW_01MayR6V1,MW_T3,1106.1,955.64,182.585,399.181,8.033,0.187,11.7003264827759,0.123559014118126,14.9682730923695,0.74542,0.47822367830152,20.611,3_9
02/07/1993,1993,183,1992,01-May,4,sugar,alive,0,0,5,365,4.491,1987,2/7/1992,122,1,0,182,1993,13,2616,6044.81,5414.01,6629.47,4575.34,142.484,2657.25,,0,0,0,20.039,125.2,56.751,46.751,4.926,6876.405,6881.331,115065.116,19.49,17.18,1.437,9,297,1184.6,62.242,339.899,818.811,825.435,214.379,1039.814,1.299,6884.057,2.619,6886.676,115253.945,150,262.554,337.532,5.25,0.038,1.004,1.198,9879.392,355.1,0.747,1964.7,7.3,785.9,0,0,18.593,27.605,20.538,185,Mackay,Mackay,Pind,1963,LPOH_5_15,BareFallow,42,MW_Surf2,130_150,33,3,9,SWD_0_50_200_50_50,P2R,MW_01MayR6V1,MW_T3,1481.6,1115.811,402.141,616.52,6.292,1.042,12.7695460969644,0.137028353147775,19.0741633199465,0.949893333333333,0.542684552511103,26.573,3_9
02/07/1994,1994,183,1993,01-May,4,sugar,alive,0,0,6,365,4.514,1987,2/7/1993,122,1,0,182,1994,13,2616,5461.86,4895.1,6086.35,4215.87,130.911,2461.19,,0,0,0,20.225,117,78.396,68.396,2.619,6884.057,6886.676,115253.945,17.23,15.16,1.44,7,231,1130.5,254.244,168.083,880.565,778.498,154.658,933.156,0.349,6908.168,5.513,6913.681,115119.254,150,245.401,333.584,15.891,0.978,0.367,3.108,11616.408,356.72,0.76,2039.1,7.6,815.7,0,0,18.772,27.29,19.737,141,Mackay,Mackay,Pind,1963,LPOH_5_15,BareFallow,42,MW_Surf2,130_150,33,3,9,SWD_0_50_200_50_50,P2R,MW_01MayR6V1,MW_T3,1361.5,1111.565,422.327,576.985,17.236,1.345,11.7771790223694,0.140288440517984,19.2233480176211,0.87274,0.533457483873334,24.612,3_9
02/05/1995,1995,122,0,01-May,4,none,out,0,0,-1,0,6,1987,0.000,122,1,0,182,-1,13,2616,0,0,0,0,0,0,,0,0,0,0,0,70.413,60.413,5.513,6908.168,6913.681,115119.254,0,0,1.45,0,0,855,346.279,152.088,622.2,0,261.408,261.408,0.212,6956.11,96.371,7052.481,115101.277,0,0,167.054,17.459,1.583,0.948,2.209,10587.511,358.093,0.008,11.3,0,4.5,0,0,18.913,28.213,21.739,112.5,Mackay,Mackay,Pind,1963,LPOH_5_15,BareFallow,42,MW_Surf2,130_150,33,3,9,SWD_0_50_200_50_50,P2R,MW_01MayR6V1,MW_T3,855,622.2,498.367,759.775,19.99,2.531,0,0,0,,,0,3_9
02/09/1996,1996,246,1995,01-May,5,sugar,alive,0,0,0,489,4.684,1995,2/5/1995,122,1,0,182,1996,13,2616,6730.7,6019.41,6905.54,5402.91,166.071,2697.02,,0,0,0,17.075,193.6,165.639,165.639,96.371,6956.11,7052.481,115101.277,28.41,25.81,1.451,9,297,1445.3,86.298,352.403,1100.622,904.917,470.603,1375.52,6.851,6762.76,18.022,6780.782,113544.418,130,389.327,372.956,43.736,1.61,10.459,8.407,5459.269,360.331,0.892,3178,11.6,1271.2,0,0,17.443,26.746,19.237,106,Mackay,Mackay,Pind,1963,LPOH_5_15,BareFallow,42,MW_Surf2,130_150,33,3,9,SWD_0_50_200_50_50,P2R,MW_01MayR6V1,MW_T3,1742.3,1397.622,438.701,909.304,55.805,12.069,11.8823973864178,0.12073324997092,22.2317269076305,1.27746923076923,0.426559164917922,26.97,3_9
03/09/1997,1997,246,1996,01-May,5,sugar,alive,0,0,1,366,4.486,1995,2/9/1996,122,1,1,182,1997,12,2616,5319.68,4819.3,5845.3,4114.75,127.914,2520.34,,0,0,0,21.335,91.9,75.718,65.718,18.022,6762.76,6780.782,113544.418,14.48,12.65,1.415,8,264,1495.6,397.088,388.756,1001.742,780.554,154.716,935.27,0.641,6843.768,2.853,6846.621,114256.489,150,204.588,279.075,23.474,11.274,0.372,4.473,10023.779,362.048,0.77,2099.1,8.1,839.7,0,0,17.731,27.17,20.17,203,Mackay,Mackay,Pind,1963,LPOH_5_15,BareFallow,42,MW_Surf2,130_150,33,3,9,SWD_0_50_200_50_50,P2R,MW_01MayR6V1,MW_T3,1759.6,1265.742,785.844,940.56,35.12,11.646,10.105850955408,0.136766922920654,17.9151260504202,0.85276,0.625227286057833,25.203,3_9
03/08/1998,1998,215,1997,01-May,5,sugar,alive,0,0,2,334,4.483,1995,3/9/1997,122,1,1,183,1998,12,2617,5584.19,4992.5,6154.05,4192.35,129.836,2485.09,,0,0,0,20.642,105.2,98.204,88.204,2.853,6843.768,6846.621,114256.489,16.93,14.76,1.44,9,297,1210.6,287.702,253.882,838.09,818.945,160.236,979.181,0.479,6850.309,3.097,6853.406,114510.644,150,244.868,320.365,10.858,1.143,0.421,2.297,9585.506,363.643,0.778,2152.8,8,861.1,0,0,19.157,28.208,19.886,110,Mackay,Mackay,Pind,1963,LPOH_5_15,BareFallow,42,MW_Surf2,130_150,33,3,9,SWD_0_50_200_50_50,P2R,MW_01MayR6V1,MW_T3,1507.6,1135.09,541.584,701.82,12.422,1.564,11.4383881454334,0.132596527097646,17.3809906291834,0.865573333333333,0.530228531290328,24.851,3_9
03/07/1999,1999,184,1998,01-May,5,sugar,alive,0,0,3,334,4.465,1995,3/8/1998,122,1,1,183,1999,12,2617,4141.44,3628.48,4669.65,3071.13,94.475,1670.92,,0,0,0,18.854,82.2,67.04,57.04,3.097,6850.309,6853.406,114510.644,13.33,11.45,1.442,1,33,2269.4,857.334,742.868,1187.185,557.711,143.931,701.642,1.617,6910.334,5.404,6915.737,115092.129,150,189.324,280.219,18.535,1.706,1.668,3.228,9704.436,365.263,0.706,1750.8,6.6,700.3,0,0,19.622,27.531,18.423,166,Mackay,Mackay,Pind,1963,LPOH_5_15,BareFallow,42,MW_Surf2,130_150,33,3,9,SWD_0_50_200_50_50,P2R,MW_01MayR6V1,MW_T3,2302.4,1220.185,1600.202,1744.133,21.909,3.374,7.74267836434639,0.134648438947497,19.5600414078675,0.629833333333333,0.499012275253005,16.709,3_9
03/07/2000,2000,185,1999,01-May,5,sugar,alive,0,0,4,366,4.471,1995,3/7/1999,122,1,1,183,2000,12,2617,5862.27,5195.1,6383.58,4419.88,136.306,2263.87,,0,0,0,17.529,119.8,65.596,55.596,5.404,6910.334,6915.737,115092.129,19.05,16.61,1.457,9,297,2220.8,567.901,927.655,1040.388,776.856,182.624,959.48,3.096,6903.678,2.844,6906.521,115152.217,150,260.64,320.18,12.276,0.19,2.736,2.517,9413.676,367.058,0.801,2308.7,8.5,923.5,0,0,18.099,26.712,18.391,187,Mackay,Mackay,Pind,1963,LPOH_5_15,BareFallow,42,MW_Surf2,130_150,33,3,9,SWD_0_50_200_50_50,P2R,MW_01MayR6V1,MW_T3,2517.8,1337.388,1495.556,1678.18,15.202,2.926,10.1919562610103,0.142062367115521,18.2471218206158,0.908706666666667,0.522966543891958,22.639,3_9
03/07/2001,2001,184,2000,01-May,5,sugar,alive,0,0,5,365,4.49,1995,3/7/2000,122,1,1,183,2001,12,2617,5512.54,4912.7,6107.25,4127.37,127.679,2432.7,,0,0,0,20.536,122,110.36,100.36,2.844,6903.678,6906.521,115152.217,18.78,16.58,1.455,6,198,1676.7,423.099,501.763,1000.632,787.34,167.719,955.059,0.548,6928.264,2.108,6930.373,115534.481,150,262.205,339.477,3.441,0.107,0.81,0.968,11025.957,368.883,0.737,1909,7.1,763.6,0,0,17.863,27.31,19.402,235,Mackay,Mackay,Pind,1963,LPOH_5_15,BareFallow,42,MW_Surf2,130_150,33,3,9,SWD_0_50_200_50_50,P2R,MW_01MayR6V1,MW_T3,1874.7,1198.632,924.862,1092.581,4.358,0.917,10.6520600150839,0.13368702875948,19.703549382716,0.851193333333333,0.486943422131538,24.327,3_9
03/07/2002,2002,184,2001,01-May,5,sugar,alive,0,0,6,365,4.532,1995,3/7/2001,122,1,1,183,2002,12,2617,5227.89,4607.87,5767.94,4001.41,122.702,2149.28,,0,0,0,18.645,130,93.139,83.139,2.108,6928.264,6930.373,115534.481,19.02,16.75,1.464,9,297,985,26.204,200.242,780.406,838.932,201.832,1040.764,0.538,6945.178,4.035,6949.213,116131.02,150,264.781,342.161,3.244,0.012,0.333,0.947,10609.458,370.737,0.794,2255.7,8.3,902.3,0,0,18.134,28.641,20.847,143,Mackay,Mackay,Pind,1963,LPOH_5_15,BareFallow,42,MW_Surf2,130_150,33,3,9,SWD_0_50_200_50_50,P2R,MW_01MayR6V1,MW_T3,1282,1077.406,226.446,428.278,3.589,0.345,11.3886501467413,0.117896084030578,16.4259705488621,0.818013333333333,0.463409383603808,21.493,3_9
01/05/2003,2003,121,0,01-May,5,none,out,0,0,-1,0,6,1995,0.000,121,0,1,183,-1,12,2617,0,0,0,0,0,0,,0,0,0,0,0,89.929,79.929,4.035,6945.178,6949.213,116131.02,0,0,1.468,0,0,767.4,215.264,281.691,385.879,0,233.092,233.092,0.524,7034.594,69.228,7103.822,116310.887,0,0,140.594,10.898,2.103,0.98,1.544,10273.077,372.295,0.008,11.8,0.1,4.7,0,0,18.365,28.517,21.673,113,Mackay,Mackay,Pind,1963,LPOH_5_15,BareFallow,42,MW_Surf2,130_150,33,3,9,SWD_0_50_200_50_50,P2R,MW_01MayR6V1,MW_T3,767.4,385.879,496.955,730.047,13.981,3.083,0,0,0,,,0,3_9
01/09/2004,2004,245,2003,01-May,6,sugar,alive,0,0,0,489,4.694,2003,1/5/2003,121,0,0,181,2004,14,2616,4152.72,3579.52,4155.45,3378.8,100.869,1612.88,,0,0,0,16.767,155.8,127.283,127.283,69.228,7034.594,7103.822,116310.887,22.85,20.75,1.481,9,297,989.4,24.935,185.069,806.357,653.037,484.904,1137.941,5.188,6828.124,64.444,6892.568,114238.644,130,315.339,374.784,49.844,0.482,8.871,9.242,5038.602,374.847,0.908,3401.6,12.5,1360.6,0,0,17.019,27.455,19.284,81,Mackay,Mackay,Pind,1963,LPOH_5_15,BareFallow,42,MW_Surf2,130_150,33,3,9,SWD_0_50_200_50_50,P2R,MW_01MayR6V1,MW_T3,1286.4,1103.357,210.004,694.908,59.197,9.353,9.14200934058514,0.0886416782592419,13.5032128514056,0.775915384615385,0.319874801404203,16.129,3_9
01/09/2005,2005,244,2004,01-May,6,sugar,alive,0,0,1,365,4.482,2003,1/9/2004,121,0,0,181,2005,14,2616,6158.67,5457.86,6482.35,4619.42,141.873,2562.25,,0,0,0,19.314,123.4,47.739,37.739,64.444,6828.124,6892.568,114238.644,21.03,18.46,1.44,9,297,1408.2,71.959,475.712,917.945,872.776,248.479,1121.254,9.386,6834.135,24.894,6859.03,114478.945,150,273.629,318.149,39.327,2.63,1.761,7.471,7921.26,376.797,0.838,2599.7,9.6,1039.9,0,0,18.291,27.876,19.85,202,Mackay,Mackay,Pind,1963,LPOH_5_15,BareFallow,42,MW_Surf2,130_150,33,3,9,SWD_0_50_200_50_50,P2R,MW_01MayR6V1,MW_T3,1705.2,1214.945,547.671,796.15,43.718,4.391,11.6773187263621,0.126530652287528,18.9923694779116,0.94582,0.518486710107481,25.622,3_9
01/08/2006,2006,213,2005,01-May,6,sugar,alive,0,0,2,334,4.478,2003,1/9/2005,121,0,0,181,2006,14,2616,4713.74,4230.3,5283.01,3575.91,111.075,2085.6,,0,0,0,20.195,100.7,66.014,56.014,24.894,6834.135,6859.03,114478.945,15.39,13.62,1.445,9,297,1089.9,272.529,153.367,823.924,736.877,158.002,894.878,0.443,6895.13,6.796,6901.925,114978.045,150,224.054,322.025,15.789,12.889,0.459,2.984,10616.033,378.61,0.686,1653.4,6.3,661.3,0,0,19.414,28.689,19.676,83,Mackay,Mackay,Pind,1963,LPOH_5_15,BareFallow,42,MW_Surf2,130_150,33,3,9,SWD_0_50_200_50_50,P2R,MW_01MayR6V1,MW_T3,1386.9,1120.924,425.896,583.898,29.137,13.348,9.90923559491991,0.124123064820009,14.8694779116466,0.7405,0.49575102430664,20.856,3_9
01/07/2007,2007,182,2006,01-May,6,sugar,alive,0,0,3,334,4.441,2003,1/8/2006,121,0,0,181,2007,14,2616,5796.66,5178.1,6399.53,4366.9,135.521,2182.68,,0,0,0,16.91,117.2,114.14,104.14,6.796,6895.13,6901.925,114978.045,18.48,16.22,1.464,9,297,2040.1,409.504,786.363,1061.878,841.371,179.105,1020.476,2.545,6894.445,2.155,6896.6,115137.484,150,254.97,311.207,10.38,3.446,2.402,2.034,9351.83,380.45,0.751,1984.3,7.3,793.7,0,0,18.374,27.532,19.907,257,Mackay,Mackay,Pind,1963,LPOH_5_15,BareFallow,42,MW_Surf2,130_150,33,3,9,SWD_0_50_200_50_50,P2R,MW_01MayR6V1,MW_T3,2337.1,1358.878,1195.867,1374.972,16.228,5.848,9.9730071426574,0.132801751339571,18.1420348058902,0.903473333333333,0.53151743342354,21.827,3_9
01/07/2008,2008,183,2007,01-May,6,sugar,alive,0,0,4,366,4.486,2003,1/7/2007,121,0,0,181,2008,14,2616,4549.55,4011.25,5090.93,3457.77,106.179,1833.95,,0,0,0,18.345,96.6,216.897,206.897,2.155,6894.445,6896.6,115137.484,14.79,12.82,1.464,9,297,2267.9,573.225,1283.557,740.311,677.725,169.639,847.365,3.859,6950.53,4.324,6954.853,115960.256,150,212.739,304.066,9.75,0.747,4.124,2.061,10333.202,382.486,0.744,1945.8,7.3,778.3,0,0,17.547,27.281,19.228,532,Mackay,Mackay,Pind,1963,LPOH_5_15,BareFallow,42,MW_Surf2,130_150,33,3,9,SWD_0_50_200_50_50,P2R,MW_01MayR6V1,MW_T3,2564.9,1037.311,1856.782,2026.421,14.621,4.871,10.2359851577781,0.1253049158273,14.2140562248996,0.70786,0.49910453654478,18.34,3_9
01/07/2009,2009,182,2008,01-May,6,sugar,alive,0,0,5,365,4.485,2003,1/7/2008,121,0,0,181,2009,14,2616,5381.37,4671.45,5820.16,4044.33,123.022,1771.02,,0,0,0,14.807,124.9,59.651,49.651,4.324,6950.53,6954.853,115960.256,19.31,16.71,1.478,9,297,1875.6,381.615,761.417,920.09,827.672,180.773,1008.445,2.545,6942.167,3.974,6946.141,115963.177,150,266.95,332.593,9.324,0.143,2.475,2.056,9853.424,384.553,0.809,2363.6,8.7,945.4,0,0,17.996,27.705,18.873,145,Mackay,Mackay,Pind,1963,LPOH_5_15,BareFallow,42,MW_Surf2,130_150,33,3,9,SWD_0_50_200_50_50,P2R,MW_01MayR6V1,MW_T3,2172.6,1217.09,1143.032,1323.805,11.942,2.618,10.1078802717958,0.121991779422775,16.4688085676038,0.820146666666667,0.460842854467129,17.71,3_9
01/07/2010,2010,182,2009,01-May,6,sugar,alive,0,0,6,365,4.499,2003,1/7/2009,121,0,0,181,2010,14,2616,4801.51,4206.45,5292.56,3630.68,111.839,1834.8,,0,0,0,17.279,115.2,62.774,52.774,3.974,6942.167,6946.141,115963.177,17.58,15.4,1.475,9,297,1857.2,437.808,803.77,813.102,704.151,195.099,899.251,4.709,6979.969,4.013,6983.982,116407.579,150,237.147,331.644,6.201,0.119,2.982,1.289,10105.932,386.651,0.721,1821.6,6.8,728.6,0,0,18.212,28.153,19.689,185,Mackay,Mackay,Pind,1963,LPOH_5_15,BareFallow,42,MW_Surf2,130_150,33,3,9,SWD_0_50_200_50_50,P2R,MW_01MayR6V1,MW_T3,2154.2,1110.102,1241.578,1436.677,9.302,3.101,10.0746598060358,0.124369058249588,14.9717536813922,0.745593333333333,0.471602002133698,18.348,3_9
01/05/2011,2011,121,0,01-May,6,none,out,0,0,-1,0,6,2003,0.000,121,0,0,181,-1,14,2616,0,0,0,0,0,0,,0,0,0,0,0,58.145,48.145,4.013,6979.969,6983.982,116407.579,0,0,1.484,0,0,3806.8,1442.001,1953.376,980.449,0,322.829,322.829,5.627,7081.124,39.971,7121.096,116987.563,0,0,94.538,15.279,3.174,4.689,1.453,9183.278,388.423,0.003,4.6,0,1.8,0,0,20.133,27.54,17.429,220,Mackay,Mackay,Pind,1963,LPOH_5_15,BareFallow,42,MW_Surf2,130_150,33,3,9,SWD_0_50_200_50_50,P2R,MW_01MayR6V1,MW_T3,3806.8,980.449,3395.377,3718.206,23.142,7.863,0,0,0,,,0,3_9
01/09/2012,2012,245,2011,01-May,7,sugar,alive,0,0,0,489,4.625,2011,1/5/2011,121,0,0,181,2012,14,2616,7289.37,6599.44,7570.85,5813.58,180.038,3143.11,,0,0,0,18.573,195.2,146.74,146.74,39.971,7081.124,7121.096,116987.563,28.1,25.58,1.497,9,297,2542.5,363.308,1174.816,1240.884,973.435,390.641,1364.076,8.551,6854.529,3.589,6858.119,114869.313,130,386.132,402.225,38.021,7.532,3.456,6.995,5905.748,391.303,0.895,3218.6,11.8,1287.4,0,0,16.518,26.172,18.321,239,Mackay,Mackay,Pind,1963,LPOH_5_15,BareFallow,42,MW_Surf2,130_150,33,3,9,SWD_0_50_200_50_50,P2R,MW_01MayR6V1,MW_T3,2839.5,1537.884,1538.124,1928.765,49.009,10.988,11.7068647570298,0.131985314601239,24.1014725568943,1.38490769230769,0.466260242611335,31.431,3_9
01/09/2013,2013,244,2012,01-May,7,sugar,alive,0,0,1,365,4.475,2011,1/9/2012,121,0,0,181,2013,14,2616,4608.13,4127.63,5105.53,3499.3,108.31,2030.8,,0,0,0,20.162,95,66.04,56.04,3.589,6854.529,6858.119,114869.313,14.77,13.01,1.453,9,297,1959.5,519.137,915.352,813.24,647.895,170.4,818.295,1.973,6933.122,3.433,6936.555,115625.566,150,208.921,305.201,7.878,2.006,1.455,1.602,10383.913,393.501,0.735,1895.2,7.2,758.1,0,0,18.336,27.643,19.721,189,Mackay,Mackay,Pind,1963,LPOH_5_15,BareFallow,42,MW_Surf2,130_150,33,3,9,SWD_0_50_200_50_50,P2R,MW_01MayR6V1,MW_T3,2256.5,1110.24,1434.489,1604.889,11.339,3.461,9.75554834990633,0.132360579008793,14.4993306559572,0.722066666666667,0.518425624997009,20.308,3_9
01/08/2014,2014,213,2013,01-May,7,sugar,alive,0,0,2,334,4.439,2011,1/9/2013,121,0,0,181,2014,14,2616,5535.03,4945.7,6087.56,4146.69,128.889,2261.48,,0,0,0,18.682,109.7,51.757,41.757,3.433,6933.122,6936.555,115625.566,17.94,15.78,1.479,8,264,1328,232.66,381.975,840.261,769.165,185.221,954.386,1.611,6937.919,3.452,6941.371,115814.414,150,245.487,322.181,8.712,0.118,1.241,1.698,8813.281,395.542,0.77,2099.5,7.8,839.8,0,0,18.979,28.295,19.852,162,Mackay,Mackay,Pind,1963,LPOH_5_15,BareFallow,42,MW_Surf2,130_150,33,3,9,SWD_0_50_200_50_50,P2R,MW_01MayR6V1,MW_T3,1592,1104.261,614.635,799.856,10.071,1.359,11.6719688551891,0.13504913106437,18.0516806722689,0.85926,0.525033912182723,22.615,3_9
01/07/2015,2015,182,2014,01-May,7,sugar,alive,0,0,3,334,4.469,2011,1/8/2014,121,0,0,181,2015,14,2616,4679.59,4112.95,5221.19,3489.65,107.222,1880.27,,0,0,0,18.67,110.7,58.737,48.737,3.452,6937.919,6941.371,115814.414,17.06,14.99,1.48,9,297,904.5,126.209,112.723,734.266,739.435,173.197,912.633,0.291,6968.968,2.4,6971.368,116330.668,150,239.875,333.047,12.417,0.069,0.405,2.491,10109.918,397.611,0.705,1744.1,6.5,697.6,0,0,18.957,28.716,20.504,127,Mackay,Mackay,Pind,1963,LPOH_5_15,BareFallow,42,MW_Surf2,130_150,33,3,9,SWD_0_50_200_50_50,P2R,MW_01MayR6V1,MW_T3,1201.5,1031.266,238.932,412.129,12.891,0.474,10.3971235355379,0.117486437593206,14.3536813922356,0.714813333333333,0.446991141219385,18.803,3_9
01/07/2016,2016,183,2015,01-May,7,sugar,alive,0,0,4,366,4.562,2011,1/7/2015,121,0,0,181,2016,14,2616,6221.62,5464.32,6709.47,4754.9,146.253,2644.95,,0,0,0,19.344,134.1,90.673,80.673,2.4,6968.968,6971.368,116330.668,20.27,17.49,1.488,9,297,1656.5,180.804,579.162,1001.198,925.766,199.474,1125.24,2.484,6965.713,1.944,6967.657,116541.872,150,276.57,344.197,6.744,0.114,1.777,1.417,10214.203,399.898,0.772,2112.6,7.8,845,0,0,19.116,28.327,19.488,143,Mackay,Mackay,Pind,1963,LPOH_5_15,BareFallow,42,MW_Surf2,130_150,33,3,9,SWD_0_50_200_50_50,P2R,MW_01MayR6V1,MW_T3,1953.5,1298.198,759.966,959.44,8.635,1.891,11.2658469663333,0.129974938679748,19.5787148594378,0.97502,0.528810066167697,26.449,3_9
01/07/2017,2017,182,2016,01-May,7,sugar,alive,0,0,5,365,4.534,2011,1/7/2016,121,0,0,181,2017,14,2616,5077.84,4551.18,5705.66,3844.16,119.594,2200.28,,0,0,0,19.729,116.7,140.967,130.967,1.944,6965.713,6967.657,116541.872,17.4,15.47,1.485,7,231,2440.8,618.029,1175.287,1058.346,775.634,158.27,933.904,3.448,6980.103,6.144,6986.246,116388.91,150,240.659,349.772,22.217,2.39,2.86,4.379,11408.201,402.218,0.719,1811.2,6.7,724.5,0,0,18.71,27.886,17.426,276,Mackay,Mackay,Pind,1963,LPOH_5_15,BareFallow,42,MW_Surf2,130_150,33,3,9,SWD_0_50_200_50_50,P2R,MW_01MayR6V1,MW_T3,2671.8,1289.346,1793.316,1951.586,27.467,5.25,9.27555520395611,0.128058130171838,17.5615271659325,0.797293333333333,0.496943808459272,22.003,3_9
01/07/2018,2018,182,2017,01-May,7,sugar,alive,0,0,6,365,4.503,2011,1/7/2017,121,0,0,181,2018,14,2616,4888.17,4225.11,5319.8,3677.01,112.091,1896.21,,0,0,0,17.907,122.7,71.548,61.548,6.144,6980.103,6986.246,116388.91,18.92,16.49,1.493,9,297,1178,299.75,242.556,824.302,736.621,181.133,917.753,0.827,6990.348,3.41,6993.758,116703.525,150,254.955,334.965,10.246,0.752,0.609,1.88,9810.643,404.569,0.78,2162.7,8,865.1,0,0,18.232,28.297,18.11,103,Mackay,Mackay,Pind,1963,LPOH_5_15,BareFallow,42,MW_Surf2,130_150,33,3,9,SWD_0_50_200_50_50,P2R,MW_01MayR6V1,MW_T3,1475,1121.302,542.306,723.439,11.607,1.361,9.99650406402557,0.12213634823313,15.0054886211513,0.747273333333333,0.439650134337432,18.962,3_9
01/05/2019,2019,121,0,01-May,7,none,out,0,0,-1,0,6,2011,0.000,121,0,0,181,-1,14,2616,0,0,0,0,0,0,,0,0,0,0,0,68.488,58.488,3.41,6990.348,6993.758,116703.525,0,0,1.496,0,0,1571.8,568.14,580.043,781.85,0,303.293,303.293,5.761,7066.69,68.856,7135.546,116847.923,0,0,148.265,23.422,1.873,3.491,3.211,9950.836,406.554,0.003,4.9,0,1.9,0,0,19.175,28.683,18.577,123,Mackay,Mackay,Pind,1963,LPOH_5_15,BareFallow,42,MW_Surf2,130_150,33,3,9,SWD_0_50_200_50_50,P2R,MW_01MayR6V1,MW_T3,1571.8,781.85,1148.183,1451.476,28.786,5.364,0,0,0,,,0,3_9
01/09/2020,2020,245,2019,01-May,8,sugar,alive,0,0,0,489,4.675,2019,1/5/2019,121,0,0,181,2020,14,2616,5643.23,5058.31,5826.84,4456.35,136.983,2139.94,,0,0,0,16.315,171.1,188.813,188.813,68.856,7066.69,7135.546,116847.923,25.48,23.34,1.5,9,297,1691.9,241.471,651.488,952.954,798.561,412.265,1210.826,8.742,6863.802,20.758,6884.56,115019.786,130,346.795,374.438,57.097,9.859,4.956,10.525,5233.461,409.776,0.799,2292.1,8.4,916.8,0,0,16.936,27.075,17.367,167,Mackay,Mackay,Pind,1963,LPOH_5_15,BareFallow,42,MW_Surf2,130_150,33,3,9,SWD_0_50_200_50_50,P2R,MW_01MayR6V1,MW_T3,1988.9,1249.954,892.959,1305.224,71.912,14.815,10.9590432927932,0.113131862051195,18.3377510040161,1.05371538461538,0.394997044363385,21.399,3_9
06/09/2021,2021,249,2020,01-May,8,sugar,alive,0,0,1,370,4.521,2019,1/9/2020,121,0,5,181,2021,9,2616,5484.97,4896.08,5891.35,4132.19,127.327,2119.35,,0,0,0,17.573,118.2,55.928,45.928,20.758,6863.802,6884.56,115019.786,18.46,16.3,1.462,9,297,1347.4,216.282,371.276,880.546,777.262,195.305,972.568,1.542,6895.733,6.695,6902.428,115378.073,150,250.089,330.936,13.678,10.492,1.204,2.686,9268.401,412.265,0.782,2176.1,8,870.5,0,0,18.715,27.875,16.851,146,Mackay,Mackay,Pind,1963,LPOH_5_15,BareFallow,42,MW_Surf2,130_150,33,3,9,SWD_0_50_200_50_50,P2R,MW_01MayR6V1,MW_T3,1644.4,1177.546,587.558,782.863,25.374,11.696,10.8129109181297,0.13091835223861,17.0451137884873,0.848846666666667,0.509126750876688,21.194,3_9
06/08/2022,2022,218,2021,01-May,8,sugar,alive,0,0,2,334,4.478,2019,6/9/2021,121,0,5,186,2022,9,2621,5113.65,4603.11,5689.8,3870.17,120.458,2158.71,,0,0,0,19.143,108.9,122.203,112.203,6.695,6895.733,6902.428,115378.073,16.95,15.08,1.475,6,198,1276.6,333.184,239.246,934.689,746.264,159.394,905.658,0.481,6918.949,3.184,6922.132,115612.398,150,236.657,333.019,13.953,4.233,0.409,2.944,9923.283,414.545,0.727,1853.1,6.9,741.2,0,0,19.065,28.278,17.484,124,Mackay,Mackay,Pind,1963,LPOH_5_15,BareFallow,42,MW_Surf2,130_150,33,3,9,SWD_0_50_200_50_50,P2R,MW_01MayR6V1,MW_T3,1474.6,1132.689,572.43,731.824,18.595,4.642,10.6346931946898,0.133006057474234,18.5891975308642,0.803053333333333,0.508998254858297,21.587,3_9
01/05/1964,1964,122,0,01-May,0,none,out,0,0,-1,0,6,-1,0.000,122,0,0,182,-1,14,2616,0,0,0,0,0,0,,0,0,0,0,0,0,0,0,0,0,0,0,0,1.327,0,0,657.6,0,336.088,321.512,0,274.494,274.494,15.574,6528.633,124.09,6652.723,109149.762,0,0,106.772,4.77,0,10.2,1.135,1149.491,350,0,0.1,0,0,0,0,21.722,29.688,19.155,68.1,Mackay,Mackay,Pind,1964,LPOH_5_15,BareFallow,42,MW_Surf2,130_150,33,3,9,SWD_0_50_200_50_50,P2R,MW_01MayR6V1,MW_T3,657.6,321.512,336.088,610.582,14.97,10.2,0,0,0,,,0,3_9
01/09/1965,1965,244,1964,01-May,1,sugar,alive,0,0,0,488,4.632,1964,1/5/1964,122,0,0,182,1965,14,2616,5506.4,4772.88,5516.84,4391.8,131.75,2227.41,,0,0,0,17.895,134.4,76.818,76.818,124.09,6528.633,6652.723,109149.762,22.77,20.08,1.305,9,297,1240.5,55.941,282.063,961.685,790.558,400.253,1190.811,8.845,6459.556,17.475,6477.03,109304.803,130,312.496,252.735,19.322,5.175,5.778,3.919,3118.803,350,0.962,4687.6,17.2,1875,0,0,16.453,26.471,18.461,77.2,Mackay,Mackay,Pind,1964,LPOH_5_15,BareFallow,42,MW_Surf2,130_150,33,3,9,SWD_0_50_200_50_50,P2R,MW_01MayR6V1,MW_T3,1537.5,1258.685,338.004,738.257,30.275,10.953,10.4672733845243,0.110638883920286,17.6372155287818,1.01346153846154,0.421605396549076,22.274,3_9
01/09/1966,1966,244,1965,01-May,1,sugar,alive,0,0,1,365,4.467,1964,1/9/1965,122,0,0,182,1966,14,2616,4058.82,3611.18,4427.78,3063.1,93.954,1826.64,,0,0,0,21.013,63.9,67.502,57.502,17.475,6459.556,6477.03,109304.803,10.67,9.03,1.282,9,297,1061,382.806,118.222,793.848,641.365,149.795,791.16,0.054,6586.229,3.264,6589.493,110130.409,150,159.841,234.976,17.61,13.025,0.097,3.397,8966.909,350,0.714,1787.7,7.2,715.1,0,0,17.318,27.124,19.639,80,Mackay,Mackay,Pind,1964,LPOH_5_15,BareFallow,42,MW_Surf2,130_150,33,3,9,SWD_0_50_200_50_50,P2R,MW_01MayR6V1,MW_T3,1358,1090.848,501.028,650.823,30.732,13.122,8.61293232421016,0.118754739875626,12.5775100401606,0.62636,0.587796622894001,18.266,3_9
01/08/1967,1967,213,1966,01-May,1,sugar,alive,0,0,2,334,4.432,1964,1/9/1966,122,0,0,182,1967,14,2616,5573.5,4957.13,6037.7,4197.65,129.611,2257.69,,0,0,0,18.525,95.5,115.315,105.315,3.264,6586.229,6589.493,110130.409,16.14,13.89,1.316,9,297,1173.6,223.215,260.242,870.632,834.035,171.371,1005.406,0.632,6593.916,2.204,6596.12,110404.893,150,232.528,285.773,6.07,1.141,0.642,1.31,8167.213,350,0.806,2343.7,8.7,937.5,0,0,18.016,27.548,20.007,100.3,Mackay,Mackay,Pind,1964,LPOH_5_15,BareFallow,42,MW_Surf2,130_150,33,3,9,SWD_0_50_200_50_50,P2R,MW_01MayR6V1,MW_T3,1470.6,1167.632,483.457,654.828,7.853,1.783,11.1003295558875,0.128914090427151,17.3508701472557,0.864073333333333,0.557399538980252,22.577,3_9
01/07/1968,1968,183,1967,01-May,1,sugar,alive,0,0,3,335,4.404,1964,1/8/1967,122,0,0,182,1968,14,2616,4174.78,3682.28,4707.97,3060.6,93.895,1671.02,,0,0,0,18.99,75.2,79.052,69.052,2.204,6593.916,6596.12,110404.893,12.64,10.84,1.318,7,231,2190.4,658.54,992.93,903.016,618.796,154.379,773.175,2.119,6669.731,5.487,6675.217,111259.68,150,189.206,272.35,2.277,0.531,1.771,0.667,9328.032,350,0.771,2103.6,7.9,841.4,0,0,17.569,27.367,20.339,213.1,Mackay,Mackay,Pind,1964,LPOH_5_15,BareFallow,42,MW_Surf2,130_150,33,3,9,SWD_0_50_200_50_50,P2R,MW_01MayR6V1,MW_T3,2421.4,1134.016,1651.47,1805.849,4.579,2.302,8.27986553981602,0.121440812235264,13.787812041116,0.625966666666667,0.496258046784986,16.71,3_9
01/07/1969,1969,182,1968,01-May,1,sugar,alive,0,0,4,365,4.476,1964,1/7/1968,122,0,0,182,1969,14,2616,4934.34,4406.39,5484.18,3663.96,113.059,1664.16,,0,0,0,15.205,116.7,61.807,51.807,5.487,6669.731,6675.217,111259.68,17.86,15.92,1.338,9,297,999.4,145.215,112.383,844.851,756.534,206.39,962.924,0.326,6678.24,2.346,6680.585,111306.378,150,247.555,314.681,10.853,0.096,0.295,2.288,9471.607,350,0.731,1873.2,7,749.3,0,0,17.828,27.503,19.836,55.6,Mackay,Mackay,Pind,1964,LPOH_5_15,BareFallow,42,MW_Surf2,130_150,33,3,9,SWD_0_50_200_50_50,P2R,MW_01MayR6V1,MW_T3,1296.4,1141.851,257.598,463.988,11.244,0.391,9.90137942691297,0.117412173754107,15.1350736278447,0.753726666666667,0.456702550948274,16.642,3_9
01/07/1970,1970,182,1969,01-May,1,sugar,alive,0,0,5,365,4.493,1964,1/7/1969,122,0,0,182,1970,14,2616,5077.78,4375.99,5459.72,3888.94,118.4,1987.25,,0,0,0,17.745,113.7,119.685,109.685,2.346,6678.24,6680.585,111306.378,17.74,15.17,1.342,9,297,1657.1,228.893,775.441,774.138,809.725,183.766,993.491,2.66,6702.156,1.443,6703.599,111931.36,150,244.242,317.273,8.296,0.201,2.054,1.862,9665.773,350,0.815,2412,8.9,964.8,0,0,17.69,27.53,20.173,411.7,Mackay,Mackay,Pind,1964,LPOH_5_15,BareFallow,42,MW_Surf2,130_150,33,3,9,SWD_0_50_200_50_50,P2R,MW_01MayR6V1,MW_T3,1954.1,1071.138,1004.334,1188.1,10.551,2.255,11.0536644204575,0.119175714727159,15.8500669344043,0.789333333333333,0.484765110013839,19.872,3_9
01/07/1971,1971,182,1970,01-May,1,sugar,alive,0,0,6,365,4.452,1964,1/7/1970,122,0,0,182,1971,14,2616,5192.17,4555.07,5672.84,3879.59,119.076,1927.73,,0,0,0,17.013,119.9,57.961,47.961,1.443,6702.156,6703.599,111931.36,18.75,16.41,1.351,9,297,1633.5,358.64,532.678,949.765,803.891,195.269,999.16,2.757,6716.515,2.127,6718.642,112073.942,150,255.011,333.637,7.712,0.243,1.812,1.685,9879.516,350,0.789,2224.3,8.2,889.7,0,0,17.125,27.326,19.196,129.3,Mackay,Mackay,Pind,1964,LPOH_5_15,BareFallow,42,MW_Surf2,130_150,33,3,9,SWD_0_50_200_50_50,P2R,MW_01MayR6V1,MW_T3,1930.5,1246.765,891.318,1086.587,9.767,2.055,9.55079746383641,0.119176107930662,15.940562248996,0.79384,0.466944563175706,19.277,3_9
01/05/1972,1972,122,0,01-May,1,none,out,0,0,-1,0,6,1964,0.000,122,0,0,182,-1,14,2616,0,0,0,0,0,0,,0,0,0,0,0,79.984,69.984,2.127,6716.515,6718.642,112073.942,0,0,1.356,0,0,1979.9,783.568,831.797,790.569,0,293.976,293.976,1.345,6786.407,77.455,6863.862,112176.895,0,0,150.157,16.313,4.307,2.2,1.932,10514.162,350,0.005,6.9,0,2.8,0,0,18.445,28.286,20.206,183.4,Mackay,Mackay,Pind,1964,LPOH_5_15,BareFallow,42,MW_Surf2,130_150,33,3,9,SWD_0_50_200_50_50,P2R,MW_01MayR6V1,MW_T3,1979.9,790.569,1615.365,1909.341,22.82,6.507,0,0,0,,,0,3_9
01/09/1973,1973,244,1972,01-May,2,sugar,alive,0,0,0,488,4.666,1972,1/5/1972,122,0,0,182,1973,14,2616,3616.1,3151.52,3692.76,2815.91,84.442,1094.6,,0,0,0,13.044,119.4,150.544,150.544,77.455,6786.407,6863.862,112176.895,19.01,17.31,1.366,9,297,1223.3,303.156,281.401,796.208,541.204,479.732,1020.936,2.471,6605.82,34.072,6639.892,110452.198,130,258.201,343.557,97.012,24.675,3.279,17.85,4356.488,350,0.783,2182.9,8,873.2,0,0,16.981,26.761,18.91,148.3,Mackay,Mackay,Pind,1964,LPOH_5_15,BareFallow,42,MW_Surf2,130_150,33,3,9,SWD_0_50_200_50_50,P2R,MW_01MayR6V1,MW_T3,1520.3,1093.208,584.557,1064.289,124.966,27.954,7.72423912009425,0.0827103755769216,11.3041499330656,0.649553846153846,0.327039786832739,10.946,3_9
03/09/1974,1974,246,1973,01-May,2,sugar,alive,0,0,1,367,4.473,1972,1/9/1973,122,0,2,182,1974,12,2616,5405.68,4825.66,5733,4042.35,124.637,2078.28,,0,0,0,17.61,95,47.352,37.352,34.072,6605.82,6639.892,110452.198,16.36,14.24,1.336,8,264,3200,765.6,1639.66,1110.67,746.921,241.983,988.904,15.222,6611.932,1.252,6613.184,110714.389,150,218.063,288.662,41.277,30.741,6.459,7.692,6972.967,350,0.812,2385,8.8,954,0,0,18.004,26.997,17.963,199.6,Mackay,Mackay,Pind,1964,LPOH_5_15,BareFallow,42,MW_Surf2,130_150,33,3,9,SWD_0_50_200_50_50,P2R,MW_01MayR6V1,MW_T3,3464,1374.67,2405.26,2647.243,78.477,37.2,9.06668509533197,0.126035489794763,17.456162464986,0.830913333333333,0.571564180993566,20.783,3_9
03/08/1975,1975,215,1974,01-May,2,sugar,alive,0,0,2,334,4.437,1972,3/9/1974,122,0,2,184,1975,12,2618,4205.85,3755.51,4697.33,3115.98,96.188,1758.79,,0,0,0,19.59,82.6,101.188,91.188,1.252,6611.932,6613.184,110714.389,13.28,11.63,1.341,6,198,1703.6,528.273,579.165,912.6,630.131,154.363,784.494,0.647,6676.521,1.803,6678.324,111415.872,150,197.25,277.983,7.594,0.367,0.649,1.743,9181.226,350,0.717,1803.8,6.8,721.5,0,0,18.261,27.423,19.614,139.4,Mackay,Mackay,Pind,1964,LPOH_5_15,BareFallow,42,MW_Surf2,130_150,33,3,9,SWD_0_50_200_50_50,P2R,MW_01MayR6V1,MW_T3,1901.6,1110.6,1107.438,1261.801,8.61,1.016,8.66090401584729,0.122611517742647,14.8438271604938,0.641253333333333,0.487645120405577,17.588,3_9
03/07/1976,1976,185,1975,01-May,2,sugar,alive,0,0,3,335,4.449,1972,3/8/1975,122,0,2,184,1976,12,2618,4791.72,4259.53,5300.61,3532.1,108.973,1736.94,,0,0,0,16.705,100.8,98.856,88.856,1.803,6676.521,6678.324,111415.872,16.1,14.15,1.36,2,66,2286,637.175,854.312,1123.387,681.656,179.857,861.513,2.765,6683.977,1.671,6685.648,111578.719,150,224.135,301.844,19.645,1.603,2.62,3.804,8597.741,350,0.749,1975.6,7.3,790.3,0,0,18.656,27.324,18.326,161.4,Mackay,Mackay,Pind,1964,LPOH_5_15,BareFallow,42,MW_Surf2,130_150,33,3,9,SWD_0_50_200_50_50,P2R,MW_01MayR6V1,MW_T3,2352,1189.387,1491.487,1671.344,23.868,4.223,9.16211460189156,0.126490256095961,21.1187984496124,0.726486666666667,0.486193588685391,17.369,3_9
03/07/1977,1977,184,1976,01-May,2,sugar,alive,0,0,4,365,4.494,1972,3/7/1976,122,0,2,184,1977,12,2618,5239.4,4623.7,5728.44,3940.79,121.16,2092.27,,0,0,0,18.34,104.6,93.857,83.857,1.671,6683.977,6685.648,111578.719,16.51,14.26,1.362,7,231,1975,524.824,738.306,1015.37,783.62,179.645,963.265,2.46,6716.501,4.189,6720.69,112161.543,150,231.002,312.05,4.485,0.252,2.398,1.009,9494.726,350,0.798,2284.5,8.5,913.8,0,0,17.82,27.363,19.191,166.6,Mackay,Mackay,Pind,1964,LPOH_5_15,BareFallow,42,MW_Surf2,130_150,33,3,9,SWD_0_50_200_50_50,P2R,MW_01MayR6V1,MW_T3,2206,1246.37,1263.13,1442.775,7.135,2.65,9.72102987074464,0.125780548447208,17.791483113069,0.807733333333333,0.5244976233972,20.923,3_9
03/07/1978,1978,184,1977,01-May,2,sugar,alive,0,0,5,365,4.475,1972,3/7/1977,122,0,2,184,1978,12,2618,4506.93,3953.85,4984.21,3378.39,103.739,1817.45,,0,0,0,18.649,99,59.462,49.462,4.189,6716.501,6720.69,112161.543,15.75,13.72,1.37,9,297,1314.6,164.868,562.127,713.31,672,188.419,860.418,1.726,6767.127,3.205,6770.332,113002.639,150,218.911,303.674,3.304,0.078,1.581,0.881,9400.272,350,0.739,1916.3,7.2,766.5,0,0,17.591,27.306,20.244,300,Mackay,Mackay,Pind,1964,LPOH_5_15,BareFallow,42,MW_Surf2,130_150,33,3,9,SWD_0_50_200_50_50,P2R,MW_01MayR6V1,MW_T3,1611.6,1010.31,726.995,915.414,4.963,1.659,10.2680365432392,0.12056814246099,13.8874163319946,0.691593333333333,0.473886647998502,18.175,3_9
03/07/1979,1979,184,1978,01-May,2,sugar,alive,0,0,6,365,4.478,1972,3/7/1978,122,0,2,184,1979,12,2618,5494.15,4906.39,6042.2,4126.78,127.675,2081.99,,0,0,0,17.158,126.5,65.649,55.649,3.205,6767.127,6770.332,113002.639,19.14,16.99,1.383,8,264,2906,476.848,1654.182,1013.173,771.186,187.935,959.121,7.081,6756.635,2.439,6759.074,112680.4,150,260.588,334.514,18.229,0.544,4.955,3.582,9976.97,350,0.749,1976.2,7.3,790.5,0,0,18.015,26.651,18.211,509.4,Mackay,Mackay,Pind,1964,LPOH_5_15,BareFallow,42,MW_Surf2,130_150,33,3,9,SWD_0_50_200_50_50,P2R,MW_01MayR6V1,MW_T3,3170,1277.173,2131.03,2318.965,23.728,5.499,9.99668799763227,0.1331166766237,17.8816526610644,0.851166666666667,0.489949652324743,20.82,3_9
01/05/1980,1980,122,0,01-May,2,none,out,0,0,-1,0,6,1972,0.000,122,0,2,184,-1,12,2618,0,0,0,0,0,0,,0,0,0,0,0,129.499,119.499,2.439,6756.635,6759.074,112680.4,0,0,1.383,0,0,1126.8,417.219,424.312,604.043,0,236.974,236.974,0.202,6821.362,71.433,6892.796,112901.578,0,0,156.484,26.603,2.389,0.748,4.545,10586.548,350,0.008,11.3,0.1,4.5,0,0,19.141,28.26,20.969,215.6,Mackay,Mackay,Pind,1964,LPOH_5_15,BareFallow,42,MW_Surf2,130_150,33,3,9,SWD_0_50_200_50_50,P2R,MW_01MayR6V1,MW_T3,1126.8,604.043,841.531,1078.505,29.74,3.137,0,0,0,,,0,3_9
01/09/1981,1981,244,1980,01-May,3,sugar,alive,0,0,0,488,4.662,1980,1/5/1980,122,0,0,182,1981,14,2616,5735.81,5081.48,5854.01,4567.34,139.377,2094.21,,0,0,0,15.581,160.1,177.793,177.793,71.433,6821.362,6892.796,112901.578,24.31,21.91,1.395,9,297,1765.9,368.288,567.153,1086.892,794.52,433.852,1228.371,7.293,6642.951,9.491,6652.442,111445.987,130,333.012,350.266,51.367,18.874,5.025,9.49,4845.267,350,0.896,3235.1,11.9,1294,0,0,17.146,26.474,18.553,101.3,Mackay,Mackay,Pind,1964,LPOH_5_15,BareFallow,42,MW_Surf2,130_150,33,3,9,SWD_0_50_200_50_50,P2R,MW_01MayR6V1,MW_T3,2062.9,1383.892,935.441,1369.293,75.266,23.899,10.0713784023609,0.113464905960821,18.6582329317269,1.07213076923077,0.418534467226406,20.942,3_9
01/09/1982,1982,244,1981,01-May,3,sugar,alive,0,0,1,365,4.452,1980,1/9/1981,122,0,0,182,1982,14,2616,4331.58,3745.48,4594.22,3331.34,101.434,1656.01,,0,0,0,17.181,92.6,58.882,48.882,9.491,6642.951,6652.442,111445.987,15.09,12.94,1.361,9,297,1256,250.502,420.152,767.314,648.469,223.843,872.312,4.978,6710.404,2.572,6712.976,112280.116,150,208.221,300.478,12.152,5.976,1.261,2.145,8406.823,350,0.849,2705.2,10.1,1082.1,0,0,18.01,27.171,19.847,222,Mackay,Mackay,Pind,1964,LPOH_5_15,BareFallow,42,MW_Surf2,130_150,33,3,9,SWD_0_50_200_50_50,P2R,MW_01MayR6V1,MW_T3,1553,1064.314,670.654,894.497,19.389,7.237,9.53045811668361,0.116281789084639,13.5788487282463,0.676226666666667,0.487145869052593,16.56,3_9
01/08/1983,1983,213,1982,01-May,3,sugar,alive,0,0,2,334,4.416,1980,1/9/1982,122,0,0,182,1983,14,2616,4759.4,4227.94,5220.37,3481.18,107.728,1753.33,,0,0,0,17.119,95.5,50.918,40.918,2.572,6710.404,6712.976,112280.116,16.25,14.3,1.381,8,264,1426.3,371.557,433.723,916.824,653.938,186.134,840.071,1.837,6739.76,2.323,6742.082,112464.867,150,219.842,298.167,9.418,1.516,1.177,1.772,8109.031,350,0.746,1957.8,7.4,783.1,0,0,18.718,27.471,20.158,156,Mackay,Mackay,Pind,1964,LPOH_5_15,BareFallow,42,MW_Surf2,130_150,33,3,9,SWD_0_50_200_50_50,P2R,MW_01MayR6V1,MW_T3,1690.3,1180.824,805.28,991.414,12.111,2.693,9.1231208037777,0.128236779986453,15.0879551820728,0.718186666666667,0.490024654069741,17.533,3_9
01/07/1984,1984,183,1983,01-May,3,sugar,alive,0,0,3,335,4.463,1980,1/8/1983,122,0,0,182,1984,14,2616,4382.56,3719.06,4712.96,3315.54,100.112,1614.75,,0,0,0,16.939,101.8,79.867,69.867,2.323,6739.76,6742.082,112464.867,16.41,13.98,1.389,9,297,604.9,24.609,56.86,541.537,648.776,181.444,830.22,0.213,6776.911,1.371,6778.282,113238.728,150,231.215,308.24,7.055,0.027,0.164,1.628,8964.224,350,0.811,2382.6,8.9,953.1,0,0,18.921,27.619,19.672,62,Mackay,Mackay,Pind,1964,LPOH_5_15,BareFallow,42,MW_Surf2,130_150,33,3,9,SWD_0_50_200_50_50,P2R,MW_01MayR6V1,MW_T3,901.9,838.537,81.469,262.913,7.246,0.191,11.93888880276,0.120584905205849,13.4018741633199,0.667413333333333,0.43298228921134,16.148,3_9
01/07/1985,1985,182,1984,01-May,3,sugar,alive,0,0,4,365,4.481,1980,1/7/1984,122,0,0,182,1985,14,2616,5877.45,5214.58,6388.34,4427.99,136.703,2260.49,,0,0,0,17.439,130.1,52.078,42.078,1.371,6776.911,6778.282,113238.728,20.12,17.7,1.399,9,297,1629.8,233.263,576.057,979.173,850.91,197.103,1048.014,2.375,6770.146,3.152,6773.298,113029.023,150,272.314,338.269,9.649,0.212,1.396,1.997,9795.646,350,0.785,2196.2,8.1,878.5,0,0,18.376,27.292,19.304,365,Mackay,Mackay,Pind,1964,LPOH_5_15,BareFallow,42,MW_Surf2,130_150,33,3,9,SWD_0_50_200_50_50,P2R,MW_01MayR6V1,MW_T3,1926.8,1276.173,809.32,1006.423,11.257,1.608,10.7119489285544,0.13044005137336,18.3002677376171,0.911353333333333,0.502005038301373,22.605,3_9
01/07/1986,1986,182,1985,01-May,3,sugar,alive,0,0,5,365,4.497,1980,1/7/1985,122,0,0,182,1986,14,2616,5441.03,4848.98,6029.16,4065.44,125.634,2311.14,,0,0,0,19.727,121.3,103.545,93.545,3.152,6770.146,6773.298,113029.023,18.64,16.47,1.399,9,297,1424.2,433.827,337.853,973.275,779.335,170.196,949.531,0.622,6796.237,2.62,6798.858,113393.129,150,258.714,343.04,5.147,0.233,0.654,1.345,10991.354,350,0.741,1931.2,7.2,772.5,0,0,18.337,27.134,19.595,134,Mackay,Mackay,Pind,1964,LPOH_5_15,BareFallow,42,MW_Surf2,130_150,33,3,9,SWD_0_50_200_50_50,P2R,MW_01MayR6V1,MW_T3,1721.2,1270.275,771.68,941.876,6.034,0.887,9.8902993446301,0.132311635955014,16.8184738955823,0.83756,0.485609592059185,23.111,3_9
01/07/1987,1987,182,1986,01-May,3,sugar,alive,0,0,6,365,4.545,1980,1/7/1986,122,0,0,182,1987,14,2616,4895.2,4343.36,5461.6,3705.81,113.927,1983.92,,0,0,0,18.519,126,85.534,75.534,2.62,6796.237,6798.858,113393.129,18.05,16.03,1.409,9,297,756.7,32.933,42.454,709.974,717.599,194.121,911.721,0.096,6814.357,2.957,6817.315,113687.542,150,250.238,335.971,15.168,0.022,0.094,3.091,10652.55,350,0.756,2013.9,7.5,805.6,0,0,19.257,27.916,19.78,55,Mackay,Mackay,Pind,1964,LPOH_5_15,BareFallow,42,MW_Surf2,130_150,33,3,9,SWD_0_50_200_50_50,P2R,MW_01MayR6V1,MW_T3,1053.7,1006.974,75.387,269.508,15.284,0.116,11.313797575707,0.124958183479376,15.2512717536814,0.759513333333333,0.455274578601172,19.839,3_9
01/05/1988,1988,122,0,01-May,3,none,out,0,0,-1,0,6,1980,0.000,122,0,0,182,-1,14,2616,0,0,0,0,0,0,,0,0,0,0,0,134.126,124.126,2.957,6814.357,6817.315,113687.542,0,0,1.414,0,0,1395.2,485.357,650.854,616.944,0,247.276,247.276,0.939,6858.754,82.436,6941.191,113605.651,0,0,162.797,28.553,5.77,1.824,5.011,10122.149,350,0.008,11.8,0.1,4.7,0,0,19.192,27.93,20.534,293.4,Mackay,Mackay,Pind,1964,LPOH_5_15,BareFallow,42,MW_Surf2,130_150,33,3,9,SWD_0_50_200_50_50,P2R,MW_01MayR6V1,MW_T3,1395.2,616.944,1136.211,1383.487,36.147,7.594,0,0,0,,,0,3_9
01/09/1989,1989,244,1988,01-May,4,sugar,alive,0,0,0,488,4.653,1988,1/5/1988,122,0,0,182,1989,14,2616,8145.62,7354.08,8412.53,6484.24,200.649,3276.08,,0,0,0,17.183,178.7,145.838,145.838,82.436,6858.754,6941.191,113605.651,27.14,24.24,1.42,9,297,2773.5,459.127,1215.371,1417.163,1055.576,407.03,1462.606,23.187,6668.517,2.332,6670.85,112224.632,130,373.226,368.609,36.57,17.387,18.323,7.187,5415.944,350,0.936,3917.6,14.4,1567,0,0,17.466,25.948,18.072,197,Mackay,Mackay,Pind,1964,LPOH_5_15,BareFallow,42,MW_Surf2,130_150,33,3,9,SWD_0_50_200_50_50,P2R,MW_01MayR6V1,MW_T3,3070.5,1714.163,1674.498,2081.528,72.28,35.71,11.7053629088949,0.137185954385528,26.8606425702811,1.54345384615385,0.537607240653116,32.761,3_9
01/09/1990,1990,244,1989,01-May,4,sugar,alive,0,0,1,365,4.457,1988,1/9/1989,122,0,0,182,1990,14,2616,3388.2,3033.85,3893.95,2573.03,79.528,1512.57,,0,0,0,20.494,56.2,61.234,51.234,2.332,6668.517,6670.85,112224.632,9.15,7.85,1.381,7,231,1668.2,626.983,639.227,766.343,490.677,134.909,625.586,0.978,6816.697,3.892,6820.589,113664.659,150,147.746,252.185,1.871,1.597,0.701,0.644,10326.964,350.657,0.737,1910.1,7.7,764,0,0,18.207,27.233,19.945,130,Mackay,Mackay,Pind,1964,LPOH_5_15,BareFallow,42,MW_Surf2,130_150,33,3,9,SWD_0_50_200_50_50,P2R,MW_01MayR6V1,MW_T3,1899.2,997.343,1266.21,1401.119,4.169,2.298,7.97398688314853,0.127125607030848,11.6781204111601,0.530186666666667,0.538275147888945,15.126,3_9
01/08/1991,1991,213,1990,01-May,4,sugar,alive,0,0,2,334,4.428,1988,1/9/1990,122,0,0,182,1991,14,2616,4449.88,3743.95,4692.69,3253.19,97.315,1638.02,,0,0,0,17.804,99.9,54.638,44.638,3.892,6816.697,6820.589,113664.659,17.2,14.62,1.422,9,297,2931.2,463.049,1961.836,678.526,602.92,186.047,788.967,3.498,6809.31,1.192,6810.501,113806.149,150,236.976,290.342,9.759,0.132,3.145,1.984,7461.522,352.068,0.833,2556.3,9.4,1022.5,0,0,18.626,27.452,19.523,298.2,Mackay,Mackay,Pind,1964,LPOH_5_15,BareFallow,42,MW_Surf2,130_150,33,3,9,SWD_0_50_200_50_50,P2R,MW_01MayR6V1,MW_T3,3228.2,975.526,2424.885,2610.932,13.036,3.277,9.97564390902959,0.123344829378162,13.0274431057564,0.648766666666667,0.410653399500371,16.38,3_9
01/07/1992,1992,183,1991,01-May,4,sugar,alive,0,0,3,335,4.445,1988,1/8/1991,122,0,0,182,1992,14,2616,4804.41,4251,5291.1,3548.08,110.029,2021.76,,0,0,0,19.701,111,50.987,40.987,1.192,6809.31,6810.501,113806.149,17.75,15.73,1.417,9,297,800.1,53.763,143.2,642.624,667.178,209.885,877.063,0.161,6838.869,6.375,6845.244,114149.025,150,235.103,330.174,7.912,0.039,0.239,1.481,8882.853,353.503,0.695,1698,6.4,679.2,0,0,18.953,28.373,21.332,174,Mackay,Mackay,Pind,1964,LPOH_5_15,BareFallow,42,MW_Surf2,130_150,33,3,9,SWD_0_50_200_50_50,P2R,MW_01MayR6V1,MW_T3,1097.1,939.624,196.963,406.848,8.19,0.278,11.7098967246473,0.125451649425412,14.7294511378849,0.733526666666667,0.468003385750076,20.218,3_9
01/07/1993,1993,182,1992,01-May,4,sugar,alive,0,0,4,365,4.491,1988,1/7/1992,122,0,0,182,1993,14,2616,6010.2,5377.25,6578.8,4530.96,141.016,2609.8,,0,0,0,19.864,126,56.062,46.062,6.375,6838.869,6845.244,114149.025,19.7,17.38,1.425,9,297,1183.6,43.344,355.562,810.328,815.697,226.114,1041.811,2.411,6849.056,3.409,6852.465,114464.598,150,265.958,340.242,5.244,0.071,1.129,1.199,9684.115,355.095,0.742,1934.9,7.2,773.9,0,0,18.579,27.604,20.545,185,Mackay,Mackay,Pind,1964,LPOH_5_15,BareFallow,42,MW_Surf2,130_150,33,3,9,SWD_0_50_200_50_50,P2R,MW_01MayR6V1,MW_T3,1480.6,1107.328,398.906,625.02,6.444,1.2,12.7347994451508,0.135356604988813,18.8776439089692,0.940106666666667,0.530219057144361,26.098,3_9
01/07/1994,1994,182,1993,01-May,4,sugar,alive,0,0,5,365,4.515,1988,1/7/1993,122,0,0,182,1994,14,2616,5497.26,4928.92,6119.07,4240.89,131.752,2484.43,,0,0,0,20.294,118.1,77.946,67.946,3.409,6849.056,6852.465,114464.598,17.41,15.32,1.428,7,231,1131.5,247.221,169.223,882.352,782.373,156.307,938.681,0.366,6872.713,5.579,6878.292,114522.511,150,247.077,334.406,15.746,1.251,0.385,3.093,11418.731,356.716,0.756,2012.7,7.5,805.1,0,0,18.784,27.295,19.728,141,Mackay,Mackay,Pind,1964,LPOH_5_15,BareFallow,42,MW_Surf2,130_150,33,3,9,SWD_0_50_200_50_50,P2R,MW_01MayR6V1,MW_T3,1362.5,1113.352,416.444,572.751,17.382,1.636,11.8338135648025,0.140358652193876,19.3468428781204,0.878346666666667,0.533242673336652,24.844,3_9
01/07/1995,1995,182,1994,01-May,4,sugar,alive,0,0,6,365,4.511,1988,1/7/1994,122,0,0,182,1995,14,2616,5756.81,5092.52,6319.69,4403.34,135.935,2440.39,,0,0,0,19.182,123.8,71.321,61.321,5.579,6872.713,6878.292,114522.511,18.69,16.26,1.439,9,297,981.1,66.294,171.788,791.308,830.989,186.394,1017.382,0.51,6887.698,4.226,6891.924,114951.044,150,259.297,331.356,3.193,0.293,0.566,0.872,10240.791,358.365,0.779,2154.9,8,862,0,0,18.418,27.531,20.482,112.5,Mackay,Mackay,Pind,1964,LPOH_5_15,BareFallow,42,MW_Surf2,130_150,33,3,9,SWD_0_50_200_50_50,P2R,MW_01MayR6V1,MW_T3,1278.1,1088.308,238.082,424.476,4.052,0.859,12.4904898245717,0.133612546713034,18.1974564926372,0.906233333333333,0.524244399279591,24.404,3_9
03/05/1996,1996,124,0,01-May,4,none,out,0,0,-1,0,6,1988,0.000,124,2,0,184,-1,12,2616,0,0,0,0,0,0,,0,0,0,0,0,75.957,65.957,4.226,6887.698,6891.924,114951.044,0,0,1.444,0,0,1164.5,529.124,231.703,788.25,0,257.689,257.689,1.851,6975,66.357,7041.357,115284.429,0,0,136.984,16.068,1.869,1.051,2.163,10856.022,359.771,0.008,11.9,0.1,4.7,0,0,19.25,28.218,21.163,106,Mackay,Mackay,Pind,1964,LPOH_5_15,BareFallow,42,MW_Surf2,130_150,33,3,9,SWD_0_50_200_50_50,P2R,MW_01MayR6V1,MW_T3,1164.5,788.25,760.827,1018.516,18.988,2.92,0,0,0,,,0,3_9
03/09/1997,1997,246,1996,01-May,5,sugar,alive,0,0,0,488,4.642,1996,3/5/1996,124,2,0,184,1997,12,2616,7195.18,6505.62,7447.94,5739.6,177.793,3048.18,,0,0,0,18.188,198.8,221.941,221.941,66.357,6975,7041.357,115284.429,28.67,26.14,1.457,9,297,1650.3,221.212,488.609,1131.192,928.993,432.606,1361.599,6.639,6764.475,12.347,6776.822,113548.928,130,391.696,388.508,35.924,7.049,3.715,6.712,5675.04,362.048,0.864,2847,10.4,1138.8,0,0,16.695,26.453,19.349,203,Mackay,Mackay,Pind,1964,LPOH_5_15,BareFallow,42,MW_Surf2,130_150,33,3,9,SWD_0_50_200_50_50,P2R,MW_01MayR6V1,MW_T3,1947.3,1428.192,709.821,1142.427,46.688,10.764,12.4488164056373,0.130576623513971,23.80093708166,1.36763846153846,0.453905579837425,30.482,3_9
05/09/1998,1998,248,1997,01-May,5,sugar,alive,0,0,1,367,4.544,1996,3/9/1997,124,2,2,184,1998,10,2616,5202.09,4667.79,5698.31,4003.34,123.909,2481.05,,0,0,0,21.729,101.2,79.822,69.822,12.347,6764.475,6776.822,113548.928,15.32,13.36,1.413,9,297,1442.6,337.594,357.933,958.04,768.232,158.001,926.233,0.578,6838.257,2.327,6840.584,114134.383,150,218.694,309.909,12.518,7.441,0.416,2.691,10651.253,363.799,0.746,1957.7,7.4,783.1,0,0,18.853,27.865,19.581,157,Mackay,Mackay,Pind,1964,LPOH_5_15,BareFallow,42,MW_Surf2,130_150,33,3,9,SWD_0_50_200_50_50,P2R,MW_01MayR6V1,MW_T3,1739.6,1255.04,695.527,853.528,20.375,7.857,9.87291241713412,0.133777354078294,16.5875502008032,0.82606,0.566586188921507,24.811,3_9
05/08/1999,1999,217,1998,01-May,5,sugar,alive,0,0,2,334,4.461,1996,5/9/1998,124,2,2,186,1999,10,2618,4328.86,3896.77,4899.46,3223.75,100.285,1829.56,,0,0,0,19.54,87.9,179.663,169.663,2.327,6838.257,6840.584,114134.383,14.01,12.42,1.438,4,132,2055.6,893.125,656.082,1048.24,582.357,160.901,743.258,1.547,6851.536,3.34,6854.875,114323.711,150,197.075,292.116,37.388,6.988,1.67,6.844,9010.469,365.421,0.701,1723.4,6.4,689.4,0,0,19.179,27.392,18.312,166,Mackay,Mackay,Pind,1964,LPOH_5_15,BareFallow,42,MW_Surf2,130_150,33,3,9,SWD_0_50_200_50_50,P2R,MW_01MayR6V1,MW_T3,2187.6,1180.24,1549.207,1710.108,46.046,8.658,8.49700061004542,0.134926230191939,17.2310996563574,0.668566666666667,0.508867182544717,18.296,3_9
05/07/2000,2000,187,1999,01-May,5,sugar,alive,0,0,3,335,4.417,1996,5/8/1999,124,2,2,186,2000,10,2618,5393.91,4761.96,5914.24,3986.13,122.853,2028.62,,0,0,0,17.411,100.1,66.798,56.798,3.34,6851.536,6854.875,114323.711,17.13,14.82,1.443,9,297,2202.6,605.378,961.304,973.517,717.031,160.74,877.771,3.227,6869.937,2.958,6872.895,114595.225,150,234.704,292.935,4.769,0.244,2.819,0.957,8755.224,367.068,0.783,2183.8,8.1,873.5,0,0,18.739,27.056,18.664,187,Mackay,Mackay,Pind,1964,LPOH_5_15,BareFallow,42,MW_Surf2,130_150,33,3,9,SWD_0_50_200_50_50,P2R,MW_01MayR6V1,MW_T3,2499.6,1270.517,1566.682,1727.422,7.832,3.063,9.66952823142075,0.139960194629351,16.4461847389558,0.81902,0.523438032585725,20.286,3_9
05/07/2001,2001,186,2000,01-May,5,sugar,alive,0,0,4,365,4.49,1996,5/7/2000,124,2,2,186,2001,10,2618,5609.21,5009.72,6202.25,4207.92,130.374,2500.97,,0,0,0,20.695,121.6,103.946,93.946,2.958,6869.937,6872.895,114595.225,18.76,16.57,1.447,7,231,1676.7,412.257,518.428,989.227,800.37,176.893,977.264,0.683,6892.594,2.199,6894.793,114989.411,150,263.031,338.718,3.102,0.087,0.914,0.886,10747.579,368.893,0.733,1886.1,7,754.5,0,0,17.854,27.317,19.415,235,Mackay,Mackay,Pind,1964,LPOH_5_15,BareFallow,42,MW_Surf2,130_150,33,3,9,SWD_0_50_200_50_50,P2R,MW_01MayR6V1,MW_T3,1907.7,1220.227,930.685,1107.578,4.103,1.001,10.6844054425939,0.133407144845201,19.1444933920705,0.86916,0.495660207351985,25.01,3_9
05/07/2002,2002,186,2001,01-May,5,sugar,alive,0,0,5,365,4.531,1996,5/7/2001,124,2,2,186,2002,10,2618,5215.85,4600.53,5756.48,3990.22,122.407,2186.23,,0,0,0,19.068,125.6,89.697,79.697,2.199,6892.594,6894.793,114989.411,18.51,16.26,1.455,9,297,985,27.919,201.827,780.222,838.361,201.007,1039.368,0.537,6914.557,4.094,6918.651,115673.018,150,259.361,339.841,3.188,0.011,0.326,0.954,10543.028,370.747,0.796,2272.2,8.4,908.9,0,0,18.126,28.642,20.847,143,Mackay,Mackay,Pind,1964,LPOH_5_15,BareFallow,42,MW_Surf2,130_150,33,3,9,SWD_0_50_200_50_50,P2R,MW_01MayR6V1,MW_T3,1282,1077.222,229.746,430.753,3.525,0.337,11.3632101832306,0.117770606753335,16.3864792503347,0.816046666666667,0.471956076665343,21.862,3_9
05/07/2003,2003,186,2002,01-May,5,sugar,alive,0,0,6,365,4.482,1996,5/7/2002,124,2,2,186,2003,10,2618,3673.35,3207.1,4173.3,2759.29,83.706,1102.69,,0,0,0,13.303,101.9,84.584,74.584,4.094,6914.557,6918.651,115673.018,15.41,13.7,1.459,9,297,955.6,119.528,296.475,612.503,552.439,231.848,784.287,1.055,6974.521,3.464,6977.985,116213.504,150,209.003,291.093,6.661,0.066,0.933,1.634,9571.491,372.632,0.737,1906.1,7.1,762.5,0,0,17.847,27.889,20.503,113,Mackay,Mackay,Pind,1964,LPOH_5_15,BareFallow,42,MW_Surf2,130_150,33,3,9,SWD_0_50_200_50_50,P2R,MW_01MayR6V1,MW_T3,1252.6,909.503,416.003,647.851,7.66,0.999,9.20348805886292,0.10672878678341,11.2056224899598,0.55804,0.400501428209165,11.027,3_9
01/05/2004,2004,122,0,01-May,5,none,out,0,0,-1,0,6,1996,0.000,122,0,2,186,-1,10,2618,0,0,0,0,0,0,,0,0,0,0,0,118.894,108.894,3.464,6974.521,6977.985,116213.504,0,0,1.474,0,0,768,242.906,68.496,600.039,0,434.544,434.544,0.37,6906.34,166.461,7072.801,114478.235,0,0,248.301,48.274,4.001,1.061,8.487,10000.748,374.204,0.044,64.1,0.3,25.6,0,0,19.205,29.133,21.321,59,Mackay,Mackay,Pind,1964,LPOH_5_15,BareFallow,42,MW_Surf2,130_150,33,3,9,SWD_0_50_200_50_50,P2R,MW_01MayR6V1,MW_T3,768,600.039,311.402,745.946,53.336,5.062,0,0,0,,,0,3_9
01/09/2005,2005,244,2004,01-May,6,sugar,alive,2,0,0,488,4.673,2004,1/5/2004,122,0,0,182,2005,14,2616,6360.99,5777.9,6638.86,4940.53,153.448,2956.75,,0,0,0,20.801,201.8,140.948,140.948,166.461,6906.34,7072.801,114478.235,28.9,26.76,1.46,9,297,1441.4,27.349,523.556,930.036,877.438,403.068,1280.506,14.066,6729.529,50.123,6779.652,113064.287,130,390.928,349.038,62.69,1.199,3.783,11.841,4588.511,376.797,0.817,2428.7,8.9,971.5,0,0,16.864,27.082,19.028,202,Mackay,Mackay,Pind,1964,LPOH_5_15,BareFallow,42,MW_Surf2,130_150,33,3,9,SWD_0_50_200_50_50,P2R,MW_01MayR6V1,MW_T3,1738.4,1227.036,550.905,953.973,67.672,4.982,12.5055825582949,0.119833878170036,20.5419009370817,1.18036923076923,0.392522408218393,29.567,3_9
01/09/2006,2006,244,2005,01-May,6,sugar,alive,0,0,1,365,4.524,2004,1/9/2005,122,0,0,182,2006,14,2616,5696.59,5096.81,6159.75,4425.14,136.706,2624.31,,0,0,0,20.712,98.2,67.074,57.074,50.123,6729.529,6779.652,113064.287,15.45,13.26,1.421,9,297,1095.7,173.747,146.898,867.65,893.08,169.027,1062.107,0.445,6825.082,13.374,6838.457,114154.834,150,211.832,292.529,20.656,11.192,0.407,4.016,9883.027,378.777,0.807,2350.3,8.8,940.1,0,0,18.726,28.337,19.693,83,Mackay,Mackay,Pind,1964,LPOH_5_15,BareFallow,42,MW_Surf2,130_150,33,3,9,SWD_0_50_200_50_50,P2R,MW_01MayR6V1,MW_T3,1392.7,1164.65,320.645,489.672,32.255,11.599,11.7379470227107,0.128712078914836,18.3006693440428,0.911373333333333,0.645351032893991,26.243,3_9
01/08/2007,2007,213,2006,01-May,6,sugar,alive,0,0,2,334,4.43,2004,1/9/2006,122,0,0,182,2007,14,2616,4643.04,4173.98,5239.22,3528.82,109.432,1988.14,,0,0,0,19.446,83.7,59.024,49.024,13.374,6825.082,6838.457,114154.834,13.41,11.69,1.447,6,198,2034.3,610.715,753.035,1036.589,682.907,153.728,836.634,1.088,6875.79,4.498,6880.288,114785.118,150,201.009,285.385,12.682,9.408,0.915,2.672,9349.06,380.618,0.775,2130.4,7.9,852.2,0,0,18.118,27.313,19.704,257,Mackay,Mackay,Pind,1964,LPOH_5_15,BareFallow,42,MW_Surf2,130_150,33,3,9,SWD_0_50_200_50_50,P2R,MW_01MayR6V1,MW_T3,2232.3,1234.589,1363.75,1517.478,23.005,10.323,8.86384051696557,0.130800326068508,16.8876543209877,0.729546666666667,0.544413434224338,19.881,3_9
01/07/2008,2008,183,2007,01-May,6,sugar,alive,0,0,3,335,4.418,2004,1/8/2007,122,0,0,182,2008,14,2616,4620.95,4025.33,5098.98,3419.73,104.594,1689.22,,0,0,0,16.965,95.3,78.939,68.939,4.498,6875.79,6880.288,114785.118,15.72,13.54,1.458,9,297,2267.9,439.915,1286.765,755.068,665.296,173.917,839.213,4.554,6902.16,4.133,6906.293,115139.752,150,220.302,291.708,9.074,0.255,5.112,1.791,8926.403,382.486,0.753,1998,7.4,799.2,0,0,18.379,27.752,19.371,532,Mackay,Mackay,Pind,1964,LPOH_5_15,BareFallow,42,MW_Surf2,130_150,33,3,9,SWD_0_50_200_50_50,P2R,MW_01MayR6V1,MW_T3,2564.9,1052.068,1726.68,1900.597,14.441,5.367,9.94175281445686,0.124633436326654,14.0018741633199,0.697293333333333,0.474775535401404,16.892,3_9
01/07/2009,2009,182,2008,01-May,6,sugar,alive,0,0,4,365,4.486,2004,1/7/2008,122,0,0,182,2009,14,2616,5278.04,4604.82,5734.58,3984.23,121.617,1785.5,,0,0,0,15.158,124.9,59.946,49.946,4.133,6902.16,6906.293,115139.752,18.9,16.43,1.465,9,297,1875.6,377.166,773.271,917.197,815.789,185.887,1001.676,3.08,6905.563,4.282,6909.844,115323.879,150,263.359,339.492,9.763,0.121,2.688,2.131,10044.377,384.553,0.79,2230.4,8.2,892.2,0,0,17.996,27.705,18.873,145,Mackay,Mackay,Pind,1964,LPOH_5_15,BareFallow,42,MW_Surf2,130_150,33,3,9,SWD_0_50_200_50_50,P2R,MW_01MayR6V1,MW_T3,2172.6,1214.197,1150.437,1336.324,12.572,2.809,10.0162494224578,0.121413510955638,16.2807228915663,0.81078,0.46179169878379,17.855,3_9
01/07/2010,2010,182,2009,01-May,6,sugar,alive,0,0,5,365,4.499,2004,1/7/2009,122,0,0,182,2010,14,2616,4831.46,4229.41,5312.53,3651.95,112.44,1830.04,,0,0,0,17.119,113.6,62.433,52.433,4.282,6905.563,6909.844,115323.879,17.44,15.24,1.465,9,297,1857.2,438.35,799.894,817.019,707.997,194.12,902.117,4.375,6940.636,3.748,6944.384,115778.382,150,235.144,325.77,6.605,0.121,2.888,1.357,9836.41,386.651,0.726,1850,6.9,740,0,0,18.212,28.153,19.689,185,Mackay,Mackay,Pind,1964,LPOH_5_15,BareFallow,42,MW_Surf2,130_150,33,3,9,SWD_0_50_200_50_50,P2R,MW_01MayR6V1,MW_T3,2154.2,1114.019,1238.244,1432.364,9.614,3.009,10.0931851252088,0.124640151998022,15.0522088353414,0.7496,0.478175075698296,18.3,3_9
01/07/2011,2011,182,2010,01-May,6,sugar,alive,0,0,6,365,4.475,2004,1/7/2010,122,0,0,182,2011,14,2616,4586.02,4140.11,5176.71,3421.77,106.842,1951.17,,0,0,0,19.563,106.8,58.272,48.272,3.748,6940.636,6944.384,115778.382,16.47,14.84,1.473,3,99,3875.8,1155.23,2006.024,1138.113,578.544,208.651,787.195,7.942,6943.383,3.255,6946.638,115575.332,150,217.623,324.826,30.35,13.118,7.314,5.516,9544.855,388.78,0.649,1495.2,5.6,598.1,0,0,18.918,26.832,17.085,220,Mackay,Mackay,Pind,1964,LPOH_5_15,BareFallow,42,MW_Surf2,130_150,33,3,9,SWD_0_50_200_50_50,P2R,MW_01MayR6V1,MW_T3,3974.8,1237.113,3161.254,3369.905,50.782,20.432,8.63639780682929,0.135724947439961,19.4612021857924,0.71228,0.490949945548035,19.512,3_9
01/05/2012,2012,122,0,01-May,6,none,out,0,0,-1,0,6,2004,0.000,122,0,0,182,-1,14,2616,0,0,0,0,0,0,,0,0,0,0,0,78.623,68.623,3.255,6943.383,6946.638,115575.332,0,0,1.476,0,0,2161.5,662.954,1098.118,775.338,0,343.456,343.456,6.82,6972.801,73.783,7046.584,115380.323,0,0,161.545,36.171,8.67,5.662,5.324,9602.702,390.578,0.004,5.1,0,2.1,0,0,18.666,28.015,20.115,239,Mackay,Mackay,Pind,1964,LPOH_5_15,BareFallow,42,MW_Surf2,130_150,33,3,9,SWD_0_50_200_50_50,P2R,MW_01MayR6V1,MW_T3,2161.5,775.338,1761.072,2104.528,50.503,14.332,0,0,0,,,0,3_9
01/09/2013,2013,244,2012,01-May,7,sugar,alive,0,0,0,488,4.653,2012,1/5/2012,122,0,0,182,2013,14,2616,6091.96,5391.16,6210.78,4821.55,147.495,2306.94,,0,0,0,16.338,163.8,135.595,135.595,73.783,6972.801,7046.584,115380.323,24.77,22.2,1.476,9,297,2271.5,337.003,1064.085,1070.79,814.668,421.74,1236.409,13.558,6797.204,6.689,6803.893,114133.977,130,338.316,348.151,46.89,15.687,10.648,8.969,4732.094,393.501,0.87,2919.5,10.7,1167.8,0,0,16.991,26.478,18.616,189,Mackay,Mackay,Pind,1964,LPOH_5_15,BareFallow,42,MW_Surf2,130_150,33,3,9,SWD_0_50_200_50_50,P2R,MW_01MayR6V1,MW_T3,2568.5,1367.79,1401.088,1822.828,73.225,26.335,10.7834536003334,0.119293049468258,19.7449799196787,1.13457692307692,0.435968148121874,23.069,3_9
01/09/2014,2014,244,2013,01-May,7,sugar,alive,0,0,1,365,4.486,2012,1/9/2013,122,0,0,182,2014,14,2616,5438.73,4953.31,5973.75,4197.77,131.546,2553.94,,0,0,0,20.98,104.3,48.598,38.598,6.689,6797.204,6803.893,114133.977,16.18,14.4,1.442,9,297,1399,256.016,412.68,869.889,757.296,217.692,974.988,2.625,6858.425,3.744,6862.169,114666.125,150,224.244,312.019,4.258,3.796,1.218,1.021,9380.992,395.729,0.733,1885.9,7,754.4,0,0,18.454,27.892,19.741,162,Mackay,Mackay,Pind,1964,LPOH_5_15,BareFallow,42,MW_Surf2,130_150,33,3,9,SWD_0_50_200_50_50,P2R,MW_01MayR6V1,MW_T3,1696,1166.889,668.696,886.388,9.272,5.014,11.2732230743455,0.134920634920635,17.609906291834,0.876973333333333,0.586619931859938,25.539,3_9
01/08/2015,2015,213,2014,01-May,7,sugar,alive,0,0,2,334,4.463,2012,1/9/2014,122,0,0,182,2015,14,2616,4554.27,3983.24,5015.3,3383.82,103.391,1881.96,,0,0,0,19.489,94,82.914,72.914,3.744,6858.425,6862.169,114666.125,15.3,13.21,1.459,9,297,856.5,168.697,114.317,663.824,690.172,182.477,872.648,0.259,6896.276,2.652,6898.929,115423.13,150,221.414,301.523,6.297,0.506,0.294,1.432,8928.304,397.8,0.75,1982.3,7.4,792.9,0,0,18.976,28.657,20.245,127,Mackay,Mackay,Pind,1964,LPOH_5_15,BareFallow,42,MW_Surf2,130_150,33,3,9,SWD_0_50_200_50_50,P2R,MW_01MayR6V1,MW_T3,1153.5,960.824,283.014,465.491,7.097,0.8,10.7606596005096,0.118479616065126,13.8408299866131,0.689273333333333,0.46695782561175,18.82,3_9
01/07/2016,2016,183,2015,01-May,7,sugar,alive,0,0,3,335,4.484,2012,1/8/2015,122,0,0,182,2016,14,2616,5721.2,5033.75,6234.72,4276.95,131.86,2297.1,,0,0,0,18.528,119.3,62.752,52.752,2.652,6896.276,6898.929,115423.13,18.85,16.33,1.468,9,297,1633.5,197.023,585.852,967.441,857.334,193.847,1051.181,3.105,6899.939,2.007,6901.946,115412.836,150,258.435,331.003,8.518,0.186,1.823,1.775,9717.684,399.898,0.732,1881.7,7,752.7,0,0,19.681,28.829,19.834,143,Mackay,Mackay,Pind,1964,LPOH_5_15,BareFallow,42,MW_Surf2,130_150,33,3,9,SWD_0_50_200_50_50,P2R,MW_01MayR6V1,MW_T3,1930.5,1264.441,782.875,976.722,10.527,2.009,10.4283236623931,0.125439862402384,17.6519410977242,0.879066666666667,0.510225008222571,22.971,3_9
01/07/2017,2017,182,2016,01-May,7,sugar,alive,0,0,4,365,4.534,2012,1/7/2016,122,0,0,182,2017,14,2616,5062.78,4535.85,5670.42,3833.23,119.232,2193.9,,0,0,0,19.732,114.4,141.197,131.197,2.007,6899.939,6901.946,115412.836,17.12,15.19,1.467,7,231,2440.8,601.413,1184.098,1056.042,773.612,167.723,941.335,3.728,6916.329,5.875,6922.205,115402.995,150,237.609,343.64,21.785,2.323,2.911,4.308,10980.391,402.218,0.715,1793.3,6.7,717.3,0,0,18.71,27.886,17.426,276,Mackay,Mackay,Pind,1964,LPOH_5_15,BareFallow,42,MW_Surf2,130_150,33,3,9,SWD_0_50_200_50_50,P2R,MW_01MayR6V1,MW_T3,2671.8,1287.042,1785.511,1953.234,27.019,5.234,9.26403334156927,0.126662665257321,17.5083700440529,0.79488,0.501799174273702,21.939,3_9
01/07/2018,2018,182,2017,01-May,7,sugar,alive,0,0,5,365,4.503,2012,1/7/2017,122,0,0,182,2018,14,2616,4843.5,4191.03,5271.91,3642.7,111.107,1901.57,,0,0,0,18.151,117,72.15,62.15,5.875,6916.329,6922.205,115402.995,18.17,15.78,1.474,9,297,1178,306.111,241.304,822.783,731.644,181.69,913.335,0.822,6934.027,3.257,6937.285,115797.93,150,246.273,326.309,9.682,0.724,0.591,1.785,9637.597,404.569,0.775,2133.3,7.9,853.3,0,0,18.232,28.297,18.11,103,Mackay,Mackay,Pind,1964,LPOH_5_15,BareFallow,42,MW_Surf2,130_150,33,3,9,SWD_0_50_200_50_50,P2R,MW_01MayR6V1,MW_T3,1475,1119.783,547.415,729.105,10.997,1.315,9.9221902815099,0.121649778011354,14.8737617135208,0.740713333333333,0.45115380086327,19.016,3_9
01/07/2019,2019,182,2018,01-May,7,sugar,alive,0,0,6,365,4.517,2012,1/7/2018,122,0,0,182,2019,14,2616,5467.6,4836.36,5986.42,4070.06,125.208,2091.4,,0,0,0,17.645,126.3,68.401,58.401,3.257,6934.027,6937.285,115797.93,19.44,17.13,1.478,9,297,1616.7,375.996,554.135,938.416,777.663,182.17,959.833,3.019,6945.026,3.1,6948.127,115919.9,150,262.462,338.765,7.696,0.297,1.76,1.642,10096.6,406.953,0.74,1926,7.1,770.4,0,0,18.518,27.946,17.42,123,Mackay,Mackay,Pind,1964,LPOH_5_15,BareFallow,42,MW_Surf2,130_150,33,3,9,SWD_0_50_200_50_50,P2R,MW_01MayR6V1,MW_T3,1913.7,1235.416,930.131,1112.301,9.753,2.057,10.1348857388928,0.130447692463168,16.7614457831325,0.83472,0.4770519160869,20.914,3_9
01/05/2020,2020,122,0,01-May,7,none,out,0,0,-1,0,6,2012,0.000,122,0,0,182,-1,14,2616,0,0,0,0,0,0,,0,0,0,0,0,74.137,64.137,3.1,6945.026,6948.127,115919.9,0,0,1.48,0,0,1474.8,531.7,590.122,654.754,0,297.405,297.405,0.937,7010.97,81.943,7092.913,115914.819,0,0,161.553,18.584,4.374,2.191,2.408,10972.473,408.965,0.005,6.5,0,2.6,0,0,18.71,28.945,19.969,167,Mackay,Mackay,Pind,1964,LPOH_5_15,BareFallow,42,MW_Surf2,130_150,33,3,9,SWD_0_50_200_50_50,P2R,MW_01MayR6V1,MW_T3,1474.8,654.754,1121.822,1419.227,25.149,6.565,0,0,0,,,0,3_9
06/09/2021,2021,249,2020,01-May,8,sugar,alive,0,0,0,493,4.696,2020,1/5/2020,122,0,5,182,2021,9,2616,6280.25,5632.28,6482,4915.24,150.63,2410.28,,0,0,0,16.782,179.9,129.711,129.711,81.943,7010.97,7092.913,115914.819,27.55,25.17,1.491,9,297,1519.6,81.519,465.413,1050.204,859.758,400.767,1260.525,12.939,6803.948,24.242,6828.191,114177.847,130,376.891,381.643,49.816,2.546,6.948,9.278,5500.881,412.265,0.859,2800.8,10.3,1120.3,0,0,17.383,26.866,16.077,146,Mackay,Mackay,Pind,1964,LPOH_5_15,BareFallow,42,MW_Surf2,130_150,33,3,9,SWD_0_50_200_50_50,P2R,MW_01MayR6V1,MW_T3,1816.6,1347.204,546.932,947.699,59.31,9.494,11.180934735942,0.119497828285833,20.1646586345382,1.15869230769231,0.399664624520087,24.103,3_9
06/09/2022,2022,249,2021,01-May,8,sugar,alive,0,0,1,365,4.527,2020,6/9/2021,122,0,5,187,2022,9,2621,5596.58,5058.93,6097.1,4319.52,134.467,2476.54,,0,0,0,19.754,114.5,120.854,110.854,24.242,6803.948,6828.191,114177.847,17.43,15.46,1.448,7,231,1303.6,300.912,267.598,944.905,806.354,190.398,996.752,0.976,6860.238,5.275,6865.513,114790.748,150,238.453,336.303,18.97,12.935,0.503,3.906,9989.304,414.753,0.765,2068.8,7.7,827.5,0,0,18.546,27.892,17.534,124,Mackay,Mackay,Pind,1964,LPOH_5_15,BareFallow,42,MW_Surf2,130_150,33,3,9,SWD_0_50_200_50_50,P2R,MW_01MayR6V1,MW_T3,1534.6,1175.905,568.51,758.908,32.408,13.438,11.4351924687794,0.134905171998652,19.7455212922173,0.896446666666667,0.563914062729343,24.765,3_9
