today,year,day,SowYear,SowDate,cropCycle,currentCrop,sugarStatus,sugarWasSavedBySW,sugarWasSavedByIrrig,ratoon_no,sugarDAS,sugarStage,sugarPlantYear,sugarPlantDate,sugarPlantingDAY,sugarPlantDelay,sugarHarvDelay,sugarLastHarvDAY,sugarHarvYear,realDelayForKill,totCycle,biomass,green_biomass,greenwt,cane_wt,canefw,sucrose_wt,residue_wt,burntDM,burntOrgC,burntOrgN,ccs,totalNGCane,totalInitTAW,totalInitPAW,totalInitInorgN,totalInitOrgN,totalInitSoilN,totalInitSoilC,biomass_n,green_biomass_n,meanInitOC2,irrigNum,totalIrrig,totalRain,totalDrain,totalRunoff,totalEffRain,totalTransp,totalEvap,totalEvapTr,totalSediment,totalSoilOrgN,totalSoilInorgN,totalSoilN,totalSoilC,totalFert,totalNUptake,totalNit,totalDeNit,totalNO3Leach,totalNO3Runoff,totalSoilN2O,totalSoilCO2,CO2,surfaceom_cover,surfaceom_wt,surfaceom_n,surfaceom_c,surfaceom_no3,surfaceom_nh4,meanTMin,meanTMax,meanRadn,maxRain,Region,WStation,Soil,StartYear,IrrigSys,Fallow,DryOff,Fert,FertAmt,IrrigAmt,IrrigAlloc,MaxIrrigNum,IrrigFreq,NRunOffModel,Planting,Tillage,totalWater,totalWaterEff,totalWaterLoss,totalWaterLossWithEvap,totalNLoss,totalNPol,GPWUI,CWUE,GPWUI_450,NUE,NUPE,sucroseTH,IrrigAllocOrig
01/05/1957,1957,121,0,01-May,0,none,out,0,0,-1,0,6,-1,0.000,121,0,0,181,-1,14,2616,0,0,0,0,0,0,,0,0,0,0,0,0,0,0,0,0,0,0,0,1.327,0,0,514,0,289.107,224.893,0,196.389,196.389,13.134,6529.918,127.862,6657.781,109174.966,0,0,102.679,2.432,0,7.48,0.594,1124.277,350,0,0.2,0,0.1,0,0,20.618,29.282,19.375,84.8,Mackay,Mackay,Pind,1957,LPOH_5_15,BareFallow,42,MW_Surf2,130_150,50,3,6,SWD_0_50_200_50_50,P2R,MW_01MayR6V1,MW_T3,514,224.893,289.107,485.496,9.912,7.48,0,0,0,,,0,3_6
01/09/1958,1958,244,1957,01-May,1,sugar,alive,0,0,0,488,4.641,1957,1/5/1957,121,0,0,181,1958,14,2616,5107.08,4536.12,5255.07,4023.83,122.728,1754.95,,0,0,0,14.688,122.5,58.303,58.303,127.862,6529.918,6657.781,109174.966,20.74,18.65,1.304,6,300,3207.2,316.61,1920.86,1135.135,778.116,464.264,1242.379,12.944,6457.601,7.364,6464.964,108944.307,130,280.31,254.43,46.03,22.605,8.534,8.706,3341.78,350,0.852,2733.5,10,1093.4,0,0,16.357,26.794,18.722,376.2,Mackay,Mackay,Pind,1957,LPOH_5_15,BareFallow,42,MW_Surf2,130_150,50,3,6,SWD_0_50_200_50_50,P2R,MW_01MayR6V1,MW_T3,3507.2,1435.135,2237.47,2701.734,77.169,31.139,8.55166935514777,0.0987846703783628,16.3637333333333,0.944061538461538,0.437829545859941,17.55,3_6
01/09/1959,1959,244,1958,01-May,1,sugar,alive,0,0,1,365,4.46,1957,1/9/1958,121,0,0,181,1959,14,2616,4306.28,3828.93,4664.87,3266.72,100.251,1856.02,,0,0,0,19.872,72.2,67.655,57.655,7.364,6457.601,6464.964,108944.307,11.91,10.16,1.283,6,300,1655.8,594.18,486.599,911.611,660.321,210.062,870.383,2.351,6561.085,3.273,6564.358,109906.758,150,176.517,245.191,4.399,5.55,0.942,0.961,7804.609,350,0.797,2274.8,8.5,909.9,0,0,16.897,27.133,19.482,175.5,Mackay,Mackay,Pind,1957,LPOH_5_15,BareFallow,42,MW_Surf2,130_150,50,3,6,SWD_0_50_200_50_50,P2R,MW_01MayR6V1,MW_T3,1955.8,1211.611,1080.779,1290.841,10.891,6.492,8.27419031355774,0.115180328659912,13.3668,0.66834,0.567939631876816,18.56,3_6
01/08/1960,1960,214,1959,01-May,1,sugar,alive,0,0,2,335,4.374,1957,1/9/1959,121,0,0,181,1960,14,2616,4396.6,3945.01,4888.1,3234.52,100.228,1791.62,,0,0,0,19.087,81,54.294,44.294,3.273,6561.085,6564.358,109906.758,13.82,12.16,1.309,4,200,2220.2,553.098,1032.42,905.838,630.773,177.522,808.295,1.57,6601.431,2.948,6604.38,110294.212,150,197.389,273.571,7.197,0.486,1.38,1.582,7867.018,350,0.744,1946.2,7.3,778.5,0,0,17.507,27.169,19.558,235.7,Mackay,Mackay,Pind,1957,LPOH_5_15,BareFallow,42,MW_Surf2,130_150,50,3,6,SWD_0_50_200_50_50,P2R,MW_01MayR6V1,MW_T3,2420.2,1105.838,1585.518,1763.04,9.063,1.866,9.0635337183204,0.123999282440198,15.4196923076923,0.668186666666667,0.507768923293598,17.916,3_6
01/07/1961,1961,182,1960,01-May,1,sugar,alive,0,0,3,334,4.384,1957,1/8/1960,121,0,0,181,1961,14,2616,4792.37,4158.91,5204.75,3511.48,107.254,1911.35,,0,0,0,19.02,88.5,68.682,58.682,2.948,6601.431,6604.38,110294.212,15.46,13.14,1.319,6,300,984.9,180.928,222.842,701.533,704.831,168.979,873.81,0.664,6639.819,3.477,6643.296,111063.023,150,217.18,283.657,4.924,0.162,0.464,1.197,8281.884,350,0.782,2175.4,8.1,870.2,0,0,17.037,27.256,20.436,136.7,Mackay,Mackay,Pind,1957,LPOH_5_15,BareFallow,42,MW_Surf2,130_150,50,3,6,SWD_0_50_200_50_50,P2R,MW_01MayR6V1,MW_T3,1284.9,1001.533,403.77,572.749,5.55,0.626,10.7089831288635,0.122742930385324,14.3005333333333,0.715026666666667,0.493848420664886,19.113,3_6
01/07/1962,1962,182,1961,01-May,1,sugar,alive,0,0,4,365,4.452,1957,1/7/1961,121,0,0,181,1962,14,2616,4345.56,3730.37,4719.77,3270.54,99.199,1605.79,,0,0,0,17.011,96.2,58.003,48.003,3.477,6639.819,6643.296,111063.023,15.35,13.09,1.329,6,300,1314,398.247,355.633,821.81,656.828,183.011,839.839,0.963,6694.75,1.667,6696.416,111620.952,150,217.56,290.668,5.369,0.442,0.916,1.046,9516.96,350,0.777,2142.4,8,857,0,0,17.321,27.276,19.653,153.2,Mackay,Mackay,Pind,1957,LPOH_5_15,BareFallow,42,MW_Surf2,130_150,50,3,6,SWD_0_50_200_50_50,P2R,MW_01MayR6V1,MW_T3,1614,1121.81,753.88,936.891,6.727,1.358,8.8427630347385,0.118116686650656,13.2265333333333,0.661326666666667,0.455961573818717,16.058,3_6
01/07/1963,1963,182,1962,01-May,1,sugar,alive,0,0,5,365,4.484,1957,1/7/1962,121,0,0,181,1963,14,2616,5020.13,4347.21,5407.21,3756.92,114.199,1698.89,,0,0,0,15.398,123.5,60.284,50.284,1.667,6694.75,6696.416,111620.952,19.19,16.73,1.344,6,300,2702.1,494.353,1492.422,945.994,792.936,196.038,988.974,7.467,6693.451,2.789,6696.24,111738.293,150,262.501,326.167,4.264,0.299,4.395,0.996,9303.034,350,0.802,2313.8,8.6,925.5,0,0,17.871,27.641,18.893,406.4,Mackay,Mackay,Pind,1957,LPOH_5_15,BareFallow,42,MW_Surf2,130_150,50,3,6,SWD_0_50_200_50_50,P2R,MW_01MayR6V1,MW_T3,3002.1,1245.994,1986.775,2182.813,8.958,4.694,9.16529293078458,0.115472196437925,15.2265333333333,0.761326666666667,0.435042152220373,16.989,3_6
01/07/1964,1964,183,1963,01-May,1,sugar,alive,0,0,6,366,4.468,1957,1/7/1963,121,0,0,181,1964,14,2616,5431.02,4826.06,5966.18,4104.75,127,2119.34,,0,0,0,17.626,123.7,68.636,58.636,2.789,6693.451,6696.24,111738.293,18.8,16.59,1.345,6,300,1026,161.915,139.159,842.864,806.86,185.473,992.333,0.448,6702.976,5.749,6708.725,111772.98,150,253.836,333.019,17.245,0.866,0.658,3.429,10322.053,350,0.734,1893.4,7.1,757.4,0,0,17.496,27.22,19.699,68.1,Mackay,Mackay,Pind,1957,LPOH_5_15,BareFallow,42,MW_Surf2,130_150,50,3,6,SWD_0_50_200_50_50,P2R,MW_01MayR6V1,MW_T3,1326,1142.864,301.074,486.547,18.769,1.524,11.1124333254,0.127981232106561,16.9333333333333,0.846666666666667,0.500323043224759,21.193,3_6
01/05/1965,1965,121,0,01-May,1,none,out,0,0,-1,0,6,1957,0.000,121,0,0,181,-1,14,2616,0,0,0,0,0,0,,0,0,0,0,0,83.23,73.23,5.749,6702.976,6708.725,111772.98,0,0,1.352,0,0,1011.1,470.924,142.497,732.935,0,270.372,270.372,1.996,6784.362,64.763,6849.126,112216.012,0,0,131.823,18.915,2.411,1.056,2.964,10185.283,350,0.006,9.1,0,3.7,0,0,18.378,28.021,20.376,77.2,Mackay,Mackay,Pind,1957,LPOH_5_15,BareFallow,42,MW_Surf2,130_150,50,3,6,SWD_0_50_200_50_50,P2R,MW_01MayR6V1,MW_T3,1011.1,732.935,613.421,883.793,22.382,3.467,0,0,0,,,0,3_6
01/09/1966,1966,244,1965,01-May,2,sugar,alive,2,0,0,488,4.614,1965,1/5/1965,121,0,0,181,1966,14,2616,5368.89,4755.15,5478.77,4227.15,129.625,2433.65,,0,0,0,20.193,176.7,210.537,210.537,64.763,6784.362,6849.126,112216.012,25.93,23.68,1.365,6,300,1171.1,118.586,348.342,793.621,744.049,422.29,1166.338,12.67,6579.165,33.129,6612.294,110472.671,130,346.317,374.066,44.622,2.676,5.295,8.438,4589.104,350,0.853,2738.4,10,1095.4,0,0,16.126,26.26,18.784,80,Mackay,Mackay,Pind,1957,LPOH_5_15,BareFallow,42,MW_Surf2,130_150,50,3,6,SWD_0_50_200_50_50,P2R,MW_01MayR6V1,MW_T3,1471.1,1093.621,466.928,889.218,52.593,7.971,11.8528265276545,0.111138452146805,17.2833333333333,0.997115384615385,0.374295804133207,24.337,3_6
01/09/1967,1967,244,1966,01-May,2,sugar,alive,0,0,1,365,4.479,1965,1/9/1966,121,0,0,181,1967,14,2616,5534.14,4901.74,5889.54,4268.17,131.099,2269.47,,0,0,0,18.393,102.4,65.72,55.72,33.129,6579.165,6612.294,110472.671,16.48,14.16,1.325,6,300,1191.4,190.847,259.332,900.349,827.523,198.81,1026.333,1.236,6649.022,10.986,6660.007,111268.918,150,224.995,292.681,10.775,10.121,0.483,2.144,8830.923,350,0.831,2542.3,9.4,1016.9,0,0,17.527,27.224,19.865,100.3,Mackay,Mackay,Pind,1957,LPOH_5_15,BareFallow,42,MW_Surf2,130_150,50,3,6,SWD_0_50_200_50_50,P2R,MW_01MayR6V1,MW_T3,1491.4,1200.349,450.179,648.989,21.379,10.604,10.9217402605409,0.127735345156007,17.4798666666667,0.873993333333333,0.582675170559346,22.695,3_6
01/08/1968,1968,214,1967,01-May,2,sugar,alive,0,0,2,335,4.376,1965,1/9/1967,121,0,0,181,1968,14,2616,3939.18,3543.47,4488.75,2882.32,89.507,1650.79,,0,0,0,19.785,78.8,62.609,52.609,10.986,6649.022,6660.007,111268.918,13.16,11.71,1.347,5,250,2210.6,687.505,1006.577,885.611,573.936,167.98,741.917,1.752,6709.987,3.092,6713.079,111772.305,150,189.63,279.077,13.489,7.553,1.317,2.672,8908.314,350,0.708,1759.2,6.7,703.7,0,0,17.482,27.186,19.944,213.1,Mackay,Mackay,Pind,1957,LPOH_5_15,BareFallow,42,MW_Surf2,130_150,50,3,6,SWD_0_50_200_50_50,P2R,MW_01MayR6V1,MW_T3,2460.6,1135.611,1694.082,1862.062,22.359,8.87,7.88183629781677,0.120642875146411,12.7867142857143,0.596713333333333,0.472008648420609,16.508,3_6
01/07/1969,1969,182,1968,01-May,2,sugar,alive,0,0,3,334,4.444,1965,1/8/1968,121,0,0,181,1969,14,2616,4990.83,4417.69,5501.59,3641.09,111.974,1755.37,,0,0,0,16.382,112.8,72.21,62.21,3.092,6709.987,6713.079,111772.305,18.06,15.96,1.365,6,300,961.4,135.077,118.702,806.951,753.614,196.192,949.807,0.374,6710.388,2.435,6712.822,111802.712,150,247.908,308.06,11.313,0.126,0.34,2.302,8707.518,350,0.738,1915.2,7.1,766.1,0,0,18.432,28.034,20.372,55.6,Mackay,Mackay,Pind,1957,LPOH_5_15,BareFallow,42,MW_Surf2,130_150,50,3,6,SWD_0_50_200_50_50,P2R,MW_01MayR6V1,MW_T3,1261.4,1106.951,253.779,449.971,11.779,0.466,10.1155335692366,0.117891318973223,14.9298666666667,0.746493333333333,0.451675621601562,17.554,3_6
01/07/1970,1970,182,1969,01-May,2,sugar,alive,0,0,4,365,4.493,1965,1/7/1969,121,0,0,181,1970,14,2616,4891.28,4224.65,5286.08,3746.83,114.248,1946.8,,0,0,0,18.059,111.2,112.025,102.025,2.435,6710.388,6712.822,111802.712,17.22,14.77,1.367,6,300,1657.1,263.279,760.422,783.173,785.215,185.211,970.426,2.53,6746.105,1.33,6747.435,112620.928,150,237.902,316.77,8.022,0.282,1.99,1.802,9725.308,350,0.798,2284.9,8.5,914,0,0,17.69,27.53,20.173,411.7,Mackay,Mackay,Pind,1957,LPOH_5_15,BareFallow,42,MW_Surf2,130_150,50,3,6,SWD_0_50_200_50_50,P2R,MW_01MayR6V1,MW_T3,1957.1,1083.173,1023.701,1208.912,10.294,2.272,10.5475302652485,0.117729739310365,15.2330666666667,0.761653333333333,0.480231355768342,19.468,3_6
01/07/1971,1971,182,1970,01-May,2,sugar,alive,0,0,5,365,4.45,1965,1/7/1970,121,0,0,181,1971,14,2616,5252.41,4588.57,5704.82,3934.58,120.475,1898.23,,0,0,0,16.48,122.2,56.999,46.999,1.33,6746.105,6747.435,112620.928,19.09,16.66,1.378,6,300,1633.5,353.931,528.7,950.268,817.036,194.165,1011.201,2.551,6752.344,2.064,6754.408,112641.365,150,259.431,334.639,8.328,0.252,1.816,1.757,9791.825,350,0.803,2317.8,8.6,927.1,0,0,17.125,27.326,19.196,129.3,Mackay,Mackay,Pind,1957,LPOH_5_15,BareFallow,42,MW_Surf2,130_150,50,3,6,SWD_0_50_200_50_50,P2R,MW_01MayR6V1,MW_T3,1933.5,1250.268,882.631,1076.796,10.396,2.068,9.63593405573845,0.119140507179087,16.0633333333333,0.803166666666667,0.464381666030659,18.982,3_6
01/07/1972,1972,183,1971,01-May,2,sugar,alive,0,0,6,366,4.494,1965,1/7/1971,121,0,0,181,1972,14,2616,5405.01,4811.32,5960.5,4062.02,125.33,2171.37,,0,0,0,18.41,121.1,78.667,68.667,2.064,6752.344,6754.408,112641.365,18.44,16.27,1.381,6,300,2077.4,526.991,797.994,1046.219,865.261,182.573,1047.833,2.658,6765.673,3.224,6768.897,112965.011,150,253.611,346.008,16.9,0.578,2.488,3.332,10502.194,350,0.761,2045.4,7.6,818.2,0,0,17.741,27.479,19.215,183.4,Mackay,Mackay,Pind,1957,LPOH_5_15,BareFallow,42,MW_Surf2,130_150,50,3,6,SWD_0_50_200_50_50,P2R,MW_01MayR6V1,MW_T3,2377.4,1346.219,1324.985,1507.558,19.966,3.066,9.30977797817443,0.119608754448466,16.7106666666667,0.835533333333333,0.494182034690924,21.714,3_6
01/05/1973,1973,121,0,01-May,2,none,out,0,0,-1,0,6,1965,0.000,121,0,0,181,-1,14,2616,0,0,0,0,0,0,,0,0,0,0,0,65.25,55.25,3.224,6765.673,6768.897,112965.011,0,0,1.387,0,0,1038,447.624,238.765,555.076,0,232.079,232.079,0.152,6907.763,19.393,6927.157,114838.802,0,0,87.361,5.604,0.404,0.278,0.558,8917.563,350,0.008,11.2,0.1,4.5,0,0,18.299,28.252,21.048,148.3,Mackay,Mackay,Pind,1957,LPOH_5_15,BareFallow,42,MW_Surf2,130_150,50,3,6,SWD_0_50_200_50_50,P2R,MW_01MayR6V1,MW_T3,1038,555.076,686.389,918.468,6.286,0.682,0,0,0,,,0,3_6
03/09/1974,1974,246,1973,01-May,3,sugar,alive,0,0,0,490,4.669,1973,1/5/1973,121,0,2,181,1974,12,2616,6877.81,6082.79,6971.15,5547.82,169.194,2539.92,,0,0,0,15.565,189.2,184.782,184.782,19.393,6907.763,6927.157,114838.802,28.11,25.2,1.407,6,300,3287.8,568.148,1792.228,1192.27,943.534,354.709,1298.244,26.986,6685.576,1.385,6686.961,112245.494,130,387.48,396.01,19.408,0.951,4.907,3.905,6358.852,350,0.962,4689,17.2,1875.6,0,0,17.273,26.425,17.453,199.6,Mackay,Mackay,Pind,1957,LPOH_5_15,BareFallow,42,MW_Surf2,130_150,50,3,6,SWD_0_50_200_50_50,P2R,MW_01MayR6V1,MW_T3,3587.8,1492.27,2360.376,2715.085,25.266,5.858,11.3380286409296,0.13032527013412,22.5592,1.30149230769231,0.436652214307835,25.399,3_6
03/09/1975,1975,246,1974,01-May,3,sugar,alive,0,0,1,365,4.491,1973,3/9/1974,121,0,2,183,1975,12,2618,4998.49,4509.88,5502.53,3802.48,118.029,2249.25,,0,0,0,20.54,105.3,95.962,85.962,1.385,6685.576,6686.961,112245.494,16.05,14.26,1.364,5,250,1730,507.186,576.518,948.986,744.044,164.017,908.061,0.652,6758.25,4.329,6762.579,112687.131,150,224.788,315.668,8.565,0.301,0.678,1.954,10734.052,350,0.723,1834.7,7,733.9,0,0,17.873,27.222,19.543,139.4,Mackay,Mackay,Pind,1957,LPOH_5_15,BareFallow,42,MW_Surf2,130_150,50,3,6,SWD_0_50_200_50_50,P2R,MW_01MayR6V1,MW_T3,1980,1198.986,1083.704,1247.721,9.544,0.979,9.84406823766082,0.129979153382867,16.8612857142857,0.78686,0.525068064131537,22.492,3_6
03/08/1976,1976,216,1975,01-May,3,sugar,alive,0,0,2,335,4.431,1973,3/9/1975,121,0,2,183,1976,12,2618,4663.82,4211.36,5249.52,3458.96,107.709,1857.14,,0,0,0,18.308,102.6,69.197,59.197,4.329,6758.25,6762.579,112687.131,16.31,14.65,1.391,3,150,2274.8,710.795,861.647,1066.072,649.548,171.929,821.477,2.074,6764.822,3.305,6768.127,112798.872,150,224.988,313.175,22.799,4.074,2.768,4.324,9031.848,350,0.721,1823.4,6.8,729.4,0,0,18.468,27.091,18.043,161.4,Mackay,Mackay,Pind,1957,LPOH_5_15,BareFallow,42,MW_Surf2,130_150,50,3,6,SWD_0_50_200_50_50,P2R,MW_01MayR6V1,MW_T3,2424.8,1216.072,1572.442,1744.371,29.641,6.842,8.8571235913663,0.131116269840787,17.9515,0.71806,0.478732199050616,18.571,3_6
03/07/1977,1977,184,1976,01-May,3,sugar,alive,0,0,3,334,4.44,1973,3/8/1976,121,0,2,183,1977,12,2618,5063.02,4419.11,5541.71,3739.22,114.339,1779.41,,0,0,0,16.242,106.7,91.079,81.079,3.305,6764.822,6768.127,112798.872,17.36,15,1.396,6,300,1959.8,561.087,779.669,951.475,760.568,171.971,932.539,2.881,6772.263,4.293,6776.555,113005.115,150,239.324,321.49,17.79,1.881,2.735,3.236,9319.638,350,0.807,2348.5,8.7,939.4,0,0,18.392,27.812,19.513,166.6,Mackay,Mackay,Pind,1957,LPOH_5_15,BareFallow,42,MW_Surf2,130_150,50,3,6,SWD_0_50_200_50_50,P2R,MW_01MayR6V1,MW_T3,2259.8,1251.475,1340.756,1512.727,22.406,4.616,9.13633911983859,0.122610421655287,15.2452,0.76226,0.477758185555983,17.794,3_6
03/07/1978,1978,184,1977,01-May,3,sugar,alive,0,0,4,365,4.476,1973,3/7/1977,121,0,2,183,1978,12,2618,4526.55,3971.33,5014.71,3402.44,104.277,1802.53,,0,0,0,18.362,104.3,59.584,49.584,4.293,6772.263,6776.555,113005.115,16.2,14.16,1.4,6,300,1314.6,181.871,546.688,730.268,671.576,190.316,861.892,1.69,6827.403,3.382,6830.785,113885.66,150,223.957,305.5,2.569,0.159,1.518,0.751,9647.135,350,0.747,1963,7.4,785.2,0,0,17.591,27.306,20.244,300,Mackay,Mackay,Pind,1957,LPOH_5_15,BareFallow,42,MW_Surf2,130_150,50,3,6,SWD_0_50_200_50_50,P2R,MW_01MayR6V1,MW_T3,1614.6,1030.268,728.559,918.875,4.246,1.677,10.1213470669767,0.120986156038112,13.9036,0.69518,0.465611702246413,18.025,3_6
03/07/1979,1979,184,1978,01-May,3,sugar,alive,0,0,5,365,4.478,1973,3/7/1978,121,0,2,183,1979,12,2618,5562.46,4962.93,6113.07,4172.89,129.016,2062.66,,0,0,0,16.765,129.1,65.733,55.733,3.382,6827.403,6830.785,113885.66,19.53,17.33,1.414,5,250,2906,464.244,1653.079,1016.44,780.385,186.049,966.434,7.066,6812.759,2.369,6815.128,113645.414,150,264.627,337.99,18.911,0.55,5.106,3.711,9957.417,350,0.759,2030,7.5,812,0,0,18.015,26.651,18.211,509.4,Mackay,Mackay,Pind,1957,LPOH_5_15,BareFallow,42,MW_Surf2,130_150,50,3,6,SWD_0_50_200_50_50,P2R,MW_01MayR6V1,MW_T3,3156,1266.44,2117.323,2303.372,24.567,5.656,10.1872966741417,0.133496958923217,18.4308571428571,0.860106666666667,0.487539064418975,20.627,3_6
03/07/1980,1980,185,1979,01-May,3,sugar,alive,0,0,6,366,4.518,1973,3/7/1979,121,0,2,183,1980,12,2618,5667.16,5059.23,6262.54,4302.9,132.941,2264.88,,0,0,0,18.055,122.2,122.975,112.975,2.369,6812.759,6815.128,113645.414,18.37,16.14,1.412,6,300,1248.6,167.148,404.215,812.074,832.093,171.025,1003.118,1.061,6837.607,4.234,6841.841,114015.363,150,256.96,330.381,2.048,0.109,0.94,0.728,10835.724,350,0.783,2183.7,8.1,873.5,0,0,18.403,27.636,19.974,215.6,Mackay,Mackay,Pind,1957,LPOH_5_15,BareFallow,42,MW_Surf2,130_150,50,3,6,SWD_0_50_200_50_50,P2R,MW_01MayR6V1,MW_T3,1548.6,1112.074,571.363,742.388,3.097,1.049,11.954330377295,0.132527778386989,17.7254666666667,0.886273333333333,0.517360678704857,22.649,3_6
01/05/1981,1981,121,0,01-May,3,none,out,0,0,-1,0,6,1973,0.000,121,0,2,183,-1,12,2618,0,0,0,0,0,0,,0,0,0,0,0,79.093,69.093,4.234,6837.607,6841.841,114015.363,0,0,1.422,0,0,1435.4,713.77,401.445,747.496,0,254.69,254.69,0.491,6933.593,51.757,6985.35,114614.858,0,0,124.488,18.124,2.466,1.179,2.768,10550.233,350,0.006,9,0,3.6,0,0,19.146,27.914,20.243,100.4,Mackay,Mackay,Pind,1957,LPOH_5_15,BareFallow,42,MW_Surf2,130_150,50,3,6,SWD_0_50_200_50_50,P2R,MW_01MayR6V1,MW_T3,1435.4,747.496,1115.215,1369.905,21.769,3.645,0,0,0,,,0,3_6
01/09/1982,1982,244,1981,01-May,4,sugar,alive,0,0,0,488,4.642,1981,1/5/1981,121,0,0,181,1982,14,2616,4921.46,4269.14,4943.21,3984.82,119.48,1875.86,,0,0,0,16.411,169.5,144.589,144.589,51.757,6933.593,6985.35,114614.858,24.99,22.6,1.435,6,300,1464.7,223.265,518.066,868.656,686.782,410.846,1097.628,12.187,6752.715,7.742,6760.457,113018.211,130,345.121,351.197,29.017,5.798,10.959,5.287,4802.612,350,0.94,4023.6,14.7,1609.4,0,0,16.85,26.342,18.91,222,Mackay,Mackay,Pind,1957,LPOH_5_15,BareFallow,42,MW_Surf2,130_150,50,3,6,SWD_0_50_200_50_50,P2R,MW_01MayR6V1,MW_T3,1764.7,1168.656,741.331,1152.177,45.774,16.757,10.2237099711121,0.10885290827129,15.9306666666667,0.919076923076923,0.346197420614799,18.759,3_6
01/09/1983,1983,244,1982,01-May,4,sugar,alive,0,0,1,365,4.467,1981,1/9/1982,121,0,0,181,1983,14,2616,5419.7,4754.92,5714.37,4095.77,125.413,2057.16,,0,0,0,17.276,112.8,52.331,42.331,7.742,6752.715,6760.457,113018.211,18.48,16.05,1.402,6,300,1433.4,331.891,423.496,929.45,754.142,198.188,952.33,2.438,6791.563,1.844,6793.407,113459.871,150,243.765,313.343,10.807,4.215,1.104,2.092,8514.534,350,0.823,2474.7,9.2,989.9,0,0,18.25,27.127,20.019,156,Mackay,Mackay,Pind,1957,LPOH_5_15,BareFallow,42,MW_Surf2,130_150,50,3,6,SWD_0_50_200_50_50,P2R,MW_01MayR6V1,MW_T3,1733.4,1229.45,755.387,953.575,16.126,5.319,10.200740168368,0.131690695452207,16.7217333333333,0.836086666666667,0.514483211289562,20.572,3_6
01/08/1984,1984,214,1983,01-May,4,sugar,alive,0,0,2,335,4.43,1981,1/9/1983,121,0,0,181,1984,14,2616,4209.71,3652.89,4608.96,3122.8,95.22,1546.9,,0,0,0,17.082,89.8,60.013,50.013,1.844,6791.563,6793.407,113459.871,14.8,12.76,1.417,6,300,689.2,112.48,57.12,596.152,594.045,157.686,751.731,0.105,6843.443,2.434,6845.876,114095.793,150,210.694,301.512,13.957,0.425,0.159,2.701,9221.959,350,0.773,2121.1,8,848.4,0,0,18.796,27.49,19.292,62,Mackay,Mackay,Pind,1957,LPOH_5_15,BareFallow,42,MW_Surf2,130_150,50,3,6,SWD_0_50_200_50_50,P2R,MW_01MayR6V1,MW_T3,989.2,896.152,169.6,327.286,14.541,0.584,10.6254296146189,0.12666765106135,12.696,0.6348,0.451935033745622,15.469,3_6
01/07/1985,1985,182,1984,01-May,4,sugar,alive,0,0,3,334,4.463,1981,1/8/1984,121,0,0,181,1985,14,2616,5781.03,5100.99,6277.3,4307.18,132.601,2156.84,,0,0,0,17.107,123.3,109.882,99.882,2.434,6843.443,6845.876,114095.793,19.77,17.28,1.433,6,300,1538.4,262.123,551.713,910.611,837.759,175.395,1013.154,2.168,6829.145,3.237,6832.382,113990.202,150,269.966,333.792,11.025,0.617,1.411,2.169,9374.03,350,0.792,2242.3,8.3,896.9,0,0,18.98,27.78,19.759,365,Mackay,Mackay,Pind,1957,LPOH_5_15,BareFallow,42,MW_Surf2,130_150,50,3,6,SWD_0_50_200_50_50,P2R,MW_01MayR6V1,MW_T3,1838.4,1210.611,813.836,989.231,13.053,2.028,10.9532294023431,0.130879412211766,17.6801333333333,0.884006666666667,0.491176666691361,21.568,3_6
01/07/1986,1986,182,1985,01-May,4,sugar,alive,0,0,4,365,4.497,1981,1/7/1985,121,0,0,181,1986,14,2616,5409.54,4828.05,6005.27,4037.8,124.869,2275.5,,0,0,0,19.514,122.7,103.292,93.292,3.237,6829.145,6832.382,113990.202,18.8,16.67,1.43,6,300,1424.2,441.003,340.183,957.142,772.662,170.553,943.215,0.644,6855.888,2.648,6858.535,114384.199,150,260.948,345.625,5.427,0.292,0.691,1.379,11064.967,350,0.735,1897,7.1,758.8,0,0,18.337,27.134,19.595,134,Mackay,Mackay,Pind,1957,LPOH_5_15,BareFallow,42,MW_Surf2,130_150,50,3,6,SWD_0_50_200_50_50,P2R,MW_01MayR6V1,MW_T3,1724.2,1257.142,781.186,951.739,6.41,0.983,9.93276813597828,0.132386571460378,16.6492,0.83246,0.478520624798811,22.755,3_6
01/07/1987,1987,182,1986,01-May,4,sugar,alive,0,0,5,365,4.545,1981,1/7/1986,121,0,0,181,1987,14,2616,4767.27,4232.18,5334.64,3607.75,110.849,1887,,0,0,0,18.039,123.4,85.091,75.091,2.648,6855.888,6858.535,114384.199,17.67,15.71,1.439,6,300,756.7,57.583,39.351,708.227,701.41,191.061,892.471,0.09,6879.015,2.955,6881.971,114704.513,150,244.685,329.628,15.551,0.044,0.091,3.135,10569.009,350,0.755,2007.1,7.5,802.9,0,0,19.257,27.916,19.78,55,Mackay,Mackay,Pind,1957,LPOH_5_15,BareFallow,42,MW_Surf2,130_150,50,3,6,SWD_0_50_200_50_50,P2R,MW_01MayR6V1,MW_T3,1056.7,1008.227,96.934,287.995,15.686,0.135,10.9944486707854,0.12420459600368,14.7798666666667,0.738993333333333,0.453027361709954,18.87,3_6
01/07/1988,1988,183,1987,01-May,4,sugar,alive,0,0,6,366,4.514,1981,1/7/1987,121,0,0,181,1988,14,2616,5832.59,5182.06,6391.49,4378.79,134.663,2274.78,,0,0,0,17.878,127.4,134.387,124.387,2.955,6879.015,6881.971,114704.513,19.57,17.19,1.445,6,300,1598.2,231.521,644.391,897.924,848.484,174.527,1023.01,1.7,6879.574,2.027,6881.601,114801.665,150,266.304,330.132,6.844,0.39,1.195,1.58,10144.866,350,0.812,2384.1,8.8,953.7,0,0,18.474,27.344,19.667,293.4,Mackay,Mackay,Pind,1957,LPOH_5_15,BareFallow,42,MW_Surf2,130_150,50,3,6,SWD_0_50_200_50_50,P2R,MW_01MayR6V1,MW_T3,1898.2,1197.924,875.912,1050.439,8.429,1.585,11.241364226779,0.131634099373418,17.9550666666667,0.897753333333333,0.505673966594569,22.748,3_6
01/05/1989,1989,121,0,01-May,4,none,out,0,0,-1,0,6,1981,0.000,121,0,0,181,-1,14,2616,0,0,0,0,0,0,,0,0,0,0,0,115.665,105.665,2.027,6879.574,6881.601,114801.665,0,0,1.447,0,0,2226.1,1040.478,880.578,1005.671,0,244.392,244.392,2.021,6995.788,34.731,7030.518,115721.991,0,0,113.815,17.794,4.284,2.283,2.197,10691.959,350,0.007,9.6,0,3.8,0,0,19.511,27.611,19.914,197,Mackay,Mackay,Pind,1957,LPOH_5_15,BareFallow,42,MW_Surf2,130_150,50,3,6,SWD_0_50_200_50_50,P2R,MW_01MayR6V1,MW_T3,2226.1,1005.671,1921.056,2165.448,24.361,6.567,0,0,0,,,0,3_6
01/09/1990,1990,244,1989,01-May,5,sugar,alive,0,0,0,488,4.637,1989,1/5/1989,121,0,0,181,1990,14,2616,4062.55,3600.01,4197,3209.16,96.696,1297.42,,0,0,0,13.604,125.5,176.318,176.318,34.731,6995.788,7030.518,115721.991,20.93,19.23,1.464,6,300,2012.6,570.496,858.017,909.427,546.707,446.359,993.067,14.972,6813.439,7.372,6820.811,113698.188,130,282.964,348.513,54.34,23.508,11.307,9.97,4952.496,350.657,0.85,2705.8,9.9,1082.3,0,0,17.069,26.065,18.668,130,Mackay,Mackay,Pind,1957,LPOH_5_15,BareFallow,42,MW_Surf2,130_150,50,3,6,SWD_0_50_200_50_50,P2R,MW_01MayR6V1,MW_T3,2312.6,1209.427,1428.513,1874.872,89.155,34.815,7.99519111116256,0.0973710736536407,12.8928,0.743815384615385,0.341725449173747,12.974,3_6
01/09/1991,1991,244,1990,01-May,5,sugar,alive,0,0,1,365,4.48,1989,1/9/1990,121,0,0,181,1991,14,2616,4360.28,3632.72,4419.75,3293.92,97.394,1588.66,,0,0,0,17.163,108.7,49.339,39.339,7.372,6813.439,6820.811,113698.188,18.07,15.4,1.433,6,300,2938.6,385.656,2018.773,670.544,602.465,218.061,820.526,14.63,6836.533,1.604,6838.137,114387.463,150,247.229,291.745,11.691,4.337,5.189,2.369,7046.735,352.197,0.915,3521.3,13,1408.5,0,0,18.172,27.239,19.486,298.2,Mackay,Mackay,Pind,1957,LPOH_5_15,BareFallow,42,MW_Surf2,130_150,50,3,6,SWD_0_50_200_50_50,P2R,MW_01MayR6V1,MW_T3,3238.6,970.544,2404.429,2622.49,21.217,9.526,10.0349906856361,0.118697030928941,12.9858666666667,0.649293333333333,0.393942458206764,15.887,3_6
01/08/1992,1992,214,1991,01-May,5,sugar,alive,0,0,2,335,4.432,1989,1/9/1991,121,0,0,181,1992,14,2616,4817.71,4187.34,5144.9,3637.08,111.573,1964.11,,0,0,0,18.753,101.9,44.984,34.984,1.604,6836.533,6838.137,114387.463,16.77,14.46,1.441,6,300,797.1,106.337,71.615,701.533,692.492,206.667,899.159,0.262,6873.663,7.651,6881.314,114778.569,150,226.023,314.652,7.67,0.557,0.298,1.471,8462.881,353.634,0.816,2415.4,9,966.1,0,0,18.852,28.169,21.069,174,Mackay,Mackay,Pind,1957,LPOH_5_15,BareFallow,42,MW_Surf2,130_150,50,3,6,SWD_0_50_200_50_50,P2R,MW_01MayR6V1,MW_T3,1097.1,1001.533,177.952,384.619,8.525,0.855,11.1402220396133,0.124085951427945,14.8764,0.74382,0.493635603456285,19.641,3_6
01/07/1993,1993,182,1992,01-May,5,sugar,alive,0,0,3,334,4.44,1989,1/8/1992,121,0,0,181,1993,14,2616,5544.47,4936.76,6084.61,4109.72,127.584,2299.5,,0,0,0,19.269,111.6,46.973,36.973,7.651,6873.663,6881.314,114778.569,18.25,16.02,1.452,6,300,1179.2,114.897,349.679,779.6,761.263,204.561,965.824,1.384,6892.412,4.616,6897.028,115020.207,150,250.088,320.482,6.209,0.915,1.039,1.398,9209.787,355.095,0.727,1852.1,6.9,740.9,0,0,19.172,28.055,20.944,185,Mackay,Mackay,Pind,1957,LPOH_5_15,BareFallow,42,MW_Surf2,130_150,50,3,6,SWD_0_50_200_50_50,P2R,MW_01MayR6V1,MW_T3,1479.2,1079.6,464.576,669.137,8.163,1.954,11.8177102630604,0.132098601815652,17.0112,0.85056,0.510156424938422,22.995,3_6
01/07/1994,1994,182,1993,01-May,5,sugar,alive,0,0,4,365,4.515,1989,1/7/1993,121,0,0,181,1994,14,2616,5571.54,4976.71,6151.61,4292.73,133.166,2482.47,,0,0,0,20.03,120.5,77.774,67.774,4.616,6892.412,6897.028,115020.207,17.81,15.63,1.457,6,300,1131.5,277.472,188.061,858.123,793.205,170.951,964.156,0.472,6908.627,5.13,6913.756,115301.17,150,252.58,337.361,16.406,2.325,0.518,3.216,10903.36,356.716,0.756,2013,7.5,805.2,0,0,18.784,27.295,19.728,141,Mackay,Mackay,Pind,1957,LPOH_5_15,BareFallow,42,MW_Surf2,130_150,50,3,6,SWD_0_50_200_50_50,P2R,MW_01MayR6V1,MW_T3,1431.5,1158.123,465.533,636.484,19.249,2.843,11.4984332406834,0.138116653321662,17.7554666666667,0.887773333333333,0.527223058041017,24.825,3_6
01/07/1995,1995,182,1994,01-May,5,sugar,alive,0,0,5,365,4.511,1989,1/7/1994,121,0,0,181,1995,14,2616,5590.83,4947.1,6147.97,4281.38,132.071,2369.88,,0,0,0,19.171,116.5,61.585,51.585,5.13,6908.627,6913.756,115301.17,17.6,15.24,1.463,6,300,981.1,88.454,159.839,799.396,816.319,180.114,996.433,0.418,6936.787,4.276,6941.063,115746.421,150,246.458,318.879,3.21,0.45,0.397,0.873,10265.266,358.365,0.779,2153.5,8,861.4,0,0,18.418,27.531,20.482,112.5,Mackay,Mackay,Pind,1957,LPOH_5_15,BareFallow,42,MW_Surf2,130_150,50,3,6,SWD_0_50_200_50_50,P2R,MW_01MayR6V1,MW_T3,1281.1,1099.396,248.293,428.407,4.057,0.847,12.0130508024406,0.132543783676374,17.6094666666667,0.880473333333333,0.535876295352555,23.699,3_6
01/07/1996,1996,183,1995,01-May,5,sugar,alive,0,0,6,366,4.511,1989,1/7/1995,121,0,0,181,1996,14,2616,5605.8,4981.86,6188.21,4277.4,132.572,2463.91,,0,0,0,19.96,118,79.96,69.96,4.276,6936.787,6941.063,115746.421,17.87,15.59,1.47,6,300,1242.4,219.639,280.316,909.726,840.763,186.48,1027.243,0.705,6943.76,6.529,6950.288,115755.515,150,248.248,333.816,16.979,1.92,2.423,3.258,10731.769,360.044,0.775,2134,7.9,853.6,0,0,18.645,27.703,20.275,106,Mackay,Mackay,Pind,1957,LPOH_5_15,BareFallow,42,MW_Surf2,130_150,50,3,6,SWD_0_50_200_50_50,P2R,MW_01MayR6V1,MW_T3,1542.4,1209.726,499.955,686.435,21.322,4.343,10.9588452261091,0.1290561240135,17.6762666666667,0.883813333333333,0.534030485643389,24.639,3_6
01/05/1997,1997,121,0,01-May,5,none,out,0,0,-1,0,6,1989,0.000,121,0,0,181,-1,14,2616,0,0,0,0,0,0,,0,0,0,0,0,77.162,67.162,6.529,6943.76,6950.288,115755.515,0,0,1.475,0,0,1340.2,592.883,371.592,776.876,0,313.988,313.988,0.8,7013.715,74.72,7088.434,115971.475,0,0,147.369,19.448,4.529,2.075,2.444,10783.216,361.464,0.005,7.4,0,2.9,0,0,18.425,28.03,21.421,203,Mackay,Mackay,Pind,1957,LPOH_5_15,BareFallow,42,MW_Surf2,130_150,50,3,6,SWD_0_50_200_50_50,P2R,MW_01MayR6V1,MW_T3,1340.2,776.876,964.475,1278.463,26.052,6.604,0,0,0,,,0,3_6
05/09/1998,1998,248,1997,01-May,6,sugar,alive,0,0,0,492,4.688,1997,1/5/1997,121,0,4,181,1998,10,2616,6721.28,6031.31,6929.57,5321.28,163.539,2650.9,,0,0,0,17.038,190.9,138.898,138.898,74.72,7013.715,7088.434,115971.475,27.94,25.41,1.481,6,300,1674.8,88.613,470.32,1195.013,915.166,449.239,1364.405,8.183,6811.695,13.543,6825.238,114300.415,130,385.119,382.526,41.093,2.173,8.108,7.817,5585.905,363.799,0.875,2972.7,10.9,1189.1,0,0,17.38,26.704,18.684,157,Mackay,Mackay,Pind,1957,LPOH_5_15,BareFallow,42,MW_Surf2,130_150,50,3,6,SWD_0_50_200_50_50,P2R,MW_01MayR6V1,MW_T3,1974.8,1495.013,558.933,1008.172,51.374,10.281,10.9389684236859,0.119861038328062,21.8052,1.25799230769231,0.424645369353369,26.509,3_6
05/09/1999,1999,248,1998,01-May,6,sugar,alive,0,0,1,365,4.51,1997,5/9/1998,121,0,4,185,1999,10,2620,4274.95,3877.61,4779.9,3263.58,101.595,2004.38,,0,0,0,21.367,77.2,172.361,162.361,13.543,6811.695,6825.238,114300.415,12.11,10.66,1.441,3,150,2082.6,929.857,647.308,1067.142,585.749,146.883,732.633,0.83,6894.223,2.273,6896.496,114966.063,150,168.834,267.017,40.096,15.737,0.79,7.476,9715.695,365.57,0.715,1790.8,7.1,716.3,0,0,18.69,27.074,18.297,166,Mackay,Mackay,Pind,1957,LPOH_5_15,BareFallow,42,MW_Surf2,130_150,50,3,6,SWD_0_50_200_50_50,P2R,MW_01MayR6V1,MW_T3,2232.6,1217.142,1577.165,1724.048,56.623,16.527,8.34701292043163,0.138671067232844,16.9325,0.6773,0.601744909200753,20.044,3_6
05/08/2000,2000,218,1999,01-May,6,sugar,alive,0,0,2,335,4.431,1997,5/9/1999,121,0,4,185,2000,10,2620,5575.86,4941.66,6055.5,4198,129.401,2169.82,,0,0,0,17.725,96.7,86.163,76.163,2.273,6894.223,6896.496,114966.063,16.66,14.33,1.467,6,300,2196.6,645.851,957.162,951.694,738.7,156.299,894.999,2.934,6896.993,2.713,6899.706,115209.012,150,235.53,289.54,8.475,1.031,2.668,1.571,8391.229,367.219,0.832,2549,9.4,1019.6,0,0,18.422,26.974,18.535,187,Mackay,Mackay,Pind,1957,LPOH_5_15,BareFallow,42,MW_Surf2,130_150,50,3,6,SWD_0_50_200_50_50,P2R,MW_01MayR6V1,MW_T3,2496.6,1251.694,1603.013,1759.312,12.174,3.699,10.3380698477423,0.14458228444948,17.2534666666667,0.862673333333333,0.549403473018299,21.698,3_6
05/07/2001,2001,186,2000,01-May,6,sugar,alive,0,0,3,334,4.449,1997,5/8/2000,121,0,4,185,2001,10,2620,5010.04,4451.1,5589.94,3698.33,114.215,2151.66,,0,0,0,20.272,104.6,66.751,56.751,2.713,6896.993,6899.706,115209.012,16.74,14.69,1.467,3,150,1655.7,426.591,478.838,1008.345,706.748,163.043,869.792,0.479,6936.963,2.121,6939.084,115769.161,150,239.45,316.925,2.919,0.107,0.72,0.776,10121.589,368.893,0.722,1829,6.9,731.6,0,0,18.583,27.74,19.663,235,Mackay,Mackay,Pind,1957,LPOH_5_15,BareFallow,42,MW_Surf2,130_150,50,3,6,SWD_0_50_200_50_50,P2R,MW_01MayR6V1,MW_T3,1805.7,1158.345,905.429,1068.472,3.746,0.827,9.86018845853351,0.131313003568669,19.0358333333333,0.761433333333334,0.476988932971393,21.517,3_6
05/07/2002,2002,186,2001,01-May,6,sugar,alive,0,0,4,365,4.531,1997,5/7/2001,121,0,4,185,2002,10,2620,5197.5,4576.1,5711.28,3968.18,121.498,2117.55,,0,0,0,18.537,129.3,88.231,78.231,2.121,6936.963,6939.084,115769.161,19.03,16.75,1.476,6,300,985,25.524,202.473,779.307,832.225,210.239,1042.464,0.558,6947.319,3.93,6951.249,116322.551,150,265.693,340.267,3.703,0.008,0.329,0.963,10199.661,370.747,0.802,2312.2,8.5,924.9,0,0,18.126,28.642,20.847,143,Mackay,Mackay,Pind,1957,LPOH_5_15,BareFallow,42,MW_Surf2,130_150,50,3,6,SWD_0_50_200_50_50,P2R,MW_01MayR6V1,MW_T3,1285,1079.307,227.997,438.236,4.04,0.337,11.2570380809167,0.11654886883384,16.1997333333333,0.809986666666667,0.457287169778654,21.176,3_6
05/07/2003,2003,186,2002,01-May,6,sugar,alive,0,0,5,365,4.482,1997,5/7/2002,121,0,4,185,2003,10,2620,3686.07,3218.31,4178.17,2773.71,84.117,1081.78,,0,0,0,12.918,102.5,84.771,74.771,3.93,6947.319,6951.249,116322.551,15.38,13.66,1.477,6,300,955.6,124.787,293.84,611.274,556.876,227.958,784.834,1.005,7008.765,3.512,7012.277,116665.159,150,208.605,290.03,6.702,0.056,0.9,1.608,9778.921,372.632,0.74,1924.4,7.2,769.8,0,0,17.847,27.889,20.503,113,Mackay,Mackay,Pind,1957,LPOH_5_15,BareFallow,42,MW_Surf2,130_150,50,3,6,SWD_0_50_200_50_50,P2R,MW_01MayR6V1,MW_T3,1255.6,911.274,418.627,646.585,7.658,0.956,9.23070338888194,0.107178078421679,11.2156,0.56078,0.403235780542173,10.818,3_6
05/07/2004,2004,187,2003,01-May,6,sugar,alive,0,0,6,366,4.539,1997,5/7/2003,121,0,4,185,2004,10,2620,5276.79,4473.03,5537.94,4047.17,121.652,2057.72,,0,0,0,17.905,152.2,118.91,108.91,3.512,7008.765,7012.277,116665.159,23.1,20.16,1.492,6,300,788.6,7.687,83.022,703.775,830.144,213.769,1043.913,0.541,6960.42,1.869,6962.289,116462.931,150,310.484,350.019,8.441,0.004,0.274,1.816,9235.865,374.547,0.847,2682.8,9.9,1073.1,0,0,18.386,28.411,20.212,59,Mackay,Mackay,Pind,1957,LPOH_5_15,BareFallow,42,MW_Surf2,130_150,50,3,6,SWD_0_50_200_50_50,P2R,MW_01MayR6V1,MW_T3,1088.6,1003.775,90.709,304.478,8.719,0.278,12.119449079724,0.116534615432512,16.2202666666667,0.811013333333333,0.391814070934412,20.577,3_6
01/05/2005,2005,121,0,01-May,6,none,out,0,0,-1,0,6,1997,0.000,121,0,4,185,-1,10,2620,0,0,0,0,0,0,,0,0,0,0,0,54.889,44.889,1.869,6960.42,6962.289,116462.931,0,0,1.48,0,0,1167.6,424.197,399.881,621.282,0,255.013,255.013,0.375,7057.809,73.554,7131.364,116637.26,0,0,141.142,15.933,1.032,0.745,2.686,10081.141,376.143,0.007,10.5,0.1,4.2,0,0,18.5,28.856,21.399,202,Mackay,Mackay,Pind,1957,LPOH_5_15,BareFallow,42,MW_Surf2,130_150,50,3,6,SWD_0_50_200_50_50,P2R,MW_01MayR6V1,MW_T3,1167.6,621.282,824.078,1079.091,17.71,1.777,0,0,0,,,0,3_6
01/09/2006,2006,244,2005,01-May,7,sugar,alive,0,0,0,488,4.699,2005,1/5/2005,121,0,0,181,2006,14,2616,5974.16,5402.57,6223.76,4684.16,144.727,2219.35,,0,0,0,15.962,177,143.397,143.397,73.554,7057.809,7131.364,116637.26,26.56,24.46,1.493,6,300,1348.9,87.741,311.03,1007.585,843.931,477.899,1321.83,8.627,6826.827,32.889,6859.715,114352.18,130,362.226,401.127,65.692,2.615,8.688,12.284,5679.143,378.777,0.795,2265,8.3,906,0,0,17.553,27.198,18.595,83,Mackay,Mackay,Pind,1957,LPOH_5_15,BareFallow,42,MW_Surf2,130_150,50,3,6,SWD_0_50_200_50_50,P2R,MW_01MayR6V1,MW_T3,1648.9,1307.585,398.771,876.67,76.995,11.303,11.0682670725039,0.10948987388696,19.2969333333333,1.11328461538462,0.399548900410241,22.194,3_6
01/09/2007,2007,244,2006,01-May,7,sugar,alive,0,0,1,365,4.48,2005,1/9/2006,121,0,0,181,2007,14,2616,5366.84,4817.97,5821.75,4173.48,129.187,2311.18,,0,0,0,19.105,99.4,53.697,43.696,32.889,6826.827,6859.715,114352.18,15.49,13.48,1.45,6,300,2037.3,558.102,787.666,1021.64,782.652,193.487,976.139,2.705,6896.454,4.297,6900.751,115326.342,150,213.952,297.42,21.123,20.507,1.75,4.248,8983.583,380.787,0.855,2756.2,10.3,1102.5,0,0,17.71,27.027,19.487,257,Mackay,Mackay,Pind,1957,LPOH_5_15,BareFallow,42,MW_Surf2,130_150,50,3,6,SWD_0_50_200_50_50,P2R,MW_01MayR6V1,MW_T3,2337.3,1321.64,1345.768,1539.255,43.38,22.257,9.77474955358494,0.132344881210565,17.2249333333333,0.861246666666667,0.60381300478612,23.112,3_6
01/08/2008,2008,214,2007,01-May,7,sugar,alive,0,0,2,335,4.44,2005,1/9/2007,121,0,0,181,2008,14,2616,4247.07,3732.67,4712.87,3197.02,97.957,1712.74,,0,0,0,18.606,84.5,51.089,41.089,4.297,6896.454,6900.751,115326.342,13.59,11.71,1.471,6,300,2385,494.218,1317.723,803.986,626.167,166.631,792.798,3.466,6949.761,2.09,6951.851,115967.424,150,199.594,277.636,9.724,0.855,3.329,1.872,9018.059,382.657,0.773,2121.4,7.9,848.6,0,0,18.259,27.634,19.139,532,Mackay,Mackay,Pind,1957,LPOH_5_15,BareFallow,42,MW_Surf2,130_150,50,3,6,SWD_0_50_200_50_50,P2R,MW_01MayR6V1,MW_T3,2685,1103.986,1811.941,1978.572,13.908,4.184,8.87302918696433,0.123558586172014,13.0609333333333,0.653046666666667,0.490781286010602,17.127,3_6
01/07/2009,2009,182,2008,01-May,7,sugar,alive,0,0,3,334,4.459,2005,1/8/2008,121,0,0,181,2009,14,2616,5089.56,4391.89,5492.43,3773.83,114.733,1730.31,,0,0,0,15.65,117.7,113.351,103.351,2.09,6949.761,6951.851,115967.424,18.84,16.29,1.483,6,300,1755.5,362.555,760.692,807.213,786.332,178.738,965.07,4.162,6938.546,4.097,6942.643,115902.03,150,260.026,321.548,8.554,0.121,2.79,1.821,9158.091,384.553,0.791,2239.3,8.3,895.7,0,0,18.551,28.173,19.266,145,Mackay,Mackay,Pind,1957,LPOH_5_15,BareFallow,42,MW_Surf2,130_150,50,3,6,SWD_0_50_200_50_50,P2R,MW_01MayR6V1,MW_T3,2055.5,1107.213,1123.247,1301.985,11.465,2.911,10.3623241417866,0.118885676686665,15.2977333333333,0.764886666666667,0.441236645566213,17.303,3_6
01/07/2010,2010,182,2009,01-May,7,sugar,alive,0,0,4,365,4.499,2005,1/7/2009,121,0,0,181,2010,14,2616,4882.35,4272.56,5353.59,3698.9,113.729,1849.21,,0,0,0,17.1,116.5,62.534,52.534,4.097,6938.546,6942.643,115902.03,17.71,15.47,1.48,6,300,1857.2,439.281,795.58,820.864,714.436,194.073,908.508,4.089,6975.754,3.664,6979.417,116335.996,150,240.461,326.932,5.66,0.114,2.832,1.202,9983.799,386.651,0.731,1877.3,7,750.9,0,0,18.212,28.153,19.689,185,Mackay,Mackay,Pind,1957,LPOH_5_15,BareFallow,42,MW_Surf2,130_150,50,3,6,SWD_0_50_200_50_50,P2R,MW_01MayR6V1,MW_T3,2157.2,1120.864,1234.861,1428.934,8.606,2.946,10.1465476632312,0.125182166805356,15.1638666666667,0.758193333333333,0.472962351483193,18.492,3_6
01/07/2011,2011,182,2010,01-May,7,sugar,alive,0,0,5,365,4.475,2005,1/7/2010,121,0,0,181,2011,14,2616,4563.85,4125.91,5160.38,3417.33,106.812,1958.1,,0,0,0,19.649,105.7,58.365,48.365,3.664,6975.754,6979.417,116335.996,16.28,14.68,1.489,3,150,3875.8,1185.565,2010.693,1123.195,578.947,205.761,784.708,7.406,6977.891,3.24,6981.132,116141.049,150,215.016,321.452,31.689,14.223,7.473,5.724,9533.239,388.78,0.646,1483.7,5.5,593.5,0,0,18.918,26.832,17.085,220,Mackay,Mackay,Pind,1957,LPOH_5_15,BareFallow,42,MW_Surf2,130_150,50,3,6,SWD_0_50_200_50_50,P2R,MW_01MayR6V1,MW_T3,4025.8,1273.195,3196.258,3402.019,53.385,21.696,8.38928836509726,0.136116874047416,17.802,0.71208,0.496763031588347,19.581,3_6
01/07/2012,2012,183,2011,01-May,7,sugar,alive,0,0,6,366,4.494,2005,1/7/2011,121,0,0,181,2012,14,2616,5959.58,5295.88,6485.31,4559.27,140.909,2439.85,,0,0,0,18.398,126.9,94.2,84.2,3.24,6977.891,6981.132,116141.049,19.48,17.05,1.491,6,300,2316.5,463.937,1086.989,1029.538,857.045,187.086,1044.131,3.746,6967.978,1.809,6969.787,116327.678,150,266.975,327.655,13.445,0.628,2.925,2.703,9584.372,390.94,0.792,2240.3,8.3,896.1,0,0,17.909,27.267,19.132,239,Mackay,Mackay,Pind,1957,LPOH_5_15,BareFallow,42,MW_Surf2,130_150,50,3,6,SWD_0_50_200_50_50,P2R,MW_01MayR6V1,MW_T3,2616.5,1329.538,1550.926,1738.012,16.998,3.553,10.5983431838729,0.13495337270898,18.7878666666667,0.939393333333333,0.527798483004027,24.398,3_6
01/05/2013,2013,121,0,01-May,7,none,out,0,0,-1,0,6,2005,0.000,121,0,0,181,-1,14,2616,0,0,0,0,0,0,,0,0,0,0,0,97.644,87.644,1.809,6967.978,6969.787,116327.678,0,0,1.49,0,0,1972,732.962,952.236,739.576,0,240.698,240.698,1.301,7061.436,49.751,7111.187,116825.155,0,0,133.025,19.301,4.892,1.754,2.781,10762.884,392.765,0.007,10.6,0,4.3,0,0,18.641,27.962,20.52,189,Mackay,Mackay,Pind,1957,LPOH_5_15,BareFallow,42,MW_Surf2,130_150,50,3,6,SWD_0_50_200_50_50,P2R,MW_01MayR6V1,MW_T3,1972,739.576,1685.198,1925.896,25.947,6.646,0,0,0,,,0,3_6
01/09/2014,2014,244,2013,01-May,8,sugar,alive,0,0,0,488,4.69,2013,1/5/2013,121,0,0,181,2014,14,2616,6014.21,5430.83,6246.52,4720.05,145.753,2333.67,,0,0,0,16.794,161.3,143.747,143.747,49.751,7061.436,7111.187,116825.155,23.69,21.56,1.504,6,300,1543.5,225.567,382.568,1071.787,831.964,459.409,1291.373,3.168,6852.987,19.07,6872.057,114854.01,130,325.669,377.107,64.495,11.636,4.053,11.773,5272.842,395.729,0.832,2552.5,9.4,1021,0,0,17.416,26.98,18.822,162,Mackay,Mackay,Pind,1957,LPOH_5_15,BareFallow,42,MW_Surf2,130_150,50,3,6,SWD_0_50_200_50_50,P2R,MW_01MayR6V1,MW_T3,1843.5,1371.787,608.135,1067.544,80.184,15.689,10.6250460166192,0.112866693046858,19.4337333333333,1.12117692307692,0.44754950578655,23.337,3_6
01/09/2015,2015,244,2014,01-May,8,sugar,alive,0,0,1,365,4.511,2013,1/9/2014,121,0,0,181,2015,14,2616,4175.65,3606.8,4457.42,3193.14,96.678,1739.78,,0,0,0,19.235,89.8,69.739,59.739,19.07,6852.987,6872.057,114854.01,14.18,12.09,1.464,6,300,857.5,181.535,129.528,645.577,641.812,209.994,851.806,0.34,6928.409,7.066,6935.475,115901.203,150,200.526,292.063,9.261,8.683,0.319,2.02,8798.508,397.99,0.806,2346.2,8.7,938.5,0,0,18.423,28.321,20.167,127,Mackay,Mackay,Pind,1957,LPOH_5_15,BareFallow,42,MW_Surf2,130_150,50,3,6,SWD_0_50_200_50_50,P2R,MW_01MayR6V1,MW_T3,1157.5,945.577,311.063,521.057,18.263,9.002,10.2242334574551,0.11349767435308,12.8904,0.64452,0.482122019089794,17.398,3_6
01/08/2016,2016,214,2015,01-May,8,sugar,alive,0,0,2,335,4.477,2013,1/9/2015,121,0,0,181,2016,14,2616,5365.66,4804.32,5871.39,4020.49,124.944,2204.8,,0,0,0,18.805,116.8,46.371,36.371,7.066,6928.409,6935.475,115901.203,18.24,16.19,1.484,6,300,1775.7,365.534,620.692,1037.536,782.764,199.474,982.238,3.899,6908.602,3.394,6911.996,115427.57,150,248.307,332.965,25.538,5.549,1.88,4.814,8948.253,400.09,0.715,1794.3,6.7,717.7,0,0,19.806,28.733,19.27,143,Mackay,Mackay,Pind,1957,LPOH_5_15,BareFallow,42,MW_Surf2,130_150,50,3,6,SWD_0_50_200_50_50,P2R,MW_01MayR6V1,MW_T3,2075.7,1337.536,986.226,1185.7,32.967,7.429,9.34135604574382,0.127203386551935,16.6592,0.83296,0.503183559061968,22.048,3_6
01/07/2017,2017,182,2016,01-May,8,sugar,alive,0,0,3,334,4.478,2013,1/8/2016,121,0,0,181,2017,14,2616,5095.26,4553.67,5678.39,3803.47,118.31,2087.07,,0,0,0,18.798,110.2,135.607,125.607,3.394,6908.602,6911.996,115427.57,17.26,15.28,1.48,6,300,2297.6,512.143,1184.452,950.479,773.011,176.124,949.134,5.433,6921.048,5.326,6926.374,115600.89,150,238.109,326.376,14.257,2.35,4.573,2.766,9803.307,402.218,0.713,1782.2,6.6,712.9,0,0,19.165,28.276,17.815,276,Mackay,Mackay,Pind,1957,LPOH_5_15,BareFallow,42,MW_Surf2,130_150,50,3,6,SWD_0_50_200_50_50,P2R,MW_01MayR6V1,MW_T3,2597.6,1250.479,1696.595,1872.719,21.18,6.923,9.46117447794005,0.12465047085027,15.7746666666667,0.788733333333333,0.496873280724374,20.871,3_6
01/07/2018,2018,182,2017,01-May,8,sugar,alive,0,0,4,365,4.503,2013,1/7/2017,121,0,0,181,2018,14,2616,4867.9,4209.09,5291.07,3675.87,111.961,1958.12,,0,0,0,18.612,111.9,69.478,59.478,5.326,6921.048,6926.374,115600.89,17.4,14.98,1.484,6,300,1178,306.699,235.405,824.211,742.11,176.853,918.963,0.681,6954.409,2.753,6957.162,116209.196,150,240.548,317.866,5.682,0.314,0.541,1.207,9730.134,404.569,0.783,2184.5,8.1,873.8,0,0,18.232,28.297,18.11,103,Mackay,Mackay,Pind,1957,LPOH_5_15,BareFallow,42,MW_Surf2,130_150,50,3,6,SWD_0_50_200_50_50,P2R,MW_01MayR6V1,MW_T3,1478,1124.211,542.104,718.957,6.537,0.855,9.95907351911696,0.12183406731283,14.9281333333333,0.746406666666667,0.465441408783278,19.581,3_6
01/07/2019,2019,182,2018,01-May,8,sugar,alive,0,0,5,365,4.517,2013,1/7/2018,121,0,0,181,2019,14,2616,5537.86,4903,6062.69,4144.06,127.514,2139.05,,0,0,0,17.733,125.2,68.412,58.412,2.753,6954.409,6957.162,116209.196,19.19,16.86,1.491,6,300,1616.7,398.15,523.965,957.231,796.325,174.119,970.444,1.963,6964.162,2.963,6967.125,116283.125,150,261.94,333.982,7.474,0.143,1.5,1.616,10205.083,406.953,0.746,1959.9,7.3,784,0,0,18.518,27.946,17.42,123,Mackay,Mackay,Pind,1957,LPOH_5_15,BareFallow,42,MW_Surf2,130_150,50,3,6,SWD_0_50_200_50_50,P2R,MW_01MayR6V1,MW_T3,1916.7,1257.231,922.115,1096.234,9.117,1.643,10.1424479670005,0.13139758708385,17.0018666666667,0.850093333333333,0.486806138810415,21.391,3_6
01/07/2020,2020,183,2019,01-May,8,sugar,alive,0,0,6,366,4.518,2013,1/7/2019,121,0,0,181,2020,14,2616,5716.73,5055.99,6265.7,4362.73,134.465,2266.24,,0,0,0,17.83,131.1,74.553,64.553,2.963,6964.162,6967.125,116283.125,19.61,17.19,1.492,6,300,1586,289.91,521.079,939.248,885.494,170.785,1056.279,1.708,6975.412,2.8,6978.212,116600.592,150,271.24,347.101,4.144,0.143,1.423,1.056,10956.583,409.37,0.756,2012.8,7.4,805.1,0,0,18.059,28.115,18.63,167,Mackay,Mackay,Pind,1957,LPOH_5_15,BareFallow,42,MW_Surf2,130_150,50,3,6,SWD_0_50_200_50_50,P2R,MW_01MayR6V1,MW_T3,1886,1239.248,810.989,981.774,5.71,1.566,10.8505319354964,0.127300646893482,17.9286666666667,0.896433333333333,0.495741778498747,22.662,3_6
03/05/2021,2021,123,0,01-May,8,none,out,0,0,-1,0,6,2013,0.000,123,2,0,183,-1,12,2616,0,0,0,0,0,0,,0,0,0,0,0,75.284,65.284,2.8,6975.412,6978.212,116600.592,0,0,1.494,0,0,1193.6,474.573,345.209,651.099,0,283.42,283.42,0.186,7050.637,74.504,7125.141,116622.945,0,0,150.553,22.494,1.216,0.491,3.557,11044.633,411.423,0.005,7,0,2.8,0,0,19.228,28.368,17.794,146,Mackay,Mackay,Pind,1957,LPOH_5_15,BareFallow,42,MW_Surf2,130_150,50,3,6,SWD_0_50_200_50_50,P2R,MW_01MayR6V1,MW_T3,1193.6,651.099,819.782,1103.202,24.201,1.707,0,0,0,,,0,3_6
03/09/2022,2022,246,2021,01-May,9,sugar,alive,0,0,0,488,4.693,2021,3/5/2021,123,2,0,183,2022,12,2616,6895.78,6195.78,7117.46,5480.84,168.39,3021.89,,0,0,0,19.173,198.8,165.683,165.683,74.504,7050.637,7125.141,116622.945,29.34,26.78,1.503,6,300,1500.4,178.522,366.49,1100.713,950.593,386.755,1337.348,10.626,6834.985,10.243,6845.228,114757.42,130,404.489,395.426,36.543,5.219,7.087,6.887,5794.432,414.733,0.901,3303,12.1,1321.2,0,0,17.444,27.074,16.583,124,Mackay,Mackay,Pind,1957,LPOH_5_15,BareFallow,42,MW_Surf2,130_150,50,3,6,SWD_0_50_200_50_50,P2R,MW_01MayR6V1,MW_T3,1800.4,1400.713,545.012,931.767,48.849,12.306,12.0217346451414,0.125913374828392,22.452,1.29530769230769,0.416303039143215,30.219,3_6
01/05/1958,1958,121,0,01-May,0,none,out,0,0,-1,0,6,-1,0.000,121,0,0,181,-1,14,2616,0,0,0,0,0,0,,0,0,0,0,0,0,0,0,0,0,0,0,0,1.327,0,0,2622.1,23.348,2213.357,401.668,0,279.629,279.629,102.674,6523.281,93.727,6617.008,109056.221,0,0,117.992,19.501,2.402,28.784,3.803,1243.096,350,0,0.1,0,0,0,0,21.918,29.406,18.026,376.2,Mackay,Mackay,Pind,1958,LPOH_5_15,BareFallow,42,MW_Surf2,130_150,50,3,6,SWD_0_50_200_50_50,P2R,MW_01MayR6V1,MW_T3,2622.1,401.668,2236.705,2516.334,50.687,31.186,0,0,0,,,0,3_6
01/09/1959,1959,244,1958,01-May,1,sugar,alive,0,0,0,488,4.621,1958,1/5/1958,121,0,0,181,1959,14,2616,6216.89,5553.16,6369.84,4954.54,152.687,2301.31,,0,0,0,15.639,129.5,135.565,135.565,93.727,6523.281,6617.008,109056.221,19.95,17.52,1.304,6,300,1856.8,291.594,599.648,1152.279,911.935,419.58,1331.516,9.67,6453.617,5.203,6458.82,109118.854,130,272.887,239.827,27.284,19.496,5.214,5.404,3181.788,350,0.89,3158.1,11.6,1263.2,0,0,16.018,26.549,18.699,175.5,Mackay,Mackay,Pind,1958,LPOH_5_15,BareFallow,42,MW_Surf2,130_150,50,3,6,SWD_0_50_200_50_50,P2R,MW_01MayR6V1,MW_T3,2156.8,1452.279,891.242,1310.822,51.994,24.71,10.5136134310281,0.114671547318996,20.3582666666667,1.17451538461538,0.559524638403442,23.013,3_6
01/09/1960,1960,245,1959,01-May,1,sugar,alive,0,0,1,366,4.414,1958,1/9/1959,121,0,0,181,1960,14,2616,2931.29,2619.54,3329.49,2176.07,66.639,1280.76,,0,0,0,20.74,42.2,51.608,41.608,5.203,6453.617,6458.82,109118.854,7.38,6.24,1.284,3,150,2223,713.841,1057.187,818.693,432.519,145.868,578.388,0.15,6589.524,2.037,6591.561,110182.187,150,123.702,209.415,5.579,4.138,0.593,1.293,8116.615,350,0.774,2127.5,8.7,851,0,0,16.87,26.823,19.606,235.7,Mackay,Mackay,Pind,1958,LPOH_5_15,BareFallow,42,MW_Surf2,130_150,50,3,6,SWD_0_50_200_50_50,P2R,MW_01MayR6V1,MW_T3,2373,968.693,1771.028,1916.896,10.31,4.731,6.87926928345719,0.11521504595531,11.1065,0.44426,0.538705922297134,12.808,3_6
01/08/1961,1961,213,1960,01-May,1,sugar,alive,0,0,2,334,4.362,1958,1/9/1960,121,0,0,181,1961,14,2616,4398.18,3727.52,4613.45,3251.39,98.192,1614.6,,0,0,0,17.325,81.1,66.193,56.193,2.037,6589.524,6591.561,110182.187,15.16,12.7,1.318,6,300,993.3,195.891,260.557,655.295,645.939,184.418,830.357,0.73,6595.786,0.986,6596.772,110414.344,150,209.064,262.84,13.351,0.206,0.897,2.676,6552.633,350,0.849,2705.2,10,1082.1,0,0,17.077,27.28,20.06,136.7,Mackay,Mackay,Pind,1958,LPOH_5_15,BareFallow,42,MW_Surf2,130_150,50,3,6,SWD_0_50_200_50_50,P2R,MW_01MayR6V1,MW_T3,1293.3,955.295,456.448,640.866,14.454,1.103,10.2787097179405,0.118252751527355,13.0922666666667,0.654613333333333,0.469674358091302,16.146,3_6
01/07/1962,1962,182,1961,01-May,1,sugar,alive,0,0,3,334,4.433,1958,1/8/1961,121,0,0,181,1962,14,2616,4684.42,4115.57,5114.04,3451.15,106.187,1795.23,,0,0,0,17.895,98.8,54.688,44.688,0.986,6595.786,6596.772,110414.344,16.28,14.2,1.319,6,300,1302.8,287.291,396.559,798.14,696.127,195.681,891.808,2.366,6634.769,4.701,6639.47,110886.633,150,227.312,308.05,3.953,0.334,1.153,0.895,8687.969,350,0.7,1719.2,6.4,687.7,0,0,17.961,27.642,19.985,153.2,Mackay,Mackay,Pind,1958,LPOH_5_15,BareFallow,42,MW_Surf2,130_150,50,3,6,SWD_0_50_200_50_50,P2R,MW_01MayR6V1,MW_T3,1602.8,1098.14,683.85,879.531,5.44,1.487,9.66971424408545,0.119069351250493,14.1582666666667,0.707913333333333,0.467142077848948,17.952,3_6
01/07/1963,1963,182,1962,01-May,1,sugar,alive,0,0,4,365,4.486,1958,1/7/1962,121,0,0,181,1963,14,2616,4892.59,4256.18,5300.71,3676.3,112.072,1711.62,,0,0,0,15.885,111.4,63.83,53.83,4.701,6634.769,6639.47,110886.633,17.35,15.02,1.329,6,300,2702.1,506.779,1501.193,929.646,776.817,194.801,971.617,6.869,6662.22,2.654,6664.875,111305.762,150,242.388,314.44,3.036,0.282,4.246,0.78,9423.605,350,0.785,2195.9,8.1,878.4,0,0,17.871,27.641,18.893,406.4,Mackay,Mackay,Pind,1958,LPOH_5_15,BareFallow,42,MW_Surf2,130_150,50,3,6,SWD_0_50_200_50_50,P2R,MW_01MayR6V1,MW_T3,3002.1,1229.646,2007.972,2202.773,7.564,4.528,9.11416781740436,0.115345861589495,14.9429333333333,0.747146666666667,0.462366123735499,17.116,3_6
01/07/1964,1964,183,1963,01-May,1,sugar,alive,0,0,5,366,4.466,1958,1/7/1963,121,0,0,181,1964,14,2616,5401.05,4807.41,5936.65,4076.79,126.265,2130.48,,0,0,0,17.854,119.9,68.341,58.341,2.654,6662.22,6664.875,111305.762,18.37,16.19,1.337,6,300,1026,179.13,117.227,853.704,807.583,186.369,993.952,0.368,6668.147,5.194,6673.341,111280.978,150,250.061,328.068,16.948,0.951,0.6,3.347,10075.227,350,0.729,1865.5,6.9,746.2,0,0,17.496,27.22,19.699,68.1,Mackay,Mackay,Pind,1958,LPOH_5_15,BareFallow,42,MW_Surf2,130_150,50,3,6,SWD_0_50_200_50_50,P2R,MW_01MayR6V1,MW_T3,1326,1153.704,296.357,482.726,18.499,1.551,10.9443150062754,0.12703329738257,16.8353333333333,0.841766666666667,0.504936795421917,21.305,3_6
01/07/1965,1965,182,1964,01-May,1,sugar,alive,0,0,6,365,4.49,1958,1/7/1964,121,0,0,181,1965,14,2616,5589.36,4930.13,6104.98,4211.67,129.564,2365.43,,0,0,0,19.556,114.5,86.033,76.033,5.194,6668.147,6673.341,111280.978,17.91,15.5,1.341,6,300,1096,230.239,132.302,895.293,864.864,171.031,1035.895,0.336,6688.196,3.611,6691.807,111668.608,150,250.054,333.111,11.923,1.316,0.276,2.602,10364.634,350,0.778,2152.9,8,861.2,0,0,17.766,27.399,19.433,77.2,Mackay,Mackay,Pind,1958,LPOH_5_15,BareFallow,42,MW_Surf2,130_150,50,3,6,SWD_0_50_200_50_50,P2R,MW_01MayR6V1,MW_T3,1396,1195.293,362.541,533.572,13.515,1.592,10.8395180093918,0.125074452526559,17.2752,0.86376,0.51814408087853,23.654,3_6
01/05/1966,1966,121,0,01-May,1,none,out,0,0,-1,0,6,1958,0.000,121,0,0,181,-1,14,2616,0,0,0,0,0,0,,0,0,0,0,0,65.597,55.597,3.611,6688.196,6691.807,111668.608,0,0,1.35,0,0,949.9,528.102,118.923,630.015,0,195.47,195.47,0.07,6825.735,26.199,6851.934,113443.011,0,0,88.448,3.611,0.73,0.109,0.457,9299.59,350,0.011,16.4,0.1,6.6,0,0,17.766,27.748,21.022,80,Mackay,Mackay,Pind,1958,LPOH_5_15,BareFallow,42,MW_Surf2,130_150,50,3,6,SWD_0_50_200_50_50,P2R,MW_01MayR6V1,MW_T3,949.9,630.015,647.025,842.495,4.45,0.839,0,0,0,,,0,3_6
01/09/1967,1967,244,1966,01-May,2,sugar,alive,0,0,0,488,4.622,1966,1/5/1966,121,0,0,181,1967,14,2616,5834.08,5224.55,6030.38,4577.16,140.241,2250.74,,0,0,0,16.84,171.5,173.002,173.002,26.199,6825.735,6851.934,113443.011,26.73,24.5,1.37,6,300,1327.7,198.271,269.846,1032.201,809.96,441.815,1251.775,3.994,6621.935,4.555,6626.49,110796.512,130,362.17,377.051,28.639,1.313,1.877,5.574,6122.406,350,0.86,2804.2,10.3,1121.7,0,0,16.328,26.299,18.704,100.3,Mackay,Mackay,Pind,1958,LPOH_5_15,BareFallow,42,MW_Surf2,130_150,50,3,6,SWD_0_50_200_50_50,P2R,MW_01MayR6V1,MW_T3,1627.7,1332.201,468.117,909.932,31.829,3.19,10.5270150675461,0.112033712128777,18.6988,1.07877692307692,0.387224231714388,22.507,3_6
01/09/1968,1968,245,1967,01-May,2,sugar,alive,0,0,1,366,4.426,1966,1/9/1967,121,0,0,181,1968,14,2616,4399.84,3815.44,4696.05,3338.15,101.557,1722.43,,0,0,0,17.961,89.1,62.811,52.811,4.555,6621.935,6626.49,110796.512,14.81,12.67,1.332,6,300,2225.6,635.091,1025.546,937.775,646.153,207.289,853.442,7.039,6704.822,1.968,6706.79,111817.824,150,202.906,292.676,13.819,2.738,3.085,2.739,8674.935,350,0.814,2400.5,9,960.2,0,0,17.059,26.962,19.919,213.1,Mackay,Mackay,Pind,1958,LPOH_5_15,BareFallow,42,MW_Surf2,130_150,50,3,6,SWD_0_50_200_50_50,P2R,MW_01MayR6V1,MW_T3,2525.6,1237.775,1660.637,1867.926,19.642,5.823,8.20480297307669,0.118996955856403,13.5409333333333,0.677046666666667,0.500512552610569,17.224,3_6
01/08/1969,1969,213,1968,01-May,2,sugar,alive,0,0,2,334,4.447,1966,1/9/1968,121,0,0,181,1969,14,2616,5455.88,4852.6,5947.54,4021.23,123.974,2134.64,,0,0,0,18.279,112.4,56.332,46.332,1.968,6704.822,6706.79,111817.824,18.37,16.16,1.36,6,300,962.4,130.731,128.694,800.787,797.959,176.65,974.608,0.443,6709.579,3.12,6712.7,111891.576,150,255.093,313.837,5.915,0.105,0.395,1.25,8980.945,350,0.772,2114.7,7.9,845.9,0,0,18.545,27.868,19.976,55.6,Mackay,Mackay,Pind,1958,LPOH_5_15,BareFallow,42,MW_Surf2,130_150,50,3,6,SWD_0_50_200_50_50,P2R,MW_01MayR6V1,MW_T3,1262.4,1100.787,259.425,436.075,6.415,0.5,11.2623059683663,0.127203963029238,16.5298666666667,0.826493333333333,0.485995303673562,21.346,3_6
01/07/1970,1970,182,1969,01-May,2,sugar,alive,0,0,3,334,4.427,1966,1/8/1969,121,0,0,181,1970,14,2616,4365.8,3723.74,4769.61,3280.52,99.331,1598.49,,0,0,0,16.894,94.6,66.699,56.699,3.12,6709.579,6712.7,111891.576,15.36,13.01,1.365,6,300,1641.1,280.041,781.643,731.504,712.477,159.151,871.628,2.067,6768.034,1.343,6769.376,112797.658,150,218.187,302.584,5.359,0.225,1.851,1.123,9712.999,350,0.787,2209.1,8.3,883.7,0,0,18.06,27.974,20.617,411.7,Mackay,Mackay,Pind,1958,LPOH_5_15,BareFallow,42,MW_Surf2,130_150,50,3,6,SWD_0_50_200_50_50,P2R,MW_01MayR6V1,MW_T3,1941.1,1031.504,1061.684,1220.835,7.435,2.076,9.6297251392142,0.113960313344684,13.2441333333333,0.662206666666667,0.455256270996897,15.985,3_6
01/07/1971,1971,182,1970,01-May,2,sugar,alive,0,0,4,365,4.449,1966,1/7/1970,121,0,0,181,1971,14,2616,5105.54,4393.92,5484.74,3840.74,116.709,1726.96,,0,0,0,15.3,121.2,56.487,46.487,1.343,6768.034,6769.376,112797.658,19.21,16.61,1.382,6,300,1633.5,348.847,553.768,928.677,796.132,198.459,994.591,2.974,6769.614,2.197,6771.811,112860.14,150,260.972,331.83,8.932,0.208,2.071,1.835,9472.073,350,0.824,2483.9,9.2,993.5,0,0,17.125,27.326,19.196,129.3,Mackay,Mackay,Pind,1958,LPOH_5_15,BareFallow,42,MW_Surf2,130_150,50,3,6,SWD_0_50_200_50_50,P2R,MW_01MayR6V1,MW_T3,1933.5,1228.677,902.615,1101.074,11.211,2.279,9.49875353734138,0.11734371213896,15.5612,0.77806,0.447208895973514,17.27,3_6
01/07/1972,1972,183,1971,01-May,2,sugar,alive,0,0,5,366,4.494,1966,1/7/1971,121,0,0,181,1972,14,2616,5324.24,4701.78,5830.77,4001.28,122.895,2045.61,,0,0,0,17.574,126.2,74.781,64.781,2.197,6769.614,6771.811,112860.14,19.14,16.86,1.384,6,300,2077.4,506.151,832.112,1019.223,838.964,193.531,1032.494,3.551,6777.319,3.278,6780.597,113155.88,150,261.776,351.432,16.8,0.491,2.903,3.321,10366.445,350,0.771,2104.4,7.8,841.8,0,0,17.741,27.479,19.215,183.4,Mackay,Mackay,Pind,1958,LPOH_5_15,BareFallow,42,MW_Surf2,130_150,50,3,6,SWD_0_50_200_50_50,P2R,MW_01MayR6V1,MW_T3,2377.4,1319.223,1338.263,1531.794,20.194,3.394,9.31571083888016,0.119027326066786,16.386,0.8193,0.469466261230976,20.456,3_6
01/07/1973,1973,182,1972,01-May,2,sugar,alive,0,0,6,365,4.486,1966,1/7/1972,121,0,0,181,1973,14,2616,4469.46,3952.39,5009.17,3280.87,100.77,1524.16,,0,0,0,15.704,112.8,63.423,53.423,3.278,6777.319,6780.597,113155.88,17.1,15.21,1.388,6,300,1091.3,282.029,234.648,712.924,665.403,190.453,855.856,0.706,6817.34,5.011,6822.351,113486.187,150,232.003,319.727,5.382,0.158,0.907,1.296,10085.614,350,0.691,1679.3,6.3,671.7,0,0,17.985,27.773,19.988,148.3,Mackay,Mackay,Pind,1958,LPOH_5_15,BareFallow,42,MW_Surf2,130_150,50,3,6,SWD_0_50_200_50_50,P2R,MW_01MayR6V1,MW_T3,1391.3,1012.924,516.677,707.13,6.447,1.065,9.94842653545577,0.117741769643491,13.436,0.6718,0.434347831709073,15.242,3_6
01/05/1974,1974,121,0,01-May,2,none,out,0,0,-1,0,6,1966,0.000,121,0,0,181,-1,14,2616,0,0,0,0,0,0,,0,0,0,0,0,64.191,54.191,5.011,6817.34,6822.351,113486.187,0,0,1.401,0,0,3066.1,951.784,1628.076,896.976,0,398.676,398.676,9.482,6869.968,70.97,6940.938,113482.183,0,0,149.827,27.023,3.451,8.018,3.953,9664.413,350,0.002,3,0,1.2,0,0,19.459,27.645,18.519,199.6,Mackay,Mackay,Pind,1958,LPOH_5_15,BareFallow,42,MW_Surf2,130_150,50,3,6,SWD_0_50_200_50_50,P2R,MW_01MayR6V1,MW_T3,3066.1,896.976,2579.86,2978.536,38.492,11.469,0,0,0,,,0,3_6
01/09/1975,1975,244,1974,01-May,3,sugar,alive,2,0,0,488,4.631,1974,1/5/1974,121,0,0,181,1975,14,2616,5866.43,5204.49,5982.59,4591.54,141.548,2473.59,,0,0,0,18.595,183.2,151.755,151.755,70.97,6869.968,6940.938,113482.183,25.95,23.53,1.403,6,300,1898.4,94.761,943.906,931.324,818.01,452.324,1270.334,29.865,6641.457,35.686,6677.143,111590.477,130,348.663,394.636,55.451,2.964,18.648,10.362,4708.18,350,0.843,2641,9.7,1056.4,0,0,16.451,26.376,18.682,139.4,Mackay,Mackay,Pind,1958,LPOH_5_15,BareFallow,42,MW_Surf2,130_150,50,3,6,SWD_0_50_200_50_50,P2R,MW_01MayR6V1,MW_T3,2198.4,1231.324,1038.667,1490.991,77.063,21.612,11.4955933612924,0.111425813998523,18.8730666666667,1.08883076923077,0.405973676587421,24.736,3_6
01/09/1976,1976,245,1975,01-May,3,sugar,alive,0,0,1,366,4.47,1974,1/9/1975,121,0,0,181,1976,14,2616,4190.69,3753.46,4599.83,3166.34,97.68,1845.4,,0,0,0,20.338,73.6,58.835,48.835,35.686,6641.457,6677.143,111590.477,11.99,10.39,1.362,2,100,2275.4,765.113,853.633,1049.758,596.692,157.742,754.435,1.082,6730.079,3.118,6733.198,112358.111,150,163.709,255.327,32.596,26.502,1.373,6.184,8688.371,350,0.784,2187.5,8.5,875,0,0,17.791,26.806,18.215,161.4,Mackay,Mackay,Pind,1958,LPOH_5_15,BareFallow,42,MW_Surf2,130_150,50,3,6,SWD_0_50_200_50_50,P2R,MW_01MayR6V1,MW_T3,2375.4,1149.758,1618.746,1776.488,60.471,27.875,8.49570083443646,0.129474374863308,17.76,0.6512,0.596668478825233,18.454,3_6
01/08/1977,1977,213,1976,01-May,3,sugar,alive,0,0,2,334,4.415,1974,1/9/1976,121,0,0,181,1977,14,2616,4172.26,3704.2,4619.24,3077.56,95.064,1542.35,,0,0,0,17.056,84.1,55.054,45.054,3.118,6730.079,6733.198,112358.111,13.92,12.21,1.388,5,250,1974.4,630.415,792.904,923.827,594.897,186.367,781.264,2.438,6732.773,3.261,6736.034,112405.098,150,195.635,296.017,35.133,8.917,2.803,6.544,8019.667,350,0.732,1882,7,752.8,0,0,18.526,27.68,19.116,166.6,Mackay,Mackay,Pind,1958,LPOH_5_15,BareFallow,42,MW_Surf2,130_150,50,3,6,SWD_0_50_200_50_50,P2R,MW_01MayR6V1,MW_T3,2224.4,1173.827,1423.319,1609.686,46.853,11.72,8.09863804461816,0.121679739499068,13.5805714285714,0.63376,0.485925320111432,15.423,3_6
01/07/1978,1978,182,1977,01-May,3,sugar,alive,0,0,3,334,4.412,1974,1/8/1977,121,0,0,181,1978,14,2616,4179.41,3603.64,4556.12,3057.21,93.251,1532.2,,0,0,0,17.31,82.4,59.872,49.872,3.261,6732.773,6736.034,112405.098,14.54,12.43,1.391,6,300,1299.4,203.938,573.723,680.496,618.389,177.908,796.297,1.603,6777.961,3.81,6781.771,113057.614,150,199.171,271.857,9.398,0.596,1.292,1.749,7779.833,350,0.735,1897.3,7.2,758.9,0,0,18.142,27.79,20.713,300,Mackay,Mackay,Pind,1958,LPOH_5_15,BareFallow,42,MW_Surf2,130_150,50,3,6,SWD_0_50_200_50_50,P2R,MW_01MayR6V1,MW_T3,1599.4,980.496,777.661,955.569,11.286,1.888,9.51059463781596,0.117105803487895,12.4334666666667,0.621673333333333,0.468195671056529,15.322,3_6
01/07/1979,1979,182,1978,01-May,3,sugar,alive,0,0,4,365,4.478,1974,1/7/1978,121,0,0,181,1979,14,2616,5511.58,4917.33,6024.35,4138,127.993,2046.62,,0,0,0,16.768,124.7,67.314,57.314,3.81,6777.961,6781.771,113057.614,18.94,16.76,1.402,5,250,2906,448.401,1659.125,1018.294,773.953,196.265,970.218,9.921,6769.448,1.979,6771.427,113004.596,150,261.193,330.222,17.663,0.795,5.115,3.483,9500.466,350,0.747,1960.7,7.3,784.3,0,0,18.058,26.672,18.176,509.4,Mackay,Mackay,Pind,1958,LPOH_5_15,BareFallow,42,MW_Surf2,130_150,50,3,6,SWD_0_50_200_50_50,P2R,MW_01MayR6V1,MW_T3,3156,1268.294,2107.526,2303.791,23.573,5.91,10.0917452893414,0.1319218979652,18.2847142857143,0.853286666666667,0.490032274984399,20.466,3_6
01/07/1980,1980,183,1979,01-May,3,sugar,alive,0,0,5,366,4.517,1974,1/7/1979,121,0,0,181,1980,14,2616,5535.13,4934.02,6102.84,4201.24,129.694,2250.8,,0,0,0,18.446,115,130.57,120.57,1.979,6769.448,6771.427,113004.596,17.43,15.22,1.401,6,300,1248.6,184.941,403.535,809.809,814.532,171.058,985.591,1.029,6800.971,3.942,6804.913,113449.058,150,246.394,317.727,1.874,0.123,0.876,0.695,10529.057,350,0.776,2139.1,7.9,855.7,0,0,18.395,27.626,19.976,215.6,Mackay,Mackay,Pind,1958,LPOH_5_15,BareFallow,42,MW_Surf2,130_150,50,3,6,SWD_0_50_200_50_50,P2R,MW_01MayR6V1,MW_T3,1548.6,1109.809,588.476,759.534,2.873,0.999,11.6861550050504,0.131590081484104,17.2925333333333,0.864626666666667,0.52636833689132,22.508,3_6
01/07/1981,1981,182,1980,01-May,3,sugar,alive,0,0,6,365,4.48,1974,1/7/1980,121,0,0,181,1981,14,2616,5090.08,4554.14,5698.54,3795.82,117.429,2016.84,,0,0,0,18.225,111.6,87.104,77.104,3.942,6800.971,6804.913,113449.058,17.24,15.27,1.411,6,300,1619.3,544.053,439.687,955.346,752.62,164.655,917.275,1.173,6820.698,4.638,6825.337,113681.877,150,240.412,326.215,14.034,0.305,1.214,2.875,10457.68,350,0.748,1968.9,7.3,787.6,0,0,18.21,27.259,19.351,101.3,Mackay,Mackay,Pind,1958,LPOH_5_15,BareFallow,42,MW_Surf2,130_150,50,3,6,SWD_0_50_200_50_50,P2R,MW_01MayR6V1,MW_T3,1919.3,1255.346,983.74,1148.395,15.553,1.519,9.35431347214234,0.128019405303753,15.6572,0.78286,0.488448995890388,20.168,3_6
01/05/1982,1982,121,0,01-May,3,none,out,0,0,-1,0,6,1974,0.000,121,0,0,181,-1,14,2616,0,0,0,0,0,0,,0,0,0,0,0,87.389,77.389,4.638,6820.698,6825.337,113681.877,0,0,1.419,0,0,1203.3,557.49,317.227,707.892,0,264.704,264.704,0.579,6899.118,53.324,6952.443,114098.485,0,0,136.655,27.608,4.328,2.806,4.502,10131.039,350,0.006,9.1,0,3.6,0,0,19.439,28.196,20.566,222,Mackay,Mackay,Pind,1958,LPOH_5_15,BareFallow,42,MW_Surf2,130_150,50,3,6,SWD_0_50_200_50_50,P2R,MW_01MayR6V1,MW_T3,1203.3,707.892,874.717,1139.421,34.742,7.134,0,0,0,,,0,3_6
01/09/1983,1983,244,1982,01-May,4,sugar,alive,0,0,0,488,4.625,1982,1/5/1982,121,0,0,181,1983,14,2616,6128.67,5510.53,6339.15,4855.15,149.826,2385.03,,0,0,0,16.68,185.8,151.269,151.269,53.324,6899.118,6952.443,114098.485,26.06,23.8,1.427,6,300,1510.9,233.716,440.05,1022.605,815.201,395.377,1210.577,4.1,6715.803,6.181,6721.985,112471.955,130,356.833,355.612,30.854,7.653,2.686,5.912,4999.935,350,0.839,2607.8,9.6,1043.1,0,0,16.662,26.055,19.196,156,Mackay,Mackay,Pind,1958,LPOH_5_15,BareFallow,42,MW_Surf2,130_150,50,3,6,SWD_0_50_200_50_50,P2R,MW_01MayR6V1,MW_T3,1810.9,1322.605,673.766,1069.143,41.193,10.339,11.3280987142798,0.123764122397832,19.9768,1.15250769230769,0.419877085359258,23.85,3_6
01/09/1984,1984,245,1983,01-May,4,sugar,alive,0,0,1,366,4.481,1982,1/9/1983,121,0,0,181,1984,14,2616,4681.02,4107.52,5029.88,3552.08,108.459,1877.39,,0,0,0,18.391,82.4,59.826,49.826,6.181,6715.803,6721.985,112471.955,13.76,11.66,1.395,6,300,689.2,95.036,55.228,606.038,660.521,166.248,826.769,0.092,6791.065,4.991,6796.056,113439.912,150,191.305,279.678,15.762,1.992,0.137,3.067,8867.584,350,0.846,2668,10.1,1067.2,0,0,18.315,27.231,19.32,62,Mackay,Mackay,Pind,1958,LPOH_5_15,BareFallow,42,MW_Surf2,130_150,50,3,6,SWD_0_50_200_50_50,P2R,MW_01MayR6V1,MW_T3,989.2,906.038,150.264,316.512,17.891,2.129,11.9706899710608,0.13118416389584,14.4612,0.72306,0.566942839967591,18.774,3_6
01/08/1985,1985,213,1984,01-May,4,sugar,alive,0,0,2,334,4.438,1982,1/9/1984,121,0,0,181,1985,14,2616,5276.59,4758.01,5846.03,3989.02,124.161,2090.32,,0,0,0,17.808,109.2,53.993,43.993,4.991,6791.065,6796.056,113439.912,17.31,15.41,1.417,6,300,1609.6,352.018,582.954,894.512,749.254,176.215,925.469,2.17,6794.454,3.742,6798.196,113425.429,150,243.958,322.09,12.563,2.738,1.608,2.371,9301.707,350,0.778,2151.8,8,860.7,0,0,18.765,27.514,19.449,365,Mackay,Mackay,Pind,1958,LPOH_5_15,BareFallow,42,MW_Surf2,130_150,50,3,6,SWD_0_50_200_50_50,P2R,MW_01MayR6V1,MW_T3,1909.6,1194.512,934.972,1111.187,16.909,4.346,10.3942865370963,0.134160085318903,16.5548,0.82774,0.508944162519778,20.903,3_6
01/07/1986,1986,182,1985,01-May,4,sugar,alive,0,0,3,334,4.452,1982,1/8/1985,121,0,0,181,1986,14,2616,5352.94,4767.88,5943.88,3963.8,122.764,2130.52,,0,0,0,18.446,114.5,85.152,75.152,3.742,6794.454,6798.196,113425.429,18.26,16.11,1.419,6,300,1353,353.678,356.16,899.459,757.991,169.272,927.263,0.66,6807.786,2.762,6810.548,113658.014,150,253.082,328.392,8.775,1.091,0.682,1.648,9912.918,350,0.731,1876.3,7,750.5,0,0,19.037,27.651,19.903,134,Mackay,Mackay,Pind,1958,LPOH_5_15,BareFallow,42,MW_Surf2,130_150,50,3,6,SWD_0_50_200_50_50,P2R,MW_01MayR6V1,MW_T3,1653,1199.459,709.838,879.11,10.548,1.773,10.2349475888713,0.132393937857976,16.3685333333333,0.818426666666667,0.485075983278147,21.305,3_6
01/07/1987,1987,182,1986,01-May,4,sugar,alive,0,0,4,365,4.544,1982,1/7/1986,121,0,0,181,1987,14,2616,4932.23,4379.41,5498.22,3737.87,115.068,2045.43,,0,0,0,18.964,121.9,83.051,73.051,2.762,6807.786,6810.548,113658.014,17.6,15.57,1.424,6,300,756.7,26.177,39.597,712.122,728.378,192.174,920.552,0.099,6832.829,2.953,6835.782,114050.442,150,245.716,331.42,14.898,0.053,0.093,3.028,10554.478,350,0.75,1981.1,7.4,792.4,0,0,19.257,27.916,19.78,55,Mackay,Mackay,Pind,1958,LPOH_5_15,BareFallow,42,MW_Surf2,130_150,50,3,6,SWD_0_50_200_50_50,P2R,MW_01MayR6V1,MW_T3,1056.7,1012.122,65.774,257.948,15.044,0.146,11.3689851618678,0.124998913695261,15.3424,0.76712,0.468296732813492,20.454,3_6
01/07/1988,1988,183,1987,01-May,4,sugar,alive,0,0,5,366,4.514,1982,1/7/1987,121,0,0,181,1988,14,2616,5836.04,5185.68,6398.05,4388.71,135.106,2388.97,,0,0,0,18.849,120.7,135.425,125.425,2.953,6832.829,6835.782,114050.442,18.73,16.35,1.43,6,300,1598.2,235.762,643.631,894.102,846.664,169.443,1016.107,1.68,6844.252,2.013,6846.266,114247.043,150,256.555,324.174,6.215,0.49,1.164,1.484,10177.425,350,0.807,2347.8,8.7,939.1,0,0,18.474,27.344,19.667,293.4,Mackay,Mackay,Pind,1958,LPOH_5_15,BareFallow,42,MW_Surf2,130_150,50,3,6,SWD_0_50_200_50_50,P2R,MW_01MayR6V1,MW_T3,1898.2,1194.102,879.393,1048.836,7.869,1.654,11.3144438247319,0.132964343322111,18.0141333333333,0.900706666666667,0.526616125197326,23.89,3_6
01/07/1989,1989,182,1988,01-May,4,sugar,alive,0,0,6,365,4.511,1982,1/7/1988,121,0,0,181,1989,14,2616,5017.09,4464.24,5600.1,3793.18,117.214,2152,,0,0,0,19.682,105.9,120.125,110.125,2.013,6844.252,6846.266,114247.043,16.21,14.19,1.434,3,150,2493.7,908.263,874.304,1343.497,712.557,144.727,857.284,1.865,6881.393,4.143,6885.536,114641.467,150,227.936,317.265,12.701,2.195,4.191,2.64,10968.55,350,0.741,1930.7,7.2,772.3,0,0,18.823,26.928,18.87,197,Mackay,Mackay,Pind,1958,LPOH_5_15,BareFallow,42,MW_Surf2,130_150,50,3,6,SWD_0_50_200_50_50,P2R,MW_01MayR6V1,MW_T3,2643.7,1493.497,1782.567,1927.294,19.087,6.386,7.84829162696678,0.136727152262261,19.5356666666667,0.781426666666667,0.514240839533904,21.52,3_6
01/05/1990,1990,121,0,01-May,4,none,out,0,0,-1,0,6,1982,0.000,121,0,0,181,-1,14,2616,0,0,0,0,0,0,,0,0,0,0,0,114.973,104.973,4.143,6881.393,6885.536,114641.467,0,0,1.446,0,0,1291.8,548.761,465.406,582.91,0,218.297,218.297,1.78,6954.064,40.614,6994.678,114999.477,0,0,130.358,34.075,11.55,1.58,5.831,9857.523,350.149,0.008,12,0.1,4.8,0,0,18.785,27.847,20.741,130,Mackay,Mackay,Pind,1958,LPOH_5_15,BareFallow,42,MW_Surf2,130_150,50,3,6,SWD_0_50_200_50_50,P2R,MW_01MayR6V1,MW_T3,1291.8,582.91,1014.167,1232.464,47.205,13.13,0,0,0,,,0,3_6
01/09/1991,1991,244,1990,01-May,5,sugar,alive,0,0,0,488,4.644,1990,1/5/1990,121,0,0,181,1991,14,2616,4314.3,3760.7,4369.8,3474.25,104.685,1402.69,,0,0,0,13.581,142.2,174.31,174.31,40.614,6954.064,6994.678,114999.477,22.04,20.02,1.458,6,300,3391.8,460.807,2353.426,825.712,572.962,416.061,989.023,54.042,6779.33,6.116,6785.446,113497.445,130,299.471,338.407,34.53,17.168,20.279,6.379,4356.711,352.197,0.894,3200.5,11.7,1280.2,0,0,17.035,26.151,18.614,298.2,Mackay,Mackay,Pind,1958,LPOH_5_15,BareFallow,42,MW_Surf2,130_150,50,3,6,SWD_0_50_200_50_50,P2R,MW_01MayR6V1,MW_T3,3691.8,1125.712,2814.233,3230.294,71.977,37.447,9.2994478161377,0.105846881215098,13.958,0.805269230769231,0.349566402089017,14.027,3_6
01/09/1992,1992,245,1991,01-May,5,sugar,alive,0,0,1,366,4.486,1990,1/9/1991,121,0,0,181,1992,14,2616,4874.71,4163.62,5016.41,3771.95,113.949,1982.44,,0,0,0,18.499,99.9,44.854,34.854,6.116,6779.33,6785.446,113497.445,16.75,14.15,1.424,6,300,803.3,84.153,65.74,715.188,710.798,225.652,936.45,0.507,6814.422,11.871,6826.293,114107.879,150,225.949,292.004,12.865,1.763,0.396,2.537,7156.984,353.766,0.918,3573.6,13.3,1429.5,0,0,18.442,27.896,20.861,174,Mackay,Mackay,Pind,1958,LPOH_5_15,BareFallow,42,MW_Surf2,130_150,50,3,6,SWD_0_50_200_50_50,P2R,MW_01MayR6V1,MW_T3,1103.3,1015.188,149.893,375.545,15.024,2.159,11.224423456542,0.121681883709755,15.1932,0.75966,0.504312920172251,19.824,3_6
01/08/1993,1993,213,1992,01-May,5,sugar,alive,0,0,2,334,4.436,1990,1/9/1992,121,0,0,181,1993,14,2616,5157.53,4624.04,5661.35,3818.37,118.795,2278.47,,0,0,0,20.691,101.4,43.81,33.81,11.871,6814.422,6826.293,114107.879,16.68,14.72,1.434,6,300,1193.1,200.175,355.042,759.723,708.355,183.201,891.556,0.427,6848.999,6.318,6855.317,114234.777,150,231.941,311.034,9.765,4.261,0.367,2.089,9195.767,355.229,0.689,1668.5,6.3,667.4,0,0,19.307,27.919,20.536,185,Mackay,Mackay,Pind,1958,LPOH_5_15,BareFallow,42,MW_Surf2,130_150,50,3,6,SWD_0_50_200_50_50,P2R,MW_01MayR6V1,MW_T3,1493.1,1059.723,555.217,738.418,14.393,4.628,11.2100048786334,0.133244574653751,15.8393333333333,0.791966666666667,0.512177665871924,22.785,3_6
01/07/1994,1994,182,1993,01-May,5,sugar,alive,0,0,3,334,4.44,1990,1/8/1993,121,0,0,181,1994,14,2616,5453.53,4888.57,6049.6,4110.74,128.166,2376.18,,0,0,0,19.904,114.1,72.137,62.137,6.318,6848.999,6855.317,114234.777,17.93,15.86,1.446,5,250,1111.4,211.479,194.501,863.936,764.445,181.694,946.139,0.661,6856.045,4.881,6860.926,114430.38,150,249.176,335.825,15.679,1.906,0.561,3.12,9752.964,356.716,0.722,1827.5,6.8,731,0,0,19.091,27.65,20.238,141,Mackay,Mackay,Pind,1958,LPOH_5_15,BareFallow,42,MW_Surf2,130_150,50,3,6,SWD_0_50_200_50_50,P2R,MW_01MayR6V1,MW_T3,1361.4,1113.936,405.98,587.674,18.146,2.467,11.5056879389839,0.135462125543921,18.3094285714286,0.85444,0.514359328346229,23.762,3_6
01/07/1995,1995,182,1994,01-May,5,sugar,alive,0,0,4,365,4.511,1990,1/7/1994,121,0,0,181,1995,14,2616,5451.33,4824.27,6001.42,4173.43,128.712,2323.96,,0,0,0,19.308,113.2,66.419,56.419,4.881,6856.045,6860.926,114430.38,17.07,14.77,1.45,6,300,981.1,101.319,163.841,792.65,800.597,181.861,982.457,0.44,6895.047,3.932,6898.979,115080.039,150,241.442,314.325,3.166,0.342,0.419,0.863,10182.584,358.365,0.768,2088.3,7.8,835.3,0,0,18.418,27.531,20.482,112.5,Mackay,Mackay,Pind,1958,LPOH_5_15,BareFallow,42,MW_Surf2,130_150,50,3,6,SWD_0_50_200_50_50,P2R,MW_01MayR6V1,MW_T3,1281.1,1092.65,265.16,447.021,3.927,0.761,11.7798014002654,0.131010313937404,17.1616,0.85808,0.533096975671176,23.24,3_6
01/07/1996,1996,183,1995,01-May,5,sugar,alive,0,0,5,366,4.512,1990,1/7/1995,121,0,0,181,1996,14,2616,5589.35,4963.51,6157.5,4265.92,132.148,2474.85,,0,0,0,20.135,116.3,81.902,71.902,3.932,6895.047,6898.979,115080.039,17.65,15.36,1.459,6,300,1242.4,216.758,281.814,909.996,838.49,191.566,1030.056,0.736,6902.154,6.361,6908.514,115109.063,150,245.283,330.25,16.881,1.685,2.457,3.24,10506.925,360.044,0.776,2139,7.9,855.6,0,0,18.645,27.703,20.275,106,Mackay,Mackay,Pind,1958,LPOH_5_15,BareFallow,42,MW_Surf2,130_150,50,3,6,SWD_0_50_200_50_50,P2R,MW_01MayR6V1,MW_T3,1542.4,1209.996,498.572,690.138,21.023,4.142,10.9213584177138,0.128292054024247,17.6197333333333,0.880986666666667,0.538757272212098,24.748,3_6
01/07/1997,1997,182,1996,01-May,5,sugar,alive,0,0,6,365,4.481,1990,1/7/1996,121,0,0,181,1997,14,2616,6144.17,5501.32,6778.99,4742.77,147.365,2610.56,,0,0,0,18.889,126.5,77.674,67.674,6.361,6902.154,6908.514,115109.063,19.02,16.66,1.463,6,300,1483.2,260.99,393.079,1006.33,905.5,172.848,1078.348,1.166,6908.547,3.144,6911.692,115282.713,150,266.163,341.138,10.793,1.711,1.056,2.335,10948.635,361.751,0.782,2173,8.1,869.2,0,0,17.676,27.311,20.44,203,Mackay,Mackay,Pind,1958,LPOH_5_15,BareFallow,42,MW_Surf2,130_150,50,3,6,SWD_0_50_200_50_50,P2R,MW_01MayR6V1,MW_T3,1783.2,1306.33,654.069,826.917,13.56,2.767,11.2808402164844,0.136658110368823,19.6486666666667,0.982433333333333,0.553664483793766,26.106,3_6
01/05/1998,1998,121,0,01-May,5,none,out,0,0,-1,0,6,1990,0.000,121,0,0,181,-1,14,2616,0,0,0,0,0,0,,0,0,0,0,0,110.457,100.457,3.144,6908.547,6911.692,115282.713,0,0,1.466,0,0,1107.4,560.209,251.702,684.381,0,249.184,249.184,0.31,6999.538,63.679,7063.217,115751.015,0,0,137.579,15.132,1.532,1.452,2.257,11122.963,363.196,0.007,10.6,0,4.3,0,0,19.142,28.418,20.645,110,Mackay,Mackay,Pind,1958,LPOH_5_15,BareFallow,42,MW_Surf2,130_150,50,3,6,SWD_0_50_200_50_50,P2R,MW_01MayR6V1,MW_T3,1107.4,684.381,811.911,1061.095,18.116,2.984,0,0,0,,,0,3_6
01/09/1999,1999,244,1998,01-May,6,sugar,alive,0,0,0,488,4.676,1998,1/5/1998,121,0,0,181,1999,14,2616,7726.35,6783.44,7760.83,6301.54,191.501,3066.82,,0,0,0,16.798,179.5,156.762,156.762,63.679,6999.538,7063.217,115751.015,27.26,23.8,1.477,6,300,2495,413.141,1038.557,1317.281,1020.331,393.095,1413.426,17.589,6794.469,3.314,6797.782,114433.337,130,380.753,391.681,41.865,10.257,12.983,7.99,5840.17,365.55,0.967,4894.1,17.9,1957.7,0,0,17.699,26.305,17.572,166,Mackay,Mackay,Pind,1958,LPOH_5_15,BareFallow,42,MW_Surf2,130_150,50,3,6,SWD_0_50_200_50_50,P2R,MW_01MayR6V1,MW_T3,2795,1617.281,1451.698,1844.793,65.105,23.24,11.8409231296231,0.135487107213253,25.5334666666667,1.47308461538462,0.502953358213855,30.668,3_6
01/09/2000,2000,245,1999,01-May,6,sugar,alive,0,0,1,366,4.482,1998,1/9/1999,121,0,0,181,2000,14,2616,4081.46,3681.69,4592.31,3134.41,97.056,1887.1,,0,0,0,21.015,77.2,68.639,58.639,3.314,6794.469,6797.782,114433.337,11.89,10.43,1.437,4,200,2214.6,735.985,960.613,929.797,564.675,145.24,709.915,1.213,6914.792,3.978,6918.771,115233.858,150,182.766,269.808,2.327,1.627,0.96,0.702,10694.774,367.35,0.738,1910.7,7.5,764.3,0,0,17.954,26.784,18.581,187,Mackay,Mackay,Pind,1958,LPOH_5_15,BareFallow,42,MW_Surf2,130_150,50,3,6,SWD_0_50_200_50_50,P2R,MW_01MayR6V1,MW_T3,2414.6,1129.797,1696.598,1841.838,4.914,2.587,8.59056981032876,0.1367149588331,14.9316923076923,0.64704,0.531039690095532,18.871,3_6
01/08/2001,2001,213,2000,01-May,6,sugar,alive,0,0,2,334,4.408,1998,1/9/2000,121,0,0,181,2001,14,2616,5114.85,4639.48,5698.49,3802.19,119.313,2211.51,,0,0,0,19.898,106.2,64.727,54.727,3.978,6914.792,6918.771,115233.858,17.34,15.6,1.47,6,300,1677.7,512.286,529.423,929.521,702.462,204.996,907.458,0.564,6879.38,3.998,6883.378,114861.963,150,232.79,325.839,34.403,10.899,1.453,6.362,8276.39,369.026,0.695,1697.9,6.3,679.2,0,0,18.42,27.612,19.462,235,Mackay,Mackay,Pind,1958,LPOH_5_15,BareFallow,42,MW_Surf2,130_150,50,3,6,SWD_0_50_200_50_50,P2R,MW_01MayR6V1,MW_T3,1977.7,1229.521,1041.709,1246.705,46.755,12.352,9.70402294877436,0.131480465211613,15.9084,0.79542,0.512534902702006,22.115,3_6
01/07/2002,2002,182,2001,01-May,6,sugar,alive,0,0,3,334,4.488,1998,1/8/2001,121,0,0,181,2002,14,2616,4795.83,4184.63,5275.03,3605.72,110.022,1906.03,,0,0,0,18.409,112.4,75.26,65.26,3.998,6879.38,6883.378,114861.963,17.32,15.09,1.462,6,300,957,27.326,209.086,742.602,779.283,202.033,981.316,0.604,6906.246,5.019,6911.264,115447.28,150,245.482,319.041,3.923,0.265,0.345,0.959,9542.914,370.727,0.78,2163.2,8,865.3,0,0,18.886,29.145,21.222,143,Mackay,Mackay,Pind,1958,LPOH_5_15,BareFallow,42,MW_Surf2,130_150,50,3,6,SWD_0_50_200_50_50,P2R,MW_01MayR6V1,MW_T3,1257,1042.602,236.412,438.445,4.533,0.61,10.5526365765652,0.112116790106347,14.6696,0.73348,0.448187647159466,19.06,3_6
01/07/2003,2003,182,2002,01-May,6,sugar,alive,0,0,4,365,4.483,1998,1/7/2002,121,0,0,181,2003,14,2616,3530.84,3053.11,3977.58,2641.37,79.54,987.25,,0,0,0,12.367,99.1,96.532,86.532,5.019,6906.246,6911.264,115447.28,15.17,13.42,1.467,6,300,955.6,128.234,295.546,609.313,537.663,239.864,777.527,1.029,6966.724,3.004,6969.727,115977.019,150,207.413,283.316,7.338,0.717,0.882,1.705,9275.968,372.611,0.743,1940,7.3,776,0,0,17.799,27.882,20.51,113,Mackay,Mackay,Pind,1958,LPOH_5_15,BareFallow,42,MW_Surf2,130_150,50,3,6,SWD_0_50_200_50_50,P2R,MW_01MayR6V1,MW_T3,1255.6,909.313,423.78,663.644,8.937,1.599,8.74726304363844,0.102298698308869,10.6053333333333,0.530266666666667,0.38348608814298,9.873,3_6
01/07/2004,2004,183,2003,01-May,6,sugar,alive,0,0,5,366,4.537,1998,1/7/2003,121,0,0,181,2004,14,2616,5328.42,4535.33,5593.81,4084.39,123.159,2072.8,,0,0,0,17.801,151,132.825,122.825,3.004,6966.724,6969.727,115977.019,22.9,19.99,1.482,6,300,784.6,11.414,84.009,698.287,834.757,216.744,1051.501,0.593,6920.004,2.155,6922.159,115810.016,150,307.033,346.556,9.588,0.043,0.273,2.055,9026.312,374.525,0.828,2513.1,9.3,1005.2,0,0,18.332,28.403,20.241,59,Mackay,Mackay,Pind,1958,LPOH_5_15,BareFallow,42,MW_Surf2,130_150,50,3,6,SWD_0_50_200_50_50,P2R,MW_01MayR6V1,MW_T3,1084.6,998.287,95.423,312.167,9.904,0.316,12.3370333381082,0.117126850093343,16.4212,0.82106,0.401126263300688,20.728,3_6
04/07/2005,2005,185,2004,01-May,6,sugar,alive,0,0,6,368,4.488,1998,1/7/2004,121,0,3,181,2005,11,2616,5692.7,5033.43,6201.53,4282.92,132.212,2428.62,,0,0,0,19.694,131.7,52.502,42.502,2.155,6920.004,6922.159,115810.016,20.14,17.72,1.469,6,300,1334.2,84.819,411.295,899.024,862.361,209.095,1071.456,3.263,6943.008,2.139,6945.147,115888.534,150,265.958,350.55,6.259,0.237,1.477,1.482,10330.261,376.486,0.755,2007.2,7.5,802.9,0,0,17.806,28.047,20.126,202,Mackay,Mackay,Pind,1958,LPOH_5_15,BareFallow,42,MW_Surf2,130_150,50,3,6,SWD_0_50_200_50_50,P2R,MW_01MayR6V1,MW_T3,1634.2,1199.024,496.114,705.209,7.973,1.714,11.0266349964638,0.123394707762148,17.6282666666667,0.881413333333333,0.497116085998541,24.286,3_6
01/05/2006,2006,121,0,01-May,6,none,out,0,0,-1,0,6,1998,0.000,121,0,3,184,-1,11,2619,0,0,0,0,0,0,,0,0,0,0,0,101.132,91.132,2.139,6943.008,6945.147,115888.534,0,0,1.477,0,0,984.3,543.41,119.243,680.811,0,270.087,270.087,0.595,7021.861,63.129,7084.99,116026.903,0,0,152.395,26.473,4.288,0.7,4.18,10981.884,378.113,0.006,8.6,0,3.4,0,0,19.734,29.174,20.777,83,Mackay,Mackay,Pind,1958,LPOH_5_15,BareFallow,42,MW_Surf2,130_150,50,3,6,SWD_0_50_200_50_50,P2R,MW_01MayR6V1,MW_T3,984.3,680.811,662.653,932.74,31.461,4.988,0,0,0,,,0,3_6
01/09/2007,2007,244,2006,01-May,7,sugar,alive,0,0,0,488,4.633,2006,1/5/2006,121,0,0,181,2007,14,2616,7154.92,6456.81,7397.76,5759.6,178.412,2723.56,,0,0,0,15.877,187.5,152.692,152.692,63.129,7021.861,7084.99,116026.903,27.75,25.2,1.491,6,300,2239.3,338.601,870.63,1258.091,957.508,454.339,1411.847,12.472,6818.548,4.764,6823.312,114519.045,130,378.124,377.931,36.578,11.389,6.892,7.014,5167.649,380.787,0.915,3514,12.9,1405.6,0,0,16.709,26.209,18.446,257,Mackay,Mackay,Pind,1958,LPOH_5_15,BareFallow,42,MW_Surf2,130_150,50,3,6,SWD_0_50_200_50_50,P2R,MW_01MayR6V1,MW_T3,2539.3,1558.091,1209.231,1663.57,54.859,18.281,11.4506790681674,0.126367800476964,23.7882666666667,1.3724,0.471834636256889,27.236,3_6
01/09/2008,2008,245,2007,01-May,7,sugar,alive,0,0,1,366,4.479,2006,1/9/2007,121,0,0,181,2008,14,2616,4704.9,4262.4,5235.58,3624.46,112.568,2219.4,,0,0,0,21.351,82.8,52.915,42.915,4.764,6818.548,6823.312,114519.045,13.01,11.39,1.449,6,300,2385,503.727,1315.277,796.791,694.844,144.877,839.721,1.194,6915.61,4.172,6919.782,115359.901,150,191.255,272.78,10.24,3.421,1.243,1.983,10050.236,382.828,0.802,2312.2,9.1,924.9,0,0,17.603,27.205,19.093,532,Mackay,Mackay,Pind,1958,LPOH_5_15,BareFallow,42,MW_Surf2,130_150,50,3,6,SWD_0_50_200_50_50,P2R,MW_01MayR6V1,MW_T3,2685,1096.791,1819.004,1963.881,14.904,4.664,10.2633956697311,0.134054048904338,15.0090666666667,0.750453333333333,0.588575462079423,22.194,3_6
01/08/2009,2009,213,2008,01-May,7,sugar,alive,0,0,2,334,4.457,2006,1/9/2008,121,0,0,181,2009,14,2616,4410.73,3737.05,4728.65,3294.51,98.81,1541.17,,0,0,0,16.285,95,61.19,51.19,4.172,6915.61,6919.782,115359.901,15.68,13.21,1.477,6,300,1756,452.258,733.978,789.532,695.639,169.448,865.087,2.417,6931.005,3.498,6934.504,115796.687,150,226.946,295.364,12.107,0.201,2.494,2.395,8673.725,384.727,0.857,2776.1,10.3,1110.4,0,0,18.554,28.274,19.154,145,Mackay,Mackay,Pind,1958,LPOH_5_15,BareFallow,42,MW_Surf2,130_150,50,3,6,SWD_0_50_200_50_50,P2R,MW_01MayR6V1,MW_T3,2056,1089.532,1186.236,1355.684,14.802,2.695,9.06903147406409,0.114219725877282,13.1746666666667,0.658733333333333,0.435389916544024,15.412,3_6
01/07/2010,2010,182,2009,01-May,7,sugar,alive,0,0,3,334,4.448,2006,1/8/2009,121,0,0,181,2010,14,2616,4510.8,3907.53,4931.66,3350.27,102.7,1586.58,,0,0,0,16.102,108.7,47.867,37.867,3.498,6931.005,6934.504,115796.687,17.26,15.05,1.48,6,300,1856.7,447.878,830.475,785.326,660.198,190.026,850.224,6.679,6956.251,4.23,6960.481,115952.83,150,230.935,316.303,9.696,0.83,3.311,1.7,9006.229,386.651,0.715,1793.8,6.7,717.5,0,0,18.924,28.571,19.902,185,Mackay,Mackay,Pind,1958,LPOH_5_15,BareFallow,42,MW_Surf2,130_150,50,3,6,SWD_0_50_200_50_50,P2R,MW_01MayR6V1,MW_T3,2156.7,1085.326,1278.353,1468.379,13.837,4.141,9.46259464898104,0.120791697246843,13.6933333333333,0.684666666666667,0.444713880529153,15.866,3_6
01/07/2011,2011,182,2010,01-May,7,sugar,alive,0,0,4,365,4.475,2006,1/7/2010,121,0,0,181,2011,14,2616,4760.42,4304.87,5341.2,3570.99,111.685,2026.23,,0,0,0,19.415,109.5,57.991,47.991,4.23,6956.251,6960.481,115952.83,16.88,15.21,1.485,3,150,3875.8,1136.907,2026.976,1132.202,603.558,215.994,819.553,9.602,6950.837,3.098,6953.935,115740.739,150,222.554,327.99,32.711,15.108,8.01,5.913,9341.155,388.78,0.651,1503.3,5.6,601.3,0,0,18.918,26.832,17.085,220,Mackay,Mackay,Pind,1958,LPOH_5_15,BareFallow,42,MW_Surf2,130_150,50,3,6,SWD_0_50_200_50_50,P2R,MW_01MayR6V1,MW_T3,4025.8,1282.202,3163.883,3379.877,55.829,23.118,8.71040600467009,0.136275506282083,18.6141666666667,0.744566666666667,0.501833262938433,20.262,3_6
01/07/2012,2012,183,2011,01-May,7,sugar,alive,0,0,5,366,4.494,2006,1/7/2011,121,0,0,181,2012,14,2616,5810.01,5166.65,6337.03,4445.49,137.44,2424.34,,0,0,0,18.796,122.7,91.356,81.356,3.098,6950.837,6953.935,115740.739,18.81,16.45,1.486,6,300,2316.5,481.419,1087.337,1022.296,837.098,184.784,1021.881,3.727,6950.311,1.825,6952.136,116023.554,150,259.231,322.674,13.135,0.583,2.943,2.648,9615.137,390.94,0.783,2179.7,8.1,871.9,0,0,17.909,27.267,19.132,239,Mackay,Mackay,Pind,1958,LPOH_5_15,BareFallow,42,MW_Surf2,130_150,50,3,6,SWD_0_50_200_50_50,P2R,MW_01MayR6V1,MW_T3,2616.5,1322.296,1568.756,1753.54,16.661,3.526,10.3940418786716,0.134497069619652,18.3253333333333,0.916266666666667,0.530183504287682,24.243,3_6
01/07/2013,2013,182,2012,01-May,7,sugar,alive,0,0,6,365,4.497,2006,1/7/2012,121,0,0,181,2013,14,2616,5855.6,5223.37,6457.84,4497.21,139.382,2439.24,,0,0,0,18.625,124.4,99.218,89.218,1.825,6950.311,6952.136,116023.554,18.62,16.3,1.487,6,300,2091,496.815,860.104,1033.392,858.551,168.212,1026.763,2.486,6964.693,3.541,6968.234,116227.921,150,262.536,343.737,5.327,0.251,2.202,1.366,10995.956,393.132,0.76,2038.3,7.6,815.3,0,0,18.045,27.322,19.55,189,Mackay,Mackay,Pind,1958,LPOH_5_15,BareFallow,42,MW_Surf2,130_150,50,3,6,SWD_0_50_200_50_50,P2R,MW_01MayR6V1,MW_T3,2391,1333.392,1356.919,1525.131,7.78,2.453,10.4531900596374,0.135748950828964,18.5842666666667,0.929213333333333,0.530906237620745,24.392,3_6
01/05/2014,2014,121,0,01-May,7,none,out,0,0,-1,0,6,2006,0.000,121,0,0,181,-1,14,2616,0,0,0,0,0,0,,0,0,0,0,0,88.537,78.537,3.541,6964.693,6968.234,116227.921,0,0,1.492,0,0,1228,511.532,334.402,695.329,0,309.879,309.879,0.675,7034.715,63.567,7098.283,116430.465,0,0,157.35,30.254,3.838,1.817,4.302,10991.119,394.983,0.005,7.4,0,3,0,0,19.387,28.809,20.67,162,Mackay,Mackay,Pind,1958,LPOH_5_15,BareFallow,42,MW_Surf2,130_150,50,3,6,SWD_0_50_200_50_50,P2R,MW_01MayR6V1,MW_T3,1228,695.329,845.934,1155.813,35.909,5.655,0,0,0,,,0,3_6
01/09/2015,2015,244,2014,01-May,8,sugar,alive,0,0,0,488,4.689,2014,1/5/2014,121,0,0,181,2015,14,2616,4759.73,4230.73,4892.99,3857.4,117.42,1578.28,,0,0,0,13.633,163.7,160.724,160.724,63.567,7034.715,7098.283,116430.465,24.69,22.75,1.496,6,300,1054,64.853,226.013,840.744,686.707,473.323,1160.03,4.458,6860.115,23.95,6884.065,114820.842,130,336.376,349.055,38.098,1.753,4.902,7.008,4933.766,397.99,0.838,2598.9,9.5,1039.6,0,0,17.234,27.2,19.19,127,Mackay,Mackay,Pind,1958,LPOH_5_15,BareFallow,42,MW_Surf2,130_150,50,3,6,SWD_0_50_200_50_50,P2R,MW_01MayR6V1,MW_T3,1354,1140.744,290.866,764.189,44.753,6.655,10.2932822789337,0.1012215201331,15.656,0.903230769230769,0.349073655671035,15.783,3_6
01/09/2016,2016,245,2015,01-May,8,sugar,alive,0,0,1,366,4.528,2014,1/9/2015,121,0,0,181,2016,14,2616,6001.86,5317.35,6353.59,4591.31,141.163,2357.91,,0,0,0,17.645,119.2,45.828,35.828,23.95,6860.115,6884.065,114820.842,18.8,16.29,1.462,6,300,1800.8,230.603,714.035,1013.375,866.284,241.663,1107.947,12.702,6873.239,7.915,6881.154,115042.392,150,252.343,319.052,32.22,9.709,2.206,6.224,8352.667,400.283,0.819,2442.7,9,977.1,0,0,19.326,28.311,18.877,143,Mackay,Mackay,Pind,1958,LPOH_5_15,BareFallow,42,MW_Surf2,130_150,50,3,6,SWD_0_50_200_50_50,P2R,MW_01MayR6V1,MW_T3,2100.8,1313.375,944.638,1186.301,44.135,11.915,10.7481107832873,0.127409524101785,18.8217333333333,0.941086666666667,0.559409216819963,23.579,3_6
01/08/2017,2017,213,2016,01-May,8,sugar,alive,0,0,2,334,4.483,2014,1/9/2016,121,0,0,181,2017,14,2616,4412.33,3926.1,4942.06,3290.84,101.57,1862.83,,0,0,0,19.659,95.9,76.044,66.044,7.915,6873.239,6881.154,115042.392,14.85,13.07,1.469,4,200,2279.3,531.426,1124.775,943.423,671.815,148.299,820.115,2.747,6918.486,4.769,6923.255,115472.505,150,216.591,310.264,10.615,5.024,2.168,2.306,9997.59,402.412,0.732,1880.4,7.1,752.2,0,0,19.085,28.371,17.739,276,Mackay,Mackay,Pind,1958,LPOH_5_15,BareFallow,42,MW_Surf2,130_150,50,3,6,SWD_0_50_200_50_50,P2R,MW_01MayR6V1,MW_T3,2479.3,1143.423,1656.201,1804.5,17.807,7.192,8.88297681610393,0.123848484663736,15.6261538461538,0.677133333333333,0.468948386590394,18.628,3_6
01/07/2018,2018,182,2017,01-May,8,sugar,alive,0,0,3,334,4.443,2014,1/8/2017,121,0,0,181,2018,14,2616,4662.92,3999.17,5052.22,3462.71,105.299,1645.64,,0,0,0,16.323,110.2,67.029,57.029,4.769,6918.486,6923.255,115472.505,17.99,15.55,1.483,6,300,1171.2,312.934,251.449,796.646,711.567,175.95,887.516,0.975,6924.511,3.027,6927.538,115675.879,150,243.206,321.043,12.276,0.649,0.652,2.365,8852.789,404.569,0.779,2156.6,8,862.7,0,0,18.691,28.625,18.509,103,Mackay,Mackay,Pind,1958,LPOH_5_15,BareFallow,42,MW_Surf2,130_150,50,3,6,SWD_0_50_200_50_50,P2R,MW_01MayR6V1,MW_T3,1471.2,1096.646,564.383,740.333,13.577,1.301,9.60191347070978,0.118644621618089,14.0398666666667,0.701993333333333,0.43296218020937,16.456,3_6
01/07/2019,2019,182,2018,01-May,8,sugar,alive,0,0,4,365,4.517,2014,1/7/2018,121,0,0,181,2019,14,2616,5554.49,4915.26,6065.45,4152.3,127.733,2121.81,,0,0,0,17.532,126.8,68.33,58.33,3.027,6924.511,6927.538,115675.879,19.43,17.09,1.484,6,300,1616.7,368.234,545.612,945.566,796.158,182.708,978.866,2.902,6938.253,2.882,6941.135,115873.897,150,264.56,336.415,7.508,0.297,1.669,1.614,10042.07,406.953,0.745,1953.3,7.2,781.3,0,0,18.518,27.946,17.42,123,Mackay,Mackay,Pind,1958,LPOH_5_15,BareFallow,42,MW_Surf2,130_150,50,3,6,SWD_0_50_200_50_50,P2R,MW_01MayR6V1,MW_T3,1916.7,1245.566,913.846,1096.554,9.474,1.966,10.2550165948653,0.130490792406724,17.0310666666667,0.851553333333333,0.482812972482613,21.218,3_6
01/07/2020,2020,183,2019,01-May,8,sugar,alive,0,0,5,366,4.518,2014,1/7/2019,121,0,0,181,2020,14,2616,5692.83,5035.91,6238.52,4346.65,133.994,2274.77,,0,0,0,17.981,129.1,74.319,64.319,2.882,6938.253,6941.135,115873.897,19.33,16.93,1.486,6,300,1586,291.132,521.43,938.572,883.112,171.304,1054.416,1.715,6953.551,2.744,6956.295,116250.869,150,267.635,344.107,4.043,0.14,1.424,1.043,10893.776,409.37,0.753,1999.2,7.4,799.7,0,0,18.059,28.115,18.63,167,Mackay,Mackay,Pind,1958,LPOH_5_15,BareFallow,42,MW_Surf2,130_150,50,3,6,SWD_0_50_200_50_50,P2R,MW_01MayR6V1,MW_T3,1886,1238.572,812.562,983.866,5.607,1.564,10.8184263813488,0.127078875889592,17.8658666666667,0.893293333333334,0.500659480262298,22.748,3_6
01/07/2021,2021,182,2020,01-May,8,sugar,alive,0,0,6,365,4.522,2014,1/7/2020,121,0,0,181,2021,14,2616,5498.68,4906.1,6105.19,4162.8,128.865,2168.37,,0,0,0,17.797,135.1,75.342,65.342,2.744,6953.551,6956.295,116250.869,19.91,17.74,1.489,6,300,1294.6,221.788,341.369,858.538,809.56,165.951,975.511,0.928,6957.09,2.126,6959.216,116199.279,150,273.006,356.425,8.407,0.095,0.936,1.839,11079.589,411.819,0.723,1832.4,6.8,732.9,0,0,18.525,27.767,17,146,Mackay,Mackay,Pind,1958,LPOH_5_15,BareFallow,42,MW_Surf2,130_150,50,3,6,SWD_0_50_200_50_50,P2R,MW_01MayR6V1,MW_T3,1594.6,1158.538,563.157,729.108,9.438,1.031,11.1230706286717,0.132099996822178,17.182,0.8591,0.472022592910046,21.684,3_6
01/05/2022,2022,121,0,01-May,8,none,out,0,0,-1,0,6,2014,0.000,121,0,0,181,-1,14,2616,0,0,0,0,0,0,,0,0,0,0,0,113.273,103.273,2.126,6957.09,6959.216,116199.279,0,0,1.491,0,0,1029,442.415,199.558,700.058,0,298.046,298.046,1.67,7009.372,91.115,7100.487,116094.553,0,0,172.306,29.56,0.699,1.154,4.814,10984.55,413.886,0.005,6.7,0,2.7,0,0,19.468,28.982,18.458,124,Mackay,Mackay,Pind,1958,LPOH_5_15,BareFallow,42,MW_Surf2,130_150,50,3,6,SWD_0_50_200_50_50,P2R,MW_01MayR6V1,MW_T3,1029,700.058,641.973,940.019,31.413,1.853,0,0,0,,,0,3_6
03/05/1959,1959,123,0,01-May,0,none,out,0,0,-1,0,6,-1,0.000,123,2,0,183,-1,12,2616,0,0,0,0,0,0,,0,0,0,0,0,0,0,0,0,0,0,0,0,1.327,0,0,1159.2,0,681.419,477.781,0,332.628,332.628,31.665,6521.77,117.969,6639.74,109047.536,0,0,118.976,14.235,0,13.717,2.834,1251.724,350,0,0.1,0,0,0,0,20.967,28.753,18.131,175.5,Mackay,Mackay,Pind,1959,LPOH_5_15,BareFallow,42,MW_Surf2,130_150,50,3,6,SWD_0_50_200_50_50,P2R,MW_01MayR6V1,MW_T3,1159.2,477.781,681.419,1014.047,27.952,13.717,0,0,0,,,0,3_6
03/09/1960,1960,247,1959,01-May,1,sugar,alive,0,0,0,489,4.587,1959,3/5/1959,123,2,0,183,1960,12,2616,5889.11,5147.39,5925.27,4711.88,142.993,2377.02,,0,0,0,17.547,129.3,174.953,174.953,117.969,6521.77,6639.74,109047.536,20.47,17.75,1.304,6,300,2371.2,327.791,1190.723,1049.756,852.72,407.061,1259.781,24.487,6456.109,5.709,6461.818,109286.32,130,283.201,239.834,33.579,23.597,4.707,6.54,3044.003,350,0.939,4002.2,14.7,1600.9,0,0,15.653,25.968,18.636,235.7,Mackay,Mackay,Pind,1959,LPOH_5_15,BareFallow,42,MW_Surf2,130_150,50,3,6,SWD_0_50_200_50_50,P2R,MW_01MayR6V1,MW_T3,2671.2,1349.756,1518.514,1925.575,61.883,28.304,10.5939888394643,0.113506236401406,19.0657333333333,1.09994615384615,0.504917002411715,23.77,3_6
03/09/1961,1961,246,1960,01-May,1,sugar,alive,0,0,1,365,4.406,1959,3/9/1960,123,2,0,183,1961,12,2616,3525.61,3190.66,3959.86,2651.06,82.363,1598.73,,0,0,0,20.975,58.1,49.859,39.859,5.709,6456.109,6461.818,109286.32,9.73,8.5,1.284,6,300,1045.1,302.376,264.863,672.803,547.072,177.861,724.933,0.21,6575.026,4.405,6579.431,109945.068,150,147.607,239.077,7.173,4.156,0.363,1.444,8620.208,350,0.693,1685.7,6.8,674.3,0,0,16.602,26.984,19.93,136.7,Mackay,Mackay,Pind,1959,LPOH_5_15,BareFallow,42,MW_Surf2,130_150,50,3,6,SWD_0_50_200_50_50,P2R,MW_01MayR6V1,MW_T3,1345.1,972.803,567.239,745.1,11.692,4.519,8.46656517301036,0.113614637490637,10.9817333333333,0.549086666666667,0.557988442282548,15.987,3_6
03/08/1962,1962,215,1961,01-May,1,sugar,alive,0,0,2,334,4.395,1959,3/9/1961,123,2,0,183,1962,12,2616,4780.82,4250.88,5211.53,3468.67,107.191,1826.46,,0,0,0,18.058,86.6,84.787,74.787,4.405,6575.026,6579.431,109945.068,15.25,13.31,1.315,6,300,1271.7,351.867,318.397,824.522,702.725,201.14,903.865,1.215,6567.881,5.282,6573.163,109942.918,150,211.791,284.701,23.481,6.688,0.96,4.473,7334.751,350,0.733,1886.1,7,754.4,0,0,18.01,27.558,19.745,153.2,Mackay,Mackay,Pind,1959,LPOH_5_15,BareFallow,42,MW_Surf2,130_150,50,3,6,SWD_0_50_200_50_50,P2R,MW_01MayR6V1,MW_T3,1571.7,1124.522,670.264,871.404,31.129,7.648,9.53213898883259,0.118591825106625,14.2921333333333,0.714606666666667,0.506116879376366,18.265,3_6
03/07/1963,1963,184,1962,01-May,1,sugar,alive,0,0,3,334,4.431,1959,3/8/1962,123,2,0,183,1963,12,2616,4102.68,3605.59,4566.84,2981.93,91.56,1444.44,,0,0,0,16.504,90,64.358,54.358,5.282,6567.881,6573.163,109942.918,14.64,12.82,1.315,6,300,2681.4,585.994,1548.028,805.272,634.883,192.359,827.242,7.702,6618.764,2.877,6621.642,110633.77,150,206.989,292.646,5.585,2.312,4.379,1.299,8750.168,350,0.696,1702.8,6.3,681.1,0,0,18.396,28.078,19.145,406.4,Mackay,Mackay,Pind,1959,LPOH_5_15,BareFallow,42,MW_Surf2,130_150,50,3,6,SWD_0_50_200_50_50,P2R,MW_01MayR6V1,MW_T3,2981.4,1105.272,2134.022,2326.381,12.276,6.691,8.28393372853017,0.110681034086761,12.208,0.6104,0.442342346694752,14.444,3_6
03/07/1964,1964,185,1963,01-May,1,sugar,alive,0,0,4,366,4.462,1959,3/7/1963,123,2,0,183,1964,12,2616,5397.32,4784.78,5883.3,4072.97,125.848,2075.48,,0,0,0,17.385,112.3,66.495,56.495,2.877,6618.764,6621.642,110633.77,17.58,15.33,1.328,6,300,1032.9,147.9,142.724,850.264,800.505,200.587,1001.092,0.5,6628.58,4.671,6633.252,110739.594,150,239.683,306.985,14.471,0.638,0.71,2.889,9191.86,350,0.741,1930.5,7.2,772.2,0,0,17.537,27.214,19.641,68.1,Mackay,Mackay,Pind,1959,LPOH_5_15,BareFallow,42,MW_Surf2,130_150,50,3,6,SWD_0_50_200_50_50,P2R,MW_01MayR6V1,MW_T3,1332.9,1150.264,290.624,491.211,15.819,1.348,10.9407927223663,0.125710723889513,16.7797333333333,0.838986666666667,0.52506018365925,20.755,3_6
03/07/1965,1965,184,1964,01-May,1,sugar,alive,0,0,5,365,4.49,1959,3/7/1964,123,2,0,183,1965,12,2616,5279.76,4659.2,5782.32,3972.73,122.087,2267.89,,0,0,0,19.949,105.5,89.679,79.679,4.671,6628.58,6633.252,110739.594,16.55,14.28,1.331,6,300,1089.1,274.991,131.437,872.271,819.125,169.898,989.022,0.311,6660.085,3.548,6663.633,111211.198,150,235.554,320.595,11.72,1.413,0.249,2.56,10152.912,350,0.773,2120.5,7.9,848.2,0,0,17.739,27.395,19.476,77.2,Mackay,Mackay,Pind,1959,LPOH_5_15,BareFallow,42,MW_Surf2,130_150,50,3,6,SWD_0_50_200_50_50,P2R,MW_01MayR6V1,MW_T3,1389.1,1172.271,406.428,576.326,13.382,1.662,10.4145713747077,0.123442147899642,16.2782666666667,0.813913333333333,0.518297290642486,22.679,3_6
03/07/1966,1966,184,1965,01-May,1,sugar,alive,0,0,6,365,4.443,1959,3/7/1965,123,2,0,183,1966,12,2616,4600.89,4003.31,5055.99,3438.39,105.033,1845.15,,0,0,0,18.708,98.2,65.328,55.328,3.548,6660.085,6663.633,111211.198,15.66,13.47,1.341,6,300,1012.3,288.56,115.971,784.212,713.241,170.867,884.108,0.273,6708.114,3.015,6711.129,111916.877,150,219.013,301.789,7.353,0.41,0.248,1.693,9664.384,350,0.767,2079.6,7.8,831.8,0,0,17.045,27.142,19.958,80,Mackay,Mackay,Pind,1959,LPOH_5_15,BareFallow,42,MW_Surf2,130_150,50,3,6,SWD_0_50_200_50_50,P2R,MW_01MayR6V1,MW_T3,1312.3,1084.212,404.531,575.398,8.011,0.658,9.68749654126684,0.118801096698593,14.0044,0.70022,0.479574271846877,18.451,3_6
01/05/1967,1967,121,0,01-May,1,none,out,0,0,-1,0,6,1959,0.000,121,0,0,183,-1,12,2616,0,0,0,0,0,0,,0,0,0,0,0,70.989,60.989,3.015,6708.114,6711.129,111916.877,0,0,1.354,0,0,795.6,353.948,75.134,614.116,0,306.325,306.325,0.148,6758.619,84.213,6842.831,111717.26,0,0,145.611,18.344,1.38,0.678,2.713,9838.306,350,0.103,155.2,0.7,62.1,0,0,18.217,27.913,20.949,87.6,Mackay,Mackay,Pind,1959,LPOH_5_15,BareFallow,42,MW_Surf2,130_150,50,3,6,SWD_0_50_200_50_50,P2R,MW_01MayR6V1,MW_T3,795.6,614.116,429.082,735.407,20.402,2.058,0,0,0,,,0,3_6
01/09/1968,1968,245,1967,01-May,2,sugar,alive,0,0,0,489,4.606,1967,1/5/1967,121,0,0,181,1968,14,2616,6627.85,5872.26,6739.69,5332.2,163.647,2741.43,,0,0,0,17.705,182.6,131.183,131.183,84.213,6758.619,6842.831,111717.26,26.23,23.46,1.36,6,300,2695.3,276.941,1421.781,1177.77,939.22,411.821,1351.04,28.299,6574.38,7.927,6582.307,110518.132,130,358.906,356.565,45.056,10.163,16.029,8.665,4696.819,350,0.928,3755.2,13.8,1502.1,0,0,16.088,26.084,18.747,213.1,Mackay,Mackay,Pind,1959,LPOH_5_15,BareFallow,42,MW_Surf2,130_150,50,3,6,SWD_0_50_200_50_50,P2R,MW_01MayR6V1,MW_T3,2995.3,1477.77,1698.722,2110.543,71.248,26.192,11.0739154266225,0.12112668758882,21.8196,1.25882307692308,0.455960613642569,27.414,3_6
01/09/1969,1969,244,1968,01-May,2,sugar,alive,0,0,1,365,4.5,1967,1/9/1968,121,0,0,181,1969,14,2616,4638.39,4124.11,5055.33,3518.99,108.252,2055.89,,0,0,0,20.46,91.8,58.721,48.721,7.927,6574.38,6582.307,110518.132,14.41,12.53,1.325,6,300,977.4,229.716,150.73,751.074,698.811,177.689,876.501,0.435,6655.776,3.91,6659.685,111178.807,150,205.365,295.978,5.556,4.383,0.327,1.299,9913.147,350,0.742,1933.6,7.3,773.4,0,0,18.137,27.592,19.867,55.6,Mackay,Mackay,Pind,1959,LPOH_5_15,BareFallow,42,MW_Surf2,130_150,50,3,6,SWD_0_50_200_50_50,P2R,MW_01MayR6V1,MW_T3,1277.4,1051.074,380.446,558.135,10.266,4.71,10.2991796961965,0.123504707923893,14.4336,0.72168,0.527120005843255,20.559,3_6
01/08/1970,1970,213,1969,01-May,2,sugar,alive,0,0,2,334,4.393,1967,1/9/1969,121,0,0,181,1970,14,2616,3877.54,3254.28,4160.63,2882.78,86.439,1362.51,,0,0,0,16.488,73.5,61.176,51.176,3.91,6655.776,6659.685,111178.807,13.3,11.02,1.351,6,300,1634.3,337.761,790.778,702.122,628.734,170.463,799.197,1.506,6703.316,1.777,6705.093,111824.092,150,188.312,272.519,17.323,2.049,1.146,3.315,7948.032,350,0.842,2631.9,9.8,1052.8,0,0,17.663,27.813,20.398,411.7,Mackay,Mackay,Pind,1959,LPOH_5_15,BareFallow,42,MW_Surf2,130_150,50,3,6,SWD_0_50_200_50_50,P2R,MW_01MayR6V1,MW_T3,1934.3,1002.122,1128.539,1299.002,20.518,3.195,8.6255964842604,0.108157312902826,11.5252,0.57626,0.459020136794256,13.625,3_6
01/07/1971,1971,182,1970,01-May,2,sugar,alive,0,0,3,334,4.425,1967,1/8/1970,121,0,0,181,1971,14,2616,4921.76,4212.97,5254.39,3674.7,111.375,1617.93,,0,0,0,14.968,109,49.74,39.74,1.777,6703.316,6705.093,111824.092,17.94,15.34,1.364,6,300,1625.3,361.632,565.913,906.295,766.5,188.44,954.94,3.542,6714.648,1.995,6716.643,112039.264,150,247.123,309.833,7.744,0.512,1.954,1.54,8588.756,350,0.821,2459.4,9.1,983.8,0,0,17.837,27.739,19.463,129.3,Mackay,Mackay,Pind,1959,LPOH_5_15,BareFallow,42,MW_Surf2,130_150,50,3,6,SWD_0_50_200_50_50,P2R,MW_01MayR6V1,MW_T3,1925.3,1206.295,927.545,1115.985,10.21,2.466,9.23281618509569,0.116630364211364,14.85,0.7425,0.450686500244817,16.179,3_6
01/07/1972,1972,183,1971,01-May,2,sugar,alive,0,0,4,366,4.494,1967,1/7/1971,121,0,0,181,1972,14,2616,5233.26,4625.53,5722.79,3931.62,120.808,2044.69,,0,0,0,17.918,120.1,74.555,64.555,1.995,6714.648,6716.643,112039.264,18.32,16.09,1.368,6,300,2077.4,513.234,834.812,1013.299,825.561,196.86,1022.421,3.534,6727.536,3.171,6730.707,112370.812,150,253.815,342.293,16.213,0.48,2.758,3.203,10090.693,350,0.763,2058.9,7.6,823.5,0,0,17.741,27.479,19.215,183.4,Mackay,Mackay,Pind,1959,LPOH_5_15,BareFallow,42,MW_Surf2,130_150,50,3,6,SWD_0_50_200_50_50,P2R,MW_01MayR6V1,MW_T3,2377.4,1313.299,1348.046,1544.906,19.451,3.238,9.1988191569475,0.118158762388488,16.1077333333333,0.805386666666667,0.47596871737289,20.447,3_6
01/07/1973,1973,182,1972,01-May,2,sugar,alive,0,0,5,365,4.486,1967,1/7/1972,121,0,0,181,1973,14,2616,4454.09,3941.68,4983.47,3269.02,100.437,1539.75,,0,0,0,15.957,109,63.488,53.488,3.171,6727.536,6730.707,112370.812,16.63,14.76,1.372,6,300,1091.3,282.616,234.416,712.782,663.785,191.122,854.907,0.7,6768.653,4.856,6773.509,112726.244,150,227.491,313.705,5.214,0.153,0.874,1.262,9870.549,350,0.691,1677.9,6.3,671.1,0,0,17.985,27.773,19.988,148.3,Mackay,Mackay,Pind,1959,LPOH_5_15,BareFallow,42,MW_Surf2,130_150,50,3,6,SWD_0_50_200_50_50,P2R,MW_01MayR6V1,MW_T3,1391.3,1012.782,517.032,708.154,6.241,1.027,9.91694165180661,0.117482954286256,13.3916,0.66958,0.441498784567302,15.398,3_6
01/07/1974,1974,182,1973,01-May,2,sugar,alive,0,0,6,365,4.499,1967,1/7/1973,121,0,0,181,1974,14,2616,5411.69,4828.37,5960.1,4075.09,125.813,1840.69,,0,0,0,15.095,128.4,64.849,54.849,4.856,6768.653,6773.509,112726.244,19.32,17.19,1.385,3,150,3164.5,768.003,1597.668,1105.73,754.327,186.506,940.833,7.082,6763.799,4.377,6768.176,112730.406,150,262.329,325.457,9.473,0.265,5.59,1.968,9832.856,350,0.782,2173.5,8,869.4,0,0,18.515,27.028,17.87,199.6,Mackay,Mackay,Pind,1959,LPOH_5_15,BareFallow,42,MW_Surf2,130_150,50,3,6,SWD_0_50_200_50_50,P2R,MW_01MayR6V1,MW_T3,3314.5,1255.73,2365.671,2552.177,15.328,5.855,10.0191123888097,0.133725113808721,20.9688333333333,0.838753333333333,0.479600044219282,18.407,3_6
01/05/1975,1975,121,0,01-May,2,none,out,0,0,-1,0,6,1967,0.000,121,0,0,181,-1,14,2616,0,0,0,0,0,0,,0,0,0,0,0,63.844,53.844,4.377,6763.799,6768.176,112730.406,0,0,1.388,0,0,1687.2,783.173,599.802,799.108,0,227.657,227.657,0.208,6884.415,41.763,6926.178,113785.024,0,0,100.815,6.344,1.018,0.648,0.723,9692.618,350,0.008,11.2,0.1,4.5,0,0,18.084,27.777,20.592,139.4,Mackay,Mackay,Pind,1959,LPOH_5_15,BareFallow,42,MW_Surf2,130_150,50,3,6,SWD_0_50_200_50_50,P2R,MW_01MayR6V1,MW_T3,1687.2,799.108,1382.975,1610.632,8.01,1.666,0,0,0,,,0,3_6
01/09/1976,1976,245,1975,01-May,3,sugar,alive,0,0,0,489,4.636,1975,1/5/1975,121,0,0,181,1976,14,2616,6991.74,6178.53,7088.88,5559.75,169.831,2679.61,,0,0,0,16.507,192,140.413,140.413,41.763,6884.415,6926.178,113785.024,29.02,26.04,1.406,6,300,2388.2,319.533,1091.669,1158.163,973.62,371.795,1345.415,21.524,6652.943,2.219,6655.162,111773.292,130,395.896,407.624,38.292,3.318,6.088,7.226,5812.47,350,0.937,3956.3,14.5,1582.5,0,0,16.769,26.129,17.65,161.4,Mackay,Mackay,Pind,1959,LPOH_5_15,BareFallow,42,MW_Surf2,130_150,50,3,6,SWD_0_50_200_50_50,P2R,MW_01MayR6V1,MW_T3,2688.2,1458.163,1411.202,1782.997,47.698,9.406,11.6469146453449,0.12622945336569,22.6441333333333,1.30639230769231,0.428978822721119,26.796,3_6
01/09/1977,1977,244,1976,01-May,3,sugar,alive,0,0,1,365,4.472,1975,1/9/1976,121,0,0,181,1977,14,2616,3933.55,3547.74,4417.36,2963.66,91.798,1723.61,,0,0,0,20.195,62.9,53.996,43.996,2.219,6652.943,6655.162,111773.292,10.52,9.11,1.364,5,250,1974.4,754.842,757.778,909.454,575.098,122.114,697.212,0.438,6765.365,5.094,6770.46,112697.263,150,151.598,260.551,29.827,8.312,1.399,5.492,9726.539,350,0.796,2273.8,9.4,909.5,0,0,17.945,27.348,19.161,166.6,Mackay,Mackay,Pind,1959,LPOH_5_15,BareFallow,42,MW_Surf2,130_150,50,3,6,SWD_0_50_200_50_50,P2R,MW_01MayR6V1,MW_T3,2224.4,1159.454,1512.62,1634.734,39.538,9.711,7.91734730312716,0.131664400497983,13.114,0.611986666666667,0.605535693083022,17.236,3_6
01/08/1978,1978,213,1977,01-May,3,sugar,alive,0,0,2,334,4.403,1975,1/9/1977,121,0,0,181,1978,14,2616,4484.66,3890.68,4862.09,3303.16,100.623,1634.33,,0,0,0,17.078,92.8,53.565,43.565,5.094,6765.365,6770.46,112697.263,16.2,14.02,1.397,6,300,1361.6,210.251,593.515,706.591,653.989,172.318,826.307,1.436,6776.966,3.648,6780.614,113044.688,150,225.499,288.622,9.11,0.184,1.406,1.776,7863.856,350,0.801,2304.4,8.6,921.7,0,0,18.17,27.707,20.333,300,Mackay,Mackay,Pind,1959,LPOH_5_15,BareFallow,42,MW_Surf2,130_150,50,3,6,SWD_0_50_200_50_50,P2R,MW_01MayR6V1,MW_T3,1661.6,1006.591,803.766,976.084,10.7,1.59,9.99641363771383,0.121774352631649,13.4164,0.67082,0.446223708309128,16.343,3_6
01/07/1979,1979,182,1978,01-May,3,sugar,alive,0,0,3,334,4.407,1975,1/8/1978,121,0,0,181,1979,14,2616,4671,4127.69,5180.39,3370.85,103.743,1584.92,,0,0,0,15.891,109.7,67.092,57.092,3.648,6776.966,6780.614,113044.688,17.59,15.6,1.4,4,200,2843.8,488.323,1660.162,938.445,651.265,172.148,823.413,11.875,6787.869,2.475,6790.343,113082.156,150,240.196,321.12,18.771,0.965,6.239,3.551,9255.072,350,0.707,1753.9,6.6,701.6,0,0,18.622,27.023,18.42,509.4,Mackay,Mackay,Pind,1959,LPOH_5_15,BareFallow,42,MW_Surf2,130_150,50,3,6,SWD_0_50_200_50_50,P2R,MW_01MayR6V1,MW_T3,3043.8,1138.445,2148.485,2320.633,25.975,7.204,9.11269319115109,0.125991452648914,15.9604615384615,0.69162,0.431909773684824,15.849,3_6
01/07/1980,1980,183,1979,01-May,3,sugar,alive,0,0,4,366,4.517,1975,1/7/1979,121,0,0,181,1980,14,2616,5800.44,5171.99,6358.77,4400.59,135.845,2204.21,,0,0,0,17.058,128.9,126.995,116.995,2.475,6787.869,6790.343,113082.156,19.3,17,1.405,6,300,1248.6,145.305,406.022,821.689,844.172,182.997,1027.169,1.231,6798.509,3.914,6802.423,113354.88,150,267.312,329.102,3.093,0.111,1.065,0.808,10307.122,350,0.787,2206.1,8.2,882.4,0,0,18.395,27.626,19.976,215.6,Mackay,Mackay,Pind,1959,LPOH_5_15,BareFallow,42,MW_Surf2,130_150,50,3,6,SWD_0_50_200_50_50,P2R,MW_01MayR6V1,MW_T3,1548.6,1121.689,551.327,734.324,4.269,1.176,12.1107544069702,0.13225184950091,18.1126666666667,0.905633333333333,0.508188932782666,22.042,3_6
01/07/1981,1981,182,1980,01-May,3,sugar,alive,0,0,5,365,4.48,1975,1/7/1980,121,0,0,181,1981,14,2616,4989.05,4465.81,5604.19,3715.96,114.968,1995.56,,0,0,0,18.45,111.7,79.099,69.099,3.914,6798.509,6802.423,113354.88,17.18,15.26,1.411,6,300,1619.3,552.875,441.008,948.896,737.479,161.894,899.374,1.152,6825.23,4.917,6830.147,113678.055,150,238.409,328.338,14.083,0.287,1.247,2.894,10664.953,350,0.74,1925.4,7.2,770.2,0,0,18.21,27.259,19.351,101.3,Mackay,Mackay,Pind,1959,LPOH_5_15,BareFallow,42,MW_Surf2,130_150,50,3,6,SWD_0_50_200_50_50,P2R,MW_01MayR6V1,MW_T3,1919.3,1248.896,993.883,1155.777,15.617,1.534,9.20557035974172,0.127831135878956,15.3290666666667,0.766453333333333,0.482230117151618,19.956,3_6
01/07/1982,1982,182,1981,01-May,3,sugar,alive,0,0,6,365,4.487,1975,1/7/1981,121,0,0,181,1982,14,2616,4897.27,4244.3,5347.6,3698.42,112.506,1796.28,,0,0,0,16.738,127.2,87.142,77.142,4.917,6825.23,6830.147,113678.055,18.76,16.37,1.421,6,300,1258.9,368.687,293.229,844.748,715.49,191.172,906.662,0.831,6837.498,4.119,6841.617,114060.958,150,258.351,330.246,7.157,0.168,0.719,1.578,10058.91,350,0.799,2293,8.5,917.2,0,0,18.212,27.411,19.836,222,Mackay,Mackay,Pind,1959,LPOH_5_15,BareFallow,42,MW_Surf2,130_150,50,3,6,SWD_0_50_200_50_50,P2R,MW_01MayR6V1,MW_T3,1558.9,1144.748,661.916,853.088,8.044,0.887,9.82801454992715,0.124088138688949,15.0008,0.75004,0.435477315744859,17.963,3_6
05/05/1983,1983,125,0,01-May,3,none,out,0,0,-1,0,6,1975,0.000,125,4,0,185,-1,10,2616,0,0,0,0,0,0,,0,0,0,0,0,59.464,49.464,4.119,6837.498,6841.617,114060.958,0,0,1.425,0,0,1088.8,367.821,297.753,677.835,0,266.14,266.14,4.414,6942.211,43.148,6985.358,114858.396,0,0,117.348,18.683,0.823,1.838,2.403,9265.907,350,0.117,178,0.9,71.2,0,0,18.613,27.679,21.447,109,Mackay,Mackay,Pind,1959,LPOH_5_15,BareFallow,42,MW_Surf2,130_150,50,3,6,SWD_0_50_200_50_50,P2R,MW_01MayR6V1,MW_T3,1088.8,677.835,665.574,931.714,21.344,2.661,0,0,0,,,0,3_6
05/09/1984,1984,249,1983,01-May,4,sugar,alive,0,0,0,489,4.659,1983,5/5/1983,125,4,0,185,1984,10,2616,4627.33,4032.51,4678.27,3711.86,110.919,1775.81,,0,0,0,16.792,161.2,216.55,216.55,43.148,6942.211,6985.358,114858.396,24.79,22.61,1.435,6,300,1055.7,94.253,342.435,729.273,653.243,415.067,1068.309,14.002,6753.713,13.497,6767.21,113003.803,130,339.428,359.03,30.71,1.168,12.4,5.965,5009.675,350,0.948,4213.1,15.4,1685.2,0,0,17.234,26.24,18.245,156,Mackay,Mackay,Pind,1959,LPOH_5_15,BareFallow,42,MW_Surf2,130_150,50,3,6,SWD_0_50_200_50_50,P2R,MW_01MayR6V1,MW_T3,1355.7,1029.273,436.688,851.755,44.278,13.568,10.7764412357071,0.103826701825034,14.7892,0.853223076923077,0.326782115794808,17.758,3_6
05/09/1985,1985,248,1984,01-May,4,sugar,alive,0,0,1,365,4.492,1983,5/9/1984,125,4,0,185,1985,10,2616,6019.68,5342.8,6357.76,4655.68,143.237,2291.76,,0,0,0,16.78,128.8,49.254,39.254,13.497,6753.713,6767.21,113003.803,20.12,17.64,1.397,6,300,1619.8,164.696,655.714,912.954,861.457,211.249,1072.705,8.194,6772.452,4.868,6777.32,113264.727,150,270.125,334.59,16.599,3.503,1.886,3.192,8936.523,350,0.866,2871.1,10.6,1148.5,0,0,18.241,27.166,19.507,365,Mackay,Mackay,Pind,1959,LPOH_5_15,BareFallow,42,MW_Surf2,130_150,50,3,6,SWD_0_50_200_50_50,P2R,MW_01MayR6V1,MW_T3,1919.8,1212.954,820.41,1031.659,21.988,5.389,11.8089391683444,0.133528789368932,19.0982666666667,0.954913333333333,0.530261915779732,22.918,3_6
05/08/1986,1986,217,1985,01-May,4,sugar,alive,0,0,2,334,4.426,1983,5/9/1985,125,4,0,185,1986,10,2616,3789.17,3392.27,4324.77,2760.01,85.722,1571.46,,0,0,0,19.648,72.5,57.939,47.939,4.868,6772.452,6777.32,113264.727,12.25,10.8,1.411,4,200,1377.6,534.473,347.793,870.151,518.02,120.177,638.198,0.116,6824.883,4.334,6829.217,113617.61,150,173.562,284.954,34.603,15.705,0.328,6.282,9519.549,350,0.673,1596.1,6.4,638.4,0,0,19.204,27.585,19.318,134,Mackay,Mackay,Pind,1959,LPOH_5_15,BareFallow,42,MW_Surf2,130_150,50,3,6,SWD_0_50_200_50_50,P2R,MW_01MayR6V1,MW_T3,1577.6,1070.151,882.266,1002.443,50.636,16.033,8.01027144767421,0.134318816417475,13.188,0.57148,0.493898433989007,15.715,3_6
05/07/1987,1987,186,1986,01-May,4,sugar,alive,0,0,3,334,4.496,1983,5/8/1986,125,4,0,185,1987,10,2616,4848.16,4254.84,5312.59,3615.98,110.399,1651.38,,0,0,0,15.499,124.3,103.075,93.075,4.334,6824.883,6829.217,113617.61,19.3,17.12,1.428,6,300,721.9,23.73,37.329,677.795,711.205,213.082,924.287,0.091,6801.229,3.735,6804.965,113589.071,150,266.385,324.08,15.228,0.268,0.109,2.956,8731.614,350,0.787,2210.9,8.2,884.4,0,0,19.644,28.338,20.299,55,Mackay,Mackay,Pind,1959,LPOH_5_15,BareFallow,42,MW_Surf2,130_150,50,3,6,SWD_0_50_200_50_50,P2R,MW_01MayR6V1,MW_T3,1021.9,977.795,61.059,274.141,15.605,0.377,11.2906079495191,0.11944233771545,14.7198666666667,0.735993333333333,0.414433995908178,16.514,3_6
11/07/1988,1988,193,1987,01-May,4,sugar,alive,0,0,4,372,4.527,1983,5/7/1987,125,4,6,185,1988,7,2616,5754.5,5121.6,6285.77,4342.28,133.692,2360.4,,0,0,0,18.816,121.3,121.63,111.63,3.735,6801.229,6804.965,113589.071,18.65,16.33,1.423,6,300,1807,254.033,728.161,1012.892,830.619,187.089,1017.708,2.114,6827.353,1.429,6828.782,114010.714,150,256.133,327.259,6.488,1.241,1.381,1.545,10145.94,350,0.79,2232.3,8.3,892.9,0,0,18.525,27.274,19.397,293.4,Mackay,Mackay,Pind,1959,LPOH_5_15,BareFallow,42,MW_Surf2,130_150,50,3,6,SWD_0_50_200_50_50,P2R,MW_01MayR6V1,MW_T3,2107,1312.892,982.194,1169.283,9.11,2.622,10.1830158154669,0.1313657748588,17.8256,0.89128,0.52196319880687,23.604,3_6
15/07/1989,1989,196,1988,01-May,4,sugar,alive,0,0,5,369,4.515,1983,11/7/1988,125,4,10,191,1989,7,2622,4982.42,4425.36,5528.98,3772.42,116.242,2155.57,,0,0,0,19.909,105.7,210.729,200.729,1.429,6827.353,6828.782,114010.714,16.16,14.12,1.43,3,150,2341.7,886.133,801.635,1268.44,698.183,154.315,852.498,1.941,6863.263,1.908,6865.171,114391.088,150,228.059,318.168,12.906,2.207,4.231,2.664,10775.296,350,0.758,2027.6,7.6,811.1,0,0,18.741,26.849,18.834,197,Mackay,Mackay,Pind,1959,LPOH_5_15,BareFallow,42,MW_Surf2,130_150,50,3,6,SWD_0_50_200_50_50,P2R,MW_01MayR6V1,MW_T3,2491.7,1418.44,1687.768,1842.083,19.344,6.438,8.19505936098813,0.136354572092838,19.3736666666667,0.774946666666667,0.50970143690887,21.556,3_6
15/07/1990,1990,196,1989,01-May,4,sugar,alive,0,0,6,365,4.488,1983,15/7/1989,125,4,10,195,1990,7,2626,4598.86,4087.32,5149.06,3431.35,104.963,1514.2,,0,0,0,14.844,100.7,153.164,143.164,1.908,6863.263,6865.171,114391.088,15.93,14.06,1.441,6,300,1679.2,621.427,605.397,826.812,633.931,164.793,798.724,1.169,6903.799,3.03,6906.829,114902.719,150,222.824,285.388,5.891,0.224,1.223,1.243,9579.422,350.462,0.797,2280.4,8.5,912.1,0,0,18.125,27.024,19.702,130,Mackay,Mackay,Pind,1959,LPOH_5_15,BareFallow,42,MW_Surf2,130_150,50,3,6,SWD_0_50_200_50_50,P2R,MW_01MayR6V1,MW_T3,1979.2,1126.812,1226.824,1391.617,7.338,1.447,9.31504101837751,0.131413354300109,13.9950666666667,0.699753333333333,0.471057875273759,15.142,3_6
01/05/1991,1991,121,0,01-May,4,none,out,0,0,-1,0,6,1983,0.000,121,0,10,195,-1,7,2626,0,0,0,0,0,0,,0,0,0,0,0,88.816,78.816,3.03,6903.799,6906.829,114902.719,0,0,1.453,0,0,2849.8,548.629,1993.232,517.027,0,252.384,252.384,1.43,6966.202,83.666,7049.868,115008.223,0,0,135.242,7.541,1.314,2.363,0.866,9662.793,351.681,0.114,173.1,0.8,69.2,0,0,18.984,27.77,20.608,298.2,Mackay,Mackay,Pind,1959,LPOH_5_15,BareFallow,42,MW_Surf2,130_150,50,3,6,SWD_0_50_200_50_50,P2R,MW_01MayR6V1,MW_T3,2849.8,517.027,2541.861,2794.245,11.218,3.677,0,0,0,,,0,3_6
01/09/1992,1992,245,1991,01-May,5,sugar,alive,0,0,0,489,4.686,1991,1/5/1991,121,0,0,181,1992,14,2616,4758.91,4202.19,4848.02,3865.23,117.393,2016.26,,0,0,0,18.226,173.4,144.372,144.372,83.666,6966.202,7049.868,115008.223,23.84,21.8,1.46,6,300,901.1,1.139,174.325,732.845,665.458,445.381,1110.839,5.03,6792.327,59.748,6852.075,113450.568,130,329.817,344.173,29.526,0.009,2.67,5.57,4591.871,353.766,0.904,3352.1,12.3,1340.8,0,0,17.251,27.024,19.858,174,Mackay,Mackay,Pind,1959,LPOH_5_15,BareFallow,42,MW_Surf2,130_150,50,3,6,SWD_0_50_200_50_50,P2R,MW_01MayR6V1,MW_T3,1201.1,1032.845,175.464,620.845,32.205,2.679,11.3659842473943,0.10567958092937,15.6524,0.903023076923077,0.355933745076815,20.163,3_6
05/09/1993,1993,248,1992,01-May,5,sugar,alive,0,0,1,369,4.494,1991,1/9/1992,121,0,4,181,1993,10,2616,5620.43,4880.39,5843.46,4243.63,129.091,2193.75,,0,0,0,18.002,117.3,41.17,31.17,59.748,6792.327,6852.075,113450.568,20,17.29,1.425,6,300,1265.9,141.856,395.329,810.176,738.352,212.424,950.776,1.172,6837.931,8.264,6846.195,114255.749,150,260.345,291.074,18.413,2.66,0.722,3.697,7798.538,355.381,0.861,2817.2,10.5,1126.9,0,0,18.815,27.536,20.346,185,Mackay,Mackay,Pind,1959,LPOH_5_15,BareFallow,42,MW_Surf2,130_150,50,3,6,SWD_0_50_200_50_50,P2R,MW_01MayR6V1,MW_T3,1565.9,1110.176,537.185,749.609,21.795,3.382,11.6279761046897,0.135774356946326,17.2121333333333,0.860606666666667,0.495845896790797,21.938,3_6
05/08/1994,1994,217,1993,01-May,5,sugar,alive,0,0,2,334,4.449,1991,5/9/1993,121,0,4,185,1994,10,2620,5351.87,4822.62,5920.88,4079.61,127.325,2401.65,,0,0,0,20.301,110.9,101.11,91.11,8.264,6837.931,6846.195,114255.749,17.32,15.38,1.44,5,250,1068.6,248.157,187.442,812.458,734.417,171.961,906.377,0.563,6869.488,5.58,6875.068,114544.96,150,243.317,328.004,14.66,4.477,0.881,2.892,10154.781,356.87,0.741,1932.1,7.3,772.8,0,0,18.821,27.471,20.056,141,Mackay,Mackay,Pind,1959,LPOH_5_15,BareFallow,42,MW_Surf2,130_150,50,3,6,SWD_0_50_200_50_50,P2R,MW_01MayR6V1,MW_T3,1318.6,1062.458,435.599,607.56,20.018,5.358,11.9840031323591,0.140476865586836,18.1892857142857,0.848833333333333,0.523288549505378,24.017,3_6
05/07/1995,1995,186,1994,01-May,5,sugar,alive,0,0,3,334,4.44,1991,5/8/1994,121,0,4,185,1995,10,2620,5224.98,4593.61,5764.31,3930.39,121.099,2013.85,,0,0,0,17.555,107.4,62.733,52.733,5.58,6869.488,6875.068,114544.96,17.11,14.8,1.453,6,300,952.9,135.546,173.648,743.842,741.525,176.665,918.19,0.558,6897.289,4.51,6901.799,115129.759,150,239.34,313.298,6.481,0.872,0.614,1.371,9416.935,358.384,0.766,2077.7,7.8,831.1,0,0,19.028,28.018,20.817,112.5,Mackay,Mackay,Pind,1959,LPOH_5_15,BareFallow,42,MW_Surf2,130_150,50,3,6,SWD_0_50_200_50_50,P2R,MW_01MayR6V1,MW_T3,1252.9,1043.842,309.194,485.859,7.967,1.486,11.6012768215879,0.131888824753047,16.1465333333333,0.807326666666667,0.505970585777555,20.138,3_6
05/07/1996,1996,187,1995,01-May,5,sugar,alive,0,0,4,366,4.499,1991,5/7/1995,121,0,4,185,1996,10,2620,5727.64,5085.16,6295.36,4369.28,135.402,2479.32,,0,0,0,19.622,120.3,70.249,60.249,4.51,6897.289,6901.799,115129.759,18.38,16.03,1.46,6,300,1242.6,178.894,289.513,912.634,854.727,200.066,1054.793,0.872,6906.784,5.972,6912.756,115178.885,150,254.38,339.227,12.66,1.037,2.948,2.379,10555.085,360.062,0.782,2178.2,8.1,871.3,0,0,18.661,27.723,20.253,106,Mackay,Mackay,Pind,1959,LPOH_5_15,BareFallow,42,MW_Surf2,130_150,50,3,6,SWD_0_50_200_50_50,P2R,MW_01MayR6V1,MW_T3,1542.6,1212.634,468.407,668.473,16.645,3.985,11.1659412485548,0.128368314920558,18.0536,0.90268,0.532282412139319,24.793,3_6
05/07/1997,1997,186,1996,01-May,5,sugar,alive,0,0,5,365,4.483,1991,5/7/1996,121,0,4,185,1997,10,2620,6076,5445.26,6718.37,4695.5,145.86,2605.69,,0,0,0,19.073,126.7,71.65,61.65,5.972,6906.784,6912.756,115178.885,18.93,16.62,1.464,6,300,1484.2,266.315,396.877,1001.401,893.25,174.602,1067.853,1.187,6917.96,2.986,6920.946,115416.249,150,265.851,343.585,10.589,1.296,1.109,2.303,11093.41,361.77,0.783,2183.3,8.1,873.3,0,0,17.694,27.292,20.435,203,Mackay,Mackay,Pind,1959,LPOH_5_15,BareFallow,42,MW_Surf2,130_150,50,3,6,SWD_0_50_200_50_50,P2R,MW_01MayR6V1,MW_T3,1784.2,1301.401,663.192,837.794,12.994,2.405,11.2079213094196,0.136591834269324,19.448,0.9724,0.548653192953948,26.057,3_6
05/07/1998,1998,186,1997,01-May,5,sugar,alive,0,0,6,365,4.522,1991,5/7/1997,121,0,4,185,1998,10,2620,5673.45,5050.32,6299.41,4377.29,135.44,2362.01,,0,0,0,18.551,123.3,106.806,96.806,2.986,6917.96,6920.946,115416.249,18.11,15.83,1.468,6,300,1273,303.414,231.645,920.394,858.269,167.177,1025.445,0.504,6934.695,2.047,6936.741,115671.612,150,256.938,338.55,13.198,0.54,0.794,2.724,11237.058,363.507,0.772,2114.9,7.8,846,0,0,18.421,27.761,19.712,110,Mackay,Mackay,Pind,1959,LPOH_5_15,BareFallow,42,MW_Surf2,130_150,50,3,6,SWD_0_50_200_50_50,P2R,MW_01MayR6V1,MW_T3,1573,1220.394,535.059,702.236,14.532,1.334,11.0980552182328,0.132079243645442,18.0586666666667,0.902933333333333,0.527131058854665,23.62,3_6
01/05/1999,1999,121,0,01-May,5,none,out,0,0,-1,0,6,1991,0.000,121,0,4,185,-1,10,2620,0,0,0,0,0,0,,0,0,0,0,0,101.302,91.302,2.047,6934.695,6936.741,115671.612,0,0,1.474,0,0,2246.8,1103.972,810.357,995.917,0,282.525,282.525,1.423,7041.552,38.58,7080.132,116511.022,0,0,109.047,17.743,3.123,2.556,1.866,10194.615,364.956,0.005,7.2,0,2.9,0,0,20.111,27.759,18.805,166,Mackay,Mackay,Pind,1959,LPOH_5_15,BareFallow,42,MW_Surf2,130_150,50,3,6,SWD_0_50_200_50_50,P2R,MW_01MayR6V1,MW_T3,2246.8,995.917,1914.329,2196.854,23.422,5.679,0,0,0,,,0,3_6
01/09/2000,2000,245,1999,01-May,6,sugar,alive,0,0,0,489,4.633,1999,1/5/1999,121,0,0,181,2000,14,2616,6543.39,5847.23,6714.46,5210.95,160.378,2669.37,,0,0,0,17.572,183.1,151.248,151.248,38.58,7041.552,7080.132,116511.022,27,24.45,1.486,6,300,2294.2,444.637,1030.593,1062.444,817.165,379.627,1196.792,11.043,6820.943,4.401,6825.344,114369.14,130,367.596,393.114,39.044,13.866,3.668,7.323,5661.438,367.35,0.89,3156.2,11.6,1262.5,0,0,16.811,26.039,17.915,187,Mackay,Mackay,Pind,1959,LPOH_5_15,BareFallow,42,MW_Surf2,130_150,50,3,6,SWD_0_50_200_50_50,P2R,MW_01MayR6V1,MW_T3,2594.2,1362.444,1475.23,1854.857,56.578,17.534,11.7713461984493,0.134006577584075,21.3837333333333,1.23367692307692,0.436288751781847,26.694,3_6
01/09/2001,2001,244,2000,01-May,6,sugar,alive,0,0,1,365,4.458,1999,1/9/2000,121,0,0,181,2001,14,2616,4505.24,4124.26,5049.53,3415.86,107.421,2143.53,,0,0,0,21.644,93.9,55.427,45.427,4.401,6820.943,6825.344,114369.14,14.6,13.2,1.444,6,300,1680.3,615.556,513.087,896.172,629.97,196.018,825.988,0.2,6882.018,5.418,6887.436,114784.013,150,197.269,301.955,22.72,9.873,0.432,4.268,9489.074,369.179,0.666,1568.3,6.1,627.3,0,0,17.895,27.398,19.476,235,Mackay,Mackay,Pind,1959,LPOH_5_15,BareFallow,42,MW_Surf2,130_150,50,3,6,SWD_0_50_200_50_50,P2R,MW_01MayR6V1,MW_T3,1980.3,1196.172,1128.643,1324.661,33.025,10.305,8.98039746792268,0.130051526172293,14.3228,0.71614,0.544540703303611,21.435,3_6
01/08/2002,2002,213,2001,01-May,6,sugar,alive,0,0,2,334,4.442,1999,1/9/2001,121,0,0,181,2002,14,2616,4628.3,3965.69,4975.3,3477.08,105.061,1798.73,,0,0,0,18.159,102.6,63.096,53.096,5.418,6882.018,6887.436,114784.013,17.3,14.88,1.466,6,300,955,54.027,227.009,719.745,755.874,208.795,964.669,1.098,6889.491,3.781,6893.272,115233.182,150,242.542,307.948,7.473,0.16,0.45,1.514,8226.586,370.883,0.866,2872.9,10.6,1149.2,0,0,18.634,28.968,20.935,143,Mackay,Mackay,Pind,1959,LPOH_5_15,BareFallow,42,MW_Surf2,130_150,50,3,6,SWD_0_50_200_50_50,P2R,MW_01MayR6V1,MW_T3,1255,1019.745,281.036,489.831,8.083,0.61,10.3026737076426,0.108908858893569,14.0081333333333,0.700406666666667,0.433166214511301,17.987,3_6
01/07/2003,2003,182,2002,01-May,6,sugar,alive,0,0,3,334,4.439,1999,1/8/2002,121,0,0,181,2003,14,2616,3516.17,3040.71,3957.9,2602.06,78.883,1066.11,,0,0,0,13.723,92,54.391,44.391,3.781,6889.491,6893.272,115233.182,14.28,12.54,1.466,6,300,955,101.324,309.16,616.115,530.275,221.284,751.56,2.196,6966.434,2.775,6969.208,116061.707,150,196.335,275.291,6.06,0.188,1.098,1.435,8541.412,372.611,0.702,1729.5,6.5,691.8,0,0,18.567,28.318,20.877,113,Mackay,Mackay,Pind,1959,LPOH_5_15,BareFallow,42,MW_Surf2,130_150,50,3,6,SWD_0_50_200_50_50,P2R,MW_01MayR6V1,MW_T3,1255,916.115,410.484,631.768,7.346,1.286,8.61060019757345,0.104959018574698,10.5177333333333,0.525886666666667,0.401777574044363,10.661,3_6
01/07/2004,2004,183,2003,01-May,6,sugar,alive,0,0,4,366,4.537,1999,1/7/2003,121,0,0,181,2004,14,2616,5332.08,4543,5598.59,4091.57,123.465,2070.9,,0,0,0,17.731,146.8,129.348,119.348,2.775,6966.434,6969.208,116061.707,22.28,19.39,1.485,6,300,784.6,11.098,80.924,701.063,837.043,214.576,1051.619,0.501,6922.837,1.653,6924.49,115901.179,150,301.253,341.342,9.263,0.017,0.262,1.985,9009.986,374.525,0.826,2501.9,9.2,1000.8,0,0,18.332,28.403,20.241,59,Mackay,Mackay,Pind,1959,LPOH_5_15,BareFallow,42,MW_Surf2,130_150,50,3,6,SWD_0_50_200_50_50,P2R,MW_01MayR6V1,MW_T3,1084.6,1001.063,92.022,306.598,9.542,0.279,12.3333896068479,0.117404687439082,16.462,0.8231,0.409838242274766,20.709,3_6
04/07/2005,2005,185,2004,01-May,6,sugar,alive,0,0,5,368,4.488,1999,1/7/2004,121,0,3,181,2005,11,2616,5639.74,4989.56,6149.6,4242.24,130.996,2424.92,,0,0,0,19.869,129.3,52.308,42.308,1.653,6922.837,6924.49,115901.179,19.81,17.43,1.472,6,300,1334.2,88.958,417.091,891.701,853.061,208.299,1061.359,2.952,6946.274,1.983,6948.257,115960.159,150,262.84,347.604,6.117,0.117,1.376,1.453,10299.633,376.486,0.751,1984.4,7.4,793.8,0,0,17.806,28.047,20.126,202,Mackay,Mackay,Pind,1959,LPOH_5_15,BareFallow,42,MW_Surf2,130_150,50,3,6,SWD_0_50_200_50_50,P2R,MW_01MayR6V1,MW_T3,1634.2,1191.701,506.049,714.348,7.61,1.493,10.9923546258667,0.123422894609647,17.4661333333333,0.873306666666667,0.49838685131639,24.249,3_6
04/07/2006,2006,185,2005,01-May,6,sugar,alive,0,0,6,365,4.546,1999,4/7/2005,121,0,3,184,2006,11,2619,6044.08,5407.08,6652.71,4622.72,143.423,2691.65,,0,0,0,20.184,136.9,101.1,91.1,1.983,6946.274,6948.257,115960.159,20.19,17.86,1.479,6,300,1145.8,119.197,161.094,943.496,937.973,178.075,1116.049,0.443,6946.106,2.82,6948.925,115890.004,150,279.309,356.385,9.397,0.188,0.489,2.026,11369.498,378.461,0.742,1937.2,7.2,774.9,0,0,18.942,28.254,19.544,83,Mackay,Mackay,Pind,1959,LPOH_5_15,BareFallow,42,MW_Surf2,130_150,50,3,6,SWD_0_50_200_50_50,P2R,MW_01MayR6V1,MW_T3,1445.8,1243.496,280.291,458.366,10.074,0.677,11.5338529436363,0.128509590528731,19.1230666666667,0.956153333333333,0.513492225456394,26.916,3_6
01/05/2007,2007,121,0,01-May,6,none,out,0,0,-1,0,6,1999,0.000,121,0,3,184,-1,11,2619,0,0,0,0,0,0,,0,0,0,0,0,132.56,122.56,2.82,6946.106,6948.925,115890.004,0,0,1.484,0,0,1709.3,718.873,730.632,709.365,0,259.065,259.065,0.509,7049.76,59.362,7109.123,116566.145,0,0,126.18,9.801,1.855,0.811,1.178,10772.588,380.114,0.007,10.1,0,4,0,0,18.488,27.859,20.743,257,Mackay,Mackay,Pind,1959,LPOH_5_15,BareFallow,42,MW_Surf2,130_150,50,3,6,SWD_0_50_200_50_50,P2R,MW_01MayR6V1,MW_T3,1709.3,709.365,1449.505,1708.57,12.467,2.666,0,0,0,,,0,3_6
01/09/2008,2008,245,2007,01-May,7,sugar,alive,0,0,0,489,4.629,2007,1/5/2007,121,0,0,181,2008,14,2616,5429.87,4804.79,5552.25,4366.49,132.117,1914.77,,0,0,0,14.926,162.6,133.291,133.291,59.362,7049.76,7109.123,116566.145,25.58,23.29,1.498,6,300,2753.5,333.254,1586.336,1036.246,764.21,427.891,1192.101,19.359,6865.626,4.218,6869.844,115047.96,130,350.257,356.686,35.997,7.533,13.963,6.865,4953.042,382.828,0.943,4086.7,15,1634.7,0,0,16.478,26.237,18.131,532,Mackay,Mackay,Pind,1959,LPOH_5_15,BareFallow,42,MW_Surf2,130_150,50,3,6,SWD_0_50_200_50_50,P2R,MW_01MayR6V1,MW_T3,3053.5,1336.246,1919.59,2347.481,57.493,21.496,9.88717646301654,0.110827018851591,17.6156,1.01628461538462,0.377200170160768,19.148,3_6
01/09/2009,2009,244,2008,01-May,7,sugar,alive,0,0,1,365,4.514,2007,1/9/2008,121,0,0,181,2009,14,2616,4384.41,3706.44,4553.27,3382.56,100.931,1557.65,,0,0,0,16.082,104.2,57.101,47.101,4.218,6865.626,6869.844,115047.96,16.41,13.93,1.462,6,300,1756,346.514,807.637,774.022,702.158,193.099,895.257,10.453,6922.182,3.796,6925.979,115754.596,150,230.785,305.484,12.43,2.481,3.284,2.442,8770.588,384.9,0.914,3500.9,13,1400.4,0,0,18.103,28.127,19.231,145,Mackay,Mackay,Pind,1959,LPOH_5_15,BareFallow,42,MW_Surf2,130_150,50,3,6,SWD_0_50_200_50_50,P2R,MW_01MayR6V1,MW_T3,2056,1074.022,1154.151,1347.25,18.195,5.765,9.39747975367358,0.112739693741574,13.4574666666667,0.672873333333333,0.437337781918236,15.577,3_6
01/08/2010,2010,213,2009,01-May,7,sugar,alive,0,0,2,334,4.443,2007,1/9/2009,121,0,0,181,2010,14,2616,4578.15,3963.22,4928.11,3465.63,105.683,1589.36,,0,0,0,15.598,105.6,45.693,35.693,3.796,6922.182,6925.979,115754.596,16.52,14.27,1.48,6,300,1863,458.093,817.915,794.686,673.261,188.223,861.483,6.125,6954.793,2.348,6957.141,116006.686,150,226.728,307.859,7.665,0.318,3.229,1.475,8620.518,386.827,0.81,2371.5,8.8,948.6,0,0,19.095,28.32,19.354,185,Mackay,Mackay,Pind,1959,LPOH_5_15,BareFallow,42,MW_Surf2,130_150,50,3,6,SWD_0_50_200_50_50,P2R,MW_01MayR6V1,MW_T3,2163,1094.686,1276.008,1464.231,11.212,3.547,9.65418393950411,0.122675665103084,14.0910666666667,0.704553333333333,0.46612240217353,15.894,3_6
01/07/2011,2011,182,2010,01-May,7,sugar,alive,0,0,3,334,4.446,2007,1/8/2010,121,0,0,181,2011,14,2616,4011.47,3626.01,4571.01,2946.47,92.143,1662.4,,0,0,0,19.291,90.4,53.202,43.202,2.348,6954.793,6957.141,116006.686,14.49,13.08,1.488,2,100,3869.5,1250.858,1967.855,1130.691,506.134,197.184,703.317,7.368,6960.901,3.315,6964.216,115837.496,150,192.563,296.786,38.417,16.977,7.086,6.948,8762.165,388.78,0.6,1310.6,5,524.2,0,0,19.274,27.11,17.357,220,Mackay,Mackay,Pind,1959,LPOH_5_15,BareFallow,42,MW_Surf2,130_150,50,3,6,SWD_0_50_200_50_50,P2R,MW_01MayR6V1,MW_T3,3969.5,1230.691,3218.713,3415.897,62.48,24.063,7.48709464845359,0.1310120471992,16.7532727272727,0.614286666666667,0.478508332337988,16.624,3_6
01/07/2012,2012,183,2011,01-May,7,sugar,alive,0,0,4,366,4.494,2007,1/7/2011,121,0,0,181,2012,14,2616,6065.65,5378.69,6547.55,4633.31,142.986,2438.44,,0,0,0,18.076,125.8,94.671,84.671,3.315,6960.901,6964.216,115837.496,19.55,17.04,1.491,6,300,2316.5,447.314,1083.933,1038.607,869.241,194.897,1064.138,3.843,6944.005,1.629,6945.634,115981.672,150,268.477,321.392,13.764,0.52,2.846,2.708,9081.436,390.94,0.802,2311.3,8.5,924.5,0,0,17.909,27.267,19.132,239,Mackay,Mackay,Pind,1959,LPOH_5_15,BareFallow,42,MW_Surf2,130_150,50,3,6,SWD_0_50_200_50_50,P2R,MW_01MayR6V1,MW_T3,2616.5,1338.607,1531.247,1726.144,17.13,3.366,10.6817012013235,0.134367910928846,19.0648,0.95324,0.53258193439289,24.384,3_6
01/07/2013,2013,182,2012,01-May,7,sugar,alive,0,0,5,365,4.497,2007,1/7/2012,121,0,0,181,2013,14,2616,5538.69,4940.91,6133.23,4245.34,131.544,2349.16,,0,0,0,19.066,120.8,97.786,87.786,1.629,6944.005,6945.634,115981.672,17.97,15.78,1.487,6,300,2091,528.923,866.683,1017.077,813.867,168.843,982.71,2.478,6967.849,3.678,6971.527,116250.924,150,255.602,343.035,5.394,0.277,2.25,1.39,11137.446,393.132,0.742,1934.8,7.2,773.9,0,0,18.045,27.322,19.55,189,Mackay,Mackay,Pind,1959,LPOH_5_15,BareFallow,42,MW_Surf2,130_150,50,3,6,SWD_0_50_200_50_50,P2R,MW_01MayR6V1,MW_T3,2391,1317.077,1395.606,1564.449,7.921,2.527,9.9875709620622,0.133858411942486,17.5392,0.87696,0.51464386037668,23.492,3_6
01/07/2014,2014,182,2013,01-May,7,sugar,alive,0,0,6,365,4.535,2007,1/7/2013,121,0,0,181,2014,14,2616,5663.74,5081.69,6299.52,4286.34,132.974,2287.97,,0,0,0,18.264,128.4,92.47,82.47,3.678,6967.849,6971.527,116250.924,19.1,16.97,1.495,6,300,1352.5,277.976,310.02,928.508,830.647,189.388,1020.035,0.941,6977.822,2.982,6980.804,116433.657,150,264.947,340.37,4.719,0.112,0.844,1.099,10650.85,395.356,0.721,1823.9,6.8,729.6,0,0,18.823,28.131,19.697,162,Mackay,Mackay,Pind,1959,LPOH_5_15,BareFallow,42,MW_Surf2,130_150,50,3,6,SWD_0_50_200_50_50,P2R,MW_01MayR6V1,MW_T3,1652.5,1228.508,587.996,777.384,5.675,0.956,10.8240239379801,0.130362193454146,17.7298666666667,0.886493333333333,0.501889057056694,22.88,3_6
01/05/2015,2015,121,0,01-May,7,none,out,0,0,-1,0,6,2007,0.000,121,0,0,181,-1,14,2616,0,0,0,0,0,0,,0,0,0,0,0,118.94,108.94,2.982,6977.822,6980.804,116433.657,0,0,1.497,0,0,809,363.355,147.997,533.666,0,275.764,275.764,0.111,7020.986,112.383,7133.37,116285.83,0,0,182.729,15.268,0.841,0.235,2.419,11264.482,397.233,0.006,9,0,3.6,0,0,18.686,28.795,21.299,127,Mackay,Mackay,Pind,1959,LPOH_5_15,BareFallow,42,MW_Surf2,130_150,50,3,6,SWD_0_50_200_50_50,P2R,MW_01MayR6V1,MW_T3,809,533.666,511.352,787.116,16.344,1.076,0,0,0,,,0,3_6
01/09/2016,2016,245,2015,01-May,8,sugar,alive,0,0,0,489,4.733,2015,1/5/2015,121,0,0,181,2016,14,2616,7226.92,6537.35,7504.65,5712.82,176.692,2897.14,,0,0,0,17.268,193.9,140.824,140.824,112.383,7020.986,7133.37,116285.83,28.53,26.01,1.5,6,300,1921.3,195.152,666.385,1193.781,992.899,415.188,1408.087,5.669,6835.505,16.166,6851.671,114710.486,130,392.619,365.304,52.521,6.795,4.307,9.743,5618.951,400.283,0.838,2601.7,9.5,1040.7,0,0,18.05,27.345,18.186,143,Mackay,Mackay,Pind,1959,LPOH_5_15,BareFallow,42,MW_Surf2,130_150,50,3,6,SWD_0_50_200_50_50,P2R,MW_01MayR6V1,MW_T3,2221.3,1493.781,861.537,1276.725,63.623,11.102,11.8285076594226,0.125483723661961,23.5589333333333,1.35916923076923,0.450034257129686,28.971,3_6
01/09/2017,2017,244,2016,01-May,8,sugar,alive,0,0,1,365,4.536,2015,1/9/2016,121,0,0,181,2017,14,2616,4593.06,4089.57,5053.52,3514.41,108.293,2051.49,,0,0,0,20.401,97.9,74.501,64.501,16.166,6835.505,6851.671,114710.486,14.72,12.88,1.462,5,250,2282.3,530.714,1134.026,937.58,707.522,167.127,874.649,2.962,6914.615,4.736,6919.351,115505.432,150,208.77,307.119,13.845,10.727,2.136,2.913,10312.364,402.607,0.774,2127.3,8,850.9,0,0,18.546,28.171,17.839,276,Mackay,Mackay,Pind,1959,LPOH_5_15,BareFallow,42,MW_Surf2,130_150,50,3,6,SWD_0_50_200_50_50,P2R,MW_01MayR6V1,MW_T3,2532.3,1187.58,1664.74,1831.867,26.708,12.863,9.1187962074134,0.123813095310233,15.4704285714286,0.721953333333333,0.518719164630934,20.515,3_6
01/08/2018,2018,213,2017,01-May,8,sugar,alive,0,0,2,334,4.433,2015,1/9/2017,121,0,0,181,2018,14,2616,3963.09,3471.71,4398.4,2950.52,90.863,1475.88,,0,0,0,17.079,90.3,52.413,42.413,4.736,6914.615,6919.351,115505.432,14.62,12.82,1.485,6,300,1168.6,423.758,258.975,739.077,593.108,175.931,769.04,0.809,6922.542,5.274,6927.816,115615.876,150,197.386,302.449,37.755,8.293,0.652,6.854,8374.066,404.767,0.697,1706.5,6.4,682.6,0,0,18.64,28.444,18.132,103,Mackay,Mackay,Pind,1959,LPOH_5_15,BareFallow,42,MW_Surf2,130_150,50,3,6,SWD_0_50_200_50_50,P2R,MW_01MayR6V1,MW_T3,1468.6,1039.077,682.733,858.664,46.7,8.945,8.74458774470034,0.118151201497972,12.1150666666667,0.605753333333333,0.460331533138115,14.759,3_6
01/07/2019,2019,182,2018,01-May,8,sugar,alive,0,0,3,334,4.448,2015,1/8/2018,121,0,0,181,2019,14,2616,5022.14,4354.22,5425.58,3609.06,109.846,1655.61,,0,0,0,15.639,112.3,51.24,41.24,5.274,6922.542,6927.816,115615.876,18.76,16.31,1.487,6,300,1616.3,397.815,593.628,881.589,705.742,178.201,883.942,4.373,6921.331,2.869,6924.2,115567.288,150,252.549,312.795,9.645,1.958,1.827,2.033,8566.615,406.953,0.748,1971.5,7.3,788.6,0,0,19.106,28.306,17.658,123,Mackay,Mackay,Pind,1959,LPOH_5_15,BareFallow,42,MW_Surf2,130_150,50,3,6,SWD_0_50_200_50_50,P2R,MW_01MayR6V1,MW_T3,1916.3,1181.589,991.443,1169.644,13.43,3.785,9.29646433743036,0.124268334347729,14.6461333333333,0.732306666666667,0.434949257371837,16.556,3_6
01/07/2020,2020,183,2019,01-May,8,sugar,alive,0,0,4,366,4.518,2015,1/7/2019,121,0,0,181,2020,14,2616,5687.44,5031.75,6201.96,4339.69,133.794,2258.47,,0,0,0,17.863,130.6,74.154,64.154,2.869,6921.331,6924.2,115567.288,19.53,17.13,1.485,6,300,1586,266.462,540.696,931.057,879.614,180.33,1059.944,2.196,6939.738,2.659,6942.397,116043.861,150,269.544,346.633,4.1,0.176,1.557,1.056,10655.049,409.37,0.748,1970.7,7.3,788.3,0,0,18.059,28.115,18.63,167,Mackay,Mackay,Pind,1959,LPOH_5_15,BareFallow,42,MW_Surf2,130_150,50,3,6,SWD_0_50_200_50_50,P2R,MW_01MayR6V1,MW_T3,1886,1231.057,807.158,987.488,5.833,1.733,10.86822137399,0.126227423335572,17.8392,0.89196,0.496371649897605,22.585,3_6
01/07/2021,2021,182,2020,01-May,8,sugar,alive,0,0,5,365,4.522,2015,1/7/2020,121,0,0,181,2021,14,2616,5453.08,4865.3,6045.29,4127.75,127.776,2161.95,,0,0,0,17.911,132.1,75.052,65.052,2.659,6939.738,6942.397,116043.861,19.52,17.37,1.489,6,300,1294.6,226.515,340.891,859.399,803.177,166.975,970.152,0.929,6946.965,2.054,6949.019,116056.437,150,268.397,351.987,8.302,0.097,0.921,1.824,10916.479,411.819,0.72,1816.4,6.7,726.6,0,0,18.525,27.767,17,146,Mackay,Mackay,Pind,1959,LPOH_5_15,BareFallow,42,MW_Surf2,130_150,50,3,6,SWD_0_50_200_50_50,P2R,MW_01MayR6V1,MW_T3,1594.6,1159.399,567.406,734.381,9.32,1.018,11.0208823709525,0.13170719639809,17.0368,0.85184,0.476070894980197,21.619,3_6
01/07/2022,2022,182,2021,01-May,8,sugar,alive,0,0,6,365,4.546,2015,1/7/2021,121,0,0,181,2022,14,2616,5504.44,4854.77,6037.58,4154,127.78,2340.67,,0,0,0,19.631,122.6,114.095,104.095,2.054,6946.965,6949.019,116056.437,18.55,16.17,1.491,6,300,1205.6,322.293,208.548,902.529,839.247,159.686,998.933,0.35,6949.959,4.915,6954.874,116110.182,150,253.467,344.377,21.722,1.654,0.713,4.207,10764.05,414.302,0.765,2069.4,7.7,827.8,0,0,18.81,28.279,17.351,124,Mackay,Mackay,Pind,1959,LPOH_5_15,BareFallow,42,MW_Surf2,130_150,50,3,6,SWD_0_50_200_50_50,P2R,MW_01MayR6V1,MW_T3,1505.6,1202.529,530.841,690.527,24.089,2.367,10.6259391665399,0.127916486891513,17.0373333333333,0.851866666666667,0.504128742597656,23.407,3_6
01/05/1960,1960,122,0,01-May,0,none,out,0,0,-1,0,6,-1,0.000,122,0,0,182,-1,14,2616,0,0,0,0,0,0,,0,0,0,0,0,0,0,0,0,0,0,0,0,1.327,0,0,1541.1,0,1148.468,392.632,0,305.915,305.915,52.812,6533.978,108.745,6642.723,109154.71,0,0,108.975,10.675,0,14.292,2.158,1144.532,350,0,0.1,0,0,0,0,20.566,28.871,18.818,235.7,Mackay,Mackay,Pind,1960,LPOH_5_15,BareFallow,42,MW_Surf2,130_150,50,3,6,SWD_0_50_200_50_50,P2R,MW_01MayR6V1,MW_T3,1541.1,392.632,1148.468,1454.383,24.967,14.292,0,0,0,,,0,3_6
01/09/1961,1961,244,1960,01-May,1,sugar,alive,0,0,0,488,4.565,1960,1/5/1960,122,0,0,182,1961,14,2616,5017.4,4401.01,5108.82,3932.57,118.996,1997.12,,0,0,0,17.743,118,116.517,116.517,108.745,6533.978,6642.723,109154.71,19.97,17.71,1.308,6,300,1161.9,71.469,321.412,838.302,726.483,383.007,1109.49,5.239,6470.8,24.862,6495.661,109265.503,130,271.695,231.039,27.198,7.259,3.572,5.309,2788.052,350,0.912,3468.5,12.7,1387.4,0,0,15.224,25.964,19.137,136.7,Mackay,Mackay,Pind,1960,LPOH_5_15,BareFallow,42,MW_Surf2,130_150,50,3,6,SWD_0_50_200_50_50,P2R,MW_01MayR6V1,MW_T3,1461.9,1138.302,392.881,775.888,38.029,10.831,10.453816298311,0.107252881954772,15.8661333333333,0.915353846153846,0.437976407368557,19.971,3_6
01/09/1962,1962,244,1961,01-May,1,sugar,alive,0,0,1,365,4.439,1960,1/9/1961,122,0,0,182,1962,14,2616,3913.2,3495.88,4274.11,2910.43,90.074,1649.89,,0,0,0,19.63,77.5,58.046,48.046,24.862,6470.8,6495.661,109265.503,12.72,11.19,1.29,6,300,1271.7,394.776,349.646,781.735,576.301,242.473,818.774,2.469,6556.119,4.572,6560.69,109843.753,150,180.089,271.231,15.987,19.831,0.735,3.129,8083.66,350,0.687,1660.5,6.3,664.2,0,0,17.385,27.271,19.837,153.2,Mackay,Mackay,Pind,1960,LPOH_5_15,BareFallow,42,MW_Surf2,130_150,50,3,6,SWD_0_50_200_50_50,P2R,MW_01MayR6V1,MW_T3,1571.7,1081.735,744.422,986.895,36.553,20.566,8.32680832181634,0.110010821056848,12.0098666666667,0.600493333333333,0.500163807894985,16.499,3_6
01/08/1963,1963,213,1962,01-May,1,sugar,alive,0,0,2,334,4.412,1960,1/9/1962,122,0,0,182,1963,14,2616,4323.6,3731.26,4634.72,3170.39,96.227,1539.23,,0,0,0,16.775,78.7,48.551,38.551,4.572,6556.119,6560.69,109843.753,13.86,11.69,1.313,6,300,2681.7,558.896,1533.781,838.642,675.206,192.091,867.297,7.331,6596.917,1.916,6598.833,110418.882,150,195.709,262.925,7.958,1.96,3.447,1.673,7266.601,350,0.805,2332,8.6,932.8,0,0,18.233,27.99,18.89,406.4,Mackay,Mackay,Pind,1960,LPOH_5_15,BareFallow,42,MW_Surf2,130_150,50,3,6,SWD_0_50_200_50_50,P2R,MW_01MayR6V1,MW_T3,2981.7,1138.642,2092.677,2284.768,13.365,5.407,8.4510320188435,0.110950458724059,12.8302666666667,0.641513333333333,0.491684081978856,15.392,3_6
01/07/1964,1964,183,1963,01-May,1,sugar,alive,0,0,3,335,4.436,1960,1/8/1963,122,0,0,182,1964,14,2616,5117.33,4528.25,5599.58,3818.13,117.798,1960.52,,0,0,0,17.571,101.9,52.277,42.277,1.916,6596.917,6598.833,110418.882,16.37,14.22,1.322,6,300,1025.7,179.917,131.934,829.208,760.886,171.332,932.218,0.413,6628.391,2.872,6631.263,110808.111,150,230.574,299.979,3.382,0.123,0.331,0.923,8924.804,350,0.725,1843.1,6.9,737.2,0,0,18.327,27.613,19.874,68.1,Mackay,Mackay,Pind,1960,LPOH_5_15,BareFallow,42,MW_Surf2,130_150,50,3,6,SWD_0_50_200_50_50,P2R,MW_01MayR6V1,MW_T3,1325.7,1129.208,311.851,483.183,3.836,0.454,10.4319133410319,0.12636314681759,15.7064,0.78532,0.5108902131203,19.605,3_6
01/07/1965,1965,182,1964,01-May,1,sugar,alive,0,0,4,365,4.49,1960,1/7/1964,122,0,0,182,1965,14,2616,5389.69,4761.83,5888.07,4059.17,124.93,2305.96,,0,0,0,19.803,107.9,115.908,105.908,2.872,6628.391,6631.263,110808.111,16.92,14.62,1.331,6,300,1096,279.51,135.225,877.611,836.118,176.531,1012.65,0.342,6652.24,3.232,6655.473,111129.671,150,240.37,323.397,11.426,0.206,0.278,2.487,10109.471,350,0.769,2092.8,7.8,837.1,0,0,17.766,27.399,19.433,77.2,Mackay,Mackay,Pind,1960,LPOH_5_15,BareFallow,42,MW_Surf2,130_150,50,3,6,SWD_0_50_200_50_50,P2R,MW_01MayR6V1,MW_T3,1396,1177.611,414.735,591.266,11.91,0.484,10.6087663922976,0.123369377376191,16.6573333333333,0.832866666666667,0.519740400216333,23.06,3_6
01/07/1966,1966,182,1965,01-May,1,sugar,alive,0,0,5,365,4.442,1960,1/7/1965,122,0,0,182,1966,14,2616,4562.43,3963.44,5013.35,3405.04,103.973,1829.92,,0,0,0,18.748,96.2,66.523,56.523,3.232,6652.24,6655.473,111129.671,15.43,13.24,1.339,6,300,1001.1,291.835,116.807,770.513,708.205,170.531,878.736,0.275,6702.93,3.676,6706.607,111851.399,150,216.561,301.454,7.193,0.186,0.248,1.656,9706.067,350,0.764,2061.6,7.7,824.6,0,0,17.019,27.141,19.984,80,Mackay,Mackay,Pind,1960,LPOH_5_15,BareFallow,42,MW_Surf2,130_150,50,3,6,SWD_0_50_200_50_50,P2R,MW_01MayR6V1,MW_T3,1301.1,1070.513,408.642,579.173,7.627,0.434,9.71244627575751,0.118321088472533,13.8630666666667,0.693153333333333,0.480109530340181,18.299,3_6
01/07/1967,1967,182,1966,01-May,1,sugar,alive,0,0,6,365,4.482,1960,1/7/1966,122,0,0,182,1967,14,2616,5549.3,4927.18,6071.34,4203.39,129.847,2254.34,,0,0,0,18.455,125.9,62.247,52.247,3.676,6702.93,6706.607,111851.399,19.16,16.88,1.353,6,300,1249.2,203.013,203.401,1007.985,826.236,199.502,1025.738,0.508,6698.46,3.333,6701.794,111855.934,150,262.12,330.655,15.902,0.737,0.347,3.149,9904.549,350,0.766,2072,7.7,828.8,0,0,17.61,27.233,19.754,100.3,Mackay,Mackay,Pind,1960,LPOH_5_15,BareFallow,42,MW_Surf2,130_150,50,3,6,SWD_0_50_200_50_50,P2R,MW_01MayR6V1,MW_T3,1549.2,1307.985,406.414,605.916,16.986,1.084,9.92725451744477,0.126588856023663,17.3129333333333,0.865646666666667,0.495372348542652,22.543,3_6
01/05/1968,1968,122,0,01-May,1,none,out,0,0,-1,0,6,1960,0.000,122,0,0,182,-1,14,2616,0,0,0,0,0,0,,0,0,0,0,0,161.295,151.295,3.333,6698.46,6701.794,111855.934,0,0,1.353,0,0,2079.4,840.456,1007.27,707.66,0,249.485,249.485,1.156,6800.473,50.522,6850.995,112444.635,0,0,113.957,11.531,2.967,1.265,1.691,10205.214,350,0.007,10.2,0,4.1,0,0,17.888,27.473,20.76,213.1,Mackay,Mackay,Pind,1960,LPOH_5_15,BareFallow,42,MW_Surf2,130_150,50,3,6,SWD_0_50_200_50_50,P2R,MW_01MayR6V1,MW_T3,2079.4,707.66,1847.726,2097.211,15.763,4.232,0,0,0,,,0,3_6
01/09/1969,1969,244,1968,01-May,2,sugar,alive,0,0,0,488,4.644,1968,1/5/1968,122,0,0,182,1969,14,2616,4916.45,4402.24,5100.37,3797.57,116.894,1694.31,,0,0,0,14.928,153.7,143.484,143.484,50.522,6800.473,6850.995,112444.635,23.24,21.36,1.37,6,300,1150.9,117.541,229.376,891.428,716.716,453.986,1170.702,5.014,6580.674,39.369,6620.043,110217.169,130,312.968,382.76,67.152,5.038,6.415,12.483,4964.144,350,0.761,2045.7,7.5,818.3,0,0,16.674,26.602,18.902,55.6,Mackay,Mackay,Pind,1960,LPOH_5_15,BareFallow,42,MW_Surf2,130_150,50,3,6,SWD_0_50_200_50_50,P2R,MW_01MayR6V1,MW_T3,1450.9,1191.428,346.917,800.903,78.605,11.453,9.81125170803439,0.0998494920141932,15.5858666666667,0.899184615384615,0.373501444237111,16.943,3_6
01/09/1970,1970,244,1969,01-May,2,sugar,alive,0,0,1,365,4.443,1968,1/9/1969,122,0,0,182,1970,14,2616,3702.19,3065.23,3817.4,2834.11,83.575,1295.62,,0,0,0,16.168,67.5,58.765,48.765,39.369,6580.674,6620.043,110217.169,12.63,10.29,1.332,6,300,1660.2,295.811,842.063,691.404,610.701,200.702,811.402,2.628,6666.708,8.264,6674.972,111487.361,150,173.06,250.541,28.163,21.37,1.195,5.37,7179.169,350,0.908,3404.7,12.8,1361.9,0,0,17.214,27.546,20.259,411.7,Mackay,Mackay,Pind,1960,LPOH_5_15,BareFallow,42,MW_Surf2,130_150,50,3,6,SWD_0_50_200_50_50,P2R,MW_01MayR6V1,MW_T3,1960.2,991.404,1137.874,1338.576,50.728,22.565,8.4299639702886,0.103000732066226,11.1433333333333,0.557166666666667,0.482924997110829,12.956,3_6
01/08/1971,1971,213,1970,01-May,2,sugar,alive,0,0,2,334,4.381,1968,1/9/1970,122,0,0,182,1971,14,2616,4877.4,4405.6,5376.43,3577.49,111.552,1786.78,,0,0,0,16.801,105.1,51.689,41.689,8.264,6666.708,6674.972,111487.361,17.38,15.65,1.356,6,300,1654.2,368.59,592.332,914.475,729.125,219.118,948.243,5.818,6658.92,4.481,6663.401,111208.602,150,236.382,325.505,24.709,9.48,2.286,4.628,8159.448,350,0.723,1834.7,6.8,733.9,0,0,17.649,27.498,19.171,129.3,Mackay,Mackay,Pind,1960,LPOH_5_15,BareFallow,42,MW_Surf2,130_150,50,3,6,SWD_0_50_200_50_50,P2R,MW_01MayR6V1,MW_T3,1954.2,1214.475,960.922,1180.04,36.475,11.766,9.18520348298648,0.117640731331526,14.8736,0.74368,0.471914105134909,17.868,3_6
01/07/1972,1972,183,1971,01-May,2,sugar,alive,0,0,3,335,4.446,1968,1/8/1971,122,0,0,182,1972,14,2616,5193.36,4624.49,5728.44,3846.75,118.989,2023.9,,0,0,0,18.021,102.1,78.724,68.724,4.481,6658.92,6663.401,111208.602,16.69,14.6,1.356,6,300,2022.6,501.603,806.359,991.48,824.625,180,1004.625,3.741,6691.109,2.968,6694.077,111784.456,150,232.961,313.506,7.999,1.555,2.535,1.671,9221.441,350,0.738,1912.5,7.1,765,0,0,18.425,27.979,19.548,183.4,Mackay,Mackay,Pind,1960,LPOH_5_15,BareFallow,42,MW_Surf2,130_150,50,3,6,SWD_0_50_200_50_50,P2R,MW_01MayR6V1,MW_T3,2322.6,1291.48,1307.962,1487.962,12.089,4.09,9.21338309536346,0.118441209406495,15.8652,0.79326,0.510767896772421,20.239,3_6
01/07/1973,1973,182,1972,01-May,2,sugar,alive,0,0,4,365,4.489,1968,1/7/1972,122,0,0,182,1973,14,2616,4467.59,3964.51,5007.73,3286.81,101.114,1630.2,,0,0,0,16.93,102.9,70.738,60.738,2.968,6691.109,6694.077,111784.456,15.83,13.99,1.365,6,300,1091.3,287.248,233.746,710.339,669.699,186.362,856.061,0.676,6738.357,4.679,6743.037,112318.138,150,222.366,306.812,4.697,0.144,0.807,1.176,9841.135,350,0.69,1673.6,6.3,669.4,0,0,17.985,27.773,19.988,148.3,Mackay,Mackay,Pind,1960,LPOH_5_15,BareFallow,42,MW_Surf2,130_150,50,3,6,SWD_0_50_200_50_50,P2R,MW_01MayR6V1,MW_T3,1391.3,1010.339,520.994,707.356,5.648,0.951,10.0079280320764,0.118115414672553,13.4818666666667,0.674093333333333,0.454718796938381,16.302,3_6
01/07/1974,1974,182,1973,01-May,2,sugar,alive,0,0,5,365,4.499,1968,1/7/1973,122,0,0,182,1974,14,2616,5308.53,4740.96,5859.55,3996.72,123.442,1855.39,,0,0,0,15.587,121.3,66.983,56.983,4.679,6738.357,6743.037,112318.138,18.36,16.28,1.378,3,150,3164.5,785.745,1597.048,1097.083,739.224,185.991,925.215,6.228,6741.984,4.497,6746.481,112411.862,150,251.435,315.753,9.154,0.25,5.347,1.901,9682.79,350,0.776,2137.4,7.9,855,0,0,18.515,27.028,17.87,199.6,Mackay,Mackay,Pind,1960,LPOH_5_15,BareFallow,42,MW_Surf2,130_150,50,3,6,SWD_0_50_200_50_50,P2R,MW_01MayR6V1,MW_T3,3314.5,1247.083,2382.793,2568.784,14.751,5.597,9.89845904402514,0.133419799722227,20.5736666666667,0.822946666666667,0.490949947302484,18.554,3_6
01/07/1975,1975,182,1974,01-May,2,sugar,alive,0,0,6,365,4.449,1968,1/7/1974,122,0,0,182,1975,14,2616,4912.84,4383.37,5483.99,3683.78,114.182,1959.92,,0,0,0,18.213,108.4,64.475,54.475,4.497,6741.984,6746.481,112411.862,16.66,14.72,1.381,6,300,1738.2,534.104,569.579,970.107,742.935,159.201,902.136,1.081,6758.859,3.626,6762.485,112628.767,150,227.552,325.519,27.234,4.945,1.004,5.19,10123.722,350,0.722,1830.9,6.9,732.4,0,0,17.373,27.165,19.669,139.4,Mackay,Mackay,Pind,1960,LPOH_5_15,BareFallow,42,MW_Surf2,130_150,50,3,6,SWD_0_50_200_50_50,P2R,MW_01MayR6V1,MW_T3,2038.2,1270.107,1103.683,1262.884,33.183,5.949,8.98995124032857,0.12656849964972,15.2242666666667,0.761213333333333,0.501784207565743,19.599,3_6
01/05/1976,1976,122,0,01-May,2,none,out,0,0,-1,0,6,1968,0.000,122,0,0,182,-1,14,2616,0,0,0,0,0,0,,0,0,0,0,0,78.856,68.856,3.626,6758.859,6762.485,112628.767,0,0,1.389,0,0,2235.6,915.456,896.09,927.629,0,334.445,334.445,3.475,6830.232,57.473,6887.705,112969.892,0,0,129.184,21.953,3.435,3.752,3.015,9716.626,350,0.004,5.1,0,2.1,0,0,19.229,27.664,18.686,161.4,Mackay,Mackay,Pind,1960,LPOH_5_15,BareFallow,42,MW_Surf2,130_150,50,3,6,SWD_0_50_200_50_50,P2R,MW_01MayR6V1,MW_T3,2235.6,927.629,1811.546,2145.991,29.14,7.187,0,0,0,,,0,3_6
01/09/1977,1977,244,1976,01-May,3,sugar,alive,0,0,0,488,4.631,1976,1/5/1976,122,0,0,182,1977,14,2616,5866,5116.51,5910.36,4666.91,141.155,2186.75,,0,0,0,16.155,170.5,168.465,168.465,57.473,6830.232,6887.705,112969.892,26.14,23.4,1.396,6,300,2076,357.058,900.617,1038.528,847.896,373.185,1221.081,10.919,6642.124,3.614,6645.738,111558.404,130,358.395,359.56,37.648,8.678,4.661,7.099,4728.636,350,0.945,4145.2,15.2,1658.1,0,0,16.478,26.333,18.456,166.6,Mackay,Mackay,Pind,1960,LPOH_5_15,BareFallow,42,MW_Surf2,130_150,50,3,6,SWD_0_50_200_50_50,P2R,MW_01MayR6V1,MW_T3,2376,1338.528,1257.675,1630.86,50.987,13.339,10.5455395778049,0.115598391916671,18.8206666666667,1.08580769230769,0.393853150853109,21.868,3_6
01/09/1978,1978,244,1977,01-May,3,sugar,alive,0,0,1,365,4.451,1976,1/9/1977,122,0,0,182,1978,14,2616,4540.86,4014.3,4905.61,3438.99,105.811,1915.33,,0,0,0,19.365,91.3,47.709,37.709,3.614,6642.124,6645.738,111558.404,14.87,12.94,1.361,6,300,1393.4,177.888,595.655,756.437,665.729,208.689,874.418,2.385,6735.662,2.249,6737.911,112557.634,150,202.611,295.615,3.89,1.503,1.57,1.005,8908.921,350,0.782,2179.1,8.2,871.6,0,0,17.789,27.303,20.045,300,Mackay,Mackay,Pind,1960,LPOH_5_15,BareFallow,42,MW_Surf2,130_150,50,3,6,SWD_0_50_200_50_50,P2R,MW_01MayR6V1,MW_T3,1693.4,1056.437,773.543,982.232,6.963,3.073,10.0158362495823,0.121007344313589,14.1081333333333,0.705406666666667,0.522237193439645,19.153,3_6
01/08/1979,1979,213,1978,01-May,3,sugar,alive,0,0,2,334,4.427,1976,1/9/1978,122,0,0,182,1979,14,2616,4432.4,3989.8,4958.5,3264.11,101.252,1721.68,,0,0,0,18.015,96.9,75.148,65.148,2.249,6735.662,6737.911,112557.634,15.42,13.8,1.388,5,250,2869,590.071,1663.816,912.076,615.674,176.978,792.653,5.998,6745.896,2.601,6748.497,112487.471,150,214.576,302.347,26.383,4.196,4.517,4.773,8769.295,350,0.71,1766.5,6.6,706.6,0,0,18.4,26.924,18.254,509.4,Mackay,Mackay,Pind,1960,LPOH_5_15,BareFallow,42,MW_Surf2,130_150,50,3,6,SWD_0_50_200_50_50,P2R,MW_01MayR6V1,MW_T3,3119,1162.076,2253.887,2430.865,35.096,8.713,8.71302737514586,0.127738114912831,14.4645714285714,0.675013333333333,0.471870106628887,17.217,3_6
01/07/1980,1980,183,1979,01-May,3,sugar,alive,0,0,3,335,4.478,1976,1/8/1979,122,0,0,182,1980,14,2616,5498.76,4875.63,6026.34,4106.26,126.528,2036.51,,0,0,0,16.897,113.8,132.608,122.608,2.601,6745.896,6748.497,112487.471,17.98,15.7,1.393,6,300,1191.6,126.595,414.94,746.329,811.338,177.841,989.179,1.281,6755.614,3.642,6759.257,112729.73,150,250.411,315.839,4.902,0.173,1.014,1.191,9232.203,350,0.779,2153.5,8,861.4,0,0,19.052,28.158,20.422,215.6,Mackay,Mackay,Pind,1960,LPOH_5_15,BareFallow,42,MW_Surf2,130_150,50,3,6,SWD_0_50_200_50_50,P2R,MW_01MayR6V1,MW_T3,1491.6,1046.329,541.535,719.376,6.089,1.187,12.0925636200469,0.127912137237042,16.8704,0.84352,0.505281317514007,20.365,3_6
01/07/1981,1981,182,1980,01-May,3,sugar,alive,0,0,4,365,4.48,1976,1/7/1980,122,0,0,182,1981,14,2616,4815.43,4309.71,5410.36,3579.39,110.706,1941.38,,0,0,0,18.67,106.3,75.493,65.493,3.642,6755.614,6759.257,112729.73,16.42,14.57,1.397,6,300,1619.3,561.493,447.687,940.514,711.788,166.798,878.586,1.21,6790.532,4.844,6795.377,113143.174,150,229.989,320.032,13.599,0.326,1.234,2.804,10383.204,350,0.727,1855.1,6.9,742,0,0,18.21,27.259,19.351,101.3,Mackay,Mackay,Pind,1960,LPOH_5_15,BareFallow,42,MW_Surf2,130_150,50,3,6,SWD_0_50_200_50_50,P2R,MW_01MayR6V1,MW_T3,1919.3,1240.514,1009.18,1175.978,15.159,1.56,8.92420399930996,0.12600473943359,14.7608,0.73804,0.481353456034854,19.414,3_6
01/07/1982,1982,182,1981,01-May,3,sugar,alive,0,0,5,365,4.487,1976,1/7/1981,122,0,0,182,1982,14,2616,4914.21,4256.57,5347.43,3710.02,112.811,1799.82,,0,0,0,16.724,123.6,89.028,79.028,4.844,6790.532,6795.377,113143.174,18.39,15.98,1.409,6,300,1258.9,367.762,292.561,845.937,717.922,192.181,910.103,0.825,6803.483,3.925,6807.407,113534.79,150,254.208,322.87,7.16,0.167,0.687,1.581,9795.322,350,0.802,2311.9,8.6,924.8,0,0,18.212,27.411,19.836,222,Mackay,Mackay,Pind,1960,LPOH_5_15,BareFallow,42,MW_Surf2,130_150,50,3,6,SWD_0_50_200_50_50,P2R,MW_01MayR6V1,MW_T3,1558.9,1145.937,660.323,852.504,8.014,0.854,9.84443298366315,0.123954101898357,15.0414666666667,0.752073333333333,0.443774389476334,17.998,3_6
01/07/1983,1983,182,1982,01-May,3,sugar,alive,0,0,6,365,4.47,1976,1/7/1982,122,0,0,182,1983,14,2616,5272.4,4661.75,5799.67,3973.34,122.635,1982.1,,0,0,0,16.98,124.5,59.502,49.502,3.925,6803.483,6807.407,113534.79,18.88,16.64,1.413,6,300,1425.8,315.191,387.208,963.945,746.297,193.949,940.246,1.106,6819.781,2.928,6822.709,113679.435,150,252.595,328.952,8.149,0.197,0.919,1.828,9935.775,350,0.747,1963.4,7.3,785.4,0,0,18.168,27.059,20.069,156,Mackay,Mackay,Pind,1960,LPOH_5_15,BareFallow,42,MW_Surf2,130_150,50,3,6,SWD_0_50_200_50_50,P2R,MW_01MayR6V1,MW_T3,1725.8,1263.945,702.399,896.348,9.265,1.116,9.70255826005087,0.130428632506812,16.3513333333333,0.817566666666667,0.485500504760585,19.821,3_6
01/05/1984,1984,122,0,01-May,3,none,out,0,0,-1,0,6,1976,0.000,122,0,0,182,-1,14,2616,0,0,0,0,0,0,,0,0,0,0,0,124.657,114.657,2.928,6819.781,6822.709,113679.435,0,0,1.419,0,0,607.1,281.053,29.414,506.382,0,284.397,284.397,0.039,6865.201,108.461,6973.662,113588.675,0,0,171.738,13.203,0.533,0.275,2.246,10629.855,350,0.006,7.9,0,3.2,0,0,18.91,27.755,20.128,62,Mackay,Mackay,Pind,1960,LPOH_5_15,BareFallow,42,MW_Surf2,130_150,50,3,6,SWD_0_50_200_50_50,P2R,MW_01MayR6V1,MW_T3,607.1,506.382,310.467,594.864,14.011,0.808,0,0,0,,,0,3_6
01/09/1985,1985,244,1984,01-May,4,sugar,alive,0,0,0,488,4.652,1984,1/5/1984,122,0,0,182,1985,14,2616,6078.36,5505.05,6329.33,4798.11,148.997,2407.64,,0,0,0,16.976,168.9,136.893,136.893,108.461,6865.201,6973.662,113588.675,25.74,23.64,1.424,6,300,1731.4,175.166,712.216,980.824,810.212,393.916,1204.128,9.691,6660.409,34.333,6694.742,111827.242,130,345.498,371.555,78.732,9.739,8.537,14.603,4743.06,350,0.844,2650.2,9.7,1060.1,0,0,17.151,26.3,18.625,365,Mackay,Mackay,Pind,1960,LPOH_5_15,BareFallow,42,MW_Surf2,130_150,50,3,6,SWD_0_50_200_50_50,P2R,MW_01MayR6V1,MW_T3,2031.4,1280.824,887.382,1281.298,97.008,18.276,11.6329019443733,0.12373850620532,19.8662666666667,1.14613076923077,0.431252858193101,24.076,3_6
01/09/1986,1986,244,1985,01-May,4,sugar,alive,0,0,1,365,4.475,1984,1/9/1985,122,0,0,182,1986,14,2616,4214.95,3800.45,4672.26,3161.66,98.423,1886.72,,0,0,0,20.679,79.7,58.784,48.784,34.333,6660.409,6694.742,111827.242,12.85,11.34,1.385,5,250,1424.6,468.699,364.385,918.119,577.021,184.885,761.907,0.383,6723.61,7.455,6731.065,112362.469,150,175.081,286.621,43.561,36.184,0.374,8.07,8928.691,350,0.655,1520,5.9,608,0,0,18.721,27.245,19.238,134,Mackay,Mackay,Pind,1960,LPOH_5_15,BareFallow,42,MW_Surf2,130_150,50,3,6,SWD_0_50_200_50_50,P2R,MW_01MayR6V1,MW_T3,1674.6,1168.119,833.084,1017.969,80.119,36.558,8.42576826504834,0.129179808034314,14.0604285714286,0.656153333333333,0.562156944499974,18.867,3_6
01/08/1987,1987,213,1986,01-May,4,sugar,alive,0,0,2,334,4.487,1984,1/9/1986,122,0,0,182,1987,14,2616,5091.98,4572.74,5616.71,3843.86,119.173,2037.21,,0,0,0,18.126,104.4,123.394,113.394,7.455,6723.61,6731.065,112362.469,16.4,14.5,1.404,6,300,750.9,34.532,47.39,695.343,737.668,212.765,950.433,0.129,6721.876,5.571,6727.447,112556.164,150,231.932,304.429,22.114,0.876,0.214,4.236,8258.041,350,0.779,2153.4,8,861.4,0,0,19.432,28.199,20.202,62,Mackay,Mackay,Pind,1960,LPOH_5_15,BareFallow,42,MW_Surf2,130_150,50,3,6,SWD_0_50_200_50_50,P2R,MW_01MayR6V1,MW_T3,1050.9,995.343,81.922,294.687,23.204,1.09,11.9730585335909,0.125388112576057,15.8897333333333,0.794486666666667,0.513827328699791,20.372,3_6
01/07/1988,1988,183,1987,01-May,4,sugar,alive,0,0,3,335,4.475,1984,1/8/1987,122,0,0,182,1988,14,2616,5308.72,4691.7,5836.89,3950.24,121.721,2225.65,,0,0,0,19.59,97.2,123.94,113.94,5.571,6721.876,6727.447,112556.164,16.01,13.75,1.401,6,300,1522.2,219.017,647.796,809.074,776.366,161.184,937.55,2.009,6760.63,2.544,6763.173,113021.724,150,226.463,302.577,4.616,2.744,1.249,1.148,9475.125,350,0.766,2074.3,7.7,829.7,0,0,19.166,27.853,19.968,293.4,Mackay,Mackay,Pind,1960,LPOH_5_15,BareFallow,42,MW_Surf2,130_150,50,3,6,SWD_0_50_200_50_50,P2R,MW_01MayR6V1,MW_T3,1822.2,1109.074,866.813,1027.997,8.609,3.993,10.9750115862422,0.12982880913018,16.2294666666667,0.811473333333333,0.537487359966087,22.257,3_6
01/07/1989,1989,182,1988,01-May,4,sugar,alive,0,0,4,365,4.511,1984,1/7/1988,122,0,0,182,1989,14,2616,4861.78,4318.78,5407.76,3675.35,113.412,2094.32,,0,0,0,19.814,99.1,123.777,113.777,2.544,6760.63,6763.173,113021.724,15.27,13.28,1.41,3,150,2493.7,905.828,887.589,1330.449,691.416,156.94,848.356,1.996,6801.358,3.794,6805.152,113446.774,150,218.093,302.206,12.455,2.782,3.296,2.582,10296.943,350,0.734,1892.6,7.1,757,0,0,18.823,26.928,18.87,197,Mackay,Mackay,Pind,1960,LPOH_5_15,BareFallow,42,MW_Surf2,130_150,50,3,6,SWD_0_50_200_50_50,P2R,MW_01MayR6V1,MW_T3,2643.7,1480.449,1793.417,1950.357,18.533,6.078,7.66064889773305,0.133684443794822,18.902,0.75608,0.520016690127606,20.943,3_6
01/07/1990,1990,182,1989,01-May,4,sugar,alive,0,0,5,365,4.488,1984,1/7/1989,122,0,0,182,1990,14,2616,4489.05,3936.18,4980.99,3341.53,101.583,1430.2,,0,0,0,14.417,94.9,116.703,106.703,3.794,6801.358,6805.152,113446.774,15.26,13.24,1.421,6,300,1726,629.806,585.658,896.552,629.409,164.886,794.295,1.124,6848.573,3.446,6852.019,114020.835,150,215.279,276.909,4.766,0.21,1.068,1.091,9331.163,350.403,0.791,2233.7,8.3,893.5,0,0,18.295,27.043,19.517,130,Mackay,Mackay,Pind,1960,LPOH_5_15,BareFallow,42,MW_Surf2,130_150,50,3,6,SWD_0_50_200_50_50,P2R,MW_01MayR6V1,MW_T3,2026,1196.552,1215.464,1380.35,6.044,1.278,8.48964357587468,0.12789077106113,13.5444,0.67722,0.471866740369474,14.302,3_6
01/07/1991,1991,182,1990,01-May,4,sugar,alive,0,0,6,365,4.487,1984,1/7/1990,122,0,0,182,1991,14,2616,5093.13,4455.29,5548.12,3869.69,118.378,1734.06,,0,0,0,15.118,121.9,114.944,104.944,3.446,6848.573,6852.019,114020.835,18.34,16,1.434,6,300,2941.2,463.153,1940.759,722.975,692.557,184.524,877.08,6.03,6857.439,3.963,6861.402,114501.797,150,254.419,313.519,5.965,0.212,4.699,1.398,9492.478,351.939,0.778,2152.2,8,860.9,0,0,18.061,27.053,19.563,298.2,Mackay,Mackay,Pind,1960,LPOH_5_15,BareFallow,42,MW_Surf2,130_150,50,3,6,SWD_0_50_200_50_50,P2R,MW_01MayR6V1,MW_T3,3241.2,1022.975,2403.912,2588.436,10.876,4.911,11.5719347980156,0.134968303917545,15.7837333333333,0.789186666666667,0.465287576792614,17.341,3_6
01/05/1992,1992,122,0,01-May,4,none,out,0,0,-1,0,6,1984,0.000,122,0,0,182,-1,14,2616,0,0,0,0,0,0,,0,0,0,0,0,57.152,47.152,3.963,6857.439,6861.402,114501.797,0,0,1.436,0,0,700.8,344.13,54.581,552.947,0,220.054,220.054,0.002,6974.13,42.59,7016.72,115445.104,0,0,100.637,4.598,0.213,0.049,0.593,9185.769,353.24,0.01,13.7,0.1,5.5,0,0,18.87,28.656,22.223,174,Mackay,Mackay,Pind,1960,LPOH_5_15,BareFallow,42,MW_Surf2,130_150,50,3,6,SWD_0_50_200_50_50,P2R,MW_01MayR6V1,MW_T3,700.8,552.947,398.711,618.765,4.86,0.262,0,0,0,,,0,3_6
05/09/1993,1993,248,1992,01-May,5,sugar,alive,0,0,0,492,4.695,1992,1/5/1992,122,0,4,182,1993,10,2616,6327.79,5708.43,6546.55,4998.33,154.438,2538.48,,0,0,0,17.317,188.5,139.187,139.187,42.59,6974.13,7016.72,115445.104,26.7,24.43,1.453,6,300,1384.8,66.614,401.647,969.531,813.515,425.78,1239.295,5.43,6766.897,12.655,6779.552,113153.359,130,366.381,379.273,34.829,0.276,5.404,6.427,5865.54,355.381,0.827,2506,9.2,1002.4,0,0,17.665,26.651,19.288,185,Mackay,Mackay,Pind,1960,LPOH_5_15,BareFallow,42,MW_Surf2,130_150,50,3,6,SWD_0_50_200_50_50,P2R,MW_01MayR6V1,MW_T3,1684.8,1269.531,468.261,894.041,40.509,5.68,12.1649648571008,0.124617625343441,20.5917333333333,1.18798461538462,0.421522950152983,25.385,3_6
05/09/1994,1994,248,1993,01-May,5,sugar,alive,0,0,1,365,4.496,1992,5/9/1993,122,0,4,186,1994,10,2620,5917.9,5334.83,6404.63,4634.78,144.253,2808.13,,0,0,0,21.044,107.2,98.432,88.432,12.655,6766.897,6779.552,113153.359,16.72,14.58,1.415,6,300,1076.2,229.224,175.6,837.998,818.095,175.989,994.084,0.438,6810.968,5.556,6816.524,113767.665,150,229.688,309.462,18.208,4.968,0.735,3.646,9735.607,357.007,0.838,2599.7,9.7,1039.9,0,0,18.351,27.097,19.978,141,Mackay,Mackay,Pind,1960,LPOH_5_15,BareFallow,42,MW_Surf2,130_150,50,3,6,SWD_0_50_200_50_50,P2R,MW_01MayR6V1,MW_T3,1376.2,1137.998,404.824,580.813,23.911,5.703,12.6760328225533,0.145111479512798,19.2337333333333,0.961686666666667,0.628038904949323,28.081,3_6
05/08/1995,1995,217,1994,01-May,5,sugar,alive,0,0,2,334,4.432,1992,5/9/1994,122,0,4,186,1995,10,2620,4793.63,4292.16,5378.53,3585.68,111.291,2050.76,,0,0,0,19.765,94.7,57.723,47.723,5.556,6810.968,6816.524,113767.665,15.2,13.36,1.433,6,300,962.9,215.535,171.643,744.402,699.191,144.542,843.732,0.201,6845.259,4.602,6849.86,114111.056,150,220.506,307.706,12.324,2.386,0.219,2.441,9619.267,358.523,0.787,2209.2,8.3,883.7,0,0,18.956,28.115,20.603,112.5,Mackay,Mackay,Pind,1960,LPOH_5_15,BareFallow,42,MW_Surf2,130_150,50,3,6,SWD_0_50_200_50_50,P2R,MW_01MayR6V1,MW_T3,1262.9,1044.402,387.178,531.72,14.929,2.605,10.6559543164414,0.131903258380623,14.8388,0.74194,0.504707354901908,20.508,3_6
05/07/1996,1996,187,1995,01-May,5,sugar,alive,0,0,3,335,4.48,1992,5/8/1995,122,0,4,186,1996,10,2620,5755.67,5080.04,6297.11,4370.12,134.927,2397.75,,0,0,0,18.958,110.3,71.713,61.713,4.602,6845.259,6849.86,114111.056,17.48,15.01,1.444,6,300,1225,180.941,279.5,892.111,864.792,181.475,1046.268,0.841,6859.87,3.963,6863.832,114450.001,150,244.639,323.645,12.305,0.591,0.818,2.449,9691.186,360.062,0.801,2305.8,8.6,922.3,0,0,19.23,28.058,20.57,106,Mackay,Mackay,Pind,1960,LPOH_5_15,BareFallow,42,MW_Surf2,130_150,50,3,6,SWD_0_50_200_50_50,P2R,MW_01MayR6V1,MW_T3,1525,1192.111,460.441,641.916,13.714,1.409,11.3183252230707,0.128960266394461,17.9902666666667,0.899513333333333,0.551535119093848,23.977,3_6
05/07/1997,1997,186,1996,01-May,5,sugar,alive,0,0,4,365,4.483,1992,5/7/1996,122,0,4,186,1997,10,2620,5849.07,5238.38,6484.94,4513.48,140.11,2526.62,,0,0,0,19.281,122.1,72.004,62.004,3.963,6859.87,6863.832,114450.001,18.24,16,1.449,6,300,1484.2,290.007,403.466,987.038,862.291,172.738,1035.029,1.168,6877.536,2.641,6880.177,114768.106,150,259.67,338.165,9.902,0.28,1.129,2.173,11119.75,361.77,0.775,2134.1,7.9,853.6,0,0,17.694,27.292,20.435,203,Mackay,Mackay,Pind,1960,LPOH_5_15,BareFallow,42,MW_Surf2,130_150,50,3,6,SWD_0_50_200_50_50,P2R,MW_01MayR6V1,MW_T3,1784.2,1287.038,693.473,866.211,11.311,1.409,10.8862364592188,0.135368187751261,18.6813333333333,0.934066666666667,0.539569453537182,25.266,3_6
05/07/1998,1998,186,1997,01-May,5,sugar,alive,0,0,5,365,4.522,1992,5/7/1997,122,0,4,186,1998,10,2620,5729.57,5101.19,6346.91,4420.77,136.809,2379.12,,0,0,0,18.49,124.2,109.702,99.702,2.641,6877.536,6880.177,114768.106,18.27,15.96,1.453,6,300,1273,294.348,232.925,920.047,864.19,172.584,1036.774,0.54,6889.948,1.977,6891.925,114952.516,150,258.061,337.44,13.253,0.287,0.831,2.727,11062.421,363.507,0.774,2124.5,7.9,849.8,0,0,18.421,27.761,19.712,110,Mackay,Mackay,Pind,1960,LPOH_5_15,BareFallow,42,MW_Surf2,130_150,50,3,6,SWD_0_50_200_50_50,P2R,MW_01MayR6V1,MW_T3,1573,1220.047,527.273,699.857,14.371,1.118,11.2134204665886,0.131956434092676,18.2412,0.91206,0.530142098186088,23.791,3_6
05/07/1999,1999,186,1998,01-May,5,sugar,alive,0,0,6,365,4.526,1992,5/7/1998,122,0,4,186,1999,10,2620,4572.08,4035.77,5121.98,3453.77,106.306,2004.04,,0,0,0,20.288,94.8,100.655,90.655,1.977,6889.948,6891.925,114952.516,14.5,12.53,1.458,1,50,2296.2,842.043,758.2,1209.174,619.366,155.797,775.163,1.614,6915.908,4.319,6920.227,115280.125,150,202.856,306.387,31.196,11.999,2.885,5.847,10307.634,365.273,0.737,1905.3,7.1,762.1,0,0,19.146,27.135,18.123,166,Mackay,Mackay,Pind,1960,LPOH_5_15,BareFallow,42,MW_Surf2,130_150,50,3,6,SWD_0_50_200_50_50,P2R,MW_01MayR6V1,MW_T3,2346.2,1259.174,1600.243,1756.04,46.08,14.884,8.44251866699916,0.137140188579692,21.2612,0.708706666666667,0.524046614347123,20.04,3_6
01/05/2000,2000,122,0,01-May,5,none,out,0,0,-1,0,6,1992,0.000,122,0,4,186,-1,10,2620,0,0,0,0,0,0,,0,0,0,0,0,68.449,58.449,4.319,6915.908,6920.227,115280.125,0,0,1.466,0,0,2024.8,621.374,931.889,788.334,0,328.403,328.403,4.154,6978.26,46.813,7025.072,115516.833,0,0,134.928,33.726,5.671,3.97,4.645,9349.619,366.747,0.004,6.2,0,2.5,0,0,18.854,27.559,19.532,187,Mackay,Mackay,Pind,1960,LPOH_5_15,BareFallow,42,MW_Surf2,130_150,50,3,6,SWD_0_50_200_50_50,P2R,MW_01MayR6V1,MW_T3,2024.8,788.334,1553.263,1881.666,43.367,9.641,0,0,0,,,0,3_6
01/09/2001,2001,244,2000,01-May,6,sugar,alive,0,0,0,488,4.638,2000,1/5/2000,122,0,0,182,2001,14,2616,7218.25,6343.24,7276.53,5774.86,175.941,3102.31,,0,0,0,18.788,173.4,211.582,211.582,46.813,6978.26,7025.072,115516.833,26.02,22.81,1.466,6,300,1900.3,131.85,865.102,1000.43,974.168,368.079,1342.247,29.483,6788.071,11.305,6799.376,114140.648,130,360.235,370.3,27.601,4.35,8.65,5.421,5424.65,369.179,0.94,4019.8,14.7,1607.9,0,0,16.644,26.355,18.477,235,Mackay,Mackay,Pind,1960,LPOH_5_15,BareFallow,42,MW_Surf2,130_150,50,3,6,SWD_0_50_200_50_50,P2R,MW_01MayR6V1,MW_T3,2200.3,1300.43,996.952,1365.031,40.601,13,13.5294479518313,0.131079451099537,23.4588,1.35339230769231,0.488406179299624,31.023,3_6
01/09/2002,2002,244,2001,01-May,6,sugar,alive,0,0,1,365,4.501,2000,1/9/2001,122,0,0,182,2002,14,2616,4224.44,3709.69,4607.25,3269.76,100.209,1910.37,,0,0,0,20.549,84.1,54.684,44.684,11.305,6788.071,6799.376,114140.648,13.08,11.2,1.43,6,300,968.4,157.733,203.74,714.841,717.426,174.046,891.472,0.433,6885.557,4.551,6890.109,114948.406,150,195.636,296.158,7.445,4.599,0.227,1.677,10294.845,371.039,0.813,2391.9,9.1,956.7,0,0,18.122,28.533,20.716,143,Mackay,Mackay,Pind,1960,LPOH_5_15,BareFallow,42,MW_Surf2,130_150,50,3,6,SWD_0_50_200_50_50,P2R,MW_01MayR6V1,MW_T3,1268.4,1014.841,361.473,535.519,12.271,4.826,9.87435470186955,0.11240846599781,13.3612,0.66806,0.512221676991965,19.104,3_6
01/08/2003,2003,213,2002,01-May,6,sugar,alive,0,0,2,334,4.427,2000,1/9/2002,122,0,0,182,2003,14,2616,4297.99,3739.46,4706.29,3176.64,96.683,1509.7,,0,0,0,16.306,90.9,52.14,42.14,4.551,6885.557,6890.109,114948.406,15.37,13.33,1.46,6,300,965.4,121.273,295.927,623.42,619.928,189.599,809.527,1.234,6917.057,4.943,6922,115191.528,150,212.527,277.475,5.394,1.685,1.027,1.153,8080.013,372.769,0.771,2108.2,7.9,843.3,0,0,18.553,28.215,20.658,113,Mackay,Mackay,Pind,1960,LPOH_5_15,BareFallow,42,MW_Surf2,130_150,50,3,6,SWD_0_50_200_50_50,P2R,MW_01MayR6V1,MW_T3,1265.4,923.42,417.2,606.799,8.106,2.712,10.4701002793962,0.119431470475969,12.8910666666667,0.644553333333333,0.454921021799583,15.097,3_6
01/07/2004,2004,183,2003,01-May,6,sugar,alive,0,0,3,335,4.479,2000,1/8/2003,122,0,0,182,2004,14,2616,4821.23,4072.05,5118.11,3659.92,110.3,1849.25,,0,0,0,17.722,133.6,72.813,62.813,4.943,6917.057,6922,115191.528,20.73,17.99,1.468,6,300,760.8,7.107,92.296,668.179,762.004,203.148,965.152,0.752,6900.102,3.845,6903.947,115367.445,150,285.119,346.187,6.325,0.07,0.347,1.368,9232.232,374.525,0.802,2316,8.6,926.4,0,0,18.875,28.927,20.635,59,Mackay,Mackay,Pind,1960,LPOH_5_15,BareFallow,42,MW_Surf2,130_150,50,3,6,SWD_0_50_200_50_50,P2R,MW_01MayR6V1,MW_T3,1060.8,968.179,99.403,302.551,6.742,0.417,11.3925214242408,0.114282517157919,14.7066666666667,0.735333333333333,0.386856014506224,18.492,3_6
04/07/2005,2005,185,2004,01-May,6,sugar,alive,0,0,4,368,4.488,2000,1/7/2004,122,0,3,182,2005,11,2616,5454.14,4797.38,5934.45,4093.86,125.857,2235.61,,0,0,0,18.949,132.9,51.059,41.059,3.845,6900.102,6903.947,115367.445,20.07,17.67,1.463,6,300,1334.2,118.885,406.896,890.561,822.12,217.675,1039.795,3.473,6917.888,2.343,6920.231,115466.68,150,265.934,343.693,7.072,0.773,1.26,1.566,9854.332,376.486,0.764,2065.1,7.7,826.1,0,0,17.806,28.047,20.126,202,Mackay,Mackay,Pind,1960,LPOH_5_15,BareFallow,42,MW_Surf2,130_150,50,3,6,SWD_0_50_200_50_50,P2R,MW_01MayR6V1,MW_T3,1634.2,1190.561,525.781,743.456,9.105,2.033,10.5712349052254,0.121040205040417,16.7809333333333,0.839046666666667,0.473264042958027,22.356,3_6
04/07/2006,2006,185,2005,01-May,6,sugar,alive,0,0,5,365,4.546,2000,4/7/2005,122,0,3,185,2006,11,2619,6120.72,5475.68,6722.88,4680.26,145.187,2690.27,,0,0,0,19.892,138.2,101.683,91.683,2.343,6917.888,6920.231,115466.68,20.42,18.06,1.467,6,300,1145.8,111.223,158.159,948.584,947.461,181.6,1129.061,0.445,6916.066,2.966,6919.032,115385.074,150,280.288,356.27,9.551,0.405,0.487,2.055,11245.589,378.461,0.747,1964.2,7.3,785.7,0,0,18.942,28.254,19.544,83,Mackay,Mackay,Pind,1960,LPOH_5_15,BareFallow,42,MW_Surf2,130_150,50,3,6,SWD_0_50_200_50_50,P2R,MW_01MayR6V1,MW_T3,1445.8,1248.584,269.382,450.982,10.443,0.892,11.6281323483242,0.128590926442415,19.3582666666667,0.967913333333333,0.517992208014614,26.903,3_6
04/07/2007,2007,185,2006,01-May,6,sugar,alive,0,0,6,365,4.487,2000,4/7/2006,122,0,3,185,2007,11,2619,5254.83,4703.81,5887.56,4041.01,125.301,2137.23,,0,0,0,18.08,111.4,131.041,121.041,2.966,6916.066,6919.032,115385.074,16.56,14.54,1.472,6,300,2074.8,600.357,771.454,1050.868,772.651,154.095,926.746,1.565,6953.497,2.768,6956.265,115911.534,150,232.438,320.109,15.094,1.461,1.611,3.007,10911.588,380.467,0.75,1979.5,7.4,791.8,0,0,17.874,27.123,19.441,257,Mackay,Mackay,Pind,1960,LPOH_5_15,BareFallow,42,MW_Surf2,130_150,50,3,6,SWD_0_50_200_50_50,P2R,MW_01MayR6V1,MW_T3,2374.8,1350.868,1371.811,1525.906,18.166,3.072,9.27559169363698,0.135205331342137,16.7068,0.83534,0.539072785000731,21.372,3_6
01/05/2008,2008,122,0,01-May,6,none,out,0,0,-1,0,6,2000,0.000,122,0,3,185,-1,11,2619,0,0,0,0,0,0,,0,0,0,0,0,189.285,179.285,2.768,6953.497,6956.265,115911.534,0,0,1.483,0,0,2203.9,697.677,1293.266,595.269,0,277.789,277.789,3.475,7023.439,70.402,7093.842,116096.213,0,0,135.025,12.534,2.595,4.616,1.289,10203.577,382.145,0.006,8.2,0,3.3,0,0,18.294,27.81,20.084,532,Mackay,Mackay,Pind,1960,LPOH_5_15,BareFallow,42,MW_Surf2,130_150,50,3,6,SWD_0_50_200_50_50,P2R,MW_01MayR6V1,MW_T3,2203.9,595.269,1990.943,2268.732,19.745,7.211,0,0,0,,,0,3_6
01/09/2009,2009,244,2008,01-May,7,sugar,alive,0,0,0,488,4.664,2008,1/5/2008,122,0,0,182,2009,14,2616,4846.75,4224.51,4891.98,3911,118.104,1591.73,,0,0,0,13.677,156.2,124.453,124.453,70.402,7023.439,7093.842,116096.213,23.83,21.55,1.491,6,300,1940.1,309.53,877.065,940.622,700.932,413.367,1114.299,9.663,6818.413,17.217,6835.629,114325.082,130,325.221,371.683,70.7,17.178,9.734,12.927,4843.423,384.9,0.91,3432.1,12.6,1372.8,0,0,16.766,27.015,18.377,145,Mackay,Mackay,Pind,1960,LPOH_5_15,BareFallow,42,MW_Surf2,130_150,50,3,6,SWD_0_50_200_50_50,P2R,MW_01MayR6V1,MW_T3,2240.1,1240.622,1186.595,1599.962,97.612,26.912,9.51974090415937,0.105989505509742,15.7472,0.908492307692308,0.363149981089782,15.917,3_6
01/09/2010,2010,244,2009,01-May,7,sugar,alive,0,0,1,365,4.497,2008,1/9/2009,122,0,0,182,2010,14,2616,5158.39,4542.61,5470.98,3964.2,121.224,1799.74,,0,0,0,15.361,105.7,45.66,35.66,17.217,6818.413,6835.629,114325.082,16.61,14.36,1.451,6,300,1975,337.873,889.377,901.002,756.827,219.267,976.094,13.37,6872.754,2.237,6874.991,114935.962,150,227.223,297.307,11.566,10.431,3.258,2.234,8116.694,387.003,0.856,2763.8,10.2,1105.5,0,0,18.685,27.974,19.108,185,Mackay,Mackay,Pind,1960,LPOH_5_15,BareFallow,42,MW_Surf2,130_150,50,3,6,SWD_0_50_200_50_50,P2R,MW_01MayR6V1,MW_T3,2275,1201.002,1227.25,1446.517,25.255,13.689,10.0935718674906,0.124192956825879,16.1632,0.80816,0.533502330309872,17.997,3_6
01/08/2011,2011,213,2010,01-May,7,sugar,alive,0,0,2,334,4.443,2008,1/9/2010,122,0,0,182,2011,14,2616,3634.91,3285.9,4158.45,2693.45,83.997,1627.34,,0,0,0,20.93,71.5,99.317,89.317,2.237,6872.754,6874.991,114935.962,11.67,10.39,1.466,2,100,3766.5,1348.821,1919.167,1020.551,460.195,161.079,621.273,2.587,6924.831,4.631,6929.462,115267.729,150,165.617,259.897,27.321,9.438,4.071,4.995,8599.231,388.959,0.655,1522.1,5.9,608.8,0,0,18.952,26.949,17.359,220,Mackay,Mackay,Pind,1960,LPOH_5_15,BareFallow,42,MW_Surf2,130_150,50,3,6,SWD_0_50_200_50_50,P2R,MW_01MayR6V1,MW_T3,3866.5,1120.551,3267.988,3429.067,40.83,13.509,7.49604435674949,0.135201433186377,15.2721818181818,0.55998,0.507176195680395,16.273,3_6
01/07/2012,2012,183,2011,01-May,7,sugar,alive,0,0,3,335,4.445,2008,1/8/2011,122,0,0,182,2012,14,2616,5768.65,5055.66,6201.04,4335.88,133.003,2080.61,,0,0,0,16.341,117,70.555,60.555,4.631,6924.831,6929.462,115267.729,19.11,16.5,1.48,6,300,2307.5,463.777,1085.776,1017.264,833.508,178.788,1012.296,3.786,6903.836,1.475,6905.31,115315.197,150,264.041,305.739,9.55,0.183,2.863,1.891,8310.888,390.94,0.812,2386.7,8.8,954.7,0,0,18.567,27.708,19.377,239,Mackay,Mackay,Pind,1960,LPOH_5_15,BareFallow,42,MW_Surf2,130_150,50,3,6,SWD_0_50_200_50_50,P2R,MW_01MayR6V1,MW_T3,2607.5,1317.264,1549.553,1728.341,12.596,3.046,10.0969129954208,0.131387459794368,17.7337333333333,0.886686666666667,0.503721013024492,20.806,3_6
01/07/2013,2013,182,2012,01-May,7,sugar,alive,0,0,4,365,4.497,2008,1/7/2012,122,0,0,182,2013,14,2616,5531.82,4937.35,6119.05,4237.37,131.343,2358.97,,0,0,0,19.191,121.1,98.207,88.207,1.475,6903.836,6905.31,115315.197,18.02,15.84,1.474,6,300,2091,517.235,876.52,1012.982,811.051,175.368,986.42,2.679,6930.659,3.641,6934.3,115644.312,150,256.088,343.709,5.391,0.206,2.409,1.381,11045.63,393.132,0.736,1901.7,7.1,760.7,0,0,18.045,27.322,19.55,189,Mackay,Mackay,Pind,1960,LPOH_5_15,BareFallow,42,MW_Surf2,130_150,50,3,6,SWD_0_50_200_50_50,P2R,MW_01MayR6V1,MW_T3,2391,1312.982,1393.755,1569.123,8.006,2.615,10.0034120802875,0.133151193203706,17.5124,0.87562,0.512882290462653,23.59,3_6
01/07/2014,2014,182,2013,01-May,7,sugar,alive,0,0,5,365,4.535,2008,1/7/2013,122,0,0,182,2014,14,2616,5624.53,5045.26,6253.55,4256.12,132.022,2283.84,,0,0,0,18.378,126.7,91.032,81.032,3.641,6930.659,6934.3,115644.312,18.87,16.75,1.482,6,300,1352.5,278.395,311.147,927.329,825.172,190.453,1015.625,0.95,6943.03,2.941,6945.971,115858.304,150,262.068,337.913,4.71,0.106,0.845,1.097,10570.553,395.356,0.719,1813.5,6.7,725.4,0,0,18.823,28.131,19.697,162,Mackay,Mackay,Pind,1960,LPOH_5_15,BareFallow,42,MW_Surf2,130_150,50,3,6,SWD_0_50_200_50_50,P2R,MW_01MayR6V1,MW_T3,1652.5,1227.329,589.542,779.995,5.661,0.951,10.7568549264297,0.129990892307692,17.6029333333333,0.880146666666667,0.503770013889525,22.838,3_6
01/07/2015,2015,182,2014,01-May,7,sugar,alive,0,0,6,365,4.522,2008,1/7/2014,122,0,0,182,2015,14,2616,5071.1,4422.82,5567.43,3919.89,119.886,1900.56,,0,0,0,16.599,118.1,120.366,110.366,2.941,6943.03,6945.971,115858.304,17.41,15.03,1.484,6,300,905.5,119.14,122.413,737.22,798.06,175.183,973.243,0.271,6970.258,2.769,6973.027,116437.145,150,243.851,327.911,11.131,0.169,1.606,2.327,10576.209,397.611,0.767,2082.1,7.7,832.8,0,0,18.202,28.185,20.195,127,Mackay,Mackay,Pind,1960,LPOH_5_15,BareFallow,42,MW_Surf2,130_150,50,3,6,SWD_0_50_200_50_50,P2R,MW_01MayR6V1,MW_T3,1205.5,1037.22,241.553,416.736,12.906,1.775,11.5583964829062,0.123181980245427,15.9848,0.79924,0.491636286092737,19.006,3_6
01/05/2016,2016,122,0,01-May,7,none,out,0,0,-1,0,6,2008,0.000,122,0,0,182,-1,14,2616,0,0,0,0,0,0,,0,0,0,0,0,93.071,83.071,2.769,6970.258,6973.027,116437.145,0,0,1.492,0,0,1469,534.898,558.133,708.161,0,320.546,320.546,1.596,7020.606,80.583,7101.189,116091.711,0,0,154.822,25.201,3.23,3.541,3.611,10368.264,399.515,0.004,6.2,0,2.5,0,0,19.505,28.744,20.733,143,Mackay,Mackay,Pind,1960,LPOH_5_15,BareFallow,42,MW_Surf2,130_150,50,3,6,SWD_0_50_200_50_50,P2R,MW_01MayR6V1,MW_T3,1469,708.161,1093.031,1413.577,31.972,6.771,0,0,0,,,0,3_6
01/09/2017,2017,244,2016,01-May,8,sugar,alive,0,0,0,488,4.721,2016,1/5/2016,122,0,0,182,2017,14,2616,6677.37,5878.82,6742.91,5354.11,163.561,2653.38,,0,0,0,17.054,179.9,148.494,148.494,80.583,7020.606,7101.189,116091.711,26.89,23.96,1.494,6,300,2638.1,233.717,1399.469,1185.728,974.172,411.239,1385.411,19.719,6797.292,15.018,6812.31,114408.031,130,368.843,395.873,61.241,11.641,16.933,11.647,5196.22,402.607,0.944,4105.2,15,1642.1,0,0,17.793,27.364,16.771,276,Mackay,Mackay,Pind,1960,LPOH_5_15,BareFallow,42,MW_Surf2,130_150,50,3,6,SWD_0_50_200_50_50,P2R,MW_01MayR6V1,MW_T3,2938.1,1485.728,1633.186,2044.425,89.815,28.574,11.0088118417368,0.118059550559365,21.8081333333333,1.25816153846154,0.443443416304498,26.534,3_6
01/09/2018,2018,244,2017,01-May,8,sugar,alive,0,0,1,365,4.481,2016,1/9/2017,122,0,0,182,2018,14,2616,3605.55,3206.43,4011.72,2729.8,84.298,1551.48,,0,0,0,19.738,64.6,49.996,39.996,15.018,6797.292,6812.31,114408.031,10.48,9.01,1.449,6,300,1168.8,537.191,237.926,712.388,545.632,129.509,675.141,0.233,6902.944,5.844,6908.789,115178.846,150,148.056,258.644,32.574,17.393,0.2,5.948,9234.269,404.964,0.765,2066.4,8.4,826.6,0,0,17.981,28.17,18.276,103,Mackay,Mackay,Pind,1960,LPOH_5_15,BareFallow,42,MW_Surf2,130_150,50,3,6,SWD_0_50_200_50_50,P2R,MW_01MayR6V1,MW_T3,1468.8,1012.388,775.117,904.626,50.167,17.593,8.32664946641011,0.124859844091827,11.2397333333333,0.561986666666667,0.569365645431458,15.515,3_6
01/08/2019,2019,213,2018,01-May,8,sugar,alive,0,0,2,334,4.467,2016,1/9/2018,122,0,0,182,2019,14,2616,5177.83,4527.48,5552.22,3781.61,115.223,1753.42,,0,0,0,15.818,107.7,50.539,40.539,5.844,6902.944,6908.789,115178.846,18.11,15.73,1.479,6,300,1673.3,491.588,554.723,947.329,722.831,167.796,890.628,1.955,6884.306,2.835,6887.141,115049.604,150,252.293,306.551,12.466,0.922,1.535,2.502,8145.813,407.153,0.803,2324,8.6,929.6,0,0,19.191,28.09,17.032,123,Mackay,Mackay,Pind,1960,LPOH_5_15,BareFallow,42,MW_Surf2,130_150,50,3,6,SWD_0_50_200_50_50,P2R,MW_01MayR6V1,MW_T3,1973.3,1247.329,1046.311,1214.107,14.923,2.457,9.23757885850485,0.129372757200537,15.3630666666667,0.768153333333333,0.4567031189926,17.534,3_6
01/07/2020,2020,183,2019,01-May,8,sugar,alive,0,0,3,335,4.468,2016,1/8/2019,122,0,0,182,2020,14,2616,5178.83,4550.67,5676.96,3896.58,119.722,2008.21,,0,0,0,17.732,115.3,68.901,58.901,2.835,6884.306,6887.141,115049.604,17.8,15.5,1.473,6,300,1528.8,309.566,523.285,874.155,809.024,162.744,971.768,1.861,6914.195,2.721,6916.916,115599.691,150,249.657,333.011,5.235,0.129,1.458,1.159,10157.992,409.37,0.734,1889.4,7,755.7,0,0,18.638,28.599,19.144,167,Mackay,Mackay,Pind,1960,LPOH_5_15,BareFallow,42,MW_Surf2,130_150,50,3,6,SWD_0_50_200_50_50,P2R,MW_01MayR6V1,MW_T3,1828.8,1174.155,832.851,995.595,6.822,1.587,10.1964391413399,0.123200187699122,15.9629333333333,0.798146666666667,0.479545937025599,20.082,3_6
01/07/2021,2021,182,2020,01-May,8,sugar,alive,0,0,4,365,4.522,2016,1/7/2020,122,0,0,182,2021,14,2616,5590.48,4978.29,6159.36,4233.35,130.886,2183.25,,0,0,0,17.617,132.1,75.083,65.083,2.721,6914.195,6916.916,115599.691,19.64,17.4,1.48,6,300,1294.6,208.094,335.173,870.319,822.258,172.302,994.56,1.026,6916.007,1.894,6917.901,115589.015,150,270.788,348.212,8.531,0.074,1.007,1.837,10615.736,411.819,0.733,1886.1,7,754.4,0,0,18.525,27.767,17,146,Mackay,Mackay,Pind,1960,LPOH_5_15,BareFallow,42,MW_Surf2,130_150,50,3,6,SWD_0_50_200_50_50,P2R,MW_01MayR6V1,MW_T3,1594.6,1170.319,543.267,715.569,9.612,1.081,11.1837883517229,0.131601914414414,17.4514666666667,0.872573333333333,0.483352290352601,21.832,3_6
01/07/2022,2022,182,2021,01-May,8,sugar,alive,0,0,5,365,4.546,2016,1/7/2021,122,0,0,182,2022,14,2616,5532.42,4896.26,6082.3,4178.83,128.819,2367.35,,0,0,0,19.704,121.6,113.857,103.857,1.894,6916.007,6917.901,115589.015,18.41,16.08,1.479,6,300,1205.6,324.102,192.202,919.065,858.633,154.088,1012.722,0.325,6920.793,5.027,6925.82,115598.883,150,252.902,345.756,21.217,1.609,0.694,4.119,10942.738,414.302,0.76,2036.1,7.5,814.4,0,0,18.81,28.279,17.351,124,Mackay,Mackay,Pind,1960,LPOH_5_15,BareFallow,42,MW_Surf2,130_150,50,3,6,SWD_0_50_200_50_50,P2R,MW_01MayR6V1,MW_T3,1505.6,1219.065,516.304,670.392,23.52,2.303,10.5670329309758,0.127200752032641,17.1758666666667,0.858793333333333,0.509363310689516,23.674,3_6
01/05/1961,1961,121,0,01-May,0,none,out,0,0,-1,0,6,-1,0.000,121,0,0,181,-1,14,2616,0,0,0,0,0,0,,0,0,0,0,0,0,0,0,0,0,0,0,0,1.327,0,0,598.2,0,313.273,284.927,0,245.881,245.881,14.297,6548.494,112.751,6661.246,109342.585,0,0,85.481,2.199,0,4.248,0.481,956.661,350,0,0.1,0,0.1,0,0,20.152,28.608,20.122,136.7,Mackay,Mackay,Pind,1961,LPOH_5_15,BareFallow,42,MW_Surf2,130_150,50,3,6,SWD_0_50_200_50_50,P2R,MW_01MayR6V1,MW_T3,598.2,284.927,313.273,559.154,6.447,4.248,0,0,0,,,0,3_6
01/09/1962,1962,244,1961,01-May,1,sugar,alive,0,0,0,488,4.605,1961,1/5/1961,121,0,0,181,1962,14,2616,5185.04,4471.2,5178.39,4138.88,124.136,1864.32,,0,0,0,15.573,132.1,68.845,68.845,112.751,6548.494,6661.246,109342.585,21.72,19.1,1.31,6,300,1422.1,60.044,485.501,929.185,771.758,406.694,1178.451,10.8,6469.964,17.831,6487.795,109371.245,130,298.092,258.042,29.544,5.624,5.134,5.868,3050.504,350,0.95,4277.3,15.7,1710.9,0,0,15.876,26.306,18.994,153.2,Mackay,Mackay,Pind,1961,LPOH_5_15,BareFallow,42,MW_Surf2,130_150,50,3,6,SWD_0_50_200_50_50,P2R,MW_01MayR6V1,MW_T3,1722.1,1229.185,545.545,952.239,40.302,10.758,10.0990493701111,0.105338278808368,16.5514666666667,0.954892307692308,0.41643519450371,18.643,3_6
01/09/1963,1963,244,1962,01-May,1,sugar,alive,0,0,1,365,4.465,1961,1/9/1962,121,0,0,181,1963,14,2616,3910.42,3491.5,4273.5,2927,90.163,1602.61,,0,0,0,18.963,76.1,48.949,38.949,17.831,6469.964,6487.795,109371.245,12.25,10.71,1.288,6,300,2759.6,598.274,1579.388,847.605,600.989,243.107,844.096,13.058,6573.362,2.951,6576.313,110108.907,150,174.305,264.707,9.871,13.478,3.827,1.888,8220.951,350,0.727,1853.7,6.9,741.5,0,0,17.884,27.631,18.724,406.4,Mackay,Mackay,Pind,1961,LPOH_5_15,BareFallow,42,MW_Surf2,130_150,50,3,6,SWD_0_50_200_50_50,P2R,MW_01MayR6V1,MW_T3,3059.6,1147.605,2177.662,2420.769,27.176,17.305,7.85662314123762,0.106816049359315,12.0217333333333,0.601086666666667,0.517271449470755,16.026,3_6
01/08/1964,1964,214,1963,01-May,1,sugar,alive,0,0,2,335,4.404,1961,1/9/1963,121,0,0,181,1964,14,2616,5023.54,4463.82,5470.3,3723.93,115.142,1918.25,,0,0,0,17.592,91.8,68.791,58.791,2.951,6573.362,6576.313,110108.907,15.56,13.51,1.315,6,300,991.3,218.098,122.666,792.657,744.615,186.8,931.414,0.462,6589.509,3.757,6593.266,110182.528,150,216.479,285.562,11.6,0.402,0.295,2.394,7887.386,350,0.76,2038.2,7.6,815.3,0,0,18.17,27.609,19.799,68.1,Mackay,Mackay,Pind,1961,LPOH_5_15,BareFallow,42,MW_Surf2,130_150,50,3,6,SWD_0_50_200_50_50,P2R,MW_01MayR6V1,MW_T3,1291.3,1092.657,340.764,527.564,12.297,0.697,10.5377991446538,0.123620645599057,15.3522666666667,0.767613333333333,0.531885309891491,19.183,3_6
01/07/1965,1965,182,1964,01-May,1,sugar,alive,0,0,3,334,4.421,1961,1/8/1964,121,0,0,181,1965,14,2616,4541.79,4032.47,5063.8,3312.16,102.597,1827.21,,0,0,0,19.006,90.7,69.913,59.913,3.757,6589.509,6593.266,110182.528,15.11,13.25,1.32,6,300,1052.5,330.342,142.084,811.033,698.424,167.971,866.395,0.341,6626.951,4.556,6631.507,110620.867,150,212.819,299.409,15.291,0.854,0.278,3.074,9117.872,350,0.687,1659.3,6.3,663.7,0,0,18.263,27.742,19.74,77.2,Mackay,Mackay,Pind,1961,LPOH_5_15,BareFallow,42,MW_Surf2,130_150,50,3,6,SWD_0_50_200_50_50,P2R,MW_01MayR6V1,MW_T3,1352.5,1111.033,472.426,640.397,16.423,1.132,9.23437917685613,0.118418273420322,13.6796,0.68398,0.482085716030993,18.272,3_6
01/07/1966,1966,182,1965,01-May,1,sugar,alive,0,0,4,365,4.442,1961,1/7/1965,121,0,0,181,1966,14,2616,4794.36,4146.82,5189.52,3580.3,109.096,1884.96,,0,0,0,18.352,98.3,65.592,55.592,4.556,6626.951,6631.507,110620.867,16.04,13.67,1.332,6,300,1001.1,239.568,121.784,787.261,737.582,187.479,925.061,0.389,6668.655,2.99,6671.646,111421.416,150,222.946,296.381,7.575,0.342,0.305,1.687,8939.911,350,0.777,2145.6,8,858.2,0,0,17.019,27.141,19.984,80,Mackay,Mackay,Pind,1961,LPOH_5_15,BareFallow,42,MW_Surf2,130_150,50,3,6,SWD_0_50_200_50_50,P2R,MW_01MayR6V1,MW_T3,1301.1,1087.261,361.352,548.831,8.222,0.647,10.0340212699619,0.117933844362696,14.5461333333333,0.727306666666667,0.489338225399873,18.85,3_6
01/07/1967,1967,182,1966,01-May,1,sugar,alive,0,0,5,365,4.482,1961,1/7/1966,121,0,0,181,1967,14,2616,5355.46,4760.77,5875.49,4054.43,125.342,2259.7,,0,0,0,19.275,116.8,62.279,52.279,2.99,6668.655,6671.646,111421.416,17.88,15.71,1.342,6,300,1249.2,228.843,206.636,1000.406,800.167,195.193,995.36,0.521,6681.061,3.198,6684.259,111560.709,150,247.575,319.884,15.426,0.86,0.355,3.046,9926.781,350,0.75,1978,7.4,791.2,0,0,17.61,27.233,19.754,100.3,Mackay,Mackay,Pind,1961,LPOH_5_15,BareFallow,42,MW_Surf2,130_150,50,3,6,SWD_0_50_200_50_50,P2R,MW_01MayR6V1,MW_T3,1549.2,1300.406,435.479,630.672,16.641,1.215,9.63868207313716,0.125926298022826,16.7122666666667,0.835613333333333,0.506278905382207,22.597,3_6
01/07/1968,1968,183,1967,01-May,1,sugar,alive,0,0,6,366,4.459,1961,1/7/1967,121,0,0,181,1968,14,2616,5142.69,4569.41,5690.82,3869.32,119.482,2143.86,,0,0,0,19.17,103.5,162.639,152.639,3.198,6681.061,6684.259,111560.709,16.29,14.19,1.346,6,300,2199.9,678.2,956.305,968.939,776.344,173.03,949.373,2.643,6714.41,5.214,6719.624,111919.042,150,227.249,309.695,10.503,1.018,2.513,2.233,9973.442,350,0.789,2220.9,8.3,888.4,0,0,17.035,26.925,19.834,213.1,Mackay,Mackay,Pind,1961,LPOH_5_15,BareFallow,42,MW_Surf2,130_150,50,3,6,SWD_0_50_200_50_50,P2R,MW_01MayR6V1,MW_T3,2499.9,1268.939,1634.505,1807.535,14.034,3.531,9.41589784851754,0.125853589684982,15.9309333333333,0.796546666666667,0.525775690982139,21.439,3_6
02/05/1969,1969,122,0,01-May,1,none,out,0,0,-1,0,6,1961,0.000,122,1,0,182,-1,13,2616,0,0,0,0,0,0,,0,0,0,0,0,60.66,50.66,5.214,6714.41,6719.624,111919.042,0,0,1.358,0,0,880.2,362.042,138.361,608.82,0,251.181,251.181,0.43,6794.608,53.021,6847.629,112292.83,0,0,128.678,23.175,2.803,0.566,3.645,10008.385,350,0.152,235.5,1.1,94.2,0,0,18.429,28.223,21.004,55.6,Mackay,Mackay,Pind,1961,LPOH_5_15,BareFallow,42,MW_Surf2,130_150,50,3,6,SWD_0_50_200_50_50,P2R,MW_01MayR6V1,MW_T3,880.2,608.82,500.403,751.584,26.544,3.369,0,0,0,,,0,3_6
02/09/1970,1970,245,1969,01-May,2,sugar,alive,0,0,0,488,4.638,1969,2/5/1969,122,1,0,182,1970,13,2616,4243.96,3686.97,4278.85,3470.22,104.385,1451.61,,0,0,0,14.205,148.4,189.277,189.277,53.021,6794.608,6847.629,112292.83,22.44,20.4,1.371,6,300,1810.4,231.575,868.218,848.546,648.963,482.178,1131.141,10.51,6615.209,23.826,6639.035,110811.295,130,305.354,346.023,48.362,10.993,6.447,8.972,4348.12,350,0.917,3561,13,1424.4,0,0,16.46,26.594,19.072,411.7,Mackay,Mackay,Pind,1961,LPOH_5_15,BareFallow,42,MW_Surf2,130_150,50,3,6,SWD_0_50_200_50_50,P2R,MW_01MayR6V1,MW_T3,2110.4,1148.546,1099.793,1581.971,65.802,17.44,9.08844748055367,0.0922829249403921,13.918,0.802961538461539,0.341849132482299,14.516,3_6
02/09/1971,1971,245,1970,01-May,2,sugar,alive,0,0,1,365,4.437,1969,2/9/1970,122,1,0,182,1971,13,2616,5117.04,4523.19,5417.18,3808.98,116.829,1855.3,,0,0,0,16.633,100.4,50.744,40.744,23.826,6615.209,6639.035,110811.295,17.06,14.89,1.337,6,300,1699.6,298.899,644.788,938.057,766.222,243.215,1009.437,10.353,6633.592,7.797,6641.389,111059.978,150,225.484,303.53,33.476,18.267,2.376,6.307,7515.674,350,0.817,2423.5,9,969.4,0,0,17.359,27.298,19.104,129.3,Mackay,Mackay,Pind,1961,LPOH_5_15,BareFallow,42,MW_Surf2,130_150,50,3,6,SWD_0_50_200_50_50,P2R,MW_01MayR6V1,MW_T3,1999.6,1238.057,943.687,1186.902,54.119,20.643,9.43647990359087,0.115736791894888,15.5772,0.77886,0.518125454577708,18.553,3_6
02/08/1972,1972,215,1971,01-May,2,sugar,alive,0,0,2,335,4.436,1969,2/9/1971,122,1,0,182,1972,13,2616,4397.69,3893.83,4842.9,3277.75,101.008,1779.1,,0,0,0,18.765,90.1,79.22,69.22,7.797,6633.592,6641.389,111059.978,14.59,12.74,1.347,6,300,1980.3,582.169,823.644,879.534,699.096,182.59,881.686,2.567,6685.832,3.817,6689.649,111603.388,150,209.222,293.161,8.56,4.894,1.982,1.578,9056.905,350,0.766,2073.8,7.8,829.5,0,0,17.972,27.804,19.445,183.4,Mackay,Mackay,Pind,1961,LPOH_5_15,BareFallow,42,MW_Surf2,130_150,50,3,6,SWD_0_50_200_50_50,P2R,MW_01MayR6V1,MW_T3,2280.3,1179.534,1405.813,1588.403,15.436,6.876,8.56338181010467,0.114562327177703,13.4677333333333,0.673386666666667,0.482779057651681,17.791,3_6
02/07/1973,1973,183,1972,01-May,2,sugar,alive,0,0,3,334,4.439,1969,2/8/1972,122,1,0,182,1973,13,2616,4435.48,3901.22,4908.56,3214.48,98.905,1606.08,,0,0,0,17.073,97.2,54.022,44.022,3.817,6685.832,6689.649,111603.388,15.83,13.88,1.363,6,300,1088.2,283.616,245.315,696.658,660.316,172.323,832.639,0.799,6718.029,4.515,6722.545,111933.424,150,216.197,292.394,9.782,0.182,0.918,2.095,8465.807,350,0.682,1637.3,6.2,654.9,0,0,18.807,28.192,20.218,148.3,Mackay,Mackay,Pind,1961,LPOH_5_15,BareFallow,42,MW_Surf2,130_150,50,3,6,SWD_0_50_200_50_50,P2R,MW_01MayR6V1,MW_T3,1388.2,996.658,528.931,701.254,10.882,1.1,9.92366488805588,0.118784971638369,13.1873333333333,0.659366666666667,0.45747628320467,16.061,3_6
02/07/1974,1974,183,1973,01-May,2,sugar,alive,0,0,4,365,4.5,1969,2/7/1973,122,1,0,182,1974,13,2616,5239.74,4683.98,5777.84,3950.63,122.075,1859.9,,0,0,0,15.84,119.6,62.651,52.651,4.515,6718.029,6722.545,111933.424,18.02,15.98,1.372,3,150,3164.5,780.112,1602.423,1094.892,730.904,190.577,921.482,7.493,6727.59,4.474,6732.064,112187.09,150,249.38,315.788,8.552,0.258,5.584,1.792,9565.915,350,0.77,2097.9,7.8,839.2,0,0,18.508,27.034,17.868,199.6,Mackay,Mackay,Pind,1961,LPOH_5_15,BareFallow,42,MW_Surf2,130_150,50,3,6,SWD_0_50_200_50_50,P2R,MW_01MayR6V1,MW_T3,3314.5,1244.892,2382.535,2573.112,14.394,5.842,9.80607153070306,0.132476814522693,20.3458333333333,0.813833333333333,0.489513994706873,18.599,3_6
02/07/1975,1975,183,1974,01-May,2,sugar,alive,0,0,5,365,4.449,1969,2/7/1974,122,1,0,182,1975,13,2616,4868.79,4348.64,5433.19,3646.83,113.122,1949.63,,0,0,0,18.299,106.6,64.135,54.135,4.474,6727.59,6732.064,112187.09,16.45,14.54,1.376,6,300,1738.2,535.721,573.078,965.782,735.771,162.759,898.53,1.122,6743.166,3.654,6746.82,112400.648,150,224.713,323.257,28.021,5.127,1.036,5.329,9928.071,350,0.717,1804,6.8,721.6,0,0,17.368,27.157,19.675,139.4,Mackay,Mackay,Pind,1961,LPOH_5_15,BareFallow,42,MW_Surf2,130_150,50,3,6,SWD_0_50_200_50_50,P2R,MW_01MayR6V1,MW_T3,2038.2,1265.782,1108.799,1271.558,34.184,6.163,8.93692594775404,0.125896742457124,15.0829333333333,0.754146666666667,0.503406567488307,19.496,3_6
02/07/1976,1976,184,1975,01-May,2,sugar,alive,0,0,6,366,4.49,1969,2/7/1975,122,1,0,182,1976,13,2616,5241.97,4673.32,5794.38,3925.18,121.319,1964.7,,0,0,0,17.019,118.3,77.006,67.006,3.654,6743.166,6746.82,112400.648,18.07,15.98,1.383,3,150,2321.4,639.018,877.948,1140.618,743.97,182.67,926.64,2.86,6750.115,1.563,6751.677,112628.009,150,248.687,324.311,14.836,1.023,2.724,2.962,9744.142,350,0.764,2060.5,7.6,824.2,0,0,18.281,27.019,18.06,161.4,Mackay,Mackay,Pind,1961,LPOH_5_15,BareFallow,42,MW_Surf2,130_150,50,3,6,SWD_0_50_200_50_50,P2R,MW_01MayR6V1,MW_T3,2471.4,1290.618,1516.966,1699.636,18.583,3.747,9.40007035389248,0.130923551756885,20.2198333333333,0.808793333333333,0.487838125836895,19.647,3_6
01/05/1977,1977,121,0,01-May,2,none,out,0,0,-1,0,6,1969,0.000,121,0,0,182,-1,13,2616,0,0,0,0,0,0,,0,0,0,0,0,95.8,85.8,1.563,6750.115,6751.677,112628.009,0,0,1.387,0,0,1784,724.443,722.89,760.734,0,275.512,275.512,1.269,6850.216,44.965,6895.181,113302.229,0,0,114.261,14.415,1.759,1.72,1.749,9907.378,350,0.005,7.1,0,2.8,0,0,18.644,28.101,20.009,166.6,Mackay,Mackay,Pind,1961,LPOH_5_15,BareFallow,42,MW_Surf2,130_150,50,3,6,SWD_0_50_200_50_50,P2R,MW_01MayR6V1,MW_T3,1784,760.734,1447.333,1722.845,17.894,3.479,0,0,0,,,0,3_6
01/09/1978,1978,244,1977,01-May,3,sugar,alive,0,0,0,488,4.627,1977,1/5/1977,121,0,0,181,1978,14,2616,5249.1,4686.4,5410.59,4154.45,127.011,2114.34,,0,0,0,17.576,161.8,156.956,156.956,44.965,6850.216,6895.181,113302.229,23.55,21.49,1.4,6,300,1599.6,109.212,738.804,838.265,728.49,385.475,1113.966,12.999,6680.906,13.27,6694.176,111800.573,130,322.866,339.735,32.301,1.655,9.645,6.187,4680.534,350,0.865,2856,10.5,1142.4,0,0,16.486,26.284,19.125,300,Mackay,Mackay,Pind,1961,LPOH_5_15,BareFallow,42,MW_Surf2,130_150,50,3,6,SWD_0_50_200_50_50,P2R,MW_01MayR6V1,MW_T3,1899.6,1138.265,848.016,1233.491,43.601,11.3,11.1582979358937,0.114016944861872,16.9348,0.977007692307692,0.393386110646522,21.143,3_6
01/09/1979,1979,244,1978,01-May,3,sugar,alive,0,0,1,365,4.475,1977,1/9/1978,121,0,0,181,1979,14,2616,4895.73,4446.63,5364.07,3695.18,114.903,2064.87,,0,0,0,19.204,97.5,76.575,66.575,13.27,6680.906,6694.176,111800.573,15.32,13.67,1.369,5,250,2869,577.328,1666.204,916.744,683.763,192.709,876.472,7.765,6713.809,3.771,6717.58,112099.488,150,208.138,298.458,31.154,12.512,3.95,5.862,8653.952,350,0.765,2067.9,7.8,827.2,0,0,17.882,26.686,18.381,509.4,Mackay,Mackay,Pind,1961,LPOH_5_15,BareFallow,42,MW_Surf2,130_150,50,3,6,SWD_0_50_200_50_50,P2R,MW_01MayR6V1,MW_T3,3119,1166.744,2243.532,2436.241,47.616,16.462,9.84817577806271,0.131097171387106,16.4147142857143,0.76602,0.552052003958912,20.649,3_6
01/08/1980,1980,214,1979,01-May,3,sugar,alive,0,0,2,335,4.434,1977,1/9/1979,121,0,0,181,1980,14,2616,4737.71,4162.08,5179.42,3501.31,107.343,1798.85,,0,0,0,17.712,92.7,60.572,50.572,3.771,6713.809,6717.58,112099.488,15.45,13.34,1.384,6,300,1236.6,173.651,458.696,727.779,693.069,170.789,863.858,0.73,6749.124,1.886,6751.01,112629.175,150,219.908,298.077,5.245,0.405,0.657,1.225,8670.557,350,0.8,2301.8,8.6,920.7,0,0,19.006,28.043,20.09,215.6,Mackay,Mackay,Pind,1961,LPOH_5_15,BareFallow,42,MW_Surf2,130_150,50,3,6,SWD_0_50_200_50_50,P2R,MW_01MayR6V1,MW_T3,1536.6,1027.779,632.347,803.136,6.307,1.062,10.4441713636881,0.124260005695381,14.3124,0.71562,0.488126853047638,17.988,3_6
01/07/1981,1981,182,1980,01-May,3,sugar,alive,0,0,3,334,4.459,1977,1/8/1980,121,0,0,181,1981,14,2616,5154.22,4588.11,5712.46,3816.55,117.914,2001.19,,0,0,0,17.975,103.7,82.967,72.967,1.886,6749.124,6751.01,112629.175,16.71,14.64,1.395,6,300,1574.3,483.442,453.566,919.918,753.043,167.854,920.897,1.461,6778.73,4.285,6783.015,113069.556,150,234.084,309.679,4.405,0.298,1.416,0.952,9395.175,350,0.749,1976.9,7.4,790.8,0,0,18.805,27.666,19.647,101.3,Mackay,Mackay,Pind,1961,LPOH_5_15,BareFallow,42,MW_Surf2,130_150,50,3,6,SWD_0_50_200_50_50,P2R,MW_01MayR6V1,MW_T3,1874.3,1219.918,937.008,1104.862,6.119,1.714,9.66573163114242,0.128042549818275,15.7218666666667,0.786093333333333,0.503725158490115,20.012,3_6
01/07/1982,1982,182,1981,01-May,3,sugar,alive,0,0,4,365,4.487,1977,1/7/1981,121,0,0,181,1982,14,2616,4960.26,4322.5,5422,3743.05,114.407,1959,,0,0,0,18.161,122.3,81.362,71.362,4.285,6778.73,6783.015,113069.556,18.25,15.91,1.402,6,300,1258.9,341.582,304.328,846.883,728.105,189.132,917.237,0.937,6796.14,4.011,6800.151,113422.236,150,254.601,334.632,6.528,0.133,0.769,1.497,10254.242,350,0.78,2162.3,8,864.9,0,0,18.212,27.411,19.836,222,Mackay,Mackay,Pind,1961,LPOH_5_15,BareFallow,42,MW_Surf2,130_150,50,3,6,SWD_0_50_200_50_50,P2R,MW_01MayR6V1,MW_T3,1558.9,1146.883,645.91,835.042,7.43,0.902,9.97547265065399,0.12473003160579,15.2542666666667,0.762713333333333,0.449358015090279,19.59,3_6
01/07/1983,1983,182,1982,01-May,3,sugar,alive,0,0,5,365,4.47,1977,1/7/1982,121,0,0,181,1983,14,2616,5249.78,4643.4,5781.72,3956.68,122.146,1988.71,,0,0,0,17.126,123.2,59.116,49.116,4.011,6796.14,6800.151,113422.236,18.7,16.48,1.408,6,300,1425.8,319.338,386.551,963.823,742.991,193.336,936.327,1.099,6813.891,2.929,6816.82,113584.131,150,250.774,327.347,8.063,0.2,0.909,1.813,9919.721,350,0.745,1953.1,7.3,781.2,0,0,18.168,27.059,20.069,156,Mackay,Mackay,Pind,1961,LPOH_5_15,BareFallow,42,MW_Surf2,130_150,50,3,6,SWD_0_50_200_50_50,P2R,MW_01MayR6V1,MW_T3,1725.8,1263.823,705.889,899.225,9.172,1.109,9.66480274532114,0.130452288570126,16.2861333333333,0.814306666666667,0.48707601266479,19.887,3_6
01/07/1984,1984,183,1983,01-May,3,sugar,alive,0,0,6,366,4.5,1977,1/7/1983,121,0,0,181,1984,14,2616,4799.62,4066.45,5137.07,3689.97,111.088,1799.39,,0,0,0,17.023,119.1,124.699,114.699,2.929,6813.891,6816.82,113584.131,18.51,15.83,1.414,6,300,627.3,34.853,58.25,557.266,706.664,180.917,887.582,0.193,6835.811,1.565,6837.377,114265.539,150,256.638,328.74,5.052,0.022,0.174,1.339,9919.414,350,0.853,2736.4,10.1,1094.6,0,0,18.281,27.134,19.319,62,Mackay,Mackay,Pind,1961,LPOH_5_15,BareFallow,42,MW_Surf2,130_150,50,3,6,SWD_0_50_200_50_50,P2R,MW_01MayR6V1,MW_T3,927.3,857.266,93.103,274.02,5.248,0.196,12.9584049758185,0.12515801356945,14.8117333333333,0.740586666666667,0.432858734871687,17.994,3_6
01/05/1985,1985,121,0,01-May,3,none,out,0,0,-1,0,6,1977,0.000,121,0,0,181,-1,14,2616,0,0,0,0,0,0,,0,0,0,0,0,53.315,43.315,1.565,6835.811,6837.377,114265.539,0,0,1.422,0,0,1462.6,494.902,548.648,744.249,0,318.535,318.535,2.208,6878.313,80.73,6959.043,113736.17,0,0,169.712,37.248,6.326,5.195,5.926,10351.568,350,0.004,5,0,2,0,0,19.16,28.114,20.446,365,Mackay,Mackay,Pind,1961,LPOH_5_15,BareFallow,42,MW_Surf2,130_150,50,3,6,SWD_0_50_200_50_50,P2R,MW_01MayR6V1,MW_T3,1462.6,744.249,1043.55,1362.085,48.769,11.521,0,0,0,,,0,3_6
01/09/1986,1986,244,1985,01-May,4,sugar,alive,0,0,0,488,4.655,1985,1/5/1985,121,0,0,181,1986,14,2616,6928.43,6240.55,7173.98,5419.69,166.592,2755.13,,0,0,0,17.442,176.6,153.83,153.83,80.73,6878.313,6959.043,113736.17,26.95,24.44,1.424,6,300,1673.2,118.358,604.995,1052.176,917.366,398.439,1315.804,18.668,6699.092,12.304,6711.397,112513.276,130,370.668,359.661,34.94,5.048,11.163,6.755,5229.84,350,0.878,3010,11,1204,0,0,17.326,26.16,18.368,134,Mackay,Mackay,Pind,1961,LPOH_5_15,BareFallow,42,MW_Surf2,130_150,50,3,6,SWD_0_50_200_50_50,P2R,MW_01MayR6V1,MW_T3,1973.2,1352.176,723.353,1121.792,51.151,16.211,12.320289666434,0.126608522241914,22.2122666666667,1.28147692307692,0.449437232240172,27.551,3_6
01/09/1987,1987,244,1986,01-May,4,sugar,alive,0,0,1,365,4.537,1985,1/9/1986,121,0,0,181,1987,14,2616,5001.35,4508.76,5513.73,3865.44,119.945,2369.58,,0,0,0,21.399,85.6,69.873,59.873,12.304,6699.092,6711.397,112513.276,13.41,11.6,1.39,6,300,760.7,92.242,46.435,693.8,747.953,140.758,888.71,0.096,6785.539,11.53,6797.069,113248.153,150,196.758,289.023,18.852,3.783,0.126,3.542,10547.916,350,0.771,2108.1,8.1,843.2,0,0,18.954,27.818,20.095,62,Mackay,Mackay,Pind,1961,LPOH_5_15,BareFallow,42,MW_Surf2,130_150,50,3,6,SWD_0_50_200_50_50,P2R,MW_01MayR6V1,MW_T3,1060.7,993.8,138.677,279.435,22.761,3.909,12.0693298450392,0.134965286763961,15.9926666666667,0.799633333333333,0.609606725012452,23.696,3_6
01/08/1988,1988,214,1987,01-May,4,sugar,alive,0,0,2,335,4.453,1985,1/9/1987,121,0,0,181,1988,14,2616,5305.6,4764.59,5887.29,3959.92,123.141,2158.39,,0,0,0,18.659,102.1,85.185,75.185,11.53,6785.539,6797.069,113248.153,16.79,14.81,1.416,6,300,1724.2,318.338,753.441,895.724,739.681,174.651,914.332,2.434,6780.55,5.394,6785.944,113299.448,150,236.834,321.114,20.841,8.145,1.776,3.869,9183.411,350,0.761,2047,7.6,818.8,0,0,19.241,27.759,19.47,293.4,Mackay,Mackay,Pind,1961,LPOH_5_15,BareFallow,42,MW_Surf2,130_150,50,3,6,SWD_0_50_200_50_50,P2R,MW_01MayR6V1,MW_T3,2024.2,1195.724,1071.779,1246.43,30.762,9.921,10.2984467987596,0.134678650643311,16.4188,0.82094,0.519946460389978,21.584,3_6
01/07/1989,1989,182,1988,01-May,4,sugar,alive,0,0,3,334,4.457,1985,1/8/1988,121,0,0,181,1989,14,2616,5048.69,4459.36,5607.71,3733.16,114.958,2031.37,,0,0,0,18.835,96.7,105.275,95.275,5.394,6780.55,6785.944,113299.448,15.99,13.83,1.416,2,100,2281.9,707.689,805.778,1236.745,699.427,156.417,855.844,2.261,6826.724,3.723,6830.447,113876.612,150,225.873,296.691,3.623,2.135,2.038,0.874,9811.502,350,0.745,1949.8,7.3,779.9,0,0,19.214,27.322,19.364,197,Mackay,Mackay,Pind,1961,LPOH_5_15,BareFallow,42,MW_Surf2,130_150,50,3,6,SWD_0_50_200_50_50,P2R,MW_01MayR6V1,MW_T3,2381.9,1336.745,1513.467,1669.884,7.796,4.173,8.59984514623208,0.13432120807063,20.9014545454545,0.766386666666667,0.508949719532658,20.314,3_6
01/07/1990,1990,182,1989,01-May,4,sugar,alive,0,0,4,365,4.488,1985,1/7/1989,121,0,0,181,1990,14,2616,4399.53,3870.86,4925.67,3279.81,99.94,1453.9,,0,0,0,14.994,98.3,111.864,101.864,3.723,6826.724,6830.447,113876.612,15.25,13.31,1.428,6,300,1726,624.869,594.488,888.235,617.669,168.124,785.793,1.22,6884.265,3.735,6888,114544.5,150,216.595,286.684,3.509,0.196,1.286,0.878,9865.918,350.403,0.772,2113.1,7.9,845.2,0,0,18.295,27.043,19.517,130,Mackay,Mackay,Pind,1961,LPOH_5_15,BareFallow,42,MW_Surf2,130_150,50,3,6,SWD_0_50_200_50_50,P2R,MW_01MayR6V1,MW_T3,2026,1188.235,1219.357,1387.481,4.991,1.482,8.41079416108766,0.127183622149854,13.3253333333333,0.666266666666667,0.46141416006833,14.539,3_6
01/07/1991,1991,182,1990,01-May,4,sugar,alive,0,0,5,365,4.487,1985,1/7/1990,121,0,0,181,1991,14,2616,5128.95,4479.47,5582.02,3890.75,118.894,1721.6,,0,0,0,14.91,125.5,114.715,104.715,3.735,6884.265,6888,114544.5,18.86,16.48,1.444,6,300,2941.2,463.323,1938.027,725.572,696.057,183.071,879.128,5.883,6884.466,4.067,6888.533,114933.805,150,259.197,315.413,7.048,0.272,4.705,1.556,9469.645,351.939,0.785,2196.8,8.1,878.7,0,0,18.061,27.053,19.563,298.2,Mackay,Mackay,Pind,1961,LPOH_5_15,BareFallow,42,MW_Surf2,130_150,50,3,6,SWD_0_50_200_50_50,P2R,MW_01MayR6V1,MW_T3,3241.2,1025.572,2401.35,2584.421,12.025,4.977,11.5929452052123,0.135240829549281,15.8525333333333,0.792626666666667,0.458701296697107,17.216,3_6
01/07/1992,1992,183,1991,01-May,4,sugar,alive,0,0,6,366,4.501,1985,1/7/1991,121,0,0,181,1992,14,2616,4945.52,4386.31,5483.42,3719.85,114.567,2051.69,,0,0,0,19.127,119.5,57.437,47.437,4.067,6884.466,6888.533,114933.805,17.75,15.7,1.444,6,300,809.1,59.554,112.48,680.513,709.045,209.53,918.575,0.079,6912.823,5.385,6918.208,115316.382,150,242.546,323.413,6.859,0.033,0.173,1.563,9800.804,353.503,0.766,2072.3,7.7,828.9,0,0,18.282,27.906,20.982,174,Mackay,Mackay,Pind,1961,LPOH_5_15,BareFallow,42,MW_Surf2,130_150,50,3,6,SWD_0_50_200_50_50,P2R,MW_01MayR6V1,MW_T3,1109.1,980.513,172.034,381.564,7.065,0.206,11.6843937816225,0.124722532183001,15.2756,0.76378,0.472351636390623,20.517,3_6
01/05/1993,1993,121,0,01-May,4,none,out,0,0,-1,0,6,1985,0.000,121,0,0,181,-1,14,2616,0,0,0,0,0,0,,0,0,0,0,0,57.928,47.928,5.385,6912.823,6918.208,115316.382,0,0,1.451,0,0,1066.4,297.953,360.882,596.847,0,292.013,292.013,0.355,7000.501,64.428,7064.929,115885.195,0,0,130.994,10.694,0.34,0.643,1.615,9555.741,354.828,0.007,10.1,0,4,0,0,19.152,28.301,21.526,185,Mackay,Mackay,Pind,1961,LPOH_5_15,BareFallow,42,MW_Surf2,130_150,50,3,6,SWD_0_50_200_50_50,P2R,MW_01MayR6V1,MW_T3,1066.4,596.847,658.835,950.848,11.677,0.983,0,0,0,,,0,3_6
01/09/1994,1994,244,1993,01-May,5,sugar,alive,0,0,0,488,4.665,1993,1/5/1993,121,0,0,181,1994,14,2616,7001.01,6197.66,7101.65,5664.17,173.21,2873.65,,0,0,0,17.506,200.8,173.48,173.48,64.428,7000.501,7064.929,115885.195,29.68,26.74,1.46,6,300,1282.3,75.475,300.382,988.103,882.395,427.093,1309.488,7.028,6802.836,3.954,6806.79,114151.534,130,407.026,377.633,23.181,0.291,3.38,4.686,5826.886,356.989,0.929,3787.4,13.9,1515,0,0,17.552,26.294,18.985,141,Mackay,Mackay,Pind,1961,LPOH_5_15,BareFallow,42,MW_Surf2,130_150,50,3,6,SWD_0_50_200_50_50,P2R,MW_01MayR6V1,MW_T3,1582.3,1288.103,375.857,802.95,26.852,3.671,13.4469060315829,0.132273071612722,23.0946666666667,1.33238461538462,0.42555021055166,28.736,3_6
01/09/1995,1995,244,1994,01-May,5,sugar,alive,0,0,1,365,4.482,1993,1/9/1994,121,0,0,181,1995,14,2616,5532.98,4995.61,6060.11,4247.64,132.315,2527.69,,0,0,0,20.597,112.2,52.436,42.436,3.954,6802.836,6806.79,114151.534,17.23,15.26,1.421,6,300,1066.3,152.969,174.706,855.725,782.107,180.173,962.279,0.407,6865.365,3.891,6869.256,114521.028,150,237.745,326.698,10.381,1.014,0.342,2.038,10494.996,358.643,0.78,2165.5,8.2,866.2,0,0,18.614,27.615,20.231,112.5,Mackay,Mackay,Pind,1961,LPOH_5_15,BareFallow,42,MW_Surf2,130_150,50,3,6,SWD_0_50_200_50_50,P2R,MW_01MayR6V1,MW_T3,1366.3,1155.725,327.675,507.848,11.737,1.356,11.4486577689329,0.137501701689427,17.642,0.8821,0.55654167280069,25.277,3_6
01/08/1996,1996,214,1995,01-May,5,sugar,alive,0,0,2,335,4.466,1993,1/9/1995,121,0,0,181,1996,14,2616,5726.47,5101.17,6291.76,4333.7,134.232,2544.62,,0,0,0,20.417,113,110.782,100.782,3.891,6865.365,6869.256,114521.028,17.97,15.68,1.446,6,300,1169.4,220.877,233.66,869.432,865.681,168.943,1034.624,0.545,6868.745,2.808,6871.553,114756.004,150,254.189,339.473,15.207,1.09,0.749,3.059,10037.61,360.185,0.799,2292.6,8.5,917,0,0,18.879,28.11,20.632,106,Mackay,Mackay,Pind,1961,LPOH_5_15,BareFallow,42,MW_Surf2,130_150,50,3,6,SWD_0_50_200_50_50,P2R,MW_01MayR6V1,MW_T3,1469.4,1169.432,454.537,623.48,17.046,1.839,11.4783929292169,0.129739886180873,17.8976,0.89488,0.528079499899681,25.446,3_6
01/07/1997,1997,182,1996,01-May,5,sugar,alive,0,0,3,334,4.444,1993,1/8/1996,121,0,0,181,1997,14,2616,5356.67,4789.34,6005.71,4087.6,126.899,2222.8,,0,0,0,18.645,112.1,73.021,63.021,2.808,6868.745,6871.553,114756.004,17.06,14.98,1.45,6,300,1437.4,350.349,381.149,948.746,790.284,154.656,944.94,1.011,6902.217,2.985,6905.202,115039.957,150,241.566,321.922,7.172,0.578,1.14,1.505,10697.638,361.751,0.748,1971.6,7.4,788.6,0,0,18.351,27.734,20.814,203,Mackay,Mackay,Pind,1961,LPOH_5_15,BareFallow,42,MW_Surf2,130_150,50,3,6,SWD_0_50_200_50_50,P2R,MW_01MayR6V1,MW_T3,1737.4,1248.746,731.498,886.154,8.89,1.718,10.1621146334002,0.134293182635935,16.9198666666667,0.845993333333333,0.525318132518649,22.228,3_6
03/07/1998,1998,184,1997,01-May,5,sugar,alive,0,0,4,367,4.525,1993,1/7/1997,121,0,2,181,1998,12,2616,5979.49,5331.15,6594.58,4619.63,143.166,2466.68,,0,0,0,18.292,130,115.984,105.984,2.985,6902.217,6905.202,115039.957,19.11,16.74,1.46,6,300,1274,256.01,233.909,939.84,897.936,185.325,1083.261,0.643,6901.593,2.171,6903.763,115210.78,150,267.378,344.504,14.643,0.31,0.936,2.995,10745.396,363.497,0.776,2140.4,7.9,856.2,0,0,18.383,27.725,19.703,110,Mackay,Mackay,Pind,1961,LPOH_5_15,BareFallow,42,MW_Surf2,130_150,50,3,6,SWD_0_50_200_50_50,P2R,MW_01MayR6V1,MW_T3,1574,1239.84,489.919,675.244,15.889,1.246,11.5471351142083,0.132162055127989,19.0888,0.95444,0.535444202589592,24.667,3_6
03/07/1999,1999,184,1998,01-May,5,sugar,alive,0,0,5,365,4.526,1993,3/7/1998,121,0,2,183,1999,12,2618,4437.49,3915.8,4993.66,3344.75,102.89,1944.39,,0,0,0,20.344,90.7,98.804,88.804,2.171,6901.593,6903.763,115210.78,13.9,11.99,1.461,1,50,2295.2,857.834,764.786,1195.979,601.724,149.757,751.481,1.53,6939.356,4.63,6943.986,115636.94,150,196.259,301.036,29.407,11.168,2.717,5.519,10415.42,365.263,0.732,1879.7,7,751.9,0,0,19.143,27.14,18.143,166,Mackay,Mackay,Pind,1961,LPOH_5_15,BareFallow,42,MW_Surf2,130_150,50,3,6,SWD_0_50_200_50_50,P2R,MW_01MayR6V1,MW_T3,2345.2,1245.979,1622.62,1772.377,43.292,13.885,8.25776357386441,0.136916302607784,20.578,0.685933333333333,0.524256212453951,19.444,3_6
03/07/2000,2000,185,1999,01-May,5,sugar,alive,0,0,6,366,4.472,1993,3/7/1999,121,0,2,183,2000,12,2618,5991.49,5316.11,6533.56,4549.64,140.437,2344.99,,0,0,0,17.638,122.4,66.903,56.903,4.63,6939.356,6943.986,115636.94,19.17,16.7,1.471,6,300,2220.8,568.365,913.361,1042.237,805.058,170.596,975.654,2.755,6930.972,2.863,6933.835,115586.611,150,262.47,324.14,11.489,0.299,2.39,2.387,9821.362,367.058,0.81,2369.2,8.7,947.7,0,0,18.099,26.712,18.391,187,Mackay,Mackay,Pind,1961,LPOH_5_15,BareFallow,42,MW_Surf2,130_150,50,3,6,SWD_0_50_200_50_50,P2R,MW_01MayR6V1,MW_T3,2520.8,1342.237,1481.726,1652.322,14.178,2.689,10.4629063272731,0.143941397257634,18.7249333333333,0.936246666666667,0.53505924486608,23.45,3_6
01/05/2001,2001,121,0,01-May,5,none,out,0,0,-1,0,6,1993,0.000,121,0,2,183,-1,12,2618,0,0,0,0,0,0,,0,0,0,0,0,112.323,102.323,2.863,6930.972,6933.835,115586.611,0,0,1.47,0,0,1601.5,772.469,509.888,752.3,0,283.516,283.516,0.119,7029.918,65.139,7095.056,116177.143,0,0,126.119,7.7,0.826,0.632,1.083,11000.76,368.566,0.006,8.1,0,3.2,0,0,18.625,27.845,20.181,235,Mackay,Mackay,Pind,1961,LPOH_5_15,BareFallow,42,MW_Surf2,130_150,50,3,6,SWD_0_50_200_50_50,P2R,MW_01MayR6V1,MW_T3,1601.5,752.3,1282.357,1565.873,9.158,1.458,0,0,0,,,0,3_6
01/09/2002,2002,244,2001,01-May,6,sugar,alive,0,0,0,488,4.679,2001,1/5/2001,121,0,0,181,2002,14,2616,4876.71,4315.27,4988.54,3924.06,119.254,2047.01,,0,0,0,18.213,173.1,147.95,147.95,65.139,7029.918,7095.056,116177.143,25.02,22.97,1.484,6,300,1074.2,29.026,246.49,838.876,716.802,459.432,1176.234,2.227,6829.635,38.979,6868.614,114134.573,130,343.044,373.65,45.315,0.147,2.633,8.595,5145.564,371.039,0.885,3085.9,11.3,1234.4,0,0,16.785,27.514,19.76,143,Mackay,Mackay,Pind,1961,LPOH_5_15,BareFallow,42,MW_Surf2,130_150,50,3,6,SWD_0_50_200_50_50,P2R,MW_01MayR6V1,MW_T3,1374.2,1138.876,275.516,734.948,48.095,2.78,10.471201430182,0.101386288782674,15.9005333333333,0.917338461538461,0.347634705752032,20.47,3_6
01/09/2003,2003,244,2002,01-May,6,sugar,alive,0,0,1,365,4.478,2001,1/9/2002,121,0,0,181,2003,14,2616,4332.16,3709.01,4548,3266.09,98.034,1523.14,,0,0,0,16.21,100.4,52.401,42.401,38.979,6829.635,6868.614,114134.573,17.35,15.07,1.444,6,300,970.8,80.556,320.562,632.893,626.973,225.512,852.485,4.449,6904.965,10.431,6915.397,115086.387,150,226.964,272.013,8.501,1.506,1.11,1.786,7561.565,372.928,0.836,2585.3,9.6,1034.1,0,0,18.111,27.886,20.479,113,Mackay,Mackay,Pind,1961,LPOH_5_15,BareFallow,42,MW_Surf2,130_150,50,3,6,SWD_0_50_200_50_50,P2R,MW_01MayR6V1,MW_T3,1270.8,932.893,401.118,626.63,11.117,2.616,10.5086006648137,0.114997917851927,13.0712,0.65356,0.431936342327418,15.231,3_6
01/08/2004,2004,214,2003,01-May,6,sugar,alive,0,0,2,335,4.446,2001,1/9/2003,121,0,0,181,2004,14,2616,4309.24,3589.12,4506.51,3263.11,97.423,1586.49,,0,0,0,17.13,115.2,51.599,41.599,10.431,6904.965,6915.397,115086.387,18.91,16.27,1.467,6,300,765,29.025,118.451,638.77,692.644,211.32,903.964,1.435,6913.991,10.273,6924.264,115515.479,150,259.512,332.176,9.187,0.712,0.485,1.918,8369.876,374.686,0.861,2823.3,10.5,1129.3,0,0,18.698,28.847,20.407,59,Mackay,Mackay,Pind,1961,LPOH_5_15,BareFallow,42,MW_Surf2,130_150,50,3,6,SWD_0_50_200_50_50,P2R,MW_01MayR6V1,MW_T3,1065,938.77,147.476,358.796,10.384,1.197,10.3777283040574,0.107773097158736,12.9897333333333,0.649486666666667,0.375408458953729,15.865,3_6
04/07/2005,2005,185,2004,01-May,6,sugar,alive,0,0,3,337,4.443,2001,1/8/2004,121,0,3,181,2005,11,2616,5672.01,4969.92,6120.46,4238.28,130.238,2142.94,,0,0,0,17.338,130.8,47.159,37.159,10.273,6913.991,6924.264,115515.479,20.42,17.85,1.47,6,300,1324.6,83.739,411.13,893.186,855.604,201.807,1057.411,4.228,6921.124,6.56,6927.685,115539.929,150,272.385,338.339,8.317,2.097,1.331,1.76,9269.317,376.486,0.774,2122.2,7.9,848.9,0,0,18.392,28.468,20.497,202,Mackay,Mackay,Pind,1961,LPOH_5_15,BareFallow,42,MW_Surf2,130_150,50,3,6,SWD_0_50_200_50_50,P2R,MW_01MayR6V1,MW_T3,1624.6,1193.186,494.869,696.676,11.745,3.428,10.9151465069151,0.123166866998736,17.3650666666667,0.868253333333333,0.478139398278173,21.429,3_6
04/07/2006,2006,185,2005,01-May,6,sugar,alive,0,0,4,365,4.546,2001,4/7/2005,121,0,3,184,2006,11,2619,5901.34,5278.46,6500.92,4512.35,140.004,2654.87,,0,0,0,20.424,133.9,101.48,91.48,6.56,6921.124,6927.685,115539.929,19.73,17.45,1.472,6,300,1145.8,129.08,168.369,934.516,917.412,179.828,1097.241,0.47,6930.055,4.687,6934.742,115607.718,150,274.033,353.554,9.994,2.384,0.516,2.145,11352.906,378.461,0.732,1879.3,7,751.7,0,0,18.942,28.254,19.544,83,Mackay,Mackay,Pind,1961,LPOH_5_15,BareFallow,42,MW_Surf2,130_150,50,3,6,SWD_0_50_200_50_50,P2R,MW_01MayR6V1,MW_T3,1445.8,1234.516,297.449,477.277,12.894,2.9,11.3408007672643,0.127596398603406,18.6672,0.93336,0.510901971660347,26.549,3_6
04/07/2007,2007,185,2006,01-May,6,sugar,alive,0,0,5,365,4.487,2001,4/7/2006,121,0,3,184,2007,11,2619,5411.14,4847.33,6040.57,4163.81,129.216,2197.27,,0,0,0,18.016,113.7,134.59,124.59,4.687,6930.055,6934.742,115607.718,16.97,14.9,1.478,6,300,2074.8,571.826,776.228,1068.86,793.192,161.464,954.656,1.797,6959.84,2.619,6962.459,116088.45,150,236.803,322.33,15.602,2.797,1.857,3.098,10697.305,380.467,0.752,1992.8,7.4,797.1,0,0,17.874,27.123,19.441,257,Mackay,Mackay,Pind,1961,LPOH_5_15,BareFallow,42,MW_Surf2,130_150,50,3,6,SWD_0_50_200_50_50,P2R,MW_01MayR6V1,MW_T3,2374.8,1368.86,1348.054,1509.518,20.256,4.654,9.43967973350087,0.13535346763651,17.2288,0.86144,0.545668762642365,21.973,3_6
04/07/2008,2008,186,2007,01-May,6,sugar,alive,0,0,6,366,4.487,2001,4/7/2007,121,0,3,184,2008,11,2619,4730.96,4110.43,5201,3632.44,110.657,1708.5,,0,0,0,16.091,96.9,188.68,178.68,2.619,6959.84,6962.459,116088.45,15.29,13.02,1.486,6,300,2267.9,524.53,1285.098,750.573,701.642,169.216,870.859,4.059,6999.924,3.761,7003.685,116778.214,150,217.619,303.001,11.638,0.685,4.474,2.393,9820.894,382.503,0.812,2387.6,8.9,955.1,0,0,17.574,27.289,19.223,532,Mackay,Mackay,Pind,1961,LPOH_5_15,BareFallow,42,MW_Surf2,130_150,50,3,6,SWD_0_50_200_50_50,P2R,MW_01MayR6V1,MW_T3,2567.9,1050.573,1809.628,1978.844,16.797,5.159,10.5330138886113,0.127066494116728,14.7542666666667,0.737713333333333,0.508489607984597,17.085,3_6
01/05/2009,2009,121,0,01-May,6,none,out,0,0,-1,0,6,2001,0.000,121,0,3,184,-1,11,2619,0,0,0,0,0,0,,0,0,0,0,0,58.094,48.094,3.761,6999.924,7003.685,116778.214,0,0,1.496,0,0,1817.6,575.906,808.373,739.976,0,345.037,345.037,5.108,7022.119,81.952,7104.071,116088.556,0,0,175.338,40.597,5.805,7.79,5.728,10408.211,384.206,0.003,3.9,0,1.6,0,0,18.877,28.316,19.666,145,Mackay,Mackay,Pind,1961,LPOH_5_15,BareFallow,42,MW_Surf2,130_150,50,3,6,SWD_0_50_200_50_50,P2R,MW_01MayR6V1,MW_T3,1817.6,739.976,1384.279,1729.316,54.192,13.595,0,0,0,,,0,3_6
01/09/2010,2010,244,2009,01-May,7,sugar,alive,0,0,0,488,4.695,2009,1/5/2009,121,0,0,181,2010,14,2616,4855.17,4337.01,5013.21,3847.97,117.468,1675.57,,0,0,0,14.645,144.2,146.377,146.377,81.952,7022.119,7104.071,116088.556,20.84,18.94,1.493,6,300,2033.5,413.18,832.11,958.239,714.757,404.813,1119.57,4.989,6841.564,13.912,6855.476,114602.989,130,288.708,348.501,86.625,34.097,3.224,15.605,4549.824,387.003,0.842,2633,9.6,1053.2,0,0,17.238,27.216,18.55,185,Mackay,Mackay,Pind,1961,LPOH_5_15,BareFallow,42,MW_Surf2,130_150,50,3,6,SWD_0_50_200_50_50,P2R,MW_01MayR6V1,MW_T3,2333.5,1258.239,1245.29,1650.103,123.946,37.321,9.33590518176594,0.104922425574104,15.6624,0.9036,0.406874766199759,16.756,3_6
01/09/2011,2011,244,2010,01-May,7,sugar,alive,0,0,1,365,4.491,2009,1/9/2010,121,0,0,181,2011,14,2616,4292.55,3881.15,4691.51,3262.87,101.662,2009.21,,0,0,0,21.409,75.7,97.017,87.017,13.912,6841.564,6855.476,114602.989,12.37,10.86,1.461,3,150,3806,1274.333,1935.133,1094.888,544.656,210.439,755.095,8.424,6882.728,1.827,6884.556,114972.527,150,166.505,260.321,38.847,24.501,4.358,7.125,7683.557,389.138,0.688,1664.6,6.3,665.8,0,0,18.442,26.693,17.368,220,Mackay,Mackay,Pind,1961,LPOH_5_15,BareFallow,42,MW_Surf2,130_150,50,3,6,SWD_0_50_200_50_50,P2R,MW_01MayR6V1,MW_T3,3956,1244.888,3209.466,3419.905,67.706,28.859,8.16635713413576,0.134634714837206,16.9436666666667,0.677746666666667,0.6105642473199,20.092,3_6
01/08/2012,2012,214,2011,01-May,7,sugar,alive,0,0,2,335,4.447,2009,1/9/2011,121,0,0,181,2012,14,2616,5582.12,5012.26,6087.57,4260.97,132.372,2396.77,,0,0,0,19.371,97.8,79.457,69.457,1.827,6882.728,6884.556,114972.527,16.05,13.97,1.473,6,300,2416,550.263,1109.004,1087.318,805.622,177.53,983.152,3.904,6887.536,2.398,6889.934,115157.136,150,230.644,292.107,11.507,0.194,2.851,2.329,8289.24,391.122,0.78,2163.1,8,865.2,0,0,18.504,27.486,19.026,239,Mackay,Mackay,Pind,1961,LPOH_5_15,BareFallow,42,MW_Surf2,130_150,50,3,6,SWD_0_50_200_50_50,P2R,MW_01MayR6V1,MW_T3,2716,1387.318,1659.267,1836.797,14.552,3.045,9.54157590401047,0.13464042182694,17.6496,0.88248,0.573923449125059,23.968,3_6
01/07/2013,2013,182,2012,01-May,7,sugar,alive,0,0,3,334,4.449,2009,1/8/2012,121,0,0,181,2013,14,2616,5074.28,4510.57,5646.58,3817.67,118.217,2115.78,,0,0,0,19.114,102.1,135.039,125.039,2.398,6887.536,6889.934,115157.136,16.07,14,1.473,6,300,1943,478.525,880.893,866.028,740.81,170.574,911.384,2.698,6917.897,3.491,6921.388,115527.248,150,232.892,313.566,5.666,0.16,2.354,1.392,9841.636,393.132,0.72,1816.2,6.8,726.5,0,0,18.581,27.859,20.096,189,Mackay,Mackay,Pind,1961,LPOH_5_15,BareFallow,42,MW_Surf2,130_150,50,3,6,SWD_0_50_200_50_50,P2R,MW_01MayR6V1,MW_T3,2243,1166.028,1359.418,1529.992,8.18,2.514,10.1384357837033,0.129711515672867,15.7622666666667,0.788113333333333,0.507604383147553,21.158,3_6
01/07/2014,2014,182,2013,01-May,7,sugar,alive,0,0,4,365,4.534,2009,1/7/2013,121,0,0,181,2014,14,2616,5804.04,5198.26,6407.24,4393.33,136.313,2479.91,,0,0,0,19.477,121.6,89.237,79.237,3.491,6917.897,6921.388,115527.248,18.49,16.27,1.48,6,300,1352.5,235.294,320.83,932.152,853.828,192.26,1046.088,1.039,6931.302,2.708,6934.01,115764.084,150,258.241,332.09,5.088,0.083,0.865,1.134,10267.054,395.356,0.727,1855.6,6.9,742.2,0,0,18.823,28.131,19.697,162,Mackay,Mackay,Pind,1961,LPOH_5_15,BareFallow,42,MW_Surf2,130_150,50,3,6,SWD_0_50_200_50_50,P2R,MW_01MayR6V1,MW_T3,1652.5,1232.152,556.124,748.384,6.036,0.948,11.0630019672898,0.130307392877081,18.1750666666667,0.908753333333333,0.527851890288529,24.799,3_6
01/07/2015,2015,182,2014,01-May,7,sugar,alive,0,0,5,365,4.523,2009,1/7/2014,121,0,0,181,2015,14,2616,4942.35,4316.73,5444.56,3817.26,116.816,1885.5,,0,0,0,16.953,111,121.526,111.526,2.708,6931.302,6934.01,115764.084,16.43,14.13,1.482,6,300,905.5,144.634,117.768,733.752,783.946,169.538,953.483,0.228,6968.621,2.681,6971.303,116415.719,150,234.191,321.757,10.647,0.222,1.572,2.259,10625.038,397.611,0.76,2040.8,7.6,816.3,0,0,18.202,28.185,20.195,127,Mackay,Mackay,Pind,1961,LPOH_5_15,BareFallow,42,MW_Surf2,130_150,50,3,6,SWD_0_50_200_50_50,P2R,MW_01MayR6V1,MW_T3,1205.5,1033.752,262.402,431.94,12.441,1.794,11.3001957916405,0.122515031731032,15.5754666666667,0.778773333333333,0.498806529712927,18.855,3_6
01/07/2016,2016,183,2015,01-May,7,sugar,alive,0,0,6,366,4.562,2009,1/7/2015,121,0,0,181,2016,14,2616,6236.86,5477.01,6732.52,4768.27,146.636,2645.87,,0,0,0,19.294,132.5,93.14,83.14,2.681,6968.621,6971.303,116415.719,20.08,17.29,1.491,6,300,1656.5,199.28,567.698,1005.707,931.076,192.504,1123.581,2.022,6959.74,2.101,6961.841,116407.802,150,276.541,341.571,7.217,0.395,1.618,1.459,10351.726,399.898,0.776,2136.3,7.9,854.5,0,0,19.116,28.327,19.488,143,Mackay,Mackay,Pind,1961,LPOH_5_15,BareFallow,42,MW_Surf2,130_150,50,3,6,SWD_0_50_200_50_50,P2R,MW_01MayR6V1,MW_T3,1956.5,1305.707,766.978,959.482,9.23,2.013,11.2303908916778,0.130507724854728,19.5514666666667,0.977573333333333,0.530250487269519,26.459,3_6
01/05/2017,2017,121,0,01-May,7,none,out,0,0,-1,0,6,2009,0.000,121,0,0,181,-1,14,2616,0,0,0,0,0,0,,0,0,0,0,0,141.082,131.082,2.101,6959.74,6961.841,116407.802,0,0,1.487,0,0,2278.9,872.801,1146.125,825.806,0,261.539,261.539,2.181,7063.938,53.311,7117.249,116802.277,0,0,128.682,12.957,2.369,2.851,1.766,11363.328,401.829,0.006,8.1,0,3.2,0,0,19.526,28.568,18.475,276,Mackay,Mackay,Pind,1961,LPOH_5_15,BareFallow,42,MW_Surf2,130_150,50,3,6,SWD_0_50_200_50_50,P2R,MW_01MayR6V1,MW_T3,2278.9,825.806,2018.926,2280.465,18.177,5.22,0,0,0,,,0,3_6
01/09/2018,2018,244,2017,01-May,8,sugar,alive,0,0,0,488,4.686,2017,1/5/2017,121,0,0,181,2018,14,2616,4862.4,4204.11,4861.96,3935.51,117.642,1901.32,,0,0,0,16.979,170.4,139.516,139.516,53.311,7063.938,7117.249,116802.277,25.61,23.19,1.503,6,300,1340.5,148.091,474.585,822.745,730.54,362.654,1093.194,13.916,6872.098,10.389,6882.487,115017.416,130,352.138,363.883,35.531,3.394,10.58,6.371,5085.33,404.964,0.936,3926.5,14.4,1570.6,0,0,16.933,27.356,17.273,103,Mackay,Mackay,Pind,1961,LPOH_5_15,BareFallow,42,MW_Surf2,130_150,50,3,6,SWD_0_50_200_50_50,P2R,MW_01MayR6V1,MW_T3,1640.5,1122.745,622.676,985.33,49.505,13.974,10.4780693746131,0.107613104352933,15.6856,0.904938461538461,0.334079253020123,19.013,3_6
01/09/2019,2019,244,2018,01-May,8,sugar,alive,0,0,1,365,4.515,2017,1/9/2018,121,0,0,181,2019,14,2616,5263.47,4566.96,5494.68,3965.6,119.953,1835.96,,0,0,0,15.926,119.9,46.146,36.146,10.389,6872.098,6882.487,115017.416,19.19,16.63,1.467,6,300,1681.9,412.719,613.169,935.368,740.079,188.656,928.735,6.789,6902.751,1.144,6903.895,115387.519,150,256.436,319.174,14.642,5.532,2.028,2.918,8733.575,407.354,0.853,2734.3,10.1,1093.7,0,0,18.586,27.752,17.038,123,Mackay,Mackay,Pind,1961,LPOH_5_15,BareFallow,42,MW_Surf2,130_150,50,3,6,SWD_0_50_200_50_50,P2R,MW_01MayR6V1,MW_T3,1981.9,1235.368,1025.888,1214.544,22.202,7.56,9.70990020787328,0.129157402272984,15.9937333333333,0.799686666666667,0.467769735918514,18.36,3_6
01/08/2020,2020,214,2019,01-May,8,sugar,alive,0,0,2,335,4.434,2017,1/9/2019,121,0,0,181,2020,14,2616,5044.6,4497.3,5563.16,3749.23,115.957,2009.64,,0,0,0,18.417,104.7,55.424,45.424,1.144,6902.751,6903.895,115387.519,16.89,14.89,1.479,6,300,1557.6,380.475,535.026,854.037,766.388,137.022,903.409,1.163,6933.155,2.966,6936.121,115622.051,150,234.026,316.658,12.749,0.548,1.076,2.644,9777.113,409.573,0.745,1953.7,7.3,781.5,0,0,18.575,28.466,18.819,167,Mackay,Mackay,Pind,1961,LPOH_5_15,BareFallow,42,MW_Surf2,130_150,50,3,6,SWD_0_50_200_50_50,P2R,MW_01MayR6V1,MW_T3,1857.6,1154.037,915.501,1052.523,14.373,1.624,10.0479447366072,0.128354931155213,15.4609333333333,0.773046666666667,0.495487680855973,20.096,3_6
01/07/2021,2021,182,2020,01-May,8,sugar,alive,0,0,3,334,4.48,2017,1/8/2020,121,0,0,181,2021,14,2616,5244.11,4649.73,5799.7,3905.4,120.614,1996.45,,0,0,0,17.46,127.5,76.114,66.114,2.966,6933.155,6936.121,115622.051,19.44,17.27,1.489,6,300,1257.2,226.39,351.147,810.844,768.405,159.25,927.655,0.927,6931.964,2.133,6934.097,115736.704,150,268.469,342.871,8.481,0.146,1.016,1.815,10022.552,411.819,0.718,1806,6.7,722.4,0,0,19.189,28.238,17.316,146,Mackay,Mackay,Pind,1961,LPOH_5_15,BareFallow,42,MW_Surf2,130_150,50,3,6,SWD_0_50_200_50_50,P2R,MW_01MayR6V1,MW_T3,1557.2,1110.844,577.537,736.787,9.643,1.162,10.8578702320038,0.130020320054331,16.0818666666667,0.804093333333333,0.449266023265256,19.965,3_6
01/07/2022,2022,182,2021,01-May,8,sugar,alive,0,0,4,365,4.546,2017,1/7/2021,121,0,0,181,2022,14,2616,5494.96,4847.43,6016.61,4144.7,127.522,2333.57,,0,0,0,19.608,124.5,110.123,100.123,2.133,6931.964,6934.097,115736.704,18.79,16.41,1.489,6,300,1205.6,308.658,215.206,899.469,834.571,167.503,1002.074,0.416,6935.407,4.878,6940.285,115879.075,150,256.184,347.581,21.503,1.453,0.729,4.152,10646.333,414.302,0.761,2042.3,7.6,816.9,0,0,18.81,28.279,17.351,124,Mackay,Mackay,Pind,1961,LPOH_5_15,BareFallow,42,MW_Surf2,130_150,50,3,6,SWD_0_50_200_50_50,P2R,MW_01MayR6V1,MW_T3,1505.6,1199.469,523.864,691.367,23.685,2.182,10.6315377888049,0.12725806676952,17.0029333333333,0.850146666666667,0.497775036692377,23.336,3_6
01/05/1962,1962,121,0,01-May,0,none,out,0,0,-1,0,6,-1,0.000,121,0,0,181,-1,14,2616,0,0,0,0,0,0,,0,0,0,0,0,0,0,0,0,0,0,0,0,1.327,0,0,911.4,0,588.704,322.696,0,271.415,271.415,27.182,6522.792,124.106,6646.897,109084.151,0,0,114.937,4.9,0,15.895,1.151,1215.107,350,0,0.1,0,0.1,0,0,20.964,29.05,18.897,153.2,Mackay,Mackay,Pind,1962,LPOH_5_15,BareFallow,42,MW_Surf2,130_150,50,3,6,SWD_0_50_200_50_50,P2R,MW_01MayR6V1,MW_T3,911.4,322.696,588.704,860.119,20.795,15.895,0,0,0,,,0,3_6
01/09/1963,1963,244,1962,01-May,1,sugar,alive,2,0,0,488,4.649,1962,1/5/1962,121,0,0,181,1963,14,2616,5291.93,4682.56,5394,4157.28,127.552,2161.91,,0,0,0,17.948,131.1,81.081,81.081,124.106,6522.792,6646.897,109084.151,20.01,17.78,1.304,6,300,2809.4,279.928,1732.026,946.872,784.334,394.511,1178.845,40.622,6433.097,13.981,6447.079,108765.925,130,269.411,257.717,61.489,24.305,3.525,11.421,2841.088,350,0.891,3167.4,11.6,1266.9,0,0,16.523,26.773,18.261,406.4,Mackay,Mackay,Pind,1962,LPOH_5_15,BareFallow,42,MW_Surf2,130_150,50,3,6,SWD_0_50_200_50_50,P2R,MW_01MayR6V1,MW_T3,3109.4,1246.872,2011.954,2406.465,89.319,27.83,10.2297589487935,0.108200823687593,17.0069333333333,0.981169230769231,0.473447632056598,21.619,3_6
01/09/1964,1964,245,1963,01-May,1,sugar,alive,0,0,1,366,4.452,1962,1/9/1963,121,0,0,181,1964,14,2616,3653.32,3234.45,3994.01,2748.78,84.081,1542.51,,0,0,0,19.665,53.8,69.922,59.922,13.981,6433.097,6447.079,108765.925,9.17,7.64,1.281,4,200,1009.1,375.914,95.789,776.069,557.196,173.58,730.777,0.172,6549.989,3.461,6553.45,109682.262,150,138.53,222.331,13.857,10.148,0.073,2.895,7924.222,350,0.774,2123.1,8.2,849.2,0,0,17.558,27.368,19.801,68.1,Mackay,Mackay,Pind,1962,LPOH_5_15,BareFallow,42,MW_Surf2,130_150,50,3,6,SWD_0_50_200_50_50,P2R,MW_01MayR6V1,MW_T3,1209.1,976.069,471.703,645.283,24.078,10.221,8.61424755831811,0.115056987288872,12.9355384615385,0.56054,0.606951562838374,15.425,3_6
01/08/1965,1965,213,1964,01-May,1,sugar,alive,0,0,2,334,4.423,1962,1/9/1964,121,0,0,181,1965,14,2616,4663.34,4040.49,4964.61,3481.25,106.339,1853.73,,0,0,0,18.542,80,64.543,54.543,3.461,6549.989,6553.45,109682.262,14.15,11.87,1.31,6,300,1036.2,272.803,149.469,805.685,720.514,190.734,911.247,0.36,6564.413,2.014,6566.427,109967.253,150,203.087,269.077,18.648,1.462,0.259,3.51,7336.937,350,0.817,2423.8,9,969.5,0,0,17.96,27.49,19.519,77.2,Mackay,Mackay,Pind,1962,LPOH_5_15,BareFallow,42,MW_Surf2,130_150,50,3,6,SWD_0_50_200_50_50,P2R,MW_01MayR6V1,MW_T3,1336.2,1105.685,422.272,613.006,20.369,1.721,9.61747694867887,0.116696131784247,14.1785333333333,0.708926666666667,0.523613032838143,18.537,3_6
01/07/1966,1966,182,1965,01-May,1,sugar,alive,0,0,3,334,4.4,1962,1/8/1965,121,0,0,181,1966,14,2616,4020.25,3500.39,4430.88,2927.86,89.635,1545.9,,0,0,0,18.313,83.9,49.223,39.223,2.014,6564.413,6566.427,109967.253,14.02,12.12,1.313,6,300,999.6,330.125,126.633,746.12,628.296,184.023,812.32,0.315,6617.848,3.852,6621.699,110544.044,150,198.766,280.915,8.507,0.844,0.277,1.794,8453.213,350,0.692,1682.5,6.4,673,0,0,17.886,27.613,20.219,80,Mackay,Mackay,Pind,1962,LPOH_5_15,BareFallow,42,MW_Surf2,130_150,50,3,6,SWD_0_50_200_50_50,P2R,MW_01MayR6V1,MW_T3,1299.6,1046.12,456.758,640.781,9.628,1.121,8.56832868122204,0.110344445538704,11.9513333333333,0.597566666666667,0.450957407202439,15.459,3_6
01/07/1967,1967,182,1966,01-May,1,sugar,alive,0,0,4,365,4.482,1962,1/7/1966,121,0,0,181,1967,14,2616,5297.64,4704.08,5772.35,4005.47,123.57,2097.69,,0,0,0,17.98,113.8,61.746,51.746,3.852,6617.848,6621.699,110544.044,17.52,15.34,1.326,6,300,1249.2,226.982,207.028,1010.636,780.911,215.397,996.308,0.532,6626.418,2.977,6629.394,110747.076,150,242.028,303.735,15.469,0.894,0.328,3.081,8978.598,350,0.757,2019.7,7.5,807.9,0,0,17.61,27.233,19.754,100.3,Mackay,Mackay,Pind,1962,LPOH_5_15,BareFallow,42,MW_Surf2,130_150,50,3,6,SWD_0_50_200_50_50,P2R,MW_01MayR6V1,MW_T3,1549.2,1310.636,434.01,649.407,16.691,1.222,9.42824704952405,0.124027911047588,16.476,0.8238,0.510560761564778,20.977,3_6
01/07/1968,1968,183,1967,01-May,1,sugar,alive,0,0,5,366,4.459,1962,1/7/1967,121,0,0,181,1968,14,2616,4922.97,4374.2,5448.94,3699.83,114.177,2072.33,,0,0,0,19.425,97.1,162.627,152.627,2.977,6626.418,6629.394,110747.076,15.34,13.33,1.328,6,300,2199.9,694.032,968.69,949.456,745.516,175.202,920.717,2.608,6667.801,5.176,6672.977,111175.637,150,216.417,299.997,10.15,1.014,2.333,2.172,9710.109,350,0.782,2177.5,8.1,871,0,0,17.035,26.925,19.834,213.1,Mackay,Mackay,Pind,1962,LPOH_5_15,BareFallow,42,MW_Surf2,130_150,50,3,6,SWD_0_50_200_50_50,P2R,MW_01MayR6V1,MW_T3,2499.9,1249.456,1662.722,1837.924,13.497,3.347,9.13813691718636,0.12400878880264,15.2236,0.76118,0.527578702227644,20.723,3_6
01/07/1969,1969,182,1968,01-May,1,sugar,alive,0,0,6,365,4.476,1962,1/7/1968,121,0,0,181,1969,14,2616,4797.02,4289.22,5365.74,3578.57,110.545,1658.59,,0,0,0,15.555,115.5,61.087,51.087,5.176,6667.801,6672.977,111175.637,17.42,15.56,1.342,6,300,999.4,170.769,110.792,841.904,739.804,195.313,935.117,0.31,6686.531,2.699,6689.23,111371.2,150,243.006,318.559,10.443,0.201,0.299,2.196,9852.309,350,0.72,1818.6,6.8,727.4,0,0,17.828,27.503,19.836,55.6,Mackay,Mackay,Pind,1962,LPOH_5_15,BareFallow,42,MW_Surf2,130_150,50,3,6,SWD_0_50_200_50_50,P2R,MW_01MayR6V1,MW_T3,1299.4,1141.904,281.561,476.874,10.943,0.5,9.68076125488658,0.118215153825671,14.7393333333333,0.736966666666667,0.4549064632149,16.586,3_6
01/05/1970,1970,121,0,01-May,1,none,out,0,0,-1,0,6,1962,0.000,121,0,0,181,-1,14,2616,0,0,0,0,0,0,,0,0,0,0,0,125.81,115.81,2.699,6686.531,6689.23,111371.2,0,0,1.35,0,0,1638.8,512.181,793.864,652.535,0,316.846,316.846,1.062,6721.857,87.316,6809.173,111279.626,0,0,166.723,27.698,6.03,2.548,4.435,10004.667,350,0.005,6.6,0,2.6,0,0,18.606,28.158,21.141,411.7,Mackay,Mackay,Pind,1962,LPOH_5_15,BareFallow,42,MW_Surf2,130_150,50,3,6,SWD_0_50_200_50_50,P2R,MW_01MayR6V1,MW_T3,1638.8,652.535,1306.045,1622.891,36.276,8.578,0,0,0,,,0,3_6
01/09/1971,1971,244,1970,01-May,2,sugar,alive,0,0,0,488,4.616,1970,1/5/1970,121,0,0,181,1971,14,2616,5957.04,5290.62,6084.37,4687.76,143.947,2448.92,,0,0,0,18.026,168.7,141.72,141.72,87.316,6721.857,6809.173,111279.626,25.49,23.04,1.354,6,300,1752,136.825,739.944,980.28,862.879,353.641,1216.52,21.623,6532.299,22.723,6555.022,109913.558,130,342.074,356.044,62.496,6.682,5.771,11.524,4257.246,350,0.909,3429.4,12.6,1371.8,0,0,16.014,26.487,18.435,129.3,Mackay,Mackay,Pind,1962,LPOH_5_15,BareFallow,42,MW_Surf2,130_150,50,3,6,SWD_0_50_200_50_50,P2R,MW_01MayR6V1,MW_T3,2052,1280.28,876.769,1230.41,74.949,12.453,11.243399881276,0.118326866800381,19.1929333333333,1.10728461538462,0.420806609096277,24.489,3_6
01/09/1972,1972,245,1971,01-May,2,sugar,alive,0,0,1,366,4.488,1970,1/9/1971,121,0,0,181,1972,14,2616,4396.33,3899.93,4764.8,3362.72,103.431,1899.65,,0,0,0,19.691,85.8,82.431,72.431,22.723,6532.299,6555.022,109913.558,13.54,11.72,1.318,6,300,1981.8,555.772,833.549,878.645,710.346,198.624,908.97,3.001,6622.253,4.823,6627.076,110730.811,150,190.181,278.131,14.401,15.243,1.673,2.759,9053.545,350,0.815,2411.5,9.1,964.6,0,0,17.436,27.592,19.558,183.4,Mackay,Mackay,Pind,1962,LPOH_5_15,BareFallow,42,MW_Surf2,130_150,50,3,6,SWD_0_50_200_50_50,P2R,MW_01MayR6V1,MW_T3,2281.8,1178.645,1389.321,1587.945,31.317,16.916,8.77541583767801,0.113789233968118,13.7908,0.68954,0.543855590200914,18.997,3_6
01/08/1973,1973,213,1972,01-May,2,sugar,alive,0,0,2,334,4.438,1970,1/9/1972,121,0,0,181,1973,14,2616,4597.8,3976.91,4955.42,3362.46,102.326,1632.16,,0,0,0,16.719,91.7,47.942,37.942,4.823,6622.253,6627.076,110730.811,15.7,13.42,1.344,6,300,1114.1,278.714,250.405,717.512,680.355,172.902,853.257,0.908,6652.384,2.282,6654.665,111260.949,150,219.337,284.524,6.231,0.433,0.882,1.341,8104.854,350,0.757,2023.2,7.5,809.3,0,0,18.999,28.015,19.689,148.3,Mackay,Mackay,Pind,1962,LPOH_5_15,BareFallow,42,MW_Surf2,130_150,50,3,6,SWD_0_50_200_50_50,P2R,MW_01MayR6V1,MW_T3,1414.1,1017.512,529.119,702.021,7.546,1.315,10.0564907342616,0.119924008827352,13.6434666666667,0.682173333333333,0.466524115858246,16.322,3_6
01/07/1974,1974,182,1973,01-May,2,sugar,alive,0,0,3,334,4.436,1970,1/8/1973,121,0,0,181,1974,14,2616,4100.61,3639.23,4610.86,2976.24,91.642,1517,,0,0,0,17.461,90.4,61.666,51.666,2.282,6652.384,6654.665,111260.949,14.51,12.82,1.351,2,100,3137.1,855.418,1623.563,1012.988,563.111,185.153,748.264,6.148,6692.233,5.54,6697.773,111441.885,150,201.665,292.008,17.726,2.041,4.546,3.419,9054.887,350,0.701,1723.1,6.4,689.2,0,0,18.937,27.368,18.153,199.6,Mackay,Mackay,Pind,1962,LPOH_5_15,BareFallow,42,MW_Surf2,130_150,50,3,6,SWD_0_50_200_50_50,P2R,MW_01MayR6V1,MW_T3,3237.1,1112.988,2478.981,2664.134,24.313,6.587,8.23387134452483,0.122472817080603,16.6621818181818,0.610946666666667,0.45442689609005,15.17,3_6
01/07/1975,1975,182,1974,01-May,2,sugar,alive,0,0,4,365,4.449,1970,1/7/1974,121,0,0,181,1975,14,2616,5051.73,4450.73,5506.22,3795.55,116.955,1870.54,,0,0,0,16.772,111.7,65.521,55.521,5.54,6692.233,6697.773,111441.885,17.42,15.22,1.362,6,300,1738.2,469.297,586.661,992.036,760.968,197.777,958.744,1.793,6686.704,3.676,6690.38,111610.076,150,236.118,325.298,28.86,4.986,1.536,5.473,9007.2,350,0.753,1997.4,7.4,798.9,0,0,17.373,27.165,19.669,139.4,Mackay,Mackay,Pind,1962,LPOH_5_15,BareFallow,42,MW_Surf2,130_150,50,3,6,SWD_0_50_200_50_50,P2R,MW_01MayR6V1,MW_T3,2038.2,1292.036,1055.958,1253.735,35.382,6.522,9.05199235934602,0.12198772560767,15.594,0.7797,0.495324371712449,18.705,3_6
02/07/1976,1976,184,1975,01-May,2,sugar,alive,0,0,5,367,4.49,1970,1/7/1975,121,0,1,181,1976,13,2616,5053.47,4517.2,5600.4,3779.98,116.985,1924.17,,0,0,0,17.331,114.3,71.018,61.018,3.676,6686.704,6690.38,111610.076,17.42,15.45,1.364,2,100,2321.4,629.906,856.658,1164.304,717.599,185.811,903.41,2.938,6706.02,1.573,6707.593,111876.356,150,240.738,320.631,13.642,1.123,2.635,2.756,9774.913,350,0.745,1952.6,7.2,781,0,0,18.27,27.009,18.055,161.4,Mackay,Mackay,Pind,1962,LPOH_5_15,BareFallow,42,MW_Surf2,130_150,50,3,6,SWD_0_50_200_50_50,P2R,MW_01MayR6V1,MW_T3,2421.4,1264.304,1486.564,1672.375,17.4,3.758,9.25291701995722,0.12949269988156,21.27,0.7799,0.485943224584403,19.242,3_6
02/07/1977,1977,183,1976,01-May,2,sugar,alive,0,0,6,365,4.494,1970,2/7/1976,121,0,1,182,1977,13,2617,5349.13,4715.96,5852.8,4019.36,123.511,2103.55,,0,0,0,18.048,110.2,96.444,86.444,1.573,6706.02,6707.593,111876.356,17.31,14.99,1.37,5,250,1975,538.535,732.853,1013.211,802.021,172.687,974.708,2.352,6731.635,4.226,6735.861,112345.111,150,239.518,320.483,4.733,0.249,2.359,1.042,9798.613,350,0.803,2323.8,8.6,929.5,0,0,17.83,27.366,19.19,166.6,Mackay,Mackay,Pind,1962,LPOH_5_15,BareFallow,42,MW_Surf2,130_150,50,3,6,SWD_0_50_200_50_50,P2R,MW_01MayR6V1,MW_T3,2225,1263.211,1271.388,1444.075,7.341,2.608,9.77754310245873,0.126715898504988,17.6444285714286,0.823406666666667,0.515664793460199,21.036,3_6
01/05/1978,1978,121,0,01-May,2,none,out,0,0,-1,0,6,1970,0.000,121,0,1,182,-1,13,2617,0,0,0,0,0,0,,0,0,0,0,0,60.348,50.348,4.226,6731.635,6735.861,112345.111,0,0,1.378,0,0,1189.6,357.743,582.125,496.473,0,180.646,180.646,0.219,6856.645,37.276,6893.921,113888.862,0,0,99.411,1.851,0.263,0.474,0.303,9254.494,350,0.012,16.9,0.1,6.8,0,0,18.222,27.934,21.469,300,Mackay,Mackay,Pind,1962,LPOH_5_15,BareFallow,42,MW_Surf2,130_150,50,3,6,SWD_0_50_200_50_50,P2R,MW_01MayR6V1,MW_T3,1189.6,496.473,939.868,1120.514,2.588,0.737,0,0,0,,,0,3_6
01/09/1979,1979,244,1978,01-May,3,sugar,alive,0,0,0,488,4.623,1978,1/5/1978,121,0,0,181,1979,14,2616,6377.69,5700.15,6566.15,5101.6,156.148,2397.26,,0,0,0,15.984,171.4,129.434,129.434,37.276,6856.645,6893.921,113888.862,26.87,24.39,1.395,6,300,3088,367.441,1826.274,1087.747,830.466,420.147,1250.613,20.009,6672.145,1.128,6673.273,111796.035,130,366.644,361.667,18.577,0.571,7.43,3.842,5919.403,350,0.911,3451.6,12.6,1380.6,0,0,16.786,25.879,17.613,509.4,Mackay,Mackay,Pind,1962,LPOH_5_15,BareFallow,42,MW_Surf2,130_150,50,3,6,SWD_0_50_200_50_50,P2R,MW_01MayR6V1,MW_T3,3388,1387.747,2193.715,2613.862,26.578,8.001,11.2519068677504,0.124857170043811,20.8197333333333,1.20113846153846,0.425884509224207,23.973,3_6
01/09/1980,1980,245,1979,01-May,3,sugar,alive,0,0,1,366,4.482,1978,1/9/1979,121,0,0,181,1980,14,2616,4942.86,4360.7,5337.24,3741.11,114.578,1986.58,,0,0,0,18.426,103.6,55.107,45.107,1.128,6672.145,6673.273,111796.035,16.32,14.19,1.36,6,300,1262.4,157.414,472.237,742.014,712.95,187.087,900.037,1.053,6744.117,2.461,6746.578,112522.245,150,232.009,309.714,4.079,0.135,0.71,1.11,9719.68,350,0.806,2340.4,8.8,936.2,0,0,18.585,27.588,19.914,215.6,Mackay,Mackay,Pind,1962,LPOH_5_15,BareFallow,42,MW_Surf2,130_150,50,3,6,SWD_0_50_200_50_50,P2R,MW_01MayR6V1,MW_T3,1562.4,1042.014,629.651,816.738,4.924,0.845,10.9958215532613,0.127303655294171,15.2770666666667,0.763853333333333,0.493851531621618,19.866,3_6
01/08/1981,1981,213,1980,01-May,3,sugar,alive,0,0,2,334,4.449,1978,1/9/1980,121,0,0,181,1981,14,2616,4814.8,4248.21,5292.72,3591.96,110.461,1882.96,,0,0,0,18.067,103.3,69.819,59.819,2.461,6744.117,6746.578,112522.245,16.57,14.49,1.387,6,300,1560.9,514.905,468.026,873.916,691.688,176.533,868.221,1.612,6770.875,2.83,6773.705,112873.301,150,231.412,309.494,8.242,0.26,1.471,1.625,9209.234,350,0.774,2127.1,7.9,850.8,0,0,18.722,27.658,19.338,101.3,Mackay,Mackay,Pind,1962,LPOH_5_15,BareFallow,42,MW_Surf2,130_150,50,3,6,SWD_0_50_200_50_50,P2R,MW_01MayR6V1,MW_T3,1860.9,1173.916,982.931,1159.464,9.973,1.731,9.40961704244597,0.127226823585239,14.7281333333333,0.736406666666667,0.477334796812611,18.83,3_6
01/07/1982,1982,182,1981,01-May,3,sugar,alive,0,0,3,334,4.43,1978,1/8/1981,121,0,0,181,1982,14,2616,4832.95,4180.59,5270.46,3534.68,107.859,1737.65,,0,0,0,16.916,115.3,61.567,51.567,2.83,6770.875,6773.705,112873.301,18.66,16.27,1.396,6,300,1246.5,319.849,335.267,812.306,708.404,167.168,875.572,1.145,6779.896,4.452,6784.348,113069.971,150,252.938,323.835,6.982,0.428,0.919,1.388,9403.788,350,0.768,2085.2,7.8,834.1,0,0,18.683,27.86,20.315,222,Mackay,Mackay,Pind,1962,LPOH_5_15,BareFallow,42,MW_Surf2,130_150,50,3,6,SWD_0_50_200_50_50,P2R,MW_01MayR6V1,MW_T3,1546.5,1112.306,655.116,822.284,8.329,1.347,9.6968819731261,0.123186899535389,14.3812,0.71906,0.42642465742593,17.376,3_6
01/07/1983,1983,182,1982,01-May,3,sugar,alive,0,0,4,365,4.47,1978,1/7/1982,121,0,0,181,1983,14,2616,5251.79,4646.95,5781.27,3956.98,122.186,1973.29,,0,0,0,16.964,128,59.379,49.379,4.452,6779.896,6784.348,113069.971,19.24,17.03,1.4,6,300,1425.8,307.695,394.475,959.517,742.974,197.607,940.581,1.185,6800.728,3.072,6803.799,113286.134,150,258.115,336.571,8.125,0.289,1.013,1.815,10142.517,350,0.739,1917.8,7.2,767.1,0,0,18.168,27.059,20.069,156,Mackay,Mackay,Pind,1962,LPOH_5_15,BareFallow,42,MW_Surf2,130_150,50,3,6,SWD_0_50_200_50_50,P2R,MW_01MayR6V1,MW_T3,1725.8,1259.517,702.17,899.777,9.427,1.302,9.70102031175443,0.129904814152104,16.2914666666667,0.814573333333333,0.473378145400306,19.733,3_6
01/07/1984,1984,183,1983,01-May,3,sugar,alive,0,0,5,366,4.5,1978,1/7/1983,121,0,0,181,1984,14,2616,4851.43,4107.24,5183.21,3728.77,112.202,1810.16,,0,0,0,16.944,121.3,124.428,114.428,3.072,6800.728,6803.799,113286.134,18.86,16.13,1.408,6,300,627.3,29.827,55.743,562.447,713.807,180.806,894.613,0.185,6820.116,1.578,6821.694,113963.523,150,260.191,331.48,5.237,0.022,0.164,1.357,9940.269,350,0.855,2759.2,10.2,1103.7,0,0,18.281,27.134,19.319,62,Mackay,Mackay,Pind,1962,LPOH_5_15,BareFallow,42,MW_Surf2,130_150,50,3,6,SWD_0_50_200_50_50,P2R,MW_01MayR6V1,MW_T3,927.3,862.447,85.57,266.376,5.423,0.186,13.0097269745271,0.125419594841568,14.9602666666667,0.748013333333333,0.431229366119505,18.102,3_6
01/07/1985,1985,182,1984,01-May,3,sugar,alive,0,0,6,365,4.481,1978,1/7/1984,121,0,0,181,1985,14,2616,5947.27,5278.64,6493.36,4485.02,138.529,2263.14,,0,0,0,17.194,137.6,53.545,43.545,1.578,6820.116,6821.694,113963.523,21.02,18.57,1.415,6,300,1629.8,236.333,567.912,984.626,865.653,192.125,1057.778,2.308,6814.5,3.352,6817.852,113695.789,150,281.394,353.604,9.386,0.198,1.424,1.96,10441.264,350,0.787,2206.2,8.2,882.5,0,0,18.376,27.292,19.304,365,Mackay,Mackay,Pind,1962,LPOH_5_15,BareFallow,42,MW_Surf2,130_150,50,3,6,SWD_0_50_200_50_50,P2R,MW_01MayR6V1,MW_T3,1929.8,1284.626,804.245,996.37,11.008,1.622,10.783605500745,0.130962262402886,18.4705333333333,0.923526666666667,0.492295500259423,22.631,3_6
07/05/1986,1986,127,0,01-May,3,none,out,0,0,-1,0,6,1978,0.000,127,6,0,187,-1,8,2616,0,0,0,0,0,0,,0,0,0,0,0,103.323,93.323,3.352,6814.5,6817.852,113695.789,0,0,1.417,0,0,1359,662.077,347.889,814.384,0,244.446,244.446,0.309,6910.354,58.389,6968.743,114213.442,0,0,141.497,24.541,2.454,0.512,4.109,11078.362,350,0.007,10,0,4,0,0,19.005,27.692,20.402,134,Mackay,Mackay,Pind,1962,LPOH_5_15,BareFallow,42,MW_Surf2,130_150,50,3,6,SWD_0_50_200_50_50,P2R,MW_01MayR6V1,MW_T3,1359,814.384,1009.966,1254.412,27.507,2.966,0,0,0,,,0,3_6
07/09/1987,1987,250,1986,01-May,4,sugar,alive,0,0,0,488,4.696,1986,7/5/1986,127,6,0,187,1987,8,2616,4626.78,4204.06,4889.03,3622.83,110.616,1471.79,,0,0,0,13.466,148.1,207.911,207.911,58.389,6910.354,6968.743,114213.442,24.83,23.28,1.431,6,300,907.7,107.387,102.527,798.932,642.244,484.997,1127.241,3.159,6715.888,26.668,6742.556,112121.046,130,335.054,368.425,49.458,3.67,3.26,9.354,5306.455,350,0.817,2423.5,8.9,969.4,0,0,17.781,26.793,19.018,62,Mackay,Mackay,Pind,1962,LPOH_5_15,BareFallow,42,MW_Surf2,130_150,50,3,6,SWD_0_50_200_50_50,P2R,MW_01MayR6V1,MW_T3,1207.7,1098.932,209.914,694.911,56.388,6.93,10.0657729504646,0.0981298586548928,14.7488,0.850892307692308,0.330143797716189,14.718,3_6
07/09/1988,1988,251,1987,01-May,4,sugar,alive,0,0,1,366,4.486,1986,7/9/1987,127,6,0,187,1988,8,2616,6121.28,5500.4,6561.05,4628.1,143.588,2465.71,,0,0,0,18.222,111.3,60.456,50.456,26.668,6715.888,6742.556,112121.046,18.58,16.3,1.396,6,300,1821.4,190.409,811.165,988.152,811.171,244.795,1055.966,16.92,6734.9,17.308,6752.207,112738.646,150,247.02,326.284,35.773,13.243,2.132,6.685,8096.008,350,0.805,2337.9,8.7,935.2,0,0,18.937,27.305,19.19,293.4,Mackay,Mackay,Pind,1962,LPOH_5_15,BareFallow,42,MW_Surf2,130_150,50,3,6,SWD_0_50_200_50_50,P2R,MW_01MayR6V1,MW_T3,2121.4,1288.152,1001.574,1246.369,51.148,15.375,11.1468211825934,0.135977862923617,19.1450666666667,0.957253333333333,0.581280867945915,24.657,3_6
07/08/1989,1989,219,1988,01-May,4,sugar,alive,0,0,2,334,4.439,1986,7/9/1988,127,6,0,187,1989,8,2616,4046.05,3594.66,4579.63,3014.03,92.771,1701.01,,0,0,0,19.653,73.2,106.317,96.317,17.308,6734.9,6752.207,112738.646,12.12,10.47,1.404,0,0,2261.5,817.771,762.177,1220.024,543.018,130.113,673.131,1.494,6820.774,3.752,6824.527,113677.966,150,184.307,275.514,10.424,12.057,1.367,2.18,9684.614,350,0.753,1997,7.6,798.8,0,0,18.898,27.115,19.022,197,Mackay,Mackay,Pind,1962,LPOH_5_15,BareFallow,42,MW_Surf2,130_150,50,3,6,SWD_0_50_200_50_50,P2R,MW_01MayR6V1,MW_T3,2261.5,1220.024,1579.948,1710.061,23.848,13.424,7.60403074037888,0.137820127137214,20.6157777777778,0.618473333333333,0.503350388210974,17.01,3_6
07/07/1990,1990,188,1989,01-May,4,sugar,alive,0,0,3,334,4.43,1986,7/8/1989,127,6,0,187,1990,8,2616,4528.73,4011.37,5048.36,3335.68,102.965,1490.61,,0,0,0,14.907,90,114.738,104.738,3.752,6820.774,6824.527,113677.966,15.09,13.19,1.427,6,300,1649.2,572.689,610.469,805.311,622.681,145.067,767.748,1.424,6840.442,4.624,6845.066,113820.419,150,206.913,295.178,18.346,5.52,1.456,3.49,8288.835,350.428,0.752,1992.7,7.5,797.1,0,0,18.782,27.592,20.055,130,Mackay,Mackay,Pind,1962,LPOH_5_15,BareFallow,42,MW_Surf2,130_150,50,3,6,SWD_0_50_200_50_50,P2R,MW_01MayR6V1,MW_T3,1949.2,1105.311,1183.158,1328.225,25.322,6.976,9.3154777252737,0.134113016250124,13.7286666666667,0.686433333333333,0.497624605510529,14.906,3_6
07/07/1991,1991,188,1990,01-May,4,sugar,alive,0,0,4,365,4.492,1986,7/7/1990,127,6,0,187,1991,8,2616,4918.68,4304.98,5365.84,3754.19,114.938,1754.37,,0,0,0,15.874,116.5,95.033,85.033,4.624,6840.442,6845.066,113820.419,17.51,15.26,1.434,6,300,2944.2,451.545,1945.04,721.406,675.703,192.229,867.932,6.347,6860.413,3.446,6863.859,114592.301,150,245.504,310.74,5.497,0.482,4.999,1.318,9178.232,351.964,0.775,2132.7,7.9,853.1,0,0,18.165,27.095,19.528,298.2,Mackay,Mackay,Pind,1962,LPOH_5_15,BareFallow,42,MW_Surf2,130_150,50,3,6,SWD_0_50_200_50_50,P2R,MW_01MayR6V1,MW_T3,3244.2,1021.406,2396.585,2588.814,10.978,5.481,11.2529199945957,0.132427425189992,15.3250666666667,0.766253333333333,0.46817159801877,17.544,3_6
07/07/1992,1992,189,1991,01-May,4,sugar,alive,0,0,5,366,4.496,1986,7/7/1991,127,6,0,187,1992,8,2616,4801.86,4242.11,5302.09,3603.32,110.758,1994.89,,0,0,0,19.254,113.4,56.716,46.716,3.446,6860.413,6863.859,114592.301,17.08,15.03,1.437,6,300,808.5,62.388,137.479,654.055,684.31,206.55,890.86,0.053,6888.701,4.865,6893.566,114946.854,150,234.242,311.041,7.981,0.03,0.173,1.686,9331.253,353.529,0.774,2125.9,7.9,850.3,0,0,18.271,27.919,20.977,174,Mackay,Mackay,Pind,1962,LPOH_5_15,BareFallow,42,MW_Surf2,130_150,50,3,6,SWD_0_50_200_50_50,P2R,MW_01MayR6V1,MW_T3,1108.5,954.055,199.867,406.417,8.184,0.203,11.6091839568998,0.124327054756078,14.7677333333333,0.738386666666667,0.472835785213583,19.949,3_6
07/07/1993,1993,188,1992,01-May,4,sugar,alive,0,0,6,365,4.491,1986,7/7/1992,127,6,0,187,1993,8,2616,6283.3,5615.61,6859.25,4741.68,147.264,2682.14,,0,0,0,19.502,130.5,56.49,46.49,4.865,6888.701,6893.566,114946.854,20.42,17.98,1.444,6,300,1182.2,67.097,331.948,821.824,851.246,201.282,1052.528,1.179,6883.563,2.59,6886.153,115002.332,150,275.891,346.479,5.649,0.048,0.972,1.296,10123.273,355.122,0.774,2127.4,7.9,851,0,0,18.593,27.582,20.555,185,Mackay,Mackay,Pind,1962,LPOH_5_15,BareFallow,42,MW_Surf2,130_150,50,3,6,SWD_0_50_200_50_50,P2R,MW_01MayR6V1,MW_T3,1482.2,1121.824,399.045,600.327,6.669,1.02,13.1271928573466,0.139914567593451,19.6352,0.98176,0.533776020239877,26.821,3_6
01/05/1994,1994,121,0,01-May,4,none,out,0,0,-1,0,6,1986,0.000,121,0,0,187,-1,8,2616,0,0,0,0,0,0,,0,0,0,0,0,69.118,59.118,2.59,6883.563,6886.153,115002.332,0,0,1.444,0,0,1047.1,526.106,189.659,696.349,0,259.499,259.499,0.147,7000.057,55.627,7055.684,115733.378,0,0,124.331,4.214,0.665,0.242,0.531,11195.29,356.444,0.124,188.7,0.9,75.5,0,0,19.737,28.056,20.81,141,Mackay,Mackay,Pind,1962,LPOH_5_15,BareFallow,42,MW_Surf2,130_150,50,3,6,SWD_0_50_200_50_50,P2R,MW_01MayR6V1,MW_T3,1047.1,696.349,715.765,975.264,5.121,0.907,0,0,0,,,0,3_6
01/09/1995,1995,244,1994,01-May,5,sugar,alive,0,0,0,488,4.665,1994,1/5/1994,121,0,0,181,1995,14,2616,6379.24,5748.43,6610.03,5074.54,156.557,2653.85,,0,0,0,17.95,197.5,140.954,140.954,55.627,7000.057,7055.684,115733.378,27.79,25.48,1.463,6,300,1183.3,15.212,228.993,962.289,837.375,426.11,1263.485,2.868,6804.922,5.648,6810.57,113700.025,130,381.679,370.2,30.497,0.054,3.01,5.685,5640.004,358.643,0.865,2859.4,10.5,1143.8,0,0,17.268,26.52,19.269,112.5,Mackay,Mackay,Pind,1962,LPOH_5_15,BareFallow,42,MW_Surf2,130_150,50,3,6,SWD_0_50_200_50_50,P2R,MW_01MayR6V1,MW_T3,1483.3,1262.289,244.205,670.315,33.561,3.064,12.4026272905808,0.123908871098588,20.8742666666667,1.20428461538462,0.410179758383354,26.538,3_6
01/09/1996,1996,245,1995,01-May,5,sugar,alive,0,0,1,366,4.515,1994,1/9/1995,121,0,0,181,1996,14,2616,5941.22,5231.77,6311.63,4614.23,141.657,2700.62,,0,0,0,20.549,112.5,98.564,88.564,5.648,6804.922,6810.57,113700.025,17.68,15.08,1.426,6,300,1200.4,186.291,233.977,908.263,904.932,178.869,1083.801,0.585,6844.526,3.173,6847.699,114455.14,150,243.51,328.414,15.498,1.488,0.66,3.138,10027.212,360.326,0.845,2662.9,9.9,1065.2,0,0,18.398,27.805,20.533,106,Mackay,Mackay,Pind,1962,LPOH_5_15,BareFallow,42,MW_Surf2,130_150,50,3,6,SWD_0_50_200_50_50,P2R,MW_01MayR6V1,MW_T3,1500.4,1208.263,420.268,599.137,17.646,2.148,11.7240203498742,0.130703883831072,18.8876,0.94438,0.581729703092276,27.006,3_6
01/08/1997,1997,213,1996,01-May,5,sugar,alive,0,0,2,334,4.438,1994,1/9/1996,121,0,0,181,1997,14,2616,4694.44,4229.92,5303.34,3544.36,110.251,2094.19,,0,0,0,20.464,94.9,76.896,66.896,3.173,6844.526,6847.699,114455.14,14.88,13.17,1.443,5,250,1428.6,440.939,391.206,898.732,679.788,152.552,832.34,0.765,6881.65,3.505,6885.154,114704.912,150,215.009,298.389,19.657,2.475,0.677,3.608,10062.94,361.894,0.734,1892.1,7.2,756.8,0,0,18.248,27.518,20.421,203,Mackay,Mackay,Pind,1962,LPOH_5_15,BareFallow,42,MW_Surf2,130_150,50,3,6,SWD_0_50_200_50_50,P2R,MW_01MayR6V1,MW_T3,1678.6,1148.732,832.145,984.697,22.809,3.152,9.59762590404028,0.132459091236754,15.7501428571429,0.735006666666667,0.512773883883931,20.942,3_6
03/07/1998,1998,184,1997,01-May,5,sugar,alive,0,0,3,336,4.481,1994,1/8/1997,121,0,2,181,1998,12,2616,5841.5,5169.08,6400.3,4434.22,137.006,2356.17,,0,0,0,18.253,123.6,76.011,66.011,3.505,6881.65,6885.154,114704.912,18.99,16.53,1.454,6,300,1251.8,241.981,240.565,902.888,857.21,175.526,1032.736,0.655,6877.497,1.982,6879.48,114808.271,150,263.689,328.031,9.472,0.27,0.674,2.06,9630.951,363.497,0.784,2189.2,8.1,875.7,0,0,18.963,28.236,20.115,110,Mackay,Mackay,Pind,1962,LPOH_5_15,BareFallow,42,MW_Surf2,130_150,50,3,6,SWD_0_50_200_50_50,P2R,MW_01MayR6V1,MW_T3,1551.8,1202.888,482.546,658.072,10.416,0.944,11.3897553221913,0.132663139466427,18.2674666666667,0.913373333333333,0.519574195358927,23.562,3_6
03/07/1999,1999,184,1998,01-May,5,sugar,alive,0,0,4,365,4.526,1994,3/7/1998,121,0,2,183,1999,12,2618,4335.67,3827.39,4879.67,3264.19,100.404,1910.33,,0,0,0,20.503,89.1,94.529,84.529,1.982,6877.497,6879.48,114808.271,13.63,11.77,1.453,1,50,2295.2,862.631,770.859,1188.741,587.489,148.909,736.398,1.551,6922.354,4.836,6927.19,115312.134,150,194.143,298.822,28.334,10.438,2.675,5.32,10440.715,365.263,0.723,1832,6.9,732.8,0,0,19.143,27.14,18.143,166,Mackay,Mackay,Pind,1962,LPOH_5_15,BareFallow,42,MW_Surf2,130_150,50,3,6,SWD_0_50_200_50_50,P2R,MW_01MayR6V1,MW_T3,2345.2,1238.741,1633.49,1782.399,41.447,13.113,8.10532629500436,0.136344748356188,20.0808,0.66936,0.517165182365576,19.103,3_6
03/07/2000,2000,185,1999,01-May,5,sugar,alive,0,0,5,366,4.472,1994,3/7/1999,121,0,2,183,2000,12,2618,6017.04,5333.77,6545.76,4563.91,140.802,2324.76,,0,0,0,17.408,122.1,66.841,56.841,4.836,6922.354,6927.19,115312.134,19.23,16.73,1.465,6,300,2220.8,565.098,913.286,1043.841,808.192,171.327,979.52,2.758,6911.151,2.825,6913.976,115255.249,150,263.224,322.159,11.796,0.282,2.399,2.43,9671.562,367.058,0.813,2391.6,8.8,956.6,0,0,18.099,26.712,18.391,187,Mackay,Mackay,Pind,1962,LPOH_5_15,BareFallow,42,MW_Surf2,130_150,50,3,6,SWD_0_50_200_50_50,P2R,MW_01MayR6V1,MW_T3,2520.8,1343.841,1478.384,1649.711,14.477,2.681,10.4775788207087,0.1437459163672,18.7736,0.93868,0.534913229796675,23.248,3_6
03/07/2001,2001,184,2000,01-May,5,sugar,alive,0,0,6,365,4.491,1994,3/7/2000,121,0,2,183,2001,12,2618,5460.24,4863.26,6060.67,4088.51,126.407,2421.05,,0,0,0,20.658,120.7,111.737,101.737,2.825,6911.151,6913.976,115255.249,18.56,16.37,1.463,4,200,1676.7,432.25,503.88,994.427,781.318,164.578,945.897,0.522,6937.928,2.081,6940.009,115685.662,150,260.438,337.868,3.347,0.122,0.787,0.959,11099.272,368.883,0.742,1935.3,7.2,774.1,0,0,17.863,27.31,19.402,235,Mackay,Mackay,Pind,1962,LPOH_5_15,BareFallow,42,MW_Surf2,130_150,50,3,6,SWD_0_50_200_50_50,P2R,MW_01MayR6V1,MW_T3,1876.7,1194.427,936.13,1100.708,4.256,0.909,10.5830661898969,0.133637171911952,19.4472307692308,0.842713333333333,0.485363119053287,24.211,3_6
01/05/2002,2002,121,0,01-May,5,none,out,0,0,-1,0,6,1994,0.000,121,0,2,183,-1,12,2618,0,0,0,0,0,0,,0,0,0,0,0,94.411,84.411,2.081,6937.928,6940.009,115685.662,0,0,1.473,0,0,739,275.223,109.255,546.28,0,305.454,305.454,0.211,6977.303,117.061,7094.364,115441.603,0,0,190.085,13.826,0.835,1.044,2.058,11300.643,370.416,0.006,9,0,3.6,0,0,18.963,29.396,21.983,143,Mackay,Mackay,Pind,1962,LPOH_5_15,BareFallow,42,MW_Surf2,130_150,50,3,6,SWD_0_50_200_50_50,P2R,MW_01MayR6V1,MW_T3,739,546.28,384.478,689.932,15.705,1.879,0,0,0,,,0,3_6
01/09/2003,2003,244,2002,01-May,6,sugar,alive,2,0,0,488,4.666,2002,1/5/2002,121,0,0,181,2003,14,2616,3259.76,2934.78,3447.24,2551.38,77.257,875.44,,0,0,0,11.038,111.9,143.479,143.479,117.061,6977.303,7094.364,115441.603,18.62,17.43,1.475,6,300,1230.8,216.029,521.566,625.491,488.856,479.728,968.583,9.842,6820.76,73.412,6894.172,113783.674,130,250.397,319.737,74.535,13.194,19.829,13.839,4161.134,372.928,0.761,2044.8,7.5,817.9,0,0,16.761,26.984,19.45,135,Mackay,Mackay,Pind,1962,LPOH_5_15,BareFallow,42,MW_Surf2,130_150,50,3,6,SWD_0_50_200_50_50,P2R,MW_01MayR6V1,MW_T3,1530.8,925.491,737.595,1217.323,107.558,33.023,8.34767707087373,0.0797629113870469,10.3009333333333,0.594284615384615,0.308538041589955,8.754,3_6
01/09/2004,2004,245,2003,01-May,6,sugar,alive,0,0,1,366,4.492,2002,1/9/2003,121,0,0,181,2004,14,2616,3883.06,3176.38,3872.79,2981.02,87.123,1380.68,,0,0,0,16.592,119.9,49.666,39.666,73.412,6820.76,6894.172,113783.674,20.8,18.21,1.45,6,300,772,22.928,144.529,623.302,640.004,248.526,888.53,3.351,6820.489,39.805,6860.294,114396.944,150,275.233,292.826,25.554,2.34,0.509,4.833,5877.785,374.847,0.938,3970.8,14.7,1588.3,0,0,17.98,28.54,20.364,59,Mackay,Mackay,Pind,1962,LPOH_5_15,BareFallow,42,MW_Surf2,130_150,50,3,6,SWD_0_50_200_50_50,P2R,MW_01MayR6V1,MW_T3,1072,923.302,167.457,415.983,28.403,2.849,9.4360241827701,0.0980529638841682,11.6164,0.58082,0.31654271108479,13.807,3_6
01/08/2005,2005,213,2004,01-May,6,sugar,alive,0,0,2,334,4.433,2002,1/9/2004,121,0,0,181,2005,14,2616,5369.46,4739.85,5746.1,3977.37,122.652,2179.38,,0,0,0,18.956,111.7,47.68,37.68,39.805,6820.489,6860.294,114396.944,18.42,16.11,1.449,6,300,1348.6,125.383,470.318,844.12,776.902,234.925,1011.827,7.651,6845.238,24.233,6869.471,114497.247,150,241.233,328.973,30.607,13.734,1.961,5.837,8366.433,376.633,0.759,2032.3,7.6,812.9,0,0,18.71,28.326,20.113,202,Mackay,Mackay,Pind,1962,LPOH_5_15,BareFallow,42,MW_Surf2,130_150,50,3,6,SWD_0_50_200_50_50,P2R,MW_01MayR6V1,MW_T3,1648.6,1144.12,595.701,830.626,46.302,15.695,10.7202041743873,0.121218350567834,16.3536,0.81768,0.508437900287274,21.794,3_6
02/07/2006,2006,183,2005,01-May,6,sugar,alive,0,0,3,335,4.499,2002,1/8/2005,121,0,1,181,2006,13,2616,5411.79,4804.9,5945.39,4092.86,126.517,2364.98,,0,0,0,20.092,109.8,70.752,60.752,24.233,6845.238,6869.471,114497.247,17,14.78,1.455,6,300,1114.8,113.968,167.101,894.591,861.345,176.62,1037.966,0.514,6881.985,11.92,6893.905,114896.782,150,242.998,323.111,6.229,9.005,0.42,1.409,10151.002,378.45,0.72,1818.2,6.8,727.3,0,0,19.467,28.694,19.918,83,Mackay,Mackay,Pind,1962,LPOH_5_15,BareFallow,42,MW_Surf2,130_150,50,3,6,SWD_0_50_200_50_50,P2R,MW_01MayR6V1,MW_T3,1414.8,1194.591,281.069,457.689,15.654,9.425,10.5908214610691,0.121889348976749,16.8689333333333,0.843446666666667,0.520650375723257,23.65,3_6
02/07/2007,2007,183,2006,01-May,6,sugar,alive,0,0,4,365,4.488,2002,2/7/2006,121,0,1,182,2007,13,2617,5306.32,4747.63,5894.49,4078.6,126.525,2165.21,,0,0,0,18.149,110.2,148.518,138.518,11.92,6881.985,6893.905,114896.782,16.49,14.45,1.466,6,300,2074.8,558.039,788.534,1054.692,777.711,172.654,950.365,2.006,6908.222,2.376,6910.599,115307.707,150,233.625,315.694,16.261,8.725,1.926,3.23,10222.987,380.456,0.742,1933.7,7.2,773.5,0,0,17.901,27.131,19.436,257,Mackay,Mackay,Pind,1962,LPOH_5_15,BareFallow,42,MW_Surf2,130_150,50,3,6,SWD_0_50_200_50_50,P2R,MW_01MayR6V1,MW_T3,2374.8,1354.692,1346.573,1519.227,26.912,10.651,9.33976136273042,0.133133059403492,16.87,0.8435,0.541573033707865,21.652,3_6
02/07/2008,2008,184,2007,01-May,6,sugar,alive,0,0,5,366,4.486,2002,2/7/2007,121,0,1,182,2008,13,2617,4695.81,4085.39,5153.65,3599.53,109.731,1724.18,,0,0,0,16.427,92.9,208.38,198.38,2.376,6908.222,6910.599,115307.707,14.77,12.53,1.472,6,300,2267.9,544.859,1286.102,747.701,696.547,171.532,868.079,4.058,6951.275,3.734,6955.009,116020.884,150,211.581,295.145,11.047,0.718,4.253,2.283,9556.814,382.492,0.806,2339.2,8.7,935.7,0,0,17.557,27.286,19.226,532,Mackay,Mackay,Pind,1962,LPOH_5_15,BareFallow,42,MW_Surf2,130_150,50,3,6,SWD_0_50_200_50_50,P2R,MW_01MayR6V1,MW_T3,2567.9,1047.701,1830.961,2002.493,16.018,4.971,10.4735034136648,0.1264066980079,14.6308,0.73154,0.518624073050038,17.242,3_6
02/07/2009,2009,183,2008,01-May,6,sugar,alive,0,0,6,365,4.486,2002,2/7/2008,121,0,1,182,2009,13,2617,5366.02,4671.46,5811.32,4055.68,123.64,1762.68,,0,0,0,14.636,127.7,59.24,49.24,3.734,6951.275,6955.009,116020.884,19.4,16.85,1.482,6,300,1875.6,374.266,763.124,921.684,832.595,184.838,1017.432,2.824,6941.894,4.18,6946.075,115962.079,150,270.706,340.473,9.456,0.153,2.582,2.085,10051.438,384.559,0.802,2312.7,8.5,925.1,0,0,17.998,27.708,18.873,145,Mackay,Mackay,Pind,1962,LPOH_5_15,BareFallow,42,MW_Surf2,130_150,50,3,6,SWD_0_50_200_50_50,P2R,MW_01MayR6V1,MW_T3,2175.6,1221.684,1137.39,1322.228,12.191,2.735,10.1204566811058,0.121521634861101,16.4853333333333,0.824266666666667,0.456731657222226,17.627,3_6
01/05/2010,2010,121,0,01-May,6,none,out,0,0,-1,0,6,2002,0.000,121,0,1,182,-1,13,2617,0,0,0,0,0,0,,0,0,0,0,0,62.018,52.018,4.18,6941.894,6946.075,115962.079,0,0,1.479,0,0,1815,724.056,841.612,569.367,0,162.082,162.082,0.227,7098.397,13.91,7112.307,118134.676,0,0,71.213,1.97,0.49,0.726,0.269,8556.299,386.299,0.01,14.9,0.1,5.9,0,0,19.046,28.889,20.529,185,Mackay,Mackay,Pind,1962,LPOH_5_15,BareFallow,42,MW_Surf2,130_150,50,3,6,SWD_0_50_200_50_50,P2R,MW_01MayR6V1,MW_T3,1815,569.367,1565.668,1727.75,3.186,1.216,0,0,0,,,0,3_6
01/09/2011,2011,244,2010,01-May,7,sugar,alive,0,0,0,488,4.657,2010,1/5/2010,121,0,0,181,2011,14,2616,7156.63,6524.79,7443.24,5759.75,181.708,3273.84,,0,0,0,19.261,142.1,149.267,149.267,13.91,7098.397,7112.307,118134.676,20.9,18.59,1.501,6,300,3966.5,563.809,2443.936,1150.041,889.572,422.842,1312.414,64.102,6816.008,7.896,6823.904,114382.655,130,276.669,431.527,86.048,39.89,46.283,15.943,6393.656,389.138,0.793,2251.9,8.2,900.8,0,0,17.431,26.085,16.88,220,Mackay,Mackay,Pind,1962,LPOH_5_15,BareFallow,42,MW_Surf2,130_150,50,3,6,SWD_0_50_200_50_50,P2R,MW_01MayR6V1,MW_T3,4266.5,1450.041,3007.745,3430.587,172.221,86.173,12.5312318755125,0.138453262461388,24.2277333333333,1.39775384615385,0.656770364587287,32.738,3_6
01/09/2012,2012,245,2011,01-May,7,sugar,alive,0,0,1,366,4.491,2010,1/9/2011,121,0,0,181,2012,14,2616,4277.12,3839,4750.28,3317.76,102.436,2008.28,,0,0,0,21.214,64.9,77.608,67.608,7.896,6816.008,6823.904,114382.655,10.5,8.89,1.451,3,150,2425,717.45,1097.267,1033.09,630.384,126.142,756.526,1.016,6903.406,2.106,6905.512,115282.934,150,172.817,251.108,10.269,5.311,0.791,2.101,9365.25,391.303,0.797,2277.8,8.8,911.1,0,0,17.913,27.15,19.041,239,Mackay,Mackay,Pind,1962,LPOH_5_15,BareFallow,42,MW_Surf2,130_150,50,3,6,SWD_0_50_200_50_50,P2R,MW_01MayR6V1,MW_T3,2575,1183.09,1814.717,1940.859,16.371,6.102,8.65834382844923,0.13540314543056,17.0726666666667,0.682906666666667,0.592742612127279,20.083,3_6
01/08/2013,2013,213,2012,01-May,7,sugar,alive,0,0,2,334,4.425,2010,1/9/2012,121,0,0,181,2013,14,2616,5199.6,4561.61,5641.41,3865.2,118.599,1967.34,,0,0,0,17.503,99.9,72.366,62.366,2.106,6903.406,6905.512,115282.934,16.78,14.44,1.474,6,300,1959.5,477.992,876.143,885.281,721.955,170.579,892.534,2.593,6900.946,2.382,6903.328,115361.926,150,238.436,296.848,8.44,0.183,2.426,1.778,8468.8,393.316,0.787,2206.7,8.1,882.7,0,0,18.918,27.845,19.668,189,Mackay,Mackay,Pind,1962,LPOH_5_15,BareFallow,42,MW_Surf2,130_150,50,3,6,SWD_0_50_200_50_50,P2R,MW_01MayR6V1,MW_T3,2259.5,1185.281,1354.135,1524.714,11.049,2.609,10.0059817039166,0.132878971557386,15.8132,0.79066,0.497403915516113,19.673,3_6
01/07/2014,2014,182,2013,01-May,7,sugar,alive,0,0,3,334,4.479,2010,1/8/2013,121,0,0,181,2014,14,2616,5493.79,4925.93,6110.44,4103.28,127.779,2306.46,,0,0,0,19.302,118.2,67.196,57.196,2.382,6900.946,6903.328,115361.926,18.44,16.36,1.473,6,300,1327,228.854,358.193,869.231,797.203,186.303,983.506,1.365,6917.491,3.029,6920.519,115487.559,150,255.967,339.718,5.203,0.095,1.151,1.173,10212.397,395.356,0.686,1653.3,6.2,661.3,0,0,19.163,28.573,20.171,162,Mackay,Mackay,Pind,1962,LPOH_5_15,BareFallow,42,MW_Surf2,130_150,50,3,6,SWD_0_50_200_50_50,P2R,MW_01MayR6V1,MW_T3,1627,1169.231,587.047,773.35,6.449,1.246,10.9284649483293,0.129921932352217,17.0372,0.85186,0.499201068887786,23.065,3_6
01/07/2015,2015,182,2014,01-May,7,sugar,alive,0,0,4,365,4.521,2010,1/7/2014,121,0,0,181,2015,14,2616,4962.82,4323.45,5444.72,3828.42,116.99,1881.33,,0,0,0,16.88,115.4,105.643,95.643,3.029,6917.491,6920.519,115487.559,17.06,14.71,1.478,6,300,905.5,114.186,123.008,735.329,781.44,181.467,962.907,0.301,6951.015,2.417,6953.432,116132.362,150,241.067,324.328,10.306,0.113,1.331,2.197,10439.532,397.611,0.76,2040.3,7.6,816.1,0,0,18.202,28.185,20.195,127,Mackay,Mackay,Pind,1962,LPOH_5_15,BareFallow,42,MW_Surf2,130_150,50,3,6,SWD_0_50_200_50_50,P2R,MW_01MayR6V1,MW_T3,1205.5,1035.329,237.194,418.661,11.75,1.444,11.2997897286756,0.121496676210683,15.5986666666667,0.779933333333333,0.485300767006683,18.813,3_6
01/07/2016,2016,183,2015,01-May,7,sugar,alive,0,0,5,366,4.562,2010,1/7/2015,121,0,0,181,2016,14,2616,6226.85,5468.47,6719.95,4760.6,146.407,2644.62,,0,0,0,19.318,132.6,93.042,83.042,2.417,6951.015,6953.432,116132.362,20.07,17.29,1.486,6,300,1656.5,196.087,570.595,1003.889,929.51,194.35,1123.859,2.108,6944.85,2.045,6946.895,116143.628,150,275.642,341.578,7.004,0.273,1.643,1.419,10350.139,399.898,0.774,2127.3,7.8,850.9,0,0,19.116,28.327,19.488,143,Mackay,Mackay,Pind,1962,LPOH_5_15,BareFallow,42,MW_Surf2,130_150,50,3,6,SWD_0_50_200_50_50,P2R,MW_01MayR6V1,MW_T3,1956.5,1303.889,766.682,961.032,8.92,1.916,11.2284864739253,0.130271679988326,19.5209333333333,0.976046666666667,0.531149099193882,26.446,3_6
01/07/2017,2017,182,2016,01-May,7,sugar,alive,0,0,6,365,4.534,2010,1/7/2016,121,0,0,181,2017,14,2616,5167.52,4629.23,5797.31,3916.97,121.847,2234.08,,0,0,0,19.652,116.8,141.001,131.001,2.045,6944.85,6946.895,116143.628,17.47,15.5,1.482,6,300,2440.8,669.574,1176.183,1044.859,790.54,155.347,945.887,3.418,6957.767,5.953,6963.721,116052.179,150,242.184,350.825,22.422,2.645,2.812,4.418,11395.906,402.218,0.725,1845.7,6.9,738.3,0,0,18.71,27.886,17.426,276,Mackay,Mackay,Pind,1962,LPOH_5_15,BareFallow,42,MW_Surf2,130_150,50,3,6,SWD_0_50_200_50_50,P2R,MW_01MayR6V1,MW_T3,2740.8,1344.859,1845.757,2001.104,27.879,5.457,9.06020631159103,0.128817712898052,16.2462666666667,0.812313333333333,0.503117464407228,22.341,3_6
01/05/2018,2018,121,0,01-May,7,none,out,0,0,-1,0,6,2010,0.000,121,0,0,181,-1,14,2616,0,0,0,0,0,0,,0,0,0,0,0,72.157,62.157,5.953,6957.767,6963.721,116052.179,0,0,1.489,0,0,1142,603.558,241.736,659.123,0,223.588,223.588,0.297,7064.758,42.296,7107.054,116799.974,0,0,108.631,16.237,2.307,0.662,2.126,9670.386,404.175,0.007,10,0,4,0,0,19.138,28.982,19.025,103,Mackay,Mackay,Pind,1962,LPOH_5_15,BareFallow,42,MW_Surf2,130_150,50,3,6,SWD_0_50_200_50_50,P2R,MW_01MayR6V1,MW_T3,1142,659.123,845.294,1068.882,19.206,2.969,0,0,0,,,0,3_6
01/09/2019,2019,244,2018,01-May,8,sugar,alive,0,0,0,488,4.676,2018,1/5/2018,121,0,0,181,2019,14,2616,6531.98,5822.02,6688.03,5158.76,158.555,2532.25,,0,0,0,16.744,187.2,145.274,145.274,42.296,7064.758,7107.054,116799.974,26.89,24.29,1.504,6,300,1718.5,206.162,663.025,993.979,891.544,329.195,1220.739,11.003,6851.898,8.954,6860.852,114838.885,130,369.343,385.164,37.225,5.672,3.831,6.79,5542.613,407.354,0.867,2877.7,10.5,1151.1,0,0,17.081,26.999,16.641,123,Mackay,Mackay,Pind,1962,LPOH_5_15,BareFallow,42,MW_Surf2,130_150,50,3,6,SWD_0_50_200_50_50,P2R,MW_01MayR6V1,MW_T3,2018.5,1293.979,869.187,1198.382,46.728,9.503,12.2532900456653,0.129884438852203,21.1406666666667,1.21965384615385,0.429289305604817,25.323,3_6
01/09/2020,2020,245,2019,01-May,8,sugar,alive,0,0,1,366,4.484,2018,1/9/2019,121,0,0,181,2020,14,2616,5225.38,4649.34,5664.84,3984.88,122.741,2229.95,,0,0,0,19.447,90.9,55.849,45.849,8.954,6851.898,6860.852,114838.885,14.92,12.81,1.467,6,300,1581.2,403.105,529.526,867.725,802.555,124.189,926.744,0.576,6922.055,3.507,6925.563,115574.792,150,208.494,290.773,15.04,5.825,0.5,3.083,9956.905,409.776,0.795,2260.8,8.6,904.3,0,0,18.066,28.148,18.704,167,Mackay,Mackay,Pind,1962,LPOH_5_15,BareFallow,42,MW_Surf2,130_150,50,3,6,SWD_0_50_200_50_50,P2R,MW_01MayR6V1,MW_T3,1881.2,1167.725,932.631,1056.82,21.365,6.325,10.5111220535657,0.132443263727631,16.3654666666667,0.818273333333333,0.588702792406496,22.299,3_6
01/08/2021,2021,213,2020,01-May,8,sugar,alive,0,0,2,334,4.459,2018,1/9/2020,121,0,0,181,2021,14,2616,4875.95,4335.44,5407.44,3595.47,111.028,1819.09,,0,0,0,17.252,115,59.674,49.674,3.507,6922.055,6925.563,115574.792,18.09,16.11,1.487,6,300,1238,290.777,360.145,750.796,702.647,160.15,862.797,0.561,6922.159,4.198,6926.357,115544.069,150,254.316,340.193,9.342,0.962,1.009,1.894,9754.327,412.025,0.73,1868.6,6.9,747.4,0,0,19.188,28.213,17.006,146,Mackay,Mackay,Pind,1962,LPOH_5_15,BareFallow,42,MW_Surf2,130_150,50,3,6,SWD_0_50_200_50_50,P2R,MW_01MayR6V1,MW_T3,1538,1050.796,650.922,811.072,11.313,1.971,10.5660851392659,0.128683803953885,14.8037333333333,0.740186666666667,0.436574969722707,18.191,3_6
01/07/2022,2022,182,2021,01-May,8,sugar,alive,0,0,3,334,4.486,2018,1/8/2021,121,0,0,181,2022,14,2616,5243.19,4576.6,5728.32,3893.37,119.261,1984.36,,0,0,0,17.566,125.1,65.956,55.956,4.198,6922.159,6926.357,115544.069,19.49,17.05,1.488,6,300,1201.2,310.298,218.281,915.358,785.785,163.118,948.903,0.41,6926.713,4.714,6931.426,115680.323,150,264.431,340.532,5.642,1.142,2.54,1.201,9933.949,414.302,0.763,2057,7.6,822.8,0,0,19.39,28.636,17.651,124,Mackay,Mackay,Pind,1962,LPOH_5_15,BareFallow,42,MW_Surf2,130_150,50,3,6,SWD_0_50_200_50_50,P2R,MW_01MayR6V1,MW_T3,1501.2,1215.358,528.579,691.697,9.324,3.682,9.81282881258033,0.12568302555688,15.9014666666667,0.795073333333333,0.45100990428505,19.844,3_6
01/05/1963,1963,121,0,01-May,0,none,out,0,0,-1,0,6,-1,0.000,121,0,0,181,-1,14,2616,0,0,0,0,0,0,,0,0,0,0,0,0,0,0,0,0,0,0,0,1.327,0,0,2171,20.658,1729.2,429.621,0,314.763,314.763,80.75,6521.931,95.275,6617.206,109040.489,0,0,119.754,17.887,2.139,30.457,3.441,1258.73,350,0,0.1,0,0,0,0,21.644,29.097,16.612,406.4,Mackay,Mackay,Pind,1963,LPOH_5_15,BareFallow,42,MW_Surf2,130_150,50,3,6,SWD_0_50_200_50_50,P2R,MW_01MayR6V1,MW_T3,2171,429.621,1749.858,2064.621,50.483,32.596,0,0,0,,,0,3_6
01/09/1964,1964,245,1963,01-May,1,sugar,alive,0,0,0,489,4.633,1963,1/5/1963,121,0,0,181,1964,14,2616,6197.81,5513.81,6348.75,4935.98,151.338,2359.43,,0,0,0,16.276,121,136.179,136.179,95.275,6521.931,6617.206,109040.489,20.3,17.79,1.304,6,300,1147.7,91.386,156.056,979.748,859.814,397.239,1257.053,2.495,6453.924,18.387,6472.311,109161.017,130,277.95,244.304,23.423,8.429,3.72,4.717,3316.262,350,0.904,3347.8,12.3,1339.1,0,0,16.257,26.553,18.974,68.1,Mackay,Mackay,Pind,1963,LPOH_5_15,BareFallow,42,MW_Surf2,130_150,50,3,6,SWD_0_50_200_50_50,P2R,MW_01MayR6V1,MW_T3,1447.7,1279.748,247.442,644.681,35.572,12.149,11.8256094168539,0.120391105227862,20.1784,1.16413846153846,0.544479222881813,23.594,3_6
01/09/1965,1965,244,1964,01-May,1,sugar,alive,0,0,1,365,4.476,1963,1/9/1964,121,0,0,181,1965,14,2616,3538.32,3171.72,3956.03,2673.4,82.484,1611.25,,0,0,0,21.127,54.5,61.385,51.385,18.387,6453.924,6472.311,109161.017,9.08,7.74,1.283,4,200,1059.9,384.829,132.454,815.613,555.401,156.116,711.517,0.18,6573.688,2.992,6576.681,110034.108,150,148.149,224.884,15.526,13.834,0.159,2.929,8639.616,350,0.765,2069.1,8.4,827.6,0,0,17.564,27.205,19.391,77.2,Mackay,Mackay,Pind,1963,LPOH_5_15,BareFallow,42,MW_Surf2,130_150,50,3,6,SWD_0_50_200_50_50,P2R,MW_01MayR6V1,MW_T3,1259.9,1015.613,517.283,673.399,29.519,13.993,8.12159749825967,0.115926956067107,12.6898461538462,0.549893333333333,0.556763798608158,16.113,3_6
01/08/1966,1966,213,1965,01-May,1,sugar,alive,0,0,2,334,4.419,1963,1/9/1965,121,0,0,181,1966,14,2616,4609.53,3994.98,4926.81,3416.28,104.04,1829.16,,0,0,0,18.725,83.9,80.486,70.486,2.992,6573.688,6576.681,110034.108,14.61,12.36,1.314,6,300,1003.1,298.682,103.267,797.292,718.473,184.525,902.998,0.244,6583.257,3.523,6586.78,110270.079,150,206.984,271.504,18.559,2.028,0.211,3.575,7408.949,350,0.799,2290.8,8.5,916.3,0,0,17.555,27.484,20.033,80,Mackay,Mackay,Pind,1963,LPOH_5_15,BareFallow,42,MW_Surf2,130_150,50,3,6,SWD_0_50_200_50_50,P2R,MW_01MayR6V1,MW_T3,1303.1,1097.292,401.949,586.474,20.798,2.239,9.48152360538489,0.11521620202924,13.872,0.6936,0.502647547636532,18.292,3_6
01/07/1967,1967,182,1966,01-May,1,sugar,alive,0,0,3,334,4.438,1963,1/8/1966,121,0,0,181,1967,14,2616,4964.83,4386.17,5442.43,3686.62,113.665,2037.7,,0,0,0,19.151,95.4,60.638,50.638,3.523,6583.257,6586.78,110270.079,15.72,13.6,1.315,6,300,1222,214.79,249.936,927.545,756.722,180.419,937.141,0.689,6623.468,2.374,6625.842,110810.304,150,222.038,293.32,6.448,0.622,0.463,1.458,8873.244,350,0.732,1883.2,7,753.3,0,0,18.342,27.65,20.101,100.3,Mackay,Mackay,Pind,1963,LPOH_5_15,BareFallow,42,MW_Surf2,130_150,50,3,6,SWD_0_50_200_50_50,P2R,MW_01MayR6V1,MW_T3,1522,1227.545,464.726,645.145,7.533,1.085,9.25953834686305,0.121289112310741,15.1553333333333,0.757766666666667,0.511916879092768,20.377,3_6
01/07/1968,1968,183,1967,01-May,1,sugar,alive,0,0,4,366,4.459,1963,1/7/1967,121,0,0,181,1968,14,2616,4942.5,4390.62,5463,3714.95,114.636,2079.54,,0,0,0,19.413,96.1,162.771,152.771,2.374,6623.468,6625.842,110810.304,15.24,13.22,1.325,6,300,2199.9,688.709,966.6,954.197,748.43,179.78,928.211,2.734,6664.266,5.108,6669.374,111166.252,150,216.502,296.449,9.914,0.414,2.496,2.107,9654.89,350,0.782,2174.5,8.1,869.8,0,0,17.035,26.925,19.834,213.1,Mackay,Mackay,Pind,1963,LPOH_5_15,BareFallow,42,MW_Surf2,130_150,50,3,6,SWD_0_50_200_50_50,P2R,MW_01MayR6V1,MW_T3,2499.9,1254.197,1655.309,1835.089,12.824,2.91,9.14019089505078,0.123502091658039,15.2848,0.76424,0.529491644418989,20.795,3_6
01/07/1969,1969,182,1968,01-May,1,sugar,alive,0,0,5,365,4.476,1963,1/7/1968,121,0,0,181,1969,14,2616,4787.47,4281.54,5355.23,3574.74,110.455,1666.64,,0,0,0,15.659,115,61.151,51.151,5.108,6664.266,6669.374,111166.252,17.33,15.47,1.337,6,300,999.4,171.831,110.572,841.833,738.614,194.865,933.478,0.309,6683.586,2.67,6686.256,111329.892,150,242.266,318.307,10.336,0.186,0.299,2.177,9887.911,350,0.719,1812,6.8,724.8,0,0,17.828,27.503,19.836,55.6,Mackay,Mackay,Pind,1963,LPOH_5_15,BareFallow,42,MW_Surf2,130_150,50,3,6,SWD_0_50_200_50_50,P2R,MW_01MayR6V1,MW_T3,1299.4,1141.833,282.403,477.268,10.821,0.485,9.67348114829401,0.118326302280289,14.7273333333333,0.736366666666667,0.455924479704127,16.666,3_6
01/07/1970,1970,182,1969,01-May,1,sugar,alive,0,0,6,365,4.493,1963,1/7/1969,121,0,0,181,1970,14,2616,5044.09,4334.27,5415.81,3861.38,117.262,1875.97,,0,0,0,16.778,113.5,126.669,116.669,2.67,6683.586,6686.256,111329.892,17.72,15.12,1.346,6,300,1657.1,270.228,750.885,790.606,803.778,182.472,986.25,2.357,6703.75,1.614,6705.364,111942.262,150,243.886,311.326,9.295,0.467,1.686,1.961,9450.113,350,0.825,2487.7,9.2,995.1,0,0,17.69,27.53,20.173,411.7,Mackay,Mackay,Pind,1963,LPOH_5_15,BareFallow,42,MW_Surf2,130_150,50,3,6,SWD_0_50_200_50_50,P2R,MW_01MayR6V1,MW_T3,1957.1,1090.606,1021.113,1203.585,11.448,2.153,10.752003931759,0.118896831432193,15.6349333333333,0.781746666666667,0.480806606365269,18.76,3_6
01/05/1971,1971,121,0,01-May,1,none,out,0,0,-1,0,6,1963,0.000,121,0,0,181,-1,14,2616,0,0,0,0,0,0,,0,0,0,0,0,58.408,48.408,1.614,6703.75,6705.364,111942.262,0,0,1.354,0,0,1594,609.458,532.75,788.486,0,355.714,355.714,1.134,6787.44,58.326,6845.766,112283.465,0,0,134.253,17.762,1.955,2.116,2.011,9717.406,350,0.003,4.8,0,1.9,0,0,18.253,27.921,19.876,129.3,Mackay,Mackay,Pind,1963,LPOH_5_15,BareFallow,42,MW_Surf2,130_150,50,3,6,SWD_0_50_200_50_50,P2R,MW_01MayR6V1,MW_T3,1594,788.486,1142.208,1497.922,21.833,4.071,0,0,0,,,0,3_6
01/09/1972,1972,245,1971,01-May,2,sugar,alive,0,0,0,489,4.626,1971,1/5/1971,121,0,0,181,1972,14,2616,5303.23,4601.13,5321.57,4204.83,126.75,2028.37,,0,0,0,16.784,156.4,154.487,154.487,58.326,6787.44,6845.766,112283.465,24.4,21.83,1.361,6,300,2121.5,337.897,974.322,1026.969,805.072,395.458,1200.53,16.06,6584.572,10.095,6594.666,110555.387,130,332.468,371.296,62.616,14.127,7.028,11.517,4842.53,350,0.93,3801.1,13.9,1520.4,0,0,16.046,26.683,18.765,183.4,Mackay,Mackay,Pind,1963,LPOH_5_15,BareFallow,42,MW_Surf2,130_150,50,3,6,SWD_0_50_200_50_50,P2R,MW_01MayR6V1,MW_T3,2421.5,1326.969,1312.219,1707.677,83.771,21.155,9.55184333620454,0.105578369553447,16.9,0.975,0.381239698256674,20.284,3_6
01/09/1973,1973,244,1972,01-May,2,sugar,alive,0,0,1,365,4.496,1971,1/9/1972,121,0,0,181,1973,14,2616,4420.44,3796.78,4642.7,3355.52,101.507,1642.48,,0,0,0,17.002,96.9,45.238,35.238,10.095,6584.572,6594.666,110555.387,15.56,13.27,1.323,6,300,1121.2,222.578,298.488,712.345,664.357,214.353,878.71,3.467,6662.539,2.8,6665.339,111370.006,150,213.773,293.618,5.953,5.261,1.219,1.331,8582.149,350,0.81,2373.2,8.8,949.3,0,0,18.541,27.739,19.67,148.3,Mackay,Mackay,Pind,1963,LPOH_5_15,BareFallow,42,MW_Surf2,130_150,50,3,6,SWD_0_50_200_50_50,P2R,MW_01MayR6V1,MW_T3,1421.2,1012.345,521.066,735.419,12.433,6.48,10.0269177009814,0.115518202820043,13.5342666666667,0.676713333333333,0.474835456301778,16.425,3_6
01/08/1974,1974,213,1973,01-May,2,sugar,alive,0,0,2,334,4.42,1971,1/9/1973,121,0,0,181,1974,14,2616,3854.25,3400.16,4271.84,2797,85.861,1474.78,,0,0,0,18.227,81.3,48.663,38.663,2.8,6662.539,6665.339,111370.006,13.54,11.87,1.348,3,150,3130,919.379,1640.742,964.041,525.932,182.046,707.978,2.969,6693.531,5.441,6698.971,111472.568,150,186.577,271.525,26.767,7.633,3.246,4.879,8121.041,350,0.743,1938.3,7.3,775.3,0,0,18.561,27.209,17.938,199.6,Mackay,Mackay,Pind,1963,LPOH_5_15,BareFallow,42,MW_Surf2,130_150,50,3,6,SWD_0_50_200_50_50,P2R,MW_01MayR6V1,MW_T3,3280,1114.041,2560.121,2742.167,37.646,10.879,7.70716697141308,0.121276367344748,14.3101666666667,0.572406666666667,0.460190698746362,14.748,3_6
01/07/1975,1975,182,1974,01-May,2,sugar,alive,0,0,3,334,4.411,1971,1/8/1974,121,0,0,181,1975,14,2616,5422.85,4805.62,5909.67,3970.9,122.78,2030.75,,0,0,0,17.444,111.3,51.563,41.563,5.441,6693.531,6698.971,111472.568,18.46,16.2,1.359,6,300,1738.2,391.129,616.228,973.12,802.679,181.285,983.965,2.177,6681.794,3.223,6685.017,111467.09,150,249.235,325.015,18.937,1.692,2.412,3.709,8568.555,350,0.742,1938.2,7.2,775.3,0,0,18.099,27.548,19.903,139.4,Mackay,Mackay,Pind,1963,LPOH_5_15,BareFallow,42,MW_Surf2,130_150,50,3,6,SWD_0_50_200_50_50,P2R,MW_01MayR6V1,MW_T3,2038.2,1273.12,1007.357,1188.642,23.041,4.104,9.64402412969712,0.124780861107865,16.3706666666667,0.818533333333333,0.492627439966297,20.308,3_6
02/07/1976,1976,184,1975,01-May,2,sugar,alive,0,0,4,367,4.494,1971,1/7/1975,121,0,1,181,1976,13,2616,4777.97,4284.16,5351.43,3574.7,110.693,1893.31,,0,0,0,18.138,107.8,80.441,70.441,3.223,6681.794,6685.017,111467.09,16.36,14.55,1.36,2,100,2321.4,677.679,868.463,1128.718,681.11,168.32,849.43,2.345,6723.8,1.622,6725.422,112061.799,150,230.709,313.406,11.762,0.922,2.258,2.445,10255.236,350,0.73,1871.8,7,748.7,0,0,18.27,27.009,18.055,161.4,Mackay,Mackay,Pind,1963,LPOH_5_15,BareFallow,42,MW_Surf2,130_150,50,3,6,SWD_0_50_200_50_50,P2R,MW_01MayR6V1,MW_T3,2421.4,1228.718,1546.142,1714.462,14.942,3.18,9.00882057559179,0.130314446158012,20.126,0.737953333333333,0.479794893133775,18.933,3_6
02/07/1977,1977,183,1976,01-May,2,sugar,alive,0,0,5,365,4.494,1971,2/7/1976,121,0,1,182,1977,13,2617,5532.73,4865.52,6020.75,4159.22,127.629,2117.26,,0,0,0,17.505,113.8,100.27,90.27,1.622,6723.8,6725.422,112061.799,17.97,15.52,1.373,6,300,1975,538.428,751.091,994.777,832.358,174.617,1006.975,2.424,6736.496,3.98,6740.475,112438.858,150,247.604,322.064,6.09,0.236,2.428,1.247,9628.4,350,0.817,2429.6,9,971.8,0,0,17.83,27.366,19.19,166.6,Mackay,Mackay,Pind,1963,LPOH_5_15,BareFallow,42,MW_Surf2,130_150,50,3,6,SWD_0_50_200_50_50,P2R,MW_01MayR6V1,MW_T3,2275,1294.777,1289.519,1464.136,8.754,2.664,9.85721865618558,0.126744953946225,17.0172,0.85086,0.515456131564918,21.173,3_6
02/07/1978,1978,183,1977,01-May,2,sugar,alive,0,0,6,365,4.475,1971,2/7/1977,121,0,1,182,1978,13,2617,4475.21,3932.56,4982.17,3357.51,103.006,1800.4,,0,0,0,18.599,102.5,60.777,50.777,3.98,6736.496,6740.475,112438.858,15.94,13.95,1.376,6,300,1314.6,203.893,546.833,724.274,662.285,177.757,840.043,1.467,6792.633,3.624,6796.257,113231.071,150,222.453,305.868,2.107,0.103,1.366,0.703,9988.265,350,0.745,1952,7.3,780.8,0,0,17.551,27.283,20.267,300,Mackay,Mackay,Pind,1963,LPOH_5_15,BareFallow,42,MW_Surf2,130_150,50,3,6,SWD_0_50_200_50_50,P2R,MW_01MayR6V1,MW_T3,1614.6,1024.274,750.726,928.483,3.576,1.469,10.0564887910852,0.122619913504428,13.7341333333333,0.686706666666667,0.463046126597529,18.004,3_6
03/05/1979,1979,123,0,01-May,2,none,out,0,0,-1,0,6,1971,0.000,123,2,1,184,-1,11,2617,0,0,0,0,0,0,,0,0,0,0,0,66.609,56.609,3.624,6792.633,6796.257,113231.071,0,0,1.392,0,0,2776.4,740.232,1645.194,781.29,0,301.6,301.6,5.117,6847.872,69.338,6917.21,113086.777,0,0,137.005,21.552,4.686,6.489,2.584,9600.418,350,0.004,5.6,0,2.3,0,0,18.709,27.217,18.918,509.4,Mackay,Mackay,Pind,1963,LPOH_5_15,BareFallow,42,MW_Surf2,130_150,50,3,6,SWD_0_50_200_50_50,P2R,MW_01MayR6V1,MW_T3,2776.4,781.29,2385.426,2687.026,32.727,11.175,0,0,0,,,0,3_6
03/09/1980,1980,247,1979,01-May,3,sugar,alive,0,0,0,489,4.666,1979,3/5/1979,123,2,0,183,1980,12,2616,5955.57,5360.75,6177.69,4672.18,143.617,2188.36,,0,0,0,15.842,178.6,155.983,155.983,69.338,6847.872,6917.21,113086.777,26.92,24.74,1.397,6,300,1449,49.352,529.404,929.324,817.823,422.559,1240.382,9.608,6652.144,15.67,6667.814,111428.33,130,367.481,369.326,40.562,0.998,9.067,7.761,5149.945,350,0.85,2705.9,9.9,1082.4,0,0,17.234,26.55,18.948,215.6,Mackay,Mackay,Pind,1963,LPOH_5_15,BareFallow,42,MW_Surf2,130_150,50,3,6,SWD_0_50_200_50_50,P2R,MW_01MayR6V1,MW_T3,1749,1229.324,578.756,1001.315,50.627,10.065,11.6825995425128,0.115784492196759,19.1489333333333,1.10474615384615,0.390814763212248,21.884,3_6
03/09/1981,1981,246,1980,01-May,3,sugar,alive,0,0,1,365,4.493,1979,3/9/1980,123,2,0,183,1981,12,2616,4686.17,4099.39,5009.89,3584.7,109.504,1888.74,,0,0,0,18.315,97.9,67.845,57.845,15.67,6652.144,6667.814,111428.33,15.52,13.37,1.362,6,300,1573.3,471.452,508.185,876.064,681.004,205.317,886.321,3.515,6731.615,1.456,6733.071,112456.391,150,212.143,296.599,11.975,8.916,1.555,2.403,8906.804,350,0.823,2473.6,9.2,989.4,0,0,18.207,27.39,19.375,101.3,Mackay,Mackay,Pind,1963,LPOH_5_15,BareFallow,42,MW_Surf2,130_150,50,3,6,SWD_0_50_200_50_50,P2R,MW_01MayR6V1,MW_T3,1873.3,1176.064,979.637,1184.954,22.446,10.471,9.3110579016108,0.123548917378692,14.6005333333333,0.730026666666667,0.516180123784428,18.887,3_6
03/08/1982,1982,215,1981,01-May,3,sugar,alive,0,0,2,334,4.403,1979,3/9/1981,123,2,0,183,1982,12,2616,4397.94,3795.99,4756.78,3282.82,100.105,1580.67,,0,0,0,16.522,96.3,57.188,47.188,1.456,6731.615,6733.071,112456.391,16.05,13.85,1.386,6,300,1240.3,304.531,381.286,767.408,657.567,185.693,843.261,2.073,6750.425,4.441,6754.865,112749.636,150,220.968,309.662,15.2,2.116,1.116,2.578,8440.769,350,0.818,2433.9,9.1,973.6,0,0,18.364,27.572,20.022,222,Mackay,Mackay,Pind,1963,LPOH_5_15,BareFallow,42,MW_Surf2,130_150,50,3,6,SWD_0_50_200_50_50,P2R,MW_01MayR6V1,MW_T3,1540.3,1067.408,685.817,871.51,18.432,3.232,9.37832581355958,0.118711763024734,13.3473333333333,0.667366666666667,0.453029397921871,15.807,3_6
03/07/1983,1983,184,1982,01-May,3,sugar,alive,0,0,3,334,4.433,1979,3/8/1982,123,2,0,183,1983,12,2616,5081.37,4475.16,5568.62,3749.28,115.623,1934.58,,0,0,0,17.68,110.9,50.411,40.411,4.441,6750.425,6754.865,112749.636,17.91,15.69,1.392,6,300,1419.6,340.499,397.362,947.839,719.104,181.339,900.442,1.222,6772.023,3.374,6775.397,112883.553,150,241.666,312.484,8.556,0.862,0.973,1.802,9001.345,350,0.724,1840.2,6.9,736.1,0,0,18.995,27.583,20.36,156,Mackay,Mackay,Pind,1963,LPOH_5_15,BareFallow,42,MW_Surf2,130_150,50,3,6,SWD_0_50_200_50_50,P2R,MW_01MayR6V1,MW_T3,1719.6,1247.839,737.861,919.2,10.391,1.835,9.26585881672235,0.128406937926041,15.4164,0.77082,0.478441319838124,19.346,3_6
03/07/1984,1984,185,1983,01-May,3,sugar,alive,0,0,4,366,4.496,1979,3/7/1983,123,2,0,183,1984,12,2616,4688.68,3972.12,5010.19,3595.22,108.215,1782.45,,0,0,0,17.36,114.6,113.708,103.708,3.374,6772.023,6775.397,112883.553,17.95,15.33,1.399,6,300,627.3,39.892,54.957,563.006,691.094,184.663,875.758,0.191,6799.67,1.437,6801.107,113661.738,150,251.16,325.708,6.686,0.041,0.158,1.628,9757.138,350,0.849,2701.7,10,1080.7,0,0,18.248,27.1,19.324,62,Mackay,Mackay,Pind,1963,LPOH_5_15,BareFallow,42,MW_Surf2,130_150,50,3,6,SWD_0_50_200_50_50,P2R,MW_01MayR6V1,MW_T3,927.3,863.006,94.849,279.512,6.885,0.199,12.5393102713075,0.123567241178499,14.4286666666667,0.721433333333333,0.430860805860806,17.824,3_6
03/07/1985,1985,184,1984,01-May,3,sugar,alive,0,0,5,365,4.483,1979,3/7/1984,123,2,0,183,1985,12,2616,5966.98,5302.34,6502.84,4504.72,139.206,2299.88,,0,0,0,17.421,133.5,52.401,42.401,1.437,6799.67,6801.107,113661.738,20.54,18.11,1.407,6,300,1629.8,235.882,568.501,984.287,866.942,194.137,1061.079,2.327,6795.137,3.283,6798.42,113419.507,150,276.148,346.771,9.496,0.21,1.4,1.971,10189.701,350,0.79,2228.2,8.3,891.3,0,0,18.416,27.301,19.286,365,Mackay,Mackay,Pind,1963,LPOH_5_15,BareFallow,42,MW_Surf2,130_150,50,3,6,SWD_0_50_200_50_50,P2R,MW_01MayR6V1,MW_T3,1929.8,1284.287,804.383,998.52,11.106,1.61,10.8391660119584,0.131192870653363,18.5608,0.92804,0.504099251126208,22.999,3_6
03/07/1986,1986,184,1985,01-May,3,sugar,alive,0,0,6,365,4.498,1979,3/7/1985,123,2,0,183,1986,12,2616,5495.91,4903.44,6101.05,4108.53,127.032,2321.39,,0,0,0,19.577,123.8,98.738,88.738,3.283,6795.137,6798.42,113419.507,18.97,16.79,1.408,6,300,1424.2,438.231,333.078,963.906,785.752,167.3,953.052,0.612,6819.377,2.958,6822.335,113782.511,150,262.446,346.862,5.171,0.243,0.653,1.334,11140.971,350,0.745,1949.7,7.3,779.9,0,0,18.342,27.147,19.588,134,Mackay,Mackay,Pind,1963,LPOH_5_15,BareFallow,42,MW_Surf2,130_150,50,3,6,SWD_0_50_200_50_50,P2R,MW_01MayR6V1,MW_T3,1724.2,1263.906,771.309,938.609,6.067,0.896,10.0507474448258,0.133289684088591,16.9376,0.84688,0.484031000662993,23.214,3_6
02/05/1987,1987,122,0,01-May,3,none,out,0,0,-1,0,6,1979,0.000,122,1,0,182,-1,13,2616,0,0,0,0,0,0,,0,0,0,0,0,80.578,70.578,2.958,6819.377,6822.335,113782.511,0,0,1.418,0,0,641.7,251.064,41.7,539.41,0,248.178,248.178,0.924,6904.056,67.058,6971.114,114069.166,0,0,145.19,20.994,0.573,0.513,3.537,10762.387,350,0.131,200.7,0.9,80.3,0,0,19.863,28.674,20.989,55,Mackay,Mackay,Pind,1963,LPOH_5_15,BareFallow,42,MW_Surf2,130_150,50,3,6,SWD_0_50_200_50_50,P2R,MW_01MayR6V1,MW_T3,641.7,539.41,292.764,540.942,22.08,1.086,0,0,0,,,0,3_6
02/09/1988,1988,246,1987,01-May,4,sugar,alive,0,0,0,489,4.682,1987,2/5/1987,122,1,0,182,1988,13,2616,5874.48,5410.7,6243.02,4530.34,140.317,2091.31,,0,0,0,15.432,155,181.335,181.335,67.058,6904.056,6971.114,114069.166,25.52,23.82,1.432,6,300,2021,259.308,878.246,1078.028,784.789,443.274,1228.063,9.612,6695.088,22.968,6718.056,112070.826,130,345.067,382.386,55.206,14.514,6.67,10.45,5485.72,350,0.816,2421.9,8.9,968.8,0,0,17.736,26.361,18.386,293.4,Mackay,Mackay,Pind,1963,LPOH_5_15,BareFallow,42,MW_Surf2,130_150,50,3,6,SWD_0_50_200_50_50,P2R,MW_01MayR6V1,MW_T3,2321,1378.028,1137.554,1580.828,76.39,21.184,10.1824491229496,0.114258796169252,18.7089333333333,1.07936153846154,0.406636971950375,20.913,3_6
02/09/1989,1989,245,1988,01-May,4,sugar,alive,0,0,1,365,4.491,1987,2/9/1988,122,1,0,182,1989,13,2616,5527.61,4979,6009.5,4251.08,131.819,2374.48,,0,0,0,19.256,99.5,118.719,108.719,22.968,6695.088,6718.056,112070.826,15.96,13.95,1.392,3,150,2262.7,684.439,856.928,1179.583,735.53,186.546,922.076,4.544,6769.239,3.245,6772.484,113150.889,150,224.879,304.75,11.221,16.256,2.441,2.285,9172.267,350,0.833,2555.6,9.5,1022.2,0,0,18.368,26.772,19.022,197,Mackay,Mackay,Pind,1963,LPOH_5_15,BareFallow,42,MW_Surf2,130_150,50,3,6,SWD_0_50_200_50_50,P2R,MW_01MayR6V1,MW_T3,2412.7,1329.583,1541.367,1727.913,29.918,18.697,9.91431147961428,0.142958931801717,21.9698333333333,0.878793333333333,0.586177455431588,23.745,3_6
02/08/1990,1990,214,1989,01-May,4,sugar,alive,0,0,2,334,4.412,1987,2/9/1989,122,1,0,182,1990,13,2616,4544.4,4069.32,5109.78,3399.13,105.739,1795.86,,0,0,0,17.99,87.9,58.976,48.976,3.245,6769.239,6772.484,113150.889,14.47,12.73,1.414,6,300,1659.2,526.16,606.77,847.17,632.887,172.342,805.229,1.973,6818.691,3.116,6821.807,113735.087,150,206.483,298.878,7.359,1.64,1.746,1.513,9138.246,350.534,0.718,1810.8,6.8,724.3,0,0,18.872,27.551,19.816,130,Mackay,Mackay,Pind,1963,LPOH_5_15,BareFallow,42,MW_Surf2,130_150,50,3,6,SWD_0_50_200_50_50,P2R,MW_01MayR6V1,MW_T3,1959.2,1147.17,1132.93,1305.272,10.745,3.386,9.21737841819434,0.131315439458837,14.0985333333333,0.704926666666667,0.512095426742153,17.959,3_6
02/07/1991,1991,183,1990,01-May,4,sugar,alive,0,0,3,334,4.431,1987,2/8/1990,122,1,0,182,1991,13,2616,4474.61,3868.42,4916.19,3314,100.764,1621.41,,0,0,0,16.892,98,62.018,52.018,3.116,6818.691,6821.807,113735.087,15.69,13.47,1.426,6,300,2931.2,465.506,1962.896,677.131,613.923,176.715,790.638,5.493,6849.833,4.029,6853.862,114334.736,150,220.634,290.935,9.226,0.246,3.828,1.999,8691.625,351.943,0.76,2037.4,7.6,815,0,0,18.614,27.53,19.9,298.2,Mackay,Mackay,Pind,1963,LPOH_5_15,BareFallow,42,MW_Surf2,130_150,50,3,6,SWD_0_50_200_50_50,P2R,MW_01MayR6V1,MW_T3,3231.2,977.131,2428.402,2605.117,13.3,4.074,10.3122303969478,0.127446441987357,13.4352,0.67176,0.45670204954812,16.214,3_6
02/07/1992,1992,184,1991,01-May,4,sugar,alive,0,0,4,366,4.498,1987,2/7/1991,122,1,0,182,1992,13,2616,4971.35,4401.34,5480.38,3737.74,115.038,2050.02,,0,0,0,19.019,115.4,56.179,46.179,4.029,6849.833,6853.862,114334.736,17.4,15.31,1.432,6,300,809.1,56.224,110.42,683.297,714.228,209.184,923.412,0.067,6874.088,4.954,6879.042,114747.334,150,239.205,311.421,7.766,0.023,0.154,1.687,9262.187,353.507,0.772,2114.7,7.9,845.9,0,0,18.272,27.899,20.983,174,Mackay,Mackay,Pind,1963,LPOH_5_15,BareFallow,42,MW_Surf2,130_150,50,3,6,SWD_0_50_200_50_50,P2R,MW_01MayR6V1,MW_T3,1109.1,983.297,166.644,375.828,7.943,0.177,11.6992119369834,0.124579277722187,15.3384,0.76692,0.480918041010848,20.5,3_6
02/07/1993,1993,183,1992,01-May,4,sugar,alive,0,0,5,365,4.491,1987,2/7/1992,122,1,0,182,1993,13,2616,6192.32,5534.43,6775.73,4687.16,145.65,2671.89,,0,0,0,19.664,127.9,57.224,47.224,4.954,6874.088,6879.042,114747.334,19.91,17.5,1.438,6,300,1184.6,71.132,327.305,826.886,845.122,201.355,1046.477,1.126,6876.325,2.569,6878.894,114842.328,150,270.336,342.748,4.904,0.05,0.941,1.177,10217.129,355.1,0.766,2072.6,7.7,829,0,0,18.593,27.605,20.538,185,Mackay,Mackay,Pind,1963,LPOH_5_15,BareFallow,42,MW_Surf2,130_150,50,3,6,SWD_0_50_200_50_50,P2R,MW_01MayR6V1,MW_T3,1484.6,1126.886,398.437,599.792,5.895,0.991,12.9249986245281,0.139181272020312,19.42,0.971,0.538773970170455,26.719,3_6
02/07/1994,1994,183,1993,01-May,4,sugar,alive,0,0,6,365,4.514,1987,2/7/1993,122,1,0,182,1994,13,2616,5571.98,4994.5,6209.64,4303.7,133.69,2507.98,,0,0,0,20.174,118.7,78.911,68.911,2.569,6876.325,6878.894,114842.328,17.52,15.4,1.44,5,250,1130.5,273.218,159.68,889.574,795.63,145.798,941.427,0.302,6898.32,5.741,6904.061,114931.905,150,249.471,338.456,16.169,1.395,0.358,3.177,11660.808,356.72,0.767,2078.1,7.8,831.2,0,0,18.772,27.29,19.737,141,Mackay,Mackay,Pind,1963,LPOH_5_15,BareFallow,42,MW_Surf2,130_150,50,3,6,SWD_0_50_200_50_50,P2R,MW_01MayR6V1,MW_T3,1380.5,1139.574,432.898,578.696,17.922,1.753,11.7315768875036,0.142007824292271,19.0985714285714,0.891266666666667,0.535893951601589,25.08,3_6
02/05/1995,1995,122,0,01-May,4,none,out,0,0,-1,0,6,1987,0.000,122,1,0,182,-1,13,2616,0,0,0,0,0,0,,0,0,0,0,0,70.085,60.085,5.741,6898.32,6904.061,114931.905,0,0,1.451,0,0,855,347.56,152.298,621.728,0,259.589,259.589,0.211,6954.035,92.626,7046.661,115063.072,0,0,165.074,16.637,1.559,0.981,2.055,10638.851,358.093,0.008,11.3,0,4.5,0,0,18.913,28.213,21.739,112.5,Mackay,Mackay,Pind,1963,LPOH_5_15,BareFallow,42,MW_Surf2,130_150,50,3,6,SWD_0_50_200_50_50,P2R,MW_01MayR6V1,MW_T3,855,621.728,499.858,759.447,19.177,2.54,0,0,0,,,0,3_6
02/09/1996,1996,246,1995,01-May,5,sugar,alive,0,0,0,489,4.684,1995,2/5/1995,122,1,0,182,1996,13,2616,6701.44,6001.42,6883.29,5386.38,165.753,2663.33,,0,0,0,16.864,190.3,165.639,165.639,92.626,6954.035,7046.661,115063.072,28.05,25.48,1.452,6,300,1445.3,99.996,337.046,1097.514,907.15,473.151,1380.301,5.953,6759.215,18.829,6778.044,113481.867,130,383.599,374.297,46.826,1.844,9.519,9.05,5456.736,360.331,0.886,3104.5,11.4,1241.8,0,0,17.443,26.746,19.237,106,Mackay,Mackay,Pind,1963,LPOH_5_15,BareFallow,42,MW_Surf2,130_150,50,3,6,SWD_0_50_200_50_50,P2R,MW_01MayR6V1,MW_T3,1745.3,1397.514,437.042,910.193,58.189,11.363,11.8605609675467,0.12008467718273,22.1004,1.27502307692308,0.432099666578901,26.633,3_6
04/09/1997,1997,247,1996,01-May,5,sugar,alive,0,0,1,367,4.488,1995,2/9/1996,122,1,2,182,1997,11,2616,5352.45,4853.86,5881.03,4148.92,129.086,2545,,0,0,0,21.35,93.4,75.597,65.597,18.829,6759.215,6778.044,113481.867,14.63,12.8,1.415,6,300,1495.6,409.726,390.389,982.053,788.181,158.461,946.642,0.696,6835.164,3.014,6838.177,114119.751,150,207.34,281.649,24.194,12.55,0.47,4.569,10015.862,362.053,0.767,2080.2,8,832.1,0,0,17.726,27.172,20.17,203,Mackay,Mackay,Pind,1963,LPOH_5_15,BareFallow,42,MW_Surf2,130_150,50,3,6,SWD_0_50_200_50_50,P2R,MW_01MayR6V1,MW_T3,1795.6,1282.053,800.115,958.576,37.214,13.02,10.0686945079494,0.136362003798691,17.2114666666667,0.860573333333333,0.622581267483361,25.45,3_6
04/08/1998,1998,216,1997,01-May,5,sugar,alive,0,0,2,334,4.482,1995,4/9/1997,122,1,2,184,1998,11,2618,5504.48,4919.96,6072.35,4136.54,128.066,2442.14,,0,0,0,20.555,103.7,106.438,96.438,3.014,6835.164,6838.177,114119.751,16.68,14.54,1.439,6,300,1210.6,325.22,245.601,828.004,801.576,161.028,962.604,0.443,6844.262,2.999,6847.261,114422.134,150,241.812,319.264,11.33,1.214,0.391,2.365,9510.905,363.648,0.78,2161.1,8,864.4,0,0,19.152,28.194,19.877,110,Mackay,Mackay,Pind,1963,LPOH_5_15,BareFallow,42,MW_Surf2,130_150,50,3,6,SWD_0_50_200_50_50,P2R,MW_01MayR6V1,MW_T3,1510.6,1128.004,570.821,731.849,12.935,1.605,11.353328534296,0.133041209053775,17.0754666666667,0.853773333333333,0.529609779498123,24.421,3_6
04/07/1999,1999,185,1998,01-May,5,sugar,alive,0,0,3,334,4.463,1995,4/8/1998,122,1,2,184,1999,11,2618,4409.66,3933.86,5010.08,3267.71,101.393,1830.2,,0,0,0,19.302,91.2,65.614,55.614,2.999,6844.262,6847.261,114422.134,14.49,12.75,1.442,2,100,2269.4,856.984,756.243,1173.22,593.393,147.536,740.929,1.701,6890.27,3.972,6894.242,114783.17,150,203.431,291.634,18.97,1.709,1.736,3.317,9860.059,365.268,0.684,1644.9,6.2,658,0,0,19.619,27.519,18.388,166,Mackay,Mackay,Pind,1963,LPOH_5_15,BareFallow,42,MW_Surf2,130_150,50,3,6,SWD_0_50_200_50_50,P2R,MW_01MayR6V1,MW_T3,2369.4,1273.22,1613.227,1760.763,22.415,3.445,7.96350984119005,0.13684577064739,18.4350909090909,0.675953333333333,0.498414695891973,18.302,3_6
04/07/2000,2000,186,1999,01-May,5,sugar,alive,0,0,4,366,4.479,1995,4/7/1999,122,1,2,184,2000,11,2618,6028.48,5365.82,6583.14,4597.79,142.13,2406.99,,0,0,0,17.93,122.4,74.858,64.858,3.972,6890.27,6894.242,114783.17,19,16.58,1.454,6,300,2220.8,564.402,913.823,1044.082,812.756,175.358,988.113,2.904,6886.941,2.83,6889.771,114896.1,150,262.111,324.027,10.971,0.238,2.466,2.305,9805.862,367.063,0.806,2345.8,8.7,938.3,0,0,18.091,26.722,18.413,187,Mackay,Mackay,Pind,1963,LPOH_5_15,BareFallow,42,MW_Surf2,130_150,50,3,6,SWD_0_50_200_50_50,P2R,MW_01MayR6V1,MW_T3,2520.8,1344.082,1478.225,1653.583,13.675,2.704,10.5745036389149,0.143839823987742,18.9506666666667,0.947533333333333,0.542251183658832,24.07,3_6
04/07/2001,2001,185,2000,01-May,5,sugar,alive,0,0,5,365,4.491,1995,4/7/2000,122,1,2,184,2001,11,2618,5439.98,4846.01,6042.59,4076.23,126.032,2410.57,,0,0,0,20.626,118.3,111.32,101.32,2.83,6886.941,6889.771,114896.1,18.23,16.05,1.453,4,200,1676.7,438.153,502.68,992.861,778.565,164.671,943.236,0.507,6915.611,2.102,6917.713,115337.358,150,256.137,332.263,3.265,0.116,0.761,0.942,10985.853,368.888,0.744,1944.1,7.2,777.6,0,0,17.869,27.314,19.408,235,Mackay,Mackay,Pind,1963,LPOH_5_15,BareFallow,42,MW_Surf2,130_150,50,3,6,SWD_0_50_200_50_50,P2R,MW_01MayR6V1,MW_T3,1876.7,1192.861,940.833,1105.504,4.142,0.877,10.5655227222619,0.133616613445628,19.3895384615385,0.840213333333333,0.492049176807724,24.106,3_6
04/07/2002,2002,185,2001,01-May,5,sugar,alive,0,0,6,365,4.532,1995,4/7/2001,122,1,2,184,2002,11,2618,5237.8,4611.56,5774.49,4005.78,122.701,2147.93,,0,0,0,18.632,129.3,91.951,81.951,2.102,6915.611,6917.713,115337.358,18.98,16.68,1.463,6,300,985,28.041,200.136,780.665,842.047,201.392,1043.439,0.526,6931.361,4.009,6935.37,115915.043,150,264.628,341.717,3.221,0.012,0.318,0.935,10580.396,370.742,0.801,2305.2,8.5,922.1,0,0,18.13,28.642,20.845,143,Mackay,Mackay,Pind,1963,LPOH_5_15,BareFallow,42,MW_Surf2,130_150,50,3,6,SWD_0_50_200_50_50,P2R,MW_01MayR6V1,MW_T3,1285,1080.665,228.177,429.569,3.551,0.33,11.3542124525177,0.117592882765547,16.3601333333333,0.818006666666667,0.46367353416872,21.479,3_6
01/05/2003,2003,121,0,01-May,5,none,out,0,0,-1,0,6,1995,0.000,121,0,2,184,-1,11,2618,0,0,0,0,0,0,,0,0,0,0,0,87.336,77.336,4.009,6931.361,6935.37,115915.043,0,0,1.466,0,0,767.4,213.572,281.596,386.895,0,232.284,232.284,0.526,7027.626,64.883,7092.508,116223.056,0,0,135.98,9.435,1.56,0.977,1.171,10198.408,372.295,0.008,11.7,0.1,4.7,0,0,18.391,28.53,21.692,113,Mackay,Mackay,Pind,1963,LPOH_5_15,BareFallow,42,MW_Surf2,130_150,50,3,6,SWD_0_50_200_50_50,P2R,MW_01MayR6V1,MW_T3,767.4,386.895,495.168,727.452,11.972,2.537,0,0,0,,,0,3_6
01/09/2004,2004,245,2003,01-May,6,sugar,alive,0,0,0,489,4.694,2003,1/5/2003,121,0,0,181,2004,14,2616,4117.22,3556.11,4126.79,3357.15,100.399,1588.25,,0,0,0,16.558,154.8,127.283,127.283,64.883,7027.626,7092.508,116223.056,22.61,20.56,1.479,6,300,989.4,25.424,187.233,802.099,654.324,484.022,1138.346,5.142,6822.157,61.773,6883.93,114132.626,130,311.825,372.881,50.125,0.39,9.095,9.286,5013.949,374.847,0.904,3346.6,12.3,1338.6,0,0,17.019,27.455,19.284,81,Mackay,Mackay,Pind,1963,LPOH_5_15,BareFallow,42,MW_Surf2,130_150,50,3,6,SWD_0_50_200_50_50,P2R,MW_01MayR6V1,MW_T3,1289.4,1102.099,212.657,696.679,59.61,9.485,9.10979866600006,0.0881972616410125,13.3865333333333,0.7723,0.321972260081777,15.883,3_6
01/09/2005,2005,244,2004,01-May,6,sugar,alive,0,0,1,365,4.482,2003,1/9/2004,121,0,0,181,2005,14,2616,5876.75,5222.79,6213.57,4405.27,135.325,2392.81,,0,0,0,18.849,117.3,47.682,37.682,61.773,6822.157,6883.93,114132.626,20.01,17.61,1.438,6,300,1408.2,112.144,468.219,910.243,838.404,253.132,1091.536,8.593,6829.714,24.124,6853.838,114358.443,150,260.45,314.431,44.029,4.852,1.894,8.346,7772.089,376.797,0.829,2525.5,9.3,1010.2,0,0,18.291,27.876,19.85,202,Mackay,Mackay,Pind,1963,LPOH_5_15,BareFallow,42,MW_Surf2,130_150,50,3,6,SWD_0_50_200_50_50,P2R,MW_01MayR6V1,MW_T3,1708.2,1210.243,580.363,833.495,50.775,6.746,11.1816387287512,0.123976671406165,18.0433333333333,0.902166666666666,0.519581493568823,23.928,3_6
01/08/2006,2006,213,2005,01-May,6,sugar,alive,0,0,2,334,4.478,2003,1/9/2005,121,0,0,181,2006,14,2616,4984.2,4475.47,5548.12,3787.89,117.771,2200.97,,0,0,0,20.087,106.2,65.983,55.983,24.124,6829.714,6853.838,114358.443,16.25,14.38,1.444,6,300,1089.9,230.909,156.404,821.664,775.908,164.487,940.395,0.497,6874.44,7.818,6882.257,114706.12,150,234.862,329.67,15.567,12.166,0.497,2.992,10458.769,378.61,0.698,1712.3,6.4,684.9,0,0,19.414,28.689,19.676,83,Mackay,Mackay,Pind,1963,LPOH_5_15,BareFallow,42,MW_Surf2,130_150,50,3,6,SWD_0_50_200_50_50,P2R,MW_01MayR6V1,MW_T3,1389.9,1121.664,387.313,551.8,28.23,12.663,10.4996683498802,0.12523567224411,15.7028,0.78514,0.501447658625065,22.01,3_6
01/07/2007,2007,182,2006,01-May,6,sugar,alive,0,0,3,334,4.441,2003,1/8/2006,121,0,0,181,2007,14,2616,5323.37,4736.98,5904.2,4007.64,124.032,2020.07,,0,0,0,17.133,106.4,110.175,100.175,7.818,6874.44,6882.257,114706.12,16.82,14.68,1.46,6,300,2040.1,473.002,799.288,1027.499,767.746,176.048,943.794,2.405,6896.08,2.095,6898.175,115121.003,150,234.786,296.71,10.79,4.407,2.307,2.074,9275.067,380.45,0.746,1958.1,7.3,783.2,0,0,18.374,27.532,19.907,257,Mackay,Mackay,Pind,1963,LPOH_5_15,BareFallow,42,MW_Surf2,130_150,50,3,6,SWD_0_50_200_50_50,P2R,MW_01MayR6V1,MW_T3,2340.1,1327.499,1272.29,1448.338,17.504,6.714,9.34328387441346,0.131418508699992,16.5376,0.82688,0.528276813779357,20.201,3_6
01/07/2008,2008,183,2007,01-May,6,sugar,alive,0,0,4,366,4.486,2003,1/7/2007,121,0,0,181,2008,14,2616,4531.54,3949.88,5004.82,3467.54,105.824,1704.15,,0,0,0,16.908,92.7,216.191,206.191,2.095,6896.08,6898.175,115121.003,14.52,12.39,1.465,6,300,2267.9,566.602,1296.014,731.846,671.095,172.879,843.974,4.185,6948.574,4.017,6952.591,115921.081,150,208.913,296.582,10.205,0.685,4.474,2.138,9798.624,382.486,0.788,2214.3,8.2,885.7,0,0,17.547,27.281,19.228,532,Mackay,Mackay,Pind,1963,LPOH_5_15,BareFallow,42,MW_Surf2,130_150,50,3,6,SWD_0_50_200_50_50,P2R,MW_01MayR6V1,MW_T3,2567.9,1031.846,1862.616,2035.495,15.364,5.159,10.2557939847613,0.125387748911696,14.1098666666667,0.705493333333333,0.506545787002245,17.041,3_6
01/07/2009,2009,182,2008,01-May,6,sugar,alive,0,0,5,365,4.485,2003,1/7/2008,121,0,0,181,2009,14,2616,5421.35,4710.64,5854.84,4084.3,124.344,1752.93,,0,0,0,14.44,128.7,59.501,49.501,4.017,6948.574,6952.591,115921.081,19.76,17.16,1.477,6,300,1875.6,372.104,758.429,927.795,839.803,183.998,1023.8,2.756,6934.302,3.991,6938.293,115836.398,150,273.954,338.2,9.137,0.143,2.533,2.026,9895.155,384.553,0.808,2356.5,8.7,942.6,0,0,17.996,27.705,18.873,145,Mackay,Mackay,Pind,1963,LPOH_5_15,BareFallow,42,MW_Surf2,130_150,50,3,6,SWD_0_50_200_50_50,P2R,MW_01MayR6V1,MW_T3,2175.6,1227.795,1130.533,1314.531,11.813,2.676,10.1274235519773,0.12145340886892,16.5792,0.82896,0.453886418887842,17.529,3_6
01/07/2010,2010,182,2009,01-May,6,sugar,alive,0,0,6,365,4.499,2003,1/7/2009,121,0,0,181,2010,14,2616,4877.97,4271.82,5369.44,3698.79,113.777,1852.36,,0,0,0,17.125,118.5,62.768,52.768,3.991,6934.302,6938.293,115836.398,17.89,15.67,1.473,6,300,1857.2,449.247,789.017,823.946,715.166,190.169,905.335,3.588,6969.447,3.863,6973.31,116189.879,150,242.656,332.259,5.406,0.133,2.791,1.169,10294.258,386.651,0.731,1877.2,7,750.9,0,0,18.212,28.153,19.689,185,Mackay,Mackay,Pind,1963,LPOH_5_15,BareFallow,42,MW_Surf2,130_150,50,3,6,SWD_0_50_200_50_50,P2R,MW_01MayR6V1,MW_T3,2157.2,1123.946,1238.264,1428.433,8.33,2.924,10.1229952328671,0.12567392180795,15.1702666666667,0.758513333333333,0.468881873928524,18.524,3_6
01/05/2011,2011,121,0,01-May,6,none,out,0,0,-1,0,6,2003,0.000,121,0,0,181,-1,14,2616,0,0,0,0,0,0,,0,0,0,0,0,58.369,48.369,3.863,6969.447,6973.31,116189.879,0,0,1.482,0,0,3806.8,1447.395,1955.092,974.554,0,315.913,315.913,5.124,7074.011,38.807,7112.817,116883.032,0,0,92.998,14.375,2.98,4.577,1.356,9171.834,388.423,0.003,4.8,0,1.9,0,0,20.133,27.54,17.429,220,Mackay,Mackay,Pind,1963,LPOH_5_15,BareFallow,42,MW_Surf2,130_150,50,3,6,SWD_0_50_200_50_50,P2R,MW_01MayR6V1,MW_T3,3806.8,974.554,3402.487,3718.4,21.932,7.557,0,0,0,,,0,3_6
01/09/2012,2012,245,2011,01-May,7,sugar,alive,0,0,0,489,4.625,2011,1/5/2011,121,0,0,181,2012,14,2616,7328.25,6636.38,7611.95,5849.85,181.222,3149.94,,0,0,0,18.48,196.5,146.769,146.769,38.807,7074.011,7112.817,116883.032,28.18,25.65,1.495,6,300,2542.5,362.553,1173.219,1243.365,980.715,388.733,1369.448,8.419,6847.317,3.534,6850.851,114750.704,130,387.365,402.405,35.894,7.433,3.604,6.677,5933.431,391.303,0.895,3222,11.8,1288.8,0,0,16.518,26.172,18.321,239,Mackay,Mackay,Pind,1963,LPOH_5_15,BareFallow,42,MW_Surf2,130_150,50,3,6,SWD_0_50_200_50_50,P2R,MW_01MayR6V1,MW_T3,2842.5,1543.365,1535.772,1924.505,46.931,11.037,11.7420052936279,0.132332151348573,24.1629333333333,1.39401538461538,0.467832664283041,31.499,3_6
01/09/2013,2013,244,2012,01-May,7,sugar,alive,0,0,1,365,4.475,2011,1/9/2012,121,0,0,181,2013,14,2616,4394.97,3867.48,4815.68,3353.88,102.804,1849.29,,0,0,0,19.226,88.9,66.05,56.05,3.534,6847.317,6850.851,114750.704,13.98,12.05,1.451,6,300,1959.5,540.723,935.064,779.611,626.79,157.501,784.291,1.804,6937.231,1.777,6939.008,115722.362,150,200.507,292.384,6.88,2.024,1.2,1.414,10222.425,393.501,0.77,2098.8,8,839.5,0,0,18.336,27.643,19.721,189,Mackay,Mackay,Pind,1963,LPOH_5_15,BareFallow,42,MW_Surf2,130_150,50,3,6,SWD_0_50_200_50_50,P2R,MW_01MayR6V1,MW_T3,2259.5,1079.611,1475.787,1633.288,10.104,3.224,9.52231868700856,0.13107889801107,13.7072,0.68536,0.512720254155715,18.493,3_6
01/08/2014,2014,213,2013,01-May,7,sugar,alive,0,0,2,334,4.439,2011,1/9/2013,121,0,0,181,2014,14,2616,5588.49,4926.26,6061.98,4192.63,129.339,2213.16,,0,0,0,18.147,110.4,47.471,37.471,1.777,6937.231,6939.008,115722.362,18.2,15.78,1.48,6,300,1328,258.109,378.615,835.005,787.674,179.007,966.681,1.482,6937.167,2.463,6939.63,115856.117,150,249.992,320.008,7.994,0.132,1.213,1.498,8748.875,395.542,0.798,2285.9,8.5,914.4,0,0,18.979,28.295,19.852,162,Mackay,Mackay,Pind,1963,LPOH_5_15,BareFallow,42,MW_Surf2,130_150,50,3,6,SWD_0_50_200_50_50,P2R,MW_01MayR6V1,MW_T3,1628,1135.005,636.724,815.731,9.339,1.345,11.395456407681,0.133796981630962,17.2452,0.86226,0.51737255592179,22.132,3_6
01/07/2015,2015,182,2014,01-May,7,sugar,alive,0,0,3,334,4.469,2011,1/8/2014,121,0,0,181,2015,14,2616,4388.81,3829.57,4897.74,3278.94,100.305,1737.43,,0,0,0,18.405,107.8,54.067,44.067,2.463,6937.167,6939.63,115856.117,16.49,14.44,1.479,6,300,904.5,163.692,124.022,703.161,688.607,173.097,861.704,0.291,6976.148,2.505,6978.653,116362.276,150,232.893,328.792,12.143,0.081,0.409,2.446,10158.088,397.611,0.709,1761.4,6.6,704.6,0,0,18.957,28.716,20.504,127,Mackay,Mackay,Pind,1963,LPOH_5_15,BareFallow,42,MW_Surf2,130_150,50,3,6,SWD_0_50_200_50_50,P2R,MW_01MayR6V1,MW_T3,1204.5,1003.161,287.714,460.811,12.633,0.49,9.99889349765392,0.116403080408122,13.374,0.6687,0.430691347528694,17.374,3_6
01/07/2016,2016,183,2015,01-May,7,sugar,alive,0,0,4,366,4.562,2011,1/7/2015,121,0,0,181,2016,14,2616,6405.44,5615.16,6868.01,4892.77,150.342,2665.7,,0,0,0,18.909,140.9,91.149,81.149,2.505,6976.148,6978.653,116362.276,21.35,18.45,1.49,6,300,1656.5,160.63,574.475,1011.16,953.426,199.753,1153.179,2.557,6955.062,1.908,6956.97,116276.067,150,289.261,351.987,9.112,0.094,1.697,1.793,10181.043,399.898,0.785,2197.6,8.1,879,0,0,19.116,28.327,19.488,143,Mackay,Mackay,Pind,1963,LPOH_5_15,BareFallow,42,MW_Surf2,130_150,50,3,6,SWD_0_50_200_50_50,P2R,MW_01MayR6V1,MW_T3,1956.5,1311.16,735.105,934.858,10.903,1.791,11.4663351536044,0.130371780963753,20.0456,1.00228,0.519745143659187,26.657,3_6
01/07/2017,2017,182,2016,01-May,7,sugar,alive,0,0,5,365,4.534,2011,1/7/2016,121,0,0,181,2017,14,2616,5127.47,4593.37,5757.2,3885.41,120.853,2219.34,,0,0,0,19.688,116.7,141.366,131.366,1.908,6955.062,6956.97,116276.067,17.43,15.47,1.483,5,250,2440.8,635.07,1173.358,1050.489,784.739,152.308,937.047,3.372,6973.486,6.144,6979.631,116272.319,150,241.37,351.736,22.209,2.53,2.797,4.393,11517.414,402.218,0.722,1830.7,6.8,732.3,0,0,18.71,27.886,17.426,276,Mackay,Mackay,Pind,1963,LPOH_5_15,BareFallow,42,MW_Surf2,130_150,50,3,6,SWD_0_50_200_50_50,P2R,MW_01MayR6V1,MW_T3,2690.8,1300.489,1808.428,1960.736,27.536,5.327,9.29288905942303,0.128972186026955,17.2647142857143,0.805686666666667,0.50069602684675,22.193,3_6
01/07/2018,2018,182,2017,01-May,7,sugar,alive,0,0,6,365,4.503,2011,1/7/2017,121,0,0,181,2018,14,2616,5004.47,4312.41,5429.27,3778.57,114.827,1943.6,,0,0,0,17.919,123.6,71.691,61.691,6.144,6973.486,6979.631,116272.319,18.98,16.44,1.492,6,300,1178,302.351,228.292,833.19,759.216,173.047,932.264,0.631,6985.737,2.98,6988.717,116618.567,150,258.586,331.387,7.613,0.386,0.547,1.508,9993.19,404.569,0.8,2300,8.5,920,0,0,18.232,28.297,18.11,103,Mackay,Mackay,Pind,1963,LPOH_5_15,BareFallow,42,MW_Surf2,130_150,50,3,6,SWD_0_50_200_50_50,P2R,MW_01MayR6V1,MW_T3,1478,1133.19,530.643,703.69,8.546,0.933,10.1330756536856,0.123170046252993,15.3102666666667,0.765513333333333,0.444057296218666,19.436,3_6
01/05/2019,2019,121,0,01-May,7,none,out,0,0,-1,0,6,2011,0.000,121,0,0,181,-1,14,2616,0,0,0,0,0,0,,0,0,0,0,0,68.784,58.784,2.98,6985.737,6988.717,116618.567,0,0,1.496,0,0,1571.8,570.103,580.059,780.63,0,301.367,301.367,5.691,7066.016,66.861,7132.876,116840.446,0,0,148.458,22.557,1.591,3.499,3.066,10076.089,406.554,0.004,5,0,2,0,0,19.175,28.683,18.577,123,Mackay,Mackay,Pind,1963,LPOH_5_15,BareFallow,42,MW_Surf2,130_150,50,3,6,SWD_0_50_200_50_50,P2R,MW_01MayR6V1,MW_T3,1571.8,780.63,1150.162,1451.529,27.647,5.09,0,0,0,,,0,3_6
01/09/2020,2020,245,2019,01-May,8,sugar,alive,0,0,0,489,4.675,2019,1/5/2019,121,0,0,181,2020,14,2616,5671.44,5086.3,5857.67,4483.93,137.899,2144.94,,0,0,0,16.232,172.4,189.055,189.055,66.861,7066.016,7132.876,116840.446,25.62,23.48,1.5,6,300,1691.9,241.334,648.171,957.254,805.723,411.799,1217.522,8.529,6859.945,19.666,6879.611,114961.004,130,348.673,377.365,57.7,9.329,5.413,10.653,5295.062,409.776,0.799,2293.8,8.4,917.5,0,0,16.936,27.075,17.367,167,Mackay,Mackay,Pind,1963,LPOH_5_15,BareFallow,42,MW_Surf2,130_150,50,3,6,SWD_0_50_200_50_50,P2R,MW_01MayR6V1,MW_T3,1991.9,1257.254,889.505,1301.304,72.442,14.742,10.9682689416777,0.113262019084665,18.3865333333333,1.06076153846154,0.395496640118392,21.449,3_6
06/09/2021,2021,249,2020,01-May,8,sugar,alive,0,0,1,370,4.521,2019,1/9/2020,121,0,5,181,2021,9,2616,5470.93,4878.86,5872.59,4127.59,127.126,2119.5,,0,0,0,17.607,117.9,55.928,45.928,19.666,6859.945,6879.611,114961.004,18.43,16.26,1.462,6,300,1347.4,224.996,365.667,887.335,777.934,194.818,972.752,1.51,6891.177,6.373,6897.55,115322.51,150,249.758,331.949,14.366,10.469,1.158,2.838,9281.103,412.265,0.785,2193.7,8.1,877.5,0,0,18.715,27.875,16.851,146,Mackay,Mackay,Pind,1963,LPOH_5_15,BareFallow,42,MW_Surf2,130_150,50,3,6,SWD_0_50_200_50_50,P2R,MW_01MayR6V1,MW_T3,1647.4,1187.335,590.663,785.481,25.993,11.627,10.7068350549761,0.130686958238071,16.9501333333333,0.847506666666667,0.508996708814132,21.195,3_6
06/08/2022,2022,218,2021,01-May,8,sugar,alive,0,0,2,334,4.478,2019,6/9/2021,121,0,5,186,2022,9,2621,5139.88,4628.96,5718.04,3889.82,121.11,2160.41,,0,0,0,19.041,110,121.914,111.914,6.373,6891.177,6897.55,115322.51,17.11,15.24,1.474,4,200,1276.6,330.511,234.055,940.806,755.196,160.032,915.228,0.465,6912.553,3.142,6915.695,115516.49,150,238.57,334.488,13.828,3.995,0.399,2.921,9922.363,414.545,0.731,1877.6,7,751,0,0,19.065,28.278,17.484,124,Mackay,Mackay,Pind,1963,LPOH_5_15,BareFallow,42,MW_Surf2,130_150,50,3,6,SWD_0_50_200_50_50,P2R,MW_01MayR6V1,MW_T3,1476.6,1140.806,564.566,724.598,18.222,4.394,10.6161783861586,0.132327682282448,18.6323076923077,0.8074,0.507649746405667,21.604,3_6
01/05/1964,1964,122,0,01-May,0,none,out,0,0,-1,0,6,-1,0.000,122,0,0,182,-1,14,2616,0,0,0,0,0,0,,0,0,0,0,0,0,0,0,0,0,0,0,0,1.327,0,0,657.6,0,336.088,321.512,0,274.494,274.494,15.574,6528.633,124.09,6652.723,109149.762,0,0,106.772,4.77,0,10.2,1.135,1149.491,350,0,0.1,0,0,0,0,21.722,29.688,19.155,68.1,Mackay,Mackay,Pind,1964,LPOH_5_15,BareFallow,42,MW_Surf2,130_150,50,3,6,SWD_0_50_200_50_50,P2R,MW_01MayR6V1,MW_T3,657.6,321.512,336.088,610.582,14.97,10.2,0,0,0,,,0,3_6
01/09/1965,1965,244,1964,01-May,1,sugar,alive,0,0,0,488,4.632,1964,1/5/1964,122,0,0,182,1965,14,2616,5556.09,4819.64,5568.83,4437.87,133.233,2239.98,,0,0,0,17.779,131.5,76.818,76.818,124.09,6528.633,6652.723,109149.762,22.47,19.77,1.305,6,300,1240.5,56.483,273.992,963.386,802.053,399.274,1201.326,8.593,6457.601,17.28,6474.881,109299.478,130,308.565,255.339,25.697,5.212,5.637,5.139,3139.35,350,0.963,4713.9,17.3,1885.6,0,0,16.453,26.471,18.461,77.2,Mackay,Mackay,Pind,1964,LPOH_5_15,BareFallow,42,MW_Surf2,130_150,50,3,6,SWD_0_50_200_50_50,P2R,MW_01MayR6V1,MW_T3,1540.5,1263.386,330.475,729.749,36.546,10.849,10.5457081208752,0.110904950030217,17.7644,1.02486923076923,0.431782606582082,22.4,3_6
01/09/1966,1966,244,1965,01-May,1,sugar,alive,0,0,1,365,4.467,1964,1/9/1965,122,0,0,182,1966,14,2616,3964.03,3524.9,4331.59,2989.74,91.66,1788.05,,0,0,0,21.094,62.1,67.516,57.516,17.28,6457.601,6474.881,109299.478,10.39,8.78,1.282,6,300,1061,415.24,118.464,785.947,626.593,145.358,771.95,0.045,6584.494,3.147,6587.641,110115.925,150,157.341,232.808,18.4,13.827,0.091,3.516,8968.799,350,0.713,1784.9,7.3,714,0,0,17.318,27.124,19.639,80,Mackay,Mackay,Pind,1964,LPOH_5_15,BareFallow,42,MW_Surf2,130_150,50,3,6,SWD_0_50_200_50_50,P2R,MW_01MayR6V1,MW_T3,1361,1085.947,533.704,679.062,32.318,13.918,8.44055925381257,0.118738260250016,12.2213333333333,0.611066666666667,0.582556358482532,17.88,3_6
01/08/1967,1967,213,1966,01-May,1,sugar,alive,0,0,2,334,4.432,1964,1/9/1966,122,0,0,182,1967,14,2616,5697.86,5074.93,6165.98,4293.95,132.731,2300.64,,0,0,0,18.42,95.9,104.861,94.861,3.147,6584.494,6587.641,110115.925,16.29,14.01,1.315,6,300,1173.6,220.07,226.363,903.136,861.337,172.824,1034.161,0.554,6589.602,2.121,6591.723,110365.469,150,233.84,286.745,6.57,1.047,0.526,1.404,8108.007,350,0.808,2358.1,8.7,943.2,0,0,18.016,27.548,20.007,100.3,Mackay,Mackay,Pind,1964,LPOH_5_15,BareFallow,42,MW_Surf2,130_150,50,3,6,SWD_0_50_200_50_50,P2R,MW_01MayR6V1,MW_T3,1473.6,1203.136,446.433,619.257,8.143,1.573,11.0320861481994,0.128346553389656,17.6974666666667,0.884873333333333,0.567614608279165,23.006,3_6
01/07/1968,1968,183,1967,01-May,1,sugar,alive,0,0,3,335,4.404,1964,1/8/1967,122,0,0,182,1968,14,2616,4025.66,3550.1,4560.22,2953.45,90.55,1615.71,,0,0,0,19.047,73.5,79.867,69.867,2.121,6589.602,6591.723,110365.469,12.24,10.5,1.316,5,250,2190.4,694.31,998.557,876.135,600.458,149.642,750.1,1.822,6670.409,5.601,6676.01,111147.341,150,185.124,270.161,2.332,0.529,1.352,0.665,9497.713,350,0.772,2108.9,8,843.6,0,0,17.569,27.367,20.339,213.1,Mackay,Mackay,Pind,1964,LPOH_5_15,BareFallow,42,MW_Surf2,130_150,50,3,6,SWD_0_50_200_50_50,P2R,MW_01MayR6V1,MW_T3,2440.4,1126.135,1692.867,1842.509,4.213,1.881,8.04077663868009,0.12071723770164,12.9357142857143,0.603666666666667,0.489131609083641,16.157,3_6
01/07/1969,1969,182,1968,01-May,1,sugar,alive,0,0,4,365,4.476,1964,1/7/1968,122,0,0,182,1969,14,2616,4932.01,4398.54,5471.71,3642.1,112.22,1647.89,,0,0,0,15.162,119,62.3,52.3,5.601,6670.409,6676.01,111147.341,18.29,16.34,1.338,6,300,999.4,161.068,112.202,843.234,749.68,206.857,956.537,0.318,6671.188,2.588,6673.776,111139.47,150,252.157,315.24,11.098,0.163,0.298,2.316,9324.9,350,0.736,1901.4,7.1,760.6,0,0,17.828,27.503,19.836,55.6,Mackay,Mackay,Pind,1964,LPOH_5_15,BareFallow,42,MW_Surf2,130_150,50,3,6,SWD_0_50_200_50_50,P2R,MW_01MayR6V1,MW_T3,1299.4,1143.234,273.27,480.127,11.559,0.461,9.81601316965731,0.117319037318996,14.9626666666667,0.748133333333333,0.445040193212959,16.479,3_6
01/07/1970,1970,182,1969,01-May,1,sugar,alive,0,0,5,365,4.493,1964,1/7/1969,122,0,0,182,1970,14,2616,4892.64,4214.35,5274.67,3744.15,113.914,1880.66,,0,0,0,17.407,111.4,113.893,103.893,2.588,6671.188,6673.776,111139.47,17.27,14.79,1.34,6,300,1657.1,272.205,755.064,784.685,782.414,185.868,968.282,2.45,6703.143,1.519,6704.662,111873.747,150,237.39,312.676,8.803,0.413,1.799,1.884,9574.949,350,0.808,2357.6,8.8,943,0,0,17.69,27.53,20.173,411.7,Mackay,Mackay,Pind,1964,LPOH_5_15,BareFallow,42,MW_Surf2,130_150,50,3,6,SWD_0_50_200_50_50,P2R,MW_01MayR6V1,MW_T3,1957.1,1084.685,1027.269,1213.137,11.015,2.212,10.5020351530629,0.117645479312845,15.1885333333333,0.759426666666667,0.479860145751717,18.807,3_6
01/07/1971,1971,182,1970,01-May,1,sugar,alive,0,0,6,365,4.451,1964,1/7/1970,122,0,0,182,1971,14,2616,5265.01,4600.54,5717.72,3942.9,120.755,1899.35,,0,0,0,16.447,123.1,57.442,47.442,1.519,6703.143,6704.662,111873.747,19.22,16.78,1.351,6,300,1633.5,353.134,529.132,950.357,818.615,193.393,1012.008,2.572,6708.559,2.103,6710.662,111899.544,150,261.032,336.511,8.275,0.33,1.815,1.754,9828.684,350,0.802,2315.3,8.6,926.1,0,0,17.125,27.326,19.196,129.3,Mackay,Mackay,Pind,1964,LPOH_5_15,BareFallow,42,MW_Surf2,130_150,50,3,6,SWD_0_50_200_50_50,P2R,MW_01MayR6V1,MW_T3,1933.5,1250.357,882.266,1075.659,10.42,2.145,9.65764177750834,0.11932217927131,16.1006666666667,0.805033333333333,0.462606117257654,18.993,3_6
01/05/1972,1972,122,0,01-May,1,none,out,0,0,-1,0,6,1964,0.000,122,0,0,182,-1,14,2616,0,0,0,0,0,0,,0,0,0,0,0,78.669,68.669,2.103,6708.559,6710.662,111899.544,0,0,1.355,0,0,1979.9,783.799,831.918,790.344,0,292.298,292.298,1.351,6782.449,76.438,6858.887,112110.538,0,0,148.891,15.58,3.844,2.23,1.827,10478.34,350,0.005,6.8,0,2.7,0,0,18.445,28.286,20.206,183.4,Mackay,Mackay,Pind,1964,LPOH_5_15,BareFallow,42,MW_Surf2,130_150,50,3,6,SWD_0_50_200_50_50,P2R,MW_01MayR6V1,MW_T3,1979.9,790.344,1615.717,1908.015,21.654,6.074,0,0,0,,,0,3_6
01/09/1973,1973,244,1972,01-May,2,sugar,alive,0,0,0,488,4.666,1972,1/5/1972,122,0,0,182,1973,14,2616,3716.83,3240.72,3793.44,2897,86.958,1132.83,,0,0,0,13.124,122,150.554,150.554,76.438,6782.449,6858.887,112110.538,19.39,17.64,1.366,6,300,1223.3,299.424,283.464,798.726,557.359,468.242,1025.6,2.449,6603.411,31.635,6635.047,110423.463,130,263.35,342.079,92.995,23.259,3.892,17.076,4359.979,350,0.788,2217.5,8.1,887,0,0,16.981,26.761,18.91,148.3,Mackay,Mackay,Pind,1964,LPOH_5_15,BareFallow,42,MW_Surf2,130_150,50,3,6,SWD_0_50_200_50_50,P2R,MW_01MayR6V1,MW_T3,1523.3,1098.726,582.888,1051.13,120.146,27.151,7.91443908672408,0.0847874414976599,11.5944,0.668907692307692,0.330199354471236,11.328,3_6
03/09/1974,1974,246,1973,01-May,2,sugar,alive,0,0,1,367,4.473,1972,1/9/1973,122,0,2,182,1974,12,2616,5289.26,4711.78,5607.49,3959.61,121.969,2034.16,,0,0,0,17.614,94.3,47.366,37.366,31.635,6603.411,6635.047,110423.463,16.13,14.02,1.335,5,250,3200,773.467,1640.77,1108.46,728.764,240.417,969.18,15.078,6611.349,1.276,6612.625,110689.095,150,215.193,288.575,41.258,30.291,6.421,7.707,7006.397,350,0.826,2494.7,9.2,997.9,0,0,18.004,26.997,17.963,199.6,Mackay,Mackay,Pind,1964,LPOH_5_15,BareFallow,42,MW_Surf2,130_150,50,3,6,SWD_0_50_200_50_50,P2R,MW_01MayR6V1,MW_T3,3450,1358.46,2414.237,2654.654,77.97,36.712,8.97847562681271,0.125847623764419,17.4241428571429,0.813126666666667,0.566788882538001,20.342,3_6
03/08/1975,1975,215,1974,01-May,2,sugar,alive,0,0,2,334,4.437,1972,3/9/1974,122,0,2,184,1975,12,2618,4323.64,3863.43,4815.49,3205.65,99.023,1800.87,,0,0,0,19.469,85.1,98.949,88.949,1.276,6611.349,6612.625,110689.095,13.68,11.99,1.341,4,200,1703.6,513.872,575.569,920.058,646.495,157.041,803.536,0.739,6670.588,1.781,6672.369,111335.624,150,201.518,282.43,7.704,0.374,0.693,1.76,9153.683,350,0.721,1822.3,6.9,728.9,0,0,18.261,27.423,19.614,139.4,Mackay,Mackay,Pind,1964,LPOH_5_15,BareFallow,42,MW_Surf2,130_150,50,3,6,SWD_0_50_200_50_50,P2R,MW_01MayR6V1,MW_T3,1903.6,1120.058,1089.441,1246.482,8.771,1.067,8.84088145435326,0.123234055474801,15.2343076923077,0.660153333333333,0.491385384928393,18.009,3_6
03/07/1976,1976,185,1975,01-May,2,sugar,alive,0,0,3,335,4.449,1972,3/8/1975,122,0,2,184,1976,12,2618,4715.64,4194.23,5229.65,3471.72,107.116,1715.12,,0,0,0,16.794,99.3,97.573,87.573,1.781,6670.588,6672.369,111335.624,15.86,13.95,1.358,2,100,2286,647.223,887.804,1083.778,669.903,178.333,848.236,2.711,6682.986,1.676,6684.661,111551.5,150,221.364,300.562,19.093,1.508,2.582,3.699,8662.388,350,0.744,1948.4,7.2,779.4,0,0,18.656,27.324,18.326,161.4,Mackay,Mackay,Pind,1964,LPOH_5_15,BareFallow,42,MW_Surf2,130_150,50,3,6,SWD_0_50_200_50_50,P2R,MW_01MayR6V1,MW_T3,2386,1183.778,1535.027,1713.36,23.183,4.09,9.04865608247492,0.126280893524915,19.4756363636364,0.714106666666667,0.483890786216368,17.151,3_6
03/07/1977,1977,184,1976,01-May,2,sugar,alive,0,0,4,365,4.494,1972,3/7/1976,122,0,2,184,1977,12,2618,5304.47,4678.27,5789.09,3988.01,122.578,2098.97,,0,0,0,18.162,105.5,94.31,84.31,1.676,6682.986,6684.661,111551.5,16.72,14.43,1.362,5,250,1975,534.068,737.841,1011.376,794.993,177.874,972.867,2.435,6711.925,4.065,6715.991,112090.345,150,233.388,313.435,4.92,0.265,2.357,1.061,9470.634,350,0.803,2317.7,8.6,927.1,0,0,17.82,27.363,19.191,166.6,Mackay,Mackay,Pind,1964,LPOH_5_15,BareFallow,42,MW_Surf2,130_150,50,3,6,SWD_0_50_200_50_50,P2R,MW_01MayR6V1,MW_T3,2225,1261.376,1271.909,1449.783,7.542,2.622,9.71780024354356,0.125996667581489,17.5111428571429,0.817186666666667,0.525211236224656,20.99,3_6
03/07/1978,1978,184,1977,01-May,2,sugar,alive,0,0,5,365,4.475,1972,3/7/1977,122,0,2,184,1978,12,2618,4457.92,3915.78,4944.87,3345.36,102.604,1791.66,,0,0,0,18.578,99.8,59.534,49.534,4.065,6711.925,6715.991,112090.345,15.61,13.62,1.369,6,300,1314.6,199.539,546.961,725.209,661.343,182.528,843.871,1.498,6765.513,3.402,6768.916,112843.531,150,218.943,300.177,2.217,0.099,1.343,0.707,9646.199,350,0.745,1951.1,7.3,780.4,0,0,17.591,27.306,20.244,300,Mackay,Mackay,Pind,1964,LPOH_5_15,BareFallow,42,MW_Surf2,130_150,50,3,6,SWD_0_50_200_50_50,P2R,MW_01MayR6V1,MW_T3,1614.6,1025.209,746.5,929.028,3.659,1.442,10.0081056643085,0.121587304220669,13.6805333333333,0.684026666666667,0.468633388598859,17.917,3_6
03/07/1979,1979,184,1978,01-May,2,sugar,alive,0,0,6,365,4.478,1972,3/7/1978,122,0,2,184,1979,12,2618,5565.21,4964.67,6109.54,4175.32,129.078,2062.59,,0,0,0,16.755,128.4,65.764,55.764,3.402,6765.513,6768.916,112843.531,19.45,17.25,1.383,5,250,2906,464.668,1652.667,1016.2,781.078,185.155,966.233,6.726,6749.537,2.368,6751.905,112592.631,150,264.371,336.539,18.623,0.568,4.977,3.668,9885.067,350,0.76,2036.9,7.5,814.8,0,0,18.015,26.651,18.211,509.4,Mackay,Mackay,Pind,1964,LPOH_5_15,BareFallow,42,MW_Surf2,130_150,50,3,6,SWD_0_50_200_50_50,P2R,MW_01MayR6V1,MW_T3,3156,1266.2,2117.335,2302.49,24.168,5.545,10.194124151003,0.133588896260012,18.4397142857143,0.86052,0.488245685041098,20.626,3_6
01/05/1980,1980,122,0,01-May,2,none,out,0,0,-1,0,6,1972,0.000,122,0,2,184,-1,12,2618,0,0,0,0,0,0,,0,0,0,0,0,123.197,113.197,2.368,6749.537,6751.905,112592.631,0,0,1.382,0,0,1126.8,415.59,425.849,601.498,0,230.692,230.692,0.183,6821.711,68.137,6889.848,112904.39,0,0,152.454,24.825,2.024,0.705,4.197,10646.553,350,0.008,11.6,0.1,4.7,0,0,19.141,28.26,20.969,215.6,Mackay,Mackay,Pind,1964,LPOH_5_15,BareFallow,42,MW_Surf2,130_150,50,3,6,SWD_0_50_200_50_50,P2R,MW_01MayR6V1,MW_T3,1126.8,601.498,841.439,1072.131,27.554,2.729,0,0,0,,,0,3_6
01/09/1981,1981,244,1980,01-May,3,sugar,alive,0,0,0,488,4.662,1980,1/5/1980,122,0,0,182,1981,14,2616,5814.82,5151.63,5933.32,4634.44,141.442,2116.08,,0,0,0,15.502,162.4,177.866,177.866,68.137,6821.711,6889.848,112904.39,24.64,22.21,1.395,6,300,1765.9,367.719,559.918,1089.904,808.332,430.657,1238.989,6.899,6641.615,8.591,6650.206,111428.414,130,337.631,352.407,48.087,17.243,5.079,8.926,4908.109,350,0.899,3279.1,12,1311.6,0,0,17.146,26.474,18.553,101.3,Mackay,Mackay,Pind,1964,LPOH_5_15,BareFallow,42,MW_Surf2,130_150,50,3,6,SWD_0_50_200_50_50,P2R,MW_01MayR6V1,MW_T3,2065.9,1389.904,927.637,1358.294,70.409,22.322,10.1763862827936,0.114159205610381,18.8589333333333,1.08801538461538,0.418924802521096,21.161,3_6
01/09/1982,1982,244,1981,01-May,3,sugar,alive,0,0,1,365,4.452,1980,1/9/1981,122,0,0,182,1982,14,2616,4284.41,3683.23,4530,3296.63,99.989,1612.91,,0,0,0,16.941,93,59.141,49.141,8.591,6641.615,6650.206,111428.414,15.14,12.94,1.361,6,300,1256,273.304,407.94,771.024,647.737,217.619,865.356,4.211,6708.427,2.382,6710.809,112265.826,150,209.755,301.927,12.424,5.844,1.166,2.269,8513.088,350,0.861,2823.3,10.5,1129.3,0,0,18.01,27.171,19.847,222,Mackay,Mackay,Pind,1964,LPOH_5_15,BareFallow,42,MW_Surf2,130_150,50,3,6,SWD_0_50_200_50_50,P2R,MW_01MayR6V1,MW_T3,1556,1071.024,681.244,898.863,19.434,7.01,9.33583187678334,0.115546665187507,13.3318666666667,0.666593333333333,0.476694238516364,16.129,3_6
01/08/1983,1983,213,1982,01-May,3,sugar,alive,0,0,2,334,4.414,1980,1/9/1982,122,0,0,182,1983,14,2616,5011.26,4434.83,5461.66,3675.5,113.373,1872.67,,0,0,0,17.417,95.8,50.542,40.542,2.382,6708.427,6710.809,112265.826,16.51,14.39,1.381,6,300,1426.3,380.467,429.721,898.056,692.871,175.245,868.117,1.463,6737.282,2.12,6739.402,112445.768,150,224.6,294.33,7.761,1.356,1.147,1.469,8269.597,350,0.775,2129.2,8,851.7,0,0,18.718,27.471,20.158,156,Mackay,Mackay,Pind,1964,LPOH_5_15,BareFallow,42,MW_Surf2,130_150,50,3,6,SWD_0_50_200_50_50,P2R,MW_01MayR6V1,MW_T3,1726.3,1198.056,810.188,985.433,10.264,2.503,9.46308018990765,0.130596451860752,15.1164,0.75582,0.504777382012467,18.727,3_6
01/07/1984,1984,183,1983,01-May,3,sugar,alive,0,0,3,335,4.463,1980,1/8/1983,122,0,0,182,1984,14,2616,4046.84,3421.43,4387.23,3064.42,92.276,1465.55,,0,0,0,16.635,99,80.538,70.538,2.12,6737.282,6739.402,112445.768,15.73,13.44,1.388,6,300,604.9,84.906,58.561,518.017,596.552,177.166,773.718,0.181,6783.572,1.605,6785.177,113225.596,150,224.215,307.234,6.903,0.073,0.163,1.561,9229.287,350,0.807,2350.5,8.8,940.2,0,0,18.921,27.619,19.672,62,Mackay,Mackay,Pind,1964,LPOH_5_15,BareFallow,42,MW_Surf2,130_150,50,3,6,SWD_0_50_200_50_50,P2R,MW_01MayR6V1,MW_T3,904.9,818.017,143.467,320.633,7.139,0.236,11.2804501617937,0.119263090686788,12.3034666666667,0.615173333333333,0.411551412706554,14.656,3_6
01/07/1985,1985,182,1984,01-May,3,sugar,alive,0,0,4,365,4.481,1980,1/7/1984,122,0,0,182,1985,14,2616,5851.26,5181.94,6344.55,4395.1,135.418,2123.12,,0,0,0,16.384,134.9,50.254,40.254,1.605,6783.572,6785.177,113225.596,20.76,18.31,1.401,6,300,1629.8,248.589,564.42,1000.011,843.095,202.428,1045.523,2.317,6766.82,3.101,6769.922,112961.199,150,278.772,337.166,9.39,0.192,1.344,1.955,9467.799,350,0.794,2253.7,8.4,901.5,0,0,18.376,27.292,19.304,365,Mackay,Mackay,Pind,1964,LPOH_5_15,BareFallow,42,MW_Surf2,130_150,50,3,6,SWD_0_50_200_50_50,P2R,MW_01MayR6V1,MW_T3,1929.8,1300.011,813.009,1015.437,10.926,1.536,10.4166810896215,0.129521780008666,18.0557333333333,0.902786666666667,0.485766145810914,21.231,3_6
01/07/1986,1986,182,1985,01-May,3,sugar,alive,0,0,5,365,4.497,1980,1/7/1985,122,0,0,182,1986,14,2616,5463.61,4873.46,6052.51,4080.95,126.163,2302,,0,0,0,19.543,122.7,103.523,93.523,3.101,6766.82,6769.922,112961.199,18.84,16.67,1.398,6,300,1424.2,438.814,335.993,962.095,780.839,168.837,949.677,0.631,6793.139,2.622,6795.761,113333.326,150,259.925,344.936,5.349,0.233,0.659,1.37,11013.678,350,0.741,1928.7,7.2,771.5,0,0,18.337,27.134,19.595,134,Mackay,Mackay,Pind,1964,LPOH_5_15,BareFallow,42,MW_Surf2,130_150,50,3,6,SWD_0_50_200_50_50,P2R,MW_01MayR6V1,MW_T3,1724.2,1262.095,774.807,943.644,6.241,0.892,9.9963156497728,0.132848326325688,16.8217333333333,0.841086666666667,0.485382321823603,23.02,3_6
01/07/1987,1987,182,1986,01-May,3,sugar,alive,0,0,6,365,4.545,1980,1/7/1986,122,0,0,182,1987,14,2616,4763.58,4229.03,5331.46,3605.53,110.793,1896.24,,0,0,0,18.152,122,85.24,75.24,2.622,6793.139,6795.761,113333.326,17.5,15.54,1.409,6,300,756.7,59.261,39.374,708.223,701.496,188.913,890.409,0.089,6818.464,2.991,6821.455,113685.332,150,243.028,328.698,15.275,0.05,0.089,3.092,10592.789,350,0.754,2004.2,7.5,801.7,0,0,19.257,27.916,19.78,55,Mackay,Mackay,Pind,1964,LPOH_5_15,BareFallow,42,MW_Surf2,130_150,50,3,6,SWD_0_50_200_50_50,P2R,MW_01MayR6V1,MW_T3,1056.7,1008.223,98.635,287.548,15.414,0.139,10.9889379631292,0.124429335282999,14.7724,0.73862,0.455885741560643,18.962,3_6
01/05/1988,1988,122,0,01-May,3,none,out,0,0,-1,0,6,1980,0.000,122,0,0,182,-1,14,2616,0,0,0,0,0,0,,0,0,0,0,0,134.895,124.895,2.991,6818.464,6821.455,113685.332,0,0,1.416,0,0,1395.2,481.546,649.002,619.696,0,253.769,253.769,0.993,6852.113,86.51,6938.623,113514.833,0,0,167.557,31.701,6.205,2.115,5.62,10018.286,350,0.008,11.4,0.1,4.6,0,0,19.192,27.93,20.534,293.4,Mackay,Mackay,Pind,1964,LPOH_5_15,BareFallow,42,MW_Surf2,130_150,50,3,6,SWD_0_50_200_50_50,P2R,MW_01MayR6V1,MW_T3,1395.2,619.696,1130.548,1384.317,40.021,8.32,0,0,0,,,0,3_6
01/09/1989,1989,244,1988,01-May,4,sugar,alive,0,0,0,488,4.653,1988,1/5/1988,122,0,0,182,1989,14,2616,8213.48,7417.03,8483.29,6546.85,202.629,3283.42,,0,0,0,17.031,175.8,145.778,145.778,86.51,6852.113,6938.623,113514.833,26.95,24.03,1.419,6,300,2773.5,460.261,1205.815,1416.136,1069.493,404.347,1473.839,22.823,6665.39,2.39,6667.78,112197.35,130,370.588,365.588,38.795,18.757,18.236,7.664,5383.127,350,0.938,3965.6,14.5,1586.3,0,0,17.466,25.948,18.072,197,Mackay,Mackay,Pind,1964,LPOH_5_15,BareFallow,42,MW_Surf2,130_150,50,3,6,SWD_0_50_200_50_50,P2R,MW_01MayR6V1,MW_T3,3073.5,1716.136,1666.076,2070.423,75.788,36.993,11.807281008032,0.137483809289889,27.0172,1.55868461538462,0.546777013826675,32.834,3_6
01/09/1990,1990,244,1989,01-May,4,sugar,alive,0,0,1,365,4.457,1988,1/9/1989,122,0,0,182,1990,14,2616,3444.25,3052.8,3921.3,2619.48,80.451,1497.66,,0,0,0,19.997,47.4,61.363,51.363,2.39,6665.39,6667.78,112197.35,8.21,6.78,1.38,5,250,1668.2,673.344,635.591,750.562,505.278,98.621,603.898,0.466,6825.491,0.94,6826.431,113764.994,150,139.703,238.123,1.868,1.704,0.435,0.66,10245.388,350.657,0.807,2349.4,9.8,939.8,0,0,18.207,27.233,19.945,130,Mackay,Mackay,Pind,1964,LPOH_5_15,BareFallow,42,MW_Surf2,130_150,50,3,6,SWD_0_50_200_50_50,P2R,MW_01MayR6V1,MW_T3,1918.2,1000.562,1308.935,1407.556,4.007,2.139,8.04058119336933,0.133219517203236,11.493,0.53634,0.57587167061552,14.977,3_6
01/08/1991,1991,213,1990,01-May,4,sugar,alive,0,0,2,334,4.428,1988,1/9/1990,122,0,0,182,1991,14,2616,4370.31,3680.3,4623.42,3208.79,96.002,1606.55,,0,0,0,17.683,102.4,51.73,41.73,0.94,6825.491,6826.431,113764.994,17.2,14.67,1.424,6,300,2931.2,472.924,1967.071,664.819,596.963,177.194,774.157,3.522,6814.453,1.273,6815.726,113787.414,150,239.47,293.335,9.258,0.151,3.308,1.931,7813.062,352.068,0.832,2547.1,9.4,1018.8,0,0,18.626,27.452,19.523,298.2,Mackay,Mackay,Pind,1964,LPOH_5_15,BareFallow,42,MW_Surf2,130_150,50,3,6,SWD_0_50_200_50_50,P2R,MW_01MayR6V1,MW_T3,3231.2,964.819,2439.995,2617.189,12.717,3.459,9.95026010059918,0.12400843756499,12.8002666666667,0.640013333333333,0.400893640121936,16.066,3_6
01/07/1992,1992,183,1991,01-May,4,sugar,alive,0,0,3,335,4.445,1988,1/8/1991,122,0,0,182,1992,14,2616,4975.52,4382.77,5449.33,3686.75,113.802,2078.55,,0,0,0,19.566,113.8,50.779,40.779,1.273,6814.453,6815.726,113787.414,18.05,15.88,1.42,6,300,800.1,55.159,122.563,662.122,698.36,199.939,898.299,0.092,6838.503,6.469,6844.972,114090.165,150,241.042,326.527,6.851,0.054,0.171,1.351,8944.342,353.503,0.736,1902.9,7.1,761.2,0,0,18.953,28.373,21.332,174,Mackay,Mackay,Pind,1964,LPOH_5_15,BareFallow,42,MW_Surf2,130_150,50,3,6,SWD_0_50_200_50_50,P2R,MW_01MayR6V1,MW_T3,1100.1,962.122,177.722,377.661,7.076,0.225,11.8282296839694,0.126686103402097,15.1736,0.75868,0.472125189800948,20.786,3_6
01/07/1993,1993,182,1992,01-May,4,sugar,alive,0,0,4,365,4.491,1988,1/7/1992,122,0,0,182,1993,14,2616,6112.68,5464.2,6690.69,4623.83,143.72,2638.59,,0,0,0,19.682,128.2,56.859,46.859,6.469,6838.503,6844.972,114090.165,19.88,17.51,1.427,6,300,1183.6,58.558,338.983,820.79,833.904,211.34,1045.244,1.382,6846.97,3.722,6850.693,114323.873,150,270.757,345.609,4.796,0.146,1.04,1.187,10151.465,355.095,0.756,2013.1,7.5,805.2,0,0,18.579,27.604,20.545,185,Mackay,Mackay,Pind,1964,LPOH_5_15,BareFallow,42,MW_Surf2,130_150,50,3,6,SWD_0_50_200_50_50,P2R,MW_01MayR6V1,MW_T3,1483.6,1120.79,397.541,608.881,5.982,1.186,12.8230979933797,0.137498995449866,19.1626666666667,0.958133333333333,0.530808067750788,26.386,3_6
01/07/1994,1994,182,1993,01-May,4,sugar,alive,0,0,5,365,4.515,1988,1/7/1993,122,0,0,182,1994,14,2616,5594.77,5017.3,6229.3,4318.2,134.21,2526.79,,0,0,0,20.257,119.7,79.674,69.674,3.722,6846.97,6850.693,114323.873,17.67,15.55,1.43,5,250,1131.5,263.192,161.954,891.684,797.614,152.423,950.037,0.34,6867.392,5.788,6873.18,114447.324,150,250.517,338.48,16.159,1.781,0.409,3.173,11499.11,356.716,0.76,2040.7,7.6,816.3,0,0,18.784,27.295,19.728,141,Mackay,Mackay,Pind,1964,LPOH_5_15,BareFallow,42,MW_Surf2,130_150,50,3,6,SWD_0_50_200_50_50,P2R,MW_01MayR6V1,MW_T3,1381.5,1141.684,425.146,577.569,18.349,2.19,11.7554419611731,0.141268182186589,19.1728571428571,0.894733333333333,0.535732106004782,25.268,3_6
01/07/1995,1995,182,1994,01-May,4,sugar,alive,0,0,6,365,4.511,1988,1/7/1994,122,0,0,182,1995,14,2616,5790.35,5124.11,6365.29,4442.66,137.087,2419.64,,0,0,0,18.81,121.8,70.991,60.991,5.788,6867.392,6873.18,114447.324,18.35,15.91,1.44,6,300,981.1,74.751,159.176,804.059,844.202,177.904,1022.105,0.419,6887.807,4.371,6892.178,114922.02,150,256.362,327.771,3.306,0.414,0.428,0.901,10402.42,358.365,0.788,2216.8,8.2,886.7,0,0,18.418,27.531,20.482,112.5,Mackay,Mackay,Pind,1964,LPOH_5_15,BareFallow,42,MW_Surf2,130_150,50,3,6,SWD_0_50_200_50_50,P2R,MW_01MayR6V1,MW_T3,1281.1,1104.059,233.927,411.831,4.148,0.842,12.416637154355,0.134122228146815,18.2782666666667,0.913913333333333,0.534739938056342,24.196,3_6
03/05/1996,1996,124,0,01-May,4,none,out,0,0,-1,0,6,1988,0.000,124,2,0,184,-1,12,2616,0,0,0,0,0,0,,0,0,0,0,0,78.059,68.059,4.371,6887.807,6892.178,114922.02,0,0,1.447,0,0,1164.5,526.833,232.261,788.58,0,261.524,261.524,1.861,6974.22,66.227,7040.447,115273.733,0,0,137.293,16.488,1.82,1.142,2.193,10895.49,359.771,0.008,11.7,0.1,4.7,0,0,19.25,28.218,21.163,106,Mackay,Mackay,Pind,1964,LPOH_5_15,BareFallow,42,MW_Surf2,130_150,50,3,6,SWD_0_50_200_50_50,P2R,MW_01MayR6V1,MW_T3,1164.5,788.58,759.094,1020.618,19.45,2.962,0,0,0,,,0,3_6
03/09/1997,1997,246,1996,01-May,5,sugar,alive,0,0,0,488,4.642,1996,3/5/1996,124,2,0,184,1997,12,2616,7208.42,6523.28,7466.14,5758.06,178.509,3042.51,,0,0,0,18.064,199.7,221.941,221.941,66.227,6974.22,7040.447,115273.733,28.68,26.17,1.458,6,300,1650.3,220.843,488.177,1138.82,934.88,430.539,1365.419,6.5,6762.402,12.406,6774.808,113532.2,130,391.745,389.649,36.941,6.802,3.946,6.92,5673.363,362.048,0.861,2822.1,10.3,1128.8,0,0,16.695,26.453,19.349,203,Mackay,Mackay,Pind,1964,LPOH_5_15,BareFallow,42,MW_Surf2,130_150,50,3,6,SWD_0_50_200_50_50,P2R,MW_01MayR6V1,MW_T3,1950.3,1438.82,709.02,1139.559,47.689,10.748,12.40662487316,0.130735693585632,23.8012,1.37314615384615,0.455676524269614,30.425,3_6
05/09/1998,1998,248,1997,01-May,5,sugar,alive,0,0,1,367,4.544,1996,3/9/1997,124,2,2,184,1998,10,2616,5202.7,4666.01,5696.39,4001.92,123.82,2476.16,,0,0,0,21.698,100.9,79.803,69.803,12.406,6762.402,6774.808,113532.2,15.3,13.33,1.414,6,300,1442.6,345.622,353.419,953.633,769.09,158.511,927.601,0.569,6835.548,2.242,6837.79,114108.34,150,218.484,310.087,12.676,7.526,0.406,2.708,10637.916,363.799,0.748,1967,7.4,786.8,0,0,18.853,27.865,19.581,157,Mackay,Mackay,Pind,1964,LPOH_5_15,BareFallow,42,MW_Surf2,130_150,50,3,6,SWD_0_50_200_50_50,P2R,MW_01MayR6V1,MW_T3,1742.6,1253.633,699.041,857.552,20.608,7.932,9.87689379587168,0.133484116554424,16.5093333333333,0.825466666666667,0.566723421394702,24.762,3_6
05/08/1999,1999,217,1998,01-May,5,sugar,alive,0,0,2,334,4.461,1996,5/9/1998,124,2,2,186,1999,10,2618,4308.68,3879.39,4879.66,3208.49,99.817,1826.55,,0,0,0,19.608,87.6,177.762,167.762,2.242,6835.548,6837.79,114108.34,13.95,12.38,1.439,3,150,2055.6,900.984,665.254,1032.698,579.954,160.239,740.193,1.549,6849.607,3.329,6852.935,114271.919,150,196.339,291.52,37.306,6.858,1.663,6.819,9025.538,365.421,0.707,1754.1,6.6,701.6,0,0,19.179,27.392,18.312,166,Mackay,Mackay,Pind,1964,LPOH_5_15,BareFallow,42,MW_Surf2,130_150,50,3,6,SWD_0_50_200_50_50,P2R,MW_01MayR6V1,MW_T3,2205.6,1182.698,1566.238,1726.477,45.827,8.521,8.43977076142853,0.134852666804469,16.6361666666667,0.665446666666667,0.508391099068448,18.266,3_6
05/07/2000,2000,187,1999,01-May,5,sugar,alive,0,0,3,335,4.417,1996,5/8/1999,124,2,2,186,2000,10,2618,5429.33,4781.9,5939.16,4019.01,123.638,2004.97,,0,0,0,17.046,101.9,67.931,57.931,3.329,6849.607,6852.935,114271.919,17.32,14.94,1.444,6,300,2202.6,637.537,925.892,994.829,726.596,157.661,884.257,3.016,6865.882,2.946,6868.828,114495.674,150,238.064,294.871,4.15,0.275,2.569,0.87,8846.012,367.068,0.796,2268.1,8.4,907.2,0,0,18.739,27.056,18.664,187,Mackay,Mackay,Pind,1964,LPOH_5_15,BareFallow,42,MW_Surf2,130_150,50,3,6,SWD_0_50_200_50_50,P2R,MW_01MayR6V1,MW_T3,2502.6,1294.829,1563.429,1721.09,6.994,2.844,9.54859676451485,0.139821341533061,16.4850666666667,0.824253333333333,0.519347738423281,20.05,3_6
05/07/2001,2001,186,2000,01-May,5,sugar,alive,0,0,4,365,4.491,1996,5/7/2000,124,2,2,186,2001,10,2618,5717.6,5115.62,6325.7,4301.33,133.44,2556.9,,0,0,0,20.668,123.8,104.844,94.844,2.946,6865.882,6868.828,114495.674,19.04,16.83,1.448,5,250,1676.7,408.195,512.049,997.386,816.475,175.696,992.171,0.654,6885.758,2.318,6888.076,114837.015,150,266.479,342.398,3.098,0.098,0.887,0.896,10870.146,368.893,0.734,1891.7,7,756.7,0,0,17.854,27.317,19.415,235,Mackay,Mackay,Pind,1964,LPOH_5_15,BareFallow,42,MW_Surf2,130_150,50,3,6,SWD_0_50_200_50_50,P2R,MW_01MayR6V1,MW_T3,1926.7,1247.386,920.244,1095.94,4.083,0.985,10.6975707599733,0.134492945268507,19.0628571428571,0.8896,0.50075240450467,25.569,3_6
05/07/2002,2002,186,2001,01-May,5,sugar,alive,0,0,5,365,4.531,1996,5/7/2001,124,2,2,186,2002,10,2618,5338.4,4709.36,5888.55,4099.41,125.753,2210.08,,0,0,0,18.717,125.9,104.13,94.13,2.318,6885.758,6888.076,114837.015,18.51,16.21,1.455,6,300,985,34.787,196.687,782.166,861.527,193.423,1054.95,0.492,6908.112,4.074,6912.186,115478.557,150,261.095,339.345,3.255,0.014,0.289,0.981,10774.324,370.747,0.804,2328.3,8.6,931.3,0,0,18.126,28.642,20.847,143,Mackay,Mackay,Pind,1964,LPOH_5_15,BareFallow,42,MW_Surf2,130_150,50,3,6,SWD_0_50_200_50_50,P2R,MW_01MayR6V1,MW_T3,1285,1082.166,231.474,424.897,3.558,0.303,11.6204907565013,0.119202805820181,16.7670666666667,0.838353333333333,0.481636952067255,22.101,3_6
05/07/2003,2003,186,2002,01-May,5,sugar,alive,0,0,6,365,4.482,1996,5/7/2002,124,2,2,186,2003,10,2618,3728.14,3258.68,4241.08,2806.39,85.186,1103.42,,0,0,0,13.032,103.2,84.707,74.707,4.074,6908.112,6912.186,115478.557,15.44,13.72,1.46,6,300,955.6,126.533,292.381,611.364,562.126,222.519,784.645,0.967,6967.046,3.534,6970.58,115949.54,150,210.905,292.647,6.672,0.073,0.89,1.606,9804.962,372.632,0.742,1935.5,7.2,774.2,0,0,17.847,27.889,20.503,113,Mackay,Mackay,Pind,1964,LPOH_5_15,BareFallow,42,MW_Surf2,130_150,50,3,6,SWD_0_50_200_50_50,P2R,MW_01MayR6V1,MW_T3,1255.6,911.364,418.914,641.433,7.635,0.963,9.34708853981505,0.10856629431144,11.3581333333333,0.567906666666667,0.403906972333515,11.034,3_6
01/05/2004,2004,122,0,01-May,5,none,out,0,0,-1,0,6,1996,0.000,122,0,2,186,-1,10,2618,0,0,0,0,0,0,,0,0,0,0,0,118.747,108.747,3.534,6967.046,6970.58,115949.54,0,0,1.475,0,0,768,245.457,66.682,601.206,0,433.486,433.486,0.336,6900.322,165.011,7065.334,114397.562,0,0,247.711,48.92,4.053,1.011,8.628,9923.672,374.204,0.046,67.1,0.4,26.8,0,0,19.205,29.133,21.321,59,Mackay,Mackay,Pind,1964,LPOH_5_15,BareFallow,42,MW_Surf2,130_150,50,3,6,SWD_0_50_200_50_50,P2R,MW_01MayR6V1,MW_T3,768,601.206,312.139,745.625,53.984,5.064,0,0,0,,,0,3_6
01/09/2005,2005,244,2004,01-May,6,sugar,alive,2,0,0,488,4.673,2004,1/5/2004,122,0,0,182,2005,14,2616,6249.36,5680.62,6530.02,4846.24,150.578,2894.72,,0,0,0,20.746,189,141.123,141.123,165.011,6900.322,7065.334,114397.562,27.3,25.22,1.46,6,300,1441.4,56.065,508.177,926.154,861.743,408.544,1270.287,13.466,6730.627,50.643,6781.27,113061.876,130,369.205,340.149,73.169,2.913,3.645,13.555,4457.368,376.797,0.808,2359.3,8.6,943.7,0,0,16.864,27.082,19.028,202,Mackay,Mackay,Pind,1964,LPOH_5_15,BareFallow,42,MW_Surf2,130_150,50,3,6,SWD_0_50_200_50_50,P2R,MW_01MayR6V1,MW_T3,1741.4,1226.154,564.242,972.786,79.727,6.558,12.2805128882669,0.118538566481433,20.0770666666667,1.15829230769231,0.407843880770846,28.947,3_6
01/09/2006,2006,244,2005,01-May,6,sugar,alive,0,0,1,365,4.523,2004,1/9/2005,122,0,0,182,2006,14,2616,5395.67,4840.05,5859.98,4195.31,129.841,2506.84,,0,0,0,20.848,95.1,66.98,56.98,50.643,6730.627,6781.27,113061.876,14.77,12.74,1.423,6,300,1095.7,195.921,155.063,854.896,857.682,177.217,1034.899,0.475,6813.306,16.894,6830.2,113990.031,150,204.896,296.119,24.547,17.809,0.433,4.758,9760.096,378.777,0.788,2213.1,8.3,885.2,0,0,18.726,28.337,19.693,83,Mackay,Mackay,Pind,1964,LPOH_5_15,BareFallow,42,MW_Surf2,130_150,50,3,6,SWD_0_50_200_50_50,P2R,MW_01MayR6V1,MW_T3,1395.7,1154.896,350.984,528.201,42.789,18.242,11.2426573475014,0.125462484744888,17.3121333333333,0.865606666666667,0.633692214586913,25.068,3_6
01/08/2007,2007,213,2006,01-May,6,sugar,alive,0,0,2,334,4.43,2004,1/9/2006,122,0,0,182,2007,14,2616,4834.5,4346.55,5418.19,3677.56,114.084,2046.98,,0,0,0,19.17,84.8,58.797,48.797,16.894,6813.306,6830.2,113990.031,13.7,11.92,1.446,5,250,2034.3,622.652,754.745,1030.723,710.805,161.285,872.089,1.385,6857.13,4.166,6861.295,114584.425,150,203.66,285.04,13.403,11.92,1.135,2.783,9015.627,380.618,0.782,2174.1,8.1,869.6,0,0,18.118,27.313,19.704,257,Mackay,Mackay,Pind,1964,LPOH_5_15,BareFallow,42,MW_Surf2,130_150,50,3,6,SWD_0_50_200_50_50,P2R,MW_01MayR6V1,MW_T3,2284.3,1280.723,1377.397,1538.682,26.458,13.055,8.90778099557828,0.130816923502074,16.2977142857143,0.76056,0.560168908965924,20.47,3_6
01/07/2008,2008,183,2007,01-May,6,sugar,alive,0,0,3,335,4.418,2004,1/8/2007,122,0,0,182,2008,14,2616,4539.62,3982.77,5046.59,3349.92,102.887,1731.4,,0,0,0,17.799,93.3,78.611,68.611,4.166,6857.13,6861.295,114584.425,15.32,13.28,1.455,6,300,2267.9,454.693,1284.926,756.348,655.609,173.034,828.643,4.366,6887.627,4.24,6891.867,114906.368,150,216.019,292.371,9.618,0.656,4.734,1.877,9070.382,382.486,0.732,1882.3,7,752.9,0,0,18.379,27.752,19.371,532,Mackay,Mackay,Pind,1964,LPOH_5_15,BareFallow,42,MW_Surf2,130_150,50,3,6,SWD_0_50_200_50_50,P2R,MW_01MayR6V1,MW_T3,2567.9,1056.348,1739.619,1912.653,15.008,5.39,9.73987738889078,0.124163240382167,13.7182666666667,0.685913333333333,0.476286808104843,17.314,3_6
01/07/2009,2009,182,2008,01-May,6,sugar,alive,0,0,4,365,4.486,2004,1/7/2008,122,0,0,182,2009,14,2616,5308.83,4633.1,5763.47,4012.82,122.519,1777.39,,0,0,0,14.944,123,60.25,50.25,4.24,6887.627,6891.867,114906.368,18.68,16.21,1.463,6,300,1875.6,376.587,768.741,914.707,824.26,185.792,1010.052,2.952,6891.86,4.094,6895.954,115140.331,150,260.584,334.846,9.505,0.17,2.573,2.091,9895.062,384.553,0.792,2245.2,8.3,898.1,0,0,17.996,27.705,18.873,145,Mackay,Mackay,Pind,1964,LPOH_5_15,BareFallow,42,MW_Surf2,130_150,50,3,6,SWD_0_50_200_50_50,P2R,MW_01MayR6V1,MW_T3,2175.6,1214.707,1145.328,1331.12,12.248,2.743,10.0863006469873,0.121299695461224,16.3358666666667,0.816793333333333,0.470170847020539,17.774,3_6
01/07/2010,2010,182,2009,01-May,6,sugar,alive,0,0,5,365,4.499,2004,1/7/2009,122,0,0,182,2010,14,2616,4863.94,4259.2,5349.85,3686.37,113.375,1857.53,,0,0,0,17.252,113.6,62.47,52.47,4.094,6891.86,6895.954,115140.331,17.32,15.1,1.463,6,300,1857.2,458.054,783.625,825.824,713.889,187.649,901.538,3.123,6927.768,3.615,6931.383,115540.406,150,236.143,322.773,5.525,0.138,2.641,1.187,9999.019,386.651,0.734,1890.3,7,756.1,0,0,18.212,28.153,19.689,185,Mackay,Mackay,Pind,1964,LPOH_5_15,BareFallow,42,MW_Surf2,130_150,50,3,6,SWD_0_50_200_50_50,P2R,MW_01MayR6V1,MW_T3,2157.2,1125.824,1241.679,1429.328,8.304,2.779,10.0704017679495,0.125757316940606,15.1166666666667,0.755833333333333,0.480111627276693,18.575,3_6
01/07/2011,2011,182,2010,01-May,6,sugar,alive,0,0,6,365,4.475,2004,1/7/2010,122,0,0,182,2011,14,2616,4549.53,4112,5148.52,3406.13,106.443,1953.24,,0,0,0,19.671,105.2,58.454,48.454,3.615,6927.768,6931.383,115540.406,16.2,14.6,1.472,3,150,3875.8,1190.706,2008.052,1123.378,577.243,204.719,781.962,7.126,6930.356,3.246,6933.602,115341.812,150,214.37,320.471,31.394,14.109,7.35,5.671,9539.182,388.78,0.647,1487.4,5.5,594.9,0,0,18.918,26.832,17.085,220,Mackay,Mackay,Pind,1964,LPOH_5_15,BareFallow,42,MW_Surf2,130_150,50,3,6,SWD_0_50_200_50_50,P2R,MW_01MayR6V1,MW_T3,4025.8,1273.378,3198.758,3403.477,52.853,21.459,8.35910468062115,0.136122982958251,17.7405,0.70962,0.496538694780053,19.532,3_6
01/05/2012,2012,122,0,01-May,6,none,out,0,0,-1,0,6,2004,0.000,122,0,0,182,-1,14,2616,0,0,0,0,0,0,,0,0,0,0,0,94.533,84.533,3.246,6930.356,6933.602,115341.812,0,0,1.474,0,0,2161.5,675.501,1098.301,774.582,0,346.64,346.64,7.005,6950.044,76.17,7026.215,115066.695,0,0,168.564,39.945,10.87,5.688,6.094,9595.923,390.578,0.004,5.1,0,2,0,0,18.666,28.015,20.115,239,Mackay,Mackay,Pind,1964,LPOH_5_15,BareFallow,42,MW_Surf2,130_150,50,3,6,SWD_0_50_200_50_50,P2R,MW_01MayR6V1,MW_T3,2161.5,774.582,1773.802,2120.442,56.503,16.558,0,0,0,,,0,3_6
01/09/2013,2013,244,2012,01-May,7,sugar,alive,0,0,0,488,4.653,2012,1/5/2012,122,0,0,182,2013,14,2616,6111.47,5416.52,6237.31,4848.09,148.504,2293.36,,0,0,0,16.095,163,135.592,135.592,76.17,6950.044,7026.215,115066.695,24.63,22.09,1.473,6,300,2271.5,337.152,1055.728,1074.492,824.981,422.756,1247.737,13.129,6780.422,6.069,6786.491,113911.739,130,336.049,342.12,46.005,15.907,10.575,8.816,4633.65,393.501,0.868,2891.8,10.6,1156.7,0,0,16.991,26.478,18.616,189,Mackay,Mackay,Pind,1964,LPOH_5_15,BareFallow,42,MW_Surf2,130_150,50,3,6,SWD_0_50_200_50_50,P2R,MW_01MayR6V1,MW_T3,2571.5,1374.492,1392.88,1815.636,72.487,26.482,10.804282600408,0.119018671402707,19.8005333333333,1.14233846153846,0.441911745013376,22.934,3_6
01/09/2014,2014,244,2013,01-May,7,sugar,alive,0,0,1,365,4.486,2012,1/9/2013,122,0,0,182,2014,14,2616,5415.39,4903.82,5923.43,4179.41,130.323,2518.43,,0,0,0,20.869,98.2,48.475,38.475,6.069,6780.422,6786.491,113911.739,15.4,13.53,1.439,6,300,1399,313.418,366.166,899.041,766.804,199.943,966.747,1.62,6848.845,3.218,6852.063,114514.69,150,217.47,301.75,4.469,3.694,0.897,1.076,9372.121,395.729,0.772,2114.4,7.9,845.8,0,0,18.454,27.892,19.741,162,Mackay,Mackay,Pind,1964,LPOH_5_15,BareFallow,42,MW_Surf2,130_150,50,3,6,SWD_0_50_200_50_50,P2R,MW_01MayR6V1,MW_T3,1699,1199.041,679.584,879.527,9.06,4.591,10.8689360914264,0.134805693733728,17.3764,0.86882,0.599268864670989,25.184,3_6
01/08/2015,2015,213,2014,01-May,7,sugar,alive,0,0,2,334,4.464,2012,1/9/2014,122,0,0,182,2015,14,2616,4480.33,3916.07,4938.62,3326.73,101.597,1841.34,,0,0,0,19.392,91,83.145,73.145,3.218,6848.845,6852.063,114514.69,14.88,12.81,1.458,6,300,856.5,181.888,117.613,656.646,680.901,177.864,858.766,0.242,6889.494,2.668,6892.162,115257.654,150,217.135,298.802,6,0.316,0.29,1.411,8976.783,397.8,0.752,1994.7,7.4,797.9,0,0,18.976,28.657,20.245,127,Mackay,Mackay,Pind,1964,LPOH_5_15,BareFallow,42,MW_Surf2,130_150,50,3,6,SWD_0_50_200_50_50,P2R,MW_01MayR6V1,MW_T3,1156.5,956.646,299.501,477.365,6.606,0.606,10.6201248946841,0.118305801580407,13.5462666666667,0.677313333333333,0.467897851566998,18.413,3_6
01/07/2016,2016,183,2015,01-May,7,sugar,alive,0,0,3,335,4.484,2012,1/8/2015,122,0,0,182,2016,14,2616,5760.87,5063.36,6264.75,4309.53,132.81,2283.71,,0,0,0,18.25,123.5,63.379,53.379,2.668,6889.494,6892.162,115257.654,19.42,16.87,1.467,6,300,1633.5,210.261,580.081,969.883,859.163,190.926,1050.089,2.906,6883.698,1.963,6885.662,115157.233,150,265.981,338.397,9.192,0.128,1.793,1.906,9739.499,399.898,0.738,1915.9,7.1,766.3,0,0,19.681,28.829,19.834,143,Mackay,Mackay,Pind,1964,LPOH_5_15,BareFallow,42,MW_Surf2,130_150,50,3,6,SWD_0_50_200_50_50,P2R,MW_01MayR6V1,MW_T3,1933.5,1269.883,790.342,981.268,11.113,1.921,10.4584438093903,0.126474994024316,17.708,0.8854,0.499321380098579,22.837,3_6
01/07/2017,2017,182,2016,01-May,7,sugar,alive,0,0,4,365,4.534,2012,1/7/2016,122,0,0,182,2017,14,2616,5122.67,4590.73,5732.6,3880.91,120.754,2220.14,,0,0,0,19.714,114.9,138.448,128.448,1.963,6883.698,6885.662,115157.233,17.22,15.27,1.465,6,300,2440.8,631.562,1206.68,1038.531,783.03,167.978,951.008,4.029,6901.228,5.776,6907.004,115179.211,150,238.331,345.057,21.855,2.345,3.061,4.311,11006.872,402.218,0.716,1796.7,6.7,718.7,0,0,18.71,27.886,17.426,276,Mackay,Mackay,Pind,1964,LPOH_5_15,BareFallow,42,MW_Surf2,130_150,50,3,6,SWD_0_50_200_50_50,P2R,MW_01MayR6V1,MW_T3,2740.8,1338.531,1838.242,2006.22,27.261,5.406,9.0213823960745,0.12697474679498,16.1005333333333,0.805026666666667,0.506665100217765,22.201,3_6
01/07/2018,2018,182,2017,01-May,7,sugar,alive,0,0,5,365,4.503,2012,1/7/2017,122,0,0,182,2018,14,2616,4969.87,4286.91,5390.06,3752.97,114.129,1961.36,,0,0,0,18.238,117.6,71.997,61.997,5.776,6901.228,6907.004,115179.211,18.21,15.71,1.472,6,300,1178,304.213,230.464,830.314,755.402,173.226,928.628,0.637,6921.607,2.806,6924.413,115609.866,150,249.525,323.024,6.815,0.37,0.521,1.39,9818.023,404.569,0.795,2265.4,8.4,906.2,0,0,18.232,28.297,18.11,103,Mackay,Mackay,Pind,1964,LPOH_5_15,BareFallow,42,MW_Surf2,130_150,50,3,6,SWD_0_50_200_50_50,P2R,MW_01MayR6V1,MW_T3,1478,1130.314,534.677,707.903,7.706,0.891,10.0971057599924,0.122900666359403,15.2172,0.76086,0.457385031559964,19.614,3_6
01/07/2019,2019,182,2018,01-May,7,sugar,alive,0,0,6,365,4.518,2012,1/7/2018,122,0,0,182,2019,14,2616,5540.49,4908.19,6076.3,4151.06,127.773,2133.53,,0,0,0,17.638,128.6,68.693,58.693,2.806,6921.607,6924.413,115609.866,19.53,17.22,1.477,6,300,1616.7,399.695,523.573,957.038,797.156,172.499,969.655,1.93,6931.504,3.107,6934.611,115679.509,150,265.527,338.596,7.326,0.181,1.513,1.591,10397.454,406.953,0.745,1949.6,7.2,779.8,0,0,18.518,27.946,17.42,123,Mackay,Mackay,Pind,1964,LPOH_5_15,BareFallow,42,MW_Surf2,130_150,50,3,6,SWD_0_50_200_50_50,P2R,MW_01MayR6V1,MW_T3,1916.7,1257.038,923.268,1095.767,9.02,1.694,10.1646091844479,0.131771609489973,17.0364,0.85182,0.481205301155815,21.335,3_6
01/05/2020,2020,122,0,01-May,7,none,out,0,0,-1,0,6,2012,0.000,122,0,0,182,-1,14,2616,0,0,0,0,0,0,,0,0,0,0,0,74.47,64.47,3.107,6931.504,6934.611,115679.509,0,0,1.479,0,0,1474.8,531.483,589.525,655.426,0,298.547,298.547,0.939,7001.008,80.48,7081.488,115752.039,0,0,157.657,17.312,3.696,2.261,2.154,10944.242,408.965,0.005,6.6,0,2.6,0,0,18.71,28.945,19.969,167,Mackay,Mackay,Pind,1964,LPOH_5_15,BareFallow,42,MW_Surf2,130_150,50,3,6,SWD_0_50_200_50_50,P2R,MW_01MayR6V1,MW_T3,1474.8,655.426,1121.008,1419.555,23.269,5.957,0,0,0,,,0,3_6
06/09/2021,2021,249,2020,01-May,8,sugar,alive,0,0,0,493,4.696,2020,1/5/2020,122,0,5,182,2021,9,2616,6345.07,5691.99,6548.65,4972.75,152.46,2434.35,,0,0,0,16.74,180.4,129.714,129.714,80.48,7001.008,7081.488,115752.039,27.64,25.25,1.49,6,300,1519.6,80.156,461.279,1049.384,870.955,398.055,1269.01,12.684,6792.25,24.254,6816.504,114013.318,130,378.119,383.784,49.107,2.42,7.094,9.131,5525.973,412.265,0.862,2827.5,10.4,1131,0,0,17.383,26.866,16.077,146,Mackay,Mackay,Pind,1964,LPOH_5_15,BareFallow,42,MW_Surf2,130_150,50,3,6,SWD_0_50_200_50_50,P2R,MW_01MayR6V1,MW_T3,1819.6,1349.384,541.435,939.49,58.621,9.514,11.2984887919228,0.120140897234852,20.328,1.17276923076923,0.403206397985819,24.343,3_6
06/09/2022,2022,249,2021,01-May,8,sugar,alive,0,0,1,365,4.527,2020,6/9/2021,122,0,5,187,2022,9,2621,5502.98,4974.94,6004.94,4244.54,132.122,2413.27,,0,0,0,19.567,114.5,120.869,110.869,24.254,6792.25,6816.504,114013.318,17.35,15.41,1.447,6,300,1303.6,362.376,283.718,916.607,793.695,190.579,984.274,1.03,6849.466,3.989,6853.455,114606.803,150,237.74,335.834,19.198,14.059,0.531,3.94,10029.77,414.753,0.761,2047,7.6,818.8,0,0,18.546,27.892,17.534,124,Mackay,Mackay,Pind,1964,LPOH_5_15,BareFallow,42,MW_Surf2,130_150,50,3,6,SWD_0_50_200_50_50,P2R,MW_01MayR6V1,MW_T3,1603.6,1216.607,646.094,836.673,33.788,14.59,10.8598750459269,0.134232947329707,17.6162666666667,0.880813333333333,0.555741566417094,24.133,3_6
