year,today,day,SowYear,SowDate,cropCycle,currentCrop,sugarStatus,ratoon_no,sugarDAS,sugarPlantYear,sugarPlantDate,sugarPlantingDAY,sugarPlantDelay,sugarHarvDelay,sugarLastHarvDAY,sugarHarvYear,realDelayForKill,totCycle,biomass,green_biomass,cane_wt,canefw,sucrose_wt,residue_wt,burntDM,burntOrgC,burntOrgN,ccs,totalNGCane,totalInitTAW,totalInitPAW,totalInitInorgN,totalInitOrgN,totalInitSoilN,totalInitSoilC,meanInitOC2,irrigNum,totalIrrig,totalRain,totalDrain,totalRunoff,totalEffRain,totalTransp,totalEvap,totalEvapTr,totalSediment,totalSoilOrgN,totalSoilInorgN,totalSoilN,totalSoilC,totalFert,totalNUptake,totalNit,totalDeNit,totalNO3Leach,totalNO3Runoff,totalN2O,totalCO2,CO2,surfaceom_cover,surfaceom_wt,surfaceom_n,surfaceom_c,surfaceom_no3,surfaceom_nh4,meanTMin,meanTMax,meanRadn,maxRain,Region,WStation,Soil,StartYear,IrrigSys,Fallow,DryOff,Fert,FertAmt,IrrigAlloc,IrrigAmt,IrrigFreq,NRunOffModel,Planting,Tillage,totalWater,totalWaterEff,totalWaterLoss,totalWaterLossWithEvap,totalNLoss,totalNPol,GPWUI,CWUE,GPWUI_450,NUE,sucroseTH
1956,14/04/1956,105,0,15-Apr,0,none,out,-1,0,-1,0.000,105,0,0,318,-1,21,2039,0,0,0,0,0,0,0,0,0,0,0,0,0,0,0,0,0,0.89,0,0,908.8,24.993,440.807,459.959,0,277.705,277.705,20.633,9506.462,28.504,9534.966,141792.539,0,0,34.66,7.699,0.206,1.19,1.16,1030.058,350,0,0.5,0,0.2,0,0,22.406,30.649,17.187,67.8,Burdekin,AyrDPI,Mulg,1956,Furrow,BareFallow,35,Surf1,200,999,110,SWBased_900_60_30_15_60,P2R,15AprV1R4,T4,908.8,459.959,465.8,743.505,9.095,1.396,0,0,0,,0
1957,14/07/1957,195,1956,15-Apr,1,sugar,alive,0,456,1956,14/4/1956,105,0,0,318,1957,21,2039,6741.83,6001.56,5231.97,160.986,2847.86,15098.7,0,0,0,18.859,130.8,194.845,194.845,28.504,9506.462,9534.966,141792.539,0.884,11,1210,1202.9,114.967,931.133,789.978,1077.313,426.337,1503.65,26.218,9424.2,0.772,9424.972,141377.25,200,294.162,315.509,29.999,0.531,18.943,6.48,3253.381,350,0.967,4880.3,17.9,1952.1,0,0,16.955,27.951,18.212,77.7,Burdekin,AyrDPI,Mulg,1956,Furrow,BareFallow,35,Surf1,200,999,110,SWBased_900_60_30_15_60,P2R,15AprV1R4,T4,2412.9,1999.978,1046.1,1472.437,49.473,19.474,8.04938854327398,0.107063478868088,9.69795180722891,0.80493,28.479
1958,14/08/1958,226,1957,15-Apr,1,sugar,alive,1,396,1956,14/7/1957,105,0,0,318,1958,21,2039,5659.9,4956.94,4260.99,129.09,2276.71,13989.1,16982.107,6792.842,90.122,18.793,86.8,57.996,57.996,0.772,9424.2,9424.972,141377.25,0.869,13,1430,1020.9,135.334,1013.582,506.26,976.297,328.429,1304.725,11.197,9426.606,0.942,9427.548,142083.372,200,245.303,289.603,16.785,0,7.117,3.698,5085.627,350,0.931,3818,14,1527.2,0,0,17.772,29.136,19.572,136.1,Burdekin,AyrDPI,Mulg,1956,Furrow,BareFallow,35,Surf1,200,999,110,SWBased_900_60_30_15_60,P2R,15AprV1R4,T4,2450.9,1936.26,1148.916,1477.345,23.902,7.117,6.6669765424065,0.098940389737301,6.86648936170213,0.64545,22.767
1959,14/09/1959,257,1958,15-Apr,1,sugar,alive,2,396,1956,14/8/1958,105,0,0,318,1959,21,2039,6146.66,5402.4,4672.93,141.895,2524.9,14737.2,15136.093,6054.437,72.938,18.987,93.7,55.256,55.256,0.942,9426.606,9427.548,142083.372,0.866,9,990,875.3,10.22,562.12,560.247,1011.333,286.575,1297.908,6.006,9413.242,0.88,9414.122,142908.16,200,259.418,304.87,23.483,0,6.285,4.899,5217.674,350,0.957,4508.9,16.5,1803.6,0,0,16.929,28.362,19.643,162.8,Burdekin,AyrDPI,Mulg,1956,Furrow,BareFallow,35,Surf1,200,999,110,SWBased_900_60_30_15_60,P2R,15AprV1R4,T4,1865.3,1550.247,572.34,858.915,29.768,6.285,9.15305754502347,0.109325930651479,9.85381944444445,0.709475,25.249
1960,13/10/1960,287,1959,15-Apr,1,sugar,alive,3,395,1956,14/9/1959,105,0,0,318,1960,21,2039,6833.83,6083.23,5211.92,159.66,2963.4,16219,16359.231,6543.693,81.899,19.93,95.2,50.31,50.31,0.88,9413.242,9414.122,142908.16,0.86,10,1100,1112.7,37.126,817.341,587.759,1069.904,283.312,1353.216,10.395,9393.204,1.215,9394.419,143725.424,200,268.027,319.771,26.43,0,7.177,5.369,5643.293,350,0.96,4585.1,16.8,1834.1,0,0,17.803,28.647,20.438,210.1,Burdekin,AyrDPI,Mulg,1956,Furrow,BareFallow,35,Surf1,200,999,110,SWBased_900_60_30_15_60,P2R,15AprV1R4,T4,2212.7,1687.759,854.467,1137.779,33.607,7.177,9.45988141671886,0.117985598751419,10.3006451612903,0.7983,29.634
1961,13/11/1961,317,1960,15-Apr,1,sugar,alive,4,396,1956,13/10/1960,105,0,0,318,1961,21,2039,6369.06,5705.53,4823.17,148.775,3007.15,15458.9,17683.55,7073.42,86.323,21.962,101,55.329,55.329,1.215,9393.204,9394.419,143725.424,0.852,14,1540,499,80.055,547.793,350.848,1104.755,294.842,1399.598,4.879,9375.598,1.78,9377.378,144557.911,200,263.623,319.142,33.058,0.001,3.988,6.418,5796.273,350,0.911,3451.4,12.7,1380.6,0,0,16.991,29.222,21.178,63.2,Burdekin,AyrDPI,Mulg,1956,Furrow,BareFallow,35,Surf1,200,999,110,SWBased_900_60_30_15_60,P2R,15AprV1R4,T4,2039,1890.848,627.848,922.69,37.047,3.989,7.86816285603073,0.106298379963389,7.47613065326633,0.743875,30.072
1962,15/04/1962,105,0,15-Apr,1,none,out,-1,0,1956,0.000,105,0,0,318,-1,21,2039,0,0,0,0,0,0,16073.743,6429.498,76.271,0,0,66.885,66.885,1.78,9375.598,9377.378,144557.911,0.846,0,0,875.8,69.206,394.391,465.234,0,315.561,315.561,18.742,9446.779,30.808,9477.586,146921.396,0,0,40.183,3.595,0.001,1.912,0.366,3739.151,350,0,0.3,0,0.1,0,0,21.944,31.478,21.317,102.1,Burdekin,AyrDPI,Mulg,1956,Furrow,BareFallow,35,Surf1,200,999,110,SWBased_900_60_30_15_60,P2R,15AprV1R4,T4,875.8,465.234,463.597,779.158,5.508,1.913,0,0,0,,0
1963,15/07/1963,196,1962,15-Apr,2,sugar,alive,0,456,1962,15/4/1962,105,0,0,318,1963,21,2039,6540.73,5795.59,5043.16,154.434,2924.56,14975.7,0,0,0,20.393,179.2,163.527,163.527,30.808,9446.779,9477.586,146921.396,0.843,14,1540,1147.9,209.787,1111.652,614.583,1110.625,357.198,1467.824,17.953,9296.845,1.966,9298.811,144790.496,200,358.505,386.693,32.595,0.002,23.076,6.93,5194.813,350,0.951,4294.8,15.7,1717.9,0,0,16.968,28.851,18.604,91.9,Burdekin,AyrDPI,Mulg,1956,Furrow,BareFallow,35,Surf1,200,999,110,SWBased_900_60_30_15_60,P2R,15AprV1R4,T4,2687.9,2154.583,1321.439,1678.637,55.673,23.078,7.16769787935763,0.105212886558606,7.76050251256281,0.77217,29.246
1964,14/08/1964,227,1963,15-Apr,2,sugar,alive,1,396,1962,15/7/1963,105,0,0,318,1964,21,2039,5641.47,4920.25,4245.66,128.25,2317.56,13958.1,16379.942,6551.977,84.935,19.327,107.8,62.165,62.165,1.966,9296.845,9298.811,144790.496,0.826,12,1320,612.7,3.487,618.789,457.162,1011.347,307.085,1318.432,7.331,9276.735,1.223,9277.957,145205.296,200,266.504,312.187,22.196,0,6.599,4.794,5343.933,350,0.932,3841.2,14.1,1536.5,0,0,17.172,29.171,19.499,92.7,Burdekin,AyrDPI,Mulg,1956,Furrow,BareFallow,35,Surf1,200,999,110,SWBased_900_60_30_15_60,P2R,15AprV1R4,T4,1932.7,1777.162,622.276,929.361,28.795,6.599,7.2165621367101,0.0972746413921992,7.24576271186441,0.64125,23.176
1965,14/09/1965,257,1964,15-Apr,2,sugar,alive,2,396,1962,14/8/1964,105,0,0,318,1965,21,2039,5863.51,5209.14,4459.65,136.579,2574.83,14038.6,15129.383,6051.754,82.234,20.288,103.5,54.159,54.159,1.223,9276.735,9277.957,145205.296,0.823,11,1210,831.2,21.941,684.655,508.494,1019.361,319.578,1338.939,7.033,9250.266,1.065,9251.331,145797.013,200,263.835,316.317,30.886,0,7.306,6.325,5181.693,350,0.93,3804.2,14,1521.7,0,0,17.287,29.163,19.689,107.4,Burdekin,AyrDPI,Mulg,1956,Furrow,BareFallow,35,Surf1,200,999,110,SWBased_900_60_30_15_60,P2R,15AprV1R4,T4,2041.2,1718.494,706.596,1026.174,38.192,7.306,7.94759830409649,0.10200539382302,8.22765060240964,0.682895,25.748
1966,14/10/1966,287,1965,15-Apr,2,sugar,alive,3,395,1962,14/9/1965,105,0,0,318,1966,21,2039,5993.74,5275.16,4500.46,136.603,2581.77,14932.8,15166.381,6066.552,82.461,20.347,95.9,49.826,49.826,1.065,9250.266,9251.331,145797.013,0.816,13,1430,392.1,3.091,548.293,358.45,990.085,283.67,1273.754,3.709,9235.418,0.955,9236.373,146593.627,200,262,310.854,24.681,0,7.783,5.071,5335.693,350,0.945,4153.2,15.2,1661.3,0,0,17.785,28.871,19.833,102.9,Burdekin,AyrDPI,Mulg,1956,Furrow,BareFallow,35,Surf1,200,999,110,SWBased_900_60_30_15_60,P2R,15AprV1R4,T4,1822.1,1788.45,551.384,835.054,32.464,7.783,7.63806648214935,0.107244412971422,7.2661170212766,0.683015,25.818
1967,14/11/1967,318,1966,15-Apr,2,sugar,alive,4,396,1962,14/10/1966,105,0,0,318,1967,21,2039,6264.14,5580.36,4704.94,144.287,2792.39,15592,16223.046,6489.218,85.322,20.904,97.2,46.789,46.789,0.955,9235.418,9236.373,146593.627,0.81,11,1210,821.8,30.482,667.07,472.625,1013.313,305.568,1318.881,5.662,9219.427,1.417,9220.844,147273.422,200,262.549,313.403,28.965,0,4.279,6.009,5533.924,350,0.93,3796.2,13.9,1518.5,0,0,18.229,28.885,20.191,154.9,Burdekin,AyrDPI,Mulg,1956,Furrow,BareFallow,35,Surf1,200,999,110,SWBased_900_60_30_15_60,P2R,15AprV1R4,T4,2031.8,1682.625,697.552,1003.12,33.244,4.279,8.5751132902459,0.109401075608793,8.69198795180723,0.721435,27.924
1968,14/04/1968,105,0,15-Apr,2,none,out,-1,0,1962,0.000,105,0,0,318,-1,21,2039,0,0,0,0,0,0,16479.975,6591.99,84.862,0,0,62.157,62.157,1.417,9219.427,9220.844,147273.422,0.804,0,0,1341.7,135.624,844.125,461.126,0,277.542,277.542,40.102,9306.566,14.238,9320.804,150155.144,0,0,18.987,0.704,0.003,0.988,0.068,3069.798,350,0,0.4,0,0.2,0,0,22.329,31.086,21.557,187.9,Burdekin,AyrDPI,Mulg,1956,Furrow,BareFallow,35,Surf1,200,999,110,SWBased_900_60_30_15_60,P2R,15AprV1R4,T4,1341.7,461.126,979.749,1257.291,1.695,0.991,0,0,0,,0
1969,14/07/1969,195,1968,15-Apr,3,sugar,alive,0,456,1968,14/4/1968,105,0,0,318,1969,21,2039,6820.62,6119.76,5253.42,162.043,3130.69,15672,0,0,0,20.864,169.5,146.567,146.567,14.238,9306.566,9320.804,150155.144,0.804,19,2090,302.7,34.345,860.638,257.391,1160.371,406.555,1566.926,19.369,9168.464,1.866,9170.33,147599.523,200,345.647,376.722,24.894,0.001,15.994,5.459,5679.286,350,0.942,4065.9,14.9,1626.3,0,0,17.239,28.858,19.267,46.5,Burdekin,AyrDPI,Mulg,1956,Furrow,BareFallow,35,Surf1,200,999,110,SWBased_900_60_30_15_60,P2R,15AprV1R4,T4,2392.7,2347.391,894.983,1301.538,40.889,15.995,6.90311073016809,0.10341458371359,6.37964566929134,0.810215,31.307
1970,14/08/1970,226,1969,15-Apr,3,sugar,alive,1,396,1968,14/7/1969,105,0,0,318,1970,21,2039,5968.64,5275.61,4479.83,136.346,2554.58,14888.1,16777.218,6710.887,85.862,20.145,105.7,77.359,77.359,1.866,9168.464,9170.33,147599.523,0.789,14,1540,667.3,0.001,818.374,389.359,1055.874,314.536,1370.41,10.455,9150.846,1.222,9152.068,147932.12,200,268.447,309.069,16.569,0,8.263,3.655,5581.017,350,0.932,3835.2,14.1,1534.1,0,0,17.457,29.272,20.242,133.6,Burdekin,AyrDPI,Mulg,1956,Furrow,BareFallow,35,Surf1,200,999,110,SWBased_900_60_30_15_60,P2R,15AprV1R4,T4,2207.3,1929.359,818.375,1132.911,24.832,8.263,7.06690667729541,0.0994928525039952,6.85155778894472,0.68173,25.546
1971,14/09/1971,257,1970,15-Apr,3,sugar,alive,2,396,1968,14/8/1970,105,0,0,318,1971,21,2039,6618.26,5936.13,5014.35,154.054,2863.08,16039.1,15914.816,6365.927,80.271,19.959,94.8,95.875,95.875,1.222,9150.846,9152.068,147932.12,0.786,9,990,1226,69.048,750.504,761.558,1107.218,290.877,1398.095,6.062,9140.092,1.406,9141.498,148455.586,200,255.963,306.892,25.06,0.002,10.046,5.07,5828.417,350,0.937,3947.6,14.5,1579,0,0,17.442,28.692,19.601,220,Burdekin,AyrDPI,Mulg,1956,Furrow,BareFallow,35,Surf1,200,999,110,SWBased_900_60_30_15_60,P2R,15AprV1R4,T4,2216,1751.558,819.552,1110.429,35.108,10.048,8.79525542402821,0.110188506503492,10.6981944444444,0.77027,28.631
1972,13/10/1972,287,1971,15-Apr,3,sugar,alive,3,395,1968,14/9/1971,105,0,0,318,1972,21,2039,6075.03,5427.19,4568.16,140.046,2654.76,15068.6,16988.75,6795.5,78.944,20.416,92.3,94.229,94.229,1.406,9140.092,9141.498,148455.586,0.781,12,1320,1328.3,333.038,1013.072,618.624,1055.427,289.725,1345.152,6.522,9137.894,1.014,9138.908,148999.946,200,259.796,304.898,19.786,0.076,4.208,4.034,5980.052,350,0.925,3691.3,13.5,1476.5,0,0,16.804,28.821,20.091,206.2,Burdekin,AyrDPI,Mulg,1956,Furrow,BareFallow,35,Surf1,200,999,110,SWBased_900_60_30_15_60,P2R,15AprV1R4,T4,2648.3,1938.624,1346.11,1635.835,24.07,4.284,7.22398979895018,0.104111654296317,7.91220338983051,0.70023,26.548
1973,17/11/1973,321,1972,15-Apr,3,sugar,alive,4,400,1968,13/10/1972,105,0,4,318,1973,17,2039,6574.59,5838.01,4929.98,150.793,2809.8,16446.1,15945.949,6378.379,81.457,20.019,96.3,51.268,51.268,1.014,9137.894,9138.908,148999.946,0.777,11,1210,1238.1,276.084,752.774,678.681,1064.664,287.893,1352.557,4.002,9127.691,1.739,9129.43,149215.872,200,260.509,312.533,28.106,0.008,4.844,5.617,6357.169,350,0.931,3819.7,14,1527.9,0,0,18.843,29.254,19.804,108.5,Burdekin,AyrDPI,Mulg,1956,Furrow,BareFallow,35,Surf1,200,999,110,SWBased_900_60_30_15_60,P2R,15AprV1R4,T4,2448.1,1888.681,1028.858,1316.751,32.958,4.852,7.98403753730778,0.11148735321321,9.0839156626506,0.753965,28.098
1974,15/04/1974,105,0,15-Apr,3,none,out,-1,0,1968,0.000,105,0,4,322,-1,17,2043,0,0,0,0,0,0,17225.905,6890.362,81.874,0,0,117.954,117.954,1.739,9127.691,9129.43,149215.872,0.771,0,0,1721.8,318.306,990.948,530.983,0,364.15,364.15,47.248,9215.482,13.995,9229.478,152006.093,0,0,23.176,1.795,0.023,1.329,0.132,3434.8,350,0,0.2,0,0.1,0,0,22.293,30.139,17.364,152.9,Burdekin,AyrDPI,Mulg,1956,Furrow,BareFallow,35,Surf1,200,999,110,SWBased_900_60_30_15_60,P2R,15AprV1R4,T4,1721.8,530.983,1309.254,1673.404,3.147,1.352,0,0,0,,0
1975,15/07/1975,196,1974,15-Apr,4,sugar,alive,0,456,1974,15/4/1974,105,0,0,318,1975,21,2039,7238.66,6384.49,5624.15,172.04,3245.36,16145.1,0,0,0,20.303,156.1,166.351,166.351,13.995,9215.482,9229.478,152006.093,0.772,14,1540,763.6,44.877,852.817,558.687,1153.281,366.637,1519.918,18.066,9090.249,1.484,9091.733,148727.853,200,338.336,366.193,21.051,0.005,16.743,4.684,6586.48,350,0.969,4948.3,18.1,1979.3,0,0,17.001,28.293,19.228,65,Burdekin,AyrDPI,Mulg,1956,Furrow,BareFallow,35,Surf1,200,999,110,SWBased_900_60_30_15_60,P2R,15AprV1R4,T4,2303.6,2098.687,897.694,1264.331,37.799,16.748,8.1975063456342,0.11319031684604,8.64522613065327,0.8602,32.454
1976,14/08/1976,227,1975,15-Apr,4,sugar,alive,1,396,1974,15/7/1975,105,0,0,318,1976,21,2039,6313.49,5581.74,4798.55,146.839,2578.85,15149.3,17929.371,7171.749,94.138,18.702,93.4,52.34,52.34,1.484,9090.249,9091.733,148727.853,0.759,7,770,1989.1,221.51,1219.426,923.254,982.79,333.044,1315.834,21.056,9083.388,1.273,9084.661,148224.215,200,252.338,300.696,25.203,0.007,5.858,5.225,6568.219,350,0.932,3848.9,14.1,1539.6,0,0,17.81,28.163,18.823,179.8,Burdekin,AyrDPI,Mulg,1956,Furrow,BareFallow,35,Surf1,200,999,110,SWBased_900_60_30_15_60,P2R,15AprV1R4,T4,2759.1,1693.254,1440.936,1773.98,31.068,5.865,8.67200077483945,0.111593863663654,12.0359836065574,0.734195,25.788
1977,14/09/1977,257,1976,15-Apr,4,sugar,alive,2,396,1974,14/8/1976,105,0,0,318,1977,21,2039,6581.83,5891,5002.2,153.441,2727.99,15796.3,16148.51,6459.405,75.057,18.968,93.8,54.671,54.671,1.273,9083.388,9084.661,148224.215,0.758,10,1100,1380,118.311,1017.55,633.599,1037.676,292.238,1329.914,9.06,9076.364,1.31,9077.675,147699.41,200,259.343,307.654,21.396,0.004,6.352,4.449,7011.062,350,0.943,4103.7,15,1641.5,0,0,17.722,28.369,19.544,170.6,Burdekin,AyrDPI,Mulg,1956,Furrow,BareFallow,35,Surf1,200,999,110,SWBased_900_60_30_15_60,P2R,15AprV1R4,T4,2480,1733.599,1135.861,1428.099,27.752,6.356,8.85100879730549,0.115376633376294,9.89941935483871,0.767205,27.28
1978,14/10/1978,287,1977,15-Apr,4,sugar,alive,3,395,1974,14/9/1977,105,0,0,318,1978,21,2039,6950.3,6223.46,5270.22,161.744,3060.44,16800.8,16915,6766,77.778,20.373,98.5,68.898,68.898,1.31,9076.364,9077.675,147699.41,0.754,10,1100,953.7,19.687,660.268,611.544,1083.952,276.795,1360.747,8.557,9070.599,1.175,9071.774,147046.854,200,271.302,311.665,16.52,0.001,3.523,3.467,7547.025,350,0.949,4256.2,15.6,1702.5,0,0,17.755,28.363,20.718,150.6,Burdekin,AyrDPI,Mulg,1956,Furrow,BareFallow,35,Surf1,200,999,110,SWBased_900_60_30_15_60,P2R,15AprV1R4,T4,2053.7,1711.544,679.955,956.75,20.044,3.524,9.45018065559518,0.118864123896654,10.4350967741935,0.80872,30.604
1979,14/11/1979,318,1978,15-Apr,4,sugar,alive,4,396,1974,14/10/1978,105,0,0,318,1979,21,2039,6249.51,5534.1,4704.25,143.951,2705.7,15452.6,17898.522,7159.409,81.636,20.219,91.5,81.897,81.897,1.175,9070.599,9071.774,147046.854,0.751,9,990,1489.5,189.164,1029.391,686.74,977.989,316.28,1294.268,9.849,9066.27,1.2,9067.47,146148.281,200,258.308,309.72,27.468,0.009,3.794,5.557,7720.121,350,0.926,3721.4,13.6,1488.6,0,0,18.32,28.53,19.539,350.7,Burdekin,AyrDPI,Mulg,1956,Furrow,BareFallow,35,Surf1,200,999,110,SWBased_900_60_30_15_60,P2R,15AprV1R4,T4,2479.5,1676.74,1218.555,1534.835,31.271,3.803,8.5851712251154,0.111221941668959,9.99659722222222,0.719755,27.057
1980,14/04/1980,105,0,15-Apr,4,none,out,-1,0,1974,0.000,105,0,0,318,-1,21,2039,0,0,0,0,0,0,16297.932,6519.172,81.415,0,0,48.575,48.575,1.2,9066.27,9067.47,146148.281,0.748,0,0,636.1,5.075,303.131,332.464,0,232.316,232.316,14.285,9161.499,12.413,9173.911,148220.441,0,0,16.331,0.489,0.001,0.512,0.055,4077.742,350,0,0.5,0,0.2,0,0,22.487,31.511,22.411,86.4,Burdekin,AyrDPI,Mulg,1956,Furrow,BareFallow,35,Surf1,200,999,110,SWBased_900_60_30_15_60,P2R,15AprV1R4,T4,636.1,332.464,308.206,540.522,1.002,0.513,0,0,0,,0
1981,14/07/1981,195,1980,15-Apr,5,sugar,alive,0,456,1980,14/4/1980,105,0,0,318,1981,21,2039,7564.04,6793.19,5881.88,181.887,3359.69,16821.7,0,0,0,19.82,187.8,144.154,144.154,12.413,9161.499,9173.911,148220.441,0.749,14,1540,1226.2,230.264,1090.376,667.422,1158.227,355.898,1514.126,21.302,8993.556,2.605,8996.161,143351.277,200,377.352,406.261,20.69,0.024,17.785,4.611,8149.803,350,0.959,4545.8,16.7,1818.3,0,0,17.555,28.055,18.773,104.8,Burdekin,AyrDPI,Mulg,1956,Furrow,BareFallow,35,Surf1,200,999,110,SWBased_900_60_30_15_60,P2R,15AprV1R4,T4,2766.2,2207.422,1320.64,1676.538,38.499,17.809,8.23979284432247,0.120126726573614,9.14005025125628,0.909435,33.597
1982,14/08/1982,226,1981,15-Apr,5,sugar,alive,1,396,1980,14/7/1981,105,0,0,318,1982,21,2039,6316.22,5577.24,4781.86,145.693,2787.87,15343.6,18162.394,7264.958,90.968,20.636,119.1,75.588,75.588,2.605,8993.556,8996.161,143351.277,0.737,13,1430,604.4,16.082,635.524,460.604,1091.212,308.757,1399.97,7.168,8955.019,1.287,8956.306,142945.661,200,294.666,337.5,18.985,0.004,6.052,4.144,6718.379,350,0.941,4054.9,14.9,1622,0,0,17.532,28.965,19.448,47.4,Burdekin,AyrDPI,Mulg,1956,Furrow,BareFallow,35,Surf1,200,999,110,SWBased_900_60_30_15_60,P2R,15AprV1R4,T4,2034.4,1890.604,651.606,960.363,25.041,6.056,7.70616162877049,0.104068658614113,7.74962765957447,0.728465,27.879
1983,14/09/1983,257,1982,15-Apr,5,sugar,alive,2,396,1980,14/8/1982,105,0,0,318,1983,21,2039,6256.41,5509.16,4758.65,144.591,2623.8,14977.6,16488.777,6595.511,85.689,19.42,104.7,58.413,58.413,1.287,8955.019,8956.306,142945.661,0.736,11,1210,637.3,47.269,495.457,429.739,1012.313,295.184,1307.497,5.145,8944.571,1.11,8945.681,143031.261,200,268.845,315.601,22.529,0.007,3.954,4.625,6511.647,350,0.948,4221,15.5,1688.4,0,0,17.915,28.646,19.857,95.4,Burdekin,AyrDPI,Mulg,1956,Furrow,BareFallow,35,Surf1,200,999,110,SWBased_900_60_30_15_60,P2R,15AprV1R4,T4,1847.3,1639.739,542.726,837.91,26.49,3.961,8.81792773118161,0.110586104595269,8.71030120481928,0.722955,26.238
1984,13/10/1984,287,1983,15-Apr,5,sugar,alive,3,395,1980,14/9/1983,105,0,0,318,1984,21,2039,6514.12,5812.69,4913,150.691,2815.53,16011.2,16318.803,6527.522,80.219,20.081,104.5,55.492,55.492,1.11,8944.571,8945.681,143031.261,0.733,11,1210,624.6,3.272,471.663,522.013,1056.54,295.556,1352.096,3.005,8930.112,1.397,8931.509,143077.486,200,276.109,317.083,16.182,0,6.093,3.533,6582.143,350,0.926,3725.4,13.7,1490.2,0,0,17.81,28.719,19.464,75.6,Burdekin,AyrDPI,Mulg,1956,Furrow,BareFallow,35,Surf1,200,999,110,SWBased_900_60_30_15_60,P2R,15AprV1R4,T4,1834.6,1732.013,474.935,770.491,22.275,6.093,8.70033885426957,0.111449926632428,9.07777108433735,0.753455,28.155
1985,13/11/1985,317,1984,15-Apr,5,sugar,alive,4,396,1980,13/10/1984,105,0,0,318,1985,21,2039,6679.78,6019.44,5024.44,155.139,2979.33,16553.5,16776.155,6710.462,85.999,20.721,97.3,63.063,63.063,1.397,8930.112,8931.509,143077.486,0.729,10,1100,872.5,18.908,549.302,648.665,1080.16,302.638,1382.798,4.847,8918.421,1.512,8919.933,143082.446,200,263.004,316.414,28.332,0.007,5.61,5.704,6666.122,350,0.91,3444.6,12.6,1377.8,0,0,17.761,28.762,19.57,111.4,Burdekin,AyrDPI,Mulg,1956,Furrow,BareFallow,35,Surf1,200,999,110,SWBased_900_60_30_15_60,P2R,15AprV1R4,T4,1972.5,1748.665,568.21,870.848,33.949,5.617,8.8718536712292,0.112192091686566,10.0089677419355,0.775695,29.793
1986,15/04/1986,105,0,15-Apr,5,none,out,-1,0,1980,0.000,105,0,0,318,-1,21,2039,0,0,0,0,0,0,16998.342,6799.337,82.558,0,0,84.556,84.556,1.512,8918.421,8919.933,143082.446,0.724,0,0,420.5,35.296,128.903,283.356,0,208.12,208.12,4.854,8999.268,25.519,9024.788,145047.601,0,0,29.437,0.474,0.019,0.349,0.089,4378.443,350,0,0.6,0,0.2,0,0,22.125,31.888,20.927,117.8,Burdekin,AyrDPI,Mulg,1956,Furrow,BareFallow,35,Surf1,200,999,110,SWBased_900_60_30_15_60,P2R,15AprV1R4,T4,420.5,283.356,164.199,372.319,0.842,0.368,0,0,0,,0
1987,15/07/1987,196,1986,15-Apr,6,sugar,alive,0,456,1986,15/4/1986,105,0,0,318,1987,21,2039,6661.97,5863.57,5197.82,158.782,3223.36,14641.5,0,0,0,22.07,178.4,132.737,132.737,25.519,8999.268,9024.788,145047.601,0.724,16,1760,585.4,31.532,884.22,484.014,1111.86,400.108,1511.968,19.02,8851.438,1.496,8852.934,141872.264,200,359.161,388.319,32.728,0.017,16.382,7.08,6322.871,350,0.959,4575.7,16.8,1830.3,0,0,18.179,29.194,18.291,44,Burdekin,AyrDPI,Mulg,1956,Furrow,BareFallow,35,Surf1,200,999,110,SWBased_900_60_30_15_60,P2R,15AprV1R4,T4,2345.4,2244.014,915.752,1315.86,49.127,16.399,7.07580255738155,0.105016772841753,7.18470588235294,0.79391,32.234
1988,14/08/1988,227,1987,15-Apr,6,sugar,alive,1,396,1986,15/7/1987,105,0,0,318,1988,21,2039,6106.53,5378.3,4547.32,137.874,2572.03,15592.1,16334.587,6533.835,86.609,20.046,96.1,50.418,50.418,1.496,8851.438,8852.934,141872.264,0.711,13,1430,974.5,4.67,1024.852,459.212,1032.344,312.439,1344.783,11.879,8840.216,1.313,8841.529,141515.02,200,261.719,303.183,15.762,0.001,8.693,3.55,6137.553,350,0.948,4219,15.5,1687.6,0,0,17.994,29.174,19.627,254,Burdekin,AyrDPI,Mulg,1956,Furrow,BareFallow,35,Surf1,200,999,110,SWBased_900_60_30_15_60,P2R,15AprV1R4,T4,2404.5,1889.212,1029.522,1341.961,24.456,8.694,7.29796338367531,0.1025250914088,7.33372340425532,0.68937,25.72
1989,14/09/1989,257,1988,15-Apr,6,sugar,alive,2,396,1986,14/8/1988,105,0,0,318,1989,21,2039,6494.36,5773.34,4954.56,151.534,2662.2,15398,16839.462,6735.784,88.969,18.709,90.5,80.614,80.614,1.313,8840.216,8841.529,141515.02,0.711,8,880,1393,176.975,763.869,780.549,1063.471,290.178,1353.649,9.425,8841.071,0.976,8842.047,141541.456,200,254.584,299.126,23.623,0.042,3.05,4.79,6420.109,350,0.945,4148.5,15.2,1659.4,0,0,17.953,28.513,19.014,134.8,Burdekin,AyrDPI,Mulg,1956,Furrow,BareFallow,35,Surf1,200,999,110,SWBased_900_60_30_15_60,P2R,15AprV1R4,T4,2273,1660.549,940.844,1231.022,26.715,3.092,9.12553619315058,0.111944824692369,11.3935338345865,0.75767,26.622
1990,14/10/1990,287,1989,15-Apr,6,sugar,alive,3,395,1986,14/9/1989,105,0,0,318,1990,21,2039,6118.63,5448.52,4692.76,143.988,2709.11,14258.8,16614.53,6645.812,79.837,20.242,90.9,59.122,59.122,0.976,8841.071,8842.047,141541.456,0.709,10,1100,1277.8,113.838,974.23,626.523,1008.221,291.354,1299.576,7.761,8843.557,1.089,8844.646,141471.228,200,253.356,295.852,18.071,0.015,5.697,3.907,6402.394,350.839,0.939,3989.4,14.6,1595.7,0,0,17.407,28.757,20.276,103,Burdekin,AyrDPI,Mulg,1956,Furrow,BareFallow,35,Surf1,200,999,110,SWBased_900_60_30_15_60,P2R,15AprV1R4,T4,2377.8,1726.523,1088.068,1379.422,23.783,5.712,8.33976726634977,0.110796136586087,9.28954838709677,0.71994,27.091
1991,14/11/1991,318,1990,15-Apr,6,sugar,alive,4,396,1986,14/10/1990,105,0,0,318,1991,21,2039,6421.09,5683.46,4850.49,148.175,3094.46,15706,15510.908,6204.364,78.818,22.787,83.9,49.279,49.279,1.089,8843.557,8844.646,141471.228,0.707,14,1540,1681.6,467.209,1415,399.733,1070.925,268.981,1339.906,3.97,8843.349,1.24,8844.589,140904.186,200,239.273,310.161,32.741,1.122,8.817,6.232,6965.809,352.513,0.944,4110.3,15.1,1644.1,0,0,17.718,29.034,19.738,204.4,Burdekin,AyrDPI,Mulg,1956,Furrow,BareFallow,35,Surf1,200,999,110,SWBased_900_60_30_15_60,P2R,15AprV1R4,T4,3221.6,1939.733,1882.209,2151.19,42.68,9.939,7.63893793630361,0.110586115742448,7.44597989949749,0.740875,30.945
1992,14/04/1992,105,0,15-Apr,6,none,out,-1,0,1986,0.000,105,0,0,318,-1,21,2039,0,0,0,0,0,0,16843.825,6737.529,77.256,0,0,48.766,48.766,1.24,8843.349,8844.589,140904.186,0.704,0,0,487.6,0.443,191.228,296.307,0,208.916,208.916,8.883,8918.708,23.037,8941.745,142647.669,0,0,30.664,0.863,0.001,1.066,0.109,4370.083,353.166,0,0.6,0,0.2,0,0,22.037,31.882,22.651,122.8,Burdekin,AyrDPI,Mulg,1956,Furrow,BareFallow,35,Surf1,200,999,110,SWBased_900_60_30_15_60,P2R,15AprV1R4,T4,487.6,296.307,191.671,400.587,1.93,1.067,0,0,0,,0
1993,14/07/1993,195,1992,15-Apr,7,sugar,alive,0,456,1992,14/4/1992,105,0,0,318,1993,21,2039,7416.1,6575.15,5762.36,176.73,3648.09,16537.5,0,0,0,22.49,168.3,135.779,135.779,23.037,8918.708,8941.745,142647.669,0.704,16,1760,628.9,28.845,874.887,461.826,1178.518,387.529,1566.047,18.794,8785.821,1.704,8787.525,138515.716,200,352.027,374.061,22.77,0.044,17.724,5.029,7426.852,355.153,0.972,5084.6,18.6,2033.8,0,0,17.504,28.743,19.448,72,Burdekin,AyrDPI,Mulg,1956,Furrow,BareFallow,35,Surf1,200,999,110,SWBased_900_60_30_15_60,P2R,15AprV1R4,T4,2388.9,2221.826,903.732,1291.261,40.538,17.768,7.95426824602827,0.112851019158429,7.99683257918552,0.88365,36.481
1994,14/08/1994,226,1993,15-Apr,7,sugar,alive,1,396,1992,14/7/1993,105,0,0,318,1994,21,2039,6390.84,5640.02,4891.59,149.351,2923.82,14992.4,18378.718,7351.488,92.475,21.179,98.8,54.901,54.901,1.704,8785.821,8787.525,138515.716,0.692,15,1650,409.4,0.001,681.73,318.937,1041.167,344.094,1385.261,8.995,8785.684,0.998,8786.682,137499.091,200,255.713,297.679,14.896,0,8.308,3.349,7252.24,356.911,0.944,4116.8,15.1,1646.7,0,0,17.871,29.003,19.967,46.8,Burdekin,AyrDPI,Mulg,1956,Furrow,BareFallow,35,Surf1,200,999,110,SWBased_900_60_30_15_60,P2R,15AprV1R4,T4,2059.4,1968.937,681.731,1025.825,23.204,8.308,7.5853620506903,0.107814339680392,7.11195238095238,0.746755,29.238
1995,14/09/1995,257,1994,15-Apr,7,sugar,alive,2,396,1992,14/8/1994,105,0,0,318,1995,21,2039,7067.13,6313.32,5423.39,166.371,3284.48,16437.5,16242.883,6497.153,72.566,21.383,102.5,47.31,47.31,0.998,8785.684,8786.682,137499.091,0.694,13,1430,508.6,12.83,478.443,381.838,1128.692,300.1,1428.792,3.074,8778.144,1.149,8779.292,136179.83,200,266.981,316.385,18.111,0.006,5.984,3.856,8162.89,358.703,0.945,4142.9,15.2,1657.2,0,0,18.519,29.133,20.465,55.2,Burdekin,AyrDPI,Mulg,1956,Furrow,BareFallow,35,Surf1,200,999,110,SWBased_900_60_30_15_60,P2R,15AprV1R4,T4,1938.6,1811.838,491.273,791.373,24.101,5.99,9.18244346348846,0.116441721398216,8.84952127659575,0.831855,32.845
1996,13/10/1996,287,1995,15-Apr,7,sugar,alive,3,395,1992,14/9/1995,105,0,0,318,1996,21,2039,6752.28,5965.82,5234.97,159.602,3186.8,15173.2,17493.372,6997.349,73.271,21.66,104.2,65.846,65.846,1.149,8778.144,8779.292,136179.83,0.693,13,1430,547.9,40.977,547.188,368.964,1096.691,305.827,1402.518,4.432,8769.786,1.087,8770.873,134934.908,200,277.404,320.706,15.636,0.018,2.828,3.335,8421.342,360.524,0.96,4601.6,16.9,1840.6,0,0,19.245,29.663,20.779,107,Burdekin,AyrDPI,Mulg,1956,Furrow,BareFallow,35,Surf1,200,999,110,SWBased_900_60_30_15_60,P2R,15AprV1R4,T4,1977.9,1798.964,588.165,893.992,18.482,2.846,8.8718840399252,0.113796756975668,8.48946808510638,0.79801,31.868
1997,13/11/1997,317,1996,15-Apr,7,sugar,alive,4,396,1992,13/10/1996,105,0,0,318,1997,21,2039,7731.8,6881.8,6021.01,185.363,3713.49,17108,16808.55,6723.421,77.951,21.741,96.5,53.063,53.063,1.087,8769.786,8770.873,134934.908,0.691,12,1320,954.2,127.788,779.549,466.098,1082.953,280.962,1363.915,10.078,8769.091,1.333,8770.424,133655.451,200,258.772,313.049,26.419,0.056,5.573,5.351,8442.898,362.384,0.96,4604.1,16.9,1841.7,0,0,19.539,28.549,20.723,116.8,Burdekin,AyrDPI,Mulg,1956,Furrow,BareFallow,35,Surf1,200,999,110,SWBased_900_60_30_15_60,P2R,15AprV1R4,T4,2274.2,1786.098,907.337,1188.299,32.048,5.629,10.3780979543116,0.135905096725236,10.4724858757062,0.926815,37.135
1998,15/04/1998,105,0,15-Apr,7,none,out,-1,0,1992,0.000,105,0,0,318,-1,21,2039,0,0,0,0,0,0,18455.292,7382.117,76.963,0,0,56.012,56.012,1.333,8769.091,8770.424,133655.451,0.689,0,0,769.5,5.248,440.706,327.305,0,229.853,229.853,20.578,8866.082,9.489,8875.572,136090.212,0,0,13.456,0.469,0.019,0.467,0.05,4523.919,363.118,0,0.7,0,0.3,0,0,23.737,31.276,20.298,189.6,Burdekin,AyrDPI,Mulg,1956,Furrow,BareFallow,35,Surf1,200,999,110,SWBased_900_60_30_15_60,P2R,15AprV1R4,T4,769.5,327.305,445.954,675.807,0.955,0.486,0,0,0,,0
1999,15/07/1999,196,1998,15-Apr,8,sugar,alive,0,456,1998,15/4/1998,105,0,0,318,1999,21,2039,8443.07,7499.56,6657.7,204.425,3976.01,17853.7,0,0,0,21.023,190.4,149.705,149.705,9.489,8866.082,8875.572,136090.212,0.691,11,1210,1269.3,25.373,1036.88,815.041,1144.611,370.844,1515.454,23.604,8700.99,2.052,8703.042,130290.432,200,388.012,417.411,12.554,0.081,15.598,3.09,9585.84,365.322,0.981,5670,20.8,2268,0,0,19.763,28.54,18.249,112,Burdekin,AyrDPI,Mulg,1956,Furrow,BareFallow,35,Surf1,200,999,110,SWBased_900_60_30_15_60,P2R,15AprV1R4,T4,2479.3,2025.041,1062.253,1433.097,28.233,15.679,10.0948573386909,0.134893569847716,12.3147590361446,1.022125,39.76
2000,14/08/2000,227,1999,15-Apr,8,sugar,alive,1,396,1998,15/7/1999,105,0,0,318,2000,21,2039,7316.55,6509.2,5616.39,172.263,3100.67,17001.6,19995.125,7998.05,93.403,19.24,108.7,51.299,51.299,2.052,8700.99,8703.042,130290.432,0.682,10,1100,1505.1,149.759,1149.58,693.278,998.208,293.729,1291.937,13.393,8686.551,1.492,8688.044,130075.355,200,282.142,323.492,11.354,0.085,6.83,2.679,7147.974,367.264,0.957,4493.1,16.5,1797.3,0,0,18.484,27.841,19.228,136,Burdekin,AyrDPI,Mulg,1956,Furrow,BareFallow,35,Surf1,200,999,110,SWBased_900_60_30_15_60,P2R,15AprV1R4,T4,2605.1,1793.278,1299.339,1593.068,18.269,6.915,9.60603988896312,0.133336997082675,11.1137419354839,0.861315,31.007
2001,14/09/2001,257,2000,15-Apr,8,sugar,alive,2,396,1998,14/8/2000,105,0,0,318,2001,21,2039,6988.27,6207.66,5381.74,164.788,3301.6,16065.3,18270.553,7308.221,80.259,21.744,105,65.124,65.124,1.492,8686.551,8688.044,130075.355,0.685,13,1430,561.3,52.562,547.261,469.092,1106.498,298.004,1404.502,4.699,8677.326,0.974,8678.3,130016.646,200,276.676,325.932,19.206,0.23,3.519,3.9,7415.029,369.246,0.949,4259.5,15.6,1703.8,0,0,17.804,29.071,20.13,52,Burdekin,AyrDPI,Mulg,1956,Furrow,BareFallow,35,Surf1,200,999,110,SWBased_900_60_30_15_60,P2R,15AprV1R4,T4,1991.3,1899.092,599.823,897.827,22.955,3.749,8.67719941951206,0.117328419610652,8.76531914893617,0.82394,33.016
2002,14/10/2002,287,2001,15-Apr,8,sugar,alive,3,395,1998,14/9/2001,105,0,0,318,2002,21,2039,6875.21,6133.92,5259.51,161.151,3258.97,16157.1,17276.121,6910.45,75.191,21.974,108.6,52.101,52.101,0.974,8677.326,8678.3,130016.646,0.683,14,1540,810.6,11.015,843.87,350.153,1201.89,286.669,1488.559,10.453,8660.773,1.299,8662.072,129641.694,200,280.017,329.057,19.537,0.014,5.821,4.118,7561.193,371.263,0.952,4350.1,16,1740,0,0,18.325,30.193,21.2,206,Burdekin,AyrDPI,Mulg,1956,Furrow,BareFallow,35,Surf1,200,999,110,SWBased_900_60_30_15_60,P2R,15AprV1R4,T4,2350.6,1890.153,854.885,1141.554,25.372,5.835,8.52581775126141,0.108259733070708,8.09804020100503,0.805755,32.59
2003,14/11/2003,318,2002,15-Apr,8,sugar,alive,4,396,1998,14/10/2002,105,0,0,318,2003,21,2039,7166.95,6356.14,5452.24,166.721,3376.27,17147.1,17431.053,6972.421,78.9,22.009,104.3,59.258,59.258,1.299,8660.773,8662.072,129641.694,0.681,15,1650,463.2,54.254,556.872,304.381,1219.595,281.583,1501.177,3.969,8653.416,1.342,8654.758,129490.554,200,274.103,323.92,19.34,0.025,5.669,4.041,7474.234,373.315,0.952,4333.6,15.9,1733.4,0,0,18.628,30.091,21.304,51,Burdekin,AyrDPI,Mulg,1956,Furrow,BareFallow,35,Surf1,200,999,110,SWBased_900_60_30_15_60,P2R,15AprV1R4,T4,2113.2,1954.381,611.126,892.709,25.034,5.694,8.53062939109621,0.111060188105733,7.93909523809524,0.833605,33.763
2004,14/04/2004,105,0,15-Apr,8,none,out,-1,0,1998,0.000,105,0,0,318,-1,21,2039,0,0,0,0,0,0,18258.593,7303.437,80.725,0,0,60.156,60.156,1.342,8653.416,8654.758,129490.554,0.679,0,0,652.6,0.001,345.89,306.71,0,241.362,241.362,16.322,8757.787,8.642,8766.428,132727.933,0,0,9.925,0.16,0,0.276,0.026,3534.282,374.113,0,0.6,0,0.3,0,0,22.629,32.241,21.923,173.2,Burdekin,AyrDPI,Mulg,1956,Furrow,BareFallow,35,Surf1,200,999,110,SWBased_900_60_30_15_60,P2R,15AprV1R4,T4,652.6,306.71,345.891,587.253,0.436,0.276,0,0,0,,0
2005,14/07/2005,195,2004,15-Apr,9,sugar,alive,0,456,2004,14/4/2004,105,0,0,318,2005,21,2039,7571.59,6761.37,5917.96,182.281,3644.8,16536.3,0,0,0,21.694,184.9,125.504,125.504,8.642,8757.787,8766.428,132727.933,0.681,19,2090,719.2,17.957,1201.406,323.425,1259.917,382.351,1642.269,19.912,8601.361,2.221,8603.582,128389.762,200,370.294,407.926,15.735,0.307,16.89,3.615,7853.28,376.54,0.957,4485.1,16.4,1794,0,0,17.68,29.343,19.68,143.4,Burdekin,AyrDPI,Mulg,1956,Furrow,BareFallow,35,Surf1,200,999,110,SWBased_900_60_30_15_60,P2R,15AprV1R4,T4,2809.2,2413.425,1219.363,1601.714,32.932,17.197,7.55279322953893,0.110993387806748,7.17641732283465,0.911405,36.448
2006,14/08/2006,226,2005,15-Apr,9,sugar,alive,1,396,2004,14/7/2005,105,0,0,318,2006,21,2039,6322.73,5619.06,4786.9,146.315,2738.25,15358.2,17868.163,7147.265,86.557,20.119,103.7,73.074,73.074,2.221,8601.361,8603.582,128389.762,0.673,11,1210,985.3,22.605,840.535,564.008,1015.519,325.682,1341.201,10.038,8590.658,0.947,8591.604,128440.971,200,264.233,311.934,21.756,0.116,5.545,4.644,6344.486,378.682,0.919,3589.5,13.2,1435.8,0,0,18.705,29.095,19.266,178.4,Burdekin,AyrDPI,Mulg,1956,Furrow,BareFallow,35,Surf1,200,999,110,SWBased_900_60_30_15_60,P2R,15AprV1R4,T4,2195.3,1774.008,863.14,1188.822,27.417,5.661,8.24770801484548,0.109092522299044,8.81415662650602,0.731575,27.382
2007,14/09/2007,257,2006,15-Apr,9,sugar,alive,2,396,2004,14/8/2006,105,0,0,318,2007,21,2039,6719.68,6011.15,5162.84,158.723,3020.15,15568.4,16105.588,6442.235,75.509,20.504,95.4,64.033,64.033,0.947,8590.658,8591.604,128440.971,0.675,11,1210,940.5,119.155,670.055,513.741,1073.343,284.554,1357.897,9.728,8597.436,1.133,8598.569,128670.718,200,252.898,294.597,18.727,0.02,3.663,3.926,6336.395,380.86,0.945,4140.5,15.2,1656.2,0,0,17.489,28.522,19.714,130.2,Burdekin,AyrDPI,Mulg,1956,Furrow,BareFallow,35,Surf1,200,999,110,SWBased_900_60_30_15_60,P2R,15AprV1R4,T4,2150.5,1723.741,789.21,1073.764,22.41,3.683,9.20805387816383,0.116888836193025,9.5616265060241,0.793615,30.201
2008,13/10/2008,287,2007,15-Apr,9,sugar,alive,3,395,2004,14/9/2007,105,0,0,318,2008,21,2039,7101.13,6348.33,5409.01,166.109,3250.95,16921.2,16752.619,6701.048,74.178,21.173,89.2,67.427,67.427,1.133,8597.436,8598.569,128670.718,0.673,11,1210,1328.4,201.019,930.72,594.18,1139.339,269.462,1408.801,11.994,8604.933,1.157,8606.09,128784.737,200,257.725,300.115,17.152,0.025,3.219,3.55,6836.169,383.068,0.951,4312.7,15.8,1725.1,0,0,18.038,28.883,19.535,108.2,Burdekin,AyrDPI,Mulg,1956,Furrow,BareFallow,35,Surf1,200,999,110,SWBased_900_60_30_15_60,P2R,15AprV1R4,T4,2538.4,1804.18,1131.739,1401.201,20.396,3.244,9.20689731623231,0.117908065085133,10.0065662650602,0.830545,32.509
2009,13/11/2009,317,2008,15-Apr,9,sugar,alive,4,396,2004,13/10/2008,105,0,0,318,2009,21,2039,6272.63,5510.88,4762.51,144.769,2892.48,15101.1,18048.875,7219.55,79.652,21.675,94.3,65.289,65.289,1.157,8604.933,8606.09,128784.737,0.673,10,1100,1796.7,361.434,1229.126,604.945,1040.443,276.447,1316.889,5.946,8601.027,1.232,8602.259,128747.9,200,265.994,312.695,19.486,0.051,4.082,3.931,6978.833,385.319,0.953,4376.9,16,1750.7,0,0,18.57,29.61,19.499,197.2,Burdekin,AyrDPI,Mulg,1956,Furrow,BareFallow,35,Surf1,200,999,110,SWBased_900_60_30_15_60,P2R,15AprV1R4,T4,2896.7,1704.945,1590.56,1867.007,23.619,4.133,8.4911243471197,0.10993257594224,9.33993548387097,0.723845,28.925
2010,15/04/2010,105,0,15-Apr,9,none,out,-1,0,2004,0.000,105,0,0,318,-1,21,2039,0,0,0,0,0,0,16556.289,6622.517,81.348,0,0,54.541,54.541,1.232,8601.027,8602.259,128747.9,0.671,0,0,1032,78.545,594.51,418.552,0,255.809,255.809,28.174,8704.105,6.701,8710.806,132036.511,0,0,9.558,0.395,0.068,0.4,0.035,2900.305,386.205,0,0.4,0,0.2,0,0,22.504,31.313,19.606,135.2,Burdekin,AyrDPI,Mulg,1956,Furrow,BareFallow,35,Surf1,200,999,110,SWBased_900_60_30_15_60,P2R,15AprV1R4,T4,1032,418.552,673.055,928.864,0.863,0.468,0,0,0,,0
2011,15/07/2011,196,2010,15-Apr,10,sugar,alive,0,456,2010,15/4/2010,105,0,0,318,2011,21,2039,8148.99,7247.43,6378.14,196.189,3751.63,17708.6,0,0,0,20.621,171,157.678,157.678,6.701,8704.105,8710.806,132036.511,0.673,8,880,1485.4,45.161,924.093,955.75,1187.768,305.741,1493.508,18.181,8560.225,2.024,8562.249,127855.985,200,358.763,391.058,15.378,0.463,14.672,3.469,7695.44,388.863,0.975,5283.6,19.4,2113.4,0,0,18.293,28.267,16.9,81.4,Burdekin,AyrDPI,Mulg,1956,Furrow,BareFallow,35,Surf1,200,999,110,SWBased_900_60_30_15_60,P2R,15AprV1R4,T4,2365.4,1835.75,969.254,1274.995,30.513,15.135,10.687130600572,0.131361197931313,14.751052631579,0.980945,37.516
2012,14/08/2012,227,2011,15-Apr,10,sugar,alive,1,396,2010,15/7/2011,105,0,0,318,2012,21,2039,6749.79,6007.07,5155.03,157.973,2941.73,15947.7,19543.345,7817.338,93.177,20.005,97.9,60.315,60.315,2.024,8560.225,8562.249,127855.985,0.665,12,1320,1152,93.15,965.578,653.356,1079.834,296.158,1375.992,10.635,8557.806,0.982,8558.788,128010.014,200,265.002,306.47,12.693,0.017,7.23,2.891,6505.785,391.2,0.94,4019.1,14.7,1607.6,0,0,17.522,28.612,19.036,197.4,Burdekin,AyrDPI,Mulg,1956,Furrow,BareFallow,35,Surf1,200,999,110,SWBased_900_60_30_15_60,P2R,15AprV1R4,T4,2472,1973.356,1058.728,1354.886,19.94,7.247,8.00529656078275,0.114806626782714,8.92502824858757,0.789865,29.417
2013,14/09/2013,257,2012,15-Apr,10,sugar,alive,2,396,2010,14/8/2012,105,0,0,318,2013,21,2039,6768.23,6033.93,5184.07,159.029,3131.02,15841.6,16971.775,6788.709,75.625,21.317,95.7,97.597,97.597,0.982,8557.806,8558.788,128010.014,0.667,13,1430,535.4,67.54,556.288,358.697,1093.309,287.252,1380.561,5.21,8566.789,0.907,8567.696,128230.909,200,255.209,299.283,18.369,0.028,3.051,3.773,6759.518,393.58,0.935,3900.9,14.3,1560.3,0,0,18.05,29.079,20.08,178.6,Burdekin,AyrDPI,Mulg,1956,Furrow,BareFallow,35,Surf1,200,999,110,SWBased_900_60_30_15_60,P2R,15AprV1R4,T4,1965.4,1788.697,623.828,911.08,21.448,3.079,8.89077356310208,0.115191577916514,8.45898936170213,0.795145,31.31
2014,14/10/2014,287,2013,15-Apr,10,sugar,alive,3,395,2010,14/9/2013,105,0,0,318,2014,21,2039,6980.92,6254.18,5386.9,165.804,3229.21,15940.2,16781.087,6712.435,70.025,21.056,97.2,58.609,58.609,0.907,8566.789,8567.696,128230.909,0.667,11,1210,730.4,14.342,533.566,509.272,1112.356,281.084,1393.44,3.584,8567.162,1.203,8568.365,128251.172,200,261.102,308.163,18.786,0.004,5.425,3.891,6981.353,395.998,0.948,4226.4,15.5,1690.5,0,0,18.127,29.166,20.069,86.2,Burdekin,AyrDPI,Mulg,1956,Furrow,BareFallow,35,Surf1,200,999,110,SWBased_900_60_30_15_60,P2R,15AprV1R4,T4,1940.4,1719.272,547.908,828.992,24.215,5.429,9.64384925712744,0.118988976920427,9.98819277108434,0.82902,32.292
2015,14/11/2015,318,2014,15-Apr,10,sugar,alive,4,396,2010,14/10/2014,105,0,0,318,2015,21,2039,6888.85,6123.58,5246.88,160.425,3323.53,16419.7,17141.582,6856.632,74.856,22.582,100.3,57.662,57.662,1.203,8567.162,8568.365,128251.172,0.666,16,1760,382.4,50.339,625.198,254.623,1178.303,285.64,1463.943,4.056,8560.082,1.188,8561.27,128142.908,200,268.529,321.678,21.683,0.017,5.632,4.408,7295.86,398.452,0.952,4334.2,15.9,1733.7,0,0,18.652,30.213,20.932,83.4,Burdekin,AyrDPI,Mulg,1956,Furrow,BareFallow,35,Surf1,200,999,110,SWBased_900_60_30_15_60,P2R,15AprV1R4,T4,2142.4,2014.623,675.537,961.177,27.332,5.649,7.96302831844966,0.109584184630139,7.25904977375566,0.802125,33.235
2016,14/04/2016,105,0,15-Apr,10,none,out,-1,0,2010,0.000,105,0,0,318,-1,21,2039,0,0,0,0,0,0,17640.784,7056.313,76.758,0,0,60.583,60.583,1.188,8560.082,8561.27,128142.908,0.664,0,0,369.6,0.001,111.567,258.033,0,199.433,199.433,5.254,8661.659,9.146,8670.804,131396.483,0,0,12.481,0.393,0,0.309,0.044,3351.469,399.406,0,0.7,0,0.3,0,0,22.856,32.574,21.881,43.6,Burdekin,AyrDPI,Mulg,1956,Furrow,BareFallow,35,Surf1,200,999,110,SWBased_900_60_30_15_60,P2R,15AprV1R4,T4,369.6,258.033,111.568,311.001,0.702,0.309,0,0,0,,0
2017,14/07/2017,195,2016,15-Apr,11,sugar,alive,0,456,2016,14/4/2016,105,0,0,318,2017,21,2039,7204.42,6393.73,5595.63,171.824,3413.9,16087.8,0,0,0,21.538,177.7,119.183,119.183,9.146,8661.659,8670.804,131396.483,0.666,14,1540,1011.6,46.432,1019.226,617.228,1176.561,359.874,1536.435,18.937,8507.489,2.153,8509.641,127043.294,200,356.072,398.472,24.636,0.435,17.406,5.327,7587.386,402.302,0.959,4574.5,16.8,1829.8,0,0,18.795,29.534,17.004,107.8,Burdekin,AyrDPI,Mulg,1956,Furrow,BareFallow,35,Surf1,200,999,110,SWBased_900_60_30_15_60,P2R,15AprV1R4,T4,2551.6,2157.228,1065.658,1425.532,42.477,17.841,7.96503661179996,0.111832911903205,8.63437185929648,0.85912,34.139
2018,14/08/2018,226,2017,15-Apr,11,sugar,alive,1,396,2016,14/7/2017,105,0,0,318,2018,21,2039,5966.04,5234.53,4511.47,136.783,2554.24,14545.6,17562.998,7025.2,84.113,20.069,101.3,68.69,68.69,2.153,8507.489,8509.641,127043.294,0.657,13,1430,692.9,34.581,790.993,403.223,1017.189,288.052,1305.241,7.728,8495.698,1.173,8496.871,127015.13,200,263.193,307.822,17.943,0.01,8.038,3.898,6119.527,404.852,0.937,3960.4,14.5,1584.1,0,0,17.825,29.496,17.917,130.4,Burdekin,AyrDPI,Mulg,1956,Furrow,BareFallow,35,Surf1,200,999,110,SWBased_900_60_30_15_60,P2R,15AprV1R4,T4,2122.9,1833.223,825.574,1113.626,25.991,8.048,7.46133994609494,0.104795206402496,7.2756914893617,0.683915,25.542
2019,14/09/2019,257,2018,15-Apr,11,sugar,alive,2,396,2016,14/8/2018,105,0,0,318,2019,21,2039,5500.5,4793.68,4170.22,125.746,2211,13302.8,15730.117,6292.046,80.966,18.727,91,60.778,60.778,1.173,8495.698,8496.871,127015.13,0.659,9,990,1209.8,217.343,800.059,605.396,914.773,282.042,1196.815,11.382,8495.973,0.945,8496.918,127066.901,200,254.263,297.254,20.726,0.034,3.997,4.293,6177.248,407.441,0.93,3809.2,14,1523.7,0,0,18.144,29.437,17.384,92.8,Burdekin,AyrDPI,Mulg,1956,Furrow,BareFallow,35,Surf1,200,999,110,SWBased_900_60_30_15_60,P2R,15AprV1R4,T4,2199.8,1595.396,1017.402,1299.444,24.757,4.031,7.88180489358128,0.105067199191187,8.73236111111111,0.62873,22.11
2020,13/10/2020,287,2019,15-Apr,11,sugar,alive,3,395,2016,14/9/2019,105,0,0,318,2020,21,2039,6454.32,5727.84,4898.14,149.537,2755.99,15561.8,14545.156,5818.062,81.836,19.769,93.8,46.362,46.362,0.945,8495.973,8496.918,127066.901,0.658,13,1430,1063.7,129.721,980.69,490.173,1101.541,265.113,1366.654,17.574,8490.888,1.158,8492.047,126994.732,200,255.789,302.233,21.484,0.03,7.969,4.501,6237.142,410.061,0.95,4273.7,15.7,1709.5,0,0,18.534,29.796,18.848,327.8,Burdekin,AyrDPI,Mulg,1956,Furrow,BareFallow,35,Surf1,200,999,110,SWBased_900_60_30_15_60,P2R,15AprV1R4,T4,2493.7,1920.173,1110.411,1375.524,29.483,7.999,7.78768371391536,0.109418331194289,7.95409574468085,0.747685,27.56
2021,13/11/2021,317,2020,15-Apr,11,sugar,alive,4,396,2016,13/10/2020,105,0,0,318,2021,21,2039,6006.88,5305.22,4529.55,138.488,2517.81,14773.3,16860.242,6744.097,82.903,19.462,92.9,62.997,62.997,1.158,8490.888,8492.047,126994.732,0.656,10,1100,1089.1,221.207,777.68,469.511,925.169,260.435,1185.603,6.991,8483.247,1.398,8484.645,126878.29,200,245.998,307.974,36.245,1.577,4.008,6.899,6496.691,412.726,0.907,3393.5,12.4,1357.4,0,0,19.439,29.644,17.39,132.4,Burdekin,AyrDPI,Mulg,1956,Furrow,BareFallow,35,Surf1,200,999,110,SWBased_900_60_30_15_60,P2R,15AprV1R4,T4,2189.1,1569.511,998.887,1259.322,41.83,5.585,8.82363997448887,0.116808071504542,8.93470967741935,0.69244,25.178
1959,15/04/1959,105,0,15-Apr,0,none,out,-1,0,-1,0.000,105,0,0,318,-1,21,2039,0,0,0,0,0,0,0,0,0,0,0,0,0,0,0,0,0,0.89,0,0,680.2,0,344.03,336.17,0,225.065,225.065,15.793,9503.092,35.844,9538.936,141750.991,0,0,37.767,4.124,0,0.996,0.671,1071.423,350,0.001,0.8,0,0.3,0,0,21.816,30.221,18.76,162.8,Burdekin,AyrDPI,Mulg,1959,Furrow,BareFallow,35,Surf1,200,999,110,SWBased_900_60_30_15_60,P2R,15AprV1R4,T4,680.2,336.17,344.03,569.095,5.12,0.996,0,0,0,,0
1960,14/07/1960,196,1959,15-Apr,1,sugar,alive,0,456,1959,15/4/1959,105,0,0,318,1960,21,2039,7173.05,6401.49,5551.24,171.25,3191.86,16218.2,0,0,0,20.025,141.4,140.656,140.656,35.844,9503.092,9538.936,141750.991,0.884,13,1430,1153.2,33.164,1138.812,626.386,1134.547,358.04,1492.587,20.699,9418.103,0.715,9418.818,141290.338,200,304.387,318.157,28.655,0.109,20.771,6.147,3314.219,350,0.968,4916.2,18,1966.5,0,0,17.069,28.071,18.912,210.1,Burdekin,AyrDPI,Mulg,1959,Furrow,BareFallow,35,Surf1,200,999,110,SWBased_900_60_30_15_60,P2R,15AprV1R4,T4,2583.2,2056.386,1171.976,1530.016,49.535,20.88,8.32771668354093,0.114733680515776,9.10904255319149,0.85625,31.919
1961,14/08/1961,226,1960,15-Apr,1,sugar,alive,1,396,1959,14/7/1960,105,0,0,318,1961,21,2039,6086.1,5392.41,4529.53,137.931,2692.89,15565.7,17964.246,7185.698,86.497,21.114,77.5,59.293,59.293,0.715,9418.103,9418.818,141290.338,0.869,15,1650,498.3,59.938,737.107,334.658,1044.195,302.82,1347.015,7.401,9434.379,1.004,9435.384,142273.665,200,236.519,281.613,12.888,0,7.523,2.92,5045.444,350,0.943,4095,15,1638,0,0,16.793,28.667,20.656,63.2,Burdekin,AyrDPI,Mulg,1959,Furrow,BareFallow,35,Surf1,200,999,110,SWBased_900_60_30_15_60,P2R,15AprV1R4,T4,2148.3,1984.658,797.045,1099.865,20.411,7.523,6.94986239442766,0.10239752341288,6.56814285714286,0.689655,26.929
1962,14/09/1962,257,1961,15-Apr,1,sugar,alive,2,396,1959,14/8/1961,105,0,0,318,1962,21,2039,6268.2,5517.88,4735.86,143.877,2669.18,15323.4,16711.531,6684.614,74.701,19.919,93.1,63.536,63.536,1.004,9434.379,9435.384,142273.665,0.868,11,1210,937.4,119.962,650.55,564.275,1105.867,282.38,1388.247,6.036,9421.265,0.914,9422.179,143140.302,200,261.122,313.668,26.762,0,3.883,5.3,5558.329,350,0.953,4354.4,16,1741.8,0,0,17.109,29.133,20.274,102.1,Burdekin,AyrDPI,Mulg,1959,Furrow,BareFallow,35,Surf1,200,999,110,SWBased_900_60_30_15_60,P2R,15AprV1R4,T4,2147.4,1774.275,770.512,1052.892,30.645,3.883,8.1090586295811,0.10363933795643,8.66728915662651,0.719385,26.692
1963,14/10/1963,287,1962,15-Apr,1,sugar,alive,3,395,1959,14/9/1962,105,0,0,318,1963,21,2039,6372.69,5701.51,4825.8,147.853,2713.13,15468.9,16726.08,6690.433,78.798,19.671,102.9,52.178,52.178,0.914,9421.265,9422.179,143140.302,0.861,11,1210,1159.2,153.752,798.273,622.146,1112.669,287.264,1399.934,7.508,9394.677,1.407,9396.084,143780.957,200,276.523,326.61,24.956,0,6.442,5.153,5875.53,350,0.947,4187.2,15.4,1674.9,0,0,17.278,29.174,19.607,91.9,Burdekin,AyrDPI,Mulg,1959,Furrow,BareFallow,35,Surf1,200,999,110,SWBased_900_60_30_15_60,P2R,15AprV1R4,T4,2369.2,1832.146,952.025,1239.289,31.398,6.442,8.06993547457463,0.105614264672477,8.90680722891566,0.739265,27.131
1964,13/11/1964,318,1963,15-Apr,1,sugar,alive,4,396,1959,14/10/1963,105,0,0,318,1964,21,2039,6237.09,5525.65,4663.35,142.057,2777.44,15737.4,16707.652,6683.061,85.627,21.148,110.1,69.42,69.42,1.407,9394.677,9396.084,143780.957,0.853,13,1430,609.9,59.513,548.944,474.252,1154.36,280.093,1434.453,3.33,9360.774,1.708,9362.482,144351.583,200,286.352,341.234,27.566,0,5.888,5.597,6206.704,350,0.919,3585.3,13.2,1434.1,0,0,18.207,29.941,19.626,92.7,Burdekin,AyrDPI,Mulg,1959,Furrow,BareFallow,35,Surf1,200,999,110,SWBased_900_60_30_15_60,P2R,15AprV1R4,T4,2039.9,1904.252,608.457,888.55,33.454,5.888,7.45998953919964,0.0990321746338151,7.55622340425532,0.710285,27.774
1965,15/04/1965,105,0,15-Apr,1,none,out,-1,0,1959,0.000,105,0,0,318,-1,21,2039,0,0,0,0,0,0,16424.303,6569.721,87.093,0,0,66.412,66.412,1.708,9360.774,9362.482,144351.583,0.844,0,0,672.7,28.09,352.528,318.757,0,194.191,194.191,15.698,9440.555,27.66,9468.215,146702.311,0,0,33.875,2.542,0,1.973,0.284,3740.966,350,0,0.6,0,0.2,0,0,20.666,31.784,21.473,107.4,Burdekin,AyrDPI,Mulg,1959,Furrow,BareFallow,35,Surf1,200,999,110,SWBased_900_60_30_15_60,P2R,15AprV1R4,T4,672.7,318.757,380.618,574.809,4.515,1.973,0,0,0,,0
1966,15/07/1966,196,1965,15-Apr,2,sugar,alive,0,456,1965,15/4/1965,105,0,0,318,1966,21,2039,7111.19,6329.71,5516.11,169.587,3171.18,15950.8,0,0,0,20.1,172.4,164.304,164.304,27.66,9440.555,9468.215,146702.311,0.843,17,1870,465.4,68.919,859.252,336.013,1145.907,366.007,1511.914,20.097,9298.398,1.522,9299.92,144966.952,200,358.042,383.787,31.065,0.001,16.753,6.587,4974.809,350,0.958,4535.2,16.6,1814.1,0,0,17.033,28.275,19.056,102.9,Burdekin,AyrDPI,Mulg,1959,Furrow,BareFallow,35,Surf1,200,999,110,SWBased_900_60_30_15_60,P2R,15AprV1R4,T4,2335.4,2206.013,928.171,1294.178,47.819,16.754,7.68748869566952,0.112167094160118,7.30978448275862,0.847935,31.712
1967,15/08/1967,227,1966,15-Apr,2,sugar,alive,1,396,1965,15/7/1966,105,0,0,318,1967,21,2039,6001,5292.76,4517.87,137.686,2531.56,14831.4,17413.054,6965.222,92.853,19.715,100.5,59.62,59.62,1.522,9298.398,9299.92,144966.952,0.826,12,1320,834,16.709,826.112,483.187,986.644,319.359,1306.003,11.287,9282.73,1.263,9283.993,145539.408,200,268.338,308.136,15.391,0,7.714,3.414,5321.244,350,0.935,3910.8,14.3,1564.3,0,0,17.814,28.509,19.254,154.9,Burdekin,AyrDPI,Mulg,1959,Furrow,BareFallow,35,Surf1,200,999,110,SWBased_900_60_30_15_60,P2R,15AprV1R4,T4,2154,1803.187,842.821,1162.18,23.105,7.714,7.63570278623349,0.10542548524008,7.77887005649718,0.68843,25.316
1968,14/09/1968,258,1967,15-Apr,2,sugar,alive,2,396,1965,15/8/1967,105,0,0,318,1968,21,2039,6633.18,5887.47,5044.89,153.966,2775.67,15882.9,15930.827,6372.331,85.041,19.274,100,64.798,64.798,1.263,9282.73,9283.993,145539.408,0.823,10,1100,1458.4,160.993,1051.679,621.237,1061.112,287.753,1348.865,17.091,9267.872,1.161,9269.032,146338.823,200,270.819,316.317,23.113,0.001,4.094,4.703,5716.796,350,0.951,4303.5,15.8,1721.4,0,0,17.894,28.57,20.086,187.9,Burdekin,AyrDPI,Mulg,1959,Furrow,BareFallow,35,Surf1,200,999,110,SWBased_900_60_30_15_60,P2R,15AprV1R4,T4,2558.4,1721.237,1212.672,1500.425,27.208,4.095,8.94507845229913,0.114144855118933,9.93329032258065,0.76983,27.757
1969,14/10/1969,287,1968,15-Apr,2,sugar,alive,3,395,1965,14/9/1968,105,0,0,318,1969,21,2039,6138.98,5426.57,4625.67,140.851,2673.74,15133.1,17158.414,6863.367,83.555,20.449,98.6,61.662,61.662,1.161,9267.872,9269.032,146338.823,0.817,14,1540,202.9,38.297,329.974,186.359,1097.528,284.003,1381.531,1.11,9253.817,1.258,9255.075,147193.389,200,266.964,317.846,25.366,0,5.28,5.159,5795.987,350,0.94,4009.5,14.7,1603.8,0,0,17.557,29.56,20.698,46.5,Burdekin,AyrDPI,Mulg,1959,Furrow,BareFallow,35,Surf1,200,999,110,SWBased_900_60_30_15_60,P2R,15AprV1R4,T4,1742.9,1726.359,368.271,652.274,30.646,5.28,8.15884760933271,0.101952833486907,7.07793969849246,0.704255,26.737
1970,14/11/1970,318,1969,15-Apr,2,sugar,alive,4,396,1965,14/10/1969,105,0,0,318,1970,21,2039,6546.03,5852.43,4912.04,150.962,3041.14,16339.9,16271.24,6508.497,80.941,21.878,106.9,54.761,54.761,1.258,9253.817,9255.075,147193.389,0.812,13,1430,761.7,113.972,641.751,452.414,1128.913,287.55,1416.463,5.872,9227.508,1.941,9229.449,147781.623,200,274.047,326.376,31.381,0.002,4.401,6.015,6013.81,350,0.91,3447.5,12.6,1379,0,0,18.289,29.657,20.574,133.6,Burdekin,AyrDPI,Mulg,1959,Furrow,BareFallow,35,Surf1,200,999,110,SWBased_900_60_30_15_60,P2R,15AprV1R4,T4,2191.7,1882.414,755.723,1043.273,35.784,4.403,8.01959611435104,0.106576733737486,8.02989361702128,0.75481,30.411
1971,15/04/1971,105,0,15-Apr,2,none,out,-1,0,1965,0.000,105,0,0,318,-1,21,2039,0,0,0,0,0,0,16819.278,6727.71,83.169,0,0,74.276,74.276,1.941,9227.508,9229.449,147781.623,0.804,0,0,891.5,37.325,450.801,429.834,0,324.024,324.024,21.56,9311.076,21.883,9332.958,150497.357,0,0,29.107,1.572,0.001,1.875,0.162,3497.756,350,0,0.3,0,0.1,0,0,21.951,31.08,20.37,220,Burdekin,AyrDPI,Mulg,1959,Furrow,BareFallow,35,Surf1,200,999,110,SWBased_900_60_30_15_60,P2R,15AprV1R4,T4,891.5,429.834,488.126,812.15,3.448,1.876,0,0,0,,0
1972,14/07/1972,196,1971,15-Apr,3,sugar,alive,0,456,1971,15/4/1971,105,0,0,318,1972,21,2039,6893.77,6159.77,5320.57,163.5,2965.89,15732,0,0,0,19.412,157.9,153.625,153.625,21.883,9311.076,9332.958,150497.357,0.804,15,1650,1556.2,236.516,1518.397,674.113,1157.579,376.391,1533.97,26.59,9176.125,1.753,9177.877,148237.869,200,338.679,372.421,34.754,0.004,18.069,7.255,5390.954,350,0.963,4722,17.3,1888.8,0,0,16.519,28.374,18.892,206.2,Burdekin,AyrDPI,Mulg,1959,Furrow,BareFallow,35,Surf1,200,999,110,SWBased_900_60_30_15_60,P2R,15AprV1R4,T4,3206.2,2324.113,1754.913,2131.304,52.827,18.073,7.03494193268572,0.106586178347686,7.78571428571429,0.8175,29.659
1973,14/08/1973,226,1972,15-Apr,3,sugar,alive,1,396,1971,14/7/1972,105,0,0,318,1973,21,2039,6307,5560.27,4707.94,143.226,2484.13,15990.5,17385.854,6954.341,93.222,18.433,97.3,70.943,70.943,1.753,9176.125,9177.877,148237.869,0.789,13,1430,1040.8,175.418,936.426,573.497,1047.574,307.777,1355.351,12.487,9169.041,1.476,9170.518,148607.891,200,262.454,303.609,15.292,0.001,7.397,3.4,5815.321,350,0.919,3598.2,13.2,1439.3,0,0,17.642,28.812,19.734,108.5,Burdekin,AyrDPI,Mulg,1959,Furrow,BareFallow,35,Surf1,200,999,110,SWBased_900_60_30_15_60,P2R,15AprV1R4,T4,2470.8,2003.497,1111.844,1419.621,22.69,7.398,7.14880032263587,0.105674471041081,7.61840425531915,0.71613,24.841
1974,14/09/1974,257,1973,15-Apr,3,sugar,alive,2,396,1971,14/8/1973,105,0,0,318,1974,21,2039,6222.35,5586.98,4656.31,143.007,2489.16,15660.4,16650.41,6660.165,79.219,18.509,89.4,74.55,74.55,1.476,9169.041,9170.518,148607.891,0.787,8,880,2022,429.938,1180.873,779.507,994.718,299.701,1294.42,20.47,9165.191,1.265,9166.456,149330.677,200,253.205,301.79,26.851,0.003,3.898,5.537,5713.593,350,0.916,3533.7,13,1413.5,0,0,17.679,28.244,18.189,152.9,Burdekin,AyrDPI,Mulg,1959,Furrow,BareFallow,35,Surf1,200,999,110,SWBased_900_60_30_15_60,P2R,15AprV1R4,T4,2902,1659.507,1610.811,1910.512,30.752,3.901,8.61743879356942,0.110479597039601,10.7524060150376,0.715035,24.892
1975,14/10/1975,287,1974,15-Apr,3,sugar,alive,3,395,1971,14/9/1974,105,0,0,318,1975,21,2039,6925.55,6195.82,5205.14,159.809,2961.59,17204.1,16314.927,6525.971,78.494,19.894,102.2,71.321,71.321,1.265,9165.191,9166.456,149330.677,0.783,11,1210,780.5,17.982,543.781,577.045,1117.502,296.429,1413.931,4.855,9149.566,1.21,9150.776,149847.882,200,277.458,317.071,18.29,0.001,3.414,3.822,6132.471,350,0.945,4131.8,15.1,1652.7,0,0,18.147,28.754,19.953,65,Burdekin,AyrDPI,Mulg,1959,Furrow,BareFallow,35,Surf1,200,999,110,SWBased_900_60_30_15_60,P2R,15AprV1R4,T4,1990.5,1787.045,561.763,858.192,21.705,3.415,8.9426399447132,0.113024610111809,9.62704819277108,0.799045,29.616
1976,13/11/1976,318,1975,15-Apr,3,sugar,alive,4,396,1971,14/10/1975,105,0,0,318,1976,21,2039,6673.9,5973.55,5082.44,156.946,3146.74,15914.5,18135.544,7254.218,85.741,21.761,79,86.128,86.128,1.21,9149.566,9150.776,149847.882,0.777,11,1210,1934.3,544.423,1243.151,784.949,1064.83,310.256,1375.086,8.604,9147.611,1.578,9149.189,150190.653,200,227.119,304.841,41.931,0.074,18.416,7.851,6502.015,350,0.903,3331.6,12.2,1332.6,0,0,17.87,28.574,19.684,179.8,Burdekin,AyrDPI,Mulg,1959,Furrow,BareFallow,35,Surf1,200,999,110,SWBased_900_60_30_15_60,P2R,15AprV1R4,T4,3144.3,1994.949,1787.574,2097.83,60.421,18.49,7.86716853413295,0.114135406803647,9.45457831325301,0.78473,31.467
1977,15/04/1977,105,0,15-Apr,3,none,out,-1,0,1971,0.000,105,0,0,318,-1,21,2039,0,0,0,0,0,0,16359.169,6543.668,69.688,0,0,67.769,67.769,1.578,9147.611,9149.189,150190.653,0.772,0,0,1139.4,58.595,730.094,395.401,0,257.65,257.65,34.372,9227.241,18.255,9245.497,152642.432,0,0,26.513,1.685,0.006,2.015,0.161,3884.089,350,0,0.4,0,0.2,0,0,22.735,31.161,20.49,170.6,Burdekin,AyrDPI,Mulg,1959,Furrow,BareFallow,35,Surf1,200,999,110,SWBased_900_60_30_15_60,P2R,15AprV1R4,T4,1139.4,395.401,788.689,1046.339,3.706,2.021,0,0,0,,0
1978,15/07/1978,196,1977,15-Apr,4,sugar,alive,0,456,1977,15/4/1977,105,0,0,318,1978,21,2039,7551.03,6754.25,5889.42,181.758,3298.09,16616.1,0,0,0,19.419,157.2,160.83,160.83,18.255,9227.241,9245.497,152642.432,0.771,14,1540,1025.3,56.263,1072.975,598.666,1141.361,378.151,1519.511,24.048,9103.396,1.759,9105.156,149433.072,200,334.924,363.436,23.897,0.006,19.485,5.189,6463.75,350,0.966,4821.7,17.7,1928.7,0,0,17.081,27.79,19.578,150.6,Burdekin,AyrDPI,Mulg,1959,Furrow,BareFallow,35,Surf1,200,999,110,SWBased_900_60_30_15_60,P2R,15AprV1R4,T4,2565.3,2138.666,1129.238,1507.389,43.388,19.491,8.49866225020644,0.119616113341726,9.13356783919598,0.90879,32.981
1979,15/08/1979,227,1978,15-Apr,4,sugar,alive,1,396,1977,15/7/1978,105,0,0,318,1979,21,2039,6249.97,5532.17,4707.72,143.716,2531.05,15422.5,18222.13,7288.852,91.171,18.762,88.4,77.382,77.382,1.759,9103.396,9105.156,149433.072,0.758,10,1100,1586.7,137.993,1251.024,741.641,974.669,329.695,1304.364,15.54,9099.623,1.358,9100.98,148954.741,200,247.975,297.666,20.371,0.003,12.451,4.42,6673.888,350,0.94,4018.3,14.7,1607.3,0,0,17.732,28.057,18.794,350.7,Burdekin,AyrDPI,Mulg,1959,Furrow,BareFallow,35,Surf1,200,999,110,SWBased_900_60_30_15_60,P2R,15AprV1R4,T4,2686.7,1841.641,1389.017,1718.712,32.825,12.454,7.80369246775023,0.110180900423501,9.272,0.71858,25.311
1980,14/09/1980,258,1979,15-Apr,4,sugar,alive,2,396,1977,15/8/1979,105,0,0,318,1980,21,2039,6636.13,5880.08,5068.71,154.901,2881.55,15674.3,16524.738,6609.896,73.434,19.981,100.2,70.702,70.702,1.358,9099.623,9100.98,148954.741,0.758,11,1210,778.5,55.799,595.891,458.632,1052.008,295.406,1347.414,6.813,9090.949,1.15,9092.099,148340.008,200,266.926,309.786,18.981,0.004,3.565,3.951,7175.238,350,0.953,4360.9,16,1744.4,0,0,18.321,28.783,20.553,86.4,Burdekin,AyrDPI,Mulg,1959,Furrow,BareFallow,35,Surf1,200,999,110,SWBased_900_60_30_15_60,P2R,15AprV1R4,T4,1988.5,1668.632,651.69,947.096,22.55,3.569,9.28311335273446,0.114961696998844,9.33138554216868,0.774505,28.816
1981,14/10/1981,287,1980,15-Apr,4,sugar,alive,3,395,1977,14/9/1980,105,0,0,318,1981,21,2039,6323.72,5581.7,4810.33,146.54,2681,15133.9,17029.935,6811.974,76.978,19.603,96.9,60.099,60.099,1.15,9090.949,9092.099,148340.008,0.755,10,1100,1125.6,235.314,705.778,578.217,1016.156,273.194,1289.35,4.662,9083.053,1.205,9084.259,147589.951,200,264.374,311.763,21.147,0.006,6.101,4.391,7467.784,350,0.951,4296.7,15.8,1718.7,0,0,17.855,28.507,19.328,104.8,Burdekin,AyrDPI,Mulg,1959,Furrow,BareFallow,35,Surf1,200,999,110,SWBased_900_60_30_15_60,P2R,15AprV1R4,T4,2225.6,1678.217,941.092,1214.286,27.254,6.107,8.73188628169063,0.113654166828247,9.4541935483871,0.7327,26.81
1982,14/11/1982,318,1981,15-Apr,4,sugar,alive,4,396,1977,14/10/1981,105,0,0,318,1982,21,2039,6026.1,5338,4578.99,140.14,2727.22,14471.1,16516.072,6606.429,80.794,21.037,96.4,55.258,55.258,1.205,9083.053,9084.259,147589.951,0.75,12,1320,594.4,40.975,543.275,451.698,1024.44,323.182,1347.622,6.176,9062.396,1.053,9063.448,146201.955,200,256.565,323.097,43.018,0.007,3.144,8.41,7771.643,350,0.934,3877.8,14.2,1551.1,0,0,17.665,29.241,20.364,47.4,Burdekin,AyrDPI,Mulg,1959,Furrow,BareFallow,35,Surf1,200,999,110,SWBased_900_60_30_15_60,P2R,15AprV1R4,T4,1914.4,1771.698,584.25,907.432,46.169,3.151,7.90992595803574,0.103990584896952,7.91751412429378,0.7007,27.272
1983,18/04/1983,108,0,15-Apr,4,none,out,-1,0,1977,0.000,108,3,0,321,-1,19,2039,0,0,0,0,0,0,15596.571,6238.628,80.731,0,0,37.787,37.787,1.053,9062.396,9063.448,146201.955,0.745,0,0,364.4,0.001,122.483,241.917,0,175.949,175.949,5.757,9155.593,11.484,9167.077,148497.138,0,0,13.932,0.445,0,0.232,0.061,3536.983,350,0,0.6,0,0.3,0,0,22.105,31.473,22.354,73,Burdekin,AyrDPI,Mulg,1959,Furrow,BareFallow,35,Surf1,200,999,110,SWBased_900_60_30_15_60,P2R,15AprV1R4,T4,364.4,241.917,122.484,298.433,0.677,0.232,0,0,0,,0
1984,17/07/1984,199,1983,15-Apr,5,sugar,alive,0,456,1983,18/4/1983,108,3,0,321,1984,18,2039,7120.17,6317.15,5485.9,168.242,3304.54,16342.8,0,0,0,21.259,184,103.756,103.756,11.484,9155.593,9167.077,148497.138,0.746,15,1650,771.9,21.644,921.063,509.063,1139.277,377.159,1516.435,21.37,8990.283,2.762,8993.045,143374.702,200,371.241,407.257,23.071,0.003,16.466,5.087,8291.716,350,0.963,4701.6,17.2,1880.6,0,0,17.649,28.237,18.184,95.4,Burdekin,AyrDPI,Mulg,1959,Furrow,BareFallow,35,Surf1,200,999,110,SWBased_900_60_30_15_60,P2R,15AprV1R4,T4,2421.9,2159.063,942.707,1319.866,39.54,16.469,7.79236177916068,0.110945737865454,8.01152380952381,0.84121,33.045
1985,17/08/1985,229,1984,15-Apr,5,sugar,alive,1,396,1983,17/7/1984,108,3,0,321,1985,18,2039,6215.07,5505.58,4682.52,142.758,2597.34,15325.5,17887.736,7155.094,89.868,19.479,115.1,66.514,66.514,2.762,8990.283,8993.045,143374.702,0.735,10,1100,859.7,13.785,604.182,621.611,1022.462,316.127,1338.589,6.594,8956,1.411,8957.411,143054.317,200,288.05,331.045,19.762,0.004,5.382,4.31,6395.615,350,0.941,4051.2,14.8,1620.5,0,0,17.354,28.395,19.214,111.4,Burdekin,AyrDPI,Mulg,1959,Furrow,BareFallow,35,Surf1,200,999,110,SWBased_900_60_30_15_60,P2R,15AprV1R4,T4,1959.7,1721.611,617.967,934.094,25.148,5.386,8.29211709265334,0.106648119773881,9.2101935483871,0.71379,25.973
1986,17/09/1986,260,1985,15-Apr,5,sugar,alive,2,396,1983,17/8/1985,108,3,0,321,1986,18,2039,6314.99,5627.67,4742.24,144.997,2635.82,15727.5,16470.167,6588.066,88.401,19.459,105.5,69.66,69.66,1.411,8956,8957.411,143054.317,0.733,12,1320,745.7,83.122,597.616,590.217,1064.726,296.083,1360.809,5.64,8935.928,1.504,8937.433,142930.752,200,270.83,323.146,27.835,0.021,4.421,5.543,6588.805,350,0.929,3778,13.9,1511.2,0,0,18.107,29.036,18.861,117.8,Burdekin,AyrDPI,Mulg,1959,Furrow,BareFallow,35,Surf1,200,999,110,SWBased_900_60_30_15_60,P2R,15AprV1R4,T4,2065.7,1910.217,680.738,976.821,32.277,4.442,7.59060358064032,0.10655205837116,8.1919209039548,0.724985,26.358
1987,17/10/1987,290,1986,15-Apr,5,sugar,alive,3,395,1983,17/9/1986,108,3,0,321,1987,18,2039,6030.46,5353.98,4574.39,139.72,2666.32,14560.7,16579.654,6631.862,80.395,20.572,106.1,93.814,93.814,1.504,8935.928,8937.433,142930.752,0.73,13,1430,411.3,49.585,410.179,330.648,1068.098,349.597,1417.695,3.672,8916.417,1.218,8917.635,142863.062,200,272.408,320.496,26.915,0.014,3.301,5.65,6597.005,350,0.929,3788.3,13.9,1515.3,0,0,18.472,29.811,19.953,44,Burdekin,AyrDPI,Mulg,1959,Furrow,BareFallow,35,Surf1,200,999,110,SWBased_900_60_30_15_60,P2R,15AprV1R4,T4,1841.3,1760.648,459.764,809.361,30.23,3.315,7.93571457781453,0.098554343494193,7.43191489361702,0.6986,26.663
1988,16/11/1988,321,1987,15-Apr,5,sugar,alive,4,396,1983,17/10/1987,108,3,0,321,1988,18,2039,6211.22,5519.97,4691.13,144.064,2754.99,15200.9,15596.651,6238.66,81.495,20.622,108.5,57.657,57.657,1.218,8916.417,8917.635,142863.062,0.725,12,1320,981.3,48.359,888.878,444.132,1036.296,319.552,1355.848,16.032,8899.771,1.704,8901.475,142728.896,200,265.181,317.103,29.139,0.018,3.826,5.98,6437,350,0.905,3369.7,12.4,1347.9,0,0,18.75,29.606,19.987,254,Burdekin,AyrDPI,Mulg,1959,Furrow,BareFallow,35,Surf1,200,999,110,SWBased_900_60_30_15_60,P2R,15AprV1R4,T4,2301.3,1764.132,937.237,1256.789,32.983,3.844,8.16628234168418,0.106253798360878,8.13920903954802,0.72032,27.55
1989,15/04/1989,105,0,15-Apr,5,none,out,-1,0,1983,0.000,105,0,0,321,-1,18,2039,0,0,0,0,0,0,15784.982,6313.993,78.314,0,0,65.873,65.873,1.704,8899.771,8901.475,142728.896,0.721,0,0,1075.1,25.735,587.788,478.774,0,321.126,321.126,28.035,8991.649,10.791,9002.44,145008.535,0,0,18.258,1.539,0.015,1.943,0.143,3623.286,350,0,0.3,0,0.1,0,0,21.811,31.067,20.611,134.8,Burdekin,AyrDPI,Mulg,1959,Furrow,BareFallow,35,Surf1,200,999,110,SWBased_900_60_30_15_60,P2R,15AprV1R4,T4,1075.1,478.774,613.523,934.649,3.497,1.958,0,0,0,,0
1990,15/07/1990,196,1989,15-Apr,6,sugar,alive,0,456,1989,15/4/1989,105,0,0,318,1990,21,2039,6992.89,6270.26,5396.04,166.712,3201.33,15968.5,0,0,0,20.719,161.2,206.324,206.324,10.791,8991.649,9002.44,145008.535,0.722,14,1540,1562.6,286.32,1386.34,749.795,1120.933,422.682,1543.614,24.091,8856.934,1.854,8858.788,141926.686,200,332.38,368.924,27.569,0.071,18.091,5.879,6037.962,350.462,0.951,4298.8,15.7,1719.5,0,0,17.385,28.018,18.506,103,Burdekin,AyrDPI,Mulg,1959,Furrow,BareFallow,35,Surf1,200,999,110,SWBased_900_60_30_15_60,P2R,15AprV1R4,T4,3102.6,2289.795,1672.66,2095.342,45.731,18.162,7.28065176140222,0.108001093537633,8.37748743718593,0.83356,32.013
1991,15/08/1991,227,1990,15-Apr,6,sugar,alive,1,396,1989,15/7/1990,105,0,0,318,1991,21,2039,6192.95,5474.54,4704.81,143.604,2509.71,14881.4,17227.221,6890.889,85.957,18.596,96.3,92.651,92.651,1.854,8856.934,8858.788,141926.686,0.711,13,1430,1680.4,247.839,1592.661,472.443,1025.031,285.392,1310.422,29.626,8860.419,1.029,8861.448,141940.558,200,249.288,290.024,13.944,0.018,10.243,3.106,6084.403,352.128,0.93,3800.1,13.9,1520,0,0,16.827,28.484,19.182,204.4,Burdekin,AyrDPI,Mulg,1959,Furrow,BareFallow,35,Surf1,200,999,110,SWBased_900_60_30_15_60,P2R,15AprV1R4,T4,3110.4,1902.443,1840.5,2125.892,24.205,10.261,7.54839961039569,0.109586072272901,7.63851063829787,0.71802,25.097
1992,14/09/1992,258,1991,15-Apr,6,sugar,alive,2,396,1989,15/8/1991,105,0,0,318,1992,21,2039,6754.45,5973.59,5221.55,159.434,3128.23,15329,15879.259,6351.704,71.239,21.234,97.9,52.13,52.13,1.029,8860.419,8861.448,141940.558,0.713,12,1320,643.5,8.083,530.723,480.853,1128.34,292.304,1420.644,4.799,8854.996,1.03,8856.025,141845.904,200,260.27,305.998,19.652,0.002,5.902,4.158,6618.997,353.823,0.963,4703.2,17.2,1881.3,0,0,17.978,29.375,20.6,122.8,Burdekin,AyrDPI,Mulg,1959,Furrow,BareFallow,35,Surf1,200,999,110,SWBased_900_60_30_15_60,P2R,15AprV1R4,T4,1963.5,1800.853,538.806,831.11,25.556,5.904,8.85324898811841,0.112226567669311,9.00757062146893,0.79717,31.282
1993,14/10/1993,287,1992,15-Apr,6,sugar,alive,3,395,1989,14/9/1992,105,0,0,318,1993,21,2039,6884.35,6143.33,5236.74,160.565,3241.49,16476.1,17027.378,6810.951,74.45,21.931,92.7,56.182,56.182,1.03,8854.996,8856.025,141845.904,0.71,14,1540,531.1,47.081,610.487,396.219,1115.202,295.238,1410.44,5.534,8857.441,1.038,8858.479,141783.724,200,257.029,309.029,20.574,0.015,5.485,4.219,7043.536,355.556,0.942,4068.7,14.9,1627.5,0,0,17.951,29.038,20.484,72,Burdekin,AyrDPI,Mulg,1959,Furrow,BareFallow,35,Surf1,200,999,110,SWBased_900_60_30_15_60,P2R,15AprV1R4,T4,2071.1,1936.219,657.568,952.806,26.074,5.5,8.29270862438598,0.113840361872891,8.06859296482412,0.802825,32.415
1994,14/11/1994,318,1993,15-Apr,6,sugar,alive,4,396,1989,14/10/1993,105,0,0,318,1994,21,2039,6850.32,6121.68,5288.54,162.691,3292.28,15617.8,17463.084,6985.234,75.221,21.991,93.7,59.274,59.274,1.038,8857.441,8858.479,141783.724,0.708,15,1650,365.6,26.198,535.273,290.011,1143.015,316.726,1459.742,3.914,8852.898,1.148,8854.046,141571.702,200,255.084,310.608,26.315,0.012,9.389,5.419,7209.264,357.322,0.949,4264.8,15.6,1705.9,0,0,18.061,29.441,20.865,46.8,Burdekin,AyrDPI,Mulg,1959,Furrow,BareFallow,35,Surf1,200,999,110,SWBased_900_60_30_15_60,P2R,15AprV1R4,T4,2015.6,1940.011,561.471,878.197,35.716,9.401,8.38608647064372,0.111451886703267,7.74719047619048,0.813455,32.923
1995,15/04/1995,105,0,15-Apr,6,none,out,-1,0,1989,0.000,105,0,0,318,-1,21,2039,0,0,0,0,0,0,16900.197,6760.079,73.657,0,0,53.663,53.663,1.148,8852.898,8854.046,141571.702,0.705,0,0,352.3,0.001,108.393,243.907,0,198.935,198.935,5.076,8951.648,7.924,8959.572,145003.37,0,0,8.481,0.088,0,0.075,0.02,3016.806,358.015,0.001,0.9,0,0.4,0,0,22.668,31.676,22.661,55.2,Burdekin,AyrDPI,Mulg,1959,Furrow,BareFallow,35,Surf1,200,999,110,SWBased_900_60_30_15_60,P2R,15AprV1R4,T4,352.3,243.907,108.394,307.329,0.163,0.075,0,0,0,,0
1996,14/07/1996,196,1995,15-Apr,7,sugar,alive,0,456,1995,15/4/1995,105,0,0,318,1996,21,2039,7782.44,6888.1,6123.5,187.886,3762.33,16589.4,0,0,0,21.73,168.7,98.634,98.634,7.924,8951.648,8959.572,145003.37,0.706,17,1870,667.7,0.002,1002.88,446.077,1191.085,382.62,1573.704,21.635,8820.426,2.231,8822.656,139866.319,200,348.653,383.924,13.876,0,15.383,3.307,8690.211,360.105,0.97,5022.1,18.4,2008.9,0,0,18.934,29.127,19.288,107,Burdekin,AyrDPI,Mulg,1959,Furrow,BareFallow,35,Surf1,200,999,110,SWBased_900_60_30_15_60,P2R,15AprV1R4,T4,2537.7,2316.077,1002.882,1385.502,29.259,15.383,8.11225188109031,0.119390940100553,8.09853448275862,0.93943,37.623
1997,14/08/1997,226,1996,15-Apr,7,sugar,alive,1,396,1995,14/7/1996,105,0,0,318,1997,21,2039,7389.08,6595.66,5701.73,175.303,3367.44,16873.5,18369.807,7347.923,86.936,20.727,102.3,59.749,59.749,2.231,8820.426,8822.656,139866.319,0.697,13,1430,936,39.502,934.351,509.68,1067.003,320.591,1387.594,10.815,8812.73,1.257,8813.987,139222.001,200,268.838,309.634,13.885,0.011,7.628,3.131,7309.118,361.957,0.955,4427.4,16.2,1771,0,0,18.617,28.449,20.38,116.8,Burdekin,AyrDPI,Mulg,1959,Furrow,BareFallow,35,Surf1,200,999,110,SWBased_900_60_30_15_60,P2R,15AprV1R4,T4,2366,1939.68,973.853,1294.444,21.524,7.639,9.03772787263879,0.126335945528735,9.32462765957447,0.876515,33.674
1998,14/09/1998,257,1997,15-Apr,7,sugar,alive,2,396,1995,14/8/1997,105,0,0,318,1998,21,2039,7512.43,6715.91,5828.92,179.436,3485.01,16835.2,18105.819,7242.327,75.288,20.989,100.8,64.304,64.304,1.257,8812.73,8813.987,139222.001,0.698,10,1100,988.6,43.7,684.697,575.422,1051.14,278.487,1329.627,8.869,8815.342,1.573,8816.915,138548.598,200,268.522,312.385,14.752,0.022,3.126,3.185,8151.929,363.843,0.937,3942,14.4,1576.8,0,0,20.231,28.713,19.364,189.6,Burdekin,AyrDPI,Mulg,1959,Furrow,BareFallow,35,Surf1,200,999,110,SWBased_900_60_30_15_60,P2R,15AprV1R4,T4,2088.6,1675.422,728.397,1006.884,17.9,3.148,10.7098987598348,0.134952133192241,11.5765161290323,0.89718,34.85
1999,14/10/1999,287,1998,15-Apr,7,sugar,alive,3,395,1995,14/9/1998,105,0,0,318,1999,21,2039,6835.11,6124.93,5286.34,162.948,3153.1,15487.7,17660.615,7064.246,68.974,20.901,93.5,94.881,94.881,1.573,8815.342,8816.915,138548.598,0.698,8,880,1114.4,54.783,702.474,705.349,982.825,298.554,1281.378,3.281,8806.072,1.086,8807.158,137713.87,200,251.996,321.21,32.513,0.059,13.174,6.57,8093.795,365.763,0.938,3961.3,14.5,1584.5,0,0,19.63,28.738,19.443,112,Burdekin,AyrDPI,Mulg,1959,Furrow,BareFallow,35,Surf1,200,999,110,SWBased_900_60_30_15_60,P2R,15AprV1R4,T4,1994.4,1585.349,757.257,1055.811,45.746,13.233,10.2783677284939,0.127166222613468,12.2517293233083,0.81474,31.531
2000,23/11/2000,328,1999,15-Apr,7,sugar,alive,4,406,1995,14/10/1999,105,0,10,318,2000,14,2039,7671.82,6875.15,5916.45,182.627,3542.01,17553.7,16531.629,6612.651,68.236,20.956,104.6,50.646,50.646,1.086,8806.072,8807.158,137713.87,0.694,9,990,1679.8,120.1,1052.819,889.464,1092.4,309.126,1401.526,19.06,8799.655,1.627,8801.282,136733.091,200,270.219,320.656,22.632,0.048,3.671,4.738,8334.772,367.764,0.944,4125.2,15.1,1650.1,0,0,19.105,28.464,19.618,136,Burdekin,AyrDPI,Mulg,1959,Furrow,BareFallow,35,Surf1,200,999,110,SWBased_900_60_30_15_60,P2R,15AprV1R4,T4,2669.8,1879.464,1172.919,1482.045,26.351,3.719,9.71697249854214,0.130305823794921,12.6824305555556,0.913135,35.42
2001,15/04/2001,105,0,15-Apr,7,none,out,-1,0,1995,0.000,105,0,10,328,-1,14,2049,0,0,0,0,0,0,18427.086,7370.833,75.95,0,0,146.002,146.002,1.627,8799.655,8801.282,136733.091,0.692,0,0,332.9,35.885,77.541,242.485,0,235.072,235.072,3.417,8892.577,17.359,8909.936,139001.009,0,0,20.741,0.287,0.076,0.094,0.053,4700.561,368.485,0,0.7,0,0.3,0,0,21.794,30.767,20.73,39.4,Burdekin,AyrDPI,Mulg,1959,Furrow,BareFallow,35,Surf1,200,999,110,SWBased_900_60_30_15_60,P2R,15AprV1R4,T4,332.9,242.485,113.426,348.498,0.457,0.17,0,0,0,,0
2002,15/07/2002,196,2001,15-Apr,8,sugar,alive,0,456,2001,15/4/2001,105,0,0,318,2002,21,2039,7412.25,6575.84,5821.05,178.637,3694.92,15911.9,0,0,0,22.541,187.3,130.404,130.404,17.359,8892.577,8909.936,139001.009,0.693,18,1980,812.3,21.033,1199.324,373.486,1275.958,372.451,1648.409,18.201,8735.331,2.036,8737.366,132927.423,200,374.689,401.311,18.449,0.043,18.419,4.17,9437.709,370.799,0.971,5046.4,18.5,2018.6,0,0,17.741,29.868,20.336,206,Burdekin,AyrDPI,Mulg,1959,Furrow,BareFallow,35,Surf1,200,999,110,SWBased_900_60_30_15_60,P2R,15AprV1R4,T4,2792.3,2353.486,1220.357,1592.808,36.911,18.462,7.59031496257042,0.108369342802666,7.35131687242798,0.893185,36.949
2003,15/08/2003,227,2002,15-Apr,8,sugar,alive,1,396,2001,15/7/2002,105,0,0,318,2003,21,2039,6455.95,5687.87,4925.75,150.362,2932.63,15302,17814.609,7125.844,88.141,21.09,115.5,53.939,53.939,2.036,8735.331,8737.366,132927.423,0.682,16,1760,472,24.249,781.871,298.563,1097.263,326.281,1423.544,9.541,8717.654,1.603,8719.257,130805.408,200,273.141,316.354,16.831,0.015,6.954,3.756,8339.483,372.843,0.938,3977.6,14.6,1591.1,0,0,17.729,29.464,20.693,51,Burdekin,AyrDPI,Mulg,1959,Furrow,BareFallow,35,Surf1,200,999,110,SWBased_900_60_30_15_60,P2R,15AprV1R4,T4,2232,2058.563,806.12,1132.401,23.8,6.969,7.30422143990735,0.105625115907903,6.80371040723982,0.75181,29.326
2004,14/09/2004,258,2003,15-Apr,8,sugar,alive,2,396,2001,15/8/2003,105,0,0,318,2004,21,2039,6633.32,5866.9,5127.81,156.502,3057.48,15055.1,16387.687,6555.075,74.196,21.13,124.9,56.276,56.276,1.603,8717.654,8719.257,130805.408,0.684,12,1320,741,30.954,630.076,451.961,1109.145,288.821,1397.966,5.979,8675.061,1.357,8676.418,129981.925,200,296.616,347.566,22.651,0.581,5.845,4.702,7464.003,374.917,0.959,4563.5,16.7,1825.4,0,0,18.222,29.742,20.529,173.2,Burdekin,AyrDPI,Mulg,1959,Furrow,BareFallow,35,Surf1,200,999,110,SWBased_900_60_30_15_60,P2R,15AprV1R4,T4,2061,1771.961,661.03,949.851,29.077,6.426,8.8321356959888,0.111949789909054,8.8419209039548,0.78251,30.575
2005,14/10/2005,287,2004,15-Apr,8,sugar,alive,3,395,2001,14/9/2004,105,0,0,318,2005,21,2039,6674.14,5933.52,5101.6,155.952,3079.85,15725.4,16675.802,6670.321,78.634,21.391,110.7,58.282,58.282,1.357,8675.061,8676.418,129981.925,0.682,14,1540,728.7,30.077,831.726,321.984,1120.132,286.566,1406.698,13.113,8657.315,1.289,8658.604,129599.673,200,278.234,327.874,20.279,0.104,6.006,4.267,7210.492,377.032,0.954,4396.8,16.1,1758.7,0,0,18.444,29.715,20.552,143.4,Burdekin,AyrDPI,Mulg,1959,Furrow,BareFallow,35,Surf1,200,999,110,SWBased_900_60_30_15_60,P2R,15AprV1R4,T4,2268.7,1861.984,861.803,1148.369,26.389,6.11,8.37558217471256,0.110863881231082,7.83678391959799,0.77976,30.799
2006,14/11/2006,318,2005,15-Apr,8,sugar,alive,4,396,2001,14/10/2005,105,0,0,318,2006,21,2039,6853.1,6134,5243.02,161.25,3152.3,16100.8,17103.847,6841.537,81.633,21.145,104.2,58.481,58.481,1.289,8657.315,8658.604,129599.673,0.681,12,1320,923.4,53.229,801.802,499.732,1100.339,291.589,1391.927,6.249,8645.185,1.062,8646.247,129417.684,200,270.16,320.364,25.434,0.092,5.311,5.244,7193.417,379.182,0.932,3839.6,14.1,1535.8,0,0,18.902,29.43,19.985,178.4,Burdekin,AyrDPI,Mulg,1959,Furrow,BareFallow,35,Surf1,200,999,110,SWBased_900_60_30_15_60,P2R,15AprV1R4,T4,2243.4,1819.732,855.031,1146.62,30.837,5.403,8.86119494518973,0.115846592529637,9.11016949152542,0.80625,31.523
2007,15/04/2007,105,0,15-Apr,8,none,out,-1,0,2001,0.000,105,0,0,318,-1,21,2039,0,0,0,0,0,0,16949.364,6779.746,79.486,0,0,54.924,54.924,1.062,8645.185,8646.247,129417.684,0.679,0,0,748.4,34.328,411.659,331.366,0,218.432,218.432,19.453,8746.804,7.62,8754.424,132675.254,0,0,9.341,0.251,0.043,0.216,0.029,3161.116,380.024,0,0.5,0,0.2,0,0,21.774,31.068,20.952,130.2,Burdekin,AyrDPI,Mulg,1959,Furrow,BareFallow,35,Surf1,200,999,110,SWBased_900_60_30_15_60,P2R,15AprV1R4,T4,748.4,331.366,445.987,664.419,0.51,0.259,0,0,0,,0
2008,14/07/2008,196,2007,15-Apr,9,sugar,alive,0,456,2007,15/4/2007,105,0,0,318,2008,21,2039,7813.67,6983.47,6064.17,187.037,3608.42,17494.9,0,0,0,20.83,166.7,138.906,138.906,7.62,8746.804,8754.424,132675.254,0.68,14,1540,1389.5,193.889,1226.619,694.144,1222.987,350.607,1573.594,19.548,8609.611,2.228,8611.839,128571.547,200,347.785,382.037,20.092,0.919,12.594,4.355,7444.824,382.56,0.967,4857.4,17.8,1943,0,0,17.421,28.372,18.704,108.2,Burdekin,AyrDPI,Mulg,1959,Furrow,BareFallow,35,Surf1,200,999,110,SWBased_900_60_30_15_60,P2R,15AprV1R4,T4,2929.5,2234.144,1420.508,1771.115,33.605,13.513,8.37175222367045,0.118859756709799,9.39884422110553,0.935185,36.084
2009,14/08/2009,226,2008,15-Apr,9,sugar,alive,1,396,2007,14/7/2008,105,0,0,318,2009,21,2039,6277.23,5539.48,4755.8,144.845,2620.08,15214.3,18999.455,7599.782,89.754,19.349,96.8,74.305,74.305,2.228,8609.611,8611.839,128571.547,0.673,11,1210,1894.1,300.848,1496.498,659.507,1030.796,293.32,1324.116,18.29,8604.751,1.292,8606.043,128670.689,200,259.421,308.307,18.971,0.227,6.497,3.955,6385.483,384.802,0.938,3963.1,14.5,1585.2,0,0,18.009,28.88,18.524,197.2,Burdekin,AyrDPI,Mulg,1959,Furrow,BareFallow,35,Surf1,200,999,110,SWBased_900_60_30_15_60,P2R,15AprV1R4,T4,3104.1,1869.507,1797.346,2090.666,25.695,6.724,7.74776451759742,0.109389962812926,8.72560240963855,0.724225,26.201
2010,14/09/2010,257,2009,15-Apr,9,sugar,alive,2,396,2007,14/8/2009,105,0,0,318,2010,21,2039,6912.14,6177.73,5266.73,161.65,2874.24,16454.1,16300.769,6520.307,73.449,18.97,99.9,56.945,56.945,1.292,8604.751,8606.043,128670.689,0.675,12,1320,1138.9,196.812,851.91,520.047,1108.559,280.042,1388.601,9.339,8602.461,1.491,8603.952,128668.921,200,262.067,309.078,18.546,0.036,6.118,3.93,6905.962,387.08,0.921,3623.1,13.3,1449.2,0,0,18.842,29.312,18.819,135.2,Burdekin,AyrDPI,Mulg,1959,Furrow,BareFallow,35,Surf1,200,999,110,SWBased_900_60_30_15_60,P2R,15AprV1R4,T4,2458.9,1840.047,1048.722,1328.764,24.7,6.154,8.78510168490261,0.116412129906287,9.13276836158192,0.80825,28.742
2011,14/10/2011,287,2010,15-Apr,9,sugar,alive,3,395,2007,14/9/2010,105,0,0,318,2011,21,2039,6689.26,5979.61,5158.19,158.869,3114.37,15310.7,17065.592,6826.236,72.962,21.212,84.7,78.524,78.524,1.491,8602.461,8603.952,128668.921,0.674,7,770,1399.5,152.623,679.357,858.253,1032.398,333.641,1366.039,5.014,8599.778,1.062,8600.84,128765.913,200,240.395,302.767,39.89,0.053,6.368,7.774,6664.351,389.395,0.944,4114.7,15.1,1645.9,0,0,17.983,28.537,18.315,81.4,Burdekin,AyrDPI,Mulg,1959,Furrow,BareFallow,35,Surf1,200,999,110,SWBased_900_60_30_15_60,P2R,15AprV1R4,T4,2169.5,1628.253,831.98,1165.621,46.311,6.421,9.75702178961132,0.116299022209468,13.0220491803279,0.794345,31.144
2012,13/11/2012,318,2011,15-Apr,9,sugar,alive,4,396,2007,14/10/2011,105,0,0,318,2012,21,2039,6780.09,6061.18,5201.06,160.008,3107.31,15790.2,16511.582,6604.633,73.284,20.986,92.3,50.006,50.006,1.062,8599.778,8600.84,128765.913,0.671,9,990,1162.2,67.147,719.306,703.978,1057.493,297.617,1355.11,9.452,8598.375,1.303,8599.678,128706.915,200,259.244,303.622,20.499,0.021,5.205,4.353,6799.944,391.74,0.948,4234.4,15.5,1693.8,0,0,18.232,28.806,19.444,197.4,Burdekin,AyrDPI,Mulg,1959,Furrow,BareFallow,35,Surf1,200,999,110,SWBased_900_60_30_15_60,P2R,15AprV1R4,T4,2152.2,1693.978,786.453,1084.07,25.725,5.226,9.44569528057625,0.118077499243604,11.1116666666667,0.80004,31.073
2013,15/04/2013,105,0,15-Apr,9,none,out,-1,0,2007,0.000,105,0,0,318,-1,21,2039,0,0,0,0,0,0,17020.948,6808.38,80.086,0,0,60.645,60.645,1.303,8598.375,8599.678,128706.915,0.67,0,0,494.4,0.001,206.123,288.277,0,219.032,219.032,9.67,8696.257,8.289,8704.546,131748.075,0,0,11.316,0.438,0,0.191,0.054,3352.055,392.667,0,0.5,0,0.2,0,0,21.942,31.348,21.742,178.6,Burdekin,AyrDPI,Mulg,1959,Furrow,BareFallow,35,Surf1,200,999,110,SWBased_900_60_30_15_60,P2R,15AprV1R4,T4,494.4,288.277,206.124,425.156,0.629,0.191,0,0,0,,0
2014,15/07/2014,196,2013,15-Apr,10,sugar,alive,0,456,2013,15/4/2013,105,0,0,318,2014,21,2039,7951.39,7131.95,6185.87,191.16,3801.17,17655.2,0,0,0,21.558,177,129.89,129.89,8.289,8696.257,8704.546,131748.075,0.672,17,1870,709.2,8.431,1010.226,481.566,1240.32,361.965,1602.285,19.981,8552.616,2.02,8554.636,127728.506,200,356.108,390.47,15.264,0.017,17.951,3.558,7429.397,395.443,0.963,4720.8,17.3,1888.3,0,0,17.96,28.94,18.948,86.2,Burdekin,AyrDPI,Mulg,1959,Furrow,BareFallow,35,Surf1,200,999,110,SWBased_900_60_30_15_60,P2R,15AprV1R4,T4,2579.2,2351.566,1018.657,1380.622,33.232,17.968,8.1290510238709,0.119304618092287,8.23965517241379,0.9558,38.012
2015,15/08/2015,227,2014,15-Apr,10,sugar,alive,1,396,2013,15/7/2014,105,0,0,318,2015,21,2039,6120.53,5340.01,4691.21,142.191,2788.88,14293.2,19019.593,7607.837,84.966,21.225,102.6,88.15,88.15,2.02,8552.616,8554.636,127728.506,0.664,15,1650,417.2,17.064,726.011,247.577,1052.141,316.221,1368.361,9.037,8551.588,0.819,8552.406,127972.689,200,262.401,305.761,14.08,0.063,5.303,3.164,6299.48,397.889,0.94,4027.5,14.8,1611,0,0,17.894,29.752,20.482,83.4,Burdekin,AyrDPI,Mulg,1959,Furrow,BareFallow,35,Surf1,200,999,110,SWBased_900_60_30_15_60,P2R,15AprV1R4,T4,2067.2,1897.577,743.075,1059.296,19.446,5.366,7.49329276229634,0.103913367890491,6.771,0.710955,27.889
2016,14/09/2016,258,2015,15-Apr,10,sugar,alive,2,396,2013,15/8/2015,105,0,0,318,2016,21,2039,6666.53,5902.8,5101.81,155.492,2919.14,15647.3,15572.565,6229.026,71.316,20.192,101.7,43.915,43.915,0.819,8551.588,8552.406,127972.689,0.666,12,1320,538,10.299,420.146,442.024,1109.283,296.782,1406.066,2.463,8546.417,1.265,8547.683,127850.385,200,262.976,311.491,18.408,0.002,6.959,3.935,6864.192,400.366,0.947,4198.4,15.4,1679.4,0,0,19.103,29.867,19.185,43.6,Burdekin,AyrDPI,Mulg,1959,Furrow,BareFallow,35,Surf1,200,999,110,SWBased_900_60_30_15_60,P2R,15AprV1R4,T4,1858,1762.024,430.445,727.227,25.369,6.961,8.82462440920214,0.110586558525702,8.78485875706215,0.77746,29.191
2017,14/10/2017,287,2016,15-Apr,10,sugar,alive,3,395,2013,14/9/2016,105,0,0,318,2017,21,2039,6448.84,5694.46,4894.64,148.886,2800.71,15542,16868.815,6747.526,74.349,20.238,99.5,65.406,65.406,1.265,8546.417,8547.683,127850.385,0.665,11,1210,860,52.416,604.767,530.451,1121.27,298.241,1419.511,4.209,8537.454,1.269,8538.723,127742.14,200,270.843,313.415,19.533,0.014,2.683,4.11,6895.776,402.887,0.957,4485.1,16.4,1794,0,0,18.783,30.109,18.59,107.8,Burdekin,AyrDPI,Mulg,1959,Furrow,BareFallow,35,Surf1,200,999,110,SWBased_900_60_30_15_60,P2R,15AprV1R4,T4,2070,1740.451,657.183,955.424,22.23,2.697,8.55444939271488,0.104885414766071,8.96903614457831,0.74443,28.007
2018,14/11/2018,318,2017,15-Apr,10,sugar,alive,4,396,2013,14/10/2017,105,0,0,318,2018,21,2039,6048.71,5332.98,4560.57,138.969,2712.31,14881.4,17023.039,6809.215,82.406,21.106,95.9,58.712,58.712,1.269,8537.454,8538.723,127742.14,0.662,12,1320,742.1,116.378,654.264,437.339,1022.038,275.08,1297.117,8.869,8532.802,1.073,8533.875,127670.748,200,259.711,307.091,25.021,0.057,4.28,4.973,6689.912,405.446,0.928,3763.3,13.8,1505.3,0,0,18.275,29.723,18.447,130.4,Burdekin,AyrDPI,Mulg,1959,Furrow,BareFallow,35,Surf1,200,999,110,SWBased_900_60_30_15_60,P2R,15AprV1R4,T4,2062.1,1757.339,770.642,1045.722,29.358,4.337,7.90792214820248,0.107136827286976,7.85135593220339,0.694845,27.123
2019,15/04/2019,105,0,15-Apr,10,none,out,-1,0,2013,0.000,105,0,0,318,-1,21,2039,0,0,0,0,0,0,15848.016,6339.207,82.192,0,0,53.054,53.054,1.073,8532.802,8533.875,127670.748,0.661,0,0,1111,143.833,613.026,453.299,0,252.119,252.119,28.611,8622.839,14.468,8637.307,129856.738,0,0,24.89,1.244,0.088,1.374,0.137,3772.47,406.447,0,0.3,0,0.1,0,0,22.704,31.656,17.334,92.8,Burdekin,AyrDPI,Mulg,1959,Furrow,BareFallow,35,Surf1,200,999,110,SWBased_900_60_30_15_60,P2R,15AprV1R4,T4,1111,453.299,756.859,1008.978,2.706,1.462,0,0,0,,0
2020,14/07/2020,196,2019,15-Apr,11,sugar,alive,0,456,2019,15/4/2019,105,0,0,318,2020,21,2039,6995.22,6232.98,5430.04,167.347,3295.66,15651.7,0,0,0,21.323,181.5,155.076,155.076,14.468,8622.839,8637.307,129856.738,0.662,16,1760,1041.6,113.366,1246.248,460.23,1164.034,365.12,1529.154,21.254,8471.923,1.965,8473.888,126505.354,200,357.636,387.592,22.529,0.327,18.09,4.954,6371.316,409.458,0.952,4341.4,15.9,1736.6,0,0,17.927,29.324,17.481,327.8,Burdekin,AyrDPI,Mulg,1959,Furrow,BareFallow,35,Surf1,200,999,110,SWBased_900_60_30_15_60,P2R,15AprV1R4,T4,2801.6,2220.23,1359.614,1724.734,40.946,18.417,7.53737225422592,0.109437636758626,7.57226244343891,0.836735,32.957
2021,14/08/2021,226,2020,15-Apr,11,sugar,alive,1,396,2019,14/7/2020,105,0,0,318,2021,21,2039,5812.17,5099.37,4367.77,132.488,2306.63,14443.9,16994.163,6797.666,82.651,18.514,97.2,67.909,67.909,1.965,8471.923,8473.888,126505.354,0.653,10,1100,1081.2,70.677,903.54,534.271,932.116,279.872,1211.987,14.057,8468.923,1.119,8470.042,126598.315,200,251.399,296.927,18.798,0.075,8.753,4.068,5839.34,412.114,0.927,3733.1,13.7,1493.2,0,0,18.484,29.171,17.224,132.4,Burdekin,AyrDPI,Mulg,1959,Furrow,BareFallow,35,Surf1,200,999,110,SWBased_900_60_30_15_60,P2R,15AprV1R4,T4,2181.2,1634.271,974.217,1254.089,27.626,8.828,8.10685620683473,0.109314703870586,8.54761290322581,0.66244,23.066
1960,14/04/1960,105,0,15-Apr,0,none,out,-1,0,-1,0.000,105,0,0,318,-1,21,2039,0,0,0,0,0,0,0,0,0,0,0,0,0,0,0,0,0,0.89,0,0,778.8,0,483.366,295.434,0,204.631,204.631,22.612,9505.123,33.527,9538.65,141811.2,0,0,35.94,3.757,0,1.649,0.596,1011.193,350,0.001,0.9,0,0.4,0,0,22.318,30.437,19.329,210.1,Burdekin,AyrDPI,Mulg,1960,Furrow,BareFallow,35,Surf1,200,999,110,SWBased_900_60_30_15_60,P2R,15AprV1R4,T4,778.8,295.434,483.366,687.997,5.406,1.649,0,0,0,,0
1961,14/07/1961,195,1960,15-Apr,1,sugar,alive,0,456,1960,14/4/1960,105,0,0,318,1961,21,2039,6887.23,6074.58,5393.03,164.923,3102.91,14942,0,0,0,20.242,135.6,120.353,120.353,33.527,9505.123,9538.65,141811.2,0.884,17,1870,561.3,60.353,929.801,387.313,1133.217,375.391,1508.607,20.07,9424.424,0.769,9425.194,141436.277,200,307.581,316.261,24.535,0,15.811,5.332,3264.67,350,0.982,5747.8,21.1,2299.1,0,0,16.784,28.349,20.095,63.2,Burdekin,AyrDPI,Mulg,1960,Furrow,BareFallow,35,Surf1,200,999,110,SWBased_900_60_30_15_60,P2R,15AprV1R4,T4,2431.3,2257.313,990.154,1365.545,40.346,15.811,7.30616445304661,0.109321380584871,7.10875,0.824615,31.029
1962,14/08/1962,226,1961,15-Apr,1,sugar,alive,1,396,1960,14/7/1961,105,0,0,318,1962,21,2039,6127.07,5396.94,4612.1,140.397,2593.98,15149.8,17586.371,7034.55,95.288,19.826,85.4,52.892,52.892,0.769,9424.424,9425.194,141436.277,0.869,13,1430,958.4,81.169,895.733,554.395,1080.916,328.26,1409.177,10.136,9432.179,0.82,9432.999,142225.214,200,242.186,287.325,16.869,0,7.25,3.696,5138.081,350,0.939,4005.3,14.7,1602.1,0,0,17.008,28.972,20.048,102.1,Burdekin,AyrDPI,Mulg,1960,Furrow,BareFallow,35,Surf1,200,999,110,SWBased_900_60_30_15_60,P2R,15AprV1R4,T4,2388.4,1984.395,976.902,1305.162,24.119,7.25,7.075053101827,0.0996304935433945,7.46792553191489,0.701985,25.94
1963,14/09/1963,257,1962,15-Apr,1,sugar,alive,2,396,1960,14/8/1962,105,0,0,318,1963,21,2039,6146.99,5465.48,4674.03,142.953,2501.63,14729.6,16281.815,6512.726,72.362,18.625,97.3,55.214,55.214,0.82,9432.179,9432.999,142225.214,0.867,10,1100,1162.3,183.142,709.868,622.204,1078.135,286.024,1364.159,5.667,9412.92,0.997,9413.917,142939.457,200,265.659,315.946,25.645,0,4.184,5.21,5534.793,350,0.937,3951.5,14.5,1580.6,0,0,17.169,29.038,19.278,91.9,Burdekin,AyrDPI,Mulg,1960,Furrow,BareFallow,35,Surf1,200,999,110,SWBased_900_60_30_15_60,P2R,15AprV1R4,T4,2262.3,1722.204,893.01,1179.034,29.829,4.184,8.30058459973383,0.104792036705399,9.22277419354839,0.714765,25.016
1964,13/10/1964,287,1963,15-Apr,1,sugar,alive,3,395,1960,14/9/1963,105,0,0,318,1964,21,2039,5813.27,5104.07,4369.49,132.218,2500.81,14437.8,15878.948,6351.581,79.683,20.365,103.4,60.347,60.347,0.997,9412.92,9413.917,142939.457,0.86,12,1320,564.7,45.362,501.259,421.079,1069.841,267.423,1337.264,4.085,9390.495,1.61,9392.106,143590.902,200,275.943,320.645,21.202,0,5.722,4.457,5724.062,350,0.945,4143.2,15.2,1657.3,0,0,17.833,29.736,19.754,92.7,Burdekin,AyrDPI,Mulg,1960,Furrow,BareFallow,35,Surf1,200,999,110,SWBased_900_60_30_15_60,P2R,15AprV1R4,T4,1884.7,1741.079,546.621,814.044,26.924,5.722,7.59402646290031,0.0988720252695055,7.46994350282486,0.66109,25.008
1965,13/11/1965,317,1964,15-Apr,1,sugar,alive,4,396,1960,13/10/1964,105,0,0,318,1965,21,2039,6194.82,5542.69,4713.4,145.418,2774.41,14814.1,15793.874,6317.55,85.989,20.567,110.2,61.163,61.163,1.61,9390.495,9392.106,143590.902,0.852,11,1210,827.8,47.665,656.42,473.072,1035.225,310.118,1345.344,8.7,9359.125,1.318,9360.442,144251.809,200,268.599,322.057,37.878,0,5.17,7.59,5377.704,350,0.92,3612.9,13.3,1445.2,0,0,17.495,29.085,20.224,107.4,Burdekin,AyrDPI,Mulg,1960,Furrow,BareFallow,35,Surf1,200,999,110,SWBased_900_60_30_15_60,P2R,15AprV1R4,T4,2037.8,1683.072,704.085,1014.203,43.048,5.17,8.64003441326337,0.108089826839827,8.76012048192771,0.72709,27.744
1966,15/04/1966,105,0,15-Apr,1,none,out,-1,0,1960,0.000,105,0,0,318,-1,21,2039,0,0,0,0,0,0,15662.999,6265.199,81.994,0,0,49.535,49.535,1.318,9359.125,9360.442,144251.809,0.844,0,0,295,0.001,61.574,233.426,0,186.413,186.413,2.894,9437.915,25.963,9463.877,146763.485,0,0,26.12,0.115,0,0.028,0.056,3313.08,350,0,0.6,0,0.2,0,0,21.412,31.333,20.942,102.9,Burdekin,AyrDPI,Mulg,1960,Furrow,BareFallow,35,Surf1,200,999,110,SWBased_900_60_30_15_60,P2R,15AprV1R4,T4,295,233.426,61.575,247.988,0.143,0.028,0,0,0,,0
1967,15/07/1967,196,1966,15-Apr,2,sugar,alive,0,456,1966,15/4/1966,105,0,0,318,1967,21,2039,7440.68,6672.07,5777.63,178.299,3461.6,16630.5,0,0,0,20.98,171.1,96.549,96.549,25.963,9437.915,9463.877,146763.485,0.843,17,1870,894.1,18.681,1144.076,524.227,1195.809,384.682,1580.491,20.601,9295.947,1.779,9297.725,144719.98,200,352.255,380.838,27.401,0,24.025,5.972,5286.777,350,0.96,4606,16.9,1842.4,0,0,17.479,28.371,18.716,154.9,Burdekin,AyrDPI,Mulg,1960,Furrow,BareFallow,35,Surf1,200,999,110,SWBased_900_60_30_15_60,P2R,15AprV1R4,T4,2764.1,2394.227,1162.757,1547.439,51.426,24.025,7.44703822987545,0.112812410826762,7.68530172413793,0.891495,34.616
1968,14/08/1968,227,1967,15-Apr,2,sugar,alive,1,396,1966,15/7/1967,105,0,0,318,1968,21,2039,6634.66,5912.97,5027.83,154.103,2779.47,16068.3,18050.994,7220.396,89.174,19.285,103.8,117.402,117.402,1.779,9295.947,9297.725,144719.98,0.827,11,1210,1458,159.943,1197.475,615.936,1051.305,298.548,1349.852,17.05,9282.582,1.388,9283.97,145415.341,200,271.004,311.556,14.16,0.001,8.106,3.167,5701.041,350,0.932,3833.5,14,1533.4,0,0,17.986,28.436,19.767,187.9,Burdekin,AyrDPI,Mulg,1960,Furrow,BareFallow,35,Surf1,200,999,110,SWBased_900_60_30_15_60,P2R,15AprV1R4,T4,2668,1825.936,1357.418,1655.966,22.267,8.107,8.43967148903357,0.114162886005281,9.28331325301205,0.770515,27.795
1969,14/09/1969,257,1968,15-Apr,2,sugar,alive,2,396,1966,14/8/1968,105,0,0,318,1969,21,2039,5907.71,5234.17,4422.57,134.818,2537.6,14851.5,16916.584,6766.634,78.686,20.252,104.5,78.132,78.132,1.388,9282.582,9283.97,145415.341,0.824,13,1430,202.9,24.397,284.846,198.896,1044.939,298.504,1343.443,1.693,9266.097,1.197,9267.294,146183.353,200,274.051,319.057,20.474,0,2.991,4.244,5737.892,350,0.923,3653.6,13.4,1461.4,0,0,17.462,29.388,20.407,46.5,Burdekin,AyrDPI,Mulg,1960,Furrow,BareFallow,35,Surf1,200,999,110,SWBased_900_60_30_15_60,P2R,15AprV1R4,T4,1632.9,1628.896,309.243,607.747,23.465,2.991,8.27664872404377,0.100352601487372,7.17117021276596,0.67409,25.376
1970,14/10/1970,287,1969,15-Apr,2,sugar,alive,3,395,1966,14/9/1969,105,0,0,318,1970,21,2039,6246.88,5581.6,4697.72,143.909,2786.47,15491.6,15729.318,6291.727,80.323,20.916,106.9,58.348,58.348,1.197,9266.097,9267.294,146183.353,0.819,13,1430,674.6,79.693,616.973,359.098,1099.116,298.281,1397.397,5.858,9244.622,1.298,9245.92,146910.205,200,272.482,321.247,27.568,0.001,3.961,5.635,5671.918,350,0.932,3840.7,14.1,1536.3,0,0,17.812,29.536,20.631,133.6,Burdekin,AyrDPI,Mulg,1960,Furrow,BareFallow,35,Surf1,200,999,110,SWBased_900_60_30_15_60,P2R,15AprV1R4,T4,2104.6,1789.098,696.666,994.947,31.53,3.962,8.04366222532248,0.102983618828436,7.65473404255319,0.719545,27.865
1971,14/11/1971,318,1970,15-Apr,2,sugar,alive,4,396,1966,14/10/1970,105,0,0,318,1971,21,2039,6397.1,5681.66,4853.01,148.677,2809.3,15440.9,16432.408,6572.963,84.203,20.341,97.5,68.886,68.886,1.298,9244.622,9245.92,146910.205,0.812,8,880,1243.3,44.881,713.733,783.687,1066.383,314.073,1380.456,9.797,9223.817,1.104,9224.92,147772.832,200,263.611,320.085,35.13,0.001,6.81,6.95,5706.198,350,0.93,3803.1,13.9,1521.2,0,0,17.821,28.99,19.978,220,Burdekin,AyrDPI,Mulg,1960,Furrow,BareFallow,35,Surf1,200,999,110,SWBased_900_60_30_15_60,P2R,15AprV1R4,T4,2123.3,1663.687,758.614,1072.687,41.941,6.811,8.93659684784458,0.107701368243537,11.1787218045113,0.743385,28.093
1972,14/04/1972,105,0,15-Apr,2,none,out,-1,0,1966,0.000,105,0,0,318,-1,21,2039,0,0,0,0,0,0,16357.394,6542.958,84.361,0,0,53.117,53.117,1.104,9223.817,9224.92,147772.832,0.804,0,0,1271,131.314,772.494,461.706,0,262.386,262.386,36.416,9316.923,10.988,9327.911,150944.81,0,0,15.426,0.754,0.004,0.637,0.063,2874.825,350,0,0.3,0,0.1,0,0,21.501,31.47,20.724,206.2,Burdekin,AyrDPI,Mulg,1960,Furrow,BareFallow,35,Surf1,200,999,110,SWBased_900_60_30_15_60,P2R,15AprV1R4,T4,1271,461.706,903.808,1166.194,1.395,0.641,0,0,0,,0
1973,14/07/1973,195,1972,15-Apr,3,sugar,alive,0,456,1972,14/4/1972,105,0,0,318,1973,21,2039,7229.56,6408.99,5587.66,171.545,3027.43,16418.9,0,0,0,18.807,157.9,157.924,157.924,10.988,9316.923,9327.911,150944.81,0.806,16,1760,1009.2,198.878,1131.722,580.449,1175.549,354.756,1530.305,20.425,9188.879,2.054,9190.933,148392.239,200,336.965,367.063,20.375,0.002,17.32,4.526,5808.848,350,0.957,4507.9,16.5,1803.2,0,0,16.939,28.363,18.968,108.5,Burdekin,AyrDPI,Mulg,1960,Furrow,BareFallow,35,Surf1,200,999,110,SWBased_900_60_30_15_60,P2R,15AprV1R4,T4,2769.2,2340.449,1330.6,1685.356,37.697,17.322,7.32957650433742,0.112098568586001,7.76221719457014,0.857725,30.274
1974,14/08/1974,226,1973,15-Apr,3,sugar,alive,1,396,1972,14/7/1973,105,0,0,318,1974,21,2039,5829.02,5130.75,4398.58,133.864,2181.2,14304.4,17787.796,7115.12,91.153,17.142,92.5,66.218,66.218,2.054,9188.879,9190.933,148392.239,0.791,7,770,2056.4,354.654,1240.525,829.435,924.073,313.198,1237.271,28.432,9179.521,1.269,9180.791,148969.388,200,260.178,299.672,18.072,0.002,6.63,3.912,5375.804,350,0.936,3915.9,14.3,1566.4,0,0,17.6,28.224,18.172,152.9,Burdekin,AyrDPI,Mulg,1960,Furrow,BareFallow,35,Surf1,200,999,110,SWBased_900_60_30_15_60,P2R,15AprV1R4,T4,2826.4,1599.435,1595.179,1908.377,24.704,6.632,8.36945546396071,0.108192950453054,10.9724590163934,0.66932,21.812
1975,14/09/1975,257,1974,15-Apr,3,sugar,alive,2,396,1972,14/8/1974,105,0,0,318,1975,21,2039,6887.21,6181.51,5204.6,160.367,2910.5,16826.1,15487.244,6194.898,82.802,19.423,105.2,60.17,60.17,1.269,9179.521,9180.791,148969.388,0.789,12,1320,790.6,74.432,540.647,564.127,1129.787,306.267,1436.054,6.661,9162.667,1.374,9164.041,149460.062,200,272.087,311.399,21.669,0.001,3.438,4.53,5802.701,350,0.932,3836.2,14.1,1534.5,0,0,17.927,28.646,19.636,65,Burdekin,AyrDPI,Mulg,1960,Furrow,BareFallow,35,Surf1,200,999,110,SWBased_900_60_30_15_60,P2R,15AprV1R4,T4,2110.6,1884.127,615.079,921.346,25.108,3.439,8.51147507572473,0.111671984479692,9.0602824858757,0.801835,29.105
1976,13/10/1976,287,1975,15-Apr,3,sugar,alive,3,395,1972,14/9/1975,105,0,0,318,1976,21,2039,6325.08,5664.72,4848.68,149.377,2873.9,14763.9,17562.925,7025.17,80.786,20.764,82.2,119.638,119.638,1.374,9162.667,9164.041,149460.062,0.784,9,990,1890.9,371.165,1252.502,777.705,1014.88,309.434,1324.314,16.344,9160.092,1.168,9161.26,150340.774,200,230.294,303.642,35.42,0.006,19.864,6.952,5750.652,350,0.928,3762.7,13.8,1505.1,0,0,17.616,28.354,19.634,179.8,Burdekin,AyrDPI,Mulg,1960,Furrow,BareFallow,35,Surf1,200,999,110,SWBased_900_60_30_15_60,P2R,15AprV1R4,T4,2880.9,1767.705,1623.667,1933.101,55.29,19.87,8.45033532178729,0.112795756897533,10.3734027777778,0.746885,28.739
1977,13/11/1977,317,1976,15-Apr,3,sugar,alive,4,396,1972,13/10/1976,105,0,0,318,1977,21,2039,6401.91,5718.22,4892.11,150.494,2741.23,15098,15747.598,6299.041,68.294,19.504,91.5,52.557,52.557,1.168,9160.092,9161.26,150340.774,0.779,10,1100,1378.2,120.527,1058.053,651.709,990.213,316.947,1307.16,11.419,9145.919,1.195,9147.114,150873.292,200,254.994,309.778,33.278,0.004,5.535,6.725,5856.441,350,0.941,4047.6,14.8,1619.1,0,0,18.128,28.505,19.974,170.6,Burdekin,AyrDPI,Mulg,1960,Furrow,BareFallow,35,Surf1,200,999,110,SWBased_900_60_30_15_60,P2R,15AprV1R4,T4,2478.2,1751.709,1178.58,1495.527,38.817,5.539,8.59126715681657,0.11513051194957,9.70929032258065,0.75247,27.412
1978,15/04/1978,105,0,15-Apr,3,none,out,-1,0,1972,0.000,105,0,0,318,-1,21,2039,0,0,0,0,0,0,16273.805,6509.522,80.634,0,0,45.018,45.018,1.195,9145.919,9147.114,150873.292,0.773,0,0,718.5,0.001,369.153,349.347,0,239.668,239.668,17.401,9229.076,17.952,9247.028,153459.944,0,0,24.065,1.542,0,1.522,0.241,3488.695,350,0,0.4,0,0.2,0,0,22.05,31.035,22.427,150.6,Burdekin,AyrDPI,Mulg,1960,Furrow,BareFallow,35,Surf1,200,999,110,SWBased_900_60_30_15_60,P2R,15AprV1R4,T4,718.5,349.347,369.154,608.822,3.064,1.522,0,0,0,,0
1979,15/07/1979,196,1978,15-Apr,4,sugar,alive,0,456,1978,15/4/1978,105,0,0,318,1979,21,2039,7546.73,6746.29,5841.79,179.929,3204.47,17049.4,0,0,0,19.006,151.3,154.697,154.697,17.952,9229.076,9247.028,153459.944,0.773,13,1430,1684.5,224.084,1464.835,821.093,1136.471,372.705,1509.176,23.342,9106.613,1.893,9108.506,150673.175,200,332.278,360.203,25.672,0.005,18.163,5.582,6004.874,350,0.972,5090.1,18.6,2036.1,0,0,17.592,27.843,18.241,350.7,Burdekin,AyrDPI,Mulg,1960,Furrow,BareFallow,35,Surf1,200,999,110,SWBased_900_60_30_15_60,P2R,15AprV1R4,T4,3114.5,2251.093,1688.919,2061.624,43.84,18.168,7.99296164130047,0.119223337768425,9.5706914893617,0.899645,32.045
1980,14/08/1980,227,1979,15-Apr,4,sugar,alive,1,396,1978,15/7/1979,105,0,0,318,1980,21,2039,6458.92,5706.47,4889.32,149.165,2806.51,15696,18818.591,7527.436,95.618,20.242,97.1,71.103,71.103,1.893,9106.613,9108.506,150673.175,0.759,12,1320,796.7,2.234,778.664,459.966,1024.382,319.342,1343.725,11.062,9103.415,1.122,9104.537,150654.603,200,262.689,302.547,14.376,0,5.475,3.247,6392.883,350,0.942,4064.8,14.9,1625.9,0,0,18.142,28.702,20.355,86.4,Burdekin,AyrDPI,Mulg,1960,Furrow,BareFallow,35,Surf1,200,999,110,SWBased_900_60_30_15_60,P2R,15AprV1R4,T4,2116.7,1779.966,780.898,1100.24,19.851,5.475,8.38021625132165,0.111008576903756,8.4274011299435,0.745825,28.065
1981,14/09/1981,257,1980,15-Apr,4,sugar,alive,2,396,1978,14/8/1980,105,0,0,318,1981,21,2039,6478.4,5740.7,4893.87,149.253,2665.23,15845.3,16796.691,6718.677,74.009,19.064,91.4,63.182,63.182,1.122,9103.415,9104.537,150654.603,0.76,10,1100,1123.2,242.496,668.918,577.025,1042.181,271.13,1313.311,7.971,9103.557,1.148,9104.706,150793.972,200,257.948,302.821,20.154,0.006,3.793,4.141,6549.878,350,0.946,4160.4,15.3,1664.2,0,0,17.727,28.314,19.26,104.8,Burdekin,AyrDPI,Mulg,1960,Furrow,BareFallow,35,Surf1,200,999,110,SWBased_900_60_30_15_60,P2R,15AprV1R4,T4,2223.2,1677.025,911.414,1182.544,23.953,3.799,8.89986732457775,0.11364634880847,9.62922580645161,0.746265,26.652
1982,14/10/1982,287,1981,15-Apr,4,sugar,alive,3,395,1978,14/9/1981,105,0,0,318,1982,21,2039,6304.74,5633.5,4768.47,146.237,2842.17,15362.6,17004.91,6801.963,78.548,21.006,96.7,61.658,61.658,1.148,9103.557,9104.706,150793.972,0.756,12,1320,600.6,36.93,518.315,476.446,1063.922,304.793,1368.715,3.654,9089.885,1.106,9090.991,150500.811,200,260.581,316.899,32.393,0.004,3.954,6.359,6957.721,350,0.931,3827.9,14,1531.2,0,0,17.546,29.118,20.049,47.4,Burdekin,AyrDPI,Mulg,1960,Furrow,BareFallow,35,Surf1,200,999,110,SWBased_900_60_30_15_60,P2R,15AprV1R4,T4,1920.6,1796.446,555.245,860.038,36.351,3.958,8.14035044749466,0.106842549398523,8.26197740112994,0.731185,28.422
1983,14/11/1983,318,1982,15-Apr,4,sugar,alive,4,396,1978,14/10/1982,105,0,0,318,1983,21,2039,6490.03,5762.29,4902.41,149.771,2794.75,15876.2,16311.982,6524.793,77.79,20.052,99.2,58.3,58.3,1.106,9089.885,9090.991,150500.811,0.752,12,1320,641.3,50.782,585.345,460.339,1033.684,286.52,1320.205,4.535,9077.082,1.577,9078.658,149988.627,200,264.639,318.652,27.009,0.003,6.072,5.475,7278.25,350,0.937,3955.4,14.5,1582.1,0,0,18.667,29.098,20.164,95.4,Burdekin,AyrDPI,Mulg,1960,Furrow,BareFallow,35,Surf1,200,999,110,SWBased_900_60_30_15_60,P2R,15AprV1R4,T4,1961.3,1780.339,636.127,922.647,33.084,6.075,8.41249896789319,0.113445260395166,8.4616384180791,0.748855,27.948
1984,14/04/1984,105,0,15-Apr,4,none,out,-1,0,1978,0.000,105,0,0,318,-1,21,2039,0,0,0,0,0,0,16856.852,6742.741,80.178,0,0,63.269,63.269,1.577,9077.082,9078.658,149988.627,0.747,0,0,466.6,0.001,137.702,328.897,0,260.968,260.968,6.52,9168.34,15.975,9184.315,152343.347,0,0,20.677,0.35,0,0.285,0.06,3881.972,350,0,0.4,0,0.2,0,0,21.332,30.547,20.201,75.6,Burdekin,AyrDPI,Mulg,1960,Furrow,BareFallow,35,Surf1,200,999,110,SWBased_900_60_30_15_60,P2R,15AprV1R4,T4,466.6,328.897,137.703,398.671,0.635,0.285,0,0,0,,0
1985,14/07/1985,195,1984,15-Apr,5,sugar,alive,0,456,1984,14/4/1984,105,0,0,318,1985,21,2039,7332.99,6573.78,5691.51,175.56,3402.92,16414.8,0,0,0,20.941,161.4,131.198,131.198,15.975,9168.34,9184.315,152343.347,0.748,14,1540,887.3,9.621,936.396,649.667,1165.468,353.331,1518.798,22.644,9036.712,1.956,9038.667,147454.727,200,343.032,370.072,22.207,0.002,17.622,4.945,8092.718,350,0.963,4692.2,17.2,1876.9,0,0,17.323,28.325,18.585,111.4,Burdekin,AyrDPI,Mulg,1960,Furrow,BareFallow,35,Surf1,200,999,110,SWBased_900_60_30_15_60,P2R,15AprV1R4,T4,2427.3,2189.667,946.017,1299.348,39.831,17.624,8.01765747942496,0.115591408469066,8.82211055276382,0.8778,34.029
1986,21/08/1986,233,1985,15-Apr,5,sugar,alive,1,403,1984,14/7/1985,105,0,7,318,1986,14,2039,6279.95,5551.65,4738.15,144.115,2620.3,15418,17941.007,7176.404,92.718,19.464,103,93.684,93.684,1.956,9036.712,9038.667,147454.727,0.734,13,1430,721.3,1.689,759.906,508.747,1077.237,309.202,1386.439,9.612,9019.209,1.543,9020.751,145262.638,200,269.944,314.171,13.76,0,13.509,3.104,8554.071,350,0.942,4065.6,14.9,1626.2,0,0,17.642,28.851,18.769,117.8,Burdekin,AyrDPI,Mulg,1960,Furrow,BareFallow,35,Surf1,200,999,110,SWBased_900_60_30_15_60,P2R,15AprV1R4,T4,2151.3,1938.747,761.595,1070.797,27.269,13.509,7.43340931024007,0.103946152697666,7.6656914893617,0.720575,26.203
1987,21/09/1987,264,1986,15-Apr,5,sugar,alive,2,396,1984,21/8/1986,105,0,7,325,1987,14,2046,5689.38,5003.32,4303.29,130.701,2442.21,13860.9,16561.1,6624.439,77.199,20.083,124.1,96.951,96.951,1.543,9019.209,9020.751,145262.638,0.733,12,1320,428.3,0.001,451.226,371.868,995.275,345.532,1340.807,3.089,8972.206,1.727,8973.934,143878.452,200,297.859,340.267,20.405,0,7.163,4.575,7670.956,350,0.931,3824.5,14,1529.8,0,0,18.229,29.611,19.722,44,Burdekin,AyrDPI,Mulg,1960,Furrow,BareFallow,35,Surf1,200,999,110,SWBased_900_60_30_15_60,P2R,15AprV1R4,T4,1748.3,1691.868,451.227,796.759,27.568,7.163,7.72524806899829,0.0974793538518221,7.38423728813559,0.653505,24.422
1988,20/10/1988,294,1987,15-Apr,5,sugar,alive,3,395,1984,21/9/1987,105,0,7,325,1988,14,2046,5875.79,5189.57,4487.28,136.992,2535.79,13885.1,15032.611,6013.044,82.063,19.868,129.6,53.218,53.218,1.727,8972.206,8973.934,143878.452,0.73,11,1210,967.6,17.813,865.773,496.021,981.663,324.396,1306.059,12.916,8930.131,1.398,8931.529,143400.572,200,292.809,336.732,23.336,0.006,6.852,4.967,6518.205,350,0.936,3918.9,14.4,1567.6,0,0,18.625,29.486,19.945,254,Burdekin,AyrDPI,Mulg,1960,Furrow,BareFallow,35,Surf1,200,999,110,SWBased_900_60_30_15_60,P2R,15AprV1R4,T4,2177.6,1706.021,883.586,1207.982,30.194,6.858,8.02991287914979,0.104889595339874,8.25253012048193,0.68496,25.358
1989,20/11/1989,324,1988,15-Apr,5,sugar,alive,4,396,1984,20/10/1988,105,0,7,325,1989,14,2046,6485.76,5799.32,4913.47,151.314,2845.62,15722.9,15133.448,6053.38,84.24,20.231,97.6,41.175,41.175,1.398,8930.131,8931.529,143400.572,0.726,8,880,1397.6,55.29,821.539,829.584,1026.86,347.289,1374.149,10.059,8906.308,1.554,8907.863,143210.195,200,247.094,323.951,49.17,0.017,9.361,9.621,6351.774,350,0.92,3604.8,13.2,1441.9,0,0,18.243,28.763,19.394,134.8,Burdekin,AyrDPI,Mulg,1960,Furrow,BareFallow,35,Surf1,200,999,110,SWBased_900_60_30_15_60,P2R,15AprV1R4,T4,2277.6,1709.584,876.829,1224.118,58.548,9.378,8.85092513734336,0.110114696441216,11.376992481203,0.75657,28.456
1990,15/04/1990,105,0,15-Apr,5,none,out,-1,0,1984,0.000,105,0,7,325,-1,14,2046,0,0,0,0,0,0,16428.571,6571.428,78.696,0,0,67.798,67.798,1.554,8906.308,8907.863,143210.195,0.721,0,0,834,72.147,384.564,393.302,0,188.265,188.265,17.09,8990.338,11.974,9002.312,145261.739,0,0,21.347,2.771,0.034,1.888,0.274,3955.665,350.082,0,0.6,0,0.2,0,0,21.475,31.303,21.741,97.8,Burdekin,AyrDPI,Mulg,1960,Furrow,BareFallow,35,Surf1,200,999,110,SWBased_900_60_30_15_60,P2R,15AprV1R4,T4,834,393.302,456.711,644.976,4.693,1.922,0,0,0,,0
1991,15/07/1991,196,1990,15-Apr,6,sugar,alive,0,456,1990,15/4/1990,105,0,0,318,1991,21,2039,7124.29,6389.51,5507.42,170.197,3110.47,16168.6,0,0,0,19.579,158.9,256.823,256.823,11.974,8990.338,9002.312,145261.739,0.721,15,1650,2108.4,456.618,1997.292,584.117,1135.235,362.043,1497.278,41.39,8859.411,1.974,8861.386,142478.328,200,331.319,367.505,24.977,0.077,20.76,5.123,5894.672,351.999,0.949,4263,15.6,1705.2,0,0,16.949,28.084,18.281,204.4,Burdekin,AyrDPI,Mulg,1960,Furrow,BareFallow,35,Surf1,200,999,110,SWBased_900_60_30_15_60,P2R,15AprV1R4,T4,3758.4,2234.117,2453.91,2815.953,45.814,20.837,7.61808804104709,0.113670941535239,8.10461904761905,0.850985,31.105
1992,14/08/1992,227,1991,15-Apr,6,sugar,alive,1,396,1990,15/7/1991,105,0,0,318,1992,21,2039,6620.85,5848.69,5059.39,154.459,3014.51,15614.6,17366.832,6946.733,86.905,21.105,99.2,64.035,64.035,1.974,8859.411,8861.386,142478.328,0.711,14,1540,638.1,1.163,752.473,454.314,1112.311,316.912,1429.223,9.741,8854.556,1.089,8855.645,142507.269,200,260.647,301.504,14.211,0,7.866,3.209,6153.484,353.691,0.953,4356.8,16,1742.7,0,0,17.478,29.202,20.58,122.8,Burdekin,AyrDPI,Mulg,1960,Furrow,BareFallow,35,Surf1,200,999,110,SWBased_900_60_30_15_60,P2R,15AprV1R4,T4,2178.1,1994.314,753.636,1070.548,22.077,7.866,7.74496894671551,0.108072008356988,7.76175879396985,0.772295,30.145
1993,14/09/1993,257,1992,15-Apr,6,sugar,alive,2,396,1990,14/8/1992,105,0,0,318,1993,21,2039,6943.96,6239.99,5298.52,163.431,3275.06,16454.4,16975.735,6790.294,74.98,21.748,96,59.276,59.276,1.089,8854.556,8855.645,142507.269,0.711,14,1540,509.4,53.054,546.477,368.223,1137.528,304.97,1442.498,5.305,8858.99,1.166,8860.155,142578.531,200,256.247,302.381,18.234,0.01,3.77,3.81,6712.399,355.421,0.926,3711.7,13.6,1484.7,0,0,17.925,29.002,20.185,72,Burdekin,AyrDPI,Mulg,1960,Furrow,BareFallow,35,Surf1,200,999,110,SWBased_900_60_30_15_60,P2R,15AprV1R4,T4,2049.4,1908.223,599.531,904.501,22.014,3.78,8.56456504297454,0.113297210810691,8.21261306532663,0.817155,32.751
1994,14/10/1994,287,1993,15-Apr,6,sugar,alive,3,395,1990,14/9/1993,105,0,0,318,1994,21,2039,6870.22,6145.75,5278.84,162.229,3276.17,15913.8,17141.213,6856.485,71.117,21.94,93,66.649,66.649,1.166,8858.99,8860.155,142578.531,0.709,15,1650,381.5,0.001,584.31,321.126,1135.824,319.842,1455.666,3.683,8856.215,1.025,8857.24,142647.394,200,257.086,303.913,16.791,0,13.875,3.633,6875.428,357.185,0.953,4373.7,16,1749.5,0,0,17.917,29.25,20.662,46.8,Burdekin,AyrDPI,Mulg,1960,Furrow,BareFallow,35,Surf1,200,999,110,SWBased_900_60_30_15_60,P2R,15AprV1R4,T4,2031.5,1971.126,584.311,904.153,30.666,13.875,8.23027041396643,0.111446581839515,7.72519047619048,0.811145,32.762
1995,14/11/1995,318,1994,15-Apr,6,sugar,alive,4,396,1990,14/10/1994,105,0,0,318,1995,21,2039,7195.76,6435.98,5492.08,168.908,3343.84,17036.8,17244.398,6897.76,74.566,21.45,102.1,58.173,58.173,1.025,8856.215,8857.24,142647.394,0.706,13,1430,544.9,17.728,536.134,417.882,1112.121,304.313,1416.434,3.919,8850.884,1.345,8852.23,142467.2,200,273.168,315.062,15.499,0.003,4.904,3.384,7374.332,358.982,0.94,4022,14.7,1608.8,0,0,19.239,29.375,20.713,55.2,Burdekin,AyrDPI,Mulg,1960,Furrow,BareFallow,35,Surf1,200,999,110,SWBased_900_60_30_15_60,P2R,15AprV1R4,T4,1974.9,1847.882,553.862,858.175,20.406,4.907,9.14062694479409,0.119248761325978,8.98446808510638,0.84454,33.438
1996,14/04/1996,105,0,15-Apr,6,none,out,-1,0,1990,0.000,105,0,0,318,-1,21,2039,0,0,0,0,0,0,17899.956,7159.982,78.767,0,0,62.779,62.779,1.345,8850.884,8852.23,142467.2,0.703,0,0,439.4,0.001,220.29,219.11,0,171.502,171.502,10.352,8947.702,14.645,8962.347,145251.515,0,0,16.395,0.075,0,0.114,0.034,3977.941,359.682,0.001,0.7,0,0.3,0,0,22.931,32.053,22.1,107,Burdekin,AyrDPI,Mulg,1960,Furrow,BareFallow,35,Surf1,200,999,110,SWBased_900_60_30_15_60,P2R,15AprV1R4,T4,439.4,219.11,220.291,391.793,0.189,0.114,0,0,0,,0
1997,14/07/1997,195,1996,15-Apr,7,sugar,alive,0,456,1996,14/4/1996,105,0,0,318,1997,21,2039,8672.67,7810.48,6806.25,211.058,4186.67,18664.2,0,0,0,21.499,171.8,110.386,110.386,14.645,8947.702,8962.347,145251.515,0.704,17,1870,982.2,90.723,1191.142,547.746,1225.773,387.342,1613.115,20.942,8811.463,2.136,8813.599,141171.78,200,353.735,383.077,20.539,0.026,16.044,4.548,7655.681,361.813,0.973,5149.3,18.9,2059.7,0,0,18.701,28.609,19.693,116.8,Burdekin,AyrDPI,Mulg,1960,Furrow,BareFallow,35,Surf1,200,999,110,SWBased_900_60_30_15_60,P2R,15AprV1R4,T4,2852.2,2417.746,1281.865,1669.207,36.609,16.07,8.72953569150771,0.130838780868072,9.0973275862069,1.05529,41.867
1998,14/08/1998,226,1997,15-Apr,7,sugar,alive,1,396,1996,14/7/1997,105,0,0,318,1998,21,2039,6907.7,6125.18,5366.4,164.481,3087.56,15413,20241.529,8096.612,89.151,20.189,97,67.607,67.607,2.136,8811.463,8813.599,141171.78,0.694,11,1210,943.5,6.869,900.247,493.695,965.809,291.701,1257.51,15.034,8817.617,1.17,8818.788,140865.204,200,257.966,303.994,12.202,0.002,8.605,2.807,7360.321,363.697,0.938,3981.8,14.6,1592.7,0,0,19.78,28.54,19.348,189.6,Burdekin,AyrDPI,Mulg,1960,Furrow,BareFallow,35,Surf1,200,999,110,SWBased_900_60_30_15_60,P2R,15AprV1R4,T4,2153.5,1703.695,907.116,1198.817,20.809,8.607,9.65436888644975,0.130798959849226,9.90849397590361,0.822405,30.876
1999,14/09/1999,257,1998,15-Apr,7,sugar,alive,2,396,1996,14/8/1998,105,0,0,318,1999,21,2039,7088.41,6359.28,5460.64,168.224,3259.42,16277.7,16485.591,6594.237,65.422,20.932,95.4,56.483,56.483,1.17,8817.617,8818.788,140865.204,0.697,9,990,1157.8,85.92,721.775,758.782,1016.805,320.121,1336.926,6.863,8809.988,0.974,8810.962,140390.681,200,256.506,316.006,32.675,0.045,3.442,6.436,7512.403,365.614,0.94,4007.8,14.7,1603.1,0,0,19.672,28.665,19.051,112,Burdekin,AyrDPI,Mulg,1960,Furrow,BareFallow,35,Surf1,200,999,110,SWBased_900_60_30_15_60,P2R,15AprV1R4,T4,2147.8,1748.782,807.695,1127.816,36.162,3.487,9.61949516863737,0.12582895388376,11.6822222222222,0.84112,32.594
2000,13/10/2000,287,1999,15-Apr,7,sugar,alive,3,395,1996,14/9/1999,105,0,0,318,2000,21,2039,7066.61,6284.67,5510.56,169.262,3163.05,15560.6,17242.652,6897.061,70.241,20.085,97,59.663,59.663,0.974,8809.988,8810.962,140390.681,0.694,8,880,1485.1,103.101,985.321,716.337,997.319,291.461,1288.78,15.535,8816.637,1.192,8817.828,140025.577,200,263.555,303.833,12.881,0.022,3.778,2.768,7469.762,367.562,0.961,4631.9,17,1852.7,0,0,18.806,28.308,19.755,136,Burdekin,AyrDPI,Mulg,1960,Furrow,BareFallow,35,Surf1,200,999,110,SWBased_900_60_30_15_60,P2R,15AprV1R4,T4,2365.1,1596.337,1088.422,1379.883,16.681,3.8,10.6031495855825,0.131335061065504,12.7264661654135,0.84631,31.631
2001,13/11/2001,317,2000,15-Apr,7,sugar,alive,4,396,1996,13/10/2000,105,0,0,318,2001,21,2039,6646.53,5904.7,5111.3,157.212,3253.45,15352.3,17163.576,6865.431,76.517,22.554,98.1,47.561,47.561,1.192,8816.637,8817.828,140025.577,0.692,14,1540,561.7,59.86,588.024,434.487,1090.748,362.078,1452.826,6.323,8802.961,1.309,8804.27,139095.177,200,254.213,323.734,41.633,0.057,4.316,8.256,7876.026,369.549,0.927,3734.6,13.7,1493.8,0,0,18.326,29.448,20.344,52,Burdekin,AyrDPI,Mulg,1960,Furrow,BareFallow,35,Surf1,200,999,110,SWBased_900_60_30_15_60,P2R,15AprV1R4,T4,2101.7,1974.487,647.884,1009.962,46.006,4.373,7.96216941413137,0.108211169128306,7.90010050251256,0.78606,32.535
2002,15/04/2002,105,0,15-Apr,7,none,out,-1,0,1996,0.000,105,0,0,318,-1,21,2039,0,0,0,0,0,0,16223.889,6489.556,70.454,0,0,48.552,48.552,1.309,8802.961,8804.27,139095.177,0.689,0,0,709.6,0.001,467.141,242.459,0,172.832,172.832,22.025,8903.249,8.255,8911.504,141969.954,0,0,9.121,0.118,0,0.278,0.023,3502.293,370.333,0.001,0.7,0,0.3,0,0,22.761,32.867,22.92,206,Burdekin,AyrDPI,Mulg,1960,Furrow,BareFallow,35,Surf1,200,999,110,SWBased_900_60_30_15_60,P2R,15AprV1R4,T4,709.6,242.459,467.142,639.974,0.396,0.278,0,0,0,,0
2003,15/07/2003,196,2002,15-Apr,8,sugar,alive,0,456,2002,15/4/2002,105,0,0,318,2003,21,2039,7701.92,6883.8,6002.74,185.064,3658.07,16991.9,0,0,0,21.413,179.2,118.18,118.18,8.255,8903.249,8911.504,141969.954,0.691,18,1980,540.4,24.002,893.413,376.007,1273.96,376.534,1650.493,18.606,8760.048,2.55,8762.599,136114.911,200,361.945,390.21,13.822,0.011,12.479,3.282,9248.21,372.685,0.966,4823.3,17.7,1929.3,0,0,17.497,29.369,20.058,51,Burdekin,AyrDPI,Mulg,1960,Furrow,BareFallow,35,Surf1,200,999,110,SWBased_900_60_30_15_60,P2R,15AprV1R4,T4,2520.4,2356.007,917.415,1293.949,26.312,12.49,7.85498515072324,0.112126497961518,7.6158024691358,0.92532,36.581
2004,14/08/2004,227,2003,15-Apr,8,sugar,alive,1,396,2002,15/7/2003,105,0,0,318,2004,21,2039,6624.95,5863.85,5067.09,154.792,3023.78,15578.5,18542.86,7417.145,87.221,21.127,112.3,70.673,70.673,2.55,8760.048,8762.599,136114.911,0.683,14,1540,730.8,0.002,853.626,444.572,1109.254,320.879,1430.133,10.04,8741.921,1.038,8742.959,134433.011,200,279.105,321.751,14.675,0,7.052,3.312,8279.434,374.756,0.935,3899.9,14.3,1560,0,0,18.173,29.68,20.405,173.2,Burdekin,AyrDPI,Mulg,1960,Furrow,BareFallow,35,Surf1,200,999,110,SWBased_900_60_30_15_60,P2R,15AprV1R4,T4,2270.8,1984.572,853.628,1174.507,21.727,7.052,7.7997674057681,0.108236087133155,7.77849246231156,0.77396,30.238
2005,14/09/2005,257,2004,15-Apr,8,sugar,alive,2,396,2002,14/8/2004,105,0,0,318,2005,21,2039,6516.21,5755.34,4968.69,151.193,2995.23,15475.2,16556.712,6622.685,75.435,21.467,102.4,57.714,57.714,1.038,8741.921,8742.959,134433.011,0.683,13,1430,741.5,39.597,733.367,348.677,1106.661,293.845,1400.507,9.911,8736.065,1.119,8737.184,132705.044,200,267.44,314.271,19.097,0.038,3.754,3.998,8533.498,376.868,0.953,4365.4,16,1746.2,0,0,18.136,29.487,20.28,143.4,Burdekin,AyrDPI,Mulg,1960,Furrow,BareFallow,35,Surf1,200,999,110,SWBased_900_60_30_15_60,P2R,15AprV1R4,T4,2171.5,1778.677,772.964,1066.809,22.889,3.792,8.50030668862306,0.107955904540284,8.04218085106383,0.755965,29.952
2006,14/10/2006,287,2005,15-Apr,8,sugar,alive,3,395,2002,14/9/2005,105,0,0,318,2006,21,2039,6339.86,5630.63,4883.61,149.477,2827.9,14562.5,16864.537,6745.815,76.577,20.37,113.6,55.744,55.744,1.119,8736.065,8737.184,132705.044,0.683,10,1100,921,54.43,678.379,511.696,1017.173,282.336,1299.509,9.7,8719.12,1.24,8720.36,130880.832,200,280.347,324.354,18.039,0.03,4.058,3.792,8687.536,379.015,0.926,3727.5,13.7,1491,0,0,18.775,29.419,19.891,178.4,Burdekin,AyrDPI,Mulg,1960,Furrow,BareFallow,35,Surf1,200,999,110,SWBased_900_60_30_15_60,P2R,15AprV1R4,T4,2021,1611.696,732.809,1015.145,22.127,4.088,9.27451578957819,0.115025752034037,9.64367741935484,0.747385,28.279
2007,14/11/2007,318,2006,15-Apr,8,sugar,alive,4,396,2002,14/10/2006,105,0,0,318,2007,21,2039,6696.99,5927.46,5145.34,157.2,3115.17,15516.6,15546.535,6218.613,77.406,21.474,119.4,44.428,44.428,1.24,8719.12,8720.36,130880.832,0.681,12,1320,955.1,146.999,780.905,525.743,1063.362,279.366,1342.728,4.239,8681.578,1.539,8683.117,130066.993,200,294.639,342.908,21.232,0.131,7.053,4.43,7465.769,381.199,0.958,4537.9,16.6,1815.1,0,0,18.14,28.848,20.087,130.2,Burdekin,AyrDPI,Mulg,1960,Furrow,BareFallow,35,Surf1,200,999,110,SWBased_900_60_30_15_60,P2R,15AprV1R4,T4,2275.1,1845.743,927.904,1207.27,28.416,7.184,8.51689536408915,0.117075088923445,8.88135593220339,0.786,31.152
2008,14/04/2008,105,0,15-Apr,8,none,out,-1,0,2002,0.000,105,0,0,318,-1,21,2039,0,0,0,0,0,0,17046.266,6818.506,87.824,0,0,48.897,48.897,1.539,8681.578,8683.117,130066.993,0.678,0,0,1182.4,132.07,663.347,486.551,0,284.396,284.396,31.536,8783.01,10.285,8793.296,132736.605,0,0,14.591,0.889,0.606,0.563,0.067,3606.875,382.048,0,0.3,0,0.1,0,0,22.044,31.03,20.031,108.2,Burdekin,AyrDPI,Mulg,1960,Furrow,BareFallow,35,Surf1,200,999,110,SWBased_900_60_30_15_60,P2R,15AprV1R4,T4,1182.4,486.551,795.417,1079.813,2.058,1.169,0,0,0,,0
2009,14/07/2009,195,2008,15-Apr,9,sugar,alive,0,456,2008,14/4/2008,105,0,0,318,2009,21,2039,7390.42,6607.34,5736.85,176.81,3303.51,16535.8,0,0,0,20.081,179.7,151.484,151.484,10.285,8783.01,8793.296,132736.605,0.68,14,1540,1896.9,318.497,1705.389,682.512,1162.527,333.331,1495.858,24.428,8614.996,2.387,8617.383,128604.287,200,367.763,409.1,24.677,3.451,17.581,5.323,7367.913,384.628,0.962,4686.8,17.2,1874.7,0,0,17.681,28.658,18.107,197.2,Burdekin,AyrDPI,Mulg,1960,Furrow,BareFallow,35,Surf1,200,999,110,SWBased_900_60_30_15_60,P2R,15AprV1R4,T4,3436.9,2222.512,2023.886,2357.217,45.709,21.032,7.95541261419511,0.118199722166141,8.88492462311558,0.88405,33.035
2010,15/08/2010,227,2009,15-Apr,9,sugar,alive,1,397,2008,14/7/2009,105,0,1,318,2010,20,2039,6659.08,5920.97,5060.97,154.999,2733.54,15981.1,18039.17,7215.668,91.738,18.792,109.2,68.641,68.641,2.387,8614.996,8617.383,128604.287,0.672,13,1430,1122.7,103.418,1035.272,558.66,1071.101,300.579,1371.679,12.944,8602.418,1.438,8603.856,128586.768,200,271.27,313.941,15.633,0.029,7.909,3.488,6482.899,386.909,0.925,3692,13.5,1476.8,0,0,18.369,29.252,18.952,135.2,Burdekin,AyrDPI,Mulg,1960,Furrow,BareFallow,35,Surf1,200,999,110,SWBased_900_60_30_15_60,P2R,15AprV1R4,T4,2552.7,1988.66,1138.69,1439.269,23.571,7.938,7.79414278961713,0.112999469992615,8.24462765957447,0.774995,27.335
2011,15/09/2011,258,2010,15-Apr,9,sugar,alive,2,396,2008,15/8/2010,105,0,1,319,2011,20,2040,6917.71,6196.9,5303.42,163.474,3102.12,16143,16722.077,6688.831,75.769,20.441,90.8,110.973,110.973,1.438,8602.418,8603.856,128586.768,0.674,6,660,1415.7,56.852,697.426,912.703,1055.447,316.848,1372.295,7.977,8598.278,0.943,8599.221,128707.445,200,251.777,299.882,25.624,0.025,9.47,5.335,6492.105,389.221,0.943,4085.4,15,1634.1,0,0,18.099,28.358,17.742,81.4,Burdekin,AyrDPI,Mulg,1960,Furrow,BareFallow,35,Surf1,200,999,110,SWBased_900_60_30_15_60,P2R,15AprV1R4,T4,2075.7,1572.703,754.278,1071.126,35.119,9.495,10.3944610012189,0.119124532261649,14.7273873873874,0.81737,31.021
2012,14/10/2012,288,2011,15-Apr,9,sugar,alive,3,395,2008,15/9/2011,105,0,1,319,2012,20,2040,6860.02,6156.62,5258.87,161.885,3088.7,16011.6,17194.061,6877.625,77,20.568,89.1,60.102,60.102,0.943,8598.278,8599.221,128707.445,0.671,9,990,1154.8,87.037,700.078,679.309,1081.132,272.403,1353.535,7.413,8605.931,1.151,8607.082,128819.318,200,257.026,300.088,16.497,0.023,3.706,3.374,6785.129,391.564,0.946,4181.8,15.3,1672.7,0,0,18.088,28.804,19.379,197.4,Burdekin,AyrDPI,Mulg,1960,Furrow,BareFallow,35,Surf1,200,999,110,SWBased_900_60_30_15_60,P2R,15AprV1R4,T4,2144.8,1669.309,787.115,1059.518,20.226,3.729,9.69772522642602,0.119601635716845,11.2420138888889,0.809425,30.887
2013,14/11/2013,318,2012,15-Apr,9,sugar,alive,4,396,2008,14/10/2012,105,0,1,319,2013,20,2040,6890.59,6095.86,5265.54,160.925,3228.16,16250.5,17164.354,6865.742,79.012,21.774,101.4,64.251,64.251,1.151,8605.931,8607.082,128819.318,0.671,14,1540,546.6,16.24,665.557,371.763,1124.742,284.459,1409.201,4.423,8601.694,1.277,8602.971,128797.074,200,271.28,316.442,16.011,0.008,5.543,3.428,7160.073,393.95,0.949,4258.1,15.6,1703.2,0,0,18.53,29.572,20.609,178.6,Burdekin,AyrDPI,Mulg,1960,Furrow,BareFallow,35,Surf1,200,999,110,SWBased_900_60_30_15_60,P2R,15AprV1R4,T4,2086.6,1911.763,681.797,966.256,21.562,5.551,8.41762289572505,0.114195916693218,8.08668341708543,0.804625,32.282
2014,17/04/2014,107,0,15-Apr,9,none,out,-1,0,2008,0.000,107,2,1,321,-1,19,2040,0,0,0,0,0,0,17432.272,6972.91,77.742,0,0,59.854,59.854,1.277,8601.694,8602.971,128797.074,0.668,0,0,632.6,3.891,215.587,416.284,0,218.345,218.345,10.006,8696.472,12.919,8709.391,131433.547,0,0,24.602,1.687,0.004,1.328,0.194,3917.334,394.896,0,0.6,0,0.2,0,0,21.992,31.178,20.601,86.2,Burdekin,AyrDPI,Mulg,1960,Furrow,BareFallow,35,Surf1,200,999,110,SWBased_900_60_30_15_60,P2R,15AprV1R4,T4,632.6,416.284,219.478,437.823,3.019,1.332,0,0,0,,0
2015,17/07/2015,198,2014,15-Apr,10,sugar,alive,0,456,2014,17/4/2014,107,2,0,320,2015,19,2039,7328.79,6510.21,5758.91,177.103,3534.24,15698.8,0,0,0,21.646,179.2,254.633,254.633,12.919,8696.472,8709.391,131433.547,0.67,18,1980,448.8,111.062,930.321,293.505,1212.154,372.481,1584.634,19.649,8550.202,1.87,8552.072,127745.061,200,359.343,390.01,18.609,0.142,17.215,4.182,6954.613,397.712,0.966,4811.8,17.6,1924.7,0,0,17.752,29.33,19.661,83.4,Burdekin,AyrDPI,Mulg,1960,Furrow,BareFallow,35,Surf1,200,999,110,SWBased_900_60_30_15_60,P2R,15AprV1R4,T4,2428.8,2273.505,1041.383,1413.864,35.966,17.357,7.78986630774949,0.111762716185567,7.28818930041152,0.885515,35.342
2016,16/08/2016,229,2015,15-Apr,10,sugar,alive,1,396,2014,17/7/2015,107,2,0,320,2016,19,2039,6506.13,5744.42,4961.01,151.167,2844.22,15451.2,17433.997,6973.599,86.09,20.242,104.9,57.417,57.417,1.87,8550.202,8552.072,127745.061,0.66,14,1540,523.6,0.001,666.169,415.471,1080.117,309.554,1389.671,8.613,8543.718,1.368,8545.086,127769.673,200,264.093,305.919,14.376,0,7.717,3.247,6304.348,400.186,0.944,4124.6,15.1,1649.8,0,0,18.819,29.827,19.384,43.6,Burdekin,AyrDPI,Mulg,1960,Furrow,BareFallow,35,Surf1,200,999,110,SWBased_900_60_30_15_60,P2R,15AprV1R4,T4,2063.6,1955.471,666.17,975.724,22.093,7.717,7.7304649365805,0.108778984378317,7.59633165829146,0.755835,28.442
2017,16/09/2017,259,2016,15-Apr,10,sugar,alive,2,396,2014,16/8/2016,107,2,0,320,2017,19,2039,6422.28,5697.38,4883.63,149.423,2745.03,15386.5,16639.451,6655.781,74.471,19.696,104.6,65.177,65.177,1.368,8543.718,8545.086,127769.673,0.661,11,1210,873.2,29.648,640.87,528.012,1108.429,304.736,1413.164,6.36,8532.529,1.335,8533.865,127633.347,200,270.154,310.669,17.62,0.008,4.029,3.791,6654.27,402.705,0.936,3937.7,14.4,1575.1,0,0,18.663,29.889,18.144,107.8,Burdekin,AyrDPI,Mulg,1960,Furrow,BareFallow,35,Surf1,200,999,110,SWBased_900_60_30_15_60,P2R,15AprV1R4,T4,2083.2,1738.012,670.518,975.254,21.657,4.037,8.59735145672182,0.105736489183138,9.00138554216868,0.747115,27.45
2018,16/10/2018,289,2017,15-Apr,10,sugar,alive,3,395,2014,16/9/2017,107,2,0,320,2018,19,2039,6044.48,5380.22,4566.91,139.86,2665.75,14775.7,16425.518,6570.207,77.468,20.544,95.8,64.696,64.696,1.335,8532.529,8533.865,127633.347,0.66,12,1320,722.5,113.475,633.576,383.054,1025.706,279.828,1305.534,7.559,8529.856,1.057,8530.913,127600.345,200,254.711,305.365,26.681,0.035,3.295,5.446,6496.812,405.261,0.921,3620.5,13.3,1448.2,0,0,18.071,29.621,18.354,130.4,Burdekin,AyrDPI,Mulg,1960,Furrow,BareFallow,35,Surf1,200,999,110,SWBased_900_60_30_15_60,P2R,15AprV1R4,T4,2042.5,1703.054,747.051,1026.879,30.011,3.33,8.2123056579533,0.107128577271829,7.90169491525424,0.6993,26.657
2019,16/11/2019,320,2018,15-Apr,10,sugar,alive,4,396,2014,16/10/2018,107,2,0,320,2019,19,2039,5774.81,5114.28,4356.14,133.138,2564.68,14186.7,15636.813,6254.726,78.489,20.794,93.5,54.611,54.611,1.057,8529.856,8530.913,127600.345,0.658,10,1100,1183.8,273.833,780.617,623.472,948.122,280.648,1228.77,3.938,8516.968,1.329,8518.297,127390.334,200,246.122,311.932,41.132,0.364,4.201,7.756,6353.613,407.856,0.921,3628.1,13.3,1451.2,0,0,18.556,29.691,17.571,92.8,Burdekin,AyrDPI,Mulg,1960,Furrow,BareFallow,35,Surf1,200,999,110,SWBased_900_60_30_15_60,P2R,15AprV1R4,T4,2283.8,1723.472,1054.45,1335.098,45.697,4.565,7.72498769924896,0.108350627049814,8.58954838709678,0.66569,25.647
2020,14/04/2020,105,0,15-Apr,10,none,out,-1,0,2014,0.000,105,0,0,320,-1,19,2039,0,0,0,0,0,0,15142.574,6057.03,77.237,0,0,55.192,55.192,1.329,8516.968,8518.297,127390.334,0.656,0,0,828,23.259,521.271,303.359,0,198.685,198.685,24.706,8611.524,7.075,8618.599,130040.782,0,0,7.968,0.188,0.025,0.187,0.023,3006.67,408.85,0,0.4,0,0.2,0,0,22.748,32.54,20.701,327.8,Burdekin,AyrDPI,Mulg,1960,Furrow,BareFallow,35,Surf1,200,999,110,SWBased_900_60_30_15_60,P2R,15AprV1R4,T4,828,303.359,544.53,743.215,0.4,0.212,0,0,0,,0
2021,14/07/2021,195,2020,15-Apr,11,sugar,alive,0,456,2020,14/4/2020,105,0,0,318,2021,21,2039,6731.42,5987.19,5201.91,159.795,3056.34,15295,0,0,0,20.626,169.2,139.977,139.977,7.075,8611.524,8618.599,130040.782,0.657,12,1320,1238.2,93.016,1152.914,598.209,1047.201,342.322,1389.522,23.55,8469.995,1.868,8471.863,126443.188,200,343.136,384.644,19.26,0.25,20.052,4.278,6715.607,411.908,0.945,4145.4,15.2,1658.2,0,0,18.324,28.888,16.427,132.4,Burdekin,AyrDPI,Mulg,1960,Furrow,BareFallow,35,Surf1,200,999,110,SWBased_900_60_30_15_60,P2R,15AprV1R4,T4,2558.2,1918.209,1245.93,1588.252,39.562,20.302,8.33042697641394,0.114999978409842,9.02796610169491,0.798975,30.563
1961,15/04/1961,105,0,15-Apr,0,none,out,-1,0,-1,0.000,105,0,0,318,-1,21,2039,0,0,0,0,0,0,0,0,0,0,0,0,0,0,0,0,0,0.89,0,0,356.6,0,169.312,187.288,0,145.244,145.244,7.686,9503.023,38.703,9541.725,141817.968,0,0,36.994,1.808,0,0.521,0.325,1004.24,350,0.001,1.4,0,0.5,0,0,20.264,30.936,22.36,63.2,Burdekin,AyrDPI,Mulg,1961,Furrow,BareFallow,35,Surf1,200,999,110,SWBased_900_60_30_15_60,P2R,15AprV1R4,T4,356.6,187.288,169.312,314.556,2.329,0.521,0,0,0,,0
1962,15/07/1962,196,1961,15-Apr,1,sugar,alive,0,456,1961,15/4/1961,105,0,0,318,1962,21,2039,7204.36,6442.85,5554.32,171.21,3204.91,16500.4,0,0,0,20.125,141.7,71.594,71.594,38.703,9503.023,9541.725,141817.968,0.884,16,1760,968.6,45.422,1087.167,618.644,1232.548,371.102,1603.65,19.913,9420.473,0.83,9421.303,141289.499,200,307.595,319.959,27.53,0,20.185,5.91,3485.39,350,0.97,5007.5,18.3,2003,0,0,16.561,28.834,19.605,102.1,Burdekin,AyrDPI,Mulg,1961,Furrow,BareFallow,35,Surf1,200,999,110,SWBased_900_60_30_15_60,P2R,15AprV1R4,T4,2728.6,2378.644,1132.589,1503.691,47.715,20.185,7.19779840951399,0.106762697596109,7.74705882352941,0.85605,32.049
1963,17/08/1963,229,1962,15-Apr,1,sugar,alive,1,398,1961,15/7/1962,105,0,2,318,1963,19,2039,5808.14,5125.1,4380.51,133.221,2332.6,14276.3,18281.674,7312.671,87.723,18.636,84.9,63.956,63.956,0.83,9420.473,9421.303,141289.499,0.868,11,1210,1163.8,170.53,857.653,605.751,1016.524,294.011,1310.535,7.863,9427.272,0.997,9428.268,142117.071,200,243.826,287.5,15.495,0,6.762,3.41,5156.817,350,0.942,4057.1,14.9,1622.9,0,0,17.097,28.916,18.964,91.9,Burdekin,AyrDPI,Mulg,1961,Furrow,BareFallow,35,Surf1,200,999,110,SWBased_900_60_30_15_60,P2R,15AprV1R4,T4,2373.8,1815.751,1028.183,1322.194,22.257,6.762,7.33696415422599,0.101653904703041,8.02536144578313,0.666105,23.326
1964,16/09/1964,260,1963,15-Apr,1,sugar,alive,2,396,1961,17/8/1963,105,0,2,320,1964,19,2041,5695.84,4969.34,4342.7,130.962,2387.25,13531.5,15583.439,6233.376,73.577,19.521,96.5,99.039,99.039,0.997,9427.272,9428.268,142117.071,0.866,12,1320,554.3,77.058,533.302,410.017,1038.449,278.179,1316.629,3.538,9412.835,1.012,9413.848,142844.943,200,259.002,308.336,20.359,0,12.458,4.284,5492.586,350,0.952,4336.7,15.9,1734.7,0,0,17.298,29.457,19.816,92.7,Burdekin,AyrDPI,Mulg,1961,Furrow,BareFallow,35,Surf1,200,999,110,SWBased_900_60_30_15_60,P2R,15AprV1R4,T4,1874.3,1730.017,610.36,888.539,32.817,12.458,7.56998341634793,0.0994676556569846,7.39898305084746,0.65481,23.872
1965,16/10/1965,289,1964,15-Apr,1,sugar,alive,3,395,1961,16/9/1964,105,0,2,320,1965,19,2041,6239.75,5602.06,4741.07,146.344,2756.33,14986.8,15187.93,6075.172,77.178,20.267,111,46.351,46.351,1.012,9412.835,9413.848,142844.943,0.859,12,1320,832.9,70.607,684.711,475.27,1064.169,322.737,1386.906,7.624,9381.624,1.341,9382.965,143297.053,200,269.371,325.671,33.899,0.001,4.623,6.785,5508.259,350,0.916,3543.8,13,1417.5,0,0,17.495,29.121,19.954,107.4,Burdekin,AyrDPI,Mulg,1961,Furrow,BareFallow,35,Surf1,200,999,110,SWBased_900_60_30_15_60,P2R,15AprV1R4,T4,2152.9,1795.27,755.318,1078.055,38.523,4.624,8.15164292836175,0.105518326404241,8.26802259887006,0.73172,27.563
1966,20/11/1966,324,1965,15-Apr,1,sugar,alive,4,400,1961,16/10/1965,105,0,6,320,1966,15,2041,6340.83,5620.4,4773.41,146.215,2879.61,15674.2,15751.066,6300.427,78.929,21.324,102.4,57.028,57.028,1.341,9381.624,9382.965,143297.053,0.851,14,1540,469.4,28.605,603.14,401.364,1028.533,318.157,1346.69,4.822,9353.586,1.342,9354.928,144062.16,200,265.669,328.012,36.622,0.001,6.739,7.353,5559.545,350,0.923,3656.9,13.4,1462.8,0,0,18.204,29.068,19.841,102.9,Burdekin,AyrDPI,Mulg,1961,Furrow,BareFallow,35,Surf1,200,999,110,SWBased_900_60_30_15_60,P2R,15AprV1R4,T4,2009.4,1941.364,631.745,949.902,43.362,6.74,7.53156028441858,0.108573613823523,7.34748743718593,0.731075,28.796
1967,15/04/1967,105,0,15-Apr,1,none,out,-1,0,1961,0.000,105,0,6,324,-1,15,2045,0,0,0,0,0,0,16431.467,6572.587,82.091,0,0,87.995,87.995,1.342,9353.586,9354.928,144062.16,0.842,0,0,493.9,0.001,265.717,228.183,0,195.824,195.824,12.56,9438.881,17.601,9456.482,147082.248,0,0,20.224,0.668,0,0.733,0.075,2966.088,350,0,0.6,0,0.2,0,0,21.476,31.313,21.477,154.9,Burdekin,AyrDPI,Mulg,1961,Furrow,BareFallow,35,Surf1,200,999,110,SWBased_900_60_30_15_60,P2R,15AprV1R4,T4,493.9,228.183,265.718,461.542,1.401,0.733,0,0,0,,0
1968,14/07/1968,196,1967,15-Apr,2,sugar,alive,0,456,1967,15/4/1967,105,0,0,318,1968,21,2039,7547.8,6765.94,5849.31,180.568,3481.89,16984.9,0,0,0,20.818,162.1,120.354,120.354,17.601,9438.881,9456.482,147082.248,0.842,14,1540,1672.1,215.152,1524.597,682.655,1162.975,358.89,1521.864,25.533,9302.293,2.1,9304.394,144574.702,200,341.517,376.518,31.03,0.002,17.331,6.532,5767.633,350,0.961,4629.1,17,1851.6,0,0,17.786,28.252,19.122,187.9,Burdekin,AyrDPI,Mulg,1961,Furrow,BareFallow,35,Surf1,200,999,110,SWBased_900_60_30_15_60,P2R,15AprV1R4,T4,3212.1,2222.655,1739.749,2098.639,48.363,17.333,8.12397785531268,0.118649235411311,9.0737688442211,0.90284,34.819
1969,14/08/1969,226,1968,15-Apr,2,sugar,alive,1,396,1967,14/7/1968,105,0,0,318,1969,21,2039,5437.83,4746.87,4081.73,123.432,2257.29,13561,18371.871,7348.748,90.285,19.594,104.8,70.842,70.842,2.1,9302.293,9304.394,144574.702,0.826,15,1650,219.9,8.951,590.667,185.424,977.503,318.196,1295.699,6.512,9284.495,1.042,9285.537,145079.762,200,270.935,312.326,17.278,0,5.883,3.805,5562.182,350,0.924,3683.1,13.5,1473.2,0,0,17.324,29.16,19.914,46.5,Burdekin,AyrDPI,Mulg,1961,Furrow,BareFallow,35,Surf1,200,999,110,SWBased_900_60_30_15_60,P2R,15AprV1R4,T4,1869.9,1835.424,599.618,917.814,23.161,5.883,6.72498561640253,0.0952628658353522,5.87771428571429,0.61716,22.573
1970,14/09/1970,257,1969,15-Apr,2,sugar,alive,2,396,1967,14/8/1969,105,0,0,318,1970,21,2039,6231.22,5534.08,4706.95,143.544,2699.4,15242.8,14657.444,5862.978,77.549,20.231,105.1,45.426,45.426,1.042,9284.495,9285.537,145079.762,0.823,13,1430,670.4,43.387,634.203,378.167,1102.655,306.741,1409.396,5.479,9262.813,1.199,9264.012,145554.815,200,266.229,319.424,27.683,0,7.651,5.748,5740.61,350,0.933,3863.9,14.2,1545.6,0,0,17.523,29.383,20.581,133.6,Burdekin,AyrDPI,Mulg,1961,Furrow,BareFallow,35,Surf1,200,999,110,SWBased_900_60_30_15_60,P2R,15AprV1R4,T4,2100.4,1808.167,677.59,984.331,35.334,7.651,7.93864725990465,0.101847883774326,7.63531914893617,0.71772,26.994
1971,14/10/1971,287,1970,15-Apr,2,sugar,alive,3,395,1967,14/9/1970,105,0,0,318,1971,21,2039,6471.15,5764.36,4914.96,150.544,2792.24,15561.9,16240.667,6496.266,80.231,19.914,101.3,58.841,58.841,1.199,9262.813,9264.012,145554.815,0.817,8,880,1222.9,27.318,696.271,758.394,1081.633,300.66,1382.293,8.096,9240.442,1.232,9241.674,146240.627,200,272.536,321.316,26.475,0.001,5.324,5.408,5768.66,350,0.943,4087.3,15,1634.9,0,0,17.746,28.818,19.76,220,Burdekin,AyrDPI,Mulg,1961,Furrow,BareFallow,35,Surf1,200,999,110,SWBased_900_60_30_15_60,P2R,15AprV1R4,T4,2102.9,1638.394,723.589,1024.249,31.8,5.325,9.18851021182939,0.10890889268773,11.3190977443609,0.75272,27.922
1972,13/11/1972,318,1971,15-Apr,2,sugar,alive,4,396,1967,14/10/1971,105,0,0,318,1972,21,2039,6238.31,5576.16,4702.26,144.68,2846.03,15360.5,16701.848,6680.739,85.914,21.296,89.4,55.861,55.861,1.232,9240.442,9241.674,146240.627,0.81,12,1320,1329.1,285.999,1002.602,569.227,1069.017,298.482,1367.499,5.725,9235.126,1.293,9236.419,146444.816,200,246.054,315.893,36.529,0.187,4.972,7.111,6196.061,350,0.922,3650.9,13.4,1460.4,0,0,16.944,28.986,20.231,206.2,Burdekin,AyrDPI,Mulg,1961,Furrow,BareFallow,35,Surf1,200,999,110,SWBased_900_60_30_15_60,P2R,15AprV1R4,T4,2649.1,1889.227,1288.601,1587.083,41.688,5.159,7.65815860137506,0.105798980474574,8.17401129943503,0.7234,28.46
1973,15/04/1973,105,0,15-Apr,2,none,out,-1,0,1967,0.000,105,0,0,318,-1,21,2039,0,0,0,0,0,0,16159.756,6463.902,78.226,0,0,48.863,48.863,1.293,9235.126,9236.419,146444.816,0.804,0,0,912.7,54.679,442.487,452.113,0,275.645,275.645,21.003,9331.024,5.837,9336.861,149703.824,0,0,9.982,0.743,0.005,0.38,0.053,2729.103,350,0,0.4,0,0.1,0,0,21.686,30.85,20.736,108.5,Burdekin,AyrDPI,Mulg,1961,Furrow,BareFallow,35,Surf1,200,999,110,SWBased_900_60_30_15_60,P2R,15AprV1R4,T4,912.7,452.113,497.166,772.811,1.128,0.385,0,0,0,,0
1974,15/07/1974,196,1973,15-Apr,3,sugar,alive,0,456,1973,15/4/1973,105,0,0,318,1974,21,2039,7125.85,6356.8,5554.92,170.943,3085.08,15709.3,0,0,0,19.298,151,188.751,188.751,5.837,9331.024,9336.861,149703.824,0.805,10,1100,2113.6,451.019,1427.726,889.308,1094.05,368.044,1462.094,23.858,9204.999,1.927,9206.926,145996.512,200,324.253,363.664,26.299,0.012,16.354,5.638,6890.256,350,0.962,4686.7,17.2,1874.7,0,0,17.929,28.237,17.62,152.9,Burdekin,AyrDPI,Mulg,1961,Furrow,BareFallow,35,Surf1,200,999,110,SWBased_900_60_30_15_60,P2R,15AprV1R4,T4,3213.6,1989.308,1878.745,2246.789,42.665,16.366,8.59308865193324,0.116916559400422,11.0285806451613,0.854715,30.851
1975,15/08/1975,227,1974,15-Apr,3,sugar,alive,1,396,1973,15/7/1974,105,0,0,318,1975,21,2039,6353.93,5615.98,4792.17,146.245,2645.58,15617.6,17336.577,6934.63,89.501,19.351,106.4,61.512,61.512,1.927,9204.999,9206.926,145996.512,0.793,12,1320,723.8,9.483,663.42,521.811,1034.289,323.351,1357.64,9.582,9181.265,1.654,9182.919,145321.291,200,277.654,314.221,13.988,0,7.332,3.184,6675.73,350,0.942,4079.7,15,1631.9,0,0,17.665,28.665,19.674,65,Burdekin,AyrDPI,Mulg,1961,Furrow,BareFallow,35,Surf1,200,999,110,SWBased_900_60_30_15_60,P2R,15AprV1R4,T4,2043.8,1841.811,672.903,996.254,21.32,7.332,7.94028268915757,0.107720014142188,8.26242937853107,0.731225,26.456
1976,14/09/1976,258,1975,15-Apr,3,sugar,alive,2,396,1973,15/8/1975,105,0,0,318,1976,21,2039,6519.36,5842.3,5005.97,154.355,2877.23,15134,16742.665,6697.067,81.08,20.028,91.6,74.771,74.771,1.654,9181.265,9182.919,145321.291,0.79,9,990,1963.5,280.724,1331.806,905.524,1033.862,319.398,1353.26,17.29,9168.401,1.332,9169.733,144826.799,200,241.494,309.11,35.863,0.013,16.316,7.056,6893.957,350,0.924,3687,13.5,1474.8,0,0,17.532,28.198,19.227,179.8,Burdekin,AyrDPI,Mulg,1961,Furrow,BareFallow,35,Surf1,200,999,110,SWBased_900_60_30_15_60,P2R,15AprV1R4,T4,2953.5,1895.524,1612.53,1931.928,52.192,16.329,8.14313087040839,0.114061599397012,10.7190972222222,0.771775,28.772
1977,14/10/1977,287,1976,15-Apr,3,sugar,alive,3,395,1973,14/9/1976,105,0,0,318,1977,21,2039,6498.54,5809.5,4961.96,152.378,2696.73,15365.8,15997.791,6399.116,69.736,18.868,100.3,62.482,62.482,1.332,9168.401,9169.733,144826.799,0.785,9,990,1378.2,86.952,973.67,637.086,1015.215,297.96,1313.175,12.254,9151.715,1.245,9152.96,144136.264,200,271.287,317.165,22.693,0.004,3.919,4.721,7270.764,350,0.94,4017.1,14.7,1606.9,0,0,17.938,28.404,19.747,170.6,Burdekin,AyrDPI,Mulg,1961,Furrow,BareFallow,35,Surf1,200,999,110,SWBased_900_60_30_15_60,P2R,15AprV1R4,T4,2368.2,1627.086,1060.622,1358.582,26.616,3.923,9.3650858037006,0.116037847202391,10.5818055555556,0.76189,26.967
1978,14/11/1978,318,1977,15-Apr,3,sugar,alive,4,396,1973,14/10/1977,105,0,0,318,1978,21,2039,6875.09,6147.88,5215.4,160.386,3107.43,16596.9,16475.542,6590.216,81.435,20.931,99.1,56.886,56.886,1.245,9151.715,9152.96,144136.264,0.78,10,1100,1000.1,14.549,720.461,650.477,1060.286,287.222,1347.508,5.53,9139.34,1.641,9140.981,143208.768,200,266.849,319.347,23.797,0.001,7.562,4.916,7719.749,350,0.934,3887.8,14.3,1555.1,0,0,18.195,28.503,20.521,150.6,Burdekin,AyrDPI,Mulg,1961,Furrow,BareFallow,35,Surf1,200,999,110,SWBased_900_60_30_15_60,P2R,15AprV1R4,T4,2100.1,1750.477,735.01,1022.232,31.36,7.563,9.16241687265814,0.119024154216524,10.3474838709677,0.80193,31.074
1979,19/04/1979,109,0,15-Apr,3,none,out,-1,0,1973,0.000,109,4,0,322,-1,18,2039,0,0,0,0,0,0,17411.945,6964.779,81.934,0,0,74.469,74.469,1.641,9139.34,9140.981,143208.768,0.775,0,0,1313.5,127.783,822.638,463.625,0,247.478,247.478,38.41,9226.724,16.239,9242.963,145288.167,0,0,25.46,2.299,0.026,2.111,0.21,4377.412,350,0,0.5,0,0.2,0,0,21.979,30.478,19.448,350.7,Burdekin,AyrDPI,Mulg,1961,Furrow,BareFallow,35,Surf1,200,999,110,SWBased_900_60_30_15_60,P2R,15AprV1R4,T4,1313.5,463.625,950.421,1197.899,4.436,2.137,0,0,0,,0
1980,18/07/1980,200,1979,15-Apr,4,sugar,alive,0,456,1979,19/4/1979,109,4,0,322,1980,17,2039,7503.72,6663.62,5831.7,179.13,3468.51,16720.2,0,0,0,20.917,196.4,190.071,190.071,16.239,9226.724,9242.963,145288.167,0.775,14,1540,884.3,53.387,948.362,531.54,1171.458,372.858,1544.316,18.076,9046.167,2.216,9048.383,141573.288,200,394.097,422.586,24.038,0.017,14.593,5.297,6997.073,350,0.97,4993.1,18.3,1997.3,0,0,17.794,28.5,19.664,86.4,Burdekin,AyrDPI,Mulg,1961,Furrow,BareFallow,35,Surf1,200,999,110,SWBased_900_60_30_15_60,P2R,15AprV1R4,T4,2424.3,2071.54,1001.749,1374.607,38.648,14.61,8.64719001322687,0.115993099857801,9.00150753768844,0.89565,34.685
1981,18/08/1981,230,1980,15-Apr,4,sugar,alive,1,396,1979,18/7/1980,109,4,0,322,1981,17,2039,6352.01,5626.02,4784.49,146.101,2570.36,15675.2,18456.344,7382.539,94.655,18.739,106.2,68.306,68.306,2.216,9046.167,9048.383,141573.288,0.762,11,1210,1122.8,183.902,844.262,588.25,1014.179,289.258,1303.437,11.761,9037.029,1.313,9038.342,141633.408,200,268.88,309.074,14.619,0.009,7.798,3.281,6293.562,350,0.926,3722.9,13.6,1489.2,0,0,17.711,28.113,19.149,104.8,Burdekin,AyrDPI,Mulg,1961,Furrow,BareFallow,35,Surf1,200,999,110,SWBased_900_60_30_15_60,P2R,15AprV1R4,T4,2332.8,1798.25,1028.164,1317.422,22.426,7.807,8.12462115946059,0.112089038442211,8.80126506024096,0.730505,25.704
1982,18/09/1982,261,1981,15-Apr,4,sugar,alive,2,396,1979,18/8/1981,109,4,0,322,1982,17,2039,6110.45,5392.82,4652.39,141.503,2686.63,14580.6,16488.342,6595.338,81.203,20.453,101.1,69.507,69.507,1.313,9037.029,9038.342,141633.408,0.762,12,1320,592.4,34.437,556.06,449.305,1050.201,291.817,1342.018,4.992,9018.905,0.952,9019.857,141678.612,200,270.683,318.295,25.442,0.009,4.215,5.1,6424.482,350,0.951,4316.4,15.8,1726.6,0,0,17.492,29.026,19.782,47.4,Burdekin,AyrDPI,Mulg,1961,Furrow,BareFallow,35,Surf1,200,999,110,SWBased_900_60_30_15_60,P2R,15AprV1R4,T4,1912.4,1769.305,590.497,882.314,29.666,4.224,7.99766009817414,0.105440463540727,7.9945197740113,0.707515,26.866
1983,18/10/1983,291,1982,15-Apr,4,sugar,alive,3,395,1979,18/9/1982,109,4,0,322,1983,17,2039,6104.31,5359.06,4652.99,140.921,2579.78,14513.2,16062.494,6424.999,82.975,19.617,98.3,49.393,49.393,0.952,9018.905,9019.857,141678.612,0.758,12,1320,637.7,109.262,574.449,421.417,977.52,295.201,1272.72,4.126,9008.931,1.231,9010.162,141706.313,200,264.243,309.95,23.941,0.01,5.549,4.943,6504.705,350,0.959,4552.8,16.7,1821.1,0,0,18.328,28.931,20.105,95.4,Burdekin,AyrDPI,Mulg,1961,Furrow,BareFallow,35,Surf1,200,999,110,SWBased_900_60_30_15_60,P2R,15AprV1R4,T4,1957.7,1741.417,683.711,978.912,29.5,5.559,8.09231792270318,0.110724275567289,7.9616384180791,0.704605,25.798
1984,17/11/1984,322,1983,15-Apr,4,sugar,alive,4,396,1979,18/10/1983,109,4,0,322,1984,17,2039,6467.95,5750.22,4874.54,149.622,2947.65,15934.1,16206.112,6482.445,82.878,21.332,100.8,50.663,50.663,1.231,9008.931,9010.162,141706.313,0.753,12,1320,648.7,89.096,515.302,504.855,1042.248,318.5,1360.748,4.198,8989.901,1.214,8991.115,141599.188,200,265.119,322.176,34.196,0.021,3.058,6.806,6601.821,350,0.911,3460.4,12.7,1384.2,0,0,17.924,28.788,19.569,75.6,Burdekin,AyrDPI,Mulg,1961,Furrow,BareFallow,35,Surf1,200,999,110,SWBased_900_60_30_15_60,P2R,15AprV1R4,T4,1968.7,1824.855,604.398,922.898,37.275,3.079,8.19911719013292,0.109955700835129,8.45322033898305,0.74811,29.477
1985,15/04/1985,105,0,15-Apr,4,none,out,-1,0,1979,0.000,105,0,0,322,-1,17,2039,0,0,0,0,0,0,16485.365,6594.145,82.652,0,0,54.218,54.218,1.214,8989.901,8991.115,141599.188,0.748,0,0,588.9,0.226,237.333,351.567,0,254.633,254.633,11.243,9079.456,13.621,9093.077,144314.144,0,0,18.881,1.034,0,0.827,0.1,3370.43,350,0,0.4,0,0.2,0,0,21.977,31.383,20.654,111.4,Burdekin,AyrDPI,Mulg,1961,Furrow,BareFallow,35,Surf1,200,999,110,SWBased_900_60_30_15_60,P2R,15AprV1R4,T4,588.9,351.567,237.559,492.192,1.861,0.827,0,0,0,,0
1986,15/07/1986,196,1985,15-Apr,5,sugar,alive,0,456,1985,15/4/1985,105,0,0,318,1986,21,2039,6910.37,6108.42,5337.41,163.211,3062.83,15729.6,0,0,0,20.182,166,150.927,150.927,13.621,9079.456,9093.077,144314.144,0.749,14,1540,777.1,23.61,849.782,548.665,1149.436,378.924,1528.36,18.663,8935.935,2.25,8938.185,140472.454,200,354.86,382.697,20.898,0.014,16.186,4.697,7041.888,350,0.964,4746.9,17.4,1898.8,0,0,17.312,28.527,18.417,117.8,Burdekin,AyrDPI,Mulg,1961,Furrow,BareFallow,35,Surf1,200,999,110,SWBased_900_60_30_15_60,P2R,15AprV1R4,T4,2317.1,2088.665,873.392,1252.316,37.098,16.2,7.81413007830361,0.10678832212306,8.20155778894472,0.816055,30.628
1987,15/08/1987,227,1986,15-Apr,5,sugar,alive,1,396,1985,15/7/1986,105,0,0,318,1987,21,2039,5879.67,5188.88,4427.87,134.843,2567.57,14517.9,17405.027,6962.01,96.37,20.521,108.4,66.276,66.276,2.25,8935.935,8938.185,140472.454,0.736,14,1540,497.8,17.742,617.515,432.701,1022.507,378.888,1401.394,8.572,8910.461,1.26,8911.721,139979.184,200,273.195,320.37,25.848,0.011,3.808,5.55,6427.032,350,0.922,3651.1,13.4,1460.4,0,0,18.256,29.363,19.045,44,Burdekin,AyrDPI,Mulg,1961,Furrow,BareFallow,35,Surf1,200,999,110,SWBased_900_60_30_15_60,P2R,15AprV1R4,T4,2037.8,1972.701,635.257,1014.145,29.667,3.819,6.83545048134512,0.0962206203251905,6.77603015075377,0.674215,25.676
1988,14/09/1988,258,1987,15-Apr,5,sugar,alive,2,396,1985,15/8/1987,105,0,0,318,1988,21,2039,6448.29,5728.07,4864.32,148.304,2794.44,15839.7,15443.698,6177.479,80.744,20.276,96.7,67.426,67.426,1.26,8910.461,8911.721,139979.184,0.733,12,1320,972.6,46.109,869.751,475.245,1093.131,283.31,1376.44,8.858,8898.583,1.211,8899.794,139665.544,200,263.641,312.702,25.443,0.02,3.913,5.161,6661.268,350,0.948,4223,15.5,1689.2,0,0,18.304,29.273,19.691,254,Burdekin,AyrDPI,Mulg,1961,Furrow,BareFallow,35,Surf1,200,999,110,SWBased_900_60_30_15_60,P2R,15AprV1R4,T4,2292.6,1795.245,915.86,1199.17,29.376,3.933,8.26093374441929,0.107744616547034,8.37875706214689,0.74152,27.944
1989,14/10/1989,287,1988,15-Apr,5,sugar,alive,3,395,1985,14/9/1988,105,0,0,318,1989,21,2039,6574.81,5873.46,5040.11,154.811,2764.9,15347,17053.288,6821.315,83.899,19.068,95.7,67.728,67.728,1.211,8898.583,8899.794,139665.544,0.73,8,880,1381.8,92.044,810.557,804.969,1069.124,295.096,1364.22,6.792,8890.846,1.222,8892.067,139473.245,200,262.04,311.37,25.174,0.025,3.931,4.937,6798.182,350,0.944,4129.5,15.1,1651.8,0,0,17.968,28.729,19.436,134.8,Burdekin,AyrDPI,Mulg,1961,Furrow,BareFallow,35,Surf1,200,999,110,SWBased_900_60_30_15_60,P2R,15AprV1R4,T4,2261.8,1684.969,902.601,1197.697,29.13,3.956,9.18776547224311,0.113479497441762,11.6399248120301,0.774055,27.649
1990,14/11/1990,318,1989,15-Apr,5,sugar,alive,4,396,1985,14/10/1989,105,0,0,318,1990,21,2039,6457.41,5802.89,4948.47,153.153,2951.7,15089.4,16555.055,6622.023,80.631,20.806,98.7,62.707,62.707,1.222,8890.846,8892.067,139473.245,0.726,10,1100,1278.8,100.917,919.493,590.022,1067.126,301.567,1368.693,11.415,8885.345,1.302,8886.647,139131.023,200,258.24,304.02,24.351,0.018,4.729,5.041,6778.507,350.967,0.915,3521.2,12.9,1408.5,0,0,17.621,28.801,20.391,103,Burdekin,AyrDPI,Mulg,1961,Furrow,BareFallow,35,Surf1,200,999,110,SWBased_900_60_30_15_60,P2R,15AprV1R4,T4,2378.8,1690.022,1020.41,1321.977,29.098,4.747,9.06218972297402,0.111897262570934,9.88083870967742,0.765765,29.517
1991,15/04/1991,105,0,15-Apr,5,none,out,-1,0,1985,0.000,105,0,0,318,-1,21,2039,0,0,0,0,0,0,15819.021,6327.61,77.368,0,0,52.404,52.404,1.302,8885.345,8886.647,139131.023,0.723,0,0,1629.3,194.885,1135.551,432.279,0,212.034,212.034,53.689,8980.325,9.547,8989.872,142026.314,0,0,12.045,0.49,0.135,0.483,0.042,3219.731,351.612,0,0.4,0,0.1,0,0,21.649,30.595,18.903,204.4,Burdekin,AyrDPI,Mulg,1961,Furrow,BareFallow,35,Surf1,200,999,110,SWBased_900_60_30_15_60,P2R,15AprV1R4,T4,1629.3,432.279,1330.436,1542.47,1.108,0.618,0,0,0,,0
1992,14/07/1992,196,1991,15-Apr,6,sugar,alive,0,456,1991,15/4/1991,105,0,0,318,1992,21,2039,7729.95,6917.56,6018.8,185.795,3733.61,17111.5,0,0,0,21.817,172.8,139.234,139.234,9.547,8980.325,8989.872,142026.314,0.725,17,1870,687,15.915,985.243,464.46,1257.76,367.964,1625.724,18.941,8841.351,2.083,8843.434,137352.701,200,352.504,383.036,17.512,0.016,15.748,3.99,8078.098,353.56,0.959,4566.9,16.7,1826.8,0,0,17.261,28.993,19.887,122.8,Burdekin,AyrDPI,Mulg,1961,Furrow,BareFallow,35,Surf1,200,999,110,SWBased_900_60_30_15_60,P2R,15AprV1R4,T4,2557,2334.46,1001.158,1369.122,33.276,15.764,7.95879989376558,0.114284466490007,8.00840517241379,0.928975,37.336
1993,14/08/1993,226,1992,15-Apr,6,sugar,alive,1,396,1991,14/7/1992,105,0,0,318,1993,21,2039,6497.68,5739.83,4948.67,151.417,2951.92,15490.1,18426.69,7370.676,86.757,21.079,105.4,69.353,69.353,2.083,8841.351,8843.434,137352.701,0.714,14,1540,482.2,0.023,657.15,364.84,1058.61,324.187,1382.796,9.084,8831.103,0.924,8832.028,136598.418,200,269.315,309.34,13.805,0,6.818,3.148,7130.907,355.287,0.928,3765.6,13.8,1506.2,0,0,17.695,28.946,20.046,72,Burdekin,AyrDPI,Mulg,1961,Furrow,BareFallow,35,Surf1,200,999,110,SWBased_900_60_30_15_60,P2R,15AprV1R4,T4,2022.2,1904.84,657.173,981.36,20.623,6.818,7.94906658826988,0.109500606018531,7.60889447236181,0.757085,29.519
1994,14/09/1994,257,1993,15-Apr,6,sugar,alive,2,396,1991,14/8/1993,105,0,0,318,1994,21,2039,6419.18,5668.33,4932.05,150.528,2930.92,14871.3,16367.38,6546.952,75.207,21.049,103.2,51.586,51.586,0.924,8831.103,8832.028,136598.418,0.714,13,1430,409.4,0.969,440.015,339.578,1056.878,344.909,1401.787,4.405,8823.828,0.972,8824.8,135699.444,200,269.693,307.167,16.482,0.001,2.733,3.619,7435.516,357.048,0.954,4397.6,16.1,1759.1,0,0,17.914,29.028,20.251,46.8,Burdekin,AyrDPI,Mulg,1961,Furrow,BareFallow,35,Surf1,200,999,110,SWBased_900_60_30_15_60,P2R,15AprV1R4,T4,1839.4,1769.578,440.984,785.893,19.216,2.734,8.50643486752209,0.107382933355781,8.0068085106383,0.75264,29.309
1995,14/10/1995,287,1994,15-Apr,6,sugar,alive,3,395,1991,14/9/1994,105,0,0,318,1995,21,2039,7085.24,6321.02,5459.23,167.496,3252.89,16260.1,16378.634,6551.454,78.575,20.988,107.5,48.216,48.216,0.972,8823.828,8824.8,135699.444,0.712,13,1430,510.2,7.029,507.964,397.226,1116.39,298.443,1414.833,4.036,8811.426,1.152,8812.577,134541.299,200,272.956,322.262,19.905,0.004,6.492,4.177,8070.945,358.843,0.954,4384.8,16.1,1753.9,0,0,18.845,29.291,20.66,55.2,Burdekin,AyrDPI,Mulg,1961,Furrow,BareFallow,35,Surf1,200,999,110,SWBased_900_60_30_15_60,P2R,15AprV1R4,T4,1940.2,1827.226,514.993,813.436,26.401,6.496,9.1666821728675,0.118385703471717,8.90936170212766,0.83748,32.529
1996,13/11/1996,318,1995,15-Apr,6,sugar,alive,4,396,1991,14/10/1995,105,0,0,318,1996,21,2039,6894.74,6134.75,5308.3,162.817,3357.49,15864.4,17548.148,7019.259,77.013,22.464,103.9,58.591,58.591,1.152,8811.426,8812.577,134541.299,0.709,14,1540,547.9,99.887,593.065,384.886,1100.189,305.967,1406.156,4.421,8800.505,1.111,8801.616,133414.096,200,272.43,323.507,24.025,0.072,3.002,4.833,8279.446,360.666,0.946,4161.5,15.3,1664.6,0,0,19.503,29.755,20.901,107,Burdekin,AyrDPI,Mulg,1961,Furrow,BareFallow,35,Surf1,200,999,110,SWBased_900_60_30_15_60,P2R,15AprV1R4,T4,2087.9,1924.886,692.952,998.919,27.099,3.074,8.45852689457973,0.115788717610279,8.18175879396985,0.814085,33.575
1997,15/04/1997,105,0,15-Apr,6,none,out,-1,0,1991,0.000,105,0,0,318,-1,21,2039,0,0,0,0,0,0,17022.008,6808.802,77.367,0,0,47.384,47.384,1.111,8800.505,8801.616,133414.096,0.706,0,0,812.5,12.453,437.951,373.322,0,248.293,248.293,20.688,8906.788,4.852,8911.64,136706.94,0,0,6.731,0.24,0.032,0.301,0.023,3235.144,361.388,0,0.6,0,0.2,0,0,23.067,31.083,22.078,116.8,Burdekin,AyrDPI,Mulg,1961,Furrow,BareFallow,35,Surf1,200,999,110,SWBased_900_60_30_15_60,P2R,15AprV1R4,T4,812.5,373.322,450.404,698.697,0.573,0.333,0,0,0,,0
1998,15/07/1998,196,1997,15-Apr,7,sugar,alive,0,456,1997,15/4/1997,105,0,0,318,1998,21,2039,8836.96,7917.55,6947.24,214.772,3996.51,18897.2,0,0,0,19.988,184.2,161.187,161.187,4.852,8906.788,8911.64,136706.94,0.708,14,1540,1035.5,43.729,1069.372,594.892,1195.245,344.63,1539.876,19.194,8755.248,2.76,8758.008,130881.104,200,370.248,406.538,13.547,0.101,13.352,3.211,9611.555,363.555,0.972,5132.4,18.8,2053,0,0,19.202,28.19,18.842,189.6,Burdekin,AyrDPI,Mulg,1961,Furrow,BareFallow,35,Surf1,200,999,110,SWBased_900_60_30_15_60,P2R,15AprV1R4,T4,2575.5,2134.892,1113.101,1457.731,27,13.453,10.0600873486809,0.139473568001579,10.7925628140704,1.07386,39.965
1999,15/08/1999,227,1998,15-Apr,7,sugar,alive,1,396,1997,15/7/1998,105,0,0,318,1999,21,2039,7234.2,6458.08,5535.89,170.037,3230.8,16983,20425.138,8170.057,85.969,20.471,110.7,83.712,83.712,2.76,8755.248,8758.008,130881.104,0.701,10,1100,1153.6,53.835,877.784,702.07,1029.772,308.766,1338.538,10.079,8728.132,1.31,8729.442,130643.048,200,286.893,334.324,17.177,0.239,10.15,3.691,7468.737,365.471,0.938,3961.7,14.5,1584.7,0,0,19.752,28.624,18.776,112,Burdekin,AyrDPI,Mulg,1961,Furrow,BareFallow,35,Surf1,200,999,110,SWBased_900_60_30_15_60,P2R,15AprV1R4,T4,2253.6,1802.07,931.619,1240.385,27.566,10.389,9.43564900364581,0.127031881052312,10.9701290322581,0.850185,32.308
2000,14/09/2000,258,1999,15-Apr,7,sugar,alive,2,396,1997,15/8/1999,105,0,0,318,2000,21,2039,7256.31,6461.44,5648.2,173.349,3227.91,16081.1,17803.036,7121.216,75.098,20.004,96.6,67.156,67.156,1.31,8728.132,8729.442,130643.048,0.701,9,990,1493.5,191.062,1013.801,687.371,1006.983,281.559,1288.541,11.623,8736.513,1.262,8737.776,130832.263,200,261.986,303.394,16.231,0.132,3.49,3.36,7162.929,367.415,0.96,4582.6,16.8,1833.1,0,0,18.677,28.119,19.581,136,Burdekin,AyrDPI,Mulg,1961,Furrow,BareFallow,35,Surf1,200,999,110,SWBased_900_60_30_15_60,P2R,15AprV1R4,T4,2483.5,1677.371,1204.863,1486.422,19.853,3.622,10.334565221409,0.134531225626503,12.038125,0.866745,32.279
2001,14/10/2001,287,2000,15-Apr,7,sugar,alive,3,395,1997,14/9/2000,105,0,0,318,2001,21,2039,6904.08,6174.8,5301.21,163.133,3376.42,16028.6,17564.203,7025.682,74.774,22.558,98,57.253,57.253,1.262,8736.513,8737.776,130832.263,0.701,14,1540,561.9,61.45,602.633,455.97,1112.048,325.609,1437.658,5.875,8724.658,1.16,8725.818,130673.139,200,262.181,326.262,34.077,0.071,4.364,6.476,7374.473,369.4,0.941,4052.4,14.9,1621,0,0,17.987,29.181,20.23,52,Burdekin,AyrDPI,Mulg,1961,Furrow,BareFallow,35,Surf1,200,999,110,SWBased_900_60_30_15_60,P2R,15AprV1R4,T4,2101.9,1995.97,664.083,989.692,38.512,4.435,8.17311883445142,0.113471354105079,8.19763819095478,0.815665,33.764
2002,14/11/2002,318,2001,15-Apr,7,sugar,alive,4,396,1997,14/10/2001,105,0,0,318,2002,21,2039,7052.83,6310.46,5424.25,167.009,3492.2,16285.8,17068.875,6827.55,73.154,22.82,108.8,57.414,57.414,1.16,8724.658,8725.818,130673.139,0.697,15,1650,810.4,26.626,907.783,349.158,1237.679,288.367,1526.046,16.067,8703.078,1.456,8704.534,130283.785,200,280.602,330.984,23.356,0.02,5.813,4.793,7500.229,371.419,0.949,4250.3,15.6,1700.1,0,0,18.495,30.339,21.474,206,Burdekin,AyrDPI,Mulg,1961,Furrow,BareFallow,35,Surf1,200,999,110,SWBased_900_60_30_15_60,P2R,15AprV1R4,T4,2460.4,1999.158,934.409,1222.776,29.189,5.833,8.35396702011547,0.109439033947863,7.95280952380952,0.835045,34.922
2003,15/04/2003,105,0,15-Apr,7,none,out,-1,0,1997,0.000,105,0,0,318,-1,21,2039,0,0,0,0,0,0,17455.677,6982.271,80.615,0,0,57.359,57.359,1.456,8703.078,8704.534,130283.785,0.694,0,0,414.2,1.037,176.999,237.201,0,156.845,156.845,8.253,8813.833,4.304,8818.137,133910.289,0,0,4.468,0.094,0.001,0.06,0.012,3026.753,372.211,0.001,0.9,0,0.4,0,0,21.861,31.873,22.582,51,Burdekin,AyrDPI,Mulg,1961,Furrow,BareFallow,35,Surf1,200,999,110,SWBased_900_60_30_15_60,P2R,15AprV1R4,T4,414.2,237.201,178.036,334.881,0.155,0.061,0,0,0,,0
2004,14/07/2004,196,2003,15-Apr,8,sugar,alive,0,456,2003,15/4/2003,105,0,0,318,2004,21,2039,7471.95,6620.45,5876,180.36,3649.75,15959.4,0,0,0,21.99,183.8,136.679,136.679,4.304,8813.833,8818.137,133910.289,0.695,17,1870,747.8,27.375,1085.682,443.615,1213.749,376.096,1589.844,19.093,8659.204,2.035,8661.24,129285.002,200,367.356,404.268,13.643,0.293,16.218,3.161,8160.368,374.595,0.96,4591.6,16.8,1836.6,0,0,18.211,29.555,19.63,173.2,Burdekin,AyrDPI,Mulg,1961,Furrow,BareFallow,35,Surf1,200,999,110,SWBased_900_60_30_15_60,P2R,15AprV1R4,T4,2617.8,2313.615,1113.057,1489.153,30.154,16.511,7.79559261156243,0.113445092726079,7.77413793103448,0.9018,36.498
2005,15/08/2005,227,2004,15-Apr,8,sugar,alive,1,397,2003,14/7/2004,105,0,1,318,2005,20,2039,6703.64,5954.66,5074.3,154.977,3036.6,16293.4,17468.369,6987.348,85.083,21.201,109.1,51.578,51.578,2.035,8659.204,8661.24,129285.002,0.689,16,1760,746.3,1.008,986.077,330.844,1142.951,325.041,1467.993,11.124,8640.95,1.344,8642.294,129145.296,200,274.067,319.418,18.634,0,6.321,4.053,6553.349,376.709,0.94,4017.9,14.7,1607.2,0,0,17.863,29.438,20.179,143.4,Burdekin,AyrDPI,Mulg,1961,Furrow,BareFallow,35,Surf1,200,999,110,SWBased_900_60_30_15_60,P2R,15AprV1R4,T4,2506.3,2090.844,987.085,1312.126,24.955,6.321,7.4121742224671,0.105570666890101,7.01253393665158,0.774885,30.366
2006,15/09/2006,258,2005,15-Apr,8,sugar,alive,2,396,2003,15/8/2005,105,0,1,319,2006,20,2040,6603.58,5891.61,5067.2,155.188,2934.13,15363.8,17264.561,6905.825,78.251,20.356,94.5,102.802,102.802,1.344,8640.95,8642.294,129145.296,0.689,10,1100,922.8,35.078,673.88,525.437,1070.622,286.383,1357.006,6.683,8646.975,0.923,8647.897,129375.345,200,254.561,302.686,17.497,0.011,8.223,3.64,6769.245,378.854,0.928,3755.3,13.8,1502.1,0,0,18.708,29.299,19.69,178.4,Burdekin,AyrDPI,Mulg,1961,Furrow,BareFallow,35,Surf1,200,999,110,SWBased_900_60_30_15_60,P2R,15AprV1R4,T4,2022.8,1625.437,708.958,995.341,25.731,8.234,9.54746323604052,0.114360584993729,10.0121290322581,0.77594,29.341
2007,15/10/2007,288,2006,15-Apr,8,sugar,alive,3,395,2003,15/9/2006,105,0,1,319,2007,20,2040,6787.47,6055.6,5208.88,159.771,3087.55,15785.8,16251.225,6500.491,71.629,20.87,93.3,59.639,59.639,0.923,8646.975,8647.897,129375.345,0.689,12,1320,956.9,145.859,768.493,507.895,1083.252,271.378,1354.63,11.99,8650.25,1.448,8651.698,129507.843,200,256.27,302.746,19.24,0.019,5.6,4.009,6710.191,381.035,0.951,4317.7,15.8,1727.1,0,0,17.775,28.663,19.963,130.2,Burdekin,AyrDPI,Mulg,1961,Furrow,BareFallow,35,Surf1,200,999,110,SWBased_900_60_30_15_60,P2R,15AprV1R4,T4,2276.9,1827.895,914.352,1185.73,24.859,5.619,8.74070994231069,0.117944383337147,9.02661016949152,0.798855,30.876
2008,14/11/2008,319,2007,15-Apr,8,sugar,alive,4,396,2003,15/10/2007,105,0,1,319,2008,20,2040,6992.23,6224.59,5336.92,164.103,3267.95,16553.1,17088.004,6835.202,76.495,21.594,88.5,67.557,67.557,1.448,8650.25,8651.698,129507.843,0.686,12,1320,1306.2,256.664,976.223,582.312,1117.75,278.787,1396.536,8.074,8649.322,1.517,8650.839,129434.061,200,252.638,310.4,28.193,0.113,5.777,5.468,6967.682,383.246,0.942,4067.1,14.9,1626.8,0,0,18.192,29.022,19.643,108.2,Burdekin,AyrDPI,Mulg,1961,Furrow,BareFallow,35,Surf1,200,999,110,SWBased_900_60_30_15_60,P2R,15AprV1R4,T4,2626.2,1902.312,1232.887,1511.674,34.083,5.89,8.62650290804032,0.117507174895599,9.27135593220339,0.820515,32.679
2009,17/04/2009,107,0,15-Apr,8,none,out,-1,0,2003,0.000,107,2,1,321,-1,19,2040,0,0,0,0,0,0,17527.17,7010.867,78.599,0,0,64.336,64.336,1.517,8649.322,8650.839,129434.061,0.684,0,0,1763,213.464,1100.702,565.499,0,301.058,301.058,52.42,8744.256,9.046,8753.303,132350.57,0,0,18.253,1.275,0.128,1.155,0.097,3653.298,384.125,0,0.3,0,0.1,0,0,22.843,31.287,18.416,197.2,Burdekin,AyrDPI,Mulg,1961,Furrow,BareFallow,35,Surf1,200,999,110,SWBased_900_60_30_15_60,P2R,15AprV1R4,T4,1763,565.499,1314.166,1615.224,2.558,1.283,0,0,0,,0
2010,17/07/2010,198,2009,15-Apr,9,sugar,alive,0,456,2009,17/4/2009,107,2,0,320,2010,19,2039,7339.02,6508.99,5746.07,176.11,3295.43,15929.5,0,0,0,20.116,174.2,212.113,212.113,9.046,8744.256,8753.303,132350.57,0.686,16,1760,1076.8,262.355,1219.085,507.482,1172.898,339.947,1512.845,17.999,8600.982,2.191,8603.173,128488.3,200,355.377,386.466,16.153,0.236,17.671,3.652,7255.779,386.745,0.971,5072,18.6,2028.8,0,0,17.917,29.042,18.607,135.2,Burdekin,AyrDPI,Mulg,1961,Furrow,BareFallow,35,Surf1,200,999,110,SWBased_900_60_30_15_60,P2R,15AprV1R4,T4,2836.8,2267.482,1481.44,1821.387,34.06,17.907,7.766765072446,0.11640981065476,7.96877828054299,0.88055,32.954
2011,17/08/2011,229,2010,15-Apr,9,sugar,alive,1,396,2009,17/7/2010,107,2,0,320,2011,19,2039,6660.66,5865.48,5146.56,157.454,2835.8,15141,17851.289,7140.515,87.468,19.253,106.5,54.628,54.628,2.191,8600.982,8603.173,128488.3,0.677,5,550,1470.7,25.335,687.174,927.093,1004.466,309.546,1314.012,11.806,8583.718,1.014,8584.732,128442.66,200,273.998,312.718,17.596,0.01,4.04,3.851,6188.336,389.054,0.948,4213.6,15.4,1685.4,0,0,18.162,28.317,17.469,81.4,Burdekin,AyrDPI,Mulg,1961,Furrow,BareFallow,35,Surf1,200,999,110,SWBased_900_60_30_15_60,P2R,15AprV1R4,T4,2020.7,1477.093,712.509,1022.055,21.646,4.05,10.6597214935011,0.119826911778583,15.7454,0.78727,28.358
2012,16/09/2012,260,2011,15-Apr,9,sugar,alive,2,396,2009,17/8/2011,107,2,0,320,2012,19,2039,6937.31,6218.01,5314.08,163.383,3118.04,16232.3,16451.418,6580.568,82.447,20.574,88.3,48.808,48.808,1.014,8583.718,8584.732,128442.66,0.677,10,1100,1155.4,107.798,739.931,677.844,1097.374,283.62,1380.994,5.338,8591.132,0.98,8592.112,128584.72,200,250.597,298.478,19.173,0.02,6.466,4.007,6519.849,391.394,0.948,4218.9,15.5,1687.6,0,0,17.848,28.672,19.141,197.4,Burdekin,AyrDPI,Mulg,1961,Furrow,BareFallow,35,Surf1,200,999,110,SWBased_900_60_30_15_60,P2R,15AprV1R4,T4,2255.4,1777.844,847.729,1131.349,25.659,6.486,9.18995142430945,0.118308262019965,10.5408387096774,0.816915,31.18
2013,16/10/2013,289,2012,15-Apr,9,sugar,alive,3,395,2009,16/9/2012,107,2,0,320,2013,19,2039,6711.97,5938.42,5160.75,157.572,3103.26,15512.2,17383.551,6953.423,76.755,21.324,93.6,75.486,75.486,0.98,8591.132,8592.112,128584.72,0.677,13,1430,530.8,50.382,571.998,331.905,1094.903,270.437,1365.34,6.614,8599.395,0.998,8600.393,128772.552,200,260.557,301.553,14.314,0.013,3.253,2.977,6866.74,393.777,0.954,4402.7,16.1,1761.1,0,0,18.317,29.434,20.455,178.6,Burdekin,AyrDPI,Mulg,1961,Furrow,BareFallow,35,Surf1,200,999,110,SWBased_900_60_30_15_60,P2R,15AprV1R4,T4,1960.8,1761.905,622.38,892.817,17.58,3.266,8.94327446712507,0.115408616168866,8.38148936170213,0.78786,31.033
2014,16/11/2014,320,2013,15-Apr,9,sugar,alive,4,396,2009,16/10/2013,107,2,0,320,2014,19,2039,7172.9,6409.94,5491.81,169.105,3364.71,16810.9,16927.732,6771.092,74.878,21.574,95.7,48.567,48.567,0.998,8599.395,8600.393,128772.552,0.676,12,1320,733,42.779,558.337,475.66,1142.163,298.885,1441.048,6.071,8598.05,1.201,8599.252,128683.45,200,261.781,310.962,23.87,0.011,2.772,5.014,7111.719,396.198,0.941,4051.4,14.9,1620.6,0,0,18.145,29.123,20.248,86.2,Burdekin,AyrDPI,Mulg,1961,Furrow,BareFallow,35,Surf1,200,999,110,SWBased_900_60_30_15_60,P2R,15AprV1R4,T4,2053,1795.66,601.116,900.001,26.653,2.783,9.41742868917278,0.117348624056936,9.55395480225989,0.845525,33.647
2015,15/04/2015,105,0,15-Apr,9,none,out,-1,0,2009,0.000,105,0,0,320,-1,19,2039,0,0,0,0,0,0,17732.958,7093.183,78.728,0,0,59.404,59.404,1.201,8598.05,8599.252,128683.45,0.674,0,0,344,0.001,149.511,194.488,0,149.448,149.448,6.982,8693.313,12.317,8705.63,131706.213,0,0,12.827,0.071,0,0.084,0.028,3632.489,397.132,0.001,0.9,0,0.3,0,0,22.749,32.703,22.215,83.4,Burdekin,AyrDPI,Mulg,1961,Furrow,BareFallow,35,Surf1,200,999,110,SWBased_900_60_30_15_60,P2R,15AprV1R4,T4,344,194.488,149.512,298.96,0.155,0.084,0,0,0,,0
2016,14/07/2016,196,2015,15-Apr,10,sugar,alive,0,456,2015,15/4/2015,105,0,0,318,2016,21,2039,7725.63,6905.15,6036.25,186.156,3776.1,16893.9,0,0,0,22.05,183.2,104.445,104.445,12.317,8693.313,8705.63,131706.213,0.676,19,2090,505.2,0.002,965.053,389.46,1258.785,376.576,1635.361,20.267,8540.382,2.437,8542.819,127515.295,200,366.972,400.953,17.347,0,18.067,3.972,7625.897,399.981,0.96,4596.5,16.8,1838.6,0,0,18.496,29.812,19.085,43.6,Burdekin,AyrDPI,Mulg,1961,Furrow,BareFallow,35,Surf1,200,999,110,SWBased_900_60_30_15_60,P2R,15AprV1R4,T4,2595.2,2479.46,965.055,1341.631,35.414,18.067,7.50792511272616,0.113831747241129,7.32897637795276,0.93078,37.761
2017,14/08/2017,226,2016,15-Apr,10,sugar,alive,1,396,2015,14/7/2016,105,0,0,318,2017,21,2039,6001.2,5272.1,4553.49,138.626,2512.67,14477.1,18266.812,7306.727,86.246,19.394,104.9,99.232,99.232,2.437,8540.382,8542.819,127515.295,0.667,11,1210,912.2,40.83,796.032,561.511,1018.853,303.317,1322.17,8.752,8526.505,1.207,8527.713,127524.783,200,265.432,307.985,18.19,0.113,8.833,3.901,6202.736,402.497,0.928,3758,13.8,1503.2,0,0,18.713,29.611,17.608,107.8,Burdekin,AyrDPI,Mulg,1961,Furrow,BareFallow,35,Surf1,200,999,110,SWBased_900_60_30_15_60,P2R,15AprV1R4,T4,2122.2,1771.511,836.862,1140.179,27.136,8.946,7.82529716157563,0.104847334306481,8.35096385542169,0.69313,25.127
2018,14/09/2018,257,2017,15-Apr,10,sugar,alive,2,396,2015,14/8/2017,105,0,0,318,2018,21,2039,5963.09,5250.08,4527.79,137.719,2580.27,14353,15499.853,6199.941,76.761,20.145,90,62.4,62.4,1.207,8526.505,8527.713,127524.783,0.667,12,1320,718.7,115.046,641.57,423.93,1010.512,276.27,1286.782,4.85,8526.284,1.07,8527.353,127540.384,200,241.993,301.99,31.755,0.072,6.435,6.29,6276.922,405.05,0.93,3797.4,13.9,1519,0,0,17.808,29.585,18.303,130.4,Burdekin,AyrDPI,Mulg,1961,Furrow,BareFallow,35,Surf1,200,999,110,SWBased_900_60_30_15_60,P2R,15AprV1R4,T4,2038.7,1743.93,756.616,1032.886,38.262,6.507,7.89704862007076,0.107025898714778,7.78073446327684,0.688595,25.803
2019,14/10/2019,287,2018,15-Apr,10,sugar,alive,3,395,2015,14/9/2018,105,0,0,318,2019,21,2039,5653.61,4975.22,4281.18,129.881,2401.84,13724.3,15427.859,6171.144,74.205,19.846,90.5,57.703,57.703,1.07,8526.284,8527.353,127540.384,0.666,10,1100,1183,218.3,855.307,601.425,945.474,274.859,1220.333,13.806,8521.088,0.973,8522.061,127485.873,200,252.372,301.916,27.306,0.07,4.08,5.399,6284.175,407.641,0.932,3836.7,14.1,1534.7,0,0,18.354,29.528,17.422,92.8,Burdekin,AyrDPI,Mulg,1961,Furrow,BareFallow,35,Surf1,200,999,110,SWBased_900_60_30_15_60,P2R,15AprV1R4,T4,2283,1701.425,1073.607,1348.466,31.456,4.15,7.63366002027712,0.10643078569538,8.37941935483871,0.649405,24.018
2020,13/11/2020,318,2019,15-Apr,10,sugar,alive,4,396,2015,14/10/2019,105,0,0,318,2020,21,2039,6345.12,5595.04,4830.9,147.064,2785.61,15142.2,14926.831,5970.733,81.266,20.398,93.5,46.764,46.764,0.973,8521.088,8522.061,127485.873,0.664,12,1320,1074.7,77.006,975.75,473.412,1063.603,269.776,1333.379,7.4,8513.941,1.206,8515.146,127364.976,200,256.381,306.654,23.669,0.026,8.201,4.817,6396.83,410.264,0.95,4278.8,15.7,1711.5,0,0,18.85,29.943,18.904,327.8,Burdekin,AyrDPI,Mulg,1961,Furrow,BareFallow,35,Surf1,200,999,110,SWBased_900_60_30_15_60,P2R,15AprV1R4,T4,2394.7,1793.412,1052.756,1322.532,31.896,8.227,8.20023508262463,0.110294222422882,8.30870056497175,0.73532,27.856
2021,15/04/2021,105,0,15-Apr,10,none,out,-1,0,2015,0.000,105,0,0,318,-1,21,2039,0,0,0,0,0,0,16507.849,6603.139,83.149,0,0,55.329,55.329,1.206,8513.941,8515.146,127364.976,0.662,0,0,902,42.994,522.889,363.956,0,238.06,238.06,24.69,8605.442,7.853,8613.295,130099.677,0,0,11.804,0.49,0.042,0.587,0.049,3178.424,411.3,0,0.4,0,0.1,0,0,22.604,31.422,17.953,132.4,Burdekin,AyrDPI,Mulg,1961,Furrow,BareFallow,35,Surf1,200,999,110,SWBased_900_60_30_15_60,P2R,15AprV1R4,T4,902,363.956,565.883,803.943,1.119,0.629,0,0,0,,0
1957,15/04/1957,105,0,15-Apr,0,none,out,-1,0,-1,0.000,105,0,0,318,-1,21,2039,0,0,0,0,0,0,0,0,0,0,0,0,0,0,0,0,0,0.89,0,0,534.4,0,252.969,281.431,0,194.312,194.312,11.636,9502.409,36.307,9538.716,141769.939,0,0,38.366,4.39,0,0.953,0.776,1052.464,350,0.001,1,0,0.4,0,0,21.346,30.448,18.588,77.7,Burdekin,AyrDPI,Mulg,1957,Furrow,BareFallow,35,Surf1,200,999,110,SWBased_900_60_30_15_60,P2R,15AprV1R4,T4,534.4,281.431,252.969,447.281,5.343,0.953,0,0,0,,0
1958,15/07/1958,196,1957,15-Apr,1,sugar,alive,0,456,1957,15/4/1957,105,0,0,318,1958,21,2039,6672.41,5940.01,5163.74,158.701,2998.97,15086.7,0,0,0,20.343,144.7,116.669,116.669,36.307,9502.409,9538.716,141769.939,0.884,15,1650,1061.7,151.84,1151.794,555.929,1101.847,358.919,1460.766,18.284,9416.224,0.814,9417.039,141160.791,200,307.752,321.512,29.934,0,17.324,6.353,3438.228,350,0.966,4810.4,17.6,1924.1,0,0,17.416,28.757,18.932,136.1,Burdekin,AyrDPI,Mulg,1957,Furrow,BareFallow,35,Surf1,200,999,110,SWBased_900_60_30_15_60,P2R,15AprV1R4,T4,2711.7,2205.929,1303.634,1662.553,47.258,17.324,7.19429319801317,0.108642315059359,7.55719047619048,0.793505,29.99
1959,15/08/1959,227,1958,15-Apr,1,sugar,alive,1,396,1957,15/7/1958,105,0,0,318,1959,21,2039,6065.46,5327.58,4590.83,139.663,2454.81,14746.3,16912.532,6765.013,85.415,18.719,85.6,63.969,63.969,0.814,9416.224,9417.039,141160.791,0.868,10,1100,875.3,0.003,697.128,548.636,991.029,292.42,1283.449,8.363,9421.576,0.837,9422.413,142022.853,200,241.535,285.444,17.695,0,7.378,3.856,4905.854,350,0.943,4098,15,1639.2,0,0,16.869,28.466,19.548,162.8,Burdekin,AyrDPI,Mulg,1957,Furrow,BareFallow,35,Surf1,200,999,110,SWBased_900_60_30_15_60,P2R,15AprV1R4,T4,1975.3,1648.636,697.131,989.551,25.073,7.378,8.47142728898314,0.108818503890688,9.01051612903226,0.698315,24.548
1960,14/09/1960,258,1959,15-Apr,1,sugar,alive,2,396,1957,15/8/1959,105,0,0,318,1960,21,2039,6882.75,6147.27,5240.54,160.84,2953.58,16422.1,16017.659,6407.063,75.842,19.687,92.9,58.691,58.691,0.837,9421.576,9422.413,142022.853,0.866,10,1100,1107.6,57.888,772.381,576.598,1097.118,279.823,1376.941,7.181,9408.586,0.925,9409.511,142855.039,200,262.123,310.664,24.487,0,4.365,4.965,5475.211,350,0.955,4442.7,16.3,1777.1,0,0,17.494,28.356,20.039,210.1,Burdekin,AyrDPI,Mulg,1957,Furrow,BareFallow,35,Surf1,200,999,110,SWBased_900_60_30_15_60,P2R,15AprV1R4,T4,2207.6,1676.598,830.269,1110.092,28.852,4.365,9.5932358263579,0.116809652701169,10.3767741935484,0.8042,29.536
1961,14/10/1961,287,1960,15-Apr,1,sugar,alive,3,395,1957,14/9/1960,105,0,0,318,1961,21,2039,6280.64,5586.26,4769.26,146.079,2937.35,15113.8,17735.094,7094.039,81.354,21.833,94.9,59.083,59.083,0.925,9408.586,9409.511,142855.039,0.859,13,1430,490.9,17.541,525.731,345.278,1093.296,292.717,1386.013,4.663,9397.661,1.195,9398.856,143784.231,200,266.519,315.13,21.599,0,5.364,4.492,5766.774,350,0.938,3965.8,14.6,1586.3,0,0,16.939,29.173,21.112,63.2,Burdekin,AyrDPI,Mulg,1957,Furrow,BareFallow,35,Surf1,200,999,110,SWBased_900_60_30_15_60,P2R,15AprV1R4,T4,1920.9,1775.278,543.272,835.989,26.963,5.364,8.22851406934576,0.105395115341631,7.77015957446809,0.730395,29.374
1962,14/11/1962,318,1961,15-Apr,1,sugar,alive,4,396,1957,14/10/1961,105,0,0,318,1962,21,2039,6566.91,5796.77,4989.49,152.525,2936.49,15774.2,16217.662,6487.065,81.304,20.781,109.6,50.7,50.7,1.195,9397.661,9398.856,143784.231,0.853,12,1320,942.7,70.302,716.66,564.192,1154.735,312.681,1467.416,12.028,9365.298,1.578,9366.876,144426.585,200,285.25,335.797,27.263,0,4.113,5.612,5975.728,350,0.938,3961.2,14.5,1584.5,0,0,17.883,29.608,20.496,102.1,Burdekin,AyrDPI,Mulg,1957,Furrow,BareFallow,35,Surf1,200,999,110,SWBased_900_60_30_15_60,P2R,15AprV1R4,T4,2262.7,1884.192,786.962,1099.643,31.376,4.113,8.09498182775428,0.103941213670834,8.61723163841808,0.762625,29.365
1963,15/04/1963,105,0,15-Apr,1,none,out,-1,0,1957,0.000,105,0,0,318,-1,21,2039,0,0,0,0,0,0,16775.061,6710.025,88.356,0,0,59.022,59.022,1.578,9365.298,9366.876,144426.585,0.844,0,0,1086.4,58.03,538.04,527.471,0,315.534,315.534,25.861,9450.082,17.995,9468.076,147040.974,0,0,29.875,5.442,0.001,2.606,0.636,3575.605,350,0,0.2,0,0.1,0,0,22.247,31.071,18.839,91.9,Burdekin,AyrDPI,Mulg,1957,Furrow,BareFallow,35,Surf1,200,999,110,SWBased_900_60_30_15_60,P2R,15AprV1R4,T4,1086.4,527.471,596.07,911.604,8.049,2.607,0,0,0,,0
1964,14/07/1964,196,1963,15-Apr,2,sugar,alive,0,456,1963,15/4/1963,105,0,0,318,1964,21,2039,6898.28,6132.02,5347.7,164.057,3055.65,15505.8,0,0,0,20.009,175.5,233.817,233.817,17.995,9450.082,9468.076,147040.974,0.843,16,1760,620,145.391,860.097,455.4,1191.684,345.276,1536.959,17.992,9297.06,2.174,9299.234,144835.072,200,359.144,394.523,30.147,0.002,16.941,6.315,5447.663,350,0.956,4457.8,16.3,1783.1,0,0,16.75,28.855,19.018,92.7,Burdekin,AyrDPI,Mulg,1957,Furrow,BareFallow,35,Surf1,200,999,110,SWBased_900_60_30_15_60,P2R,15AprV1R4,T4,2380,2215.4,1005.488,1350.764,47.09,16.943,7.40529926875508,0.10674129888956,7.42339366515837,0.820285,30.556
1965,14/08/1965,226,1964,15-Apr,2,sugar,alive,1,396,1963,14/7/1964,105,0,0,318,1965,21,2039,5757.42,5063.05,4298.03,130.254,2443.21,14593.9,16969.021,6787.608,89.352,20.172,98.8,71.371,71.371,2.174,9297.06,9299.234,144835.072,0.826,13,1430,830.4,75.044,860.299,491.69,1011.799,322.525,1334.323,8.321,9272.625,1.218,9273.844,145291.238,200,268.34,312.487,18.442,0,13.028,4.041,5328.284,350,0.944,4109,15.1,1643.6,0,0,17.025,29.153,19.583,107.4,Burdekin,AyrDPI,Mulg,1957,Furrow,BareFallow,35,Surf1,200,999,110,SWBased_900_60_30_15_60,P2R,15AprV1R4,T4,2260.4,1921.69,935.343,1257.868,31.47,13.028,6.77809636309707,0.0976180430075776,6.92840425531915,0.65127,24.432
1966,14/09/1966,257,1965,15-Apr,2,sugar,alive,2,396,1963,14/8/1965,105,0,0,318,1966,21,2039,6249.39,5536.35,4677.96,142.457,2656.37,15714.3,15897.458,6358.984,89.2,20.036,99.7,62.105,62.105,1.218,9272.625,9273.844,145291.238,0.821,13,1430,392.1,26.847,481.235,342.498,1031.799,283.067,1314.866,3.67,9259.576,1.046,9260.622,146040.945,200,267.954,313.009,22.734,0.001,4.199,4.67,5580.523,350,0.934,3873.8,14.2,1549.5,0,0,17.613,28.709,19.595,102.9,Burdekin,AyrDPI,Mulg,1957,Furrow,BareFallow,35,Surf1,200,999,110,SWBased_900_60_30_15_60,P2R,15AprV1R4,T4,1822.1,1772.498,508.082,791.149,26.934,4.2,8.03707535918235,0.108343359703574,7.5775,0.712285,26.564
1967,14/10/1967,287,1966,15-Apr,2,sugar,alive,3,395,1963,14/9/1966,105,0,0,318,1967,21,2039,6012.95,5327.73,4586.4,140.093,2579.21,14265.5,16649.911,6659.965,83.685,19.745,97.7,61.258,61.258,1.046,9259.576,9260.622,146040.945,0.816,10,1100,809.7,29.838,612.908,462.877,986.636,292.848,1279.483,7.964,9248.955,1.236,9250.191,146945.219,200,259.714,308.753,27.6,0,4.001,5.571,5419.773,350,0.946,4157,15.3,1662.8,0,0,17.992,28.818,20.041,154.9,Burdekin,AyrDPI,Mulg,1957,Furrow,BareFallow,35,Surf1,200,999,110,SWBased_900_60_30_15_60,P2R,15AprV1R4,T4,1909.7,1562.877,642.746,935.594,31.601,4.001,8.96378921693774,0.109491880704941,9.03825806451613,0.700465,25.792
1968,13/11/1968,318,1967,15-Apr,2,sugar,alive,4,396,1963,14/10/1967,105,0,0,318,1968,21,2039,6405.88,5658.37,4927.79,150.623,2878.75,14780.9,15659.156,6263.662,79.615,20.608,102.1,48.729,48.729,1.236,9248.955,9250.191,146945.219,0.811,11,1210,1461.8,183.648,1134.032,633.722,1028.884,330.207,1359.092,7.004,9228.892,1.082,9229.974,147729.859,200,269.195,316.933,25.655,0.001,7.763,5.37,5619.518,350,0.947,4198.1,15.4,1679.2,0,0,18.116,28.915,20.428,187.9,Burdekin,AyrDPI,Mulg,1957,Furrow,BareFallow,35,Surf1,200,999,110,SWBased_900_60_30_15_60,P2R,15AprV1R4,T4,2671.8,1843.722,1317.68,1647.887,33.419,7.764,8.16950711658265,0.110826198667934,9.07367469879518,0.753115,28.788
1969,15/04/1969,105,0,15-Apr,2,none,out,-1,0,1963,0.000,105,0,0,318,-1,21,2039,0,0,0,0,0,0,16132.101,6452.84,84.447,0,0,43.758,43.758,1.082,9228.892,9229.974,147729.859,0.804,0,0,145.4,0.001,5.843,139.557,0,125.981,125.981,0.272,9333.677,0.286,9333.963,152901.338,0,0,0.536,0.001,0,0.002,0.001,799.927,350,0.001,1.1,0,0.4,0,0,21.46,32.39,21.894,46.5,Burdekin,AyrDPI,Mulg,1957,Furrow,BareFallow,35,Surf1,200,999,110,SWBased_900_60_30_15_60,P2R,15AprV1R4,T4,145.4,139.557,5.844,131.825,0.003,0.002,0,0,0,,0
1970,15/07/1970,196,1969,15-Apr,3,sugar,alive,0,456,1969,15/4/1969,105,0,0,318,1970,21,2039,6770.37,6019.85,5248.59,161.359,3171.92,15217.8,0,0,0,21.279,147.5,57.334,57.334,0.286,9333.677,9333.963,152901.338,0.804,19,2090,660,0.002,1176.045,382.622,1148.256,425.072,1573.329,25.979,9231.313,2.156,9233.469,148642.319,200,307.618,352.673,13.297,0,17.053,3.024,7529.108,350,0.929,3779.7,13.8,1511.9,0,0,17.51,29.042,19.564,133.6,Burdekin,AyrDPI,Mulg,1957,Furrow,BareFallow,35,Surf1,200,999,110,SWBased_900_60_30_15_60,P2R,15AprV1R4,T4,2750,2472.622,1176.047,1601.119,30.35,17.053,6.52582562154668,0.102558968912414,6.35271653543307,0.806795,31.719
1971,15/08/1971,227,1970,15-Apr,3,sugar,alive,1,396,1969,15/7/1970,105,0,0,318,1971,21,2039,6331.59,5602.37,4777.76,145.678,2632.72,15538.3,16147.832,6459.132,77.918,19.329,107.8,57.961,57.961,2.156,9231.313,9233.469,148642.319,0.797,9,990,1175,8.245,774.203,739.295,1064.853,310.323,1375.176,8.904,9194.058,1.426,9195.484,148736.026,200,283.779,325.702,22.279,0,5.385,4.753,5881.304,350,0.935,3914.1,14.3,1565.6,0,0,17.251,28.573,19.344,220,Burdekin,AyrDPI,Mulg,1957,Furrow,BareFallow,35,Surf1,200,999,110,SWBased_900_60_30_15_60,P2R,15AprV1R4,T4,2165,1729.295,782.448,1092.771,27.664,5.385,8.42412659494187,0.105934076801806,10.1165277777778,0.72839,26.327
1972,14/09/1972,258,1971,15-Apr,3,sugar,alive,2,396,1969,15/8/1971,105,0,0,318,1972,21,2039,6091.34,5460.15,4564.91,140.056,2594.39,15264.3,16534.561,6613.825,84.729,19.884,94.5,65.337,65.337,1.426,9194.058,9195.484,148736.026,0.792,12,1320,1435.2,249.986,1134.669,532.547,1064.915,304.64,1369.555,14.981,9184.033,1.201,9185.233,149277.849,200,255.158,305.648,28.872,0.004,6.921,5.784,5830.756,350,0.912,3473.8,12.7,1389.5,0,0,16.759,28.732,19.826,206.2,Burdekin,AyrDPI,Mulg,1957,Furrow,BareFallow,35,Surf1,200,999,110,SWBased_900_60_30_15_60,P2R,15AprV1R4,T4,2755.2,1852.547,1384.655,1689.295,35.797,6.925,7.56018605735779,0.102263874032076,7.91276836158192,0.70028,25.944
1973,14/10/1973,287,1972,15-Apr,3,sugar,alive,3,395,1969,14/9/1972,105,0,0,318,1973,21,2039,6540,5826.28,4920.15,150.581,2685.11,16198.5,15927.377,6370.952,77.593,19.033,101.1,66.326,66.326,1.201,9184.033,9185.233,149277.849,0.788,11,1210,1125.6,210.369,758.304,595.502,1071.85,280.262,1352.112,11.157,9173.1,1.684,9174.784,149828.03,200,266.959,313.077,23.204,0.003,3.813,4.717,6103.727,350,0.922,3635.4,13.3,1454.1,0,0,18.389,29.085,19.8,108.5,Burdekin,AyrDPI,Mulg,1957,Furrow,BareFallow,35,Surf1,200,999,110,SWBased_900_60_30_15_60,P2R,15AprV1R4,T4,2335.6,1805.502,968.673,1248.935,27.02,3.816,8.34011814996605,0.111367253600293,9.07114457831325,0.752905,26.851
1974,14/11/1974,318,1973,15-Apr,3,sugar,alive,4,396,1969,14/10/1973,105,0,0,318,1974,21,2039,6107.2,5499.48,4618.87,143.355,2785.22,14883.3,16858.756,6743.503,79.422,20.997,78.3,81.143,81.143,1.684,9173.1,9174.784,149828.03,0.783,9,990,1952.2,536.289,1120.533,733.898,957.825,340.742,1298.567,4.594,9166.739,1.782,9168.521,149795.79,200,214.392,313.982,60.522,0.124,11.064,11.428,6328.648,350,0.856,2764.7,10.1,1105.9,0,0,17.922,28.466,18.8,152.9,Burdekin,AyrDPI,Mulg,1957,Furrow,BareFallow,35,Surf1,200,999,110,SWBased_900_60_30_15_60,P2R,15AprV1R4,T4,2942.2,1723.898,1656.822,1997.564,71.71,11.188,8.31574721938305,0.110394765922744,9.95520833333333,0.716775,27.852
1975,15/04/1975,105,0,15-Apr,3,none,out,-1,0,1969,0.000,105,0,0,318,-1,21,2039,0,0,0,0,0,0,15000.807,6000.323,65.336,0,0,67.955,67.955,1.782,9166.739,9168.521,149795.79,0.776,0,0,630.3,3.545,224.302,404.838,0,296.867,296.867,10.692,9247.822,14.465,9262.286,151988.35,0,0,18.926,1.266,0.001,0.627,0.129,3677.017,350,0,0.3,0,0.1,0,0,21.936,30.98,21.26,65,Burdekin,AyrDPI,Mulg,1957,Furrow,BareFallow,35,Surf1,200,999,110,SWBased_900_60_30_15_60,P2R,15AprV1R4,T4,630.3,404.838,227.847,524.714,1.894,0.628,0,0,0,,0
1976,14/07/1976,196,1975,15-Apr,4,sugar,alive,0,456,1975,15/4/1975,105,0,0,318,1976,21,2039,7722.58,6874.91,5988.46,183.962,3342.89,17341.2,0,0,0,19.451,158.7,173.541,173.541,14.465,9247.822,9262.286,151988.35,0.777,11,1210,2004.7,308.942,1508.397,895.349,1176.547,328.926,1505.473,28.564,9117.987,1.723,9119.71,148550.497,200,346.68,370.397,18.084,0.012,16.784,4.113,6785.564,350,0.976,5315.1,19.5,2126,0,0,17.666,28.095,18.294,179.8,Burdekin,AyrDPI,Mulg,1957,Furrow,BareFallow,35,Surf1,200,999,110,SWBased_900_60_30_15_60,P2R,15AprV1R4,T4,3214.7,2105.349,1817.339,2146.265,34.88,16.796,8.73783871462641,0.122195482748611,11.0820481927711,0.91981,33.429
1977,14/08/1977,226,1976,15-Apr,4,sugar,alive,1,396,1975,14/7/1976,105,0,0,318,1977,21,2039,6060.1,5289.5,4578.65,138.263,2368.73,14814.5,19257.858,7703.143,98.202,18.172,91.2,65.43,65.43,1.723,9117.987,9119.71,148550.497,0.763,10,1100,1376.6,82.485,1141.01,607.305,963.206,298.696,1261.902,16.035,9115.02,1.136,9116.156,147791.179,200,263.264,302.364,12.454,0.002,6.96,2.826,7136.168,350,0.958,4541.9,16.6,1816.8,0,0,17.488,28.286,19.446,170.6,Burdekin,AyrDPI,Mulg,1957,Furrow,BareFallow,35,Surf1,200,999,110,SWBased_900_60_30_15_60,P2R,15AprV1R4,T4,2476.6,1707.305,1223.495,1522.191,19.416,6.962,8.09831869525363,0.109567145467715,8.9201935483871,0.691315,23.687
1978,14/09/1978,257,1977,15-Apr,4,sugar,alive,2,396,1975,14/8/1977,105,0,0,318,1978,21,2039,7072.31,6351.62,5401.05,166.412,3164.24,16712.6,16452.946,6581.179,81.422,20.488,100.1,56.635,56.635,1.136,9115.02,9116.156,147791.179,0.762,11,1210,956.1,40.089,661.625,622.799,1109.132,289.749,1398.881,8.017,9108.58,1.421,9110.001,146772.418,200,263.358,310.608,22.132,0.004,4.54,4.558,7715.703,350,0.934,3875.2,14.2,1550.1,0,0,17.622,28.221,20.415,150.6,Burdekin,AyrDPI,Mulg,1957,Furrow,BareFallow,35,Surf1,200,999,110,SWBased_900_60_30_15_60,P2R,15AprV1R4,T4,2166.1,1832.799,701.714,991.463,26.676,4.544,9.07966449130538,0.118960797952077,10.0248192771084,0.83206,31.642
1979,14/10/1979,287,1978,15-Apr,4,sugar,alive,3,395,1975,14/9/1978,105,0,0,318,1979,21,2039,6598.23,5913.94,4956.76,152.417,2813.53,16414.7,17499.689,6999.875,75.808,19.805,95.7,122.141,122.141,1.421,9108.58,9110.001,146772.418,0.76,9,990,1484.7,140.139,1068.723,675.785,1036.963,285.33,1322.293,20.906,9101.026,1.411,9102.436,145697.352,200,266.853,310.604,18.795,0.008,6.631,3.856,7989.705,350,0.927,3736.8,13.7,1494.7,0,0,18.01,28.393,19.377,350.7,Burdekin,AyrDPI,Mulg,1957,Furrow,BareFallow,35,Surf1,200,999,110,SWBased_900_60_30_15_60,P2R,15AprV1R4,T4,2474.7,1665.785,1208.862,1494.192,25.434,6.639,9.14986027608605,0.115267191159599,10.5845138888889,0.762085,28.135
1980,13/11/1980,318,1979,15-Apr,4,sugar,alive,4,396,1975,14/10/1979,105,0,0,318,1980,21,2039,6845.23,6101.66,5205.26,159.67,3065.65,16399.7,17128.741,6851.496,79.65,20.716,109.2,65.686,65.686,1.411,9101.026,9102.436,145697.352,0.756,12,1320,768.9,105.887,631.954,451.103,1082.932,280.35,1363.282,4.675,9073.752,2.026,9075.778,144229.492,200,279.923,333.616,29.906,0.032,3.844,5.801,8368.587,350,0.953,4357.8,16,1743.1,0,0,18.675,29.043,20.995,86.4,Burdekin,AyrDPI,Mulg,1957,Furrow,BareFallow,35,Surf1,200,999,110,SWBased_900_60_30_15_60,P2R,15AprV1R4,T4,2088.9,1771.103,737.841,1018.191,33.782,3.876,9.01528595457181,0.117121769377135,9.02090395480226,0.79835,30.657
1981,15/04/1981,105,0,15-Apr,4,none,out,-1,0,1975,0.000,105,0,0,318,-1,21,2039,0,0,0,0,0,0,17643.857,7057.542,81.42,0,0,53.466,53.466,2.026,9073.752,9075.778,144229.492,0.751,0,0,929,147.048,379.171,488.287,0,301.734,301.734,17.977,9173.83,12.284,9186.114,146984.579,0,0,15.56,0.83,0.044,0.334,0.069,3744.934,350,0,0.4,0,0.1,0,0,21.829,30.388,19.918,102.2,Burdekin,AyrDPI,Mulg,1957,Furrow,BareFallow,35,Surf1,200,999,110,SWBased_900_60_30_15_60,P2R,15AprV1R4,T4,929,488.287,526.219,827.953,1.208,0.378,0,0,0,,0
1982,15/07/1982,196,1981,15-Apr,5,sugar,alive,0,456,1981,15/4/1981,105,0,0,318,1982,21,2039,7015.83,6237,5437.03,166.934,3333.48,15788,0,0,0,21.662,187,154.513,154.513,12.284,9173.83,9186.114,146984.579,0.753,15,1650,774.6,41.222,940.254,508.9,1158.031,382.504,1540.535,21.669,8998.539,1.942,9000.481,142629.376,200,376.171,421.39,25.064,0.031,22.283,5.497,7656.053,350,0.949,4261.5,15.6,1704.6,0,0,17.319,28.644,18.818,104.8,Burdekin,AyrDPI,Mulg,1957,Furrow,BareFallow,35,Surf1,200,999,110,SWBased_900_60_30_15_60,P2R,15AprV1R4,T4,2424.6,2158.9,981.476,1363.98,47.378,22.314,7.73236370373801,0.108361056386255,7.9492380952381,0.83467,33.335
1983,15/08/1983,227,1982,15-Apr,5,sugar,alive,1,396,1981,15/7/1982,105,0,0,318,1983,21,2039,5903.76,5181.62,4459.97,135.53,2463.4,14437.9,17042.108,6816.845,89.297,19.456,113.6,57.104,57.104,1.942,8998.539,9000.481,142629.376,0.742,12,1320,635.3,0.001,701.848,411.199,942.919,316.079,1258.999,10.166,8975.12,1.109,8976.229,142303.105,200,276.277,317.358,15.913,0,9.288,3.574,6304.923,350,0.923,3670.5,13.5,1468.2,0,0,17.679,28.512,19.609,95.4,Burdekin,AyrDPI,Mulg,1957,Furrow,BareFallow,35,Surf1,200,999,110,SWBased_900_60_30_15_60,P2R,15AprV1R4,T4,1955.3,1731.199,701.849,1017.928,25.201,9.288,7.82867827442137,0.107649013223998,7.65706214689266,0.67765,24.634
1984,14/09/1984,258,1983,15-Apr,5,sugar,alive,2,396,1981,15/8/1983,105,0,0,318,1984,21,2039,6568.19,5858.22,4964.49,152.087,2760.29,16037,15392.187,6156.875,82.498,19.424,103.5,51.557,51.557,1.109,8975.12,8976.229,142303.105,0.74,12,1320,591.2,38.113,481.102,443.349,1080.159,284.891,1365.049,4.777,8956.015,1.641,8957.655,142002.535,200,268.608,317.239,25.307,0.008,5.985,5.202,6600.827,350,0.942,4061,14.9,1624.4,0,0,17.66,28.64,19.333,75.6,Burdekin,AyrDPI,Mulg,1957,Furrow,BareFallow,35,Surf1,200,999,110,SWBased_900_60_30_15_60,P2R,15AprV1R4,T4,1911.2,1763.349,519.215,804.106,31.3,5.993,8.62489501511045,0.1114150481045,8.59248587570622,0.760435,27.603
1985,14/10/1985,287,1984,15-Apr,5,sugar,alive,3,395,1981,14/9/1984,105,0,0,318,1985,21,2039,6290.65,5594.1,4807.71,147.231,2717.71,14829.4,17083.314,6833.326,82.392,19.804,99,78.494,78.494,1.641,8956.015,8957.655,142002.535,0.736,10,1100,788.1,28.587,539.844,551.131,1048.287,301.286,1349.572,4.427,8945.552,1.086,8946.637,141867.907,200,265.531,309.941,23.762,0.01,4.505,4.93,6688.47,350,0.943,4103.5,15.1,1641.4,0,0,17.489,28.667,19.694,111.4,Burdekin,AyrDPI,Mulg,1957,Furrow,BareFallow,35,Surf1,200,999,110,SWBased_900_60_30_15_60,P2R,15AprV1R4,T4,1888.1,1651.131,568.431,869.717,28.277,4.515,8.9169787254918,0.109094587024627,9.49877419354839,0.736155,27.177
1986,14/11/1986,318,1985,15-Apr,5,sugar,alive,4,396,1981,14/10/1985,105,0,0,318,1986,21,2039,6287.11,5611.47,4714.36,144.89,2768.4,15727.5,16092.939,6437.176,80.867,20.602,100.7,48.592,48.592,1.086,8945.552,8946.637,141867.907,0.733,11,1210,879.6,119.093,582.541,633.644,1045.247,317.012,1362.258,5.055,8925.104,1.841,8926.945,141316.738,200,257.288,321.567,36.822,0.044,9.019,7.297,7112.057,350,0.877,2996,11,1198.4,0,0,18.869,29.426,18.897,117.8,Burdekin,AyrDPI,Mulg,1957,Furrow,BareFallow,35,Surf1,200,999,110,SWBased_900_60_30_15_60,P2R,15AprV1R4,T4,2089.6,1843.644,701.634,1018.646,45.885,9.063,7.85889249768393,0.106360175532094,8.72831325301205,0.72445,27.684
1987,15/04/1987,105,0,15-Apr,5,none,out,-1,0,1981,0.000,105,0,0,318,-1,21,2039,0,0,0,0,0,0,15914.949,6365.979,75.428,0,0,74.3,74.3,1.841,8925.104,8926.945,141316.738,0.728,0,0,212.7,0.001,32.782,179.918,0,178.209,178.209,1.552,9027.9,2.815,9030.715,145121.382,0,0,3.324,0.01,0,0.012,0.007,2228.957,350,0,0.7,0,0.3,0,0,21.95,32.242,21.983,44,Burdekin,AyrDPI,Mulg,1957,Furrow,BareFallow,35,Surf1,200,999,110,SWBased_900_60_30_15_60,P2R,15AprV1R4,T4,212.7,179.918,32.783,210.992,0.022,0.012,0,0,0,,0
1988,14/07/1988,196,1987,15-Apr,6,sugar,alive,0,456,1987,15/4/1987,105,0,0,318,1988,21,2039,7124.31,6374.39,5514.25,169.916,3411.83,16100.6,0,0,0,21.798,163.9,76.01,76.01,2.815,9027.9,9030.715,145121.382,0.729,18,1980,1008.5,0.053,1396.118,508.138,1171.683,398.179,1569.862,26.104,8896.476,2.313,8898.789,139935.393,200,335.422,378.989,16.667,0,17.249,3.772,8437.012,350,0.948,4226.4,15.5,1690.5,0,0,17.995,29.116,18.802,254,Burdekin,AyrDPI,Mulg,1957,Furrow,BareFallow,35,Surf1,200,999,110,SWBased_900_60_30_15_60,P2R,15AprV1R4,T4,2988.5,2488.138,1396.171,1794.35,33.916,17.249,6.82904244057203,0.10823626535326,6.99242798353909,0.84958,34.118
1989,14/08/1989,226,1988,15-Apr,6,sugar,alive,1,396,1987,14/7/1988,105,0,0,318,1989,21,2039,6326.12,5596.41,4782.11,145.933,2502.42,15440,17277.912,6911.164,82.37,18.192,100.4,98.478,98.478,2.313,8896.476,8898.789,139935.393,0.721,8,880,1383.4,48.021,913.387,801.141,1037.569,297.68,1335.249,11.297,8875.733,1.122,8876.855,139169.808,200,268.314,310.687,15.26,0.011,13.944,3.385,6866.649,350,0.933,3851.7,14.1,1540.7,0,0,17.87,28.468,18.868,134.8,Burdekin,AyrDPI,Mulg,1957,Furrow,BareFallow,35,Surf1,200,999,110,SWBased_900_60_30_15_60,P2R,15AprV1R4,T4,2263.4,1681.141,961.408,1259.088,29.215,13.955,8.68059252614742,0.109292723679254,10.9724060150376,0.729665,25.024
1990,14/09/1990,257,1989,15-Apr,6,sugar,alive,2,396,1987,14/8/1989,105,0,0,318,1990,21,2039,6252,5556.61,4760.45,145.661,2716.63,14915.4,16397.975,6559.19,82.699,20.04,94.1,65.223,65.223,1.122,8875.733,8876.855,139169.808,0.72,11,1210,1288.6,195.752,962.288,630.621,1040.894,302.493,1343.387,6.258,8870.035,1.086,8871.121,138559.795,200,257.384,302.108,24.307,0.066,3.75,4.922,6905.231,350.712,0.944,4107.3,15.1,1642.9,0,0,17.279,28.597,19.939,103,Burdekin,AyrDPI,Mulg,1957,Furrow,BareFallow,35,Surf1,200,999,110,SWBased_900_60_30_15_60,P2R,15AprV1R4,T4,2498.6,1840.621,1158.04,1460.533,28.123,3.816,7.91368782601089,0.108428174457546,8.77475903614458,0.728305,27.166
1991,14/10/1991,287,1990,15-Apr,6,sugar,alive,3,395,1987,14/9/1990,105,0,0,318,1991,21,2039,6299.7,5568.1,4754.77,144.906,2848.06,15449.3,16169.331,6467.734,79.465,21.275,92.9,62.396,62.396,1.086,8870.035,8871.121,138559.795,0.717,13,1430,1680.4,421.883,1397.136,367.519,1044.807,258.892,1303.699,12.39,8868.486,1.211,8869.697,137855.208,200,256.955,303.834,19.961,0.102,6.666,4.134,7208.845,352.383,0.945,4134.1,15.2,1653.6,0,0,17.386,28.895,19.58,204.4,Burdekin,AyrDPI,Mulg,1957,Furrow,BareFallow,35,Surf1,200,999,110,SWBased_900_60_30_15_60,P2R,15AprV1R4,T4,3110.4,1797.519,1819.019,2077.911,26.729,6.768,8.06144469126613,0.111149889660113,7.70776595744681,0.72453,28.481
1992,13/11/1992,318,1991,15-Apr,6,sugar,alive,4,396,1987,14/10/1991,105,0,0,318,1992,21,2039,6669.77,5900.84,5125.08,156.685,3125.28,15446.9,16645.886,6658.354,80.376,21.634,105,50.078,50.078,1.211,8868.486,8869.697,137855.208,0.715,12,1320,659.3,2.753,558.265,469.913,1107.483,312.34,1419.823,4.587,8850.822,1.181,8852.003,136746.234,200,272.746,324.89,22.022,0.003,7.81,4.563,7831.513,354.083,0.95,4278.3,15.7,1711.3,0,0,18.342,29.501,20.919,122.8,Burdekin,AyrDPI,Mulg,1957,Furrow,BareFallow,35,Surf1,200,999,110,SWBased_900_60_30_15_60,P2R,15AprV1R4,T4,1979.3,1789.913,561.018,873.358,29.835,7.813,8.75377741823206,0.110355304851379,8.85225988700565,0.783425,31.253
1993,15/04/1993,105,0,15-Apr,6,none,out,-1,0,1987,0.000,105,0,0,318,-1,21,2039,0,0,0,0,0,0,16766.413,6706.565,80.27,0,0,48.54,48.54,1.181,8850.822,8852.003,136746.234,0.713,0,0,402.2,0.001,110.721,291.478,0,219.62,219.62,5.214,8936.26,21.31,8957.57,138568.918,0,0,24.345,0.295,0,0.222,0.062,4390.552,354.757,0,0.6,0,0.2,0,0,21.276,31.26,21.924,72,Burdekin,AyrDPI,Mulg,1957,Furrow,BareFallow,35,Surf1,200,999,110,SWBased_900_60_30_15_60,P2R,15AprV1R4,T4,402.2,291.478,110.722,330.342,0.517,0.222,0,0,0,,0
1994,15/07/1994,196,1993,15-Apr,7,sugar,alive,0,456,1993,15/4/1993,105,0,0,318,1994,21,2039,7749.14,6922.1,6048.62,186.356,3745.94,17005.2,0,0,0,21.824,180.6,120.398,120.398,21.31,8936.26,8957.57,138568.918,0.713,18,1980,465.6,2.475,900.843,380.634,1214.267,383.607,1597.874,19.8,8791.187,1.922,8793.108,133249.592,200,370.772,388.026,16.019,0.006,16.616,3.748,8663.163,356.78,0.973,5137.4,18.8,2055,0,0,17.896,28.846,19.367,46.8,Burdekin,AyrDPI,Mulg,1957,Furrow,BareFallow,35,Surf1,200,999,110,SWBased_900_60_30_15_60,P2R,15AprV1R4,T4,2445.6,2360.634,903.318,1286.925,32.641,16.622,7.89431991575145,0.1166274687491,7.66897119341564,0.93178,37.459
1995,15/08/1995,227,1994,15-Apr,7,sugar,alive,1,396,1993,15/7/1994,105,0,0,318,1995,21,2039,6838.75,6076.47,5235.8,160.371,3088.55,16029.5,18821.232,7528.493,93.743,20.788,114,64.807,64.807,1.922,8791.187,8793.108,133249.592,0.701,15,1650,482.2,0.001,691.204,363.629,1097.452,316.369,1413.821,8.818,8773.658,1.656,8775.313,131483.348,200,278.187,322.235,14.467,0,7.254,3.257,8348.979,358.569,0.943,4082.7,15,1633.1,0,0,18.082,29.062,20.474,55.2,Burdekin,AyrDPI,Mulg,1957,Furrow,BareFallow,35,Surf1,200,999,110,SWBased_900_60_30_15_60,P2R,15AprV1R4,T4,2132.2,2013.629,691.205,1007.574,21.721,7.254,7.96427743144343,0.113430908155983,7.63671428571429,0.801855,30.886
1996,14/09/1996,258,1995,15-Apr,7,sugar,alive,2,396,1993,15/8/1995,105,0,0,318,1996,21,2039,6983.72,6192.65,5399.38,165.001,3316.51,15843.3,17095.416,6838.167,73.507,21.823,116.9,91.983,91.983,1.656,8773.658,8775.313,131483.348,0.703,14,1540,564.9,58.922,647.894,372.375,1136.589,295.04,1431.629,6.796,8744.352,1.197,8745.55,130966.022,200,289.751,337.789,17.169,0.334,9.268,3.635,7600.177,360.388,0.957,4501,16.5,1800.4,0,0,19.055,29.44,20.405,107,Burdekin,AyrDPI,Mulg,1957,Furrow,BareFallow,35,Surf1,200,999,110,SWBased_900_60_30_15_60,P2R,15AprV1R4,T4,2104.9,1912.375,706.816,1001.856,26.771,9.602,8.62806719393424,0.115254021817105,8.29150753768844,0.825005,33.165
1997,14/10/1997,287,1996,15-Apr,7,sugar,alive,3,395,1993,14/9/1996,105,0,0,318,1997,21,2039,7802.33,7006.04,5992.11,184.955,3563.09,18102.2,17292.648,6917.059,76.565,20.795,107.8,58.438,58.438,1.197,8744.352,8745.55,130966.022,0.701,11,1210,962.4,40.374,745.282,518.985,1095.097,284.182,1379.278,8.464,8737.233,1.153,8738.386,130853.14,200,281.641,318.852,12.463,0.026,3.808,2.739,7384.921,362.245,0.954,4385.1,16.1,1754,0,0,19.379,28.509,20.519,116.8,Burdekin,AyrDPI,Mulg,1957,Furrow,BareFallow,35,Surf1,200,999,110,SWBased_900_60_30_15_60,P2R,15AprV1R4,T4,2172.4,1728.985,785.656,1069.838,16.297,3.834,10.6973166337475,0.134095519539933,11.1418674698795,0.924775,35.631
1998,17/11/1998,321,1997,15-Apr,7,sugar,alive,4,399,1993,14/10/1997,105,0,3,318,1998,18,2039,7947.76,7079.48,6130.77,188.703,3723.65,18169.9,19114.256,7645.702,82.545,21.371,97.3,65.904,65.904,1.153,8737.233,8738.386,130853.14,0.7,11,1210,1256.5,118.558,884.94,734.517,1106.272,265.612,1371.884,4.698,8732.292,1.545,8733.837,130751.684,200,267.527,328.211,27.762,0.143,5.47,5.39,7991.607,364.151,0.942,4058.4,14.9,1623.4,0,0,20.768,29.07,19.388,189.6,Burdekin,AyrDPI,Mulg,1957,Furrow,BareFallow,35,Surf1,200,999,110,SWBased_900_60_30_15_60,P2R,15AprV1R4,T4,2466.5,1944.517,1003.498,1269.11,33.375,5.613,9.70436360288956,0.137550259351374,11.3676506024096,0.943515,37.236
1999,15/04/1999,105,0,15-Apr,7,none,out,-1,0,1993,0.000,105,0,3,321,-1,18,2042,0,0,0,0,0,0,18894.089,7557.637,74.173,0,0,157.024,157.024,1.545,8732.292,8733.837,130751.684,0.697,0,0,719.4,106,290.469,386.627,0,322.361,322.361,11.666,8829.447,14.747,8844.194,133558.373,0,0,24.674,1.123,0.112,1.191,0.113,4558.925,364.878,0,0.4,0,0.2,0,0,23.435,31.177,20.346,98.7,Burdekin,AyrDPI,Mulg,1957,Furrow,BareFallow,35,Surf1,200,999,110,SWBased_900_60_30_15_60,P2R,15AprV1R4,T4,719.4,386.627,396.469,718.83,2.426,1.303,0,0,0,,0
2000,14/07/2000,196,1999,15-Apr,8,sugar,alive,0,456,1999,15/4/1999,105,0,0,318,2000,21,2039,8934.39,8002.86,7053.92,218.34,3849.34,18804.7,0,0,0,18.785,179.8,157.593,157.593,14.747,8829.447,8844.194,133558.373,0.699,13,1430,1568.6,194.375,1335.728,786.351,1196.001,356.6,1552.602,20.359,8682.288,2.208,8684.496,129770.401,200,369.285,391.574,17.002,0.199,15.331,3.876,7392.082,367.113,0.98,5580.6,20.4,2232.3,0,0,18.528,27.801,18.606,136,Burdekin,AyrDPI,Mulg,1957,Furrow,BareFallow,35,Surf1,200,999,110,SWBased_900_60_30_15_60,P2R,15AprV1R4,T4,2998.6,2216.351,1530.103,1886.703,32.532,15.53,9.85132770035071,0.140628441802857,11.613829787234,1.0917,38.493
2001,14/08/2001,226,2000,15-Apr,8,sugar,alive,1,396,1999,14/7/2000,105,0,0,318,2001,21,2039,6820.96,6028.57,5250.47,160.573,3112.92,15704.8,20727.5,8291.001,93.019,20.945,100.8,73.489,73.489,2.208,8682.288,8684.496,129770.401,0.688,13,1430,561.9,5.577,629.745,454.437,1069.36,304.28,1373.64,6.208,8679.752,1.031,8680.783,129937.043,200,270.956,314.864,11.746,0.002,6.05,2.666,6924.438,369.092,0.944,4124.3,15.1,1649.7,0,0,17.687,28.838,19.812,52,Burdekin,AyrDPI,Mulg,1957,Furrow,BareFallow,35,Surf1,200,999,110,SWBased_900_60_30_15_60,P2R,15AprV1R4,T4,1991.9,1884.437,635.322,939.602,17.798,6.052,8.52100653935367,0.116895984391835,8.5411170212766,0.802865,31.129
2002,14/09/2002,257,2001,15-Apr,8,sugar,alive,2,396,1999,14/8/2001,105,0,0,318,2002,21,2039,6578.39,5834.69,5021.04,153.197,3160.38,15573.5,16854.718,6741.888,72.095,22.474,100.4,56.43,56.43,1.031,8679.752,8680.783,129937.043,0.69,13,1430,810.4,22.19,779.427,358.226,1150.703,286.528,1437.231,5.624,8673.172,1.151,8674.323,129797.435,200,267.396,316.056,19.043,0.009,5.429,3.998,7107.934,371.106,0.951,4315.2,15.8,1726.1,0,0,18.187,30.127,20.983,206,Burdekin,AyrDPI,Mulg,1957,Furrow,BareFallow,35,Surf1,200,999,110,SWBased_900_60_30_15_60,P2R,15AprV1R4,T4,2240.4,1788.226,801.617,1088.145,24.481,5.438,8.56698202576184,0.106591772651717,8.14877659574468,0.765985,31.604
2003,14/10/2003,287,2002,15-Apr,8,sugar,alive,3,395,1999,14/9/2002,105,0,0,318,2003,21,2039,6877.32,6103.63,5260.41,160.808,3201.55,16169.1,16905.332,6762.133,75.574,21.588,102.9,57.983,57.983,1.151,8673.172,8674.323,129797.435,0.689,14,1540,462,39.612,493.374,311.017,1172.918,282.852,1455.77,3.623,8668.187,1.739,8669.926,129694.094,200,267.35,316.616,19.375,0.011,5.564,4.082,7135.364,373.156,0.954,4409.4,16.2,1763.7,0,0,18.19,29.917,21.248,51,Burdekin,AyrDPI,Mulg,1957,Furrow,BareFallow,35,Surf1,200,999,110,SWBased_900_60_30_15_60,P2R,15AprV1R4,T4,2002,1851.017,532.986,815.838,24.95,5.575,8.68754852062407,0.110462504379126,8.0808040201005,0.80404,32.016
2004,13/11/2004,318,2003,15-Apr,8,sugar,alive,4,396,1999,14/10/2003,105,0,0,318,2004,21,2039,7065.77,6304.71,5413.57,166.191,3379.99,16522,17491.717,6996.686,77.1,22.116,100.4,71.227,71.227,1.739,8668.187,8669.926,129694.094,0.688,14,1540,725.2,38.214,763.935,440.369,1180.672,296.62,1477.292,6.414,8658.009,1.199,8659.208,129570.806,200,270.392,322.603,20.406,0.012,8.963,4.182,7286.638,375.235,0.949,4246.1,15.6,1698.4,0,0,18.512,29.868,20.87,173.2,Burdekin,AyrDPI,Mulg,1957,Furrow,BareFallow,35,Surf1,200,999,110,SWBased_900_60_30_15_60,P2R,15AprV1R4,T4,2265.2,1980.369,802.149,1098.769,29.381,8.975,8.39192089958993,0.112497055423031,8.35130653266332,0.830955,33.8
2005,15/04/2005,105,0,15-Apr,8,none,out,-1,0,1999,0.000,105,0,0,318,-1,21,2039,0,0,0,0,0,0,17652.89,7061.156,80.595,0,0,56.987,56.987,1.199,8658.009,8659.208,129570.806,0.685,0,0,632.4,0.001,400.334,232.066,0,166.335,166.335,18.745,8757.113,11.667,8768.779,132610.032,0,0,12.058,0.067,0,0.119,0.026,3585.251,376.057,0.001,0.9,0,0.4,0,0,22.275,32.232,22.042,143.4,Burdekin,AyrDPI,Mulg,1957,Furrow,BareFallow,35,Surf1,200,999,110,SWBased_900_60_30_15_60,P2R,15AprV1R4,T4,632.4,232.066,400.335,566.67,0.186,0.119,0,0,0,,0
2006,15/07/2006,196,2005,15-Apr,9,sugar,alive,0,456,2005,15/4/2005,105,0,0,318,2006,21,2039,7511.87,6732.66,5866.71,181.05,3518.87,16451.7,0,0,0,21.006,181.4,122.718,122.718,11.667,8757.113,8768.779,132610.032,0.686,15,1650,961.7,22.67,1111.531,552.181,1163.633,372.082,1535.715,20.145,8602.635,2.003,8604.638,128468.478,200,364.231,400.606,19.811,0.405,18.757,4.422,7526.752,378.522,0.958,4539.6,16.6,1815.8,0,0,18.53,29.09,18.768,178.4,Burdekin,AyrDPI,Mulg,1957,Furrow,BareFallow,35,Surf1,200,999,110,SWBased_900_60_30_15_60,P2R,15AprV1R4,T4,2611.7,2202.181,1134.201,1506.283,38.973,19.162,8.22139506244037,0.117892968421875,8.62142857142857,0.90525,35.189
2007,15/08/2007,227,2006,15-Apr,9,sugar,alive,1,396,2005,15/7/2006,105,0,0,318,2007,21,2039,6560.76,5826.73,5033.04,154.217,2920.05,15277.2,17842.551,7137.021,86.159,20.39,98.8,64.503,64.503,2.003,8602.635,8604.638,128468.478,0.677,13,1430,967.8,53.764,977.358,554.339,1052.562,308.816,1361.378,12.35,8600.171,1.076,8601.248,128665.541,200,253.023,296.68,16.021,0.012,12.889,3.528,6061.408,380.697,0.944,4108.6,15.1,1643.4,0,0,17.271,28.395,19.639,130.2,Burdekin,AyrDPI,Mulg,1957,Furrow,BareFallow,35,Surf1,200,999,110,SWBased_900_60_30_15_60,P2R,15AprV1R4,T4,2397.8,1984.339,1031.122,1339.938,28.922,12.901,7.77170634654664,0.113280073572513,8.20303191489362,0.771085,29.201
2008,14/09/2008,258,2007,15-Apr,9,sugar,alive,2,396,2005,15/8/2007,105,0,0,318,2008,21,2039,6839.92,6087.06,5267.54,161.306,3123.48,15723.8,16477.948,6591.179,73.505,20.917,86.4,69.804,69.804,1.076,8600.171,8601.248,128665.541,0.679,10,1100,1334.1,165.907,890.099,646.47,1106.116,284.57,1390.686,12.076,8609.043,0.913,8609.956,128912.531,200,247.717,293.392,22.226,0.028,3.478,4.447,6420.079,382.903,0.963,4700.6,17.2,1880.2,0,0,17.841,28.663,19.218,108.2,Burdekin,AyrDPI,Mulg,1957,Furrow,BareFallow,35,Surf1,200,999,110,SWBased_900_60_30_15_60,P2R,15AprV1R4,T4,2434.1,1746.47,1056.006,1340.576,25.732,3.506,9.2361162802682,0.115990237911362,10.4068387096774,0.80653,31.235
2009,14/10/2009,287,2008,15-Apr,9,sugar,alive,3,395,2005,14/9/2008,105,0,0,318,2009,21,2039,6639.08,5884.42,5046.36,154.014,2986.28,15927.2,17360.757,6944.303,75.283,20.949,93.1,57.213,57.213,0.913,8609.043,8609.956,128912.531,0.678,11,1210,1789.1,262.511,1347.107,591.941,1110.955,281.254,1392.209,22.652,8609.057,1.272,8610.329,128834.429,200,261.404,306.771,17.247,0.027,5.906,3.609,7025.46,385.15,0.952,4352.2,16,1740.9,0,0,18.502,29.563,19.422,197.2,Burdekin,AyrDPI,Mulg,1957,Furrow,BareFallow,35,Surf1,200,999,110,SWBased_900_60_30_15_60,P2R,15AprV1R4,T4,2999.1,1801.941,1609.618,1890.872,23.18,5.933,8.54711669249992,0.110625631640077,9.27795180722892,0.77007,29.863
2010,27/11/2010,331,2009,15-Apr,9,sugar,alive,4,409,2005,14/10/2009,105,0,13,318,2010,14,2039,7475.34,6644.59,5686.37,174.165,3183.66,17889.7,17237.534,6895.014,76.936,19.584,102.8,54.488,54.488,1.272,8609.057,8610.329,128834.429,0.676,10,1100,1502.3,168.557,932.594,824.535,1140.118,267.226,1407.344,6.834,8600.156,1.397,8601.552,128722.122,200,274.885,323.162,18.772,0.036,5.949,3.989,7476.595,387.51,0.946,4170.1,15.3,1668,0,0,19.486,29.17,18.173,135.2,Burdekin,AyrDPI,Mulg,1957,Furrow,BareFallow,35,Surf1,200,999,110,SWBased_900_60_30_15_60,P2R,15AprV1R4,T4,2602.3,1924.535,1101.151,1368.377,24.757,5.985,9.0497185034307,0.123754391250469,11.2364516129032,0.870825,31.837
2011,15/04/2011,105,0,15-Apr,9,none,out,-1,0,2005,0.000,105,0,13,331,-1,14,2052,0,0,0,0,0,0,18750.792,7500.317,80.511,0,0,148.294,148.294,1.397,8600.156,8601.552,128722.122,0.674,0,0,1001.9,164.802,432.748,478.633,0,366.758,366.758,19.262,8698.63,8.207,8706.837,131952.615,0,0,18.114,1.417,0.125,0.706,0.112,3615.953,388.328,0,0.2,0,0.1,0,0,22.909,30.777,17.896,75.6,Burdekin,AyrDPI,Mulg,1957,Furrow,BareFallow,35,Surf1,200,999,110,SWBased_900_60_30_15_60,P2R,15AprV1R4,T4,1001.9,478.633,597.55,964.308,2.248,0.831,0,0,0,,0
2012,20/07/2012,202,2011,15-Apr,10,sugar,alive,0,462,2011,15/4/2011,105,0,6,318,2012,15,2039,7757.74,6947.15,6053.24,186.552,3439.18,17045,0,0,0,19.776,169.5,185.886,185.886,8.207,8698.63,8706.837,131952.615,0.676,14,1540,1178.8,138.614,1049.66,737.908,1211.552,350.893,1562.444,17.848,8563.226,2.109,8565.334,127942.646,200,351.266,379.175,16.148,0.1,13.923,3.674,7453.188,391.055,0.971,5060.9,18.5,2024.3,0,0,17.126,28.365,18.477,197.4,Burdekin,AyrDPI,Mulg,1957,Furrow,BareFallow,35,Surf1,200,999,110,SWBased_900_60_30_15_60,P2R,15AprV1R4,T4,2718.8,2277.908,1188.274,1539.167,30.171,14.023,8.18961959833321,0.119397559208522,9.37447236180904,0.93276,34.392
2013,20/08/2013,232,2012,15-Apr,10,sugar,alive,1,396,2011,20/7/2012,105,0,6,324,2013,15,2045,6598.01,5826.83,5018.71,153.185,2932.49,15793,18789.999,7516.002,88.96,20.646,98.7,153.968,153.968,2.109,8563.226,8565.334,127942.646,0.667,14,1540,535.4,23.291,791.664,313.339,1051.768,297.581,1349.349,9.807,8560.555,1.262,8561.818,128067.59,200,259.861,299.649,9.575,0.099,13.867,2.266,6384.059,393.433,0.943,4097.4,15,1639,0,0,17.679,28.824,19.993,178.6,Burdekin,AyrDPI,Mulg,1957,Furrow,BareFallow,35,Surf1,200,999,110,SWBased_900_60_30_15_60,P2R,15AprV1R4,T4,2075.4,1853.339,814.955,1112.536,23.541,13.966,8.26535242608071,0.113525114703461,7.69773869346734,0.765925,29.325
2014,20/09/2014,263,2013,15-Apr,10,sugar,alive,2,396,2011,20/8/2013,105,0,6,324,2014,15,2045,6991.14,6262.87,5381.74,165.647,3197.31,16094,16906.846,6762.738,72.751,20.841,94.1,65.065,65.065,1.262,8560.555,8561.818,128067.59,0.669,11,1210,729,30.671,515.256,503.969,1113.498,280.342,1393.839,3.129,8563.094,1.09,8564.184,128171.632,200,256.303,304.306,19.43,0.01,5.302,4.048,6720.539,395.848,0.945,4134.4,15.2,1653.8,0,0,17.965,29.123,19.977,86.2,Burdekin,AyrDPI,Mulg,1957,Furrow,BareFallow,35,Surf1,200,999,110,SWBased_900_60_30_15_60,P2R,15AprV1R4,T4,1939,1713.969,545.927,826.269,24.742,5.312,9.66452718806466,0.118842276618749,9.97873493975904,0.828235,31.973
2015,20/10/2015,293,2014,15-Apr,10,sugar,alive,3,395,2011,20/9/2014,105,0,6,324,2015,15,2045,6561.22,5791.52,5064.95,154.195,3134.63,14962.7,17194.21,6877.684,73.738,22.105,96.4,64.3,64.3,1.09,8563.094,8564.184,128171.632,0.669,15,1650,372,47.049,568.597,228.648,1144.016,282.561,1426.578,4.891,8564.507,0.833,8565.34,128277.452,200,263.834,309.987,16.823,0.01,4.989,3.547,6983.784,398.3,0.96,4588.6,16.8,1835.4,0,0,18.44,30.097,20.852,83.4,Burdekin,AyrDPI,Mulg,1957,Furrow,BareFallow,35,Surf1,200,999,110,SWBased_900_60_30_15_60,P2R,15AprV1R4,T4,2022,1878.648,615.646,898.207,21.822,4.999,8.20776430709744,0.108087325053379,7.34261904761905,0.770975,31.346
2016,19/11/2016,324,2015,15-Apr,10,sugar,alive,4,396,2011,20/10/2015,105,0,6,324,2016,15,2045,6649.65,5877.92,5049.06,153.936,2933.31,16005.8,16618.598,6647.44,75.291,20.538,107,44.078,44.078,0.833,8564.507,8565.34,128277.452,0.668,12,1320,604.8,0.095,498.126,496.501,1110.215,292.728,1402.943,3.678,8548.865,1.817,8550.682,127910.327,200,276.242,328.735,20.614,0,6.098,4.299,7461.724,400.784,0.933,3851.7,14.1,1540.7,0,0,19.741,30.295,19.215,43.6,Burdekin,AyrDPI,Mulg,1957,Furrow,BareFallow,35,Surf1,200,999,110,SWBased_900_60_30_15_60,P2R,15AprV1R4,T4,1924.8,1816.501,498.221,790.949,26.712,6.098,8.47431407965093,0.109723630967188,8.69694915254237,0.76968,29.333
2017,15/04/2017,105,0,15-Apr,10,none,out,-1,0,2011,0.000,105,0,6,324,-1,15,2045,0,0,0,0,0,0,16878.859,6751.544,79.133,0,0,67.715,67.715,1.817,8548.865,8550.682,127910.327,0.665,0,0,617.6,0.001,280.28,337.32,0,257.753,257.753,13.296,8651.375,8.477,8659.852,130832.968,0,0,13.313,0.509,0,0.738,0.052,3442.588,401.725,0,0.4,0,0.2,0,0,22.757,32.21,19.61,106.2,Burdekin,AyrDPI,Mulg,1957,Furrow,BareFallow,35,Surf1,200,999,110,SWBased_900_60_30_15_60,P2R,15AprV1R4,T4,617.6,337.32,280.281,538.034,1.247,0.738,0,0,0,,0
2018,15/07/2018,196,2017,15-Apr,11,sugar,alive,0,456,2017,15/4/2017,105,0,0,318,2018,21,2039,6770.7,6022.76,5246.78,161.027,3152.94,15239.2,0,0,0,21.184,172.8,147.282,147.282,8.477,8651.375,8659.852,130832.968,0.667,15,1650,863.5,67.521,1072.342,452.552,1121.056,337.001,1458.058,21.498,8500.263,2.137,8502.4,126883.722,200,351.045,392.834,20.247,0.225,22.529,4.459,7127.415,404.661,0.95,4288.2,15.7,1715.3,0,0,17.714,29.216,17.024,130.4,Burdekin,AyrDPI,Mulg,1957,Furrow,BareFallow,35,Surf1,200,999,110,SWBased_900_60_30_15_60,P2R,15AprV1R4,T4,2513.5,2102.552,1139.863,1476.864,43.001,22.754,7.65864530342175,0.110439365237871,7.66795238095238,0.805135,31.529
2019,15/08/2019,227,2018,15-Apr,11,sugar,alive,1,396,2017,15/7/2018,105,0,0,318,2019,21,2039,5748.23,5042.66,4347.92,131.617,2253.69,14003.1,16598.312,6639.325,85.553,18.161,103.1,62.862,62.862,2.137,8500.263,8502.4,126883.722,0.658,10,1100,1209.8,143.084,924.997,598.863,959.144,286.5,1245.643,11.128,8488.657,1.106,8489.763,126876.533,200,265.35,305.7,16.621,0.025,6.485,3.693,5968.201,407.247,0.929,3773.9,13.8,1509.5,0,0,18.203,29.367,17.12,92.8,Burdekin,AyrDPI,Mulg,1957,Furrow,BareFallow,35,Surf1,200,999,110,SWBased_900_60_30_15_60,P2R,15AprV1R4,T4,2309.8,1698.863,1068.081,1354.581,23.131,6.51,7.74735808596691,0.105661895101566,8.49141935483871,0.658085,22.537
2020,14/09/2020,258,2019,15-Apr,11,sugar,alive,2,396,2017,15/8/2019,105,0,0,318,2020,21,2039,6196.93,5441.17,4746.52,144.033,2580.68,14504.1,15110.387,6044.154,81.939,19.138,91,58.939,58.939,1.106,8488.657,8489.763,126876.533,0.66,11,1210,1063.1,118.474,824.259,540.547,1067.114,267.627,1334.741,10.779,8492.405,0.927,8493.333,127048.463,200,249.012,294.816,20.885,0.026,6.126,4.373,6014.065,409.864,0.954,4405.2,16.2,1762.1,0,0,18.062,29.688,18.83,327.8,Burdekin,AyrDPI,Mulg,1957,Furrow,BareFallow,35,Surf1,200,999,110,SWBased_900_60_30_15_60,P2R,15AprV1R4,T4,2273.1,1750.547,942.733,1210.36,27.037,6.152,8.22788534098199,0.107910823148461,8.67668674698795,0.720165,25.807
2021,14/10/2021,287,2020,15-Apr,11,sugar,alive,3,395,2017,14/9/2020,105,0,0,318,2021,21,2039,6026.89,5320.48,4527.04,137.691,2477.64,14998.6,16072.858,6429.143,78.537,19.233,89.4,54.564,54.564,0.927,8492.405,8493.333,127048.463,0.66,10,1100,1075.7,245.964,715.339,477.776,952.182,259.825,1212.007,4.041,8491.485,1.172,8492.657,126989.406,200,251.213,301.74,23.101,0.028,6.408,4.763,6453.33,412.526,0.928,3766.1,13.8,1506.4,0,0,19.13,29.427,17.353,132.4,Burdekin,AyrDPI,Mulg,1957,Furrow,BareFallow,35,Surf1,200,999,110,SWBased_900_60_30_15_60,P2R,15AprV1R4,T4,2175.7,1577.776,961.303,1221.128,29.537,6.436,8.72690419932868,0.113605779504574,8.88329032258065,0.688455,24.776
1958,15/04/1958,105,0,15-Apr,0,none,out,-1,0,-1,0.000,105,0,0,318,-1,21,2039,0,0,0,0,0,0,0,0,0,0,0,0,0,0,0,0,0,0.89,0,0,873.2,0,526.966,346.234,0,207.911,207.911,24.509,9505.942,29.872,9535.814,141810.07,0,0,35.28,6.619,0,1.624,1.089,1012.41,350,0,0.7,0,0.3,0,0,22.648,31.427,18.114,136.1,Burdekin,AyrDPI,Mulg,1958,Furrow,BareFallow,35,Surf1,200,999,110,SWBased_900_60_30_15_60,P2R,15AprV1R4,T4,873.2,346.234,526.966,734.877,8.243,1.624,0,0,0,,0
1959,15/07/1959,196,1958,15-Apr,1,sugar,alive,0,456,1958,15/4/1958,105,0,0,318,1959,21,2039,7166.48,6389.23,5541.87,170.644,3319.12,16246.1,0,0,0,21.024,137.6,167.873,167.873,29.872,9505.942,9535.814,141810.07,0.884,13,1430,956.1,38.549,943.083,635.715,1146.592,361.059,1507.652,18.065,9420.361,0.756,9421.117,141311.479,200,297.6,319.607,31.949,0.302,19.194,6.767,3401.952,350,0.972,5105.2,18.7,2042.1,0,0,17.24,28.305,18.8,162.8,Burdekin,AyrDPI,Mulg,1958,Furrow,BareFallow,35,Surf1,200,999,110,SWBased_900_60_30_15_60,P2R,15AprV1R4,T4,2386.1,2065.715,981.632,1342.691,51.445,19.496,8.26077169406235,0.113185270871527,9.0768085106383,0.85322,33.191
1960,14/08/1960,227,1959,15-Apr,1,sugar,alive,1,396,1958,15/7/1959,105,0,0,318,1960,21,2039,6277.51,5531.53,4747.43,144.659,2604.02,15300.8,18148.586,7259.435,84.828,19.241,83.9,64.691,64.691,0.756,9420.361,9421.117,141311.479,0.869,10,1100,1110.4,10.749,905.477,571.974,1007.022,293.466,1300.488,11.17,9427.373,0.761,9428.135,142236.869,200,244.434,286.928,14.385,0,6.678,3.21,5058.395,350,0.95,4287.8,15.7,1715.1,0,0,17.103,28.347,19.812,210.1,Burdekin,AyrDPI,Mulg,1958,Furrow,BareFallow,35,Surf1,200,999,110,SWBased_900_60_30_15_60,P2R,15AprV1R4,T4,2210.4,1671.974,916.226,1209.692,21.063,6.678,8.65198860747834,0.111234398164381,9.33283870967742,0.723295,26.04
1961,14/09/1961,257,1960,15-Apr,1,sugar,alive,2,396,1958,14/8/1960,105,0,0,318,1961,21,2039,6167.47,5436.31,4696.71,142.944,2778.03,14707.5,16650.31,6660.123,74.644,21.004,87.5,58.378,58.378,0.761,9427.373,9428.135,142236.869,0.866,13,1430,490.9,108.866,458.728,336.06,1077.752,283.473,1361.225,3.116,9426.207,0.958,9427.164,143211.486,200,253.777,302.047,21.714,0,3.745,4.401,5415.997,350,0.95,4290.4,15.7,1716.2,0,0,16.81,28.924,20.946,63.2,Burdekin,AyrDPI,Mulg,1958,Furrow,BareFallow,35,Surf1,200,999,110,SWBased_900_60_30_15_60,P2R,15AprV1R4,T4,1920.9,1766.06,567.594,851.067,25.459,3.745,8.09394924294758,0.105011294973278,7.60340425531915,0.71472,27.78
1962,14/10/1962,287,1961,15-Apr,1,sugar,alive,3,395,1958,14/9/1961,105,0,0,318,1962,21,2039,6533.06,5780.52,4934.14,150.566,2830.4,15989.2,16148.219,6459.288,78.711,20.222,101.1,50.459,50.459,0.958,9426.207,9427.164,143211.486,0.861,12,1320,938.4,72.667,738.949,563.619,1138.717,301.271,1439.988,8.942,9398.939,1.381,9400.32,143859.545,200,273.105,328.945,29.197,0,7.293,5.924,5928.363,350,0.943,4085,15,1634,0,0,17.583,29.38,20.364,102.1,Burdekin,AyrDPI,Mulg,1958,Furrow,BareFallow,35,Surf1,200,999,110,SWBased_900_60_30_15_60,P2R,15AprV1R4,T4,2258.4,1883.619,811.616,1112.887,36.49,7.293,7.99344241059365,0.104560593560502,8.50655367231638,0.75283,28.304
1963,14/11/1963,318,1962,15-Apr,1,sugar,alive,4,396,1958,14/10/1962,105,0,0,318,1963,21,2039,6257.35,5569.59,4724.98,144.542,2750.63,15323.7,17063.093,6825.237,83.862,20.507,97.4,57.256,57.256,1.381,9398.939,9400.32,143859.545,0.853,11,1210,1160.5,169.512,833.448,609.1,1076.193,293.984,1370.177,9.142,9372.902,1.554,9374.456,144652.282,200,267.995,328.159,33.927,0.001,7.251,6.72,5733.572,350,0.948,4223.5,15.5,1689.4,0,0,17.404,29.102,19.769,91.9,Burdekin,AyrDPI,Mulg,1958,Furrow,BareFallow,35,Surf1,200,999,110,SWBased_900_60_30_15_60,P2R,15AprV1R4,T4,2370.5,1819.1,1002.96,1296.944,41.179,7.252,7.94579737232698,0.105491480297801,8.70734939759036,0.72271,27.506
1964,14/04/1964,105,0,15-Apr,1,none,out,-1,0,1958,0.000,105,0,0,318,-1,21,2039,0,0,0,0,0,0,16615.131,6646.053,86.63,0,0,54.621,54.621,1.554,9372.902,9374.456,144652.282,0.845,0,0,454.9,0.001,143.811,311.089,0,222.787,222.787,6.847,9472.303,7.856,9480.159,147998.936,0,0,10.507,0.335,0,0.172,0.037,2705.752,350,0,0.4,0,0.2,0,0,21.751,31.679,20.739,92.7,Burdekin,AyrDPI,Mulg,1958,Furrow,BareFallow,35,Surf1,200,999,110,SWBased_900_60_30_15_60,P2R,15AprV1R4,T4,454.9,311.089,143.812,366.599,0.507,0.172,0,0,0,,0
1965,14/07/1965,195,1964,15-Apr,2,sugar,alive,0,456,1964,14/4/1964,105,0,0,318,1965,21,2039,6713.43,5968.85,5156.92,158.285,3109.69,15565.1,0,0,0,21.265,176.6,142.922,142.922,7.856,9472.303,9480.159,147998.936,0.847,14,1540,925.7,38.289,955.027,562.387,1170.755,376.853,1547.608,16.706,9315.233,1.842,9317.075,145128.492,200,354.889,396.871,28.805,0,15.511,6.173,6015.071,350,0.941,4033.3,14.8,1613.3,0,0,17.254,29.269,18.671,107.4,Burdekin,AyrDPI,Mulg,1958,Furrow,BareFallow,35,Surf1,200,999,110,SWBased_900_60_30_15_60,P2R,15AprV1R4,T4,2465.7,2102.387,993.316,1370.169,44.316,15.511,7.52882319002163,0.10227719164026,7.95402010050251,0.791425,31.097
1966,14/08/1966,226,1965,15-Apr,2,sugar,alive,1,396,1964,14/7/1965,105,0,0,318,1966,21,2039,6008.43,5286.29,4464.4,135.571,2567.64,15440.3,16658.624,6663.449,84.445,20.395,104.3,67.7,67.7,1.842,9315.233,9317.075,145128.492,0.83,14,1540,379.3,0.009,628.243,273.418,998.923,294.429,1293.351,8.155,9294.694,1.27,9295.964,145685.686,200,269.652,311.882,17.191,0,9.002,3.814,5277.682,350,0.931,3818.1,14,1527.3,0,0,17.151,28.492,19.616,102.9,Burdekin,AyrDPI,Mulg,1958,Furrow,BareFallow,35,Surf1,200,999,110,SWBased_900_60_30_15_60,P2R,15AprV1R4,T4,1919.3,1813.418,628.252,922.681,26.193,9.002,7.47599284886331,0.104821506304166,6.81261306532663,0.677855,25.676
1967,14/09/1967,257,1966,15-Apr,2,sugar,alive,2,396,1964,14/8/1966,105,0,0,318,1967,21,2039,6353.47,5625.21,4837.32,147.51,2704.7,15161.5,16369.672,6547.868,86.712,19.653,101.7,65.399,65.399,1.27,9294.694,9295.964,145685.686,0.827,11,1210,822.5,50.358,642.286,480.614,1053.41,289.799,1343.209,6.788,9277.534,1.134,9278.667,146493.103,200,270.623,313.417,23.433,0.001,4.215,4.807,5517.176,350,0.953,4356.1,16,1742.4,0,0,17.866,28.633,19.652,154.9,Burdekin,AyrDPI,Mulg,1958,Furrow,BareFallow,35,Surf1,200,999,110,SWBased_900_60_30_15_60,P2R,15AprV1R4,T4,2032.5,1690.614,692.644,982.443,27.649,4.216,8.72523237119768,0.10981909740033,8.88614457831325,0.73755,27.047
1968,13/10/1968,287,1967,15-Apr,2,sugar,alive,3,395,1964,14/9/1967,105,0,0,318,1968,21,2039,6433.15,5683.64,4938.08,150.518,2714.27,14950.7,16589.948,6635.981,83.273,19.28,98.5,62.048,62.048,1.134,9277.534,9278.667,146493.103,0.82,10,1100,1460.8,146.413,1114.978,614.414,1029.971,282.304,1312.275,16.568,9265.162,0.923,9266.085,147498.332,200,268.681,314.942,21.918,0.001,6.24,4.535,5629.768,350,0.955,4429.8,16.2,1771.9,0,0,18.074,28.752,20.257,187.9,Burdekin,AyrDPI,Mulg,1958,Furrow,BareFallow,35,Surf1,200,999,110,SWBased_900_60_30_15_60,P2R,15AprV1R4,T4,2560.8,1714.414,1261.391,1543.695,28.159,6.241,8.77955966295189,0.114700043817035,9.71083870967742,0.75259,27.143
1969,13/11/1969,317,1968,15-Apr,2,sugar,alive,4,396,1964,13/10/1968,105,0,0,318,1969,21,2039,6350.18,5647.23,4764.18,145.797,2868.81,15860,16473.397,6589.359,83.553,21.302,98.4,49.182,49.182,0.923,9265.162,9266.085,147498.332,0.814,14,1540,250.5,41.494,356.167,232.009,1103.249,279.983,1383.233,1.474,9249.939,1.419,9251.358,148228.775,200,264.905,319.801,28.069,0,6.124,5.674,5891.684,350,0.923,3665.8,13.5,1466.3,0,0,17.834,29.659,20.835,46.5,Burdekin,AyrDPI,Mulg,1958,Furrow,BareFallow,35,Surf1,200,999,110,SWBased_900_60_30_15_60,P2R,15AprV1R4,T4,1790.5,1772.009,397.661,677.644,34.193,6.124,8.22777988147916,0.105403066583865,7.3264824120603,0.728985,28.688
1970,15/04/1970,105,0,15-Apr,2,none,out,-1,0,1964,0.000,105,0,0,318,-1,21,2039,0,0,0,0,0,0,16596.991,6638.796,82.041,0,0,58.791,58.791,1.419,9249.939,9251.358,148228.775,0.809,0,0,539.4,0.001,285.183,254.217,0,195.213,195.213,13.406,9348.187,7.829,9356.015,151756.729,0,0,9.832,0.239,0,0.495,0.03,2576.909,350,0,0.6,0,0.3,0,0,22.057,32.151,21.774,133.6,Burdekin,AyrDPI,Mulg,1958,Furrow,BareFallow,35,Surf1,200,999,110,SWBased_900_60_30_15_60,P2R,15AprV1R4,T4,539.4,254.217,285.184,480.397,0.734,0.495,0,0,0,,0
1971,15/07/1971,196,1970,15-Apr,3,sugar,alive,0,456,1970,15/4/1970,105,0,0,318,1971,21,2039,7280.34,6522.37,5633.79,173.736,3367.51,16465.5,0,0,0,20.941,159.6,117.796,117.796,7.829,9348.187,9356.015,151756.729,0.81,14,1540,1166.1,16.648,1181.362,682.932,1190.992,363.702,1554.694,24.211,9212.313,1.896,9214.209,148931.218,200,336.717,375.106,22.849,0,20.481,5.002,6140.349,350,0.952,4335.1,15.9,1734,0,0,17.179,28.576,18.844,220,Burdekin,AyrDPI,Mulg,1958,Furrow,BareFallow,35,Surf1,200,999,110,SWBased_900_60_30_15_60,P2R,15AprV1R4,T4,2706.1,2222.932,1198.01,1561.712,43.33,20.481,7.81562368979348,0.111749321731479,8.73045226130653,0.86868,33.675
1972,14/08/1972,227,1971,15-Apr,3,sugar,alive,1,396,1970,15/7/1971,105,0,0,318,1972,21,2039,5743.73,5056.33,4299.38,130.596,2341.9,14443.5,17680.494,7072.197,88.963,19.157,93.8,71.193,71.193,1.896,9212.313,9214.209,148931.218,0.796,11,1210,1453.2,166.163,1191.369,617.459,1005.766,314.34,1320.106,22.107,9197.615,1.167,9198.782,149364.172,200,257.335,306.336,27.475,0.002,5.482,5.65,5574.585,350,0.926,3713.5,13.6,1485.4,0,0,16.729,28.625,19.565,206.2,Burdekin,AyrDPI,Mulg,1958,Furrow,BareFallow,35,Surf1,200,999,110,SWBased_900_60_30_15_60,P2R,15AprV1R4,T4,2663.2,1827.459,1357.532,1671.872,32.959,5.484,7.14631627850474,0.098928419384504,7.86722891566265,0.65298,23.419
1973,14/09/1973,257,1972,15-Apr,3,sugar,alive,2,396,1970,14/8/1972,105,0,0,318,1973,21,2039,6451.36,5721.03,4834.46,147.229,2566.56,16168.9,15433.479,6173.392,78.646,18.542,97,56.756,56.756,1.167,9197.615,9198.782,149364.172,0.793,11,1210,1060.9,169.479,719.965,616.042,1072.032,288.595,1360.626,8.415,9188.078,1.459,9189.537,149971.664,200,262.772,309.929,23.357,0.002,4.644,4.778,5879.476,350,0.93,3804.2,14,1521.7,0,0,18.042,28.91,19.726,108.5,Burdekin,AyrDPI,Mulg,1958,Furrow,BareFallow,35,Surf1,200,999,110,SWBased_900_60_30_15_60,P2R,15AprV1R4,T4,2270.9,1826.042,889.444,1178.039,28.003,4.646,8.0627389731452,0.10820681068861,8.86921686746988,0.736145,25.666
1974,14/10/1974,287,1973,15-Apr,3,sugar,alive,3,395,1970,14/9/1973,105,0,0,318,1974,21,2039,6045.62,5386.7,4508.15,138.047,2549.85,15374.7,16977.184,6790.874,80.055,19.819,80.7,77.586,77.586,1.459,9188.078,9189.537,149971.664,0.789,9,990,2007.7,567.518,1188.999,727.63,952.585,304.309,1256.894,6.175,9184.462,1.282,9185.743,150740.647,200,236.844,300.962,37.168,0.01,10.273,7.092,5654.525,350,0.92,3606.3,13.2,1442.5,0,0,17.752,28.355,18.545,152.9,Burdekin,AyrDPI,Mulg,1958,Furrow,BareFallow,35,Surf1,200,999,110,SWBased_900_60_30_15_60,P2R,15AprV1R4,T4,2997.7,1717.63,1756.517,2060.826,47.451,10.283,8.03706269685555,0.109831855351366,9.58659722222222,0.690235,25.498
1975,14/11/1975,318,1974,15-Apr,3,sugar,alive,4,396,1970,14/10/1974,105,0,0,318,1975,21,2039,7362.25,6605.66,5537.75,170.698,3167.61,18245,16133.844,6453.537,76.413,19.925,103.6,61.877,61.877,1.282,9184.462,9185.743,150740.647,0.784,11,1210,1160.2,47.259,759.977,759.1,1169.436,298.206,1467.642,6.445,9161.929,1.558,9163.487,151151.832,200,277.265,324.966,25.253,0.001,3.412,5.153,6275.761,350,0.936,3934,14.4,1573.6,0,0,18.497,28.821,19.89,179.8,Burdekin,AyrDPI,Mulg,1958,Furrow,BareFallow,35,Surf1,200,999,110,SWBased_900_60_30_15_60,P2R,15AprV1R4,T4,2370.2,1969.1,807.236,1105.442,28.666,3.413,8.6688334772231,0.116307655409153,10.2830120481928,0.85349,31.676
1976,14/04/1976,105,0,15-Apr,3,none,out,-1,0,1970,0.000,105,0,0,318,-1,21,2039,0,0,0,0,0,0,18852.192,7540.876,84.263,0,0,157.199,157.199,1.558,9161.929,9163.487,151151.832,0.777,0,0,1465.2,266.733,835.729,527.583,0,326.248,326.248,38.632,9254.011,11.736,9265.747,154360.587,0,0,21.465,1.969,0.015,1.559,0.142,3559.446,350,0,0.3,0,0.1,0,0,22.163,30.457,19.717,139.2,Burdekin,AyrDPI,Mulg,1958,Furrow,BareFallow,35,Surf1,200,999,110,SWBased_900_60_30_15_60,P2R,15AprV1R4,T4,1465.2,527.583,1102.462,1428.71,3.543,1.574,0,0,0,,0
1977,14/07/1977,195,1976,15-Apr,4,sugar,alive,0,456,1976,14/4/1976,105,0,0,318,1977,21,2039,7061.4,6267.92,5499.92,168.742,3057.32,15614.8,0,0,0,19.386,155.5,193.689,193.689,11.736,9254.011,9265.747,154360.587,0.778,12,1320,1401.4,120.798,1288.319,666.316,1091.96,352.263,1444.223,22.5,9127.832,1.827,9129.659,151390.512,200,335.883,363.661,20.711,0.006,16.233,4.576,6121.202,350,0.968,4933.3,18.1,1973.3,0,0,17.235,28.184,18.917,170.6,Burdekin,AyrDPI,Mulg,1958,Furrow,BareFallow,35,Surf1,200,999,110,SWBased_900_60_30_15_60,P2R,15AprV1R4,T4,2721.4,1986.316,1409.117,1761.38,36.95,16.239,8.49522432483049,0.116839296978375,9.53344632768362,0.84371,30.573
1978,14/08/1978,226,1977,15-Apr,4,sugar,alive,1,396,1976,14/7/1977,105,0,0,318,1978,21,2039,6504.63,5761.86,4919.26,150.36,2779.07,15853.8,17465.887,6986.354,93.821,19.834,97.4,61.75,61.75,1.827,9127.832,9129.659,151390.512,0.764,12,1320,854.1,0.119,843.126,510.849,1021.343,304.054,1325.397,11.667,9124.39,1.36,9125.75,151358.427,200,259.891,299.337,13.143,0,8.227,3,6168.695,350,0.937,3939.5,14.4,1575.8,0,0,17.283,28.125,20.382,150.6,Burdekin,AyrDPI,Mulg,1958,Furrow,BareFallow,35,Surf1,200,999,110,SWBased_900_60_30_15_60,P2R,15AprV1R4,T4,2174.1,1830.849,843.245,1147.299,21.37,8.227,8.2125833424821,0.113445254516194,8.49491525423729,0.7518,27.791
1979,14/09/1979,257,1978,15-Apr,4,sugar,alive,2,396,1976,14/8/1978,105,0,0,318,1979,21,2039,6279.88,5574,4755.03,145.328,2585.31,15248.5,16824.261,6729.705,76.637,18.981,89.1,67.21,67.21,1.36,9124.39,9125.75,151358.427,0.765,8,880,1578.5,155.197,1018.54,767.268,987.965,304.811,1292.776,15.807,9119.831,1.161,9120.991,151514.602,200,251.388,302.951,29.243,0.006,3.999,5.973,6317.538,350,0.944,4115.4,15.1,1646.1,0,0,17.891,28.175,19.058,350.7,Burdekin,AyrDPI,Mulg,1958,Furrow,BareFallow,35,Surf1,200,999,110,SWBased_900_60_30_15_60,P2R,15AprV1R4,T4,2458.5,1647.268,1173.737,1478.548,33.248,4.005,8.82236527389593,0.112415453257177,10.9269172932331,0.72664,25.853
1980,13/10/1980,287,1979,15-Apr,4,sugar,alive,3,395,1976,14/9/1979,105,0,0,318,1980,21,2039,6527.41,5769.33,4984.93,152.044,2829.24,15424.7,16459.264,6583.706,76.111,19.988,99.1,59.197,59.197,1.161,9119.831,9120.991,151514.602,0.761,11,1210,777.5,61.923,609.255,487.927,1032.183,294.394,1326.577,4.567,9109.751,1.132,9110.883,151455.835,200,269.11,310.225,18.327,0.001,5.569,3.865,6687.128,350,0.957,4496.4,16.5,1798.6,0,0,18.422,28.882,20.834,86.4,Burdekin,AyrDPI,Mulg,1958,Furrow,BareFallow,35,Surf1,200,999,110,SWBased_900_60_30_15_60,P2R,15AprV1R4,T4,1987.5,1697.927,671.178,965.572,23.897,5.57,8.95468415308785,0.114613776659779,9.15927710843374,0.76022,28.292
1981,13/11/1981,317,1980,15-Apr,4,sugar,alive,4,396,1976,13/10/1980,105,0,0,318,1981,21,2039,6439.1,5727.06,4853.39,148.777,2835.86,15857.1,16932.998,6773.2,81.973,20.545,92.7,48.943,48.943,1.132,9109.751,9110.883,151455.835,0.757,11,1210,1127,264.816,733.502,599.69,1029.292,300.688,1329.98,4.151,9103.074,1.393,9104.467,150889.606,200,252.449,315.356,30.195,0.092,7.573,5.874,7164.716,350,0.936,3920.6,14.4,1568.2,0,0,18.071,28.636,19.295,104.8,Burdekin,AyrDPI,Mulg,1958,Furrow,BareFallow,35,Surf1,200,999,110,SWBased_900_60_30_15_60,P2R,15AprV1R4,T4,2337,1809.69,998.318,1299.006,37.86,7.665,8.22113179605347,0.111864088181777,8.96246987951807,0.743885,28.359
1982,15/04/1982,105,0,15-Apr,4,none,out,-1,0,1976,0.000,105,0,0,318,-1,21,2039,0,0,0,0,0,0,16811.037,6724.414,78.692,0,0,57.647,57.647,1.393,9103.074,9104.467,150889.606,0.751,0,0,547.1,25.947,178.917,361.511,0,245.75,245.75,6.446,9179.284,26.246,9205.53,152288.784,0,0,32.181,1.564,0.006,1.064,0.215,4779.114,350,0,0.5,0,0.2,0,0,22.919,32.09,21.333,47.4,Burdekin,AyrDPI,Mulg,1958,Furrow,BareFallow,35,Surf1,200,999,110,SWBased_900_60_30_15_60,P2R,15AprV1R4,T4,547.1,361.511,204.864,450.614,2.634,1.07,0,0,0,,0
1983,15/07/1983,196,1982,15-Apr,5,sugar,alive,0,456,1982,15/4/1982,105,0,0,318,1983,21,2039,7196.39,6376.22,5579.77,171.079,3175.73,16166.3,0,0,0,19.932,168,154.133,154.133,26.246,9179.284,9205.53,152288.784,0.751,15,1650,663.4,23.058,890.245,449.452,1127.815,358.904,1486.719,18.565,9046.448,1.763,9048.211,147826.956,200,351.761,373.055,25.213,0.005,17.8,5.531,7690.037,350,0.966,4811.4,17.6,1924.6,0,0,17.149,28.361,19.179,95.4,Burdekin,AyrDPI,Mulg,1958,Furrow,BareFallow,35,Surf1,200,999,110,SWBased_900_60_30_15_60,P2R,15AprV1R4,T4,2313.4,2099.452,913.303,1272.207,43.018,17.805,8.14874548215439,0.115071509814565,8.14661904761905,0.855395,31.757
1984,14/08/1984,227,1983,15-Apr,5,sugar,alive,1,396,1982,15/7/1983,105,0,0,318,1984,21,2039,6344.11,5625.25,4750.07,145.11,2644.5,15940.5,17831.048,7132.419,92.267,19.516,98.4,67.511,67.511,1.763,9046.448,9048.211,147826.956,0.738,13,1430,563.8,0.001,654.224,429.148,1041.314,296.711,1338.026,10.236,9036.193,1.339,9037.533,145636.48,200,266.213,306.835,14.208,0,7.637,3.207,8327.701,350,0.931,3828.2,14,1531.3,0,0,17.537,28.492,19.07,75.6,Burdekin,AyrDPI,Mulg,1958,Furrow,BareFallow,35,Surf1,200,999,110,SWBased_900_60_30_15_60,P2R,15AprV1R4,T4,1993.8,1859.148,654.225,950.936,21.845,7.637,7.80518818297414,0.108450807383414,7.7186170212766,0.72555,26.445
1985,14/09/1985,257,1984,15-Apr,5,sugar,alive,2,396,1982,14/8/1984,105,0,0,318,1985,21,2039,6449.75,5753.96,4905.03,150.316,2770.59,15447.2,16803.34,6721.336,82.573,19.771,122.8,69.062,69.062,1.339,9036.193,9037.533,145636.48,0.737,10,1100,817.5,20.202,513.572,581.298,1073.348,315.214,1388.562,4.389,8994.953,1.753,8996.706,144351.14,200,301.097,339.668,18.608,0.002,2.816,4.058,7790.461,350,0.942,4063.7,14.9,1625.5,0,0,17.387,28.523,19.502,111.4,Burdekin,AyrDPI,Mulg,1958,Furrow,BareFallow,35,Surf1,200,999,110,SWBased_900_60_30_15_60,P2R,15AprV1R4,T4,1917.5,1681.298,533.774,848.988,21.426,2.818,8.94047337235874,0.10825299842571,9.6978064516129,0.75158,27.706
1986,14/10/1986,287,1985,15-Apr,5,sugar,alive,3,395,1982,14/9/1985,105,0,0,318,1986,21,2039,6161.46,5502.46,4645.2,142.334,2603.07,15162.7,16584.302,6633.723,83.051,19.595,121.2,64.228,64.228,1.753,8994.953,8996.706,144351.14,0.734,10,1100,802.8,37.431,504.219,612.528,1041.634,302.858,1344.491,4.398,8955.029,1.921,8956.95,143875.807,200,289.698,346.569,28.789,0.011,6.023,5.874,7063.761,350,0.922,3636.9,13.3,1454.8,0,0,18.476,29.285,18.879,117.8,Burdekin,AyrDPI,Mulg,1958,Furrow,BareFallow,35,Surf1,200,999,110,SWBased_900_60_30_15_60,P2R,15AprV1R4,T4,1902.8,1712.528,541.65,844.508,34.823,6.034,8.31133855913597,0.105864598572992,9.18283870967742,0.71167,26.031
1987,14/11/1987,318,1986,15-Apr,5,sugar,alive,4,396,1982,14/10/1986,105,0,0,318,1987,21,2039,6167.72,5478.36,4635.61,141.595,2795.49,15321,15979.624,6391.85,82.845,21.384,110.7,80.888,80.888,1.921,8955.029,8956.95,143875.807,0.73,14,1540,371,33.981,489.932,310.299,1078.293,319.286,1397.579,4.529,8927.705,1.879,8929.584,143635.093,200,273.041,327.489,31.93,0.011,7.392,6.468,6776.812,350,0.926,3727.9,13.7,1491.1,0,0,18.663,29.934,20.137,44,Burdekin,AyrDPI,Mulg,1958,Furrow,BareFallow,35,Surf1,200,999,110,SWBased_900_60_30_15_60,P2R,15AprV1R4,T4,1911,1850.299,523.913,843.199,39.333,7.403,7.65254696673349,0.101314487410014,7.11532663316583,0.707975,27.955
1988,14/04/1988,105,0,15-Apr,5,none,out,-1,0,1982,0.000,105,0,0,318,-1,21,2039,0,0,0,0,0,0,16191.564,6476.626,81.913,0,0,70.397,70.397,1.879,8927.705,8929.584,143635.093,0.726,0,0,798.4,9.747,510.338,285.345,0,201.382,201.382,23.906,9011.194,23.225,9034.419,145552.149,0,0,32.393,1.029,0.005,2.677,0.152,4087.828,350,0,0.5,0,0.2,0,0,22.049,31.616,21.499,254,Burdekin,AyrDPI,Mulg,1958,Furrow,BareFallow,35,Surf1,200,999,110,SWBased_900_60_30_15_60,P2R,15AprV1R4,T4,798.4,285.345,520.085,721.467,3.711,2.682,0,0,0,,0
1989,14/07/1989,195,1988,15-Apr,6,sugar,alive,0,456,1988,14/4/1988,105,0,0,318,1989,21,2039,7528.93,6739,5833.96,179.954,3390.75,16949.7,0,0,0,20.276,179.1,147.331,147.331,23.225,9011.194,9034.419,145552.149,0.725,11,1210,1506.2,53.675,1129.296,919.498,1200.165,365.227,1565.391,20.881,8862.043,1.817,8863.861,142485.673,200,358.952,388.148,29.824,0.025,19.31,6.361,6308.795,350,0.961,4644.4,17,1857.8,0,0,17.981,28.521,18.221,134.8,Burdekin,AyrDPI,Mulg,1958,Furrow,BareFallow,35,Surf1,200,999,110,SWBased_900_60_30_15_60,P2R,15AprV1R4,T4,2716.2,2129.498,1182.971,1548.198,49.159,19.335,8.4505362296654,0.114957860368432,10.8406024096386,0.89977,33.908
1990,14/08/1990,226,1989,15-Apr,6,sugar,alive,1,396,1988,14/7/1989,105,0,0,318,1990,21,2039,6104.94,5391.7,4564.54,138.873,2516.35,15404.1,18354.955,7341.982,85.536,19.387,84.7,115.169,115.169,1.817,8862.043,8863.861,142485.673,0.713,12,1320,1294.8,181.703,1157.086,606.608,1015.214,296.868,1312.082,7.761,8867.891,1.003,8868.894,142598.35,200,242.939,284.754,12.154,0.014,15.712,2.786,5968.933,350.585,0.948,4222.5,15.5,1689,0,0,17.212,28.363,19.579,103,Burdekin,AyrDPI,Mulg,1958,Furrow,BareFallow,35,Surf1,200,999,110,SWBased_900_60_30_15_60,P2R,15AprV1R4,T4,2614.8,1926.608,1338.789,1635.657,27.88,15.726,7.20816066371571,0.105841708063978,7.84593220338983,0.694365,25.163
1991,14/09/1991,257,1990,15-Apr,6,sugar,alive,2,396,1988,14/8/1990,105,0,0,318,1991,21,2039,6028.02,5295.95,4571.84,138.803,2626.11,14561.8,16682.544,6673.019,80.201,20.371,89.1,79.1,79.1,1.003,8867.891,8868.894,142598.35,0.714,11,1210,1680.4,321.685,1343.683,471.425,998.678,261.404,1260.082,24.739,8880.858,0.891,8881.749,142782.27,200,244.918,289.576,18.736,0.034,3.84,3.842,6270.865,352.253,0.944,4109,15.1,1643.6,0,0,16.979,28.601,19.393,204.4,Burdekin,AyrDPI,Mulg,1958,Furrow,BareFallow,35,Surf1,200,999,110,SWBased_900_60_30_15_60,P2R,15AprV1R4,T4,2890.4,1681.425,1665.368,1926.772,22.61,3.874,8.2550812554827,0.110153942362481,8.3616265060241,0.694015,26.261
1992,13/10/1992,287,1991,15-Apr,6,sugar,alive,3,395,1988,14/9/1991,105,0,0,318,1992,21,2039,7075.52,6316.83,5411.19,166.005,3312.51,16643.3,15870.16,6348.063,71.87,21.644,103.6,44.05,44.05,0.891,8880.858,8881.749,142782.27,0.714,13,1430,654.1,0.003,593.032,488.099,1170.777,300.944,1471.721,4.892,8867.19,1.267,8868.457,142416.629,200,271.235,318.496,18.435,0,7.368,3.915,7119.645,353.951,0.949,4262.6,15.6,1705,0,0,18.241,29.523,20.826,122.8,Burdekin,AyrDPI,Mulg,1958,Furrow,BareFallow,35,Surf1,200,999,110,SWBased_900_60_30_15_60,P2R,15AprV1R4,T4,2084.1,1918.099,593.035,893.979,25.803,7.368,8.65466276766736,0.112796515100349,8.83005319148936,0.830025,33.125
1993,13/11/1993,317,1992,15-Apr,6,sugar,alive,4,396,1988,13/10/1992,105,0,0,318,1993,21,2039,6940.92,6145.37,5271.56,161.211,3247.67,16693.6,17769.999,7108,78.476,21.879,95.4,63.397,63.397,1.267,8867.19,8868.457,142416.629,0.71,13,1430,548.9,9.419,570.548,448.538,1109.16,302.305,1411.466,5.47,8863.996,0.943,8864.939,142402.184,200,266.942,315.359,20.855,0.006,3.695,4.195,7150.503,355.686,0.946,4161,15.3,1664.4,0,0,18.204,29.109,20.548,72,Burdekin,AyrDPI,Mulg,1958,Furrow,BareFallow,35,Surf1,200,999,110,SWBased_900_60_30_15_60,P2R,15AprV1R4,T4,1978.9,1878.538,579.967,882.272,24.556,3.701,8.58172685354249,0.114215291051998,8.57505319148936,0.806055,32.477
1994,15/04/1994,105,0,15-Apr,6,none,out,-1,0,1988,0.000,105,0,0,318,-1,21,2039,0,0,0,0,0,0,17726.435,7090.573,80.385,0,0,50.865,50.865,0.943,8863.996,8864.939,142402.184,0.707,0,0,309.7,0.001,72.837,236.863,0,207.083,207.083,3.448,8964.372,8.185,8972.558,146119.175,0,0,10.155,0.092,0,0.094,0.024,2867.264,356.371,0,0.7,0,0.3,0,0,21.943,31.765,22.341,46.8,Burdekin,AyrDPI,Mulg,1958,Furrow,BareFallow,35,Surf1,200,999,110,SWBased_900_60_30_15_60,P2R,15AprV1R4,T4,309.7,236.863,72.838,279.921,0.186,0.094,0,0,0,,0
1995,15/07/1995,196,1994,15-Apr,7,sugar,alive,0,456,1994,15/4/1994,105,0,0,318,1995,21,2039,7851.3,6996.8,6151.85,189.689,3661.78,16994.4,0,0,0,20.844,163.8,80.646,80.646,8.185,8964.372,8972.558,146119.175,0.709,20,2200,419.6,9.332,1010.093,323.777,1225.422,383.314,1608.736,25.093,8843.652,2.62,8846.272,140969.368,200,334.071,374.295,14.944,0.003,17.439,3.437,8625.037,358.43,0.962,4654.3,17,1861.7,0,0,17.873,28.981,19.784,55.2,Burdekin,AyrDPI,Mulg,1958,Furrow,BareFallow,35,Surf1,200,999,110,SWBased_900_60_30_15_60,P2R,15AprV1R4,T4,2619.6,2523.777,1019.425,1402.739,32.386,17.442,7.51607610339582,0.117911826427705,7.15807547169811,0.948445,36.618
1996,14/08/1996,227,1995,15-Apr,7,sugar,alive,1,396,1994,15/7/1995,105,0,0,318,1996,21,2039,6708.3,5937.47,5119.66,156.558,3115.5,15886.4,18401.453,7360.581,81.249,21.577,107.7,72.087,72.087,2.62,8843.652,8846.272,140969.368,0.699,14,1540,632.9,34.758,728.928,400.506,1081.359,332.858,1414.217,10.588,8820.843,1.295,8822.139,140067.355,200,276.362,327.389,21.412,0.033,4.509,4.586,7407.09,360.246,0.94,4018,14.7,1607.2,0,0,18.911,29.224,19.946,107,Burdekin,AyrDPI,Mulg,1958,Furrow,BareFallow,35,Surf1,200,999,110,SWBased_900_60_30_15_60,P2R,15AprV1R4,T4,2172.9,1940.506,763.686,1096.544,25.954,4.542,8.06789569318518,0.110702954355661,7.86723618090452,0.78279,31.155
1997,14/09/1997,257,1996,15-Apr,7,sugar,alive,2,396,1994,14/8/1996,105,0,0,318,1997,21,2039,7598.91,6830.45,5904.97,182.284,3549.13,16939.4,16918.771,6767.508,73.911,21.049,98.1,67.084,67.084,1.295,8820.843,8822.139,140067.355,0.7,11,1210,964.3,108.709,682.338,523.949,1087.704,295.307,1383.011,5.711,8824.65,1.278,8825.928,139702.635,200,261.368,303.388,18.421,0.044,3.579,3.776,7450.236,362.101,0.955,4428.7,16.2,1771.5,0,0,18.946,28.468,20.444,116.8,Burdekin,AyrDPI,Mulg,1958,Furrow,BareFallow,35,Surf1,200,999,110,SWBased_900_60_30_15_60,P2R,15AprV1R4,T4,2174.3,1733.949,791.047,1086.354,22.044,3.623,10.5126506027571,0.131802277783763,10.9809638554217,0.91142,35.491
1998,14/10/1998,287,1997,15-Apr,7,sugar,alive,3,395,1994,14/9/1997,105,0,0,318,1998,21,2039,7691.71,6862.75,5906.6,181.301,3563.39,17851.1,18162.872,7265.149,74.123,21.275,97.4,67.326,67.326,1.278,8824.65,8825.928,139702.635,0.699,10,1100,959.5,31.758,699.968,569.677,1064.782,255.699,1320.48,5.016,8827.216,1.353,8828.569,139068.97,200,273.24,315.388,11.637,0.011,3.893,2.524,8234.23,363.989,0.96,4581.5,16.8,1832.6,0,0,20.543,28.902,19.59,189.6,Burdekin,AyrDPI,Mulg,1958,Furrow,BareFallow,35,Surf1,200,999,110,SWBased_900_60_30_15_60,P2R,15AprV1R4,T4,2059.5,1669.677,731.726,987.425,15.541,3.904,10.8584474721758,0.13729931540046,11.6968387096774,0.906505,35.634
1999,14/11/1999,318,1998,15-Apr,7,sugar,alive,4,396,1994,14/10/1998,105,0,0,318,1999,21,2039,7193.59,6433.34,5543.68,171.146,3412.1,16499.1,19067.732,7627.093,76.575,21.622,90,74.621,74.621,1.353,8827.216,8828.569,139068.97,0.697,10,1100,1137.3,111.411,761.014,695.297,1026.869,343.061,1369.93,8.119,8816.251,1.604,8817.855,138248.24,200,249.594,322.273,42.239,0.12,9.806,8.183,8300.312,365.913,0.931,3818,14,1527.2,0,0,19.787,28.829,19.555,112,Burdekin,AyrDPI,Mulg,1958,Furrow,BareFallow,35,Surf1,200,999,110,SWBased_900_60_30_15_60,P2R,15AprV1R4,T4,2237.3,1795.297,872.425,1215.486,52.165,9.926,9.53301877071036,0.124930470899973,11.0416774193548,0.85573,34.121
2000,14/04/2000,105,0,15-Apr,7,none,out,-1,0,1994,0.000,105,0,0,318,-1,21,2039,0,0,0,0,0,0,17269.532,6907.814,69.993,0,0,69.566,69.566,1.604,8816.251,8817.855,138248.24,0.694,0,0,1336.8,85.224,859.503,459.257,0,278.602,278.602,40.775,8917.089,7.876,8924.965,141079.243,0,0,17.717,1.179,0.135,2.114,0.09,4038.521,366.661,0,0.5,0,0.2,0,0,22.776,30.122,20.568,136,Burdekin,AyrDPI,Mulg,1958,Furrow,BareFallow,35,Surf1,200,999,110,SWBased_900_60_30_15_60,P2R,15AprV1R4,T4,1336.8,459.257,944.727,1223.329,3.428,2.249,0,0,0,,0
2001,14/07/2001,195,2000,15-Apr,8,sugar,alive,0,456,2000,14/4/2000,105,0,0,318,2001,21,2039,7788,6869.99,6153.88,188.842,3619.72,16341.2,0,0,0,20.677,168.4,183.038,183.038,7.876,8917.089,8924.965,141079.243,0.696,15,1650,673.5,70.892,840.59,500.1,1181.367,365.53,1546.897,18.173,8783.718,1.818,8785.536,135474.156,200,346.109,380.726,17.15,0.134,16.78,3.892,9122.224,368.939,0.97,4990.7,18.3,1996.3,0,0,17.62,28.396,18.917,52,Burdekin,AyrDPI,Mulg,1958,Furrow,BareFallow,35,Surf1,200,999,110,SWBased_900_60_30_15_60,P2R,15AprV1R4,T4,2323.5,2150.1,911.482,1277.012,34.064,16.914,8.78294032835682,0.122077940548078,8.99247619047619,0.94421,36.197
2002,14/08/2002,226,2001,15-Apr,8,sugar,alive,1,396,2000,14/7/2001,105,0,0,318,2002,21,2039,6451.52,5693.23,4926.09,150.096,3066.83,15254.2,18132.099,7252.84,86.603,22.232,113.1,48.159,48.159,1.818,8783.718,8785.536,135474.156,0.686,16,1760,787.8,24.642,1054.929,338.859,1137.746,317.177,1454.923,7.727,8757.765,1.611,8759.376,133353.225,200,282.233,324.276,16.858,0.014,5.453,3.686,8518.724,370.95,0.948,4222.7,15.5,1689.1,0,0,18.013,30.094,20.88,206,Burdekin,AyrDPI,Mulg,1958,Furrow,BareFallow,35,Surf1,200,999,110,SWBased_900_60_30_15_60,P2R,15AprV1R4,T4,2547.8,2098.859,1079.571,1396.748,22.325,5.467,7.15131411876643,0.103164222436514,6.7916742081448,0.75048,30.668
2003,14/09/2003,257,2002,15-Apr,8,sugar,alive,2,396,2000,14/8/2002,105,0,0,318,2003,21,2039,6570.99,5792.71,5059.89,154.186,3012.52,15111,16555.346,6622.139,74.27,21.132,107.6,61.467,61.467,1.611,8757.765,8759.376,133353.225,0.687,13,1430,472.6,69.027,430.863,320.658,1125.546,289.227,1414.773,2.595,8746.752,1.294,8748.046,131479.687,200,268.681,315.721,22.467,0.084,3.59,4.615,8561.021,372.997,0.957,4492.7,16.5,1797.1,0,0,17.961,29.61,20.889,51,Burdekin,AyrDPI,Mulg,1958,Furrow,BareFallow,35,Surf1,200,999,110,SWBased_900_60_30_15_60,P2R,15AprV1R4,T4,1902.6,1750.658,499.89,789.117,26.141,3.674,8.80731702022897,0.108982854493265,8.20138297872341,0.77093,30.125
2004,13/10/2004,287,2003,15-Apr,8,sugar,alive,3,395,2000,14/9/2003,105,0,0,318,2004,21,2039,6911.91,6168.06,5329.18,163.445,3217.08,15827.2,16663.1,6665.24,74.534,21.31,126.6,49.405,49.405,1.294,8746.752,8748.046,131479.687,0.687,13,1430,740.2,16.468,693.954,439.3,1160.949,292.286,1453.236,8.807,8700.814,1.419,8702.233,130364.615,200,304.707,353.814,21.043,0.061,6.005,4.502,7999.07,375.073,0.956,4461.8,16.4,1784.7,0,0,18.289,29.817,20.803,173.2,Burdekin,AyrDPI,Mulg,1958,Furrow,BareFallow,35,Surf1,200,999,110,SWBased_900_60_30_15_60,P2R,15AprV1R4,T4,2170.2,1869.3,710.422,1002.708,27.109,6.066,8.74364735462473,0.112469688336925,8.6938829787234,0.817225,32.171
2005,13/11/2005,317,2004,15-Apr,8,sugar,alive,4,396,2000,13/10/2004,105,0,0,318,2005,21,2039,6790.87,6025.93,5193.95,159.027,3257.37,15969.2,17245.72,6898.287,83.074,22.294,112.8,55.948,55.948,1.419,8700.814,8702.233,130364.615,0.684,15,1650,746.3,78.415,879.091,364.285,1138.359,301.441,1439.8,5.418,8678.472,1.132,8679.604,129963.815,200,279.891,336.813,26.57,0.231,6.357,5.36,7507.234,377.19,0.936,3921.2,14.4,1568.5,0,0,18.873,29.912,20.558,143.4,Burdekin,AyrDPI,Mulg,1958,Furrow,BareFallow,35,Surf1,200,999,110,SWBased_900_60_30_15_60,P2R,15AprV1R4,T4,2396.3,2014.285,957.506,1258.947,33.158,6.588,7.8949602464398,0.11045075704959,7.57271428571429,0.795135,32.574
2006,15/04/2006,105,0,15-Apr,8,none,out,-1,0,2000,0.000,105,0,0,318,-1,21,2039,0,0,0,0,0,0,16906.804,6762.721,79.771,0,0,54.943,54.943,1.132,8678.472,8679.604,129963.815,0.682,0,0,756,0.001,443.774,312.226,0,201.224,201.224,20.803,8784.324,6.445,8790.769,132944.23,0,0,11.319,0.633,0,0.698,0.056,3465.945,378.025,0,0.7,0,0.3,0,0,23.05,32.354,21.641,178.4,Burdekin,AyrDPI,Mulg,1958,Furrow,BareFallow,35,Surf1,200,999,110,SWBased_900_60_30_15_60,P2R,15AprV1R4,T4,756,312.226,443.775,644.999,1.331,0.698,0,0,0,,0
2007,15/07/2007,196,2006,15-Apr,9,sugar,alive,0,456,2006,15/4/2006,105,0,0,318,2007,21,2039,7705.67,6943.03,6031.56,187.029,3601.24,16741.1,0,0,0,20.784,173,165.944,165.944,6.445,8784.324,8790.769,132944.23,0.684,17,1870,1059.4,173.62,1220.997,592.869,1203.56,369.273,1572.833,20.553,8631.963,1.973,8633.936,128862.463,200,351.207,392.182,19.085,1.455,23.282,4.185,7379.867,380.529,0.953,4378.4,16,1751.4,0,0,17.476,28.166,18.606,130.2,Burdekin,AyrDPI,Mulg,1958,Furrow,BareFallow,35,Surf1,200,999,110,SWBased_900_60_30_15_60,P2R,15AprV1R4,T4,2929.4,2462.869,1394.617,1763.89,43.822,24.737,7.59394835860129,0.118912179487587,8.06159482758621,0.935145,36.012
2008,14/08/2008,227,2007,15-Apr,9,sugar,alive,1,396,2006,15/7/2007,105,0,0,318,2008,21,2039,7007.95,6282.17,5323.99,163.98,3098.92,16839.7,17951.516,7180.606,86.155,20.345,102.6,127.896,127.896,1.973,8631.963,8633.936,128862.463,0.676,12,1320,1333.5,158.618,1106.22,623.251,1126.12,301.113,1427.233,15.653,8622.004,1.284,8623.288,128924.594,200,270.153,307.067,12.022,0.159,7.681,2.742,6363.653,382.731,0.936,3929.4,14.4,1571.8,0,0,17.627,28.579,19.221,108.2,Burdekin,AyrDPI,Mulg,1958,Furrow,BareFallow,35,Surf1,200,999,110,SWBased_900_60_30_15_60,P2R,15AprV1R4,T4,2653.5,1943.251,1264.838,1565.951,19.862,7.84,8.43843641402989,0.114893643854928,9.26440677966102,0.8199,30.989
2009,14/09/2009,257,2008,15-Apr,9,sugar,alive,2,396,2006,14/8/2008,105,0,0,318,2009,21,2039,6105.02,5369.43,4629.18,140.673,2563.64,14758.4,17653.723,7061.49,78.052,19.516,91.6,89.325,89.325,1.284,8622.004,8623.288,128924.594,0.678,10,1100,1792.3,345.488,1296.86,533.979,1011.737,276.334,1288.071,21.546,8627.099,1.189,8628.288,129087.691,200,260.353,299.724,14.081,0.049,3.532,2.981,6596.874,384.976,0.946,4177.8,15.3,1671.1,0,0,18.267,29.263,18.871,197.2,Burdekin,AyrDPI,Mulg,1958,Furrow,BareFallow,35,Surf1,200,999,110,SWBased_900_60_30_15_60,P2R,15AprV1R4,T4,2892.3,1633.979,1642.348,1918.682,17.662,3.581,8.60922937198091,0.109212147467026,9.07567741935484,0.703365,25.636
2010,14/10/2010,287,2009,15-Apr,9,sugar,alive,3,395,2006,14/9/2009,105,0,0,318,2010,21,2039,6971.56,6213.39,5295.77,162.227,2922.51,16757.9,16095.84,6438.335,79.012,19.258,102.6,51.207,51.207,1.189,8627.099,8628.288,129087.691,0.677,10,1100,1233.5,112.663,834.547,637.026,1087.614,270.394,1358.009,14.257,8621.729,1.588,8623.317,128971.893,200,264.7,315.664,21.828,0.036,6.329,4.549,7093.444,387.257,0.932,3847.3,14.1,1538.9,0,0,19.228,29.317,18.617,135.2,Burdekin,AyrDPI,Mulg,1958,Furrow,BareFallow,35,Surf1,200,999,110,SWBased_900_60_30_15_60,P2R,15AprV1R4,T4,2333.5,1737.026,947.21,1217.604,28.193,6.365,9.33935358480529,0.119459443935939,10.4662580645161,0.811135,29.225
2011,14/11/2011,318,2010,15-Apr,9,sugar,alive,4,396,2006,14/10/2010,105,0,0,318,2011,21,2039,6456.36,5789.75,5014.18,155.393,3162.6,14421.8,17514.447,7005.779,75.443,22.133,78.8,79.489,79.489,1.588,8621.729,8623.317,128971.893,0.675,9,990,1310.7,192.281,760.482,782.391,1017.53,354.423,1371.952,5.454,8616.395,1.194,8617.589,128975.12,200,219.103,310.008,57.119,0.096,12.568,10.853,6674.322,389.574,0.905,3360.9,12.3,1344.4,0,0,17.965,28.621,18.554,81.4,Burdekin,AyrDPI,Mulg,1958,Furrow,BareFallow,35,Surf1,200,999,110,SWBased_900_60_30_15_60,P2R,15AprV1R4,T4,2300.7,1772.391,952.763,1307.186,69.783,12.664,8.76742208688715,0.113264166676385,10.7911805555556,0.776965,31.626
2012,14/04/2012,105,0,15-Apr,9,none,out,-1,0,2006,0.000,105,0,0,318,-1,21,2039,0,0,0,0,0,0,15115.325,6046.129,64.749,0,0,55.476,55.476,1.194,8616.395,8617.589,128975.12,0.672,0,0,941.8,61.097,487.607,445.206,0,267.895,267.895,23.33,8708.225,6.631,8714.856,131872.915,0,0,12.512,0.701,0.048,0.841,0.056,3228.583,390.476,0,0.4,0,0.2,0,0,22.449,31.533,20.42,197.4,Burdekin,AyrDPI,Mulg,1958,Furrow,BareFallow,35,Surf1,200,999,110,SWBased_900_60_30_15_60,P2R,15AprV1R4,T4,941.8,445.206,548.704,816.599,1.59,0.889,0,0,0,,0
2013,14/07/2013,195,2012,15-Apr,10,sugar,alive,0,456,2012,14/4/2012,105,0,0,318,2013,21,2039,7240.08,6420.31,5666.24,174.278,3337.46,15738.4,0,0,0,20.655,166,180.677,180.677,6.631,8708.225,8714.856,131872.915,0.674,15,1650,732,72.236,952.666,458.942,1099.229,380.695,1479.923,19.617,8575.233,2.302,8577.535,128126.691,200,341.782,373.47,16.995,0.421,15.303,3.842,6930.534,393.212,0.963,4695.8,17.2,1878.3,0,0,17.447,28.351,18.992,178.6,Burdekin,AyrDPI,Mulg,1958,Furrow,BareFallow,35,Surf1,200,999,110,SWBased_900_60_30_15_60,P2R,15AprV1R4,T4,2382,2108.942,1024.902,1405.597,32.719,15.724,8.26376448475112,0.117761532187823,8.29895238095238,0.87139,33.375
2014,14/08/2014,226,2013,15-Apr,10,sugar,alive,1,396,2012,14/7/2013,105,0,0,318,2014,21,2039,6663.17,5848.56,5090.25,154.787,2914.87,15729.2,17369.05,6947.619,87.324,20.263,101.6,57.854,57.854,2.302,8575.233,8577.535,128126.691,0.666,13,1430,683.8,10.852,733.332,448.109,1072.991,296.073,1369.064,7.77,8563.976,1.159,8565.135,128156.48,200,267.357,307.175,17.357,0.012,5.466,3.759,6184.05,395.623,0.962,4678,17.1,1871.2,0,0,18.053,29.107,19.596,86.2,Burdekin,AyrDPI,Mulg,1958,Furrow,BareFallow,35,Surf1,200,999,110,SWBased_900_60_30_15_60,P2R,15AprV1R4,T4,2113.8,1878.109,744.184,1040.257,22.835,5.478,8.24164092712404,0.113060455902719,8.23335106382979,0.773935,29.149
2015,14/09/2015,257,2014,15-Apr,10,sugar,alive,2,396,2012,14/8/2014,105,0,0,318,2015,21,2039,6555,5778.38,5050.44,153.739,3055.99,15045.6,17346.076,6938.432,78.681,21.55,97.8,58.408,58.408,1.159,8563.976,8565.135,128156.48,0.667,14,1540,418.6,48.073,485.26,290.179,1145.852,285.424,1431.276,4.057,8567.841,0.966,8568.807,128235.624,200,258.153,304.24,17.705,0.018,3.78,3.647,6690.7,398.072,0.959,4578.2,16.8,1831.3,0,0,18.088,29.909,20.707,83.4,Burdekin,AyrDPI,Mulg,1958,Furrow,BareFallow,35,Surf1,200,999,110,SWBased_900_60_30_15_60,P2R,15AprV1R4,T4,1958.6,1830.179,533.333,818.757,21.503,3.798,8.4002165908362,0.107413943921368,7.72557788944724,0.768695,30.56
2016,13/10/2016,287,2015,15-Apr,10,sugar,alive,3,395,2012,14/9/2015,105,0,0,318,2016,21,2039,6538.4,5771.9,5006.59,152.347,2825.58,15318.1,16680.236,6672.094,71.627,19.913,100,52.399,52.399,0.966,8567.841,8568.807,128235.624,0.667,12,1320,554.6,51.669,447.128,440.866,1089.524,276.451,1365.974,2.783,8564.832,1.309,8566.14,128159.017,200,264.721,313.67,17.765,0.009,5.983,3.76,7079.307,400.552,0.946,4162,15.3,1664.8,0,0,19.408,30.07,19.21,43.6,Burdekin,AyrDPI,Mulg,1958,Furrow,BareFallow,35,Surf1,200,999,110,SWBased_900_60_30_15_60,P2R,15AprV1R4,T4,1874.6,1760.866,498.797,775.248,23.757,5.992,8.65182245554176,0.111529941272674,8.60717514124294,0.761735,28.256
2017,13/11/2017,317,2016,15-Apr,10,sugar,alive,4,396,2012,13/10/2016,105,0,0,318,2017,21,2039,6697.77,5930.25,5062.25,154.512,2973.93,16355.3,16558.061,6623.224,74.681,20.774,102.3,62.229,62.229,1.309,8564.832,8566.14,128159.017,0.666,11,1210,933.4,62.676,644.423,595.607,1142.769,280.317,1423.086,6.098,8549.157,1.5,8550.657,127896.342,200,272.465,321.539,25.326,0.052,3.443,5.021,7128.363,403.076,0.946,4164.9,15.3,1666,0,0,18.877,30.034,18.44,107.8,Burdekin,AyrDPI,Mulg,1958,Furrow,BareFallow,35,Surf1,200,999,110,SWBased_900_60_30_15_60,P2R,15AprV1R4,T4,2143.4,1805.607,707.099,987.416,28.821,3.495,8.55734387383301,0.108575307465606,9.30795180722892,0.77256,29.739
2018,16/04/2018,106,0,15-Apr,10,none,out,-1,0,2012,0.000,106,1,0,319,-1,21,2039,0,0,0,0,0,0,17442.13,6976.852,82.278,0,0,75.446,75.446,1.5,8549.157,8550.657,127896.342,0.662,0,0,590.8,8.781,295.677,291.877,0,204.381,204.381,13.918,8653.269,5.618,8658.887,131069.595,0,0,7.72,0.263,0.01,0.312,0.027,3228.891,404.077,0.001,0.7,0,0.3,0,0,22.086,31.595,18.671,130.4,Burdekin,AyrDPI,Mulg,1958,Furrow,BareFallow,35,Surf1,200,999,110,SWBased_900_60_30_15_60,P2R,15AprV1R4,T4,590.8,291.877,304.458,508.839,0.585,0.322,0,0,0,,0
2019,16/07/2019,197,2018,15-Apr,11,sugar,alive,0,456,2018,16/4/2018,106,1,0,319,2019,20,2039,6769.24,5997.82,5254.66,160.727,2951.62,15145.7,0,0,0,19.688,173.1,157.408,157.408,5.618,8653.269,8658.887,131069.595,0.665,13,1430,1216.9,175.688,1127.372,618.656,1105.931,325.572,1431.502,19.374,8508.681,2.259,8510.94,127022.665,200,356.765,388.577,14.463,0.196,14.425,3.368,7340.465,407.053,0.958,4523.8,16.6,1809.5,0,0,17.883,29.192,16.746,92.8,Burdekin,AyrDPI,Mulg,1958,Furrow,BareFallow,35,Surf1,200,999,110,SWBased_900_60_30_15_60,P2R,15AprV1R4,T4,2646.9,2048.656,1303.06,1628.632,29.084,14.621,7.84548503994814,0.112278571737937,8.5493085106383,0.803635,29.516
2020,15/08/2020,228,2019,15-Apr,11,sugar,alive,1,396,2018,16/7/2019,106,1,0,319,2020,20,2039,6312.32,5599.87,4768.55,145.657,2665.41,15437.6,16719.081,6687.632,89.037,19.608,103.6,69.747,69.747,2.259,8508.681,8510.94,127022.665,0.657,13,1430,1063.1,43.526,1068.784,487.901,1070.979,292.356,1363.335,13.995,8495.735,1.3,8497.034,126984.231,200,262.198,306.773,16.756,0.013,11.874,3.718,6047.293,409.668,0.925,3695.9,13.5,1478.4,0,0,17.914,29.554,18.515,327.8,Burdekin,AyrDPI,Mulg,1958,Furrow,BareFallow,35,Surf1,200,999,110,SWBased_900_60_30_15_60,P2R,15AprV1R4,T4,2493.1,1917.901,1112.31,1404.666,28.643,11.887,7.5946047267299,0.106838744695911,7.74771276595745,0.728285,26.654
2021,15/09/2021,258,2020,15-Apr,11,sugar,alive,2,396,2018,15/8/2020,106,1,0,319,2021,20,2039,5952.5,5266,4454.15,135.486,2396.8,14983.5,16263.485,6505.394,78.511,18.859,91.1,87.203,87.203,1.3,8495.735,8497.034,126984.231,0.659,9,990,1075.5,179.602,692.864,514.499,950.801,250.983,1201.784,8.076,8499.994,1.289,8501.283,127117.694,200,255.59,295.985,16.195,0.027,3.482,3.421,6248.246,412.327,0.925,3693.5,13.5,1477.4,0,0,18.813,29.303,17.235,132.4,Burdekin,AyrDPI,Mulg,1958,Furrow,BareFallow,35,Surf1,200,999,110,SWBased_900_60_30_15_60,P2R,15AprV1R4,T4,2065.5,1504.499,872.466,1123.449,19.704,3.509,9.00538983409095,0.11273739706969,9.40875,0.67743,23.968
