today,year,day,SowYear,SowDate,cropCycle,currentCrop,sugarStatus,sugarWasSavedBySW,sugarWasSavedByIrrig,ratoon_no,sugarDAS,sugarStage,sugarPlantYear,sugarPlantDate,sugarPlantingDAY,sugarPlantDelay,sugarHarvDelay,sugarLastHarvDAY,sugarHarvYear,realDelayForKill,totCycle,biomass,green_biomass,greenwt,cane_wt,canefw,sucrose_wt,residue_wt,burntDM,burntOrgC,burntOrgN,ccs,totalNGCane,totalInitTAW,totalInitPAW,totalInitInorgN,totalInitOrgN,totalInitSoilN,totalInitSoilC,biomass_n,green_biomass_n,meanInitOC2,irrigNum,totalIrrig,totalRain,totalDrain,totalRunoff,totalEffRain,totalTransp,totalEvap,totalEvapTr,totalSediment,totalSoilOrgN,totalSoilInorgN,totalSoilN,totalSoilC,totalFert,totalNUptake,totalNit,totalDeNit,totalNO3Leach,totalNO3Runoff,totalSoilN2O,totalSoilCO2,CO2,surfaceom_cover,surfaceom_wt,surfaceom_n,surfaceom_c,surfaceom_no3,surfaceom_nh4,meanTMin,meanTMax,meanRadn,maxRain,Region,WStation,Soil,StartYear,IrrigSys,Fallow,DryOff,Fert,FertAmt,IrrigAmt,IrrigAlloc,MaxIrrigNum,IrrigFreq,NRunOffModel,Planting,Tillage,totalWater,totalWaterEff,totalWaterLoss,totalWaterLossWithEvap,totalNLoss,totalNPol,GPWUI,CWUE,GPWUI_450,NUE,NUPE,sucroseTH,IrrigAllocOrig
01/05/1957,1957,121,0,01-May,0,none,out,0,0,-1,0,6,-1,0.000,121,0,0,181,-1,14,2616,0,0,0,0,0,0,,0,0,0,0,0,0,0,0,0,0,0,0,0,1.327,0,0,514,0,289.107,224.893,0,196.389,196.389,13.134,6529.918,127.862,6657.781,109174.966,0,0,102.679,2.432,0,7.48,0.594,1124.277,350,0,0.2,0,0.1,0,0,20.618,29.282,19.375,84.8,Mackay,Mackay,Pind,1957,Furrow,BareFallow,42,MW_Surf2,130_150,100,3,3,SWD_0_50_200_50_50,P2R,MW_01MayR6V1,MW_T3,514,224.893,289.107,485.496,9.912,7.48,0,0,0,,,0,3_3
01/09/1958,1958,244,1957,01-May,1,sugar,alive,0,0,0,488,4.641,1957,1/5/1957,121,0,0,181,1958,14,2616,4757.42,4229.71,4905.17,3734.87,114.001,1667.78,,0,0,0,15.094,114.6,58.303,58.303,127.862,6529.918,6657.781,109174.966,18.9,16.97,1.304,3,300,3207.2,316.267,1997.108,1138.073,717.967,467.288,1185.255,14.197,6456.25,11.105,6467.356,108869.191,130,256.195,251.872,58.071,28.978,9.613,10.86,3215.831,350,0.821,2453.9,9,981.6,0,0,16.357,26.794,18.722,376.2,Mackay,Mackay,Pind,1957,Furrow,BareFallow,42,MW_Surf2,130_150,100,3,3,SWD_0_50_200_50_50,P2R,MW_01MayR6V1,MW_T3,3507.2,1438.073,2313.375,2780.663,96.662,38.591,7.92734443939911,0.0961826779891247,15.2001333333333,0.876930769230769,0.444977458576475,16.678,3_3
01/09/1959,1959,244,1958,01-May,1,sugar,alive,0,0,1,365,4.46,1957,1/9/1958,121,0,0,181,1959,14,2616,4072.16,3551.67,4338.77,3088.79,93.727,1679.83,,0,0,0,19.145,63.8,66.874,56.874,11.105,6456.25,6467.356,108869.191,10.93,9.03,1.284,3,300,1655.8,604.1,540.341,942.109,628.174,198.28,826.454,1.424,6554.592,2.979,6557.571,109868.403,150,163.828,225.964,5.447,8.403,5.721,1.141,7283.796,350,0.829,2520.6,9.5,1008.2,0,0,16.897,27.133,19.482,175.5,Mackay,Mackay,Pind,1957,Furrow,BareFallow,42,MW_Surf2,130_150,100,3,3,SWD_0_50_200_50_50,P2R,MW_01MayR6V1,MW_T3,1955.8,1242.109,1144.441,1342.721,19.571,14.124,7.54579509527747,0.113408610763576,12.4969333333333,0.624846666666667,0.572106111287448,16.798,3_3
01/08/1960,1960,214,1959,01-May,1,sugar,alive,0,0,2,335,4.374,1957,1/9/1959,121,0,0,181,1960,14,2616,4153.09,3649.14,4537.37,3039.24,93.135,1620.83,,0,0,0,18.506,71.3,51.779,41.779,2.979,6554.592,6557.571,109868.403,12.67,10.83,1.308,3,300,2220.2,665.422,1079.099,882.072,600.027,163.551,763.578,1.28,6600.952,2.556,6603.508,110261.829,150,183.675,255.222,11.103,1.902,1.173,2.221,7587.504,350,0.77,2096.5,7.9,838.6,0,0,17.507,27.169,19.558,235.7,Mackay,Mackay,Pind,1957,Furrow,BareFallow,42,MW_Surf2,130_150,100,3,3,SWD_0_50_200_50_50,P2R,MW_01MayR6V1,MW_T3,2520.2,1182.072,1744.521,1908.072,14.178,3.075,7.87896168761294,0.12197182213212,12.418,0.6209,0.507064107799102,16.208,3_3
01/07/1961,1961,182,1960,01-May,1,sugar,alive,0,0,3,334,4.377,1957,1/8/1960,121,0,0,181,1961,14,2616,4541.84,3928.21,4922.89,3313.96,100.962,1712.35,,0,0,0,17.961,88,63.881,53.881,2.556,6600.952,6603.508,110261.829,15.17,12.92,1.32,3,300,984.9,209.6,236.077,718.448,673.434,171.808,845.242,0.617,6636.022,4.016,6640.038,110782.061,150,213.89,281.788,5.947,0.313,1.04,1.281,8199.43,350,0.779,2158.1,8.1,863.2,0,0,17.037,27.256,20.436,136.7,Mackay,Mackay,Pind,1957,Furrow,BareFallow,42,MW_Surf2,130_150,100,3,3,SWD_0_50_200_50_50,P2R,MW_01MayR6V1,MW_T3,1284.9,1018.448,445.677,617.485,7.3,1.353,9.91331908943805,0.119447448186437,13.4616,0.67308,0.472027677778297,17.124,3_3
01/07/1962,1962,182,1961,01-May,1,sugar,alive,0,0,4,365,4.452,1957,1/7/1961,121,0,0,181,1962,14,2616,4471.76,3832.09,4817.72,3367.53,102.089,1627.34,,0,0,0,16.707,100.5,57.861,47.861,4.016,6636.022,6640.038,110782.061,16.07,13.73,1.329,3,300,1314,410.394,342.142,868.957,674.621,183.925,858.546,0.92,6677.384,1.787,6679.17,111326.509,150,225.785,294.895,5.694,1.07,2.196,1.11,9235.206,350,0.784,2190.6,8.2,876.2,0,0,17.321,27.276,19.653,153.2,Mackay,Mackay,Pind,1957,Furrow,BareFallow,42,MW_Surf2,130_150,100,3,3,SWD_0_50_200_50_50,P2R,MW_01MayR6V1,MW_T3,1614,1168.957,752.536,936.461,8.96,3.266,8.73334091844268,0.118909179007298,13.6118666666667,0.680593333333333,0.452151382952809,16.273,3_3
01/07/1963,1963,182,1962,01-May,1,sugar,alive,0,0,5,365,4.484,1957,1/7/1962,121,0,0,181,1963,14,2616,4720.38,4068.48,5087.08,3488.95,105.501,1573.73,,0,0,0,15.448,121.1,60.779,50.779,1.787,6677.384,6679.17,111326.509,18.79,16.4,1.342,3,300,2702.1,531.627,1532.757,946.432,734.655,195.317,929.972,6.782,6680.817,2.913,6683.73,111444.353,150,257.43,324.335,3.693,0.512,7.141,0.89,9371.027,350,0.794,2259.5,8.4,903.8,0,0,17.871,27.641,18.893,406.4,Mackay,Mackay,Pind,1957,Furrow,BareFallow,42,MW_Surf2,130_150,100,3,3,SWD_0_50_200_50_50,P2R,MW_01MayR6V1,MW_T3,3002.1,1246.432,2064.384,2259.701,11.346,7.653,8.46424032759108,0.113445351042827,14.0668,0.70334,0.409824029833353,15.737,3_3
01/07/1964,1964,183,1963,01-May,1,sugar,alive,0,0,6,366,4.467,1957,1/7/1963,121,0,0,181,1964,14,2616,5307.12,4715.47,5826.28,4006.72,123.91,2028.77,,0,0,0,17.239,119.5,68.523,58.523,2.913,6680.817,6683.73,111444.353,18.22,16.05,1.344,3,300,1026,201.394,143.884,872.792,778.683,186.202,964.884,0.332,6690.604,7.769,6698.374,111561.998,150,244.366,320.717,19.47,2.026,1.473,3.765,9966.765,350,0.73,1869.8,7,747.9,0,0,17.496,27.22,19.699,68.1,Mackay,Mackay,Pind,1957,Furrow,BareFallow,42,MW_Surf2,130_150,100,3,3,SWD_0_50_200_50_50,P2R,MW_01MayR6V1,MW_T3,1326,1172.792,345.278,531.48,22.969,3.499,10.565385848471,0.128419582043023,16.5213333333333,0.826066666666667,0.507067267950533,20.288,3_3
01/05/1965,1965,121,0,01-May,1,none,out,0,0,-1,0,6,1957,0.000,121,0,0,181,-1,14,2616,0,0,0,0,0,0,,0,0,0,0,0,84.362,74.362,7.769,6690.604,6698.374,111561.998,0,0,1.35,0,0,1011.1,465.77,143.269,733.532,0,276.262,276.262,2.052,6766.843,65.162,6832.005,111974.932,0,0,131.242,19.484,3.872,1.123,3.078,9985.141,350,0.006,8.8,0,3.5,0,0,18.378,28.021,20.376,77.2,Mackay,Mackay,Pind,1957,Furrow,BareFallow,42,MW_Surf2,130_150,100,3,3,SWD_0_50_200_50_50,P2R,MW_01MayR6V1,MW_T3,1011.1,733.532,609.039,885.301,24.479,4.995,0,0,0,,,0,3_3
01/09/1966,1966,244,1965,01-May,2,sugar,alive,2,0,0,488,4.614,1965,1/5/1965,121,0,0,181,1966,14,2616,5002.79,4427.26,5108.98,3913.98,119.984,2244.46,,0,0,0,20.109,154.1,210.161,210.161,65.162,6766.843,6832.005,111974.932,22.5,20.39,1.362,3,300,1171.1,190.176,367.726,829.924,681.897,411.348,1093.245,10.757,6572.851,45.304,6618.156,110311.932,130,301.865,359.302,55.604,7.413,9.073,10.473,4336.123,350,0.82,2446.9,9,978.8,0,0,16.126,26.26,18.784,80,Mackay,Mackay,Pind,1957,Furrow,BareFallow,42,MW_Surf2,130_150,100,3,3,SWD_0_50_200_50_50,P2R,MW_01MayR6V1,MW_T3,1471.1,1129.924,557.902,969.25,72.09,16.486,10.6187672799233,0.109750330438282,15.9978666666667,0.922953846153846,0.397475692776572,22.445,3_3
01/09/1967,1967,244,1966,01-May,2,sugar,alive,0,0,1,365,4.479,1965,1/9/1966,121,0,0,181,1967,14,2616,5243.52,4648.65,5585.42,4030.35,123.758,2201.89,,0,0,0,18.984,92.7,65.473,55.473,45.304,6572.851,6618.156,110311.932,15.09,12.91,1.325,3,300,1191.4,215.854,300.016,930.81,774.187,204.319,978.506,0.906,6632.934,14.595,6647.529,111015.029,150,209.504,278.984,15.218,19.743,4.007,2.998,8373.284,350,0.819,2445.3,9.1,978.1,0,0,17.527,27.224,19.865,100.3,Mackay,Mackay,Pind,1957,Furrow,BareFallow,42,MW_Surf2,130_150,100,3,3,SWD_0_50_200_50_50,P2R,MW_01MayR6V1,MW_T3,1491.4,1230.81,515.87,720.189,38.968,23.75,10.0550044279783,0.12647648558108,16.5010666666667,0.825053333333333,0.590719031617535,22.019,3_3
01/08/1968,1968,214,1967,01-May,2,sugar,alive,0,0,2,335,4.376,1965,1/9/1967,121,0,0,181,1968,14,2616,3731.62,3290.23,4185.67,2720.05,83.502,1489.23,,0,0,0,19.037,65,62.497,52.497,14.595,6632.934,6647.529,111015.029,11.42,9.81,1.344,3,300,2210.6,723.417,1086.924,832.088,547.097,148.539,695.636,1.339,6702.181,3.01,6705.192,111635.424,150,169.821,255.146,16.374,12.811,1.186,3.122,8341.357,350,0.778,2153,8.3,861.2,0,0,17.482,27.186,19.944,213.1,Mackay,Mackay,Pind,1957,Furrow,BareFallow,42,MW_Surf2,130_150,100,3,3,SWD_0_50_200_50_50,P2R,MW_01MayR6V1,MW_T3,2510.6,1132.088,1810.341,1958.88,30.371,13.997,7.37592837305934,0.120036915858294,11.1336,0.55668,0.491705972759553,14.892,3_3
01/07/1969,1969,182,1968,01-May,2,sugar,alive,0,0,3,334,4.444,1965,1/8/1968,121,0,0,181,1969,14,2616,4614.71,4077.25,5089.39,3312.46,101.581,1647.42,,0,0,0,17.048,107.7,67.119,57.119,3.01,6702.181,6705.192,111635.424,17.41,15.44,1.363,3,300,961.4,178.744,150.972,804.927,689.479,196.479,885.958,0.354,6700.781,3.147,6703.928,111566.138,150,239.888,301.271,11.98,0.417,2.755,2.386,8528.221,350,0.721,1824.4,6.8,729.8,0,0,18.432,28.034,20.372,55.6,Mackay,Mackay,Pind,1957,Furrow,BareFallow,42,MW_Surf2,130_150,100,3,3,SWD_0_50_200_50_50,P2R,MW_01MayR6V1,MW_T3,1261.4,1104.927,329.716,526.195,15.152,3.172,9.19345802935397,0.114656676727339,13.5441333333333,0.677206666666667,0.423451777496165,16.474,3_3
01/07/1970,1970,182,1969,01-May,2,sugar,alive,0,0,4,365,4.493,1965,1/7/1969,121,0,0,181,1970,14,2616,4675.12,4016.14,5027.47,3563.97,108.151,1719.36,,0,0,0,16.654,110.4,112.846,102.846,3.147,6700.781,6703.928,111566.138,17,14.59,1.365,3,300,1657.1,300.225,781.985,793.231,740.325,190.353,930.678,2.449,6734.872,1.432,6736.304,112367.186,150,234.273,309.295,9.453,0.74,1.856,1.984,9338.033,350,0.801,2308.6,8.6,923.4,0,0,17.69,27.53,20.173,411.7,Mackay,Mackay,Pind,1957,Furrow,BareFallow,42,MW_Surf2,130_150,100,3,3,SWD_0_50_200_50_50,P2R,MW_01MayR6V1,MW_T3,1957.1,1093.231,1082.21,1272.563,12.049,2.596,9.89278569671003,0.116206679431554,14.4201333333333,0.721006666666667,0.461645174646673,17.194,3_3
01/07/1971,1971,182,1970,01-May,2,sugar,alive,0,0,5,365,4.45,1965,1/7/1970,121,0,0,181,1971,14,2616,4893.22,4216.97,5266,3676.96,111.725,1696.96,,0,0,0,15.782,115.2,57.059,47.059,1.432,6734.872,6736.304,112367.186,18.12,15.64,1.376,3,300,1633.5,415.048,546.914,981.734,757.98,196.256,954.235,2.194,6746.916,2.425,6749.341,112472.819,150,246.674,322.474,10.255,1.199,2.46,2.037,9427.274,350,0.814,2400,8.9,960,0,0,17.125,27.326,19.196,129.3,Mackay,Mackay,Pind,1957,Furrow,BareFallow,42,MW_Surf2,130_150,100,3,3,SWD_0_50_200_50_50,P2R,MW_01MayR6V1,MW_T3,1933.5,1281.734,961.962,1158.218,13.914,3.659,8.7167072107005,0.117083318050585,14.8966666666667,0.744833333333333,0.452925723829832,16.97,3_3
01/07/1972,1972,183,1971,01-May,2,sugar,alive,0,0,6,366,4.493,1965,1/7/1971,121,0,0,181,1972,14,2616,5231,4615.6,5719.29,3922.21,120.302,1962.52,,0,0,0,17.165,121.7,74.361,64.361,2.425,6746.916,6749.341,112472.819,18.55,16.3,1.381,3,300,2077.4,525.171,848.189,1051.401,820.114,194.786,1014.901,2.981,6754.931,3.172,6758.103,112802.409,150,255.069,341.559,16.955,0.624,2.539,3.355,10001.912,350,0.772,2109.6,7.8,843.8,0,0,17.741,27.479,19.215,183.4,Mackay,Mackay,Pind,1957,Furrow,BareFallow,42,MW_Surf2,130_150,100,3,3,SWD_0_50_200_50_50,P2R,MW_01MayR6V1,MW_T3,2377.4,1351.401,1373.36,1568.146,20.118,3.163,8.90202093975067,0.118535699541138,16.0402666666667,0.802013333333333,0.471644927451004,19.625,3_3
01/05/1973,1973,121,0,01-May,2,none,out,0,0,-1,0,6,1965,0.000,121,0,0,181,-1,14,2616,0,0,0,0,0,0,,0,0,0,0,0,63.501,53.501,3.172,6754.931,6758.103,112802.409,0,0,1.384,0,0,1038,442.832,236.991,559.761,0,237.079,237.079,0.163,6895.002,19.722,6914.724,114616.414,0,0,86.036,5.514,0.379,0.289,0.547,8684.216,350,0.007,10.6,0,4.2,0,0,18.299,28.252,21.048,148.3,Mackay,Mackay,Pind,1957,Furrow,BareFallow,42,MW_Surf2,130_150,100,3,3,SWD_0_50_200_50_50,P2R,MW_01MayR6V1,MW_T3,1038,559.761,679.823,916.902,6.182,0.668,0,0,0,,,0,3_3
03/09/1974,1974,246,1973,01-May,3,sugar,alive,0,0,0,490,4.669,1973,1/5/1973,121,0,2,181,1974,12,2616,6522.96,5776.84,6622.87,5248.52,160.268,2461.16,,0,0,0,15.988,187.7,184.598,184.598,19.722,6895.002,6914.724,114616.414,27.12,24.39,1.404,3,300,3287.8,569.766,1859.248,1192.632,885.492,362.188,1247.68,27.174,6671.713,1.648,6673.361,111934.146,130,374.105,394.54,26.373,3.134,7.999,4.862,6243.531,350,0.951,4297.5,15.7,1719,0,0,17.273,26.425,17.453,199.6,Mackay,Mackay,Pind,1957,Furrow,BareFallow,42,MW_Surf2,130_150,100,3,3,SWD_0_50_200_50_50,P2R,MW_01MayR6V1,MW_T3,3587.8,1492.632,2429.014,2791.202,37.506,11.133,10.737274827285,0.128452808412413,21.3690666666667,1.23283076923077,0.428403790379706,24.612,3_3
03/09/1975,1975,246,1974,01-May,3,sugar,alive,0,0,1,365,4.491,1973,3/9/1974,121,0,2,183,1975,12,2618,4706.77,4188.98,5120.99,3566.71,109.717,2012.05,,0,0,0,19.656,96.1,95.705,85.705,1.648,6671.713,6673.361,111934.146,14.99,13.1,1.361,3,300,1730,538.538,660.97,918.961,697.375,169.481,866.855,0.971,6749.789,3.531,6753.319,112673.091,150,209.38,299.696,8.871,0.512,0.87,1.97,9974.359,350,0.756,2016.1,7.6,806.4,0,0,17.873,27.222,19.543,139.4,Mackay,Mackay,Pind,1957,Furrow,BareFallow,42,MW_Surf2,130_150,100,3,3,SWD_0_50_200_50_50,P2R,MW_01MayR6V1,MW_T3,2030,1218.961,1199.508,1368.989,10.253,1.382,9.00086220970154,0.126569034036834,14.6289333333333,0.731446666666667,0.524008978890056,20.12,3_3
03/08/1976,1976,216,1975,01-May,3,sugar,alive,0,0,2,335,4.431,1973,3/9/1975,121,0,2,183,1976,12,2618,4574.49,4121.21,5120.43,3375.58,104.947,1794.8,,0,0,0,18.135,101.6,59.341,49.341,3.531,6749.789,6753.319,112673.091,16.19,14.53,1.388,2,200,2274.8,728.595,922.676,1044.939,634.6,178.089,812.689,2.561,6755.183,3.341,6758.524,112646.151,150,223.009,312.709,22.397,3.642,3.01,4.18,8867.526,350,0.717,1803.8,6.7,721.5,0,0,18.468,27.091,18.043,161.4,Mackay,Mackay,Pind,1957,Furrow,BareFallow,42,MW_Surf2,130_150,100,3,3,SWD_0_50_200_50_50,P2R,MW_01MayR6V1,MW_T3,2474.8,1244.939,1651.271,1829.36,29.049,6.652,8.42989094244778,0.129135499557641,16.1456923076923,0.699646666666667,0.470595357138053,17.948,3_3
03/07/1977,1977,184,1976,01-May,3,sugar,alive,0,0,3,334,4.428,1973,3/8/1976,121,0,2,183,1977,12,2618,4642.62,4054.34,5106.58,3412.61,104.517,1622.43,,0,0,0,16.193,101.1,70.181,60.181,3.341,6755.183,6758.524,112646.151,16.41,14.26,1.392,3,300,1959.8,592.715,816.886,958.905,681.531,180.245,861.776,3.344,6764.532,5.05,6769.582,112776.446,150,224.458,316.595,22.75,4.401,3.507,4.073,9035.488,350,0.78,2162.8,8.1,865.1,0,0,18.392,27.812,19.513,166.6,Mackay,Mackay,Pind,1957,Furrow,BareFallow,42,MW_Surf2,130_150,100,3,3,SWD_0_50_200_50_50,P2R,MW_01MayR6V1,MW_T3,2259.8,1258.905,1409.601,1589.846,30.658,7.908,8.30221502019612,0.121280936113329,13.9356,0.69678,0.465641679066908,16.224,3_3
03/07/1978,1978,184,1977,01-May,3,sugar,alive,0,0,4,365,4.474,1973,3/7/1977,121,0,2,183,1978,12,2618,4786.02,4180.11,5233.18,3598.22,109.866,1823.66,,0,0,0,17.517,107.6,58.604,48.604,5.05,6764.532,6769.582,112776.446,16.83,14.61,1.397,3,300,1314.6,165.963,548.484,757.726,709.405,183.073,892.479,1.56,6804.72,3.423,6808.142,113439.072,150,233.18,302.621,3.22,0.33,2.443,0.846,9432.865,350,0.779,2155.1,8.1,862.1,0,0,17.591,27.306,20.244,300,Mackay,Mackay,Pind,1957,Furrow,BareFallow,42,MW_Surf2,130_150,100,3,3,SWD_0_50_200_50_50,P2R,MW_01MayR6V1,MW_T3,1614.6,1057.726,714.447,897.52,5.993,2.773,10.3870000359261,0.123102056182835,14.6488,0.73244,0.471163907710781,18.237,3_3
03/07/1979,1979,184,1978,01-May,3,sugar,alive,0,0,5,365,4.478,1973,3/7/1978,121,0,2,183,1979,12,2618,4932.46,4364.02,5433.66,3699.79,113.735,1869.76,,0,0,0,17.321,114.4,66.279,56.279,3.423,6804.72,6808.142,113439.072,17.43,15.35,1.409,3,300,2906,580.379,1709.162,975.695,686.238,182.811,869.05,6.177,6817.632,2.403,6820.035,113692.82,150,239.275,318.026,18.188,0.88,5.293,3.54,9664.364,350,0.76,2040.1,7.6,816.1,0,0,18.015,26.651,18.211,509.4,Mackay,Mackay,Pind,1957,Furrow,BareFallow,42,MW_Surf2,130_150,100,3,3,SWD_0_50_200_50_50,P2R,MW_01MayR6V1,MW_T3,3206,1275.695,2289.541,2472.352,24.361,6.173,8.91553231767781,0.130872792129337,15.1646666666667,0.758233333333333,0.47533173127155,18.698,3_3
03/07/1980,1980,185,1979,01-May,3,sugar,alive,0,0,6,366,4.517,1973,3/7/1979,121,0,2,183,1980,12,2618,5466.38,4870,6024.3,4115.95,126.794,2038.85,,0,0,0,16.878,122.8,113.689,103.689,2.403,6817.632,6820.035,113692.82,18.44,16.26,1.413,3,300,1248.6,175.033,437.287,833.546,789.001,183.955,972.956,1.016,6832.772,4.417,6837.189,113838.461,150,256.623,320.464,2.995,0.097,0.992,0.833,10225.256,350,0.781,2169.9,8.1,868,0,0,18.403,27.636,19.974,215.6,Mackay,Mackay,Pind,1957,Furrow,BareFallow,42,MW_Surf2,130_150,100,3,3,SWD_0_50_200_50_50,P2R,MW_01MayR6V1,MW_T3,1548.6,1133.546,612.32,796.275,4.084,1.089,11.1856069361102,0.130318328886404,16.9058666666667,0.845293333333333,0.494086656301267,20.388,3_3
01/05/1981,1981,121,0,01-May,3,none,out,0,0,-1,0,6,1973,0.000,121,0,2,183,-1,12,2618,0,0,0,0,0,0,,0,0,0,0,0,77.013,67.013,4.417,6832.772,6837.189,113838.461,0,0,1.42,0,0,1435.4,698.411,402.696,751.253,0,266.711,266.711,0.578,6914.783,58.928,6973.711,114255.715,0,0,135.463,21.905,2.953,1.437,3.372,10475.626,350,0.006,8.1,0,3.2,0,0,19.146,27.914,20.243,100.4,Mackay,Mackay,Pind,1957,Furrow,BareFallow,42,MW_Surf2,130_150,100,3,3,SWD_0_50_200_50_50,P2R,MW_01MayR6V1,MW_T3,1435.4,751.253,1101.107,1367.818,26.295,4.39,0,0,0,,,0,3_3
01/09/1982,1982,244,1981,01-May,4,sugar,alive,0,0,0,488,4.642,1981,1/5/1981,121,0,0,181,1982,14,2616,4762.71,4128.01,4782.23,3844.65,115.205,1868.74,,0,0,0,17.052,163.8,144.595,144.595,58.928,6914.783,6973.711,114255.715,23.95,21.62,1.431,3,300,1464.7,234.55,562.016,872.746,660.861,400.359,1061.22,11.88,6740.462,9.988,6750.449,112787.072,130,331.217,343.011,35.191,7.995,13.715,6.359,4573.234,350,0.934,3884.6,14.2,1553.8,0,0,16.85,26.342,18.91,222,Mackay,Mackay,Pind,1957,Furrow,BareFallow,42,MW_Surf2,130_150,100,3,3,SWD_0_50_200_50_50,P2R,MW_01MayR6V1,MW_T3,1764.7,1172.746,796.566,1196.925,56.901,21.71,9.82352529874329,0.108559016980456,15.3606666666667,0.886192307692308,0.347823330324229,18.687,3_3
01/09/1983,1983,244,1982,01-May,4,sugar,alive,0,0,1,365,4.466,1981,1/9/1982,121,0,0,181,1983,14,2616,5566.3,4880.48,5855.72,4209.73,128.519,2087.9,,0,0,0,17.082,110.4,51.509,41.509,9.988,6740.462,6750.449,112787.072,18.22,15.71,1.4,3,300,1433.4,337.285,423.361,971.288,777.762,185.949,963.712,1.568,6776.307,1.867,6778.174,113227.836,150,243.53,304.936,9.88,6.145,1.668,1.937,8539.98,350,0.843,2645.8,9.9,1058.3,0,0,18.25,27.127,20.019,156,Mackay,Mackay,Pind,1957,Furrow,BareFallow,42,MW_Surf2,130_150,100,3,3,SWD_0_50_200_50_50,P2R,MW_01MayR6V1,MW_T3,1733.4,1271.288,760.646,946.595,17.693,7.813,10.1093536633713,0.133358306215965,17.1358666666667,0.856793333333333,0.527733749435388,20.879,3_3
01/08/1984,1984,214,1983,01-May,4,sugar,alive,0,0,2,335,4.43,1981,1/9/1983,121,0,0,181,1984,14,2616,3451.83,2908.83,3774.15,2586.99,77.541,1171.66,,0,0,0,15.685,71.8,60.551,50.551,1.867,6776.307,6778.174,113227.836,12.18,10.2,1.414,3,300,689.2,166.526,120.6,602.838,503.962,148.662,652.624,0.126,6852.248,2.794,6855.042,114153.064,150,180.213,271.421,13.773,0.968,3.262,2.562,8875.215,350,0.838,2598.1,9.9,1039.2,0,0,18.796,27.49,19.292,62,Mackay,Mackay,Pind,1957,Furrow,BareFallow,42,MW_Surf2,130_150,100,3,3,SWD_0_50_200_50_50,P2R,MW_01MayR6V1,MW_T3,989.2,902.838,287.126,435.788,18.003,4.23,8.58858399845819,0.118814202358479,10.3388,0.51694,0.430274175558922,11.717,3_3
01/07/1985,1985,182,1984,01-May,4,sugar,alive,0,0,3,334,4.463,1981,1/8/1984,121,0,0,181,1985,14,2616,5335.69,4698.03,5784.96,3922.84,120.311,1836.97,,0,0,0,15.88,124.2,110.001,100.001,2.794,6852.248,6855.042,114153.064,19.79,17.46,1.435,3,300,1538.4,282.447,609.872,909.601,756.57,196.021,952.591,2.457,6821.21,4.294,6825.504,113741.349,150,267.713,330.232,17.641,2.074,1.749,3.302,8682.479,350,0.781,2167.4,8.1,867,0,0,18.98,27.78,19.759,365,Mackay,Mackay,Pind,1957,Furrow,BareFallow,42,MW_Surf2,130_150,100,3,3,SWD_0_50_200_50_50,P2R,MW_01MayR6V1,MW_T3,1838.4,1209.601,892.319,1088.34,21.464,3.823,9.94633767663882,0.126298694822857,16.0414666666667,0.802073333333333,0.449402905350132,18.37,3_3
01/07/1986,1986,182,1985,01-May,4,sugar,alive,0,0,4,365,4.497,1981,1/7/1985,121,0,0,181,1986,14,2616,5463.02,4859.34,6011.77,4074.85,125.701,2269.35,,0,0,0,19.306,124.2,103.492,93.492,4.294,6821.21,6825.504,113741.349,19.03,16.82,1.428,3,300,1424.2,390.817,415.838,922.779,760.785,176.845,937.63,0.669,6845.084,2.668,6847.751,114192.539,150,261.658,341.662,5.239,0.891,0.749,1.38,10584.897,350,0.749,1973.9,7.4,789.5,0,0,18.337,27.134,19.595,134,Mackay,Mackay,Pind,1957,Furrow,BareFallow,42,MW_Surf2,130_150,100,3,3,SWD_0_50_200_50_50,P2R,MW_01MayR6V1,MW_T3,1724.2,1222.779,806.655,983.5,6.879,1.64,10.2799442908326,0.134062476669902,16.7601333333333,0.838006666666667,0.480401898661612,22.694,3_3
01/07/1987,1987,182,1986,01-May,4,sugar,alive,0,0,5,365,4.545,1981,1/7/1986,121,0,0,181,1987,14,2616,3941.05,3492.36,4486.62,2954.33,90.217,1366.35,,0,0,0,15.729,107.2,83.408,73.408,2.668,6845.084,6847.751,114192.539,15.46,13.81,1.436,3,300,756.7,135.583,91.552,695.204,578.663,198.421,777.084,0.095,6894.763,3.156,6897.919,114716.994,150,215.606,305.046,15.322,0.191,0.154,3.083,10192.831,350,0.736,1901.9,7.2,760.8,0,0,19.257,27.916,19.78,55,Mackay,Mackay,Pind,1957,Furrow,BareFallow,42,MW_Surf2,130_150,100,3,3,SWD_0_50_200_50_50,P2R,MW_01MayR6V1,MW_T3,1056.7,995.204,227.135,425.556,15.667,0.345,9.06517658691082,0.116096844099222,12.0289333333333,0.601446666666667,0.41843455191414,13.663,3_3
01/07/1988,1988,183,1987,01-May,4,sugar,alive,0,0,6,366,4.514,1981,1/7/1987,121,0,0,181,1988,14,2616,5193.96,4595.32,5695.07,3822.37,116.593,1747.11,,0,0,0,15.531,130.4,135.889,125.889,3.156,6894.763,6897.919,114716.994,20.53,18.34,1.448,3,300,1598.2,284.135,686.433,886.687,753.051,197.889,950.94,1.648,6873.5,2.249,6875.75,114535.507,150,275.336,323.051,8.599,0.497,1.317,1.885,9351.605,350,0.809,2366.9,8.8,946.7,0,0,18.474,27.344,19.667,293.4,Mackay,Mackay,Pind,1957,Furrow,BareFallow,42,MW_Surf2,130_150,100,3,3,SWD_0_50_200_50_50,P2R,MW_01MayR6V1,MW_T3,1898.2,1186.687,970.568,1168.457,10.413,1.814,9.82508445782249,0.12260815614024,15.5457333333333,0.777286666666667,0.423457157799924,17.471,3_3
01/05/1989,1989,121,0,01-May,4,none,out,0,0,-1,0,6,1981,0.000,121,0,0,181,-1,14,2616,0,0,0,0,0,0,,0,0,0,0,0,112.581,102.581,2.249,6873.5,6875.75,114535.507,0,0,1.446,0,0,2226.1,996.478,868.213,1036.28,0,300.633,300.633,3.307,6951.802,53.492,7005.294,114845.423,0,0,147.608,35.425,8.692,3.839,5.511,10528.541,350,0.004,5.8,0,2.3,0,0,19.511,27.611,19.914,197,Mackay,Mackay,Pind,1957,Furrow,BareFallow,42,MW_Surf2,130_150,100,3,3,SWD_0_50_200_50_50,P2R,MW_01MayR6V1,MW_T3,2226.1,1036.28,1864.691,2165.324,47.956,12.531,0,0,0,,,0,3_3
01/09/1990,1990,244,1989,01-May,5,sugar,alive,0,0,0,488,4.637,1989,1/5/1989,121,0,0,181,1990,14,2616,3882.62,3453.62,4026.01,3064.18,92.635,1279.14,,0,0,0,14.084,117.7,173.358,173.358,53.492,6951.802,7005.294,114845.423,19.22,17.65,1.457,3,300,2012.6,567.728,913.677,914.941,517.769,437.482,955.25,15.125,6785.532,8.217,6793.749,113320.736,130,260.223,330.428,63.555,34.854,13.433,11.731,4276.528,350.657,0.825,2490.6,9.1,996.2,0,0,17.069,26.065,18.668,130,Mackay,Mackay,Pind,1957,Furrow,BareFallow,42,MW_Surf2,130_150,100,3,3,SWD_0_50_200_50_50,P2R,MW_01MayR6V1,MW_T3,2312.6,1214.941,1481.405,1918.887,111.842,48.287,7.62465008588894,0.0969746139753991,12.3513333333333,0.712576923076923,0.355983137539726,12.791,3_3
01/09/1991,1991,244,1990,01-May,5,sugar,alive,0,0,1,365,4.48,1989,1/9/1990,121,0,0,181,1991,14,2616,3979.11,3295.73,4030.39,3001.58,88.221,1414.27,,0,0,0,16.818,90.7,49.302,39.302,8.217,6785.532,6793.749,113320.736,15.8,13.29,1.429,3,300,2938.6,439.742,2031.598,677.309,551.933,219.742,771.675,13.135,6819.217,1.63,6820.846,114082.681,150,218.351,267.357,15.079,6.584,6.381,2.936,6583.626,352.197,0.913,3483.2,12.9,1393.3,0,0,18.172,27.239,19.486,298.2,Mackay,Mackay,Pind,1957,Furrow,BareFallow,42,MW_Surf2,130_150,100,3,3,SWD_0_50_200_50_50,P2R,MW_01MayR6V1,MW_T3,3238.6,977.309,2471.34,2691.082,28.044,12.965,9.02693007022344,0.114324035377588,11.7628,0.58814,0.404032956111948,14.143,3_3
01/08/1992,1992,214,1991,01-May,5,sugar,alive,0,0,2,335,4.432,1989,1/9/1991,121,0,0,181,1992,14,2616,4794.88,4150.76,5092.21,3645.43,111.295,1876.19,,0,0,0,17.835,102.2,44.888,34.888,1.63,6819.217,6820.846,114082.681,16.43,14.07,1.439,3,300,797.1,104.755,108.969,699.816,684.828,196.94,881.768,0.158,6850.272,7.54,6857.812,114399.638,150,227.313,300.122,7.094,0.661,0.259,1.532,8199.975,353.634,0.839,2606.2,9.8,1042.5,0,0,18.852,28.169,21.069,174,Mackay,Mackay,Pind,1957,Furrow,BareFallow,42,MW_Surf2,130_150,100,3,3,SWD_0_50_200_50_50,P2R,MW_01MayR6V1,MW_T3,1097.1,999.816,213.724,410.664,8.014,0.92,11.1315482048697,0.126218007457744,14.8393333333333,0.741966666666667,0.489611240888115,18.762,3_3
01/07/1993,1993,182,1992,01-May,5,sugar,alive,0,0,3,334,4.44,1989,1/8/1992,121,0,0,181,1993,14,2616,5650.27,5030.32,6185.58,4210.07,130.654,2362.65,,0,0,0,19.342,113.4,46.497,36.497,7.54,6850.272,6857.812,114399.638,18.35,16.08,1.448,3,300,1179.2,115.025,360.469,796.788,780.146,190.411,970.557,1.08,6862.222,5.355,6867.577,114454.906,150,253.36,321.524,6.018,1.196,0.886,1.238,9385.778,355.095,0.74,1923.3,7.2,769.3,0,0,19.172,28.055,20.944,185,Mackay,Mackay,Pind,1957,Furrow,BareFallow,42,MW_Surf2,130_150,100,3,3,SWD_0_50_200_50_50,P2R,MW_01MayR6V1,MW_T3,1479.2,1096.788,475.494,665.905,8.1,2.082,11.9124206318815,0.134617544358549,17.4205333333333,0.871026666666667,0.515685191032523,23.626,3_3
01/07/1994,1994,182,1993,01-May,5,sugar,alive,0,0,4,365,4.515,1989,1/7/1993,121,0,0,181,1994,14,2616,5274.02,4721.76,5863.8,4052.32,125.753,2383.33,,0,0,0,20.412,113.2,79.646,69.646,5.355,6862.222,6867.577,114454.906,16.76,14.74,1.452,3,300,1131.5,289.86,249.225,885.088,740.572,168.03,908.601,0.388,6885.98,5.659,6891.639,114893.106,150,239.277,323.828,15.615,3.12,4.854,3.093,10708.354,356.716,0.742,1935.7,7.2,774.3,0,0,18.784,27.295,19.728,141,Mackay,Mackay,Pind,1957,Furrow,BareFallow,42,MW_Surf2,130_150,100,3,3,SWD_0_50_200_50_50,P2R,MW_01MayR6V1,MW_T3,1431.5,1185.088,539.085,707.115,23.589,7.974,10.611279499919,0.138402885314896,16.7670666666667,0.838353333333333,0.525554064954007,23.833,3_3
01/07/1995,1995,182,1994,01-May,5,sugar,alive,0,0,5,365,4.511,1989,1/7/1994,121,0,0,181,1995,14,2616,5704.24,5047.37,6249.5,4375.35,134.976,2394.65,,0,0,0,18.922,116.8,63.46,53.46,5.659,6885.98,6891.639,114893.106,17.71,15.31,1.459,3,300,981.1,52.24,200.33,828.633,829.696,182.646,1012.343,0.397,6905.671,4.551,6910.222,115284.772,150,247.65,315.716,3.206,0.362,4.111,0.85,10032.501,358.365,0.785,2196.8,8.1,878.7,0,0,18.418,27.531,20.482,112.5,Mackay,Mackay,Pind,1957,Furrow,BareFallow,42,MW_Surf2,130_150,100,3,3,SWD_0_50_200_50_50,P2R,MW_01MayR6V1,MW_T3,1281.1,1128.633,252.57,435.216,7.679,4.473,11.9592462740324,0.133330304057024,17.9968,0.89984,0.545027256208359,23.946,3_3
01/07/1996,1996,183,1995,01-May,5,sugar,alive,0,0,6,366,4.511,1989,1/7/1995,121,0,0,181,1996,14,2616,5433.68,4826.44,6012.53,4146.09,128.427,2389.74,,0,0,0,19.988,112.5,79.649,69.649,4.551,6905.671,6910.222,115284.772,17.06,14.83,1.464,3,300,1242.4,286.447,264.682,986.105,815.868,174.749,990.618,0.435,6920.205,6.69,6926.895,115349.247,150,239.206,321.687,16.699,3.214,3.212,3.18,10727.777,360.044,0.774,2123.1,7.9,849.2,0,0,18.645,27.703,20.275,106,Mackay,Mackay,Pind,1957,Furrow,BareFallow,42,MW_Surf2,130_150,100,3,3,SWD_0_50_200_50_50,P2R,MW_01MayR6V1,MW_T3,1542.4,1286.105,551.129,725.878,23.125,6.426,9.98573211362991,0.129643313567894,17.1236,0.85618,0.536888706805013,23.897,3_3
01/05/1997,1997,121,0,01-May,5,none,out,0,0,-1,0,6,1989,0.000,121,0,0,181,-1,14,2616,0,0,0,0,0,0,,0,0,0,0,0,80.303,70.303,6.69,6920.205,6926.895,115349.247,0,0,1.47,0,0,1340.2,589.717,370.765,779.311,0,321.14,321.14,0.819,6983.276,75.644,7058.92,115510.27,0,0,148.132,20.843,4.874,2.18,2.672,10589.394,361.464,0.005,7.3,0,2.9,0,0,18.425,28.03,21.421,203,Mackay,Mackay,Pind,1957,Furrow,BareFallow,42,MW_Surf2,130_150,100,3,3,SWD_0_50_200_50_50,P2R,MW_01MayR6V1,MW_T3,1340.2,779.311,960.482,1281.622,27.897,7.054,0,0,0,,,0,3_3
05/09/1998,1998,248,1997,01-May,6,sugar,alive,0,0,0,492,4.688,1997,1/5/1997,121,0,4,181,1998,10,2616,6189.48,5569.73,6403.71,4873.96,150.079,2494.43,,0,0,0,17.544,180.1,138.882,138.882,75.644,6983.276,7058.92,115510.27,25.63,23.36,1.474,3,300,1674.8,97.537,537.322,1194.879,838.338,469.085,1307.423,8.925,6784.309,22.238,6806.547,113775.534,130,354.076,374.682,55.204,3.048,9.6,10.345,5307.163,363.799,0.838,2603.7,9.5,1041.5,0,0,17.38,26.704,18.684,157,Mackay,Mackay,Pind,1957,Furrow,BareFallow,42,MW_Surf2,130_150,100,3,3,SWD_0_50_200_50_50,P2R,MW_01MayR6V1,MW_T3,1974.8,1494.879,634.859,1103.944,67.852,12.648,10.0395416619004,0.114789934091721,20.0105333333333,1.15445384615385,0.423860978998859,24.944,3_3
05/09/1999,1999,248,1998,01-May,6,sugar,alive,0,0,1,365,4.51,1997,5/9/1998,121,0,4,185,1999,10,2620,4330.69,3922.88,4806.29,3309.2,102.918,2024.47,,0,0,0,21.295,75.2,171.4,161.4,22.238,6784.309,6806.547,113775.534,11.92,10.42,1.435,3,300,2082.6,994.423,712.755,1070.697,595.02,154.168,749.188,1.182,6852.91,2.001,6854.911,114373.845,150,164.848,262.372,45.011,22.456,0.976,8.393,9172.16,365.57,0.729,1866.4,7.2,746.6,0,0,18.69,27.074,18.297,166,Mackay,Mackay,Pind,1957,Furrow,BareFallow,42,MW_Surf2,130_150,100,3,3,SWD_0_50_200_50_50,P2R,MW_01MayR6V1,MW_T3,2382.6,1370.697,1707.178,1861.346,68.443,23.432,7.5084427849481,0.137372728874461,13.7224,0.68612,0.624320586237018,20.245,3_3
05/08/2000,2000,218,1999,01-May,6,sugar,alive,0,0,2,335,4.431,1997,5/9/1999,121,0,4,185,2000,10,2620,5290.67,4703.16,5772.9,3982,122.884,2093.43,,0,0,0,18.054,91.4,97.634,87.634,2.001,6852.91,6854.911,114373.845,15.63,13.48,1.457,3,300,2196.6,686.081,994.279,983.599,690.905,156.231,847.137,2.683,6862.763,2.809,6865.572,114652.03,150,223.497,279.94,7.47,2.022,5.316,1.456,8279.118,367.219,0.818,2437.1,9,974.8,0,0,18.422,26.974,18.535,187,Mackay,Mackay,Pind,1957,Furrow,BareFallow,42,MW_Surf2,130_150,100,3,3,SWD_0_50_200_50_50,P2R,MW_01MayR6V1,MW_T3,2496.6,1283.599,1680.36,1836.591,14.808,7.338,9.57339480632191,0.145058001244191,16.3845333333333,0.819226666666667,0.54982393499689,20.934,3_3
05/07/2001,2001,186,2000,01-May,6,sugar,alive,0,0,3,334,4.448,1997,5/8/2000,121,0,4,185,2001,10,2620,5170.19,4608.39,5749.46,3841.19,118.956,2246.54,,0,0,0,20.329,107.9,66.737,56.737,2.809,6862.763,6865.572,114652.03,17.1,15.05,1.458,3,300,1655.7,448.239,579.683,981.918,735.495,165.503,900.998,0.733,6890.252,2.177,6892.429,114944.382,150,243.412,317.462,3.409,0.234,2.193,0.826,9982.675,368.893,0.723,1836.3,6.9,734.5,0,0,18.583,27.74,19.663,235,Mackay,Mackay,Pind,1957,Furrow,BareFallow,42,MW_Surf2,130_150,100,3,3,SWD_0_50_200_50_50,P2R,MW_01MayR6V1,MW_T3,1955.7,1281.918,1027.922,1193.425,5.836,2.427,9.27953270021951,0.13202693013747,15.8608,0.79304,0.488702282549751,22.465,3_3
05/07/2002,2002,186,2001,01-May,6,sugar,alive,0,0,4,365,4.531,1997,5/7/2001,121,0,4,185,2002,10,2620,5022.35,4429.45,5545.4,3830.6,117.318,2024.54,,0,0,0,18.326,123.1,93.517,83.517,2.177,6890.252,6892.429,114944.382,18.08,15.91,1.465,3,300,985,52.639,231.361,777.666,798.928,211.04,1009.967,0.528,6911.659,4.033,6915.692,115662.948,150,254.848,330.403,3.052,0.022,0.333,0.908,10059.721,370.747,0.791,2235.9,8.3,894.4,0,0,18.126,28.642,20.847,143,Mackay,Mackay,Pind,1957,Furrow,BareFallow,42,MW_Surf2,130_150,100,3,3,SWD_0_50_200_50_50,P2R,MW_01MayR6V1,MW_T3,1285,1077.666,284,495.04,3.407,0.355,10.8863042909399,0.116160230977844,15.6424,0.78212,0.460344989954797,20.245,3_3
05/07/2003,2003,186,2002,01-May,6,sugar,alive,0,0,5,365,4.482,1997,5/7/2002,121,0,4,185,2003,10,2620,3170.15,2753.65,3638.94,2344.95,70.578,918.13,,0,0,0,13.101,98.1,84.549,74.549,4.033,6911.659,6915.692,115662.948,14.5,12.98,1.468,3,300,955.6,186.48,320.212,595.658,473.45,240.412,713.862,0.96,6977.316,4.716,6982.032,115970.421,150,195.082,280.782,7.553,0.509,1.479,1.619,9409.54,372.632,0.723,1833.6,6.9,733.4,0,0,17.847,27.889,20.503,113,Mackay,Mackay,Pind,1957,Furrow,BareFallow,42,MW_Surf2,130_150,100,3,3,SWD_0_50_200_50_50,P2R,MW_01MayR6V1,MW_T3,1255.6,895.658,506.692,747.104,9.541,1.988,7.88001670280397,0.0988678484076754,9.4104,0.47052,0.361786325750197,9.181,3_3
05/07/2004,2004,187,2003,01-May,6,sugar,alive,0,0,6,366,4.538,1997,5/7/2003,121,0,4,185,2004,10,2620,4813.98,4060.51,5034.43,3638.81,108.934,1942.63,,0,0,0,19.035,152,119.596,109.596,4.716,6977.316,6982.032,115970.421,23.24,20.48,1.483,3,300,788.6,48.741,132.307,697.302,749.342,223.929,973.271,0.543,6916.926,4.61,6921.535,115629.155,150,306.784,347.314,12.54,0.219,0.918,2.542,8593.187,374.547,0.825,2488.4,9.2,995.4,0,0,18.386,28.411,20.212,59,Mackay,Mackay,Pind,1957,Furrow,BareFallow,42,MW_Surf2,130_150,100,3,3,SWD_0_50_200_50_50,P2R,MW_01MayR6V1,MW_T3,1088.6,997.302,181.048,404.977,13.677,1.137,10.9228699029983,0.111925660992673,14.5245333333333,0.726226666666667,0.355083707103369,19.426,3_3
01/05/2005,2005,121,0,01-May,6,none,out,0,0,-1,0,6,1997,0.000,121,0,4,185,-1,10,2620,0,0,0,0,0,0,,0,0,0,0,0,53.877,43.877,4.61,6916.926,6921.535,115629.155,0,0,1.469,0,0,1167.6,413.774,399.677,625.219,0,264.651,264.651,0.451,6998.8,84.148,7082.949,115708.775,0,0,149.529,19.431,2.697,0.836,3.4,9515.973,376.143,0.007,9.5,0.1,3.8,0,0,18.5,28.856,21.399,202,Mackay,Mackay,Pind,1957,Furrow,BareFallow,42,MW_Surf2,130_150,100,3,3,SWD_0_50_200_50_50,P2R,MW_01MayR6V1,MW_T3,1167.6,625.219,813.451,1078.102,22.964,3.533,0,0,0,,,0,3_3
01/09/2006,2006,244,2005,01-May,7,sugar,alive,0,0,0,488,4.699,2005,1/5/2005,121,0,0,181,2006,14,2616,5677.08,5139.33,5924.84,4430.89,136.998,2154.03,,0,0,0,16.439,166.8,143.374,143.374,84.148,6998.8,7082.949,115708.775,24.72,22.75,1.481,3,300,1348.9,97.768,371.97,1015.326,793.501,476.017,1269.518,8.42,6782.528,39.882,6822.41,113663.798,130,337.804,384.398,73.507,3.722,10.999,13.697,5249.518,378.777,0.769,2090.9,7.7,836.4,0,0,17.553,27.198,18.595,83,Mackay,Mackay,Pind,1957,Furrow,BareFallow,42,MW_Surf2,130_150,100,3,3,SWD_0_50_200_50_50,P2R,MW_01MayR6V1,MW_T3,1648.9,1315.326,469.738,945.755,88.228,14.721,10.4155167616241,0.107913397053055,18.2664,1.05383076923077,0.405554700358788,21.54,3_3
01/09/2007,2007,244,2006,01-May,7,sugar,alive,0,0,1,365,4.48,2005,1/9/2006,121,0,0,181,2007,14,2616,5174.47,4629.19,5596.73,4024.81,124.248,2215.7,,0,0,0,19.034,88.7,53.019,43.019,39.882,6782.528,6822.41,113663.798,14.12,12.13,1.44,3,300,2037.3,557.004,840.229,1025.529,747.193,194.755,941.949,2.76,6859.033,4.241,6863.274,114733.88,150,197.03,279.424,22.813,25.36,1.72,4.558,8508.049,380.787,0.862,2830.1,10.6,1132.1,0,0,17.71,27.027,19.487,257,Mackay,Mackay,Pind,1957,Furrow,BareFallow,42,MW_Surf2,130_150,100,3,3,SWD_0_50_200_50_50,P2R,MW_01MayR6V1,MW_T3,2337.3,1325.529,1397.233,1591.988,49.893,27.08,9.37346523538904,0.131905230537959,16.5664,0.82832,0.630604476475664,22.157,3_3
01/08/2008,2008,214,2007,01-May,7,sugar,alive,0,0,2,335,4.44,2005,1/9/2007,121,0,0,181,2008,14,2616,3190.14,2712.94,3545.73,2426.21,72.668,1106.26,,0,0,0,15.825,58.9,51.138,41.138,4.241,6859.033,6863.274,114733.88,9.97,8.22,1.46,3,300,2385,550.819,1427.591,765.882,468.215,171.937,640.153,3.504,6945.134,2.209,6947.343,115723.87,150,155.79,236.691,9.252,1.329,7.069,1.76,8179.351,382.657,0.817,2425.3,9.1,970.1,0,0,18.259,27.634,19.139,532,Mackay,Mackay,Pind,1957,Furrow,BareFallow,42,MW_Surf2,130_150,100,3,3,SWD_0_50_200_50_50,P2R,MW_01MayR6V1,MW_T3,2685,1065.882,1978.41,2150.347,17.65,8.398,6.81764022659169,0.11351661243484,9.68906666666667,0.484453333333333,0.466448424160729,11.063,3_3
01/07/2009,2009,182,2008,01-May,7,sugar,alive,0,0,3,334,4.458,2005,1/8/2008,121,0,0,181,2009,14,2616,5016.31,4284.43,5314.24,3654.72,110.294,1638.83,,0,0,0,15.376,128,117.575,107.575,2.209,6945.134,6947.343,115723.87,21.39,18.71,1.481,3,300,1755.5,347.013,793.062,827.441,772.574,197.744,970.318,5.533,6889.785,3.803,6893.588,115061.047,150,287.927,332.025,10.613,0.299,2.993,2.12,8384.984,384.553,0.803,2324.3,8.6,929.7,0,0,18.551,28.173,19.266,145,Mackay,Mackay,Pind,1957,Furrow,BareFallow,42,MW_Surf2,130_150,100,3,3,SWD_0_50_200_50_50,P2R,MW_01MayR6V1,MW_T3,2055.5,1127.441,1140.075,1337.819,13.905,3.292,9.78268485889727,0.113667890320493,14.7058666666667,0.735293333333333,0.383062373448826,16.388,3_3
01/07/2010,2010,182,2009,01-May,7,sugar,alive,0,0,4,365,4.499,2005,1/7/2009,121,0,0,181,2010,14,2616,4486.75,3911.57,4918.57,3354.55,102.46,1663.2,,0,0,0,17.066,111.7,62.683,52.683,3.803,6889.785,6893.588,115061.047,16.83,14.73,1.466,3,300,1857.2,517.325,794.903,827.792,653.798,195.805,849.603,2.602,6951.913,4.584,6956.497,115635.625,150,227.961,315.314,4.994,0.45,3.1,1.08,9912.68,386.651,0.722,1827.8,6.9,731.1,0,0,18.212,28.153,19.689,185,Mackay,Mackay,Pind,1957,Furrow,BareFallow,42,MW_Surf2,130_150,100,3,3,SWD_0_50_200_50_50,P2R,MW_01MayR6V1,MW_T3,2157.2,1127.792,1312.228,1508.033,8.544,3.55,9.08500858314299,0.120597502598272,13.6613333333333,0.683066666666667,0.449462846715008,16.632,3_3
01/07/2011,2011,182,2010,01-May,7,sugar,alive,0,0,5,365,4.474,2005,1/7/2010,121,0,0,181,2011,14,2616,4627.84,4183.57,5196.21,3466.56,108.386,1964.68,,0,0,0,19.396,106.5,58.052,48.052,4.584,6951.913,6956.497,115635.625,16.44,14.81,1.485,3,300,3875.8,1260.612,2079.816,1111.852,587.857,210.235,798.092,8.145,6934.926,3.141,6938.067,115433.025,150,215.461,322.385,38.126,20.707,8.05,6.835,9142.819,388.78,0.649,1494.1,5.6,597.6,0,0,18.918,26.832,17.085,220,Mackay,Mackay,Pind,1957,Furrow,BareFallow,42,MW_Surf2,130_150,100,3,3,SWD_0_50_200_50_50,P2R,MW_01MayR6V1,MW_T3,4175.8,1411.852,3340.428,3550.663,66.883,28.757,7.67686698039171,0.13580639825985,14.4514666666667,0.722573333333333,0.503042313922241,19.647,3_3
01/07/2012,2012,183,2011,01-May,7,sugar,alive,0,0,6,366,4.494,2005,1/7/2011,121,0,0,181,2012,14,2616,5776.46,5130.62,6287.35,4400.52,135.925,2425.55,,0,0,0,19.049,121.7,95.332,85.332,3.141,6934.926,6938.067,115433.025,18.82,16.46,1.482,3,300,2316.5,485.026,1117.73,1061.586,825.138,185.981,1011.119,3.664,6928.208,1.851,6930.059,115663.116,150,258.885,320.161,13.183,1.095,6.355,2.632,9469.973,390.94,0.783,2183.9,8.1,873.6,0,0,17.909,27.267,19.132,239,Mackay,Mackay,Pind,1957,Furrow,BareFallow,42,MW_Surf2,130_150,100,3,3,SWD_0_50_200_50_50,P2R,MW_01MayR6V1,MW_T3,2616.5,1361.586,1602.756,1788.737,20.633,7.45,9.98284353687538,0.134430269829763,18.1233333333333,0.906166666666667,0.525040075709292,24.256,3_3
01/05/2013,2013,121,0,01-May,7,none,out,0,0,-1,0,6,2005,0.000,121,0,0,181,-1,14,2616,0,0,0,0,0,0,,0,0,0,0,0,97.958,87.958,1.851,6928.208,6930.059,115663.116,0,0,1.481,0,0,1972,730.362,951.732,740.61,0,244.115,244.115,1.325,7018.958,48.769,7067.727,116162.555,0,0,130.492,19.141,4.718,1.785,2.745,10509.893,392.765,0.007,10.5,0,4.2,0,0,18.641,27.962,20.52,189,Mackay,Mackay,Pind,1957,Furrow,BareFallow,42,MW_Surf2,130_150,100,3,3,SWD_0_50_200_50_50,P2R,MW_01MayR6V1,MW_T3,1972,740.61,1682.094,1926.209,25.644,6.503,0,0,0,,,0,3_3
01/09/2014,2014,244,2013,01-May,8,sugar,alive,0,0,0,488,4.69,2013,1/5/2013,121,0,0,181,2014,14,2616,5791.49,5238.53,6026.79,4535.11,140.269,2279.65,,0,0,0,17.09,154.6,143.749,143.749,48.769,7018.958,7067.727,116162.555,22.39,20.36,1.493,3,300,1543.5,233.75,435.41,1065.396,795.387,453.12,1248.508,3.296,6816.575,21.444,6838.019,114240.377,130,307.914,368.435,66.815,12.808,7.124,12.195,5060.813,395.729,0.809,2367.5,8.7,947,0,0,17.416,26.98,18.822,162,Mackay,Mackay,Pind,1957,Furrow,BareFallow,42,MW_Surf2,130_150,100,3,3,SWD_0_50_200_50_50,P2R,MW_01MayR6V1,MW_T3,1843.5,1365.396,669.16,1122.28,86.747,19.932,10.2731368775066,0.112349300124629,18.7025333333333,1.07899230769231,0.455546029086044,22.797,3_3
01/09/2015,2015,244,2014,01-May,8,sugar,alive,0,0,1,365,4.51,2013,1/9/2014,121,0,0,181,2015,14,2616,3659.2,3120.03,3901.65,2801.51,83.943,1439.51,,0,0,0,18.193,81.1,69.58,59.58,21.444,6816.575,6838.019,114240.377,12.75,10.77,1.455,3,300,857.5,232.395,175.079,611.284,558.807,215.162,773.968,0.317,6899.849,6.015,6905.864,115396.803,150,182.72,273.921,10.965,11.039,0.344,2.32,8288.253,397.99,0.814,2400.7,8.9,960.3,0,0,18.423,28.321,20.167,127,Mackay,Mackay,Pind,1957,Furrow,BareFallow,42,MW_Surf2,130_150,100,3,3,SWD_0_50_200_50_50,P2R,MW_01MayR6V1,MW_T3,1157.5,911.284,407.474,622.636,22.348,11.383,9.21150815772032,0.108457972422632,11.1924,0.55962,0.459407837127846,14.395,3_3
01/08/2016,2016,214,2015,01-May,8,sugar,alive,0,0,2,335,4.477,2013,1/9/2015,121,0,0,181,2016,14,2616,5012.9,4429.77,5424.94,3751.64,115.669,1978.7,,0,0,0,18.141,106.4,45.638,35.638,6.015,6899.849,6905.864,115396.803,16.88,14.74,1.476,3,300,1775.7,405.941,644.995,1033.542,726.713,210.41,937.123,4.534,6879.815,4.221,6884.036,114916.723,150,229.871,312.005,31.802,8.394,1.868,5.939,8296.761,400.09,0.733,1885.8,7,754.3,0,0,19.806,28.733,19.27,143,Mackay,Mackay,Pind,1957,Furrow,BareFallow,42,MW_Surf2,130_150,100,3,3,SWD_0_50_200_50_50,P2R,MW_01MayR6V1,MW_T3,2075.7,1333.542,1050.936,1261.346,42.064,10.262,8.67381754755381,0.123429901944569,15.4225333333333,0.771126666666667,0.503190920124766,19.787,3_3
01/07/2017,2017,182,2016,01-May,8,sugar,alive,0,0,3,334,4.478,2013,1/8/2016,121,0,0,181,2017,14,2616,5249.05,4683.97,5798.85,3922.36,121.911,2145.78,,0,0,0,18.749,112.8,133.279,123.279,4.221,6879.815,6884.036,114916.723,17.71,15.64,1.471,3,300,2297.6,479.06,1208.409,980.647,792.514,182.482,974.996,5.622,6879.626,4.956,6884.582,114953.585,150,244.859,330.086,15.894,3.109,4.426,3.105,9531.451,402.218,0.725,1845.2,6.8,738.1,0,0,19.165,28.276,17.815,276,Mackay,Mackay,Pind,1957,Furrow,BareFallow,42,MW_Surf2,130_150,100,3,3,SWD_0_50_200_50_50,P2R,MW_01MayR6V1,MW_T3,2597.6,1280.647,1687.469,1869.951,23.429,7.535,9.51948507277962,0.12503743605102,16.2548,0.81274,0.497882454800518,21.458,3_3
01/07/2018,2018,182,2017,01-May,8,sugar,alive,0,0,4,365,4.503,2013,1/7/2017,121,0,0,181,2018,14,2616,3949.86,3403.9,4376.45,2943.35,88.833,1395.92,,0,0,0,16.428,92.2,68.414,58.414,4.956,6879.626,6884.582,114953.585,14.09,12.09,1.473,3,300,1178,437.66,269.583,791.173,596.627,174.713,771.341,0.475,6950.704,3.775,6954.479,115809.047,150,201.149,281.765,4.019,0.609,1.478,0.961,9438.724,404.569,0.776,2138,8,855.2,0,0,18.232,28.297,18.11,103,Mackay,Mackay,Pind,1957,Furrow,BareFallow,42,MW_Surf2,130_150,100,3,3,SWD_0_50_200_50_50,P2R,MW_01MayR6V1,MW_T3,1478,1091.173,707.243,881.956,6.106,2.087,8.14105554297989,0.115166962471851,11.8444,0.59222,0.441627848013164,13.959,3_3
01/07/2019,2019,182,2018,01-May,8,sugar,alive,0,0,5,365,4.515,2013,1/7/2018,121,0,0,181,2019,14,2616,5470.08,4818.02,5926.6,4051.18,123.98,1910.74,,0,0,0,16.056,138,67.831,57.831,3.775,6950.704,6954.479,115809.047,20.86,18.47,1.49,3,300,1616.7,424.383,551.203,975.705,757.809,176.606,934.415,1.667,6922.585,3.043,6925.628,115474.989,150,281.959,337.133,9.09,0.386,2.3,1.845,9654.471,406.953,0.763,2055.1,7.6,822,0,0,18.518,27.946,17.42,123,Mackay,Mackay,Pind,1957,Furrow,BareFallow,42,MW_Surf2,130_150,100,3,3,SWD_0_50_200_50_50,P2R,MW_01MayR6V1,MW_T3,1916.7,1275.705,975.586,1152.192,11.776,2.686,9.71854778338252,0.132681945388291,16.5306666666667,0.826533333333333,0.43970931944006,19.107,3_3
01/07/2020,2020,183,2019,01-May,8,sugar,alive,0,0,6,366,4.519,2013,1/7/2019,121,0,0,181,2020,14,2616,5295.76,4668.16,5807.07,3988.13,122.432,2110.68,,0,0,0,18.305,125.7,74.529,64.529,3.043,6922.585,6925.628,115474.989,18.88,16.58,1.484,3,300,1586,336.422,575.909,943.01,801.904,171.065,972.969,1.563,6948.446,3.085,6951.531,116000.878,150,258.109,339.326,4.173,0.23,1.457,1.073,10654.389,409.37,0.74,1927.1,7.1,770.8,0,0,18.059,28.115,18.63,167,Mackay,Mackay,Pind,1957,Furrow,BareFallow,42,MW_Surf2,130_150,100,3,3,SWD_0_50_200_50_50,P2R,MW_01MayR6V1,MW_T3,1886,1243.01,912.331,1083.396,5.86,1.687,9.84963918230746,0.125833402708617,16.3242666666667,0.816213333333333,0.474342235257198,21.107,3_3
03/05/2021,2021,123,0,01-May,8,none,out,0,0,-1,0,6,2013,0.000,123,2,0,183,-1,12,2616,0,0,0,0,0,0,,0,0,0,0,0,75.229,65.229,3.085,6948.446,6951.531,116000.878,0,0,1.49,0,0,1193.6,455.02,341.685,661.563,0,307.237,307.237,0.288,7001.306,86.578,7087.884,115859.395,0,0,165.355,27.461,1.133,0.641,4.574,10705.333,411.423,0.004,5.9,0,2.4,0,0,19.228,28.368,17.794,146,Mackay,Mackay,Pind,1957,Furrow,BareFallow,42,MW_Surf2,130_150,100,3,3,SWD_0_50_200_50_50,P2R,MW_01MayR6V1,MW_T3,1193.6,661.563,796.705,1103.942,29.235,1.774,0,0,0,,,0,3_3
03/09/2022,2022,246,2021,01-May,9,sugar,alive,0,0,0,488,4.693,2021,3/5/2021,123,2,0,183,2022,12,2616,6340.84,5723.99,6577.65,5025.52,155.029,2840.07,,0,0,0,19.633,183.6,164.887,164.887,86.578,7001.306,7087.884,115859.395,26.12,23.86,1.494,3,300,1500.4,183.721,449.231,1103.073,857.808,410.006,1267.814,11.286,6798.342,24.364,6822.706,114061.443,130,360.951,376.947,55.22,9.125,9.066,10.323,5336.272,414.733,0.856,2763.8,10.1,1105.5,0,0,17.444,27.074,16.583,124,Mackay,Mackay,Pind,1957,Furrow,BareFallow,42,MW_Surf2,130_150,100,3,3,SWD_0_50_200_50_50,P2R,MW_01MayR6V1,MW_T3,1800.4,1403.073,632.952,1042.958,73.411,18.191,11.0492469030478,0.122280555349602,20.6705333333333,1.19253076923077,0.429501511285465,28.401,3_3
01/05/1958,1958,121,0,01-May,0,none,out,0,0,-1,0,6,-1,0.000,121,0,0,181,-1,14,2616,0,0,0,0,0,0,,0,0,0,0,0,0,0,0,0,0,0,0,0,1.327,0,0,2622.1,23.348,2213.357,401.668,0,279.629,279.629,102.674,6523.281,93.727,6617.008,109056.221,0,0,117.992,19.501,2.402,28.784,3.803,1243.096,350,0,0.1,0,0,0,0,21.918,29.406,18.026,376.2,Mackay,Mackay,Pind,1958,Furrow,BareFallow,42,MW_Surf2,130_150,100,3,3,SWD_0_50_200_50_50,P2R,MW_01MayR6V1,MW_T3,2622.1,401.668,2236.705,2516.334,50.687,31.186,0,0,0,,,0,3_3
01/09/1959,1959,244,1958,01-May,1,sugar,alive,0,0,0,488,4.621,1958,1/5/1958,121,0,0,181,1959,14,2616,5816.88,5206.61,5976.38,4617.41,142.514,2199.58,,0,0,0,16.084,124.6,135.565,135.565,93.727,6523.281,6617.008,109056.221,18.93,16.7,1.304,3,300,1856.8,306.146,673.461,1142.072,840.112,421.429,1261.541,10.105,6452.766,6.474,6459.24,109016.016,130,257.977,236.965,34.288,22.78,7.054,6.612,3075.502,350,0.859,2796.5,10.2,1118.6,0,0,16.018,26.549,18.699,175.5,Mackay,Mackay,Pind,1958,Furrow,BareFallow,42,MW_Surf2,130_150,100,3,3,SWD_0_50_200_50_50,P2R,MW_01MayR6V1,MW_T3,2156.8,1442.072,979.607,1401.036,64.122,29.834,9.88258561292363,0.112968187320111,19.0018666666667,1.09626153846154,0.552429092516,21.996,3_3
01/09/1960,1960,245,1959,01-May,1,sugar,alive,0,0,1,366,4.414,1958,1/9/1959,121,0,0,181,1960,14,2616,3576.01,3185.08,3957.93,2665.84,81.619,1565.16,,0,0,0,20.687,36.9,51.218,41.218,6.474,6452.766,6459.24,109016.016,7.43,6,1.285,3,300,2223,775.586,1090.422,824.831,529.771,86.804,616.574,0.086,6573.226,1.819,6575.046,110110.158,150,124.122,197.009,11.433,6.734,0.584,2.299,7583.147,350,0.881,3042.1,12.9,1216.9,0,0,16.87,26.823,19.606,235.7,Mackay,Mackay,Pind,1958,Furrow,BareFallow,42,MW_Surf2,130_150,100,3,3,SWD_0_50_200_50_50,P2R,MW_01MayR6V1,MW_T3,2523,1124.831,1866.008,1952.812,18.751,7.318,7.25611225152934,0.132375027166244,10.8825333333333,0.544126666666667,0.657570777138622,15.652,3_3
01/08/1961,1961,213,1960,01-May,1,sugar,alive,0,0,2,334,4.367,1958,1/9/1960,121,0,0,181,1961,14,2616,3826.86,3271.97,4108.41,2831.48,85.818,1425.69,,0,0,0,17.534,69.3,91.635,81.635,1.819,6573.226,6575.046,110110.158,12.42,10.38,1.313,3,300,993.3,291.524,304.26,660.062,560.594,175.986,736.58,0.482,6612.203,2.557,6614.76,110503.553,150,181.61,255.753,11.913,1.283,2.529,2.209,7324.994,350,0.811,2379.1,8.9,951.6,0,0,17.077,27.28,20.06,136.7,Mackay,Mackay,Pind,1958,Furrow,BareFallow,42,MW_Surf2,130_150,100,3,3,SWD_0_50_200_50_50,P2R,MW_01MayR6V1,MW_T3,1293.3,960.062,595.784,771.77,15.725,3.812,8.93879770264837,0.116508729533791,11.4424,0.57212,0.47254005836683,14.257,3_3
01/07/1962,1962,182,1961,01-May,1,sugar,alive,0,0,3,334,4.433,1958,1/8/1961,121,0,0,181,1962,14,2616,4458.32,3784.14,4733.43,3316.98,99.984,1560.87,,0,0,0,16.302,93.3,52.571,42.571,2.557,6612.203,6614.76,110503.553,15.72,13.25,1.324,3,300,1302.8,339.664,401.072,832.712,669.431,183.72,853.151,1.09,6640.676,1.579,6642.256,110846.5,150,221.679,282.055,3.799,1.063,5.11,0.856,8124.106,350,0.794,2254.7,8.4,901.9,0,0,17.961,27.642,19.985,153.2,Mackay,Mackay,Pind,1958,Furrow,BareFallow,42,MW_Surf2,130_150,100,3,3,SWD_0_50_200_50_50,P2R,MW_01MayR6V1,MW_T3,1602.8,1132.712,740.736,924.456,9.972,6.173,8.82695689636907,0.117193791017065,13.3312,0.66656,0.451030544165212,15.609,3_3
01/07/1963,1963,182,1962,01-May,1,sugar,alive,0,0,4,365,4.484,1958,1/7/1962,121,0,0,181,1963,14,2616,4680.32,4045.84,5043.45,3469.03,105.148,1595.48,,0,0,0,15.764,115.1,61.485,51.485,1.579,6640.676,6642.256,110846.5,17.85,15.52,1.332,3,300,2702.1,530.125,1537.37,944.295,730.238,197.525,927.763,7.1,6655.438,2.813,6658.251,111073.795,150,248.041,319.037,3.211,0.462,7.236,0.818,9307.403,350,0.784,2190.6,8.1,876.2,0,0,17.871,27.641,18.893,406.4,Mackay,Mackay,Pind,1958,Furrow,BareFallow,42,MW_Surf2,130_150,100,3,3,SWD_0_50_200_50_50,P2R,MW_01MayR6V1,MW_T3,3002.1,1244.295,2067.495,2265.02,10.909,7.698,8.45040766056281,0.113334978868526,14.0197333333333,0.700986666666667,0.423913788446265,15.955,3_3
01/07/1964,1964,183,1963,01-May,1,sugar,alive,0,0,5,366,4.466,1958,1/7/1963,121,0,0,181,1964,14,2616,5257.82,4670.92,5766.12,3969.76,122.76,2037.58,,0,0,0,17.516,115.9,68.328,58.328,2.813,6655.438,6658.251,111073.795,17.75,15.6,1.337,3,300,1026,205.444,142.61,872.259,773.477,186.312,959.789,0.322,6665.232,7.458,6672.69,111181.067,150,240.003,315.89,19.081,2.037,1.429,3.698,9796.584,350,0.728,1861.9,6.9,744.8,0,0,17.496,27.22,19.699,68.1,Mackay,Mackay,Pind,1958,Furrow,BareFallow,42,MW_Surf2,130_150,100,3,3,SWD_0_50_200_50_50,P2R,MW_01MayR6V1,MW_T3,1326,1172.259,348.054,534.366,22.547,3.466,10.4720885060383,0.127903112038167,16.368,0.8184,0.511493606329921,20.376,3_3
01/07/1965,1965,182,1964,01-May,1,sugar,alive,0,0,6,365,4.49,1958,1/7/1964,121,0,0,181,1965,14,2616,5237.27,4601.48,5721.15,3934.65,120.551,2166.82,,0,0,0,19.208,108.5,86.485,76.485,7.458,6665.232,6672.69,111181.067,17.02,14.69,1.342,3,300,1096,274.996,176.713,896.056,789.378,176.838,966.216,0.337,6691.926,3.82,6695.746,111722.138,150,239.41,320.573,12.472,2.834,0.323,2.704,9941.109,350,0.78,2163.8,8,865.5,0,0,17.766,27.399,19.433,77.2,Mackay,Mackay,Pind,1958,Furrow,BareFallow,42,MW_Surf2,130_150,100,3,3,SWD_0_50_200_50_50,P2R,MW_01MayR6V1,MW_T3,1396,1196.056,451.709,628.547,15.629,3.157,10.0790431217267,0.124766097849756,16.0734666666667,0.803673333333333,0.503533686980494,21.668,3_3
01/05/1966,1966,121,0,01-May,1,none,out,0,0,-1,0,6,1958,0.000,121,0,0,181,-1,14,2616,0,0,0,0,0,0,,0,0,0,0,0,64.561,54.561,3.82,6691.926,6695.746,111722.138,0,0,1.351,0,0,949.9,508.55,113.812,641.297,0,220.046,220.046,0.098,6814.271,34.212,6848.483,113034.082,0,0,94.381,4.747,0.881,0.126,0.62,9245.961,350,0.01,14,0.1,5.6,0,0,17.766,27.748,21.022,80,Mackay,Mackay,Pind,1958,Furrow,BareFallow,42,MW_Surf2,130_150,100,3,3,SWD_0_50_200_50_50,P2R,MW_01MayR6V1,MW_T3,949.9,641.297,622.362,842.408,5.754,1.007,0,0,0,,,0,3_3
01/09/1967,1967,244,1966,01-May,2,sugar,alive,0,0,0,488,4.622,1966,1/5/1966,121,0,0,181,1967,14,2616,5471.38,4911.12,5671.81,4274.85,131.184,2163.72,,0,0,0,17.387,166.6,172.053,172.053,34.212,6814.271,6848.483,113034.082,25.09,23.04,1.368,3,300,1327.7,212.101,327.934,1032.457,751.107,446.401,1197.508,4.096,6611.968,11.074,6623.042,110586.492,130,340.868,372.556,43.159,4.09,3.242,8.158,5683.349,350,0.83,2532,9.3,1012.8,0,0,16.328,26.299,18.704,100.3,Mackay,Mackay,Pind,1958,Furrow,BareFallow,42,MW_Surf2,130_150,100,3,3,SWD_0_50_200_50_50,P2R,MW_01MayR6V1,MW_T3,1627.7,1332.457,540.035,986.436,50.491,7.332,9.84527080423608,0.109547493628435,17.4912,1.00910769230769,0.384852787589331,21.637,3_3
01/09/1968,1968,245,1967,01-May,2,sugar,alive,0,0,1,366,4.426,1966,1/9/1967,121,0,0,181,1968,14,2616,4289.11,3690.31,4540.81,3249.45,98.346,1678.98,,0,0,0,18.099,78.2,62.21,52.21,11.074,6611.968,6623.042,110586.492,13.53,11.34,1.331,3,300,2225.6,637.606,1069.705,916.783,633.146,192.281,825.427,3.53,6689.338,1.825,6691.163,111603.407,150,185.063,276.357,21.827,11.814,2.211,4.125,8209.633,350,0.829,2525.9,9.5,1010.3,0,0,17.059,26.962,19.919,213.1,Mackay,Mackay,Pind,1958,Furrow,BareFallow,42,MW_Surf2,130_150,100,3,3,SWD_0_50_200_50_50,P2R,MW_01MayR6V1,MW_T3,2525.6,1216.783,1707.311,1899.592,35.852,14.025,8.08246006066817,0.119145605850063,13.1128,0.65564,0.531419030276176,16.79,3_3
01/08/1969,1969,213,1968,01-May,2,sugar,alive,0,0,2,334,4.447,1966,1/9/1968,121,0,0,181,1969,14,2616,5011.74,4462.63,5488.28,3657.8,112.605,1972.12,,0,0,0,18.642,104.5,55.073,45.073,1.825,6689.338,6691.163,111603.407,17.11,15.09,1.357,3,300,962.4,170.142,169.796,803.438,728.398,179.541,907.939,0.387,6700.609,3.45,6704.059,111665.953,150,240.594,300.332,5.232,0.326,3.951,1.151,8753.525,350,0.751,1985.7,7.4,794.3,0,0,18.545,27.868,19.976,55.6,Mackay,Mackay,Pind,1958,Furrow,BareFallow,42,MW_Surf2,130_150,100,3,3,SWD_0_50_200_50_50,P2R,MW_01MayR6V1,MW_T3,1262.4,1103.438,339.938,519.479,9.509,4.277,10.2049231583469,0.124022649098673,15.014,0.7507,0.468029127908427,19.721,3_3
01/07/1970,1970,182,1969,01-May,2,sugar,alive,0,0,3,334,4.428,1966,1/8/1969,121,0,0,181,1970,14,2616,4304.23,3662.53,4674.89,3228.13,97.521,1479.18,,0,0,0,15.756,96.5,69.595,59.595,3.45,6700.609,6704.059,111665.953,15.56,13.21,1.364,3,300,1641.1,294.47,798.142,778.946,695.605,165.802,861.407,2.003,6746.496,1.484,6747.98,112419.358,150,219.715,298.629,6.496,0.482,4.543,1.283,9344.288,350,0.792,2246.4,8.4,898.6,0,0,18.06,27.974,20.617,411.7,Mackay,Mackay,Pind,1958,Furrow,BareFallow,42,MW_Surf2,130_150,100,3,3,SWD_0_50_200_50_50,P2R,MW_01MayR6V1,MW_T3,1941.1,1078.946,1092.612,1258.414,11.521,5.025,9.03854317083524,0.113211292687429,13.0028,0.65014,0.443852263159092,14.792,3_3
01/07/1971,1971,182,1970,01-May,2,sugar,alive,0,0,4,365,4.449,1966,1/7/1970,121,0,0,181,1971,14,2616,4953.24,4258.97,5317.74,3711.63,112.62,1672.37,,0,0,0,15.365,118.9,56.676,46.676,1.484,6746.496,6747.98,112419.358,18.78,16.24,1.378,3,300,1633.5,394.13,556.747,977.977,765.113,199.623,964.736,2.511,6749.134,2.407,6751.541,112502.923,150,255.39,326.585,10.631,1.163,2.502,2.097,9315.031,350,0.82,2451.6,9.1,980.7,0,0,17.125,27.326,19.196,129.3,Mackay,Mackay,Pind,1958,Furrow,BareFallow,42,MW_Surf2,130_150,100,3,3,SWD_0_50_200_50_50,P2R,MW_01MayR6V1,MW_T3,1933.5,1277.977,950.877,1150.5,14.296,3.665,8.81236516776124,0.116736599442749,15.016,0.7508,0.440972630095149,16.724,3_3
01/07/1972,1972,183,1971,01-May,2,sugar,alive,0,0,5,366,4.494,1966,1/7/1971,121,0,0,181,1972,14,2616,5214.24,4602.51,5707.57,3909.9,119.963,1961.43,,0,0,0,17.211,123,74.563,64.563,2.407,6749.134,6751.541,112502.923,18.67,16.43,1.38,3,300,2077.4,525.91,850.471,1050.216,816.895,195.216,1012.111,3.08,6759.641,3.238,6762.879,112862.314,150,255.739,344.232,17.084,0.658,2.612,3.38,10105.842,350,0.768,2089.8,7.8,835.9,0,0,17.741,27.479,19.215,183.4,Mackay,Mackay,Pind,1958,Furrow,BareFallow,42,MW_Surf2,130_150,100,3,3,SWD_0_50_200_50_50,P2R,MW_01MayR6V1,MW_T3,2377.4,1350.216,1376.381,1571.597,20.354,3.27,8.88472659189345,0.118527513286586,15.9950666666667,0.799753333333333,0.46908371425555,19.614,3_3
01/07/1973,1973,182,1972,01-May,2,sugar,alive,0,0,6,365,4.486,1966,1/7/1972,121,0,0,181,1973,14,2616,4060.65,3568.46,4566.5,2945.24,89.794,1272.55,,0,0,0,14.531,109.9,63.472,53.472,3.238,6759.641,6762.879,112862.314,16.58,14.78,1.384,3,300,1091.3,345.229,252.927,698.62,603.064,190.374,793.439,0.604,6801.59,5.237,6806.827,113083.05,150,225.751,313.379,5.622,0.343,1.678,1.278,10020.732,350,0.689,1667.2,6.3,666.9,0,0,17.985,27.773,19.988,148.3,Mackay,Mackay,Pind,1958,Furrow,BareFallow,42,MW_Surf2,130_150,100,3,3,SWD_0_50_200_50_50,P2R,MW_01MayR6V1,MW_T3,1391.3,998.62,598.156,788.53,7.643,2.021,8.99180869600048,0.113170640717182,11.9725333333333,0.598626666666667,0.397756820567794,12.726,3_3
01/05/1974,1974,121,0,01-May,2,none,out,0,0,-1,0,6,1966,0.000,121,0,0,181,-1,14,2616,0,0,0,0,0,0,,0,0,0,0,0,63.178,53.178,5.237,6801.59,6806.827,113083.05,0,0,1.399,0,0,3066.1,905.841,1634.391,915.013,0,437.381,437.381,13.87,6829.301,79.094,6908.394,112888.173,0,0,166.832,35.34,5.325,10.734,5.245,9322.564,350,0.002,2.3,0,0.9,0,0,19.459,27.645,18.519,199.6,Mackay,Mackay,Pind,1958,Furrow,BareFallow,42,MW_Surf2,130_150,100,3,3,SWD_0_50_200_50_50,P2R,MW_01MayR6V1,MW_T3,3066.1,915.013,2540.232,2977.613,51.399,16.059,0,0,0,,,0,3_3
01/09/1975,1975,244,1974,01-May,3,sugar,alive,2,0,0,488,4.631,1974,1/5/1974,121,0,0,181,1975,14,2616,5568.85,4942.66,5690.76,4340.47,133.816,2323.02,,0,0,0,18.453,172.1,151.665,151.665,79.094,6829.301,6908.394,112888.173,24.63,22.34,1.396,3,300,1898.4,121.608,989.47,943.941,770.424,444.497,1214.921,29.436,6619.747,41.076,6660.823,111240.064,130,330.605,373.267,49.986,5.909,21.746,9.408,4354.717,350,0.819,2440.6,8.9,976.2,0,0,16.451,26.376,18.682,139.4,Mackay,Mackay,Pind,1958,Furrow,BareFallow,42,MW_Surf2,130_150,100,3,3,SWD_0_50_200_50_50,P2R,MW_01MayR6V1,MW_T3,2198.4,1243.941,1111.078,1555.575,77.641,27.655,10.7574233826202,0.1101437871269,17.8421333333333,1.02935384615385,0.404760968527397,23.23,3_3
01/09/1976,1976,245,1975,01-May,3,sugar,alive,0,0,1,366,4.47,1974,1/9/1975,121,0,0,181,1976,14,2616,4210.65,3773.37,4610.34,3176.82,98.035,1859.37,,0,0,0,20.429,74.9,59.748,49.748,41.076,6619.747,6660.823,111240.064,12.18,10.58,1.358,2,200,2275.4,800.156,907.633,1028.368,598.75,173.483,772.233,1.483,6702.158,2.972,6705.13,111966.87,150,166.267,255.864,33.729,30.567,1.614,6.405,8400.498,350,0.778,2147.7,8.2,859.1,0,0,17.791,26.806,18.215,161.4,Mackay,Mackay,Pind,1958,Furrow,BareFallow,42,MW_Surf2,130_150,100,3,3,SWD_0_50_200_50_50,P2R,MW_01MayR6V1,MW_T3,2475.4,1228.368,1707.789,1881.272,65.91,32.181,7.98091451421724,0.126950026740634,15.0823076923077,0.653566666666667,0.589623918155738,18.594,3_3
01/08/1977,1977,213,1976,01-May,3,sugar,alive,0,0,2,334,4.415,1974,1/9/1976,121,0,0,181,1977,14,2616,3628.56,3158.76,3994.95,2666.21,81.491,1283.11,,0,0,0,16.467,69.9,55.126,45.126,2.972,6702.158,6705.13,111966.87,11.92,10.2,1.382,3,300,1974.4,737.98,826.627,905.185,526.251,184.106,710.357,2.205,6723.278,2.604,6725.882,112230.903,150,169.95,273.435,37.909,12.018,3.045,6.925,7646.524,350,0.749,1976.2,7.4,790.5,0,0,18.526,27.68,19.116,166.6,Mackay,Mackay,Pind,1958,Furrow,BareFallow,42,MW_Surf2,130_150,100,3,3,SWD_0_50_200_50_50,P2R,MW_01MayR6V1,MW_T3,2274.4,1205.185,1564.607,1748.713,52.972,15.063,6.76170048581753,0.114718374000679,10.8654666666667,0.543273333333333,0.479499852897911,12.831,3_3
01/07/1978,1978,182,1977,01-May,3,sugar,alive,0,0,3,334,4.412,1974,1/8/1977,121,0,0,181,1978,14,2616,4463.36,3821.91,4788.59,3253.79,98.46,1569.45,,0,0,0,16.706,86.2,54.562,44.562,2.604,6723.278,6725.882,112230.903,15.48,13.13,1.388,3,300,1299.4,209.37,550.329,720.817,660.2,165.831,826.031,1.337,6752.119,3.22,6755.339,112596.39,150,213.588,267.06,6.436,0.462,0.969,1.372,7656.422,350,0.787,2207.2,8.3,882.9,0,0,18.142,27.79,20.713,300,Mackay,Mackay,Pind,1958,Furrow,BareFallow,42,MW_Surf2,130_150,100,3,3,SWD_0_50_200_50_50,P2R,MW_01MayR6V1,MW_T3,1599.4,1020.817,759.699,925.53,7.867,1.431,9.64521554793856,0.119196495046796,13.128,0.6564,0.460980953986179,15.694,3_3
01/07/1979,1979,182,1978,01-May,3,sugar,alive,0,0,4,365,4.478,1974,1/7/1978,121,0,0,181,1979,14,2616,4850.29,4289.04,5312.8,3639.99,111.949,1847.29,,0,0,0,17.396,111.2,68.232,58.232,3.22,6752.119,6755.339,112596.39,16.97,14.92,1.396,3,300,2906,562.985,1721.892,979.363,674.902,193.214,868.116,9.287,6772.439,2.047,6774.487,113006.41,150,237.35,314.093,16.519,0.843,5.494,3.225,9371.767,350,0.744,1946.3,7.3,778.5,0,0,18.058,26.672,18.176,509.4,Mackay,Mackay,Pind,1958,Furrow,BareFallow,42,MW_Surf2,130_150,100,3,3,SWD_0_50_200_50_50,P2R,MW_01MayR6V1,MW_T3,3206,1279.363,2284.877,2478.091,22.856,6.337,8.75037030147034,0.128956268517111,14.9265333333333,0.746326666666667,0.471662102380451,18.473,3_3
01/07/1980,1980,183,1979,01-May,3,sugar,alive,0,0,5,366,4.517,1974,1/7/1979,121,0,0,181,1980,14,2616,5393.77,4803.82,5930.55,4063.17,125.161,2028.96,,0,0,0,17.039,116.5,121.239,111.239,2.047,6772.439,6774.487,113006.41,17.65,15.48,1.401,3,300,1248.6,187.822,433.905,831.746,779.581,184.68,964.262,1.008,6792.724,4.138,6796.862,113219.855,150,247.318,308.863,3.209,0.095,0.938,0.832,9897.919,350,0.775,2128.8,7.9,851.5,0,0,18.395,27.626,19.976,215.6,Mackay,Mackay,Pind,1958,Furrow,BareFallow,42,MW_Surf2,130_150,100,3,3,SWD_0_50_200_50_50,P2R,MW_01MayR6V1,MW_T3,1548.6,1131.746,621.727,806.407,4.242,1.033,11.0591069020787,0.129799784705817,16.6881333333333,0.834406666666667,0.506073152783057,20.29,3_3
01/07/1981,1981,182,1980,01-May,3,sugar,alive,0,0,6,365,4.48,1974,1/7/1980,121,0,0,181,1981,14,2616,5120.79,4569.65,5702.92,3825.27,118.163,2018.32,,0,0,0,18.109,112,83.85,73.85,4.138,6792.724,6796.862,113219.855,17.28,15.27,1.409,3,300,1619.3,527.868,475.242,992.6,750.142,165.578,915.721,1.146,6811.755,4.7,6816.455,113486.003,150,240.796,325.913,14.054,0.274,1.236,2.892,10334.046,350,0.759,2031.6,7.5,812.7,0,0,18.21,27.259,19.351,101.3,Mackay,Mackay,Pind,1958,Furrow,BareFallow,42,MW_Surf2,130_150,100,3,3,SWD_0_50_200_50_50,P2R,MW_01MayR6V1,MW_T3,1919.3,1292.6,1003.11,1168.688,15.564,1.51,9.14149775645985,0.129038211420291,15.7550666666667,0.787753333333333,0.490718284356883,20.183,3_3
01/05/1982,1982,121,0,01-May,3,none,out,0,0,-1,0,6,1974,0.000,121,0,0,181,-1,14,2616,0,0,0,0,0,0,,0,0,0,0,0,84.32,74.32,4.7,6811.755,6816.455,113486.003,0,0,1.417,0,0,1203.3,554.251,317.11,708.882,0,264.993,264.993,0.582,6890.419,52.547,6942.967,113939.525,0,0,135.071,27.053,3.979,2.911,4.374,10079.569,350,0.006,9.1,0,3.6,0,0,19.439,28.196,20.566,222,Mackay,Mackay,Pind,1958,Furrow,BareFallow,42,MW_Surf2,130_150,100,3,3,SWD_0_50_200_50_50,P2R,MW_01MayR6V1,MW_T3,1203.3,708.882,871.361,1136.354,33.943,6.89,0,0,0,,,0,3_3
01/09/1983,1983,244,1982,01-May,4,sugar,alive,0,0,0,488,4.625,1982,1/5/1982,121,0,0,181,1983,14,2616,5938.33,5340.83,6145.76,4688.54,144.733,2353.84,,0,0,0,17.104,183.9,151.268,151.268,52.547,6890.419,6942.967,113939.525,25.38,23.19,1.425,3,300,1510.9,237.857,500.455,1023.483,783.984,380.443,1164.427,4.311,6705.865,7.191,6713.056,112242.5,130,347.977,354.524,34.073,8.3,5.741,6.457,4945.599,350,0.823,2473.1,9.1,989.2,0,0,16.662,26.055,19.196,156,Mackay,Mackay,Pind,1958,Furrow,BareFallow,42,MW_Surf2,130_150,100,3,3,SWD_0_50_200_50_50,P2R,MW_01MayR6V1,MW_T3,1810.9,1323.483,738.312,1118.755,48.114,14.041,10.9357657030729,0.124295468930212,19.2977333333333,1.11333076923077,0.41592691470988,23.538,3_3
01/09/1984,1984,245,1983,01-May,4,sugar,alive,0,0,1,366,4.481,1982,1/9/1983,121,0,0,181,1984,14,2616,3611.68,3080.47,3865.53,2765,82.603,1308.89,,0,0,0,16.59,65.3,59.429,49.429,7.191,6705.865,6713.056,112242.5,11.48,9.54,1.393,3,300,689.2,172.447,127.16,593.724,525.924,170.747,696.671,0.074,6795.68,5.266,6800.946,113443.04,150,160.969,250.151,17.545,3.899,3.174,3.338,8076.819,350,0.898,3265.9,12.4,1306.4,0,0,18.315,27.231,19.32,62,Mackay,Mackay,Pind,1958,Furrow,BareFallow,42,MW_Surf2,130_150,100,3,3,SWD_0_50_200_50_50,P2R,MW_01MayR6V1,MW_T3,989.2,893.724,299.607,470.354,24.618,7.073,9.24256258084151,0.118568162016217,11.0137333333333,0.550686666666667,0.513160919183197,13.089,3_3
01/08/1985,1985,213,1984,01-May,4,sugar,alive,0,0,2,334,4.435,1982,1/9/1984,121,0,0,181,1985,14,2616,5444.88,4880.97,5939.18,4079.24,126.436,2020.31,,0,0,0,16.754,117.3,52.352,42.352,5.266,6795.68,6800.946,113443.04,18.72,16.65,1.418,3,300,1609.6,271.932,641.867,948.417,767.012,199.81,966.821,4.201,6770.736,4.342,6775.079,113020.428,150,258.355,323.076,17.969,3.291,3.101,3.328,8605.13,350,0.798,2284.4,8.5,913.8,0,0,18.765,27.514,19.449,365,Mackay,Mackay,Pind,1958,Furrow,BareFallow,42,MW_Surf2,130_150,100,3,3,SWD_0_50_200_50_50,P2R,MW_01MayR6V1,MW_T3,1909.6,1248.417,913.799,1113.609,24.361,6.392,10.1277057265321,0.130774983166481,16.8581333333333,0.842906666666667,0.489388631921194,20.203,3_3
01/07/1986,1986,182,1985,01-May,4,sugar,alive,0,0,3,334,4.451,1982,1/8/1985,121,0,0,181,1986,14,2616,5021.76,4468.52,5588.47,3714.4,114.982,2011.93,,0,0,0,18.622,110.3,81.332,71.332,4.342,6770.736,6775.079,113020.428,17.45,15.42,1.413,3,300,1353,370.398,414.78,872.363,699.761,166.465,866.226,0.59,6797.813,3.068,6800.881,113412.661,150,242.225,323.966,7.117,1.979,2.939,1.445,9935.534,350,0.711,1775.4,6.7,710.2,0,0,19.037,27.651,19.903,134,Mackay,Mackay,Pind,1958,Furrow,BareFallow,42,MW_Surf2,130_150,100,3,3,SWD_0_50_200_50_50,P2R,MW_01MayR6V1,MW_T3,1653,1172.363,785.178,951.643,12.035,4.918,9.8077131400428,0.132739031153533,15.3309333333333,0.766546666666667,0.474690886572402,20.119,3_3
01/07/1987,1987,182,1986,01-May,4,sugar,alive,0,0,4,365,4.544,1982,1/7/1986,121,0,0,181,1987,14,2616,3917.53,3464.78,4443.65,2936.3,89.534,1315.5,,0,0,0,15.172,105.8,82.928,72.928,3.068,6797.813,6800.881,113412.661,15.4,13.74,1.422,3,300,756.7,122.634,90.177,695.846,576.504,213.858,790.362,0.11,6844.939,3.107,6848.046,113973.267,150,215.11,298.332,15.024,0.333,0.16,3.027,9697.199,350,0.736,1903.7,7.2,761.5,0,0,19.257,27.916,19.78,55,Mackay,Mackay,Pind,1958,Furrow,BareFallow,42,MW_Surf2,130_150,100,3,3,SWD_0_50_200_50_50,P2R,MW_01MayR6V1,MW_T3,1056.7,995.846,212.811,426.669,15.517,0.493,8.99074756538662,0.113282268125239,11.9378666666667,0.596893333333333,0.416224257356701,13.155,3_3
01/07/1988,1988,183,1987,01-May,4,sugar,alive,0,0,5,366,4.514,1982,1/7/1987,121,0,0,181,1988,14,2616,5177.23,4585.84,5676.79,3813.94,116.435,1748.07,,0,0,0,15.566,125.6,136.454,126.454,3.107,6844.939,6848.046,113973.267,19.82,17.66,1.433,3,300,1598.2,283.352,687.978,886.617,750.238,200.761,950.999,1.683,6832.851,2.132,6834.983,113896.415,150,266.765,315.158,8.176,0.548,1.255,1.82,9175.563,350,0.805,2334.9,8.7,934,0,0,18.474,27.344,19.667,293.4,Mackay,Mackay,Pind,1958,Furrow,BareFallow,42,MW_Surf2,130_150,100,3,3,SWD_0_50_200_50_50,P2R,MW_01MayR6V1,MW_T3,1898.2,1186.617,971.33,1172.091,9.979,1.803,9.81234888763603,0.122434408448379,15.5246666666667,0.776233333333333,0.436470301576294,17.481,3_3
01/07/1989,1989,182,1988,01-May,4,sugar,alive,0,0,6,365,4.511,1982,1/7/1988,121,0,0,181,1989,14,2616,5609.66,4995.4,6158.44,4245.99,131.375,2349.75,,0,0,0,19.1,119.6,112.325,102.325,2.132,6832.851,6834.983,113896.415,18.37,16.12,1.432,3,300,2493.7,867.293,967.247,1316.076,792.687,167.635,960.322,2.532,6850.477,3.807,6854.284,114212.32,150,250.64,336.401,14.255,2.345,4.696,2.884,10611.349,350,0.755,2008.7,7.5,803.5,0,0,18.823,26.928,18.87,197,Mackay,Mackay,Pind,1958,Furrow,BareFallow,42,MW_Surf2,130_150,100,3,3,SWD_0_50_200_50_50,P2R,MW_01MayR6V1,MW_T3,2793.7,1616.076,1834.54,2002.175,21.296,7.041,8.12925877248347,0.136803072302832,17.5166666666667,0.875833333333333,0.524158155122886,23.497,3_3
01/05/1990,1990,121,0,01-May,4,none,out,0,0,-1,0,6,1982,0.000,121,0,0,181,-1,14,2616,0,0,0,0,0,0,,0,0,0,0,0,111.163,101.163,3.807,6850.477,6854.284,114212.32,0,0,1.44,0,0,1291.8,552.006,473.081,572.14,0,203.548,203.548,1.665,6955.02,32.44,6987.46,115025.263,0,0,113.528,21.653,7.329,1.158,3.389,10101.482,350.149,0.009,12.8,0.1,5.1,0,0,18.785,27.847,20.741,130,Mackay,Mackay,Pind,1958,Furrow,BareFallow,42,MW_Surf2,130_150,100,3,3,SWD_0_50_200_50_50,P2R,MW_01MayR6V1,MW_T3,1291.8,572.14,1025.087,1228.635,30.14,8.487,0,0,0,,,0,3_3
01/09/1991,1991,244,1990,01-May,5,sugar,alive,0,0,0,488,4.644,1990,1/5/1990,121,0,0,181,1991,14,2616,3688.5,3212.19,3748.23,2958.76,88.927,1214.87,,0,0,0,13.903,128.7,174.327,174.327,32.44,6955.02,6987.46,115025.263,19.78,18.04,1.458,3,300,3391.8,470.892,2436.293,824.597,488.108,426.13,914.238,53.031,6776.25,12.286,6788.535,113246.882,130,268.365,338.588,45.485,19.305,24.773,8.391,4350.861,352.197,0.855,2758,10.1,1103.2,0,0,17.035,26.151,18.614,298.2,Mackay,Mackay,Pind,1958,Furrow,BareFallow,42,MW_Surf2,130_150,100,3,3,SWD_0_50_200_50_50,P2R,MW_01MayR6V1,MW_T3,3691.8,1124.597,2907.185,3333.315,89.563,44.078,7.90745484827009,0.0972689824750229,11.8569333333333,0.684053846153846,0.331365863655842,12.149,3_3
01/09/1992,1992,245,1991,01-May,5,sugar,alive,0,0,1,366,4.486,1990,1/9/1991,121,0,0,181,1992,14,2616,4712.98,4021.93,4839.44,3662.49,110.153,1665.9,,0,0,0,15.702,103.7,44.704,34.704,12.286,6776.25,6788.535,113246.882,16.82,14.29,1.424,3,300,803.3,83.182,110.97,717.456,689.809,219.781,909.59,0.296,6795.778,17.659,6813.437,113748.646,150,228.117,279.241,13.35,3.357,0.553,2.717,6615.407,353.766,0.923,3656.3,13.6,1462.5,0,0,18.442,27.896,20.861,174,Mackay,Mackay,Pind,1958,Furrow,BareFallow,42,MW_Surf2,130_150,100,3,3,SWD_0_50_200_50_50,P2R,MW_01MayR6V1,MW_T3,1103.3,1017.456,194.152,413.933,17.26,3.91,10.8263158308566,0.121101815103508,14.6870666666667,0.734353333333333,0.482879399606342,16.659,3_3
01/08/1993,1993,213,1992,01-May,5,sugar,alive,0,0,2,334,4.436,1990,1/9/1992,121,0,0,181,1993,14,2616,5328.27,4726.12,5775.41,3964.61,122.48,2311,,0,0,0,20.308,97,44.262,34.262,17.659,6795.778,6813.437,113748.646,16.22,14.01,1.432,3,300,1193.1,164.759,404.346,788.727,734.028,166.734,900.762,0.635,6831.762,9.474,6841.236,113919.809,150,228.213,299.275,10.231,6.646,0.632,2.144,9080.413,355.229,0.742,1937.8,7.3,775.1,0,0,19.307,27.919,20.536,185,Mackay,Mackay,Pind,1958,Furrow,BareFallow,42,MW_Surf2,130_150,100,3,3,SWD_0_50_200_50_50,P2R,MW_01MayR6V1,MW_T3,1493.1,1088.727,569.105,735.839,17.509,7.278,11.2498358174271,0.135973764435001,16.3306666666667,0.816533333333333,0.536691599514489,23.11,3_3
01/07/1994,1994,182,1993,01-May,5,sugar,alive,0,0,3,334,4.44,1990,1/8/1993,121,0,0,181,1994,14,2616,5199.03,4659.58,5792.67,3909.62,121.831,2253.24,,0,0,0,19.849,110.5,67.496,57.496,9.474,6831.762,6841.236,113919.809,17.29,15.32,1.444,3,300,1111.4,243.902,260.947,854.348,731.44,176.714,908.154,0.765,6844.026,5.42,6849.446,114200.043,150,243.778,333.291,15.727,4.255,0.714,3.135,9828.516,356.716,0.712,1778.1,6.6,711.2,0,0,19.091,27.65,20.238,141,Mackay,Mackay,Pind,1958,Furrow,BareFallow,42,MW_Surf2,130_150,100,3,3,SWD_0_50_200_50_50,P2R,MW_01MayR6V1,MW_T3,1411.4,1154.348,504.849,681.563,20.696,4.969,10.5540963383659,0.134152357419557,16.2441333333333,0.812206666666667,0.499762078612508,22.532,3_3
01/07/1995,1995,182,1994,01-May,5,sugar,alive,0,0,4,365,4.511,1990,1/7/1994,121,0,0,181,1995,14,2616,5587.05,4945.54,6128.43,4284.95,132.212,2363.33,,0,0,0,19.087,115.6,65.893,55.893,5.42,6844.026,6849.446,114200.043,17.44,15.09,1.449,3,300,981.1,58.603,205.088,820.927,816.963,185.853,1002.816,0.436,6872.668,4.287,6876.955,114745.246,150,245.035,314.702,3.256,0.356,4.174,0.859,10030.232,358.365,0.774,2123.5,7.9,849.4,0,0,18.418,27.531,20.482,112.5,Mackay,Mackay,Pind,1958,Furrow,BareFallow,42,MW_Surf2,130_150,100,3,3,SWD_0_50_200_50_50,P2R,MW_01MayR6V1,MW_T3,1281.1,1120.927,263.691,449.544,7.786,4.53,11.7948804873109,0.131840736486055,17.6282666666667,0.881413333333333,0.539563735792846,23.633,3_3
01/07/1996,1996,183,1995,01-May,5,sugar,alive,0,0,5,366,4.512,1990,1/7/1995,121,0,0,181,1996,14,2616,5428.28,4818.66,5995.63,4143.58,128.294,2402.58,,0,0,0,20.134,112.2,80.485,70.485,4.287,6872.668,6876.955,114745.246,16.99,14.76,1.455,3,300,1242.4,282.018,265.496,986.328,814.056,180.816,994.872,0.461,6886.335,6.629,6892.963,114819.223,150,237.911,319.521,16.707,2.967,3.253,3.181,10543.828,360.044,0.774,2125.4,7.9,850.2,0,0,18.645,27.703,20.275,106,Mackay,Mackay,Pind,1958,Furrow,BareFallow,42,MW_Surf2,130_150,100,3,3,SWD_0_50_200_50_50,P2R,MW_01MayR6V1,MW_T3,1542.4,1286.328,547.514,728.33,22.927,6.22,9.97366146115143,0.128955282689632,17.1058666666667,0.855293333333334,0.539252073254284,24.026,3_3
01/07/1997,1997,182,1996,01-May,5,sugar,alive,0,0,6,365,4.481,1990,1/7/1996,121,0,0,181,1997,14,2616,5971.81,5335.02,6585.14,4590.19,142.282,2500.95,,0,0,0,18.72,121,80.499,70.499,6.629,6886.335,6892.963,114819.223,18.34,16,1.46,3,300,1483.2,302.97,428.618,1039.147,865.441,174.261,1039.702,1.044,6898.901,2.912,6901.813,115208.758,150,257.659,329.495,10.418,2.037,0.977,2.293,10535.968,361.751,0.784,2192.1,8.1,876.9,0,0,17.676,27.311,20.44,203,Mackay,Mackay,Pind,1958,Furrow,BareFallow,42,MW_Surf2,130_150,100,3,3,SWD_0_50_200_50_50,P2R,MW_01MayR6V1,MW_T3,1783.2,1339.147,731.588,905.849,13.432,3.014,10.6248231150128,0.136848827837207,18.9709333333333,0.948546666666667,0.552210479742606,25.009,3_3
01/05/1998,1998,121,0,01-May,5,none,out,0,0,-1,0,6,1990,0.000,121,0,0,181,-1,14,2616,0,0,0,0,0,0,,0,0,0,0,0,92.409,82.409,2.912,6898.901,6901.813,115208.758,0,0,1.462,0,0,1107.4,539.635,251.07,688.343,0,252.342,252.342,0.316,6988.063,62.382,7050.445,115558.424,0,0,135.252,14.712,1.34,1.462,2.166,11059.819,363.196,0.007,10.5,0,4.2,0,0,19.142,28.418,20.645,110,Mackay,Mackay,Pind,1958,Furrow,BareFallow,42,MW_Surf2,130_150,100,3,3,SWD_0_50_200_50_50,P2R,MW_01MayR6V1,MW_T3,1107.4,688.343,790.705,1043.047,17.514,2.802,0,0,0,,,0,3_3
01/09/1999,1999,244,1998,01-May,6,sugar,alive,0,0,0,488,4.676,1998,1/5/1998,121,0,0,181,1999,14,2616,7023.07,6152.47,7058.52,5687.28,172.386,2779.49,,0,0,0,16.932,173.2,156.763,156.763,62.382,6988.063,7050.445,115558.424,26.72,23.53,1.473,3,300,2495,411.294,1177.105,1336.747,892.128,403.684,1295.811,23.182,6786.71,3.532,6790.242,114160.817,130,371.184,383.867,41.692,10.007,14.655,7.984,5650.114,365.55,0.955,4444.9,16.3,1777.9,0,0,17.699,26.305,17.572,166,Mackay,Mackay,Pind,1958,Furrow,BareFallow,42,MW_Surf2,130_150,100,3,3,SWD_0_50_200_50_50,P2R,MW_01MayR6V1,MW_T3,2795,1636.747,1588.399,1992.083,66.354,24.662,10.5322325319674,0.133033289576952,22.9848,1.32604615384615,0.46442195784301,27.795,3_3
01/09/2000,2000,245,1999,01-May,6,sugar,alive,0,0,1,366,4.482,1998,1/9/1999,121,0,0,181,2000,14,2616,4272.71,3817.24,4715.3,3295.07,101.668,1897.87,,0,0,0,20.061,85,67.553,57.553,3.532,6786.71,6790.242,114160.817,13.1,11.43,1.433,3,300,2214.6,727.16,1047.732,910.869,587.068,168.501,755.569,2.558,6892.267,2.701,6894.969,114913.329,150,193.485,277.078,3.032,1.784,4.997,0.761,10147.678,367.35,0.76,2037.2,7.8,814.9,0,0,17.954,26.784,18.581,187,Mackay,Mackay,Pind,1958,Furrow,BareFallow,42,MW_Surf2,130_150,100,3,3,SWD_0_50_200_50_50,P2R,MW_01MayR6V1,MW_T3,2514.6,1210.869,1774.892,1943.393,9.813,6.781,8.39628399108409,0.134558193890962,13.5557333333333,0.677786666666667,0.525456753753521,18.979,3_3
01/08/2001,2001,213,2000,01-May,6,sugar,alive,0,0,2,334,4.408,1998,1/9/2000,121,0,0,181,2001,14,2616,4094.52,3596.08,4513.46,3029.23,93.371,1638.12,,0,0,0,18.679,93.8,51.692,41.692,2.701,6892.267,6894.969,114913.329,15.25,13.42,1.464,3,300,1677.7,590.062,607.168,870.209,554.432,206.041,760.473,0.792,6882.296,4.147,6886.443,114828.199,150,206.485,302.097,32.974,14.687,0.991,6.022,7990.741,369.026,0.712,1776.3,6.6,710.5,0,0,18.42,27.612,19.462,235,Mackay,Mackay,Pind,1958,Furrow,BareFallow,42,MW_Surf2,130_150,100,3,3,SWD_0_50_200_50_50,P2R,MW_01MayR6V1,MW_T3,1977.7,1170.209,1197.23,1403.271,48.652,15.678,7.97900204151566,0.122780164450283,12.4494666666667,0.622473333333333,0.452192653219362,16.381,3_3
01/07/2002,2002,182,2001,01-May,6,sugar,alive,0,0,3,334,4.487,1998,1/8/2001,121,0,0,181,2002,14,2616,4592.62,3959.16,4973.48,3389.4,102.247,1730.67,,0,0,0,17.919,119.2,71.689,61.689,4.147,6882.296,6886.443,114828.199,18.99,16.67,1.463,3,300,957,43.438,241.861,744.526,723.855,222.048,945.903,0.67,6879.959,4.808,6884.767,114917.963,150,261.299,316.117,4.934,0.363,1.729,1.046,8827.455,370.727,0.799,2294.5,8.5,917.8,0,0,18.886,29.145,21.222,143,Mackay,Mackay,Pind,1958,Furrow,BareFallow,42,MW_Surf2,130_150,100,3,3,SWD_0_50_200_50_50,P2R,MW_01MayR6V1,MW_T3,1257,1044.526,285.299,507.347,7.026,2.092,9.78884202020821,0.108094593208817,13.6329333333333,0.681646666666667,0.391302683898522,17.307,3_3
01/07/2003,2003,182,2002,01-May,6,sugar,alive,0,0,4,365,4.484,1998,1/7/2002,121,0,0,181,2003,14,2616,2760.41,2380.1,3174.17,2035.33,60.757,726.13,,0,0,0,11.8,97.1,97.489,87.489,4.808,6879.959,6884.767,114917.963,14.42,13.03,1.46,3,300,955.6,192.634,327.898,593.045,423.037,276.6,699.637,1.043,6952.571,8.529,6961.099,115412.446,150,190.934,276.686,9.239,1.246,2.218,1.88,8974.725,372.611,0.7,1718.6,6.5,687.4,0,0,17.799,27.882,20.51,113,Mackay,Mackay,Pind,1958,Furrow,BareFallow,42,MW_Surf2,130_150,100,3,3,SWD_0_50_200_50_50,P2R,MW_01MayR6V1,MW_T3,1255.6,893.045,520.532,797.132,12.703,3.464,6.8033525746183,0.0868407474161601,8.10093333333333,0.405046666666667,0.318209433626279,7.261,3_3
01/07/2004,2004,183,2003,01-May,6,sugar,alive,0,0,5,366,4.537,1998,1/7/2003,121,0,0,181,2004,14,2616,4813.59,4076.56,5014.69,3638.29,109.323,1961.51,,0,0,0,19.169,157.8,132.921,122.921,8.529,6952.571,6961.099,115412.446,24,21.3,1.479,3,300,784.6,51.478,129.558,685.57,747.85,237.308,985.157,0.828,6879.51,6.598,6886.108,115018.911,150,313.305,353.543,17.139,0.334,0.625,3.454,7933.759,374.525,0.801,2304.2,8.5,921.7,0,0,18.332,28.403,20.241,59,Mackay,Mackay,Pind,1958,Furrow,BareFallow,42,MW_Surf2,130_150,100,3,3,SWD_0_50_200_50_50,P2R,MW_01MayR6V1,MW_T3,1084.6,985.57,181.036,418.344,18.098,0.959,11.0923627951338,0.11097012963416,14.5764,0.72882,0.3489347440992,19.615,3_3
04/07/2005,2005,185,2004,01-May,6,sugar,alive,0,0,6,368,4.488,1998,1/7/2004,121,0,3,181,2005,11,2616,5305.16,4659.78,5745.25,3962.88,121.282,2033.93,,0,0,0,17.727,134.2,51.328,41.328,6.598,6879.51,6886.108,115018.911,20.09,17.73,1.461,3,300,1334.2,152.717,423.11,915.68,790.783,216.613,1007.396,2.752,6905.978,4.333,6910.311,115179.57,150,263.947,335.892,6.938,1.715,1.459,1.535,9716.412,376.486,0.771,2107.2,7.9,842.9,0,0,17.806,28.047,20.126,202,Mackay,Mackay,Pind,1958,Furrow,BareFallow,42,MW_Surf2,130_150,100,3,3,SWD_0_50_200_50_50,P2R,MW_01MayR6V1,MW_T3,1634.2,1215.68,575.827,792.44,10.112,3.174,9.97647407212424,0.120391583845876,16.1709333333333,0.808546666666667,0.459493762005251,20.339,3_3
01/05/2006,2006,121,0,01-May,6,none,out,0,0,-1,0,6,1998,0.000,121,0,3,184,-1,11,2619,0,0,0,0,0,0,,0,0,0,0,0,102.305,92.305,4.333,6905.978,6910.311,115179.57,0,0,1.47,0,0,984.3,534.679,118.513,684.392,0,280.968,280.968,0.625,6973.178,66.217,7039.395,115321.515,0,0,154.906,29.636,6.062,0.761,4.816,10417.364,378.113,0.006,8,0,3.2,0,0,19.734,29.174,20.777,83,Mackay,Mackay,Pind,1958,Furrow,BareFallow,42,MW_Surf2,130_150,100,3,3,SWD_0_50_200_50_50,P2R,MW_01MayR6V1,MW_T3,984.3,684.392,653.192,934.16,36.459,6.823,0,0,0,,,0,3_3
01/09/2007,2007,244,2006,01-May,7,sugar,alive,0,0,0,488,4.633,2006,1/5/2006,121,0,0,181,2007,14,2616,6588.4,5967.32,6839.09,5278.23,163.978,2607.34,,0,0,0,16.658,170.7,152.446,152.446,66.217,6973.178,7039.395,115321.515,24.5,22.23,1.482,3,300,2239.3,330.244,971.276,1258.558,869.771,469.972,1339.742,14.672,6783.782,9.685,6793.467,113909.572,130,334.641,359.738,51.722,17.36,9.658,9.649,4728.13,380.787,0.875,2974.9,10.9,1190,0,0,16.709,26.209,18.446,257,Mackay,Mackay,Pind,1958,Furrow,BareFallow,42,MW_Surf2,130_150,100,3,3,SWD_0_50_200_50_50,P2R,MW_01MayR6V1,MW_T3,2539.3,1558.558,1301.52,1771.492,78.74,27.018,10.5211355624879,0.122395207435461,21.8637333333333,1.26136923076923,0.490011684163028,26.073,3_3
01/09/2008,2008,245,2007,01-May,7,sugar,alive,0,0,1,366,4.479,2006,1/9/2007,121,0,0,181,2008,14,2616,3888.02,3455.81,4299.18,2996.11,91.671,1665.3,,0,0,0,19.444,52.2,50.484,40.484,9.685,6783.782,6793.467,113909.572,9.01,7.43,1.442,3,300,2385,567.015,1391.741,792.168,574.184,147.574,721.758,1.313,6905.461,3.495,6908.957,115252.909,150,141.117,224.297,11.259,7.542,5.087,2.154,8626.794,382.828,0.845,2664.3,10.5,1065.7,0,0,17.603,27.205,19.093,532,Mackay,Mackay,Pind,1958,Furrow,BareFallow,42,MW_Surf2,130_150,100,3,3,SWD_0_50_200_50_50,P2R,MW_01MayR6V1,MW_T3,2685,1092.168,1958.756,2106.33,23.888,12.629,8.39348891379348,0.12701071550298,12.2228,0.61114,0.649609898169604,16.653,3_3
01/08/2009,2009,213,2008,01-May,7,sugar,alive,0,0,2,334,4.455,2006,1/9/2008,121,0,0,181,2009,14,2616,4494.24,3791.96,4739.74,3343.41,99.995,1534.5,,0,0,0,15.975,100,54.97,44.97,3.495,6905.461,6908.957,115252.909,16.65,14.08,1.473,3,300,1756,422.92,753.216,827.525,710.185,176.738,886.923,2.476,6893.151,2.924,6896.076,115154.151,150,240.384,299.004,12.35,0.461,3.929,2.371,8338.607,384.727,0.868,2889.9,10.7,1156,0,0,18.554,28.274,19.154,145,Mackay,Mackay,Pind,1958,Furrow,BareFallow,42,MW_Surf2,130_150,100,3,3,SWD_0_50_200_50_50,P2R,MW_01MayR6V1,MW_T3,2056,1127.525,1176.136,1352.874,16.74,4.39,8.86853950023281,0.112743721833801,13.3326666666667,0.666633333333333,0.415980264909478,15.345,3_3
01/07/2010,2010,182,2009,01-May,7,sugar,alive,0,0,3,334,4.448,2006,1/8/2009,121,0,0,181,2010,14,2616,4537.8,3881.92,4895.21,3321.97,100.522,1529.41,,0,0,0,15.814,106,47.912,37.912,2.924,6893.151,6896.076,115154.151,17.1,14.7,1.469,3,300,1856.7,507.814,807.96,822.052,658.949,170.821,829.77,3.348,6925.903,3.79,6929.693,115324.72,150,233.836,311.069,5.282,0.94,2.832,1.092,9318.458,386.651,0.758,2025.5,7.6,810.2,0,0,18.924,28.571,19.902,185,Mackay,Mackay,Pind,1958,Furrow,BareFallow,42,MW_Surf2,130_150,100,3,3,SWD_0_50_200_50_50,P2R,MW_01MayR6V1,MW_T3,2156.7,1122.052,1315.774,1486.595,9.054,3.772,8.95876483442835,0.121144413512178,13.4029333333333,0.670146666666667,0.429882481739339,15.294,3_3
01/07/2011,2011,182,2010,01-May,7,sugar,alive,0,0,4,365,4.475,2006,1/7/2010,121,0,0,181,2011,14,2616,4443.19,4020.66,5012.16,3321.3,103.869,1912.05,,0,0,0,19.742,102.9,59.068,49.068,3.79,6925.903,6929.693,115324.72,15.88,14.33,1.479,3,300,3875.8,1280.792,2089.135,1099.266,563.847,204.494,768.341,8.029,6927.492,3.213,6930.705,115284.192,150,209.727,315.863,35.108,18.075,8.25,6.288,9359.333,388.78,0.632,1427.5,5.3,571,0,0,18.918,26.832,17.085,220,Mackay,Mackay,Pind,1958,Furrow,BareFallow,42,MW_Surf2,130_150,100,3,3,SWD_0_50_200_50_50,P2R,MW_01MayR6V1,MW_T3,4175.8,1399.266,3369.927,3574.421,61.433,26.325,7.42310611420559,0.135186069726853,13.8492,0.69246,0.495258121271939,19.12,3_3
01/07/2012,2012,183,2011,01-May,7,sugar,alive,0,0,5,366,4.494,2006,1/7/2011,121,0,0,181,2012,14,2616,5842.27,5182.64,6340.04,4445.29,137.19,2431.94,,0,0,0,18.904,122.1,96.601,86.601,3.213,6927.492,6930.705,115284.192,18.99,16.57,1.481,3,300,2316.5,476.387,1117.694,1062.415,832.877,188.67,1021.547,3.67,6916.612,1.797,6918.409,115485.629,150,260.619,318.733,13.362,1.078,6.341,2.655,9298.338,390.94,0.79,2226.9,8.2,890.8,0,0,17.909,27.267,19.132,239,Mackay,Mackay,Pind,1958,Furrow,BareFallow,42,MW_Surf2,130_150,100,3,3,SWD_0_50_200_50_50,P2R,MW_01MayR6V1,MW_T3,2616.5,1362.415,1594.081,1782.751,20.781,7.419,10.0696190221041,0.134296317252168,18.292,0.9146,0.526400607783776,24.319,3_3
01/07/2013,2013,182,2012,01-May,7,sugar,alive,0,0,6,365,4.497,2006,1/7/2012,121,0,0,181,2013,14,2616,5355.47,4768.95,5936.78,4094.71,126.64,2219.4,,0,0,0,18.656,117.2,97.473,87.473,1.797,6916.612,6918.409,115485.629,17.46,15.31,1.479,3,300,2091,557.5,882.966,1042.766,781.045,170.744,951.789,2.28,6946.062,3.856,6949.918,115798.024,150,247.696,333.827,5.178,0.33,2.181,1.36,10874.955,393.132,0.74,1922.6,7.2,769,0,0,18.045,27.322,19.55,189,Mackay,Mackay,Pind,1958,Furrow,BareFallow,42,MW_Surf2,130_150,100,3,3,SWD_0_50_200_50_50,P2R,MW_01MayR6V1,MW_T3,2391,1342.766,1440.466,1611.21,7.689,2.511,9.43127842081197,0.133054700148878,16.8853333333333,0.844266666666667,0.511271881661391,22.194,3_3
01/05/2014,2014,121,0,01-May,7,none,out,0,0,-1,0,6,2006,0.000,121,0,0,181,-1,14,2616,0,0,0,0,0,0,,0,0,0,0,0,96.218,86.218,3.856,6946.062,6949.918,115798.024,0,0,1.488,0,0,1228,498.63,337.614,695.618,0,327.78,327.78,0.8,6983.903,73.414,7057.317,115635.697,0,0,172.262,41.915,6.877,2.276,6.514,10652.305,394.983,0.005,6.8,0,2.7,0,0,19.387,28.809,20.67,162,Mackay,Mackay,Pind,1958,Furrow,BareFallow,42,MW_Surf2,130_150,100,3,3,SWD_0_50_200_50_50,P2R,MW_01MayR6V1,MW_T3,1228,695.618,836.244,1164.024,51.068,9.153,0,0,0,,,0,3_3
01/09/2015,2015,244,2014,01-May,8,sugar,alive,0,0,0,488,4.689,2014,1/5/2014,121,0,0,181,2015,14,2616,3586.71,3183.53,3709.6,2886.63,87.456,1180.32,,0,0,0,13.7,126.6,160.193,160.193,73.414,6983.903,7057.317,115635.697,19.47,17.99,1.488,3,300,1054,102.668,347.575,828.632,507.144,511.272,1018.416,7.961,6816.459,62.458,6878.918,114047.949,130,263.773,333,61.028,4.89,8.887,11.247,4302.045,397.99,0.767,2083.2,7.6,833.3,0,0,17.234,27.2,19.19,127,Mackay,Mackay,Pind,1958,Furrow,BareFallow,42,MW_Surf2,130_150,100,3,3,SWD_0_50_200_50_50,P2R,MW_01MayR6V1,MW_T3,1354,1128.632,450.243,961.515,74.805,13.777,7.74884993514272,0.0858745345713343,11.6608,0.672738461538462,0.331557816759107,11.803,3_3
01/09/2016,2016,245,2015,01-May,8,sugar,alive,0,0,1,366,4.528,2014,1/9/2015,121,0,0,181,2016,14,2616,6051.54,5331.48,6322.24,4602.94,140.935,2367.05,,0,0,0,17.758,107.4,45.534,35.534,62.458,6816.459,6878.918,114047.949,18.25,15.62,1.455,3,300,1800.8,221.923,718.928,1047.06,863.825,265.306,1129.13,13.611,6809.748,20.489,6830.237,114181.935,150,244.999,305.553,52.552,21.343,1.956,10.092,7155.493,400.283,0.838,2599.3,9.6,1039.7,0,0,19.326,28.311,18.877,143,Mackay,Mackay,Pind,1958,Furrow,BareFallow,42,MW_Surf2,130_150,100,3,3,SWD_0_50_200_50_50,P2R,MW_01MayR6V1,MW_T3,2100.8,1347.06,940.851,1206.157,75.851,23.299,10.4624144433062,0.124817337241947,18.7913333333333,0.939566666666667,0.575247245907126,23.67,3_3
01/08/2017,2017,213,2016,01-May,8,sugar,alive,0,0,2,334,4.483,2014,1/9/2016,121,0,0,181,2017,14,2616,3995.14,3560.15,4505.08,2966.49,91.524,1694.43,,0,0,0,19.872,86.1,76.353,66.353,20.489,6809.748,6830.237,114181.935,13.35,11.76,1.455,3,300,2279.3,616.404,1202.776,896.861,612.062,150.037,762.099,2.66,6873.218,5.028,6878.247,114749.494,150,201.389,295.228,13.025,14.718,2.06,2.762,9828.693,402.412,0.706,1750.1,6.7,700,0,0,19.085,28.371,17.739,276,Mackay,Mackay,Pind,1958,Furrow,BareFallow,42,MW_Surf2,130_150,100,3,3,SWD_0_50_200_50_50,P2R,MW_01MayR6V1,MW_T3,2579.3,1196.861,1819.18,1969.217,29.803,16.778,7.64700328609588,0.120094633374404,12.2032,0.61016,0.45446374926138,16.944,3_3
01/07/2018,2018,182,2017,01-May,8,sugar,alive,0,0,3,334,4.443,2014,1/8/2017,121,0,0,181,2018,14,2616,4467.03,3815.38,4816.57,3304.89,100.164,1543.46,,0,0,0,16.053,104.3,74.374,64.374,5.028,6873.218,6878.247,114749.494,17.14,14.75,1.472,3,300,1171.2,359.294,263.427,832.041,669.845,184.783,854.628,0.917,6874.553,3.601,6878.154,114853.399,150,232.42,306.935,16.831,2.504,0.949,3.091,8322.547,404.569,0.784,2186.2,8.1,874.5,0,0,18.691,28.625,18.509,103,Mackay,Mackay,Pind,1958,Furrow,BareFallow,42,MW_Surf2,130_150,100,3,3,SWD_0_50_200_50_50,P2R,MW_01MayR6V1,MW_T3,1471.2,1132.041,622.721,807.504,20.284,3.453,8.84808942432297,0.117201870287423,13.3552,0.66776,0.430961190947423,15.435,3_3
01/07/2019,2019,182,2018,01-May,8,sugar,alive,0,0,4,365,4.517,2014,1/7/2018,121,0,0,181,2019,14,2616,5335.22,4726.63,5826.36,3982.04,122.433,2044.87,,0,0,0,17.643,125.8,68.225,58.225,3.601,6874.553,6878.154,114853.399,19.04,16.81,1.472,3,300,1616.7,407.857,576.624,956.949,742.806,182.816,925.621,2.169,6887.013,3.067,6890.08,114961.371,150,260.044,329.103,7.27,1.015,2.499,1.552,9826.758,406.953,0.732,1882.2,7,752.9,0,0,18.518,27.946,17.42,123,Mackay,Mackay,Pind,1958,Furrow,BareFallow,42,MW_Surf2,130_150,100,3,3,SWD_0_50_200_50_50,P2R,MW_01MayR6V1,MW_T3,1916.7,1256.949,984.481,1167.297,10.784,3.514,9.74049066429903,0.132271199551436,16.3244,0.81622,0.470816477211549,20.449,3_3
01/07/2020,2020,183,2019,01-May,8,sugar,alive,0,0,5,366,4.518,2014,1/7/2019,121,0,0,181,2020,14,2616,5273.29,4645.83,5778.61,3972.77,121.919,2121.1,,0,0,0,18.499,119.5,74.824,64.824,3.067,6887.013,6890.08,114961.371,18.13,15.84,1.474,3,300,1586,338.415,573.694,942.774,799.789,173.165,972.954,1.536,6912.925,2.897,6915.821,115487.193,150,250.92,327.231,4.203,0.226,1.371,1.045,10294.597,409.37,0.742,1937.4,7.2,775,0,0,18.059,28.115,18.63,167,Mackay,Mackay,Pind,1958,Furrow,BareFallow,42,MW_Surf2,130_150,100,3,3,SWD_0_50_200_50_50,P2R,MW_01MayR6V1,MW_T3,1886,1242.774,912.109,1085.274,5.8,1.597,9.81023098326808,0.125308082396496,16.2558666666667,0.812793333333333,0.485887932408736,21.211,3_3
01/07/2021,2021,182,2020,01-May,8,sugar,alive,0,0,6,365,4.522,2014,1/7/2020,121,0,0,181,2021,14,2616,5494.1,4891.8,6065.27,4164.06,128.654,2120.41,,0,0,0,17.372,134.6,75.761,65.761,2.897,6912.925,6915.821,115487.193,19.79,17.58,1.48,3,300,1294.6,245.341,340.951,903.964,804.377,166.904,971.28,0.881,6913.416,1.977,6915.394,115507.677,150,271.8,349.602,8.61,0.12,0.904,1.868,10686.515,411.819,0.737,1906.3,7,762.5,0,0,18.525,27.767,17,146,Mackay,Mackay,Pind,1958,Furrow,BareFallow,42,MW_Surf2,130_150,100,3,3,SWD_0_50_200_50_50,P2R,MW_01MayR6V1,MW_T3,1594.6,1203.964,586.292,753.196,9.634,1.024,10.6858676837513,0.132458199489334,17.1538666666667,0.857693333333333,0.473340691685063,21.204,3_3
01/05/2022,2022,121,0,01-May,8,none,out,0,0,-1,0,6,2014,0.000,121,0,0,181,-1,14,2616,0,0,0,0,0,0,,0,0,0,0,0,112.79,102.79,1.977,6913.416,6915.394,115507.677,0,0,1.479,0,0,1029,444.776,199.41,699.59,0,295.204,295.204,1.643,6969.087,86.279,7055.366,115442.021,0,0,165.926,27.391,0.602,1.116,4.437,10848.881,413.886,0.005,6.9,0,2.7,0,0,19.468,28.982,18.458,124,Mackay,Mackay,Pind,1958,Furrow,BareFallow,42,MW_Surf2,130_150,100,3,3,SWD_0_50_200_50_50,P2R,MW_01MayR6V1,MW_T3,1029,699.59,644.186,939.39,29.109,1.718,0,0,0,,,0,3_3
03/05/1959,1959,123,0,01-May,0,none,out,0,0,-1,0,6,-1,0.000,123,2,0,183,-1,12,2616,0,0,0,0,0,0,,0,0,0,0,0,0,0,0,0,0,0,0,0,1.327,0,0,1159.2,0,681.419,477.781,0,332.628,332.628,31.665,6521.77,117.969,6639.74,109047.536,0,0,118.976,14.235,0,13.717,2.834,1251.724,350,0,0.1,0,0,0,0,20.967,28.753,18.131,175.5,Mackay,Mackay,Pind,1959,Furrow,BareFallow,42,MW_Surf2,130_150,100,3,3,SWD_0_50_200_50_50,P2R,MW_01MayR6V1,MW_T3,1159.2,477.781,681.419,1014.047,27.952,13.717,0,0,0,,,0,3_3
03/09/1960,1960,247,1959,01-May,1,sugar,alive,0,0,0,489,4.587,1959,3/5/1959,123,2,0,183,1960,12,2616,5711.74,4988.42,5744.72,4557.57,138.233,2348.4,,0,0,0,17.996,125.2,174.953,174.953,117.969,6521.77,6639.74,109047.536,19.65,17,1.304,3,300,2371.2,338.565,1235.781,1063.332,822.296,400.522,1222.818,23.542,6457.022,5.973,6462.996,109252.033,130,272.288,235.749,36.407,25.099,9.112,7.018,2993.233,350,0.932,3847,14.1,1538.8,0,0,15.653,25.968,18.636,235.7,Mackay,Mackay,Pind,1959,Furrow,BareFallow,42,MW_Surf2,130_150,100,3,3,SWD_0_50_200_50_50,P2R,MW_01MayR6V1,MW_T3,2671.2,1363.332,1574.346,1974.868,70.618,34.211,10.1393497695352,0.11304462315733,18.4310666666667,1.06333076923077,0.50767202373957,23.484,3_3
03/09/1961,1961,246,1960,01-May,1,sugar,alive,0,0,1,365,4.406,1959,3/9/1960,123,2,0,183,1961,12,2616,3335.2,2975.12,3707.32,2485.06,76.457,1424.09,,0,0,0,20.01,41.7,48.99,38.99,5.973,6457.022,6462.996,109252.033,7.82,6.5,1.284,3,300,1045.1,343.416,332.558,635.13,514.046,144.928,658.974,0.109,6587.885,3.583,6591.468,110230.725,150,124.082,214.79,11.458,6.023,0.371,2.275,7990.808,350,0.773,2118.6,8.7,847.4,0,0,16.602,26.984,19.93,136.7,Mackay,Mackay,Pind,1959,Furrow,BareFallow,42,MW_Surf2,130_150,100,3,3,SWD_0_50_200_50_50,P2R,MW_01MayR6V1,MW_T3,1345.1,935.13,675.974,820.902,17.852,6.394,8.17608246981703,0.116024304449037,10.1942666666667,0.509713333333333,0.616181234989765,14.241,3_3
03/08/1962,1962,215,1961,01-May,1,sugar,alive,0,0,2,334,4.395,1959,3/9/1961,123,2,0,183,1962,12,2616,3718.73,3151.05,3952.25,2728.87,82.204,1268.8,,0,0,0,16.085,72,59.142,49.142,3.583,6587.885,6591.468,110230.725,12.98,10.9,1.318,3,300,1271.7,432.752,378.491,783.155,557.239,201.481,758.719,0.952,6601.324,4.854,6606.178,110325.235,150,185.27,266.881,22.468,9.066,0.865,4.201,7059.115,350,0.761,2044.9,7.6,818,0,0,18.01,27.558,19.745,153.2,Mackay,Mackay,Pind,1959,Furrow,BareFallow,42,MW_Surf2,130_150,100,3,3,SWD_0_50_200_50_50,P2R,MW_01MayR6V1,MW_T3,1571.7,1083.155,811.243,1012.724,32.399,9.931,7.58931085578703,0.108345777554009,10.9605333333333,0.548026666666667,0.443698386139148,12.688,3_3
03/07/1963,1963,184,1962,01-May,1,sugar,alive,0,0,3,334,4.429,1959,3/8/1962,123,2,0,183,1963,12,2616,4418.23,3786.89,4724.48,3222.64,97.61,1438.78,,0,0,0,15.23,102.1,60.88,50.88,4.854,6601.324,6606.178,110325.235,17,14.68,1.322,3,300,2681.4,513.144,1570.74,897.873,688.331,203.927,892.258,11.173,6614.658,2.849,6617.507,110463.641,150,233.999,297.581,6.217,2.212,4.615,1.359,7936.667,350,0.774,2123.5,7.9,849.4,0,0,18.396,28.078,19.145,406.4,Mackay,Mackay,Pind,1959,Furrow,BareFallow,42,MW_Surf2,130_150,100,3,3,SWD_0_50_200_50_50,P2R,MW_01MayR6V1,MW_T3,2981.4,1197.873,2083.884,2287.811,13.044,6.827,8.14861007802998,0.109396609500839,13.0146666666667,0.650733333333333,0.417138534780063,14.388,3_3
03/07/1964,1964,185,1963,01-May,1,sugar,alive,0,0,4,366,4.463,1959,3/7/1963,123,2,0,183,1964,12,2616,5243.06,4652.99,5721.03,3954,122.246,2052.83,,0,0,0,17.755,113.7,66.138,56.138,2.849,6614.658,6617.507,110463.641,17.58,15.42,1.327,3,300,1032.9,174.909,163.013,878.324,770.726,201.063,971.789,0.461,6630.487,7.074,6637.561,110712.941,150,239.706,311.419,15.872,1.416,1.308,3.079,9401.081,350,0.724,1838.4,6.9,735.3,0,0,17.537,27.214,19.641,68.1,Mackay,Mackay,Pind,1959,Furrow,BareFallow,42,MW_Surf2,130_150,100,3,3,SWD_0_50_200_50_50,P2R,MW_01MayR6V1,MW_T3,1332.9,1178.324,337.922,538.985,18.596,2.724,10.3745659088672,0.125794797018694,16.2994666666667,0.814973333333333,0.509983062585,20.528,3_3
03/07/1965,1965,184,1964,01-May,1,sugar,alive,0,0,5,365,4.49,1959,3/7/1964,123,2,0,183,1965,12,2616,5102.75,4482.92,5573.22,3833.41,117.376,2150.4,,0,0,0,19.634,101.4,89.327,79.327,7.074,6630.487,6637.561,110712.941,16.03,13.76,1.333,3,300,1089.1,276.939,186.821,888.783,773.388,177.741,951.13,0.327,6667.282,3.68,6670.961,111367.718,150,227.895,311.454,12.465,2.775,0.313,2.699,9721.009,350,0.779,2157.7,8,863.1,0,0,17.739,27.395,19.476,77.2,Mackay,Mackay,Pind,1959,Furrow,BareFallow,42,MW_Surf2,130_150,100,3,3,SWD_0_50_200_50_50,P2R,MW_01MayR6V1,MW_T3,1389.1,1188.783,463.76,641.501,15.553,3.088,9.87362706229817,0.123406894956525,15.6501333333333,0.782506666666667,0.515044208955879,21.504,3_3
03/07/1966,1966,184,1965,01-May,1,sugar,alive,0,0,6,365,4.443,1959,3/7/1965,123,2,0,183,1966,12,2616,4725.6,4107.92,5163.43,3533.69,107.926,1881.05,,0,0,0,18.538,100.5,63.539,53.539,3.68,6667.282,6670.961,111367.718,16.09,13.83,1.342,3,300,1012.3,270.186,136.616,821.975,730.904,167.102,898.005,0.243,6705.531,3.45,6708.981,111824.238,150,224.59,304.616,8.502,1.239,0.488,1.816,9738.326,350,0.775,2133.1,8,853.3,0,0,17.045,27.142,19.958,80,Mackay,Mackay,Pind,1959,Furrow,BareFallow,42,MW_Surf2,130_150,100,3,3,SWD_0_50_200_50_50,P2R,MW_01MayR6V1,MW_T3,1312.3,1121.975,406.802,573.904,10.229,1.727,9.61928741727757,0.120184186056871,14.3901333333333,0.719506666666667,0.480546774121733,18.811,3_3
01/05/1967,1967,121,0,01-May,1,none,out,0,0,-1,0,6,1959,0.000,121,0,0,183,-1,12,2616,0,0,0,0,0,0,,0,0,0,0,0,71.031,61.031,3.45,6705.531,6708.981,111824.238,0,0,1.354,0,0,795.6,359.037,75.043,613.356,0,301.346,301.346,0.144,6761.411,81.827,6843.238,111751.939,0,0,142.863,16.992,1.651,0.644,2.498,9860.68,350,0.104,157,0.8,62.8,0,0,18.217,27.913,20.949,87.6,Mackay,Mackay,Pind,1959,Furrow,BareFallow,42,MW_Surf2,130_150,100,3,3,SWD_0_50_200_50_50,P2R,MW_01MayR6V1,MW_T3,795.6,613.356,434.08,735.426,19.287,2.295,0,0,0,,,0,3_3
01/09/1968,1968,245,1967,01-May,2,sugar,alive,0,0,0,489,4.606,1967,1/5/1967,121,0,0,181,1968,14,2616,6377.03,5655.92,6491.66,5125.6,157.485,2687.68,,0,0,0,18.091,180,131.205,131.205,81.827,6761.411,6843.238,111751.939,25.23,22.58,1.362,3,300,2695.3,281.616,1474.868,1180.205,899.144,412.684,1311.828,28.046,6576.337,9.777,6586.113,110488.219,130,345.621,355.452,50.01,11.382,18.144,9.455,4618.305,350,0.914,3500.8,12.8,1400.3,0,0,16.088,26.084,18.747,213.1,Mackay,Mackay,Pind,1959,Furrow,BareFallow,42,MW_Surf2,130_150,100,3,3,SWD_0_50_200_50_50,P2R,MW_01MayR6V1,MW_T3,2995.3,1480.205,1756.484,2169.168,79.536,29.526,10.6394046770549,0.12005003704754,20.998,1.21142307692308,0.455658076332167,26.877,3_3
01/09/1969,1969,244,1968,01-May,2,sugar,alive,0,0,1,365,4.5,1967,1/9/1968,121,0,0,181,1969,14,2616,4590.45,4081.16,4995.96,3477.2,106.853,2037.63,,0,0,0,20.555,86.3,58.193,48.193,9.777,6576.337,6586.113,110488.219,13.7,11.83,1.327,3,300,977.4,221.841,183.613,797.626,693.401,174.861,868.262,0.324,6654.277,4.526,6658.803,111125.914,150,195.179,284.848,6.143,5.426,4.434,1.355,9583.563,350,0.75,1981.1,7.5,792.4,0,0,18.137,27.592,19.867,55.6,Mackay,Mackay,Pind,1959,Furrow,BareFallow,42,MW_Surf2,130_150,100,3,3,SWD_0_50_200_50_50,P2R,MW_01MayR6V1,MW_T3,1277.4,1097.626,405.454,580.315,16.003,9.86,9.73491881569861,0.123065388097141,14.2470666666667,0.712353333333333,0.547461560926124,20.376,3_3
01/08/1970,1970,213,1969,01-May,2,sugar,alive,0,0,2,334,4.393,1967,1/9/1969,121,0,0,181,1970,14,2616,3524.8,2918.02,3772.69,2628.12,78.15,1213.28,,0,0,0,16.196,65.5,61.877,51.877,4.526,6654.277,6658.803,111125.914,12.14,9.92,1.352,3,300,1634.3,357.959,849.452,670.064,577.294,164.305,741.599,1.226,6703.376,3.2,6706.576,111844.1,150,174.965,260.197,21.108,5.534,0.956,3.949,7675.273,350,0.867,2884.4,10.8,1153.8,0,0,17.663,27.813,20.398,411.7,Mackay,Mackay,Pind,1959,Furrow,BareFallow,42,MW_Surf2,130_150,100,3,3,SWD_0_50_200_50_50,P2R,MW_01MayR6V1,MW_T3,1934.3,970.064,1207.411,1371.716,27.598,6.49,8.05616948984809,0.105380400998383,10.42,0.521,0.446660760723573,12.133,3_3
01/07/1971,1971,182,1970,01-May,2,sugar,alive,0,0,3,334,4.425,1967,1/8/1970,121,0,0,181,1971,14,2616,4853.38,4137.78,5149.07,3597.95,108.689,1584.68,,0,0,0,15.033,111.5,47.168,37.168,3.2,6703.376,6706.576,111844.1,18.4,15.78,1.364,3,300,1625.3,373.992,585.774,954.978,745.17,192.84,938.009,3.3,6702.49,2.194,6704.683,111802.887,150,252.205,309.163,8.875,1.865,3.416,1.684,8425.14,350,0.827,2509.7,9.3,1003.9,0,0,17.837,27.739,19.463,129.3,Mackay,Mackay,Pind,1959,Furrow,BareFallow,42,MW_Surf2,130_150,100,3,3,SWD_0_50_200_50_50,P2R,MW_01MayR6V1,MW_T3,1925.3,1254.978,959.766,1152.606,14.156,5.281,8.66062990745654,0.11587202254989,14.4918666666667,0.724593333333333,0.430954977101961,15.847,3_3
01/07/1972,1972,183,1971,01-May,2,sugar,alive,0,0,4,366,4.494,1967,1/7/1971,121,0,0,181,1972,14,2616,5124.18,4528.53,5602.07,3841.59,117.961,1969.51,,0,0,0,17.636,118.4,74.693,64.693,2.194,6702.49,6704.683,111802.887,18.05,15.86,1.366,3,300,2077.4,533.205,853.878,1045.614,802.35,199.139,1001.489,3.305,6720.854,3.199,6724.053,112243.631,150,249.442,338.635,16.549,0.622,2.621,3.282,9941.78,350,0.758,2028.4,7.5,811.4,0,0,17.741,27.479,19.215,183.4,Mackay,Mackay,Pind,1959,Furrow,BareFallow,42,MW_Surf2,130_150,100,3,3,SWD_0_50_200_50_50,P2R,MW_01MayR6V1,MW_T3,2377.4,1345.614,1387.083,1586.222,19.792,3.243,8.76633269273358,0.117785617215965,15.7281333333333,0.786406666666667,0.472899511710137,19.695,3_3
01/07/1973,1973,182,1972,01-May,2,sugar,alive,0,0,5,365,4.486,1967,1/7/1972,121,0,0,181,1973,14,2616,4064.77,3573.57,4559.32,2943.87,89.777,1282.48,,0,0,0,14.671,107,63.522,53.522,3.199,6720.854,6724.053,112243.631,16.27,14.47,1.372,3,300,1091.3,343.629,253.198,698.908,603.935,190.446,794.381,0.608,6762.615,5.088,6767.703,112474.707,150,222.819,308.507,5.543,0.333,1.653,1.26,9812.942,350,0.689,1668.5,6.3,667.4,0,0,17.985,27.773,19.988,148.3,Mackay,Mackay,Pind,1959,Furrow,BareFallow,42,MW_Surf2,130_150,100,3,3,SWD_0_50_200_50_50,P2R,MW_01MayR6V1,MW_T3,1391.3,998.908,596.827,787.273,7.529,1.986,8.98751436568733,0.113015039382865,11.9702666666667,0.598513333333333,0.402914473182269,12.825,3_3
01/07/1974,1974,182,1973,01-May,2,sugar,alive,0,0,6,365,4.499,1967,1/7/1973,121,0,0,181,1974,14,2616,5447.28,4843.63,5958.6,4085.65,125.848,1794.36,,0,0,0,14.638,129.1,63.612,53.612,5.088,6762.615,6767.703,112474.707,19.69,17.48,1.385,3,300,3164.5,837.927,1675.455,1085.659,760.148,190.637,950.785,8.396,6748.286,4.13,6752.416,112494.123,150,264.485,320.873,10.599,0.59,9.17,2.097,9457.536,350,0.79,2232.3,8.2,892.9,0,0,18.515,27.028,17.87,199.6,Mackay,Mackay,Pind,1959,Furrow,BareFallow,42,MW_Surf2,130_150,100,3,3,SWD_0_50_200_50_50,P2R,MW_01MayR6V1,MW_T3,3464.5,1385.659,2513.382,2704.019,20.359,9.76,9.08217678375416,0.132362205966649,16.7797333333333,0.838986666666667,0.475822825491049,17.944,3_3
01/05/1975,1975,121,0,01-May,2,none,out,0,0,-1,0,6,1967,0.000,121,0,0,181,-1,14,2616,0,0,0,0,0,0,,0,0,0,0,0,63.945,53.945,4.13,6748.286,6752.416,112494.123,0,0,1.385,0,0,1687.2,789.511,604.992,791.595,0,216.121,216.121,0.177,6876.181,36.642,6912.823,113715.54,0,0,95.624,5.313,0.801,0.581,0.596,9582.001,350,0.008,11.7,0.1,4.7,0,0,18.084,27.777,20.592,139.4,Mackay,Mackay,Pind,1959,Furrow,BareFallow,42,MW_Surf2,130_150,100,3,3,SWD_0_50_200_50_50,P2R,MW_01MayR6V1,MW_T3,1687.2,791.595,1394.503,1610.624,6.695,1.382,0,0,0,,,0,3_3
01/09/1976,1976,245,1975,01-May,3,sugar,alive,0,0,0,489,4.636,1975,1/5/1975,121,0,0,181,1976,14,2616,6352.89,5607.61,6451.06,5009.98,152.811,2389.81,,0,0,0,16.336,170.9,140.522,140.522,36.642,6876.181,6912.823,113715.54,26.43,23.7,1.405,3,300,2388.2,371.34,1143.059,1173.507,877.427,384.425,1261.852,19.983,6649.189,4.94,6654.129,111610.591,130,360.102,399.5,45.671,12.223,10.199,8.559,5634.637,350,0.916,3536.4,13,1414.5,0,0,16.769,26.129,17.65,161.4,Mackay,Mackay,Pind,1959,Furrow,BareFallow,42,MW_Surf2,130_150,100,3,3,SWD_0_50_200_50_50,P2R,MW_01MayR6V1,MW_T3,2688.2,1473.507,1514.399,1898.824,68.093,22.422,10.3705649175742,0.121100572808856,20.3748,1.17546923076923,0.424354766149591,23.898,3_3
01/09/1977,1977,244,1976,01-May,3,sugar,alive,0,0,1,365,4.47,1975,1/9/1976,121,0,0,181,1977,14,2616,3358.29,2905.98,3668.27,2542.59,77.121,1320.37,,0,0,0,18.158,56.5,52.472,42.472,4.94,6649.189,6654.129,111610.591,9.59,7.93,1.363,3,300,1974.4,810.654,834.371,859.974,498.158,135.888,634.045,0.973,6760.051,2.152,6762.203,112694.581,150,139.63,246.394,33.932,12.952,2.589,6.172,8796.745,350,0.813,2393.1,9.6,957.2,0,0,17.945,27.348,19.161,166.6,Mackay,Mackay,Pind,1959,Furrow,BareFallow,42,MW_Surf2,130_150,100,3,3,SWD_0_50_200_50_50,P2R,MW_01MayR6V1,MW_T3,2274.4,1159.974,1645.025,1780.913,49.473,15.541,6.64851108731747,0.12163332255597,10.2828,0.51414,0.552323999140586,13.204,3_3
01/08/1978,1978,213,1977,01-May,3,sugar,alive,0,0,2,334,4.403,1975,1/9/1977,121,0,0,181,1978,14,2616,4760.9,4114.81,5079.42,3517.38,106.851,1713,,0,0,0,16.819,99.5,47.801,37.801,2.152,6760.051,6762.203,112694.581,17.56,15.19,1.396,3,300,1361.6,190.765,576.878,773.025,700.148,174.195,874.343,1.521,6748.56,3.544,6752.105,112597.568,150,240.938,290.962,9.963,0.31,1.343,1.911,7672.098,350,0.821,2461.3,9.2,984.5,0,0,18.17,27.707,20.333,300,Mackay,Mackay,Pind,1959,Furrow,BareFallow,42,MW_Surf2,130_150,100,3,3,SWD_0_50_200_50_50,P2R,MW_01MayR6V1,MW_T3,1661.6,1073.025,767.643,941.838,11.616,1.653,9.95792269518418,0.122207188711981,14.2468,0.71234,0.44347923532195,17.13,3_3
01/07/1979,1979,182,1978,01-May,3,sugar,alive,0,0,3,334,4.408,1975,1/8/1978,121,0,0,181,1979,14,2616,4406.37,3889.02,4902.26,3173.4,97.539,1487.06,,0,0,0,15.852,103.1,67.415,57.415,3.544,6748.56,6752.105,112597.568,16.55,14.66,1.394,3,300,2843.8,572.3,1728.108,913.538,615.025,171.386,786.411,11.473,6778.786,2.435,6781.22,112932.809,150,228.348,310.136,17.192,0.95,6.422,3.266,9186.619,350,0.695,1698,6.4,679.2,0,0,18.622,27.023,18.42,509.4,Mackay,Mackay,Pind,1959,Furrow,BareFallow,42,MW_Surf2,130_150,100,3,3,SWD_0_50_200_50_50,P2R,MW_01MayR6V1,MW_T3,3143.8,1213.538,2300.408,2471.794,24.564,7.372,8.03757278305253,0.124030564170644,13.0052,0.65026,0.427150664774817,14.871,3_3
01/07/1980,1980,183,1979,01-May,3,sugar,alive,0,0,4,366,4.517,1975,1/7/1979,121,0,0,181,1980,14,2616,5476.12,4877.23,6012.9,4117.56,126.815,2005.57,,0,0,0,16.552,122.5,124.397,114.397,2.435,6778.786,6781.22,112932.809,18.49,16.3,1.404,3,300,1248.6,183.397,434.882,833.147,787.638,188.091,975.729,1.084,6793.292,4.188,6797.48,113188.886,150,256.28,315.331,3.701,0.094,1.038,0.919,9853.314,350,0.777,2141.7,8,856.7,0,0,18.395,27.626,19.976,215.6,Mackay,Mackay,Pind,1959,Furrow,BareFallow,42,MW_Surf2,130_150,100,3,3,SWD_0_50_200_50_50,P2R,MW_01MayR6V1,MW_T3,1548.6,1133.147,618.279,806.37,4.833,1.132,11.1913988211591,0.129969489479148,16.9086666666667,0.845433333333333,0.494829873575777,20.056,3_3
01/07/1981,1981,182,1980,01-May,3,sugar,alive,0,0,5,365,4.48,1975,1/7/1980,121,0,0,181,1981,14,2616,5088,4542.89,5675.26,3798.16,117.364,2005.81,,0,0,0,18.121,113,78.99,68.99,4.188,6793.292,6797.48,113188.886,17.39,15.39,1.41,3,300,1619.3,525.839,478.345,990.426,744.229,166.664,910.893,1.174,6814.784,4.819,6819.603,113503.458,150,240.978,328.625,14.113,0.269,1.296,2.909,10405.95,350,0.754,2002.6,7.4,801,0,0,18.21,27.259,19.351,101.3,Mackay,Mackay,Pind,1959,Furrow,BareFallow,42,MW_Surf2,130_150,100,3,3,SWD_0_50_200_50_50,P2R,MW_01MayR6V1,MW_T3,1919.3,1290.426,1004.184,1170.848,15.678,1.565,9.09498103726986,0.128844990575183,15.6485333333333,0.782426666666667,0.487032011220941,20.058,3_3
01/07/1982,1982,182,1981,01-May,3,sugar,alive,0,0,6,365,4.487,1975,1/7/1981,121,0,0,181,1982,14,2616,4478.46,3880.5,4930.45,3369.63,102.338,1613.75,,0,0,0,16.496,119.7,83.213,73.213,4.819,6814.784,6819.603,113503.458,17.52,15.33,1.418,3,300,1258.9,409.804,326.733,848.913,648.414,198.256,846.669,0.811,6838.539,4.576,6843.115,113941.986,150,242.717,321.26,7.005,0.507,3.383,1.54,9960.881,350,0.779,2156.8,8,862.7,0,0,18.212,27.411,19.836,222,Mackay,Mackay,Pind,1959,Furrow,BareFallow,42,MW_Surf2,130_150,100,3,3,SWD_0_50_200_50_50,P2R,MW_01MayR6V1,MW_T3,1558.9,1148.913,736.537,934.793,10.895,3.89,8.90737592837752,0.120871320433369,13.6450666666667,0.682253333333333,0.421635072945035,16.137,3_3
05/05/1983,1983,125,0,01-May,3,none,out,0,0,-1,0,6,1975,0.000,125,4,0,185,-1,10,2616,0,0,0,0,0,0,,0,0,0,0,0,58.906,48.906,4.576,6838.539,6843.115,113941.986,0,0,1.426,0,0,1088.8,362.107,297.197,679.242,0,271.814,271.814,4.407,6929.838,46.707,6976.545,114573.997,0,0,116.346,20.742,0.974,1.894,2.736,8802.632,350,0.117,178.6,0.9,71.4,0,0,18.613,27.679,21.447,109,Mackay,Mackay,Pind,1959,Furrow,BareFallow,42,MW_Surf2,130_150,100,3,3,SWD_0_50_200_50_50,P2R,MW_01MayR6V1,MW_T3,1088.8,679.242,659.304,931.118,23.61,2.868,0,0,0,,,0,3_3
05/09/1984,1984,249,1983,01-May,4,sugar,alive,0,0,0,489,4.659,1983,5/5/1983,125,4,0,185,1984,10,2616,4291.44,3743.4,4349.82,3434.41,102.616,1633.98,,0,0,0,16.686,150.6,216.589,216.589,46.707,6929.838,6976.545,114573.997,23.26,21.25,1.433,3,300,1055.7,101.925,394.565,712.083,603.946,423.453,1027.399,14.245,6748.394,24.473,6772.867,112739.83,130,317.709,351.333,34.534,1.539,13.507,6.642,4817.78,350,0.933,3867.3,14.2,1546.9,0,0,17.234,26.24,18.245,156,Mackay,Mackay,Pind,1959,Furrow,BareFallow,42,MW_Surf2,130_150,100,3,3,SWD_0_50_200_50_50,P2R,MW_01MayR6V1,MW_T3,1355.7,1012.083,496.49,919.943,49.58,15.046,10.1390893829854,0.0998794042042089,13.6821333333333,0.789353846153846,0.322987387829744,16.34,3_3
05/09/1985,1985,248,1984,01-May,4,sugar,alive,0,0,1,365,4.488,1983,5/9/1984,125,4,0,185,1985,10,2616,5653.57,4998.5,5959.49,4315.36,132.305,2086.5,,0,0,0,16.498,121.6,48.4,38.4,24.473,6748.394,6772.867,112739.83,19.4,17,1.398,3,300,1619.8,205.626,691.328,936.955,789.905,223.798,1013.703,8.381,6760.557,8.098,6768.656,113014.889,150,260.133,323.167,26.929,7.365,3.151,5.12,8321.668,350,0.856,2773,10.3,1109.2,0,0,18.241,27.166,19.507,365,Mackay,Mackay,Pind,1959,Furrow,BareFallow,42,MW_Surf2,130_150,100,3,3,SWD_0_50_200_50_50,P2R,MW_01MayR6V1,MW_T3,1919.8,1236.955,896.954,1120.752,37.445,10.516,10.6960237033684,0.130516531962518,17.6406666666667,0.882033333333333,0.508605213486947,20.865,3_3
05/08/1986,1986,217,1985,01-May,4,sugar,alive,0,0,2,334,4.426,1983,5/9/1985,125,4,0,185,1986,10,2616,3562.33,3177.87,4055.91,2584.18,80.064,1445.27,,0,0,0,19.303,65.2,57.543,47.543,8.098,6760.557,6768.656,113014.889,11.26,9.85,1.41,3,300,1377.6,640.067,406.832,814.317,487.047,126.413,613.46,0.161,6817.234,3.803,6821.037,113522.517,150,159.446,272.43,38.263,23.066,0.664,6.841,9064.28,350,0.66,1541.1,6.2,616.4,0,0,19.204,27.585,19.318,134,Mackay,Mackay,Pind,1959,Furrow,BareFallow,42,MW_Surf2,130_150,100,3,3,SWD_0_50_200_50_50,P2R,MW_01MayR6V1,MW_T3,1677.6,1114.317,1046.899,1173.312,61.993,23.73,7.18502903572323,0.130512176833045,10.6752,0.53376,0.50213865509326,14.453,3_3
05/07/1987,1987,186,1986,01-May,4,sugar,alive,0,0,3,334,4.494,1983,5/8/1986,125,4,0,185,1987,10,2616,3738,3243.43,4144.55,2720.31,81.877,1062.93,,0,0,0,13.068,105.7,74.783,64.783,3.803,6817.234,6821.037,113522.517,16.59,14.78,1.427,3,300,721.9,100.591,85.673,669.404,553.3,230.653,783.953,0.102,6820.168,3.514,6823.682,113648.752,150,230.609,289.222,15.622,0.708,0.257,3.098,7959.378,350,0.764,2063.1,7.7,825.2,0,0,19.644,28.338,20.299,55,Mackay,Mackay,Pind,1959,Furrow,BareFallow,42,MW_Surf2,130_150,100,3,3,SWD_0_50_200_50_50,P2R,MW_01MayR6V1,MW_T3,1021.9,969.404,186.264,416.917,16.587,0.965,8.44611740822196,0.104441210123566,10.9169333333333,0.545846666666667,0.355046854199099,10.629,3_3
11/07/1988,1988,193,1987,01-May,4,sugar,alive,0,0,4,372,4.527,1983,5/7/1987,125,4,6,185,1988,7,2616,5138.67,4562.89,5606.46,3802.48,116.176,1742.19,,0,0,0,15.545,125.2,126.466,116.466,3.514,6820.168,6823.682,113648.752,19.55,17.44,1.427,3,300,1807,297.014,776.743,1007.515,739.661,212.668,952.329,2.043,6822.385,1.542,6823.927,113744.626,150,263.581,313.813,8.428,0.785,1.426,1.873,9122.996,350,0.788,2218,8.3,887.2,0,0,18.525,27.274,19.397,293.4,Mackay,Mackay,Pind,1959,Furrow,BareFallow,42,MW_Surf2,130_150,100,3,3,SWD_0_50_200_50_50,P2R,MW_01MayR6V1,MW_T3,2107,1307.515,1073.757,1286.425,10.639,2.211,8.88525179443448,0.12199145463385,15.4901333333333,0.774506666666667,0.440760145837522,17.422,3_3
15/07/1989,1989,196,1988,01-May,4,sugar,alive,0,0,5,369,4.515,1983,11/7/1988,125,4,10,191,1989,7,2622,5580.35,4962.35,6093.74,4236.02,130.755,2352.11,,0,0,0,19.226,118.2,207.381,197.381,1.542,6822.385,6823.927,113744.626,18.15,15.88,1.43,3,300,2341.7,853.617,892.768,1237.474,780.09,174.328,954.418,2.566,6839.313,1.693,6841.006,114065.071,150,249.54,335.432,14.012,2.288,4.818,2.833,10433.159,350,0.775,2130.7,7.9,852.3,0,0,18.741,26.849,18.834,197,Mackay,Mackay,Pind,1959,Furrow,BareFallow,42,MW_Surf2,130_150,100,3,3,SWD_0_50_200_50_50,P2R,MW_01MayR6V1,MW_T3,2641.7,1537.474,1746.385,1920.713,21.118,7.106,8.50453406041338,0.13699972129612,17.434,0.8717,0.523984130800673,23.521,3_3
15/07/1990,1990,196,1989,01-May,4,sugar,alive,0,0,6,365,4.488,1983,15/7/1989,125,4,10,195,1990,7,2626,4227.57,3762.7,4787.93,3154.56,96.476,1406.1,,0,0,0,15.027,91.1,148.278,138.278,1.693,6839.313,6841.006,114065.071,14.19,12.48,1.437,3,300,1679.2,649.083,638.843,829.556,583.28,165.486,748.766,1.164,6907.663,3.379,6911.041,114863.971,150,203.348,277.959,3.317,0.234,1.409,0.815,9803.078,350.462,0.778,2148.4,8.1,859.4,0,0,18.125,27.024,19.702,130,Mackay,Mackay,Pind,1959,Furrow,BareFallow,42,MW_Surf2,130_150,100,3,3,SWD_0_50_200_50_50,P2R,MW_01MayR6V1,MW_T3,1979.2,1129.556,1287.926,1453.412,4.96,1.643,8.54105506942551,0.128846662375161,12.8634666666667,0.643173333333333,0.474437909396699,14.061,3_3
01/05/1991,1991,121,0,01-May,4,none,out,0,0,-1,0,6,1983,0.000,121,0,10,195,-1,7,2626,0,0,0,0,0,0,,0,0,0,0,0,90.786,80.786,3.379,6907.663,6911.041,114863.971,0,0,1.455,0,0,2849.8,541.454,1983.413,531.126,0,271.482,271.482,1.991,6945.762,93.342,7039.104,114693.351,0,0,146.929,10.772,1.957,3.304,1.243,9370.183,351.681,0.101,151.9,0.7,60.7,0,0,18.984,27.77,20.608,298.2,Mackay,Mackay,Pind,1959,Furrow,BareFallow,42,MW_Surf2,130_150,100,3,3,SWD_0_50_200_50_50,P2R,MW_01MayR6V1,MW_T3,2849.8,531.126,2524.867,2796.349,16.033,5.261,0,0,0,,,0,3_3
01/09/1992,1992,245,1991,01-May,5,sugar,alive,0,0,0,489,4.686,1991,1/5/1991,121,0,0,181,1992,14,2616,4474.74,3958.19,4568.93,3628.7,110.368,1939.06,,0,0,0,18.71,162.7,144.237,144.237,93.342,6945.762,7039.104,114693.351,22.05,20.16,1.457,3,300,901.1,4.765,239.483,738.432,623.269,436.54,1059.809,5.427,6777.6,79.673,6857.273,113234.148,130,305.137,333.945,30.257,0.051,8.365,5.696,4292.421,353.766,0.886,3096.7,11.3,1238.7,0,0,17.251,27.024,19.858,174,Mackay,Mackay,Pind,1959,Furrow,BareFallow,42,MW_Surf2,130_150,100,3,3,SWD_0_50_200_50_50,P2R,MW_01MayR6V1,MW_T3,1201.1,1038.432,244.248,680.788,38.673,8.416,10.6283319466272,0.104139519479453,14.7157333333333,0.848984615384615,0.361699826635249,19.391,3_3
05/09/1993,1993,248,1992,01-May,5,sugar,alive,0,0,1,369,4.494,1991,1/9/1992,121,0,4,181,1993,10,2616,5873.49,5090.69,6077.1,4436.14,134.482,2248.71,,0,0,0,17.667,123,41.281,31.281,79.673,6777.6,6857.273,113234.148,21.19,18.32,1.424,3,300,1265.9,110.712,413.067,823.008,783.453,197.385,980.839,0.988,6814.191,9.211,6823.402,113969.175,150,278.907,285.749,21.387,2.31,0.422,4.302,7723.749,355.381,0.886,3101.5,11.5,1240.6,0,0,18.815,27.536,20.346,185,Mackay,Mackay,Pind,1959,Furrow,BareFallow,42,MW_Surf2,130_150,100,3,3,SWD_0_50_200_50_50,P2R,MW_01MayR6V1,MW_T3,1565.9,1123.008,523.779,721.164,24.119,2.732,11.9751595714367,0.137109148392346,17.9309333333333,0.896546666666667,0.482175061938209,22.487,3_3
05/08/1994,1994,217,1993,01-May,5,sugar,alive,0,0,2,334,4.449,1991,5/9/1993,121,0,4,185,1994,10,2620,4705.93,4193.28,5216.83,3552.8,110.064,2050.56,,0,0,0,20.016,101.2,102.563,92.563,9.211,6814.191,6823.402,113969.175,15.85,13.98,1.437,3,300,1068.6,336.249,259.363,787.208,648.862,167.817,816.68,0.571,6870.414,5.129,6875.543,114550.23,150,225.36,313.439,14.79,5.651,0.964,2.915,10168.257,356.87,0.731,1873.4,7.1,749.4,0,0,18.821,27.471,20.056,141,Mackay,Mackay,Pind,1959,Furrow,BareFallow,42,MW_Surf2,130_150,100,3,3,SWD_0_50_200_50_50,P2R,MW_01MayR6V1,MW_T3,1368.6,1087.208,595.612,763.429,21.405,6.615,10.1235458164399,0.134770044570701,14.6752,0.73376,0.48839190628328,20.506,3_3
05/07/1995,1995,186,1994,01-May,5,sugar,alive,0,0,3,334,4.44,1991,5/8/1994,121,0,4,185,1995,10,2620,5423.8,4758.22,5926.31,4085.17,125.664,1973.16,,0,0,0,16.413,114.3,58.872,48.872,5.129,6870.414,6875.543,114550.23,18.17,15.74,1.455,3,300,952.9,80.323,208.042,767.208,774.186,178.605,952.791,0.543,6881.163,4.848,6886.011,114744.901,150,250.246,316.137,6.427,0.415,0.813,1.282,9249.103,358.384,0.787,2207.5,8.2,883,0,0,19.028,28.018,20.817,112.5,Mackay,Mackay,Pind,1959,Furrow,BareFallow,42,MW_Surf2,130_150,100,3,3,SWD_0_50_200_50_50,P2R,MW_01MayR6V1,MW_T3,1252.9,1067.208,288.365,466.97,7.655,1.228,11.7750241752311,0.131890414582002,16.7552,0.83776,0.502161872717246,19.732,3_3
05/07/1996,1996,187,1995,01-May,5,sugar,alive,0,0,4,366,4.5,1991,5/7/1995,121,0,4,185,1996,10,2620,5607.22,4982.12,6176.77,4269.06,132.319,2431.12,,0,0,0,19.699,117.1,70.616,60.616,4.848,6881.163,6886.011,114744.901,17.93,15.64,1.458,3,300,1242.6,223.396,295.957,989.295,830.323,191.381,1021.704,0.592,6895.231,6.505,6901.737,114953.643,150,249.29,332.179,12.744,1.76,5.983,2.433,10575.933,360.062,0.776,2136.7,8,854.7,0,0,18.661,27.723,20.253,106,Mackay,Mackay,Pind,1959,Furrow,BareFallow,42,MW_Surf2,130_150,100,3,3,SWD_0_50_200_50_50,P2R,MW_01MayR6V1,MW_T3,1542.6,1289.295,519.353,710.734,20.487,7.743,10.2628956134942,0.129508155003798,17.6425333333333,0.882126666666667,0.530783424926792,24.311,3_3
05/07/1997,1997,186,1996,01-May,5,sugar,alive,0,0,5,365,4.483,1991,5/7/1996,121,0,4,185,1997,10,2620,5940.7,5315.95,6566.07,4573.15,141.839,2519.63,,0,0,0,18.95,122.1,72.159,62.159,6.505,6895.231,6901.737,114953.643,18.4,16.11,1.464,3,300,1484.2,291.69,443.114,1037.187,858.176,176.23,1034.406,1.087,6911.746,2.878,6914.624,115439.5,150,258.96,335.038,10.355,1.678,1.058,2.294,10700.521,361.77,0.783,2182.4,8.1,872.9,0,0,17.694,27.292,20.435,203,Mackay,Mackay,Pind,1959,Furrow,BareFallow,42,MW_Surf2,130_150,100,3,3,SWD_0_50_200_50_50,P2R,MW_01MayR6V1,MW_T3,1784.2,1337.187,734.804,911.034,13.091,2.736,10.6072673455545,0.137121207726947,18.9118666666667,0.945593333333333,0.547725517454433,25.196,3_3
05/07/1998,1998,186,1997,01-May,5,sugar,alive,0,0,6,365,4.522,1991,5/7/1997,121,0,4,185,1998,10,2620,5510.66,4915.83,6136.07,4246.56,131.427,2308.5,,0,0,0,18.705,121.7,87.15,77.15,2.878,6911.746,6914.624,115439.5,17.79,15.61,1.466,3,300,1273,292.826,272.032,933.404,821.861,171.866,993.727,0.494,6931.054,2.044,6933.098,115587.553,150,252.664,335.009,12.785,0.429,0.818,2.643,11195.738,363.507,0.767,2079.7,7.7,831.9,0,0,18.421,27.761,19.712,110,Mackay,Mackay,Pind,1959,Furrow,BareFallow,42,MW_Surf2,130_150,100,3,3,SWD_0_50_200_50_50,P2R,MW_01MayR6V1,MW_T3,1573,1233.404,564.858,736.724,14.032,1.247,10.6556327042883,0.132256645939981,17.5236,0.87618,0.520165120476206,23.085,3_3
01/05/1999,1999,121,0,01-May,5,none,out,0,0,-1,0,6,1991,0.000,121,0,4,185,-1,10,2620,0,0,0,0,0,0,,0,0,0,0,0,101.565,91.565,2.044,6931.054,6933.098,115587.553,0,0,1.472,0,0,2246.8,1095.947,808.406,1001.724,0,293.228,293.228,1.523,7027.061,42.284,7069.346,116192.022,0,0,114.027,20.561,3.91,2.772,2.309,10171.646,364.956,0.005,6.9,0,2.7,0,0,20.111,27.759,18.805,166,Mackay,Mackay,Pind,1959,Furrow,BareFallow,42,MW_Surf2,130_150,100,3,3,SWD_0_50_200_50_50,P2R,MW_01MayR6V1,MW_T3,2246.8,1001.724,1904.353,2197.581,27.243,6.682,0,0,0,,,0,3_3
01/09/2000,2000,245,1999,01-May,6,sugar,alive,0,0,0,489,4.633,1999,1/5/1999,121,0,0,181,2000,14,2616,6209.9,5569.41,6392.77,4943.93,152.697,2608.21,,0,0,0,18.109,175.3,150.785,150.785,42.284,7027.061,7069.346,116192.022,24.88,22.54,1.483,3,300,2294.2,454.783,1094.41,1067.999,764.037,377.776,1141.813,11.207,6812.152,6.079,6818.231,114154.489,130,339.461,383.906,50.177,20.962,7.111,9.295,5299.272,367.35,0.858,2793.1,10.2,1117.2,0,0,16.811,26.039,17.915,187,Mackay,Mackay,Pind,1959,Furrow,BareFallow,42,MW_Surf2,130_150,100,3,3,SWD_0_50_200_50_50,P2R,MW_01MayR6V1,MW_T3,2594.2,1367.999,1549.193,1926.969,78.25,28.073,11.1620695629163,0.133732055949617,20.3596,1.17459230769231,0.44982192357885,26.082,3_3
01/09/2001,2001,244,2000,01-May,6,sugar,alive,0,0,1,365,4.458,1999,1/9/2000,121,0,0,181,2001,14,2616,3903.1,3514.55,4345.36,2943.94,91.555,1800.14,,0,0,0,21.284,72.8,53.98,43.98,6.079,6812.152,6818.231,114154.489,11.66,10.23,1.443,3,300,1680.3,725.897,550.25,888.893,549.055,152.639,701.693,0.191,6869.083,4.529,6873.612,114585.338,150,160.846,269.829,36.451,21.673,0.469,6.772,8838.116,369.179,0.72,1820.3,7.3,728.1,0,0,17.895,27.398,19.476,235,Mackay,Mackay,Pind,1959,Furrow,BareFallow,42,MW_Surf2,130_150,100,3,3,SWD_0_50_200_50_50,P2R,MW_01MayR6V1,MW_T3,1980.3,1188.893,1276.147,1428.786,58.593,22.142,7.70086122132101,0.130477288500812,12.2073333333333,0.610366666666667,0.569209057110528,18.001,3_3
01/08/2002,2002,213,2001,01-May,6,sugar,alive,0,0,2,334,4.441,1999,1/9/2001,121,0,0,181,2002,14,2616,4350.86,3707.88,4645.85,3224.15,96.792,1603.09,,0,0,0,17.472,97.2,56.44,46.44,4.529,6869.083,6873.612,114585.338,16.78,14.42,1.463,3,300,955,104.212,241.191,731.593,702.028,209.406,911.434,0.594,6869.237,4.792,6874.029,114796.725,150,235.937,296.349,7.738,0.425,0.83,1.562,7772.406,370.883,0.869,2907.9,10.8,1163.2,0,0,18.634,28.968,20.935,143,Mackay,Mackay,Pind,1959,Furrow,BareFallow,42,MW_Surf2,130_150,100,3,3,SWD_0_50_200_50_50,P2R,MW_01MayR6V1,MW_T3,1255,1031.593,345.403,554.809,8.993,1.255,9.38277014287612,0.106197486598042,12.9056,0.64528,0.410245107804202,16.031,3_3
01/07/2003,2003,182,2002,01-May,6,sugar,alive,0,0,3,334,4.439,1999,1/8/2002,121,0,0,181,2003,14,2616,3202.33,2724.58,3573.68,2314.43,69.029,892.37,,0,0,0,13.001,87.8,54.603,44.603,4.792,6869.237,6874.029,114796.725,13.91,12.16,1.463,3,300,955,135.054,335.001,606.091,484.773,223.581,708.355,1.515,6947.809,3.446,6951.255,115497.442,150,192.008,269.41,5.908,0.566,1.813,1.357,8443.506,372.611,0.72,1819.2,6.9,727.7,0,0,18.567,28.318,20.877,113,Mackay,Mackay,Pind,1959,Furrow,BareFallow,42,MW_Surf2,130_150,100,3,3,SWD_0_50_200_50_50,P2R,MW_01MayR6V1,MW_T3,1255,906.091,470.055,693.636,8.287,2.379,7.6183297262637,0.0974497250672332,9.20386666666667,0.460193333333333,0.359511062039082,8.924,3_3
01/07/2004,2004,183,2003,01-May,6,sugar,alive,0,0,4,366,4.537,1999,1/7/2003,121,0,0,181,2004,14,2616,4930.01,4169.4,5146.75,3724.76,111.682,1988.53,,0,0,0,19,148.1,131.194,121.194,3.446,6947.809,6951.255,115497.442,22.62,19.83,1.482,3,300,784.6,66.837,112.472,690.979,766.225,218.347,984.572,0.494,6896.727,3.207,6899.934,115334.362,150,302.82,342.508,10.899,0.274,0.473,2.288,8649.303,374.525,0.812,2390.2,8.8,956.1,0,0,18.332,28.403,20.241,59,Mackay,Mackay,Pind,1959,Furrow,BareFallow,42,MW_Surf2,130_150,100,3,3,SWD_0_50_200_50_50,P2R,MW_01MayR6V1,MW_T3,1084.6,990.979,179.309,397.656,11.646,0.747,11.2698654562811,0.113432029348793,14.8909333333333,0.744546666666667,0.368806551746912,19.885,3_3
04/07/2005,2005,185,2004,01-May,6,sugar,alive,0,0,5,368,4.488,1999,1/7/2004,121,0,3,181,2005,11,2616,5432.6,4777.62,5890.27,4079.2,125.095,2161.15,,0,0,0,18.349,133.3,51.913,41.913,3.207,6896.727,6899.934,115334.362,19.95,17.55,1.468,3,300,1334.2,151.849,407.205,938.636,816.645,208.207,1024.852,2.162,6919.142,2.788,6921.93,115410.02,150,264.542,341.515,6.311,0.79,1.547,1.419,10048.098,376.486,0.773,2116.6,7.9,846.6,0,0,17.806,28.047,20.126,202,Mackay,Mackay,Pind,1959,Furrow,BareFallow,42,MW_Surf2,130_150,100,3,3,SWD_0_50_200_50_50,P2R,MW_01MayR6V1,MW_T3,1634.2,1238.636,559.054,767.261,8.648,2.337,10.0994158090028,0.122061526932669,16.6793333333333,0.833966666666667,0.472873872579779,21.612,3_3
04/07/2006,2006,185,2005,01-May,6,sugar,alive,0,0,6,365,4.546,1999,4/7/2005,121,0,3,184,2006,11,2619,5603.17,5006.29,6182.08,4268.73,132.119,2408.63,,0,0,0,19.524,125.8,102.208,92.208,2.788,6919.142,6921.93,115410.02,18.63,16.44,1.475,3,300,1145.8,177.072,187.645,941.597,866.635,177.243,1043.878,0.393,6936.254,3.112,6939.366,115582.322,150,257.592,335.553,9.598,0.776,0.51,2.064,10819.942,378.461,0.729,1865.7,6.9,746.3,0,0,18.942,28.254,19.544,83,Mackay,Mackay,Pind,1959,Furrow,BareFallow,42,MW_Surf2,130_150,100,3,3,SWD_0_50_200_50_50,P2R,MW_01MayR6V1,MW_T3,1445.8,1241.597,364.717,541.96,10.884,1.286,10.6410534174938,0.126565556511393,17.6158666666667,0.880793333333333,0.512900245349235,24.086,3_3
01/05/2007,2007,121,0,01-May,6,none,out,0,0,-1,0,6,1999,0.000,121,0,3,184,-1,11,2619,0,0,0,0,0,0,,0,0,0,0,0,139.413,129.413,3.112,6936.254,6939.366,115582.322,0,0,1.484,0,0,1709.3,696.235,722.513,728.646,0,296.184,296.184,0.788,7011.739,72.237,7083.976,115957.616,0,0,140.025,14.407,2.489,1.215,1.865,10417.832,380.114,0.006,8.4,0,3.3,0,0,18.488,27.859,20.743,257,Mackay,Mackay,Pind,1959,Furrow,BareFallow,42,MW_Surf2,130_150,100,3,3,SWD_0_50_200_50_50,P2R,MW_01MayR6V1,MW_T3,1709.3,728.646,1418.748,1714.932,18.111,3.704,0,0,0,,,0,3_3
01/09/2008,2008,245,2007,01-May,7,sugar,alive,0,0,0,489,4.629,2007,1/5/2007,121,0,0,181,2008,14,2616,5013.28,4440.84,5137.38,4019.33,121.688,1803.81,,0,0,0,15.333,152.6,133.781,133.781,72.237,7011.739,7083.976,115957.616,23.56,21.46,1.492,3,300,2753.5,338.476,1660.834,1031.849,696.408,435.859,1132.267,21.095,6838.301,8.009,6846.311,114571.882,130,322.744,342.749,50.663,12.721,17.188,9.356,4565.904,382.828,0.926,3722.4,13.6,1488.9,0,0,16.478,26.237,18.131,532,Mackay,Mackay,Pind,1959,Furrow,BareFallow,42,MW_Surf2,130_150,100,3,3,SWD_0_50_200_50_50,P2R,MW_01MayR6V1,MW_T3,3053.5,1331.849,1999.31,2435.169,80.572,29.909,9.13677151088449,0.107472884045901,16.2250666666667,0.936061538461539,0.377041865999058,18.038,3_3
01/09/2009,2009,244,2008,01-May,7,sugar,alive,0,0,1,365,4.514,2007,1/9/2008,121,0,0,181,2009,14,2616,4374.89,3688.58,4515.12,3366.79,100.203,1543.37,,0,0,0,16.045,100.4,55.705,45.705,8.009,6838.301,6846.311,114571.882,16.09,13.58,1.458,3,300,1756,341.231,827.011,803.16,703.076,194.674,897.75,9.748,6884.362,3.51,6887.872,115200.34,150,226.128,295.708,13.844,5.412,5.168,2.641,8323.36,384.9,0.919,3588.1,13.3,1435.3,0,0,18.103,28.127,19.231,145,Mackay,Mackay,Pind,1959,Furrow,BareFallow,42,MW_Surf2,130_150,100,3,3,SWD_0_50_200_50_50,P2R,MW_01MayR6V1,MW_T3,2056,1103.16,1168.242,1362.916,24.424,10.58,9.08326987925596,0.111615705931495,13.3604,0.66802,0.443125132668223,15.434,3_3
01/08/2010,2010,213,2009,01-May,7,sugar,alive,0,0,2,334,4.443,2007,1/9/2009,121,0,0,181,2010,14,2616,4175.43,3557.12,4459.66,3171.78,95.852,1383.41,,0,0,0,14.852,100.5,45.712,35.712,3.51,6884.362,6887.872,115200.34,15.78,13.52,1.473,3,300,1863,522.643,825.593,802.139,627.544,184.062,811.606,5.061,6920.478,2.171,6922.648,115463.517,150,218.82,301.658,9.578,2.337,2.776,1.885,8554.418,386.827,0.822,2466.1,9.2,986.4,0,0,19.095,28.32,19.354,185,Mackay,Mackay,Pind,1959,Furrow,BareFallow,42,MW_Surf2,130_150,100,3,3,SWD_0_50_200_50_50,P2R,MW_01MayR6V1,MW_T3,2163,1102.139,1348.236,1532.298,14.691,5.113,8.69690665152036,0.118101640451155,12.7802666666667,0.639013333333333,0.438040398501051,13.834,3_3
01/07/2011,2011,182,2010,01-May,7,sugar,alive,0,0,3,334,4.446,2007,1/8/2010,121,0,0,181,2011,14,2616,4240.22,3828.48,4775.48,3122.22,97.638,1735.41,,0,0,0,18.962,92,48.871,38.871,2.171,6920.478,6922.648,115463.517,14.88,13.37,1.483,2,200,3869.5,1219.073,2054.383,1138.409,536.395,212.903,749.299,10.808,6916.833,3.025,6919.858,115240.299,150,195.898,299.776,40.355,17.982,7.776,7.315,8340.331,388.78,0.61,1344.6,5,537.8,0,0,19.274,27.11,17.357,220,Mackay,Mackay,Pind,1959,Furrow,BareFallow,42,MW_Surf2,130_150,100,3,3,SWD_0_50_200_50_50,P2R,MW_01MayR6V1,MW_T3,4069.5,1338.409,3273.456,3486.359,66.113,25.758,7.29507945627981,0.130305792480705,15.0212307692308,0.65092,0.498412439126484,17.354,3_3
01/07/2012,2012,183,2011,01-May,7,sugar,alive,0,0,4,366,4.494,2007,1/7/2011,121,0,0,181,2012,14,2616,5758.64,5111.9,6240.24,4386.59,135.442,2428.42,,0,0,0,19.153,117.3,95.616,85.616,3.025,6916.833,6919.858,115240.299,18.3,15.93,1.482,3,300,2316.5,478.124,1120.014,1059.271,822.656,192.555,1015.211,3.761,6912.256,1.722,6913.977,115471.392,150,253.218,311.225,12.911,1.033,6.195,2.579,9080.976,390.94,0.783,2182.1,8.1,872.9,0,0,17.909,27.267,19.132,239,Mackay,Mackay,Pind,1959,Furrow,BareFallow,42,MW_Surf2,130_150,100,3,3,SWD_0_50_200_50_50,P2R,MW_01MayR6V1,MW_T3,2616.5,1359.271,1598.138,1790.693,20.139,7.228,9.96431175240258,0.133412660028309,18.0589333333333,0.902946666666667,0.534882986201613,24.284,3_3
01/07/2013,2013,182,2012,01-May,7,sugar,alive,0,0,5,365,4.497,2007,1/7/2012,121,0,0,181,2013,14,2616,5281.54,4698.6,5845.15,4038.12,124.804,2189.82,,0,0,0,18.682,113.7,98.767,88.767,1.722,6912.256,6913.977,115471.392,16.99,14.85,1.481,3,300,2091,560.962,884.524,1039.519,772.413,172.268,944.681,2.272,6943.151,3.758,6946.909,115792.848,150,242.881,327.533,5.031,0.313,2.109,1.327,10665.548,393.132,0.739,1919.5,7.2,767.8,0,0,18.045,27.322,19.55,189,Mackay,Mackay,Pind,1959,Furrow,BareFallow,42,MW_Surf2,130_150,100,3,3,SWD_0_50_200_50_50,P2R,MW_01MayR6V1,MW_T3,2391,1339.519,1445.486,1617.754,7.453,2.422,9.3170757562976,0.132112321513823,16.6405333333333,0.832026666666667,0.513848345486061,21.898,3_3
01/07/2014,2014,182,2013,01-May,7,sugar,alive,0,0,6,365,4.536,2007,1/7/2013,121,0,0,181,2014,14,2616,5609.14,5028.71,6226.44,4223.78,130.799,2147.16,,0,0,0,17.291,128.9,99.6,89.6,3.758,6943.151,6946.909,115792.848,19.21,17.09,1.49,3,300,1352.5,287.928,341.868,935.878,818.925,190.346,1009.271,0.902,6946.526,2.994,6949.52,115916.633,150,267.231,337.184,4.753,0.133,0.961,1.072,10420.816,395.356,0.725,1846.1,6.8,738.5,0,0,18.823,28.131,19.697,162,Mackay,Mackay,Pind,1959,Furrow,BareFallow,42,MW_Surf2,130_150,100,3,3,SWD_0_50_200_50_50,P2R,MW_01MayR6V1,MW_T3,1652.5,1235.878,629.796,820.142,5.847,1.094,10.5834880141891,0.129597501563009,17.4398666666667,0.871993333333333,0.489460429366354,21.472,3_3
01/05/2015,2015,121,0,01-May,7,none,out,0,0,-1,0,6,2007,0.000,121,0,0,181,-1,14,2616,0,0,0,0,0,0,,0,0,0,0,0,113.033,103.033,2.994,6946.526,6949.52,115916.633,0,0,1.49,0,0,809,359.923,147.103,534.386,0,274.182,274.182,0.11,6991.994,110.257,7102.252,115819.577,0,0,180.53,14.65,0.768,0.229,2.334,11173.958,397.233,0.006,9,0,3.6,0,0,18.686,28.795,21.299,127,Mackay,Mackay,Pind,1959,Furrow,BareFallow,42,MW_Surf2,130_150,100,3,3,SWD_0_50_200_50_50,P2R,MW_01MayR6V1,MW_T3,809,534.386,507.026,781.208,15.647,0.997,0,0,0,,,0,3_3
01/09/2016,2016,245,2015,01-May,8,sugar,alive,0,0,0,489,4.733,2015,1/5/2015,121,0,0,181,2016,14,2616,6942.24,6287.33,7220.09,5468.18,169.293,2840.13,,0,0,0,17.735,186.9,140.824,140.824,110.257,6991.994,7102.252,115819.577,26.9,24.51,1.494,3,300,1921.3,191.874,725.205,1200.75,947.183,423.6,1370.784,5.684,6805.479,23.247,6828.726,114190.637,130,371.634,363.237,59.015,8.58,6.598,10.89,5466.078,400.283,0.817,2428.9,8.9,971.6,0,0,18.05,27.345,18.186,143,Mackay,Mackay,Pind,1959,Furrow,BareFallow,42,MW_Surf2,130_150,100,3,3,SWD_0_50_200_50_50,P2R,MW_01MayR6V1,MW_T3,2221.3,1500.75,917.079,1340.679,74.193,15.178,11.2805597201399,0.123500857903215,22.5724,1.30225384615385,0.455536899207285,28.401,3_3
01/09/2017,2017,244,2016,01-May,8,sugar,alive,0,0,1,365,4.536,2015,1/9/2016,121,0,0,181,2017,14,2616,4430.19,3909.23,4836.63,3393.15,103.962,1940.08,,0,0,0,20.054,91,74.262,64.262,23.247,6805.479,6828.726,114190.637,13.9,11.99,1.455,3,300,2282.3,575.877,1186.046,934.89,684.682,159.412,844.094,2.811,6884.612,3.747,6888.358,115058.293,150,198.293,295.473,16.003,15.73,1.999,3.307,9873.981,402.607,0.813,2397.1,9,958.8,0,0,18.546,28.171,17.839,276,Mackay,Mackay,Pind,1959,Furrow,BareFallow,42,MW_Surf2,130_150,100,3,3,SWD_0_50_200_50_50,P2R,MW_01MayR6V1,MW_T3,2582.3,1234.89,1761.923,1921.335,33.732,17.729,8.41872555450283,0.123164007800079,13.8616,0.69308,0.524284770516357,19.401,3_3
01/08/2018,2018,213,2017,01-May,8,sugar,alive,0,0,2,334,4.433,2015,1/9/2017,121,0,0,181,2018,14,2616,3111.45,2632.53,3431.72,2324.22,70.169,1041.05,,0,0,0,15.349,69.6,50.545,40.545,3.747,6884.612,6888.358,115058.293,11.66,9.9,1.478,3,300,1168.6,537.04,285.038,707.117,474.416,173.917,648.333,0.756,6915.989,5.222,6921.211,115382.931,150,160.676,268.107,40.273,14.121,0.631,7.16,7800.03,404.767,0.751,1984.2,7.5,793.7,0,0,18.64,28.444,18.132,103,Mackay,Mackay,Pind,1959,Furrow,BareFallow,42,MW_Surf2,130_150,100,3,3,SWD_0_50_200_50_50,P2R,MW_01MayR6V1,MW_T3,1468.6,1007.117,822.078,995.995,55.025,14.752,6.9673136289031,0.108229875696594,9.35586666666667,0.467793333333333,0.43671114541064,10.41,3_3
01/07/2019,2019,182,2018,01-May,8,sugar,alive,0,0,3,334,4.448,2015,1/8/2018,121,0,0,181,2019,14,2616,5174.81,4452.4,5491.62,3696.55,111.92,1643.08,,0,0,0,15.157,119.7,48.734,38.734,5.222,6915.989,6921.211,115382.931,20.45,17.81,1.486,3,300,1616.3,396.467,577.446,938.581,734.636,182.058,916.694,4.18,6879.024,2.843,6881.867,114845.265,150,272.38,318.516,14.354,2.51,1.711,2.68,8071.09,406.953,0.775,2129.2,7.9,851.7,0,0,19.106,28.306,17.658,123,Mackay,Mackay,Pind,1959,Furrow,BareFallow,42,MW_Surf2,130_150,100,3,3,SWD_0_50_200_50_50,P2R,MW_01MayR6V1,MW_T3,1916.3,1238.581,973.913,1155.971,18.575,4.221,9.03614701016728,0.122090904925744,14.9226666666667,0.746133333333333,0.410896541596299,16.431,3_3
01/07/2020,2020,183,2019,01-May,8,sugar,alive,0,0,4,366,4.519,2015,1/7/2019,121,0,0,181,2020,14,2616,5205.16,4597.9,5696.29,3927.46,120.766,2117.36,,0,0,0,18.665,123.8,74.426,64.426,2.843,6879.024,6881.867,114845.265,18.51,16.29,1.477,3,300,1586,326.053,588.357,936.321,789.824,181.161,970.984,1.877,6918.339,3.029,6921.368,115545.629,150,255.711,337.824,3.694,0.365,1.569,1.04,10532.874,409.37,0.722,1826.9,6.8,730.8,0,0,18.059,28.115,18.63,167,Mackay,Mackay,Pind,1959,Furrow,BareFallow,42,MW_Surf2,130_150,100,3,3,SWD_0_50_200_50_50,P2R,MW_01MayR6V1,MW_T3,1886,1236.321,914.41,1095.571,5.628,1.934,9.76817509368522,0.124374860965783,16.1021333333333,0.805106666666667,0.472275342085401,21.174,3_3
01/07/2021,2021,182,2020,01-May,8,sugar,alive,0,0,5,365,4.522,2015,1/7/2020,121,0,0,181,2021,14,2616,5539.56,4925.43,6092.08,4196.38,129.518,2117.61,,0,0,0,17.21,133.7,75.032,65.032,3.029,6918.339,6921.368,115545.629,19.74,17.49,1.487,3,300,1294.6,234.842,341.77,908.204,810.284,169.912,980.196,0.924,6918.169,1.886,6920.054,115609.844,150,270.93,345.758,8.857,0.123,0.94,1.904,10463.219,411.819,0.744,1944,7.2,777.6,0,0,18.525,27.767,17,146,Mackay,Mackay,Pind,1959,Furrow,BareFallow,42,MW_Surf2,130_150,100,3,3,SWD_0_50_200_50_50,P2R,MW_01MayR6V1,MW_T3,1594.6,1208.204,576.612,746.524,9.92,1.063,10.7198784311259,0.13213479753029,17.2690666666667,0.863453333333333,0.47804968072934,21.176,3_3
01/07/2022,2022,182,2021,01-May,8,sugar,alive,0,0,6,365,4.546,2015,1/7/2021,121,0,0,181,2022,14,2616,5355.12,4711.44,5871.12,4040.01,124.055,2288.15,,0,0,0,19.787,118.4,112.825,102.825,1.886,6918.169,6920.054,115609.844,17.95,15.59,1.485,3,300,1205.6,345.774,236.083,924.208,808.38,156.196,964.575,0.338,6927.996,4.785,6932.781,115746.382,150,246.943,340.418,21.348,1.695,0.745,4.139,10745.967,414.302,0.765,2066.8,7.7,826.7,0,0,18.81,28.279,17.351,124,Mackay,Mackay,Pind,1959,Furrow,BareFallow,42,MW_Surf2,130_150,100,3,3,SWD_0_50_200_50_50,P2R,MW_01MayR6V1,MW_T3,1505.6,1224.208,581.857,738.053,23.788,2.44,10.1334903872545,0.128611046315735,16.5406666666667,0.827033333333333,0.502362893461244,22.882,3_3
01/05/1960,1960,122,0,01-May,0,none,out,0,0,-1,0,6,-1,0.000,122,0,0,182,-1,14,2616,0,0,0,0,0,0,,0,0,0,0,0,0,0,0,0,0,0,0,0,1.327,0,0,1541.1,0,1148.468,392.632,0,305.915,305.915,52.812,6533.978,108.745,6642.723,109154.71,0,0,108.975,10.675,0,14.292,2.158,1144.532,350,0,0.1,0,0,0,0,20.566,28.871,18.818,235.7,Mackay,Mackay,Pind,1960,Furrow,BareFallow,42,MW_Surf2,130_150,100,3,3,SWD_0_50_200_50_50,P2R,MW_01MayR6V1,MW_T3,1541.1,392.632,1148.468,1454.383,24.967,14.292,0,0,0,,,0,3_3
01/09/1961,1961,244,1960,01-May,1,sugar,alive,0,0,0,488,4.565,1960,1/5/1960,122,0,0,182,1961,14,2616,4798.95,4204.49,4885.67,3741.54,113.084,1942.96,,0,0,0,18.233,112.7,116.517,116.517,108.745,6533.978,6642.723,109154.71,19.07,16.9,1.308,3,300,1161.9,73.91,388.817,819.141,686.274,371.774,1058.048,5.267,6472.532,26.025,6498.556,109234.475,130,259.547,226.587,30.958,7.536,7.592,5.907,2715.606,350,0.9,3295.9,12.1,1318.4,0,0,15.224,25.964,19.137,136.7,Mackay,Mackay,Pind,1960,Furrow,BareFallow,42,MW_Surf2,130_150,100,3,3,SWD_0_50_200_50_50,P2R,MW_01MayR6V1,MW_T3,1461.9,1119.141,462.727,834.501,46.086,15.128,10.1045355321626,0.106879839099927,15.0778666666667,0.869876923076923,0.435697580784983,19.43,3_3
01/09/1962,1962,244,1961,01-May,1,sugar,alive,0,0,1,365,4.439,1960,1/9/1961,122,0,0,182,1962,14,2616,3049.34,2582.14,3241.68,2287.81,68.432,1126.46,,0,0,0,17.347,51.4,57.643,47.643,26.025,6472.532,6498.556,109234.475,9.06,7.34,1.291,3,300,1271.7,509.819,398.984,743.175,469.661,203.934,673.595,0.791,6586.159,2.31,6588.47,110229.081,150,136.457,224.88,23.073,25.358,0.71,4.43,7349.673,350,0.782,2178.5,8.4,871.4,0,0,17.385,27.271,19.837,153.2,Mackay,Mackay,Pind,1960,Furrow,BareFallow,42,MW_Surf2,130_150,100,3,3,SWD_0_50_200_50_50,P2R,MW_01MayR6V1,MW_T3,1571.7,1043.175,908.803,1112.737,49.141,26.068,6.55997315886596,0.101592203030011,9.12426666666667,0.456213333333333,0.501491312281525,11.265,3_3
01/08/1963,1963,213,1962,01-May,1,sugar,alive,0,0,2,334,4.412,1960,1/9/1962,122,0,0,182,1963,14,2616,3999.11,3343.83,4154.05,2926.42,87.141,1288.53,,0,0,0,15.288,82.2,46.946,36.946,2.31,6586.159,6588.47,110229.081,14.89,12.49,1.321,3,300,2681.7,556.122,1594.29,852.825,625.065,203.098,828.163,8.936,6597.437,1.771,6599.208,110322.348,150,208.103,263.243,10.403,2.06,3.937,2.038,6743.711,350,0.844,2654.8,9.8,1061.9,0,0,18.233,27.99,18.89,406.4,Mackay,Mackay,Pind,1960,Furrow,BareFallow,42,MW_Surf2,130_150,100,3,3,SWD_0_50_200_50_50,P2R,MW_01MayR6V1,MW_T3,2981.7,1152.825,2150.412,2353.51,16.4,5.997,7.558909635027,0.105222039622635,11.6188,0.58094,0.418739758677194,12.885,3_3
01/07/1964,1964,183,1963,01-May,1,sugar,alive,0,0,3,335,4.436,1960,1/8/1963,122,0,0,182,1964,14,2616,5315.09,4681.48,5740.9,3969.9,122.23,1975.26,,0,0,0,16.977,105.5,50.072,40.072,1.771,6597.437,6599.208,110322.348,17.14,14.82,1.323,3,300,1025.7,153.598,175.931,849.635,777.964,186.267,964.231,0.662,6627.49,2.936,6630.426,110783.978,150,237.719,302.869,3.575,0.142,0.461,0.92,8523.473,350,0.743,1942.5,7.3,777,0,0,18.327,27.613,19.874,68.1,Mackay,Mackay,Pind,1960,Furrow,BareFallow,42,MW_Surf2,130_150,100,3,3,SWD_0_50_200_50_50,P2R,MW_01MayR6V1,MW_T3,1325.7,1149.635,329.529,515.796,4.178,0.603,10.6320701787959,0.126764229733332,16.2973333333333,0.814866666666667,0.514178504873401,19.753,3_3
01/07/1965,1965,182,1964,01-May,1,sugar,alive,0,0,4,365,4.49,1960,1/7/1964,122,0,0,182,1965,14,2616,4969.19,4374.88,5445.37,3726.28,114.253,2103.5,,0,0,0,19.745,100.5,82.012,72.012,2.936,6627.49,6630.426,110783.978,15.78,13.6,1.331,3,300,1096,290.182,190.773,896.064,754.198,177.473,931.67,0.327,6667.179,3.502,6670.68,111426.353,150,227.599,312.32,10.63,0.232,0.32,2.344,9894.608,350,0.763,2058.5,7.7,823.4,0,0,17.766,27.399,19.433,77.2,Mackay,Mackay,Pind,1960,Furrow,BareFallow,42,MW_Surf2,130_150,100,3,3,SWD_0_50_200_50_50,P2R,MW_01MayR6V1,MW_T3,1396,1196.064,480.955,658.428,11.182,0.552,9.55241525537095,0.122632477164661,15.2337333333333,0.761686666666667,0.501992539510279,21.035,3_3
01/07/1966,1966,182,1965,01-May,1,sugar,alive,0,0,5,365,4.442,1960,1/7/1965,122,0,0,182,1966,14,2616,4766.82,4133.7,5187.21,3564.81,108.832,1886.56,,0,0,0,18.422,102.6,65.387,55.387,3.502,6667.179,6670.68,111426.353,16.45,14.13,1.342,3,300,1001.1,252.389,140.916,814.795,736.349,174.566,910.914,0.282,6699.452,3.901,6703.352,111758.271,150,228.108,308.398,8.304,0.627,0.581,1.772,9664.652,350,0.775,2132.7,7.9,853.1,0,0,17.019,27.141,19.984,80,Mackay,Mackay,Pind,1960,Furrow,BareFallow,42,MW_Surf2,130_150,100,3,3,SWD_0_50_200_50_50,P2R,MW_01MayR6V1,MW_T3,1301.1,1114.795,393.305,567.871,9.512,1.208,9.76251239017039,0.119475603624491,14.5109333333333,0.725546666666667,0.47710733512196,18.866,3_3
01/07/1967,1967,182,1966,01-May,1,sugar,alive,0,0,6,365,4.482,1960,1/7/1966,122,0,0,182,1967,14,2616,5052.52,4496.17,5581.44,3801.16,117.365,2041.36,,0,0,0,18.494,118.7,62.268,52.268,3.901,6699.452,6703.352,111758.271,17.91,15.87,1.352,3,300,1249.2,246.951,259.228,1001.199,740.961,202.222,943.183,0.502,6708.34,4.062,6712.402,111899.869,150,246.167,316.566,16.036,1.62,3.704,3.115,9834.33,350,0.738,1913.4,7.1,765.3,0,0,17.61,27.233,19.754,100.3,Mackay,Mackay,Pind,1960,Furrow,BareFallow,42,MW_Surf2,130_150,100,3,3,SWD_0_50_200_50_50,P2R,MW_01MayR6V1,MW_T3,1549.2,1301.199,506.179,708.401,21.36,5.324,9.01975793095445,0.124435024804306,15.6486666666667,0.782433333333333,0.476769835111936,20.414,3_3
01/05/1968,1968,122,0,01-May,1,none,out,0,0,-1,0,6,1960,0.000,122,0,0,182,-1,14,2616,0,0,0,0,0,0,,0,0,0,0,0,162.106,152.106,4.062,6708.34,6712.402,111899.869,0,0,1.356,0,0,2079.4,817.885,997.191,728.265,0,283.462,283.462,1.654,6780.217,64.134,6844.351,112102.772,0,0,130.31,18.523,5.061,1.769,2.836,9914.2,350,0.006,8.2,0,3.3,0,0,17.888,27.473,20.76,213.1,Mackay,Mackay,Pind,1960,Furrow,BareFallow,42,MW_Surf2,130_150,100,3,3,SWD_0_50_200_50_50,P2R,MW_01MayR6V1,MW_T3,2079.4,728.265,1815.076,2098.538,25.353,6.83,0,0,0,,,0,3_3
01/09/1969,1969,244,1968,01-May,2,sugar,alive,0,0,0,488,4.644,1968,1/5/1968,122,0,0,182,1969,14,2616,4072.54,3646.59,4247.26,3116.01,95.656,1328.17,,0,0,0,14.178,127.6,142.969,142.969,64.134,6780.217,6844.351,112102.772,19.63,18.07,1.368,3,300,1150.9,171.833,319.883,859.492,586.599,459.115,1045.714,5.446,6567.756,52.824,6620.581,110002.768,130,263.605,371.416,92.572,11.943,12.313,17.15,4482.162,350,0.712,1777.4,6.5,711,0,0,16.674,26.602,18.902,55.6,Mackay,Mackay,Pind,1960,Furrow,BareFallow,42,MW_Surf2,130_150,100,3,3,SWD_0_50_200_50_50,P2R,MW_01MayR6V1,MW_T3,1450.9,1159.492,491.716,950.831,116.828,24.256,8.24981974864855,0.0914743419328803,12.7541333333333,0.735815384615385,0.362876273211813,13.282,3_3
01/09/1970,1970,244,1969,01-May,2,sugar,alive,0,0,1,365,4.443,1968,1/9/1969,122,0,0,182,1970,14,2616,3723.3,3081.26,3796.83,2850.4,84.063,1310.85,,0,0,0,16.28,65.4,56.44,46.44,52.824,6567.756,6620.581,110002.768,12.51,10.16,1.33,3,300,1660.2,286.379,851.606,722.134,611.06,215.892,826.953,3.504,6629.473,12.581,6642.053,111054.355,150,171.136,248.332,37.902,32.366,1.24,7.1,6382.106,350,0.913,3482.2,13.1,1392.9,0,0,17.214,27.546,20.259,411.7,Mackay,Mackay,Pind,1960,Furrow,BareFallow,42,MW_Surf2,130_150,100,3,3,SWD_0_50_200_50_50,P2R,MW_01MayR6V1,MW_T3,1960.2,1022.134,1137.985,1353.877,71.508,33.606,8.22426413757883,0.101653902942489,11.2084,0.56042,0.49120582460733,13.108,3_3
01/08/1971,1971,213,1970,01-May,2,sugar,alive,0,0,2,334,4.383,1968,1/9/1970,122,0,0,182,1971,14,2616,4158.85,3689.34,4546.29,3039.46,93.797,1488.76,,0,0,0,16.623,87.2,51.702,41.702,12.581,6629.473,6642.053,111054.355,14.65,12.93,1.348,3,300,1654.2,460.579,630.589,906.077,617.772,220.725,838.497,5.129,6647.511,4.417,6651.928,111053.084,150,203.545,294.851,27.645,15.878,2.227,5.077,7701.865,350,0.726,1848.5,6.9,739.4,0,0,17.649,27.498,19.171,129.3,Mackay,Mackay,Pind,1960,Furrow,BareFallow,42,MW_Surf2,130_150,100,3,3,SWD_0_50_200_50_50,P2R,MW_01MayR6V1,MW_T3,1954.2,1206.077,1091.168,1311.893,45.75,18.105,7.77703247802586,0.111863250554266,12.5062666666667,0.625313333333333,0.460817018349751,14.888,3_3
01/07/1972,1972,183,1971,01-May,2,sugar,alive,0,0,3,335,4.443,1968,1/8/1971,122,0,0,182,1972,14,2616,4830.95,4225.8,5234.95,3549.4,108.667,1797.95,,0,0,0,17.451,96.1,76.238,66.238,4.417,6647.511,6651.928,111053.084,16.15,13.93,1.354,3,300,2022.6,527.559,862.908,974.463,754.014,191.038,945.052,4.88,6672.163,2.795,6674.958,111583.153,150,224.698,295.63,10.166,1.749,2.701,2.04,8255.155,350,0.753,1998.3,7.4,799.3,0,0,18.425,27.979,19.548,183.4,Mackay,Mackay,Pind,1960,Furrow,BareFallow,42,MW_Surf2,130_150,100,3,3,SWD_0_50_200_50_50,P2R,MW_01MayR6V1,MW_T3,2322.6,1274.463,1390.467,1581.505,14.616,4.45,8.5264931190627,0.114985207163204,14.4889333333333,0.724446666666667,0.483613561313407,17.98,3_3
01/07/1973,1973,182,1972,01-May,2,sugar,alive,0,0,4,365,4.486,1968,1/7/1972,122,0,0,182,1973,14,2616,3983.58,3519.17,4466.75,2885.13,88.236,1332.44,,0,0,0,15.674,99.5,63.319,53.319,2.795,6672.163,6674.958,111583.153,15.23,13.53,1.359,3,300,1091.3,344.727,256.032,698.074,592.122,195.765,787.887,0.645,6722.511,5.058,6727.569,111881.302,150,213.672,299.064,5.111,0.327,1.618,1.179,9520.566,350,0.671,1587.2,6,634.9,0,0,17.985,27.773,19.988,148.3,Mackay,Mackay,Pind,1960,Furrow,BareFallow,42,MW_Surf2,130_150,100,3,3,SWD_0_50_200_50_50,P2R,MW_01MayR6V1,MW_T3,1391.3,998.074,600.759,796.524,7.056,1.945,8.84062704769386,0.111990678866386,11.7648,0.58824,0.412950690778389,13.324,3_3
01/07/1974,1974,182,1973,01-May,2,sugar,alive,0,0,5,365,4.499,1968,1/7/1973,122,0,0,182,1974,14,2616,5408.77,4812.2,5906.76,4060.52,125.119,1814.19,,0,0,0,14.935,122.3,65.973,55.973,5.058,6722.511,6727.569,111881.302,18.81,16.62,1.375,3,300,3164.5,843.723,1676.657,1082.28,754.873,191.305,946.178,7.743,6713.284,3.911,6717.195,111977.12,150,255.091,309.76,10.258,0.57,8.974,2.041,9147.558,350,0.788,2217.3,8.2,886.9,0,0,18.515,27.028,17.87,199.6,Mackay,Mackay,Pind,1960,Furrow,BareFallow,42,MW_Surf2,130_150,100,3,3,SWD_0_50_200_50_50,P2R,MW_01MayR6V1,MW_T3,3464.5,1382.28,2520.38,2711.685,19.802,9.544,9.05163932054287,0.132236217709564,16.6825333333333,0.834126666666667,0.490487708308016,18.142,3_3
01/07/1975,1975,182,1974,01-May,2,sugar,alive,0,0,6,365,4.449,1968,1/7/1974,122,0,0,182,1975,14,2616,4426.51,3918.68,4943.32,3309.65,102.059,1754.07,,0,0,0,18.24,92.4,63.915,53.915,3.911,6713.284,6717.195,111977.12,14.49,12.63,1.375,3,300,1738.2,617.448,590.343,974.26,674.368,147.64,822.009,0.812,6748.861,3.867,6752.728,112432.611,150,201.214,302.64,30.605,9.703,0.876,5.77,9878.413,350,0.732,1883.6,7.1,753.4,0,0,17.373,27.165,19.669,139.4,Mackay,Mackay,Pind,1960,Furrow,BareFallow,42,MW_Surf2,130_150,100,3,3,SWD_0_50_200_50_50,P2R,MW_01MayR6V1,MW_T3,2038.2,1274.26,1207.791,1355.431,41.184,10.579,8.00927597193665,0.124158008002346,13.6078666666667,0.680393333333333,0.507216197680082,17.541,3_3
01/05/1976,1976,122,0,01-May,2,none,out,0,0,-1,0,6,1968,0.000,122,0,0,182,-1,14,2616,0,0,0,0,0,0,,0,0,0,0,0,72.316,62.316,3.867,6748.861,6752.728,112432.611,0,0,1.386,0,0,2235.6,871.611,897.915,940.207,0,370.749,370.749,5.044,6796.235,62.545,6858.78,112466.557,0,0,138.011,27.613,4.335,4.785,3.756,9291.953,350,0.003,4.2,0,1.7,0,0,19.229,27.664,18.686,161.4,Mackay,Mackay,Pind,1960,Furrow,BareFallow,42,MW_Surf2,130_150,100,3,3,SWD_0_50_200_50_50,P2R,MW_01MayR6V1,MW_T3,2235.6,940.207,1769.526,2140.275,36.733,9.12,0,0,0,,,0,3_3
01/09/1977,1977,244,1976,01-May,3,sugar,alive,0,0,0,488,4.631,1976,1/5/1976,122,0,0,182,1977,14,2616,5467.79,4757.97,5507.09,4318.91,130.321,2034.16,,0,0,0,16.299,158.1,167.641,167.641,62.545,6796.235,6858.78,112466.557,24.63,22.03,1.388,3,300,2076,359.285,977.15,1058.665,781.401,378.183,1159.584,14.087,6617.137,5.951,6623.088,111129.934,130,337.239,348.396,44.013,13.11,6.707,8.111,4475.699,350,0.935,3902.9,14.3,1561.2,0,0,16.478,26.333,18.456,166.6,Mackay,Mackay,Pind,1960,Furrow,BareFallow,42,MW_Surf2,130_150,100,3,3,SWD_0_50_200_50_50,P2R,MW_01MayR6V1,MW_T3,2376,1358.665,1336.435,1714.618,63.83,19.817,9.59184199195534,0.112385993597704,17.3761333333333,1.00246923076923,0.38643513947082,20.342,3_3
01/09/1978,1978,244,1977,01-May,3,sugar,alive,0,0,1,365,4.451,1976,1/9/1977,122,0,0,182,1978,14,2616,4350.63,3776.79,4637,3301.05,100.09,1672.13,,0,0,0,17.649,79.1,47.623,37.623,5.951,6617.137,6623.088,111129.934,13.51,11.4,1.354,3,300,1393.4,228.13,610.361,755.691,648.442,179.146,827.588,1.475,6718.797,2.492,6721.289,112221.995,150,188.482,268.863,7.433,3.408,0.639,1.657,8578.078,350,0.832,2549.6,9.7,1019.9,0,0,17.789,27.303,20.045,300,Mackay,Mackay,Pind,1960,Furrow,BareFallow,42,MW_Surf2,130_150,100,3,3,SWD_0_50_200_50_50,P2R,MW_01MayR6V1,MW_T3,1693.4,1055.691,838.491,1017.637,11.48,4.047,9.48099396509016,0.120941821292721,13.3453333333333,0.667266666666667,0.531032141000202,16.721,3_3
01/08/1979,1979,213,1978,01-May,3,sugar,alive,0,0,2,334,4.427,1976,1/9/1978,122,0,0,182,1979,14,2616,4378.5,3935.22,4883.39,3215.95,99.641,1668.8,,0,0,0,17.7,94.5,74.944,64.944,2.492,6718.797,6721.289,112221.995,15.12,13.5,1.384,3,300,2869,621.145,1720.03,915.518,607.268,180.704,787.972,6.781,6728.774,2.353,6731.127,112239.541,150,213.045,299.091,26.168,4.512,5.109,4.716,8535.852,350,0.714,1788.3,6.7,715.3,0,0,18.4,26.924,18.254,509.4,Mackay,Mackay,Pind,1960,Furrow,BareFallow,42,MW_Surf2,130_150,100,3,3,SWD_0_50_200_50_50,P2R,MW_01MayR6V1,MW_T3,3169,1215.518,2341.175,2521.879,35.789,9.621,8.19741048672253,0.126452462777865,13.2854666666667,0.664273333333333,0.467699312351851,16.688,3_3
01/07/1980,1980,183,1979,01-May,3,sugar,alive,0,0,3,335,4.478,1976,1/8/1979,122,0,0,182,1980,14,2616,5238.49,4641.1,5749.01,3879.61,119.433,2018.16,,0,0,0,17.884,108.8,114.797,104.797,2.353,6728.774,6731.127,112239.541,17.31,15.12,1.387,3,300,1191.6,134.325,453.54,759.811,761.718,179.865,941.584,1.17,6743.052,3.994,6747.047,112456.55,150,241.033,310.358,6.406,0.169,1.044,1.421,9075.387,350,0.765,2071.1,7.7,828.4,0,0,19.052,28.158,20.422,215.6,Mackay,Mackay,Pind,1960,Furrow,BareFallow,42,MW_Surf2,130_150,100,3,3,SWD_0_50_200_50_50,P2R,MW_01MayR6V1,MW_T3,1491.6,1059.811,587.865,767.73,7.619,1.213,11.2692734836683,0.126842639637037,15.9244,0.79622,0.49550476490771,20.182,3_3
01/07/1981,1981,182,1980,01-May,3,sugar,alive,0,0,4,365,4.48,1976,1/7/1980,122,0,0,182,1981,14,2616,4920.73,4393.96,5492.61,3667.86,113.322,1971.07,,0,0,0,18.494,107.1,76.949,66.949,3.994,6743.052,6747.047,112456.55,16.57,14.64,1.392,3,300,1619.3,536.442,482.026,982.007,720.855,169.805,890.66,1.202,6773.688,4.762,6778.451,112854.796,150,231.743,319.349,13.602,0.366,1.245,2.816,10174.075,350,0.742,1935,7.2,774,0,0,18.21,27.259,19.351,101.3,Mackay,Mackay,Pind,1960,Furrow,BareFallow,42,MW_Surf2,130_150,100,3,3,SWD_0_50_200_50_50,P2R,MW_01MayR6V1,MW_T3,1919.3,1282.007,1018.468,1188.273,15.213,1.611,8.83942131361217,0.127233736779467,15.1096,0.75548,0.488998588954143,19.711,3_3
01/07/1982,1982,182,1981,01-May,3,sugar,alive,0,0,5,365,4.487,1976,1/7/1981,122,0,0,182,1982,14,2616,4501.8,3898.45,4938.44,3386.83,102.816,1615.11,,0,0,0,16.422,116.5,87.121,77.121,4.762,6773.688,6778.451,112854.796,17.21,15,1.403,3,300,1258.9,408.4,326.466,853.517,652.915,199.285,852.2,0.804,6797.252,4.383,6801.634,113295.777,150,239.371,314.836,6.994,0.534,3.431,1.533,9717.791,350,0.783,2180.1,8.1,872.1,0,0,18.212,27.411,19.836,222,Mackay,Mackay,Pind,1960,Furrow,BareFallow,42,MW_Surf2,130_150,100,3,3,SWD_0_50_200_50_50,P2R,MW_01MayR6V1,MW_T3,1558.9,1153.517,734.866,934.151,10.959,3.965,8.91326265672721,0.12064773527341,13.7088,0.68544,0.429525715312214,16.151,3_3
01/07/1983,1983,182,1982,01-May,3,sugar,alive,0,0,6,365,4.47,1976,1/7/1982,122,0,0,182,1983,14,2616,5333.94,4682.5,5809.23,3977.73,122.11,1943.34,,0,0,0,16.675,128.5,58.955,48.955,4.383,6797.252,6801.634,113295.777,19.71,17.32,1.41,3,300,1425.8,329.381,395.463,975.848,743.686,191.365,935.05,1.02,6796.087,3.051,6799.137,113220.906,150,262.781,330.409,8.893,0.636,1.419,1.868,9700.175,350,0.769,2093.7,7.8,837.5,0,0,18.168,27.059,20.069,156,Mackay,Mackay,Pind,1960,Furrow,BareFallow,42,MW_Surf2,130_150,100,3,3,SWD_0_50_200_50_50,P2R,MW_01MayR6V1,MW_T3,1725.8,1275.848,724.844,916.209,10.948,2.055,9.57088932223901,0.130591946954708,16.2813333333333,0.814066666666667,0.464683519736967,19.433,3_3
01/05/1984,1984,122,0,01-May,3,none,out,0,0,-1,0,6,1976,0.000,122,0,0,182,-1,14,2616,0,0,0,0,0,0,,0,0,0,0,0,124.861,114.861,3.051,6796.087,6799.137,113220.906,0,0,1.412,0,0,607.1,294.751,30.377,502.509,0,269.913,269.913,0.035,6852.095,103.754,6955.849,113339.026,0,0,167.81,11.917,0.611,0.228,2.061,10656.732,350,0.006,8.2,0,3.3,0,0,18.91,27.755,20.128,62,Mackay,Mackay,Pind,1960,Furrow,BareFallow,42,MW_Surf2,130_150,100,3,3,SWD_0_50_200_50_50,P2R,MW_01MayR6V1,MW_T3,607.1,502.509,325.128,595.041,12.756,0.839,0,0,0,,,0,3_3
01/09/1985,1985,244,1984,01-May,4,sugar,alive,0,0,0,488,4.652,1984,1/5/1984,122,0,0,182,1985,14,2616,5454.6,4944.16,5704,4271.42,132.549,2090.75,,0,0,0,16.501,147.5,136.92,136.92,103.754,6852.095,6955.849,113339.026,22.76,20.89,1.421,3,300,1731.4,217.45,767.715,986.064,719.303,406.711,1126.014,9.023,6647.316,38.503,6685.82,111529.309,130,306.13,368.161,93.747,15.536,15.414,17.292,4542.173,350,0.813,2395.1,8.8,958,0,0,17.151,26.3,18.625,365,Mackay,Mackay,Pind,1960,Furrow,BareFallow,42,MW_Surf2,130_150,100,3,3,SWD_0_50_200_50_50,P2R,MW_01MayR6V1,MW_T3,2031.4,1286.064,985.165,1391.876,124.697,30.95,10.3065632814541,0.117715232670287,17.6732,1.01960769230769,0.432982719759579,20.907,3_3
01/09/1986,1986,244,1985,01-May,4,sugar,alive,0,0,1,365,4.475,1984,1/9/1985,122,0,0,182,1986,14,2616,3830.82,3430.74,4225.11,2850.31,88.28,1674.61,,0,0,0,20.432,67.3,57.141,47.141,38.503,6647.316,6685.82,111529.309,11.19,9.72,1.382,3,300,1424.6,562.992,431.687,875.898,523.23,192.614,715.843,0.485,6706.817,6.446,6713.264,112183.094,150,154.256,270.148,49.426,47.393,0.516,9.205,8100.884,350,0.648,1491.1,5.8,596.4,0,0,18.721,27.245,19.238,134,Mackay,Mackay,Pind,1960,Furrow,BareFallow,42,MW_Surf2,130_150,100,3,3,SWD_0_50_200_50_50,P2R,MW_01MayR6V1,MW_T3,1724.6,1175.898,994.679,1187.293,97.335,47.909,7.50745387780233,0.12332313090999,11.7706666666667,0.588533333333333,0.572295405040971,16.746,3_3
01/08/1987,1987,213,1986,01-May,4,sugar,alive,0,0,2,334,4.485,1984,1/9/1986,122,0,0,182,1987,14,2616,3640.65,3245.39,4083.08,2663.3,81.581,1371.37,,0,0,0,17.776,84.6,71.219,61.219,6.446,6706.817,6713.264,112183.094,13.09,11.64,1.399,3,300,750.9,135.229,106.364,683.371,513.856,234.391,748.248,0.1,6734.116,4.628,6738.743,112393.547,150,188.463,258.01,19.998,2.23,3.835,3.596,7380.376,350,0.736,1901.1,7.1,760.4,0,0,19.432,28.199,20.202,62,Mackay,Mackay,Pind,1960,Furrow,BareFallow,42,MW_Surf2,130_150,100,3,3,SWD_0_50_200_50_50,P2R,MW_01MayR6V1,MW_T3,1050.9,983.371,241.593,475.984,26.063,6.065,8.29605510026226,0.109029359249874,10.8774666666667,0.543873333333333,0.432875418517163,13.714,3_3
01/07/1988,1988,183,1987,01-May,4,sugar,alive,0,0,3,335,4.475,1984,1/8/1987,122,0,0,182,1988,14,2616,5267.57,4656.67,5726.31,3862.76,118.476,1885.46,,0,0,0,16.674,101.8,132.279,122.279,4.628,6734.116,6738.743,112393.547,17.12,14.88,1.404,3,300,1522.2,228.472,680.6,838.682,760.355,174.515,934.87,1.864,6741.134,2.374,6743.508,112589.813,150,235.504,289.565,7.829,1.988,1.759,1.59,8182.986,350,0.792,2244.9,8.4,897.9,0,0,19.166,27.853,19.968,293.4,Mackay,Mackay,Pind,1960,Furrow,BareFallow,42,MW_Surf2,130_150,100,3,3,SWD_0_50_200_50_50,P2R,MW_01MayR6V1,MW_T3,1822.2,1138.682,909.072,1083.587,11.576,3.747,10.4046608271668,0.126729919667975,15.7968,0.78984,0.503074257762076,18.855,3_3
01/07/1989,1989,182,1988,01-May,4,sugar,alive,0,0,4,365,4.511,1984,1/7/1988,122,0,0,182,1989,14,2616,4858.62,4321.35,5379.62,3665.72,113.218,2093.46,,0,0,0,19.843,101.1,110.537,100.537,2.374,6741.134,6743.508,112589.813,15.54,13.58,1.406,2,200,2493.7,919.619,917.071,1326.471,689.878,161.908,851.786,2.165,6781.397,3.876,6785.273,113093.928,150,221.556,307.922,12.458,2.592,4.268,2.58,10267.702,350,0.723,1836,6.9,734.4,0,0,18.823,26.928,18.87,197,Mackay,Mackay,Pind,1960,Furrow,BareFallow,42,MW_Surf2,130_150,100,3,3,SWD_0_50_200_50_50,P2R,MW_01MayR6V1,MW_T3,2693.7,1526.471,1836.69,1998.598,19.318,6.86,7.41697680466907,0.13291836212382,17.4181538461538,0.754786666666667,0.511013017025041,20.935,3_3
01/07/1990,1990,182,1989,01-May,4,sugar,alive,0,0,5,365,4.488,1984,1/7/1989,122,0,0,182,1990,14,2616,3420.95,2956.6,3860.9,2501.23,74.761,882.84,,0,0,0,11.625,81.2,115.762,105.762,3.876,6781.397,6785.273,113093.928,13.26,11.56,1.417,3,300,1726,686.395,673.921,824.692,482.756,181.184,663.941,1.024,6852.127,3.987,6856.114,113875.187,150,188.425,253.794,4.164,0.206,1.179,1.022,8811.734,350.403,0.776,2134.4,8.1,853.8,0,0,18.295,27.043,19.517,130,Mackay,Mackay,Pind,1960,Furrow,BareFallow,42,MW_Surf2,130_150,100,3,3,SWD_0_50_200_50_50,P2R,MW_01MayR6V1,MW_T3,2026,1124.692,1360.316,1541.5,5.549,1.385,6.64724208938981,0.112601872756766,9.96813333333333,0.498406666666667,0.396767944805626,8.828,3_3
01/07/1991,1991,182,1990,01-May,4,sugar,alive,0,0,6,365,4.486,1984,1/7/1990,122,0,0,182,1991,14,2616,4773.44,4132.77,5132.22,3556.25,107.837,1618.61,,0,0,0,15.562,127,117.505,107.505,3.987,6852.127,6856.114,113875.187,19.22,16.88,1.436,3,300,2941.2,495.302,1961.744,734.253,638.322,206.144,844.466,6.657,6839.912,4.245,6844.157,114060.615,150,260.616,310.283,9.146,0.683,4.833,1.914,8443.687,351.939,0.781,2167.8,8.1,867.1,0,0,18.061,27.053,19.563,298.2,Mackay,Mackay,Pind,1960,Furrow,BareFallow,42,MW_Surf2,130_150,100,3,3,SWD_0_50_200_50_50,P2R,MW_01MayR6V1,MW_T3,3241.2,1034.253,2457.046,2663.19,14.662,5.516,10.4265590721032,0.127698450855333,14.3782666666667,0.718913333333333,0.413777358258894,16.186,3_3
01/05/1992,1992,122,0,01-May,4,none,out,0,0,-1,0,6,1984,0.000,122,0,0,182,-1,14,2616,0,0,0,0,0,0,,0,0,0,0,0,57.193,47.193,4.245,6839.912,6844.157,114060.615,0,0,1.433,0,0,700.8,337.42,54.47,555.323,0,226.982,226.982,0.003,6944.625,53.456,6998.082,114765.769,0,0,110.34,6.207,0.27,0.052,0.818,9031.391,353.24,0.009,12.5,0.1,5,0,0,18.87,28.656,22.223,174,Mackay,Mackay,Pind,1960,Furrow,BareFallow,42,MW_Surf2,130_150,100,3,3,SWD_0_50_200_50_50,P2R,MW_01MayR6V1,MW_T3,700.8,555.323,391.89,618.872,6.529,0.322,0,0,0,,,0,3_3
05/09/1993,1993,248,1992,01-May,5,sugar,alive,0,0,0,492,4.695,1992,1/5/1992,122,0,4,182,1993,10,2616,5963.54,5385.36,6181.79,4683.17,144.704,2426.98,,0,0,0,17.73,181.2,139.122,139.122,53.456,6944.625,6998.082,114765.769,25.46,23.34,1.448,3,300,1384.8,85.484,452.161,970.043,763.428,425.521,1188.949,5.383,6742.259,19.689,6761.948,112729.557,130,349.613,370.995,44.524,0.678,8.963,8.22,5425.882,355.381,0.8,2295.9,8.4,918.4,0,0,17.665,26.651,19.288,185,Mackay,Mackay,Pind,1960,Furrow,BareFallow,42,MW_Surf2,130_150,100,3,3,SWD_0_50_200_50_50,P2R,MW_01MayR6V1,MW_T3,1684.8,1270.043,537.645,963.166,54.165,9.641,11.3936299794574,0.12170749123806,19.2938666666667,1.11310769230769,0.413897652547245,24.27,3_3
05/09/1994,1994,248,1993,01-May,5,sugar,alive,0,0,1,365,4.496,1992,5/9/1993,122,0,4,186,1994,10,2620,5205.86,4556.69,5513.17,4066.21,124.461,2288.56,,0,0,0,19.717,99.3,97.328,87.328,19.689,6742.259,6761.948,112729.557,15.7,13.32,1.411,3,300,1076.2,254.206,255.042,812.274,732.348,181.213,913.561,0.639,6792.234,5.281,6797.516,113584.836,150,216.062,294.521,21.859,8.851,0.846,4.322,9078.731,357.007,0.862,2825.1,10.5,1130,0,0,18.351,27.097,19.978,141,Mackay,Mackay,Pind,1960,Furrow,BareFallow,42,MW_Surf2,130_150,100,3,3,SWD_0_50_200_50_50,P2R,MW_01MayR6V1,MW_T3,1376.2,1112.274,509.248,690.461,31.556,9.697,11.1897787775314,0.136237208024423,16.5948,0.82974,0.576042987660949,22.886,3_3
05/08/1995,1995,217,1994,01-May,5,sugar,alive,0,0,2,334,4.432,1992,5/9/1994,122,0,4,186,1995,10,2620,4236.75,3693.98,4662.47,3193.89,97.737,1676.72,,0,0,0,18.201,79.1,50.72,40.72,5.281,6792.234,6797.516,113584.836,13.08,11.09,1.428,3,300,962.9,295.293,198.419,763.672,597.077,159.609,756.686,0.211,6844.791,5.518,6850.309,114068.691,150,189.921,274.231,15.587,4.967,0.296,2.912,8681.104,358.523,0.803,2322.1,8.8,928.8,0,0,18.956,28.115,20.603,112.5,Mackay,Mackay,Pind,1960,Furrow,BareFallow,42,MW_Surf2,130_150,100,3,3,SWD_0_50_200_50_50,P2R,MW_01MayR6V1,MW_T3,1262.9,1063.672,493.712,653.321,20.85,5.263,9.18864085921224,0.129164541170314,13.0316,0.65158,0.514619236419353,16.767,3_3
05/07/1996,1996,187,1995,01-May,5,sugar,alive,0,0,3,335,4.479,1992,5/8/1995,122,0,4,186,1996,10,2620,6080.99,5358.03,6569.28,4601.53,141.915,2446.43,,0,0,0,18.304,116.8,63.223,53.223,5.518,6844.791,6850.309,114068.691,18.85,16.2,1.442,3,300,1225,133.33,288.864,976.081,905.082,189.918,1095,0.814,6832.911,3.976,6836.887,114043.4,150,262.817,329.843,13.514,0.824,0.727,2.744,9300.73,360.062,0.815,2409.3,8.9,963.7,0,0,19.23,28.058,20.57,106,Mackay,Mackay,Pind,1960,Furrow,BareFallow,42,MW_Surf2,130_150,100,3,3,SWD_0_50_200_50_50,P2R,MW_01MayR6V1,MW_T3,1525,1276.081,422.194,612.112,15.065,1.551,11.1211592367569,0.129602739726027,18.922,0.9461,0.539976485539368,24.464,3_3
05/07/1997,1997,186,1996,01-May,5,sugar,alive,0,0,4,365,4.483,1992,5/7/1996,122,0,4,186,1997,10,2620,5408.42,4836.62,6024.32,4149.21,128.586,2353.9,,0,0,0,19.616,116.3,71.029,61.029,3.976,6832.911,6836.887,114043.4,17.31,15.22,1.441,3,300,1484.2,354.586,442.873,1002.164,796.023,168.605,964.628,1.072,6866.27,2.813,6869.083,114587.821,150,249.251,333.416,9.498,0.615,1.091,2.134,11168.505,361.77,0.756,2014.8,7.5,805.9,0,0,17.694,27.292,20.435,203,Mackay,Mackay,Pind,1960,Furrow,BareFallow,42,MW_Surf2,130_150,100,3,3,SWD_0_50_200_50_50,P2R,MW_01MayR6V1,MW_T3,1784.2,1302.164,797.459,966.064,11.204,1.706,9.87479303682179,0.133301127481267,17.1448,0.85724,0.515889605257351,23.539,3_3
05/07/1998,1998,186,1997,01-May,5,sugar,alive,0,0,5,365,4.522,1992,5/7/1997,122,0,4,186,1998,10,2620,5834.6,5209.28,6447.42,4497.87,139.291,2385.72,,0,0,0,18.167,128.5,93.142,83.142,2.813,6866.27,6869.083,114587.821,18.85,16.56,1.45,3,300,1273,251.665,270.874,952.587,862.731,183.072,1045.803,0.588,6868.289,1.922,6870.211,114637.329,150,263.739,339.905,13.305,0.221,0.898,2.739,10758.29,363.507,0.78,2161.2,8,864.5,0,0,18.421,27.761,19.712,110,Mackay,Mackay,Pind,1960,Furrow,BareFallow,42,MW_Surf2,130_150,100,3,3,SWD_0_50_200_50_50,P2R,MW_01MayR6V1,MW_T3,1573,1252.587,522.539,705.611,14.424,1.119,11.1202654985243,0.133190476600277,18.5721333333333,0.928606666666667,0.528139562218709,23.857,3_3
05/07/1999,1999,186,1998,01-May,5,sugar,alive,0,0,6,365,4.526,1992,5/7/1998,122,0,4,186,1999,10,2620,4474.69,3951.22,5022.67,3376.12,103.877,1956.07,,0,0,0,20.262,91,97.801,87.801,1.922,6868.289,6870.211,114637.329,13.97,12.05,1.451,1,100,2296.2,871.053,797.396,1172.897,607.42,149.325,756.745,1.592,6902.188,4.246,6906.434,115017.171,150,196.66,300.85,30.762,11.687,2.795,5.763,10334.878,365.273,0.736,1904.6,7.1,761.8,0,0,19.146,27.135,18.123,166,Mackay,Mackay,Pind,1960,Furrow,BareFallow,42,MW_Surf2,130_150,100,3,3,SWD_0_50_200_50_50,P2R,MW_01MayR6V1,MW_T3,2396.2,1272.897,1668.449,1817.774,45.244,14.482,8.16067600127897,0.137268168273329,18.8867272727273,0.692513333333333,0.528206040882742,19.561,3_3
01/05/2000,2000,122,0,01-May,5,none,out,0,0,-1,0,6,1992,0.000,122,0,4,186,-1,10,2620,0,0,0,0,0,0,,0,0,0,0,0,68.807,58.807,4.246,6902.188,6906.434,115017.171,0,0,1.461,0,0,2024.8,621.215,931.317,788.951,0,329.389,329.389,4.099,6959.987,47.413,7007.4,115204.306,0,0,135.281,34.421,5.899,3.961,4.779,9260.677,366.747,0.004,6.3,0,2.5,0,0,18.854,27.559,19.532,187,Mackay,Mackay,Pind,1960,Furrow,BareFallow,42,MW_Surf2,130_150,100,3,3,SWD_0_50_200_50_50,P2R,MW_01MayR6V1,MW_T3,2024.8,788.951,1552.532,1881.921,44.281,9.86,0,0,0,,,0,3_3
01/09/2001,2001,244,2000,01-May,6,sugar,alive,0,0,0,488,4.638,2000,1/5/2000,122,0,0,182,2001,14,2616,7054.45,6190.39,7105.01,5625.44,171.19,3081.04,,0,0,0,19.237,172.7,211.685,211.685,47.413,6959.987,7007.4,115204.306,25.79,22.62,1.46,3,300,1900.3,137.446,910.459,1013.92,942.497,367.015,1309.512,28.758,6771.208,12.305,6783.512,113830.263,130,357.047,367.917,25.185,4.751,11.156,4.957,5346.064,369.179,0.937,3942.9,14.4,1577.2,0,0,16.644,26.355,18.477,235,Mackay,Mackay,Pind,1960,Furrow,BareFallow,42,MW_Surf2,130_150,100,3,3,SWD_0_50_200_50_50,P2R,MW_01MayR6V1,MW_T3,2200.3,1313.92,1047.905,1414.92,41.092,15.907,13.02895153434,0.130728088020576,22.8253333333333,1.31684615384615,0.479460687248457,30.81,3_3
01/09/2002,2002,244,2001,01-May,6,sugar,alive,0,0,1,365,4.5,2000,1/9/2001,122,0,0,182,2002,14,2616,3963.49,3448.93,4312.27,3091.21,94.046,1724.21,,0,0,0,19.65,75.1,54.569,44.569,12.305,6771.208,6783.512,113830.263,11.78,9.89,1.425,3,300,968.4,160.115,273.087,706.659,668.887,169.188,838.076,0.42,6880.875,5.001,6885.876,114803.685,150,179.211,279.44,7.761,5.05,1.845,1.659,9985.674,371.039,0.84,2615.4,10,1046.2,0,0,18.122,28.533,20.716,143,Mackay,Mackay,Pind,1960,Furrow,BareFallow,42,MW_Surf2,130_150,100,3,3,SWD_0_50_200_50_50,P2R,MW_01MayR6V1,MW_T3,1268.4,1006.659,433.202,602.39,14.656,6.895,9.34238903143964,0.112216553152697,12.5394666666667,0.626973333333333,0.524778054918504,17.242,3_3
01/08/2003,2003,213,2002,01-May,6,sugar,alive,0,0,2,334,4.427,2000,1/9/2002,122,0,0,182,2003,14,2616,4090.33,3535.58,4466.57,2977.58,89.801,1318.55,,0,0,0,15.16,94.2,51.691,41.691,5.001,6880.875,6885.876,114803.685,15.88,13.85,1.457,3,300,965.4,145.811,318.619,619.923,589.797,188.407,778.204,1.01,6900.377,5.295,6905.672,114795.944,150,220.8,277.713,4.731,2.256,1.033,1.116,8069.493,372.769,0.787,2208.4,8.2,883.4,0,0,18.553,28.215,20.658,113,Mackay,Mackay,Pind,1960,Furrow,BareFallow,42,MW_Surf2,130_150,100,3,3,SWD_0_50_200_50_50,P2R,MW_01MayR6V1,MW_T3,1265.4,919.923,464.43,652.837,8.02,3.289,9.76179528069197,0.115395192006209,11.9734666666667,0.598673333333333,0.406707427536232,13.185,3_3
01/07/2004,2004,183,2003,01-May,6,sugar,alive,0,0,3,335,4.48,2000,1/8/2003,122,0,0,182,2004,14,2616,4693.07,3933.94,4951.01,3522.75,105.418,1779.67,,0,0,0,17.865,138.1,74.457,64.457,5.295,6900.377,6905.672,114795.944,21.39,18.61,1.463,3,300,760.8,19.773,133.305,672.452,730.906,199.992,930.899,0.695,6877.644,3.986,6881.63,114909.95,150,291.966,349.263,5.624,0.2,1.955,1.282,9271.792,374.525,0.809,2366.2,8.8,946.5,0,0,18.875,28.927,20.635,59,Mackay,Mackay,Pind,1960,Furrow,BareFallow,42,MW_Surf2,130_150,100,3,3,SWD_0_50_200_50_50,P2R,MW_01MayR6V1,MW_T3,1060.8,972.452,153.078,353.07,7.779,2.155,10.8404322269891,0.113243219726308,14.0557333333333,0.702786666666667,0.361062589479597,17.797,3_3
04/07/2005,2005,185,2004,01-May,6,sugar,alive,0,0,4,368,4.488,2000,1/7/2004,122,0,3,182,2005,11,2616,5293.8,4655.64,5769.78,3959.62,121.311,2049.99,,0,0,0,17.885,135.8,51.281,41.281,3.986,6877.644,6881.63,114909.95,20.19,17.86,1.458,3,300,1334.2,146.832,433.618,945.459,789.757,213.046,1002.803,2.226,6896.384,2.916,6899.299,114989.452,150,267.679,340.969,6.076,1.088,1.481,1.381,9966.741,376.486,0.768,2087.1,7.8,834.9,0,0,17.806,28.047,20.126,202,Mackay,Mackay,Pind,1960,Furrow,BareFallow,42,MW_Surf2,130_150,100,3,3,SWD_0_50_200_50_50,P2R,MW_01MayR6V1,MW_T3,1634.2,1245.459,580.45,793.496,8.645,2.569,9.74026443263086,0.120971915720236,16.1748,0.80874,0.453195805423661,20.5,3_3
04/07/2006,2006,185,2005,01-May,6,sugar,alive,0,0,5,365,4.546,2000,4/7/2005,122,0,3,185,2006,11,2619,5681.35,5079.12,6266.95,4327.47,133.964,2397.07,,0,0,0,19.109,128.8,102.229,92.229,2.916,6896.384,6899.299,114989.452,19.05,16.85,1.463,3,300,1145.8,166.334,187.152,947.262,877.097,179.77,1056.867,0.399,6910.687,3.192,6913.879,115137.692,150,260.942,337.637,9.756,0.799,0.516,2.087,10790.914,378.461,0.732,1883.4,7,753.4,0,0,18.942,28.254,19.544,83,Mackay,Mackay,Pind,1960,Furrow,BareFallow,42,MW_Surf2,130_150,100,3,3,SWD_0_50_200_50_50,P2R,MW_01MayR6V1,MW_T3,1445.8,1247.262,353.486,533.256,11.071,1.315,10.7406463116811,0.126755779109387,17.8618666666667,0.893093333333333,0.513386116454998,23.971,3_3
04/07/2007,2007,185,2006,01-May,6,sugar,alive,0,0,6,365,4.487,2000,4/7/2006,122,0,3,185,2007,11,2619,5667.61,5083.91,6295.79,4364.55,135.612,2285.29,,0,0,0,17.828,120.7,137.676,127.676,3.192,6910.687,6913.879,115137.692,17.98,15.84,1.472,3,300,2074.8,546.542,785.543,1124.827,827.641,165.14,992.781,1.817,6925.405,2.527,6927.932,115525.672,150,249.611,331.899,15.47,1.503,1.94,3.099,10630.015,380.467,0.761,2042.5,7.6,817,0,0,17.874,27.123,19.441,257,Mackay,Mackay,Pind,1960,Furrow,BareFallow,42,MW_Surf2,130_150,100,3,3,SWD_0_50_200_50_50,P2R,MW_01MayR6V1,MW_T3,2374.8,1424.827,1332.085,1497.225,18.913,3.443,9.51778707169362,0.136598101696144,18.0816,0.90408,0.543293364475123,22.853,3_3
01/05/2008,2008,122,0,01-May,6,none,out,0,0,-1,0,6,2000,0.000,122,0,3,185,-1,11,2619,0,0,0,0,0,0,,0,0,0,0,0,187.609,177.609,2.527,6925.405,6927.932,115525.672,0,0,1.477,0,0,2203.9,722.701,1297.445,577.351,0,247.117,247.117,2.841,7022.962,56.301,7079.264,116140.823,0,0,116.457,6.587,1.152,3.269,0.697,10267.366,382.145,0.007,9.7,0,3.9,0,0,18.294,27.81,20.084,532,Mackay,Mackay,Pind,1960,Furrow,BareFallow,42,MW_Surf2,130_150,100,3,3,SWD_0_50_200_50_50,P2R,MW_01MayR6V1,MW_T3,2203.9,577.351,2020.146,2267.263,11.008,4.421,0,0,0,,,0,3_3
01/09/2009,2009,244,2008,01-May,7,sugar,alive,0,0,0,488,4.664,2008,1/5/2008,122,0,0,182,2009,14,2616,4322.66,3768.06,4374.48,3474.51,104.8,1432.65,,0,0,0,13.914,143,124.246,124.246,56.301,7022.962,7079.264,116140.823,21.7,19.67,1.49,3,300,1940.1,321.161,948.274,932.096,618.907,430.433,1049.34,10.43,6814.254,20.505,6834.759,114104.543,130,295.952,371.321,79.094,18.88,12.28,14.438,4848.19,384.9,0.885,3091.9,11.3,1236.7,0,0,16.766,27.015,18.377,145,Mackay,Mackay,Pind,1960,Furrow,BareFallow,42,MW_Surf2,130_150,100,3,3,SWD_0_50_200_50_50,P2R,MW_01MayR6V1,MW_T3,2240.1,1232.096,1269.435,1699.868,110.254,31.16,8.50583071448978,0.0998723006842396,13.9733333333333,0.806153846153846,0.354111477536898,14.327,3_3
01/09/2010,2010,244,2009,01-May,7,sugar,alive,0,0,1,365,4.497,2008,1/9/2009,122,0,0,182,2010,14,2616,4867.52,4210.87,5080.08,3734.03,112.77,1578.59,,0,0,0,14.318,104.5,45.571,35.571,20.505,6814.254,6834.759,114104.543,16.94,14.53,1.451,3,300,1975,368.239,905.205,905.325,727.348,218.118,945.467,13.13,6846.37,2.511,6848.881,114558.063,150,231.136,295.04,17.973,14.329,3.074,3.444,7654.042,387.003,0.887,3116.1,11.5,1246.4,0,0,18.685,27.974,19.108,185,Mackay,Mackay,Pind,1960,Furrow,BareFallow,42,MW_Surf2,130_150,100,3,3,SWD_0_50_200_50_50,P2R,MW_01MayR6V1,MW_T3,2275,1205.325,1273.444,1491.562,35.376,17.403,9.3559828262087,0.119274390327743,15.036,0.7518,0.48789457289215,15.786,3_3
01/08/2011,2011,213,2010,01-May,7,sugar,alive,0,0,2,334,4.443,2008,1/9/2010,122,0,0,182,2011,14,2616,3786.75,3431.03,4297.25,2809.74,87.789,1699.67,,0,0,0,20.914,74.8,101.66,91.66,2.511,6846.37,6848.881,114558.063,12.21,10.91,1.462,2,200,3766.5,1347.48,1996.578,1027.083,478.204,176.008,654.212,4.394,6896.516,4.545,6901.061,114871.555,150,170.405,264.744,28.063,10.065,4.846,5.138,8437.334,388.959,0.635,1440.5,5.5,576.2,0,0,18.952,26.949,17.359,220,Mackay,Mackay,Pind,1960,Furrow,BareFallow,42,MW_Surf2,130_150,100,3,3,SWD_0_50_200_50_50,P2R,MW_01MayR6V1,MW_T3,3966.5,1227.083,3344.058,3520.066,42.974,14.911,7.15428377705502,0.1341904459105,13.506,0.58526,0.51517854523048,16.997,3_3
01/07/2012,2012,183,2011,01-May,7,sugar,alive,0,0,3,335,4.445,2008,1/8/2011,122,0,0,182,2012,14,2616,5697.66,4998.64,6131.64,4282.85,131.462,2080.69,,0,0,0,16.568,112.7,69.89,59.89,4.545,6896.516,6901.061,114871.555,18.5,15.94,1.474,3,300,2307.5,440.882,1134.983,1045.969,825.8,177.656,1003.457,3.735,6879.811,1.458,6881.269,114949.175,150,256.982,300.729,8.693,0.323,7.23,1.755,8339.284,390.94,0.806,2341.6,8.7,936.6,0,0,18.567,27.708,19.377,239,Mackay,Mackay,Pind,1960,Furrow,BareFallow,42,MW_Surf2,130_150,100,3,3,SWD_0_50_200_50_50,P2R,MW_01MayR6V1,MW_T3,2607.5,1345.969,1575.865,1753.521,16.246,7.553,9.76708973237868,0.13100910153599,17.5282666666667,0.876413333333333,0.511561121012367,20.807,3_3
01/07/2013,2013,182,2012,01-May,7,sugar,alive,0,0,4,365,4.497,2008,1/7/2012,122,0,0,182,2013,14,2616,5199.28,4631.76,5768.45,3972.9,122.901,2190.25,,0,0,0,19.02,114.6,98.069,88.069,1.458,6879.811,6881.269,114949.175,17.03,14.95,1.469,3,300,2091,549.208,903.772,1035.476,761.098,176.791,937.889,2.436,6915.529,3.794,6919.323,115334.999,150,244.056,332.616,5.177,0.226,2.277,1.352,10799.784,393.132,0.726,1847.7,6.9,739.1,0,0,18.045,27.322,19.55,189,Mackay,Mackay,Pind,1960,Furrow,BareFallow,42,MW_Surf2,130_150,100,3,3,SWD_0_50_200_50_50,P2R,MW_01MayR6V1,MW_T3,2391,1335.476,1452.98,1629.771,7.68,2.503,9.20278612270082,0.131040027124745,16.3868,0.81934,0.503577047890648,21.902,3_3
01/07/2014,2014,182,2013,01-May,7,sugar,alive,0,0,5,365,4.536,2008,1/7/2013,122,0,0,182,2014,14,2616,5612.07,5030.14,6224.73,4223.71,130.778,2145.58,,0,0,0,17.28,128.3,98.2,88.2,3.794,6915.529,6919.323,115334.999,19.16,17.03,1.479,3,300,1352.5,284.95,343.477,935.008,817.922,192.475,1010.397,0.922,6919.311,2.971,6922.281,115470.958,150,265.647,334.739,5.089,0.141,0.981,1.122,10287.351,395.356,0.725,1846.8,6.8,738.7,0,0,18.823,28.131,19.697,162,Mackay,Mackay,Pind,1960,Furrow,BareFallow,42,MW_Surf2,130_150,100,3,3,SWD_0_50_200_50_50,P2R,MW_01MayR6V1,MW_T3,1652.5,1235.008,628.427,820.902,6.211,1.122,10.5892431466031,0.129432292455342,17.4370666666667,0.871853333333333,0.492299931864467,21.456,3_3
01/07/2015,2015,182,2014,01-May,7,sugar,alive,0,0,6,365,4.522,2008,1/7/2014,122,0,0,182,2015,14,2616,4880.59,4258.51,5376.22,3756.22,114.766,1783.51,,0,0,0,16.215,116,111.876,101.876,2.971,6919.311,6922.281,115470.958,17.06,14.78,1.48,3,300,905.5,131.309,159.41,742.699,756.731,177.053,933.784,0.266,6952.436,2.631,6955.067,116120.652,150,238.998,324.493,10.841,0.178,1.505,2.288,10517.436,397.611,0.758,2027.2,7.5,810.9,0,0,18.202,28.185,20.195,127,Mackay,Mackay,Pind,1960,Furrow,BareFallow,42,MW_Surf2,130_150,100,3,3,SWD_0_50_200_50_50,P2R,MW_01MayR6V1,MW_T3,1205.5,1042.699,290.719,467.772,12.524,1.683,11.0066279913954,0.122904226245042,15.3021333333333,0.765106666666667,0.480196486999891,17.835,3_3
01/05/2016,2016,122,0,01-May,7,none,out,0,0,-1,0,6,2008,0.000,122,0,0,182,-1,14,2616,0,0,0,0,0,0,,0,0,0,0,0,92.873,82.873,2.631,6952.436,6955.067,116120.652,0,0,1.488,0,0,1469,527.61,557.462,711.73,0,328.534,328.534,1.689,6994.126,83.482,7077.608,115682.567,0,0,160.429,27.626,3.551,3.762,4.028,10223.944,399.515,0.004,5.9,0,2.4,0,0,19.505,28.744,20.733,143,Mackay,Mackay,Pind,1960,Furrow,BareFallow,42,MW_Surf2,130_150,100,3,3,SWD_0_50_200_50_50,P2R,MW_01MayR6V1,MW_T3,1469,711.73,1085.072,1413.606,34.939,7.313,0,0,0,,,0,3_3
01/09/2017,2017,244,2016,01-May,8,sugar,alive,0,0,0,488,4.721,2016,1/5/2016,122,0,0,182,2017,14,2616,6028.6,5310.69,6103.73,4791.81,146.403,2346.47,,0,0,0,16.814,159.4,148.267,148.267,83.482,6994.126,7077.608,115682.567,23.84,21.21,1.489,3,300,2638.1,281.437,1461.279,1177.403,872.284,423.647,1295.932,19.08,6777.702,19.42,6797.122,113998.123,130,327.314,384.896,80.136,19.567,19.589,15.11,4872.36,402.607,0.919,3592.6,13.2,1437,0,0,17.793,27.364,16.771,276,Mackay,Mackay,Pind,1960,Furrow,BareFallow,42,MW_Surf2,130_150,100,3,3,SWD_0_50_200_50_50,P2R,MW_01MayR6V1,MW_T3,2938.1,1477.403,1742.716,2166.363,119.292,39.156,9.90948305912469,0.112971205279289,19.5204,1.12617692307692,0.447286092253921,23.465,3_3
01/09/2018,2018,244,2017,01-May,8,sugar,alive,0,0,1,365,4.481,2016,1/9/2017,122,0,0,182,2018,14,2616,3057.87,2633.1,3335.04,2325.66,70.553,1205.75,,0,0,0,18.121,52.8,47.72,37.72,19.42,6777.702,6797.122,113998.123,8.94,7.38,1.446,3,300,1168.8,592.861,279.668,710.419,470.544,126.311,596.855,0.301,6876.891,3.701,6880.592,114868.658,150,128.614,238.838,39.988,27.325,0.262,7.275,8339.745,404.964,0.785,2192.7,8.9,877.1,0,0,17.981,28.17,18.276,103,Mackay,Mackay,Pind,1960,Furrow,BareFallow,42,MW_Surf2,130_150,100,3,3,SWD_0_50_200_50_50,P2R,MW_01MayR6V1,MW_T3,1468.8,1010.419,872.529,998.84,67.575,27.587,6.98254882380478,0.118207939951915,9.40706666666667,0.470353333333333,0.548563919946507,12.057,3_3
01/08/2019,2019,213,2018,01-May,8,sugar,alive,0,0,2,334,4.467,2016,1/9/2018,122,0,0,182,2019,14,2616,5221.06,4561.78,5548.33,3811.95,116.088,1765.12,,0,0,0,15.802,106.9,47.137,37.137,3.701,6876.891,6880.592,114868.658,18.18,15.76,1.473,3,300,1673.3,487.104,551.902,964.688,732.84,179.674,912.514,2.303,6847.285,2.734,6850.019,114475.271,150,251.534,300.587,14.466,1.958,2.082,2.759,7673.952,407.153,0.806,2346.1,8.7,938.4,0,0,19.191,28.09,17.032,123,Mackay,Mackay,Pind,1960,Furrow,BareFallow,42,MW_Surf2,130_150,100,3,3,SWD_0_50_200_50_50,P2R,MW_01MayR6V1,MW_T3,1973.3,1264.688,1039.006,1218.68,18.506,4.04,9.17918095213997,0.127217774193053,15.4784,0.77392,0.461520112589153,17.651,3_3
01/07/2020,2020,183,2019,01-May,8,sugar,alive,0,0,3,335,4.469,2016,1/8/2019,122,0,0,182,2020,14,2616,4775.56,4194.6,5250.38,3567.96,109.492,1938.2,,0,0,0,18.873,108.5,68.917,58.917,2.734,6847.285,6850.019,114475.271,16.71,14.58,1.465,3,300,1528.8,358.863,563.779,878.128,738.042,160.509,898.552,1.537,6886.558,3.135,6889.693,114972.047,150,236.077,324.038,5.389,0.407,2.958,1.17,10042.815,409.37,0.709,1764,6.6,705.6,0,0,18.638,28.599,19.144,167,Mackay,Mackay,Pind,1960,Furrow,BareFallow,42,MW_Surf2,130_150,100,3,3,SWD_0_50_200_50_50,P2R,MW_01MayR6V1,MW_T3,1828.8,1178.128,922.642,1083.151,8.754,3.365,9.29372699740605,0.121853827046181,14.5989333333333,0.729946666666667,0.463797828674543,19.382,3_3
01/07/2021,2021,182,2020,01-May,8,sugar,alive,0,0,4,365,4.522,2016,1/7/2020,122,0,0,182,2021,14,2616,5596.71,4967.82,6125.97,4235.33,130.559,2115.96,,0,0,0,17.035,131.6,76.524,66.524,3.135,6886.558,6889.693,114972.047,19.59,17.29,1.475,3,300,1294.6,224.903,342.004,912.519,817.427,173.957,991.384,0.983,6882.862,1.766,6884.627,115068.909,150,270.485,339.027,8.832,0.143,0.943,1.911,10066.519,411.819,0.752,1990.2,7.4,796.1,0,0,18.525,27.767,17,146,Mackay,Mackay,Pind,1960,Furrow,BareFallow,42,MW_Surf2,130_150,100,3,3,SWD_0_50_200_50_50,P2R,MW_01MayR6V1,MW_T3,1594.6,1212.519,566.907,740.864,9.918,1.086,10.7675838481706,0.131693672683844,17.4078666666667,0.870393333333333,0.482684806920901,21.16,3_3
01/07/2022,2022,182,2021,01-May,8,sugar,alive,0,0,5,365,4.546,2016,1/7/2021,122,0,0,182,2022,14,2616,5261.82,4632.37,5776.63,3969.56,121.936,2259.74,,0,0,0,19.895,114,112.832,102.832,1.766,6882.862,6884.627,115068.909,17.34,15.03,1.472,3,300,1205.6,358.164,237.874,920.216,797.848,152.398,950.246,0.316,6899.579,4.788,6904.367,115270.134,150,240.192,334.528,20.819,1.701,0.728,4.044,10708.352,414.302,0.759,2032.5,7.5,813,0,0,18.81,28.279,17.351,124,Mackay,Mackay,Pind,1960,Furrow,BareFallow,42,MW_Surf2,130_150,100,3,3,SWD_0_50_200_50_50,P2R,MW_01MayR6V1,MW_T3,1505.6,1220.216,596.038,748.436,23.248,2.429,9.99298484858419,0.128320455966139,16.2581333333333,0.812906666666667,0.507660538236078,22.597,3_3
01/05/1961,1961,121,0,01-May,0,none,out,0,0,-1,0,6,-1,0.000,121,0,0,181,-1,14,2616,0,0,0,0,0,0,,0,0,0,0,0,0,0,0,0,0,0,0,0,1.327,0,0,598.2,0,313.273,284.927,0,245.881,245.881,14.297,6548.494,112.751,6661.246,109342.585,0,0,85.481,2.199,0,4.248,0.481,956.661,350,0,0.1,0,0.1,0,0,20.152,28.608,20.122,136.7,Mackay,Mackay,Pind,1961,Furrow,BareFallow,42,MW_Surf2,130_150,100,3,3,SWD_0_50_200_50_50,P2R,MW_01MayR6V1,MW_T3,598.2,284.927,313.273,559.154,6.447,4.248,0,0,0,,,0,3_3
01/09/1962,1962,244,1961,01-May,1,sugar,alive,0,0,0,488,4.605,1961,1/5/1961,121,0,0,181,1962,14,2616,4828.96,4159.29,4821.72,3842.96,115.224,1800.29,,0,0,0,16.318,127.8,68.845,68.845,112.751,6548.494,6661.246,109342.585,20.29,17.84,1.31,3,300,1422.1,62.608,563.616,931.17,714.175,403.79,1117.965,11.906,6471.999,21.18,6493.179,109300.679,130,279.042,250.387,33.041,6.188,12.336,6.398,2906.204,350,0.938,3964.1,14.5,1585.6,0,0,15.876,26.306,18.994,153.2,Mackay,Mackay,Pind,1961,Furrow,BareFallow,42,MW_Surf2,130_150,100,3,3,SWD_0_50_200_50_50,P2R,MW_01MayR6V1,MW_T3,1722.1,1231.17,626.224,1030.014,51.565,18.524,9.35890250737104,0.103065838375978,15.3632,0.886338461538461,0.412927086245082,18.003,3_3
01/09/1963,1963,244,1962,01-May,1,sugar,alive,0,0,1,365,4.464,1961,1/9/1962,121,0,0,181,1963,14,2616,3481.92,3012.02,3724.1,2599.3,78.35,1279.53,,0,0,0,17.187,62.7,46.756,36.756,21.18,6471.999,6493.179,109300.679,10.59,8.86,1.289,3,300,2759.6,623.229,1647.005,854.199,541.586,226.052,767.637,11.209,6582.61,2.786,6585.397,110171.682,150,153.417,238.561,12.251,16.313,3.447,2.349,7612.427,350,0.795,2261.7,8.5,904.7,0,0,17.884,27.631,18.724,406.4,Mackay,Mackay,Pind,1961,Furrow,BareFallow,42,MW_Surf2,130_150,100,3,3,SWD_0_50_200_50_50,P2R,MW_01MayR6V1,MW_T3,3059.6,1154.199,2270.234,2496.286,32.011,19.76,6.78825748419467,0.102066471522347,10.4466666666667,0.522333333333333,0.510699596524505,12.795,3_3
01/08/1964,1964,214,1963,01-May,1,sugar,alive,0,0,2,335,4.404,1961,1/9/1963,121,0,0,181,1964,14,2616,4766.72,4174.05,5117.64,3497.1,107.163,1751.11,,0,0,0,17.199,88.5,68.485,58.485,2.786,6582.61,6585.397,110171.682,15.39,13.22,1.318,3,300,991.3,245.244,164.473,805.594,695.923,192.723,888.646,0.486,6594.728,4.202,6598.93,110253.366,150,214.349,279.476,11.737,1.22,0.7,2.365,7466.258,350,0.774,2123.8,7.9,849.5,0,0,18.17,27.609,19.799,68.1,Mackay,Mackay,Pind,1961,Furrow,BareFallow,42,MW_Surf2,130_150,100,3,3,SWD_0_50_200_50_50,P2R,MW_01MayR6V1,MW_T3,1291.3,1105.594,409.717,602.44,13.657,1.92,9.69279862227906,0.120591326579988,14.2884,0.71442,0.499946349178209,17.511,3_3
01/07/1965,1965,182,1964,01-May,1,sugar,alive,0,0,3,334,4.421,1961,1/8/1964,121,0,0,181,1965,14,2616,4269.09,3756.4,4726.05,3114.23,95.982,1670.97,,0,0,0,18.513,85.7,61.423,51.423,4.202,6594.728,6598.93,110253.366,14.36,12.48,1.322,3,300,1052.5,338.645,189.971,818.855,647.194,174.553,821.747,0.38,6637.55,5.175,6642.724,110717.971,150,202.286,287.788,16.028,1.963,2.89,3.18,8817.928,350,0.693,1685,6.4,674,0,0,18.263,27.742,19.74,77.2,Mackay,Mackay,Pind,1961,Furrow,BareFallow,42,MW_Surf2,130_150,100,3,3,SWD_0_50_200_50_50,P2R,MW_01MayR6V1,MW_T3,1352.5,1118.855,528.616,703.169,20.881,4.853,8.57859150649548,0.116802373479915,12.7976,0.63988,0.474486617956754,16.71,3_3
01/07/1966,1966,182,1965,01-May,1,sugar,alive,0,0,4,365,4.442,1961,1/7/1965,121,0,0,181,1966,14,2616,4924.84,4251.13,5285.97,3676.07,111.915,1926.76,,0,0,0,18.276,103.8,63.56,53.56,5.175,6637.55,6642.724,110717.971,16.92,14.45,1.335,3,300,1001.1,211.005,148.053,824.192,755.324,187.835,943.159,0.367,6662.595,3.741,6666.336,111235.578,150,233.942,302.556,8.223,0.97,0.476,1.794,8833.816,350,0.787,2209.3,8.2,883.7,0,0,17.019,27.141,19.984,80,Mackay,Mackay,Pind,1961,Furrow,BareFallow,42,MW_Surf2,130_150,100,3,3,SWD_0_50_200_50_50,P2R,MW_01MayR6V1,MW_T3,1301.1,1124.192,359.058,546.893,9.669,1.446,9.95515000996271,0.118659738177762,14.922,0.7461,0.478387805524446,19.268,3_3
01/07/1967,1967,182,1966,01-May,1,sugar,alive,0,0,5,365,4.482,1961,1/7/1966,121,0,0,181,1967,14,2616,4977.22,4431.24,5497.3,3746.92,115.762,2068.16,,0,0,0,19.075,111.4,62.443,52.443,3.741,6662.595,6666.336,111235.578,16.96,14.96,1.342,3,300,1249.2,258.056,260.766,999.498,735.074,194.524,929.598,0.502,6684.329,3.879,6688.208,111532.65,150,235.705,307.3,15.594,1.875,3.76,3.044,9810.294,350,0.729,1867.3,7,746.9,0,0,17.61,27.233,19.754,100.3,Mackay,Mackay,Pind,1961,Furrow,BareFallow,42,MW_Surf2,130_150,100,3,3,SWD_0_50_200_50_50,P2R,MW_01MayR6V1,MW_T3,1549.2,1299.498,518.822,713.346,21.229,5.635,8.90820917000257,0.124529097523876,15.4349333333333,0.771746666666667,0.491130862730956,20.682,3_3
01/07/1968,1968,183,1967,01-May,1,sugar,alive,0,0,6,366,4.459,1961,1/7/1967,121,0,0,181,1968,14,2616,5344.67,4731.4,5860.91,4028.64,124.2,2193.17,,0,0,0,18.82,104.4,163.225,153.225,3.879,6684.329,6688.208,111532.65,16.6,14.36,1.348,3,300,2199.9,637.153,992.311,987.07,800.822,172.628,973.45,2.698,6710.051,4.711,6714.762,111874.25,150,230.214,304.887,11.256,1.386,2.574,2.357,9615.45,350,0.808,2360.8,8.8,944.3,0,0,17.035,26.925,19.834,213.1,Mackay,Mackay,Pind,1961,Furrow,BareFallow,42,MW_Surf2,130_150,100,3,3,SWD_0_50_200_50_50,P2R,MW_01MayR6V1,MW_T3,2499.9,1287.07,1629.464,1802.092,15.216,3.96,9.64982479585415,0.127587446710155,16.56,0.828,0.539498032265631,21.932,3_3
02/05/1969,1969,122,0,01-May,1,none,out,0,0,-1,0,6,1961,0.000,122,1,0,182,-1,13,2616,0,0,0,0,0,0,,0,0,0,0,0,60.21,50.21,4.711,6710.051,6714.762,111874.25,0,0,1.358,0,0,880.2,368.726,138.349,606.995,0,243.97,243.97,0.421,6796.183,49.64,6845.823,112340.641,0,0,127.062,21.337,2.421,0.55,3.213,10173.44,350,0.154,239,1.1,95.6,0,0,18.429,28.223,21.004,55.6,Mackay,Mackay,Pind,1961,Furrow,BareFallow,42,MW_Surf2,130_150,100,3,3,SWD_0_50_200_50_50,P2R,MW_01MayR6V1,MW_T3,880.2,606.995,507.075,751.045,24.308,2.971,0,0,0,,,0,3_3
02/09/1970,1970,245,1969,01-May,2,sugar,alive,0,0,0,488,4.638,1969,2/5/1969,122,1,0,182,1970,13,2616,4036.51,3499.67,4067.78,3288.84,98.724,1406.99,,0,0,0,14.63,141.5,189.365,189.365,49.64,6796.183,6845.823,112340.641,21.43,19.47,1.371,3,300,1810.4,244.538,909.958,857.537,614.145,481.325,1095.47,10.089,6618.248,26.123,6644.371,110800.058,130,291.729,342.876,50.242,11.783,9.148,9.336,4311.391,350,0.91,3435.3,12.6,1374.1,0,0,16.46,26.594,19.072,411.7,Mackay,Mackay,Pind,1961,Furrow,BareFallow,42,MW_Surf2,130_150,100,3,3,SWD_0_50_200_50_50,P2R,MW_01MayR6V1,MW_T3,2110.4,1157.537,1154.496,1635.821,71.173,20.931,8.52879864747304,0.0901202223703068,13.1632,0.759415384615385,0.338409962670835,14.07,3_3
02/09/1971,1971,245,1970,01-May,2,sugar,alive,0,0,1,365,4.437,1969,2/9/1970,122,1,0,182,1971,13,2616,4279.57,3703.55,4482.36,3199.11,96.747,1473.57,,0,0,0,15.834,84.6,49.8,39.8,26.123,6618.248,6644.371,110800.058,14.85,12.74,1.338,3,300,1699.6,369.449,707.574,890.006,645.357,249.004,894.362,9.311,6645.246,8.249,6653.495,111154.178,150,196.771,287.84,41.836,25.811,2.09,7.795,7035.625,350,0.824,2483.1,9.2,993.3,0,0,17.359,27.298,19.104,129.3,Mackay,Mackay,Pind,1961,Furrow,BareFallow,42,MW_Surf2,130_150,100,3,3,SWD_0_50_200_50_50,P2R,MW_01MayR6V1,MW_T3,1999.6,1190.006,1077.023,1326.027,69.737,27.901,8.12995900861004,0.10817431867633,12.8996,0.64498,0.491673061579196,14.736,3_3
02/08/1972,1972,215,1971,01-May,2,sugar,alive,0,0,2,335,4.435,1969,2/9/1971,122,1,0,182,1972,13,2616,4235.37,3623.8,4504.34,3153.71,95.269,1543.49,,0,0,0,17.028,88,78.016,68.016,8.249,6645.246,6653.495,111154.178,14.81,12.57,1.35,3,300,1980.3,550.037,896.255,908.693,666.549,197.012,863.56,5.609,6682.172,2.083,6684.255,111696.807,150,211.269,276.875,11.549,5.519,5.941,2.093,8052.391,350,0.816,2419.9,9,967.9,0,0,17.972,27.804,19.445,183.4,Mackay,Mackay,Pind,1961,Furrow,BareFallow,42,MW_Surf2,130_150,100,3,3,SWD_0_50_200_50_50,P2R,MW_01MayR6V1,MW_T3,2280.3,1208.693,1446.292,1643.304,23.009,11.46,7.88198492090216,0.110321228403354,12.7025333333333,0.635126666666667,0.450936957149416,15.435,3_3
02/07/1973,1973,183,1972,01-May,2,sugar,alive,0,0,3,334,4.439,1969,2/8/1972,122,1,0,182,1973,13,2616,4127.5,3604.06,4544.77,2939.77,89.583,1430.74,,0,0,0,16.744,87.2,48.463,38.463,2.083,6682.172,6684.255,111696.807,14.52,12.6,1.36,3,300,1088.2,368.572,238.199,699.556,605.813,159.754,765.568,0.473,6731.93,5.108,6737.038,111923.904,150,201.165,272.662,8.209,0.716,0.395,1.743,8442.944,350,0.697,1707.3,6.6,682.9,0,0,18.807,28.192,20.218,148.3,Mackay,Mackay,Pind,1961,Furrow,BareFallow,42,MW_Surf2,130_150,100,3,3,SWD_0_50_200_50_50,P2R,MW_01MayR6V1,MW_T3,1388.2,999.556,606.771,766.525,9.32,1.111,8.96227925198788,0.117015079000167,11.9444,0.59722,0.44532100514503,14.307,3_3
02/07/1974,1974,183,1973,01-May,2,sugar,alive,0,0,4,365,4.5,1969,2/7/1973,122,1,0,182,1974,13,2616,5270.15,4698.03,5769.99,3965.54,122.328,1826.35,,0,0,0,15.464,122,64.324,54.324,5.108,6731.93,6737.038,111923.904,18.45,16.36,1.376,3,300,3164.5,865.731,1676.139,1071.817,734.675,189.085,923.76,7.244,6726.178,4.291,6730.468,112120.923,150,255.329,316.585,9.617,0.654,9.28,1.943,9378.524,350,0.778,2149.5,7.9,859.8,0,0,18.508,27.034,17.868,199.6,Mackay,Mackay,Pind,1961,Furrow,BareFallow,42,MW_Surf2,130_150,100,3,3,SWD_0_50_200_50_50,P2R,MW_01MayR6V1,MW_T3,3464.5,1371.817,2541.87,2730.955,19.551,9.934,8.91722438196932,0.132424006235386,16.3104,0.81552,0.479099514743723,18.264,3_3
02/07/1975,1975,183,1974,01-May,2,sugar,alive,0,0,5,365,4.449,1969,2/7/1974,122,1,0,182,1975,13,2616,4317.55,3817.95,4819.06,3203.45,98.669,1712.59,,0,0,0,18.449,93.9,63.193,53.193,4.291,6726.178,6730.468,112120.923,14.72,12.89,1.377,3,300,1738.2,615.219,607.857,974.605,649.641,158.276,807.917,0.935,6754.038,4.064,6758.102,112503.804,150,202.493,306.314,32.042,10.336,0.968,6.031,9653.751,350,0.725,1842.7,6.9,737.1,0,0,17.368,27.157,19.675,139.4,Mackay,Mackay,Pind,1961,Furrow,BareFallow,42,MW_Surf2,130_150,100,3,3,SWD_0_50_200_50_50,P2R,MW_01MayR6V1,MW_T3,2038.2,1274.605,1223.076,1381.352,43.346,11.304,7.7411433346017,0.122127644300095,13.1558666666667,0.657793333333333,0.487271164929158,17.126,3_3
02/07/1976,1976,184,1975,01-May,2,sugar,alive,0,0,6,366,4.485,1969,2/7/1975,122,1,0,182,1976,13,2616,5459.91,4844.58,5962.79,4085.31,125.96,1946.6,,0,0,0,16.109,122,70.4,60.4,4.064,6754.038,6758.102,112503.804,18.82,16.57,1.387,3,300,2321.4,664.803,966.993,1112.167,777.649,187.63,965.279,3.365,6744.888,1.505,6746.393,112553.122,150,257.642,326.213,16.072,1.145,2.985,3.151,9398.597,350,0.784,2191.7,8.1,876.7,0,0,18.281,27.019,18.06,161.4,Mackay,Mackay,Pind,1961,Furrow,BareFallow,42,MW_Surf2,130_150,100,3,3,SWD_0_50_200_50_50,P2R,MW_01MayR6V1,MW_T3,2621.4,1412.167,1631.796,1819.426,20.202,4.13,8.91962494520832,0.130490770026075,16.7946666666667,0.839733333333333,0.488895444065797,19.466,3_3
01/05/1977,1977,121,0,01-May,2,none,out,0,0,-1,0,6,1969,0.000,121,0,0,182,-1,13,2616,0,0,0,0,0,0,,0,0,0,0,0,94.725,84.725,1.505,6744.888,6746.393,112553.122,0,0,1.386,0,0,1784,733.556,728.695,752.541,0,259.438,259.438,1.183,6855.996,40.192,6896.188,113429.519,0,0,109.598,10.944,1.091,1.516,1.36,9977.416,350,0.005,7.4,0,3,0,0,18.644,28.101,20.009,166.6,Mackay,Mackay,Pind,1961,Furrow,BareFallow,42,MW_Surf2,130_150,100,3,3,SWD_0_50_200_50_50,P2R,MW_01MayR6V1,MW_T3,1784,752.541,1462.251,1721.689,13.551,2.607,0,0,0,,,0,3_3
01/09/1978,1978,244,1977,01-May,3,sugar,alive,0,0,0,488,4.627,1977,1/5/1977,121,0,0,181,1978,14,2616,5054.99,4521.05,5219.68,3995.96,122.364,2084.52,,0,0,0,18.054,159.3,157.036,157.036,40.192,6855.996,6896.188,113429.519,22.58,20.62,1.402,3,300,1599.6,117.887,793.245,842.818,696.751,373.122,1069.873,12.902,6687.501,15.265,6702.766,111820.266,130,310.02,337.024,34.183,1.553,11.633,6.508,4651.781,350,0.844,2653.2,9.7,1061.3,0,0,16.486,26.284,19.125,300,Mackay,Mackay,Pind,1961,Furrow,BareFallow,42,MW_Surf2,130_150,100,3,3,SWD_0_50_200_50_50,P2R,MW_01MayR6V1,MW_T3,1899.6,1142.818,911.132,1284.254,47.369,13.186,10.7072167221727,0.114372453552898,16.3152,0.941261538461539,0.394697116315077,20.845,3_3
01/09/1979,1979,244,1978,01-May,3,sugar,alive,0,0,1,365,4.475,1977,1/9/1978,121,0,0,181,1979,14,2616,4791.16,4317.17,5210.1,3608.17,111.647,1965.35,,0,0,0,18.752,92.6,75.631,65.631,15.265,6687.501,6702.766,111820.266,14.74,13,1.372,3,300,2869,605.307,1722.008,922.217,670.175,191.797,861.973,7.485,6718.38,3.142,6721.522,112209.042,150,200.464,289.184,33.489,14.015,4.043,6.305,8297.853,350,0.779,2156.8,8.1,862.7,0,0,17.882,26.686,18.381,509.4,Mackay,Mackay,Pind,1961,Furrow,BareFallow,42,MW_Surf2,130_150,100,3,3,SWD_0_50_200_50_50,P2R,MW_01MayR6V1,MW_T3,3169,1222.217,2327.315,2519.112,51.547,18.058,9.13479357593619,0.129524938716178,14.8862666666667,0.744313333333333,0.556942892489425,19.653,3_3
01/08/1980,1980,214,1979,01-May,3,sugar,alive,0,0,2,335,4.434,1977,1/9/1979,121,0,0,181,1980,14,2616,4780.54,4191.39,5206.5,3523.53,107.847,1800.9,,0,0,0,17.639,89.3,55.343,45.343,3.142,6718.38,6721.522,112209.042,15.18,13.02,1.384,3,300,1236.6,217.057,439.549,786.242,703.128,148.622,851.75,0.386,6751.759,2.571,6754.33,112605.854,150,217.507,291.327,6.47,0.909,0.573,1.454,8727.847,350,0.814,2406.2,9,962.5,0,0,19.006,28.043,20.09,215.6,Mackay,Mackay,Pind,1961,Furrow,BareFallow,42,MW_Surf2,130_150,100,3,3,SWD_0_50_200_50_50,P2R,MW_01MayR6V1,MW_T3,1536.6,1086.242,656.606,805.228,7.952,1.482,9.92845056626424,0.12661813912533,14.3796,0.71898,0.495832318040339,18.009,3_3
01/07/1981,1981,182,1980,01-May,3,sugar,alive,0,0,3,334,4.459,1977,1/8/1980,121,0,0,181,1981,14,2616,4995.83,4434.91,5538.71,3694.19,113.907,1944.98,,0,0,0,18.103,100.8,83.587,73.587,2.571,6751.759,6754.33,112605.854,16.25,14.2,1.396,3,300,1574.3,502.894,484.121,939.936,724.471,166.167,890.638,1.378,6786.173,4.507,6790.68,113125.26,150,229.752,306.721,4.081,0.807,1.498,0.96,9396.562,350,0.751,1988.8,7.4,795.5,0,0,18.805,27.666,19.647,101.3,Mackay,Mackay,Pind,1961,Furrow,BareFallow,42,MW_Surf2,130_150,100,3,3,SWD_0_50_200_50_50,P2R,MW_01MayR6V1,MW_T3,1874.3,1239.936,987.015,1153.182,6.386,2.305,9.18652253019511,0.127893712147921,15.1876,0.75938,0.495782408858247,19.45,3_3
01/07/1982,1982,182,1981,01-May,3,sugar,alive,0,0,4,365,4.487,1977,1/7/1981,121,0,0,181,1982,14,2616,4373.16,3797.63,4820.99,3288.78,100.025,1609.02,,0,0,0,16.886,115.5,80.234,70.234,4.507,6786.173,6790.68,113125.26,16.88,14.78,1.405,3,300,1258.9,417.738,329.86,843.345,632.154,200.875,833.029,0.829,6814.626,4.542,6819.168,113531.449,150,236.768,317.699,6.617,0.463,3.305,1.47,9901.763,350,0.766,2075.9,7.7,830.4,0,0,18.212,27.411,19.836,222,Mackay,Mackay,Pind,1961,Furrow,BareFallow,42,MW_Surf2,130_150,100,3,3,SWD_0_50_200_50_50,P2R,MW_01MayR6V1,MW_T3,1558.9,1143.345,747.598,948.473,10.385,3.768,8.74845300412386,0.120073850970374,13.3366666666667,0.666833333333333,0.422459960805514,16.09,3_3
01/07/1983,1983,182,1982,01-May,3,sugar,alive,0,0,5,365,4.47,1977,1/7/1982,121,0,0,181,1983,14,2616,5372.94,4706.91,5832.61,3998.58,122.574,1931.36,,0,0,0,16.481,130.6,58.507,48.507,4.542,6814.626,6819.168,113531.449,20.08,17.64,1.414,3,300,1425.8,326.818,393.183,977.319,747.964,191.389,939.353,1,6806.693,3.032,6809.726,113393.488,150,267.079,330.67,8.917,0.651,1.296,1.885,9584.715,350,0.777,2141.6,8,856.7,0,0,18.168,27.059,20.069,156,Mackay,Mackay,Pind,1961,Furrow,BareFallow,42,MW_Surf2,130_150,100,3,3,SWD_0_50_200_50_50,P2R,MW_01MayR6V1,MW_T3,1725.8,1277.319,720.001,911.39,10.864,1.947,9.59619327669909,0.130487686737574,16.3432,0.81716,0.458942859603338,19.314,3_3
01/07/1984,1984,183,1983,01-May,3,sugar,alive,0,0,6,366,4.5,1977,1/7/1983,121,0,0,181,1984,14,2616,4667.38,3954.72,5002.97,3579.64,107.76,1780.12,,0,0,0,17.419,120.1,124.953,114.953,3.032,6806.693,6809.726,113393.488,18.52,15.91,1.414,3,300,627.3,48.293,90.161,583.055,684.002,177.078,861.08,0.184,6835.762,1.686,6837.448,114178.293,150,255.225,334.261,5.347,0.075,0.207,1.369,10130.867,350,0.842,2634.6,9.8,1053.8,0,0,18.281,27.134,19.319,62,Mackay,Mackay,Pind,1961,Furrow,BareFallow,42,MW_Surf2,130_150,100,3,3,SWD_0_50_200_50_50,P2R,MW_01MayR6V1,MW_T3,927.3,883.055,138.454,315.532,5.629,0.282,12.2030904077323,0.125145166535049,14.368,0.7184,0.422215692036438,17.801,3_3
01/05/1985,1985,121,0,01-May,3,none,out,0,0,-1,0,6,1977,0.000,121,0,0,181,-1,14,2616,0,0,0,0,0,0,,0,0,0,0,0,52.719,42.719,1.686,6835.762,6837.448,114178.293,0,0,1.425,0,0,1462.6,483.488,550.433,746.498,0,327.665,327.665,2.657,6868.06,83.358,6951.418,113619.176,0,0,175.652,42.321,7.013,5.542,7.054,10163.305,350,0.003,4.7,0,1.9,0,0,19.16,28.114,20.446,365,Mackay,Mackay,Pind,1961,Furrow,BareFallow,42,MW_Surf2,130_150,100,3,3,SWD_0_50_200_50_50,P2R,MW_01MayR6V1,MW_T3,1462.6,746.498,1033.921,1361.586,54.876,12.555,0,0,0,,,0,3_3
01/09/1986,1986,244,1985,01-May,4,sugar,alive,0,0,0,488,4.655,1985,1/5/1985,121,0,0,181,1986,14,2616,6604.57,5949.99,6846.08,5136.14,157.78,2670.59,,0,0,0,17.919,161.6,153.733,153.733,83.358,6868.06,6951.418,113619.176,25.09,22.69,1.425,3,300,1673.2,150.466,645.082,1068.71,860.847,400.909,1261.755,18.012,6696.4,17.62,6714.02,112445.115,130,344.911,349.802,43.899,8.211,12.807,8.359,5028.521,350,0.861,2815.9,10.3,1126.4,0,0,17.326,26.16,18.368,134,Mackay,Mackay,Pind,1961,Furrow,BareFallow,42,MW_Surf2,130_150,100,3,3,SWD_0_50_200_50_50,P2R,MW_01MayR6V1,MW_T3,1973.2,1368.71,795.548,1196.457,64.917,21.018,11.527642816959,0.125048048155149,21.0373333333333,1.21369230769231,0.457451342520244,26.706,3_3
01/09/1987,1987,244,1986,01-May,4,sugar,alive,0,0,1,365,4.537,1985,1/9/1986,121,0,0,181,1987,14,2616,4486.43,4061.59,4993.23,3437.39,106.632,2071.1,,0,0,0,20.99,80.3,69.63,59.63,17.62,6696.4,6714.02,112445.115,12.51,10.95,1.392,3,300,760.7,115.522,116.61,690.928,651.693,156.915,808.607,0.1,6781.868,13.898,6795.766,113170.794,150,185.557,279.009,19.485,6.556,4.171,3.652,10077.779,350,0.743,1941.1,7.5,776.5,0,0,18.954,27.818,20.095,62,Mackay,Mackay,Pind,1961,Furrow,BareFallow,42,MW_Surf2,130_150,100,3,3,SWD_0_50_200_50_50,P2R,MW_01MayR6V1,MW_T3,1060.7,990.928,232.132,389.047,30.212,10.727,10.7608221788061,0.131871230399935,14.2176,0.71088,0.574658999660482,20.711,3_3
01/08/1988,1988,214,1987,01-May,4,sugar,alive,0,0,2,335,4.452,1985,1/9/1987,121,0,0,181,1988,14,2616,5080.66,4558.29,5625.28,3772.53,117.127,2017.5,,0,0,0,18.287,98,89.59,79.59,13.898,6781.868,6795.766,113170.794,16.16,14.25,1.416,3,300,1724.2,353.736,768.257,917.664,700.983,184.07,885.054,2.271,6772.765,6.652,6779.417,113122.456,150,226.369,309.209,24.813,11.922,2.783,4.587,8655.035,350,0.757,2023,7.5,809.2,0,0,19.241,27.759,19.47,293.4,Mackay,Mackay,Pind,1961,Furrow,BareFallow,42,MW_Surf2,130_150,100,3,3,SWD_0_50_200_50_50,P2R,MW_01MayR6V1,MW_T3,2024.2,1217.664,1121.993,1306.063,39.518,14.705,9.61899177441396,0.132338817744454,15.6169333333333,0.780846666666667,0.517416253992375,20.175,3_3
01/07/1989,1989,182,1988,01-May,4,sugar,alive,0,0,3,334,4.458,1985,1/8/1988,121,0,0,181,1989,14,2616,5165.8,4558.23,5698.76,3819.99,117.574,2069.4,,0,0,0,18.749,95.8,106.744,96.744,6.652,6772.765,6779.417,113122.456,16.04,13.81,1.416,1,100,2281.9,692.365,812.09,1244.759,717.105,155.581,872.686,2.242,6813.902,3.567,6817.469,113687.82,150,226.689,295.141,4.533,3.077,2.074,1.017,9576.207,350,0.754,2005.1,7.5,802,0,0,19.214,27.322,19.364,197,Mackay,Mackay,Pind,1961,Furrow,BareFallow,42,MW_Surf2,130_150,100,3,3,SWD_0_50_200_50_50,P2R,MW_01MayR6V1,MW_T3,2381.9,1344.759,1504.455,1660.036,9.684,5.151,8.74312795080754,0.134726579777835,21.3770909090909,0.783826666666667,0.518657720489305,20.694,3_3
01/07/1990,1990,182,1989,01-May,4,sugar,alive,0,0,4,365,4.488,1985,1/7/1989,121,0,0,181,1990,14,2616,4052.78,3560.54,4569.56,3010.62,91.485,1310.2,,0,0,0,14.715,89.4,111.502,101.502,3.567,6813.902,6817.469,113687.82,13.89,12.08,1.427,3,300,1726,665.794,619.32,901.021,567.836,169.191,737.027,1.172,6887.183,3.96,6891.143,114514.035,150,200.766,275.279,2.953,0.212,1.366,0.788,9732.629,350.403,0.763,2058.7,7.8,823.5,0,0,18.295,27.043,19.517,130,Mackay,Mackay,Pind,1961,Furrow,BareFallow,42,MW_Surf2,130_150,100,3,3,SWD_0_50_200_50_50,P2R,MW_01MayR6V1,MW_T3,2026,1201.021,1285.114,1454.305,4.531,1.578,7.61726897364826,0.124127067258052,12.198,0.6099,0.455679746570635,13.102,3_3
01/07/1991,1991,182,1990,01-May,4,sugar,alive,0,0,5,365,4.486,1985,1/7/1990,121,0,0,181,1991,14,2616,4810.45,4179.8,5224.7,3600.85,109.482,1643.08,,0,0,0,15.56,121.4,115.361,105.361,3.96,6887.183,6891.143,114514.035,18.33,16.02,1.446,3,300,2941.2,504.149,1961.898,730.604,645.011,188.28,833.291,5.341,6886.275,4.351,6890.626,114846.78,150,251.512,307.123,8.33,0.494,4.462,1.745,8991.37,351.939,0.781,2172.1,8.1,868.8,0,0,18.061,27.053,19.563,298.2,Mackay,Mackay,Pind,1961,Furrow,BareFallow,42,MW_Surf2,130_150,100,3,3,SWD_0_50_200_50_50,P2R,MW_01MayR6V1,MW_T3,3241.2,1030.604,2466.047,2654.327,13.286,4.956,10.6230909253215,0.131385074361778,14.5976,0.72988,0.43529533382105,16.431,3_3
01/07/1992,1992,183,1991,01-May,4,sugar,alive,0,0,6,366,4.5,1985,1/7/1991,121,0,0,181,1992,14,2616,4841.78,4292.91,5360.01,3651.92,112.167,1833.61,,0,0,0,17.207,118.2,57.223,47.223,4.351,6886.275,6890.626,114846.78,17.47,15.46,1.446,3,300,809.1,99.389,100.582,712.805,705.312,202.874,908.186,0.063,6914.448,6.17,6920.618,115037.086,150,239.246,317.539,6.796,0.105,0.965,1.508,9814.479,353.503,0.779,2157.1,8.1,862.8,0,0,18.282,27.906,20.982,174,Mackay,Mackay,Pind,1961,Furrow,BareFallow,42,MW_Surf2,130_150,100,3,3,SWD_0_50_200_50_50,P2R,MW_01MayR6V1,MW_T3,1109.1,1012.805,199.971,402.845,7.866,1.07,11.0748860836982,0.123506638507971,14.9556,0.74778,0.468835424625699,18.336,3_3
01/05/1993,1993,121,0,01-May,4,none,out,0,0,-1,0,6,1985,0.000,121,0,0,181,-1,14,2616,0,0,0,0,0,0,,0,0,0,0,0,58.167,48.167,6.17,6914.448,6920.618,115037.086,0,0,1.454,0,0,1066.4,292.694,359.957,598.964,0,298.754,298.754,0.39,6987.98,72.824,7060.804,115547.716,0,0,138.785,12.956,0.614,0.715,1.975,9384.558,354.828,0.007,9.6,0,3.9,0,0,19.152,28.301,21.526,185,Mackay,Mackay,Pind,1961,Furrow,BareFallow,42,MW_Surf2,130_150,100,3,3,SWD_0_50_200_50_50,P2R,MW_01MayR6V1,MW_T3,1066.4,598.964,652.651,951.405,14.285,1.329,0,0,0,,,0,3_3
01/09/1994,1994,244,1993,01-May,5,sugar,alive,0,0,0,488,4.665,1993,1/5/1993,121,0,0,181,1994,14,2616,6263.86,5542.42,6359.28,5029.85,153.822,2678.71,,0,0,0,18.52,199.6,173.163,173.163,72.824,6987.98,7060.804,115547.716,28.19,25.55,1.46,3,300,1282.3,71.09,415.617,1006.887,773.149,445.829,1218.978,9.063,6791.207,10.638,6801.845,113751.702,130,387.375,369.153,31.205,0.461,10.685,5.877,5442.565,356.989,0.899,3278.7,12,1311.5,0,0,17.552,26.294,18.985,141,Mackay,Mackay,Pind,1961,Furrow,BareFallow,42,MW_Surf2,130_150,100,3,3,SWD_0_50_200_50_50,P2R,MW_01MayR6V1,MW_T3,1582.3,1306.887,486.707,932.536,42.351,11.146,11.7701071324453,0.126189315967967,20.5096,1.18324615384615,0.397088092933204,26.787,3_3
01/09/1995,1995,244,1994,01-May,5,sugar,alive,0,0,1,365,4.482,1993,1/9/1994,121,0,0,181,1995,14,2616,5049.18,4465.37,5444.52,3888.89,119.447,2096.86,,0,0,0,18.692,85,49.778,39.778,10.638,6791.207,6801.845,113751.702,13.84,11.7,1.421,3,300,1066.3,267.622,186.994,861.637,694.636,162.332,856.968,0.209,6874.575,6.235,6880.81,114595.038,150,189.541,276.634,19.69,6.585,0.229,3.879,9227.896,358.643,0.827,2509.9,9.6,1004,0,0,18.614,27.615,20.231,112.5,Mackay,Mackay,Pind,1961,Furrow,BareFallow,42,MW_Surf2,130_150,100,3,3,SWD_0_50_200_50_50,P2R,MW_01MayR6V1,MW_T3,1366.3,1161.637,454.616,616.948,26.504,6.814,10.282644233956,0.139383267519907,15.9262666666667,0.796313333333333,0.630190829424768,20.969,3_3
01/08/1996,1996,214,1995,01-May,5,sugar,alive,0,0,2,335,4.464,1993,1/9/1995,121,0,0,181,1996,14,2616,5377.66,4744.25,5858.08,4078.75,125.598,2298.04,,0,0,0,19.605,102.2,104.495,94.495,6.235,6874.575,6880.81,114595.038,16.54,14.22,1.449,3,300,1169.4,235.324,283.213,882.975,805.449,177.235,982.684,0.638,6882.333,3.162,6885.495,114822.882,150,240.539,321.5,14.603,2.729,0.867,2.936,9398.973,360.185,0.824,2478.6,9.2,991.4,0,0,18.879,28.11,20.632,106,Mackay,Mackay,Pind,1961,Furrow,BareFallow,42,MW_Surf2,130_150,100,3,3,SWD_0_50_200_50_50,P2R,MW_01MayR6V1,MW_T3,1469.4,1182.975,518.537,695.772,18.199,3.596,10.6171305395296,0.127811178364561,16.7464,0.83732,0.522152332885728,22.98,3_3
01/07/1997,1997,182,1996,01-May,5,sugar,alive,0,0,3,334,4.444,1993,1/8/1996,121,0,0,181,1997,14,2616,5507.47,4926.2,6128.02,4194.81,130.314,2279.05,,0,0,0,18.611,117.3,72.674,62.674,3.162,6882.333,6885.495,114822.882,17.87,15.74,1.455,3,300,1437.4,297.124,457.238,985.986,803.036,164.439,967.475,1.117,6895.428,3.088,6898.515,114993.511,150,252.401,326.595,6.762,0.793,5.768,1.423,10358.378,361.751,0.749,1974.6,7.4,789.8,0,0,18.351,27.734,20.814,203,Mackay,Mackay,Pind,1961,Furrow,BareFallow,42,MW_Surf2,130_150,100,3,3,SWD_0_50_200_50_50,P2R,MW_01MayR6V1,MW_T3,1737.4,1285.986,754.362,918.801,13.323,6.561,10.1333918098642,0.134694953357968,17.3752,0.86876,0.516297479011573,22.791,3_3
03/07/1998,1998,184,1997,01-May,5,sugar,alive,0,0,4,367,4.524,1993,1/7/1997,121,0,2,181,1998,12,2616,5733,5120.03,6348.53,4419.8,136.946,2364.55,,0,0,0,18.338,128.2,88.238,78.238,3.088,6895.428,6898.515,114993.511,18.7,16.45,1.459,3,300,1274,244.468,283.505,953.918,849.879,185.302,1035.181,0.604,6901.993,2.131,6904.124,115174.54,150,262.726,342.934,13.79,0.248,0.941,2.869,10812.851,363.497,0.768,2089.3,7.7,835.7,0,0,18.383,27.725,19.703,110,Mackay,Mackay,Pind,1961,Furrow,BareFallow,42,MW_Surf2,130_150,100,3,3,SWD_0_50_200_50_50,P2R,MW_01MayR6V1,MW_T3,1574,1253.918,527.973,713.275,14.979,1.189,10.9214478139719,0.132291840750555,18.2594666666667,0.912973333333333,0.521250275952894,23.646,3_3
03/07/1999,1999,184,1998,01-May,5,sugar,alive,0,0,5,365,4.526,1993,3/7/1998,121,0,2,183,1999,12,2618,4575.88,4034.51,5115.38,3455.97,106.328,2003.1,,0,0,0,20.272,94,99.083,89.083,2.131,6901.993,6904.124,115174.54,14.39,12.41,1.462,1,100,2295.2,853.766,796.308,1179.156,620.526,157.046,777.571,1.718,6930.557,4.553,6935.11,115520.75,150,201.324,305.003,30.233,11.432,2.942,5.679,10253.506,365.263,0.735,1898.7,7.1,759.5,0,0,19.143,27.14,18.143,166,Mackay,Mackay,Pind,1961,Furrow,BareFallow,42,MW_Surf2,130_150,100,3,3,SWD_0_50_200_50_50,P2R,MW_01MayR6V1,MW_T3,2395.2,1279.156,1650.074,1807.12,44.607,14.374,8.31235595971094,0.136743782882849,19.3323636363636,0.708853333333333,0.528143688780275,20.031,3_3
03/07/2000,2000,185,1999,01-May,5,sugar,alive,0,0,6,366,4.473,1993,3/7/1999,121,0,2,183,2000,12,2618,5710.14,5080.54,6264.66,4332.19,133.796,2203.77,,0,0,0,17.36,120.7,66.638,56.638,4.553,6930.557,6935.11,115520.75,18.66,16.35,1.47,3,300,2220.8,607.011,934.98,1062.066,759.664,172.116,931.781,2.685,6926.098,2.948,6929.046,115484.37,150,256.475,320.601,11.003,0.624,5.321,2.28,9859.286,367.058,0.796,2270.1,8.4,908,0,0,18.099,26.712,18.391,187,Mackay,Mackay,Pind,1961,Furrow,BareFallow,42,MW_Surf2,130_150,100,3,3,SWD_0_50_200_50_50,P2R,MW_01MayR6V1,MW_T3,2520.8,1362.066,1541.991,1714.107,16.948,5.945,9.82301885518029,0.143591680877803,17.8394666666667,0.891973333333333,0.521672677648894,22.038,3_3
01/05/2001,2001,121,0,01-May,5,none,out,0,0,-1,0,6,1993,0.000,121,0,2,183,-1,12,2618,0,0,0,0,0,0,,0,0,0,0,0,113.666,103.666,2.948,6926.098,6929.046,115484.37,0,0,1.47,0,0,1601.5,757.976,505.712,763.297,0,303.629,303.629,0.158,7008.684,74.817,7083.501,115853.468,0,0,135.027,10.08,1.033,0.731,1.401,10793.77,368.566,0.005,7.2,0,2.9,0,0,18.625,27.845,20.181,235,Mackay,Mackay,Pind,1961,Furrow,BareFallow,42,MW_Surf2,130_150,100,3,3,SWD_0_50_200_50_50,P2R,MW_01MayR6V1,MW_T3,1601.5,763.297,1263.688,1567.317,11.844,1.764,0,0,0,,,0,3_3
01/09/2002,2002,244,2001,01-May,6,sugar,alive,0,0,0,488,4.679,2001,1/5/2001,121,0,0,181,2002,14,2616,4562.6,4042.44,4678.33,3657.92,111.243,1947.05,,0,0,0,18.628,161.3,147.851,147.851,74.817,7008.684,7083.501,115853.468,23.33,21.43,1.48,3,300,1074.2,31.781,309.491,837.576,662.807,466.116,1128.923,2.628,6817.221,57.263,6874.483,113947.93,130,319.16,362.857,47.55,0.218,4.749,9.031,4826.812,371.039,0.859,2800.2,10.3,1120.1,0,0,16.785,27.514,19.76,143,Mackay,Mackay,Pind,1961,Furrow,BareFallow,42,MW_Surf2,130_150,100,3,3,SWD_0_50_200_50_50,P2R,MW_01MayR6V1,MW_T3,1374.2,1137.576,341.272,807.388,52.517,4.967,9.77895103272221,0.0985390500503577,14.8324,0.855715384615385,0.348549316957012,19.471,3_3
01/09/2003,2003,244,2002,01-May,6,sugar,alive,0,0,1,365,4.478,2001,1/9/2002,121,0,0,181,2003,14,2616,4117.82,3514.2,4314.87,3066.44,91.381,1404.62,,0,0,0,16.006,101.2,51.857,41.857,57.263,6817.221,6874.483,113947.93,17.53,15.32,1.442,3,300,970.8,114.536,337.685,627.205,595.34,223.294,818.634,3.431,6883.485,16.572,6900.057,114785.541,150,230.73,269.525,16.053,3.943,1.073,3.279,7310.732,372.928,0.839,2611.2,9.8,1044.5,0,0,18.111,27.886,20.479,113,Mackay,Mackay,Pind,1961,Furrow,BareFallow,42,MW_Surf2,130_150,100,3,3,SWD_0_50_200_50_50,P2R,MW_01MayR6V1,MW_T3,1270.8,927.205,452.221,675.515,21.069,5.016,9.85553356593202,0.111626196810785,12.1841333333333,0.609206666666667,0.396051662115893,14.046,3_3
01/08/2004,2004,214,2003,01-May,6,sugar,alive,0,0,2,335,4.446,2001,1/9/2003,121,0,0,181,2004,14,2616,3934.68,3241.29,4100.28,2983.82,88.275,1422.62,,0,0,0,16.922,112.4,51.803,41.803,16.572,6883.485,6900.057,114785.541,18.47,15.93,1.464,3,300,765,89.647,131.97,627.323,640.636,208.363,848.998,1.15,6894.99,13.757,6908.747,115210.115,150,252.648,323.427,12.418,4.264,0.495,2.519,8195.219,374.686,0.875,2972.9,11,1189.2,0,0,18.698,28.847,20.407,59,Mackay,Mackay,Pind,1961,Furrow,BareFallow,42,MW_Surf2,130_150,100,3,3,SWD_0_50_200_50_50,P2R,MW_01MayR6V1,MW_T3,1065,927.323,221.617,429.98,17.177,4.759,9.51933684379661,0.103975509954087,11.77,0.5885,0.349399164054337,14.226,3_3
04/07/2005,2005,185,2004,01-May,6,sugar,alive,0,0,3,337,4.443,2001,1/8/2004,121,0,3,181,2005,11,2616,5239.51,4554.73,5633.27,3877.6,118.249,1886.92,,0,0,0,16.727,131.1,46.188,36.188,13.757,6894.99,6908.747,115210.115,20.41,17.91,1.468,3,300,1324.6,145.546,431.311,881.141,781.862,209.745,991.607,4.134,6898.81,5.86,6904.671,115079.107,150,271.387,327.385,10.779,5.12,1.349,2.181,8951.319,376.486,0.782,2175.1,8.1,870,0,0,18.392,28.468,20.497,202,Mackay,Mackay,Pind,1961,Furrow,BareFallow,42,MW_Surf2,130_150,100,3,3,SWD_0_50_200_50_50,P2R,MW_01MayR6V1,MW_T3,1624.6,1181.141,576.857,786.602,17.248,6.469,10.0114211597091,0.119249864109471,15.7665333333333,0.788326666666667,0.435720944628888,18.869,3_3
04/07/2006,2006,185,2005,01-May,6,sugar,alive,0,0,4,365,4.546,2001,4/7/2005,121,0,3,184,2006,11,2619,5570.72,4980.38,6138.09,4242.63,131.364,2404.41,,0,0,0,19.613,125.9,102.324,92.324,5.86,6898.81,6904.671,115079.107,18.62,16.46,1.469,3,300,1145.8,170.542,193.475,939.175,860.044,185.104,1045.148,0.444,6922.192,3.877,6926.07,115364.644,150,256.88,334.119,10.091,2.712,0.547,2.152,10670.21,378.461,0.72,1818.6,6.8,727.5,0,0,18.942,28.254,19.544,83,Mackay,Mackay,Pind,1961,Furrow,BareFallow,42,MW_Surf2,130_150,100,3,3,SWD_0_50_200_50_50,P2R,MW_01MayR6V1,MW_T3,1445.8,1239.175,364.017,549.121,13.35,3.259,10.6009240018561,0.125689376050091,17.5152,0.87576,0.511382746807848,24.044,3_3
04/07/2007,2007,185,2006,01-May,6,sugar,alive,0,0,5,365,4.487,2001,4/7/2006,121,0,3,184,2007,11,2619,5647.79,5065.14,6262.28,4348.75,135.105,2281.52,,0,0,0,17.871,119.1,138.958,128.958,3.877,6922.192,6926.07,115364.644,17.79,15.66,1.478,3,300,2074.8,542.439,789.314,1122.983,824.713,169.515,994.229,1.898,6936.528,2.447,6938.974,115753.611,150,247.344,328.783,15.543,2.066,1.984,3.108,10422.874,380.467,0.759,2035.3,7.6,814.1,0,0,17.874,27.123,19.441,257,Mackay,Mackay,Pind,1961,Furrow,BareFallow,42,MW_Surf2,130_150,100,3,3,SWD_0_50_200_50_50,P2R,MW_01MayR6V1,MW_T3,2374.8,1422.983,1331.753,1501.268,19.593,4.05,9.49449150130395,0.135889216669399,18.014,0.9007,0.546223073937512,22.815,3_3
04/07/2008,2008,186,2007,01-May,6,sugar,alive,0,0,6,366,4.487,2001,4/7/2007,121,0,3,184,2008,11,2619,4295.96,3704.24,4740.38,3312.46,100.389,1519.59,,0,0,0,15.719,87.7,187.776,177.776,2.447,6936.528,6938.974,115753.611,14.01,11.84,1.482,3,300,2267.9,537.158,1353.777,747.043,640.629,166.863,807.492,3.988,6993.774,3.769,6997.543,116651.722,150,202.497,292.402,11.071,0.684,4.398,2.31,9736.662,382.503,0.814,2399.4,8.9,959.8,0,0,17.574,27.289,19.223,532,Mackay,Mackay,Pind,1961,Furrow,BareFallow,42,MW_Surf2,130_150,100,3,3,SWD_0_50_200_50_50,P2R,MW_01MayR6V1,MW_T3,2567.9,1047.043,1890.935,2057.798,16.153,5.082,9.5878583783092,0.12432197470687,13.3852,0.66926,0.495755492673966,15.196,3_3
01/05/2009,2009,121,0,01-May,6,none,out,0,0,-1,0,6,2001,0.000,121,0,3,184,-1,11,2619,0,0,0,0,0,0,,0,0,0,0,0,57.248,47.248,3.769,6993.774,6997.543,116651.722,0,0,1.496,0,0,1817.6,547.808,819.825,738.215,0,360.911,360.911,6.45,6994.807,86.477,7081.284,115688.74,0,0,182.91,48.49,7.583,8.698,7.065,10008.126,384.206,0.002,3.4,0,1.4,0,0,18.877,28.316,19.666,145,Mackay,Mackay,Pind,1961,Furrow,BareFallow,42,MW_Surf2,130_150,100,3,3,SWD_0_50_200_50_50,P2R,MW_01MayR6V1,MW_T3,1817.6,738.215,1367.633,1728.544,64.771,16.281,0,0,0,,,0,3_3
01/09/2010,2010,244,2009,01-May,7,sugar,alive,0,0,0,488,4.695,2009,1/5/2009,121,0,0,181,2010,14,2616,4584.78,4104.44,4747.52,3627.54,110.89,1589.2,,0,0,0,14.728,135.3,146.304,146.304,86.477,6994.807,7081.284,115688.74,19.46,17.7,1.488,3,300,2033.5,424.591,889.816,960.704,669.444,399.439,1068.883,5.511,6822.682,14.748,6837.43,114283.789,130,269.234,336.733,90.695,38.704,7.539,16.364,4312.443,387.003,0.813,2393.2,8.8,957.3,0,0,17.238,27.216,18.55,185,Mackay,Mackay,Pind,1961,Furrow,BareFallow,42,MW_Surf2,130_150,100,3,3,SWD_0_50_200_50_50,P2R,MW_01MayR6V1,MW_T3,2333.5,1260.704,1314.407,1713.846,136.938,46.243,8.79587912785238,0.103743814804801,14.7853333333333,0.853,0.411872200390738,15.892,3_3
01/09/2011,2011,244,2010,01-May,7,sugar,alive,0,0,1,365,4.491,2009,1/9/2010,121,0,0,181,2011,14,2616,4342.89,3928.2,4731.86,3300.23,102.819,2028.93,,0,0,0,21.372,73,96.514,86.514,14.748,6822.682,6837.43,114283.789,12.08,10.56,1.458,3,300,3806,1319.501,2034.326,1092.311,552.277,215.9,768.178,9.522,6857.364,1.68,6859.044,114623.082,150,163.407,256.973,40.782,26.171,4.518,7.437,7357.591,389.138,0.696,1699.4,6.4,679.7,0,0,18.442,26.693,17.368,220,Mackay,Mackay,Pind,1961,Furrow,BareFallow,42,MW_Surf2,130_150,100,3,3,SWD_0_50_200_50_50,P2R,MW_01MayR6V1,MW_T3,4106,1392.311,3353.827,3569.727,71.471,30.689,7.38477251131392,0.133847884214336,13.7092,0.68546,0.629220290440434,20.289,3_3
01/08/2012,2012,214,2011,01-May,7,sugar,alive,0,0,2,335,4.447,2009,1/9/2011,121,0,0,181,2012,14,2616,5059.75,4516.22,5522.73,3858.78,119.401,2171.94,,0,0,0,19.474,86.1,80.51,70.51,1.68,6857.364,6859.044,114623.082,14.31,12.32,1.468,3,300,2416,589.5,1174.745,1059.265,721.204,177.115,898.319,3.95,6877.466,2.425,6879.891,114999.612,150,209.45,273.514,12.556,0.94,4.599,2.433,8002.085,391.122,0.778,2147.1,8,858.8,0,0,18.504,27.486,19.026,239,Mackay,Mackay,Pind,1961,Furrow,BareFallow,42,MW_Surf2,130_150,100,3,3,SWD_0_50_200_50_50,P2R,MW_01MayR6V1,MW_T3,2716,1359.265,1764.245,1941.36,18.095,5.539,8.78423265514819,0.132916035394999,15.9201333333333,0.796006666666667,0.57006922893292,21.719,3_3
01/07/2013,2013,182,2012,01-May,7,sugar,alive,0,0,3,334,4.449,2009,1/8/2012,121,0,0,181,2013,14,2616,5444.82,4831.49,5989.03,4082.91,126.309,2225.64,,0,0,0,18.773,102.8,133.946,123.946,2.425,6877.466,6879.891,114999.612,16.66,14.41,1.471,3,300,1943,434.241,907.037,900.722,785.224,170.728,955.952,2.712,6895.404,3.202,6898.606,115230.132,150,239.769,310.43,5.083,0.175,2.201,1.273,9447.236,393.132,0.745,1952.6,7.3,781.1,0,0,18.581,27.859,20.096,189,Mackay,Mackay,Pind,1961,Furrow,BareFallow,42,MW_Surf2,130_150,100,3,3,SWD_0_50_200_50_50,P2R,MW_01MayR6V1,MW_T3,2243,1200.722,1341.278,1512.006,7.459,2.376,10.5194208151429,0.132129019030244,16.8412,0.84206,0.526794539744504,22.256,3_3
01/07/2014,2014,182,2013,01-May,7,sugar,alive,0,0,4,365,4.533,2009,1/7/2013,121,0,0,181,2014,14,2616,5022.6,4496.94,5620.76,3769.98,116.498,2038.52,,0,0,0,18.623,115.4,79.718,69.718,3.202,6895.404,6898.606,115230.132,17.19,15.27,1.474,3,300,1352.5,314.13,361.857,936.414,740.259,190.473,930.732,0.821,6922.784,3.053,6925.837,115487.935,150,245.324,326.527,2.992,0.212,5.287,0.805,10649.078,395.356,0.695,1695.6,6.3,678.3,0,0,18.823,28.131,19.697,162,Mackay,Mackay,Pind,1961,Furrow,BareFallow,42,MW_Surf2,130_150,100,3,3,SWD_0_50_200_50_50,P2R,MW_01MayR6V1,MW_T3,1652.5,1236.414,675.987,866.46,8.491,5.499,9.42224853487586,0.125168147221757,15.5330666666667,0.776653333333333,0.474874044121244,20.385,3_3
01/07/2015,2015,182,2014,01-May,7,sugar,alive,0,0,5,365,4.522,2009,1/7/2014,121,0,0,181,2015,14,2616,4911.96,4277.13,5372.44,3771.51,115.051,1731.05,,0,0,0,15.607,118.5,125.499,115.499,3.053,6922.784,6925.837,115487.935,17.49,15.17,1.481,3,300,905.5,122.544,167.61,742.58,757.711,190.312,948.023,0.328,6941.311,2.789,6944.099,116007.94,150,243.045,320.857,11.996,0.212,1.725,2.426,9912.336,397.611,0.764,2061.6,7.6,824.6,0,0,18.202,28.185,20.195,127,Mackay,Mackay,Pind,1961,Furrow,BareFallow,42,MW_Surf2,130_150,100,3,3,SWD_0_50_200_50_50,P2R,MW_01MayR6V1,MW_T3,1205.5,1042.58,290.154,480.466,13.933,1.937,11.0352203188245,0.121358869985222,15.3401333333333,0.767006666666667,0.47337324363801,17.311,3_3
01/07/2016,2016,183,2015,01-May,7,sugar,alive,0,0,6,366,4.562,2009,1/7/2015,121,0,0,181,2016,14,2616,6130.72,5384.31,6613.87,4681.78,143.962,2625.88,,0,0,0,19.535,130.7,92.822,82.822,2.789,6941.311,6944.099,116007.94,19.78,17.05,1.484,3,300,1656.5,190.702,610.152,1019.919,912.542,195.212,1107.754,2.101,6939.543,2.297,6941.839,116009.45,150,271.093,340.144,7.069,0.52,1.796,1.401,10295.641,399.898,0.769,2094.3,7.7,837.7,0,0,19.116,28.327,19.488,143,Mackay,Mackay,Pind,1961,Furrow,BareFallow,42,MW_Surf2,130_150,100,3,3,SWD_0_50_200_50_50,P2R,MW_01MayR6V1,MW_T3,1956.5,1319.919,800.854,996.066,9.385,2.316,10.9068814071166,0.12995845648041,19.1949333333333,0.959746666666667,0.531042852452848,26.259,3_3
01/05/2017,2017,121,0,01-May,7,none,out,0,0,-1,0,6,2009,0.000,121,0,0,181,-1,14,2616,0,0,0,0,0,0,,0,0,0,0,0,140.714,130.714,2.297,6939.543,6941.839,116009.45,0,0,1.482,0,0,2278.9,868.286,1143.271,830.272,0,268.548,268.548,2.243,7037.796,54.834,7092.63,116388.957,0,0,129.801,13.89,2.619,2.976,1.961,11178.94,401.829,0.005,7.9,0,3.1,0,0,19.526,28.568,18.475,276,Mackay,Mackay,Pind,1961,Furrow,BareFallow,42,MW_Surf2,130_150,100,3,3,SWD_0_50_200_50_50,P2R,MW_01MayR6V1,MW_T3,2278.9,830.272,2011.557,2280.105,19.485,5.595,0,0,0,,,0,3_3
01/09/2018,2018,244,2017,01-May,8,sugar,alive,0,0,0,488,4.686,2017,1/5/2017,121,0,0,181,2018,14,2616,4745.39,4097.04,4741.07,3829.81,114.344,1855.67,,0,0,0,17.061,165.2,139.51,139.51,54.834,7037.796,7092.63,116388.957,24.81,22.44,1.497,3,300,1340.5,158.246,509.816,840.011,707.699,358.12,1065.82,13.01,6851.371,11.971,6863.342,114682.768,130,341.502,356.363,35.331,4.255,14.277,6.371,4936.729,404.964,0.933,3851.8,14.1,1540.7,0,0,16.933,27.356,17.273,103,Mackay,Mackay,Pind,1961,Furrow,BareFallow,42,MW_Surf2,130_150,100,3,3,SWD_0_50_200_50_50,P2R,MW_01MayR6V1,MW_T3,1640.5,1140.011,668.062,1026.182,53.863,18.532,10.0300786571358,0.107282655607889,15.2458666666667,0.879569230769231,0.334826736007403,18.557,3_3
01/09/2019,2019,244,2018,01-May,8,sugar,alive,0,0,1,365,4.515,2017,1/9/2018,121,0,0,181,2019,14,2616,5246.06,4558.44,5477.56,3956.34,119.826,1870.05,,0,0,0,16.296,116.6,46.129,36.129,11.971,6851.371,6863.342,114682.768,18.65,16.13,1.463,3,300,1681.9,428.321,612.894,949.184,741.768,189.741,931.508,5.816,6879.603,1.326,6880.929,115028.659,150,249.72,315.536,17.896,7.722,3.276,3.433,8620.814,407.354,0.848,2693.2,10,1077.3,0,0,18.586,27.752,17.038,123,Mackay,Mackay,Pind,1961,Furrow,BareFallow,42,MW_Surf2,130_150,100,3,3,SWD_0_50_200_50_50,P2R,MW_01MayR6V1,MW_T3,1981.9,1249.184,1041.215,1230.956,28.894,10.998,9.59234188077977,0.128636576390112,15.9768,0.79884,0.47984142239308,18.7,3_3
01/08/2020,2020,214,2019,01-May,8,sugar,alive,0,0,2,335,4.434,2017,1/9/2019,121,0,0,181,2020,14,2616,4520.05,3961.54,4955.34,3337.98,102.131,1752.68,,0,0,0,18.208,87.1,55.306,45.306,1.326,6879.603,6880.929,115028.659,14.61,12.56,1.474,3,300,1557.6,467.759,566.202,826.195,690.247,118.182,808.429,0.703,6927.905,3.305,6931.21,115540.908,150,206.25,285.752,16.84,3.142,0.662,3.153,9363.446,409.573,0.76,2036.3,7.8,814.5,0,0,18.575,28.466,18.819,167,Mackay,Mackay,Pind,1961,Furrow,BareFallow,42,MW_Surf2,130_150,100,3,3,SWD_0_50_200_50_50,P2R,MW_01MayR6V1,MW_T3,1857.6,1126.195,1033.961,1152.143,20.644,3.804,9.06867815964375,0.126332677328498,13.6174666666667,0.680873333333333,0.495180606060606,17.527,3_3
01/07/2021,2021,182,2020,01-May,8,sugar,alive,0,0,3,334,4.48,2017,1/8/2020,121,0,0,181,2021,14,2616,5163.9,4561.72,5673.96,3839.1,118.207,1915.14,,0,0,0,17.028,130.1,70.516,60.516,3.305,6927.905,6931.21,115540.908,19.68,17.48,1.486,3,300,1257.2,236.488,364.54,869.232,749.937,166.177,916.115,0.888,6912.365,2.274,6914.639,115404.787,150,272.484,338.454,8.022,0.516,4.571,1.688,9711.872,411.819,0.73,1872.7,6.9,749.1,0,0,19.189,28.238,17.316,146,Mackay,Mackay,Pind,1961,Furrow,BareFallow,42,MW_Surf2,130_150,100,3,3,SWD_0_50_200_50_50,P2R,MW_01MayR6V1,MW_T3,1557.2,1169.232,601.028,767.205,13.109,5.087,10.1097985686331,0.129030743956818,15.7609333333333,0.788046666666667,0.433812627530424,19.151,3_3
01/07/2022,2022,182,2021,01-May,8,sugar,alive,0,0,4,365,4.546,2017,1/7/2021,121,0,0,181,2022,14,2616,5392.22,4738.81,5881.78,4064.33,124.696,2260.46,,0,0,0,19.397,123.2,110.573,100.573,2.274,6912.365,6914.639,115404.787,18.59,16.19,1.482,3,300,1205.6,324.299,241.48,924.251,810.614,167.901,978.515,0.433,6917.049,4.671,6921.72,115595.502,150,253.634,345.56,21.806,1.76,0.773,4.234,10496.049,414.302,0.766,2077.5,7.7,831,0,0,18.81,28.279,17.351,124,Mackay,Mackay,Pind,1961,Furrow,BareFallow,42,MW_Surf2,130_150,100,3,3,SWD_0_50_200_50_50,P2R,MW_01MayR6V1,MW_T3,1505.6,1224.251,565.779,733.68,24.339,2.533,10.1854930075614,0.127433917722263,16.6261333333333,0.831306666666667,0.491637556479021,22.605,3_3
01/05/1962,1962,121,0,01-May,0,none,out,0,0,-1,0,6,-1,0.000,121,0,0,181,-1,14,2616,0,0,0,0,0,0,,0,0,0,0,0,0,0,0,0,0,0,0,0,1.327,0,0,911.4,0,588.704,322.696,0,271.415,271.415,27.182,6522.792,124.106,6646.897,109084.151,0,0,114.937,4.9,0,15.895,1.151,1215.107,350,0,0.1,0,0.1,0,0,20.964,29.05,18.897,153.2,Mackay,Mackay,Pind,1962,Furrow,BareFallow,42,MW_Surf2,130_150,100,3,3,SWD_0_50_200_50_50,P2R,MW_01MayR6V1,MW_T3,911.4,322.696,588.704,860.119,20.795,15.895,0,0,0,,,0,3_3
01/09/1963,1963,244,1962,01-May,1,sugar,alive,2,0,0,488,4.649,1962,1/5/1962,121,0,0,181,1963,14,2616,4793.32,4243.65,4902.2,3737.12,114.658,1962.98,,0,0,0,18.158,117,81.081,81.081,124.106,6522.792,6646.897,109084.151,17.54,15.53,1.304,3,300,2809.4,335.924,1770.439,974.65,701.645,401.672,1103.317,39.266,6433.992,17.505,6451.498,108693.945,130,237.606,252.819,69.191,35.522,9.805,12.838,2724.226,350,0.855,2762.5,10.1,1105,0,0,16.523,26.773,18.261,406.4,Mackay,Mackay,Pind,1962,Furrow,BareFallow,42,MW_Surf2,130_150,100,3,3,SWD_0_50_200_50_50,P2R,MW_01MayR6V1,MW_T3,3109.4,1274.65,2106.363,2508.035,114.518,45.327,8.99525359902718,0.103921175872392,15.2877333333333,0.881984615384615,0.48255515433112,19.63,3_3
01/09/1964,1964,245,1963,01-May,1,sugar,alive,0,0,1,366,4.452,1962,1/9/1963,121,0,0,181,1964,14,2616,3785.47,3346.1,4101.65,2849.4,87.106,1582.23,,0,0,0,19.442,51.2,69.042,59.042,17.505,6433.992,6451.498,108693.945,9.03,7.42,1.282,3,300,1009.1,419.919,143.081,758.206,578.286,173.492,751.778,0.191,6537.456,3.13,6540.586,109550.623,150,136.087,215.055,15.544,13.863,1.144,3.163,7413.918,350,0.792,2246.5,8.6,898.6,0,0,17.558,27.368,19.801,68.1,Mackay,Mackay,Pind,1962,Furrow,BareFallow,42,MW_Surf2,130_150,100,3,3,SWD_0_50_200_50_50,P2R,MW_01MayR6V1,MW_T3,1309.1,1058.206,563,736.492,30.551,15.007,8.23147855899513,0.115866652123366,11.6141333333333,0.580706666666667,0.640075833841587,15.822,3_3
01/08/1965,1965,213,1964,01-May,1,sugar,alive,0,0,2,334,4.423,1962,1/9/1964,121,0,0,181,1965,14,2616,4056.23,3494.39,4341.63,3024.89,92.003,1575.11,,0,0,0,18.158,68.1,63.363,53.363,3.13,6537.456,6540.586,109550.623,12.12,10.06,1.307,3,300,1036.2,344.138,194.09,796.56,621.897,190.269,812.166,0.335,6570.061,2.853,6572.914,109991.924,150,179.387,247.503,17.467,2.047,3.974,3.217,7154.028,350,0.808,2360.8,8.7,944.3,0,0,17.96,27.49,19.519,77.2,Mackay,Mackay,Pind,1962,Furrow,BareFallow,42,MW_Surf2,130_150,100,3,3,SWD_0_50_200_50_50,P2R,MW_01MayR6V1,MW_T3,1336.2,1096.56,538.228,728.497,23.488,6.021,8.39014736995696,0.113281028755205,12.2670666666667,0.613353333333333,0.512874400040137,15.751,3_3
01/07/1966,1966,182,1965,01-May,1,sugar,alive,0,0,3,334,4.399,1962,1/8/1965,121,0,0,181,1966,14,2616,4079.9,3511.73,4418.55,2980.29,90.698,1523.55,,0,0,0,17.762,82,49.169,39.169,2.853,6570.061,6572.914,109991.924,14.04,11.95,1.314,3,300,999.6,298.244,173.892,745.642,625.733,189.453,815.186,0.422,6610.662,3.672,6614.334,110409.245,150,197.681,271.885,10.889,1.367,2.096,2.149,7864.398,350,0.727,1852.6,7,741,0,0,17.886,27.613,20.219,80,Mackay,Mackay,Pind,1962,Furrow,BareFallow,42,MW_Surf2,130_150,100,3,3,SWD_0_50_200_50_50,P2R,MW_01MayR6V1,MW_T3,1299.6,1045.642,472.136,661.589,14.352,3.463,8.6739056005784,0.111260497604228,12.0930666666667,0.604653333333333,0.458809900799773,15.236,3_3
01/07/1967,1967,182,1966,01-May,1,sugar,alive,0,0,4,365,4.482,1962,1/7/1966,121,0,0,181,1967,14,2616,4992.37,4435.53,5455.11,3754.94,115.788,2014.38,,0,0,0,18.498,108.7,61.448,51.448,3.672,6610.662,6614.334,110409.245,16.7,14.66,1.324,3,300,1249.2,235.432,260.319,999.426,732.232,219.287,951.519,0.533,6623.993,3.754,6627.747,110648.907,150,232.552,296.115,15.555,1.543,3.501,3.035,8872.074,350,0.738,1910.9,7.1,764.4,0,0,17.61,27.233,19.754,100.3,Mackay,Mackay,Pind,1962,Furrow,BareFallow,42,MW_Surf2,130_150,100,3,3,SWD_0_50_200_50_50,P2R,MW_01MayR6V1,MW_T3,1549.2,1299.426,495.751,715.038,20.599,5.044,8.9107036491497,0.121687533302015,15.4384,0.77192,0.497901544600777,20.144,3_3
01/07/1968,1968,183,1967,01-May,1,sugar,alive,0,0,5,366,4.459,1962,1/7/1967,121,0,0,181,1968,14,2616,5097.02,4515.57,5594.56,3836,118.222,2119.39,,0,0,0,19.151,97.6,163.377,153.377,3.754,6623.993,6627.747,110648.907,15.57,13.44,1.327,3,300,2199.9,660.352,1001.019,968.519,766.436,174.525,940.961,2.621,6658.844,4.802,6663.646,111056.078,150,218.856,295.914,10.637,1.483,2.324,2.258,9412.135,350,0.8,2300.9,8.6,920.4,0,0,17.035,26.925,19.834,213.1,Mackay,Mackay,Pind,1962,Furrow,BareFallow,42,MW_Surf2,130_150,100,3,3,SWD_0_50_200_50_50,P2R,MW_01MayR6V1,MW_T3,2499.9,1268.519,1661.371,1835.896,14.444,3.807,9.31968697354947,0.125639638624768,15.7629333333333,0.788146666666667,0.540181671966955,21.194,3_3
01/07/1969,1969,182,1968,01-May,1,sugar,alive,0,0,6,365,4.476,1962,1/7/1968,121,0,0,181,1969,14,2616,4218.91,3757.44,4759.09,3101.85,95.379,1513.61,,0,0,0,16.619,104.2,60.946,50.946,4.802,6658.844,6663.646,111056.078,15.82,14.13,1.339,3,300,999.4,227.547,166.859,832.231,644.374,191.225,835.599,0.281,6693.329,3.093,6696.422,111359.444,150,222.893,304.126,9.777,0.459,4.21,2.077,9773.296,350,0.698,1712.2,6.4,684.9,0,0,17.828,27.503,19.836,55.6,Mackay,Mackay,Pind,1962,Furrow,BareFallow,42,MW_Surf2,130_150,100,3,3,SWD_0_50_200_50_50,P2R,MW_01MayR6V1,MW_T3,1299.4,1132.231,394.406,585.631,14.446,4.669,8.42398768449195,0.114144464031192,12.7172,0.63586,0.427913842067719,15.136,3_3
01/05/1970,1970,121,0,01-May,1,none,out,0,0,-1,0,6,1962,0.000,121,0,0,181,-1,14,2616,0,0,0,0,0,0,,0,0,0,0,0,130.341,120.341,3.093,6693.329,6696.422,111359.444,0,0,1.351,0,0,1638.8,497.34,795.677,655.273,0,334.506,334.506,1.215,6697.756,95.193,6792.949,110966.658,0,0,181.773,38.43,9.16,3.624,6.564,9557.904,350,0.004,6.1,0,2.4,0,0,18.606,28.158,21.141,411.7,Mackay,Mackay,Pind,1962,Furrow,BareFallow,42,MW_Surf2,130_150,100,3,3,SWD_0_50_200_50_50,P2R,MW_01MayR6V1,MW_T3,1638.8,655.273,1293.017,1627.523,51.214,12.784,0,0,0,,,0,3_3
01/09/1971,1971,244,1970,01-May,2,sugar,alive,0,0,0,488,4.616,1970,1/5/1970,121,0,0,181,1971,14,2616,5094.16,4517.86,5222.28,3967.44,121.541,2031.65,,0,0,0,17.66,135.9,141.618,141.618,95.193,6697.756,6792.949,110966.658,21.06,18.95,1.349,3,300,1752,211.926,803.132,982.044,723.213,374.09,1097.302,20.822,6525.485,29.584,6555.068,109707.676,130,283.628,335.082,78.656,18.455,16.697,14.491,3863.925,350,0.868,2896.6,10.6,1158.7,0,0,16.014,26.487,18.435,129.3,Mackay,Mackay,Pind,1962,Furrow,BareFallow,42,MW_Surf2,130_150,100,3,3,SWD_0_50_200_50_50,P2R,MW_01MayR6V1,MW_T3,2052,1282.044,1015.058,1389.148,113.808,35.152,9.4802518478305,0.110763490816566,16.2054666666667,0.934930769230769,0.428522571819426,20.317,3_3
01/09/1972,1972,245,1971,01-May,2,sugar,alive,0,0,1,366,4.487,1970,1/9/1971,121,0,0,181,1972,14,2616,3794.94,3246.25,3997.59,2907.4,87.487,1481.76,,0,0,0,17.932,73.2,81.259,71.259,29.584,6525.485,6555.068,109707.676,12.07,10.06,1.317,3,300,1981.8,574.262,932.213,859.131,607.486,204.074,811.561,5.363,6611.293,2.806,6614.099,110729.672,150,173.826,249.975,16.189,20.968,5.964,3.069,7774.179,350,0.859,2796.5,10.5,1118.6,0,0,17.436,27.592,19.558,183.4,Mackay,Mackay,Pind,1962,Furrow,BareFallow,42,MW_Surf2,130_150,100,3,3,SWD_0_50_200_50_50,P2R,MW_01MayR6V1,MW_T3,2281.8,1159.131,1506.475,1710.549,43.121,26.932,7.54763697977192,0.107800892354364,11.6649333333333,0.583246666666667,0.50330215272744,14.818,3_3
01/08/1973,1973,213,1972,01-May,2,sugar,alive,0,0,2,334,4.435,1970,1/9/1972,121,0,0,181,1973,14,2616,4328.33,3726.44,4622.38,3119.18,94.377,1492.02,,0,0,0,16.545,88,45.024,35.024,2.806,6611.293,6614.099,110729.672,15.11,12.91,1.339,3,300,1114.1,301.107,289.242,727.09,631.185,175.987,807.172,0.716,6642.798,2.756,6645.555,110848.486,150,210.703,270.319,5.816,0.546,1.037,1.24,7791.343,350,0.752,1994.2,7.5,797.7,0,0,18.999,28.015,19.689,148.3,Mackay,Mackay,Pind,1962,Furrow,BareFallow,42,MW_Surf2,130_150,100,3,3,SWD_0_50_200_50_50,P2R,MW_01MayR6V1,MW_T3,1414.1,1027.09,590.349,766.336,7.399,1.583,9.188776056626,0.116923034991303,12.5836,0.62918,0.447914837472651,14.92,3_3
01/07/1974,1974,182,1973,01-May,2,sugar,alive,0,0,3,334,4.436,1970,1/8/1973,121,0,0,181,1974,14,2616,4155.87,3683.5,4627.51,3017.88,92.891,1515.26,,0,0,0,17.164,90.8,61.603,51.603,2.756,6642.798,6645.555,110848.486,14.62,12.89,1.349,2,200,3137.1,923.012,1654.156,1002.091,570.365,186.048,756.413,6.66,6670.745,5.363,6676.108,111096.225,150,202.842,291.248,20.795,4.258,5.852,3.926,8692.326,350,0.707,1751.5,6.5,700.6,0,0,18.937,27.368,18.153,199.6,Mackay,Mackay,Pind,1962,Furrow,BareFallow,42,MW_Surf2,130_150,100,3,3,SWD_0_50_200_50_50,P2R,MW_01MayR6V1,MW_T3,3337.1,1202.091,2577.168,2763.216,30.905,10.11,7.72745158228454,0.122804605420584,14.2909230769231,0.619273333333333,0.45794756509993,15.153,3_3
01/07/1975,1975,182,1974,01-May,2,sugar,alive,0,0,4,365,4.449,1970,1/7/1974,121,0,0,181,1975,14,2616,4507.71,3971.8,4946.07,3342.94,102.787,1768.06,,0,0,0,18.258,99,65.122,55.122,5.363,6670.745,6676.108,111096.225,15.54,13.58,1.358,3,300,1738.2,545.189,617.417,986.008,673.001,196.391,869.391,1.564,6676.203,4.159,6680.362,111345.953,150,212.313,308.775,33.303,10.353,1.466,6.276,8748.745,350,0.729,1863,7,745.2,0,0,17.373,27.165,19.669,139.4,Mackay,Mackay,Pind,1962,Furrow,BareFallow,42,MW_Surf2,130_150,100,3,3,SWD_0_50_200_50_50,P2R,MW_01MayR6V1,MW_T3,2038.2,1286.008,1162.606,1358.997,45.122,11.819,7.99271855229517,0.118228737127484,13.7049333333333,0.685246666666667,0.484129563427581,17.681,3_3
02/07/1976,1976,184,1975,01-May,2,sugar,alive,0,0,5,367,4.49,1970,1/7/1975,121,0,1,181,1976,13,2616,5274.18,4698.58,5779.08,3948.09,121.969,1955.95,,0,0,0,16.825,115.1,71.324,61.324,4.159,6676.203,6680.362,111345.953,17.77,15.66,1.362,2,200,2321.4,667.595,892.452,1160.007,749.017,187.828,936.845,3.123,6682.4,1.444,6683.844,111547.843,150,245.001,317.816,14.654,1.406,2.704,2.936,9320.953,350,0.766,2075.9,7.7,830.3,0,0,18.27,27.009,18.055,161.4,Mackay,Mackay,Pind,1962,Furrow,BareFallow,42,MW_Surf2,130_150,100,3,3,SWD_0_50_200_50_50,P2R,MW_01MayR6V1,MW_T3,2521.4,1360.007,1560.047,1747.875,18.764,4.11,8.96826266335394,0.13019122693722,18.7644615384615,0.813126666666667,0.497830621099506,19.56,3_3
02/07/1977,1977,183,1976,01-May,2,sugar,alive,0,0,6,365,4.494,1970,2/7/1976,121,0,1,182,1977,13,2617,5019.77,4427.37,5521.13,3769.2,115.777,2022.57,,0,0,0,18.588,101,95.832,85.832,1.444,6682.4,6683.844,111547.843,15.88,13.71,1.364,3,300,1975,576.727,819.937,970.131,742.008,171.837,913.845,2.306,6725.883,4.638,6730.521,112197.054,150,223.117,308.343,3.892,0.235,2.386,0.898,9757.529,350,0.793,2250.9,8.4,900.4,0,0,17.83,27.366,19.19,166.6,Mackay,Mackay,Pind,1962,Furrow,BareFallow,42,MW_Surf2,130_150,100,3,3,SWD_0_50_200_50_50,P2R,MW_01MayR6V1,MW_T3,2275,1270.131,1396.664,1568.501,6.513,2.621,9.11535896690971,0.126692163331856,15.4369333333333,0.771846666666667,0.51890712047939,20.226,3_3
01/05/1978,1978,121,0,01-May,2,none,out,0,0,-1,0,6,1970,0.000,121,0,1,182,-1,13,2617,0,0,0,0,0,0,,0,0,0,0,0,60.324,50.324,4.638,6725.883,6730.521,112197.054,0,0,1.376,0,0,1189.6,356.405,581.924,496.738,0,182.138,182.138,0.212,6841.691,38.21,6879.9,113627.526,0,0,96.682,2.018,0.256,0.48,0.307,8848.978,350,0.012,17.3,0.1,6.9,0,0,18.222,27.934,21.469,300,Mackay,Mackay,Pind,1962,Furrow,BareFallow,42,MW_Surf2,130_150,100,3,3,SWD_0_50_200_50_50,P2R,MW_01MayR6V1,MW_T3,1189.6,496.738,938.329,1120.467,2.754,0.736,0,0,0,,,0,3_3
01/09/1979,1979,244,1978,01-May,3,sugar,alive,0,0,0,488,4.623,1978,1/5/1978,121,0,0,181,1979,14,2616,5991.51,5335.62,6158.94,4741.26,144.549,2323.38,,0,0,0,16.87,164.6,129.458,129.458,38.21,6841.691,6879.9,113627.526,26.03,23.63,1.392,3,300,3088,375.095,1896.47,1109.853,768.897,422.195,1191.091,21.072,6660.593,1.463,6662.056,111526.04,130,355.118,355.857,22.072,1.51,9.809,4.434,5767.877,350,0.902,3321.3,12.2,1328.5,0,0,16.786,25.879,17.613,509.4,Mackay,Mackay,Pind,1962,Furrow,BareFallow,42,MW_Surf2,130_150,100,3,3,SWD_0_50_200_50_50,P2R,MW_01MayR6V1,MW_T3,3388,1409.853,2271.565,2693.76,33.391,11.319,10.2527710335758,0.121358485623685,19.2732,1.11191538461538,0.407044982231258,23.234,3_3
01/09/1980,1980,245,1979,01-May,3,sugar,alive,0,0,1,366,4.482,1978,1/9/1979,121,0,0,181,1980,14,2616,5083.32,4464.54,5446.53,3827.1,116.763,2000.36,,0,0,0,18.172,97.1,54.803,44.803,1.463,6660.593,6662.056,111526.04,15.93,13.67,1.357,3,300,1262.4,208.226,445.25,804.688,735.662,157.953,893.615,0.41,6731.138,3.541,6734.679,112268.971,150,226.125,299.731,7.798,1.009,0.557,1.718,9559.676,350,0.825,2489.9,9.5,996,0,0,18.585,27.588,19.914,215.6,Mackay,Mackay,Pind,1962,Furrow,BareFallow,42,MW_Surf2,130_150,100,3,3,SWD_0_50_200_50_50,P2R,MW_01MayR6V1,MW_T3,1562.4,1104.688,653.476,811.429,9.364,1.566,10.5697717364541,0.130663652691595,15.5684,0.77842,0.516364842454395,20.004,3_3
01/08/1981,1981,213,1980,01-May,3,sugar,alive,0,0,2,334,4.449,1978,1/9/1980,121,0,0,181,1981,14,2616,4573.38,4034.14,5049.68,3408.07,104.773,1806.42,,0,0,0,18.307,100.7,70.112,60.112,3.541,6731.138,6734.679,112268.971,16.02,14.05,1.384,3,300,1560.9,542.201,500.6,892.909,653.255,173.797,827.052,1.398,6762.729,3.374,6766.103,112618.677,150,226.764,308.984,8.186,1.382,2.459,1.608,9403.963,350,0.764,2064.4,7.7,825.8,0,0,18.722,27.658,19.338,101.3,Mackay,Mackay,Pind,1962,Furrow,BareFallow,42,MW_Surf2,130_150,100,3,3,SWD_0_50_200_50_50,P2R,MW_01MayR6V1,MW_T3,1860.9,1192.909,1042.801,1216.598,12.027,3.841,8.78298344634838,0.126682481875384,13.9697333333333,0.698486666666667,0.462035420084317,18.064,3_3
01/07/1982,1982,182,1981,01-May,3,sugar,alive,0,0,3,334,4.429,1978,1/8/1981,121,0,0,181,1982,14,2616,4524.73,3862.41,4908.28,3313.77,100.152,1529.77,,0,0,0,15.888,116.2,61.159,51.159,3.374,6762.729,6766.103,112618.677,18.46,16.04,1.395,3,300,1246.5,369.293,343.535,820.266,664.534,171.103,835.638,0.941,6768.83,4.398,6773.228,112775.707,150,251.075,313.234,6.87,0.606,2.664,1.382,9153.57,350,0.789,2225.5,8.3,890.2,0,0,18.683,27.86,20.315,222,Mackay,Mackay,Pind,1962,Furrow,BareFallow,42,MW_Surf2,130_150,100,3,3,SWD_0_50_200_50_50,P2R,MW_01MayR6V1,MW_T3,1546.5,1120.266,712.828,883.931,10.14,3.27,8.94001960248727,0.119850940239673,13.3536,0.66768,0.398892761127153,15.298,3_3
01/07/1983,1983,182,1982,01-May,3,sugar,alive,0,0,4,365,4.47,1978,1/7/1982,121,0,0,181,1983,14,2616,5298.16,4662.76,5786.56,3964.05,121.874,1943.29,,0,0,0,16.713,131.1,59.193,49.193,4.398,6768.83,6773.228,112775.707,19.82,17.49,1.399,3,300,1425.8,319.138,404.666,970.45,739.575,196.97,936.545,1.117,6778.996,3.165,6782.161,112882.682,150,264.261,337.45,8.882,0.639,1.643,1.861,9931.026,350,0.757,2020.9,7.5,808.3,0,0,18.168,27.059,20.069,156,Mackay,Mackay,Pind,1962,Furrow,BareFallow,42,MW_Surf2,130_150,100,3,3,SWD_0_50_200_50_50,P2R,MW_01MayR6V1,MW_T3,1725.8,1270.45,723.804,920.774,11.164,2.282,9.59297886575623,0.130131493948502,16.2498666666667,0.812493333333333,0.461187992174403,19.433,3_3
01/07/1984,1984,183,1983,01-May,3,sugar,alive,0,0,5,366,4.5,1978,1/7/1983,121,0,0,181,1984,14,2616,4702.97,3979.76,5033.35,3604.14,108.362,1763.44,,0,0,0,17.117,120.6,124.643,114.643,3.165,6778.996,6782.161,112882.682,18.67,16.02,1.404,3,300,627.3,39.978,93.766,586.468,686.884,178.679,865.563,0.197,6803.476,1.637,6805.113,113663.821,150,257.156,331.255,5.305,0.06,0.217,1.387,9960.077,350,0.848,2689.3,10,1075.7,0,0,18.281,27.134,19.319,62,Mackay,Mackay,Pind,1962,Furrow,BareFallow,42,MW_Surf2,130_150,100,3,3,SWD_0_50_200_50_50,P2R,MW_01MayR6V1,MW_T3,927.3,886.468,133.744,312.423,5.582,0.277,12.2240171106007,0.125192504762796,14.4482666666667,0.722413333333333,0.421386240258831,17.634,3_3
01/07/1985,1985,182,1984,01-May,3,sugar,alive,0,0,6,365,4.481,1978,1/7/1984,121,0,0,181,1985,14,2616,5584.96,4960.24,6124.63,4197.78,129.465,2034.11,,0,0,0,16.425,133.2,52.636,42.636,1.637,6803.476,6805.113,113663.821,20.16,17.87,1.413,3,300,1629.8,262.12,615.819,993.635,802.481,198.034,1000.515,2.27,6805.949,3.542,6809.491,113476.836,150,269.717,340.183,9.814,0.301,1.649,2.056,10125.65,350,0.776,2139.7,8,855.9,0,0,18.376,27.292,19.304,365,Mackay,Mackay,Pind,1962,Furrow,BareFallow,42,MW_Surf2,130_150,100,3,3,SWD_0_50_200_50_50,P2R,MW_01MayR6V1,MW_T3,1929.8,1293.635,877.939,1075.973,11.764,1.95,10.0078461080598,0.12939835984468,17.262,0.8631,0.480003114375438,20.341,3_3
07/05/1986,1986,127,0,01-May,3,none,out,0,0,-1,0,6,1978,0.000,127,6,0,187,-1,8,2616,0,0,0,0,0,0,,0,0,0,0,0,103.983,93.983,3.542,6805.949,6809.491,113476.836,0,0,1.415,0,0,1359,649.657,341.387,822.927,0,264.035,264.035,0.381,6880.762,67.191,6947.953,113760.991,0,0,151.88,29.968,2.784,0.655,5.075,10783.668,350,0.006,9,0,3.6,0,0,19.005,27.692,20.402,134,Mackay,Mackay,Pind,1962,Furrow,BareFallow,42,MW_Surf2,130_150,100,3,3,SWD_0_50_200_50_50,P2R,MW_01MayR6V1,MW_T3,1359,822.927,991.044,1255.079,33.407,3.439,0,0,0,,,0,3_3
07/09/1987,1987,250,1986,01-May,4,sugar,alive,0,0,0,488,4.696,1986,7/5/1986,127,6,0,187,1987,8,2616,4064.8,3686.76,4307.78,3133.3,95.197,1269.77,,0,0,0,13.506,131.3,207.903,207.903,67.191,6880.762,6947.953,113760.991,22.67,21.29,1.426,3,300,907.7,133.881,165.708,800.193,559.065,496.959,1056.024,2.975,6694.46,36.635,6731.096,111765.16,130,305.215,356.73,62.867,6.009,4.935,11.782,4932.849,350,0.791,2237.5,8.2,895,0,0,17.781,26.793,19.018,62,Mackay,Mackay,Pind,1962,Furrow,BareFallow,42,MW_Surf2,130_150,100,3,3,SWD_0_50_200_50_50,P2R,MW_01MayR6V1,MW_T3,1207.7,1100.193,299.589,796.548,73.811,10.944,8.6527545621541,0.0901466254554821,12.6929333333333,0.732284615384615,0.311901446521305,12.698,3_3
07/09/1988,1988,251,1987,01-May,4,sugar,alive,0,0,1,366,4.486,1986,7/9/1987,127,6,0,187,1988,8,2616,5563.85,4995.51,5965.02,4157.23,128.734,2265.81,,0,0,0,18.749,98.4,59.99,49.99,36.635,6694.46,6731.096,111765.16,16.66,14.58,1.393,3,300,1821.4,285.204,810.72,987.291,725.262,252.02,977.282,14.034,6713.717,17.569,6731.286,112332.276,150,221.073,311.977,46.754,27.909,2.036,8.734,7431.292,350,0.78,2160.3,8.1,864.1,0,0,18.937,27.305,19.19,293.4,Mackay,Mackay,Pind,1962,Furrow,BareFallow,42,MW_Surf2,130_150,100,3,3,SWD_0_50_200_50_50,P2R,MW_01MayR6V1,MW_T3,2121.4,1287.291,1095.924,1347.944,76.699,29.945,10.0003806443143,0.131726564082834,17.1645333333333,0.858226666666667,0.582314439121919,22.658,3_3
07/08/1989,1989,219,1988,01-May,4,sugar,alive,0,0,2,334,4.439,1986,7/9/1988,127,6,0,187,1989,8,2616,4271.03,3792.33,4767.86,3185.67,98.055,1788.06,,0,0,0,19.529,74.1,108.185,98.185,17.569,6713.717,6731.286,112332.276,12.46,10.7,1.401,0,0,2261.5,787.099,760.828,1232.933,573.044,134.35,707.394,1.617,6786.229,3.462,6789.692,113184.093,150,188.037,275.946,11.442,12.347,1.426,2.357,9226.973,350,0.766,2076.1,7.9,830.4,0,0,18.898,27.115,19.022,197,Mackay,Mackay,Pind,1962,Furrow,BareFallow,42,MW_Surf2,130_150,100,3,3,SWD_0_50_200_50_50,P2R,MW_01MayR6V1,MW_T3,2261.5,1232.933,1547.927,1682.277,25.215,13.773,7.95298690196467,0.138614407246881,21.79,0.6537,0.521466519887044,17.881,3_3
07/07/1990,1990,188,1989,01-May,4,sugar,alive,0,0,3,334,4.432,1986,7/8/1989,127,6,0,187,1990,8,2616,4104.4,3634.4,4615.17,3004.15,92.495,1247.66,,0,0,0,13.691,82.9,114.364,104.364,3.462,6786.229,6789.692,113184.093,13.93,12.21,1.419,3,300,1649.2,616.159,645.254,809.285,558.079,148.441,706.52,1.383,6820.905,4.56,6825.465,113485.365,150,194.791,284.703,16.29,4.75,1.959,3.175,8270.261,350.428,0.741,1929.4,7.3,771.8,0,0,18.782,27.592,20.055,130,Mackay,Mackay,Pind,1962,Furrow,BareFallow,42,MW_Surf2,130_150,100,3,3,SWD_0_50_200_50_50,P2R,MW_01MayR6V1,MW_T3,1949.2,1109.285,1261.413,1409.854,22.999,6.709,8.33825392031804,0.130916322255563,12.3326666666667,0.616633333333333,0.474842266839844,12.477,3_3
07/07/1991,1991,188,1990,01-May,4,sugar,alive,0,0,4,365,4.491,1986,7/7/1990,127,6,0,187,1991,8,2616,4641.34,4028.25,5033.88,3482.13,105.827,1698.5,,0,0,0,16.841,110,95.631,85.631,4.56,6820.905,6825.465,113485.365,16.85,14.6,1.429,3,300,2944.2,496.537,1966.709,732.199,624.081,195.721,819.802,5.76,6842.313,3.646,6845.96,114183.099,150,235.389,299.109,6.861,0.848,4.57,1.496,8662.598,351.964,0.779,2156.6,8,862.6,0,0,18.165,27.095,19.528,298.2,Mackay,Mackay,Pind,1962,Furrow,BareFallow,42,MW_Surf2,130_150,100,3,3,SWD_0_50_200_50_50,P2R,MW_01MayR6V1,MW_T3,3244.2,1032.199,2463.246,2658.967,12.279,5.418,10.2525772646554,0.129088487220085,14.1102666666667,0.705513333333333,0.449583455471581,16.985,3_3
07/07/1992,1992,189,1991,01-May,4,sugar,alive,0,0,5,366,4.496,1986,7/7/1991,127,6,0,187,1992,8,2616,4713.52,4161.19,5195.32,3541.52,108.433,1794.25,,0,0,0,17.453,108.9,56.784,46.784,3.646,6842.313,6845.96,114183.099,16.47,14.44,1.433,3,300,808.5,103.774,126.712,681.453,679.216,198.724,877.941,0.046,6875.784,5.639,6881.423,114409.859,150,228.216,304.164,7.116,0.136,0.587,1.499,9438.861,353.529,0.791,2234,8.4,893.6,0,0,18.271,27.919,20.977,174,Mackay,Mackay,Pind,1962,Furrow,BareFallow,42,MW_Surf2,130_150,100,3,3,SWD_0_50_200_50_50,P2R,MW_01MayR6V1,MW_T3,1108.5,981.453,230.486,429.21,7.839,0.723,11.0482111726186,0.123508299532657,14.4577333333333,0.722886666666667,0.475133207137098,17.942,3_3
07/07/1993,1993,188,1992,01-May,4,sugar,alive,0,0,6,365,4.491,1986,7/7/1992,127,6,0,187,1993,8,2616,6121.88,5471.79,6683.84,4602.93,142.806,2632.05,,0,0,0,19.77,133.9,56.857,46.857,5.639,6875.784,6881.423,114409.859,20.68,18.3,1.443,3,300,1182.2,112.532,343.285,829.072,819.374,194.38,1013.753,0.915,6862.416,3.598,6866.015,114352.2,150,280.395,350.96,5.66,0.285,1.536,1.289,10090.885,355.122,0.77,2102.4,7.8,840.9,0,0,18.593,27.582,20.555,185,Mackay,Mackay,Pind,1962,Furrow,BareFallow,42,MW_Surf2,130_150,100,3,3,SWD_0_50_200_50_50,P2R,MW_01MayR6V1,MW_T3,1482.2,1129.072,455.817,650.197,7.481,1.821,12.6480862159366,0.140868633680985,19.0408,0.95204,0.509302947627454,26.321,3_3
01/05/1994,1994,121,0,01-May,4,none,out,0,0,-1,0,6,1986,0.000,121,0,0,187,-1,8,2616,0,0,0,0,0,0,,0,0,0,0,0,69.487,59.487,3.598,6862.416,6866.015,114352.2,0,0,1.443,0,0,1047.1,513.261,182.269,708.784,0,280.216,280.216,0.187,6963.588,68.2,7031.788,115011.625,0,0,135.716,6.611,1.145,0.357,0.783,11048.961,356.444,0.109,165,0.8,66,0,0,19.737,28.056,20.81,141,Mackay,Mackay,Pind,1962,Furrow,BareFallow,42,MW_Surf2,130_150,100,3,3,SWD_0_50_200_50_50,P2R,MW_01MayR6V1,MW_T3,1047.1,708.784,695.53,975.746,8.113,1.502,0,0,0,,,0,3_3
01/09/1995,1995,244,1994,01-May,5,sugar,alive,0,0,0,488,4.665,1994,1/5/1994,121,0,0,181,1995,14,2616,6188.74,5578.96,6417.52,4908.04,151.458,2617.29,,0,0,0,18.355,198.7,140.842,140.842,68.2,6963.588,7031.788,115011.625,27.46,25.23,1.458,3,300,1183.3,14.588,290.251,969.259,801.917,419.377,1221.294,2.994,6775.057,7.48,6782.537,113232.392,130,377.391,360.671,32.458,0.072,8.003,6.109,5255.087,358.643,0.853,2736.6,10,1094.6,0,0,17.268,26.52,19.269,112.5,Mackay,Mackay,Pind,1962,Furrow,BareFallow,42,MW_Surf2,130_150,100,3,3,SWD_0_50_200_50_50,P2R,MW_01MayR6V1,MW_T3,1483.3,1269.259,304.839,724.216,40.533,8.075,11.9327891312963,0.124014365091452,20.1944,1.16506153846154,0.401329125495839,26.173,3_3
01/09/1996,1996,245,1995,01-May,5,sugar,alive,0,0,1,366,4.514,1994,1/9/1995,121,0,0,181,1996,14,2616,5492.09,4801.42,5821.66,4278.28,130.626,2432.57,,0,0,0,20.006,95.5,98.01,88.01,7.48,6775.057,6782.537,113232.392,15.39,12.86,1.422,3,300,1200.4,190.596,320.363,894.352,831.609,179.32,1010.929,0.562,6839.096,3.784,6842.88,114256.277,150,212.46,298.18,16.053,2.062,0.67,3.241,9443.489,360.326,0.86,2808.2,10.5,1123.3,0,0,18.398,27.805,20.533,106,Mackay,Mackay,Pind,1962,Furrow,BareFallow,42,MW_Surf2,130_150,100,3,3,SWD_0_50_200_50_50,P2R,MW_01MayR6V1,MW_T3,1500.4,1194.352,510.959,690.279,18.785,2.732,10.9369767036853,0.129213822137855,17.4168,0.87084,0.614826320248517,24.326,3_3
01/08/1997,1997,213,1996,01-May,5,sugar,alive,0,0,2,334,4.438,1994,1/9/1996,121,0,0,181,1997,14,2616,4598.52,4122.59,5154.54,3448.02,106.991,1990.4,,0,0,0,19.982,95.8,76.521,66.521,3.784,6839.096,6842.88,114256.277,15.08,13.34,1.444,3,300,1428.6,455.61,455.396,888.198,657.15,172.028,829.178,1.023,6861.577,3.396,6864.973,114486.609,150,218.002,297.707,19.025,3.288,5.23,3.457,9539.781,361.894,0.723,1832.3,6.9,732.9,0,0,18.248,27.518,20.421,203,Mackay,Mackay,Pind,1962,Furrow,BareFallow,42,MW_Surf2,130_150,100,3,3,SWD_0_50_200_50_50,P2R,MW_01MayR6V1,MW_T3,1728.6,1188.198,911.006,1083.034,27.543,8.518,9.00447568502893,0.129032608197516,14.2654666666667,0.713273333333333,0.490779901101825,19.904,3_3
03/07/1998,1998,184,1997,01-May,5,sugar,alive,0,0,3,336,4.481,1994,1/8/1997,121,0,2,181,1998,12,2616,5639.62,4990.38,6180.49,4267.19,131.679,2240.9,,0,0,0,18.032,122,64.937,54.937,3.396,6861.577,6864.973,114486.609,18.66,16.28,1.45,3,300,1251.8,247.569,276.243,920.777,818.4,180.008,998.408,0.652,6861.237,1.99,6863.227,114526.307,150,259.052,325.688,9.334,0.298,0.679,2.029,9548.646,363.497,0.781,2167.8,8,867.1,0,0,18.963,28.236,20.115,110,Mackay,Mackay,Pind,1962,Furrow,BareFallow,42,MW_Surf2,130_150,100,3,3,SWD_0_50_200_50_50,P2R,MW_01MayR6V1,MW_T3,1551.8,1220.777,523.812,703.82,10.311,0.977,10.7864908988292,0.131888967235839,17.5572,0.87786,0.508311072680388,22.409,3_3
03/07/1999,1999,184,1998,01-May,5,sugar,alive,0,0,4,365,4.526,1994,3/7/1998,121,0,2,183,1999,12,2618,4414.32,3894.79,4940.43,3327.08,102.335,1935.14,,0,0,0,20.359,90.3,94.517,84.517,1.99,6861.237,6863.227,114526.307,13.83,11.93,1.45,1,100,2295.2,869.869,800.962,1169.178,598.733,153.394,752.128,1.687,6900.72,4.711,6905.431,114969.917,150,196.038,300.153,28.904,10.672,2.811,5.434,10286.407,365.263,0.726,1847.7,6.9,739.1,0,0,19.143,27.14,18.143,166,Mackay,Mackay,Pind,1962,Furrow,BareFallow,42,MW_Surf2,130_150,100,3,3,SWD_0_50_200_50_50,P2R,MW_01MayR6V1,MW_T3,2395.2,1269.178,1670.831,1824.225,42.387,13.483,8.06309280494934,0.136060617341729,18.6063636363636,0.682233333333333,0.522016139728012,19.351,3_3
03/07/2000,2000,185,1999,01-May,5,sugar,alive,0,0,5,366,4.472,1994,3/7/1999,121,0,2,183,2000,12,2618,5778.37,5134.17,6314.14,4378.98,135.131,2195.52,,0,0,0,17.084,120.8,66.759,56.759,4.711,6900.72,6905.431,114969.917,18.81,16.45,1.461,3,300,2220.8,598.941,935.836,1064.131,767.476,172.777,940.253,2.688,6891.034,2.871,6893.905,114911.338,150,258.708,319.101,11.237,0.605,5.275,2.321,9673.201,367.058,0.802,2316.6,8.6,926.6,0,0,18.099,26.712,18.391,187,Mackay,Mackay,Pind,1962,Furrow,BareFallow,42,MW_Surf2,130_150,100,3,3,SWD_0_50_200_50_50,P2R,MW_01MayR6V1,MW_T3,2520.8,1364.131,1534.777,1707.554,17.117,5.88,9.90601342539683,0.143717701512253,18.0174666666667,0.900873333333333,0.522330194659616,21.955,3_3
03/07/2001,2001,184,2000,01-May,5,sugar,alive,0,0,6,365,4.491,1994,3/7/2000,121,0,2,183,2001,12,2618,5729.48,5109.28,6330.17,4303.65,133.221,2543.82,,0,0,0,20.587,122.5,112.529,102.529,2.871,6891.034,6893.905,114911.338,18.93,16.66,1.459,3,300,1676.7,424.414,578.628,998.483,820.193,167.138,987.331,0.791,6910.327,1.998,6912.325,115247.61,150,264.142,340.09,3.815,0.133,1.006,1.041,10937.657,368.883,0.752,1994.7,7.4,797.9,0,0,17.863,27.31,19.402,235,Mackay,Mackay,Pind,1962,Furrow,BareFallow,42,MW_Surf2,130_150,100,3,3,SWD_0_50_200_50_50,P2R,MW_01MayR6V1,MW_T3,1976.7,1298.483,1003.042,1170.18,4.954,1.139,10.2597415599588,0.13493043366409,17.7628,0.88814,0.504353718833052,25.438,3_3
01/05/2002,2002,121,0,01-May,5,none,out,0,0,-1,0,6,1994,0.000,121,0,2,183,-1,12,2618,0,0,0,0,0,0,,0,0,0,0,0,98.856,88.856,1.998,6910.327,6912.325,115247.61,0,0,1.467,0,0,739,295.12,110.607,541.441,0,288.699,288.699,0.182,6967.919,103.907,7071.826,115262.69,0,0,176.297,10.314,0.659,0.877,1.485,11375.333,370.416,0.007,9.9,0,4,0,0,18.963,29.396,21.983,143,Mackay,Mackay,Pind,1962,Furrow,BareFallow,42,MW_Surf2,130_150,100,3,3,SWD_0_50_200_50_50,P2R,MW_01MayR6V1,MW_T3,739,541.441,405.727,694.426,11.85,1.536,0,0,0,,,0,3_3
01/09/2003,2003,244,2002,01-May,6,sugar,alive,2,0,0,488,4.666,2002,1/5/2002,121,0,0,181,2003,14,2616,3082.92,2785.03,3272.71,2408.46,73.196,869.11,,0,0,0,11.705,105.7,143.43,143.43,103.907,6967.919,7071.826,115262.69,17.13,16.04,1.473,3,300,1230.8,217.518,580.928,630.968,453.533,469.357,922.889,10.361,6802.161,81.831,6883.992,113479.662,130,230.449,325.087,76.47,13.434,23.318,14.092,4103.675,372.928,0.729,1866.2,6.8,746.5,0,0,16.761,26.984,19.45,135,Mackay,Mackay,Pind,1962,Furrow,BareFallow,42,MW_Surf2,130_150,100,3,3,SWD_0_50_200_50_50,P2R,MW_01MayR6V1,MW_T3,1530.8,930.968,798.446,1267.803,113.222,36.752,7.86235402290949,0.0793118132299767,9.75946666666667,0.563046153846154,0.31762342210207,8.691,3_3
01/09/2004,2004,245,2003,01-May,6,sugar,alive,0,0,1,366,4.492,2002,1/9/2003,121,0,0,181,2004,14,2616,3761.57,3049.17,3727.33,2872.77,83.091,1338.31,,0,0,0,16.911,112.7,48.685,38.685,81.831,6802.161,6883.992,113479.662,20.31,17.7,1.447,3,300,772,51.726,166.882,632.384,613.666,241.477,855.143,2.763,6790.918,44.803,6835.72,113990.639,150,270.729,294.825,30.946,5.931,0.62,6.027,5768.603,374.847,0.949,4240,15.6,1696,0,0,17.98,28.54,20.364,59,Mackay,Mackay,Pind,1962,Furrow,BareFallow,42,MW_Surf2,130_150,100,3,3,SWD_0_50_200_50_50,P2R,MW_01MayR6V1,MW_T3,1072,932.384,218.608,460.085,37.497,6.551,8.911671585956,0.0971662049505171,11.0788,0.55394,0.306915771860421,13.383,3_3
01/08/2005,2005,213,2004,01-May,6,sugar,alive,0,0,2,334,4.433,2002,1/9/2004,121,0,0,181,2005,14,2616,4636.99,4102.83,5012.72,3423.26,105.456,1800.86,,0,0,0,18.104,102.7,46.934,36.934,44.803,6790.918,6835.72,113990.639,16.47,14.51,1.444,3,300,1348.6,226.335,486.115,832.687,670.46,241.989,912.448,6.177,6828.369,19.194,6847.562,114117.318,150,216.938,308.474,40.021,26.437,1.641,7.576,8152.722,376.633,0.729,1863.7,7,745.5,0,0,18.71,28.326,20.113,202,Mackay,Mackay,Pind,1962,Furrow,BareFallow,42,MW_Surf2,130_150,100,3,3,SWD_0_50_200_50_50,P2R,MW_01MayR6V1,MW_T3,1648.6,1132.687,712.45,954.439,68.099,28.078,9.31025075771153,0.115574805358771,14.0608,0.70304,0.486111239155888,18.009,3_3
02/07/2006,2006,183,2005,01-May,6,sugar,alive,0,0,3,335,4.499,2002,1/8/2005,121,0,1,181,2006,13,2616,5206.94,4610.38,5692.14,3908.35,120.401,2141.58,,0,0,0,18.978,101.6,70.637,60.637,19.194,6828.369,6847.562,114117.318,16.05,13.87,1.453,3,300,1114.8,131.376,218.064,911.017,806.077,179.653,985.73,0.442,6864.447,8.381,6872.827,114523.549,150,228.243,298.168,7.38,8.078,0.459,1.595,9142.978,378.45,0.723,1832.2,6.8,732.9,0,0,19.467,28.694,19.918,83,Mackay,Mackay,Pind,1962,Furrow,BareFallow,42,MW_Surf2,130_150,100,3,3,SWD_0_50_200_50_50,P2R,MW_01MayR6V1,MW_T3,1414.8,1211.017,349.44,529.093,15.917,8.537,9.94213954056797,0.12214399480588,16.0534666666667,0.802673333333333,0.527512344299716,21.416,3_3
02/07/2007,2007,183,2006,01-May,6,sugar,alive,0,0,4,365,4.488,2002,2/7/2006,121,0,1,182,2007,13,2617,5406.08,4839.55,5975.49,4156.05,128.994,2204.97,,0,0,0,18.125,112.8,150.267,140.267,8.381,6864.447,6872.827,114523.549,16.87,14.79,1.463,3,300,2074.8,558.124,794.424,1111.1,790.329,174.035,964.364,1.92,6881.478,2.249,6883.727,114879.27,150,239.746,319.702,15.407,5.957,1.886,3.098,10082.103,380.456,0.746,1956.1,7.3,782.5,0,0,17.901,27.131,19.436,257,Mackay,Mackay,Pind,1962,Furrow,BareFallow,42,MW_Surf2,130_150,100,3,3,SWD_0_50_200_50_50,P2R,MW_01MayR6V1,MW_T3,2374.8,1411.1,1352.548,1526.583,23.25,7.843,9.1413790659769,0.133760696168667,17.1992,0.85996,0.53804443035546,22.05,3_3
02/07/2008,2008,184,2007,01-May,6,sugar,alive,0,0,5,366,4.486,2002,2/7/2007,121,0,1,182,2008,13,2617,4329.26,3734.79,4751.61,3332.73,101.037,1540.41,,0,0,0,15.853,86,208.156,198.156,2.249,6881.478,6883.727,114879.27,13.85,11.68,1.467,3,300,2267.9,544.585,1358.279,751.111,644.479,170.127,814.607,4.061,6935.448,3.691,6939.14,115747.275,150,200.786,286.859,10.653,0.679,4.282,2.232,9393.555,382.492,0.813,2394.4,8.9,957.7,0,0,17.557,27.286,19.226,532,Mackay,Mackay,Pind,1962,Furrow,BareFallow,42,MW_Surf2,130_150,100,3,3,SWD_0_50_200_50_50,P2R,MW_01MayR6V1,MW_T3,2567.9,1051.111,1902.864,2072.991,15.614,4.961,9.61240059327702,0.124031588238255,13.4716,0.67358,0.503207394937894,15.404,3_3
02/07/2009,2009,183,2008,01-May,6,sugar,alive,0,0,6,365,4.486,2002,2/7/2008,121,0,1,182,2009,13,2617,5165.66,4458.97,5554.8,3844.54,116.396,1693.87,,0,0,0,15,128.4,58.585,48.585,3.691,6935.448,6939.14,115747.275,19.85,17.27,1.479,3,300,1875.6,384.178,810.153,928.517,787.371,190.378,977.75,3.047,6918.754,4.091,6922.845,115559.896,150,274.79,333.837,8.697,0.156,2.667,1.947,9651.874,384.559,0.807,2347.8,8.7,939.1,0,0,17.998,27.708,18.873,145,Mackay,Mackay,Pind,1962,Furrow,BareFallow,42,MW_Surf2,130_150,100,3,3,SWD_0_50_200_50_50,P2R,MW_01MayR6V1,MW_T3,2175.6,1228.517,1194.331,1384.709,11.52,2.823,9.47451276620511,0.119044745589363,15.5194666666667,0.775973333333333,0.423581644164635,16.939,3_3
01/05/2010,2010,121,0,01-May,6,none,out,0,0,-1,0,6,2002,0.000,121,0,1,182,-1,13,2617,0,0,0,0,0,0,,0,0,0,0,0,62.104,52.104,4.091,6918.754,6922.845,115559.896,0,0,1.474,0,0,1815,720.991,840.258,572.785,0,166.828,166.828,0.253,7075.336,16.477,7091.812,117529.18,0,0,73.999,2.205,0.479,0.736,0.284,8640.833,386.299,0.01,13.7,0.1,5.5,0,0,19.046,28.889,20.529,185,Mackay,Mackay,Pind,1962,Furrow,BareFallow,42,MW_Surf2,130_150,100,3,3,SWD_0_50_200_50_50,P2R,MW_01MayR6V1,MW_T3,1815,572.785,1561.249,1728.077,3.42,1.215,0,0,0,,,0,3_3
01/09/2011,2011,244,2010,01-May,7,sugar,alive,0,0,0,488,4.657,2010,1/5/2010,121,0,0,181,2011,14,2616,5744.36,5107.47,5845.06,4559.43,141.584,2426.63,,0,0,0,18.181,129.6,149.027,149.027,16.477,7075.336,7091.812,117529.18,19.3,16.96,1.497,3,300,3966.5,588.46,2624.712,1119.588,700.998,425.908,1126.905,70.078,6804.118,7.902,6812.02,114147.038,130,255.905,418.067,92.668,41.801,47.908,17.094,5849.681,389.138,0.82,2448.6,9,979.4,0,0,17.431,26.085,16.88,220,Mackay,Mackay,Pind,1962,Furrow,BareFallow,42,MW_Surf2,130_150,100,3,3,SWD_0_50_200_50_50,P2R,MW_01MayR6V1,MW_T3,4266.5,1419.588,3213.172,3639.08,182.377,89.709,9.97359797349653,0.125639694561653,18.8778666666667,1.08910769230769,0.553267814227936,24.266,3_3
01/09/2012,2012,245,2011,01-May,7,sugar,alive,0,0,1,366,4.491,2010,1/9/2011,121,0,0,181,2012,14,2616,4814.37,4327.98,5234.86,3747.62,115.98,2250.4,,0,0,0,20.966,77,75.45,65.45,7.902,6804.118,6812.02,114147.038,12.35,10.57,1.448,3,300,2425,676.751,1190.412,1008.91,694.296,172.69,866.985,3.244,6867.325,1.964,6869.289,114717.004,150,187.149,261.909,12.386,5.723,3.792,2.398,8738.468,391.303,0.788,2213.2,8.3,885.3,0,0,17.913,27.15,19.041,239,Mackay,Mackay,Pind,1962,Furrow,BareFallow,42,MW_Surf2,130_150,100,3,3,SWD_0_50_200_50_50,P2R,MW_01MayR6V1,MW_T3,2725,1308.91,1867.163,2039.853,21.901,9.515,8.86080784775118,0.133773940725618,15.464,0.7732,0.619720116057259,22.504,3_3
01/08/2013,2013,213,2012,01-May,7,sugar,alive,0,0,2,334,4.425,2010,1/9/2012,121,0,0,181,2013,14,2616,5067.14,4481.45,5539.83,3780.32,116.554,1968.22,,0,0,0,17.871,97.4,66.303,56.303,1.964,6867.325,6869.289,114717.004,16.1,13.96,1.466,3,300,1959.5,493.701,883.31,905.522,717.151,164.447,881.598,2.358,6875.514,2.612,6878.126,114894.891,150,233.081,297.424,6.454,0.912,2.117,1.31,8675.366,393.316,0.766,2074.8,7.7,829.9,0,0,18.918,27.845,19.668,189,Mackay,Mackay,Pind,1962,Furrow,BareFallow,42,MW_Surf2,130_150,100,3,3,SWD_0_50_200_50_50,P2R,MW_01MayR6V1,MW_T3,2259.5,1205.522,1377.011,1541.458,9.483,3.029,9.66834284235377,0.132207650198843,15.5405333333333,0.777026666666667,0.500057919778961,19.682,3_3
01/07/2014,2014,182,2013,01-May,7,sugar,alive,0,0,3,334,4.479,2010,1/8/2013,121,0,0,181,2014,14,2616,5120.43,4578.3,5713.72,3803.58,117.927,2021.03,,0,0,0,18.18,113.9,67.194,57.194,2.612,6875.514,6878.126,114894.891,17.62,15.64,1.469,3,300,1327,309.399,347.751,887.387,737.836,183.968,921.804,0.986,6894.586,3.207,6897.793,114970.823,150,247.338,327.672,5.193,0.332,1.763,1.164,9991.518,395.356,0.686,1656,6.2,662.4,0,0,19.163,28.573,20.171,162,Mackay,Mackay,Pind,1962,Furrow,BareFallow,42,MW_Surf2,130_150,100,3,3,SWD_0_50_200_50_50,P2R,MW_01MayR6V1,MW_T3,1627,1187.387,657.15,841.118,7.288,2.095,9.93163981077779,0.12793066638895,15.7236,0.78618,0.476784804599374,20.21,3_3
01/07/2015,2015,182,2014,01-May,7,sugar,alive,0,0,4,365,4.522,2010,1/7/2014,121,0,0,181,2015,14,2616,4870.64,4242.56,5336.41,3744.19,114.256,1742.75,,0,0,0,15.861,117.7,115.24,105.24,3.207,6894.586,6897.793,114970.823,17.31,15.01,1.475,3,300,905.5,119.797,165.687,742.096,751.623,190.849,942.472,0.337,6920.134,2.595,6922.729,115638.492,150,242.713,320.939,11.212,0.196,1.551,2.313,10016.131,397.611,0.758,2026.7,7.5,810.7,0,0,18.202,28.185,20.195,127,Mackay,Mackay,Pind,1962,Furrow,BareFallow,42,MW_Surf2,130_150,100,3,3,SWD_0_50_200_50_50,P2R,MW_01MayR6V1,MW_T3,1205.5,1042.096,285.484,476.333,12.959,1.747,10.9640570542445,0.121230126730555,15.2341333333333,0.761706666666667,0.470745283524162,17.427,3_3
01/07/2016,2016,183,2015,01-May,7,sugar,alive,0,0,5,366,4.562,2010,1/7/2015,121,0,0,181,2016,14,2616,6145.59,5396.1,6627.15,4692.67,144.276,2628.97,,0,0,0,19.513,129.9,92.784,82.784,2.595,6920.134,6922.729,115638.492,19.71,16.97,1.48,3,300,1656.5,188.666,609.543,1020.279,914.404,195.87,1110.274,2.103,6917.981,2.213,6920.195,115661.234,150,270.082,338.353,7.393,0.432,1.804,1.448,10207.927,399.898,0.771,2103.6,7.8,841.5,0,0,19.116,28.327,19.488,143,Mackay,Mackay,Pind,1962,Furrow,BareFallow,42,MW_Surf2,130_150,100,3,3,SWD_0_50_200_50_50,P2R,MW_01MayR6V1,MW_T3,1956.5,1320.279,798.209,994.079,9.629,2.236,10.9276902836446,0.129946301543583,19.2368,0.96184,0.534193319066062,26.29,3_3
01/07/2017,2017,182,2016,01-May,7,sugar,alive,0,0,6,365,4.534,2010,1/7/2016,121,0,0,181,2017,14,2616,5215.04,4672.27,5838.01,3949.45,122.869,2253.26,,0,0,0,19.657,117.4,140.802,130.802,2.213,6917.981,6920.195,115661.234,17.61,15.62,1.477,3,300,2440.8,645.982,1210.208,1095.95,797.745,156.249,953.994,3.362,6927.52,5.805,6933.325,115579.834,150,244.21,352.365,22.493,2.743,2.622,4.441,11280.515,402.218,0.727,1853.9,6.9,741.5,0,0,18.71,27.886,17.426,276,Mackay,Mackay,Pind,1962,Furrow,BareFallow,42,MW_Surf2,130_150,100,3,3,SWD_0_50_200_50_50,P2R,MW_01MayR6V1,MW_T3,2740.8,1395.95,1856.19,2012.439,27.858,5.365,8.8018195494108,0.128794311075332,16.3825333333333,0.819126666666667,0.503128455018222,22.533,3_3
01/05/2018,2018,121,0,01-May,7,none,out,0,0,-1,0,6,2010,0.000,121,0,0,181,-1,14,2616,0,0,0,0,0,0,,0,0,0,0,0,71.418,61.418,5.805,6927.52,6933.325,115579.834,0,0,1.483,0,0,1142,606.68,242.032,657.78,0,219.409,219.409,0.282,7041.337,38.405,7079.742,116471.246,0,0,102.043,13.81,1.863,0.587,1.697,9580.685,404.175,0.007,10.4,0,4.2,0,0,19.138,28.982,19.025,103,Mackay,Mackay,Pind,1962,Furrow,BareFallow,42,MW_Surf2,130_150,100,3,3,SWD_0_50_200_50_50,P2R,MW_01MayR6V1,MW_T3,1142,657.78,848.712,1068.121,16.26,2.45,0,0,0,,,0,3_3
01/09/2019,2019,244,2018,01-May,8,sugar,alive,0,0,0,488,4.676,2018,1/5/2018,121,0,0,181,2019,14,2616,6114.78,5469.23,6284.86,4815.33,148.411,2363.13,,0,0,0,16.685,177.6,145.297,145.297,38.405,7041.337,7079.742,116471.246,25,22.63,1.499,3,300,1718.5,230.185,724.361,987.789,823.828,330.719,1154.548,10.359,6831.092,12.582,6843.674,114420.323,130,343.294,378.263,44.337,7.861,7.399,8.021,5351.759,407.354,0.832,2544.4,9.3,1017.8,0,0,17.081,26.999,16.641,123,Mackay,Mackay,Pind,1962,Furrow,BareFallow,42,MW_Surf2,130_150,100,3,3,SWD_0_50_200_50_50,P2R,MW_01MayR6V1,MW_T3,2018.5,1287.789,954.546,1285.265,59.597,15.26,11.5244811067652,0.128544677224334,19.7881333333333,1.14162307692308,0.432314575844611,23.631,3_3
01/09/2020,2020,245,2019,01-May,8,sugar,alive,0,0,1,366,4.484,2018,1/9/2019,121,0,0,181,2020,14,2616,4834.05,4239.22,5185.1,3665.16,111.817,1983.95,,0,0,0,18.924,77.3,54.704,44.704,12.582,6831.092,6843.674,114420.323,13.39,11.22,1.463,3,300,1581.2,464.732,559.338,854.885,739.847,115.706,855.554,0.381,6901.173,3.3,6904.474,115332.532,150,187.947,266.846,21.453,11.229,0.514,4.099,9187.239,409.776,0.812,2389.5,9.1,955.8,0,0,18.066,28.148,18.704,167,Mackay,Mackay,Pind,1962,Furrow,BareFallow,42,MW_Surf2,130_150,100,3,3,SWD_0_50_200_50_50,P2R,MW_01MayR6V1,MW_T3,1881.2,1154.885,1024.07,1139.776,33.196,11.743,9.68208955870065,0.130695432433254,14.9089333333333,0.745446666666667,0.594938998760289,19.84,3_3
01/08/2021,2021,213,2020,01-May,8,sugar,alive,0,0,2,334,4.457,2018,1/9/2020,121,0,0,181,2021,14,2616,4566.8,4019.93,5020.22,3355.85,103.045,1686.04,,0,0,0,17.225,112,56.281,46.281,3.3,6901.173,6904.474,115332.532,17.66,15.65,1.481,3,300,1238,286.901,430.315,744.233,648.984,167.5,816.484,0.561,6899.111,3.737,6902.848,115202.667,150,249.175,331.56,8.966,1.43,4.226,1.786,9408.004,412.025,0.728,1862.2,6.9,744.9,0,0,19.188,28.213,17.006,146,Mackay,Mackay,Pind,1962,Furrow,BareFallow,42,MW_Surf2,130_150,100,3,3,SWD_0_50_200_50_50,P2R,MW_01MayR6V1,MW_T3,1538,1044.233,717.216,884.716,14.622,5.656,9.86800838510179,0.126205779905056,13.7393333333333,0.686966666666667,0.413544697501756,16.86,3_3
01/07/2022,2022,182,2021,01-May,8,sugar,alive,0,0,3,334,4.486,2018,1/8/2021,121,0,0,181,2022,14,2616,4980.54,4331.91,5422.4,3697.18,112.91,1888.35,,0,0,0,17.671,123.3,60.581,50.581,3.737,6899.111,6902.848,115202.667,18.97,16.59,1.481,3,300,1201.2,256.031,324.064,920.72,736.867,173.008,909.876,0.438,6899.786,4.565,6904.351,115268.753,150,256.93,327.861,5.521,0.924,10,1.165,9529.567,414.302,0.76,2039.6,7.6,815.8,0,0,19.39,28.636,17.651,124,Mackay,Mackay,Pind,1962,Furrow,BareFallow,42,MW_Surf2,130_150,100,3,3,SWD_0_50_200_50_50,P2R,MW_01MayR6V1,MW_T3,1501.2,1220.72,580.095,753.103,16.445,10.924,9.24945933547415,0.124093832566196,15.0546666666667,0.752733333333333,0.439458218191725,18.883,3_3
01/05/1963,1963,121,0,01-May,0,none,out,0,0,-1,0,6,-1,0.000,121,0,0,181,-1,14,2616,0,0,0,0,0,0,,0,0,0,0,0,0,0,0,0,0,0,0,0,1.327,0,0,2171,20.658,1729.2,429.621,0,314.763,314.763,80.75,6521.931,95.275,6617.206,109040.489,0,0,119.754,17.887,2.139,30.457,3.441,1258.73,350,0,0.1,0,0,0,0,21.644,29.097,16.612,406.4,Mackay,Mackay,Pind,1963,Furrow,BareFallow,42,MW_Surf2,130_150,100,3,3,SWD_0_50_200_50_50,P2R,MW_01MayR6V1,MW_T3,2171,429.621,1749.858,2064.621,50.483,32.596,0,0,0,,,0,3_3
01/09/1964,1964,245,1963,01-May,1,sugar,alive,0,0,0,489,4.633,1963,1/5/1963,121,0,0,181,1964,14,2616,5574.05,4982.05,5739.09,4423.42,136.151,2158.14,,0,0,0,16.597,132.9,136.179,136.179,95.275,6521.931,6617.206,109040.489,20.05,17.88,1.304,3,300,1147.7,84.155,250.44,979.978,767.464,422.021,1189.484,4.473,6452.574,19.335,6471.909,108962.715,130,273.807,240.028,23.243,7.892,5.158,4.582,3174.875,350,0.844,2652.5,9.7,1061,0,0,16.257,26.553,18.974,68.1,Mackay,Mackay,Pind,1963,Furrow,BareFallow,42,MW_Surf2,130_150,100,3,3,SWD_0_50_200_50_50,P2R,MW_01MayR6V1,MW_T3,1447.7,1279.978,334.595,756.616,36.293,13.05,10.6369796980886,0.114462237407145,18.1534666666667,1.04731538461538,0.497251713798405,21.581,3_3
01/09/1965,1965,244,1964,01-May,1,sugar,alive,0,0,1,365,4.474,1963,1/9/1964,121,0,0,181,1965,14,2616,3709.02,3282.31,4053.28,2818.63,86.389,1643.29,,0,0,0,20.497,53.6,59.801,49.801,19.335,6452.574,6471.909,108962.715,9.24,7.67,1.284,3,300,1059.9,390.523,207.34,817.878,584.345,167.225,751.57,0.356,6554.346,3.469,6557.814,109867.129,150,142.418,217.462,18.029,15.129,4.278,3.39,7797.656,350,0.811,2382.6,9.2,953,0,0,17.564,27.205,19.391,77.2,Mackay,Mackay,Pind,1963,Furrow,BareFallow,42,MW_Surf2,130_150,100,3,3,SWD_0_50_200_50_50,P2R,MW_01MayR6V1,MW_T3,1359.9,1117.878,597.863,765.088,37.436,19.407,7.72794526773047,0.114944715728409,11.5185333333333,0.575926666666667,0.606587650437445,16.433,3_3
01/08/1966,1966,213,1965,01-May,1,sugar,alive,0,0,2,334,4.414,1963,1/9/1965,121,0,0,181,1966,14,2616,3862.22,3300.63,4135.25,2853.32,86.018,1481.64,,0,0,0,18.287,64.5,70.268,60.268,3.469,6554.346,6557.814,109867.129,11.63,9.57,1.309,3,300,1003.1,374.595,167.724,750.856,593.394,177.773,771.168,0.19,6595.923,4.208,6600.131,110374.711,150,171.249,241.302,19.343,4.335,0.69,3.642,7139.379,350,0.795,2265.6,8.4,906.3,0,0,17.555,27.484,20.033,80,Mackay,Mackay,Pind,1963,Furrow,BareFallow,42,MW_Surf2,130_150,100,3,3,SWD_0_50_200_50_50,P2R,MW_01MayR6V1,MW_T3,1303.1,1050.856,542.319,720.092,24.368,5.025,8.18551733063331,0.111542491389684,11.4690666666667,0.573453333333333,0.502297823636926,14.816,3_3
01/07/1967,1967,182,1966,01-May,1,sugar,alive,0,0,3,334,4.438,1963,1/8/1966,121,0,0,181,1967,14,2616,5203.09,4561.52,5612.94,3862.86,118.569,2037.6,,0,0,0,18.237,98.3,59.881,49.881,4.208,6595.923,6600.131,110374.711,16.53,14.18,1.318,3,300,1222,200.033,256.053,979.698,778.682,185.874,964.556,0.594,6612.794,2.266,6615.06,110624.941,150,232.342,289.23,7.823,0.88,0.417,1.67,8314.878,350,0.768,2086.9,7.8,834.7,0,0,18.342,27.65,20.101,100.3,Mackay,Mackay,Pind,1963,Furrow,BareFallow,42,MW_Surf2,130_150,100,3,3,SWD_0_50_200_50_50,P2R,MW_01MayR6V1,MW_T3,1522,1279.698,456.086,641.96,9.12,1.297,9.26538917775913,0.122925988745081,15.8092,0.79046,0.510320992330272,20.376,3_3
01/07/1968,1968,183,1967,01-May,1,sugar,alive,0,0,4,366,4.459,1963,1/7/1967,121,0,0,181,1968,14,2616,4702.8,4181.05,5220.32,3529.11,108.909,1994.91,,0,0,0,19.63,94.7,161.24,151.24,2.266,6612.794,6615.06,110624.941,14.86,12.95,1.322,3,300,2199.9,672.24,1034.525,918.115,713.287,180.39,893.678,2.874,6660.644,5.32,6665.964,111056.669,150,213.484,299.263,9.566,0.502,2.636,2.073,9804.178,350,0.771,2106.5,7.9,842.6,0,0,17.035,26.925,19.834,213.1,Mackay,Mackay,Pind,1963,Furrow,BareFallow,42,MW_Surf2,130_150,100,3,3,SWD_0_50_200_50_50,P2R,MW_01MayR6V1,MW_T3,2499.9,1218.115,1706.765,1887.155,12.704,3.138,8.94078145331106,0.121866041236329,14.5212,0.72606,0.510150643607952,19.949,3_3
01/07/1969,1969,182,1968,01-May,1,sugar,alive,0,0,5,365,4.476,1963,1/7/1968,121,0,0,181,1969,14,2616,4307.42,3836.4,4835.41,3151.38,96.867,1523.64,,0,0,0,16.447,107.5,60.697,50.697,5.32,6660.644,6665.964,111056.669,16.42,14.7,1.337,3,300,999.4,212.526,166.624,836.163,652.213,202.748,854.962,0.298,6685.115,3.133,6688.248,111238.332,150,227.573,303.49,10.383,0.409,4.1,2.164,9395.422,350,0.703,1731.9,6.5,692.8,0,0,17.828,27.503,19.836,55.6,Mackay,Mackay,Pind,1963,Furrow,BareFallow,42,MW_Surf2,130_150,100,3,3,SWD_0_50_200_50_50,P2R,MW_01MayR6V1,MW_T3,1299.4,1136.163,379.15,581.898,14.892,4.509,8.52580131548026,0.113299772387545,12.9156,0.64578,0.42565242801211,15.236,3_3
01/07/1970,1970,182,1969,01-May,1,sugar,alive,0,0,6,365,4.493,1963,1/7/1969,121,0,0,181,1970,14,2616,4831.35,4131.45,5161.03,3674.85,111.112,1693.06,,0,0,0,15.842,115.3,125.985,115.985,3.133,6685.115,6688.248,111238.332,17.93,15.36,1.346,3,300,1657.1,291.19,780.828,795.467,761.658,191.111,952.769,2.441,6697.832,1.755,6699.587,111804.292,150,244.677,307.876,11.388,0.879,1.796,2.341,9033.468,350,0.825,2493,9.3,997.2,0,0,17.69,27.53,20.173,411.7,Mackay,Mackay,Pind,1963,Furrow,BareFallow,42,MW_Surf2,130_150,100,3,3,SWD_0_50_200_50_50,P2R,MW_01MayR6V1,MW_T3,1957.1,1095.467,1072.018,1263.129,14.063,2.675,10.1428888318863,0.116620083147122,14.8149333333333,0.740746666666667,0.454117060451125,16.931,3_3
01/05/1971,1971,121,0,01-May,1,none,out,0,0,-1,0,6,1963,0.000,121,0,0,181,-1,14,2616,0,0,0,0,0,0,,0,0,0,0,0,58.299,48.299,1.755,6697.832,6699.587,111804.292,0,0,1.352,0,0,1594,601.746,531.231,792.537,0,365,365,1.241,6772.336,62.547,6834.883,112001.558,0,0,138.324,20.226,2.525,2.26,2.362,9550.53,350,0.003,4.4,0,1.8,0,0,18.253,27.921,19.876,129.3,Mackay,Mackay,Pind,1963,Furrow,BareFallow,42,MW_Surf2,130_150,100,3,3,SWD_0_50_200_50_50,P2R,MW_01MayR6V1,MW_T3,1594,792.537,1132.977,1497.977,25.011,4.785,0,0,0,,,0,3_3
01/09/1972,1972,245,1971,01-May,2,sugar,alive,0,0,0,489,4.626,1971,1/5/1971,121,0,0,181,1972,14,2616,5052.61,4375.59,5067.03,3984.6,119.882,1958.5,,0,0,0,17.194,145.9,154.322,154.322,62.547,6772.336,6834.883,112001.558,23.02,20.54,1.358,3,300,2121.5,356.87,1012.205,1039.131,763.164,398.387,1161.552,15.173,6575.235,11.267,6586.502,110385.147,130,313.51,364.036,72.006,18.396,8.303,13.247,4619.409,350,0.922,3635.5,13.3,1454.2,0,0,16.046,26.683,18.765,183.4,Mackay,Mackay,Pind,1963,Furrow,BareFallow,42,MW_Surf2,130_150,100,3,3,SWD_0_50_200_50_50,P2R,MW_01MayR6V1,MW_T3,2421.5,1339.131,1369.075,1767.462,98.705,26.699,8.95222349419138,0.103208465914569,15.9842666666667,0.922169230769231,0.382386526745558,19.585,3_3
01/09/1973,1973,244,1972,01-May,2,sugar,alive,0,0,1,365,4.494,1971,1/9/1972,121,0,0,181,1973,14,2616,4177.3,3569.51,4375.33,3125.88,93.948,1533.39,,0,0,0,17.176,89.8,45.196,35.196,11.267,6575.235,6586.502,110385.147,14.61,12.38,1.322,3,300,1121.2,297.843,293.421,723.678,621.318,205.399,826.717,1.405,6657.215,2.29,6659.505,111150.389,150,202.829,280.646,7.022,7.068,1.441,1.458,8364.298,350,0.804,2331.4,8.7,932.6,0,0,18.541,27.739,19.67,148.3,Mackay,Mackay,Pind,1963,Furrow,BareFallow,42,MW_Surf2,130_150,100,3,3,SWD_0_50_200_50_50,P2R,MW_01MayR6V1,MW_T3,1421.2,1023.678,591.264,796.663,15.531,8.509,9.1774952670664,0.1136398549927,12.5264,0.62632,0.463188202870398,15.334,3_3
01/08/1974,1974,213,1973,01-May,2,sugar,alive,0,0,2,334,4.42,1971,1/9/1973,121,0,0,181,1974,14,2616,3912.67,3471.86,4335.55,2840.6,87.462,1518.29,,0,0,0,18.452,80.6,48.415,38.415,2.29,6657.215,6659.505,111150.389,13.47,11.85,1.349,3,300,3130,988.535,1716.444,947.641,535.331,183.344,718.675,3.188,6679.415,5.652,6685.066,111250.819,150,185.33,269.038,27.893,8.861,6.291,5.087,7949.518,350,0.742,1936.4,7.3,774.6,0,0,18.561,27.209,17.938,199.6,Mackay,Mackay,Pind,1963,Furrow,BareFallow,42,MW_Surf2,130_150,100,3,3,SWD_0_50_200_50_50,P2R,MW_01MayR6V1,MW_T3,3430,1247.641,2704.979,2888.323,43.045,15.152,7.01018962986949,0.121698959891467,11.6616,0.58308,0.471925754060325,15.183,3_3
01/07/1975,1975,182,1974,01-May,2,sugar,alive,0,0,3,334,4.411,1971,1/8/1974,121,0,0,181,1975,14,2616,4788.62,4145.16,5156.85,3497.79,106.753,1720.44,,0,0,0,16.923,100.2,54.761,44.761,5.652,6679.415,6685.066,111250.819,16.92,14.56,1.357,3,300,1738.2,465.068,661.893,959.011,714.856,180.102,894.959,2.018,6684.267,3.148,6687.415,111518.819,150,230.954,308.613,19.293,1.923,2.427,3.744,8254.391,350,0.765,2066.9,7.7,826.7,0,0,18.099,27.548,19.903,139.4,Mackay,Mackay,Pind,1963,Furrow,BareFallow,42,MW_Surf2,130_150,100,3,3,SWD_0_50_200_50_50,P2R,MW_01MayR6V1,MW_T3,2038.2,1259.011,1126.961,1307.063,23.643,4.35,8.47911575037867,0.119282559312773,14.2337333333333,0.711686666666667,0.462226244187154,17.204,3_3
02/07/1976,1976,184,1975,01-May,2,sugar,alive,0,0,4,367,4.49,1971,1/7/1975,121,0,1,181,1976,13,2616,5058.77,4519.17,5585.46,3780.22,116.965,1923.74,,0,0,0,17.33,115.6,71.042,61.042,3.148,6684.267,6687.415,111518.819,17.61,15.64,1.361,2,200,2321.4,684.602,905.641,1135.481,718.103,188.279,906.382,3.47,6705.769,1.546,6707.315,111851.562,150,243.979,322.718,12.794,0.748,2.91,2.625,9771.196,350,0.742,1936.8,7.2,774.7,0,0,18.27,27.009,18.055,161.4,Mackay,Mackay,Pind,1963,Furrow,BareFallow,42,MW_Surf2,130_150,100,3,3,SWD_0_50_200_50_50,P2R,MW_01MayR6V1,MW_T3,2521.4,1335.481,1590.243,1778.522,16.452,3.658,8.75826762043039,0.129046031364259,17.9946153846154,0.779766666666667,0.479406014452064,19.237,3_3
02/07/1977,1977,183,1976,01-May,2,sugar,alive,0,0,5,365,4.494,1971,2/7/1976,121,0,1,182,1977,13,2617,5184.48,4560.32,5670.32,3892.4,119.402,2023.75,,0,0,0,17.947,105.7,95.817,85.817,1.546,6705.769,6707.315,111851.562,16.68,14.39,1.368,3,300,1975,565.108,805.243,999.679,766.118,174.027,940.144,2.349,6738.113,4.383,6742.496,112402.462,150,231.575,313.048,5.079,0.307,2.446,1.061,9648.416,350,0.805,2335.3,8.7,934.1,0,0,17.83,27.366,19.19,166.6,Mackay,Mackay,Pind,1963,Furrow,BareFallow,42,MW_Surf2,130_150,100,3,3,SWD_0_50_200_50_50,P2R,MW_01MayR6V1,MW_T3,2275,1299.679,1370.351,1544.378,7.832,2.753,9.18703772239145,0.127003948331319,15.9202666666667,0.796013333333333,0.51560833423297,20.238,3_3
02/07/1978,1978,183,1977,01-May,2,sugar,alive,0,0,6,365,4.474,1971,2/7/1977,121,0,1,182,1978,13,2617,4720.09,4140.45,5205.94,3560.51,109.064,1845.95,,0,0,0,17.918,107.8,60.321,50.321,4.383,6738.113,6742.496,112402.462,16.63,14.51,1.377,3,300,1314.6,184.704,549.649,756.469,698.745,174.756,873.501,1.367,6777.704,3.663,6781.367,112929.706,150,232.748,310.06,2.602,0.18,2.531,0.761,9940.717,350,0.77,2102.6,7.9,841,0,0,17.551,27.283,20.267,300,Mackay,Mackay,Pind,1963,Furrow,BareFallow,42,MW_Surf2,130_150,100,3,3,SWD_0_50_200_50_50,P2R,MW_01MayR6V1,MW_T3,1614.6,1056.469,734.353,909.109,5.313,2.711,10.3234453637542,0.124858471827737,14.5418666666667,0.727093333333333,0.468592640967914,18.46,3_3
03/05/1979,1979,123,0,01-May,2,none,out,0,0,-1,0,6,1971,0.000,123,2,1,184,-1,11,2617,0,0,0,0,0,0,,0,0,0,0,0,67.068,57.068,3.663,6777.704,6781.367,112929.706,0,0,1.389,0,0,2776.4,757.376,1645.036,774.281,0,285.114,285.114,4.367,6845.253,64.584,6909.837,113043.939,0,0,129.653,17.683,3.835,5.637,2.065,9632.961,350,0.004,6.2,0,2.5,0,0,18.709,27.217,18.918,509.4,Mackay,Mackay,Pind,1963,Furrow,BareFallow,42,MW_Surf2,130_150,100,3,3,SWD_0_50_200_50_50,P2R,MW_01MayR6V1,MW_T3,2776.4,774.281,2402.412,2687.526,27.155,9.472,0,0,0,,,0,3_3
03/09/1980,1980,247,1979,01-May,3,sugar,alive,0,0,0,489,4.666,1979,3/5/1979,123,2,0,183,1980,12,2616,5608.9,5045.57,5821.58,4370.6,134.238,2098.88,,0,0,0,16.332,169.9,155.942,155.942,64.584,6845.253,6909.837,113043.939,25.49,23.42,1.397,3,300,1449,65.103,580.805,930.225,767.549,424.002,1191.551,9.616,6648.592,20.827,6669.419,111270.033,130,348.053,367.794,47.225,1.211,10.641,8.933,5090.06,350,0.823,2477.6,9.1,991,0,0,17.234,26.55,18.948,215.6,Mackay,Mackay,Pind,1963,Furrow,BareFallow,42,MW_Surf2,130_150,100,3,3,SWD_0_50_200_50_50,P2R,MW_01MayR6V1,MW_T3,1749,1230.225,645.908,1069.91,59.077,11.852,10.9116625007621,0.112658207663793,17.8984,1.0326,0.385682640287542,20.989,3_3
03/09/1981,1981,246,1980,01-May,3,sugar,alive,0,0,1,365,4.492,1979,3/9/1980,123,2,0,183,1981,12,2616,4700.61,4079.5,4975.54,3602.9,109.546,1838.7,,0,0,0,17.745,97.7,67.484,57.484,20.827,6648.592,6669.419,111270.033,15.66,13.38,1.362,3,300,1573.3,447.96,547.198,906.991,686.428,203.735,890.163,3.641,6715.868,1.934,6717.802,112257.272,150,213.832,295.376,15.509,12.216,2.381,2.986,8595.01,350,0.852,2732.8,10.2,1093.1,0,0,18.207,27.39,19.375,101.3,Mackay,Mackay,Pind,1963,Furrow,BareFallow,42,MW_Surf2,130_150,100,3,3,SWD_0_50_200_50_50,P2R,MW_01MayR6V1,MW_T3,1873.3,1206.991,995.158,1198.893,30.106,14.597,9.07595831286232,0.123062854780529,14.6061333333333,0.730306666666667,0.512299375210446,18.387,3_3
03/08/1982,1982,215,1981,01-May,3,sugar,alive,0,0,2,334,4.403,1979,3/9/1981,123,2,0,183,1982,12,2616,3993.26,3397.48,4298.95,2960.39,89.486,1381.15,,0,0,0,16.084,92.3,55.463,45.463,1.934,6715.868,6717.802,112257.272,15.4,13.21,1.383,3,300,1240.3,379.972,390.79,773.678,596.517,178.716,775.233,1.599,6738.307,5.265,6743.572,112526.658,150,212.905,304.262,17.12,5.408,1.103,3.266,8450.107,350,0.818,2431.2,9.1,972.5,0,0,18.364,27.572,20.022,222,Mackay,Mackay,Pind,1963,Furrow,BareFallow,42,MW_Surf2,130_150,100,3,3,SWD_0_50_200_50_50,P2R,MW_01MayR6V1,MW_T3,1540.3,1073.678,770.762,949.478,23.631,6.511,8.33452860168505,0.115431102649139,11.9314666666667,0.596573333333333,0.420309527723633,13.812,3_3
03/07/1983,1983,184,1982,01-May,3,sugar,alive,0,0,3,334,4.431,1979,3/8/1982,123,2,0,183,1983,12,2616,5012.52,4388.18,5454.61,3692.26,113.156,1724.71,,0,0,0,15.848,113.8,49.769,39.769,5.265,6738.307,6743.572,112526.658,18.13,15.85,1.39,3,300,1419.6,351.964,407.201,960.001,715.39,179.274,894.664,1.062,6753.555,3.328,6756.883,112537.887,150,244.912,304.269,8.409,1.564,1.649,1.754,8786.182,350,0.755,2009.7,7.6,803.9,0,0,18.995,27.583,20.36,156,Mackay,Mackay,Pind,1963,Furrow,BareFallow,42,MW_Surf2,130_150,100,3,3,SWD_0_50_200_50_50,P2R,MW_01MayR6V1,MW_T3,1719.6,1260.001,759.165,938.439,11.622,3.213,8.98062779315255,0.126478767447891,15.0874666666667,0.754373333333333,0.462027177108512,17.247,3_3
03/07/1984,1984,185,1983,01-May,3,sugar,alive,0,0,4,366,4.496,1979,3/7/1983,123,2,0,183,1984,12,2616,4583.77,3872.61,4887.65,3507.33,105.336,1741.6,,0,0,0,17.437,112.7,115.54,105.54,3.328,6753.555,6756.883,112537.887,17.73,15.13,1.396,3,300,627.3,38.393,98.84,584.278,671.781,182.354,854.135,0.205,6783.344,1.438,6784.782,113402.139,150,247.691,321.278,6.767,0.058,0.224,1.653,9606.725,350,0.851,2719.5,10.1,1087.8,0,0,18.248,27.1,19.324,62,Mackay,Mackay,Pind,1963,Furrow,BareFallow,42,MW_Surf2,130_150,100,3,3,SWD_0_50_200_50_50,P2R,MW_01MayR6V1,MW_T3,927.3,884.278,137.233,319.587,7.049,0.282,11.9120909940087,0.1233247671621,14.0448,0.70224,0.425271810441235,17.416,3_3
03/07/1985,1985,184,1984,01-May,3,sugar,alive,0,0,5,365,4.483,1979,3/7/1984,123,2,0,183,1985,12,2616,5583.59,4966.79,6113.58,4201.69,129.687,2074.81,,0,0,0,16.778,128.2,51.471,41.471,1.438,6783.344,6784.782,113402.139,19.55,17.29,1.405,3,300,1629.8,262.988,618.143,992.438,800.452,199.798,1000.251,2.299,6788.861,3.495,6792.355,113245.796,150,263.547,333.508,9.676,0.282,1.632,2.027,9917.985,350,0.777,2143.6,8,857.4,0,0,18.416,27.301,19.286,365,Mackay,Mackay,Pind,1963,Furrow,BareFallow,42,MW_Surf2,130_150,100,3,3,SWD_0_50_200_50_50,P2R,MW_01MayR6V1,MW_T3,1929.8,1292.438,881.131,1080.929,11.59,1.914,10.0342917803407,0.12965445673136,17.2916,0.86458,0.492083006067229,20.748,3_3
03/07/1986,1986,184,1985,01-May,3,sugar,alive,0,0,6,365,4.498,1979,3/7/1985,123,2,0,183,1986,12,2616,5488.78,4880.44,6059.58,4101.03,126.481,2292.31,,0,0,0,19.392,122.7,99.889,89.889,3.495,6788.861,6792.355,113245.796,18.84,16.61,1.408,3,300,1424.2,396.417,409.891,931.85,766.273,171.802,938.075,0.593,6810.056,2.909,6812.965,113629.401,150,260.221,338.177,4.663,0.225,0.683,1.273,10677.887,350,0.757,2020.4,7.5,808.1,0,0,18.342,27.147,19.588,134,Mackay,Mackay,Pind,1963,Furrow,BareFallow,42,MW_Surf2,130_150,100,3,3,SWD_0_50_200_50_50,P2R,MW_01MayR6V1,MW_T3,1724.2,1231.85,806.308,978.11,5.571,0.908,10.2675650444453,0.134830370705967,16.8641333333333,0.843206666666667,0.486052240211205,22.923,3_3
02/05/1987,1987,122,0,01-May,3,none,out,0,0,-1,0,6,1979,0.000,122,1,0,182,-1,13,2616,0,0,0,0,0,0,,0,0,0,0,0,79.706,69.706,2.909,6810.056,6812.965,113629.401,0,0,1.415,0,0,641.7,251.529,41.731,539.204,0,246.732,246.732,0.916,6893.851,65.861,6959.712,113895.31,0,0,143.974,20.608,0.595,0.504,3.466,10737.813,350,0.133,203.3,0.9,81.3,0,0,19.863,28.674,20.989,55,Mackay,Mackay,Pind,1963,Furrow,BareFallow,42,MW_Surf2,130_150,100,3,3,SWD_0_50_200_50_50,P2R,MW_01MayR6V1,MW_T3,641.7,539.204,293.26,539.992,21.707,1.099,0,0,0,,,0,3_3
02/09/1988,1988,246,1987,01-May,4,sugar,alive,0,0,0,489,4.682,1987,2/5/1987,122,1,0,182,1988,13,2616,5699.35,5251.58,6062.82,4374.12,135.467,2082.08,,0,0,0,16.005,149.7,181.415,181.415,65.861,6893.851,6959.712,113895.31,24.54,22.9,1.429,3,300,2021,268.785,927.596,1085.905,750.294,437.217,1187.51,9.302,6685.076,24.894,6709.97,111880.539,130,332.146,380.021,60.05,16.07,8.636,11.337,5392.078,350,0.804,2325.6,8.5,930.3,0,0,17.736,26.361,18.386,293.4,Mackay,Mackay,Pind,1963,Furrow,BareFallow,42,MW_Surf2,130_150,100,3,3,SWD_0_50_200_50_50,P2R,MW_01MayR6V1,MW_T3,2321,1385.905,1196.381,1633.598,84.756,24.706,9.77462380177574,0.11407651303989,18.0622666666667,1.04205384615385,0.407853775147074,20.821,3_3
02/09/1989,1989,245,1988,01-May,4,sugar,alive,0,0,1,365,4.491,1987,2/9/1988,122,1,0,182,1989,13,2616,5504.05,4954.04,5973.83,4230.47,131.08,2357.32,,0,0,0,19.22,97.4,118.524,108.524,24.894,6685.076,6709.97,111880.539,15.72,13.7,1.39,3,300,2262.7,764.435,939.211,1159.174,733.331,185.17,918.501,4.472,6756.708,3.111,6759.819,112955.38,150,221.706,300.662,11.885,17.775,2.544,2.398,9018.493,350,0.835,2578.1,9.6,1031.3,0,0,18.368,26.772,19.022,197,Mackay,Mackay,Pind,1963,Furrow,BareFallow,42,MW_Surf2,130_150,100,3,3,SWD_0_50_200_50_50,P2R,MW_01MayR6V1,MW_T3,2562.7,1459.174,1703.646,1888.816,32.204,20.319,8.98316444783145,0.142710786379111,17.4773333333333,0.873866666666667,0.591233435270133,23.573,3_3
02/08/1990,1990,214,1989,01-May,4,sugar,alive,0,0,2,334,4.412,1987,2/9/1989,122,1,0,182,1990,13,2616,4019.64,3597.27,4574.45,2980.6,92.331,1487.57,,0,0,0,16.917,74.9,59.077,49.077,3.111,6756.708,6759.819,112955.38,12.41,10.86,1.411,3,300,1659.2,639.139,626.697,821.453,540.125,147.735,687.861,1.364,6821.652,3.792,6825.444,113514.42,150,182.193,273.851,10.928,4.431,1.362,2.2,9033.004,350.534,0.732,1880.1,7.2,752,0,0,18.872,27.551,19.816,130,Mackay,Mackay,Pind,1963,Furrow,BareFallow,42,MW_Surf2,130_150,100,3,3,SWD_0_50_200_50_50,P2R,MW_01MayR6V1,MW_T3,1959.2,1121.453,1265.836,1413.571,16.721,5.793,8.23315823311365,0.134229153855212,12.3108,0.61554,0.506775781725972,14.876,3_3
02/07/1991,1991,183,1990,01-May,4,sugar,alive,0,0,3,334,4.432,1987,2/8/1990,122,1,0,182,1991,13,2616,4450.18,3815.85,4834.44,3255.49,98.351,1620.31,,0,0,0,17.364,100.8,64.58,54.58,3.792,6821.652,6825.444,113514.42,16.28,13.96,1.429,3,300,2931.2,501.051,1956.799,721.522,605.087,176.313,781.4,5.023,6834.399,4.198,6838.597,113950.031,150,227.646,290.435,10.567,1.27,4.42,2.178,8341.285,351.943,0.777,2143.9,8,857.6,0,0,18.614,27.53,19.9,298.2,Mackay,Mackay,Pind,1963,Furrow,BareFallow,42,MW_Surf2,130_150,100,3,3,SWD_0_50_200_50_50,P2R,MW_01MayR6V1,MW_T3,3231.2,1021.522,2457.85,2634.163,16.257,5.69,9.6278885819395,0.125865113898132,13.1134666666667,0.655673333333333,0.432034826001775,16.203,3_3
02/07/1992,1992,184,1991,01-May,4,sugar,alive,0,0,4,366,4.498,1987,2/7/1991,122,1,0,182,1992,13,2616,4783.1,4241.15,5289.86,3604.7,110.691,1827.98,,0,0,0,17.413,111.9,56.53,46.53,4.198,6834.399,6838.597,113950.031,16.68,14.7,1.431,3,300,809.1,104.432,101.926,712.017,697.847,203.818,901.665,0.059,6869.188,5.937,6875.124,114328.128,150,231.191,307.267,6.758,0.152,0.894,1.502,9471.473,353.507,0.778,2153,8.1,861.2,0,0,18.272,27.899,20.983,174,Mackay,Mackay,Pind,1963,Furrow,BareFallow,42,MW_Surf2,130_150,100,3,3,SWD_0_50_200_50_50,P2R,MW_01MayR6V1,MW_T3,1109.1,1012.017,206.358,410.176,7.804,1.046,10.9376621143716,0.122762888655986,14.7588,0.73794,0.478785938899006,18.28,3_3
02/07/1993,1993,183,1992,01-May,4,sugar,alive,0,0,5,365,4.491,1987,2/7/1992,122,1,0,182,1993,13,2616,5992.49,5356.51,6559.25,4515,140.141,2590.06,,0,0,0,19.833,130.6,57.607,47.607,5.937,6869.188,6875.124,114328.128,20.1,17.77,1.44,3,300,1184.6,124.815,340.784,833.857,803.813,192.952,996.765,0.825,6863.21,3.697,6866.907,114318.052,150,272.562,341.782,5.248,0.334,1.167,1.205,10006.995,355.1,0.761,2042.1,7.6,816.8,0,0,18.593,27.605,20.538,185,Mackay,Mackay,Pind,1963,Furrow,BareFallow,42,MW_Surf2,130_150,100,3,3,SWD_0_50_200_50_50,P2R,MW_01MayR6V1,MW_T3,1484.6,1133.857,465.599,658.551,6.749,1.501,12.3596714576882,0.140595827501969,18.6854666666667,0.934273333333333,0.514161915454099,25.901,3_3
02/07/1994,1994,183,1993,01-May,4,sugar,alive,0,0,6,365,4.514,1987,2/7/1993,122,1,0,182,1994,13,2616,5475.81,4895.88,6081.99,4214.25,130.708,2438.27,,0,0,0,20.045,117.6,79.843,69.843,3.697,6863.21,6866.907,114318.052,17.42,15.29,1.442,3,300,1130.5,283.06,243.201,890.469,767.856,154.592,922.448,0.333,6882.619,5.802,6888.421,114741.674,150,245.777,332.019,16.592,2.218,4.67,3.278,11109.937,356.72,0.761,2044.1,7.6,817.6,0,0,18.772,27.29,19.737,141,Mackay,Mackay,Pind,1963,Furrow,BareFallow,42,MW_Surf2,130_150,100,3,3,SWD_0_50_200_50_50,P2R,MW_01MayR6V1,MW_T3,1430.5,1190.469,526.261,680.853,23.48,6.888,10.9795383164114,0.141696876138276,17.4277333333333,0.871386666666667,0.531815426179016,24.383,3_3
02/05/1995,1995,122,0,01-May,4,none,out,0,0,-1,0,6,1987,0.000,122,1,0,182,-1,13,2616,0,0,0,0,0,0,,0,0,0,0,0,61.634,51.634,5.802,6882.619,6888.421,114741.674,0,0,1.45,0,0,855,337.974,152.094,623.768,0,260.927,260.927,0.214,6944.809,85.52,7030.328,114940.362,0,0,159.365,15.209,1.67,0.983,1.833,10414.461,358.093,0.008,11.1,0,4.5,0,0,18.913,28.213,21.739,112.5,Mackay,Mackay,Pind,1963,Furrow,BareFallow,42,MW_Surf2,130_150,100,3,3,SWD_0_50_200_50_50,P2R,MW_01MayR6V1,MW_T3,855,623.768,490.068,750.995,17.862,2.653,0,0,0,,,0,3_3
02/09/1996,1996,246,1995,01-May,5,sugar,alive,0,0,0,489,4.684,1995,2/5/1995,122,1,0,182,1996,13,2616,5991.58,5371.76,6170.68,4774.67,147,2461.68,,0,0,0,17.698,174.2,165.639,165.639,85.52,6944.809,7030.328,114940.362,25.33,23.06,1.451,3,300,1445.3,132.674,416.494,1096.63,796.642,490.703,1287.345,6.889,6750.351,27.48,6777.831,113185.722,130,346.534,366.511,59.168,2.903,12.489,11.266,5219.408,360.331,0.845,2660.7,9.7,1064.3,0,0,17.443,26.746,19.237,106,Mackay,Mackay,Pind,1963,Furrow,BareFallow,42,MW_Surf2,130_150,100,3,3,SWD_0_50_200_50_50,P2R,MW_01MayR6V1,MW_T3,1745.3,1396.63,549.168,1039.871,74.56,15.392,10.525335987341,0.114188504247113,19.6,1.13076923076923,0.424200799921508,24.617,3_3
03/09/1997,1997,246,1996,01-May,5,sugar,alive,0,0,1,366,4.485,1995,2/9/1996,122,1,1,182,1997,12,2616,5155.74,4639.9,5606.67,3948.78,122.134,2351.97,,0,0,0,20.787,86.5,74.427,64.427,27.48,6750.351,6777.831,113185.722,13.95,12.06,1.415,3,300,1495.6,402.28,463.63,981.438,750.838,172.441,923.278,0.957,6817.417,3.487,6820.904,114005.179,150,196.481,266.985,26.841,18.225,5.149,5.102,9078.565,362.048,0.781,2172,8.2,868.8,0,0,17.731,27.17,20.17,203,Mackay,Mackay,Pind,1963,Furrow,BareFallow,42,MW_Surf2,130_150,100,3,3,SWD_0_50_200_50_50,P2R,MW_01MayR6V1,MW_T3,1795.6,1281.438,865.91,1038.351,50.215,23.374,9.53101125454372,0.132283017682648,16.2845333333333,0.814226666666667,0.621607178302228,23.52,3_3
03/08/1998,1998,215,1997,01-May,5,sugar,alive,0,0,2,334,4.483,1995,3/9/1997,122,1,1,183,1998,12,2617,5112.79,4539.89,5620.03,3842.03,118.422,2245.84,,0,0,0,20.427,90.8,80.838,70.838,3.487,6817.417,6820.904,114005.179,14.79,12.69,1.434,3,300,1210.6,310.883,306.571,853.948,746.962,159.481,906.443,0.446,6847.045,3.296,6850.341,114366.967,150,218.521,298.476,10.757,1.793,0.449,2.226,9277.611,363.643,0.779,2155.2,8,862.1,0,0,19.157,28.208,19.886,110,Mackay,Mackay,Pind,1963,Furrow,BareFallow,42,MW_Surf2,130_150,100,3,3,SWD_0_50_200_50_50,P2R,MW_01MayR6V1,MW_T3,1510.6,1153.948,617.454,776.935,12.999,2.242,10.2623341779699,0.130644728901872,15.7896,0.78948,0.541925032376751,22.458,3_3
03/07/1999,1999,184,1998,01-May,5,sugar,alive,0,0,3,334,4.465,1995,3/8/1998,122,1,1,183,1999,12,2617,4736.7,4236.47,5323.11,3522.53,109.574,1965.46,,0,0,0,19.163,99,67.542,57.542,3.296,6847.045,6850.341,114366.967,15.69,13.86,1.442,2,200,2269.4,832.852,824.778,1172.276,636.438,165.367,801.806,2.158,6868.436,3.873,6872.309,114464.72,150,219.352,302.996,19.039,1.746,2.797,3.26,9622.875,365.263,0.689,1666.6,6.2,666.6,0,0,19.622,27.531,18.423,166,Mackay,Mackay,Pind,1963,Furrow,BareFallow,42,MW_Surf2,130_150,100,3,3,SWD_0_50_200_50_50,P2R,MW_01MayR6V1,MW_T3,2469.4,1372.276,1657.63,1822.997,23.582,4.543,7.98483686955102,0.136658992324827,16.8575384615385,0.730493333333333,0.499534993982275,19.655,3_3
03/07/2000,2000,185,1999,01-May,5,sugar,alive,0,0,4,366,4.479,1995,3/7/1999,122,1,1,183,2000,12,2617,5582.91,4979.88,6145.47,4247.89,131.346,2241.84,,0,0,0,18.094,116.8,77.506,67.506,3.873,6868.436,6872.309,114464.72,17.93,15.72,1.449,3,300,2220.8,615.593,945.171,1056.301,745.067,174.344,919.411,2.783,6877.616,2.878,6880.494,114700.727,150,249.215,315.709,10.163,0.596,5.833,2.131,9869.068,367.058,0.782,2177.4,8.1,871,0,0,18.099,26.712,18.391,187,Mackay,Mackay,Pind,1963,Furrow,BareFallow,42,MW_Surf2,130_150,100,3,3,SWD_0_50_200_50_50,P2R,MW_01MayR6V1,MW_T3,2520.8,1356.301,1560.764,1735.108,16.592,6.429,9.68413353672968,0.142858852025917,17.5128,0.87564,0.52703890215276,22.418,3_3
03/07/2001,2001,184,2000,01-May,5,sugar,alive,0,0,5,365,4.491,1995,3/7/2000,122,1,1,183,2001,12,2617,5238.58,4576.44,5723.08,3936.5,120.408,2226.55,,0,0,0,19.845,112.6,118.13,108.13,2.878,6877.616,6880.494,114700.727,17.66,15.23,1.452,3,300,1676.7,508.923,587.107,949.848,740.536,168.284,908.82,0.746,6907.627,1.845,6909.472,115333.047,150,248.095,319.565,3.814,0.234,0.943,1.022,10306.625,368.883,0.777,2145.8,8,858.3,0,0,17.863,27.31,19.402,235,Mackay,Mackay,Pind,1963,Furrow,BareFallow,42,MW_Surf2,130_150,100,3,3,SWD_0_50_200_50_50,P2R,MW_01MayR6V1,MW_T3,1976.7,1249.848,1096.03,1264.314,4.991,1.177,9.63381147147493,0.132488281507889,16.0544,0.80272,0.485330216247808,22.266,3_3
03/07/2002,2002,184,2001,01-May,5,sugar,alive,0,0,6,365,4.532,1995,3/7/2001,122,1,1,183,2002,12,2617,4981.85,4385.55,5500.77,3788.7,115.899,1963.89,,0,0,0,17.942,130.7,89.981,79.981,1.845,6907.627,6909.472,115333.047,19.01,16.83,1.46,3,300,985,46.534,235.822,777.643,789.271,213.366,1002.637,0.547,6921.155,4.05,6925.205,115826.89,150,264.573,339.565,3.324,0.031,0.375,0.941,10313.685,370.737,0.787,2208.5,8.2,883.4,0,0,18.134,28.641,20.847,143,Mackay,Mackay,Pind,1963,Furrow,BareFallow,42,MW_Surf2,130_150,100,3,3,SWD_0_50_200_50_50,P2R,MW_01MayR6V1,MW_T3,1285,1077.643,282.356,495.722,3.73,0.406,10.7548603758388,0.115594178152213,15.4532,0.77266,0.43806057307435,19.639,3_3
01/05/2003,2003,121,0,01-May,5,none,out,0,0,-1,0,6,1995,0.000,121,0,1,183,-1,12,2617,0,0,0,0,0,0,,0,0,0,0,0,89.988,79.988,4.05,6921.155,6925.205,115826.89,0,0,1.462,0,0,767.4,215.289,281.966,385.572,0,232.856,232.856,0.504,7013.356,66.197,7079.553,115960.564,0,0,132.511,9.322,1.728,0.805,1.217,9987.195,372.295,0.008,12,0.1,4.8,0,0,18.365,28.517,21.673,113,Mackay,Mackay,Pind,1963,Furrow,BareFallow,42,MW_Surf2,130_150,100,3,3,SWD_0_50_200_50_50,P2R,MW_01MayR6V1,MW_T3,767.4,385.572,497.255,730.111,11.855,2.533,0,0,0,,,0,3_3
01/09/2004,2004,245,2003,01-May,6,sugar,alive,0,0,0,489,4.694,2003,1/5/2003,121,0,0,181,2004,14,2616,3799.72,3278.59,3812.58,3091.37,92.327,1472.29,,0,0,0,16.714,142.7,127.278,127.278,66.197,7013.356,7079.553,115960.564,21.02,19.11,1.476,3,300,989.4,36.022,232.243,808.595,606.36,494.559,1100.919,5.065,6808.786,77.61,6886.396,113896.872,130,289.132,368.684,53.417,0.647,10.706,9.932,4796.107,374.847,0.891,3159.8,11.6,1263.9,0,0,17.019,27.455,19.284,81,Mackay,Mackay,Pind,1963,Furrow,BareFallow,42,MW_Surf2,130_150,100,3,3,SWD_0_50_200_50_50,P2R,MW_01MayR6V1,MW_T3,1289.4,1108.595,268.265,762.824,64.77,11.353,8.32828941137205,0.0838635721610763,12.3102666666667,0.710207692307692,0.319324737490143,14.723,3_3
01/09/2005,2005,244,2004,01-May,6,sugar,alive,0,0,1,365,4.482,2003,1/9/2004,121,0,0,181,2005,14,2616,5454.1,4855.82,5781.71,4067.42,124.921,2211.67,,0,0,0,18.877,106.1,47.495,37.495,77.61,6808.786,6886.396,113896.872,18.15,15.96,1.436,3,300,1408.2,186.419,468.902,917.296,767.088,267.537,1034.625,7.719,6807.585,32.948,6840.533,114001.133,150,236.823,309.396,66.041,14.871,1.485,12.391,7362.962,376.797,0.809,2367.9,8.8,947.2,0,0,18.291,27.876,19.85,202,Mackay,Mackay,Pind,1963,Furrow,BareFallow,42,MW_Surf2,130_150,100,3,3,SWD_0_50_200_50_50,P2R,MW_01MayR6V1,MW_T3,1708.2,1217.296,655.321,922.858,82.397,16.356,10.2621712385484,0.120740364866498,16.6561333333333,0.832806666666667,0.527486772821897,22.117,3_3
01/08/2006,2006,213,2005,01-May,6,sugar,alive,0,0,2,334,4.477,2003,1/9/2005,121,0,0,181,2006,14,2616,4868.11,4369.56,5400.07,3692.3,114.712,2152.35,,0,0,0,20.179,101,65.75,55.75,32.948,6807.585,6840.533,114001.133,15.58,13.75,1.439,3,300,1089.9,223.391,195.375,861.059,752.835,170.645,923.48,0.468,6846.759,10.006,6856.765,114288.162,150,226.109,319.823,18.307,18.8,1.635,3.477,9938.936,378.61,0.698,1712.8,6.4,685.1,0,0,19.414,28.689,19.676,83,Mackay,Mackay,Pind,1963,Furrow,BareFallow,42,MW_Surf2,130_150,100,3,3,SWD_0_50_200_50_50,P2R,MW_01MayR6V1,MW_T3,1389.9,1161.059,418.766,589.411,38.742,20.435,9.87994580809416,0.124217091869884,15.2949333333333,0.764746666666667,0.507330535272811,21.523,3_3
01/07/2007,2007,182,2006,01-May,6,sugar,alive,0,0,3,334,4.441,2003,1/8/2006,121,0,0,181,2007,14,2616,5346.34,4761.09,5912.97,4032.38,124.878,2027.81,,0,0,0,17.073,104.2,113.403,103.403,10.006,6846.759,6856.765,114288.162,16.54,14.4,1.453,3,300,2040.1,460.094,822.491,1039.623,778.677,175.676,954.353,2.391,6868.165,2.034,6870.199,114714.815,150,232.178,292.866,11.04,6.187,2.261,2.147,9087.969,380.45,0.747,1962.6,7.3,785,0,0,18.374,27.532,19.907,257,Mackay,Mackay,Pind,1963,Furrow,BareFallow,42,MW_Surf2,130_150,100,3,3,SWD_0_50_200_50_50,P2R,MW_01MayR6V1,MW_T3,2340.1,1339.623,1282.585,1458.261,19.488,8.448,9.3218763786528,0.130850953473191,16.6504,0.83252,0.537854577091714,20.278,3_3
01/07/2008,2008,183,2007,01-May,6,sugar,alive,0,0,4,366,4.486,2003,1/7/2007,121,0,0,181,2008,14,2616,4168.49,3603.54,4605.64,3203.06,97.221,1517.61,,0,0,0,16.3,83.4,216.564,206.564,2.034,6868.165,6870.199,114714.815,13.29,11.22,1.458,3,300,2267.9,562.734,1370.756,744.129,619.928,172.265,792.194,4.153,6933.087,3.968,6937.055,115675.336,150,194.691,284.548,9.805,0.712,4.388,2.078,9523.89,382.486,0.793,2247.8,8.4,899.1,0,0,17.547,27.281,19.228,532,Mackay,Mackay,Pind,1963,Furrow,BareFallow,42,MW_Surf2,130_150,100,3,3,SWD_0_50_200_50_50,P2R,MW_01MayR6V1,MW_T3,2567.9,1044.129,1933.49,2105.755,14.905,5.1,9.31120579928342,0.122723726763899,12.9628,0.64814,0.499360525139837,15.176,3_3
01/07/2009,2009,182,2008,01-May,6,sugar,alive,0,0,5,365,4.484,2003,1/7/2008,121,0,0,181,2009,14,2616,5171.62,4460.89,5553.47,3842.28,116.227,1679.5,,0,0,0,14.874,128.7,58.781,48.781,3.968,6933.087,6937.055,115675.336,19.97,17.37,1.473,3,300,1875.6,385.359,808.216,930.634,787.582,190.455,978.037,2.786,6912.715,3.983,6916.698,115456.635,150,275.617,330.221,8.243,0.145,2.618,1.86,9480.616,384.553,0.809,2365.3,8.7,946.1,0,0,17.996,27.705,18.873,145,Mackay,Mackay,Pind,1963,Furrow,BareFallow,42,MW_Surf2,130_150,100,3,3,SWD_0_50_200_50_50,P2R,MW_01MayR6V1,MW_T3,2175.6,1230.634,1193.575,1384.03,11.006,2.763,9.44448146240068,0.118837017413452,15.4969333333333,0.774846666666667,0.421697500517022,16.795,3_3
01/07/2010,2010,182,2009,01-May,6,sugar,alive,0,0,6,365,4.499,2003,1/7/2009,121,0,0,181,2010,14,2616,4512.8,3935.95,4971.3,3376.37,103.162,1668.97,,0,0,0,16.999,111.9,62.769,52.769,3.983,6912.715,6916.698,115456.635,16.87,14.76,1.467,3,300,1857.2,538.539,781.279,830.899,657.844,183.791,841.635,2.271,6961.671,4.734,6966.405,115773.339,150,228.871,317.443,4.896,0.421,2.825,1.053,10198.992,386.651,0.731,1874.7,7,749.9,0,0,18.212,28.153,19.689,185,Mackay,Mackay,Pind,1963,Furrow,BareFallow,42,MW_Surf2,130_150,100,3,3,SWD_0_50_200_50_50,P2R,MW_01MayR6V1,MW_T3,2157.2,1130.899,1319.818,1503.609,8.142,3.246,9.12212319579379,0.122573324540923,13.7549333333333,0.687746666666667,0.450742994962228,16.69,3_3
01/05/2011,2011,121,0,01-May,6,none,out,0,0,-1,0,6,2003,0.000,121,0,0,181,-1,14,2616,0,0,0,0,0,0,,0,0,0,0,0,58.516,48.516,4.734,6961.671,6966.405,115773.339,0,0,1.483,0,0,3806.8,1417.566,1944.014,1003.407,0,357.106,357.106,8.132,7037.525,47.95,7085.475,116151.536,0,0,112.401,24.075,4.982,5.962,2.689,9065.583,388.423,0.003,3.9,0,1.5,0,0,20.133,27.54,17.429,220,Mackay,Mackay,Pind,1963,Furrow,BareFallow,42,MW_Surf2,130_150,100,3,3,SWD_0_50_200_50_50,P2R,MW_01MayR6V1,MW_T3,3806.8,1003.407,3361.58,3718.686,35.019,10.944,0,0,0,,,0,3_3
01/09/2012,2012,245,2011,01-May,7,sugar,alive,0,0,0,489,4.625,2011,1/5/2011,121,0,0,181,2012,14,2616,6910.7,6281.78,7205.77,5507.01,171.066,3021.29,,0,0,0,18.824,184.5,146.63,146.63,47.95,7037.525,7085.475,116151.536,26.31,24.01,1.49,3,300,2542.5,369.262,1241.144,1240.173,922.036,391.254,1313.29,8.881,6822.281,5.546,6827.826,114308.967,130,360.554,387.836,47.209,13.526,5.915,8.72,5391.192,391.303,0.863,2844,10.4,1137.6,0,0,16.518,26.172,18.321,239,Mackay,Mackay,Pind,1963,Furrow,BareFallow,42,MW_Surf2,130_150,100,3,3,SWD_0_50_200_50_50,P2R,MW_01MayR6V1,MW_T3,2842.5,1540.173,1610.406,2001.66,66.65,19.441,11.1069340911703,0.130257597331892,22.8088,1.31589230769231,0.474453202571598,30.213,3_3
01/09/2013,2013,244,2012,01-May,7,sugar,alive,0,0,1,365,4.475,2011,1/9/2012,121,0,0,181,2013,14,2616,4649.88,4091.37,5051.81,3562,109.197,1949.6,,0,0,0,19.06,86.8,65.435,55.435,5.546,6822.281,6827.826,114308.967,13.91,11.86,1.448,3,300,1959.5,554.418,896.53,875.567,674.698,151.812,826.51,1.534,6902.929,1.069,6903.998,115250.958,150,200.574,284.833,7.674,4.479,1.24,1.531,9794.522,393.501,0.79,2232.6,8.5,893,0,0,18.336,27.643,19.721,189,Mackay,Mackay,Pind,1963,Furrow,BareFallow,42,MW_Surf2,130_150,100,3,3,SWD_0_50_200_50_50,P2R,MW_01MayR6V1,MW_T3,2259.5,1175.567,1450.948,1602.76,13.393,5.719,9.28887932376462,0.132118183688038,14.5596,0.72798,0.544422507403751,19.496,3_3
01/08/2014,2014,213,2013,01-May,7,sugar,alive,0,0,2,334,4.439,2011,1/9/2013,121,0,0,181,2014,14,2616,5592.18,4945.74,6088.65,4206.88,129.859,2201.84,,0,0,0,17.956,109.4,47.477,37.477,1.069,6902.929,6903.998,115250.958,17.87,15.5,1.473,3,300,1328,288.942,362.571,884.927,802.24,166.796,969.037,0.987,6907.172,2.697,6909.869,115322.3,150,250.367,319.585,4.383,0.35,0.976,0.951,9130.059,395.542,0.803,2320.1,8.6,928,0,0,18.979,28.295,19.852,162,Mackay,Mackay,Pind,1963,Furrow,BareFallow,42,MW_Surf2,130_150,100,3,3,SWD_0_50_200_50_50,P2R,MW_01MayR6V1,MW_T3,1628,1184.927,651.513,818.309,5.709,1.326,10.9592405270536,0.134008298960721,17.3145333333333,0.865726666666667,0.518674585708181,22.018,3_3
01/07/2015,2015,182,2014,01-May,7,sugar,alive,0,0,3,334,4.469,2011,1/8/2014,121,0,0,181,2015,14,2616,4081.87,3522.54,4554.96,3061.61,93.081,1570.17,,0,0,0,17.849,100.4,54.927,44.927,2.697,6907.172,6909.869,115322.3,15.33,13.28,1.475,3,300,904.5,186.589,167.331,729.451,637.771,175.745,813.516,0.268,6957.774,2.488,6960.263,116058.48,150,218.704,315.684,12.214,0.158,0.446,2.446,9864.01,397.611,0.714,1790.7,6.7,716.3,0,0,18.957,28.716,20.504,127,Mackay,Mackay,Pind,1963,Furrow,BareFallow,42,MW_Surf2,130_150,100,3,3,SWD_0_50_200_50_50,P2R,MW_01MayR6V1,MW_T3,1204.5,1029.451,353.92,529.665,12.818,0.604,9.04180966359739,0.114418155266768,12.4108,0.62054,0.42560264101251,15.702,3_3
01/07/2016,2016,183,2015,01-May,7,sugar,alive,0,0,4,366,4.562,2011,1/7/2015,121,0,0,181,2016,14,2616,6247.13,5473.12,6695.5,4752.46,145.878,2580.02,,0,0,0,18.854,138.6,91.991,81.991,2.488,6957.774,6960.263,116058.48,21.04,18.2,1.487,3,300,1656.5,170.248,617.959,1019.705,917.254,202.085,1119.338,2.408,6933.156,2.159,6935.315,115852.869,150,284.661,344.804,10.998,0.198,1.905,2.118,9830.233,399.898,0.78,2160.2,8,864.1,0,0,19.116,28.327,19.488,143,Mackay,Mackay,Pind,1963,Furrow,BareFallow,42,MW_Surf2,130_150,100,3,3,SWD_0_50_200_50_50,P2R,MW_01MayR6V1,MW_T3,1956.5,1319.705,788.207,990.292,13.101,2.103,11.0538340007805,0.130325245814937,19.4504,0.97252,0.51246219187033,25.8,3_3
01/07/2017,2017,182,2016,01-May,7,sugar,alive,0,0,5,365,4.534,2011,1/7/2016,121,0,0,181,2017,14,2616,5244.67,4699.91,5866.12,3971.66,123.575,2261.3,,0,0,0,19.608,119,140.946,130.946,2.159,6933.156,6935.315,115852.869,17.82,15.83,1.479,3,300,2440.8,643.459,1210.697,1096.158,801.95,154.647,956.597,3.388,6945.178,5.92,6951.099,115839.225,150,246.024,355.677,22.706,2.776,2.691,4.49,11394.005,402.218,0.726,1849.3,6.9,739.7,0,0,18.71,27.886,17.426,276,Mackay,Mackay,Pind,1963,Furrow,BareFallow,42,MW_Surf2,130_150,100,3,3,SWD_0_50_200_50_50,P2R,MW_01MayR6V1,MW_T3,2740.8,1396.158,1854.156,2008.803,28.173,5.467,8.85107559459603,0.129181881189257,16.4766666666667,0.823833333333333,0.502288394628166,22.613,3_3
01/07/2018,2018,182,2017,01-May,7,sugar,alive,0,0,6,365,4.503,2011,1/7/2017,121,0,0,181,2018,14,2616,4084.01,3495.65,4509.52,3047.64,91.623,1382.16,,0,0,0,15.655,105.1,70.993,60.993,5.92,6945.178,6951.099,115839.225,15.87,13.72,1.486,3,300,1178,429.285,263.167,800.498,613.383,174.978,788.362,0.471,6994.121,3.916,6998.037,116450.815,150,220.954,297.346,5.454,0.96,1.549,1.152,9692.978,404.569,0.795,2264.2,8.4,905.7,0,0,18.232,28.297,18.11,103,Mackay,Mackay,Pind,1963,Furrow,BareFallow,42,MW_Surf2,130_150,100,3,3,SWD_0_50_200_50_50,P2R,MW_01MayR6V1,MW_T3,1478,1100.498,692.452,867.43,7.963,2.509,8.32559441271134,0.116219452485026,12.2164,0.61082,0.414670021814495,13.822,3_3
01/05/2019,2019,121,0,01-May,7,none,out,0,0,-1,0,6,2011,0.000,121,0,0,181,-1,14,2616,0,0,0,0,0,0,,0,0,0,0,0,68.18,58.18,3.916,6994.121,6998.037,116450.815,0,0,1.499,0,0,1571.8,555.089,573.609,796.106,0,322.755,322.755,5.915,7038.197,77.191,7115.388,116327.178,0,0,162.212,29.944,2.526,4.372,4.215,9236.46,406.554,0.003,4.7,0,1.9,0,0,19.175,28.683,18.577,123,Mackay,Mackay,Pind,1963,Furrow,BareFallow,42,MW_Surf2,130_150,100,3,3,SWD_0_50_200_50_50,P2R,MW_01MayR6V1,MW_T3,1571.8,796.106,1128.698,1451.453,36.842,6.898,0,0,0,,,0,3_3
01/09/2020,2020,245,2019,01-May,8,sugar,alive,0,0,0,489,4.675,2019,1/5/2019,121,0,0,181,2020,14,2616,5340.16,4786.39,5518.83,4194.86,128.899,2055.59,,0,0,0,16.715,161.8,188.528,188.528,77.191,7038.197,7115.388,116327.178,23.92,21.89,1.496,3,300,1691.9,250.601,711.406,950.794,754.032,408.838,1162.87,8.58,6837.129,26.35,6863.479,114563.097,130,325.887,369.409,69.257,13.483,9.012,12.751,4989.311,409.776,0.779,2155.8,7.9,862.3,0,0,16.936,27.075,17.367,167,Mackay,Mackay,Pind,1963,Furrow,BareFallow,42,MW_Surf2,130_150,100,3,3,SWD_0_50_200_50_50,P2R,MW_01MayR6V1,MW_T3,1991.9,1250.794,962.007,1370.845,91.752,22.495,10.3053740264184,0.110845580331421,17.1865333333333,0.991530769230769,0.395532807384155,20.556,3_3
06/09/2021,2021,249,2020,01-May,8,sugar,alive,0,0,1,370,4.519,2019,1/9/2020,121,0,5,181,2021,9,2616,4916.94,4337.58,5248.63,3694.95,112.934,1872.8,,0,0,0,17.497,108.1,55.552,45.552,26.35,6837.129,6863.479,114563.097,17.01,14.88,1.459,3,300,1347.4,267.781,423.363,867.705,689.661,201.304,890.965,1.106,6871.606,6.792,6878.398,115016.276,150,231.446,312.766,17.551,15.865,4.311,3.379,8756.537,412.265,0.784,2188.3,8.1,875.3,0,0,18.715,27.875,16.851,146,Mackay,Mackay,Pind,1963,Furrow,BareFallow,42,MW_Surf2,130_150,100,3,3,SWD_0_50_200_50_50,P2R,MW_01MayR6V1,MW_T3,1647.4,1167.705,691.144,892.448,37.727,20.176,9.67144955275519,0.126754698557182,15.0578666666667,0.752893333333333,0.487949672925866,18.728,3_3
06/08/2022,2022,218,2021,01-May,8,sugar,alive,0,0,2,334,4.478,2019,6/9/2021,121,0,5,186,2022,9,2621,5250.72,4700.47,5770.55,3959.54,122.76,2134.88,,0,0,0,18.491,107.1,120.844,110.844,6.792,6871.606,6878.398,115016.276,17.01,15,1.47,3,300,1276.6,304.304,354.715,929.029,768.16,166.69,934.85,0.864,6889.568,2.889,6892.457,115196.069,150,236.814,324.305,13.112,4.262,0.617,2.734,9337.651,414.545,0.767,2084,7.7,833.6,0,0,19.065,28.278,17.484,124,Mackay,Mackay,Pind,1963,Furrow,BareFallow,42,MW_Surf2,130_150,100,3,3,SWD_0_50_200_50_50,P2R,MW_01MayR6V1,MW_T3,1576.6,1229.029,659.019,825.709,17.991,4.879,9.98837293505686,0.131315184254158,16.368,0.8184,0.5183815146064,21.349,3_3
01/05/1964,1964,122,0,01-May,0,none,out,0,0,-1,0,6,-1,0.000,122,0,0,182,-1,14,2616,0,0,0,0,0,0,,0,0,0,0,0,0,0,0,0,0,0,0,0,1.327,0,0,657.6,0,336.088,321.512,0,274.494,274.494,15.574,6528.633,124.09,6652.723,109149.762,0,0,106.772,4.77,0,10.2,1.135,1149.491,350,0,0.1,0,0,0,0,21.722,29.688,19.155,68.1,Mackay,Mackay,Pind,1964,Furrow,BareFallow,42,MW_Surf2,130_150,100,3,3,SWD_0_50_200_50_50,P2R,MW_01MayR6V1,MW_T3,657.6,321.512,336.088,610.582,14.97,10.2,0,0,0,,,0,3_3
01/09/1965,1965,244,1964,01-May,1,sugar,alive,0,0,0,488,4.632,1964,1/5/1964,122,0,0,182,1965,14,2616,5204.68,4517.91,5224.88,4141.8,124.395,2148.39,,0,0,0,18.343,128.2,76.818,76.818,124.09,6528.633,6652.723,109149.762,21.29,18.77,1.305,3,300,1240.5,68.802,330.59,967.982,740.919,409.729,1150.649,7.733,6457.023,21.887,6478.91,109201.248,130,292.268,253.466,31.159,6.882,8.807,6.061,3069.117,350,0.949,4264.5,15.6,1705.8,0,0,16.453,26.471,18.461,77.2,Mackay,Mackay,Pind,1964,Furrow,BareFallow,42,MW_Surf2,130_150,100,3,3,SWD_0_50_200_50_50,P2R,MW_01MayR6V1,MW_T3,1540.5,1267.982,399.392,809.121,46.848,15.689,9.81047049563795,0.10810855438974,16.586,0.956884615384615,0.42561963677173,21.484,3_3
01/09/1966,1966,244,1965,01-May,1,sugar,alive,0,0,1,365,4.466,1964,1/9/1965,122,0,0,182,1966,14,2616,3897.2,3454.02,4233.07,2920.96,89.329,1709.12,,0,0,0,20.634,57.5,67.278,57.278,21.887,6457.023,6478.91,109201.248,9.93,8.31,1.282,3,300,1061,424.824,153.568,809.099,616.086,156.451,772.536,0.089,6575.286,3.688,6578.974,110097.952,150,149.193,223.37,21.833,18.938,1.074,4.126,8367.278,350,0.724,1838.1,7.4,735.2,0,0,17.318,27.124,19.639,80,Mackay,Mackay,Pind,1964,Furrow,BareFallow,42,MW_Surf2,130_150,100,3,3,SWD_0_50_200_50_50,P2R,MW_01MayR6V1,MW_T3,1361,1109.099,578.392,734.843,41.845,20.012,8.05419534234545,0.115630857332215,11.9105333333333,0.595526666666667,0.598747930532934,17.091,3_3
01/08/1967,1967,213,1966,01-May,1,sugar,alive,0,0,2,334,4.432,1964,1/9/1966,122,0,0,182,1967,14,2616,4980.76,4413.51,5404.58,3722.68,114.524,2032,,0,0,0,18.924,86.8,77.35,67.35,3.688,6575.286,6578.974,110097.952,14.71,12.64,1.313,3,300,1173.6,282.901,286.434,913.241,724.393,178.797,903.19,0.472,6593.278,2.537,6595.816,110293.753,150,213.851,270.703,5.845,1.824,4.277,1.166,7915.728,350,0.793,2249.6,8.3,899.8,0,0,18.016,27.548,20.007,100.3,Mackay,Mackay,Pind,1964,Furrow,BareFallow,42,MW_Surf2,130_150,100,3,3,SWD_0_50_200_50_50,P2R,MW_01MayR6V1,MW_T3,1473.6,1213.241,569.335,748.132,11.946,6.101,9.4395095450945,0.126799455264119,15.2698666666667,0.763493333333333,0.535531748740946,20.32,3_3
01/07/1968,1968,183,1967,01-May,1,sugar,alive,0,0,3,335,4.403,1964,1/8/1967,122,0,0,182,1968,14,2616,4458.16,3931.27,4955.84,3284.75,100.902,1785.38,,0,0,0,18.864,82.5,78.426,68.426,2.537,6593.278,6595.816,110293.753,13.73,11.8,1.317,3,300,2190.4,617.529,1073.154,957.687,657.413,159.844,817.257,2.302,6647.085,5.113,6652.197,110806.596,150,200.506,277.154,2.571,0.827,5.042,0.719,9031.474,350,0.782,2176.5,8.2,870.6,0,0,17.569,27.367,20.339,213.1,Mackay,Mackay,Pind,1964,Furrow,BareFallow,42,MW_Surf2,130_150,100,3,3,SWD_0_50_200_50_50,P2R,MW_01MayR6V1,MW_T3,2490.4,1257.687,1690.683,1850.527,8.44,5.869,8.02282284861019,0.123464222392711,13.4536,0.67268,0.503236810868503,17.854,3_3
01/07/1969,1969,182,1968,01-May,1,sugar,alive,0,0,4,365,4.476,1964,1/7/1968,122,0,0,182,1969,14,2616,4252.77,3785.42,4771.22,3115.86,95.72,1503.31,,0,0,0,16.417,105.4,60.887,50.887,5.113,6647.085,6652.197,110806.596,16.07,14.36,1.332,3,300,999.4,215.033,167.131,834.465,646.149,204.096,850.244,0.299,6674.969,3.037,6678.006,111080.517,150,224.678,299.945,10.074,0.423,4.134,2.111,9295.842,350,0.7,1719.9,6.4,687.9,0,0,17.828,27.503,19.836,55.6,Mackay,Mackay,Pind,1964,Furrow,BareFallow,42,MW_Surf2,130_150,100,3,3,SWD_0_50_200_50_50,P2R,MW_01MayR6V1,MW_T3,1299.4,1134.465,382.164,586.26,14.631,4.557,8.43745730366296,0.112579447782048,12.7626666666667,0.638133333333333,0.426031921238395,15.033,3_3
01/07/1970,1970,182,1969,01-May,1,sugar,alive,0,0,5,365,4.493,1964,1/7/1969,122,0,0,182,1970,14,2616,4839.34,4137.58,5163.05,3681.3,111.293,1694.37,,0,0,0,15.826,113.7,127.879,117.879,3.037,6674.969,6678.006,111080.517,17.76,15.19,1.342,3,300,1657.1,292.215,779.972,795.877,763.069,191.344,954.413,2.424,6687.611,1.704,6689.316,111651.904,150,242.885,304.418,11.335,0.864,1.775,2.328,8919.978,350,0.827,2504.4,9.3,1001.8,0,0,17.69,27.53,20.173,411.7,Mackay,Mackay,Pind,1964,Furrow,BareFallow,42,MW_Surf2,130_150,100,3,3,SWD_0_50_200_50_50,P2R,MW_01MayR6V1,MW_T3,1957.1,1095.877,1072.187,1263.531,13.974,2.639,10.1556105292839,0.116608847532462,14.8390666666667,0.741953333333333,0.45821273442164,16.944,3_3
01/07/1971,1971,182,1970,01-May,1,sugar,alive,0,0,6,365,4.453,1964,1/7/1970,122,0,0,182,1971,14,2616,4846.39,4187.56,5234.02,3649.02,111.062,1728.48,,0,0,0,16.243,113.7,58.379,48.379,1.704,6687.611,6689.316,111651.904,17.78,15.37,1.347,3,300,1633.5,417.869,553.478,982.514,751.643,194.792,946.435,2.207,6709.115,2.499,6711.614,111837.058,150,242.61,322.527,9.821,1.278,2.586,1.992,9619.733,350,0.805,2334.5,8.7,933.8,0,0,17.125,27.326,19.196,129.3,Mackay,Mackay,Pind,1964,Furrow,BareFallow,42,MW_Surf2,130_150,100,3,3,SWD_0_50_200_50_50,P2R,MW_01MayR6V1,MW_T3,1933.5,1282.514,971.347,1166.139,13.685,3.864,8.65971053727289,0.117347731222958,14.8082666666667,0.740413333333333,0.457779976093319,17.285,3_3
01/05/1972,1972,122,0,01-May,1,none,out,0,0,-1,0,6,1964,0.000,122,0,0,182,-1,14,2616,0,0,0,0,0,0,,0,0,0,0,0,74.098,64.098,2.499,6709.115,6711.614,111837.058,0,0,1.355,0,0,1979.9,750.884,822.186,810.09,0,330.193,330.193,1.798,6752.43,84.503,6836.932,111688.17,0,0,165.477,24.679,6.948,3.36,3.196,10064.012,350,0.004,5.4,0,2.2,0,0,18.445,28.286,20.206,183.4,Mackay,Mackay,Pind,1964,Furrow,BareFallow,42,MW_Surf2,130_150,100,3,3,SWD_0_50_200_50_50,P2R,MW_01MayR6V1,MW_T3,1979.9,810.09,1573.07,1903.263,34.987,10.308,0,0,0,,,0,3_3
01/09/1973,1973,244,1972,01-May,2,sugar,alive,0,0,0,488,4.666,1972,1/5/1972,122,0,0,182,1973,14,2616,3398.74,2960.93,3475.66,2641.83,79.136,1030.09,,0,0,0,13.111,111.5,150.736,150.736,84.503,6752.43,6836.932,111688.17,17.81,16.21,1.359,3,300,1223.3,314.538,337.197,792.511,508.534,466.486,975.019,2.658,6584.662,33.937,6618.599,110153.418,130,241.755,328.108,98.799,28.144,7.554,18.109,4050.285,350,0.766,2077.4,7.6,831,0,0,16.981,26.761,18.91,148.3,Mackay,Mackay,Pind,1964,Furrow,BareFallow,42,MW_Surf2,130_150,100,3,3,SWD_0_50_200_50_50,P2R,MW_01MayR6V1,MW_T3,1523.3,1092.511,651.735,1118.221,134.497,35.698,7.24349686181649,0.0811635465565286,10.5514666666667,0.608738461538462,0.327339662054559,10.301,3_3
03/09/1974,1974,246,1973,01-May,2,sugar,alive,0,0,1,367,4.473,1972,1/9/1973,122,0,2,182,1974,12,2616,4786.47,4178.45,4991.19,3569.33,108.611,1720.26,,0,0,0,16.582,85.3,47.282,37.282,33.937,6584.662,6618.599,110153.418,14.96,12.73,1.33,3,300,3200,830.674,1720.509,1094.292,657.353,240.871,898.224,15.655,6593.445,1.159,6594.603,110488.333,150,200.694,273.621,42.48,34.338,8.456,7.889,6376.167,350,0.867,2877.4,10.6,1151,0,0,18.004,26.997,17.963,199.6,Mackay,Mackay,Pind,1964,Furrow,BareFallow,42,MW_Surf2,130_150,100,3,3,SWD_0_50_200_50_50,P2R,MW_01MayR6V1,MW_T3,3500,1394.292,2551.183,2792.054,85.274,42.794,7.78968824320874,0.12091749942108,14.4814666666667,0.724073333333333,0.541177115409529,17.203,3_3
03/08/1975,1975,215,1974,01-May,2,sugar,alive,0,0,2,334,4.437,1972,3/9/1974,122,0,2,184,1975,12,2618,4377.51,3901.87,4823.69,3239.85,99.913,1795.06,,0,0,0,19.198,83.7,97.875,87.875,1.159,6593.445,6594.603,110488.333,13.63,11.89,1.336,3,300,1703.6,539.561,660.514,885.385,652.547,166.826,819.373,1.123,6651.056,1.7,6652.756,111128.355,150,199.556,278.802,7.772,0.348,0.894,1.751,8715.594,350,0.732,1883.1,7.1,753.2,0,0,18.261,27.423,19.614,139.4,Mackay,Mackay,Pind,1964,Furrow,BareFallow,42,MW_Surf2,130_150,100,3,3,SWD_0_50_200_50_50,P2R,MW_01MayR6V1,MW_T3,2003.6,1185.385,1200.075,1366.901,9.014,1.242,8.42873834239509,0.121938360185166,13.3217333333333,0.666086666666667,0.500676501834072,17.951,3_3
03/07/1976,1976,185,1975,01-May,2,sugar,alive,0,0,3,335,4.449,1972,3/8/1975,122,0,2,184,1976,12,2618,4595.43,4093.67,5100.38,3383.43,104.447,1700.9,,0,0,0,17.13,95.6,82.027,72.027,1.7,6651.056,6652.756,111128.355,15.29,13.45,1.352,1,100,2286,651.96,889.857,1098.143,654.283,176.344,830.627,2.527,6671.299,1.666,6672.965,111346.03,150,215.339,295.749,17.331,0.938,2.404,3.394,8655.322,350,0.737,1905.7,7.1,762.3,0,0,18.656,27.324,18.326,161.4,Mackay,Mackay,Pind,1964,Furrow,BareFallow,42,MW_Surf2,130_150,100,3,3,SWD_0_50_200_50_50,P2R,MW_01MayR6V1,MW_T3,2386,1198.143,1541.817,1718.161,20.673,3.342,8.71740685377288,0.125744768710865,18.9903636363636,0.696313333333333,0.485035223531269,17.009,3_3
03/07/1977,1977,184,1976,01-May,2,sugar,alive,0,0,4,365,4.494,1972,3/7/1976,122,0,2,184,1977,12,2618,5172.03,4548.42,5632.21,3885.53,119.174,2033.65,,0,0,0,18.089,101.1,95.583,85.583,1.666,6671.299,6672.965,111346.03,16.15,13.86,1.357,3,300,1975,559.6,807.657,998.651,764.468,179.305,943.773,2.413,6702.75,4.108,6706.859,111898.477,150,226.568,304.614,5.544,0.376,2.352,1.122,9219.868,350,0.808,2355.6,8.7,942.3,0,0,17.82,27.363,19.191,166.6,Mackay,Mackay,Pind,1964,Furrow,BareFallow,42,MW_Surf2,130_150,100,3,3,SWD_0_50_200_50_50,P2R,MW_01MayR6V1,MW_T3,2275,1298.651,1367.257,1546.562,8.272,2.728,9.17675341565979,0.126274008686411,15.8898666666667,0.794493333333333,0.525996610289185,20.337,3_3
03/07/1978,1978,184,1977,01-May,2,sugar,alive,0,0,5,365,4.475,1972,3/7/1977,122,0,2,184,1978,12,2618,4645.34,4080.14,5123.98,3504.53,107.421,1854.06,,0,0,0,18.33,102.7,59.553,49.553,4.108,6702.75,6706.859,111898.477,15.93,13.86,1.365,3,300,1314.6,194.135,549.475,753.211,690.171,174.204,864.375,1.32,6747.618,3.531,6751.149,112475.752,150,225.28,302.7,2.499,0.191,2.382,0.741,9780.721,350,0.764,2059.9,7.7,824,0,0,17.591,27.306,20.244,300,Mackay,Mackay,Pind,1964,Furrow,BareFallow,42,MW_Surf2,130_150,100,3,3,SWD_0_50_200_50_50,P2R,MW_01MayR6V1,MW_T3,1614.6,1053.211,743.61,917.814,5.072,2.573,10.1993807508657,0.124275921908894,14.3228,0.71614,0.476833274147727,18.541,3_3
03/07/1979,1979,184,1978,01-May,2,sugar,alive,0,0,6,365,4.478,1972,3/7/1978,122,0,2,184,1979,12,2618,5021.19,4437.47,5515.58,3767.42,115.731,1876.08,,0,0,0,17.039,114.9,66.169,56.169,3.531,6747.618,6751.149,112475.752,17.6,15.46,1.378,3,300,2906,569.262,1707.669,980.755,699.527,182.037,881.564,6.113,6754.113,2.333,6756.447,112659.049,150,241.77,316.737,18.333,0.818,5.097,3.588,9529.657,350,0.77,2099.4,7.8,839.8,0,0,18.015,26.651,18.211,509.4,Mackay,Mackay,Pind,1964,Furrow,BareFallow,42,MW_Surf2,130_150,100,3,3,SWD_0_50_200_50_50,P2R,MW_01MayR6V1,MW_T3,3206,1280.755,2276.931,2458.968,24.248,5.915,9.03615445577023,0.131279181091787,15.4308,0.77154,0.478682218637548,18.761,3_3
01/05/1980,1980,122,0,01-May,2,none,out,0,0,-1,0,6,1972,0.000,122,0,2,184,-1,12,2618,0,0,0,0,0,0,,0,0,0,0,0,113.675,103.675,2.333,6754.113,6756.447,112659.049,0,0,1.381,0,0,1126.8,374.726,418.502,614.578,0,270.246,270.246,0.361,6796.617,83.104,6879.721,112491.267,0,0,165.627,30.435,2.101,1.361,5.351,10340.049,350,0.006,9,0,3.6,0,0,19.141,28.26,20.969,215.6,Mackay,Mackay,Pind,1964,Furrow,BareFallow,42,MW_Surf2,130_150,100,3,3,SWD_0_50_200_50_50,P2R,MW_01MayR6V1,MW_T3,1126.8,614.578,793.228,1063.474,33.897,3.462,0,0,0,,,0,3_3
01/09/1981,1981,244,1980,01-May,3,sugar,alive,0,0,0,488,4.662,1980,1/5/1980,122,0,0,182,1981,14,2616,5397.95,4778.49,5511.44,4279.06,130.478,2009.17,,0,0,0,16.04,148.6,177.001,177.001,83.104,6796.617,6879.721,112491.267,22.67,20.41,1.388,3,300,1765.9,371.154,630.092,1089.373,743.326,440.888,1184.214,7.815,6622.294,13.592,6635.886,111101.443,130,310.482,343.613,67.143,24.899,7.093,12.383,4586.642,350,0.883,3061.2,11.2,1224.5,0,0,17.146,26.474,18.553,101.3,Mackay,Mackay,Pind,1964,Furrow,BareFallow,42,MW_Surf2,130_150,100,3,3,SWD_0_50_200_50_50,P2R,MW_01MayR6V1,MW_T3,2065.9,1389.373,1001.246,1442.134,99.135,31.992,9.39114262332721,0.110181099024332,17.3970666666667,1.00367692307692,0.420243363544425,20.092,3_3
01/09/1982,1982,244,1981,01-May,3,sugar,alive,0,0,1,365,4.452,1980,1/9/1981,122,0,0,182,1982,14,2616,3933.25,3332.4,4117.49,3004.58,90.202,1416.29,,0,0,0,16.413,84.7,57.441,47.441,13.592,6622.294,6635.886,111101.443,14.08,11.88,1.355,3,300,1256,340.313,418.624,787.354,596.484,208.257,804.742,3.143,6682.728,3.852,6686.58,111872.864,150,196.696,288.826,19.256,12.965,1.203,3.723,8076.909,350,0.87,2917.9,10.9,1167.2,0,0,18.01,27.171,19.847,222,Mackay,Mackay,Pind,1964,Furrow,BareFallow,42,MW_Surf2,130_150,100,3,3,SWD_0_50_200_50_50,P2R,MW_01MayR6V1,MW_T3,1556,1087.354,758.937,967.194,33.424,14.168,8.29555048309934,0.112088097800289,12.0269333333333,0.601346666666667,0.458585838044495,14.163,3_3
01/08/1983,1983,213,1982,01-May,3,sugar,alive,0,0,2,334,4.413,1980,1/9/1982,122,0,0,182,1983,14,2616,5242.73,4620.56,5657.62,3859.02,118.486,1941.5,,0,0,0,17.255,96.4,49.764,39.764,3.852,6682.728,6686.58,111872.864,16.64,14.36,1.374,3,300,1426.3,386.034,409.473,959.869,735.593,163.391,898.984,1.061,6706.349,2.033,6708.382,111940.69,150,229.285,286.44,6.638,2.781,1.21,1.336,8257.946,350,0.811,2379.8,8.9,951.9,0,0,18.718,27.471,20.158,156,Mackay,Mackay,Pind,1964,Furrow,BareFallow,42,MW_Surf2,130_150,100,3,3,SWD_0_50_200_50_50,P2R,MW_01MayR6V1,MW_T3,1726.3,1259.869,795.507,958.898,10.629,3.991,9.40462857646311,0.131799898552143,15.7981333333333,0.789906666666667,0.516762980570033,19.415,3_3
01/07/1984,1984,183,1983,01-May,3,sugar,alive,0,0,3,335,4.463,1980,1/8/1983,122,0,0,182,1984,14,2616,3860.14,3265.92,4211.42,2911.99,87.69,1420.89,,0,0,0,17.03,90.2,81.572,71.572,2.033,6706.349,6708.382,111940.69,14.48,12.31,1.381,3,300,604.9,101.435,102.899,543.514,567.723,164.998,732.721,0.108,6763.433,2.33,6765.764,112858.504,150,210.394,294.984,6.434,0.188,3.094,1.452,9301.47,350,0.8,2301,8.7,920.4,0,0,18.921,27.619,19.672,62,Mackay,Mackay,Pind,1964,Furrow,BareFallow,42,MW_Surf2,130_150,100,3,3,SWD_0_50_200_50_50,P2R,MW_01MayR6V1,MW_T3,904.9,843.514,204.334,369.332,9.716,3.282,10.3957966317097,0.119677203191938,11.692,0.5846,0.416789452170689,14.209,3_3
01/07/1985,1985,182,1984,01-May,3,sugar,alive,0,0,4,365,4.481,1980,1/7/1984,122,0,0,182,1985,14,2616,5604.9,4964.08,6090.71,4190.35,128.957,1966.96,,0,0,0,15.861,128.9,49.417,39.417,2.33,6763.433,6765.764,112858.504,19.97,17.62,1.396,3,300,1629.8,256.176,612.635,996.991,801.14,205.653,1006.793,2.289,6751.211,3.299,6754.511,112640.718,150,269.03,324.8,9.358,0.391,1.57,1.976,9159.242,350,0.787,2208.9,8.2,883.6,0,0,18.376,27.292,19.304,365,Mackay,Mackay,Pind,1964,Furrow,BareFallow,42,MW_Surf2,130_150,100,3,3,SWD_0_50_200_50_50,P2R,MW_01MayR6V1,MW_T3,1929.8,1296.991,868.811,1074.464,11.319,1.961,9.94278294914922,0.12808690564992,17.1942666666667,0.859713333333333,0.479340593985801,19.67,3_3
01/07/1986,1986,182,1985,01-May,3,sugar,alive,0,0,5,365,4.497,1980,1/7/1985,122,0,0,182,1986,14,2616,5392.33,4797.27,5955.38,4024,124.162,2279.67,,0,0,0,19.683,121,103.615,93.615,3.299,6751.211,6754.511,112640.718,18.59,16.41,1.394,3,300,1424.2,402.38,414.899,921.456,753.46,172.597,926.057,0.605,6777.934,2.621,6780.555,113078.725,150,256.849,338.024,4.921,0.265,0.698,1.325,10680.822,350,0.746,1956.5,7.3,782.6,0,0,18.337,27.134,19.595,134,Mackay,Mackay,Pind,1964,Furrow,BareFallow,42,MW_Surf2,130_150,100,3,3,SWD_0_50_200_50_50,P2R,MW_01MayR6V1,MW_T3,1724.2,1221.456,817.279,989.876,5.884,0.963,10.1650816730197,0.134075980204242,16.5549333333333,0.827746666666667,0.4834046463097,22.797,3_3
01/07/1987,1987,182,1986,01-May,3,sugar,alive,0,0,6,365,4.545,1980,1/7/1986,122,0,0,182,1987,14,2616,3959.66,3508.36,4507.48,2968.03,90.628,1367.01,,0,0,0,15.653,106.8,84.479,74.479,2.621,6777.934,6780.555,113078.725,15.44,13.79,1.403,3,300,756.7,135.125,90.595,695.318,581.305,198.294,779.599,0.095,6827.021,3.156,6830.177,113598.866,150,215.319,303.81,15.135,0.177,0.15,3.051,10133.425,350,0.738,1911.8,7.2,764.7,0,0,19.257,27.916,19.78,55,Mackay,Mackay,Pind,1964,Furrow,BareFallow,42,MW_Surf2,130_150,100,3,3,SWD_0_50_200_50_50,P2R,MW_01MayR6V1,MW_T3,1056.7,995.318,225.72,424.014,15.462,0.327,9.10543163089585,0.116249507759759,12.0837333333333,0.604186666666667,0.420901081650946,13.67,3_3
01/05/1988,1988,122,0,01-May,3,none,out,0,0,-1,0,6,1980,0.000,122,0,0,182,-1,14,2616,0,0,0,0,0,0,,0,0,0,0,0,135.86,125.86,3.156,6827.021,6830.177,113598.866,0,0,1.416,0,0,1395.2,459.897,644.867,630.577,0,280.867,280.867,1.229,6819.202,101.812,6921.014,113011.846,0,0,185.964,43.411,8.591,2.916,7.765,9318.778,350,0.007,9.8,0,3.9,0,0,19.192,27.93,20.534,293.4,Mackay,Mackay,Pind,1964,Furrow,BareFallow,42,MW_Surf2,130_150,100,3,3,SWD_0_50_200_50_50,P2R,MW_01MayR6V1,MW_T3,1395.2,630.577,1104.764,1385.631,54.918,11.507,0,0,0,,,0,3_3
01/09/1989,1989,244,1988,01-May,4,sugar,alive,0,0,0,488,4.653,1988,1/5/1988,122,0,0,182,1989,14,2616,7741.57,7032.2,8036.94,6177.13,192.269,3321.84,,0,0,0,18.351,178.8,145.429,145.429,101.812,6819.202,6921.014,113011.846,25.17,22.57,1.412,3,300,2773.5,452.628,1303.056,1414.706,992.038,411.891,1403.929,24.178,6642.613,3.725,6646.338,111741.311,130,347.235,349.422,49.961,28.003,20.926,9.607,4961.099,350,0.9,3288.4,12,1315.4,0,0,17.466,25.948,18.072,197,Mackay,Mackay,Pind,1964,Furrow,BareFallow,42,MW_Surf2,130_150,100,3,3,SWD_0_50_200_50_50,P2R,MW_01MayR6V1,MW_T3,3073.5,1714.706,1755.684,2167.575,98.89,48.929,11.2129426268993,0.136950657761183,25.6358666666667,1.47899230769231,0.553714343312166,33.218,3_3
01/09/1990,1990,244,1989,01-May,4,sugar,alive,0,0,1,365,4.457,1988,1/9/1989,122,0,0,182,1990,14,2616,4041.75,3598.49,4522.43,3089.52,95.166,1714.5,,0,0,0,19.26,41.6,59.316,49.316,3.725,6642.613,6646.338,111741.311,8.12,6.5,1.376,3,300,1668.2,689.558,660.824,775.002,571.656,44.147,615.803,0.056,6765.855,0.736,6766.591,113197.945,150,135.511,227.786,9.931,6.853,0.39,2.067,9018.541,350.657,0.954,4389,18,1755.6,0,0,18.207,27.233,19.945,130,Mackay,Mackay,Pind,1964,Furrow,BareFallow,42,MW_Surf2,130_150,100,3,3,SWD_0_50_200_50_50,P2R,MW_01MayR6V1,MW_T3,1968.2,1075.002,1350.382,1394.529,17.174,7.243,8.85263469277266,0.154539682333474,12.6888,0.63444,0.702275092058947,17.145,3_3
01/08/1991,1991,213,1990,01-May,4,sugar,alive,0,0,2,334,4.429,1988,1/9/1990,122,0,0,182,1991,14,2616,3457.54,2932.88,3779.65,2545.33,76.385,1309.09,,0,0,0,18.18,73.8,61.331,51.331,0.736,6765.855,6766.591,113197.945,12.27,10.35,1.406,3,300,2931.2,559.488,2052.689,600.688,469.65,163.055,632.705,1.727,6819.098,1.785,6820.883,113618.881,150,181.6,263.529,7.806,0.953,5.821,1.482,8466.407,352.068,0.781,2172.1,8.1,868.9,0,0,18.626,27.452,19.523,298.2,Mackay,Mackay,Pind,1964,Furrow,BareFallow,42,MW_Surf2,130_150,100,3,3,SWD_0_50_200_50_50,P2R,MW_01MayR6V1,MW_T3,3231.2,900.688,2612.177,2775.232,14.58,6.774,8.48073916828025,0.120727669292956,10.1846666666667,0.509233333333333,0.420622246696035,13.091,3_3
01/07/1992,1992,183,1991,01-May,4,sugar,alive,0,0,3,335,4.445,1988,1/8/1991,122,0,0,182,1992,14,2616,5044.23,4421.13,5471.85,3733.24,114.321,1833.74,,0,0,0,16.83,112.5,47.649,37.649,1.785,6819.098,6820.883,113618.881,17.91,15.63,1.422,3,300,800.1,62.41,130.6,671.677,713.38,182.866,896.247,0.054,6816.201,7.137,6823.339,113482.921,150,244.173,299.026,7.785,0.119,0.231,1.63,8273.719,353.503,0.79,2226.6,8.4,890.7,0,0,18.953,28.373,21.332,174,Mackay,Mackay,Pind,1964,Furrow,BareFallow,42,MW_Surf2,130_150,100,3,3,SWD_0_50_200_50_50,P2R,MW_01MayR6V1,MW_T3,1100.1,971.677,193.01,375.876,8.135,0.35,11.7653294253131,0.127555238678623,15.2428,0.76214,0.468196729368112,18.337,3_3
01/07/1993,1993,182,1992,01-May,4,sugar,alive,0,0,4,365,4.491,1988,1/7/1992,122,0,0,182,1993,14,2616,5745.52,5141.44,6312.81,4339.13,134.82,2508.81,,0,0,0,19.989,127.8,58.492,48.492,7.137,6816.201,6823.339,113482.921,19.44,17.23,1.422,3,300,1183.6,125.809,350.006,825.467,779.417,199.795,979.211,0.915,6825.584,5.085,6830.669,113663.403,150,266.662,347.724,5.494,0.71,1.419,1.274,10298.016,355.095,0.739,1917.4,7.2,767,0,0,18.579,27.604,20.545,185,Mackay,Mackay,Pind,1964,Furrow,BareFallow,42,MW_Surf2,130_150,100,3,3,SWD_0_50_200_50_50,P2R,MW_01MayR6V1,MW_T3,1483.6,1125.467,475.815,675.61,7.623,2.129,11.9790273726373,0.137682276853508,17.976,0.8988,0.505583847717335,25.088,3_3
01/07/1994,1994,182,1993,01-May,4,sugar,alive,0,0,5,365,4.515,1988,1/7/1993,122,0,0,182,1994,14,2616,5827.83,5199.51,6415.04,4494.74,139.401,2567.58,,0,0,0,19.755,126.5,87.066,77.066,5.085,6825.584,6830.669,113663.403,18.72,16.42,1.428,3,300,1131.5,224.66,229.752,890.756,830.007,173.01,1003.017,0.506,6832.563,4.573,6837.136,114065.457,150,261.677,350.055,16.992,1.361,0.547,3.405,10840.76,356.716,0.77,2097.8,7.8,839.1,0,0,18.784,27.295,19.728,141,Mackay,Mackay,Pind,1964,Furrow,BareFallow,42,MW_Surf2,130_150,100,3,3,SWD_0_50_200_50_50,P2R,MW_01MayR6V1,MW_T3,1431.5,1190.756,454.412,627.422,18.9,1.908,11.7069324026081,0.138981692234528,18.5868,0.92934,0.532721637744242,25.676,3_3
01/07/1995,1995,182,1994,01-May,4,sugar,alive,0,0,6,365,4.511,1988,1/7/1994,122,0,0,182,1995,14,2616,5460.98,4836.15,6035.84,4185.82,129.154,2325.18,,0,0,0,19.244,115.5,61.138,51.138,4.573,6832.563,6837.136,114065.457,17.29,15.01,1.431,3,300,981.1,85.502,196.851,821.724,805.295,172.191,977.486,0.347,6864.414,4.33,6868.744,114495.681,150,242.811,318.671,3.385,0.321,3.998,0.909,10592.033,358.365,0.773,2115.5,7.9,846.2,0,0,18.418,27.531,20.482,112.5,Mackay,Mackay,Pind,1964,Furrow,BareFallow,42,MW_Surf2,130_150,100,3,3,SWD_0_50_200_50_50,P2R,MW_01MayR6V1,MW_T3,1281.1,1121.724,282.353,454.544,7.704,4.319,11.513883985722,0.132128746600974,17.2205333333333,0.861026666666667,0.531911651449069,23.252,3_3
03/05/1996,1996,124,0,01-May,4,none,out,0,0,-1,0,6,1988,0.000,124,2,0,184,-1,12,2616,0,0,0,0,0,0,,0,0,0,0,0,82.4,72.4,4.33,6864.414,6868.744,114495.681,0,0,1.441,0,0,1164.5,510.41,234.449,790.56,0,280.105,280.105,1.902,6931.94,73.845,7005.785,114630.845,0,0,146.087,20.65,2.148,1.342,2.855,10615.634,359.771,0.007,10.6,0,4.3,0,0,19.25,28.218,21.163,106,Mackay,Mackay,Pind,1964,Furrow,BareFallow,42,MW_Surf2,130_150,100,3,3,SWD_0_50_200_50_50,P2R,MW_01MayR6V1,MW_T3,1164.5,790.56,744.859,1024.964,24.14,3.49,0,0,0,,,0,3_3
03/09/1997,1997,246,1996,01-May,5,sugar,alive,0,0,0,488,4.642,1996,3/5/1996,124,2,0,184,1997,12,2616,6671.21,6045.28,6923.61,5300.26,164.481,2897.16,,0,0,0,18.765,186.5,221.936,221.936,73.845,6931.94,7005.785,114630.845,26.38,24.08,1.448,3,300,1650.3,216.015,575.81,1135.404,857.619,443.571,1301.19,7.623,6731.719,22.993,6754.712,112964.174,130,360.317,373.949,45.066,9.171,6.829,8.37,5283.704,362.048,0.826,2495.4,9.1,998.2,0,0,16.695,26.453,19.349,203,Mackay,Mackay,Pind,1964,Furrow,BareFallow,42,MW_Surf2,130_150,100,3,3,SWD_0_50_200_50_50,P2R,MW_01MayR6V1,MW_T3,1950.3,1435.404,791.825,1235.396,61.066,16,11.4588645426653,0.126408134092638,21.9308,1.26523846153846,0.456489702123408,28.972,3_3
05/09/1998,1998,248,1997,01-May,5,sugar,alive,0,0,1,367,4.544,1996,3/9/1997,124,2,2,184,1998,10,2616,4809.38,4264.29,5218.15,3696.34,113.398,2221.41,,0,0,0,21.195,83.6,79.222,69.222,22.993,6731.719,6754.712,112964.174,13.15,11.16,1.407,3,300,1442.6,366.055,410.3,959.917,710.17,162.685,872.855,0.511,6819.636,2.854,6822.49,113870.123,150,190.902,281.491,15.677,14.114,0.396,3.252,9691.328,363.799,0.773,2120,8,848,0,0,18.853,27.865,19.581,157,Mackay,Mackay,Pind,1964,Furrow,BareFallow,42,MW_Surf2,130_150,100,3,3,SWD_0_50_200_50_50,P2R,MW_01MayR6V1,MW_T3,1742.6,1259.917,776.355,939.04,30.187,14.51,9.00043415558326,0.129916194556942,15.1197333333333,0.755986666666667,0.594011587097045,22.214,3_3
05/08/1999,1999,217,1998,01-May,5,sugar,alive,0,0,2,334,4.461,1996,5/9/1998,124,2,2,186,1999,10,2618,4519.55,4086.15,5082.06,3384.68,105.618,1924.18,,0,0,0,19.508,92.5,172.612,162.612,2.854,6819.636,6822.49,113870.123,14.65,13.06,1.433,3,300,2055.6,903.303,767.278,1010.953,610.869,172.541,783.41,2.073,6817.214,3.23,6820.444,113754.222,150,206.617,300.335,37.188,7.287,2.129,6.774,8877.105,365.421,0.703,1734.3,6.4,693.7,0,0,19.179,27.392,18.312,166,Mackay,Mackay,Pind,1964,Furrow,BareFallow,42,MW_Surf2,130_150,100,3,3,SWD_0_50_200_50_50,P2R,MW_01MayR6V1,MW_T3,2355.6,1310.953,1670.581,1843.122,46.604,9.416,8.05658173862831,0.134818294379699,14.0824,0.70412,0.511177686250405,19.242,3_3
05/07/2000,2000,187,1999,01-May,5,sugar,alive,0,0,3,335,4.419,1996,5/8/1999,124,2,2,186,2000,10,2618,5399.65,4761.38,5910.77,4004.14,123.274,2043.8,,0,0,0,17.493,99.1,74.22,64.22,3.23,6817.214,6820.444,113754.222,16.87,14.53,1.434,3,300,2202.6,599.472,985.183,1028.947,728.74,158.129,886.869,3.085,6834.928,2.903,6837.832,114008.45,150,233.912,294.004,3.875,0.408,6.735,0.854,8927.895,367.068,0.791,2233.3,8.3,893.3,0,0,18.739,27.056,18.664,187,Mackay,Mackay,Pind,1964,Furrow,BareFallow,42,MW_Surf2,130_150,100,3,3,SWD_0_50_200_50_50,P2R,MW_01MayR6V1,MW_T3,2502.6,1328.947,1584.655,1742.784,11.018,7.143,9.27606593791927,0.138999108098265,16.4365333333333,0.821826666666667,0.527010157666131,20.438,3_3
05/07/2001,2001,186,2000,01-May,5,sugar,alive,0,0,4,365,4.491,1996,5/7/2000,124,2,2,186,2001,10,2618,5609.12,5007.39,6199.37,4211.51,130.443,2501.8,,0,0,0,20.69,119.2,105.296,95.296,2.903,6834.928,6837.832,114008.45,18.45,16.25,1.44,3,300,1676.7,423.659,588.394,989.344,801.749,175.603,977.351,0.872,6859.196,2.106,6861.303,114441.728,150,259.694,335.145,3.05,0.109,1.067,0.88,10664.807,368.893,0.743,1938.8,7.2,775.5,0,0,17.854,27.317,19.415,235,Mackay,Mackay,Pind,1964,Furrow,BareFallow,42,MW_Surf2,130_150,100,3,3,SWD_0_50_200_50_50,P2R,MW_01MayR6V1,MW_T3,1976.7,1289.344,1012.053,1187.656,4.226,1.176,10.1170052367716,0.133465868454629,17.3924,0.86962,0.502295008741057,25.018,3_3
05/07/2002,2002,186,2001,01-May,5,sugar,alive,0,0,5,365,4.531,1996,5/7/2001,124,2,2,186,2002,10,2618,5046.29,4456.48,5594.37,3855.41,118.228,2068.41,,0,0,0,18.619,123.1,92.591,82.591,2.106,6859.196,6861.303,114441.728,18.03,15.87,1.447,3,300,985,56.415,230.95,778.707,804.649,201.021,1005.67,0.503,6885.387,4.186,6889.573,115202.401,150,254.101,334.16,2.983,0.021,0.32,0.933,10440.235,370.747,0.789,2220.5,8.2,888.2,0,0,18.126,28.642,20.847,143,Mackay,Mackay,Pind,1964,Furrow,BareFallow,42,MW_Surf2,130_150,100,3,3,SWD_0_50_200_50_50,P2R,MW_01MayR6V1,MW_T3,1285,1078.707,287.365,488.386,3.324,0.341,10.9601587826908,0.117561426710551,15.7637333333333,0.788186666666667,0.465279554193018,20.684,3_3
05/07/2003,2003,186,2002,01-May,5,sugar,alive,0,0,6,365,4.482,1996,5/7/2002,124,2,2,186,2003,10,2618,3174.49,2756.04,3650.79,2348.43,70.659,919.76,,0,0,0,13.111,100.2,84.556,74.556,4.186,6885.387,6889.573,115202.401,14.81,13.27,1.452,3,300,955.6,186.573,320.071,595.599,473.963,239.85,713.813,0.955,6948.234,4.752,6952.986,115460.515,150,198.333,283.344,7.538,0.508,1.491,1.612,9505.843,372.632,0.725,1843.6,6.9,737.4,0,0,17.847,27.889,20.503,113,Mackay,Mackay,Pind,1964,Furrow,BareFallow,42,MW_Surf2,130_150,100,3,3,SWD_0_50_200_50_50,P2R,MW_01MayR6V1,MW_T3,1255.6,895.599,506.644,746.494,9.537,1.999,7.88958004642703,0.0989881103314173,9.4212,0.47106,0.356264464310024,9.198,3_3
01/05/2004,2004,122,0,01-May,5,none,out,0,0,-1,0,6,1996,0.000,122,0,2,186,-1,10,2618,0,0,0,0,0,0,,0,0,0,0,0,119.7,109.7,4.752,6948.234,6952.986,115460.515,0,0,1.467,0,0,768,239.201,70.754,598.848,0,436.965,436.965,0.41,6857.622,170.132,7027.754,113788.483,0,0,257.645,59.045,5.83,1.119,10.784,9275.181,374.204,0.042,61.5,0.3,24.6,0,0,19.205,29.133,21.321,59,Mackay,Mackay,Pind,1964,Furrow,BareFallow,42,MW_Surf2,130_150,100,3,3,SWD_0_50_200_50_50,P2R,MW_01MayR6V1,MW_T3,768,598.848,309.955,746.92,65.994,6.949,0,0,0,,,0,3_3
01/09/2005,2005,244,2004,01-May,6,sugar,alive,2,0,0,488,4.673,2004,1/5/2004,122,0,0,182,2005,14,2616,5955.52,5419.61,6237.2,4592.71,142.767,2728.89,,0,0,0,20.611,173.9,140.78,140.78,170.132,6857.622,7027.754,113788.483,25.04,23.08,1.449,3,300,1441.4,102.728,528.587,974.146,807.852,413.571,1221.423,12.407,6699.674,65.423,6765.098,112569.872,130,339.436,324.725,68.631,9.245,8.553,12.736,4190.236,376.797,0.785,2194.1,8,877.6,0,0,16.864,27.082,19.028,202,Mackay,Mackay,Pind,1964,Furrow,BareFallow,42,MW_Surf2,130_150,100,3,3,SWD_0_50_200_50_50,P2R,MW_01MayR6V1,MW_T3,1741.4,1274.146,631.315,1044.886,86.429,17.798,11.2049168619609,0.116885796321176,19.0356,1.09820769230769,0.420600643420262,27.289,3_3
01/09/2006,2006,244,2005,01-May,6,sugar,alive,0,0,1,365,4.522,2004,1/9/2005,122,0,0,182,2006,14,2616,4969.89,4457.58,5414.35,3846.06,118.869,2305.47,,0,0,0,20.956,85.4,66.722,56.722,65.423,6699.674,6765.098,112569.872,13.37,11.49,1.414,3,300,1095.7,246.927,190.032,868.472,786.131,179.473,965.603,0.398,6778.87,17.234,6796.103,113415.446,150,187.899,285.122,32.286,32.578,1.507,6.177,9384.863,378.777,0.774,2124.3,7.9,849.7,0,0,18.726,28.337,19.693,83,Mackay,Mackay,Pind,1964,Furrow,BareFallow,42,MW_Surf2,130_150,100,3,3,SWD_0_50_200_50_50,P2R,MW_01MayR6V1,MW_T3,1395.7,1168.472,436.959,616.432,66.371,34.085,10.1730293922319,0.123103387209857,15.8492,0.79246,0.632621780850351,23.055,3_3
01/08/2007,2007,213,2006,01-May,6,sugar,alive,0,0,2,334,4.43,2004,1/9/2006,122,0,0,182,2007,14,2616,4892.45,4387.92,5441.22,3723.71,115.346,2040.62,,0,0,0,18.86,81.4,59.859,49.859,17.234,6778.87,6796.103,113415.446,13.41,11.56,1.437,3,300,2034.3,623.835,813.804,1014.509,712.428,165.872,878.3,1.641,6821.014,3.94,6824.954,114064.235,150,199.467,275.785,12.963,12.177,1.363,2.695,8496.049,380.618,0.797,2279.6,8.4,911.8,0,0,18.118,27.313,19.704,257,Mackay,Mackay,Pind,1964,Furrow,BareFallow,42,MW_Surf2,130_150,100,3,3,SWD_0_50_200_50_50,P2R,MW_01MayR6V1,MW_T3,2334.3,1314.509,1437.639,1603.511,26.503,13.54,8.77483531873878,0.131328703176591,15.3794666666667,0.768973333333333,0.57827109246141,20.406,3_3
01/07/2008,2008,183,2007,01-May,6,sugar,alive,0,0,3,335,4.418,2004,1/8/2007,122,0,0,182,2008,14,2616,3508.23,2964.7,3887.72,2619.87,78.642,1188,,0,0,0,15.681,65.6,78.221,68.221,3.94,6821.014,6824.954,114064.235,11.48,9.49,1.445,3,300,2267.9,565.592,1353.306,692.709,508.546,160.439,668.985,3.779,6893.447,4.439,6897.886,114809.187,150,170.452,249.243,9.431,2.219,4.03,1.781,8496.462,382.486,0.786,2202.5,8.3,881,0,0,18.379,27.752,19.371,532,Mackay,Mackay,Pind,1964,Furrow,BareFallow,42,MW_Surf2,130_150,100,3,3,SWD_0_50_200_50_50,P2R,MW_01MayR6V1,MW_T3,2567.9,992.709,1918.898,2079.337,15.68,6.249,7.92195900309154,0.117554205251239,10.4856,0.52428,0.461373289841128,11.88,3_3
01/07/2009,2009,182,2008,01-May,6,sugar,alive,0,0,4,365,4.484,2004,1/7/2008,122,0,0,182,2009,14,2616,5189.22,4461.4,5526.12,3836.44,115.79,1677.14,,0,0,0,14.916,133.8,58.237,48.237,4.439,6893.447,6897.886,114809.187,20.96,18.29,1.462,3,300,1875.6,370.047,813.878,930.252,788.338,198.745,987.083,3.5,6858.71,3.767,6862.477,114544.761,150,287.897,332.061,7.639,0.246,2.782,1.721,9024.369,384.553,0.814,2401.6,8.9,960.6,0,0,17.996,27.705,18.873,145,Mackay,Mackay,Pind,1964,Furrow,BareFallow,42,MW_Surf2,130_150,100,3,3,SWD_0_50_200_50_50,P2R,MW_01MayR6V1,MW_T3,2175.6,1230.252,1183.925,1382.67,10.667,3.028,9.41189284796936,0.117305231677579,15.4386666666667,0.771933333333333,0.402192450772325,16.771,3_3
01/07/2010,2010,182,2009,01-May,6,sugar,alive,0,0,5,365,4.499,2004,1/7/2009,122,0,0,182,2010,14,2616,4486.55,3914.71,4935.59,3355.72,102.545,1670.32,,0,0,0,17.135,110.6,62.829,52.829,3.767,6858.71,6862.477,114544.761,16.68,14.59,1.452,3,300,1857.2,535.541,784.368,830.096,654.451,187.36,841.811,2.364,6914.713,4.561,6919.274,114993.255,150,225.774,315.694,4.781,0.425,2.934,1.034,10104.037,386.651,0.726,1849.9,6.9,740,0,0,18.212,28.153,19.689,185,Mackay,Mackay,Pind,1964,Furrow,BareFallow,42,MW_Surf2,130_150,100,3,3,SWD_0_50_200_50_50,P2R,MW_01MayR6V1,MW_T3,2157.2,1130.096,1319.909,1507.269,8.14,3.359,9.07400787189761,0.121814754143151,13.6726666666667,0.683633333333333,0.454193131184282,16.703,3_3
01/07/2011,2011,182,2010,01-May,6,sugar,alive,0,0,6,365,4.475,2004,1/7/2010,122,0,0,182,2011,14,2616,4655.97,4208.98,5230.86,3488.1,109.063,1985.38,,0,0,0,19.491,107.4,58.309,48.309,4.561,6914.713,6919.274,114993.255,16.57,14.93,1.47,3,300,3875.8,1260.373,2078.141,1113.34,591.32,209.3,800.621,8.017,6896.596,3.168,6899.763,114774.348,150,217.129,324.078,37.909,20.51,8.101,6.79,9202.17,388.78,0.651,1503.6,5.6,601.4,0,0,18.918,26.832,17.085,220,Mackay,Mackay,Pind,1964,Furrow,BareFallow,42,MW_Surf2,130_150,100,3,3,SWD_0_50_200_50_50,P2R,MW_01MayR6V1,MW_T3,4175.8,1413.34,3338.514,3547.814,66.52,28.611,7.71668529865425,0.136223006890901,14.5417333333333,0.727086666666667,0.50229587019698,19.854,3_3
01/05/2012,2012,122,0,01-May,6,none,out,0,0,-1,0,6,2004,0.000,122,0,0,182,-1,14,2616,0,0,0,0,0,0,,0,0,0,0,0,94.975,84.975,3.168,6896.596,6899.763,114774.348,0,0,1.467,0,0,2161.5,678.784,1098.336,773.878,0,343.762,343.762,6.96,6921.366,73.858,6995.225,114602.909,0,0,163.626,37.424,9.55,5.736,5.678,9537.971,390.578,0.004,5.1,0,2,0,0,18.666,28.015,20.115,239,Mackay,Mackay,Pind,1964,Furrow,BareFallow,42,MW_Surf2,130_150,100,3,3,SWD_0_50_200_50_50,P2R,MW_01MayR6V1,MW_T3,2161.5,773.878,1777.12,2120.882,52.71,15.286,0,0,0,,,0,3_3
01/09/2013,2013,244,2012,01-May,7,sugar,alive,0,0,0,488,4.653,2012,1/5/2012,122,0,0,182,2013,14,2616,5787.49,5128.25,5909.66,4567.55,139.901,2218.53,,0,0,0,16.605,153.3,135.593,135.593,73.858,6921.366,6995.225,114602.909,22.84,20.42,1.466,3,300,2271.5,354.377,1105.633,1077.423,775.757,424.039,1199.795,12.95,6753.771,8.293,6762.064,113420.807,130,312.385,337.707,55.775,19.417,12.229,10.52,4466.619,393.501,0.847,2683.7,9.8,1073.5,0,0,16.991,26.478,18.616,189,Mackay,Mackay,Pind,1964,Furrow,BareFallow,42,MW_Surf2,130_150,100,3,3,SWD_0_50_200_50_50,P2R,MW_01MayR6V1,MW_T3,2571.5,1377.423,1460.01,1884.049,87.421,31.646,10.1567201941597,0.116604086531449,18.6534666666667,1.07616153846154,0.447848008066969,22.185,3_3
01/09/2014,2014,244,2013,01-May,7,sugar,alive,0,0,1,365,4.486,2012,1/9/2013,122,0,0,182,2014,14,2616,5547.9,4964.29,5984.35,4280.54,132.285,2463,,0,0,0,20.001,83.4,47.287,37.287,8.293,6753.771,6762.064,113420.807,13.96,11.82,1.433,3,300,1399,365.509,339.183,956.149,811.976,153.485,965.461,0.531,6829.621,2.799,6832.42,114196.796,150,202.109,272.64,5.42,5.551,0.384,1.222,9049.932,395.729,0.844,2657.9,10,1063.2,0,0,18.454,27.892,19.741,162,Mackay,Mackay,Pind,1964,Furrow,BareFallow,42,MW_Surf2,130_150,100,3,3,SWD_0_50_200_50_50,P2R,MW_01MayR6V1,MW_T3,1699,1256.149,704.692,858.177,11.355,5.935,10.5309959248465,0.137017445551918,17.638,0.8819,0.654523054391442,24.63,3_3
01/08/2015,2015,213,2014,01-May,7,sugar,alive,0,0,2,334,4.464,2012,1/9/2014,122,0,0,182,2015,14,2616,3771.65,3249.96,4185.33,2800.46,84.707,1474,,0,0,0,18.503,83.3,76.133,66.133,2.799,6829.621,6832.42,114196.796,13.25,11.34,1.454,3,300,856.5,245.154,180.076,604.26,565.676,179.524,745.2,0.209,6885.469,3.001,6888.47,115192.148,150,201.325,286.436,5.067,0.397,0.332,1.25,8885.217,397.8,0.743,1939.4,7.2,775.8,0,0,18.976,28.657,20.245,127,Mackay,Mackay,Pind,1964,Furrow,BareFallow,42,MW_Surf2,130_150,100,3,3,SWD_0_50_200_50_50,P2R,MW_01MayR6V1,MW_T3,1156.5,904.26,425.23,604.754,5.796,0.729,9.36754915621613,0.113670155662909,11.2942666666667,0.564713333333333,0.420747547497827,14.74,3_3
01/07/2016,2016,183,2015,01-May,7,sugar,alive,0,0,3,335,4.482,2012,1/8/2015,122,0,0,182,2016,14,2616,5700.92,4951.17,6110.16,4274.86,130.831,2141.58,,0,0,0,17.234,128.5,62.204,52.204,3.001,6885.469,6888.47,115192.148,20.18,17.43,1.467,3,300,1633.5,188.626,615.336,987.601,850.538,200.881,1051.42,3.097,6861.862,2.243,6864.105,114614.873,150,273.28,332.778,9.305,0.246,2.046,1.789,9356.082,399.898,0.768,2084.2,7.7,833.7,0,0,19.681,28.829,19.834,143,Mackay,Mackay,Pind,1964,Furrow,BareFallow,42,MW_Surf2,130_150,100,3,3,SWD_0_50_200_50_50,P2R,MW_01MayR6V1,MW_T3,1933.5,1287.601,803.962,1004.843,11.597,2.292,10.1608339850621,0.124432672005478,17.4441333333333,0.872206666666667,0.478743413348946,21.416,3_3
01/07/2017,2017,182,2016,01-May,7,sugar,alive,0,0,4,365,4.534,2012,1/7/2016,122,0,0,182,2017,14,2616,5357.84,4806.24,5960.71,4058.48,126.378,2297,,0,0,0,19.456,120.7,140.323,130.323,2.243,6861.862,6864.105,114614.873,18.13,16.11,1.46,3,300,2440.8,596.903,1225.75,1099.502,815.698,172.383,988.08,4.36,6870.759,5.537,6876.296,114702.949,150,249.239,354.256,22.407,2.665,2.965,4.426,10866.804,402.218,0.722,1830.2,6.8,732.1,0,0,18.71,27.886,17.426,276,Mackay,Mackay,Pind,1964,Furrow,BareFallow,42,MW_Surf2,130_150,100,3,3,SWD_0_50_200_50_50,P2R,MW_01MayR6V1,MW_T3,2740.8,1399.502,1822.653,1995.036,28.037,5.63,9.03021217547385,0.12790259897984,16.8504,0.84252,0.507055476871597,22.97,3_3
01/07/2018,2018,182,2017,01-May,7,sugar,alive,0,0,5,365,4.503,2012,1/7/2017,122,0,0,182,2018,14,2616,4043.47,3470.16,4472.63,3016.45,90.835,1382.43,,0,0,0,15.819,98.7,70.39,60.39,5.537,6870.759,6876.296,114702.949,14.99,12.89,1.465,3,300,1178,433.577,264.884,797.31,608.626,173.235,781.861,0.466,6931.414,3.766,6935.18,115442.956,150,210.576,289.294,4.375,0.708,1.515,1.009,9596.56,404.569,0.788,2218.2,8.3,887.3,0,0,18.232,28.297,18.11,103,Mackay,Mackay,Pind,1964,Furrow,BareFallow,42,MW_Surf2,130_150,100,3,3,SWD_0_50_200_50_50,P2R,MW_01MayR6V1,MW_T3,1478,1097.31,698.461,871.696,6.598,2.223,8.27797067373851,0.116177939557031,12.1113333333333,0.605566666666667,0.431364447990274,13.824,3_3
01/07/2019,2019,182,2018,01-May,7,sugar,alive,0,0,6,365,4.516,2012,1/7/2018,122,0,0,182,2019,14,2616,5478.12,4825.92,5947.34,4054.87,124.104,1905.02,,0,0,0,15.981,142.5,68.067,58.067,3.766,6931.414,6935.18,115442.956,21.41,19.02,1.481,3,300,1616.7,419.643,555.5,973.444,758.654,176.454,935.108,1.707,6901.338,3.149,6904.487,115078.689,150,287.601,344.292,9.103,0.418,2.403,1.85,9873.223,406.953,0.762,2051.2,7.6,820.5,0,0,18.518,27.946,17.42,123,Mackay,Mackay,Pind,1964,Furrow,BareFallow,42,MW_Surf2,130_150,100,3,3,SWD_0_50_200_50_50,P2R,MW_01MayR6V1,MW_T3,1916.7,1273.444,975.143,1151.597,11.924,2.821,9.74554043994082,0.132716221014043,16.5472,0.82736,0.431514494038616,19.05,3_3
01/05/2020,2020,122,0,01-May,7,none,out,0,0,-1,0,6,2012,0.000,122,0,0,182,-1,14,2616,0,0,0,0,0,0,,0,0,0,0,0,74.516,64.516,3.149,6901.338,6904.487,115078.689,0,0,1.475,0,0,1474.8,532.223,589.326,656.155,0,298.069,298.069,0.97,6969.955,84.745,7054.7,115239.837,0,0,165.45,19.374,4.001,2.416,2.68,10844.496,408.965,0.004,6.2,0,2.5,0,0,18.71,28.945,19.969,167,Mackay,Mackay,Pind,1964,Furrow,BareFallow,42,MW_Surf2,130_150,100,3,3,SWD_0_50_200_50_50,P2R,MW_01MayR6V1,MW_T3,1474.8,656.155,1121.549,1419.618,25.791,6.417,0,0,0,,,0,3_3
06/09/2021,2021,249,2020,01-May,8,sugar,alive,0,0,0,493,4.696,2020,1/5/2020,122,0,5,182,2021,9,2616,6055.14,5439.56,6261.56,4731.51,145.21,2340.59,,0,0,0,16.926,173.5,129.699,129.699,84.745,6969.955,7054.7,115239.837,26.15,23.9,1.485,3,300,1519.6,89.521,508.532,1055.976,823.113,407.644,1230.757,12.347,6767.826,29.934,6797.76,113564.952,130,358.383,374.507,56.278,3.25,8.827,10.406,5283.26,412.265,0.838,2601,9.5,1040.4,0,0,17.383,26.866,16.077,146,Mackay,Mackay,Pind,1964,Furrow,BareFallow,42,MW_Surf2,130_150,100,3,3,SWD_0_50_200_50_50,P2R,MW_01MayR6V1,MW_T3,1819.6,1355.976,598.053,1005.697,68.355,12.077,10.7088916028012,0.117984297468956,19.3613333333333,1.117,0.405181049324326,23.406,3_3
06/09/2022,2022,249,2021,01-May,8,sugar,alive,0,0,1,365,4.527,2020,6/9/2021,122,0,5,187,2022,9,2621,5459.79,4920.97,5931.88,4200.87,130.451,2405.41,,0,0,0,19.78,107.1,120.489,110.489,29.934,6767.826,6797.76,113564.952,16.53,14.56,1.443,3,300,1303.6,278.259,390.564,950.06,787.91,190.773,978.683,1.79,6825.898,6.955,6832.852,114247.453,150,227.232,323.666,19.96,15.486,0.756,4.08,9574.035,414.753,0.781,2171.4,8.1,868.6,0,0,18.546,27.892,17.534,124,Mackay,Mackay,Pind,1964,Furrow,BareFallow,42,MW_Surf2,130_150,100,3,3,SWD_0_50_200_50_50,P2R,MW_01MayR6V1,MW_T3,1603.6,1250.06,668.823,859.596,36.202,16.242,10.4355790922036,0.13329239396209,17.3934666666667,0.869673333333333,0.574087276439938,24.054,3_3
