year,today,day,SowYear,SowDate,cropCycle,currentCrop,sugarStatus,ratoon_no,sugarDAS,sugarPlantYear,sugarPlantDate,sugarPlantingDAY,sugarPlantDelay,sugarHarvDelay,sugarLastHarvDAY,sugarHarvYear,realDelayForKill,totCycle,biomass,green_biomass,cane_wt,canefw,sucrose_wt,residue_wt,burntDM,burntOrgC,burntOrgN,ccs,totalInitTAW,totalInitPAW,totalInitInorgN,totalInitOrgN,totalInitSoilN,totalInitSoilC,meanInitOC2,irrigNum,totalIrrig,totalRain,totalDrain,totalRunoff,totalEffRain,totalTransp,totalEvap,totalEvapTr,totalSediment,totalSoilOrgN,totalSoilInorgN,totalSoilN,totalSoilC,totalFert,totalNUptake,totalNit,totalDeNit,totalNO3Leach,totalNO3Runoff,totalN2O,totalCO2,CO2,surfaceom_cover,surfaceom_wt,surfaceom_n,surfaceom_c,surfaceom_no3,surfaceom_nh4,meanTMin,meanTMax,meanRadn,maxRain,Region,WStation,Soil,StartYear,IrrigSys,Fallow,DryOff,Fert,FertAmt,IrrigAmt,IrrigFreq,MillMudAmt,NRunOffModel,Planting,Tillage,totalWater,totalWaterEff,totalWaterLoss,totalWaterLossWithEvap,totalNLoss,totalNPol,GPWUI,CWUE,GPWUI_450,NUE,sucroseTH,IrrigAlloc
1956,14/04/1956,105,0,15-Apr,0,none,out,-1,0,-1,0.000,105,0,0,318,-1,21,2039,0,0,0,0,0,,0,0,0,0,0,0,0,0,0,0,0.89,0,0,908.8,24.993,440.807,459.959,0,277.705,277.705,20.633,9506.38,28.538,9534.918,141789.361,0,0,34.684,7.699,0.206,1.19,1.16,1029.471,350,0.007,9.9,0,4,0,0,22.406,30.649,17.187,67.8,Burdekin,AyrDPI,Mulg,1956,Furrow,BareFallow,35,Surf1,200,140,LowFreq,0,P2R,15AprV1R4,T1,908.8,459.959,465.8,743.505,9.095,1.396,0,0,0,,0,999
1957,14/07/1957,195,1956,15-Apr,1,sugar,alive,0,456,1956,14/4/1956,105,0,0,318,1957,21,2039,8048.3,7259.25,6239.04,193.649,3297.82,,0,0,0,18.047,194.845,194.845,28.538,9506.38,9534.918,141789.361,0.884,19,2660,1202.9,239.747,1986.552,681.023,1337.321,413.992,1751.313,41.951,9422.358,0.81,9423.168,141407.982,200,284.514,323.914,43.13,0.642,20.068,8.987,3467.395,350,0.974,5203.7,19.1,2081.5,0,0,16.955,27.951,18.212,77.7,Burdekin,AyrDPI,Mulg,1956,Furrow,BareFallow,35,Surf1,200,140,LowFreq,0,P2R,15AprV1R4,T1,3862.9,3341.023,2226.299,2640.291,63.84,20.71,5.79609897926473,0.11057360962889,6.22665594855306,0.968245,32.978,999
1958,14/08/1958,226,1957,15-Apr,1,sugar,alive,1,396,1956,14/7/1957,105,0,0,318,1958,21,2039,5085.54,4490.27,3972.02,121.435,2257.98,,0,0,0,19.971,80.134,80.134,0.81,9422.358,9423.168,141407.982,0.868,18,2520,1020.9,488.953,2051.642,452.772,994.716,4.72,999.436,0,9502.034,1.122,9503.155,142985.476,200,205.821,306.132,21.634,0.001,3.307,4.582,8004.585,350,1,14604.2,61.3,5841.7,0,0,17.772,29.136,19.572,136.1,Burdekin,AyrDPI,Mulg,1956,Furrow,BareFallow,35,Surf1,200,140,LowFreq,0,P2R,15AprV1R4,T1,3540.9,2972.772,2540.595,2545.315,24.942,3.308,4.08490795795978,0.121503527989786,4.08872053872054,0.607175,22.58,999
1959,14/09/1959,257,1958,15-Apr,1,sugar,alive,2,396,1956,14/8/1958,105,0,0,318,1959,21,2039,6234.7,5600.05,4865.66,150.068,2846.85,,0,0,0,20.434,81.003,81.003,1.122,9502.034,9503.155,142985.476,0.881,19,2660,875.3,492.6,1924.905,487.197,1110.862,4.575,1115.437,0.001,9582.794,1.183,9583.976,144734.679,200,213.032,343.882,30.05,0.001,6.033,6.251,9803.701,350,1,12976.4,50.7,5190.6,0,0,16.929,28.362,19.643,162.8,Burdekin,AyrDPI,Mulg,1956,Furrow,BareFallow,35,Surf1,200,140,LowFreq,0,P2R,15AprV1R4,T1,3535.3,3147.197,2417.505,2422.08,36.084,6.034,4.76830652799936,0.134537405519093,4.82533762057878,0.75034,28.468,999
1960,13/10/1960,287,1959,15-Apr,1,sugar,alive,3,395,1956,14/9/1959,105,0,0,318,1960,21,2039,6425.7,5752.26,5058.56,156.027,3051.42,,0,0,0,21.155,83.36,83.36,1.183,9582.794,9583.976,144734.679,0.896,20,2800,1112.7,505.678,2329.991,505.097,1080.959,10.322,1091.281,0.005,9665.577,1.521,9667.097,146697.496,200,233.597,381.447,25.804,0.001,7.203,5.357,11687.156,350,0.999,9507.7,36.7,3803.1,0,0,17.803,28.647,20.438,210.1,Burdekin,AyrDPI,Mulg,1956,Furrow,BareFallow,35,Surf1,200,140,LowFreq,0,P2R,15AprV1R4,T1,3912.7,3305.097,2835.669,2845.991,33.008,7.204,4.72079941980523,0.142976007096247,4.80083076923077,0.780135,30.514,999
1961,13/11/1961,317,1960,15-Apr,1,sugar,alive,4,396,1956,13/10/1960,105,0,0,318,1961,21,2039,7215.98,6496.5,5685.42,176.857,3619.65,,0,0,0,22.274,69.109,69.109,1.521,9665.577,9667.097,146697.496,0.914,22,3080,499,338.842,1785.737,305.054,1361.458,84.027,1445.486,0.541,9711.399,2.265,9713.665,148423.233,200,278.511,436.328,32.624,0.001,5.408,6.628,13043.911,350,0.905,3368.3,12.6,1347.3,0,0,16.991,29.222,21.178,63.2,Burdekin,AyrDPI,Mulg,1956,Furrow,BareFallow,35,Surf1,200,140,LowFreq,0,P2R,15AprV1R4,T1,3579,3385.054,2124.579,2208.606,38.033,5.409,5.22464338825909,0.122351236885034,5.01011331444759,0.884285,36.196,999
1962,18/04/1962,108,0,15-Apr,1,none,out,-1,0,1956,0.000,108,3,0,321,-1,19,2039,0,0,0,0,0,,0,0,0,0,78.044,78.044,2.265,9711.399,9713.665,148423.233,0.927,0,0,875.8,431.364,307.744,306.484,0,24.749,24.749,0.001,9846.045,9.217,9855.262,151603.791,0,0,82.562,2.569,0.006,0.339,0.28,6897.45,350,0.991,6805.1,29.5,2722,0,0,21.84,31.406,21.266,102.1,Burdekin,AyrDPI,Mulg,1956,Furrow,BareFallow,35,Surf1,200,140,LowFreq,0,P2R,15AprV1R4,T1,875.8,306.484,739.108,763.857,2.914,0.345,0,0,0,,0,999
1963,18/07/1963,199,1962,15-Apr,2,sugar,alive,0,456,1962,18/4/1962,108,3,0,321,1963,18,2039,7807.22,6981.46,6090.14,187.964,3447.68,,0,0,0,19.661,189.987,189.987,9.217,9846.045,9855.262,151603.791,0.94,20,2800,1147.9,407.408,1968.164,653.355,1383.565,298.655,1682.22,4.975,9610.173,1.728,9611.901,148973.687,200,429.858,515.282,67.887,0.004,19.874,13.237,9344.37,350,0.892,3179.1,11.7,1271.7,0,0,16.886,28.825,18.603,91.9,Burdekin,AyrDPI,Mulg,1956,Furrow,BareFallow,35,Surf1,200,140,LowFreq,0,P2R,15AprV1R4,T1,3947.9,3453.355,2375.572,2674.227,87.765,19.878,5.44293882326028,0.111735682609885,5.78350769230769,0.93982,34.477,999
1964,17/08/1964,230,1963,15-Apr,2,sugar,alive,1,396,1962,18/7/1963,108,3,0,321,1964,18,2039,6385.45,5685.76,4965.75,152.681,2692.66,,0,0,0,18.792,80.094,80.094,1.728,9610.173,9611.901,148973.687,0.912,19,2660,612.7,280.721,1698.971,446.047,1233.635,75.409,1309.043,0.622,9691.767,1.317,9693.085,150579.837,200,249.11,397.629,40.262,0.002,3.431,8.211,11850.659,350,0.896,3230.4,12.7,1292.2,0,0,17.211,29.195,19.518,92.7,Burdekin,AyrDPI,Mulg,1956,Furrow,BareFallow,35,Surf1,200,140,LowFreq,0,P2R,15AprV1R4,T1,3272.7,3106.047,1979.692,2055.101,43.695,3.433,4.91560494738167,0.116635587982977,4.90935691318328,0.763405,26.927,999
1965,17/09/1965,260,1964,15-Apr,2,sugar,alive,2,396,1962,17/8/1964,108,3,0,321,1965,18,2039,6986.29,6328.29,5399.27,167.641,3188.07,,0,0,0,20.491,64.058,64.058,1.317,9691.767,9693.085,150579.837,0.932,20,2800,831.2,338.909,1855.45,437.455,1275.496,153.428,1428.924,2.52,9685.306,1.136,9686.442,151649.711,200,308.275,446.668,33.97,0.002,7.452,6.935,11491.316,350,0.887,3109.7,11.5,1243.9,0,0,17.324,29.164,19.712,107.4,Burdekin,AyrDPI,Mulg,1956,Furrow,BareFallow,35,Surf1,200,140,LowFreq,0,P2R,15AprV1R4,T1,3631.2,3237.455,2194.359,2347.787,41.424,7.454,5.17817236069691,0.117319745486814,5.15818461538462,0.838205,31.881,999
1966,17/10/1966,290,1965,15-Apr,2,sugar,alive,3,395,1962,17/9/1965,108,3,0,321,1966,18,2039,6757.48,6028.64,5266.34,162.24,3150.57,,0,0,0,20.986,71.975,71.975,1.136,9685.306,9686.442,151649.711,0.933,22,3080,392.1,248.063,1931.138,263.288,1199.28,110.643,1309.923,1.336,9738.985,1.261,9740.246,153367.685,200,269.419,407.642,29.205,0.002,6.535,5.991,11779.515,350,0.909,3426.8,12.8,1370.7,0,0,17.835,28.885,19.842,102.9,Burdekin,AyrDPI,Mulg,1956,Furrow,BareFallow,35,Surf1,200,140,LowFreq,0,P2R,15AprV1R4,T1,3472.1,3343.288,2179.201,2289.844,35.742,6.537,4.85270787320745,0.123854608247966,4.59603399433428,0.8112,31.506,999
1967,17/11/1967,321,1966,15-Apr,2,sugar,alive,4,396,1962,17/10/1966,108,3,0,321,1967,18,2039,6766.53,6062,5285.47,163.624,3149.73,,0,0,0,20.777,54.951,54.951,1.261,9738.985,9740.246,153367.685,0.944,20,2800,821.8,368.205,1923.357,398.247,1180.341,146.236,1326.577,2.033,9759.645,1.482,9761.127,154688.321,200,288.868,431.856,38.648,0.003,5.065,7.671,11798.027,350,0.883,3060.1,11.4,1224,0,0,18.232,28.911,20.213,154.9,Burdekin,AyrDPI,Mulg,1956,Furrow,BareFallow,35,Surf1,200,140,LowFreq,0,P2R,15AprV1R4,T1,3621.8,3198.247,2291.562,2437.798,43.716,5.068,5.11605263758553,0.123343009866747,5.03458461538462,0.81812,31.497,999
1968,14/04/1968,105,0,15-Apr,2,none,out,-1,0,1962,0.000,105,0,0,321,-1,18,2039,0,0,0,0,0,,0,0,0,0,58.613,58.613,1.482,9759.645,9761.127,154688.321,0.95,0,0,1341.7,509.926,690.395,361.9,0,13.647,13.647,0,9893.923,6.013,9899.936,157887.281,0,0,60.031,1.13,0.018,0.622,0.161,5570.915,350,0.998,9142.6,40.4,3657,0,0,22.359,31.06,21.425,187.9,Burdekin,AyrDPI,Mulg,1956,Furrow,BareFallow,35,Surf1,200,140,LowFreq,0,P2R,15AprV1R4,T1,1341.7,361.9,1200.321,1213.968,1.77,0.64,0,0,0,,0,999
1969,14/07/1969,195,1968,15-Apr,3,sugar,alive,0,456,1968,14/4/1968,105,0,0,318,1969,21,2039,8289.81,7458.11,6460.28,200.242,3633.86,,0,0,0,19.421,186.345,186.345,6.013,9893.923,9899.936,157887.281,0.959,24,3360,302.7,257.727,1717.574,243.138,1487.883,297.145,1785.028,3.842,9699.373,2.071,9701.444,154956.34,200,428.013,510.553,45.452,0.007,13.017,8.821,10849.984,350,0.858,2791.9,10.2,1116.8,0,0,17.239,28.858,19.267,46.5,Burdekin,AyrDPI,Mulg,1956,Furrow,BareFallow,35,Surf1,200,140,LowFreq,0,P2R,15AprV1R4,T1,3662.7,3603.138,1975.301,2272.446,58.476,13.024,5.5574335482016,0.112178632492039,5.25569553805774,1.00121,36.339,999
1970,14/08/1970,226,1969,15-Apr,3,sugar,alive,1,396,1968,14/7/1969,105,0,0,318,1970,21,2039,6672.21,5970.21,5206.27,160.684,2985.14,,0,0,0,19.951,88.715,88.715,2.071,9699.373,9701.444,154956.34,0.939,19,2660,667.3,185.258,1742.056,401.578,1273.766,89.47,1363.236,0.867,9771.235,1.859,9773.094,156155.928,200,271.101,418.252,22.635,0.003,7.543,4.872,12829.852,350,0.877,2996.1,11.5,1198.4,0,0,17.457,29.272,20.242,133.6,Burdekin,AyrDPI,Mulg,1956,Furrow,BareFallow,35,Surf1,200,140,LowFreq,0,P2R,15AprV1R4,T1,3327.3,3061.578,1927.314,2016.784,30.181,7.546,5.24840458090566,0.117869539830227,5.16668810289389,0.80342,29.851,999
1971,14/09/1971,257,1970,15-Apr,3,sugar,alive,2,396,1968,14/8/1970,105,0,0,318,1971,21,2039,6830.96,6203.23,5347.8,166.394,3193.72,,0,0,0,20.708,125.465,125.465,1.859,9771.235,9773.094,156155.928,0.956,18,2520,1226,288.864,2102.71,708.42,1217.448,154.885,1372.333,3.074,9779.915,2.412,9782.327,156958.277,200,295.515,428.785,22.178,0.004,19.957,4.797,12123.575,350,0.842,2632.3,9.7,1052.9,0,0,17.442,28.692,19.601,220,Burdekin,AyrDPI,Mulg,1956,Furrow,BareFallow,35,Surf1,200,140,LowFreq,0,P2R,15AprV1R4,T1,3746,3228.42,2391.574,2546.459,42.139,19.961,5.15403819825178,0.121248997145737,5.60249158249158,0.83197,31.937,999
1972,13/10/1972,287,1971,15-Apr,3,sugar,alive,3,395,1968,14/9/1971,105,0,0,318,1972,21,2039,6823.26,6202.57,5317.42,165.396,3213.92,,0,0,0,21.001,107.558,107.558,2.412,9779.915,9782.327,156958.277,0.959,20,2800,1328.3,538.734,2211.354,435.242,1264.92,151.659,1416.579,2.299,9805.027,1.302,9806.329,157859.396,200,285.5,422.982,29.496,0.008,11.062,5.908,11980.279,350,0.87,2909.2,10.8,1163.7,0,0,16.804,28.821,20.091,206.2,Burdekin,AyrDPI,Mulg,1956,Furrow,BareFallow,35,Surf1,200,140,LowFreq,0,P2R,15AprV1R4,T1,4128.3,3235.242,2750.088,2901.747,40.566,11.07,5.11232235486557,0.116757342866159,5.08910769230769,0.82698,32.139,999
1973,17/11/1973,321,1972,15-Apr,3,sugar,alive,4,400,1968,13/10/1972,105,0,4,318,1973,17,2039,6997.6,6277.99,5418.11,167.593,3217.34,,0,0,0,20.713,69.191,69.191,1.302,9805.027,9806.329,157859.396,0.964,20,2800,1238.1,481.16,2126.317,654.184,1201.686,155.798,1357.484,2.549,9823.889,2.552,9826.44,158435.909,200,299.845,438.601,32.111,0.007,6.355,6.384,12870.992,350,0.803,2317.3,8.6,926.9,0,0,18.843,29.254,19.804,108.5,Burdekin,AyrDPI,Mulg,1956,Furrow,BareFallow,35,Surf1,200,140,LowFreq,0,P2R,15AprV1R4,T1,4038.1,3454.184,2607.477,2763.275,38.473,6.362,4.85188397607076,0.123458545367754,5.15670769230769,0.837965,32.173,999
1974,15/04/1974,105,0,15-Apr,3,none,out,-1,0,1968,0.000,105,0,4,322,-1,17,2043,0,0,0,0,0,,0,0,0,0,142.33,142.33,2.552,9823.889,9826.44,158435.909,0.969,0,0,1721.8,905.456,741.204,284.787,0,9.023,9.023,0,9956.671,4.695,9961.366,161648.521,0,0,44.123,1.312,0.075,0.606,0.135,5234.649,350,0.999,10586.5,43.8,4234.6,0,0,22.293,30.139,17.364,152.9,Burdekin,AyrDPI,Mulg,1956,Furrow,BareFallow,35,Surf1,200,140,LowFreq,0,P2R,15AprV1R4,T1,1721.8,284.787,1646.66,1655.683,1.993,0.681,0,0,0,,0,999
1975,15/07/1975,196,1974,15-Apr,4,sugar,alive,0,456,1974,15/4/1974,105,0,0,318,1975,21,2039,8646.83,7708.13,6759.56,208.488,3589.48,,0,0,0,18.277,208.448,208.448,4.695,9956.671,9961.366,161648.521,0.977,20,2800,763.6,311.6,1690.77,530.033,1443.391,259.679,1703.07,3.285,9804.759,1.893,9806.652,158104.405,200,404.635,475.983,30.069,0.019,13.138,5.901,12180.757,350,0.914,3508.4,12.9,1403.4,0,0,17.001,28.293,19.228,65,Burdekin,AyrDPI,Mulg,1956,Furrow,BareFallow,35,Surf1,200,140,LowFreq,0,P2R,15AprV1R4,T1,3563.6,3330.033,2002.37,2262.049,43.226,13.157,6.26083885655187,0.122418925822192,6.41501538461538,1.04244,35.895,999
1976,14/08/1976,227,1975,15-Apr,4,sugar,alive,1,396,1974,15/7/1975,105,0,0,318,1976,21,2039,5884.37,5283.53,4569.96,141.323,2649.86,,0,0,0,20.163,66.607,66.607,1.893,9804.759,9806.652,158104.405,0.963,16,2240,1989.1,940.289,2254.182,662.865,985.04,33.93,1018.97,0.091,9898.283,1.416,9899.699,158560.959,200,221.022,363.474,41.841,0.023,3.628,8.337,12947.981,350,0.964,4738.1,19.3,1895.2,0,0,17.81,28.163,18.823,179.8,Burdekin,AyrDPI,Mulg,1956,Furrow,BareFallow,35,Surf1,200,140,LowFreq,0,P2R,15AprV1R4,T1,4229.1,2902.865,3194.471,3228.401,45.492,3.651,4.86839725581451,0.138692012522449,5.25364312267658,0.706615,26.499,999
1977,14/09/1977,257,1976,15-Apr,4,sugar,alive,2,396,1974,14/8/1976,105,0,0,318,1977,21,2039,7034.06,6355.47,5492.22,170.049,3085.42,,0,0,0,19.418,82.266,82.266,1.416,9898.283,9899.699,158560.959,0.983,18,2520,1380,391.821,2228.339,538.664,1156.157,129.357,1285.515,2.605,9891.801,1.321,9893.121,157920.673,200,315.229,445.004,27.437,0.015,8.527,5.781,13532.36,350,0.899,3270,12,1308,0,0,17.722,28.369,19.544,170.6,Burdekin,AyrDPI,Mulg,1956,Furrow,BareFallow,35,Surf1,200,140,LowFreq,0,P2R,15AprV1R4,T1,3900,3058.664,2620.16,2749.517,35.979,8.542,5.55958418446747,0.132280836863047,5.72555555555556,0.850245,30.854,999
1978,14/10/1978,287,1977,15-Apr,4,sugar,alive,3,395,1974,14/9/1977,105,0,0,318,1978,21,2039,7398.87,6668.01,5831.4,180.787,3518.59,,0,0,0,21.039,76.591,76.591,1.321,9891.801,9893.121,157920.673,0.986,19,2660,953.7,296.945,1966.746,530.505,1228.104,123.94,1352.044,1.498,9917.058,1.385,9918.443,157412.393,200,299.813,434.571,27.98,0.013,7.713,5.794,14251.325,350,0.884,3078.8,11.4,1231.5,0,0,17.755,28.363,20.718,150.6,Burdekin,AyrDPI,Mulg,1956,Furrow,BareFallow,35,Surf1,200,140,LowFreq,0,P2R,15AprV1R4,T1,3613.7,3190.505,2263.691,2387.631,35.706,7.726,5.66640704214537,0.133713843632308,5.81308681672026,0.903935,35.186,999
1979,14/11/1979,318,1978,15-Apr,4,sugar,alive,4,396,1974,14/10/1978,105,0,0,318,1979,21,2039,6809.48,6119.62,5271.67,163.618,3208.45,,0,0,0,21.22,74.555,74.555,1.385,9917.058,9918.443,157412.393,0.992,19,2660,1489.5,583.696,2323.727,495.959,1122.486,127.728,1250.214,1.588,9931.329,2.286,9933.615,156848.331,200,291.542,433.749,44.375,0.029,5.148,8.638,13984.5,350,0.853,2739.1,10.2,1095.7,0,0,18.32,28.53,19.539,350.7,Burdekin,AyrDPI,Mulg,1956,Furrow,BareFallow,35,Surf1,200,140,LowFreq,0,P2R,15AprV1R4,T1,4149.5,3155.959,2907.423,3035.151,49.552,5.177,5.18441462642576,0.130871994714505,5.26102893890675,0.81809,32.084,999
1980,16/04/1980,107,0,15-Apr,4,none,out,-1,0,1974,0.000,107,2,0,320,-1,20,2039,0,0,0,0,0,,0,0,0,0,66.418,66.418,2.286,9931.329,9933.615,156848.331,0.998,0,0,636.1,255.835,245.713,304.881,0,19.788,19.788,0,10076.271,8.194,10084.466,159195.798,0,0,79.984,1.806,0.13,0.247,0.232,7331.745,350,0.995,7541.4,33.4,3016.6,0,0,22.444,31.488,22.369,86.4,Burdekin,AyrDPI,Mulg,1956,Furrow,BareFallow,35,Surf1,200,140,LowFreq,0,P2R,15AprV1R4,T1,636.1,304.881,501.548,521.336,2.183,0.377,0,0,0,,0,999
1981,16/07/1981,197,1980,15-Apr,5,sugar,alive,0,456,1980,16/4/1980,107,2,0,320,1981,19,2039,8538.28,7676.71,6710.19,207.958,3584.15,,0,0,0,18.299,181.181,181.181,8.194,10076.271,10084.466,159195.798,1.01,19,2660,1226.2,497.06,1846.347,653.611,1361,290.667,1651.667,4.397,9828.962,2.142,9831.104,155010.301,200,466.829,547.296,50.853,0.239,16.815,9.958,11474.517,350,0.905,3362.6,12.3,1345,0,0,17.517,28.03,18.763,104.8,Burdekin,AyrDPI,Mulg,1956,Furrow,BareFallow,35,Surf1,200,140,LowFreq,0,P2R,15AprV1R4,T1,3886.2,3313.611,2343.407,2634.074,67.907,17.054,6.27587245455185,0.12590794633543,6.68675241157556,1.03979,35.842,999
1982,16/08/1982,228,1981,15-Apr,5,sugar,alive,1,396,1980,16/7/1981,107,2,0,320,1982,19,2039,7091.4,6364.17,5521.5,170.68,3303.02,,0,0,0,20.903,72.308,72.308,2.142,9828.962,9831.104,155010.301,0.986,19,2660,604.4,246.022,1643.007,436.515,1296.176,79.226,1375.402,0.766,9896.004,1.314,9897.318,155436.275,200,282.172,420.644,29.871,0.08,4.229,6.175,13821.756,350,0.912,3478,13.4,1391.2,0,0,17.543,28.982,19.461,47.4,Burdekin,AyrDPI,Mulg,1956,Furrow,BareFallow,35,Surf1,200,140,LowFreq,0,P2R,15AprV1R4,T1,3264.4,3096.515,1889.029,1968.255,34.18,4.309,5.51200300983525,0.124094628334116,5.48810289389068,0.8534,33.03,999
1983,16/09/1983,259,1982,15-Apr,5,sugar,alive,2,396,1980,16/8/1982,107,2,0,320,1983,19,2039,7018.35,6296.6,5494.54,169.786,3130.49,,0,0,0,19.779,72.277,72.277,1.314,9896.004,9897.318,155436.275,1.005,20,2800,637.3,323.897,1795.427,367.45,1195.882,119.167,1315.05,1.785,9907.312,1.232,9908.543,155574.293,200,313.038,445.527,27.821,0.083,7.072,5.846,13701.183,350,0.881,3043.2,11.3,1217.3,0,0,17.947,28.664,19.864,95.4,Burdekin,AyrDPI,Mulg,1956,Furrow,BareFallow,35,Surf1,200,140,LowFreq,0,P2R,15AprV1R4,T1,3437.3,3167.45,2119.324,2238.491,34.976,7.155,5.36033717975027,0.129109919774914,5.22418461538462,0.84893,31.305,999
1984,15/10/1984,289,1983,15-Apr,5,sugar,alive,3,395,1980,16/9/1983,107,2,0,320,1984,19,2039,7159.66,6477.03,5546.94,172.389,3328.35,,0,0,0,20.848,75.204,75.204,1.232,9907.312,9908.543,155574.293,1.01,22,3080,624.6,364.674,1959.508,453.055,1229.656,143.426,1373.082,2.203,9909.688,3.051,9912.739,155518.52,200,314.859,454.061,32.174,0.097,6.989,6.457,13633.766,350,0.814,2400.8,8.9,960.3,0,0,17.799,28.707,19.486,75.6,Burdekin,AyrDPI,Mulg,1956,Furrow,BareFallow,35,Surf1,200,140,LowFreq,0,P2R,15AprV1R4,T1,3704.6,3533.055,2324.182,2467.608,39.26,7.086,4.8793183236604,0.12554894755011,4.88354107648725,0.861945,33.283,999
1985,15/11/1985,319,1984,15-Apr,5,sugar,alive,4,396,1980,15/10/1984,107,2,0,320,1985,19,2039,7278.56,6626.56,5686.81,177.644,3395.59,,0,0,0,20.611,82.54,82.54,3.051,9909.688,9912.739,155518.52,1.011,21,2940,872.5,342.761,2035.307,551.276,1260.408,148.241,1408.649,2.379,9918.393,3.28,9921.673,155423.927,200,306.162,454.896,38.695,0.105,8.316,7.737,13822.993,350,0.77,2097.7,7.8,839.1,0,0,17.778,28.771,19.556,111.4,Burdekin,AyrDPI,Mulg,1956,Furrow,BareFallow,35,Surf1,200,140,LowFreq,0,P2R,15AprV1R4,T1,3812.5,3491.276,2378.068,2526.309,47.116,8.421,5.08822562295276,0.1261094850456,5.24023598820059,0.88822,33.956,999
1986,20/04/1986,110,0,15-Apr,5,none,out,-1,0,1980,0.000,110,5,0,323,-1,17,2039,0,0,0,0,0,,0,0,0,0,108.324,108.324,3.28,9918.393,9921.673,155423.927,1.014,0,0,426.8,243.376,106.527,272.505,0,24.34,24.34,0,10072.388,7.287,10079.675,157871.625,0,0,85.032,1.157,0.227,0.096,0.212,7809.085,350,0.99,6557.5,28.6,2623,0,0,22.039,31.843,20.817,117.8,Burdekin,AyrDPI,Mulg,1956,Furrow,BareFallow,35,Surf1,200,140,LowFreq,0,P2R,15AprV1R4,T1,426.8,272.505,349.903,374.243,1.48,0.323,0,0,0,,0,999
1987,20/07/1987,201,1986,15-Apr,6,sugar,alive,0,456,1986,20/4/1986,110,5,0,323,1987,16,2039,8152.73,7266.54,6376.2,196.642,3871.2,,0,0,0,21.315,160.881,160.881,7.287,10072.388,10079.675,157871.625,1.027,22,3080,579.1,177.9,1822.647,463.006,1427.115,313.121,1740.236,6.344,9807.286,1.994,9809.28,152771.826,200,459.863,547.81,66.126,0.21,19.882,13.059,11945.206,350,0.883,3066.1,11.2,1226.4,0,0,18.07,29.149,18.291,44,Burdekin,AyrDPI,Mulg,1956,Furrow,BareFallow,35,Surf1,200,140,LowFreq,0,P2R,15AprV1R4,T1,3659.1,3543.006,2000.547,2313.668,86.218,20.092,5.55014583661445,0.112997317605198,5.57059490084986,0.98321,38.712,999
1988,19/08/1988,232,1987,15-Apr,6,sugar,alive,1,396,1986,20/7/1987,110,5,0,323,1988,16,2039,7059.14,6295.96,5442.54,167.266,3183.81,,0,0,0,20.512,79.199,79.199,1.994,9807.286,9809.28,152771.826,0.997,18,2520,977.5,233.953,1921.988,458.247,1269.07,76.145,1345.215,0.722,9885.776,1.168,9886.944,152704.205,200,263.255,413.946,31.998,0.148,4.445,6.662,14076.677,350,0.909,3417.2,13.1,1366.9,0,0,18.079,29.175,19.629,254,Burdekin,AyrDPI,Mulg,1956,Furrow,BareFallow,35,Surf1,200,140,LowFreq,0,P2R,15AprV1R4,T1,3497.5,2978.247,2155.941,2232.086,36.591,4.593,5.61625681147333,0.124341462145456,5.63185185185185,0.83633,31.838,999
1989,19/09/1989,262,1988,15-Apr,6,sugar,alive,2,396,1986,19/8/1988,110,5,0,323,1989,16,2039,6906.3,6212.82,5390.66,166.58,3150.44,,0,0,0,20.362,75.543,75.543,1.168,9885.776,9886.944,152704.205,1.016,17,2380,1390,452.818,2019.013,748.095,1181.316,110.997,1292.313,1.9,9918.015,1.056,9919.071,152446.578,200,294.766,426.432,23.266,0.168,7.732,4.876,14215.784,350,0.869,2901.6,10.7,1160.7,0,0,17.931,28.542,19.079,134.8,Burdekin,AyrDPI,Mulg,1956,Furrow,BareFallow,35,Surf1,200,140,LowFreq,0,P2R,15AprV1R4,T1,3770,3128.095,2471.831,2582.828,31.166,7.9,5.32528583690713,0.128900661062761,5.88621908127209,0.8329,31.504,999
1990,19/10/1990,292,1989,15-Apr,6,sugar,alive,3,395,1986,19/9/1989,110,5,0,323,1990,16,2039,6920.28,6304.74,5441.89,169.789,3234.78,,0,0,0,20.534,81.399,81.399,1.056,9918.015,9919.071,152446.578,1.023,19,2660,1277.8,534.736,2058.232,521.723,1209.313,153.583,1362.896,2.812,9922.419,1.443,9923.862,151694.021,200,309,447.731,31.35,0.203,7.501,6.244,13832.675,350.861,0.877,2992.4,11.1,1196.9,0,0,17.459,28.769,20.296,103,Burdekin,AyrDPI,Mulg,1956,Furrow,BareFallow,35,Surf1,200,140,LowFreq,0,P2R,15AprV1R4,T1,3937.8,3181.723,2592.968,2746.551,39.054,7.704,5.33638534844171,0.124579571735481,5.45945337620579,0.848945,32.348,999
1991,21/11/1991,325,1990,15-Apr,6,sugar,alive,4,398,1986,19/10/1990,110,5,2,323,1991,14,2039,7764.96,6967.16,6043.68,187.428,3884.43,,0,0,0,22.592,63.334,63.334,1.443,9922.419,9923.862,151694.021,1.025,21,2940,1742.6,652.009,2488.624,388.851,1340.845,152.092,1492.936,2.108,9922.441,2.8,9925.24,150559.888,200,326.539,455.486,23.785,0.319,7.676,4.815,14519.615,352.544,0.87,2913.8,10.8,1165.5,0,0,17.801,29.053,19.711,204.4,Burdekin,AyrDPI,Mulg,1956,Furrow,BareFallow,35,Surf1,200,140,LowFreq,0,P2R,15AprV1R4,T1,4682.6,3328.851,3140.633,3292.725,31.78,7.995,5.63041121395941,0.125543224893766,5.52884955752212,0.93714,38.844,999
1992,17/04/1992,108,0,15-Apr,6,none,out,-1,0,1986,0.000,108,3,2,323,-1,17,2041,0,0,0,0,0,,0,0,0,0,112.364,112.364,2.8,9922.441,9925.24,150559.888,1.028,0,0,427.8,199.802,162.725,232.51,0,13.314,13.314,0,10079.604,5.119,10084.723,152786.155,0,0,83.537,1.049,0.373,0.195,0.201,8195.694,353.179,0.998,8645.7,38.6,3458.3,0,0,21.957,31.9,22.526,122.8,Burdekin,AyrDPI,Mulg,1956,Furrow,BareFallow,35,Surf1,200,140,LowFreq,0,P2R,15AprV1R4,T1,427.8,232.51,362.527,375.841,1.617,0.568,0,0,0,,0,999
1993,17/07/1993,198,1992,15-Apr,7,sugar,alive,0,456,1992,17/4/1992,108,3,0,321,1993,18,2039,9279.71,8335.72,7269.55,225.195,4338.33,,0,0,0,20.796,164.323,164.323,5.119,10079.604,10084.723,152786.155,1.04,22,3080,627.7,235.262,1728.796,440.923,1538.007,297.255,1835.263,4.164,9838.802,2.95,9841.752,146501.338,200,477.817,549.711,40.315,0.49,15.2,7.752,14437.469,355.167,0.894,3208.5,11.8,1283.4,0,0,17.452,28.726,19.47,72,Burdekin,AyrDPI,Mulg,1956,Furrow,BareFallow,35,Surf1,200,140,LowFreq,0,P2R,15AprV1R4,T1,3707.7,3520.923,1964.058,2261.313,56.005,15.69,6.395908118411,0.122704484316417,6.37946175637394,1.125975,43.383,999
1994,17/08/1994,229,1993,15-Apr,7,sugar,alive,1,396,1992,17/7/1993,108,3,0,321,1994,18,2039,7315,6575.88,5768.42,178.839,3373.78,,0,0,0,20.304,72.702,72.702,2.95,9838.802,9841.752,146501.338,1.017,21,2940,409.4,209.317,1793.344,318.963,1292.167,48.922,1341.089,0.243,9889.564,1.392,9890.956,146736.451,200,292.676,447.461,28.917,2.083,8.175,5.968,14751.584,356.925,0.942,4059.6,15.9,1623.9,0,0,17.866,29.005,19.986,46.8,Burdekin,AyrDPI,Mulg,1956,Furrow,BareFallow,35,Surf1,200,140,LowFreq,0,P2R,15AprV1R4,T1,3349.4,3258.963,2002.661,2051.583,39.175,10.258,5.48760449259473,0.133353565647023,5.27548672566372,0.894195,33.738,999
1995,17/09/1995,260,1994,15-Apr,7,sugar,alive,2,396,1992,17/8/1994,108,3,0,321,1995,18,2039,7993.92,7210.68,6308.52,195.684,3744.8,,0,0,0,20.638,78.353,78.353,1.392,9889.564,9890.956,146736.451,1.038,21,2940,508.6,240.388,1713.155,341.606,1356.826,125.54,1482.365,1.653,9870.398,1.156,9871.554,146644.586,200,354.524,488.404,22.807,0.701,7.322,4.853,14693.714,358.717,0.873,2946,10.9,1178.4,0,0,18.56,29.134,20.47,55.2,Burdekin,AyrDPI,Mulg,1956,Furrow,BareFallow,35,Surf1,200,140,LowFreq,0,P2R,15AprV1R4,T1,3448.6,3281.606,1953.543,2079.083,30.83,8.023,5.96305589397387,0.132007973744658,5.77238938053097,0.97842,37.448,999
1996,16/10/1996,290,1995,15-Apr,7,sugar,alive,3,395,1992,17/9/1995,108,3,0,321,1996,18,2039,7818.99,7038.54,6204.45,192.418,3916.44,,0,0,0,22.135,91.044,91.044,1.156,9870.398,9871.554,146644.586,1.038,22,3080,547.9,250.293,1930.041,314.064,1348.876,121.389,1470.265,1.496,9879.766,1.456,9881.222,146775.583,200,326.395,467.31,28.871,0.178,5.575,5.918,14636.867,360.539,0.9,3293.9,12.2,1317.6,0,0,19.293,29.683,20.754,107,Burdekin,AyrDPI,Mulg,1956,Furrow,BareFallow,35,Surf1,200,140,LowFreq,0,P2R,15AprV1R4,T1,3627.9,3394.064,2180.334,2301.723,34.624,5.753,5.66925078607828,0.130873005886694,5.45093484419264,0.96209,39.164,999
1997,16/11/1997,320,1996,15-Apr,7,sugar,alive,4,396,1992,16/10/1996,108,3,0,321,1997,18,2039,7501.72,6710.38,5990.52,185.551,3757.14,,0,0,0,22.006,68.345,68.345,1.456,9879.766,9881.222,146775.583,1.042,20,2800,954.2,419.417,2098.556,461.561,1117.9,131.914,1249.814,1.656,9918.776,1.473,9920.249,147309.308,200,296.427,431.345,24.379,0.119,7.895,4.905,14000.52,362.399,0.888,3132.2,11.6,1252.9,0,0,19.557,28.556,20.762,116.8,Burdekin,AyrDPI,Mulg,1956,Furrow,BareFallow,35,Surf1,200,140,LowFreq,0,P2R,15AprV1R4,T1,3754.2,3261.561,2517.973,2649.887,32.393,8.014,5.68902436594011,0.148462891278222,5.70926153846154,0.927755,37.571,999
1998,02/05/1998,122,0,15-Apr,7,none,out,-1,0,1992,0.000,122,17,0,335,-1,14,2039,0,0,0,0,0,,0,0,0,0,54.758,54.758,1.473,9918.776,9920.249,147309.308,1.049,0,0,792.9,211.29,426.53,321.407,0,16.123,16.123,0,10069.779,3.773,10073.552,149927.577,0,0,71.306,1.089,0.197,0.438,0.18,7368.726,363.201,0.996,8023.3,33.4,3209.3,0,0,23.575,31.185,19.983,189.6,Burdekin,AyrDPI,Mulg,1956,Furrow,BareFallow,35,Surf1,200,140,LowFreq,0,P2R,15AprV1R4,T1,792.9,321.407,637.82,653.943,1.724,0.635,0,0,0,,0,999
1999,01/08/1999,213,1998,15-Apr,8,sugar,alive,0,456,1998,2/5/1998,122,17,0,335,1999,14,2039,9509.67,8513.96,7522.66,232.401,4075.34,,0,0,0,18.669,193.715,193.715,3.773,10069.779,10073.552,149927.577,1.06,19,2660,1253.9,366.22,2039.276,741.873,1366.388,266.481,1632.869,4.964,9824.005,2.204,9826.209,145931.642,200,475.896,542.308,39.715,2.667,16.369,7.718,12037.335,365.401,0.934,3875.4,14.2,1550.1,0,0,19.352,28.323,18.244,112,Burdekin,AyrDPI,Mulg,1956,Furrow,BareFallow,35,Surf1,200,140,LowFreq,0,P2R,15AprV1R4,T1,3913.9,3401.873,2405.496,2671.977,58.751,19.036,6.83156014348566,0.142326788003202,7.47270096463023,1.162005,40.753,999
2000,31/08/2000,244,1999,15-Apr,8,sugar,alive,1,396,1998,1/8/1999,122,17,0,335,2000,14,2039,6850.17,6127.01,5436.3,167.657,3125.59,,0,0,0,20.031,69.248,69.248,2.204,9824.005,9826.209,145931.642,1.036,16,2240,1497.1,579.572,2125.544,619.851,1006.262,26.067,1032.329,0.059,9924.168,1.205,9925.373,147149.742,200,241.315,378.379,22.545,0.294,5.832,4.768,13083.855,367.35,0.989,6490.6,25.8,2596.2,0,0,18.608,27.956,19.392,136,Burdekin,AyrDPI,Mulg,1956,Furrow,BareFallow,35,Surf1,200,140,LowFreq,0,P2R,15AprV1R4,T1,3737.1,2859.851,2705.116,2731.183,28.671,6.126,5.86243828786884,0.162406558374317,6.23260223048327,0.838285,31.256,999
2001,01/10/2001,274,2000,15-Apr,8,sugar,alive,2,396,1998,31/8/2000,122,17,0,335,2001,14,2039,7432.39,6686.07,5845.01,181.064,3702.41,,0,0,0,22.251,68.904,68.904,1.205,9924.168,9925.373,147149.742,1.057,21,2940,561.9,269.132,1856.707,392.268,1278.839,104.265,1383.104,1.108,9923.898,1.457,9925.355,147163.878,200,326.575,459.65,25.758,0.056,7.324,5.318,14370.596,369.333,0.912,3479.4,12.9,1391.8,0,0,17.905,29.162,20.186,52,Burdekin,AyrDPI,Mulg,1956,Furrow,BareFallow,35,Surf1,200,140,LowFreq,0,P2R,15AprV1R4,T1,3501.9,3332.268,2125.839,2230.104,33.138,7.38,5.43365659664829,0.130911341446486,5.3411209439528,0.90532,37.024,999
2002,31/10/2002,304,2001,15-Apr,8,sugar,alive,3,395,1998,1/10/2001,122,17,0,335,2002,14,2039,7768.12,6992.77,6146.3,190.69,3865.67,,0,0,0,22.035,61.861,61.861,1.457,9923.898,9925.355,147163.878,1.06,21,2940,810.4,185.725,1981.096,324.692,1427.955,166.121,1594.075,2.873,9896.288,1.332,9897.621,147081.337,200,361.692,508.51,24.305,0.061,7.407,5.003,14267.382,371.351,0.914,3498.1,12.9,1399.2,0,0,18.484,30.328,21.356,206,Burdekin,AyrDPI,Mulg,1956,Furrow,BareFallow,35,Surf1,200,140,LowFreq,0,P2R,15AprV1R4,T1,3750.4,3264.692,2166.821,2332.942,31.773,7.468,5.84097979227443,0.119624233489641,5.62507374631268,0.95345,38.657,999
2003,01/12/2003,335,2002,15-Apr,8,sugar,alive,4,396,1998,31/10/2002,122,17,0,335,2003,14,2039,7824.85,6952.45,6204.23,191.559,3917.36,,0,0,0,22.253,51.364,51.364,1.332,9896.288,9897.621,147081.337,1.058,22,3080,463.8,239.895,1736.46,274.823,1417.481,147.631,1565.112,1.815,9913.784,1.563,9915.347,147275.476,200,331.001,470.799,22.16,0.062,6.303,4.676,14444.229,373.405,0.897,3252.3,12.1,1300.9,0,0,18.614,30.065,21.31,51,Burdekin,AyrDPI,Mulg,1956,Furrow,BareFallow,35,Surf1,200,140,LowFreq,0,P2R,15AprV1R4,T1,3543.8,3354.823,1976.355,2123.986,28.525,6.365,5.70995846874783,0.122393157805959,5.42660056657224,0.957795,39.174,999
2004,14/04/2004,105,0,15-Apr,8,none,out,-1,0,1998,0.000,105,0,0,335,-1,14,2039,0,0,0,0,0,,0,0,0,0,53.697,53.697,1.563,9913.784,9915.347,147275.476,1.062,0,0,651.6,224.309,294.35,293.533,0,8.537,8.537,0,10068.662,2.889,10071.551,150736.616,0,0,64.373,0.828,0.16,0.339,0.155,6233.823,374.113,0.999,10169.3,44.9,4067.7,0,0,22.971,32.313,21.346,173.2,Burdekin,AyrDPI,Mulg,1956,Furrow,BareFallow,35,Surf1,200,140,LowFreq,0,P2R,15AprV1R4,T1,651.6,293.533,518.659,527.196,1.327,0.499,0,0,0,,0,999
2005,14/07/2005,195,2004,15-Apr,9,sugar,alive,0,456,2004,14/4/2004,105,0,0,318,2005,21,2039,8816.75,7864.77,6972.79,215.198,4121.84,,0,0,0,20.659,178.101,178.101,2.889,10068.662,10071.551,150736.616,1.072,22,3080,719.2,219.738,1886.869,301.138,1535.987,269.43,1805.417,4.05,9837.61,2.318,9839.928,146075.729,200,490.483,554.696,24.92,0.653,10.862,4.937,13217.399,376.54,0.928,3750.1,13.8,1500,0,0,17.68,29.343,19.68,143.4,Burdekin,AyrDPI,Mulg,1956,Furrow,BareFallow,35,Surf1,200,140,LowFreq,0,P2R,15AprV1R4,T1,3799.2,3381.138,2106.607,2376.037,36.435,11.515,6.36466183870638,0.119195731512443,6.09626062322946,1.07599,41.218,999
2006,14/08/2006,226,2005,15-Apr,9,sugar,alive,1,396,2004,14/7/2005,105,0,0,318,2006,21,2039,7290.82,6509.85,5713.95,176.164,3414.56,,0,0,0,20.941,65.278,65.278,2.318,9837.61,9839.928,146075.729,1.05,19,2660,985.3,315.739,1990.763,535.073,1265.716,45.466,1311.182,0.276,9908.139,1.259,9909.398,146927.084,200,261.431,420.772,43.074,0.491,4.604,8.744,13764.181,378.682,0.933,3854.3,15.1,1541.7,0,0,18.705,29.095,19.266,178.4,Burdekin,AyrDPI,Mulg,1956,Furrow,BareFallow,35,Surf1,200,140,LowFreq,0,P2R,15AprV1R4,T1,3645.3,3195.073,2306.502,2351.968,48.169,5.095,5.51361424292966,0.134355108596671,5.66443729903537,0.88082,34.146,999
2007,14/09/2007,257,2006,15-Apr,9,sugar,alive,2,396,2004,14/8/2006,105,0,0,318,2007,21,2039,6927.42,6256.38,5462.3,169.473,3165.69,,0,0,0,20.076,92.893,92.893,1.259,9908.139,9909.398,146927.084,1.067,19,2660,940.5,460.091,1862.291,426.074,1189.315,110.768,1300.083,1.284,9927.377,1.129,9928.506,147362.675,200,304.208,437.148,26.547,0.076,7.22,5.573,13574.543,380.86,0.881,3045.5,11.3,1218.2,0,0,17.489,28.522,19.714,130.2,Burdekin,AyrDPI,Mulg,1956,Furrow,BareFallow,35,Surf1,200,140,LowFreq,0,P2R,15AprV1R4,T1,3600.5,3086.074,2322.382,2433.15,33.843,7.296,5.49154038432001,0.130355523455041,5.44929260450161,0.847365,31.657,999
2008,13/10/2008,287,2007,15-Apr,9,sugar,alive,3,395,2004,14/9/2007,105,0,0,318,2008,21,2039,7347.09,6621.92,5783.98,179.4,3575.88,,0,0,0,21.617,70.929,70.929,1.129,9927.377,9928.506,147362.675,1.071,20,2800,1328.4,557.661,2180.076,568.782,1248.46,142.674,1391.134,2.285,9929.814,1.388,9931.202,147481.511,200,315.592,447.085,33.146,0.099,5.837,6.719,13366.785,383.068,0.862,2826.5,10.4,1130.6,0,0,18.038,28.883,19.535,108.2,Burdekin,AyrDPI,Mulg,1956,Furrow,BareFallow,35,Surf1,200,140,LowFreq,0,P2R,15AprV1R4,T1,4128.4,3368.782,2737.737,2880.411,39.082,5.936,5.32536685365809,0.128959539483616,5.52,0.897,35.759,999
2009,13/11/2009,317,2008,15-Apr,9,sugar,alive,4,396,2004,13/10/2008,105,0,0,318,2009,21,2039,7453.96,6689.7,5794.51,179.459,3671.83,,0,0,0,22.267,70.458,70.458,1.388,9929.814,9931.202,147481.511,1.071,18,2520,1796.7,622.329,2247.288,518.254,1289.956,146.095,1436.051,1.837,9930.118,2.132,9932.251,147426.18,200,325.97,458.162,28.716,0.128,6.731,5.79,13861.346,385.319,0.854,2744.9,10.2,1097.9,0,0,18.57,29.61,19.499,197.2,Burdekin,AyrDPI,Mulg,1956,Furrow,BareFallow,35,Surf1,200,140,LowFreq,0,P2R,15AprV1R4,T1,4316.7,3038.254,2869.617,3015.712,35.575,6.859,5.90664901617837,0.124967010224567,6.04239057239057,0.897295,36.718,999
2010,15/04/2010,105,0,15-Apr,9,none,out,-1,0,2004,0.000,105,0,0,318,-1,21,2039,0,0,0,0,0,,0,0,0,0,81.489,81.489,2.132,9930.118,9932.251,147426.18,1.072,0,0,1032,421.581,466.952,310.336,0,11.951,11.951,0,10086.359,3.236,10089.595,150412.407,0,0,68.914,0.913,0.253,0.465,0.167,6966.283,386.205,0.998,8875.7,38.4,3550.3,0,0,22.504,31.313,19.606,135.2,Burdekin,AyrDPI,Mulg,1956,Furrow,BareFallow,35,Surf1,200,140,LowFreq,0,P2R,15AprV1R4,T1,1032,310.336,888.533,900.484,1.631,0.718,0,0,0,,0,999
2011,15/07/2011,196,2010,15-Apr,10,sugar,alive,0,456,2010,15/4/2010,105,0,0,318,2011,21,2039,9108.61,8174.51,7172.87,222.052,3970.74,,0,0,0,19.095,213.006,213.006,3.236,10086.359,10089.595,150412.407,1.083,17,2380,1485.4,389.333,1985.35,892.227,1379.13,246.768,1625.898,4.918,9857.349,2.097,9859.446,146354.119,200,465.295,531.519,36.994,1.945,14.975,7.12,12147.903,388.863,0.911,3459.1,12.7,1383.6,0,0,18.293,28.267,16.9,81.4,Burdekin,AyrDPI,Mulg,1956,Furrow,BareFallow,35,Surf1,200,140,LowFreq,0,P2R,15AprV1R4,T1,3865.4,3272.227,2374.683,2621.451,53.914,16.92,6.78595953153617,0.136571912875223,7.84636042402827,1.11026,39.707,999
2012,14/08/2012,227,2011,15-Apr,10,sugar,alive,1,396,2010,15/7/2011,105,0,0,318,2012,21,2039,7226.97,6478.29,5680.4,175.453,3292.45,,0,0,0,20.181,77.825,77.825,2.097,9857.349,9859.446,146354.119,1.06,17,2380,1152,428.216,1779.089,574.803,1246.671,52.799,1299.47,0.371,9943.912,1.657,9945.569,147418.043,200,265.786,414.073,22.852,0.351,6.768,4.871,13917.011,391.2,0.923,3658.6,14.2,1463.4,0,0,17.522,28.612,19.036,197.4,Burdekin,AyrDPI,Mulg,1956,Furrow,BareFallow,35,Surf1,200,140,LowFreq,0,P2R,15AprV1R4,T1,3532,2954.803,2207.305,2260.104,29.971,7.119,5.93789162932351,0.135018892317637,6.19975265017668,0.877265,32.924,999
2013,14/09/2013,257,2012,15-Apr,10,sugar,alive,2,396,2010,14/8/2012,105,0,0,318,2013,21,2039,7382.54,6643.54,5825.68,180.741,3388.2,,0,0,0,20.158,103.05,103.05,1.657,9943.912,9945.569,147418.043,1.08,21,2940,535.4,247.728,1851.277,292.751,1276.248,137.429,1413.676,2.165,9930.732,1.264,9931.996,147459.721,200,342.523,468.439,22.713,0.073,7.553,4.813,13943.859,393.58,0.883,3066.6,11.3,1226.6,0,0,18.05,29.079,20.08,178.6,Burdekin,AyrDPI,Mulg,1956,Furrow,BareFallow,35,Surf1,200,140,LowFreq,0,P2R,15AprV1R4,T1,3475.4,3232.751,2099.005,2236.434,30.339,7.626,5.59093477969692,0.127851784991752,5.33159292035398,0.903705,33.882,999
2014,14/10/2014,287,2013,15-Apr,10,sugar,alive,3,395,2010,14/9/2013,105,0,0,318,2014,21,2039,7478.56,6748.71,5921.95,183.663,3558.59,,0,0,0,20.932,65.768,65.768,1.264,9930.732,9931.996,147459.721,1.078,21,2940,730.4,346.888,1927.845,406.051,1262.091,144.264,1406.355,2.464,9941.547,1.288,9942.835,147731.564,200,321.978,456.273,23.281,0.086,7.425,4.798,13655.915,395.998,0.91,3446.9,12.7,1378.7,0,0,18.127,29.166,20.069,86.2,Burdekin,AyrDPI,Mulg,1956,Furrow,BareFallow,35,Surf1,200,140,LowFreq,0,P2R,15AprV1R4,T1,3670.4,3346.051,2274.733,2418.997,30.792,7.511,5.48894801663214,0.130595048903015,5.41778761061947,0.918315,35.586,999
2015,14/11/2015,318,2014,15-Apr,10,sugar,alive,4,396,2010,14/10/2014,105,0,0,318,2015,21,2039,7798.79,6984.14,6161.37,190.537,3869.63,,0,0,0,22.08,55.079,55.079,1.288,9941.547,9942.835,147731.564,1.08,22,3080,382.4,169.985,1717.142,221.701,1420.311,149.148,1569.459,1.922,9933.779,1.465,9935.244,147644.379,200,347.717,487.04,22.271,0.064,6.693,4.698,14399.294,398.452,0.907,3397.7,12.5,1359.1,0,0,18.652,30.213,20.932,83.4,Burdekin,AyrDPI,Mulg,1956,Furrow,BareFallow,35,Surf1,200,140,LowFreq,0,P2R,15AprV1R4,T1,3462.4,3301.701,1887.127,2036.275,29.028,6.757,5.77087386168523,0.121402980262626,5.39764872521247,0.952685,38.696,999
2016,14/04/2016,105,0,15-Apr,10,none,out,-1,0,2010,0.000,105,0,0,318,-1,21,2039,0,0,0,0,0,,0,0,0,0,60.893,60.893,1.465,9933.779,9935.244,147644.379,1.08,0,0,369.6,132.28,87.415,258.527,0,9.544,9.544,0,10093.33,2.9,10096.229,150600.159,0,0,69.754,0.773,0.117,0.1,0.164,6917.187,399.406,0.999,9957,43.5,3982.8,0,0,22.856,32.574,21.881,43.6,Burdekin,AyrDPI,Mulg,1956,Furrow,BareFallow,35,Surf1,200,140,LowFreq,0,P2R,15AprV1R4,T1,369.6,258.527,219.695,229.239,0.99,0.217,0,0,0,,0,999
2017,14/07/2017,195,2016,15-Apr,11,sugar,alive,0,456,2016,14/4/2016,105,0,0,318,2017,21,2039,8226.34,7308.41,6433.27,198.032,3847.94,,0,0,0,21,201.255,201.255,2.9,10093.33,10096.229,150600.159,1.09,19,2660,1011.6,311.289,1838.461,601.96,1398.686,258.115,1656.801,4.706,9841.268,2.071,9843.339,146158.839,200,477.947,561.801,44.727,2.468,17.698,8.547,12562.967,402.302,0.916,3538,13,1415.2,0,0,18.795,29.534,17.004,107.8,Burdekin,AyrDPI,Mulg,1956,Furrow,BareFallow,35,Surf1,200,140,LowFreq,0,P2R,15AprV1R4,T1,3671.6,3261.96,2149.75,2407.865,64.893,20.166,6.07095120724963,0.119526726504873,6.3675884244373,0.99016,38.479,999
2018,14/08/2018,226,2017,15-Apr,11,sugar,alive,1,396,2016,14/7/2017,105,0,0,318,2018,21,2039,6956.88,6183.15,5401.02,165.871,3016.99,,0,0,0,19.472,66.304,66.304,2.071,9841.268,9843.339,146158.839,1.066,19,2660,692.9,290.162,1720.414,348.08,1250.86,93.372,1344.232,1.356,9901.888,1.141,9903.029,146891.192,200,286.519,437.228,26.546,0.332,6.104,5.549,13552.164,404.852,0.898,3258.2,12.2,1303.3,0,0,17.825,29.496,17.917,130.4,Burdekin,AyrDPI,Mulg,1956,Furrow,BareFallow,35,Surf1,200,140,LowFreq,0,P2R,15AprV1R4,T1,3352.9,3008.08,2010.576,2103.948,32.982,6.436,5.51418180367543,0.123394622356855,5.33347266881029,0.829355,30.17,999
2019,14/09/2019,257,2018,15-Apr,11,sugar,alive,2,396,2016,14/8/2018,105,0,0,318,2019,21,2039,6201.12,5499.89,4793.34,146.631,2584.82,,0,0,0,18.783,64.396,64.396,1.141,9901.888,9903.029,146891.192,1.081,18,2520,1209.8,535.547,2001.377,481.526,1085.794,113.704,1199.498,2.111,9914.944,1.187,9916.131,147174.287,200,304.171,438.501,32.415,0.09,6.37,6.684,13121.124,407.441,0.89,3158.8,11.7,1263.5,0,0,18.144,29.437,17.384,92.8,Burdekin,AyrDPI,Mulg,1956,Furrow,BareFallow,35,Surf1,200,140,LowFreq,0,P2R,15AprV1R4,T1,3729.8,3001.526,2536.924,2650.628,38.875,6.46,4.88521505394256,0.12224363858881,4.93707070707071,0.733155,25.848,999
2020,13/10/2020,287,2019,15-Apr,11,sugar,alive,3,395,2016,14/9/2019,105,0,0,318,2020,21,2039,7110.71,6359.57,5552.13,171.122,3105.88,,0,0,0,19.425,57.773,57.773,1.187,9914.944,9916.131,147174.287,1.083,20,2800,1063.7,284.658,2146.423,427.991,1265.029,169.443,1434.471,3.959,9891.306,1.177,9892.483,147053.293,200,342.447,480.753,26.713,0.081,8.912,5.566,13005.383,410.061,0.908,3405.2,12.5,1362.1,0,0,18.534,29.796,18.848,327.8,Burdekin,AyrDPI,Mulg,1956,Furrow,BareFallow,35,Surf1,200,140,LowFreq,0,P2R,15AprV1R4,T1,3863.7,3227.991,2431.081,2600.524,35.706,8.993,5.30119197977937,0.119292756702645,5.26529230769231,0.85561,31.059,999
2021,13/11/2021,317,2020,15-Apr,11,sugar,alive,4,396,2016,13/10/2020,105,0,0,318,2021,21,2039,7024.67,6259.7,5408.54,166.792,3065.18,,0,0,0,19.704,55.921,55.921,1.177,9891.306,9892.483,147053.293,1.08,20,2800,1089.1,443.968,2134.5,457.156,1151.406,138.093,1289.499,2.604,9912.276,1.59,9913.866,147185.521,200,309.127,456.58,30.604,0.117,5.852,6.331,13754.314,412.726,0.789,2224.2,8.2,889.7,0,0,19.439,29.644,17.39,132.4,Burdekin,AyrDPI,Mulg,1956,Furrow,BareFallow,35,Surf1,200,140,LowFreq,0,P2R,15AprV1R4,T1,3889.1,3257.156,2578.468,2716.561,36.573,5.969,5.12078635472173,0.129346358547002,5.13206153846154,0.83396,30.652,999
1959,15/04/1959,105,0,15-Apr,0,none,out,-1,0,-1,0.000,105,0,0,318,-1,21,2039,0,0,0,0,0,,0,0,0,0,0,0,0,0,0,0,0.89,0,0,680.2,0,344.03,336.17,0,225.065,225.065,15.793,9502.966,35.893,9538.86,141745.778,0,0,37.801,4.124,0,0.996,0.671,1070.555,350,0.011,16,0.1,6.4,0,0,21.816,30.221,18.76,162.8,Burdekin,AyrDPI,Mulg,1959,Furrow,BareFallow,35,Surf1,200,140,LowFreq,0,P2R,15AprV1R4,T1,680.2,336.17,344.03,569.095,5.12,0.996,0,0,0,,0,999
1960,14/07/1960,196,1959,15-Apr,1,sugar,alive,0,456,1959,15/4/1959,105,0,0,318,1960,21,2039,8147.65,7317.44,6326.95,196.125,3440.39,,0,0,0,18.676,140.656,140.656,35.893,9502.966,9538.86,141745.778,0.884,21,2940,1153.2,213.203,2259.623,573.673,1326.753,362.627,1689.379,37.149,9419.96,0.664,9420.624,141422.65,200,285.912,317.475,41.696,0.273,26.378,8.546,3353.993,350,0.976,5338.7,19.6,2135.5,0,0,17.069,28.071,18.912,210.1,Burdekin,AyrDPI,Mulg,1959,Furrow,BareFallow,35,Surf1,200,140,LowFreq,0,P2R,15AprV1R4,T1,4093.2,3513.673,2472.826,2835.453,68.347,26.651,5.58176586153578,0.116092954866848,5.7853982300885,0.980625,34.404,999
1961,14/08/1961,226,1960,15-Apr,1,sugar,alive,1,396,1959,14/7/1960,105,0,0,318,1961,21,2039,5303.61,4709.12,4133.85,126.602,2493,,0,0,0,21.321,71.65,71.65,0.664,9419.96,9420.624,141422.65,0.868,20,2800,498.3,348.39,1868.353,309.164,1036.678,3.622,1040.3,0,9496.987,1.331,9498.318,142990.693,200,209.392,306.012,20.585,0.001,2.792,4.383,7864.052,350,1,15674.9,67,6270,0,0,16.793,28.667,20.656,63.2,Burdekin,AyrDPI,Mulg,1959,Furrow,BareFallow,35,Surf1,200,140,LowFreq,0,P2R,15AprV1R4,T1,3298.3,3109.164,2216.743,2220.365,23.378,2.793,4.07189842671535,0.121697587234452,3.89544615384615,0.63301,24.93,999
1962,14/09/1962,257,1961,15-Apr,1,sugar,alive,2,396,1959,14/8/1961,105,0,0,318,1962,21,2039,5938.53,5289.55,4627.04,142.028,2726.7,,0,0,0,20.714,112.908,112.908,1.331,9496.987,9498.318,142990.693,0.879,18,2520,937.4,408.11,1947.387,487.004,1135.715,5.079,1140.794,0.001,9589.788,1.417,9591.205,144857.266,200,214.215,359.082,18.923,0.001,14.403,4.15,10573.773,350,1,12448.4,49.3,4979.3,0,0,17.109,29.133,20.274,102.1,Burdekin,AyrDPI,Mulg,1959,Furrow,BareFallow,35,Surf1,200,140,LowFreq,0,P2R,15AprV1R4,T1,3457.4,3007.004,2355.497,2360.576,33.327,14.404,4.72323947690126,0.12449925227517,4.78208754208754,0.71014,27.267,999
1963,14/10/1963,287,1962,15-Apr,1,sugar,alive,3,395,1959,14/9/1962,105,0,0,318,1963,21,2039,6421.67,5830.9,5005.76,155.297,2953.31,,0,0,0,20.491,74.017,74.017,1.417,9589.788,9591.205,144857.266,0.898,19,2660,1159.2,516.544,2078.53,610.71,1197.432,25.124,1222.555,0.041,9675.771,1.302,9677.072,146746.475,200,236.009,399.392,27.575,0.001,7.474,5.713,12462.216,350,0.986,6112,23.4,2444.8,0,0,17.278,29.174,19.607,91.9,Burdekin,AyrDPI,Mulg,1959,Furrow,BareFallow,35,Surf1,200,140,LowFreq,0,P2R,15AprV1R4,T1,3819.2,3270.71,2595.074,2620.198,35.05,7.475,4.74811279508119,0.127026595940469,4.99347266881029,0.776485,29.533,999
1964,13/11/1964,318,1963,15-Apr,1,sugar,alive,4,396,1959,14/10/1963,105,0,0,318,1964,21,2039,6838.83,6090.31,5252.57,161.43,3076.4,,0,0,0,20.54,75.588,75.588,1.302,9675.771,9677.072,146746.475,0.918,20,2800,609.9,221.624,1764.461,468.633,1314.506,118.543,1433.049,1.357,9669.642,1.703,9671.344,147961.663,200,328.243,476.737,28.11,0.001,6.356,5.804,13004.071,350,0.806,2343.4,8.7,937.4,0,0,18.207,29.941,19.626,92.7,Burdekin,AyrDPI,Mulg,1959,Furrow,BareFallow,35,Surf1,200,140,LowFreq,0,P2R,15AprV1R4,T1,3409.9,3268.633,1986.085,2104.628,34.467,6.357,4.93876186161004,0.112647927600522,4.96707692307692,0.80715,30.764,999
1965,15/04/1965,105,0,15-Apr,1,none,out,-1,0,1959,0.000,105,0,0,318,-1,21,2039,0,0,0,0,0,,0,0,0,0,66.354,66.354,1.703,9669.642,9671.344,147961.663,0.923,0,0,672.7,234.782,303.442,297.943,0,19.184,19.184,0.001,9810.905,9.743,9820.648,150957.723,0,0,82.825,1.965,0.003,0.294,0.255,6428.952,350,0.995,7623.1,33.9,3049.3,0,0,20.666,31.784,21.473,107.4,Burdekin,AyrDPI,Mulg,1959,Furrow,BareFallow,35,Surf1,200,140,LowFreq,0,P2R,15AprV1R4,T1,672.7,297.943,538.224,557.408,2.262,0.297,0,0,0,,0,999
1966,15/07/1966,196,1965,15-Apr,2,sugar,alive,0,456,1965,15/4/1965,105,0,0,318,1966,21,2039,8714.33,7823.31,6832.06,211.774,3633.94,,0,0,0,18.206,181.645,181.645,9.743,9810.905,9820.648,150957.723,0.934,23,3220,465.4,289.891,1737.325,323.099,1481.582,281.996,1763.578,3.851,9610.733,1.735,9612.469,148885.304,200,421.453,499.021,55.159,0.003,14.153,10.748,9458.665,350,0.894,3202.2,11.8,1280.9,0,0,17.033,28.275,19.056,102.9,Burdekin,AyrDPI,Mulg,1959,Furrow,BareFallow,35,Surf1,200,140,LowFreq,0,P2R,15AprV1R4,T1,3685.4,3543.099,2027.216,2309.212,69.315,14.156,5.97708390310291,0.120082015085241,5.77040871934605,1.05887,36.339,999
1967,15/08/1967,227,1966,15-Apr,2,sugar,alive,1,396,1965,15/7/1966,105,0,0,318,1967,21,2039,6427.14,5743.55,4993.28,154.139,2991.71,,0,0,0,20.973,76.252,76.252,1.735,9610.733,9612.469,148885.304,0.912,19,2660,834,368.796,1914.56,425.888,1156.949,40.686,1197.635,0.173,9702.915,1.248,9704.163,150695.403,200,238.511,384.491,32.701,0.002,3.811,6.684,11871.818,350,0.957,4505.9,18.2,1802.4,0,0,17.814,28.509,19.254,154.9,Burdekin,AyrDPI,Mulg,1959,Furrow,BareFallow,35,Surf1,200,140,LowFreq,0,P2R,15AprV1R4,T1,3494,3085.888,2283.356,2324.042,36.514,3.813,4.99496417238733,0.128702818471404,4.95623794212219,0.770695,29.917,999
1968,14/09/1968,258,1967,15-Apr,2,sugar,alive,2,396,1965,15/8/1967,105,0,0,318,1968,21,2039,6846.67,6150.53,5369.86,165.857,3130.54,,0,0,0,20.316,89.261,89.261,1.248,9702.915,9704.163,150695.403,0.933,19,2660,1458.4,536.506,2333.52,526.118,1158.448,116.966,1275.414,1.794,9729.345,1.12,9730.464,152115.622,200,292.324,420.451,23.232,0.004,8.972,4.93,11984.535,350,0.908,3403.7,12.6,1361.5,0,0,17.894,28.57,20.086,187.9,Burdekin,AyrDPI,Mulg,1959,Furrow,BareFallow,35,Surf1,200,140,LowFreq,0,P2R,15AprV1R4,T1,4118.4,3186.118,2870.026,2986.992,32.208,8.976,5.20561385359864,0.130041696264899,5.33302250803859,0.829285,31.305,999
1969,14/10/1969,287,1968,15-Apr,2,sugar,alive,3,395,1965,14/9/1968,105,0,0,318,1969,21,2039,7014.32,6293.75,5433.99,167.651,3197.39,,0,0,0,20.558,62.221,62.221,1.12,9729.345,9730.464,152115.622,0.94,23,3220,202.9,160.654,1801.292,161.908,1310.507,149.636,1460.143,2.114,9727.439,1.341,9728.78,153171.106,200,322.963,460.844,26.939,0.001,6.655,5.649,12301.091,350,0.896,3231,11.9,1292.4,0,0,17.557,29.56,20.698,46.5,Burdekin,AyrDPI,Mulg,1959,Furrow,BareFallow,35,Surf1,200,140,LowFreq,0,P2R,15AprV1R4,T1,3422.9,3381.908,1961.946,2111.582,33.595,6.656,4.95729038164255,0.114818206161999,4.56814713896458,0.838255,31.974,999
1970,14/11/1970,318,1969,15-Apr,2,sugar,alive,4,396,1965,14/10/1969,105,0,0,318,1970,21,2039,7495.28,6725.28,5802.75,179.542,3531.3,,0,0,0,21.292,63.032,63.032,1.341,9727.439,9728.78,153171.106,0.943,21,2940,761.7,281.227,1885.603,459.865,1380.306,136.034,1516.34,1.694,9750.643,3.019,9753.662,154463.61,200,304.911,450.499,32.24,0.003,4.94,6.553,12837.92,350,0.815,2413.4,9,965.4,0,0,18.289,29.657,20.574,133.6,Burdekin,AyrDPI,Mulg,1959,Furrow,BareFallow,35,Surf1,200,140,LowFreq,0,P2R,15AprV1R4,T1,3701.7,3399.865,2166.83,2302.864,37.183,4.943,5.28085673989997,0.118404843240962,5.29622418879056,0.89771,35.313,999
1971,02/05/1971,122,0,15-Apr,2,none,out,-1,0,1965,0.000,122,17,0,335,-1,14,2039,0,0,0,0,0,,0,0,0,0,81.562,81.562,3.019,9750.643,9753.662,154463.61,0.949,0,0,941.4,420.085,381.108,344.526,0,13.122,13.122,0,9894.476,7.656,9902.132,157780.793,0,0,69.022,2.26,0.015,0.361,0.254,6494.955,350,0.998,9078.3,38.9,3631.3,0,0,21.65,30.795,19.718,220,Burdekin,AyrDPI,Mulg,1959,Furrow,BareFallow,35,Surf1,200,140,LowFreq,0,P2R,15AprV1R4,T1,941.4,344.526,801.193,814.315,2.636,0.376,0,0,0,,0,999
1972,31/07/1972,213,1971,15-Apr,3,sugar,alive,0,456,1971,2/5/1971,122,17,0,335,1972,14,2039,7863.74,7052.24,6117.95,188.49,3233.74,,0,0,0,18.202,208.647,208.647,7.656,9894.476,9902.132,157780.793,0.96,20,2800,1507.3,484.858,2288.836,604.597,1396.438,275.797,1672.234,5.634,9722.956,1.76,9724.716,155226.023,200,403.49,472.653,41.535,0.01,17.972,8.177,10361.541,350,0.915,3517.8,12.9,1407.1,0,0,16.149,28.257,19.019,206.2,Burdekin,AyrDPI,Mulg,1959,Furrow,BareFallow,35,Surf1,200,140,LowFreq,0,P2R,15AprV1R4,T1,4307.3,3404.597,2773.694,3049.491,59.517,17.982,5.53633807466787,0.112717478534703,5.79969230769231,0.94245,32.337,999
1973,31/08/1973,243,1972,15-Apr,3,sugar,alive,1,396,1971,31/7/1972,122,17,0,335,1973,14,2039,6695.15,5983.78,5176.98,159.36,2785.11,,0,0,0,18.596,70.018,70.018,1.76,9722.956,9724.716,155226.023,0.942,18,2520,1043.1,400.213,1875.48,530.912,1191.221,81.407,1272.628,0.87,9806.605,1.286,9807.891,156370.304,200,266.411,401.471,23.532,0.005,5.511,5,12912.454,350,0.861,2816.6,10.9,1126.6,0,0,17.848,28.886,19.838,108.5,Burdekin,AyrDPI,Mulg,1959,Furrow,BareFallow,35,Surf1,200,140,LowFreq,0,P2R,15AprV1R4,T1,3563.1,3050.912,2275.693,2357.1,29.048,5.516,5.22335616366516,0.125221195824703,5.36565656565657,0.7968,27.851,999
1974,01/10/1974,274,1973,15-Apr,3,sugar,alive,2,396,1971,31/8/1973,122,17,0,335,1974,14,2039,6074.46,5506.19,4674.18,145.036,2771.57,,0,0,0,20.605,84.798,84.798,1.286,9806.605,9807.891,156370.304,0.963,16,2240,2024.7,1028.13,2105.739,633.023,1015.99,109.168,1125.159,1.143,9837.004,1.414,9838.418,157228.453,200,258.287,390.781,49.789,0.014,4.583,9.677,11847.137,350,0.818,2431.1,9.1,972.4,0,0,17.755,28.289,18.313,152.9,Burdekin,AyrDPI,Mulg,1959,Furrow,BareFallow,35,Surf1,200,140,LowFreq,0,P2R,15AprV1R4,T1,4264.7,2873.023,3133.869,3243.037,54.386,4.597,5.04820184175344,0.128902670644771,5.39167286245353,0.72518,27.716,999
1975,31/10/1975,304,1974,15-Apr,3,sugar,alive,3,395,1971,1/10/1974,122,17,0,335,1975,14,2039,7365.01,6638.56,5706.76,177.052,3321.93,,0,0,0,20.178,90.47,90.47,1.414,9837.004,9838.418,157228.453,0.97,19,2660,1116.2,346.712,1890.054,703.831,1241.114,169.868,1410.982,2.87,9819.217,2.385,9821.602,157559.784,200,321.121,452.403,34.062,0.007,8.422,6.89,12336.883,350,0.808,2360.2,8.7,944.1,0,0,18.379,28.769,19.805,179.8,Burdekin,AyrDPI,Mulg,1959,Furrow,BareFallow,35,Surf1,200,140,LowFreq,0,P2R,15AprV1R4,T1,3776.2,3363.831,2236.766,2406.634,42.491,8.429,5.26340354197342,0.125481402314133,5.69299035369775,0.88526,33.219,999
1976,30/11/1976,335,1975,15-Apr,3,sugar,alive,4,396,1971,31/10/1975,122,17,0,335,1976,14,2039,6442.77,5816.46,5018.74,156.855,3239.34,,0,0,0,22.502,218.922,218.922,2.385,9819.217,9821.602,157559.784,0.968,19,2660,1651.4,943.664,2227.204,544.388,1107.402,146.721,1254.123,1.582,9854.55,4.045,9858.595,157815.712,200,259.049,410.347,42.386,0.131,15.585,8.158,12951.234,350,0.709,1761.2,6.6,704.5,0,0,17.942,28.738,19.949,139.2,Burdekin,AyrDPI,Mulg,1959,Furrow,BareFallow,35,Surf1,200,140,LowFreq,0,P2R,15AprV1R4,T1,4311.4,3204.388,3170.868,3317.589,58.102,15.716,4.89500647237476,0.125071464282212,5.0435691318328,0.784275,32.393,999
1977,18/04/1977,108,0,15-Apr,3,none,out,-1,0,1971,0.000,108,3,0,321,-1,19,2039,0,0,0,0,0,,0,0,0,0,105.33,105.33,4.045,9854.55,9858.595,157815.712,0.975,0,0,1080.6,375.055,604.239,289.296,0,23.981,23.981,0.002,9989.213,6.444,9995.657,160463.582,0,0,65.318,1.352,0.046,0.513,0.183,6214.839,350,0.992,6858.3,29.3,2743.3,0,0,22.691,31.005,19.759,170.6,Burdekin,AyrDPI,Mulg,1959,Furrow,BareFallow,35,Surf1,200,140,LowFreq,0,P2R,15AprV1R4,T1,1080.6,289.296,979.294,1003.275,1.911,0.559,0,0,0,,0,999
1978,18/07/1978,199,1977,15-Apr,4,sugar,alive,0,456,1977,18/4/1977,108,3,0,321,1978,18,2039,9099.99,8184.14,7159.27,222.132,3759.74,,0,0,0,17.919,182.655,182.655,6.444,9989.213,9995.657,160463.582,0.984,20,2800,1028.3,316.846,1864.396,548.979,1443.758,294.062,1737.82,4.153,9802.334,2.171,9804.504,156196.486,200,410.056,479.246,45.831,0.028,14.659,8.933,11470.08,350,0.909,3431.5,12.6,1372.6,0,0,17.018,27.756,19.6,150.6,Burdekin,AyrDPI,Mulg,1959,Furrow,BareFallow,35,Surf1,200,140,LowFreq,0,P2R,15AprV1R4,T1,3828.3,3348.979,2181.242,2475.304,60.518,14.687,6.63282749757463,0.127822214038278,6.83483076923077,1.11066,37.597,999
1979,18/08/1979,230,1978,15-Apr,4,sugar,alive,1,396,1977,18/7/1978,108,3,0,321,1979,18,2039,5528.67,4967.06,4276.68,132.062,2484.17,,0,0,0,20.237,91.893,91.893,2.171,9802.334,9804.504,156196.486,0.963,18,2520,1583.7,634.73,2485.33,590.056,937.859,29.781,967.64,0.075,9892.363,2.459,9894.822,155916.244,200,226.029,369.059,30.6,0.026,12.041,6.232,13776.621,350,0.971,5056.3,20.6,2022.5,0,0,17.725,28.063,18.798,350.7,Burdekin,AyrDPI,Mulg,1959,Furrow,BareFallow,35,Surf1,200,140,LowFreq,0,P2R,15AprV1R4,T1,4103.7,3110.056,3120.06,3149.841,42.667,12.067,4.24629009895642,0.136478442395932,4.44653198653199,0.66031,24.842,999
1980,17/09/1980,261,1979,15-Apr,4,sugar,alive,2,396,1977,18/8/1979,108,3,0,321,1980,18,2039,7330.39,6603.9,5751.11,178.347,3338.76,,0,0,0,20.126,107.894,107.894,2.459,9892.363,9894.822,155916.244,0.983,19,2660,778.5,285.509,1809.097,425.665,1225.224,164.637,1389.86,2.687,9853.465,1.843,9855.308,154684.13,200,346.698,480.061,23.97,0.019,12.785,5.118,13977.711,350,0.899,3268.3,12,1307.3,0,0,18.346,28.813,20.602,86.4,Burdekin,AyrDPI,Mulg,1959,Furrow,BareFallow,35,Surf1,200,140,LowFreq,0,P2R,15AprV1R4,T1,3438.5,3085.665,2094.606,2259.243,36.774,12.804,5.77985620603663,0.128320118573094,5.73463022508039,0.891735,33.388,999
1981,17/10/1981,290,1980,15-Apr,4,sugar,alive,3,395,1977,17/9/1980,108,3,0,321,1981,18,2039,7143.28,6431.6,5534.88,171.441,3276.05,,0,0,0,20.604,61.928,61.928,1.843,9853.465,9855.308,154684.13,0.983,19,2660,1125.6,497.779,1953.508,535.794,1204.654,114.864,1319.518,1.659,9874.636,1.67,9876.306,155123.363,200,308.528,443.56,26.394,0.04,7.093,5.496,13326.274,350,0.864,2846.7,10.6,1138.7,0,0,17.881,28.509,19.333,104.8,Burdekin,AyrDPI,Mulg,1959,Furrow,BareFallow,35,Surf1,200,140,LowFreq,0,P2R,15AprV1R4,T1,3785.6,3195.794,2451.287,2566.151,33.527,7.133,5.36458232289065,0.129926988491252,5.51257234726688,0.857205,32.76,999
1982,17/11/1982,321,1981,15-Apr,4,sugar,alive,4,396,1977,17/10/1981,108,3,0,321,1982,18,2039,7287.88,6616.68,5670.87,177.042,3459.25,,0,0,0,21.133,76.723,76.723,1.67,9874.636,9876.306,155123.363,0.993,22,3080,594.4,360.056,1857.762,415.452,1318.821,151.061,1469.882,2.279,9864.614,1.732,9866.346,155374.459,200,320.694,478.638,46.002,0.099,4.802,8.716,13330.491,350,0.848,2693.7,10,1077.5,0,0,17.67,29.244,20.371,47.4,Burdekin,AyrDPI,Mulg,1959,Furrow,BareFallow,35,Surf1,200,140,LowFreq,0,P2R,15AprV1R4,T1,3674.4,3495.452,2217.818,2368.879,50.903,4.901,5.06492436457431,0.120446403180663,5.01535410764873,0.88521,34.592,999
1983,24/04/1983,114,0,15-Apr,4,none,out,-1,0,1977,0.000,114,9,0,327,-1,14,2039,0,0,0,0,0,,0,0,0,0,63.422,63.422,1.732,9864.614,9866.346,155374.459,0.995,0,0,364.4,104.746,118.777,231.49,0,11.286,11.286,0,10013.997,4.373,10018.369,157943.495,0,0,67.108,0.792,0.039,0.119,0.162,6771.415,350,0.999,9495.8,43.1,3798.3,0,0,22.149,31.423,22.115,73,Burdekin,AyrDPI,Mulg,1959,Furrow,BareFallow,35,Surf1,200,140,LowFreq,0,P2R,15AprV1R4,T1,364.4,231.49,223.523,234.809,0.95,0.158,0,0,0,,0,999
1984,23/07/1984,205,1983,15-Apr,5,sugar,alive,0,456,1983,24/4/1983,114,9,0,327,1984,14,2039,8321.08,7412.17,6488.82,199.8,3611.87,,0,0,0,19.335,193.013,193.013,4.373,10013.997,10018.369,157943.495,1.006,22,3080,771.9,392.868,1927.063,491.598,1401.451,256.767,1658.218,4.431,9809.856,1.887,9811.743,154703.792,200,445.431,512.866,37.609,0.119,14.052,7.361,11273.782,350,0.923,3666.7,13.5,1466.7,0,0,17.566,28.183,18.147,95.4,Burdekin,AyrDPI,Mulg,1959,Furrow,BareFallow,35,Surf1,200,140,LowFreq,0,P2R,15AprV1R4,T1,3851.9,3571.598,2319.931,2576.698,51.78,14.171,5.5941346142539,0.120490791922413,5.6600566572238,0.999,36.119,999
1985,23/08/1985,235,1984,15-Apr,5,sugar,alive,1,396,1983,23/7/1984,114,9,0,327,1985,14,2039,6717.88,6032.57,5240.95,161.968,3050.51,,0,0,0,20.266,66.764,66.764,1.887,9809.856,9811.743,154703.792,0.987,18,2520,859.9,276.724,1855.465,590.492,1186.025,53.403,1239.428,0.368,9895.204,1.155,9896.359,155618.074,200,251.327,397.259,35.627,0.06,4.632,7.208,13053.945,350,0.938,3971.8,15.9,1588.7,0,0,17.326,28.416,19.298,111.4,Burdekin,AyrDPI,Mulg,1959,Furrow,BareFallow,35,Surf1,200,140,LowFreq,0,P2R,15AprV1R4,T1,3379.9,3110.492,2132.189,2185.592,40.319,4.692,5.20715050866551,0.130679636090196,5.45346801346801,0.80984,30.505,999
1986,23/09/1986,266,1985,15-Apr,5,sugar,alive,2,396,1983,23/8/1985,114,9,0,327,1986,14,2039,6971.91,6264.38,5391.55,166.645,3105.31,,0,0,0,20.02,75.046,75.046,1.155,9895.204,9896.359,155618.074,1.008,20,2800,745.5,235.428,1918.743,489.759,1251.875,128.858,1380.733,2.085,9878.545,1.372,9879.917,155597.36,200,333.083,467.089,30.818,0.053,7.5,6.295,13622.068,350,0.828,2511.7,9.3,1004.7,0,0,18.181,29.128,18.868,117.8,Burdekin,AyrDPI,Mulg,1959,Furrow,BareFallow,35,Surf1,200,140,LowFreq,0,P2R,15AprV1R4,T1,3545.5,3289.759,2154.171,2283.029,38.371,7.553,5.06556863283906,0.120693139079025,5.12753846153846,0.833225,31.053,999
1987,23/10/1987,296,1986,15-Apr,5,sugar,alive,3,395,1983,23/9/1986,114,9,0,327,1987,14,2039,6923.25,6230.95,5387.64,166.938,3209.9,,0,0,0,20.751,85.642,85.642,1.372,9878.545,9879.917,155597.36,1.008,22,3080,411.6,202.594,1874.518,325.664,1294.011,138.124,1432.135,2.005,9874.368,1.508,9875.876,155623.081,200,302.148,454.728,54.42,0.067,5.255,10.584,13335.429,350,0.861,2814.6,10.4,1125.8,0,0,18.501,29.827,20.022,44,Burdekin,AyrDPI,Mulg,1959,Furrow,BareFallow,35,Surf1,200,140,LowFreq,0,P2R,15AprV1R4,T1,3491.6,3405.664,2077.112,2215.236,59.742,5.322,4.90177539534141,0.116565826545682,4.72912181303116,0.83469,32.099,999
1988,22/11/1988,327,1987,15-Apr,5,sugar,alive,4,396,1983,23/10/1987,114,9,0,327,1988,14,2039,6687.99,5947.69,5229.69,161.603,3087.85,,0,0,0,20.602,67.996,67.996,1.508,9874.368,9875.876,155623.081,1.009,20,2800,987,363.762,2067.033,416.945,1200.082,155.054,1355.136,2.329,9887.27,2.137,9889.407,155854.953,200,289.235,440.477,47.844,0.087,4.485,9.293,12957.67,350,0.843,2646.5,9.8,1058.6,0,0,18.773,29.592,19.948,254,Burdekin,AyrDPI,Mulg,1959,Furrow,BareFallow,35,Surf1,200,140,LowFreq,0,P2R,15AprV1R4,T1,3787,3216.945,2430.795,2585.849,52.416,4.572,5.02349278585739,0.119252237413809,4.9724,0.808015,30.878,999
1989,15/04/1989,105,0,15-Apr,5,none,out,-1,0,1983,0.000,105,0,0,327,-1,14,2039,0,0,0,0,0,,0,0,0,0,69.064,69.064,2.137,9887.27,9889.407,155854.953,1.012,0,0,1069.1,409.113,465.658,437.148,0,18.374,18.374,0.003,10030.327,3.276,10033.604,158794.411,0,0,60.628,1.227,0.201,0.437,0.164,6019.964,350,0.996,8007.5,35.6,3203,0,0,21.847,31.006,20.51,134.8,Burdekin,AyrDPI,Mulg,1959,Furrow,BareFallow,35,Surf1,200,140,LowFreq,0,P2R,15AprV1R4,T1,1069.1,437.148,874.771,893.145,1.865,0.638,0,0,0,,0,999
1990,15/07/1990,196,1989,15-Apr,6,sugar,alive,0,456,1989,15/4/1989,105,0,0,318,1990,21,2039,7947.78,7113.92,6194.33,191.584,3572.97,,0,0,0,20.039,245.019,245.019,3.276,10030.327,10033.604,158794.411,1.022,19,2660,1562.6,691.063,2025.71,682.245,1331.106,328.486,1659.592,5.988,9837.81,2.464,9840.274,154807.047,200,410.075,494.471,42.968,0.231,19.79,8.103,11116.964,350.462,0.887,3116.2,11.4,1246.5,0,0,17.385,28.018,18.506,103,Burdekin,AyrDPI,Mulg,1959,Furrow,BareFallow,35,Surf1,200,140,LowFreq,0,P2R,15AprV1R4,T1,4222.6,3342.245,2716.773,3045.259,62.989,20.021,5.73219497672971,0.115440421501188,6.16025723472669,0.95792,35.73,999
1991,15/08/1991,227,1990,15-Apr,6,sugar,alive,1,396,1989,15/7/1990,105,0,0,318,1991,21,2039,6429.56,5820.39,5020.69,155.797,2584.55,,0,0,0,17.505,91.255,91.255,2.464,9837.81,9840.274,154807.047,1.002,19,2660,1680.4,667.874,2434.356,349,1151.509,100.831,1252.34,1.254,9905.271,1.572,9906.843,155145.272,200,274.655,405.752,19.567,0.098,11.555,4.272,13340.006,352.128,0.849,2704.7,10.4,1081.9,0,0,16.827,28.484,19.182,204.4,Burdekin,AyrDPI,Mulg,1959,Furrow,BareFallow,35,Surf1,200,140,LowFreq,0,P2R,15AprV1R4,T1,4340.4,3009,3102.23,3203.061,31.22,11.653,5.17770023263543,0.124404714374691,5.0095498392283,0.778985,25.846,999
1992,14/09/1992,258,1991,15-Apr,6,sugar,alive,2,396,1989,15/8/1991,105,0,0,318,1992,21,2039,7820.55,7060.7,6191.3,192.348,3694.35,,0,0,0,20.724,77.085,77.085,1.572,9905.271,9906.843,155145.272,1.019,21,2940,643.5,283.286,1750.009,348.682,1382.846,163.627,1546.473,2.508,9883.157,1.249,9884.406,154724.979,200,339.638,460.766,23.382,0.097,7.928,4.951,13319.189,353.823,0.89,3156,11.6,1262.4,0,0,17.978,29.375,20.6,122.8,Burdekin,AyrDPI,Mulg,1959,Furrow,BareFallow,35,Surf1,200,140,LowFreq,0,P2R,15AprV1R4,T1,3583.5,3288.682,2033.295,2196.922,31.407,8.025,5.84878683922617,0.124378505153339,5.67398230088496,0.96174,36.944,999
1993,14/10/1993,287,1992,15-Apr,6,sugar,alive,3,395,1989,14/9/1992,105,0,0,318,1993,21,2039,7276.74,6515.88,5725.66,176.983,3607.98,,0,0,0,22.175,80.816,80.816,1.249,9883.157,9884.406,154724.979,1.017,22,3080,531.1,268.051,1953.124,364.37,1283.108,117.395,1400.502,1.322,9924.049,1.362,9925.411,154788.795,200,296.845,431.342,20.329,0.1,8.161,4.385,14359.434,355.556,0.853,2742.6,10.2,1097,0,0,17.951,29.038,20.484,72,Burdekin,AyrDPI,Mulg,1959,Furrow,BareFallow,35,Surf1,200,140,LowFreq,0,P2R,15AprV1R4,T1,3611.1,3444.37,2221.175,2338.57,28.59,8.261,5.13832718320041,0.126371115500014,5.01368271954674,0.884915,36.08,999
1994,14/11/1994,318,1993,15-Apr,6,sugar,alive,4,396,1989,14/10/1993,105,0,0,318,1994,21,2039,7429.96,6696.13,5923.22,184.213,3731.12,,0,0,0,22.013,70.239,70.239,1.362,9924.049,9925.411,154788.795,1.025,22,3080,365.6,178.39,1804.234,267.937,1321.248,154.004,1475.252,2.057,9925.259,1.534,9926.793,154371.586,200,316.757,453.255,26.865,0.066,12.359,5.619,13992.22,357.322,0.902,3320.4,12.3,1328.2,0,0,18.061,29.441,20.865,46.8,Burdekin,AyrDPI,Mulg,1959,Furrow,BareFallow,35,Surf1,200,140,LowFreq,0,P2R,15AprV1R4,T1,3445.6,3347.937,1982.624,2136.628,39.29,12.425,5.50228394381376,0.124868835968363,5.21849858356941,0.921065,37.311,999
1995,15/04/1995,105,0,15-Apr,6,none,out,-1,0,1989,0.000,105,0,0,318,-1,21,2039,0,0,0,0,0,,0,0,0,0,57.963,57.963,1.534,9925.259,9926.793,154371.586,1.027,0,0,352.3,130.337,101.828,234.717,0,13.876,13.876,0,10076.402,3.92,10080.322,157008.416,0,0,70.186,0.719,0.164,0.115,0.163,6949.219,358.015,0.998,8715.2,38.9,3486.1,0,0,22.668,31.676,22.661,55.2,Burdekin,AyrDPI,Mulg,1959,Furrow,BareFallow,35,Surf1,200,140,LowFreq,0,P2R,15AprV1R4,T1,352.3,234.717,232.165,246.041,0.998,0.279,0,0,0,,0,999
1996,14/07/1996,196,1995,15-Apr,7,sugar,alive,0,456,1995,15/4/1995,105,0,0,318,1996,21,2039,9264.55,8247.93,7344.5,226.679,4333.9,,0,0,0,20.616,164.223,164.223,3.92,10076.402,10080.322,157008.416,1.037,22,3080,667.7,191.672,1876.553,392.782,1479.944,298.205,1778.149,4.987,9847.845,2.078,9849.923,151387.174,200,478.387,547.115,30.066,0.237,13.532,6.121,13854.289,360.105,0.916,3531.3,12.9,1412.5,0,0,18.934,29.127,19.288,107,Burdekin,AyrDPI,Mulg,1959,Furrow,BareFallow,35,Surf1,200,140,LowFreq,0,P2R,15AprV1R4,T1,3747.7,3472.782,2068.225,2366.43,43.835,13.769,6.52730289433659,0.127480318016094,6.42150141643059,1.133395,43.339,999
1997,14/08/1997,226,1996,15-Apr,7,sugar,alive,1,396,1995,14/7/1996,105,0,0,318,1997,21,2039,7315.35,6561.2,5823.23,180.03,3372.83,,0,0,0,20.144,65.549,65.549,2.078,9847.845,9849.923,151387.174,1.014,19,2660,936,436.647,1935.391,457.991,1150.984,40.674,1191.658,0.15,9943.619,1.364,9944.983,151270.965,200,250.662,398.85,25.703,0.187,5.102,5.447,14878.805,361.957,0.96,4614,18.2,1845.6,0,0,18.617,28.449,20.38,116.8,Burdekin,AyrDPI,Mulg,1959,Furrow,BareFallow,35,Surf1,200,140,LowFreq,0,P2R,15AprV1R4,T1,3596,3117.991,2372.038,2412.712,30.992,5.289,5.77391018768175,0.151075224603032,5.7887459807074,0.90015,33.728,999
1998,14/09/1998,257,1997,15-Apr,7,sugar,alive,2,396,1995,14/8/1997,105,0,0,318,1998,21,2039,7323.96,6576.54,5789.44,179.345,3439.07,,0,0,0,20.686,97.853,97.853,1.364,9943.619,9944.983,151270.965,1.035,19,2660,988.6,312.915,2119.036,489.313,1081.958,110.811,1192.768,1.577,9935.022,2.831,9937.853,149858.129,200,329.365,460.599,28.097,0.237,7.302,5.831,15787.755,363.843,0.824,2480.2,9.1,992.1,0,0,20.231,28.713,19.364,189.6,Burdekin,AyrDPI,Mulg,1959,Furrow,BareFallow,35,Surf1,200,140,LowFreq,0,P2R,15AprV1R4,T1,3648.6,3149.313,2431.951,2542.762,35.636,7.539,5.6947340578723,0.150360338305521,5.76672025723473,0.896725,34.391,999
1999,14/10/1999,287,1998,15-Apr,7,sugar,alive,3,395,1995,14/9/1998,105,0,0,318,1999,21,2039,7360.49,6691.9,5796.11,181.051,3570.13,,0,0,0,21.354,121.733,121.733,2.831,9935.022,9937.853,149858.129,1.036,20,2800,1114.4,477.973,2199.948,590.822,1128.035,159.397,1287.432,2.947,9922.715,1.558,9924.274,148449.684,200,310.273,456.743,38.058,0.353,16.787,7.36,14733.884,365.763,0.845,2663.8,9.8,1065.5,0,0,19.63,28.738,19.443,112,Burdekin,AyrDPI,Mulg,1959,Furrow,BareFallow,35,Surf1,200,140,LowFreq,0,P2R,15AprV1R4,T1,3914.4,3390.822,2677.921,2837.318,55.198,17.14,5.33944276638526,0.140629563347812,5.5708,0.905255,35.701,999
2000,23/11/2000,328,1999,15-Apr,7,sugar,alive,4,406,1995,14/10/1999,105,0,10,318,2000,14,2039,7381.16,6666.88,5872.99,182.892,3672.65,,0,0,0,21.8,70.781,70.781,1.558,9922.715,9924.274,148449.684,1.036,18,2520,1679.8,655.676,2204.661,716.511,1119.684,136.842,1256.526,1.665,9935.387,3.146,9938.533,147714.897,200,302.069,442.517,39.236,0.528,4.974,7.667,14669.244,367.764,0.804,2328.8,8.6,931.5,0,0,19.105,28.464,19.618,136,Burdekin,AyrDPI,Mulg,1959,Furrow,BareFallow,35,Surf1,200,140,LowFreq,0,P2R,15AprV1R4,T1,4199.8,3236.511,2860.337,2997.179,44.738,5.502,5.65089999694115,0.145553693278134,6.1579797979798,0.91446,36.727,999
2001,16/04/2001,106,0,15-Apr,7,none,out,-1,0,1995,0.000,106,1,10,329,-1,14,2049,0,0,0,0,0,,0,0,0,0,153.717,153.717,3.146,9935.387,9938.533,147714.897,1.042,0,0,332.9,237.956,56.043,211.504,0,21.591,21.591,0,10080.69,7.324,10088.014,150136.344,0,0,77.099,1.54,1.334,0.057,0.213,7403.224,368.49,0.993,7034,29.1,2813.6,0,0,21.774,30.769,20.726,39.4,Burdekin,AyrDPI,Mulg,1959,Furrow,BareFallow,35,Surf1,200,140,LowFreq,0,P2R,15AprV1R4,T1,332.9,211.504,293.999,315.59,2.931,1.391,0,0,0,,0,999
2002,16/07/2002,197,2001,15-Apr,8,sugar,alive,0,456,2001,16/4/2001,106,1,0,319,2002,20,2039,9025,8071.97,7131.86,220.294,4301.08,,0,0,0,21.115,171.026,171.026,7.324,10080.69,10088.014,150136.344,1.053,22,3080,812.3,224.674,1861.407,338.438,1617.374,293.101,1910.475,4.015,9779.965,2.13,9782.094,145321.521,200,520.362,593.084,44.809,10.04,12.105,8.834,12320.37,370.805,0.911,3463.4,12.7,1385.4,0,0,17.717,29.857,20.335,206,Burdekin,AyrDPI,Mulg,1959,Furrow,BareFallow,35,Surf1,200,140,LowFreq,0,P2R,15AprV1R4,T1,3892.3,3418.438,2086.081,2379.182,66.954,22.145,6.44428829775471,0.115308496578076,6.24062322946176,1.10147,43.011,999
2003,16/08/2003,228,2002,15-Apr,8,sugar,alive,1,396,2001,16/7/2002,106,1,0,319,2003,20,2039,7626.27,6824.99,5980.6,184.833,3493.02,,0,0,0,20.345,66.771,66.771,2.13,9779.965,9782.094,145321.521,1.025,21,2940,472,248.279,1666.464,290.443,1403.501,79.452,1482.952,0.703,9853.401,1.183,9854.584,146165.044,200,286.532,440.868,24.862,0.578,6.142,5.272,14296.62,372.849,0.89,3158.3,12.1,1263.3,0,0,17.742,29.469,20.695,51,Burdekin,AyrDPI,Mulg,1959,Furrow,BareFallow,35,Surf1,200,140,LowFreq,0,P2R,15AprV1R4,T1,3412,3230.443,1914.743,1994.195,31.582,6.72,5.72159917385944,0.124638558766568,5.45230088495575,0.924165,34.93,999
2004,15/09/2004,259,2003,15-Apr,8,sugar,alive,2,396,2001,16/8/2003,106,1,0,319,2004,20,2039,7601.14,6851.46,6011.05,186.312,3665.43,,0,0,0,21.299,81.075,81.075,1.183,9853.401,9854.584,146165.044,1.044,19,2660,741,159.01,1779.557,423.295,1347.295,130.071,1477.365,1.755,9855.3,1.077,9856.377,146448.991,200,335.566,470.195,19.505,0.062,7.029,4.201,14169.649,374.922,0.901,3302.8,12.2,1321.1,0,0,18.218,29.741,20.537,173.2,Burdekin,AyrDPI,Mulg,1959,Furrow,BareFallow,35,Surf1,200,140,LowFreq,0,P2R,15AprV1R4,T1,3401,3083.295,1938.567,2068.638,26.596,7.091,6.04262647589673,0.126111015219665,5.99073954983923,0.93156,36.654,999
2005,15/10/2005,288,2004,15-Apr,8,sugar,alive,3,395,2001,15/9/2004,106,1,0,319,2005,20,2039,7544.18,6787.04,5940.08,184.001,3745.94,,0,0,0,22.141,66.142,66.142,1.077,9855.3,9856.377,146448.991,1.045,22,3080,728.7,274.629,2041.897,279.021,1350.116,135.249,1485.365,1.846,9868.066,1.372,9869.439,146610.415,200,322.892,463.93,24.59,0.071,7.077,5.143,14252.212,377.037,0.876,2976.6,11,1190.6,0,0,18.466,29.724,20.556,143.4,Burdekin,AyrDPI,Mulg,1959,Furrow,BareFallow,35,Surf1,200,140,LowFreq,0,P2R,15AprV1R4,T1,3808.7,3359.021,2316.526,2451.775,31.738,7.148,5.47781630421483,0.123875949682401,5.21249291784703,0.920005,37.459,999
2006,15/11/2006,319,2005,15-Apr,8,sugar,alive,4,396,2001,15/10/2005,106,1,0,319,2006,20,2039,7274.28,6559.35,5750.41,178.376,3413.47,,0,0,0,20.638,72.95,72.95,1.372,9868.066,9869.439,146610.415,1.048,20,2800,923.4,315.646,2050.715,480.43,1237.509,140.023,1377.532,2.396,9886.829,1.404,9888.234,146920.575,200,311.015,448.638,28.987,0.11,5.209,5.937,13772.802,379.187,0.902,3311.9,12.2,1324.8,0,0,18.903,29.432,19.993,178.4,Burdekin,AyrDPI,Mulg,1959,Furrow,BareFallow,35,Surf1,200,140,LowFreq,0,P2R,15AprV1R4,T1,3723.4,3280.43,2366.361,2506.384,34.306,5.319,5.43757982947358,0.129489550877947,5.48849230769231,0.89188,34.135,999
2007,18/04/2007,108,0,15-Apr,8,none,out,-1,0,2001,0.000,108,3,0,321,-1,19,2039,0,0,0,0,0,,0,0,0,0,52.458,52.458,1.404,9886.829,9888.234,146920.575,1.052,0,0,748.4,269.666,335.494,290.185,0,10.863,10.863,0,10037.242,2.824,10040.066,149905.609,0,0,61.398,0.737,0.187,0.317,0.146,6343.724,380.041,0.999,9512.7,41.5,3805.1,0,0,21.697,31.029,20.89,130.2,Burdekin,AyrDPI,Mulg,1959,Furrow,BareFallow,35,Surf1,200,140,LowFreq,0,P2R,15AprV1R4,T1,748.4,290.185,605.16,616.023,1.241,0.504,0,0,0,,0,999
2008,17/07/2008,199,2007,15-Apr,9,sugar,alive,0,456,2007,18/4/2007,108,3,0,321,2008,18,2039,8866.31,7938.54,6965.88,215.37,3828.24,,0,0,0,18.964,184.835,184.835,2.824,10037.242,10040.066,149905.609,1.062,21,2940,1404.1,534.899,2210.091,674.274,1447.396,254.714,1702.11,5.04,9820.373,2.754,9823.127,145793.071,200,449.38,524.744,38.389,1.823,18.317,7.329,12315.672,382.577,0.927,3732.6,13.7,1493,0,0,17.432,28.343,18.626,108.2,Burdekin,AyrDPI,Mulg,1959,Furrow,BareFallow,35,Surf1,200,140,LowFreq,0,P2R,15AprV1R4,T1,4344.1,3614.274,2744.99,2999.704,58.529,20.14,5.95887306828425,0.126531187761073,6.35309734513274,1.07685,38.282,999
2009,17/08/2009,229,2008,15-Apr,9,sugar,alive,1,396,2007,17/7/2008,108,3,0,321,2009,18,2039,6328.92,5667.84,4932.1,151.883,2674.41,,0,0,0,18.758,81.836,81.836,2.754,9820.373,9823.127,145793.071,1.041,16,2240,1879.7,647.753,2314.864,543.747,1117.721,60.661,1178.382,0.432,9907.651,1.396,9909.047,146769.393,200,257.649,404.928,15.338,0.28,15.537,3.51,13555,384.819,0.926,3726.3,14.5,1490.5,0,0,17.966,28.919,18.617,197.2,Burdekin,AyrDPI,Mulg,1959,Furrow,BareFallow,35,Surf1,200,140,LowFreq,0,P2R,15AprV1R4,T1,4119.7,2783.747,2962.617,3023.278,31.155,15.817,5.45606335633231,0.128891140563926,5.64620817843866,0.759415,26.744,999
2010,17/09/2010,260,2009,15-Apr,9,sugar,alive,2,396,2007,17/8/2009,108,3,0,321,2010,18,2039,7528.7,6802.11,5889.38,182.688,3169.21,,0,0,0,18.438,60.537,60.537,1.396,9907.651,9909.047,146769.393,1.062,19,2660,1138.7,367.903,1984.463,474.225,1264.257,154.546,1418.802,3.328,9860.893,1.863,9862.756,146492.813,200,367.771,494.339,23.169,0.086,8.368,4.962,13779.538,387.098,0.809,2366.1,8.7,946.4,0,0,18.881,29.321,18.83,135.2,Burdekin,AyrDPI,Mulg,1959,Furrow,BareFallow,35,Surf1,200,140,LowFreq,0,P2R,15AprV1R4,T1,3798.7,3134.225,2352.366,2506.912,31.623,8.454,5.82880935478468,0.128762152858538,5.87421221864952,0.91344,31.692,999
2011,17/10/2011,290,2010,15-Apr,9,sugar,alive,3,395,2007,17/9/2010,108,3,0,321,2011,18,2039,6396.69,5830.26,5040.95,157.728,3215.14,,0,0,0,22.172,88.068,88.068,1.863,9860.893,9862.756,146492.813,1.056,18,2520,1399.5,760.616,2005.491,659.39,1062.957,109.124,1172.082,1.185,9906.92,1.71,9908.631,146968.818,200,241.655,387.169,59.56,0.644,6.984,11.212,12601.263,389.413,0.849,2701.7,10.2,1080.7,0,0,18.01,28.548,18.324,81.4,Burdekin,AyrDPI,Mulg,1959,Furrow,BareFallow,35,Surf1,200,140,LowFreq,0,P2R,15AprV1R4,T1,3919.5,3179.39,2766.107,2875.231,67.188,7.628,4.96095162908608,0.134570789415758,5.31070707070707,0.78864,32.151,999
2012,16/11/2012,321,2011,15-Apr,9,sugar,alive,4,396,2007,17/10/2011,108,3,0,321,2012,18,2039,7318.52,6595.96,5786.42,179.802,3488.23,,0,0,0,20.962,69.379,69.379,1.71,9906.92,9908.631,146968.818,1.063,18,2520,1162.2,440.851,1876.856,540.679,1206.298,174.485,1380.783,3.365,9892.079,1.434,9893.513,147018.033,200,320.457,451.038,33.295,0.15,6.937,6.626,12393.04,391.759,0.897,3247.2,12,1298.9,0,0,18.198,28.784,19.469,197.4,Burdekin,AyrDPI,Mulg,1959,Furrow,BareFallow,35,Surf1,200,140,LowFreq,0,P2R,15AprV1R4,T1,3682.2,3060.679,2317.707,2492.192,40.382,7.087,5.87457881078022,0.130217420115978,6.05393939393939,0.89901,34.882,999
2013,22/04/2013,112,0,15-Apr,9,none,out,-1,0,2007,0.000,112,7,0,325,-1,15,2039,0,0,0,0,0,,0,0,0,0,53.09,53.09,1.434,9892.079,9893.513,147018.033,1.061,0,0,494.4,128.142,200.994,264.01,0,8.825,8.825,0,10034.022,2.814,10036.836,149709.037,0,0,54.359,0.742,0.119,0.188,0.133,6071.626,392.71,0.999,10418.2,47.8,4167.3,0,0,21.938,31.341,21.583,178.6,Burdekin,AyrDPI,Mulg,1959,Furrow,BareFallow,35,Surf1,200,140,LowFreq,0,P2R,15AprV1R4,T1,494.4,264.01,329.136,337.961,1.049,0.307,0,0,0,,0,999
2014,22/07/2014,203,2013,15-Apr,10,sugar,alive,0,456,2013,22/4/2013,112,7,0,325,2014,14,2039,8788.03,7854.99,6905.53,213.219,4014.03,,0,0,0,20.256,209.529,209.529,2.814,10034.022,10036.836,149709.037,1.07,22,3080,710,345.847,1887.529,427.467,1426.583,270.946,1697.53,4.5,9817.541,1.902,9819.443,145796.889,200,475.801,551.241,27.789,2.043,10.146,5.448,12619.414,395.486,0.905,3363.7,12.3,1345.5,0,0,17.811,28.862,18.911,86.2,Burdekin,AyrDPI,Mulg,1959,Furrow,BareFallow,35,Surf1,200,140,LowFreq,0,P2R,15AprV1R4,T1,3790,3507.467,2233.376,2504.322,39.978,12.189,6.0790023113546,0.125605438490041,6.04019830028329,1.066095,40.14,999
2015,22/08/2015,234,2014,15-Apr,10,sugar,alive,1,396,2013,22/7/2014,112,7,0,325,2015,14,2039,7190.42,6399.15,5683.29,175.088,3266.49,,0,0,0,20.047,68.623,68.623,1.902,9817.541,9819.443,145796.889,1.051,20,2800,416.4,184.243,1617.744,238.529,1345.348,76.082,1421.43,0.645,9878.379,1.167,9879.547,146518.778,200,286.22,437.918,30.487,0.299,4.392,6.368,14024.606,397.933,0.921,3619.7,13.8,1447.9,0,0,17.918,29.774,20.524,83.4,Burdekin,AyrDPI,Mulg,1959,Furrow,BareFallow,35,Surf1,200,140,LowFreq,0,P2R,15AprV1R4,T1,3216.4,3038.529,1801.987,1878.069,35.178,4.691,5.76226193661472,0.123177363640841,5.38732307692308,0.87544,32.665,999
2016,21/09/2016,265,2015,15-Apr,10,sugar,alive,2,396,2013,22/8/2015,112,7,0,325,2016,14,2039,7332.57,6542.84,5765.57,177.605,3372.84,,0,0,0,20.458,61.606,61.606,1.167,9878.379,9879.547,146518.778,1.066,20,2800,538,231.379,1665.047,375.051,1296.461,138.042,1434.502,2.095,9868.829,1.041,9869.87,146653.368,200,338.841,468.697,22.587,0.057,7.096,4.789,13902.203,400.411,0.875,2967.7,10.9,1187.1,0,0,19.229,29.925,19.117,43.6,Burdekin,AyrDPI,Mulg,1959,Furrow,BareFallow,35,Surf1,200,140,LowFreq,0,P2R,15AprV1R4,T1,3338,3175.051,1896.426,2034.468,29.74,7.153,5.59376841505853,0.123809517170419,5.46476923076923,0.888025,33.728,999
2017,26/10/2017,299,2016,15-Apr,10,sugar,alive,3,400,2013,21/9/2016,112,7,5,325,2017,14,2039,7083.35,6315.95,5518.21,169.743,3216.43,,0,0,0,20.407,68.678,68.678,1.041,9868.829,9869.87,146653.368,1.065,19,2660,950.4,252.623,1897.558,571.091,1282.429,129.423,1411.853,2.021,9878.996,2.264,9881.26,146784.852,200,311.266,449.232,34.152,0.082,4.638,6.933,13745.99,402.965,0.904,3347.2,12.3,1338.9,0,0,18.822,30.063,18.485,107.8,Burdekin,AyrDPI,Mulg,1959,Furrow,BareFallow,35,Surf1,200,140,LowFreq,0,P2R,15AprV1R4,T1,3610.4,3231.091,2150.181,2279.604,38.872,4.72,5.25342678370866,0.120227105796425,5.45797427652733,0.848715,32.164,999
2018,26/11/2018,330,2017,15-Apr,10,sugar,alive,4,396,2013,26/10/2017,112,7,5,330,2018,14,2044,6827.29,6105.13,5304.1,164.24,3205.28,,0,0,0,21.104,117.044,117.044,2.264,9878.996,9881.26,146784.852,1.067,21,2940,688.7,298.021,1977.334,332.753,1219.527,168.198,1387.726,2.814,9873.961,2.852,9876.814,146723.17,200,323.505,472.777,21.646,0.077,19.139,4.644,13721.61,405.526,0.824,2481.1,9.2,992.4,0,0,18.316,29.85,18.742,130.4,Burdekin,AyrDPI,Mulg,1959,Furrow,BareFallow,35,Surf1,200,140,LowFreq,0,P2R,15AprV1R4,T1,3628.7,3272.753,2275.355,2443.553,40.862,19.216,5.01840499420519,0.118351893673535,4.84483775811209,0.8212,32.053,999
2019,15/04/2019,105,0,15-Apr,10,none,out,-1,0,2013,0.000,105,0,5,330,-1,14,2044,0,0,0,0,0,,0,0,0,0,82.664,82.664,2.852,9873.961,9876.814,146723.17,1.067,0,0,1074,439.867,480.767,337.843,0,13.807,13.807,0,10028.556,3.097,10031.653,149647.969,0,0,61.883,1.022,0.262,0.411,0.158,6266.966,406.447,0.997,8215.4,37.9,3286.2,0,0,22.81,31.57,16.807,92.8,Burdekin,AyrDPI,Mulg,1959,Furrow,BareFallow,35,Surf1,200,140,LowFreq,0,P2R,15AprV1R4,T1,1074,337.843,920.634,934.441,1.695,0.673,0,0,0,,0,999
2020,14/07/2020,196,2019,15-Apr,11,sugar,alive,0,456,2019,15/4/2019,105,0,0,318,2020,21,2039,8214.76,7338.16,6437.35,199.093,3807.24,,0,0,0,20.621,222.223,222.223,3.097,10028.556,10031.653,149647.969,1.077,21,2940,1041.6,321.157,2083.56,435.829,1426.217,300.994,1727.211,6.004,9782.084,1.941,9784.024,145335.198,200,462.711,541.116,43.549,1.459,23.055,8.695,11618.029,409.458,0.898,3264,12,1305.6,0,0,17.927,29.324,17.481,327.8,Burdekin,AyrDPI,Mulg,1959,Furrow,BareFallow,35,Surf1,200,140,LowFreq,0,P2R,15AprV1R4,T1,3981.6,3375.829,2404.717,2705.711,68.063,24.514,5.89760322575581,0.115268487752799,5.87294985250737,0.995465,38.072,999
2021,14/08/2021,226,2020,15-Apr,11,sugar,alive,1,396,2019,14/7/2020,105,0,0,318,2021,21,2039,6605.81,5867.3,5098.94,156.513,2707.43,,0,0,0,18.377,71.895,71.895,1.941,9782.084,9784.024,145335.198,1.052,18,2520,1081.2,473.027,1930.796,457.82,1127.897,71.099,1198.996,0.783,9863.774,1.152,9864.926,146265.074,200,258.471,402.98,32.638,0.42,5.556,6.759,13095.317,412.114,0.876,2983.9,11.5,1193.6,0,0,18.484,29.171,17.224,132.4,Burdekin,AyrDPI,Mulg,1959,Furrow,BareFallow,35,Surf1,200,140,LowFreq,0,P2R,15AprV1R4,T1,3601.2,2977.82,2403.823,2474.922,38.614,5.976,5.25595905729695,0.130536715718818,5.26979797979798,0.782565,27.074,999
1960,14/04/1960,105,0,15-Apr,0,none,out,-1,0,-1,0.000,105,0,0,318,-1,21,2039,0,0,0,0,0,,0,0,0,0,0,0,0,0,0,0,0.89,0,0,778.8,0,483.366,295.434,0,204.631,204.631,22.612,9504.982,33.583,9538.565,141805.407,0,0,35.978,3.757,0,1.649,0.596,1010.218,350,0.012,17.8,0.1,7.1,0,0,22.318,30.437,19.329,210.1,Burdekin,AyrDPI,Mulg,1960,Furrow,BareFallow,35,Surf1,200,140,LowFreq,0,P2R,15AprV1R4,T1,778.8,295.434,483.366,687.997,5.406,1.649,0,0,0,,0,999
1961,14/07/1961,195,1960,15-Apr,1,sugar,alive,0,456,1960,14/4/1960,105,0,0,318,1961,21,2039,8331.13,7460.94,6508.45,201.049,3735.29,,0,0,0,19.952,120.353,120.353,33.583,9504.982,9538.565,141805.407,0.884,22,3080,561.3,92.759,1801.127,382.765,1424.016,374.641,1798.657,34.78,9423.781,0.736,9424.517,141494.333,200,297.911,319.753,31.466,0.035,23.026,6.605,3540.509,350,0.985,6005.6,22,2402.2,0,0,16.784,28.349,20.095,63.2,Burdekin,AyrDPI,Mulg,1960,Furrow,BareFallow,35,Surf1,200,140,LowFreq,0,P2R,15AprV1R4,T1,3641.3,3462.765,1893.886,2268.527,54.527,23.061,5.80602495404684,0.111777287164812,5.69543909348442,1.005245,37.353,999
1962,14/08/1962,226,1961,15-Apr,1,sugar,alive,1,396,1960,14/7/1961,105,0,0,318,1962,21,2039,5121.49,4538.01,3985.08,121.871,2292.92,,0,0,0,20.242,69.11,69.11,0.736,9423.781,9424.517,141494.333,0.868,17,2380,958.4,485.784,1816.673,489.452,1008.494,2.572,1011.066,0,9496.499,1.228,9497.727,142993.467,200,205.401,298.898,26.314,0.001,2.211,5.496,7653.361,350,1,16944.4,72.6,6777.7,0,0,17.008,28.972,20.048,102.1,Burdekin,AyrDPI,Mulg,1960,Furrow,BareFallow,35,Surf1,200,140,LowFreq,0,P2R,15AprV1R4,T1,3338.4,2869.452,2302.457,2305.029,28.526,2.212,4.24718726781281,0.120537136052444,4.30639575971731,0.609355,22.929,999
1963,14/09/1963,257,1962,15-Apr,1,sugar,alive,2,396,1960,14/8/1962,105,0,0,318,1963,21,2039,6196.56,5591.93,4831.96,149.423,2786.2,,0,0,0,20.035,93.988,93.988,1.228,9496.499,9497.727,142993.467,0.878,18,2520,1162.3,502.597,2000.922,609.815,1169.878,3.419,1173.298,0,9583.63,1.418,9585.048,144681.497,200,217.582,364.841,25.782,0.002,8.629,5.404,10664.777,350,1,13277.6,52.7,5311,0,0,17.169,29.038,19.278,91.9,Burdekin,AyrDPI,Mulg,1960,Furrow,BareFallow,35,Surf1,200,140,LowFreq,0,P2R,15AprV1R4,T1,3682.3,3129.815,2503.519,2506.938,34.413,8.631,4.77417994354299,0.127352982788686,5.03107744107744,0.747115,27.862,999
1964,13/10/1964,287,1963,15-Apr,1,sugar,alive,3,395,1960,14/9/1963,105,0,0,318,1964,21,2039,6361.83,5664.93,4972.68,152.943,2922.37,,0,0,0,20.602,99.472,99.472,1.418,9583.63,9585.048,144681.497,0.896,20,2800,564.7,278.626,1846.529,409.558,1250.72,13.211,1263.931,0.009,9655.099,2.803,9657.902,146499.701,200,249.446,410.569,25.545,0.001,7.796,5.386,12357.749,350,0.997,8418.1,32.4,3367.3,0,0,17.833,29.736,19.754,92.7,Burdekin,AyrDPI,Mulg,1960,Furrow,BareFallow,35,Surf1,200,140,LowFreq,0,P2R,15AprV1R4,T1,3364.7,3209.558,2125.155,2138.366,33.342,7.797,4.76523558695621,0.121005814399678,4.70593846153846,0.764715,29.224,999
1965,13/11/1965,317,1964,15-Apr,1,sugar,alive,4,396,1960,13/10/1964,105,0,0,318,1965,21,2039,6935.63,6285.35,5434.03,169.42,3305.83,,0,0,0,21.1,75.086,75.086,2.803,9655.099,9657.902,146499.701,0.914,20,2800,827.8,406.966,1873.45,431.263,1258.235,98.612,1356.847,0.864,9692.489,1.509,9693.998,148183.78,200,270.365,435.222,44.556,0.002,9.062,8.824,12698.297,350,0.868,2894.7,10.8,1157.9,0,0,17.495,29.085,20.224,107.4,Burdekin,AyrDPI,Mulg,1960,Furrow,BareFallow,35,Surf1,200,140,LowFreq,0,P2R,15AprV1R4,T1,3627.8,3231.263,2280.416,2379.028,53.62,9.064,5.24315105269983,0.124863009609779,5.21292307692308,0.8471,33.058,999
1966,15/04/1966,105,0,15-Apr,1,none,out,-1,0,1960,0.000,105,0,0,318,-1,21,2039,0,0,0,0,0,,0,0,0,0,65.623,65.623,1.509,9692.489,9693.998,148183.78,0.925,0,0,295,98.355,91.161,186.482,0,18.191,18.191,0,9820.781,10.19,9830.971,151251.368,0,0,80.859,0.798,0.001,0.084,0.19,6276.366,350,0.995,7587.3,32.8,3034.9,0,0,21.412,31.333,20.942,102.9,Burdekin,AyrDPI,Mulg,1960,Furrow,BareFallow,35,Surf1,200,140,LowFreq,0,P2R,15AprV1R4,T1,295,186.482,189.516,207.707,0.883,0.085,0,0,0,,0,999
1967,15/07/1967,196,1966,15-Apr,2,sugar,alive,0,456,1966,15/4/1966,105,0,0,318,1967,21,2039,8702.64,7815.35,6810.29,210.853,3846.6,,0,0,0,19.539,152.916,152.916,10.19,9820.781,9830.971,151251.368,0.937,21,2940,894.1,218.645,1889.027,499.997,1465.755,299.554,1765.309,4.759,9605.225,1.748,9606.974,148944.155,200,432.254,505.169,52.509,0.002,20.76,10.483,9701.562,350,0.896,3230,11.8,1292,0,0,17.479,28.371,18.716,154.9,Burdekin,AyrDPI,Mulg,1960,Furrow,BareFallow,35,Surf1,200,140,LowFreq,0,P2R,15AprV1R4,T1,3834.1,3439.997,2107.672,2407.226,73.271,20.762,6.12945301987182,0.11944254518614,6.21985250737463,1.054265,38.466,999
1968,14/08/1968,227,1967,15-Apr,2,sugar,alive,1,396,1966,15/7/1967,105,0,0,318,1968,21,2039,6345,5671.87,4972.19,153.35,2894.99,,0,0,0,20.32,114.035,114.035,1.748,9605.225,9606.974,148944.155,0.912,18,2520,1458,605.812,2216.982,521.807,1101.794,65.921,1167.715,0.494,9709.784,2.041,9711.825,150979.733,200,244.705,386.733,21.236,0.004,8.009,4.542,12343.4,350,0.89,3154.4,12.5,1261.7,0,0,17.986,28.436,19.767,187.9,Burdekin,AyrDPI,Mulg,1960,Furrow,BareFallow,35,Surf1,200,140,LowFreq,0,P2R,15AprV1R4,T1,3978,3041.807,2822.794,2888.715,29.249,8.013,5.04141124009512,0.131324852382645,5.16329966329966,0.76675,28.95,999
1969,14/09/1969,257,1968,15-Apr,2,sugar,alive,2,396,1966,14/8/1968,105,0,0,318,1969,21,2039,6656.45,5951.88,5135.71,158.212,2990.36,,0,0,0,20.348,101.526,101.526,2.041,9709.784,9711.825,150979.733,0.935,22,3080,202.9,140.88,1773.001,168.028,1245.251,169.354,1414.605,2.617,9685.249,1.234,9686.483,151894.568,200,330.93,461.316,23.818,0.001,11.72,5.081,11539.621,350,0.898,3254.5,12,1301.8,0,0,17.462,29.388,20.407,46.5,Burdekin,AyrDPI,Mulg,1960,Furrow,BareFallow,35,Surf1,200,140,LowFreq,0,P2R,15AprV1R4,T1,3282.9,3248.028,1913.881,2083.235,35.539,11.721,4.87101712177358,0.111841821568565,4.48192634560906,0.79106,29.904,999
1970,14/10/1970,287,1969,15-Apr,2,sugar,alive,3,395,1966,14/9/1969,105,0,0,318,1970,21,2039,7036.71,6312.81,5464.39,168.615,3237.69,,0,0,0,20.718,55.939,55.939,1.234,9685.249,9686.483,151894.568,0.934,21,2940,674.6,252.146,1914.788,384.623,1315.755,125.03,1440.785,1.613,9717.474,1.265,9718.739,153396.388,200,285.214,434.405,35.327,0.002,7.722,7.165,11864.867,350,0.909,3418.5,12.7,1367.4,0,0,17.812,29.536,20.631,133.6,Burdekin,AyrDPI,Mulg,1960,Furrow,BareFallow,35,Surf1,200,140,LowFreq,0,P2R,15AprV1R4,T1,3614.6,3324.623,2166.934,2291.964,43.051,7.724,5.07170286676113,0.11702995242177,4.97389380530974,0.843075,32.377,999
1971,14/11/1971,318,1970,15-Apr,2,sugar,alive,4,396,1966,14/10/1970,105,0,0,318,1971,21,2039,6839.87,6154.38,5333.31,165.456,3239.12,,0,0,0,21.18,62.82,62.82,1.265,9717.474,9718.739,153396.388,0.941,18,2520,1243.3,430.549,1993.703,665.518,1216.85,111.114,1327.964,1.064,9768.284,1.566,9769.85,155059.378,200,263.35,400.318,39.523,0.003,6.26,7.798,12086.481,350,0.815,2411.3,9.1,964.5,0,0,17.821,28.99,19.978,220,Burdekin,AyrDPI,Mulg,1960,Furrow,BareFallow,35,Surf1,200,140,LowFreq,0,P2R,15AprV1R4,T1,3763.3,3185.518,2424.252,2535.366,45.786,6.263,5.19400612396477,0.1245937389869,5.57090909090909,0.82728,32.391,999
1972,18/04/1972,109,0,15-Apr,2,none,out,-1,0,1966,0.000,109,4,0,322,-1,18,2039,0,0,0,0,0,,0,0,0,0,73.903,73.903,1.566,9768.284,9769.85,155059.378,0.952,0,0,1271.5,478.421,672.978,344.008,0,22.885,22.885,0.001,9904.639,6.64,9911.279,158292.052,0,0,75.015,1.333,0.015,0.645,0.2,6301.173,350,0.993,7068.8,30.4,2827.5,0,0,21.419,31.351,20.565,206.2,Burdekin,AyrDPI,Mulg,1960,Furrow,BareFallow,35,Surf1,200,140,LowFreq,0,P2R,15AprV1R4,T1,1271.5,344.008,1151.399,1174.284,1.993,0.66,0,0,0,,0,999
1973,18/07/1973,199,1972,15-Apr,3,sugar,alive,0,456,1972,18/4/1972,109,4,0,322,1973,17,2039,8279.91,7366.6,6465.64,199.146,3243.97,,0,0,0,17.136,171.119,171.119,6.64,9904.639,9911.279,158292.052,0.963,21,2940,1008.7,326.758,2033.251,571.463,1404.311,281.632,1685.944,4.408,9710.296,1.906,9712.202,155683.778,200,416.275,479.705,46.204,0.006,15.502,9.211,9774.84,350,0.898,3256.3,11.9,1302.5,0,0,16.891,28.355,18.989,108.5,Burdekin,AyrDPI,Mulg,1960,Furrow,BareFallow,35,Surf1,200,140,LowFreq,0,P2R,15AprV1R4,T1,3948.7,3511.463,2360.009,2641.641,61.712,15.508,5.67131135939635,0.118121361089099,5.87451327433628,0.99573,32.44,999
1974,18/08/1974,230,1973,15-Apr,3,sugar,alive,1,396,1972,18/7/1973,109,4,0,322,1974,17,2039,5633.78,5102.98,4355.96,134.941,2351.25,,0,0,0,18.532,73.867,73.867,1.906,9710.296,9712.202,155683.778,0.94,15,2100,2056.4,1006.212,2120.339,645.607,963.701,50.916,1014.618,0.223,9816.077,1.315,9817.392,157291.382,200,218.138,354.242,38.691,0.01,4.833,7.737,11727.934,350,0.913,3489.1,14.4,1395.7,0,0,17.557,28.222,18.214,152.9,Burdekin,AyrDPI,Mulg,1960,Furrow,BareFallow,35,Surf1,200,140,LowFreq,0,P2R,15AprV1R4,T1,4156.4,2745.607,3126.551,3177.467,43.534,4.843,4.91479661874405,0.132996852017212,5.29180392156863,0.674705,23.512,999
1975,18/09/1975,261,1974,15-Apr,3,sugar,alive,2,396,1972,18/8/1974,109,4,0,322,1975,17,2039,7419.39,6700.13,5749.37,178.368,3309.74,,0,0,0,19.923,89.098,89.098,1.315,9816.077,9817.392,157291.382,0.963,19,2660,790.6,294.497,1693.868,557.461,1276.454,160.992,1437.446,2.462,9784.195,2.201,9786.396,157730.98,200,330.653,452.705,34.655,0.005,6.075,7.08,11939.952,350,0.846,2673.8,9.8,1069.5,0,0,18.012,28.657,19.638,65,Burdekin,AyrDPI,Mulg,1960,Furrow,BareFallow,35,Surf1,200,140,LowFreq,0,P2R,15AprV1R4,T1,3450.6,3217.461,1988.365,2149.357,40.735,6.08,5.54375018065487,0.124086748302197,5.73530546623794,0.89184,33.097,999
1976,17/10/1976,291,1975,15-Apr,3,sugar,alive,3,395,1972,18/9/1975,109,4,0,322,1976,17,2039,6154.36,5581.14,4812.71,149.873,2992.09,,0,0,0,21.656,113.887,113.887,2.201,9784.195,9786.396,157730.98,0.96,17,2380,1892.5,894.634,2262.177,607.767,1051.517,107.777,1159.294,1.082,9842.658,1.454,9844.112,159018.214,200,242.629,385.037,37.87,0.014,16.101,7.5,11941.723,350,0.865,2863.4,10.8,1145.3,0,0,17.662,28.384,19.638,179.8,Burdekin,AyrDPI,Mulg,1960,Furrow,BareFallow,35,Surf1,200,140,LowFreq,0,P2R,15AprV1R4,T1,4272.5,2987.767,3156.811,3264.588,53.985,16.115,5.0162211444199,0.12927954427436,5.29586572438163,0.749365,29.921,999
1977,17/11/1977,321,1976,15-Apr,3,sugar,alive,4,396,1972,17/10/1976,109,4,0,322,1977,17,2039,7048.63,6428.61,5515.21,172.38,3305.54,,0,0,0,20.686,70.281,70.281,1.454,9842.658,9844.112,159018.214,0.971,20,2800,1376.6,517.764,2350.682,506.794,1135.805,172.469,1308.274,3.221,9836.417,1.666,9838.083,159468.98,200,292.953,432.983,49.374,0.013,5.407,9.513,11734.758,350,0.841,2629.9,9.7,1051.9,0,0,18.126,28.512,20.031,170.6,Burdekin,AyrDPI,Mulg,1960,Furrow,BareFallow,35,Surf1,200,140,LowFreq,0,P2R,15AprV1R4,T1,4176.6,3306.794,2868.446,3040.915,54.794,5.42,5.21290409986228,0.131761389433712,5.304,0.8619,33.055,999
1978,17/04/1978,107,0,15-Apr,3,none,out,-1,0,1972,0.000,107,2,0,320,-1,20,2039,0,0,0,0,0,,0,0,0,0,70.162,70.162,1.666,9836.417,9838.083,159468.98,0.97,0,0,718.5,229.455,303.447,355.874,0,16.936,16.936,0,9971.216,6.508,9977.723,162236.124,0,0,68.816,1.752,0.017,0.28,0.217,6333.993,350,0.998,8574.6,37.3,3429.8,0,0,22.06,31.038,22.293,150.6,Burdekin,AyrDPI,Mulg,1960,Furrow,BareFallow,35,Surf1,200,140,LowFreq,0,P2R,15AprV1R4,T1,718.5,355.874,532.902,549.838,2.049,0.297,0,0,0,,0,999
1979,17/07/1979,198,1978,15-Apr,4,sugar,alive,0,456,1978,17/4/1978,107,2,0,320,1979,19,2039,8627.05,7747.29,6734.48,208.348,3502.05,,0,0,0,17.775,238.824,238.824,6.508,9971.216,9977.723,162236.124,0.98,20,2800,1684.5,563.659,2426.99,730.718,1365.132,281.885,1647.017,6.535,9805.681,1.863,9807.544,159012.169,200,401.807,475.961,42.144,0.026,12.949,8.055,11084.329,350,0.894,3202.9,11.7,1281.2,0,0,17.559,27.817,18.221,350.7,Burdekin,AyrDPI,Mulg,1960,Furrow,BareFallow,35,Surf1,200,140,LowFreq,0,P2R,15AprV1R4,T1,4484.5,3530.718,2990.649,3272.534,55.119,12.975,5.90100936976558,0.126500212201817,6.41070769230769,1.04174,35.02,999
1980,16/08/1980,229,1979,15-Apr,4,sugar,alive,1,396,1978,17/7/1979,107,2,0,320,1980,19,2039,6700.84,5971.97,5250.3,161.673,2949.33,,0,0,0,19.538,85.659,85.659,1.863,9805.681,9807.544,159012.169,0.963,19,2660,796.7,385.062,1882.938,439.773,1165.09,34.334,1199.424,0.093,9883.819,1.224,9885.043,159396.066,200,252.424,389.191,29.473,0.014,4.339,6.141,13255.045,350,0.98,5608.1,22.6,2243.2,0,0,18.154,28.708,20.346,86.4,Burdekin,AyrDPI,Mulg,1960,Furrow,BareFallow,35,Surf1,200,140,LowFreq,0,P2R,15AprV1R4,T1,3456.7,3099.773,2268,2302.334,33.826,4.353,5.21563998396012,0.134792200256123,5.19848874598071,0.808365,29.493,999
1981,16/09/1981,259,1980,15-Apr,4,sugar,alive,2,396,1978,16/8/1980,107,2,0,320,1981,19,2039,6416.57,5739.09,4978.59,153.227,2755.88,,0,0,0,19.222,74.935,74.935,1.224,9883.819,9885.043,159396.066,0.98,17,2380,1124,527.898,1818.786,544.971,1088.236,81.679,1169.915,0.869,9932.789,1.272,9934.062,159490.521,200,273.158,403.791,23.948,0.015,6.682,5.067,13676.976,350,0.915,3522.9,13.1,1409.2,0,0,17.725,28.328,19.284,104.8,Burdekin,AyrDPI,Mulg,1960,Furrow,BareFallow,35,Surf1,200,140,LowFreq,0,P2R,15AprV1R4,T1,3504,2924.971,2346.684,2428.363,30.645,6.697,5.2385818526064,0.130972762978507,5.4143816254417,0.766135,27.559,999
1982,16/10/1982,289,1981,15-Apr,4,sugar,alive,3,395,1978,16/9/1981,107,2,0,320,1982,19,2039,7039.06,6357.4,5492.22,170.465,3231.97,,0,0,0,20.42,62.336,62.336,1.272,9932.789,9934.062,159490.521,0.992,21,2940,599.8,339.618,1793.226,377.843,1257.432,151.521,1408.952,2.337,9910.665,1.406,9912.072,158497.617,200,325.306,469.948,40.366,0.028,7.477,8.051,13981.74,350,0.886,3097.7,11.4,1239.1,0,0,17.544,29.129,20.073,47.4,Burdekin,AyrDPI,Mulg,1960,Furrow,BareFallow,35,Surf1,200,140,LowFreq,0,P2R,15AprV1R4,T1,3539.8,3317.843,2132.844,2284.365,47.871,7.505,5.13782599116354,0.120987088275541,5.02846607669617,0.852325,32.32,999
1983,16/11/1983,320,1982,15-Apr,4,sugar,alive,4,396,1978,16/10/1982,107,2,0,320,1983,19,2039,7070.47,6355,5505.35,170.239,3082.2,,0,0,0,19.369,60.339,60.339,1.406,9910.665,9912.072,158497.617,0.99,20,2800,654.9,247.446,1855.885,399.782,1186.624,147.503,1334.127,2.422,9928.12,2.71,9930.83,157515.654,200,311.232,451.954,27.666,0.012,7.041,5.714,14615.901,350,0.878,3006.6,11.1,1202.6,0,0,18.699,29.097,20.137,95.4,Burdekin,AyrDPI,Mulg,1960,Furrow,BareFallow,35,Surf1,200,140,LowFreq,0,P2R,15AprV1R4,T1,3454.9,3199.782,2103.331,2250.834,34.719,7.053,5.32033119756283,0.127603294139164,5.23812307692308,0.851195,30.822,999
1984,14/04/1984,105,0,15-Apr,4,none,out,-1,0,1978,0.000,105,0,0,320,-1,19,2039,0,0,0,0,0,,0,0,0,0,77.78,77.78,2.71,9928.12,9930.83,157515.654,0.996,0,0,453,199.028,128.569,269.609,0,14.724,14.724,0,10075.198,6.776,10081.974,159705.912,0,0,70.349,1.197,0.037,0.139,0.186,7329.197,350,0.997,8536.1,37.3,3414.5,0,0,21.331,30.553,20.205,75.6,Burdekin,AyrDPI,Mulg,1960,Furrow,BareFallow,35,Surf1,200,140,LowFreq,0,P2R,15AprV1R4,T1,453,269.609,327.597,342.321,1.373,0.176,0,0,0,,0,999
1985,14/07/1985,195,1984,15-Apr,5,sugar,alive,0,456,1984,14/4/1984,105,0,0,318,1985,21,2039,8447.75,7599.44,6634.99,205.68,3622.87,,0,0,0,18.765,188.459,188.459,6.776,10075.198,10081.974,159705.912,1.007,19,2660,887.3,219.534,1743.347,649.469,1408.914,269.865,1678.779,3.823,9817.602,2.649,9820.251,155178.246,200,478.015,558.145,51.205,0.12,17.315,10.171,12189.667,350,0.894,3203.2,11.8,1281.3,0,0,17.323,28.325,18.585,111.4,Burdekin,AyrDPI,Mulg,1960,Furrow,BareFallow,35,Surf1,200,140,LowFreq,0,P2R,15AprV1R4,T1,3547.3,3309.469,1962.881,2232.746,68.64,17.435,6.2148942927098,0.122517615481252,6.61350482315113,1.0284,36.229,999
1986,21/08/1986,233,1985,15-Apr,5,sugar,alive,1,403,1984,14/7/1985,105,0,7,318,1986,14,2039,6818.86,6079.39,5272.72,162.178,3031.7,,0,0,0,20.093,94.099,94.099,2.649,9817.602,9820.251,155178.246,0.984,19,2660,721.3,171.608,1862.081,502.537,1234.952,106.344,1341.295,1.465,9869.838,2.212,9872.05,155602.914,200,297.35,447.225,21.756,0.033,14.824,4.765,14036.794,350,0.847,2681.3,10.1,1072.5,0,0,17.642,28.851,18.769,117.8,Burdekin,AyrDPI,Mulg,1960,Furrow,BareFallow,35,Surf1,200,140,LowFreq,0,P2R,15AprV1R4,T1,3381.3,3162.537,2033.689,2140.033,36.613,14.857,5.12809810604587,0.120911507162854,5.21472668810289,0.81089,30.317,999
1987,21/09/1987,264,1986,15-Apr,5,sugar,alive,2,396,1984,21/8/1986,105,0,7,325,1987,14,2046,6682.82,5989.26,5216.42,161.282,3077.99,,0,0,0,20.574,100.415,100.415,2.212,9869.838,9872.05,155602.914,1.001,21,2940,428.3,184.97,1820.713,322.625,1250.503,152.965,1403.468,2.348,9854.395,1.243,9855.638,155580.416,200,311.966,456.956,40.678,0.044,15.618,8.269,13037.483,350,0.884,3074,11.3,1229.6,0,0,18.229,29.611,19.722,44,Burdekin,AyrDPI,Mulg,1960,Furrow,BareFallow,35,Surf1,200,140,LowFreq,0,P2R,15AprV1R4,T1,3368.3,3262.625,2005.683,2158.648,56.34,15.662,4.94332017930348,0.114916763331975,4.75758112094395,0.80641,30.78,999
1988,20/10/1988,294,1987,15-Apr,5,sugar,alive,3,395,1984,21/9/1987,105,0,7,325,1988,14,2046,6951.52,6260.04,5408.02,167.677,3159.81,,0,0,0,20.279,59.563,59.563,1.243,9854.395,9855.638,155580.416,1.001,20,2800,967.6,286.834,2078.432,416.942,1238.374,159.999,1398.372,3.022,9861.51,1.422,9862.932,155694.757,200,302.789,449.475,38.703,0.061,6.184,7.819,12899.425,350,0.862,2834.3,10.5,1133.7,0,0,18.625,29.486,19.945,254,Burdekin,AyrDPI,Mulg,1960,Furrow,BareFallow,35,Surf1,200,140,LowFreq,0,P2R,15AprV1R4,T1,3767.6,3216.942,2365.266,2525.265,44.948,6.245,5.21231032452559,0.119908722428653,5.15929230769231,0.838385,31.598,999
1989,20/11/1989,324,1988,15-Apr,5,sugar,alive,4,396,1984,20/10/1988,105,0,7,325,1989,14,2046,6373.68,5744.54,4960.61,154.134,2944.12,,0,0,0,20.594,63.525,63.525,1.422,9861.51,9862.932,155694.757,1.004,18,2520,1397.6,608.795,2094.584,670.96,1069.378,138.84,1208.218,2.054,9903.811,1.723,9905.534,156079.327,200,255.276,407.289,50.553,0.196,4.741,9.762,12634.584,350,0.813,2391.6,8.9,956.6,0,0,18.243,28.763,19.394,134.8,Burdekin,AyrDPI,Mulg,1960,Furrow,BareFallow,35,Surf1,200,140,LowFreq,0,P2R,15AprV1R4,T1,3917.6,3190.96,2703.379,2842.219,55.49,4.937,4.83033319126532,0.127571348879093,5.18969696969697,0.77067,29.441,999
1990,27/04/1990,117,0,15-Apr,5,none,out,-1,0,1984,0.000,117,12,7,337,-1,14,2046,0,0,0,0,0,,0,0,0,0,69.527,69.527,1.723,9903.811,9905.534,156079.327,1.012,0,0,1005,311.708,470.374,373.422,0,38.39,38.39,0.028,10042.905,5.813,10048.719,158169.857,0,0,81.134,2.102,0.2,0.464,0.248,7455.001,350.133,0.978,5456.6,23.5,2182.6,0,0,21.299,31.098,21.349,103,Burdekin,AyrDPI,Mulg,1960,Furrow,BareFallow,35,Surf1,200,140,LowFreq,0,P2R,15AprV1R4,T1,1005,373.422,782.082,820.472,2.766,0.664,0,0,0,,0,999
1991,27/07/1991,208,1990,15-Apr,6,sugar,alive,0,456,1990,27/4/1990,117,12,0,330,1991,14,2039,8091.78,7251.55,6345.86,196.219,3299.33,,0,0,0,17.782,254.055,254.055,5.813,10042.905,10048.719,158169.857,1.023,19,2660,1937.4,663.775,2474.751,533.959,1352.87,298.274,1651.145,7.027,9823.046,1.971,9825.018,154456.643,200,429.688,493.595,49.112,0.219,15.121,9.602,10070.978,352.051,0.898,3261,12,1304.4,0,0,16.708,28.002,18.31,204.4,Burdekin,AyrDPI,Mulg,1960,Furrow,BareFallow,35,Surf1,200,140,LowFreq,0,P2R,15AprV1R4,T1,4597.4,3193.959,3138.526,3436.8,64.452,15.34,6.14344141549719,0.118838139594039,6.30929260450161,0.981095,32.993,999
1992,26/08/1992,239,1991,15-Apr,6,sugar,alive,1,396,1990,27/7/1991,117,12,0,330,1992,14,2039,7234.92,6474.64,5703.69,176.215,3351.1,,0,0,0,20.491,61.784,61.784,1.971,9823.046,9825.018,154456.643,0.998,19,2660,638.1,181.037,1700.863,409.152,1302.655,112.73,1415.385,1.42,9882.033,1.127,9883.16,154541.45,200,296.248,435.617,21.088,0.07,5.501,4.522,13928.366,353.744,0.907,3385.6,12.8,1354.2,0,0,17.597,29.24,20.578,122.8,Burdekin,AyrDPI,Mulg,1960,Furrow,BareFallow,35,Surf1,200,140,LowFreq,0,P2R,15AprV1R4,T1,3298.1,3069.152,1881.9,1994.63,26.659,5.571,5.7414882026045,0.124499694429431,5.66607717041801,0.881075,33.511,999
1993,26/09/1993,269,1992,15-Apr,6,sugar,alive,2,396,1990,26/8/1992,117,12,0,330,1993,14,2039,7412.91,6683.22,5839.39,181.425,3626.05,,0,0,0,21.683,62.598,62.598,1.127,9882.033,9883.16,154541.45,1.014,21,2940,527.4,252.624,1739.74,375.561,1305.287,137.539,1442.827,1.702,9888.873,2.919,9891.792,154191.796,200,317.04,444.777,26.813,0.099,5.244,5.641,14177.516,355.475,0.82,2450.7,9.1,980.3,0,0,18.04,29.055,20.307,72,Burdekin,AyrDPI,Mulg,1960,Furrow,BareFallow,35,Surf1,200,140,LowFreq,0,P2R,15AprV1R4,T1,3467.4,3315.561,1992.364,2129.903,32.156,5.343,5.47192466071353,0.125742725912393,5.35176991150443,0.907125,36.26,999
1994,26/10/1994,299,1993,15-Apr,6,sugar,alive,3,395,1990,26/9/1993,117,12,0,330,1994,14,2039,7243.35,6538.05,5783.94,179.903,3621.43,,0,0,0,21.86,94.808,94.808,2.919,9888.873,9891.792,154191.796,1.017,22,3080,368.5,230.067,1825.692,265.609,1291.198,137.402,1428.6,1.68,9902.115,1.364,9903.479,153910.068,200,301.31,439.302,33.857,0.116,8.769,6.957,13739.316,357.24,0.903,3336.2,12.4,1334.5,0,0,17.93,29.284,20.727,46.8,Burdekin,AyrDPI,Mulg,1960,Furrow,BareFallow,35,Surf1,200,140,LowFreq,0,P2R,15AprV1R4,T1,3448.5,3345.609,2055.759,2193.161,42.742,8.885,5.377287064926,0.125929581408372,5.09640226628895,0.899515,36.214,999
1995,26/11/1995,330,1994,15-Apr,6,sugar,alive,4,396,1990,26/10/1994,117,12,0,330,1995,14,2039,7817.48,7010.61,6232.6,193.45,3897.32,,0,0,0,21.88,58.949,58.949,1.364,9902.115,9903.479,153910.068,1.02,21,2940,580.7,294.37,1731.707,399.571,1303.194,162.755,1465.949,2.13,9905.27,2.812,9908.082,153336.883,200,327.544,458.251,24.722,0.108,6.058,5.018,14477.994,359.038,0.831,2539.8,9.4,1015.9,0,0,19.375,29.443,20.708,55.2,Burdekin,AyrDPI,Mulg,1960,Furrow,BareFallow,35,Surf1,200,140,LowFreq,0,P2R,15AprV1R4,T1,3520.7,3339.571,2026.077,2188.832,30.888,6.166,5.79266019497714,0.131962298824857,5.70648967551622,0.96725,38.973,999
1996,14/04/1996,105,0,15-Apr,6,none,out,-1,0,1990,0.000,105,0,0,330,-1,14,2039,0,0,0,0,0,,0,0,0,0,87.623,87.623,2.812,9905.27,9908.082,153336.883,1.022,0,0,398.6,130.231,193.929,190.829,0,17.65,17.65,0,10060.165,4.689,10064.854,156066.719,0,0,79.981,0.681,0.199,0.193,0.18,7411.255,359.682,0.996,7788.9,32.8,3115.5,0,0,22.954,32.071,21.968,107,Burdekin,AyrDPI,Mulg,1960,Furrow,BareFallow,35,Surf1,200,140,LowFreq,0,P2R,15AprV1R4,T1,398.6,190.829,324.16,341.81,1.073,0.392,0,0,0,,0,999
1997,14/07/1997,195,1996,15-Apr,7,sugar,alive,0,456,1996,14/4/1996,105,0,0,318,1997,21,2039,10238.79,9250.93,8138.37,253.395,4668.1,,0,0,0,19.759,144.412,144.412,4.689,10060.165,10064.854,156066.719,1.033,21,2940,982.2,330.532,1845.063,506.246,1521.473,289.123,1810.596,4.148,9850.705,2.543,9853.248,150633.423,200,456.208,516.409,34.414,0.327,8.816,6.922,13510.269,361.813,0.906,3374.1,12.4,1349.6,0,0,18.701,28.609,19.693,116.8,Burdekin,AyrDPI,Mulg,1960,Furrow,BareFallow,35,Surf1,200,140,LowFreq,0,P2R,15AprV1R4,T1,3922.2,3446.246,2175.595,2464.718,43.557,9.143,7.35278328941115,0.139951154205577,7.47477876106195,1.266975,46.681,999
1998,14/08/1998,226,1997,15-Apr,7,sugar,alive,1,396,1996,14/7/1997,105,0,0,318,1998,21,2039,6447.94,5737.92,5109.28,157.409,2886.15,,0,0,0,19.653,80.421,80.421,2.543,9850.705,9853.248,150633.423,1.011,18,2520,943.5,329.319,2127.844,433.803,966.118,23.28,989.398,0.036,9927.489,2.205,9929.694,149999.755,200,260.813,404.377,20.211,0.2,9.844,4.354,15327.513,363.697,0.984,5873.2,23.1,2349.3,0,0,19.78,28.54,19.348,189.6,Burdekin,AyrDPI,Mulg,1960,Furrow,BareFallow,35,Surf1,200,140,LowFreq,0,P2R,15AprV1R4,T1,3463.5,2953.803,2457.163,2480.443,30.255,10.044,5.32902837460724,0.159095732960851,5.29996632996633,0.787045,28.862,999
1999,14/09/1999,257,1998,15-Apr,7,sugar,alive,2,396,1996,14/8/1998,105,0,0,318,1999,21,2039,7359.99,6640.71,5807.09,180.305,3564.29,,0,0,0,21.415,97.361,97.361,2.205,9927.489,9929.694,149999.755,1.03,20,2800,1157.8,505.79,2220.793,664.764,1138.377,110.82,1249.197,1.657,9929.648,1.438,9931.086,148716.653,200,300.816,441.163,43.208,0.331,8.008,8.559,15188.42,365.614,0.862,2829.7,10.4,1131.9,0,0,19.672,28.665,19.051,112,Burdekin,AyrDPI,Mulg,1960,Furrow,BareFallow,35,Surf1,200,140,LowFreq,0,P2R,15AprV1R4,T1,3957.8,3464.764,2726.583,2837.403,51.547,8.339,5.20396194372835,0.144336721910155,5.54784615384615,0.901525,35.643,999
2000,13/10/2000,287,1999,15-Apr,7,sugar,alive,3,395,1996,14/9/1999,105,0,0,318,2000,21,2039,7084.39,6396.24,5638.73,175.24,3404.75,,0,0,0,20.998,79.38,79.38,1.438,9929.648,9931.086,148716.653,1.034,18,2520,1485.1,593.608,2251.604,591.679,1059.046,126.865,1185.91,1.932,9939.414,1.853,9941.266,147822.268,200,306.917,437.601,28.755,0.381,7.157,5.85,14362.618,367.562,0.902,3315.1,12.2,1326,0,0,18.806,28.308,19.755,136,Burdekin,AyrDPI,Mulg,1960,Furrow,BareFallow,35,Surf1,200,140,LowFreq,0,P2R,15AprV1R4,T1,4005.1,3111.679,2845.212,2972.077,36.293,7.538,5.63168630183255,0.147768380399862,5.9003367003367,0.8762,34.048,999
2001,13/11/2001,317,2000,15-Apr,7,sugar,alive,4,396,1996,13/10/2000,105,0,0,318,2001,21,2039,7235.43,6494.05,5732.71,178.655,3673.27,,0,0,0,22.39,53.358,53.358,1.853,9939.414,9941.266,147822.268,1.039,21,2940,561.7,357.478,1736.181,362.478,1266.093,145.855,1411.948,1.861,9891.63,2.093,9893.723,146978.337,200,330.773,485.7,63.003,2.604,4.569,11.882,13759.067,369.549,0.877,2997,11.1,1198.8,0,0,18.326,29.448,20.344,52,Burdekin,AyrDPI,Mulg,1960,Furrow,BareFallow,35,Surf1,200,140,LowFreq,0,P2R,15AprV1R4,T1,3501.7,3302.478,2093.659,2239.514,70.176,7.173,5.4097256666055,0.126530863742857,5.27005899705015,0.893275,36.733,999
2002,15/04/2002,105,0,15-Apr,7,none,out,-1,0,1996,0.000,105,0,0,318,-1,21,2039,0,0,0,0,0,,0,0,0,0,49.451,49.451,2.093,9891.63,9893.723,146978.337,1.038,0,0,709.6,160.769,425.239,265.454,0,8.733,8.733,0,10034.975,4.666,10039.642,149294.879,0,0,54.215,0.922,0.813,0.418,0.141,6214.58,370.333,0.999,10606.1,49.7,4242.4,0,0,22.761,32.867,22.92,206,Burdekin,AyrDPI,Mulg,1960,Furrow,BareFallow,35,Surf1,200,140,LowFreq,0,P2R,15AprV1R4,T1,709.6,265.454,586.008,594.741,2.153,1.231,0,0,0,,0,999
2003,15/07/2003,196,2002,15-Apr,8,sugar,alive,0,456,2002,15/4/2002,105,0,0,318,2003,21,2039,8884.85,7916.92,7013.56,216.459,4112.8,,0,0,0,20.47,164.31,164.31,4.666,10034.975,10039.642,149294.879,1.047,22,3080,540.4,254.317,1654.172,332.221,1531.346,281.281,1812.627,3.391,9793.039,2.014,9795.053,145422.324,200,497.287,577.076,30.675,7.57,9.923,6.035,12690.931,372.685,0.913,3484.2,12.8,1393.7,0,0,17.497,29.369,20.058,51,Burdekin,AyrDPI,Mulg,1960,Furrow,BareFallow,35,Surf1,200,140,LowFreq,0,P2R,15AprV1R4,T1,3620.4,3412.221,1908.489,2189.77,48.168,17.493,6.34363952393471,0.119417287726598,6.13198300283286,1.082295,41.128,999
2004,14/08/2004,227,2003,15-Apr,8,sugar,alive,1,396,2002,15/7/2003,105,0,0,318,2004,21,2039,7542.12,6730.45,5938.93,183.125,3444.65,,0,0,0,20.237,63.595,63.595,2.014,9793.039,9795.053,145422.324,1.029,19,2660,730.8,219.794,1722.181,401.05,1359.877,84.822,1444.699,0.813,9858.544,1.08,9859.624,146255.021,200,290.527,440.439,24.606,0.331,5.745,5.219,14171.113,374.756,0.911,3448.3,13.1,1379.3,0,0,18.173,29.68,20.405,173.2,Burdekin,AyrDPI,Mulg,1960,Furrow,BareFallow,35,Surf1,200,140,LowFreq,0,P2R,15AprV1R4,T1,3390.8,3061.05,1941.975,2026.797,30.682,6.076,5.98242433152023,0.126756507756979,5.88826366559486,0.915625,34.446,999
2005,14/09/2005,257,2004,15-Apr,8,sugar,alive,2,396,2002,14/8/2004,105,0,0,318,2005,21,2039,7418.43,6666.84,5819.09,179.869,3583.63,,0,0,0,21.606,67.72,67.72,1.08,9858.544,9859.624,146255.021,1.046,20,2800,741.5,204.537,1874.746,346.2,1342.532,114.804,1457.335,1.367,9861.537,1.088,9862.625,146457.949,200,325.213,464.069,28.275,0.06,6.278,5.993,14177.111,376.868,0.883,3067.1,11.3,1226.8,0,0,18.136,29.487,20.28,143.4,Burdekin,AyrDPI,Mulg,1960,Furrow,BareFallow,35,Surf1,200,140,LowFreq,0,P2R,15AprV1R4,T1,3541.5,3146.2,2079.283,2194.087,34.613,6.338,5.7170237111436,0.123423234877362,5.53443076923077,0.899345,35.836,999
2006,14/10/2006,287,2005,15-Apr,8,sugar,alive,3,395,2002,14/9/2005,105,0,0,318,2006,21,2039,7397.99,6688.21,5818.11,180.374,3480.61,,0,0,0,20.835,72.601,72.601,1.088,9861.537,9862.625,146457.949,1.047,20,2800,921,308.75,2021.977,479.86,1261.202,132.36,1393.562,2.262,9878.101,1.173,9879.273,146771.154,200,313.358,457.74,26.859,0.09,7.192,5.485,13895.981,379.015,0.891,3164.9,11.7,1266,0,0,18.775,29.419,19.891,178.4,Burdekin,AyrDPI,Mulg,1960,Furrow,BareFallow,35,Surf1,200,140,LowFreq,0,P2R,15AprV1R4,T1,3721,3279.86,2330.727,2463.087,34.141,7.282,5.49944204935577,0.129433781920001,5.54996923076923,0.90187,34.806,999
2007,14/11/2007,318,2006,15-Apr,8,sugar,alive,4,396,2002,14/10/2006,105,0,0,318,2007,21,2039,7330.49,6565.6,5843.64,181.135,3679.6,,0,0,0,22.086,69.313,69.313,1.173,9878.101,9879.273,146771.154,1.05,20,2800,955.1,443.692,1954.566,441.337,1244.397,131.663,1376.06,1.454,9906.776,1.463,9908.239,147135.127,200,303.748,436.727,23.566,0.094,6.656,4.854,13676.272,381.199,0.883,3064.8,11.4,1225.9,0,0,18.14,28.848,20.087,130.2,Burdekin,AyrDPI,Mulg,1960,Furrow,BareFallow,35,Surf1,200,140,LowFreq,0,P2R,15AprV1R4,T1,3755.1,3241.337,2398.258,2529.921,30.316,6.75,5.58828039170256,0.131633068325509,5.57338461538462,0.905675,36.796,999
2008,14/04/2008,105,0,15-Apr,8,none,out,-1,0,2002,0.000,105,0,0,318,-1,21,2039,0,0,0,0,0,,0,0,0,0,50.095,50.095,1.463,9906.776,9908.239,147135.127,1.055,0,0,1182.4,510.681,525.811,337.297,0,14.898,14.898,0,10055.661,3.282,10058.943,150250.672,0,0,60.459,0.895,0.3,0.558,0.15,6395.479,382.048,0.997,8432.3,37.4,3372.9,0,0,22.044,31.03,20.031,108.2,Burdekin,AyrDPI,Mulg,1960,Furrow,BareFallow,35,Surf1,200,140,LowFreq,0,P2R,15AprV1R4,T1,1182.4,337.297,1036.492,1051.39,1.753,0.858,0,0,0,,0,999
2009,14/07/2009,195,2008,15-Apr,9,sugar,alive,0,456,2008,14/4/2008,105,0,0,318,2009,21,2039,8220.61,7365.9,6450.66,199.42,3470.59,,0,0,0,18.506,181.104,181.104,3.282,10055.661,10058.943,150250.672,1.066,18,2520,1896.9,569.814,2360.311,628.164,1337.538,263.408,1600.946,6.217,9818.169,2.451,9820.62,145718.343,200,457.958,532.183,48.639,1.697,14.663,9.469,12120.636,384.628,0.898,3261.4,12,1304.6,0,0,17.681,28.658,18.107,197.2,Burdekin,AyrDPI,Mulg,1960,Furrow,BareFallow,35,Surf1,200,140,LowFreq,0,P2R,15AprV1R4,T1,4416.9,3148.164,2930.125,3193.533,64.999,16.36,6.33448575105998,0.124563851622728,6.71447811447812,0.9971,34.706,999
2010,15/08/2010,227,2009,15-Apr,9,sugar,alive,1,397,2008,14/7/2009,105,0,1,318,2010,20,2039,7409.29,6654.93,5802.34,179.466,3112.29,,0,0,0,18.431,66.934,66.934,2.451,9818.169,9820.62,145718.343,1.042,19,2660,1122.7,367.504,1980.288,510.423,1266.677,105.339,1372.016,1.801,9858.253,2.166,9860.418,146268.001,200,311.112,454.702,23.993,0.4,6.644,5.11,13865.255,386.909,0.855,2755.7,10.3,1102.3,0,0,18.369,29.252,18.952,135.2,Burdekin,AyrDPI,Mulg,1960,Furrow,BareFallow,35,Surf1,200,140,LowFreq,0,P2R,15AprV1R4,T1,3782.7,3170.423,2347.792,2453.131,31.037,7.044,5.6606326663666,0.130804597030938,5.77061093247589,0.89733,31.123,999
2011,15/09/2011,258,2010,15-Apr,9,sugar,alive,2,396,2008,15/8/2010,105,0,1,319,2011,20,2040,6135.11,5551.8,4804.5,149.456,2996.24,,0,0,0,21.759,129.825,129.825,2.166,9858.253,9860.418,146268.001,1.055,15,2100,1415.7,596.718,1875.122,724.065,986.92,131.616,1118.536,2.021,9892.598,1.396,9893.994,146836.678,200,261.788,400.198,37.298,0.089,16.846,7.514,12448.166,389.221,0.87,2914.4,10.8,1165.8,0,0,18.099,28.358,17.742,81.4,Burdekin,AyrDPI,Mulg,1960,Furrow,BareFallow,35,Surf1,200,140,LowFreq,0,P2R,15AprV1R4,T1,3515.7,2824.065,2471.84,2603.456,54.233,16.935,5.29222946355697,0.133617514322293,5.86101960784314,0.74728,29.962,999
2012,14/10/2012,288,2011,15-Apr,9,sugar,alive,3,395,2008,15/9/2011,105,0,1,319,2012,20,2040,7587.83,6873.63,5978.58,185.891,3540.14,,0,0,0,20.524,55.149,55.149,1.396,9892.598,9893.994,146836.678,1.06,18,2520,1154.8,344.418,1892.62,581.657,1257.491,173.25,1430.74,3.326,9872.632,1.247,9873.88,146763.446,200,330.684,462.329,28.646,0.095,8.072,5.812,12614.098,391.564,0.893,3194.6,11.8,1277.9,0,0,18.088,28.804,19.379,197.4,Burdekin,AyrDPI,Mulg,1960,Furrow,BareFallow,35,Surf1,200,140,LowFreq,0,P2R,15AprV1R4,T1,3674.8,3101.657,2237.038,2410.288,36.813,8.167,5.99328036594633,0.129926471616087,6.25895622895623,0.929455,35.401,999
2013,14/11/2013,318,2012,15-Apr,9,sugar,alive,4,396,2008,14/10/2012,105,0,1,319,2013,20,2040,7410.35,6613.19,5891.45,182.162,3623.93,,0,0,0,21.57,62.17,62.17,1.247,9872.632,9873.88,146763.446,1.058,21,2940,546.6,197.729,1852.47,318.984,1300.809,133.909,1434.718,1.729,9899.076,1.507,9900.583,147038.655,200,310.949,445.763,24.296,0.073,6.061,5.058,13841.383,393.95,0.902,3319.8,12.3,1327.9,0,0,18.53,29.572,20.609,178.6,Burdekin,AyrDPI,Mulg,1960,Furrow,BareFallow,35,Surf1,200,140,LowFreq,0,P2R,15AprV1R4,T1,3486.6,3258.984,2050.199,2184.108,30.43,6.134,5.58953342514109,0.126967111306891,5.37351032448378,0.91081,36.239,999
2014,21/04/2014,111,0,15-Apr,9,none,out,-1,0,2008,0.000,111,6,1,325,-1,15,2040,0,0,0,0,0,,0,0,0,0,63.854,63.854,1.507,9899.076,9900.583,147038.655,1.063,0,0,633,183.919,243.774,346.649,0,21.773,21.773,0.004,10055.011,3.553,10058.563,149680.197,0,0,79.991,0.956,0.136,0.27,0.191,7646.093,394.921,0.993,7002.9,30.3,2801.1,0,0,21.942,31.121,20.569,86.2,Burdekin,AyrDPI,Mulg,1960,Furrow,BareFallow,35,Surf1,200,140,LowFreq,0,P2R,15AprV1R4,T1,633,346.649,427.693,449.466,1.362,0.406,0,0,0,,0,999
2015,21/07/2015,202,2014,15-Apr,10,sugar,alive,0,456,2014,21/4/2014,111,6,0,324,2015,15,2039,8955.33,8012.77,7063,218.53,4151.06,,0,0,0,20.464,247.388,247.388,3.553,10055.011,10058.563,149680.197,1.075,22,3080,448.4,232.291,1632.803,276.119,1539.424,293.376,1832.799,3.331,9787.093,1.875,9788.968,145418.103,200,494.743,555.089,38.117,1.008,16.691,7.751,11593.338,397.737,0.903,3329.6,12.2,1331.8,0,0,17.648,29.285,19.642,83.4,Burdekin,AyrDPI,Mulg,1960,Furrow,BareFallow,35,Surf1,200,140,LowFreq,0,P2R,15AprV1R4,T1,3528.4,3356.119,1865.094,2158.47,55.816,17.699,6.51139009075662,0.119232932798414,6.19065155807366,1.09265,41.511,999
2016,20/08/2016,233,2015,15-Apr,10,sugar,alive,1,396,2014,21/7/2015,111,6,0,324,2016,15,2039,7240.19,6447.2,5704.81,175.622,3265.83,,0,0,0,19.973,77.895,77.895,1.875,9787.093,9788.968,145418.103,1.046,20,2800,527.2,248.527,1686.483,374.46,1304.906,79.467,1384.373,0.844,9863.94,1.309,9865.249,146338.323,200,284.649,431.402,21.876,0.234,5.409,4.652,14268.927,400.212,0.869,2906.4,11,1162.6,0,0,18.888,29.847,19.314,43.6,Burdekin,AyrDPI,Mulg,1960,Furrow,BareFallow,35,Surf1,200,140,LowFreq,0,P2R,15AprV1R4,T1,3327.2,3174.46,1935.01,2014.477,27.519,5.643,5.53234250864714,0.126860318714682,5.40375384615385,0.87811,32.658,999
2017,20/09/2017,263,2016,15-Apr,10,sugar,alive,2,396,2014,20/8/2016,111,6,0,324,2017,15,2039,6841.58,6113.53,5315.81,163.967,3059.07,,0,0,0,20.048,85.712,85.712,1.309,9863.94,9865.249,146338.323,1.064,18,2520,869.6,236.023,1802.802,494.129,1233.117,146.843,1379.96,2.624,9849.889,1.194,9851.082,146377.881,200,324.919,465.947,30.578,0.069,9.42,6.328,13344.514,402.731,0.887,3116,11.5,1246.4,0,0,18.68,29.911,18.219,107.8,Burdekin,AyrDPI,Mulg,1960,Furrow,BareFallow,35,Surf1,200,140,LowFreq,0,P2R,15AprV1R4,T1,3389.6,3014.129,2038.825,2185.668,40.067,9.489,5.43994633275484,0.118820110727847,5.52077441077441,0.819835,30.591,999
2018,20/10/2018,293,2017,15-Apr,10,sugar,alive,3,395,2014,20/9/2017,111,6,0,324,2018,15,2039,6860.89,6190.05,5307.15,164.676,3135.56,,0,0,0,20.52,56.526,56.526,1.194,9849.889,9851.082,146377.881,1.061,21,2940,739.1,345.965,1937.037,421.128,1232.133,141.086,1373.219,2.417,9850.834,2.637,9853.471,146357.671,200,308.577,459.44,41.135,0.103,5.054,8.133,13318.769,405.288,0.848,2694.2,10,1077.7,0,0,18.117,29.654,18.379,130.4,Burdekin,AyrDPI,Mulg,1960,Furrow,BareFallow,35,Surf1,200,140,LowFreq,0,P2R,15AprV1R4,T1,3679.1,3361.128,2283.002,2424.088,46.292,5.157,4.89942662106293,0.119919692343319,4.85769911504425,0.82338,31.356,999
2019,20/11/2019,324,2018,15-Apr,10,sugar,alive,4,396,2014,20/10/2018,111,6,0,324,2019,15,2039,6342.66,5709.66,4882.77,151.493,2885.44,,0,0,0,20.527,79.405,79.405,2.637,9850.834,9853.471,146357.671,1.061,20,2800,1167.2,604.124,2128.41,377.467,1093.481,158.016,1251.497,2.984,9856.309,1.705,9858.015,146396.893,200,298.492,451.019,39.008,0.214,11.987,7.56,12884.759,407.883,0.833,2559.8,9.5,1023.9,0,0,18.548,29.71,17.622,92.8,Burdekin,AyrDPI,Mulg,1960,Furrow,BareFallow,35,Surf1,200,140,LowFreq,0,P2R,15AprV1R4,T1,3967.2,3177.467,2732.534,2890.55,51.209,12.201,4.76772850827404,0.121049431201193,4.66132307692308,0.757465,28.854,999
2020,14/04/2020,105,0,15-Apr,10,none,out,-1,0,2014,0.000,105,0,0,324,-1,15,2039,0,0,0,0,0,,0,0,0,0,62.574,62.574,1.705,9856.309,9858.015,146396.893,1.063,0,0,828,231.476,468.105,305.065,0,10.494,10.494,0,9994.768,2.89,9997.658,148931.216,0,0,50.59,0.687,0.151,0.431,0.123,5545.947,408.85,0.999,9768.2,44,3907.3,0,0,22.807,32.531,20.578,327.8,Burdekin,AyrDPI,Mulg,1960,Furrow,BareFallow,35,Surf1,200,140,LowFreq,0,P2R,15AprV1R4,T1,828,305.065,699.581,710.075,1.269,0.582,0,0,0,,0,999
2021,14/07/2021,195,2020,15-Apr,11,sugar,alive,0,456,2020,14/4/2020,105,0,0,318,2021,21,2039,8033.86,7189.96,6267.62,193.749,3463.65,,0,0,0,19.089,180.499,180.499,2.89,9994.768,9997.658,148931.216,1.072,20,2800,1238.2,475.325,2076.377,503.785,1314.51,264.819,1579.33,5.792,9777.297,2.237,9779.534,145166.209,200,446.043,528.858,41.118,2.299,19.989,7.776,11932.789,411.908,0.831,2536.1,9.3,1014.4,0,0,18.324,28.888,16.427,132.4,Burdekin,AyrDPI,Mulg,1960,Furrow,BareFallow,35,Surf1,200,140,LowFreq,0,P2R,15AprV1R4,T1,4038.2,3303.785,2551.702,2816.521,63.406,22.288,5.86445546547369,0.122677971038352,5.96150769230769,0.968745,34.636,999
1961,15/04/1961,105,0,15-Apr,0,none,out,-1,0,-1,0.000,105,0,0,318,-1,21,2039,0,0,0,0,0,,0,0,0,0,0,0,0,0,0,0,0.89,0,0,356.6,0,169.312,187.288,0,145.244,145.244,7.686,9502.806,38.791,9541.597,141809.239,0,0,37.056,1.808,0,0.521,0.325,1002.704,350,0.019,27,0.1,10.8,0,0,20.264,30.936,22.36,63.2,Burdekin,AyrDPI,Mulg,1961,Furrow,BareFallow,35,Surf1,200,140,LowFreq,0,P2R,15AprV1R4,T1,356.6,187.288,169.312,314.556,2.329,0.521,0,0,0,,0,999
1962,15/07/1962,196,1961,15-Apr,1,sugar,alive,0,456,1961,15/4/1961,105,0,0,318,1962,21,2039,8135.15,7305.45,6305.04,195.062,3463.19,,0,0,0,18.938,71.594,71.594,38.791,9502.806,9541.597,141809.239,0.884,20,2800,968.6,103.426,1870.356,655.545,1433.368,360.158,1793.527,32.353,9418.848,0.79,9419.638,141368.315,200,304.089,324.237,34.941,0,20.312,7.245,3595.982,350,0.979,5541.5,20.3,2216.6,0,0,16.561,28.834,19.605,102.1,Burdekin,AyrDPI,Mulg,1961,Furrow,BareFallow,35,Surf1,200,140,LowFreq,0,P2R,15AprV1R4,T1,3768.6,3455.545,1973.782,2333.94,55.253,20.312,5.64489827219729,0.1087588868191,6.00190769230769,0.97531,34.632,999
1963,20/08/1963,232,1962,15-Apr,1,sugar,alive,1,401,1961,15/7/1962,105,0,5,318,1963,16,2039,5314.81,4730.85,4145.28,127.065,2401.55,,0,0,0,20.347,72.885,72.885,0.79,9418.848,9419.638,141368.315,0.867,18,2520,1163.8,526.102,2051.355,598.085,1032.039,4.299,1036.339,0,9509.459,1.258,9510.717,143054.689,200,205.976,308.126,18.616,0.002,3.948,3.946,8381.92,350,1,14408.7,62.4,5763.5,0,0,17.072,28.89,18.964,91.9,Burdekin,AyrDPI,Mulg,1961,Furrow,BareFallow,35,Surf1,200,140,LowFreq,0,P2R,15AprV1R4,T1,3683.8,3118.085,2577.457,2581.756,22.566,3.95,4.07509737547245,0.122609493611646,4.27828282828283,0.635325,24.016,999
1964,19/09/1964,263,1963,15-Apr,1,sugar,alive,2,396,1961,20/8/1963,105,0,5,323,1964,16,2044,5962.9,5320.35,4665.21,143.419,2706.06,,0,0,0,20.308,142.89,142.89,1.258,9509.459,9510.717,143054.689,0.882,20,2800,554.3,252.98,1960.14,412.797,1185.794,10.508,1196.302,0.006,9597.171,1.373,9598.543,144763.507,200,225.407,378.085,16.973,0.001,17.869,3.812,11465.93,350,0.998,9239.1,36.4,3695.6,0,0,17.319,29.482,19.828,92.7,Burdekin,AyrDPI,Mulg,1961,Furrow,BareFallow,35,Surf1,200,140,LowFreq,0,P2R,15AprV1R4,T1,3354.3,3212.797,2213.12,2223.628,34.843,17.87,4.46399196712397,0.119885279803929,4.41289230769231,0.717095,27.061,999
1965,19/10/1965,292,1964,15-Apr,1,sugar,alive,3,395,1961,19/9/1964,105,0,5,323,1965,16,2044,6597.44,5960.91,5161.39,160.442,3134.35,,0,0,0,21.129,87.769,87.769,1.373,9597.171,9598.543,144763.507,0.901,20,2800,838.2,451.345,1929.074,439.112,1207.385,70.293,1277.678,0.453,9661.356,1.286,9662.642,146510.564,200,239.23,406.689,42.561,0.002,4.738,8.431,12020.61,350,0.931,3821.7,14.3,1528.7,0,0,17.505,29.111,19.983,107.4,Burdekin,AyrDPI,Mulg,1961,Furrow,BareFallow,35,Surf1,200,140,LowFreq,0,P2R,15AprV1R4,T1,3638.2,3239.112,2380.419,2450.712,47.301,4.74,4.95327114344919,0.125573109969805,4.93667692307692,0.80221,31.343,999
1966,20/11/1966,324,1965,15-Apr,1,sugar,alive,4,397,1961,19/10/1965,105,0,6,323,1966,15,2044,7016.31,6271.21,5423.3,167.927,3250.85,,0,0,0,20.911,67.871,67.871,1.286,9661.356,9662.642,146510.564,0.916,22,3080,464.1,227.036,1936.067,319.8,1201.363,148.562,1349.925,2.305,9652.421,2.566,9654.987,147691.088,200,311.339,457.224,37.669,0.002,6.337,7.437,11795.692,350,0.839,2608.5,9.6,1043.4,0,0,18.206,29.08,19.807,102.9,Burdekin,AyrDPI,Mulg,1961,Furrow,BareFallow,35,Surf1,200,140,LowFreq,0,P2R,15AprV1R4,T1,3544.1,3399.8,2163.103,2311.665,44.008,6.339,4.93931995999765,0.124397281330444,4.7571388101983,0.839635,32.508,999
1967,15/04/1967,105,0,15-Apr,1,none,out,-1,0,1961,0.000,105,0,6,324,-1,15,2045,0,0,0,0,0,,0,0,0,0,98.943,98.943,2.566,9652.421,9654.987,147691.088,0.919,0,0,493.9,168.638,232.517,219.908,0,15.704,15.704,0,9789.571,9.246,9798.817,150853.658,0,0,77.368,1.446,0.003,0.251,0.216,6156.701,350,0.997,8401.7,37.3,3360.7,0,0,21.476,31.313,21.477,154.9,Burdekin,AyrDPI,Mulg,1961,Furrow,BareFallow,35,Surf1,200,140,LowFreq,0,P2R,15AprV1R4,T1,493.9,219.908,401.155,416.859,1.7,0.254,0,0,0,,0,999
1968,14/07/1968,196,1967,15-Apr,2,sugar,alive,0,456,1967,15/4/1967,105,0,0,318,1968,21,2039,8774.24,7874.14,6896.53,213.638,3837.29,,0,0,0,19.193,175.984,175.984,9.246,9789.571,9798.817,150853.658,0.93,20,2800,1672.1,540.324,2324.784,649.082,1414.833,293.42,1708.253,6.083,9610.345,1.73,9612.075,148639.302,200,400.715,483.343,53,0.008,18.416,10.345,9851.592,350,0.915,3514.6,12.9,1405.8,0,0,17.786,28.252,19.122,187.9,Burdekin,AyrDPI,Mulg,1961,Furrow,BareFallow,35,Surf1,200,140,LowFreq,0,P2R,15AprV1R4,T1,4472.1,3449.082,2865.108,3158.528,71.424,18.424,6.19405395406662,0.125062271220949,6.57347692307692,1.06819,38.373,999
1969,14/08/1969,226,1968,15-Apr,2,sugar,alive,1,396,1967,14/7/1968,105,0,0,318,1969,21,2039,6535.46,5829.42,5051.67,155.534,2895.87,,0,0,0,20.001,74.723,74.723,1.73,9610.345,9612.075,148639.302,0.91,22,3080,219.9,195.054,1796.114,176.479,1265.138,29.099,1294.237,0.071,9677.621,1.426,9679.047,150032.39,200,259.179,400.428,28.899,0.002,4.333,6.039,12028.808,350,0.983,5860.2,23.7,2344.1,0,0,17.324,29.16,19.914,46.5,Burdekin,AyrDPI,Mulg,1961,Furrow,BareFallow,35,Surf1,200,140,LowFreq,0,P2R,15AprV1R4,T1,3299.9,3256.479,1991.168,2020.267,33.234,4.335,4.77614011943575,0.12017428029024,4.40606232294618,0.77767,28.959,999
1970,14/09/1970,257,1969,15-Apr,2,sugar,alive,2,396,1967,14/8/1969,105,0,0,318,1970,21,2039,6973.34,6279.59,5429.55,167.75,3225.65,,0,0,0,20.752,89.218,89.218,1.426,9677.621,9679.047,150032.39,0.927,20,2800,670.4,210.599,1868.785,381.813,1319.159,85.409,1404.568,0.794,9713.756,1.225,9714.981,151340.62,200,290.338,437.232,26.761,0.002,7.537,5.614,12991.582,350,0.897,3253.7,12.1,1301.5,0,0,17.523,29.383,20.581,133.6,Burdekin,AyrDPI,Mulg,1961,Furrow,BareFallow,35,Surf1,200,140,LowFreq,0,P2R,15AprV1R4,T1,3470.4,3181.813,2079.384,2164.793,34.3,7.539,5.27215144321806,0.119431739865923,5.16153846153846,0.83875,32.257,999
1971,14/10/1971,287,1970,15-Apr,2,sugar,alive,3,395,1967,14/9/1970,105,0,0,318,1971,21,2039,6845.75,6189.12,5346.99,165.883,3134.8,,0,0,0,20.344,75.667,75.667,1.225,9713.756,9714.981,151340.62,0.938,18,2520,1222.9,337.195,2085.566,685.319,1211.117,122.105,1333.223,1.901,9742.469,1.286,9743.756,152684.507,200,282.887,420.746,35.653,0.004,6.642,7.158,12090.443,350,0.886,3104.2,11.5,1241.7,0,0,17.746,28.818,19.76,220,Burdekin,AyrDPI,Mulg,1961,Furrow,BareFallow,35,Surf1,200,140,LowFreq,0,P2R,15AprV1R4,T1,3742.9,3205.319,2422.761,2544.866,42.299,6.646,5.17524152822231,0.124422545965679,5.5852861952862,0.829415,31.348,999
1972,13/11/1972,318,1971,15-Apr,2,sugar,alive,4,396,1967,14/10/1971,105,0,0,318,1972,21,2039,6854.5,6179.08,5357.69,166.416,3214.79,,0,0,0,20.861,62.583,62.583,1.286,9742.469,9743.756,152684.507,0.945,20,2800,1329.1,554.98,2199.923,428.256,1244.679,140.636,1385.315,1.854,9763.006,1.531,9764.537,153837.884,200,287.746,424.414,37.891,0.006,5.908,7.54,11830.952,350,0.894,3204,11.9,1281.6,0,0,16.944,28.986,20.231,206.2,Burdekin,AyrDPI,Mulg,1961,Furrow,BareFallow,35,Surf1,200,140,LowFreq,0,P2R,15AprV1R4,T1,4129.1,3228.256,2754.903,2895.539,43.805,5.914,5.15498151323811,0.120128635003591,5.12049230769231,0.83208,32.148,999
1973,21/04/1973,111,0,15-Apr,2,none,out,-1,0,1967,0.000,111,6,0,324,-1,16,2039,0,0,0,0,0,,0,0,0,0,51.465,51.465,1.531,9763.006,9764.537,153837.884,0.95,0,0,915.7,401.182,332.925,354.335,0,17.826,17.826,0.001,9907.275,5.366,9912.641,156971.301,0,0,68.434,1.37,0.02,0.337,0.189,6322.98,350,0.996,7886.4,36.5,3154.6,0,0,21.618,30.796,20.53,108.5,Burdekin,AyrDPI,Mulg,1961,Furrow,BareFallow,35,Surf1,200,140,LowFreq,0,P2R,15AprV1R4,T1,915.7,354.335,734.107,751.933,1.727,0.357,0,0,0,,0,999
1974,21/07/1974,202,1973,15-Apr,3,sugar,alive,0,456,1973,21/4/1973,111,6,0,324,1974,15,2039,8016.88,7229.6,6264.45,193.951,3318.76,,0,0,0,18.147,215.232,215.232,5.366,9907.275,9912.641,156971.301,0.961,17,2380,2112.5,817.064,2235.959,808.871,1284.496,285.252,1569.749,7.917,9727.534,1.905,9729.438,153998.427,200,397.123,474.43,51.021,0.017,17.915,9.803,10276.849,350,0.89,3147.2,11.5,1258.9,0,0,17.809,28.2,17.655,152.9,Burdekin,AyrDPI,Mulg,1961,Furrow,BareFallow,35,Surf1,200,140,LowFreq,0,P2R,15AprV1R4,T1,4492.5,3188.871,3053.023,3338.275,68.953,17.932,6.08212122723058,0.123555421917772,6.85339222614841,0.969755,33.188,999
1975,21/08/1975,233,1974,15-Apr,3,sugar,alive,1,396,1973,21/7/1974,111,6,0,324,1975,15,2039,6740.44,6022.14,5245.84,161.935,2987.57,,0,0,0,19.793,84.959,84.959,1.905,9727.534,9729.438,153998.427,0.942,18,2520,747.7,270.755,1720.715,544.409,1182.666,86.23,1268.896,0.893,9796.504,2.403,9798.907,154704.127,200,269.231,405.498,28.326,0.007,5.72,5.885,12979.27,350,0.884,3071.9,11.9,1228.8,0,0,17.677,28.627,19.676,65,Burdekin,AyrDPI,Mulg,1961,Furrow,BareFallow,35,Surf1,200,140,LowFreq,0,P2R,15AprV1R4,T1,3267.7,3064.409,1991.47,2077.7,34.053,5.727,5.28437946762328,0.127618811943611,5.4523569023569,0.809675,29.876,999
1976,20/09/1976,264,1975,15-Apr,3,sugar,alive,2,396,1973,21/8/1975,111,6,0,324,1976,15,2039,6221.14,5651.9,4844.74,150.901,2887.16,,0,0,0,20.633,92.293,92.293,2.403,9796.504,9798.907,154704.127,0.96,17,2380,1937.7,840.539,2309.536,651.007,1044.704,142.586,1187.29,2.119,9810.244,1.359,9811.604,155044.383,200,276.698,415.777,39.331,0.018,14.338,7.843,12233.768,350,0.848,2686.9,10,1074.8,0,0,17.569,28.245,19.299,179.8,Burdekin,AyrDPI,Mulg,1961,Furrow,BareFallow,35,Surf1,200,140,LowFreq,0,P2R,15AprV1R4,T1,4317.7,3031.007,3150.075,3292.661,53.687,14.356,4.97857642691027,0.12709700241727,5.33219081272085,0.754505,28.872,999
1977,20/10/1977,293,1976,15-Apr,3,sugar,alive,3,395,1973,20/9/1976,111,6,0,324,1977,15,2039,6951.18,6337.95,5460.62,170.344,3194.56,,0,0,0,20.167,72.629,72.629,1.359,9810.244,9811.604,155044.383,0.964,20,2800,1378.2,457.444,2421.443,516.408,1135.786,167.516,1303.302,3.635,9808.713,1.389,9810.102,155049.776,200,294.71,436.003,43.577,0.012,8.142,8.537,12274.319,350,0.86,2805.5,10.4,1122.2,0,0,17.983,28.419,19.772,170.6,Burdekin,AyrDPI,Mulg,1961,Furrow,BareFallow,35,Surf1,200,140,LowFreq,0,P2R,15AprV1R4,T1,4178.2,3316.408,2878.887,3046.403,51.731,8.154,5.13640058762372,0.130701863420757,5.24135384615385,0.85172,31.946,999
1978,20/11/1978,324,1977,15-Apr,3,sugar,alive,4,396,1973,20/10/1977,111,6,0,324,1978,15,2039,7451.06,6732.46,5869.25,182.78,3630.22,,0,0,0,21.529,68.639,68.639,1.389,9808.713,9810.102,155049.776,0.966,20,2800,1005.5,369.229,2035.178,551.847,1231.858,145.533,1377.391,1.856,9837.117,3.157,9840.274,155152.027,200,287.093,424.374,32.47,0.012,6.378,6.438,13239.393,350,0.802,2313,8.6,925.2,0,0,18.234,28.515,20.527,150.6,Burdekin,AyrDPI,Mulg,1961,Furrow,BareFallow,35,Surf1,200,140,LowFreq,0,P2R,15AprV1R4,T1,3805.5,3351.847,2404.407,2549.94,38.86,6.39,5.45311286583188,0.132700155583999,5.624,0.9139,36.302,999
1979,25/04/1979,115,0,15-Apr,3,none,out,-1,0,1973,0.000,115,10,0,328,-1,14,2039,0,0,0,0,0,,0,0,0,0,92.342,92.342,3.157,9837.117,9840.274,155152.027,0.972,0,0,1308.1,459.904,727.222,350.071,0,16.114,16.114,0.001,9974.719,5.661,9980.38,157899.454,0,0,67.331,1.418,0.064,0.664,0.193,6764.99,350,0.997,8401.8,35.3,3360.7,0,0,21.891,30.494,19.287,350.7,Burdekin,AyrDPI,Mulg,1961,Furrow,BareFallow,35,Surf1,200,140,LowFreq,0,P2R,15AprV1R4,T1,1308.1,350.071,1187.126,1203.24,2.146,0.728,0,0,0,,0,999
1980,24/07/1980,206,1979,15-Apr,4,sugar,alive,0,456,1979,25/4/1979,115,10,0,328,1980,14,2039,8731.47,7824.27,6829.89,211.173,3806.49,,0,0,0,19.271,197.202,197.202,5.661,9974.719,9980.38,157899.454,0.982,22,3080,884.3,366.664,2012.068,492.656,1420.305,290.156,1710.461,4.329,9781.836,2.523,9784.359,153052.386,200,421.373,491.896,43.507,0.034,15.163,8.503,12556.688,350,0.917,3552.7,13,1421.1,0,0,17.745,28.437,19.616,86.4,Burdekin,AyrDPI,Mulg,1961,Furrow,BareFallow,35,Surf1,200,140,LowFreq,0,P2R,15AprV1R4,T1,3964.3,3572.656,2378.732,2668.888,58.704,15.197,5.91081257193528,0.123459698876502,5.98223796033994,1.055865,38.065,999
1981,24/08/1981,236,1980,15-Apr,4,sugar,alive,1,396,1979,24/7/1980,115,10,0,328,1981,14,2039,6681.27,6008.32,5187.57,160.367,2760.12,,0,0,0,18.27,72.309,72.309,2.523,9781.836,9784.359,153052.386,0.963,18,2520,1122.8,558.298,1887.024,518.521,1140.293,34.788,1175.081,0.118,9854.573,1.691,9856.264,153854.193,200,268.983,407.039,22.718,0.045,4.68,4.813,13242.231,350,0.963,4703,18.9,1881.2,0,0,17.692,28.158,19.21,104.8,Burdekin,AyrDPI,Mulg,1961,Furrow,BareFallow,35,Surf1,200,140,LowFreq,0,P2R,15AprV1R4,T1,3642.8,3038.521,2445.322,2480.11,27.443,4.725,5.27779798132052,0.136473145255519,5.39956228956229,0.801835,27.601,999
1982,24/09/1982,267,1981,15-Apr,4,sugar,alive,2,396,1979,24/8/1981,115,10,0,328,1982,14,2039,7332.28,6637.61,5692.14,176.621,3375.54,,0,0,0,20.607,94.706,94.706,1.691,9854.573,9856.264,153854.193,0.985,20,2800,592.4,312.875,1663.809,401.693,1314.612,122.8,1437.413,1.714,9843.506,1.348,9844.854,154150.665,200,333.39,473.299,28.141,0.03,8.546,5.825,13600.714,350,0.89,3159.6,11.7,1263.8,0,0,17.531,29.036,19.792,47.4,Burdekin,AyrDPI,Mulg,1961,Furrow,BareFallow,35,Surf1,200,140,LowFreq,0,P2R,15AprV1R4,T1,3392.4,3201.693,1976.684,2099.484,36.717,8.576,5.51648768323509,0.122874219170134,5.43449230769231,0.883105,33.755,999
1983,24/10/1983,297,1982,15-Apr,4,sugar,alive,3,395,1979,24/9/1982,115,10,0,328,1983,14,2039,7152.63,6447.74,5593.69,173.2,3220.71,,0,0,0,19.972,73.01,73.01,1.348,9843.506,9844.854,154150.665,0.988,21,2940,637.7,281.314,1951.64,371.915,1209.333,132.386,1341.719,2.091,9864.857,1.532,9866.389,154829.446,200,310.629,454.209,23.276,0.02,12.451,4.98,13541.565,350,0.873,2949.2,10.9,1179.7,0,0,18.421,28.981,20.132,95.4,Burdekin,AyrDPI,Mulg,1961,Furrow,BareFallow,35,Surf1,200,140,LowFreq,0,P2R,15AprV1R4,T1,3577.7,3311.915,2232.954,2365.34,35.747,12.471,5.22960281287412,0.129088132462908,5.10914454277286,0.866,32.207,999
1984,23/11/1984,328,1983,15-Apr,4,sugar,alive,4,396,1979,24/10/1983,115,10,0,328,1984,14,2039,6751.98,6024.82,5236.76,162.132,3182.06,,0,0,0,21.24,76.036,76.036,1.532,9864.857,9866.389,154829.446,0.995,21,2940,649.3,414.451,1912.028,478.054,1150.491,133.064,1283.554,1.638,9882.987,1.669,9884.656,155444.796,200,283.625,434.734,50.917,0.041,4.345,9.85,12853.428,350,0.813,2394.8,8.9,957.9,0,0,17.897,28.782,19.591,75.6,Burdekin,AyrDPI,Mulg,1961,Furrow,BareFallow,35,Surf1,200,140,LowFreq,0,P2R,15AprV1R4,T1,3589.3,3418.054,2326.479,2459.543,55.303,4.386,4.74340077716736,0.126314903774987,4.78265486725664,0.81066,31.821,999
1985,15/04/1985,105,0,15-Apr,4,none,out,-1,0,1979,0.000,105,0,0,328,-1,14,2039,0,0,0,0,0,,0,0,0,0,55.304,55.304,1.669,9882.987,9884.656,155444.796,0.999,0,0,588.3,261.339,152.473,330.546,0,13.72,13.72,0,10024.646,4.072,10028.717,158357.396,0,0,58.863,1.14,0.069,0.15,0.158,5983.389,350,0.998,8760.1,40.4,3504,0,0,22.094,31.395,20.473,111.4,Burdekin,AyrDPI,Mulg,1961,Furrow,BareFallow,35,Surf1,200,140,LowFreq,0,P2R,15AprV1R4,T1,588.3,330.546,413.812,427.532,1.359,0.219,0,0,0,,0,999
1986,15/07/1986,196,1985,15-Apr,5,sugar,alive,0,456,1985,15/4/1985,105,0,0,318,1986,21,2039,8068.41,7161.43,6320.1,194.396,3388.57,,0,0,0,18.54,216.072,216.072,4.072,10024.646,10028.717,158357.396,1.009,21,2940,777.1,270.327,1890.953,520.136,1404.452,298.03,1702.482,5.064,9804.446,2.123,9806.569,154590.423,200,452.019,526.407,40.011,0.077,17.847,7.807,11504.365,350,0.908,3413.2,12.5,1365.3,0,0,17.312,28.527,18.417,117.8,Burdekin,AyrDPI,Mulg,1961,Furrow,BareFallow,35,Surf1,200,140,LowFreq,0,P2R,15AprV1R4,T1,3717.1,3460.136,2161.28,2459.31,57.935,17.924,5.6181606734533,0.114183879770829,5.73439528023599,0.97198,33.886,999
1987,15/08/1987,227,1986,15-Apr,5,sugar,alive,1,396,1985,15/7/1986,105,0,0,318,1987,21,2039,6659.74,5940.66,5177.88,159.744,3109.51,,0,0,0,21.043,69.409,69.409,2.123,9804.446,9806.569,154590.423,0.987,21,2940,497.8,254.837,1839.43,386.045,1260.835,68.042,1328.877,0.584,9863.205,1.321,9864.526,155184.204,200,253.827,416.314,61.169,0.069,3.624,11.97,13195.023,350,0.867,2877.1,11.3,1150.9,0,0,18.256,29.363,19.045,44,Burdekin,AyrDPI,Mulg,1961,Furrow,BareFallow,35,Surf1,200,140,LowFreq,0,P2R,15AprV1R4,T1,3437.8,3326.045,2094.267,2162.309,64.862,3.693,4.80282136892315,0.120209771107484,4.71221238938053,0.79872,31.095,999
1988,14/09/1988,258,1987,15-Apr,5,sugar,alive,2,396,1985,15/8/1987,105,0,0,318,1988,21,2039,6928.94,6207.06,5369.72,165.405,3108.92,,0,0,0,20.219,84.065,84.065,1.321,9863.205,9864.526,155184.204,1.004,19,2660,972.6,253.319,2019.68,428.955,1236.101,142.737,1378.838,2.58,9858.971,1.047,9860.017,155479.07,200,318.4,450.936,24.885,0.045,9.736,5.299,12826.132,350,0.886,3104.1,11.4,1241.6,0,0,18.304,29.273,19.691,254,Burdekin,AyrDPI,Mulg,1961,Furrow,BareFallow,35,Surf1,200,140,LowFreq,0,P2R,15AprV1R4,T1,3632.6,3088.955,2272.999,2415.736,34.666,9.781,5.35472352300373,0.119959705201046,5.31848874598071,0.827025,31.089,999
1989,14/10/1989,287,1988,15-Apr,5,sugar,alive,3,395,1985,14/9/1988,105,0,0,318,1989,21,2039,6588.6,5909.56,5154.84,159.117,2915.72,,0,0,0,19.639,64.828,64.828,1.047,9858.971,9860.017,155479.07,1.004,17,2380,1381.8,464.395,2054.029,726.213,1120.042,133.226,1253.267,2.357,9900.845,1.253,9902.098,156128.239,200,278.518,419.742,28.838,0.055,6.975,5.843,12723.316,350,0.896,3229.9,12,1292,0,0,17.968,28.729,19.436,134.8,Burdekin,AyrDPI,Mulg,1961,Furrow,BareFallow,35,Surf1,200,140,LowFreq,0,P2R,15AprV1R4,T1,3761.8,3106.213,2518.424,2651.65,35.868,7.03,5.12253989021358,0.126961772710843,5.62250883392226,0.795585,29.157,999
1990,14/11/1990,318,1989,15-Apr,5,sugar,alive,4,396,1985,14/10/1989,105,0,0,318,1990,21,2039,6986.13,6363.16,5489.36,171.671,3274.64,,0,0,0,20.562,54.937,54.937,1.253,9900.845,9902.098,156128.239,1.012,19,2660,1278.8,523.815,2008.001,521.016,1225.771,171.168,1396.939,3.26,9902.335,1.64,9903.975,156224.887,200,303.301,449.372,40.43,0.073,5.921,7.953,12615.234,350.967,0.847,2681.3,9.9,1072.5,0,0,17.621,28.801,20.391,103,Burdekin,AyrDPI,Mulg,1961,Furrow,BareFallow,35,Surf1,200,140,LowFreq,0,P2R,15AprV1R4,T1,3938.8,3181.016,2531.816,2702.984,46.424,5.994,5.39673487967366,0.122890834889712,5.51996784565916,0.858355,32.746,999
1991,21/04/1991,111,0,15-Apr,5,none,out,-1,0,1985,0.000,111,6,0,324,-1,16,2039,0,0,0,0,0,,0,0,0,0,64.982,64.982,1.64,9902.335,9903.975,156224.887,1.013,0,0,1629.3,593.003,926.52,318.328,0,7.626,7.626,0,10034.49,2.753,10037.243,158982.352,0,0,42.757,0.722,0.249,0.612,0.109,5306.99,351.638,1,10943.5,48.8,4377.4,0,0,21.541,30.483,18.626,204.4,Burdekin,AyrDPI,Mulg,1961,Furrow,BareFallow,35,Surf1,200,140,LowFreq,0,P2R,15AprV1R4,T1,1629.3,318.328,1519.523,1527.149,1.583,0.861,0,0,0,,0,999
1992,20/07/1992,202,1991,15-Apr,6,sugar,alive,0,456,1991,21/4/1991,111,6,0,324,1992,15,2039,9172.76,8229.92,7215.34,223.418,4186.88,,0,0,0,20.15,167.133,167.133,2.753,10034.49,10037.243,158982.352,1.021,22,3080,687,278.812,1739.761,399.092,1567.844,275.622,1843.466,3.615,9846.834,1.819,9848.653,155053.302,200,450.6,523.264,26.235,0.142,12.056,5.155,12932.468,353.586,0.904,3345.7,12.3,1338.3,0,0,17.187,28.968,19.939,122.8,Burdekin,AyrDPI,Mulg,1961,Furrow,BareFallow,35,Surf1,200,140,LowFreq,0,P2R,15AprV1R4,T1,3767,3479.092,2018.573,2294.195,38.433,12.198,6.42173302689322,0.12119453247307,6.32912181303116,1.11709,41.869,999
1993,20/08/1993,232,1992,15-Apr,6,sugar,alive,1,396,1991,20/7/1992,111,6,0,324,1993,15,2039,6937.19,6196.7,5451.23,168.444,3227.6,,0,0,0,20.668,72.093,72.093,1.819,9846.834,9848.653,155053.302,1.005,20,2800,482.2,262.09,1711.035,329.055,1250.966,50.872,1301.838,0.227,9933.377,1.238,9934.615,155651.716,200,259.316,408.336,23.607,0.086,5.134,5.052,14164.909,355.314,0.931,3817.3,14.9,1526.9,0,0,17.696,28.962,20.118,72,Burdekin,AyrDPI,Mulg,1961,Furrow,BareFallow,35,Surf1,200,140,LowFreq,0,P2R,15AprV1R4,T1,3282.2,3129.055,1973.125,2023.997,28.827,5.22,5.38322273018531,0.129389371027732,5.18289230769231,0.84222,32.276,999
1994,20/09/1994,263,1993,15-Apr,6,sugar,alive,2,396,1991,20/8/1993,111,6,0,324,1994,15,2039,7118.52,6401.74,5633.29,174.561,3406.63,,0,0,0,21.104,79.33,79.33,1.238,9933.377,9934.615,155651.716,1.025,21,2940,409.4,253.102,1744.098,296.906,1257.846,117.14,1374.987,1.445,9930.358,1.2,9931.557,155474.69,200,309.894,443.637,39.975,0.104,4.547,8.017,13640.405,357.075,0.917,3549.9,13.1,1419.9,0,0,17.926,29.053,20.302,46.8,Burdekin,AyrDPI,Mulg,1961,Furrow,BareFallow,35,Surf1,200,140,LowFreq,0,P2R,15AprV1R4,T1,3349.4,3236.906,1997.2,2114.34,44.626,4.651,5.39283500972843,0.126954654844009,5.14929203539823,0.872805,34.066,999
1995,20/10/1995,293,1994,15-Apr,6,sugar,alive,3,395,1991,20/9/1994,111,6,0,324,1995,15,2039,7870.72,7113.28,6245.89,194.127,3821.63,,0,0,0,21.314,56.543,56.543,1.2,9930.358,9931.557,155474.69,1.026,21,2940,537.8,214.968,1749.207,388.149,1325.412,148.114,1473.526,2.018,9926.483,2.278,9928.76,155141.123,200,330.919,468.227,27.398,0.071,7.203,5.644,14308.911,358.87,0.873,2946.5,10.9,1178.6,0,0,18.916,29.284,20.605,55.2,Burdekin,AyrDPI,Mulg,1961,Furrow,BareFallow,35,Surf1,200,140,LowFreq,0,P2R,15AprV1R4,T1,3477.8,3328.149,1964.175,2112.289,34.672,7.274,5.83288188118982,0.131743179285605,5.72646017699115,0.970635,38.216,999
1996,19/11/1996,324,1995,15-Apr,6,sugar,alive,4,396,1991,20/10/1995,111,6,0,324,1996,15,2039,7731.84,6943.55,6179.67,192.018,3921.35,,0,0,0,22.219,96.642,96.642,2.278,9926.483,9928.76,155141.123,1.027,22,3080,520.3,233.188,1934.298,292.192,1322.336,156.547,1478.883,1.986,9933.317,1.495,9934.811,154838.992,200,320.632,462.582,24.92,0.09,13.145,5.095,14662.094,360.695,0.868,2889.1,10.7,1155.6,0,0,19.592,29.815,20.998,107,Burdekin,AyrDPI,Mulg,1961,Furrow,BareFallow,35,Surf1,200,140,LowFreq,0,P2R,15AprV1R4,T1,3600.3,3372.192,2167.486,2324.033,38.155,13.235,5.69415976314516,0.129839885913896,5.43960339943343,0.96009,39.213,999
1997,15/04/1997,105,0,15-Apr,6,none,out,-1,0,1991,0.000,105,0,0,324,-1,15,2039,0,0,0,0,0,,0,0,0,0,50.572,50.572,1.495,9933.317,9934.811,154838.992,1.03,0,0,812.5,267.393,374.205,322.733,0,15.33,15.33,0.001,10085.938,3.232,10089.169,157963.375,0,0,66.725,0.846,0.222,0.383,0.16,6684.865,361.388,0.998,8740,36.7,3496,0,0,23.003,31.05,21.903,116.8,Burdekin,AyrDPI,Mulg,1961,Furrow,BareFallow,35,Surf1,200,140,LowFreq,0,P2R,15AprV1R4,T1,812.5,322.733,641.598,656.928,1.451,0.605,0,0,0,,0,999
1998,15/07/1998,196,1997,15-Apr,7,sugar,alive,0,456,1997,15/4/1997,105,0,0,318,1998,21,2039,9781.7,8755,7783.85,241.054,4225.33,,0,0,0,18.66,206.144,206.144,3.232,10085.938,10089.169,157963.375,1.04,20,2800,1035.5,266.351,2056.833,532.823,1368.105,276.488,1644.593,4.73,9888.921,2.785,9891.706,152748.449,200,438.686,504.41,30.298,0.299,18.876,5.987,13530.708,363.555,0.93,3803.6,13.9,1521.4,0,0,19.202,28.19,18.842,189.6,Burdekin,AyrDPI,Mulg,1961,Furrow,BareFallow,35,Surf1,200,140,LowFreq,0,P2R,15AprV1R4,T1,3835.5,3332.823,2323.184,2599.672,49.473,19.175,7.23272733055431,0.1465736507452,7.41704615384615,1.20527,42.253,999
1999,15/08/1999,227,1998,15-Apr,7,sugar,alive,1,396,1997,15/7/1998,105,0,0,318,1999,21,2039,6161.1,5483.72,4827.95,148.45,2965.58,,0,0,0,21.672,73.867,73.867,2.785,9888.921,9891.706,152748.449,1.02,17,2380,1153.6,512.259,2024.309,659.501,957.138,35.5,992.637,0.1,9978.685,1.718,9980.403,152665.161,200,242.199,387.389,24.402,0.183,10.121,5.057,14787.629,365.471,0.96,4586.5,17.7,1834.6,0,0,19.752,28.624,18.776,112,Burdekin,AyrDPI,Mulg,1961,Furrow,BareFallow,35,Surf1,200,140,LowFreq,0,P2R,15AprV1R4,T1,3533.6,3039.501,2536.568,2572.068,34.706,10.304,4.88402537126982,0.149551145081233,5.24558303886926,0.74225,29.656,999
2000,14/09/2000,258,1999,15-Apr,7,sugar,alive,2,396,1997,15/8/1999,105,0,0,318,2000,21,2039,7380.51,6635.73,5852.42,181.154,3417.99,,0,0,0,20.307,78.261,78.261,1.718,9978.685,9980.403,152665.161,1.041,17,2380,1493.5,576.756,2108.43,609.015,1081.179,123.715,1204.895,2.088,9977.729,1.429,9979.158,151775.462,200,312.398,435.014,26.293,0.22,8.479,5.524,14112.584,367.415,0.915,3513.7,12.9,1405.5,0,0,18.677,28.119,19.581,136,Burdekin,AyrDPI,Mulg,1961,Furrow,BareFallow,35,Surf1,200,140,LowFreq,0,P2R,15AprV1R4,T1,3873.5,2989.015,2685.186,2808.901,34.992,8.699,6.06065877889539,0.150348370604908,6.40120141342756,0.90577,34.18,999
2001,14/10/2001,287,2000,15-Apr,7,sugar,alive,3,395,1997,14/9/2000,105,0,0,318,2001,21,2039,7323.8,6615.99,5760.33,179.313,3676.93,,0,0,0,22.322,61.681,61.681,1.429,9977.729,9979.158,151775.462,1.043,22,3080,561.9,302.27,1940.546,368.35,1262.411,136.304,1398.715,1.752,9962.458,1.763,9964.221,150223.926,200,327.275,468.765,37.409,0.267,7.65,7.41,15142.946,369.4,0.88,3023.9,11.2,1209.6,0,0,17.987,29.181,20.23,52,Burdekin,AyrDPI,Mulg,1961,Furrow,BareFallow,35,Surf1,200,140,LowFreq,0,P2R,15AprV1R4,T1,3641.9,3448.35,2242.816,2379.12,45.326,7.917,5.19996520074818,0.128198382086415,5.07968838526912,0.896565,36.769,999
2002,14/11/2002,318,2001,15-Apr,7,sugar,alive,4,396,1997,14/10/2001,105,0,0,318,2002,21,2039,7873.27,7083.6,6248.8,194.014,3950.37,,0,0,0,22.144,62.049,62.049,1.763,9962.458,9964.221,150223.926,1.044,21,2940,810.4,165.448,1972.904,331.677,1449.081,174.416,1623.498,3.006,9937.663,1.525,9939.188,148444.713,200,361.156,503.19,22.704,0.136,6.757,4.697,15722.831,371.419,0.912,3479.5,12.8,1391.8,0,0,18.495,30.339,21.474,206,Burdekin,AyrDPI,Mulg,1961,Furrow,BareFallow,35,Surf1,200,140,LowFreq,0,P2R,15AprV1R4,T1,3750.4,3271.677,2138.352,2312.768,29.597,6.893,5.93010862624886,0.119503688948185,5.72312684365782,0.97007,39.504,999
2003,15/04/2003,105,0,15-Apr,7,none,out,-1,0,1997,0.000,105,0,0,318,-1,21,2039,0,0,0,0,0,,0,0,0,0,50.599,50.599,1.525,9937.663,9939.188,148444.713,1.044,0,0,414.2,164.361,132.325,243.528,0,4.582,4.582,0,10082.036,5.339,10087.375,151120.123,0,0,51.247,1.027,1.404,0.123,0.14,5927.163,372.211,1,12947.1,59.3,5178.8,0,0,21.861,31.873,22.582,51,Burdekin,AyrDPI,Mulg,1961,Furrow,BareFallow,35,Surf1,200,140,LowFreq,0,P2R,15AprV1R4,T1,414.2,243.528,296.686,301.268,2.554,1.527,0,0,0,,0,999
2004,14/07/2004,196,2003,15-Apr,8,sugar,alive,0,456,2003,15/4/2003,105,0,0,318,2004,21,2039,9118.4,8159.97,7195.13,222.435,4335.93,,0,0,0,21.076,163.533,163.533,5.339,10082.036,10087.375,151120.123,1.052,21,2940,747.8,168.286,1810.056,410.277,1539.336,262.704,1802.04,4.012,9834.05,2.215,9836.265,146047.625,200,520.529,607.876,20.756,9.951,10.818,4.19,14872.682,374.595,0.915,3527.6,12.9,1411.1,0,0,18.211,29.555,19.63,173.2,Burdekin,AyrDPI,Mulg,1961,Furrow,BareFallow,35,Surf1,200,140,LowFreq,0,P2R,15AprV1R4,T1,3687.8,3350.277,1978.342,2241.046,41.525,20.769,6.63930176519733,0.123435106878871,6.56150442477876,1.112175,43.359,999
2005,15/08/2005,227,2004,15-Apr,8,sugar,alive,1,397,2003,14/7/2004,105,0,1,318,2005,20,2039,7632.4,6828.71,5965.46,184.054,3538.64,,0,0,0,20.748,70.952,70.952,2.215,9834.05,9836.265,146047.625,1.037,21,2940,746.3,252.523,1922.169,328.452,1396.142,50.034,1446.175,0.289,9894.003,2.286,9896.289,146715.343,200,285.091,449.235,32.863,0.997,6.023,6.926,14606.435,376.709,0.911,3457.3,13.4,1382.9,0,0,17.863,29.438,20.179,143.4,Burdekin,AyrDPI,Mulg,1961,Furrow,BareFallow,35,Surf1,200,140,LowFreq,0,P2R,15AprV1R4,T1,3686.3,3268.452,2174.692,2224.726,39.883,7.02,5.63122848369809,0.127269521323491,5.4293215339233,0.92027,35.386,999
2006,15/09/2006,258,2005,15-Apr,8,sugar,alive,2,396,2003,15/8/2005,105,0,1,319,2006,20,2040,7057.69,6334.18,5572.9,172.149,3352.21,,0,0,0,21.051,136.384,136.384,2.286,9894.003,9896.289,146715.343,1.054,20,2800,922.8,334.793,2110.266,475.969,1215.288,129.75,1345.037,2.43,9904.477,1.022,9905.5,147126.798,200,318.302,461.955,18.495,0.109,18.548,4.146,14145.03,378.854,0.888,3127.4,11.5,1250.9,0,0,18.708,29.299,19.69,178.4,Burdekin,AyrDPI,Mulg,1961,Furrow,BareFallow,35,Surf1,200,140,LowFreq,0,P2R,15AprV1R4,T1,3722.8,3275.969,2445.059,2574.809,37.152,18.657,5.25490320573852,0.127988300693587,5.29689230769231,0.860745,33.522,999
2007,15/10/2007,288,2006,15-Apr,8,sugar,alive,3,395,2003,15/9/2006,105,0,1,319,2007,20,2040,7358.08,6641.24,5832.46,181.243,3483.72,,0,0,0,20.742,69.088,69.088,1.022,9904.477,9905.5,147126.798,1.056,20,2800,956.9,408.847,1960.127,451.63,1246.44,140.028,1386.468,1.89,9913.536,2.035,9915.571,147281.394,200,317.356,447.394,24.371,0.098,7.634,5.122,13530.568,381.035,0.853,2735.1,10.1,1094,0,0,17.775,28.663,19.963,130.2,Burdekin,AyrDPI,Mulg,1961,Furrow,BareFallow,35,Surf1,200,140,LowFreq,0,P2R,15AprV1R4,T1,3756.9,3251.63,2368.974,2509.002,32.103,7.732,5.57391216097772,0.130722815095624,5.57670769230769,0.906215,34.837,999
2008,14/11/2008,319,2007,15-Apr,8,sugar,alive,4,396,2003,15/10/2007,105,0,1,319,2008,20,2040,7287.46,6516.3,5770.64,178.928,3644.86,,0,0,0,22.156,70.546,70.546,2.035,9913.536,9915.571,147281.394,1.058,20,2800,1306.2,559.177,2176.459,531.53,1228.477,159.731,1388.208,2.477,9926.583,1.596,9928.179,147471.134,200,312.27,448.97,26.637,0.124,8.607,5.3,13241.326,383.246,0.885,3086.5,11.4,1234.6,0,0,18.192,29.022,19.643,108.2,Burdekin,AyrDPI,Mulg,1961,Furrow,BareFallow,35,Surf1,200,140,LowFreq,0,P2R,15AprV1R4,T1,4106.2,3331.53,2735.636,2895.367,35.368,8.731,5.37074557335519,0.128891347694294,5.50547692307692,0.89464,36.449,999
2009,22/04/2009,112,0,15-Apr,8,none,out,-1,0,2003,0.000,112,7,1,326,-1,14,2040,0,0,0,0,0,,0,0,0,0,52.901,52.901,1.596,9926.583,9928.179,147471.134,1.061,0,0,1763,656.446,928.919,386.785,0,17.281,17.281,0.001,10081.781,3.567,10085.348,150327.115,0,0,67.246,1.164,0.363,0.886,0.174,7014.783,384.154,0.995,7709.7,35.5,3083.9,0,0,22.743,31.236,18.451,197.2,Burdekin,AyrDPI,Mulg,1961,Furrow,BareFallow,35,Surf1,200,140,LowFreq,0,P2R,15AprV1R4,T1,1763,386.785,1585.365,1602.646,2.413,1.249,0,0,0,,0,999
2010,22/07/2010,203,2009,15-Apr,9,sugar,alive,0,456,2009,22/4/2009,112,7,0,325,2010,14,2039,8748.69,7820.28,6876.68,212.019,3788.05,,0,0,0,19.076,213.256,213.256,3.567,10081.781,10085.348,150327.115,1.072,21,2940,1077,429.537,2006.103,444.047,1448.994,274.098,1723.093,4.728,9834.912,2.256,9837.168,146034.826,200,484.762,542.636,36.259,1.724,12.276,7.146,11986.522,386.774,0.915,3524.6,12.9,1409.8,0,0,17.855,29.013,18.568,135.2,Burdekin,AyrDPI,Mulg,1961,Furrow,BareFallow,35,Surf1,200,140,LowFreq,0,P2R,15AprV1R4,T1,4017,3384.047,2435.64,2709.738,50.259,14,6.26524986207343,0.123045593012101,6.25424778761062,1.060095,37.881,999
2011,22/08/2011,234,2010,15-Apr,9,sugar,alive,1,396,2009,22/7/2010,112,7,0,325,2011,14,2039,6481.48,5836.04,5078.45,157.501,3080.18,,0,0,0,21.155,71.523,71.523,2.256,9834.912,9837.168,146034.826,1.047,15,2100,1470.5,629.246,1832.43,766.593,1042.616,55.394,1098.011,0.381,9933.648,1.317,9934.965,147143.751,200,227.761,374.546,46.748,0.718,4.531,9.239,12949.98,389.084,0.914,3498.2,14,1399.3,0,0,18.119,28.312,17.539,81.4,Burdekin,AyrDPI,Mulg,1961,Furrow,BareFallow,35,Surf1,200,140,LowFreq,0,P2R,15AprV1R4,T1,3570.5,2866.593,2461.676,2517.07,51.997,5.249,5.49436212256152,0.143442096663877,6.17650980392157,0.787505,30.802,999
2012,21/09/2012,265,2011,15-Apr,9,sugar,alive,2,396,2009,22/8/2011,112,7,0,325,2012,14,2039,7297.47,6565.8,5753.94,178.052,3390.5,,0,0,0,20.522,82.335,82.335,1.317,9933.648,9934.965,147143.751,1.069,17,2380,1155.8,394.901,1805.321,553.862,1215.793,143.955,1359.748,2.618,9916.039,1.023,9917.062,147291.562,200,335.541,455.926,21.915,0.093,7.994,4.625,12863.677,391.425,0.914,3503.1,12.9,1401.2,0,0,17.917,28.689,19.15,197.4,Burdekin,AyrDPI,Mulg,1961,Furrow,BareFallow,35,Surf1,200,140,LowFreq,0,P2R,15AprV1R4,T1,3535.8,2933.862,2200.222,2344.177,30.002,8.087,6.06886077122919,0.130944851546022,6.29159010600707,0.89026,33.905,999
2013,21/10/2013,294,2012,15-Apr,9,sugar,alive,3,395,2009,21/9/2012,112,7,0,325,2013,14,2039,7734.42,6948.99,6108.8,189.375,3701.36,,0,0,0,21.141,58.166,58.166,1.023,9916.039,9917.062,147291.562,1.067,22,3080,530.4,212.404,1898.447,289.598,1344.216,145.363,1489.579,2.249,9918.982,1.514,9920.496,147306.14,200,334.601,467.83,22.484,0.06,7.644,4.781,14077.806,393.808,0.878,3005,11.1,1202,0,0,18.377,29.458,20.466,178.6,Burdekin,AyrDPI,Mulg,1961,Furrow,BareFallow,35,Surf1,200,140,LowFreq,0,P2R,15AprV1R4,T1,3610.4,3369.598,2110.851,2256.214,30.188,7.704,5.62010661212406,0.127133236975011,5.36473087818697,0.946875,37.014,999
2014,21/11/2014,325,2013,15-Apr,9,sugar,alive,4,396,2009,21/10/2013,112,7,0,325,2014,14,2039,7433.87,6707.77,5875.63,182.827,3688.64,,0,0,0,21.916,68.135,68.135,1.514,9918.982,9920.496,147306.14,1.068,21,2940,733,389.683,1892.954,417.705,1261.946,128.996,1390.942,1.622,9942.927,1.611,9944.538,147621.025,200,299.029,441.63,37.423,0.115,4.339,7.456,13789.492,396.229,0.871,2920.8,10.9,1168.3,0,0,18.157,29.157,20.302,86.2,Burdekin,AyrDPI,Mulg,1961,Furrow,BareFallow,35,Surf1,200,140,LowFreq,0,P2R,15AprV1R4,T1,3673,3357.705,2282.637,2411.633,41.877,4.454,5.4449988906113,0.131441138451495,5.39312684365782,0.914135,36.886,999
2015,15/04/2015,105,0,15-Apr,9,none,out,-1,0,2009,0.000,105,0,0,325,-1,14,2039,0,0,0,0,0,,0,0,0,0,67.555,67.555,1.611,9942.927,9944.538,147621.025,1.073,0,0,344,105.612,137.058,193.524,0,14.553,14.553,0,10094.698,3.393,10098.091,150388.221,0,0,77.95,0.655,0.117,0.159,0.176,7170.862,397.132,0.997,8178.3,35.1,3271.3,0,0,22.778,32.71,22.037,83.4,Burdekin,AyrDPI,Mulg,1961,Furrow,BareFallow,35,Surf1,200,140,LowFreq,0,P2R,15AprV1R4,T1,344,193.524,242.67,257.223,0.931,0.276,0,0,0,,0,999
2016,14/07/2016,196,2015,15-Apr,10,sugar,alive,0,456,2015,15/4/2015,105,0,0,318,2016,21,2039,9111.87,8153.36,7194.72,222.644,4231.6,,0,0,0,20.478,154.332,154.332,3.393,10094.698,10098.091,150388.221,1.084,22,3080,505.2,189.285,1635.728,386.888,1543.019,284.329,1827.348,3.486,9820.997,2.23,9823.227,145872.503,200,502.261,574.339,44.45,2.094,13.877,8.694,12545.778,399.981,0.867,2881,10.6,1152.4,0,0,18.496,29.812,19.085,43.6,Burdekin,AyrDPI,Mulg,1961,Furrow,BareFallow,35,Surf1,200,140,LowFreq,0,P2R,15AprV1R4,T1,3585.2,3466.888,1825.013,2109.342,60.421,15.971,6.4220130560895,0.121839956045592,6.3071954674221,1.11322,42.316,999
2017,14/08/2017,226,2016,15-Apr,10,sugar,alive,1,396,2015,14/7/2016,105,0,0,318,2017,21,2039,7046.48,6279.14,5478.12,168.956,3187.23,,0,0,0,20.303,87.172,87.172,2.23,9820.997,9823.227,145872.503,1.055,18,2520,912.2,251.079,1832.303,553.786,1276.724,77.258,1353.982,0.999,9890.894,1.142,9892.035,146723.572,200,275.195,424.575,30.834,0.353,7.248,6.342,13861.184,402.497,0.873,2950.9,11.2,1180.4,0,0,18.713,29.611,17.608,107.8,Burdekin,AyrDPI,Mulg,1961,Furrow,BareFallow,35,Surf1,200,140,LowFreq,0,P2R,15AprV1R4,T1,3432.2,3073.786,2083.382,2160.64,38.435,7.601,5.49667413411344,0.12478452446192,5.68875420875421,0.84478,31.872,999
2018,14/09/2018,257,2017,15-Apr,10,sugar,alive,2,396,2015,14/8/2017,105,0,0,318,2018,21,2039,7017.22,6358.56,5466.21,169.841,3220.22,,0,0,0,20.421,82.008,82.008,1.142,9890.894,9892.035,146723.572,1.071,21,2940,718.7,324.509,1939.989,364.128,1264.751,130.898,1395.648,2.387,9880.995,1.456,9882.451,146772.74,200,325.362,465.404,31.093,0.079,8.095,6.324,13586.081,405.05,0.829,2525.4,9.3,1010.1,0,0,17.808,29.585,18.303,130.4,Burdekin,AyrDPI,Mulg,1961,Furrow,BareFallow,35,Surf1,200,140,LowFreq,0,P2R,15AprV1R4,T1,3658.7,3304.128,2264.498,2395.396,39.267,8.174,5.14026696302322,0.121693292291466,5.01005899705015,0.849205,32.202,999
2019,14/10/2019,287,2018,15-Apr,10,sugar,alive,3,395,2015,14/9/2018,105,0,0,318,2019,21,2039,6140.21,5460.62,4748.99,145.544,2573.93,,0,0,0,18.852,80.561,80.561,1.456,9880.995,9882.451,146772.74,1.069,19,2660,1183,532.842,2130.159,461.998,1082.097,129.527,1211.625,2.359,9899.372,1.383,9900.755,147037.004,200,296.865,434.001,32.245,0.112,7.219,6.472,12872.537,407.641,0.9,3287.9,12.2,1315.2,0,0,18.354,29.528,17.422,92.8,Burdekin,AyrDPI,Mulg,1961,Furrow,BareFallow,35,Surf1,200,140,LowFreq,0,P2R,15AprV1R4,T1,3843,3121.998,2663.001,2792.528,39.576,7.331,4.66188639454606,0.120122975343031,4.67987138263666,0.72772,25.739,999
2020,13/11/2020,318,2019,15-Apr,10,sugar,alive,4,396,2015,14/10/2019,105,0,0,318,2020,21,2039,7197.31,6413.58,5615.96,172.816,3159.14,,0,0,0,19.585,48.935,48.935,1.383,9899.372,9900.755,147037.004,1.072,20,2800,1074.7,287.562,2136.348,441.759,1265.294,175.088,1440.382,3.549,9881.977,1.413,9883.391,146904.766,200,341.259,480.89,26.006,0.093,7.663,5.36,13163.542,410.264,0.9,3290.9,12.1,1316.4,0,0,18.85,29.943,18.904,327.8,Burdekin,AyrDPI,Mulg,1961,Furrow,BareFallow,35,Surf1,200,140,LowFreq,0,P2R,15AprV1R4,T1,3874.7,3241.759,2423.91,2598.998,33.762,7.756,5.33093299039195,0.119979283273465,5.31741538461539,0.86408,31.591,999
2021,08/05/2021,128,0,15-Apr,10,none,out,-1,0,2015,0.000,128,23,0,341,-1,14,2039,0,0,0,0,0,,0,0,0,0,59.343,59.343,1.413,9881.977,9883.391,146904.766,1.07,0,0,973.6,362.473,433.402,426.007,0,6.299,6.299,0,10027.651,2.39,10030.041,149508.812,0,0,49.911,0.931,0.23,0.308,0.131,5975.379,411.457,1,11177.1,50.7,4470.8,0,0,22.119,30.939,17.203,132.4,Burdekin,AyrDPI,Mulg,1961,Furrow,BareFallow,35,Surf1,200,140,LowFreq,0,P2R,15AprV1R4,T1,973.6,426.007,795.875,802.174,1.469,0.538,0,0,0,,0,999
1957,15/04/1957,105,0,15-Apr,0,none,out,-1,0,-1,0.000,105,0,0,318,-1,21,2039,0,0,0,0,0,,0,0,0,0,0,0,0,0,0,0,0.89,0,0,534.4,0,252.969,281.431,0,194.312,194.312,11.636,9502.255,36.367,9538.622,141763.504,0,0,38.406,4.39,0,0.953,0.776,1051.423,350,0.014,19.7,0.1,7.9,0,0,21.346,30.448,18.588,77.7,Burdekin,AyrDPI,Mulg,1957,Furrow,BareFallow,35,Surf1,200,140,LowFreq,0,P2R,15AprV1R4,T1,534.4,281.431,252.969,447.281,5.343,0.953,0,0,0,,0,999
1958,15/07/1958,196,1957,15-Apr,1,sugar,alive,0,456,1957,15/4/1957,105,0,0,318,1958,21,2039,7668.9,6877.7,5960.35,184.211,3249.42,,0,0,0,18.797,116.669,116.669,36.367,9502.255,9538.622,141763.504,0.884,20,2800,1061.7,198.959,2017.725,560.266,1314.263,366.858,1681.12,33.941,9413.148,0.812,9413.961,141230.085,200,295.583,324.921,40.44,0.074,24.483,8.318,3571.284,350,0.975,5282.7,19.4,2113.1,0,0,17.416,28.757,18.932,136.1,Burdekin,AyrDPI,Mulg,1957,Furrow,BareFallow,35,Surf1,200,140,LowFreq,0,P2R,15AprV1R4,T1,3861.7,3360.266,2216.684,2583.542,64.997,24.557,5.48203624355929,0.109576353859332,5.66803076923077,0.921055,32.494,999
1959,15/08/1959,227,1958,15-Apr,1,sugar,alive,1,396,1957,15/7/1958,105,0,0,318,1959,21,2039,5138.87,4560.12,4018.71,123.141,2298.53,,0,0,0,20.059,80.565,80.565,0.812,9413.148,9413.961,141230.085,0.867,18,2520,875.3,499.806,1912.536,493.096,955.031,9.206,964.237,0.002,9518.911,1.234,9520.144,143092.284,200,195.797,303.566,18.653,0.001,3.044,3.979,8375.598,350,1,11812.7,51.7,4725.1,0,0,16.869,28.466,19.548,162.8,Burdekin,AyrDPI,Mulg,1957,Furrow,BareFallow,35,Surf1,200,140,LowFreq,0,P2R,15AprV1R4,T1,3395.3,3013.096,2412.342,2421.548,21.698,3.045,4.0868594960134,0.12770822940833,4.14616161616162,0.615705,22.985,999
1960,14/09/1960,258,1959,15-Apr,1,sugar,alive,2,396,1957,15/8/1959,105,0,0,318,1960,21,2039,6197.84,5567.19,4841.02,149.293,2902,,0,0,0,21.009,99.285,99.285,1.234,9518.911,9520.144,143092.284,0.885,19,2660,1107.6,501.191,2206.727,508.758,1063.425,21.742,1085.167,0.032,9611.082,0.998,9612.08,144960.228,200,217.775,359.542,22.584,0.001,9.046,4.784,10674.46,350,0.995,7656.9,29.9,3062.8,0,0,17.494,28.356,20.039,210.1,Burdekin,AyrDPI,Mulg,1957,Furrow,BareFallow,35,Surf1,200,140,LowFreq,0,P2R,15AprV1R4,T1,3767.6,3168.758,2707.918,2729.66,31.631,9.047,4.71140427890044,0.137576059721683,4.80041800643087,0.746465,29.02,999
1961,14/10/1961,287,1960,15-Apr,1,sugar,alive,3,395,1957,14/9/1960,105,0,0,318,1961,21,2039,7046.25,6352.03,5536.67,171.765,3505.46,,0,0,0,22.202,73.801,73.801,0.998,9611.082,9612.08,144960.228,0.903,22,3080,490.9,330.34,1831.472,308.82,1331.018,79.708,1410.726,0.571,9663.401,1.329,9664.73,146608.147,200,265.445,414.044,28.849,0.001,5.048,5.98,12232.134,350,0.919,3596.2,13.4,1438.5,0,0,16.939,29.173,21.112,63.2,Burdekin,AyrDPI,Mulg,1957,Furrow,BareFallow,35,Surf1,200,140,LowFreq,0,P2R,15AprV1R4,T1,3570.9,3388.82,2161.812,2241.52,33.898,5.049,5.06857844323393,0.121756457313468,4.86586402266289,0.858825,35.055,999
1962,14/11/1962,318,1961,15-Apr,1,sugar,alive,4,396,1957,14/10/1961,105,0,0,318,1962,21,2039,7007.13,6239.54,5462.07,168.708,3369.83,,0,0,0,21.668,72.162,72.162,1.329,9663.401,9664.73,146608.147,0.917,19,2660,942.7,416.74,1750.814,483.409,1304.222,137.716,1441.938,1.66,9670.035,1.804,9671.839,147997.226,200,302.477,442.947,37.567,0.002,5.615,7.386,11968.371,350,0.871,2925.8,10.9,1170.3,0,0,17.883,29.608,20.496,102.1,Burdekin,AyrDPI,Mulg,1957,Furrow,BareFallow,35,Surf1,200,140,LowFreq,0,P2R,15AprV1R4,T1,3602.7,3143.409,2167.554,2305.27,43.184,5.617,5.36703941485184,0.117000869662912,5.42469453376206,0.84354,33.698,999
1963,16/04/1963,106,0,15-Apr,1,none,out,-1,0,1957,0.000,106,1,0,319,-1,21,2039,0,0,0,0,0,,0,0,0,0,65.37,65.37,1.804,9670.035,9671.839,147997.226,0.921,0,0,1086.4,501.947,396.378,398.615,0,10.787,10.787,0.001,9802.845,5.783,9808.629,151192.781,0,0,58.162,2.624,0.01,0.39,0.228,5612.048,350,0.999,9693.1,43.1,3877.3,0,0,22.21,31.055,18.846,91.9,Burdekin,AyrDPI,Mulg,1957,Furrow,BareFallow,35,Surf1,200,140,LowFreq,0,P2R,15AprV1R4,T1,1086.4,398.615,898.325,909.112,3.024,0.4,0,0,0,,0,999
1964,15/07/1964,197,1963,15-Apr,2,sugar,alive,0,456,1963,16/4/1963,106,1,0,319,1964,20,2039,8259.94,7374.07,6464.26,199.387,3488.86,,0,0,0,18.623,242.658,242.658,5.783,9802.845,9808.629,151192.781,0.931,21,2940,620.5,295.413,1665.073,444.907,1492.317,260.735,1753.052,3.232,9615.345,2.608,9617.953,148964.218,200,429.82,501.19,37.789,0.003,15.473,7.636,10542.862,350,0.872,2936.7,10.8,1174.7,0,0,16.746,28.861,19.014,92.7,Burdekin,AyrDPI,Mulg,1957,Furrow,BareFallow,35,Surf1,200,140,LowFreq,0,P2R,15AprV1R4,T1,3560.5,3384.907,1960.486,2221.221,53.265,15.476,5.89047202773961,0.113737071119396,5.88162241887906,0.996935,34.889,999
1965,15/08/1965,227,1964,15-Apr,2,sugar,alive,1,396,1963,15/7/1964,106,1,0,319,1965,20,2039,6800.99,6105.33,5250.2,162.051,3154.67,,0,0,0,21.045,89.62,89.62,2.608,9615.345,9617.953,148964.218,0.913,19,2660,829.9,290.936,1821.708,453.135,1276.416,110.752,1387.168,1.56,9685.905,1.085,9686.989,150637.835,200,271.954,422.184,23.069,0.002,11.728,4.939,12264.82,350,0.883,3064.5,11.5,1225.8,0,0,17.031,29.138,19.57,107.4,Burdekin,AyrDPI,Mulg,1957,Furrow,BareFallow,35,Surf1,200,140,LowFreq,0,P2R,15AprV1R4,T1,3489.9,3113.135,2112.644,2223.396,34.799,11.73,5.20539584695171,0.116821466469815,5.21064308681672,0.810255,31.547,999
1966,15/09/1966,258,1965,15-Apr,2,sugar,alive,2,396,1963,15/8/1965,106,1,0,319,1966,20,2039,6861.39,6158.54,5310.2,164.02,3193.07,,0,0,0,21.045,79.707,79.707,1.085,9685.905,9686.989,150637.835,0.931,21,2940,392.1,283.28,1703.292,252.108,1219.456,119.329,1338.785,1.465,9713.385,1.212,9714.597,152119.683,200,295.221,425.161,25.615,0.002,6.599,5.382,12032.112,350,0.847,2677.8,9.9,1071.1,0,0,17.605,28.716,19.617,102.9,Burdekin,AyrDPI,Mulg,1957,Furrow,BareFallow,35,Surf1,200,140,LowFreq,0,P2R,15AprV1R4,T1,3332.1,3192.108,1986.572,2105.901,32.216,6.601,5.1382973257797,0.122514070593859,4.83834808259587,0.8201,31.931,999
1967,15/10/1967,288,1966,15-Apr,2,sugar,alive,3,395,1963,15/9/1966,106,1,0,319,1967,20,2039,6872.76,6197.97,5382.59,167.011,3220.15,,0,0,0,20.816,86.45,86.45,1.212,9713.385,9714.597,152119.683,0.938,20,2800,809.7,359.044,1929.668,393.749,1204.278,139.294,1343.572,2.047,9736.918,1.359,9738.277,153609.271,200,289.028,428.105,34.509,0.003,6.528,6.883,11746.799,350,0.875,2965.3,11,1186.1,0,0,18.004,28.819,20.047,154.9,Burdekin,AyrDPI,Mulg,1957,Furrow,BareFallow,35,Surf1,200,140,LowFreq,0,P2R,15AprV1R4,T1,3609.7,3193.749,2288.712,2428.006,41.04,6.531,5.22930887806149,0.124303721720905,5.1388,0.835055,32.202,999
1968,14/11/1968,319,1967,15-Apr,2,sugar,alive,4,396,1963,15/10/1967,106,1,0,319,1968,20,2039,7112.36,6417.58,5591.12,173.707,3447.19,,0,0,0,21.509,63.866,63.866,1.359,9736.918,9738.277,153609.271,0.944,21,2940,1461.8,607.439,2424.01,485.272,1222.873,143.937,1366.811,1.937,9764.642,1.635,9766.277,155074.703,200,283.604,417.555,37.42,0.005,5.656,7.514,11782.34,350,0.858,2789.8,10.3,1115.9,0,0,18.111,28.923,20.433,187.9,Burdekin,AyrDPI,Mulg,1957,Furrow,BareFallow,35,Surf1,200,140,LowFreq,0,P2R,15AprV1R4,T1,4401.8,3425.272,3031.449,3175.386,43.081,5.661,5.0713344808821,0.127089261060966,5.12410029498525,0.868535,34.472,999
1969,15/04/1969,105,0,15-Apr,2,none,out,-1,0,1963,0.000,105,0,0,319,-1,20,2039,0,0,0,0,0,,0,0,0,0,67.406,67.406,1.635,9764.642,9766.277,155074.703,0.95,0,0,145.4,0.682,24.264,121.056,0,16.703,16.703,0,9903.509,6.403,9909.912,158071.539,0,0,76.656,0.645,0,0.03,0.177,6398.836,350,0.997,8204.1,35.1,3281.6,0,0,21.491,32.395,21.861,46.5,Burdekin,AyrDPI,Mulg,1957,Furrow,BareFallow,35,Surf1,200,140,LowFreq,0,P2R,15AprV1R4,T1,145.4,121.056,24.946,41.649,0.675,0.03,0,0,0,,0,999
1970,15/07/1970,196,1969,15-Apr,3,sugar,alive,0,456,1969,15/4/1969,105,0,0,318,1970,21,2039,8174.59,7324.76,6391.16,197.742,3697.01,,0,0,0,20.096,171.158,171.158,6.403,9903.509,9909.912,158071.539,0.961,22,3080,660,207.205,1859.481,389.798,1442.873,324.694,1767.567,4.759,9698.594,1.707,9700.301,155332.275,200,426.196,506.171,47.388,0.006,17.479,9.505,10152.303,350,0.886,3108,11.4,1243.2,0,0,17.51,29.042,19.564,133.6,Burdekin,AyrDPI,Mulg,1957,Furrow,BareFallow,35,Surf1,200,140,LowFreq,0,P2R,15AprV1R4,T1,3740,3469.798,2066.686,2391.38,64.873,17.485,5.69894846904633,0.111872421243438,5.60175637393768,0.98871,36.97,999
1971,15/08/1971,227,1970,15-Apr,3,sugar,alive,1,396,1969,15/7/1970,105,0,0,318,1971,21,2039,6566.72,5884.65,5128.37,158.275,2946.13,,0,0,0,19.995,76.905,76.905,1.707,9698.594,9700.301,155332.275,0.939,17,2380,1175,374.099,1927.902,671.918,1192.714,50.311,1243.025,0.257,9795.214,1.632,9796.846,156797.242,200,232.562,375.378,38.01,0.006,3.838,7.691,12072.498,350,0.934,3887.6,15.8,1555,0,0,17.251,28.573,19.344,220,Burdekin,AyrDPI,Mulg,1957,Furrow,BareFallow,35,Surf1,200,140,LowFreq,0,P2R,15AprV1R4,T1,3555,3051.918,2302.001,2352.312,41.854,3.844,5.18608298125965,0.127330504213511,5.59275618374558,0.791375,29.461,999
1972,14/09/1972,258,1971,15-Apr,3,sugar,alive,2,396,1969,15/8/1971,105,0,0,318,1972,21,2039,6655.41,6037.48,5154.85,159.916,3033.06,,0,0,0,20.429,86.88,86.88,1.632,9795.214,9796.846,156797.242,0.959,19,2660,1435.2,542.901,2209.028,494.747,1236.708,117.977,1354.684,1.589,9808.695,1.161,9809.856,157589.887,200,289.14,419.931,33.761,0.009,9.781,6.866,12170.684,350,0.887,3113.7,11.5,1245.5,0,0,16.759,28.732,19.826,206.2,Burdekin,AyrDPI,Mulg,1957,Furrow,BareFallow,35,Surf1,200,140,LowFreq,0,P2R,15AprV1R4,T1,4095.2,3154.747,2751.929,2869.906,43.551,9.79,5.06905942061281,0.118046717906169,5.14199356913183,0.79958,30.331,999
1973,14/10/1973,287,1972,15-Apr,3,sugar,alive,3,395,1969,14/9/1972,105,0,0,318,1973,21,2039,6951.49,6255.72,5377.15,166.296,3082.25,,0,0,0,19.898,75.467,75.467,1.161,9808.695,9809.856,157589.887,0.964,20,2800,1125.6,434.869,2106.142,581.98,1201,140.839,1341.839,2.365,9818.709,2.816,9821.525,158233.675,200,310.012,442.949,27.892,0.006,7.383,5.824,12835.733,350,0.805,2336.8,8.6,934.7,0,0,18.389,29.085,19.8,108.5,Burdekin,AyrDPI,Mulg,1957,Furrow,BareFallow,35,Surf1,200,140,LowFreq,0,P2R,15AprV1R4,T1,3925.6,3381.98,2541.011,2681.85,35.281,7.389,4.91711955718248,0.123931410549254,5.1168,0.83148,30.823,999
1974,14/11/1974,318,1973,15-Apr,3,sugar,alive,4,396,1969,14/10/1973,105,0,0,318,1974,21,2039,6281.86,5688.92,4876.05,152.462,3106.87,,0,0,0,22.165,118.217,118.217,2.816,9818.709,9821.525,158233.675,0.967,17,2380,1952.2,968.13,2215.464,676.432,1042.994,146.501,1189.494,1.914,9853.223,2.148,9855.371,158841.374,200,251.05,401.686,48.802,0.074,12.727,9.288,11979.827,350,0.793,2247.5,8.4,899,0,0,17.922,28.466,18.8,152.9,Burdekin,AyrDPI,Mulg,1957,Furrow,BareFallow,35,Surf1,200,140,LowFreq,0,P2R,15AprV1R4,T1,4332.2,3056.432,3183.594,3330.095,61.603,12.801,4.98823464745821,0.128173828535495,5.38734982332155,0.76231,31.069,999
1975,15/04/1975,105,0,15-Apr,3,none,out,-1,0,1969,0.000,105,0,0,318,-1,21,2039,0,0,0,0,0,,0,0,0,0,77.328,77.328,2.148,9853.223,9855.371,158841.374,0.974,0,0,630.3,295.818,155.519,361.846,0,32.119,32.119,0.002,9989.305,6.378,9995.683,161405.72,0,0,70.829,2.091,0.027,0.16,0.234,6574.313,350,0.987,6153.6,27.2,2461.4,0,0,21.936,30.98,21.26,65,Burdekin,AyrDPI,Mulg,1957,Furrow,BareFallow,35,Surf1,200,140,LowFreq,0,P2R,15AprV1R4,T1,630.3,361.846,451.337,483.456,2.278,0.187,0,0,0,,0,999
1976,14/07/1976,196,1975,15-Apr,4,sugar,alive,0,456,1975,15/4/1975,105,0,0,318,1976,21,2039,8619.49,7729.06,6728.37,207.881,3578.16,,0,0,0,18.271,224.172,224.172,6.378,9989.305,9995.683,161405.72,0.984,17,2380,2004.7,698.467,2182.322,785.321,1369.119,283.846,1652.966,6.424,9797.834,1.838,9799.672,157643.317,200,404.457,471.98,49.812,0.031,17.896,9.851,10603.095,350,0.913,3495.6,12.8,1398.3,0,0,17.666,28.095,18.294,179.8,Burdekin,AyrDPI,Mulg,1957,Furrow,BareFallow,35,Surf1,200,140,LowFreq,0,P2R,15AprV1R4,T1,4384.7,3165.321,2880.789,3164.635,67.739,17.927,6.56745398018084,0.125762417375796,7.3456183745583,1.039405,35.782,999
1977,14/08/1977,226,1976,15-Apr,4,sugar,alive,1,396,1975,14/7/1976,105,0,0,318,1977,21,2039,6574.83,5903.01,5133.07,158.336,2873.22,,0,0,0,19.42,75.117,75.117,1.838,9797.834,9799.672,157643.317,0.961,18,2520,1376.6,471.544,2261.489,528.021,1113.269,34.158,1147.427,0.125,9891.579,1.469,9893.048,157784.597,200,249.397,381.556,22.859,0.017,5.713,4.866,13706.117,350,0.972,5118.6,21.1,2047.4,0,0,17.488,28.286,19.446,170.6,Burdekin,AyrDPI,Mulg,1957,Furrow,BareFallow,35,Surf1,200,140,LowFreq,0,P2R,15AprV1R4,T1,3896.6,3048.021,2733.033,2767.191,28.589,5.73,5.19471486580965,0.13799222085588,5.33117845117845,0.79168,28.732,999
1978,14/09/1978,257,1977,15-Apr,4,sugar,alive,2,396,1975,14/8/1977,105,0,0,318,1978,21,2039,7219.79,6515.05,5678.39,176.368,3357.9,,0,0,0,20.518,91.257,91.257,1.469,9891.579,9893.048,157784.597,0.982,19,2660,956.1,309.729,1922.12,541.902,1211.626,113.404,1325.03,1.411,9903.276,2.327,9905.604,157023.773,200,310.448,442.472,24.996,0.016,8.319,5.279,14665.782,350,0.844,2657.6,9.8,1063,0,0,17.622,28.221,20.415,150.6,Burdekin,AyrDPI,Mulg,1957,Furrow,BareFallow,35,Surf1,200,140,LowFreq,0,P2R,15AprV1R4,T1,3616.1,3201.902,2231.849,2345.253,33.331,8.335,5.50822604814264,0.133104910832208,5.67099678456592,0.88184,33.579,999
1979,14/10/1979,287,1978,15-Apr,4,sugar,alive,3,395,1975,14/9/1978,105,0,0,318,1979,21,2039,6584.99,5970.17,5098.99,158.713,3016.09,,0,0,0,20.474,150.477,150.477,2.327,9903.276,9905.604,157023.773,0.988,20,2800,1484.7,561.945,2555.346,521.304,1086,157.373,1243.373,3.138,9905.956,2.027,9907.984,156115.24,200,303.944,442.465,25.991,0.025,20.213,5.374,14022.421,350,0.823,2472.2,9.1,988.9,0,0,18.01,28.393,19.377,350.7,Burdekin,AyrDPI,Mulg,1957,Furrow,BareFallow,35,Surf1,200,140,LowFreq,0,P2R,15AprV1R4,T1,4284.7,3321.304,3117.291,3274.664,46.229,20.238,4.77863513848778,0.127647134045858,4.88347692307692,0.793565,30.161,999
1980,13/11/1980,318,1979,15-Apr,4,sugar,alive,4,396,1975,14/10/1979,105,0,0,318,1980,21,2039,7969.25,7195.36,6226.57,193.371,3716.18,,0,0,0,20.738,74.514,74.514,2.027,9905.956,9907.984,156115.24,0.99,21,2940,768.9,303.149,1921.971,418.821,1322.33,164.993,1487.322,2.71,9875.729,2.032,9877.761,155893.989,200,354.562,489.115,28.55,0.028,6.23,5.843,13561.279,350,0.884,3075.4,11.3,1230.2,0,0,18.675,29.043,20.995,86.4,Burdekin,AyrDPI,Mulg,1957,Furrow,BareFallow,35,Surf1,200,140,LowFreq,0,P2R,15AprV1R4,T1,3708.9,3358.821,2225.12,2390.113,34.808,6.258,5.75710941428555,0.130012868766817,5.7041592920354,0.966855,37.162,999
1981,24/04/1981,114,0,15-Apr,4,none,out,-1,0,1975,0.000,114,9,0,327,-1,14,2039,0,0,0,0,0,,0,0,0,0,70.972,70.972,2.032,9875.729,9877.761,155893.989,0.993,0,0,929,509.014,274.942,344.635,0,5.921,5.921,0,10025.441,4.49,10029.931,158780.048,0,0,55.3,1.139,0.099,0.225,0.151,6461.252,350,1,11866.6,52.5,4746.6,0,0,21.683,30.338,19.809,102.2,Burdekin,AyrDPI,Mulg,1957,Furrow,BareFallow,35,Surf1,200,140,LowFreq,0,P2R,15AprV1R4,T1,929,344.635,783.956,789.877,1.463,0.324,0,0,0,,0,999
1982,24/07/1982,205,1981,15-Apr,5,sugar,alive,0,456,1981,24/4/1981,114,9,0,327,1982,14,2039,8252.44,7343.42,6470.71,199.098,3655.98,,0,0,0,19.686,210.095,210.095,4.49,10025.441,10029.931,158780.048,1.002,20,2800,774.6,265.553,1768.162,505.76,1439.307,249.407,1688.714,3.487,9821.848,2,9823.848,155122.234,200,463.966,542.796,25.689,0.113,16.016,5,12611.871,350,0.931,3815.9,14,1526.4,0,0,17.112,28.544,18.804,104.8,Burdekin,AyrDPI,Mulg,1957,Furrow,BareFallow,35,Surf1,200,140,LowFreq,0,P2R,15AprV1R4,T1,3574.6,3305.76,2033.715,2283.122,41.818,16.129,6.02276027297808,0.117899182454815,6.12609230769231,0.99549,36.56,999
1983,24/08/1983,236,1982,15-Apr,5,sugar,alive,1,396,1981,24/7/1982,114,9,0,327,1983,14,2039,6942.08,6199.21,5411.46,166.906,3023.88,,0,0,0,19.384,62.268,62.268,2,9821.848,9823.848,155122.234,0.988,19,2660,635.9,278.091,1738.804,372.801,1186.493,88.82,1275.313,1.211,9895.294,1.134,9896.428,155963.033,200,274.741,422.694,27.231,0.044,5.933,5.743,13377.884,350,0.903,3331.4,12.6,1332.6,0,0,17.823,28.559,19.635,95.4,Burdekin,AyrDPI,Mulg,1957,Furrow,BareFallow,35,Surf1,200,140,LowFreq,0,P2R,15AprV1R4,T1,3295.9,3032.801,2016.895,2105.715,33.208,5.977,5.50336141408553,0.13087453825061,5.36675241157556,0.83453,30.239,999
1984,24/09/1984,268,1983,15-Apr,5,sugar,alive,2,397,1981,24/8/1983,114,9,1,327,1984,14,2039,6950.28,6260.6,5386.48,166.785,3117.34,,0,0,0,20.09,65.959,65.959,1.134,9895.294,9896.428,155963.033,1.007,21,2940,610,278.019,1922.64,494.277,1195.881,137.761,1333.642,2.238,9900.119,2.163,9902.282,156282.707,200,317.679,453.6,24.6,0.048,7.367,5.184,13184.513,350,0.86,2804.1,10.4,1121.6,0,0,17.673,28.699,19.432,75.6,Burdekin,AyrDPI,Mulg,1957,Furrow,BareFallow,35,Surf1,200,140,LowFreq,0,P2R,15AprV1R4,T1,3550,3434.277,2200.659,2338.42,32.015,7.415,4.85648070904007,0.125059798656611,4.91991150442478,0.833925,31.173,999
1985,29/10/1985,302,1984,15-Apr,5,sugar,alive,3,400,1981,24/9/1984,114,9,6,328,1985,14,2040,7040.34,6375.09,5541.07,172.212,3215.37,,0,0,0,20.065,81.658,81.658,2.163,9900.119,9902.282,156282.707,1.009,19,2660,884.5,219.455,1901.386,602.949,1226.886,146.836,1373.721,2.339,9912.76,2.189,9914.95,156564.822,200,300.74,444.372,32.668,0.037,13.571,6.737,13131.219,350,0.886,3107.1,11.5,1242.9,0,0,17.636,28.703,19.682,111.4,Burdekin,AyrDPI,Mulg,1957,Furrow,BareFallow,35,Surf1,200,140,LowFreq,0,P2R,15AprV1R4,T1,3544.5,3262.949,2120.841,2267.677,46.276,13.608,5.27780238060724,0.125361700083205,5.53736334405145,0.86106,32.154,999
1986,29/11/1986,333,1985,15-Apr,5,sugar,alive,4,396,1981,29/10/1985,114,9,6,333,1986,14,2045,6885.81,6166.47,5303.64,164.308,3073.4,,0,0,0,20.107,131.596,131.596,2.189,9912.76,9914.95,156564.822,1.013,20,2800,764.1,244.487,1997.865,525.893,1218.201,171.313,1389.514,3.018,9895.087,1.847,9896.934,156347.046,200,324.122,470.671,34.408,0.058,17.986,6.958,13642.765,350,0.731,1874.3,6.9,749.7,0,0,18.811,29.498,19.117,117.8,Burdekin,AyrDPI,Mulg,1957,Furrow,BareFallow,35,Surf1,200,140,LowFreq,0,P2R,15AprV1R4,T1,3564.1,3325.893,2242.352,2413.665,52.452,18.044,4.94026717035094,0.118248538697703,5.05563076923077,0.82154,30.734,999
1987,15/04/1987,105,0,15-Apr,5,none,out,-1,0,1981,0.000,105,0,6,333,-1,14,2045,0,0,0,0,0,,0,0,0,0,63.83,63.83,1.847,9895.087,9896.934,156347.046,1.012,0,0,212.4,39.775,41.375,164.584,0,16.949,16.949,0,10046.474,4.664,10051.137,158915.502,0,0,72.001,0.639,0.034,0.052,0.165,6702.208,350,0.996,8015.6,35.9,3206.2,0,0,22.299,32.288,21.438,44,Burdekin,AyrDPI,Mulg,1957,Furrow,BareFallow,35,Surf1,200,140,LowFreq,0,P2R,15AprV1R4,T1,212.4,164.584,81.15,98.099,0.725,0.086,0,0,0,,0,999
1988,14/07/1988,196,1987,15-Apr,6,sugar,alive,0,456,1987,15/4/1987,105,0,0,318,1988,21,2039,8287.03,7401.63,6494.65,200.431,3772.25,,0,0,0,20.249,178.132,178.132,4.664,10046.474,10051.137,158915.502,1.023,21,2940,1008.5,239.48,2046.457,459.648,1432.006,312.521,1744.528,6.578,9820.354,2.411,9822.765,154710.823,200,448.014,528.796,48.06,0.174,15.275,9.552,11626.517,350,0.91,3437.9,12.6,1375.1,0,0,17.995,29.116,18.802,254,Burdekin,AyrDPI,Mulg,1957,Furrow,BareFallow,35,Surf1,200,140,LowFreq,0,P2R,15AprV1R4,T1,3948.5,3399.648,2285.937,2598.458,63.509,15.449,5.89563978388351,0.11489124852109,5.91241887905605,1.002155,37.722,999
1989,14/08/1989,226,1988,15-Apr,6,sugar,alive,1,396,1987,14/7/1988,105,0,0,318,1989,21,2039,6537.32,5824.62,5073.84,156.077,2980.2,,0,0,0,20.586,96.168,96.168,2.411,9820.354,9822.765,154710.823,0.999,16,2240,1383.4,422.61,1964.998,746.644,1148.24,97.342,1245.582,1.51,9909.016,1.468,9910.484,155241.384,200,253.569,401.397,22.396,0.09,13.978,4.829,13608.718,350,0.861,2816.2,10.6,1126.5,0,0,17.87,28.468,18.868,134.8,Burdekin,AyrDPI,Mulg,1957,Furrow,BareFallow,35,Surf1,200,140,LowFreq,0,P2R,15AprV1R4,T1,3623.4,2986.644,2387.608,2484.95,36.464,14.068,5.22583207104697,0.125304476140471,5.80211895910781,0.780385,29.802,999
1990,14/09/1990,257,1989,15-Apr,6,sugar,alive,2,396,1987,14/8/1989,105,0,0,318,1990,21,2039,6541.72,5843.92,5116.37,157.625,2936.1,,0,0,0,20.011,86.378,86.378,1.468,9909.016,9910.484,155241.384,1.02,17,2380,1288.6,529.751,1880.496,519.444,1145.133,145.231,1290.364,2.442,9919.574,1.102,9920.676,155089.638,200,298.211,427.116,29.589,0.135,6.689,6.157,12770.981,350.712,0.909,3425.3,12.6,1370.1,0,0,17.279,28.597,19.939,103,Burdekin,AyrDPI,Mulg,1957,Furrow,BareFallow,35,Surf1,200,140,LowFreq,0,P2R,15AprV1R4,T1,3668.6,2899.444,2410.247,2555.478,36.413,6.824,5.43638711421914,0.122155453809933,5.56978798586572,0.788125,29.361,999
1991,14/10/1991,287,1990,15-Apr,6,sugar,alive,3,395,1987,14/9/1990,105,0,0,318,1991,21,2039,7029.67,6337.89,5480.98,169.917,3369.83,,0,0,0,21.494,54.368,54.368,1.102,9919.574,9920.676,155089.638,1.022,20,2800,1680.4,597.502,2481.47,370.823,1243.024,151.862,1394.886,2.637,9923.869,1.559,9925.428,154583.082,200,317.121,447.626,24.042,0.093,8.675,5.084,13445.028,352.383,0.881,3042.9,11.3,1217.2,0,0,17.386,28.895,19.58,204.4,Burdekin,AyrDPI,Mulg,1957,Furrow,BareFallow,35,Surf1,200,140,LowFreq,0,P2R,15AprV1R4,T1,4480.4,3170.823,3078.972,3230.834,32.81,8.768,5.35876647797748,0.121814255788645,5.22821538461538,0.849585,33.698,999
1992,13/11/1992,318,1991,15-Apr,6,sugar,alive,4,396,1987,14/10/1991,105,0,0,318,1992,21,2039,7821.04,7044.95,6188.58,192.256,3889.02,,0,0,0,21.981,60.91,60.91,1.559,9923.869,9925.428,154583.082,1.025,22,3080,659.3,300.354,1890.434,388.938,1389.238,153.739,1542.977,2.152,9929.561,1.522,9931.084,154077.477,200,323.163,463.914,30.596,0.123,6.632,6.147,14345.348,354.083,0.875,2972.3,11,1188.9,0,0,18.342,29.501,20.919,122.8,Burdekin,AyrDPI,Mulg,1957,Furrow,BareFallow,35,Surf1,200,140,LowFreq,0,P2R,15AprV1R4,T1,3739.3,3468.938,2190.788,2344.527,37.351,6.755,5.54221493725169,0.124600690742636,5.44634560906516,0.96128,38.89,999
1993,15/04/1993,105,0,15-Apr,6,none,out,-1,0,1987,0.000,105,0,0,318,-1,21,2039,0,0,0,0,0,,0,0,0,0,66.445,66.445,1.522,9929.561,9931.084,154077.477,1.028,0,0,402.2,205.361,96.068,260.518,0,15.318,15.318,0,10082.147,3.931,10086.078,156758.823,0,0,78.473,0.86,0.267,0.09,0.184,7475.092,354.757,0.997,8426.8,36.2,3370.7,0,0,21.276,31.26,21.924,72,Burdekin,AyrDPI,Mulg,1957,Furrow,BareFallow,35,Surf1,200,140,LowFreq,0,P2R,15AprV1R4,T1,402.2,260.518,301.429,316.747,1.217,0.357,0,0,0,,0,999
1994,15/07/1994,196,1993,15-Apr,7,sugar,alive,0,456,1993,15/4/1993,105,0,0,318,1994,21,2039,9214.73,8278.78,7250.2,224.792,4248.68,,0,0,0,20.348,151.897,151.897,3.931,10082.147,10086.078,156758.823,1.039,23,3220,465.6,139.711,1816.096,354.911,1506.989,295.571,1802.56,4.314,9857.097,2.004,9859.101,150984.477,200,460.211,523.567,35.246,0.224,18.15,7.156,13658.315,356.78,0.914,3510,12.9,1404,0,0,17.896,28.846,19.367,46.8,Burdekin,AyrDPI,Mulg,1957,Furrow,BareFallow,35,Surf1,200,140,LowFreq,0,P2R,15AprV1R4,T1,3685.6,3574.911,1955.807,2251.378,53.62,18.374,6.28804465341934,0.124707083259364,6.12512261580382,1.12396,42.487,999
1995,15/08/1995,227,1994,15-Apr,7,sugar,alive,1,396,1993,15/7/1994,105,0,0,318,1995,21,2039,7262.5,6477.65,5734.83,176.886,3314.9,,0,0,0,20.151,79.13,79.13,2.004,9857.097,9859.101,150984.477,1.016,21,2940,482.2,276.302,1754.08,321.562,1293.165,39.752,1332.917,0.159,9933.344,1.952,9935.296,150261.743,200,273.982,422.449,21.281,0.199,5.945,4.606,15651.077,358.569,0.953,4383.1,17.2,1753.2,0,0,18.082,29.062,20.474,55.2,Burdekin,AyrDPI,Mulg,1957,Furrow,BareFallow,35,Surf1,200,140,LowFreq,0,P2R,15AprV1R4,T1,3422.2,3261.562,2030.382,2070.134,27.425,6.144,5.42335236920224,0.132705937428962,5.21787610619469,0.88443,33.149,999
1996,14/09/1996,258,1995,15-Apr,7,sugar,alive,2,396,1993,15/8/1995,105,0,0,318,1996,21,2039,7417.01,6692.63,5869.58,182.29,3667.53,,0,0,0,21.847,138.031,138.031,1.952,9933.344,9935.296,150261.743,1.035,22,3080,564.9,303.271,1962.12,307.192,1292.845,144.664,1437.509,2.012,9914.23,1.377,9915.607,148607.206,200,340.624,475.022,18.927,0.211,19.83,4.193,15996.287,360.388,0.848,2693.1,9.9,1077.3,0,0,19.055,29.44,20.405,107,Burdekin,AyrDPI,Mulg,1957,Furrow,BareFallow,35,Surf1,200,140,LowFreq,0,P2R,15AprV1R4,T1,3644.9,3387.192,2265.391,2410.055,38.968,20.041,5.38174393420863,0.126809640843988,5.16402266288952,0.91145,36.675,999
1997,14/10/1997,287,1996,15-Apr,7,sugar,alive,3,395,1993,14/9/1996,105,0,0,318,1997,21,2039,7716.46,6952.78,6143.01,190.835,3787.71,,0,0,0,21.513,80.031,80.031,1.377,9914.23,9915.607,148607.206,1.035,20,2800,962.4,428.306,2038.302,473.001,1165.095,142.391,1307.486,2.237,9924.8,1.66,9926.46,147721.587,200,313.926,452.163,29.414,0.36,5.991,5.988,14760.746,362.245,0.885,3091,11.4,1236.4,0,0,19.379,28.509,20.519,116.8,Burdekin,AyrDPI,Mulg,1957,Furrow,BareFallow,35,Surf1,200,140,LowFreq,0,P2R,15AprV1R4,T1,3762.4,3273.001,2466.608,2608.999,35.765,6.351,5.8305817810627,0.145955673712759,5.87184615384615,0.954175,37.877,999
1998,14/11/1998,318,1997,15-Apr,7,sugar,alive,4,396,1993,14/10/1997,105,0,0,318,1998,21,2039,8535,7640.42,6702.51,207.641,3993.47,,0,0,0,20.756,68.337,68.337,1.66,9924.8,9926.46,147721.587,1.039,20,2800,1241.5,275.75,2279.793,621.308,1238.875,133.452,1372.328,2.201,9907.804,3.105,9910.909,147283.33,200,355.03,488.179,23.56,1.054,6.365,4.822,15296.455,364.136,0.784,2191.8,8.1,876.7,0,0,20.755,29.053,19.326,189.6,Burdekin,AyrDPI,Mulg,1957,Furrow,BareFallow,35,Surf1,200,140,LowFreq,0,P2R,15AprV1R4,T1,4041.5,3421.308,2555.543,2688.995,30.979,7.419,6.06905312237308,0.151305664535009,6.38895384615385,1.038205,39.935,999
1999,17/04/1999,107,0,15-Apr,7,none,out,-1,0,1993,0.000,107,2,0,320,-1,20,2039,0,0,0,0,0,,0,0,0,0,181.967,181.967,3.105,9907.804,9910.909,147283.33,1.043,0,0,734.4,452.36,222.953,339.341,0,9.046,9.046,0,10068.527,3.554,10072.08,150694.221,0,0,67.399,1.597,0.466,0.226,0.191,7129.834,364.887,0.999,10146.4,41.3,4058.6,0,0,23.371,31.155,20.469,98.7,Burdekin,AyrDPI,Mulg,1957,Furrow,BareFallow,35,Surf1,200,140,LowFreq,0,P2R,15AprV1R4,T1,734.4,339.341,675.313,684.359,2.289,0.692,0,0,0,,0,999
2000,16/07/2000,198,1999,15-Apr,8,sugar,alive,0,456,1999,17/4/1999,107,2,0,320,2000,19,2039,10067.82,9041.04,8052.52,250.081,4208.92,,0,0,0,17.801,232.007,232.007,3.554,10068.527,10072.08,150694.221,1.054,19,2660,1568.6,530.177,2207.298,695.113,1399.021,237.289,1636.309,4.666,9860.411,2.343,9862.754,146413.04,200,460.217,525.141,28.646,3.856,13.028,5.735,13257.868,367.123,0.923,3654.9,13.4,1461.9,0,0,18.467,27.787,18.607,136,Burdekin,AyrDPI,Mulg,1957,Furrow,BareFallow,35,Surf1,200,140,LowFreq,0,P2R,15AprV1R4,T1,4228.6,3355.113,2737.475,2974.764,45.53,16.884,7.4537280860585,0.152832380681155,8.04118971061093,1.250405,42.089,999
2001,16/08/2001,228,2000,15-Apr,8,sugar,alive,1,396,1999,16/7/2000,107,2,0,320,2001,19,2039,7166.74,6402.04,5631.83,173.915,3383.01,,0,0,0,21.026,86.822,86.822,2.343,9860.411,9862.754,146413.04,1.036,20,2800,561.9,312.028,1772.374,394.902,1243.363,34.474,1277.837,0.098,9926.182,1.674,9927.856,147083.61,200,283.226,429.815,20.482,0.551,5.242,4.331,14503.609,369.103,0.96,4600.6,17.9,1840.2,0,0,17.72,28.843,19.818,52,Burdekin,AyrDPI,Mulg,1957,Furrow,BareFallow,35,Surf1,200,140,LowFreq,0,P2R,15AprV1R4,T1,3361.9,3194.902,2084.402,2118.876,26.275,5.793,5.44351595134999,0.136101083315008,5.35123076923077,0.869575,33.83,999
2002,16/09/2002,259,2001,15-Apr,8,sugar,alive,2,396,1999,16/8/2001,107,2,0,320,2002,19,2039,7920.27,7129.27,6221.05,192.626,3967.73,,0,0,0,22.436,86.483,86.483,1.674,9926.182,9927.856,147083.61,1.055,20,2800,810.4,156.346,1879.473,348.421,1460.016,135.132,1595.148,2.204,9891.771,1.252,9893.023,146918.185,200,367.818,512.331,23.583,0.08,8.38,5.001,14856.561,371.117,0.899,3270.1,12,1308,0,0,18.197,30.125,20.989,206,Burdekin,AyrDPI,Mulg,1957,Furrow,BareFallow,35,Surf1,200,140,LowFreq,0,P2R,15AprV1R4,T1,3610.4,3148.421,2035.819,2170.951,32.043,8.46,6.1181779692106,0.1207574469579,5.92695384615385,0.96313,39.677,999
2003,16/10/2003,289,2002,15-Apr,8,sugar,alive,3,395,1999,16/9/2002,107,2,0,320,2003,19,2039,7748.59,6956.42,6135.81,190.061,3800.74,,0,0,0,21.697,65.916,65.916,1.252,9891.771,9893.023,146918.185,1.053,22,3080,462.6,231.087,1751.382,286.181,1419.837,128.549,1548.387,1.535,9909.791,2.68,9912.471,147180.655,200,326.888,472.805,23.297,0.069,6.986,4.947,14718.783,373.166,0.889,3144.4,11.7,1257.8,0,0,18.211,29.927,21.251,51,Burdekin,AyrDPI,Mulg,1957,Furrow,BareFallow,35,Surf1,200,140,LowFreq,0,P2R,15AprV1R4,T1,3542.6,3366.181,1982.469,2111.018,30.352,7.055,5.64619074256554,0.1227477368384,5.38416430594901,0.950305,38.007,999
2004,15/11/2004,320,2003,15-Apr,8,sugar,alive,4,396,1999,16/10/2003,107,2,0,320,2004,19,2039,7939.41,7157.35,6291.47,195.613,3981.79,,0,0,0,22.137,77.66,77.66,2.68,9909.791,9912.471,147180.655,1.057,21,2940,724.6,221.38,1886.816,385.867,1409.122,160.514,1569.635,2.18,9909.908,1.586,9911.494,147260.166,200,340.796,482.582,18.832,0.069,10.958,4.096,14456.091,375.245,0.876,2983.1,11,1193.2,0,0,18.532,29.892,20.894,173.2,Burdekin,AyrDPI,Mulg,1957,Furrow,BareFallow,35,Surf1,200,140,LowFreq,0,P2R,15AprV1R4,T1,3664.6,3325.867,2108.196,2268.71,29.859,11.027,5.88156411546222,0.124623240434878,5.77029498525074,0.978065,39.818,999
2005,15/04/2005,105,0,15-Apr,8,none,out,-1,0,1999,0.000,105,0,0,320,-1,19,2039,0,0,0,0,0,,0,0,0,0,64.428,64.428,1.586,9909.908,9911.494,147260.166,1.058,0,0,632.4,163.767,368.179,232.164,0,10.287,10.287,0,10070.495,3.566,10074.061,150101.672,0,0,75.04,0.6,0.129,0.315,0.168,7254.355,376.057,0.999,9461,41.3,3784.4,0,0,22.269,32.221,21.978,143.4,Burdekin,AyrDPI,Mulg,1957,Furrow,BareFallow,35,Surf1,200,140,LowFreq,0,P2R,15AprV1R4,T1,632.4,232.164,531.946,542.233,1.044,0.444,0,0,0,,0,999
2006,15/07/2006,196,2005,15-Apr,9,sugar,alive,0,456,2005,15/4/2005,105,0,0,318,2006,21,2039,8838.6,7938.64,6974.88,216.068,3948.83,,0,0,0,19.579,154.595,154.595,3.566,10070.495,10074.061,150101.672,1.069,21,2940,961.7,241.599,2012.044,505.699,1433.046,285.879,1718.925,4.966,9819.74,2.114,9821.854,145846.849,200,490.254,559.799,36.868,1.396,16.187,7.476,12643.038,378.522,0.876,2987.6,11,1195.1,0,0,18.53,29.09,18.768,178.4,Burdekin,AyrDPI,Mulg,1957,Furrow,BareFallow,35,Surf1,200,140,LowFreq,0,P2R,15AprV1R4,T1,3901.7,3445.699,2253.643,2539.522,54.451,17.583,6.27065800001683,0.125699492415318,6.37368731563422,1.08034,39.488,999
2007,15/08/2007,227,2006,15-Apr,9,sugar,alive,1,396,2005,15/7/2006,105,0,0,318,2007,21,2039,6713.73,6049.21,5297.97,164.229,2955.17,,0,0,0,19.233,83.727,83.727,2.114,9819.74,9821.854,145846.849,1.045,18,2520,967.8,393.51,1833.958,476.706,1181.091,91.724,1272.814,0.914,9898.462,1.029,9899.492,146838.529,200,261.159,406.398,22.14,0.225,17.119,4.791,13274.332,380.697,0.899,3268.3,12.5,1307.3,0,0,17.271,28.395,19.639,130.2,Burdekin,AyrDPI,Mulg,1957,Furrow,BareFallow,35,Surf1,200,140,LowFreq,0,P2R,15AprV1R4,T1,3487.8,2996.706,2227.468,2319.192,39.484,17.344,5.48031738849257,0.129028279072983,5.52959595959596,0.821145,29.552,999
2008,14/09/2008,258,2007,15-Apr,9,sugar,alive,2,396,2005,15/8/2007,105,0,0,318,2008,21,2039,7103.1,6430.26,5595.27,173.701,3287.24,,0,0,0,20.377,71.244,71.244,1.029,9898.462,9899.492,146838.529,1.063,19,2660,1334.1,520.814,2117.835,568.261,1218.471,140.737,1359.207,2.603,9899.667,1.034,9900.7,147079.122,200,312.396,436.801,28.359,0.087,7.127,5.902,12745.963,382.903,0.897,3248.3,12,1299.3,0,0,17.841,28.663,19.218,108.2,Burdekin,AyrDPI,Mulg,1957,Furrow,BareFallow,35,Surf1,200,140,LowFreq,0,P2R,15AprV1R4,T1,3994.1,3228.261,2638.649,2779.386,35.573,7.214,5.38063681963757,0.127795839780107,5.58524115755627,0.868505,32.872,999
2009,14/10/2009,287,2008,15-Apr,9,sugar,alive,3,395,2005,14/9/2008,105,0,0,318,2009,21,2039,6822.91,6112.59,5352.48,165.211,3162.21,,0,0,0,20.643,67.487,67.487,1.034,9899.667,9900.7,147079.122,1.063,17,2380,1789.1,602.088,2247.627,516.988,1193.451,142.665,1336.117,2.138,9909.907,1.532,9911.439,147163.298,200,312.143,443.437,27.689,0.102,6.52,5.667,13345.037,385.15,0.896,3232.1,12,1292.8,0,0,18.502,29.563,19.422,197.2,Burdekin,AyrDPI,Mulg,1957,Furrow,BareFallow,35,Surf1,200,140,LowFreq,0,P2R,15AprV1R4,T1,4169.1,2896.988,2849.715,2992.38,34.311,6.622,5.7028541367793,0.123650099504759,5.8378445229682,0.826055,31.622,999
2010,26/11/2010,330,2009,15-Apr,9,sugar,alive,4,408,2005,14/10/2009,105,0,12,318,2010,14,2039,7725.35,6908.71,6026.18,186.153,3525.22,,0,0,0,20.393,50.756,50.756,1.532,9909.907,9911.439,147163.298,1.065,19,2660,1502.3,456.07,2201.849,726.588,1237.622,151.754,1389.376,2.81,9896.647,2.443,9899.09,147056.13,200,343.183,477.03,28.719,0.118,7.023,5.905,14203.689,387.505,0.76,2040.6,7.5,816.2,0,0,19.483,29.17,18.166,135.2,Burdekin,AyrDPI,Mulg,1957,Furrow,BareFallow,35,Surf1,200,140,LowFreq,0,P2R,15AprV1R4,T1,4162.3,3386.588,2657.919,2809.673,35.86,7.141,5.49677138169745,0.13398316942282,5.9856270096463,0.930765,35.252,999
2011,15/04/2011,105,0,15-Apr,9,none,out,-1,0,2005,0.000,105,0,12,330,-1,14,2051,0,0,0,0,0,,0,0,0,0,165.761,165.761,2.443,9896.647,9899.09,147056.13,1.064,0,0,1001.9,601.95,319.956,331.85,0,6.791,6.791,0,10041.621,2.696,10044.317,150564.609,0,0,44.864,1.241,0.308,0.289,0.132,5387.923,388.328,1,11159.4,46.5,4463.8,0,0,22.894,30.765,17.917,75.6,Burdekin,AyrDPI,Mulg,1957,Furrow,BareFallow,35,Surf1,200,140,LowFreq,0,P2R,15AprV1R4,T1,1001.9,331.85,921.906,928.697,1.838,0.597,0,0,0,,0,999
2012,20/07/2012,202,2011,15-Apr,10,sugar,alive,0,462,2011,15/4/2011,105,0,6,318,2012,15,2039,9081.1,8159.73,7171.46,222.032,3898.96,,0,0,0,18.699,238.965,238.965,2.696,10041.621,10044.317,150564.609,1.073,19,2660,1178.8,414.813,1768.59,658.379,1486.394,243.773,1730.166,3.39,9855.286,2.532,9857.818,146304.86,200,451.895,520.355,22.205,0.554,11.27,4.452,13476.561,391.055,0.9,3290.2,12.1,1316.1,0,0,17.126,28.365,18.477,197.4,Burdekin,AyrDPI,Mulg,1957,Furrow,BareFallow,35,Surf1,200,140,LowFreq,0,P2R,15AprV1R4,T1,3838.8,3318.379,2183.403,2427.176,34.029,11.824,6.69097773340538,0.128329882797373,7.13929260450161,1.11016,38.99,999
2013,20/08/2013,232,2012,15-Apr,10,sugar,alive,1,396,2011,20/7/2012,105,0,6,324,2013,15,2045,6538.13,5827.72,5161.35,159.159,2863.9,,0,0,0,19.233,164.196,164.196,2.532,9855.286,9857.818,146304.86,1.056,20,2800,535.4,288.118,1917.845,288.49,1148.233,78.228,1226.461,0.763,9920.726,1.412,9922.138,147064.546,200,270.88,422.916,18.633,0.384,17.546,4.165,13898.928,393.433,0.9,3286.1,12.5,1314.4,0,0,17.679,28.824,19.993,178.6,Burdekin,AyrDPI,Mulg,1957,Furrow,BareFallow,35,Surf1,200,140,LowFreq,0,P2R,15AprV1R4,T1,3335.4,3088.49,2205.963,2284.191,36.563,17.93,5.15329497586199,0.129770942573796,4.8972,0.795795,28.639,999
2014,20/09/2014,263,2013,15-Apr,10,sugar,alive,2,396,2011,20/8/2013,105,0,6,324,2014,15,2045,7788.42,7065.85,6121.41,190.443,3619.95,,0,0,0,20.48,67.171,67.171,1.412,9920.726,9922.138,147064.546,1.073,21,2940,729,267.286,1927.016,438.805,1301.167,159.806,1460.973,3.079,9888.625,1.099,9889.724,146968.523,200,349.67,476.031,23.321,0.074,8.3,4.9,13175.498,395.848,0.883,3059.4,11.3,1223.8,0,0,17.965,29.123,19.977,86.2,Burdekin,AyrDPI,Mulg,1957,Furrow,BareFallow,35,Surf1,200,140,LowFreq,0,P2R,15AprV1R4,T1,3669,3378.805,2194.302,2354.108,31.695,8.374,5.63640103527727,0.130353538361079,5.61778761061947,0.952215,36.2,999
2015,20/10/2015,293,2014,15-Apr,10,sugar,alive,3,395,2011,20/9/2014,105,0,6,324,2015,15,2045,7482.21,6693.49,5926.98,182.979,3721.83,,0,0,0,22.118,80.896,80.896,1.099,9888.625,9889.724,146968.523,1.068,22,3080,372,185.476,1783.909,223.149,1385.285,126.887,1512.172,1.477,9907.482,1.252,9908.735,147233.059,200,322.616,459.643,21.632,0.065,6.562,4.584,14243.796,398.3,0.917,3556.2,13.2,1422.5,0,0,18.44,30.097,20.852,83.4,Burdekin,AyrDPI,Mulg,1957,Furrow,BareFallow,35,Surf1,200,140,LowFreq,0,P2R,15AprV1R4,T1,3452,3303.149,1969.385,2096.272,28.259,6.627,5.53953212525381,0.121004092127086,5.18354107648725,0.914895,37.218,999
2016,19/11/2016,324,2015,15-Apr,10,sugar,alive,4,396,2011,20/10/2015,105,0,6,324,2016,15,2045,7319.88,6517.5,5713.65,175.965,3312.93,,0,0,0,20.258,51.339,51.339,1.252,9907.482,9908.735,147233.059,1.072,21,2940,604.8,260.381,1826.744,430.668,1290.198,148.344,1438.542,2.293,9905.403,3.58,9908.983,147202.107,200,340.643,482.54,22.718,0.088,5.925,4.747,14612.317,400.784,0.806,2341.9,8.6,936.8,0,0,19.741,30.295,19.215,43.6,Burdekin,AyrDPI,Mulg,1957,Furrow,BareFallow,35,Surf1,200,140,LowFreq,0,P2R,15AprV1R4,T1,3544.8,3370.668,2087.125,2235.469,28.731,6.013,5.22047855202589,0.122321767456216,5.19070796460177,0.879825,33.129,999
2017,15/04/2017,105,0,15-Apr,10,none,out,-1,0,2011,0.000,105,0,6,324,-1,15,2045,0,0,0,0,0,,0,0,0,0,70.471,70.471,3.58,9905.403,9908.983,147202.107,1.072,0,0,617.6,222.823,229.089,328.228,0,15.487,15.487,0.001,10068.064,3.207,10071.271,150352.062,0,0,68.898,1.053,0.173,0.282,0.172,6706.601,401.725,0.997,8103.2,35,3241.3,0,0,22.757,32.21,19.61,106.2,Burdekin,AyrDPI,Mulg,1957,Furrow,BareFallow,35,Surf1,200,140,LowFreq,0,P2R,15AprV1R4,T1,617.6,328.228,451.912,467.399,1.508,0.455,0,0,0,,0,999
2018,15/07/2018,196,2017,15-Apr,11,sugar,alive,0,456,2017,15/4/2017,105,0,0,318,2018,21,2039,7853.95,6984.86,6149.17,189.262,3575.18,,0,0,0,20.335,220.672,220.672,3.207,10068.064,10071.271,150352.062,1.083,21,2940,863.5,438.176,1890.608,446.249,1358.216,271.942,1630.158,4.543,9820.418,2.243,9822.661,145832.954,200,463.133,541.086,45.944,2.017,17.704,8.788,11782.789,404.661,0.912,3478.5,12.8,1391.4,0,0,17.714,29.216,17.024,130.4,Burdekin,AyrDPI,Mulg,1957,Furrow,BareFallow,35,Surf1,200,140,LowFreq,0,P2R,15AprV1R4,T1,3803.5,3386.249,2328.784,2600.726,65.665,19.721,5.58913417176351,0.116100402537668,5.58294985250738,0.94631,35.752,999
2019,15/08/2019,227,2018,15-Apr,11,sugar,alive,1,396,2017,15/7/2018,105,0,0,318,2019,21,2039,6495.46,5771.37,5023.28,153.879,2561.62,,0,0,0,17.576,65.23,65.23,2.243,9820.418,9822.661,145832.954,1.057,18,2520,1209.8,550.73,1941.217,433.597,1141.119,93.481,1234.6,1.568,9878.039,1.214,9879.253,146502.923,200,284.094,426.551,30.165,0.499,6.43,6.15,13190.891,407.247,0.868,2889.9,10.9,1156,0,0,18.203,29.367,17.12,92.8,Burdekin,AyrDPI,Mulg,1957,Furrow,BareFallow,35,Surf1,200,140,LowFreq,0,P2R,15AprV1R4,T1,3729.8,2953.597,2491.947,2585.428,37.094,6.929,5.20988476085262,0.124638749392516,5.18111111111111,0.769395,25.616,999
2020,14/09/2020,258,2019,15-Apr,11,sugar,alive,2,396,2017,15/8/2019,105,0,0,318,2020,21,2039,7082.37,6315.22,5514.19,169.494,3100.4,,0,0,0,19.599,68.483,68.483,1.214,9878.039,9879.253,146502.923,1.072,19,2660,1063.1,304.557,2012.91,417.085,1263.025,148.953,1411.978,3.327,9863.067,1.01,9864.077,146590.988,200,335.568,467.012,24.346,0.076,8.902,5.185,13010.982,409.864,0.903,3339.6,12.3,1335.8,0,0,18.062,29.688,18.83,327.8,Burdekin,AyrDPI,Mulg,1957,Furrow,BareFallow,35,Surf1,200,140,LowFreq,0,P2R,15AprV1R4,T1,3723.1,3077.085,2317.467,2466.42,33.324,8.978,5.50826512754766,0.120040113939452,5.44996784565916,0.84747,31.004,999
2021,14/10/2021,287,2020,15-Apr,11,sugar,alive,3,395,2017,14/9/2020,105,0,0,318,2021,21,2039,6740.19,6029.26,5182.01,159.54,2915.7,,0,0,0,19.579,62.138,62.138,1.01,9863.067,9864.077,146590.988,1.07,20,2800,1075.7,429.171,2187.343,498.11,1127.206,129.001,1256.207,2.375,9887.221,1.365,9888.587,146840.972,200,305.164,443.824,26.447,0.088,7.309,5.464,13507.919,412.526,0.858,2789.8,10.3,1115.9,0,0,19.13,29.427,17.353,132.4,Burdekin,AyrDPI,Mulg,1957,Furrow,BareFallow,35,Surf1,200,140,LowFreq,0,P2R,15AprV1R4,T1,3875.7,3298.11,2616.514,2745.515,33.844,7.397,4.83731591729809,0.127001362036671,4.90892307692308,0.7977,29.157,999
1958,15/04/1958,105,0,15-Apr,0,none,out,-1,0,-1,0.000,105,0,0,318,-1,21,2039,0,0,0,0,0,,0,0,0,0,0,0,0,0,0,0,0.89,0,0,873.2,0,526.966,346.234,0,207.911,207.911,24.509,9505.831,29.916,9535.747,141805.455,0,0,35.31,6.62,0,1.624,1.089,1011.643,350,0.01,14.2,0.1,5.7,0,0,22.648,31.427,18.114,136.1,Burdekin,AyrDPI,Mulg,1958,Furrow,BareFallow,35,Surf1,200,140,LowFreq,0,P2R,15AprV1R4,T1,873.2,346.234,526.966,734.877,8.244,1.624,0,0,0,,0,999
1959,15/07/1959,196,1958,15-Apr,1,sugar,alive,0,456,1958,15/4/1958,105,0,0,318,1959,21,2039,8049.82,7213.58,6255.09,193.43,3467.58,,0,0,0,19.15,167.873,167.873,29.916,9505.831,9535.747,141805.455,0.884,20,2800,956.1,249.937,1908.289,568.414,1333.898,360.45,1694.348,34.448,9423.442,0.668,9424.11,141495.692,200,288.085,317.35,36.388,0.399,23.21,7.54,3372.562,350,0.98,5600.9,20.5,2240.3,0,0,17.24,28.305,18.8,162.8,Burdekin,AyrDPI,Mulg,1958,Furrow,BareFallow,35,Surf1,200,140,LowFreq,0,P2R,15AprV1R4,T1,3756.1,3368.414,2158.226,2518.676,59.997,23.609,5.74246514828641,0.114161907707271,5.95169230769231,0.96715,34.676,999
1960,14/08/1960,227,1959,15-Apr,1,sugar,alive,1,396,1958,15/7/1959,105,0,0,318,1960,21,2039,5146.29,4575.63,4018.37,123.184,2292.64,,0,0,0,19.992,71.4,71.4,0.668,9423.442,9424.11,141495.692,0.868,19,2660,1110.4,535.38,2258.631,487.477,929.43,3.86,933.29,0,9507.663,1.358,9509.021,143103.358,200,203.208,299.691,18.771,0.001,4.074,3.985,7808.943,350,1,15253.7,65.7,6101.5,0,0,17.103,28.347,19.812,210.1,Burdekin,AyrDPI,Mulg,1958,Furrow,BareFallow,35,Surf1,200,140,LowFreq,0,P2R,15AprV1R4,T1,3770.4,3147.477,2794.011,2797.871,22.846,4.075,3.91373789228643,0.131988985202884,3.96090032154341,0.61592,22.926,999
1961,14/09/1961,257,1960,15-Apr,1,sugar,alive,2,396,1958,14/8/1960,105,0,0,318,1961,21,2039,6374.19,5712.81,5008.33,154.501,3137.22,,0,0,0,22.076,114.499,114.499,1.358,9507.663,9509.021,143103.358,0.881,21,2940,490.9,330.98,1899.609,321.328,1221.682,7.841,1229.523,0.003,9597.935,1.25,9599.185,144917.775,200,221.444,368.844,20.239,0.001,12.256,4.365,10982.664,350,0.999,10828.3,42.8,4331.3,0,0,16.81,28.924,20.946,63.2,Burdekin,AyrDPI,Mulg,1958,Furrow,BareFallow,35,Surf1,200,140,LowFreq,0,P2R,15AprV1R4,T1,3430.9,3261.328,2230.589,2238.43,32.496,12.257,4.73736465636084,0.125659300395357,4.55755162241888,0.772505,31.372,999
1962,14/10/1962,287,1961,15-Apr,1,sugar,alive,3,395,1958,14/9/1961,105,0,0,318,1962,21,2039,6571.54,5857.8,5135.8,158.198,3083.72,,0,0,0,21.076,85.287,85.287,1.25,9597.935,9599.185,144917.775,0.899,20,2800,938.4,438.33,2024.635,491.583,1248.68,26.935,1275.615,0.047,9675.756,1.472,9677.228,146788.015,200,243.048,400.249,29.315,0.001,6.792,6.012,12463.138,350,0.982,5734.2,21.9,2293.7,0,0,17.583,29.38,20.364,102.1,Burdekin,AyrDPI,Mulg,1958,Furrow,BareFallow,35,Surf1,200,140,LowFreq,0,P2R,15AprV1R4,T1,3738.4,3291.583,2462.965,2489.9,36.108,6.793,4.80613735093419,0.124017042759767,4.86763076923077,0.79099,30.837,999
1963,14/11/1963,318,1962,15-Apr,1,sugar,alive,4,396,1958,14/10/1962,105,0,0,318,1963,21,2039,6750.11,6092.63,5231.77,162.246,3187.84,,0,0,0,21.267,85.107,85.107,1.472,9675.756,9677.228,146788.015,0.917,18,2520,1160.5,533.885,1832.135,552.951,1224.063,110.98,1335.043,1.09,9695.385,1.625,9697.009,148298.602,200,288.961,431.95,37.036,0.002,5.747,7.342,12084.546,350,0.888,3124.8,11.6,1249.9,0,0,17.404,29.102,19.769,91.9,Burdekin,AyrDPI,Mulg,1958,Furrow,BareFallow,35,Surf1,200,140,LowFreq,0,P2R,15AprV1R4,T1,3680.5,3072.951,2366.02,2477,42.785,5.749,5.27981083980838,0.121528669863068,5.46282828282828,0.81123,31.878,999
1964,14/04/1964,105,0,15-Apr,1,none,out,-1,0,1958,0.000,105,0,0,318,-1,21,2039,0,0,0,0,0,,0,0,0,0,64.544,64.544,1.625,9695.385,9697.009,148298.602,0.925,0,0,454.9,175.598,108.606,311.687,0,10.105,10.105,0,9824.453,5.956,9830.408,151442.336,0,0,61.018,1.378,0.002,0.101,0.179,5430.219,350,0.999,9807.3,43,3922.9,0,0,21.751,31.679,20.739,92.7,Burdekin,AyrDPI,Mulg,1958,Furrow,BareFallow,35,Surf1,200,140,LowFreq,0,P2R,15AprV1R4,T1,454.9,311.687,284.204,294.309,1.481,0.103,0,0,0,,0,999
1965,14/07/1965,195,1964,15-Apr,2,sugar,alive,0,456,1964,14/4/1964,105,0,0,318,1965,21,2039,7691.37,6832.92,5982.47,184.028,3571.66,,0,0,0,20.972,225.136,225.136,5.956,9824.453,9830.408,151442.336,0.935,20,2800,925.7,361.575,1828.873,525.929,1408.625,290.19,1698.815,4.601,9621.119,1.679,9622.799,149051.899,200,426.779,513.628,47.767,0.003,20.3,9.29,10252.056,350,0.905,3364.8,12.3,1345.9,0,0,17.254,29.269,18.671,107.4,Burdekin,AyrDPI,Mulg,1958,Furrow,BareFallow,35,Surf1,200,140,LowFreq,0,P2R,15AprV1R4,T1,3725.7,3325.929,2190.448,2480.638,68.07,20.303,5.53313074332014,0.108327275188882,5.6624,0.92014,35.717,999
1966,14/08/1966,226,1965,15-Apr,2,sugar,alive,1,396,1964,14/7/1965,105,0,0,318,1966,21,2039,6733.75,6003.21,5180.05,159.595,3038.92,,0,0,0,20.521,61.571,61.571,1.679,9621.119,9622.799,149051.899,0.914,21,2940,379.3,209.7,1788.579,254.686,1211.811,88.459,1300.27,0.939,9696.504,1.91,9698.414,150624.315,200,262.764,408.567,28.854,0.001,6.461,6.075,11938.809,350,0.871,2925.2,11.3,1170.1,0,0,17.151,28.492,19.616,102.9,Burdekin,AyrDPI,Mulg,1958,Furrow,BareFallow,35,Surf1,200,140,LowFreq,0,P2R,15AprV1R4,T1,3319.3,3194.686,1998.279,2086.738,35.316,6.462,4.99563963406732,0.122739892483869,4.70781710914454,0.797975,30.389,999
1967,14/09/1967,257,1966,15-Apr,2,sugar,alive,2,396,1964,14/8/1966,105,0,0,318,1967,21,2039,6942.26,6265.97,5417.96,167.897,3194.26,,0,0,0,20.501,82.323,82.323,1.91,9696.504,9698.414,150624.315,0.933,19,2660,822.5,250.628,1875.795,430.853,1222.994,136.728,1359.722,2.104,9709.864,1.11,9710.974,152017.011,200,305.047,435.144,24.297,0.001,10.586,5.179,11933.192,350,0.865,2863.8,10.6,1145.5,0,0,17.866,28.633,19.652,154.9,Burdekin,AyrDPI,Mulg,1958,Furrow,BareFallow,35,Surf1,200,140,LowFreq,0,P2R,15AprV1R4,T1,3482.5,3090.853,2126.423,2263.151,34.884,10.587,5.43206034062442,0.123478917013919,5.39861736334405,0.839485,31.943,999
1968,13/10/1968,287,1967,15-Apr,2,sugar,alive,3,395,1964,14/9/1967,105,0,0,318,1968,21,2039,6881.44,6180,5441.32,168.29,3223.44,,0,0,0,20.659,78.677,78.677,1.11,9709.864,9710.974,152017.011,0.938,19,2660,1460.8,532.827,2305.818,530.921,1172.658,129.248,1301.905,1.875,9749.43,1.249,9750.678,153708.675,200,278.03,409.631,28.526,0.004,7.199,5.873,11522.16,350,0.912,3476.5,12.9,1390.6,0,0,18.074,28.752,20.257,187.9,Burdekin,AyrDPI,Mulg,1958,Furrow,BareFallow,35,Surf1,200,140,LowFreq,0,P2R,15AprV1R4,T1,4120.8,3190.921,2838.645,2967.893,35.729,7.203,5.27402590035917,0.129264424055519,5.4112540192926,0.84145,32.234,999
1969,13/11/1969,317,1968,15-Apr,2,sugar,alive,4,396,1964,13/10/1968,105,0,0,318,1969,21,2039,7316.62,6567.12,5673.78,175.572,3420.59,,0,0,0,21.063,58.927,58.927,1.249,9749.43,9750.678,153708.675,0.946,23,3220,250.5,169.18,1798.736,204.42,1335.615,159.411,1495.026,2.336,9748.282,1.567,9749.849,154818.736,200,320.838,465.96,29.815,0.001,6.792,6.019,12337.216,350,0.846,2669.3,9.9,1067.7,0,0,17.834,29.659,20.835,46.5,Burdekin,AyrDPI,Mulg,1958,Furrow,BareFallow,35,Surf1,200,140,LowFreq,0,P2R,15AprV1R4,T1,3470.5,3424.42,1967.916,2127.327,36.608,6.793,5.12705801274376,0.117437422492987,4.78397820163488,0.87786,34.206,999
1970,15/04/1970,105,0,15-Apr,2,none,out,-1,0,1964,0.000,105,0,0,318,-1,21,2039,0,0,0,0,0,,0,0,0,0,66.485,66.485,1.567,9748.282,9749.849,154818.736,0.948,0,0,539.4,139.639,254.962,252.37,0,9.995,9.995,0,9891.956,4.809,9896.765,158281.704,0,0,66.516,1.004,0.004,0.273,0.171,5718.453,350,0.999,10139.9,44.9,4056,0,0,22.057,32.151,21.774,133.6,Burdekin,AyrDPI,Mulg,1958,Furrow,BareFallow,35,Surf1,200,140,LowFreq,0,P2R,15AprV1R4,T1,539.4,252.37,394.601,404.596,1.281,0.277,0,0,0,,0,999
1971,15/07/1971,196,1970,15-Apr,3,sugar,alive,0,456,1970,15/4/1970,105,0,0,318,1971,21,2039,8438.58,7577.34,6605.17,204.381,3679.5,,0,0,0,19.244,201.289,201.289,4.809,9891.956,9896.765,158281.704,0.958,19,2660,1166.1,253.959,1992.294,696.54,1443.049,264.879,1707.927,4.486,9725.294,1.903,9727.197,155763.746,200,414.259,488.04,35.79,0.005,12.779,7.133,10895.459,350,0.896,3236.2,11.9,1294.5,0,0,17.179,28.576,18.844,220,Burdekin,AyrDPI,Mulg,1958,Furrow,BareFallow,35,Surf1,200,140,LowFreq,0,P2R,15AprV1R4,T1,3826.1,3356.54,2246.253,2511.132,48.574,12.784,6.08903811663201,0.119666121561402,6.57173633440514,1.021905,36.795,999
1972,14/08/1972,227,1971,15-Apr,3,sugar,alive,1,396,1970,15/7/1971,105,0,0,318,1972,21,2039,6209.74,5584.7,4823.5,149.036,2771.75,,0,0,0,19.975,73.209,73.209,1.903,9725.294,9727.197,155763.746,0.942,19,2660,1453.2,570.454,2310.364,503.566,1177.775,45.887,1223.662,0.214,9812.193,1.207,9813.4,157158.56,200,235.261,381.097,36.714,0.008,7.325,7.386,12056.472,350,0.951,4316.5,17.5,1726.6,0,0,16.729,28.625,19.565,206.2,Burdekin,AyrDPI,Mulg,1958,Furrow,BareFallow,35,Surf1,200,140,LowFreq,0,P2R,15AprV1R4,T1,4113.2,3163.566,2880.818,2926.705,44.047,7.333,4.7110128254002,0.121795070861071,4.79215434083601,0.74518,27.718,999
1973,14/09/1973,257,1972,15-Apr,3,sugar,alive,2,396,1970,14/8/1972,105,0,0,318,1973,21,2039,6812.04,6111.6,5252.35,161.848,2831.89,,0,0,0,18.622,81.928,81.928,1.207,9812.193,9813.4,157158.56,0.962,19,2660,1060.9,437.648,1941.627,530.36,1195.463,125.632,1321.095,1.979,9817.723,2.144,9819.867,157883.746,200,308.476,439.499,28.626,0.005,7.077,6.021,12594.035,350,0.839,2607.2,9.6,1042.9,0,0,18.042,28.91,19.726,108.5,Burdekin,AyrDPI,Mulg,1958,Furrow,BareFallow,35,Surf1,200,140,LowFreq,0,P2R,15AprV1R4,T1,3720.9,3190.36,2379.275,2504.907,35.708,7.082,5.07303251043769,0.122510493189362,5.20411575562701,0.80924,28.319,999
1974,14/10/1974,287,1973,15-Apr,3,sugar,alive,3,395,1970,14/9/1973,105,0,0,318,1974,21,2039,6108.45,5533.68,4715.85,146.484,2880.45,,0,0,0,21.287,102.458,102.458,2.144,9817.723,9819.867,157883.746,0.966,16,2240,2007.7,952.374,2171.19,627.16,1024.696,124.758,1149.454,1.467,9852.557,1.433,9853.991,158940.306,200,257.318,394.389,41.203,0.009,15.734,8.212,11833.427,350,0.807,2352,8.8,940.8,0,0,17.752,28.355,18.545,152.9,Burdekin,AyrDPI,Mulg,1958,Furrow,BareFallow,35,Surf1,200,140,LowFreq,0,P2R,15AprV1R4,T1,4247.7,2867.16,3123.564,3248.322,56.946,15.743,5.10902774871301,0.127437896601343,5.44550185873606,0.73242,28.804,999
1975,14/11/1975,318,1974,15-Apr,3,sugar,alive,4,396,1970,14/10/1974,105,0,0,318,1975,21,2039,7669.01,6899.08,5952.44,184.673,3501.91,,0,0,0,20.424,77.14,77.14,1.433,9852.557,9853.991,158940.306,0.973,19,2660,1160.2,390.229,1889.583,733.519,1286.256,168.568,1454.824,2.839,9840.375,2.397,9842.772,159417.875,200,318.863,452.076,35.937,0.007,6.018,7.137,12323.802,350,0.79,2229.6,8.2,891.8,0,0,18.497,28.821,19.89,179.8,Burdekin,AyrDPI,Mulg,1958,Furrow,BareFallow,35,Surf1,200,140,LowFreq,0,P2R,15AprV1R4,T1,3820.2,3393.519,2279.812,2448.38,41.962,6.025,5.44193210646529,0.12693837880046,5.938038585209,0.923365,35.019,999
1976,18/04/1976,109,0,15-Apr,3,none,out,-1,0,1970,0.000,109,4,0,322,-1,18,2039,0,0,0,0,0,,0,0,0,0,162.703,162.703,2.397,9840.375,9842.772,159417.875,0.972,0,0,1465.6,767.792,637.956,334.862,0,8.772,8.772,0,9977.164,4.817,9981.981,162691.418,0,0,55.093,1.626,0.064,0.508,0.17,5836.955,350,0.999,10774.7,45.6,4309.9,0,0,22.054,30.429,19.715,139.2,Burdekin,AyrDPI,Mulg,1958,Furrow,BareFallow,35,Surf1,200,140,LowFreq,0,P2R,15AprV1R4,T1,1465.6,334.862,1405.748,1414.52,2.198,0.572,0,0,0,,0,999
1977,18/07/1977,199,1976,15-Apr,4,sugar,alive,0,456,1976,18/4/1976,109,4,0,322,1977,17,2039,8385.12,7528.03,6592.07,203.934,3397.44,,0,0,0,17.591,213.784,213.784,4.817,9977.164,9981.981,162691.418,0.981,20,2800,1401,415.342,2314.82,555.402,1353.004,255.656,1608.661,5.202,9828.305,1.82,9830.126,159319.972,200,399.692,473.606,31.571,0.019,14.168,6.276,11962.714,350,0.907,3385.5,12.4,1354.2,0,0,17.169,28.134,18.903,170.6,Burdekin,AyrDPI,Mulg,1958,Furrow,BareFallow,35,Surf1,200,140,LowFreq,0,P2R,15AprV1R4,T1,4201,3355.402,2730.162,2985.818,45.758,14.187,6.07778144019703,0.126772514532272,6.27489230769231,1.01967,33.974,999
1978,18/08/1978,230,1977,15-Apr,4,sugar,alive,1,396,1976,18/7/1977,109,4,0,322,1978,17,2039,6635.48,5922.4,5213.33,160.955,2913.99,,0,0,0,19.368,75.961,75.961,1.82,9828.305,9830.126,159319.972,0.967,18,2520,854.1,311.774,1851.661,472.932,1144.716,55.513,1200.229,0.283,9911.183,1.582,9912.765,159760.12,200,253.163,391.107,24.428,0.011,5.664,5.185,13375.292,350,0.926,3720.1,14.7,1488,0,0,17.309,28.132,20.412,150.6,Burdekin,AyrDPI,Mulg,1958,Furrow,BareFallow,35,Surf1,200,140,LowFreq,0,P2R,15AprV1R4,T1,3374.1,2992.932,2163.435,2218.948,30.103,5.675,5.37783685028594,0.134103575234393,5.41936026936027,0.804775,29.14,999
1979,18/09/1979,261,1978,15-Apr,4,sugar,alive,2,396,1976,18/8/1978,109,4,0,322,1979,17,2039,6325.85,5703.49,4900.24,151.679,2805.16,,0,0,0,19.848,86.396,86.396,1.582,9911.183,9912.765,159760.12,0.986,18,2520,1582.1,628.271,2328.724,566.929,1053.446,107.211,1160.657,1.444,9924.692,1.421,9926.113,159509.046,200,277.22,407.511,46.831,0.022,6.649,9.171,13012.664,350,0.877,2993.8,11.1,1197.5,0,0,17.924,28.204,19.059,350.7,Burdekin,AyrDPI,Mulg,1958,Furrow,BareFallow,35,Surf1,200,140,LowFreq,0,P2R,15AprV1R4,T1,4102.1,3086.929,2956.995,3064.206,53.502,6.671,4.91358887748957,0.130683742052992,5.10703703703704,0.758395,28.052,999
1980,17/10/1980,291,1979,15-Apr,4,sugar,alive,3,395,1976,18/9/1979,109,4,0,322,1980,17,2039,7606.73,6879.26,5959.95,185.094,3580.72,,0,0,0,20.895,70.845,70.845,1.421,9924.692,9926.113,159509.046,0.991,21,2940,773.9,321.718,1955.388,420.992,1277.233,161.048,1438.281,2.659,9910.337,1.378,9911.714,158735.739,200,327.914,460.605,31.256,0.013,6.628,6.424,13805.567,350,0.884,3076,11.3,1230.4,0,0,18.428,28.889,20.867,86.4,Burdekin,AyrDPI,Mulg,1958,Furrow,BareFallow,35,Surf1,200,140,LowFreq,0,P2R,15AprV1R4,T1,3713.9,3360.992,2277.106,2438.154,37.897,6.641,5.50712408717426,0.128691125030505,5.46,0.92547,35.807,999
1981,26/11/1981,330,1980,15-Apr,4,sugar,alive,4,405,1976,17/10/1980,109,4,9,322,1981,14,2039,7057.33,6318.85,5517.44,170.892,3418.59,,0,0,0,21.705,69.357,69.357,1.378,9910.337,9911.714,158735.739,0.99,19,2660,1233.9,577.325,1958.586,579.161,1180.198,120.795,1300.993,1.573,9956.105,2.714,9958.819,158242.971,200,281.708,419.476,29.551,0.019,5.91,5.923,14589.417,350,0.844,2658.6,9.9,1063.5,0,0,18.22,28.699,19.24,104.8,Burdekin,AyrDPI,Mulg,1958,Furrow,BareFallow,35,Surf1,200,140,LowFreq,0,P2R,15AprV1R4,T1,3893.9,3239.161,2535.911,2656.706,35.48,5.929,5.27581061886087,0.131355049565985,5.49491961414791,0.85446,34.186,999
1982,19/04/1982,109,0,15-Apr,4,none,out,-1,0,1976,0.000,109,4,9,331,-1,14,2048,0,0,0,0,0,,0,0,0,0,126.354,126.354,2.714,9956.105,9958.819,158242.971,1,0,0,442.8,238.218,116.327,267.841,0,23.111,23.111,0,10101.818,6.742,10108.56,160355.285,0,0,83.289,1.711,0.047,0.135,0.233,7902.277,350,0.991,6730.4,28.7,2692.1,0,0,22.922,32.151,21.355,47.4,Burdekin,AyrDPI,Mulg,1958,Furrow,BareFallow,35,Surf1,200,140,LowFreq,0,P2R,15AprV1R4,T1,442.8,267.841,354.545,377.656,1.893,0.182,0,0,0,,0,999
1983,19/07/1983,200,1982,15-Apr,5,sugar,alive,0,456,1982,19/4/1982,109,4,0,322,1983,17,2039,8541.79,7598.19,6696.56,206.287,3565.18,,0,0,0,18.358,191.498,191.498,6.742,10101.818,10108.56,160355.285,1.012,21,2940,660.8,258.511,1766.476,419.663,1405.274,275.99,1681.264,3.331,9832.033,2.177,9834.21,155767.758,200,485.287,557.902,49.394,0.071,17.867,9.845,11718.521,350,0.905,3359.2,12.3,1343.7,0,0,17.075,28.325,19.182,95.4,Burdekin,AyrDPI,Mulg,1958,Furrow,BareFallow,35,Surf1,200,140,LowFreq,0,P2R,15AprV1R4,T1,3600.8,3359.663,2024.987,2300.977,67.332,17.938,6.14010988602131,0.122697565641089,6.08516224188791,1.031435,35.652,999
1984,18/08/1984,231,1983,15-Apr,5,sugar,alive,1,396,1982,19/7/1983,109,4,0,322,1984,17,2039,7028.15,6310.94,5414.29,167.289,3079.11,,0,0,0,19.739,86.048,86.048,2.177,9832.033,9834.21,155767.758,0.986,21,2940,563.8,320.786,1875.674,419.836,1233.899,80.108,1314.007,0.836,9907.489,2.239,9909.728,156561.526,200,281.068,424.99,27.963,0.055,5.45,5.788,13734.578,350,0.869,2907.7,11.3,1163.1,0,0,17.475,28.495,19.131,75.6,Burdekin,AyrDPI,Mulg,1958,Furrow,BareFallow,35,Surf1,200,140,LowFreq,0,P2R,15AprV1R4,T1,3503.8,3359.836,2196.46,2276.568,33.468,5.505,4.97908231235096,0.127312107165335,4.93477876106195,0.836445,30.791,999
1985,18/09/1985,261,1984,15-Apr,5,sugar,alive,2,396,1982,18/8/1984,109,4,0,322,1985,17,2039,7008.33,6349.45,5477.47,170.053,3209.98,,0,0,0,20.318,79.382,79.382,2.239,9907.489,9909.728,156561.526,1.006,19,2660,817.5,283.366,1852.117,542.46,1229.607,113.957,1343.564,1.656,9919.439,1.207,9920.646,156992.281,200,303.099,441.068,38.867,0.052,5.895,7.842,13221.476,350,0.881,3043.1,11.3,1217.3,0,0,17.443,28.566,19.524,111.4,Burdekin,AyrDPI,Mulg,1958,Furrow,BareFallow,35,Surf1,200,140,LowFreq,0,P2R,15AprV1R4,T1,3477.5,3202.46,2135.483,2249.44,44.814,5.947,5.31007413051217,0.126568589214954,5.4679421221865,0.850265,32.1,999
1986,18/10/1986,291,1985,15-Apr,5,sugar,alive,3,395,1982,18/9/1985,109,4,0,322,1986,17,2039,6944.92,6270.7,5345.01,165.881,3130.66,,0,0,0,20.314,77.834,77.834,1.207,9919.439,9920.646,156992.281,1.011,21,2940,802.8,318.143,2034.185,513.917,1241.103,136.297,1377.4,2.249,9903.058,3.623,9906.681,156953.749,200,320.257,468.181,44.875,0.067,7.495,8.638,13613.61,350,0.773,2116.9,7.8,846.7,0,0,18.53,29.304,18.889,117.8,Burdekin,AyrDPI,Mulg,1958,Furrow,BareFallow,35,Surf1,200,140,LowFreq,0,P2R,15AprV1R4,T1,3742.8,3453.917,2352.328,2488.625,52.437,7.562,4.80269213186073,0.120430521271962,4.89324483775811,0.829405,31.307,999
1987,18/11/1987,322,1986,15-Apr,5,sugar,alive,4,396,1982,18/10/1986,109,4,0,322,1987,17,2039,7290.95,6553.55,5663.72,175.424,3396.31,,0,0,0,20.914,90.906,90.906,3.623,9903.058,9906.681,156953.749,1.01,23,3220,373.6,210.813,1866.364,295.474,1355.961,168.197,1524.158,2.55,9894.04,3.009,9897.049,157043.467,200,322.316,468.224,31.646,0.038,17.339,6.634,13657.166,350,0.795,2263.2,8.3,905.3,0,0,18.725,29.93,20.112,44,Burdekin,AyrDPI,Mulg,1958,Furrow,BareFallow,35,Surf1,200,140,LowFreq,0,P2R,15AprV1R4,T1,3593.6,3515.474,2077.177,2245.374,49.023,17.377,4.99005255052377,0.115095679056896,4.77994550408719,0.87712,33.963,999
1988,15/04/1988,106,0,15-Apr,5,none,out,-1,0,1982,0.000,106,1,0,319,-1,21,2039,0,0,0,0,0,,0,0,0,0,83.171,83.171,3.009,9894.04,9897.049,157043.467,1.011,0,0,795.8,201.842,476.76,286.734,0,16.126,16.126,0.001,10046.009,5.963,10051.972,159722.713,0,0,76.812,1.016,0.105,0.417,0.192,7055.492,350,0.997,8301.7,35.4,3320.7,0,0,21.976,31.628,21.442,254,Burdekin,AyrDPI,Mulg,1958,Furrow,BareFallow,35,Surf1,200,140,LowFreq,0,P2R,15AprV1R4,T1,795.8,286.734,678.602,694.728,1.538,0.522,0,0,0,,0,999
1989,15/07/1989,196,1988,15-Apr,6,sugar,alive,0,456,1988,15/4/1988,106,1,0,319,1989,20,2039,8479.27,7574.86,6632.28,204.736,3641.43,,0,0,0,18.977,184.242,184.242,5.963,10046.009,10051.972,159722.713,1.021,18,2520,1506.2,376.172,2007.829,851.943,1415.328,290.286,1705.613,5.023,9840.344,2.264,9842.608,155999.83,200,429.932,502.627,42.204,0.153,21.408,8.253,11441.108,350,0.884,3077.5,11.3,1231,0,0,17.975,28.504,18.211,134.8,Burdekin,AyrDPI,Mulg,1958,Furrow,BareFallow,35,Surf1,200,140,LowFreq,0,P2R,15AprV1R4,T1,4026.2,3371.943,2384.001,2674.287,63.765,21.561,6.07175150944129,0.120036608538983,6.89346801346801,1.02368,36.414,999
1990,15/08/1990,227,1989,15-Apr,6,sugar,alive,1,396,1988,15/7/1989,106,1,0,319,1990,20,2039,6179.98,5506.56,4815.32,148.275,2870.98,,0,0,0,20.916,120.827,120.827,2.264,9840.344,9842.608,155999.83,1,17,2380,1294.8,565.574,1960.301,517.536,1115.85,87.262,1203.111,1.137,9931.331,1.164,9932.495,156732.853,200,244.931,396.107,20.927,0.085,17.059,4.557,13230.843,350.589,0.881,3046.8,11.7,1218.7,0,0,17.211,28.376,19.602,103,Burdekin,AyrDPI,Mulg,1958,Furrow,BareFallow,35,Surf1,200,140,LowFreq,0,P2R,15AprV1R4,T1,3674.8,2897.536,2525.875,2613.137,38.071,17.144,5.11727895701727,0.123242992541835,5.23939929328622,0.741375,28.71,999
1991,15/09/1991,258,1990,15-Apr,6,sugar,alive,2,396,1988,15/8/1990,106,1,0,319,1991,20,2039,6863.48,6191.89,5339.65,165.347,3070.12,,0,0,0,19.938,66.641,66.641,1.164,9931.331,9932.495,156732.853,1.021,19,2660,1680.4,604.896,2385.324,367.746,1202.968,145.238,1348.206,2.826,9919.453,1.301,9920.754,156457.025,200,320.59,442.791,24.168,0.082,9.588,5.132,12717.878,352.258,0.879,3016.7,11.1,1206.7,0,0,16.971,28.6,19.402,204.4,Burdekin,AyrDPI,Mulg,1958,Furrow,BareFallow,35,Surf1,200,140,LowFreq,0,P2R,15AprV1R4,T1,4340.4,3027.746,2990.22,3135.458,33.838,9.67,5.46105915093274,0.122642237165537,5.31662379421222,0.826735,30.701,999
1992,14/10/1992,288,1991,15-Apr,6,sugar,alive,3,395,1988,15/9/1991,106,1,0,319,1992,20,2039,7844.06,7073.28,6220.89,193.191,3822.89,,0,0,0,21.439,68.614,68.614,1.301,9919.453,9920.754,156457.025,1.02,22,3080,654.1,281.852,1904.891,376.861,1391.693,151.322,1543.015,2.19,9924.112,1.343,9925.455,156288.955,200,327.642,461.43,23.738,0.078,7.353,5.02,13992.861,353.955,0.863,2838.6,10.5,1135.4,0,0,18.264,29.527,20.819,122.8,Burdekin,AyrDPI,Mulg,1958,Furrow,BareFallow,35,Surf1,200,140,LowFreq,0,P2R,15AprV1R4,T1,3734.1,3456.861,2186.743,2338.065,31.169,7.431,5.58862505608412,0.125203578707919,5.4728328611898,0.965955,38.229,999
1993,14/11/1993,318,1992,15-Apr,6,sugar,alive,4,396,1988,14/10/1992,106,1,0,319,1993,20,2039,7436,6641.24,5882.25,182.034,3733.74,,0,0,0,22.329,72.956,72.956,1.343,9924.112,9925.455,156288.955,1.022,22,3080,548.9,292.822,1929.829,416.504,1291.434,123.525,1414.959,1.334,9957.639,1.521,9959.16,156350.413,200,295.027,433.51,30.544,0.109,6.114,6.066,14289.985,355.691,0.835,2573.5,9.5,1029.4,0,0,18.209,29.114,20.539,72,Burdekin,AyrDPI,Mulg,1958,Furrow,BareFallow,35,Surf1,200,140,LowFreq,0,P2R,15AprV1R4,T1,3628.9,3496.504,2222.651,2346.176,36.767,6.223,5.20617165031128,0.12864966405387,5.15677053824363,0.91017,37.337,999
1994,15/04/1994,105,0,15-Apr,6,none,out,-1,0,1988,0.000,105,0,0,319,-1,20,2039,0,0,0,0,0,,0,0,0,0,64.246,64.246,1.521,9957.639,9959.16,156350.413,1.029,0,0,309.7,125.69,65.097,223.072,0,20.196,20.196,0,10105.664,5.482,10111.146,158885.276,0,0,76.248,0.831,0.147,0.078,0.179,7495.723,356.371,0.995,7530.2,31.8,3012.1,0,0,21.939,31.774,22.373,46.8,Burdekin,AyrDPI,Mulg,1958,Furrow,BareFallow,35,Surf1,200,140,LowFreq,0,P2R,15AprV1R4,T1,309.7,223.072,190.787,210.983,1.056,0.225,0,0,0,,0,999
1995,15/07/1995,196,1994,15-Apr,7,sugar,alive,0,456,1994,15/4/1994,105,0,0,318,1995,21,2039,9217.74,8201.68,7317.67,226.061,4153.51,,0,0,0,19.699,162.964,162.964,5.482,10105.664,10111.146,158885.276,1.04,22,3080,419.6,241.286,1569.016,285.258,1513.709,275.275,1788.984,3.177,9873.467,2.037,9875.504,153740.457,200,466.71,525.807,39.384,0.248,12.602,7.83,12739.483,358.43,0.924,3685.8,13.5,1474.3,0,0,17.873,28.981,19.784,55.2,Burdekin,AyrDPI,Mulg,1958,Furrow,BareFallow,35,Surf1,200,140,LowFreq,0,P2R,15AprV1R4,T1,3499.6,3365.258,1810.302,2085.577,52.234,12.85,6.71749387416953,0.126362784686727,6.40399433427762,1.130305,41.535,999
1996,14/08/1996,227,1995,15-Apr,7,sugar,alive,1,396,1994,15/7/1995,105,0,0,318,1996,21,2039,6832.05,6071.85,5374.81,165.555,3208.47,,0,0,0,20.937,63.277,63.277,2.037,9873.467,9875.504,153740.457,1.015,20,2800,632.9,259.772,1935.482,375.596,1202.342,29.6,1231.942,0.064,9933.959,1.35,9935.309,153205.227,200,259.726,413.553,45.089,0.2,4,9.036,14381.371,360.246,0.984,5931.8,24.1,2372.7,0,0,18.911,29.224,19.946,107,Burdekin,AyrDPI,Mulg,1958,Furrow,BareFallow,35,Surf1,200,140,LowFreq,0,P2R,15AprV1R4,T1,3432.9,3175.596,2195.254,2224.854,49.289,4.2,5.21335207627167,0.134385385026243,5.094,0.827775,32.085,999
1997,14/09/1997,257,1996,15-Apr,7,sugar,alive,2,396,1994,14/8/1996,105,0,0,318,1997,21,2039,7452.08,6729.3,5917.01,183.559,3537.94,,0,0,0,20.807,68.981,68.981,1.35,9933.959,9935.309,153205.227,1.03,20,2800,964.3,469.396,2048.408,450.006,1142.057,88.8,1230.857,0.957,9971.541,2.904,9974.445,152707.635,200,290.182,425.299,26.127,0.179,6.373,5.507,15049.897,362.101,0.893,3191.2,11.8,1276.5,0,0,18.946,28.468,20.444,116.8,Burdekin,AyrDPI,Mulg,1958,Furrow,BareFallow,35,Surf1,200,140,LowFreq,0,P2R,15AprV1R4,T1,3764.3,3250.006,2517.804,2606.604,32.679,6.552,5.64795880376836,0.149131052591812,5.64796923076923,0.917795,35.379,999
1998,14/10/1998,287,1997,15-Apr,7,sugar,alive,3,395,1994,14/9/1997,105,0,0,318,1998,21,2039,7735.31,6941.27,6085.63,188.462,3741.35,,0,0,0,21.518,84.621,84.621,2.904,9971.541,9974.445,152707.635,1.039,19,2660,959.5,243.23,2114.774,482.045,1128.076,149.598,1277.674,2.42,9952.859,1.498,9954.356,151320.823,200,344.005,474.969,22.491,0.152,11.051,4.819,15453.025,363.989,0.863,2842.4,10.4,1137,0,0,20.543,28.902,19.59,189.6,Burdekin,AyrDPI,Mulg,1958,Furrow,BareFallow,35,Surf1,200,140,LowFreq,0,P2R,15AprV1R4,T1,3619.5,3142.045,2358.004,2507.602,33.694,11.203,5.99806813715271,0.147503979888454,6.05987138263666,0.94231,37.414,999
1999,14/11/1999,318,1998,15-Apr,7,sugar,alive,4,396,1994,14/10/1998,105,0,0,318,1999,21,2039,7095.51,6385.79,5617.73,174.966,3551.54,,0,0,0,22.067,68.441,68.441,1.498,9952.859,9954.356,151320.823,1.038,19,2660,1137.3,559.431,2040.233,619.305,1085.481,91.384,1176.865,0.687,9985.089,3.523,9988.612,150341.165,200,254.492,403.008,62.096,0.482,8.412,11.507,14846.987,365.913,0.853,2741.5,10.3,1096.6,0,0,19.787,28.829,19.555,112,Burdekin,AyrDPI,Mulg,1958,Furrow,BareFallow,35,Surf1,200,140,LowFreq,0,P2R,15AprV1R4,T1,3797.3,3279.305,2599.664,2691.048,70.99,8.894,5.33545980017107,0.148671257960769,5.62591639871383,0.87483,35.515,999
2000,16/04/2000,107,0,15-Apr,7,none,out,-1,0,1994,0.000,107,2,0,320,-1,20,2039,0,0,0,0,0,,0,0,0,0,89.212,89.212,3.523,9985.089,9988.612,150341.165,1.045,0,0,1336.8,469.949,691.693,417.11,0,25.079,25.079,0.006,10129.314,3.894,10133.208,152758.173,0,0,72.063,1.38,0.634,0.764,0.192,7565.975,366.671,0.991,6709.6,26.9,2683.9,0,0,22.758,30.117,20.574,136,Burdekin,AyrDPI,Mulg,1958,Furrow,BareFallow,35,Surf1,200,140,LowFreq,0,P2R,15AprV1R4,T1,1336.8,417.11,1161.642,1186.721,2.778,1.398,0,0,0,,0,999
2001,16/07/2001,197,2000,15-Apr,8,sugar,alive,0,456,2000,16/4/2000,107,2,0,320,2001,19,2039,9438.53,8414.95,7441.02,229.862,4132.27,,0,0,0,19.212,239.291,239.291,3.894,10129.314,10133.208,152758.173,1.056,22,3080,673.5,326.74,1803.114,499.858,1509.615,280.946,1790.561,3.919,9851.958,2.768,9854.726,146560.21,200,500.479,565.544,41.919,0.618,14.752,8.235,13561.98,368.949,0.924,3687.8,13.5,1475.1,0,0,17.581,28.384,18.906,52,Burdekin,AyrDPI,Mulg,1958,Furrow,BareFallow,35,Surf1,200,140,LowFreq,0,P2R,15AprV1R4,T1,3753.5,3579.858,2129.854,2410.8,57.289,15.37,6.42098094393688,0.128374291632622,6.51167138810198,1.14931,41.323,999
2002,16/08/2002,228,2001,15-Apr,8,sugar,alive,1,396,2000,16/7/2001,107,2,0,320,2002,19,2039,7809.21,6980.65,6101.46,188.066,3776.83,,0,0,0,21.801,72.377,72.377,2.768,9851.958,9854.726,146560.21,1.028,20,2800,787.8,195.836,1884.987,319.07,1462.486,44.253,1506.738,0.182,9898.797,1.374,9900.171,146898.823,200,307.492,471.662,25.931,1.745,5.213,5.471,15072.631,370.961,0.963,4691.9,18.3,1876.7,0,0,18.026,30.082,20.866,206,Burdekin,AyrDPI,Mulg,1958,Furrow,BareFallow,35,Surf1,200,140,LowFreq,0,P2R,15AprV1R4,T1,3587.8,3119.07,2080.823,2125.076,32.889,6.958,6.02955368106519,0.124816656910491,5.78664615384615,0.94033,37.768,999
2003,16/09/2003,259,2002,15-Apr,8,sugar,alive,2,396,2000,16/8/2002,107,2,0,320,2003,19,2039,7654.41,6858.29,6035.12,186.46,3625.66,,0,0,0,21.017,72.617,72.617,1.374,9898.797,9900.171,146898.823,1.047,21,2940,472.6,238.231,1682.08,303.4,1400.733,94.738,1495.471,0.947,9914.147,1.282,9915.429,147149.02,200,330.001,473.365,24.049,0.383,5.906,5.025,15217.041,373.007,0.907,3388.7,12.6,1355.5,0,0,17.989,29.653,20.929,51,Burdekin,AyrDPI,Mulg,1958,Furrow,BareFallow,35,Surf1,200,140,LowFreq,0,P2R,15AprV1R4,T1,3412.6,3243.4,1920.311,2015.049,30.338,6.289,5.74890546956897,0.124683126586875,5.50029498525074,0.9323,36.257,999
2004,15/10/2004,289,2003,15-Apr,8,sugar,alive,3,395,2000,16/9/2003,107,2,0,320,2004,19,2039,7938.2,7193.21,6307.05,196.328,3941.67,,0,0,0,21.795,69.435,69.435,1.282,9914.147,9915.429,147149.02,1.053,21,2940,740.2,232.343,1895.778,400.893,1419.683,138.024,1557.707,1.858,9900.517,1.398,9901.915,147119.603,200,347.987,489.97,28.33,0.144,6.287,5.787,14681.192,375.084,0.889,3136.2,11.6,1254.5,0,0,18.273,29.8,20.81,173.2,Burdekin,AyrDPI,Mulg,1958,Furrow,BareFallow,35,Surf1,200,140,LowFreq,0,P2R,15AprV1R4,T1,3680.2,3340.893,2128.121,2266.145,34.761,6.431,5.87651265694531,0.126036539605972,5.79138643067847,0.98164,39.417,999
2005,15/11/2005,319,2004,15-Apr,8,sugar,alive,4,396,2000,15/10/2004,107,2,0,320,2005,19,2039,7772.02,6958.35,6139.44,190.289,3877.88,,0,0,0,22.166,63.808,63.808,1.398,9900.517,9901.915,147119.603,1.052,22,3080,746.3,248.102,2044.81,316.605,1379.31,148.299,1527.61,1.999,9904.806,1.686,9906.492,147149.269,200,335.84,479.871,26.992,0.095,6.11,5.47,14743.049,377.201,0.832,2552.3,9.4,1020.9,0,0,18.893,29.925,20.567,143.4,Burdekin,AyrDPI,Mulg,1958,Furrow,BareFallow,35,Surf1,200,140,LowFreq,0,P2R,15AprV1R4,T1,3826.3,3396.605,2292.912,2441.211,33.197,6.205,5.60232938478275,0.124566479664312,5.39062322946176,0.951445,38.779,999
2006,30/04/2006,120,0,15-Apr,8,none,out,-1,0,2000,0.000,120,15,0,333,-1,14,2039,0,0,0,0,0,,0,0,0,0,69.586,69.586,1.686,9904.806,9906.492,147149.269,1.055,0,0,789.4,207.529,405.884,338.945,0,10.616,10.616,0,10063.555,2.69,10066.244,149900.17,0,0,65.806,0.904,0.185,0.415,0.161,7066.749,378.108,0.999,9487.3,41,3794.9,0,0,22.842,32.01,20.97,178.4,Burdekin,AyrDPI,Mulg,1958,Furrow,BareFallow,35,Surf1,200,140,LowFreq,0,P2R,15AprV1R4,T1,789.4,338.945,613.413,624.029,1.504,0.6,0,0,0,,0,999
2007,30/07/2007,211,2006,15-Apr,9,sugar,alive,0,456,2006,30/4/2006,120,15,0,333,2007,14,2039,8997.19,8132.65,7101.23,220.715,4047.86,,0,0,0,19.658,234.957,234.957,2.69,10063.555,10066.244,149900.17,1.065,21,2940,1026,414.504,1947.776,530.02,1474.235,275.468,1749.703,4.515,9835.82,1.752,9837.572,146057.07,200,469.304,537.084,30.62,1.708,17.226,5.938,12014.437,380.613,0.915,3520.6,12.9,1408.2,0,0,17.134,28.021,18.668,130.2,Burdekin,AyrDPI,Mulg,1958,Furrow,BareFallow,35,Surf1,200,140,LowFreq,0,P2R,15AprV1R4,T1,3966,3470.02,2362.28,2637.748,49.554,18.934,6.36062616353796,0.126144265626795,6.51076696165192,1.103575,40.479,999
2008,29/08/2008,242,2007,15-Apr,9,sugar,alive,1,396,2006,30/7/2007,120,15,0,333,2008,14,2039,7077.02,6400.04,5569.93,172.826,3257.18,,0,0,0,20.281,88.974,88.974,1.752,9835.82,9837.572,146057.07,1.045,19,2660,1333.5,596.224,2110.085,567.217,1226.598,59.528,1286.126,0.44,9925.046,1.005,9926.051,147147.711,200,261.737,405.269,25.232,0.393,4.9,5.27,13707.475,382.817,0.907,3396.2,13.2,1358.5,0,0,17.677,28.609,19.205,108.2,Burdekin,AyrDPI,Mulg,1958,Furrow,BareFallow,35,Surf1,200,140,LowFreq,0,P2R,15AprV1R4,T1,3993.5,3227.217,2706.309,2765.837,30.525,5.293,5.35526430357797,0.134377191659293,5.55710610932476,0.86413,32.572,999
2009,29/09/2009,272,2008,15-Apr,9,sugar,alive,2,396,2006,29/8/2008,120,15,0,333,2009,14,2039,6767.19,6078.03,5293.95,163.56,3042.29,,0,0,0,19.979,90.04,90.04,1.005,9925.046,9926.051,147147.711,1.065,16,2240,1793.1,571.026,2174.352,533.44,1177.453,145.563,1323.016,2.596,9911.659,1.4,9913.059,147138.905,200,333.129,462.206,25.04,0.103,6.954,5.171,13408.048,385.063,0.896,3237.1,11.9,1294.8,0,0,18.453,29.436,19.171,197.2,Burdekin,AyrDPI,Mulg,1958,Furrow,BareFallow,35,Surf1,200,140,LowFreq,0,P2R,15AprV1R4,T1,4033.1,2773.44,2745.378,2890.941,32.097,7.057,5.89736933194877,0.123626622807283,6.08029739776952,0.8178,30.423,999
2010,29/10/2010,302,2009,15-Apr,9,sugar,alive,3,395,2006,29/9/2009,120,15,0,333,2010,14,2039,7584.43,6825.31,5878.08,182.086,3360.92,,0,0,0,19.803,54.746,54.746,1.4,9911.659,9913.059,147138.905,1.064,20,2800,1265.5,415.309,2206.723,590.744,1237.574,153.978,1391.552,3.234,9891.712,3.258,9894.97,146994.778,200,348.082,483.084,27.164,0.101,7.87,5.642,13975.35,387.345,0.769,2093.2,7.7,837.3,0,0,19.322,29.27,18.502,135.2,Burdekin,AyrDPI,Mulg,1958,Furrow,BareFallow,35,Surf1,200,140,LowFreq,0,P2R,15AprV1R4,T1,4065.5,3390.744,2622.032,2776.01,35.135,7.971,5.37008986818232,0.130851021018259,5.60264615384615,0.91043,33.609,999
2011,29/11/2011,333,2010,15-Apr,9,sugar,alive,4,396,2006,29/10/2010,120,15,0,333,2011,14,2039,6133.56,5549.36,4861.57,152.644,3207.48,,0,0,0,22.946,106.662,106.662,3.258,9891.712,9894.97,146994.778,1.061,19,2660,1297.5,785.461,2054.497,594.934,1034.13,107.489,1141.619,0.84,9932.739,3.868,9936.607,147283.12,200,224.979,382.589,71.587,2.718,13.141,12.985,12761.079,389.664,0.766,2073.6,7.9,829.4,0,0,18.061,28.736,18.682,81.4,Burdekin,AyrDPI,Mulg,1958,Furrow,BareFallow,35,Surf1,200,140,LowFreq,0,P2R,15AprV1R4,T1,3957.5,3254.934,2839.958,2947.447,87.446,15.859,4.6896188985706,0.133708356290496,4.90816720257235,0.76322,32.075,999
2012,14/04/2012,105,0,15-Apr,9,none,out,-1,0,2006,0.000,105,0,0,333,-1,14,2039,0,0,0,0,0,,0,0,0,0,82.585,82.585,3.868,9932.739,9936.607,147283.12,1.068,0,0,922.2,375.139,395.802,314.382,0,47.696,47.696,0.023,10061.465,13.78,10075.245,149709.516,0,0,72.936,0.99,0.234,0.422,0.178,6626.109,390.476,0.97,4998.2,21.3,1999.3,0,0,22.569,31.557,19.965,197.4,Burdekin,AyrDPI,Mulg,1958,Furrow,BareFallow,35,Surf1,200,140,LowFreq,0,P2R,15AprV1R4,T1,922.2,314.382,770.941,818.637,1.646,0.656,0,0,0,,0,999
2013,14/07/2013,195,2012,15-Apr,10,sugar,alive,0,456,2012,14/4/2012,105,0,0,318,2013,21,2039,9148.29,8224.82,7185.82,223.257,4039.66,,0,0,0,19.356,186.149,186.149,13.78,10061.465,10075.245,149709.516,1.076,23,3220,732,298.671,1957.899,446.603,1463.864,336.824,1800.688,5.678,9800.581,1.974,9802.555,145690.734,200,466.759,535.535,57.771,1.995,16.585,11.364,10383.491,393.212,0.897,3246.5,11.9,1298.6,0,0,17.447,28.351,18.992,178.6,Burdekin,AyrDPI,Mulg,1958,Furrow,BareFallow,35,Surf1,200,140,LowFreq,0,P2R,15AprV1R4,T1,3952,3666.603,2256.57,2593.394,76.351,18.58,6.08893299874571,0.123984277120745,6.0832970027248,1.116285,40.397,999
2014,14/08/2014,226,2013,15-Apr,10,sugar,alive,1,396,2012,14/7/2013,105,0,0,318,2014,21,2039,7027.14,6257.85,5518.58,169.802,3274.85,,0,0,0,20.822,80.891,80.891,1.974,9800.581,9802.555,145690.734,1.046,20,2800,683.8,335.195,1873.541,421.394,1224.592,55.693,1280.285,0.391,9902.446,1.049,9903.495,146884.074,200,257.79,403.426,19.839,0.25,4.724,4.24,13808.337,395.623,0.934,3883.7,15.2,1553.5,0,0,18.053,29.107,19.596,86.2,Burdekin,AyrDPI,Mulg,1958,Furrow,BareFallow,35,Surf1,200,140,LowFreq,0,P2R,15AprV1R4,T1,3483.8,3221.394,2208.736,2264.429,24.813,4.974,5.2710720886672,0.132628281984089,5.22467692307692,0.84901,32.748,999
2015,14/09/2015,257,2014,15-Apr,10,sugar,alive,2,396,2012,14/8/2014,105,0,0,318,2015,21,2039,7503.58,6739.8,5916.94,183.078,3575.44,,0,0,0,21.121,75.669,75.669,1.049,9902.446,9903.495,146884.074,1.068,21,2940,418.6,167.618,1682.571,260.846,1381.346,133.261,1514.608,1.645,9880.073,1.237,9881.31,146761.562,200,347.066,477.986,20.948,0.058,10.104,4.504,14094.193,398.072,0.899,3274.5,12.1,1309.8,0,0,18.088,29.909,20.707,83.4,Burdekin,AyrDPI,Mulg,1958,Furrow,BareFallow,35,Surf1,200,140,LowFreq,0,P2R,15AprV1R4,T1,3358.6,3200.846,1850.189,1983.45,31.11,10.162,5.71967536082648,0.120874840222685,5.40053097345133,0.91539,35.754,999
2016,13/10/2016,287,2015,15-Apr,10,sugar,alive,3,395,2012,14/9/2015,105,0,0,318,2016,21,2039,7327.43,6541.52,5751.99,177.248,3376.99,,0,0,0,20.534,69.472,69.472,1.237,9880.073,9881.31,146761.562,1.065,21,2940,554.6,212.301,1851.99,409.612,1296.048,126.414,1422.462,1.88,9890.248,2.013,9892.262,146919.688,200,324.521,466.47,25.785,0.073,7.311,5.389,14429.054,400.552,0.823,2476.6,9.1,990.6,0,0,19.408,30.07,19.21,43.6,Burdekin,AyrDPI,Mulg,1958,Furrow,BareFallow,35,Surf1,200,140,LowFreq,0,P2R,15AprV1R4,T1,3494.6,3349.612,2064.291,2190.705,33.169,7.384,5.29159795224044,0.124606492124218,5.22855457227139,0.88624,33.77,999
2017,13/11/2017,317,2016,15-Apr,10,sugar,alive,4,396,2012,13/10/2016,105,0,0,318,2017,21,2039,7435.33,6659.69,5767.76,178.288,3410.42,,0,0,0,20.628,77.319,77.319,2.013,9890.248,9892.262,146919.688,1.067,19,2660,933.4,264.871,1833.345,544.899,1335.034,141.311,1476.345,2.243,9884.893,2.156,9887.049,146859.064,200,327.309,469.331,34.215,0.103,6.112,6.893,14110.081,403.076,0.802,2317,8.5,926.8,0,0,18.877,30.034,18.44,107.8,Burdekin,AyrDPI,Mulg,1958,Furrow,BareFallow,35,Surf1,200,140,LowFreq,0,P2R,15AprV1R4,T1,3593.4,3204.899,2098.216,2239.527,40.43,6.215,5.56298342007034,0.120763100765742,5.73273311897106,0.89144,34.104,999
2018,21/04/2018,111,0,15-Apr,10,none,out,-1,0,2012,0.000,111,6,0,324,-1,16,2039,0,0,0,0,0,,0,0,0,0,96.157,96.157,2.156,9884.893,9887.049,146859.064,1.066,0,0,590.8,204.324,265.256,244.031,0,11.825,11.825,0,10041.936,3.431,10045.367,149409.685,0,0,72.956,0.785,0.147,0.274,0.171,7355.217,404.109,0.998,8748.9,36.9,3499.6,0,0,22.031,31.55,18.657,130.4,Burdekin,AyrDPI,Mulg,1958,Furrow,BareFallow,35,Surf1,200,140,LowFreq,0,P2R,15AprV1R4,T1,590.8,244.031,469.58,481.405,1.206,0.421,0,0,0,,0,999
2019,21/07/2019,202,2018,15-Apr,11,sugar,alive,0,456,2018,21/4/2018,111,6,0,324,2019,15,2039,7854.8,6996.6,6166.33,189.622,3181.33,,0,0,0,17.736,205.552,205.552,3.431,10041.936,10045.367,149409.685,1.077,19,2660,1216.9,460.48,1963.072,515.941,1334.665,246.675,1581.339,4.547,9799.663,2.644,9802.307,145537.186,200,472.71,538.266,38.932,1.729,15.751,7.738,11802.418,407.087,0.876,2982.1,10.9,1192.9,0,0,17.733,29.127,16.75,92.8,Burdekin,AyrDPI,Mulg,1958,Furrow,BareFallow,35,Surf1,200,140,LowFreq,0,P2R,15AprV1R4,T1,3876.9,3175.941,2423.552,2670.227,56.412,17.48,5.97057690933176,0.119912302169238,6.09717041800643,0.94811,31.813,999
2020,20/08/2020,233,2019,15-Apr,11,sugar,alive,1,396,2018,21/7/2019,111,6,0,324,2020,15,2039,7404.62,6624.12,5764.25,177.74,3230.68,,0,0,0,19.457,77.56,77.56,2.644,9799.663,9802.307,145537.186,1.053,19,2660,1063.1,246.406,1992.322,439.22,1325.452,145.753,1471.205,3.507,9826.76,1.283,9828.043,145960.148,200,327.744,467.111,23.078,0.329,9.627,4.937,13491.187,409.701,0.853,2734.3,10.1,1093.7,0,0,17.976,29.597,18.568,327.8,Burdekin,AyrDPI,Mulg,1958,Furrow,BareFallow,35,Surf1,200,140,LowFreq,0,P2R,15AprV1R4,T1,3723.1,3099.22,2238.728,2384.481,33.034,9.956,5.73499138492911,0.120812531224405,5.71511254019293,0.8887,32.307,999
2021,20/09/2021,263,2020,15-Apr,11,sugar,alive,2,396,2018,20/8/2020,111,6,0,324,2021,15,2039,6783.36,6074.01,5230.99,161.191,2938.5,,0,0,0,19.523,90.726,90.726,1.283,9826.76,9828.043,145960.148,1.062,19,2660,1075.5,454.524,2003.806,459.356,1142.633,117.554,1260.187,2.127,9857.356,3.447,9860.804,146395.125,200,298.136,438.288,24.017,0.083,7.721,5.043,13538.957,412.361,0.818,2432.4,9,973,0,0,18.852,29.296,17.222,132.4,Burdekin,AyrDPI,Mulg,1958,Furrow,BareFallow,35,Surf1,200,140,LowFreq,0,P2R,15AprV1R4,T1,3735.5,3119.356,2458.33,2575.884,31.821,7.804,5.16744481873823,0.127910381554484,5.18299035369775,0.805955,29.385,999
