year,today,day,SowYear,SowDate,cropCycle,currentCrop,sugarStatus,ratoon_no,sugarDAS,sugarPlantYear,sugarPlantDate,sugarPlantingDAY,sugarPlantDelay,sugarHarvDelay,sugarLastHarvDAY,sugarHarvYear,realDelayForKill,totCycle,biomass,green_biomass,cane_wt,canefw,sucrose_wt,residue_wt,burntDM,burntOrgC,burntOrgN,ccs,totalInitTAW,totalInitPAW,totalInitInorgN,totalInitOrgN,totalInitSoilN,totalInitSoilC,meanInitOC2,irrigNum,totalIrrig,totalRain,totalDrain,totalRunoff,totalEffRain,totalTransp,totalEvap,totalEvapTr,totalSediment,totalSoilOrgN,totalSoilInorgN,totalSoilN,totalSoilC,totalFert,totalNUptake,totalNit,totalDeNit,totalNO3Leach,totalNO3Runoff,totalN2O,totalCO2,CO2,surfaceom_cover,surfaceom_wt,surfaceom_n,surfaceom_c,surfaceom_no3,surfaceom_nh4,meanTMin,meanTMax,meanRadn,maxRain,Region,WStation,Soil,StartYear,IrrigSys,Fallow,DryOff,Fert,FertAmt,IrrigAmt,IrrigFreq,MillMudAmt,NRunOffModel,Planting,Tillage,totalWater,totalWaterEff,totalWaterLoss,totalWaterLossWithEvap,totalNLoss,totalNPol,GPWUI,CWUE,GPWUI_450,NUE,sucroseTH,IrrigAlloc
1956,14/04/1956,105,0,15-Apr,0,none,out,-1,0,-1,0.000,105,0,0,318,-1,21,2039,0,0,0,0,0,,0,0,0,0,0,0,0,0,0,0,0.89,0,0,908.8,24.993,440.807,459.959,0,277.705,277.705,20.633,9506.38,28.538,9534.918,141789.361,0,0,34.684,7.699,0.206,1.19,1.16,1029.471,350,0.007,9.9,0,4,0,0,22.406,30.649,17.187,67.8,Burdekin,AyrDPI,Mulg,1956,Furrow,BareFallow,35,Surf1,200,110,LowFreq,0,P2R,15AprV1R4,T1,908.8,459.959,465.8,743.505,9.095,1.396,0,0,0,,0,999
1957,14/07/1957,195,1956,15-Apr,1,sugar,alive,0,456,1956,14/4/1956,105,0,0,318,1957,21,2039,7888.18,7113.95,6103.02,189.353,3250.13,,0,0,0,18.212,194.845,194.845,28.538,9506.38,9534.918,141789.361,0.884,19,2090,1202.9,191.161,1502.958,693.173,1300.735,415.929,1716.664,32.317,9421.683,0.821,9422.504,141373.354,200,292.02,324.843,39.7,0.583,16.305,8.381,3470.531,350,0.972,5097.9,18.7,2039.2,0,0,16.955,27.951,18.212,77.7,Burdekin,AyrDPI,Mulg,1956,Furrow,BareFallow,35,Surf1,200,110,LowFreq,0,P2R,15AprV1R4,T1,3292.9,2783.173,1694.119,2110.048,56.588,16.888,6.80349371023648,0.110302889790897,7.45484251968504,0.946765,32.501,999
1958,14/08/1958,226,1957,15-Apr,1,sugar,alive,1,396,1956,14/7/1957,105,0,0,318,1958,21,2039,5188.21,4581.96,4049.26,123.829,2304.55,,0,0,0,19.991,76.962,76.962,0.821,9421.683,9422.504,141373.354,0.868,18,1980,1020.9,416.667,1566.716,473.475,1008.508,6.509,1015.017,0.001,9509.834,1.095,9510.929,143020.361,200,206.743,311.264,20.499,0.001,2.443,4.42,8330.363,350,1,13268.4,57.1,5307.4,0,0,17.772,29.136,19.572,136.1,Burdekin,AyrDPI,Mulg,1956,Furrow,BareFallow,35,Surf1,200,110,LowFreq,0,P2R,15AprV1R4,T1,3000.9,2453.475,1983.383,1989.892,22.943,2.444,5.04708627558871,0.121996971479295,5.09584362139918,0.619145,23.046,999
1959,14/09/1959,257,1958,15-Apr,1,sugar,alive,2,396,1956,14/8/1958,105,0,0,318,1959,21,2039,6294.87,5652.69,4908.46,151.371,2874.95,,0,0,0,20.461,79.462,79.462,1.095,9509.834,9510.929,143020.361,0.883,19,2090,875.3,417.017,1423.5,504.058,1116.775,8.222,1124.997,0.002,9596.564,1.116,9597.681,144854.233,200,216.525,350.235,27.681,0.001,4.509,5.874,10181.739,350,0.999,10845.1,42.5,4338,0,0,16.929,28.362,19.643,162.8,Burdekin,AyrDPI,Mulg,1956,Furrow,BareFallow,35,Surf1,200,110,LowFreq,0,P2R,15AprV1R4,T1,2965.3,2594.058,1840.517,1848.739,32.191,4.51,5.83529743745128,0.13455235880629,5.95948818897638,0.756855,28.749,999
1960,13/10/1960,287,1959,15-Apr,1,sugar,alive,3,395,1956,14/9/1959,105,0,0,318,1960,21,2039,6466.93,5789.28,5091.78,157.051,3061.05,,0,0,0,21.074,79.248,79.248,1.116,9596.564,9597.681,144854.233,0.9,20,2200,1112.7,433.433,1780.552,518.782,1085.068,26.025,1111.093,0.032,9684.905,1.341,9686.246,146897.592,200,236.783,387.763,23.999,0.001,5.474,5.067,12057.521,350,0.99,6553.5,25.1,2621.4,0,0,17.803,28.647,20.438,210.1,Burdekin,AyrDPI,Mulg,1956,Furrow,BareFallow,35,Surf1,200,110,LowFreq,0,P2R,15AprV1R4,T1,3312.7,2718.782,2213.985,2240.01,29.474,5.475,5.77652051543669,0.141348203975725,5.92645283018868,0.785255,30.611,999
1961,13/11/1961,317,1960,15-Apr,1,sugar,alive,4,396,1956,13/10/1960,105,0,0,318,1961,21,2039,7299.95,6579.27,5716.66,177.857,3634.63,,0,0,0,22.236,66.87,66.87,1.341,9684.905,9686.246,146897.592,0.919,22,2420,499,220.001,1214.229,316.663,1350.739,130.174,1480.913,0.923,9686.049,1.966,9688.015,148225.756,200,317.66,462.259,30.544,0.001,4.247,6.262,12457.616,350,0.883,3060.1,11.3,1224,0,0,16.991,29.222,21.178,63.2,Burdekin,AyrDPI,Mulg,1956,Furrow,BareFallow,35,Surf1,200,110,LowFreq,0,P2R,15AprV1R4,T1,2919,2736.663,1434.23,1564.404,34.792,4.248,6.49904646644472,0.120099560203739,6.19710801393728,0.889285,36.346,999
1962,19/04/1962,109,0,15-Apr,1,none,out,-1,0,1956,0.000,109,4,0,322,-1,18,2039,0,0,0,0,0,,0,0,0,0,70.727,70.727,1.966,9686.049,9688.015,148225.756,0.925,0,0,875.8,429.08,306.961,309.404,0,18.915,18.915,0.001,9826.316,9.503,9835.819,151382.619,0,0,76.602,2.587,0.006,0.31,0.275,6613.761,350,0.996,7926.1,36,3170.4,0,0,21.8,31.385,21.265,102.1,Burdekin,AyrDPI,Mulg,1956,Furrow,BareFallow,35,Surf1,200,110,LowFreq,0,P2R,15AprV1R4,T1,875.8,309.404,736.041,754.956,2.903,0.316,0,0,0,,0,999
1963,19/07/1963,200,1962,15-Apr,2,sugar,alive,0,456,1962,19/4/1962,109,4,0,322,1963,17,2039,7648.26,6828.35,5957.17,183.629,3409.7,,0,0,0,19.939,191.572,191.572,9.503,9826.316,9835.819,151382.619,0.937,20,2200,1147.9,324.909,1502.795,694.995,1345.671,292.92,1638.592,4.073,9608.32,1.719,9610.039,148965.713,200,433.214,509.57,58.667,0.003,14.142,11.493,9536.391,350,0.892,3180.3,11.7,1272.1,0,0,16.868,28.814,18.597,91.9,Burdekin,AyrDPI,Mulg,1956,Furrow,BareFallow,35,Surf1,200,110,LowFreq,0,P2R,15AprV1R4,T1,3347.9,2894.995,1827.704,2120.624,72.812,14.145,6.34298159409602,0.112065114439714,6.92939622641509,0.918145,34.097,999
1964,18/08/1964,231,1963,15-Apr,2,sugar,alive,1,396,1962,19/7/1963,109,4,0,322,1964,17,2039,6423.82,5711.75,4988.61,153.261,2718.54,,0,0,0,18.918,73.176,73.176,1.719,9608.32,9610.039,148965.713,0.913,19,2090,612.7,193.413,1200.01,456.995,1227.871,95.186,1323.057,0.742,9683.109,1.264,9684.373,150551.635,200,261.23,405.172,37.411,0.001,2.668,7.766,11832.103,350,0.879,3017,11.6,1206.8,0,0,17.211,29.203,19.527,92.7,Burdekin,AyrDPI,Mulg,1956,Furrow,BareFallow,35,Surf1,200,110,LowFreq,0,P2R,15AprV1R4,T1,2702.7,2546.995,1393.423,1488.609,40.08,2.669,6.01732630020868,0.11583854663858,6.03389763779528,0.766305,27.185,999
1965,18/09/1965,261,1964,15-Apr,2,sugar,alive,2,396,1962,18/8/1964,109,4,0,322,1965,17,2039,6899.9,6238.65,5311.94,164.751,3110.35,,0,0,0,20.321,59.396,59.396,1.264,9683.109,9684.373,150551.635,0.932,19,2090,831.2,191.827,1311.885,458.148,1244.421,165.501,1409.922,2.135,9676.935,1.108,9678.043,151665.492,200,314.192,452.506,30.362,0.001,5.831,6.34,11374.189,350,0.887,3113.6,11.5,1245.5,0,0,17.334,29.177,19.72,107.4,Burdekin,AyrDPI,Mulg,1956,Furrow,BareFallow,35,Surf1,200,110,LowFreq,0,P2R,15AprV1R4,T1,2921.2,2548.148,1503.712,1669.213,36.194,5.832,6.46551927125112,0.116851144956955,6.48625984251969,0.823755,31.104,999
1966,18/10/1966,291,1965,15-Apr,2,sugar,alive,3,395,1962,18/9/1965,109,4,0,322,1966,17,2039,6761.29,6035.72,5264.63,162.223,3132.41,,0,0,0,20.85,66.962,66.962,1.108,9676.935,9678.043,151665.492,0.933,22,2420,392.1,164.635,1345.056,268.126,1192.304,123.823,1316.128,1.123,9729.689,1.214,9730.903,153419.431,200,277.862,415.366,24.885,0.001,5.289,5.281,11733.63,350,0.905,3370,12.5,1348,0,0,17.853,28.881,19.841,102.9,Burdekin,AyrDPI,Mulg,1956,Furrow,BareFallow,35,Surf1,200,110,LowFreq,0,P2R,15AprV1R4,T1,2812.1,2688.126,1509.691,1633.514,30.175,5.29,6.03479896403666,0.123257768241387,5.6523693379791,0.811115,31.324,999
1967,18/11/1967,322,1966,15-Apr,2,sugar,alive,4,396,1962,18/10/1966,109,4,0,322,1967,17,2039,6717.29,6009.06,5243.71,162.186,3118.53,,0,0,0,20.751,53.243,53.243,1.214,9729.689,9730.903,153419.431,0.944,20,2200,821.8,259.227,1441.539,411.946,1166.989,151.287,1318.275,1.576,9752.719,1.435,9754.154,154818.028,200,289.54,433.738,37.818,0.002,4,7.582,11702.564,350,0.884,3073,11.4,1229.2,0,0,18.233,28.911,20.219,154.9,Burdekin,AyrDPI,Mulg,1956,Furrow,BareFallow,35,Surf1,200,110,LowFreq,0,P2R,15AprV1R4,T1,3021.8,2611.946,1700.766,1852.053,41.82,4.002,6.20939330292433,0.123028958297776,6.12022641509434,0.81093,31.185,999
1968,14/04/1968,105,0,15-Apr,2,none,out,-1,0,1962,0.000,105,0,0,322,-1,17,2039,0,0,0,0,0,,0,0,0,0,56.001,56.001,1.435,9752.719,9754.154,154818.028,0.95,0,0,1341.7,507.223,690.395,364.321,0,13.828,13.828,0,9887.52,5.992,9893.511,158069.175,0,0,59.753,1.105,0.016,0.618,0.159,5478.234,350,0.998,9098.4,40.6,3639.4,0,0,22.382,31.066,21.388,187.9,Burdekin,AyrDPI,Mulg,1956,Furrow,BareFallow,35,Surf1,200,110,LowFreq,0,P2R,15AprV1R4,T1,1341.7,364.321,1197.618,1211.446,1.739,0.634,0,0,0,,0,999
1969,14/07/1969,195,1968,15-Apr,3,sugar,alive,0,456,1968,14/4/1968,105,0,0,318,1969,21,2039,7975.71,7170.56,6207.09,192.183,3534.7,,0,0,0,19.723,186.255,186.255,5.992,9887.52,9893.511,158069.175,0.96,24,2640,302.7,193.457,1141.172,248.202,1414.622,302.316,1716.937,2.585,9693.108,1.999,9695.107,155225.571,200,433.523,511.068,42.977,0.006,9.221,8.488,10669.562,350,0.851,2721.1,10,1088.4,0,0,17.239,28.858,19.267,46.5,Burdekin,AyrDPI,Mulg,1956,Furrow,BareFallow,35,Surf1,200,110,LowFreq,0,P2R,15AprV1R4,T1,2942.7,2888.202,1334.629,1636.945,52.204,9.227,6.65407059478527,0.111933635305198,6.2195145631068,0.960915,35.347,999
1970,14/08/1970,226,1969,15-Apr,3,sugar,alive,1,396,1968,14/7/1969,105,0,0,318,1970,21,2039,6781.17,6078.86,5263.88,162.546,3028.53,,0,0,0,20.017,77.39,77.39,1.999,9693.108,9695.107,155225.571,0.94,19,2090,667.3,85.275,1230.551,412.887,1274.597,124.723,1399.32,1.254,9751.105,1.839,9752.944,156380.623,200,290.511,432.929,21.234,0.002,5.733,4.686,12614.06,350,0.859,2798.6,10.5,1119.4,0,0,17.457,29.272,20.242,133.6,Burdekin,AyrDPI,Mulg,1956,Furrow,BareFallow,35,Surf1,200,110,LowFreq,0,P2R,15AprV1R4,T1,2757.3,2502.887,1315.826,1440.549,26.969,5.735,6.49434033578024,0.116160706628934,6.39944881889764,0.81273,30.285,999
1971,14/09/1971,257,1970,15-Apr,3,sugar,alive,2,396,1968,14/8/1970,105,0,0,318,1971,21,2039,6836.76,6204.7,5349.8,166.371,3195.29,,0,0,0,20.723,119.544,119.544,1.839,9751.105,9752.944,156380.623,0.955,18,1980,1226,227.769,1620.931,719.778,1216.671,153.014,1369.685,2.422,9772.357,2.354,9774.711,157450.186,200,291.396,426.727,22.36,0.003,14.889,4.87,12005.823,350,0.843,2648,9.8,1059.2,0,0,17.442,28.692,19.601,220,Burdekin,AyrDPI,Mulg,1956,Furrow,BareFallow,35,Surf1,200,110,LowFreq,0,P2R,15AprV1R4,T1,3206,2699.778,1848.7,2001.714,37.252,14.892,6.16239557474726,0.121466614586566,6.84654320987654,0.831855,31.953,999
1972,13/10/1972,287,1971,15-Apr,3,sugar,alive,3,395,1968,14/9/1971,105,0,0,318,1972,21,2039,6817.67,6193.82,5307.7,165.024,3208.98,,0,0,0,21.018,107.159,107.159,2.354,9772.357,9774.711,157450.186,0.96,20,2200,1328.3,445.51,1711.733,453.7,1258.803,154.254,1413.056,1.748,9798.088,1.271,9799.359,158505.945,200,288.885,426.135,28.365,0.006,8.309,5.784,11853.377,350,0.871,2923.8,10.8,1169.5,0,0,16.804,28.821,20.091,206.2,Burdekin,AyrDPI,Mulg,1956,Furrow,BareFallow,35,Surf1,200,110,LowFreq,0,P2R,15AprV1R4,T1,3528.3,2653.7,2157.243,2311.497,36.68,8.315,6.2186381278969,0.116785180488247,6.22732075471698,0.82512,32.09,999
1973,17/11/1973,321,1972,15-Apr,3,sugar,alive,4,400,1968,13/10/1972,105,0,4,318,1973,17,2039,7020.72,6300.83,5429.07,167.951,3205.95,,0,0,0,20.579,65.16,65.16,1.271,9798.088,9799.359,158505.945,0.965,20,2200,1238.1,394.591,1607.155,670.551,1200.689,161.104,1361.793,2.003,9816.743,2.509,9819.253,159257.382,200,304.256,443.157,30.051,0.005,5.104,6.047,12720.576,350,0.802,2311.3,8.5,924.5,0,0,18.843,29.254,19.804,108.5,Burdekin,AyrDPI,Mulg,1956,Furrow,BareFallow,35,Surf1,200,110,LowFreq,0,P2R,15AprV1R4,T1,3438.1,2870.551,2001.746,2162.85,35.16,5.109,5.85082794209195,0.12333078522213,6.33777358490566,0.839755,32.06,999
1974,15/04/1974,105,0,15-Apr,3,none,out,-1,0,1968,0.000,105,0,4,322,-1,17,2043,0,0,0,0,0,,0,0,0,0,139.721,139.721,2.509,9816.743,9819.253,159257.382,0.97,0,0,1721.8,903.075,741.194,286.434,0,8.668,8.668,0,9950.542,4.662,9955.204,162574.148,0,0,43.857,1.279,0.067,0.603,0.134,5134.561,350,0.999,10722.3,44.6,4288.9,0,0,22.293,30.139,17.364,152.9,Burdekin,AyrDPI,Mulg,1956,Furrow,BareFallow,35,Surf1,200,110,LowFreq,0,P2R,15AprV1R4,T1,1721.8,286.434,1644.269,1652.937,1.949,0.67,0,0,0,,0,999
1975,15/07/1975,196,1974,15-Apr,4,sugar,alive,0,456,1974,15/4/1974,105,0,0,318,1975,21,2039,8487.61,7559.33,6623.82,204.134,3539.09,,0,0,0,18.425,208.584,208.584,4.662,9950.542,9955.204,162574.148,0.978,20,2200,763.6,237.1,1203.04,542.02,1407.198,259.978,1667.176,2.391,9799.546,1.842,9801.388,159296.104,200,410.084,478.148,27.78,0.015,9.323,5.599,11922.037,350,0.912,3471.7,12.7,1388.7,0,0,17.001,28.293,19.228,65,Burdekin,AyrDPI,Mulg,1956,Furrow,BareFallow,35,Surf1,200,110,LowFreq,0,P2R,15AprV1R4,T1,2963.6,2742.02,1440.14,1700.118,37.118,9.338,7.4446575882014,0.122442981424877,7.70316981132075,1.02067,35.391,999
1976,14/08/1976,227,1975,15-Apr,4,sugar,alive,1,396,1974,15/7/1975,105,0,0,318,1976,21,2039,5949.49,5340.95,4618.77,142.821,2668.72,,0,0,0,20.084,64.868,64.868,1.842,9799.546,9801.388,159296.104,0.965,16,1760,1989.1,866.915,1828.552,688.256,994.121,45.291,1039.412,0.137,9898.082,1.336,9899.418,160057.479,200,222.821,366.222,40.56,0.019,2.849,8.194,12832.628,350,0.938,3968.3,16,1587.3,0,0,17.81,28.163,18.823,179.8,Burdekin,AyrDPI,Mulg,1956,Furrow,BareFallow,35,Surf1,200,110,LowFreq,0,P2R,15AprV1R4,T1,3749.1,2448.256,2695.467,2740.758,43.428,2.868,5.83358112877085,0.137405571611642,6.46248868778281,0.714105,26.687,999
1977,14/09/1977,257,1976,15-Apr,4,sugar,alive,2,396,1974,14/8/1976,105,0,0,318,1977,21,2039,7029.26,6346.87,5477.19,169.485,3035.35,,0,0,0,19.128,79.089,79.089,1.336,9898.082,9899.418,160057.479,0.986,18,1980,1380,304.594,1770.658,551.677,1149.467,141.223,1290.69,2.489,9883.506,1.241,9884.747,159669.536,200,324.532,449.752,25.414,0.011,7.174,5.417,13046.194,350,0.899,3279.2,12.1,1311.7,0,0,17.722,28.369,19.544,170.6,Burdekin,AyrDPI,Mulg,1956,Furrow,BareFallow,35,Surf1,200,110,LowFreq,0,P2R,15AprV1R4,T1,3360,2531.677,2075.252,2216.475,32.599,7.185,6.69457438685899,0.131313483485577,6.97469135802469,0.847425,30.354,999
1978,14/10/1978,287,1977,15-Apr,4,sugar,alive,3,395,1974,14/9/1977,105,0,0,318,1978,21,2039,7401.6,6672.2,5830.25,180.759,3516.61,,0,0,0,21.029,73.148,73.148,1.241,9883.506,9884.747,159669.536,0.986,19,2090,953.7,214.225,1475.516,541.789,1225.827,127.555,1353.382,1.161,9913.555,1.325,9914.88,159542.225,200,300.296,435.199,26.083,0.009,5.996,5.512,13920.571,350,0.883,3064.9,11.4,1226,0,0,17.755,28.363,20.718,150.6,Burdekin,AyrDPI,Mulg,1956,Furrow,BareFallow,35,Surf1,200,110,LowFreq,0,P2R,15AprV1R4,T1,3043.7,2631.789,1689.741,1817.296,32.088,6.005,6.86829377279106,0.133560960615702,7.11649606299213,0.903795,35.166,999
1979,14/11/1979,318,1978,15-Apr,4,sugar,alive,4,396,1974,14/10/1978,105,0,0,318,1979,21,2039,6748.98,6057.3,5225.34,162.022,3175.62,,0,0,0,21.208,73.725,73.725,1.325,9913.555,9914.88,159542.225,0.993,19,2090,1489.5,506.295,1841.518,512.325,1112.141,130.39,1242.531,1.181,9940.303,1.675,9941.978,159095.79,200,282.957,424.423,42.543,0.022,4.139,8.346,13891.807,350,0.853,2742,10.2,1096.8,0,0,18.32,28.53,19.539,350.7,Burdekin,AyrDPI,Mulg,1956,Furrow,BareFallow,35,Surf1,200,110,LowFreq,0,P2R,15AprV1R4,T1,3579.5,2602.325,2347.813,2478.203,46.704,4.161,6.22604786104733,0.130396746640526,6.37881889763779,0.81011,31.756,999
1980,16/04/1980,107,0,15-Apr,4,none,out,-1,0,1974,0.000,107,2,0,320,-1,20,2039,0,0,0,0,0,,0,0,0,0,62.882,62.882,1.675,9940.303,9941.978,159095.79,0.999,0,0,636.1,252.318,245.461,305.593,0,20.156,20.156,0,10087.135,4.293,10091.428,161467.036,0,0,74.048,1.032,0.049,0.246,0.182,7237.587,350,0.995,7498.3,33,2999.3,0,0,22.444,31.488,22.369,86.4,Burdekin,AyrDPI,Mulg,1956,Furrow,BareFallow,35,Surf1,200,110,LowFreq,0,P2R,15AprV1R4,T1,636.1,305.593,497.779,517.935,1.327,0.295,0,0,0,,0,999
1981,16/07/1981,197,1980,15-Apr,5,sugar,alive,0,456,1980,16/4/1980,107,2,0,320,1981,19,2039,8413.36,7563.79,6603.15,204.584,3559.16,,0,0,0,18.498,181.047,181.047,4.293,10087.135,10091.428,161467.036,1.011,19,2090,1226.2,414.652,1386.229,670.322,1332.331,292.038,1624.37,3.329,9847.302,2.642,9849.944,156153.745,200,467.315,530.604,42.31,0.053,12.281,8.483,12542.124,350,0.902,3314.6,12.2,1325.8,0,0,17.517,28.03,18.763,104.8,Burdekin,AyrDPI,Mulg,1956,Furrow,BareFallow,35,Surf1,200,110,LowFreq,0,P2R,15AprV1R4,T1,3316.2,2760.322,1800.881,2092.919,54.644,12.334,7.41159908155643,0.125946674710811,8.05448818897638,1.02292,35.592,999
1982,16/08/1982,228,1981,15-Apr,5,sugar,alive,1,396,1980,16/7/1981,107,2,0,320,1982,19,2039,7214.05,6468.71,5598.07,172.922,3315.95,,0,0,0,20.686,71.998,71.998,2.642,9847.302,9849.944,156153.745,0.987,19,2090,604.4,152.408,1151.873,450.035,1303.909,91.753,1395.662,0.746,9891.046,1.476,9892.522,156563.256,200,307.741,448.556,28.387,0.03,3.452,5.966,13806.222,350,0.91,3437.1,13.1,1374.9,0,0,17.543,28.982,19.461,47.4,Burdekin,AyrDPI,Mulg,1956,Furrow,BareFallow,35,Surf1,200,110,LowFreq,0,P2R,15AprV1R4,T1,2694.4,2540.035,1304.281,1396.034,31.869,3.482,6.80785894682554,0.123899626127243,6.80795275590551,0.86461,33.16,999
1983,16/09/1983,259,1982,15-Apr,5,sugar,alive,2,396,1980,16/8/1982,107,2,0,320,1983,19,2039,7066.05,6337.51,5514.3,170.289,3109.31,,0,0,0,19.559,66.454,66.454,1.476,9891.046,9892.522,156563.256,1.006,20,2200,637.3,222.695,1290.414,379.361,1196.814,121.543,1318.357,1.385,9903.449,1.243,9904.693,157086.27,200,321.091,455.358,25.911,0.024,5.511,5.559,13545.072,350,0.883,3071.2,11.4,1228.5,0,0,17.947,28.664,19.864,95.4,Burdekin,AyrDPI,Mulg,1956,Furrow,BareFallow,35,Surf1,200,110,LowFreq,0,P2R,15AprV1R4,T1,2837.3,2579.361,1513.109,1634.652,31.446,5.535,6.60198397975313,0.129167592693026,6.426,0.851445,31.093,999
1984,15/10/1984,289,1983,15-Apr,5,sugar,alive,3,395,1980,16/9/1983,107,2,0,320,1984,19,2039,7174.84,6491.18,5550.34,172.483,3319.55,,0,0,0,20.772,72.289,72.289,1.243,9903.449,9904.693,157086.27,1.011,22,2420,624.6,264.656,1400.204,464.48,1225.506,147.713,1373.219,1.662,9906.453,3.028,9909.481,157473.633,200,321.022,462.185,30.017,0.029,5.483,6.14,13349.238,350,0.813,2393.5,8.8,957.4,0,0,17.799,28.707,19.486,75.6,Burdekin,AyrDPI,Mulg,1956,Furrow,BareFallow,35,Surf1,200,110,LowFreq,0,P2R,15AprV1R4,T1,3044.6,2884.48,1664.86,1812.573,35.529,5.512,5.97969131351231,0.125604874386387,6.0098606271777,0.862415,33.196,999
1985,15/11/1985,319,1984,15-Apr,5,sugar,alive,4,396,1980,15/10/1984,107,2,0,320,1985,19,2039,7290.7,6635.52,5688.45,177.636,3389.81,,0,0,0,20.572,78.81,78.81,3.028,9906.453,9909.481,157473.633,1.013,21,2310,872.5,252.545,1498.041,565.134,1256.602,152.789,1409.391,1.846,9916.551,3.196,9919.747,157868.48,200,309.981,460.561,37.718,0.034,6.128,7.649,13410.377,350,0.769,2096,7.8,838.4,0,0,17.778,28.771,19.556,111.4,Burdekin,AyrDPI,Mulg,1956,Furrow,BareFallow,35,Surf1,200,110,LowFreq,0,P2R,15AprV1R4,T1,3182.5,2875.134,1750.586,1903.375,43.88,6.162,6.17835551316913,0.126037416160597,6.43608695652174,0.88818,33.898,999
1986,20/04/1986,110,0,15-Apr,5,none,out,-1,0,1980,0.000,110,5,0,323,-1,17,2039,0,0,0,0,0,,0,0,0,0,101.331,101.331,3.196,9916.551,9919.747,157868.48,1.017,0,0,426.8,237.38,105.817,274.168,0,23.809,23.809,0,10072.402,7.15,10079.552,160608.678,0,0,84.795,1.082,0.099,0.096,0.209,7545.604,350,0.99,6623.1,29.1,2649.3,0,0,22.039,31.843,20.817,117.8,Burdekin,AyrDPI,Mulg,1956,Furrow,BareFallow,35,Surf1,200,110,LowFreq,0,P2R,15AprV1R4,T1,426.8,274.168,343.197,367.006,1.277,0.195,0,0,0,,0,999
1987,20/07/1987,201,1986,15-Apr,6,sugar,alive,0,456,1986,20/4/1986,110,5,0,323,1987,16,2039,7863.01,6997.9,6147.9,189.333,3777.25,,0,0,0,21.639,161.125,161.125,7.15,10072.402,10079.552,160608.678,1.029,22,2420,579.1,150.335,1266.469,468.878,1362.455,315.277,1677.732,4.37,9815.256,1.848,9817.104,156439.948,200,458.205,542.052,64.482,0.081,15.136,12.811,10981.569,350,0.878,3010.2,11,1204.1,0,0,18.07,29.149,18.291,44,Burdekin,AyrDPI,Mulg,1956,Furrow,BareFallow,35,Surf1,200,110,LowFreq,0,P2R,15AprV1R4,T1,2999.1,2888.878,1416.804,1732.081,79.699,15.217,6.55385931839282,0.11285056254515,6.59696864111498,0.946665,37.772,999
1988,19/08/1988,232,1987,15-Apr,6,sugar,alive,1,396,1986,20/7/1987,110,5,0,323,1988,16,2039,7044.95,6280.69,5419.59,166.475,3160.32,,0,0,0,20.45,65.691,65.691,1.848,9815.256,9817.104,156439.948,0.999,18,1980,977.5,129.992,1458.254,469.241,1256.629,105.308,1361.937,1.223,9881.708,1.16,9882.868,156957.395,200,278.443,422.579,29.88,0.04,3.743,6.315,13231.732,350,0.892,3179.7,12,1271.9,0,0,18.079,29.175,19.629,254,Burdekin,AyrDPI,Mulg,1956,Furrow,BareFallow,35,Surf1,200,110,LowFreq,0,P2R,15AprV1R4,T1,2957.5,2449.241,1588.246,1693.554,33.663,3.783,6.79700364316946,0.122233994670825,6.85082304526749,0.832375,31.603,999
1989,19/09/1989,262,1988,15-Apr,6,sugar,alive,2,396,1986,19/8/1988,110,5,0,323,1989,16,2039,6885.62,6189.85,5369.72,165.832,3143.75,,0,0,0,20.418,73.009,73.009,1.16,9881.708,9882.868,156957.395,1.016,17,1870,1390,385.815,1577.818,758.36,1174.447,116.604,1291.051,1.641,9923.782,0.98,9924.761,157535.104,200,289.295,421.059,21.898,0.063,5.641,4.705,13297.587,350,0.868,2897.8,10.7,1159.1,0,0,17.931,28.542,19.079,134.8,Burdekin,AyrDPI,Mulg,1956,Furrow,BareFallow,35,Surf1,200,110,LowFreq,0,P2R,15AprV1R4,T1,3260,2628.36,1963.633,2080.237,27.602,5.704,6.30933357683118,0.128447288294576,7.14793103448276,0.82916,31.438,999
1990,19/10/1990,292,1989,15-Apr,6,sugar,alive,3,395,1986,19/9/1989,110,5,0,323,1990,16,2039,6835.81,6220.45,5375.6,167.618,3186.08,,0,0,0,20.48,78.326,78.326,0.98,9923.782,9924.761,157535.104,1.024,19,2090,1277.8,433.122,1607.454,538.744,1189.749,157.656,1347.405,2.415,9934.782,1.333,9936.115,157636.638,200,305.88,444.101,28.974,0.072,5.99,5.877,12941.536,350.861,0.875,2974.5,11,1189.8,0,0,17.459,28.769,20.296,103,Burdekin,AyrDPI,Mulg,1956,Furrow,BareFallow,35,Surf1,200,110,LowFreq,0,P2R,15AprV1R4,T1,3367.8,2628.744,2040.576,2198.232,35.036,6.062,6.37635311768662,0.124400607092893,6.59913385826772,0.83809,31.861,999
1991,21/11/1991,325,1990,15-Apr,6,sugar,alive,4,398,1986,19/10/1990,110,5,2,323,1991,14,2039,7622.02,6831.48,5917.35,183.326,3807.06,,0,0,0,22.643,58.145,58.145,1.333,9934.782,9936.115,157636.638,1.027,21,2310,1742.6,550.175,1984.933,401.021,1308.692,161.076,1469.767,1.624,9937,2.664,9939.664,157433.837,200,327.049,456.543,21.379,0.135,6.235,4.5,13455.209,352.544,0.867,2881.1,10.7,1152.4,0,0,17.801,29.053,19.711,204.4,Burdekin,AyrDPI,Mulg,1956,Furrow,BareFallow,35,Surf1,200,110,LowFreq,0,P2R,15AprV1R4,T1,4052.6,2711.021,2535.108,2696.184,27.749,6.37,6.76224935181247,0.124731334966699,6.64224637681159,0.91663,38.071,999
1992,17/04/1992,108,0,15-Apr,6,none,out,-1,0,1986,0.000,108,3,2,323,-1,17,2041,0,0,0,0,0,,0,0,0,0,105.869,105.869,2.664,9937,9939.664,157433.837,1.029,0,0,427.8,193.052,162.725,233.598,0,13.831,13.831,0,10093.965,5.085,10099.049,160122.308,0,0,82.367,0.941,0.17,0.193,0.195,7598.509,353.179,0.997,8548,38.4,3419.2,0,0,21.957,31.9,22.526,122.8,Burdekin,AyrDPI,Mulg,1956,Furrow,BareFallow,35,Surf1,200,110,LowFreq,0,P2R,15AprV1R4,T1,427.8,233.598,355.777,369.608,1.304,0.363,0,0,0,,0,999
1993,17/07/1993,198,1992,15-Apr,7,sugar,alive,0,456,1992,17/4/1992,108,3,0,321,1993,18,2039,9051.22,8121.48,7083.24,219.22,4265.88,,0,0,0,21.035,164.062,164.062,5.085,10093.965,10099.049,160122.308,1.041,22,2420,627.7,152.517,1203.257,455.74,1487.671,300.476,1788.147,2.976,9868.004,2.351,9870.355,155450.418,200,469.641,535.858,37.891,0.171,10.987,7.439,12722.691,355.167,0.891,3165.9,11.6,1266.4,0,0,17.452,28.726,19.47,72,Burdekin,AyrDPI,Mulg,1956,Furrow,BareFallow,35,Surf1,200,110,LowFreq,0,P2R,15AprV1R4,T1,3047.7,2875.74,1355.774,1656.25,49.049,11.158,7.6230813634056,0.12259618476557,7.63832752613241,1.0961,42.659,999
1994,17/08/1994,229,1993,15-Apr,7,sugar,alive,1,396,1992,17/7/1993,108,3,0,321,1994,18,2039,6788.81,6090.94,5358.28,165.827,3155.32,,0,0,0,20.504,67.841,67.841,2.351,9868.004,9870.355,155450.418,1.018,21,2310,409.4,150.973,1279.661,327.319,1211.835,67.957,1279.792,0.348,9950.95,1.182,9952.133,155485.231,200,266.751,415.07,26.49,0.079,6.003,5.596,14773.422,356.925,0.907,3390.3,13.2,1356.1,0,0,17.866,29.005,19.986,46.8,Burdekin,AyrDPI,Mulg,1956,Furrow,BareFallow,35,Surf1,200,110,LowFreq,0,P2R,15AprV1R4,T1,2719.4,2637.319,1430.634,1498.591,32.572,6.082,6.28771111875355,0.129573399427407,6.00822463768116,0.829135,31.553,999
1995,17/09/1995,260,1994,15-Apr,7,sugar,alive,2,396,1992,17/8/1994,108,3,0,321,1995,18,2039,7925.5,7150.16,6240.88,193.546,3724.71,,0,0,0,20.771,76.816,76.816,1.182,9950.95,9952.133,155485.231,1.038,21,2310,508.6,135.446,1183.821,350.119,1334.077,152.191,1486.268,1.498,9925.058,1.092,9926.149,154512.307,200,353.156,477.646,21.019,0.082,5.852,4.605,14628,358.717,0.871,2920.5,10.7,1168.2,0,0,18.56,29.134,20.47,55.2,Burdekin,AyrDPI,Mulg,1956,Furrow,BareFallow,35,Surf1,200,110,LowFreq,0,P2R,15AprV1R4,T1,2818.6,2660.119,1319.267,1471.458,26.953,5.934,7.27583991543235,0.130222813113113,7.01253623188406,0.96773,37.247,999
1996,16/10/1996,290,1995,15-Apr,7,sugar,alive,3,395,1992,17/9/1995,108,3,0,321,1996,18,2039,7636.9,6865.81,6059.13,187.723,3838.71,,0,0,0,22.252,89.881,89.881,1.092,9925.058,9926.149,154512.307,1.035,22,2420,547.9,170.607,1382.003,322.95,1317.84,121.79,1439.63,1.006,9946.195,1.394,9947.588,153824.478,200,316.138,457.276,26.908,0.123,4.122,5.582,15310.135,360.539,0.899,3282.1,12.1,1312.8,0,0,19.293,29.683,20.754,107,Burdekin,AyrDPI,Mulg,1956,Furrow,BareFallow,35,Surf1,200,110,LowFreq,0,P2R,15AprV1R4,T1,2967.9,2742.95,1552.61,1674.4,31.153,4.245,6.84383601596821,0.130396699151865,6.54087108013937,0.938615,38.387,999
1997,16/11/1997,320,1996,15-Apr,7,sugar,alive,4,396,1992,16/10/1996,108,3,0,321,1997,18,2039,7537.32,6742.95,6018.83,186.452,3774.64,,0,0,0,22.001,65.541,65.541,1.394,9946.195,9947.588,153824.478,1.04,20,2200,954.2,332.127,1574.417,477.579,1119.891,139.881,1259.772,1.385,9980.025,1.446,9981.47,153339.051,200,301.698,436.251,23.137,0.098,5.918,4.773,14790.987,362.399,0.888,3126.6,11.6,1250.6,0,0,19.557,28.556,20.762,116.8,Burdekin,AyrDPI,Mulg,1956,Furrow,BareFallow,35,Surf1,200,110,LowFreq,0,P2R,15AprV1R4,T1,3154.2,2677.579,1906.544,2046.425,29.153,6.016,6.96345467304606,0.148004559555221,7.03592452830189,0.93226,37.746,999
1998,02/05/1998,122,0,15-Apr,7,none,out,-1,0,1992,0.000,122,17,0,335,-1,14,2039,0,0,0,0,0,,0,0,0,0,53.425,53.425,1.446,9980.025,9981.47,153339.051,1.047,0,0,792.9,210.472,426.326,321.758,0,15.164,15.164,0,10129.379,3.779,10133.158,155566.104,0,0,70.189,1.165,0.381,0.429,0.181,7644.968,363.201,0.997,8283.5,34.7,3313.4,0,0,23.575,31.185,19.983,189.6,Burdekin,AyrDPI,Mulg,1956,Furrow,BareFallow,35,Surf1,200,110,LowFreq,0,P2R,15AprV1R4,T1,792.9,321.758,636.798,651.962,1.975,0.81,0,0,0,,0,999
1999,01/08/1999,213,1998,15-Apr,8,sugar,alive,0,456,1998,2/5/1998,122,17,0,335,1999,14,2039,9451.38,8457.66,7474.12,230.814,4068.47,,0,0,0,18.781,194.363,194.363,3.779,10129.379,10133.158,155566.104,1.058,19,2090,1253.9,296.669,1555.003,757.366,1354.286,264.234,1618.52,3.904,9902.735,2.215,9904.951,149357.309,200,468.271,528.359,35.897,0.498,12.003,7.145,14342.469,365.401,0.933,3869.2,14.2,1547.7,0,0,19.352,28.323,18.244,112,Burdekin,AyrDPI,Mulg,1956,Furrow,BareFallow,35,Surf1,200,110,LowFreq,0,P2R,15AprV1R4,T1,3343.9,2847.366,1851.672,2115.906,48.398,12.501,8.10622870400223,0.142608061685985,9.08716535433071,1.15407,40.685,999
2000,31/08/2000,244,1999,15-Apr,8,sugar,alive,1,396,1998,1/8/1999,122,17,0,335,2000,14,2039,6878.25,6153.88,5458.39,168.392,3141.67,,0,0,0,20.048,68.071,68.071,2.215,9902.735,9904.951,149357.309,1.034,16,1760,1497.1,519.291,1699.645,631.214,1008.79,30.662,1039.452,0.067,9994.608,1.652,9996.26,148594.593,200,253.638,391.974,20.735,0.282,4.496,4.524,15199.764,367.35,0.985,5998.5,23.7,2399.4,0,0,18.608,27.956,19.392,136,Burdekin,AyrDPI,Mulg,1956,Furrow,BareFallow,35,Surf1,200,110,LowFreq,0,P2R,15AprV1R4,T1,3257.1,2391.214,2218.936,2249.598,25.513,4.778,7.04211333657297,0.162000746547219,7.61954751131222,0.84196,31.417,999
2001,01/10/2001,274,2000,15-Apr,8,sugar,alive,2,396,1998,31/8/2000,122,17,0,335,2001,14,2039,7690.11,6917.86,6030.11,186.755,3782.7,,0,0,0,22.014,66.782,66.782,1.652,9994.608,9996.26,148594.593,1.057,21,2310,561.9,186.487,1285.083,403.634,1296.689,114.464,1411.152,0.918,9944.177,1.714,9945.891,147621.81,200,378.451,512.37,25.507,1.175,5.743,5.35,15314.674,369.333,0.915,3522,13,1408.8,0,0,17.905,29.162,20.186,52,Burdekin,AyrDPI,Mulg,1956,Furrow,BareFallow,35,Surf1,200,110,LowFreq,0,P2R,15AprV1R4,T1,2871.9,2713.634,1471.57,1586.034,32.425,6.918,6.88209979680384,0.132342228193703,6.76648550724638,0.933775,37.827,999
2002,31/10/2002,304,2001,15-Apr,8,sugar,alive,3,395,1998,1/10/2001,122,17,0,335,2002,14,2039,7701.63,6919.07,6058.24,187.568,3787.49,,0,0,0,21.937,55.961,55.961,1.714,9944.177,9945.891,147621.81,1.059,21,2310,810.4,79.663,1474.056,337.559,1402.318,170.563,1572.881,2.415,9905.853,1.443,9907.296,147241.106,200,386.41,538.846,22.692,0.253,5.946,4.842,14982.607,371.351,0.916,3539.2,13.1,1415.7,0,0,18.484,30.328,21.356,206,Burdekin,AyrDPI,Mulg,1956,Furrow,BareFallow,35,Surf1,200,110,LowFreq,0,P2R,15AprV1R4,T1,3120.4,2647.559,1553.719,1724.282,28.891,6.199,7.0845635545799,0.119251233882284,6.79594202898551,0.93784,37.875,999
2003,01/12/2003,335,2002,15-Apr,8,sugar,alive,4,396,1998,31/10/2002,122,17,0,335,2003,14,2039,7825.44,6943.68,6165.84,190.116,3868.12,,0,0,0,22.126,49.762,49.762,1.443,9905.853,9907.296,147241.106,1.059,22,2420,463.8,129.274,1197.374,294.791,1396.986,158.607,1555.593,1.438,9912.435,1.593,9914.028,147259.663,200,350.379,495.739,21.088,0.067,5.101,4.638,14769.267,373.405,0.897,3248.6,12,1299.5,0,0,18.614,30.065,21.31,51,Burdekin,AyrDPI,Mulg,1956,Furrow,BareFallow,35,Surf1,200,110,LowFreq,0,P2R,15AprV1R4,T1,2883.8,2714.791,1326.648,1485.255,26.256,5.168,7.00297002605357,0.122214486694142,6.62425087108014,0.95058,38.681,999
2004,14/04/2004,105,0,15-Apr,8,none,out,-1,0,1998,0.000,105,0,0,335,-1,14,2039,0,0,0,0,0,,0,0,0,0,51.322,51.322,1.593,9912.435,9914.028,147259.663,1.063,0,0,651.6,222.289,294.356,294.829,0,7.779,7.779,0,10074.181,2.989,10077.169,150687.732,0,0,64.735,0.832,0.18,0.341,0.156,6333.118,374.113,0.999,10420,47.4,4168,0,0,22.971,32.313,21.346,173.2,Burdekin,AyrDPI,Mulg,1956,Furrow,BareFallow,35,Surf1,200,110,LowFreq,0,P2R,15AprV1R4,T1,651.6,294.829,516.645,524.424,1.353,0.521,0,0,0,,0,999
2005,14/07/2005,195,2004,15-Apr,9,sugar,alive,0,456,2004,14/4/2004,105,0,0,318,2005,21,2039,8503.51,7573.98,6719.27,207.099,4013.42,,0,0,0,20.937,178.499,178.499,2.989,10074.181,10077.169,150687.732,1.073,22,2420,719.2,139.962,1376.9,307.376,1466.636,273.461,1740.097,3.121,9832.124,2.259,9834.383,145969.963,200,508.017,569.832,23.063,0.665,7.889,4.73,13291.736,376.54,0.924,3679,13.5,1471.6,0,0,17.68,29.343,19.68,143.4,Burdekin,AyrDPI,Mulg,1956,Furrow,BareFallow,35,Surf1,200,110,LowFreq,0,P2R,15AprV1R4,T1,3139.2,2727.376,1516.862,1790.323,31.617,8.554,7.59334246543198,0.119015779005423,7.21599303135888,1.035495,40.134,999
2006,14/08/2006,226,2005,15-Apr,9,sugar,alive,1,396,2004,14/7/2005,105,0,0,318,2006,21,2039,7402.29,6618.3,5766.1,177.78,3425.91,,0,0,0,20.803,60.741,60.741,2.259,9832.124,9834.383,145969.963,1.051,19,2090,985.3,228.257,1480.734,547.396,1262.922,77.217,1340.139,0.775,9893.579,1.653,9895.232,146717.643,200,279.512,437.833,42.068,0.481,3.782,8.685,13895.33,378.682,0.875,2973.8,11.3,1189.5,0,0,18.705,29.095,19.266,178.4,Burdekin,AyrDPI,Mulg,1956,Furrow,BareFallow,35,Surf1,200,110,LowFreq,0,P2R,15AprV1R4,T1,3075.3,2637.396,1708.991,1786.208,46.331,4.263,6.74073972964242,0.13265788101085,6.9992125984252,0.8889,34.259,999
2007,14/09/2007,257,2006,15-Apr,9,sugar,alive,2,396,2004,14/8/2006,105,0,0,318,2007,21,2039,6974.5,6303.47,5484.28,170.231,3207.42,,0,0,0,20.275,86.912,86.912,1.653,9893.579,9895.232,146717.643,1.068,19,2090,940.5,359.79,1380.983,447.75,1186.147,120.875,1307.022,1.146,9913.641,1.084,9914.725,147187.954,200,307.951,440.305,25.819,0.064,5.11,5.519,13435.095,380.86,0.879,3012.9,11.1,1205.2,0,0,17.489,28.522,19.714,130.2,Burdekin,AyrDPI,Mulg,1956,Furrow,BareFallow,35,Surf1,200,110,LowFreq,0,P2R,15AprV1R4,T1,3030.5,2537.75,1740.773,1861.648,30.993,5.174,6.70794995566939,0.130243408297642,6.70200787401575,0.851155,32.074,999
2008,13/10/2008,287,2007,15-Apr,9,sugar,alive,3,395,2004,14/9/2007,105,0,0,318,2008,21,2039,7318.12,6594,5756.41,178.486,3565.37,,0,0,0,21.67,69.617,69.617,1.084,9913.641,9914.725,147187.954,1.071,20,2200,1328.4,463.015,1684.395,582.028,1239.128,143.192,1382.32,1.766,9921.865,1.363,9923.228,147352.61,200,315.692,447.799,30.821,0.084,4.424,6.338,13422.891,383.068,0.862,2832.9,10.5,1133.2,0,0,18.038,28.883,19.535,108.2,Burdekin,AyrDPI,Mulg,1956,Furrow,BareFallow,35,Surf1,200,110,LowFreq,0,P2R,15AprV1R4,T1,3528.4,2782.028,2147.41,2290.602,35.329,4.508,6.41567949711505,0.12912060883153,6.73532075471698,0.89243,35.654,999
2009,13/11/2009,317,2008,15-Apr,9,sugar,alive,4,396,2004,13/10/2008,105,0,0,318,2009,21,2039,7376.45,6614.98,5718.86,176.98,3621.75,,0,0,0,22.271,68.287,68.287,1.363,9921.865,9923.228,147352.61,1.072,18,1980,1796.7,533.62,1814.317,527.834,1268.923,152.115,1421.038,1.415,9920.195,2.101,9922.296,147274.878,200,331.521,464.277,26.653,0.098,5.458,5.488,13870.978,385.319,0.852,2730.2,10.1,1092.1,0,0,18.57,29.61,19.499,197.2,Burdekin,AyrDPI,Mulg,1956,Furrow,BareFallow,35,Surf1,200,110,LowFreq,0,P2R,15AprV1R4,T1,3776.7,2507.834,2347.937,2500.052,32.209,5.556,7.05708591557495,0.124542763810679,7.28312757201646,0.8849,36.218,999
2010,15/04/2010,105,0,15-Apr,9,none,out,-1,0,2004,0.000,105,0,0,318,-1,21,2039,0,0,0,0,0,,0,0,0,0,76.011,76.011,2.101,9920.195,9922.296,147274.878,1.073,0,0,1032,416.067,466.952,315.543,0,12.029,12.029,0,10078.145,3.245,10081.39,150298.535,0,0,68.53,0.899,0.245,0.464,0.166,6885.404,386.205,0.998,8847.6,38.8,3539,0,0,22.504,31.313,19.606,135.2,Burdekin,AyrDPI,Mulg,1956,Furrow,BareFallow,35,Surf1,200,110,LowFreq,0,P2R,15AprV1R4,T1,1032,315.543,883.019,895.048,1.608,0.709,0,0,0,,0,999
2011,15/07/2011,196,2010,15-Apr,10,sugar,alive,0,456,2010,15/4/2010,105,0,0,318,2011,21,2039,9051.32,8115.61,7126.18,220.486,3961.79,,0,0,0,19.201,212.964,212.964,3.245,10078.145,10081.39,150298.535,1.084,17,1870,1485.4,333.061,1547.783,903.574,1367.178,248.179,1615.357,4.189,9848.875,2.087,9850.962,146222.374,200,471.232,533.389,35.361,1.655,11.52,6.91,12146.96,388.863,0.911,3460.6,12.7,1384.2,0,0,18.293,28.267,16.9,81.4,Burdekin,AyrDPI,Mulg,1956,Furrow,BareFallow,35,Surf1,200,110,LowFreq,0,P2R,15AprV1R4,T1,3355.4,2773.574,1880.844,2129.023,48.536,13.175,7.9495264954171,0.136493666725064,9.50370689655172,1.10243,39.618,999
2012,14/08/2012,227,2011,15-Apr,10,sugar,alive,1,396,2010,15/7/2011,105,0,0,318,2012,21,2039,7275.73,6524.06,5707.6,176.311,3316.83,,0,0,0,20.239,72.163,72.163,2.087,9848.875,9850.962,146222.374,1.061,17,1870,1152,338.108,1344.789,596.539,1245.898,64.122,1310.02,0.452,9932.222,1.781,9934.003,147242.856,200,274.132,421.811,20.921,0.27,5.335,4.602,14028.46,391.2,0.904,3352.7,12.9,1341.1,0,0,17.522,28.612,19.036,197.4,Burdekin,AyrDPI,Mulg,1956,Furrow,BareFallow,35,Surf1,200,110,LowFreq,0,P2R,15AprV1R4,T1,3022,2466.539,1682.897,1747.019,26.526,5.605,7.14811320639974,0.134586494862674,7.59961206896552,0.881555,33.168,999
2013,14/09/2013,257,2012,15-Apr,10,sugar,alive,2,396,2010,14/8/2012,105,0,0,318,2013,21,2039,7411.99,6670.58,5839.75,181.171,3408.73,,0,0,0,20.242,101.247,101.247,1.781,9932.222,9934.003,147242.856,1.081,21,2310,535.4,149.99,1316.55,303.429,1272.856,143.601,1416.457,1.682,9918.551,1.231,9919.782,147287.011,200,347.336,472.615,21.267,0.053,5.654,4.623,13922.923,393.58,0.883,3062,11.3,1224.8,0,0,18.05,29.079,20.08,178.6,Burdekin,AyrDPI,Mulg,1956,Furrow,BareFallow,35,Surf1,200,110,LowFreq,0,P2R,15AprV1R4,T1,2845.4,2613.429,1466.54,1610.141,26.974,5.707,6.93231000344758,0.127904341607264,6.56416666666667,0.905855,34.087,999
2014,14/10/2014,287,2013,15-Apr,10,sugar,alive,3,395,2010,14/9/2013,105,0,0,318,2014,21,2039,7468.24,6736.56,5910.18,183.274,3557.64,,0,0,0,20.976,63.649,63.649,1.231,9918.551,9919.782,147287.011,1.079,21,2310,730.4,242.886,1404.56,418.254,1254.346,148.655,1403.002,1.96,9930.177,1.243,9931.42,147566.404,200,326.269,462.014,21.465,0.063,5.828,4.589,13715.59,395.998,0.909,3427.3,12.6,1370.9,0,0,18.127,29.166,20.069,86.2,Burdekin,AyrDPI,Mulg,1956,Furrow,BareFallow,35,Surf1,200,110,LowFreq,0,P2R,15AprV1R4,T1,3040.4,2728.254,1647.446,1796.101,27.356,5.891,6.71762966351373,0.130629892188322,6.64036231884058,0.91637,35.576,999
2015,14/11/2015,318,2014,15-Apr,10,sugar,alive,4,396,2010,14/10/2014,105,0,0,318,2015,21,2039,7675.12,6871.86,6048.24,186.926,3800.63,,0,0,0,22.109,53.602,53.602,1.243,9930.177,9931.42,147566.404,1.081,22,2420,382.4,69.1,1182.793,231.082,1388.378,157.553,1545.931,1.396,9920.225,1.429,9921.655,147444.005,200,354.053,494.391,20.299,0.024,5.179,4.486,14406.827,398.452,0.905,3361,12.4,1344.4,0,0,18.652,30.213,20.932,83.4,Burdekin,AyrDPI,Mulg,1956,Furrow,BareFallow,35,Surf1,200,110,LowFreq,0,P2R,15AprV1R4,T1,2802.4,2651.082,1251.893,1409.446,25.502,5.203,7.05093241174735,0.120914840313054,6.51310104529617,0.93463,38.006,999
2016,14/04/2016,105,0,15-Apr,10,none,out,-1,0,2010,0.000,105,0,0,318,-1,21,2039,0,0,0,0,0,,0,0,0,0,58.179,58.179,1.429,9920.225,9921.655,147444.005,1.081,0,0,369.6,129.469,87.263,259.381,0,9.98,9.98,0,10082.035,2.908,10084.942,150400.969,0,0,69.514,0.755,0.113,0.099,0.163,6861.462,399.406,0.999,9806.7,43.5,3922.7,0,0,22.856,32.574,21.881,43.6,Burdekin,AyrDPI,Mulg,1956,Furrow,BareFallow,35,Surf1,200,110,LowFreq,0,P2R,15AprV1R4,T1,369.6,259.381,216.732,226.712,0.967,0.212,0,0,0,,0,999
2017,14/07/2017,195,2016,15-Apr,11,sugar,alive,0,456,2016,14/4/2016,105,0,0,318,2017,21,2039,8075.48,7174.83,6308.18,194.135,3794.3,,0,0,0,21.14,201.068,201.068,2.908,10082.035,10084.942,150400.969,1.092,19,2090,1011.6,242.509,1369.154,614.904,1363.529,261.588,1625.117,3.585,9827.112,2.054,9829.165,145899.78,200,481.173,564.863,47.283,2.175,14.463,8.904,12515.603,402.302,0.912,3471,12.7,1388.4,0,0,18.795,29.534,17.004,107.8,Burdekin,AyrDPI,Mulg,1956,Furrow,BareFallow,35,Surf1,200,110,LowFreq,0,P2R,15AprV1R4,T1,3101.6,2704.904,1611.663,1873.251,63.921,16.638,7.17714935539302,0.119459091253122,7.64311023622047,0.970675,37.943,999
2018,14/08/2018,226,2017,15-Apr,11,sugar,alive,1,396,2016,14/7/2017,105,0,0,318,2018,21,2039,6902.56,6127.96,5346.94,164.062,2986.27,,0,0,0,19.489,65.888,65.888,2.054,9827.112,9829.165,145899.78,1.067,19,2090,692.9,191.47,1250.946,368.343,1233.58,109.867,1343.446,1.43,9878.426,1.1,9879.526,146579.758,200,299.31,448.817,24.086,0.242,5.045,5.22,13442.707,404.852,0.894,3207.1,11.9,1282.8,0,0,17.825,29.496,17.917,130.4,Burdekin,AyrDPI,Mulg,1956,Furrow,BareFallow,35,Surf1,200,110,LowFreq,0,P2R,15AprV1R4,T1,2782.9,2458.343,1442.416,1552.283,29.373,5.287,6.67368223230038,0.122120278745852,6.45913385826772,0.82031,29.863,999
2019,14/09/2019,257,2018,15-Apr,11,sugar,alive,2,396,2016,14/8/2018,105,0,0,318,2019,21,2039,6181.78,5476.67,4772.2,145.857,2551.8,,0,0,0,18.619,62.926,62.926,1.1,9878.426,9879.526,146579.758,1.081,18,1980,1209.8,454.789,1543.134,498.212,1078.852,119.361,1198.213,1.8,9895.428,1.139,9896.567,146902.748,200,304.246,439.75,30.806,0.076,5.131,6.47,13037.185,407.441,0.891,3163.7,11.7,1265.5,0,0,18.144,29.437,17.384,92.8,Burdekin,AyrDPI,Mulg,1956,Furrow,BareFallow,35,Surf1,200,110,LowFreq,0,P2R,15AprV1R4,T1,3189.8,2478.212,1997.923,2117.284,36.013,5.207,5.88557395412499,0.12172877443326,6.00234567901235,0.729285,25.518,999
2020,13/10/2020,287,2019,15-Apr,11,sugar,alive,3,395,2016,14/9/2019,105,0,0,318,2020,21,2039,7066.52,6312.95,5507.81,169.581,3085.5,,0,0,0,19.48,56.589,56.589,1.139,9895.428,9896.567,146902.748,1.084,20,2200,1063.7,194.038,1647.605,439.892,1250.907,173.079,1423.986,3.318,9874.305,1.133,9875.438,146803.112,200,344.475,482.177,24.284,0.056,7.243,5.189,12978.888,410.061,0.909,3421.2,12.6,1368.5,0,0,18.534,29.796,18.848,327.8,Burdekin,AyrDPI,Mulg,1956,Furrow,BareFallow,35,Surf1,200,110,LowFreq,0,P2R,15AprV1R4,T1,3263.7,2639.892,1841.643,2014.722,31.583,7.299,6.42378551849849,0.119088951717222,6.39928301886792,0.847905,30.855,999
2021,13/11/2021,317,2020,15-Apr,11,sugar,alive,4,396,2016,13/10/2020,105,0,0,318,2021,21,2039,6989.62,6225.35,5379.15,165.831,3047.04,,0,0,0,19.7,54.66,54.66,1.133,9874.305,9875.438,146803.112,1.08,20,2200,1089.1,360.722,1623.649,467.637,1141.877,145.061,1286.938,2.069,9894.13,1.551,9895.681,146925.546,200,314.34,463.35,28.177,0.088,4.686,5.942,13740.024,412.726,0.79,2232.7,8.2,893.1,0,0,19.439,29.644,17.39,132.4,Burdekin,AyrDPI,Mulg,1956,Furrow,BareFallow,35,Surf1,200,110,LowFreq,0,P2R,15AprV1R4,T1,3289.1,2667.637,1984.371,2129.432,32.951,4.774,6.21640050726542,0.128857023415269,6.25777358490566,0.829155,30.47,999
1959,15/04/1959,105,0,15-Apr,0,none,out,-1,0,-1,0.000,105,0,0,318,-1,21,2039,0,0,0,0,0,,0,0,0,0,0,0,0,0,0,0,0.89,0,0,680.2,0,344.03,336.17,0,225.065,225.065,15.793,9502.966,35.893,9538.86,141745.778,0,0,37.801,4.124,0,0.996,0.671,1070.555,350,0.011,16,0.1,6.4,0,0,21.816,30.221,18.76,162.8,Burdekin,AyrDPI,Mulg,1959,Furrow,BareFallow,35,Surf1,200,110,LowFreq,0,P2R,15AprV1R4,T1,680.2,336.17,344.03,569.095,5.12,0.996,0,0,0,,0,999
1960,14/07/1960,196,1959,15-Apr,1,sugar,alive,0,456,1959,15/4/1959,105,0,0,318,1960,21,2039,7974.59,7165.06,6180.04,191.578,3392.61,,0,0,0,18.882,140.656,140.656,35.893,9502.966,9538.86,141745.778,0.884,21,2310,1153.2,151.207,1727.519,583.136,1287.918,365.979,1653.897,26.664,9418.87,0.68,9419.55,141368.039,200,298.702,320.307,36.067,0.118,19.966,7.551,3373.328,350,0.973,5164,18.9,2065.6,0,0,17.069,28.071,18.912,210.1,Burdekin,AyrDPI,Mulg,1959,Furrow,BareFallow,35,Surf1,200,110,LowFreq,0,P2R,15AprV1R4,T1,3463.2,2893.136,1878.726,2244.705,56.151,20.084,6.62181107282893,0.11583429923387,6.94123188405797,0.95789,33.926,999
1961,14/08/1961,226,1960,15-Apr,1,sugar,alive,1,396,1959,14/7/1960,105,0,0,318,1961,21,2039,5437.41,4831.68,4237.14,129.854,2560.75,,0,0,0,21.356,71.233,71.233,0.68,9418.87,9419.55,141368.039,0.868,20,2200,498.3,267.108,1331.485,320.26,1057.452,5.077,1062.529,0,9503.896,1.369,9505.265,143000.363,200,209.685,311.371,19.523,0.001,2.277,4.229,8200.4,350,1,14250.8,61.8,5700.3,0,0,16.793,28.667,20.656,63.2,Burdekin,AyrDPI,Mulg,1959,Furrow,BareFallow,35,Surf1,200,110,LowFreq,0,P2R,15AprV1R4,T1,2698.3,2520.26,1598.593,1603.67,21.801,2.278,5.15240491060446,0.122212193737771,4.90015094339623,0.64927,25.608,999
1962,14/09/1962,257,1961,15-Apr,1,sugar,alive,2,396,1959,14/8/1961,105,0,0,318,1962,21,2039,6030.51,5373.09,4695.29,144.156,2766.18,,0,0,0,20.702,108.411,108.411,1.369,9503.896,9505.265,143000.363,0.882,18,1980,937.4,346.762,1448.456,501.602,1149.164,8.703,1157.866,0.002,9600.483,1.382,9601.865,144928.883,200,219.262,366.524,18.591,0.001,10.277,4.13,10887.709,350,0.999,10553.9,41.7,4221.6,0,0,17.109,29.133,20.274,102.1,Burdekin,AyrDPI,Mulg,1959,Furrow,BareFallow,35,Surf1,200,110,LowFreq,0,P2R,15AprV1R4,T1,2917.4,2481.602,1795.218,1803.921,28.869,10.278,5.80898951564352,0.124501453536074,5.93234567901235,0.72078,27.662,999
1963,14/10/1963,287,1962,15-Apr,1,sugar,alive,3,395,1959,14/9/1962,105,0,0,318,1963,21,2039,6450.58,5856.57,5024.88,155.874,2964.68,,0,0,0,20.494,72.726,72.726,1.382,9600.483,9601.865,144928.883,0.902,19,2090,1159.2,450.768,1553.428,620.286,1196.879,51.602,1248.48,0.161,9681.511,1.309,9682.82,146795.458,200,246.658,407.22,25.646,0.001,5.695,5.412,12652.612,350,0.946,4166.4,15.7,1666.5,0,0,17.278,29.174,19.607,91.9,Burdekin,AyrDPI,Mulg,1959,Furrow,BareFallow,35,Surf1,200,110,LowFreq,0,P2R,15AprV1R4,T1,3249.2,2710.286,2004.196,2055.798,31.342,5.696,5.75120116474793,0.124851018838908,6.13677165354331,0.77937,29.647,999
1964,13/11/1964,318,1963,15-Apr,1,sugar,alive,4,396,1959,14/10/1963,105,0,0,318,1964,21,2039,6751.11,6009.09,5155.5,158.27,3013.37,,0,0,0,20.519,69.251,69.251,1.309,9681.511,9682.82,146795.458,0.921,20,2200,609.9,125.909,1252.686,480.307,1284.284,152.674,1436.958,1.546,9650.562,1.688,9652.25,147782.909,200,351.278,492.951,25.446,0,5.286,5.408,12511.86,350,0.8,2301.6,8.5,920.6,0,0,18.207,29.941,19.626,92.7,Burdekin,AyrDPI,Mulg,1959,Furrow,BareFallow,35,Surf1,200,110,LowFreq,0,P2R,15AprV1R4,T1,2809.9,2680.307,1378.595,1531.269,30.732,5.286,5.90492059305147,0.110142398038078,5.97245283018868,0.79135,30.134,999
1965,15/04/1965,105,0,15-Apr,1,none,out,-1,0,1959,0.000,105,0,0,318,-1,21,2039,0,0,0,0,0,,0,0,0,0,63.599,63.599,1.688,9650.562,9652.25,147782.909,0.921,0,0,672.7,233.09,303.435,297.869,0,16.553,16.553,0.001,9795.52,10.281,9805.801,150719.53,0,0,79.058,2.092,0.003,0.275,0.258,6233.152,350,0.997,8246.8,37.9,3298.7,0,0,20.666,31.784,21.473,107.4,Burdekin,AyrDPI,Mulg,1959,Furrow,BareFallow,35,Surf1,200,110,LowFreq,0,P2R,15AprV1R4,T1,672.7,297.869,536.525,553.078,2.37,0.278,0,0,0,,0,999
1966,15/07/1966,196,1965,15-Apr,2,sugar,alive,0,456,1965,15/4/1965,105,0,0,318,1966,21,2039,8541.2,7661.12,6689.64,207.193,3599.1,,0,0,0,18.466,183.221,183.221,10.281,9795.52,9805.801,150719.53,0.932,23,2530,465.4,195.278,1186.524,335.094,1441.701,281.529,1723.23,2.766,9604.886,1.691,9606.576,148788.308,200,427.06,498.928,48.738,0.002,9.488,9.658,9525.542,350,0.891,3163.6,11.6,1265.4,0,0,17.033,28.275,19.056,102.9,Burdekin,AyrDPI,Mulg,1959,Furrow,BareFallow,35,Surf1,200,110,LowFreq,0,P2R,15AprV1R4,T1,2995.4,2865.094,1381.802,1663.331,58.228,9.49,7.23163009660416,0.120235255885749,6.95278523489933,1.035965,35.991,999
1967,15/08/1967,227,1966,15-Apr,2,sugar,alive,1,396,1965,15/7/1966,105,0,0,318,1967,21,2039,6484.38,5798.34,5032.36,155.384,3012.71,,0,0,0,20.948,73.591,73.591,1.691,9604.886,9606.576,148788.308,0.913,19,2090,834,284.525,1409.517,440.142,1159.837,57.979,1217.817,0.317,9700.704,1.128,9701.832,150655.548,200,242.973,389.616,31.026,0.002,2.968,6.453,12026.849,350,0.917,3555,14.1,1422,0,0,17.814,28.509,19.254,154.9,Burdekin,AyrDPI,Mulg,1959,Furrow,BareFallow,35,Surf1,200,110,LowFreq,0,P2R,15AprV1R4,T1,2924,2530.142,1694.042,1752.021,33.996,2.97,6.14131538862246,0.127592240870344,6.11748031496063,0.77692,30.127,999
1968,14/09/1968,258,1967,15-Apr,2,sugar,alive,2,396,1965,15/8/1967,105,0,0,318,1968,21,2039,6927.1,6222.53,5427.42,167.622,3151.2,,0,0,0,20.223,85.731,85.731,1.128,9700.704,9701.832,150655.548,0.934,19,2090,1458.4,445.61,1828.306,544.174,1163.909,134.991,1298.899,1.964,9716.125,1.085,9717.21,152030.311,200,304.946,429.008,21.93,0.003,6.392,4.743,11768.396,350,0.906,3382.4,12.5,1353,0,0,17.894,28.57,20.086,187.9,Burdekin,AyrDPI,Mulg,1959,Furrow,BareFallow,35,Surf1,200,110,LowFreq,0,P2R,15AprV1R4,T1,3548.4,2634.174,2273.916,2408.907,28.325,6.395,6.36336096248767,0.129049294825849,6.59929133858268,0.83811,31.512,999
1969,14/10/1969,287,1968,15-Apr,2,sugar,alive,3,395,1965,14/9/1968,105,0,0,318,1969,21,2039,6922.4,6203.3,5356.16,165.091,3152.41,,0,0,0,20.587,61.315,61.315,1.085,9716.125,9717.21,152030.311,0.94,23,2530,202.9,66.182,1229.342,168.851,1286.327,152.78,1439.107,1.505,9720.333,1.319,9721.652,153166.561,200,323.294,462.408,24.409,0.001,5.043,5.278,12311.603,350,0.895,3215,11.9,1286,0,0,17.557,29.56,20.698,46.5,Burdekin,AyrDPI,Mulg,1959,Furrow,BareFallow,35,Surf1,200,110,LowFreq,0,P2R,15AprV1R4,T1,2732.9,2698.851,1295.524,1448.304,29.453,5.044,6.11708464083419,0.11471766866536,5.53996644295302,0.825455,31.524,999
1970,14/11/1970,318,1969,15-Apr,2,sugar,alive,4,396,1965,14/10/1969,105,0,0,318,1970,21,2039,7441.27,6676.46,5745,177.682,3510.68,,0,0,0,21.403,59.584,59.584,1.319,9720.333,9721.652,153166.561,0.943,21,2310,761.7,183.275,1357.921,468.985,1362.372,147.887,1510.259,1.423,9739.793,2.951,9742.744,154452.672,200,311.995,457.441,29.885,0.002,3.959,6.183,12756.087,350,0.812,2390.3,8.9,956.1,0,0,18.289,29.657,20.574,133.6,Burdekin,AyrDPI,Mulg,1959,Furrow,BareFallow,35,Surf1,200,110,LowFreq,0,P2R,15AprV1R4,T1,3071.7,2778.985,1541.196,1689.083,33.846,3.961,6.39377326613854,0.117650018970256,6.43775362318841,0.88841,35.107,999
1971,02/05/1971,122,0,15-Apr,2,none,out,-1,0,1965,0.000,122,17,0,335,-1,14,2039,0,0,0,0,0,,0,0,0,0,79.828,79.828,2.951,9739.793,9742.744,154452.672,0.949,0,0,941.4,418.527,381.108,344.927,0,12.729,12.729,0,9884.792,7.727,9892.52,157787.052,0,0,68.347,2.266,0.014,0.357,0.256,6396.236,350,0.998,9210.2,39.8,3684.1,0,0,21.65,30.795,19.718,220,Burdekin,AyrDPI,Mulg,1959,Furrow,BareFallow,35,Surf1,200,110,LowFreq,0,P2R,15AprV1R4,T1,941.4,344.927,799.635,812.364,2.637,0.371,0,0,0,,0,999
1972,31/07/1972,213,1971,15-Apr,3,sugar,alive,0,456,1971,2/5/1971,122,17,0,335,1972,14,2039,7753.23,6949.58,6024.06,185.51,3209.94,,0,0,0,18.383,208.865,208.865,7.727,9884.792,9892.52,157787.052,0.96,20,2200,1507.3,407.705,1795.01,629.169,1368.764,276.453,1645.217,4.71,9715.031,1.724,9716.755,155302.699,200,408.132,474.871,40.091,0.008,13.597,7.987,10306.33,350,0.912,3473.2,12.7,1389.3,0,0,16.149,28.257,19.019,206.2,Burdekin,AyrDPI,Mulg,1959,Furrow,BareFallow,35,Surf1,200,110,LowFreq,0,P2R,15AprV1R4,T1,3707.3,2829.169,2202.715,2479.168,53.696,13.605,6.55704908402432,0.112757162125118,7.00037735849057,0.92755,32.099,999
1973,31/08/1973,243,1972,15-Apr,3,sugar,alive,1,396,1971,31/7/1972,122,17,0,335,1973,14,2039,6750.35,6032.51,5210.42,160.38,2809.59,,0,0,0,18.648,68.234,68.234,1.724,9715.031,9716.755,155302.699,0.943,18,1980,1043.1,311.498,1407.884,550.559,1191.413,99.638,1291.051,1.014,9792.547,1.25,9793.797,156447.234,200,277.602,410.299,21.331,0.004,4.581,4.674,12849.278,350,0.85,2711.1,10.3,1084.4,0,0,17.848,28.886,19.838,108.5,Burdekin,AyrDPI,Mulg,1959,Furrow,BareFallow,35,Surf1,200,110,LowFreq,0,P2R,15AprV1R4,T1,3023.1,2530.559,1719.382,1819.02,25.916,4.585,6.33773012207975,0.124224372236263,6.6,0.8019,28.096,999
1974,01/10/1974,274,1973,15-Apr,3,sugar,alive,2,396,1971,31/8/1973,122,17,0,335,1974,14,2039,6076.97,5506.32,4676.35,145.055,2768.81,,0,0,0,20.578,80.901,80.901,1.25,9792.547,9793.797,156447.234,0.963,16,1760,2024.7,951.841,1700.108,643.862,1015.693,110.468,1126.161,0.829,9828.528,1.382,9829.91,157445.396,200,256.956,389.507,48.315,0.012,3.689,9.46,11777.588,350,0.818,2432.6,9.1,973.1,0,0,17.755,28.289,18.313,152.9,Burdekin,AyrDPI,Mulg,1959,Furrow,BareFallow,35,Surf1,200,110,LowFreq,0,P2R,15AprV1R4,T1,3784.7,2403.862,2651.949,2762.417,52.016,3.701,6.03424822223572,0.128804851171369,6.56357466063348,0.725275,27.688,999
1975,31/10/1975,304,1974,15-Apr,3,sugar,alive,3,395,1971,1/10/1974,122,17,0,335,1975,14,2039,7390.05,6661.6,5719.47,177.429,3324.67,,0,0,0,20.148,87.49,87.49,1.382,9828.528,9829.91,157445.396,0.97,19,2090,1116.2,261.334,1399.486,716.551,1241.475,173.765,1415.24,2.173,9810.676,2.346,9813.022,157861.758,200,325.303,456.512,32.201,0.005,6.353,6.597,12266.246,350,0.81,2372.6,8.7,949,0,0,18.379,28.769,19.805,179.8,Burdekin,AyrDPI,Mulg,1959,Furrow,BareFallow,35,Surf1,200,110,LowFreq,0,P2R,15AprV1R4,T1,3206.2,2806.551,1660.82,1834.585,38.559,6.358,6.32195887407711,0.125370255221729,6.9853937007874,0.887145,33.247,999
1976,30/11/1976,335,1975,15-Apr,3,sugar,alive,4,396,1971,31/10/1975,122,17,0,335,1976,14,2039,6453.47,5824.27,5024.27,156.982,3245.61,,0,0,0,22.53,217.63,217.63,2.346,9810.676,9813.022,157861.758,0.969,19,2090,1651.4,865.323,1738.94,556.019,1105.78,146.441,1252.22,1.077,9848.511,4.059,9852.57,158216.068,200,260.419,413.033,43.116,0.128,12.178,8.32,12931.744,350,0.709,1765,6.6,706,0,0,17.942,28.738,19.949,139.2,Burdekin,AyrDPI,Mulg,1959,Furrow,BareFallow,35,Surf1,200,110,LowFreq,0,P2R,15AprV1R4,T1,3741.4,2646.019,2604.263,2750.704,55.422,12.306,5.9327616317192,0.125362955391225,6.1803937007874,0.78491,32.456,999
1977,18/04/1977,108,0,15-Apr,3,none,out,-1,0,1971,0.000,108,3,0,321,-1,19,2039,0,0,0,0,0,,0,0,0,0,102.546,102.546,4.059,9848.511,9852.57,158216.068,0.976,0,0,1080.6,372.366,604.237,289.592,0,23.893,23.893,0.002,9984.167,6.339,9990.506,160948.913,0,0,65.547,1.326,0.044,0.516,0.183,6167.014,350,0.992,6846.9,29.4,2738.8,0,0,22.691,31.005,19.759,170.6,Burdekin,AyrDPI,Mulg,1959,Furrow,BareFallow,35,Surf1,200,110,LowFreq,0,P2R,15AprV1R4,T1,1080.6,289.592,976.603,1000.496,1.886,0.56,0,0,0,,0,999
1978,18/07/1978,199,1977,15-Apr,4,sugar,alive,0,456,1977,18/4/1977,108,3,0,321,1978,18,2039,8971.12,8064.24,7047.51,218.543,3715.6,,0,0,0,18.012,182.65,182.65,6.339,9984.167,9990.506,160948.913,0.986,20,2200,1028.3,220.225,1389.429,560.953,1414.795,295.314,1710.109,3.152,9794.527,2.117,9796.644,156781.294,200,419.396,482.23,42.63,0.021,10.864,8.48,11333.172,350,0.907,3389.3,12.4,1355.7,0,0,17.018,27.756,19.6,150.6,Burdekin,AyrDPI,Mulg,1959,Furrow,BareFallow,35,Surf1,200,110,LowFreq,0,P2R,15AprV1R4,T1,3228.3,2760.953,1609.654,1904.968,53.515,10.885,7.91549149876872,0.127794777993683,8.24690566037736,1.092715,37.156,999
1979,18/08/1979,230,1978,15-Apr,4,sugar,alive,1,396,1977,18/7/1978,108,3,0,321,1979,18,2039,5623.12,5053.79,4350.55,134.375,2515.64,,0,0,0,20.127,91.188,91.188,2.117,9794.527,9796.644,156781.294,0.964,18,1980,1583.7,576.843,1983.578,607.204,952.499,39.321,991.821,0.112,9892.473,2.631,9895.104,156704.468,200,226.986,373.194,31.111,0.024,9.183,6.387,13885.7,350,0.943,4092,16.7,1636.8,0,0,17.725,28.063,18.798,350.7,Burdekin,AyrDPI,Mulg,1959,Furrow,BareFallow,35,Surf1,200,110,LowFreq,0,P2R,15AprV1R4,T1,3563.7,2587.204,2560.421,2599.742,40.318,9.207,5.1938308691545,0.13548311640911,5.5298353909465,0.671875,25.156,999
1980,17/09/1980,261,1979,15-Apr,4,sugar,alive,2,396,1977,18/8/1979,108,3,0,321,1980,18,2039,7341.44,6601.68,5752.88,178.159,3332.06,,0,0,0,20.104,102.647,102.647,2.631,9892.473,9895.104,156704.468,0.986,19,2090,778.5,188.214,1326.395,435.772,1218.47,177.106,1395.576,2.266,9858.349,1.405,9859.753,155060.639,200,344.318,471.516,23.294,0.013,9.181,5.004,14129.137,350,0.903,3329.3,12.2,1331.7,0,0,18.346,28.813,20.602,86.4,Burdekin,AyrDPI,Mulg,1959,Furrow,BareFallow,35,Surf1,200,110,LowFreq,0,P2R,15AprV1R4,T1,2868.5,2525.772,1514.609,1691.715,32.488,9.194,7.05364538050149,0.127659833645749,7.01413385826772,0.890795,33.321,999
1981,17/10/1981,290,1980,15-Apr,4,sugar,alive,3,395,1977,17/9/1980,108,3,0,321,1981,18,2039,7090.06,6384.54,5489.04,170.024,3253.11,,0,0,0,20.634,60.962,60.962,1.405,9858.349,9859.753,155060.639,0.983,19,2090,1125.6,427.363,1466.667,549.349,1192.262,118.544,1310.806,1.28,9874.575,1.845,9876.42,155111.538,200,317.614,452.352,23.451,0.032,5.555,5.042,13762.165,350,0.862,2833.2,10.5,1133.3,0,0,17.881,28.509,19.333,104.8,Burdekin,AyrDPI,Mulg,1959,Furrow,BareFallow,35,Surf1,200,110,LowFreq,0,P2R,15AprV1R4,T1,3215.6,2639.349,1894.03,2012.574,29.038,5.587,6.44189154219469,0.129709506975098,6.69385826771654,0.85012,32.531,999
1982,17/11/1982,321,1981,15-Apr,4,sugar,alive,4,396,1977,17/10/1981,108,3,0,321,1982,18,2039,7281.06,6603.26,5646.59,176.088,3417.19,,0,0,0,20.97,71.727,71.727,1.845,9874.575,9876.42,155111.538,0.994,22,2420,594.4,256.036,1305.974,433.414,1308.85,156.911,1465.761,1.704,9855.254,1.733,9856.988,155199.206,200,333.259,492.301,45.465,0.101,3.461,8.701,13480.427,350,0.85,2707.5,10,1083,0,0,17.67,29.244,20.371,47.4,Burdekin,AyrDPI,Mulg,1959,Furrow,BareFallow,35,Surf1,200,110,LowFreq,0,P2R,15AprV1R4,T1,3014.4,2853.414,1562.01,1718.921,49.027,3.562,6.17113394691412,0.120134182857915,6.13547038327526,0.88044,34.172,999
1983,24/04/1983,114,0,15-Apr,4,none,out,-1,0,1977,0.000,114,9,0,327,-1,14,2039,0,0,0,0,0,,0,0,0,0,58.356,58.356,1.733,9855.254,9856.988,155199.206,0.996,0,0,364.4,99.822,118.934,231.908,0,10.678,10.678,0,10007.949,4.479,10012.427,157740.37,0,0,66.895,0.787,0.038,0.118,0.161,6795.797,350,0.999,9661,44.7,3864.4,0,0,22.149,31.423,22.115,73,Burdekin,AyrDPI,Mulg,1959,Furrow,BareFallow,35,Surf1,200,110,LowFreq,0,P2R,15AprV1R4,T1,364.4,231.908,218.756,229.434,0.943,0.156,0,0,0,,0,999
1984,23/07/1984,205,1983,15-Apr,5,sugar,alive,0,456,1983,24/4/1983,114,9,0,327,1984,14,2039,8178.79,7279.55,6369.53,195.985,3580.09,,0,0,0,19.569,193.322,193.322,4.479,10007.949,10012.427,157740.37,1.007,22,2420,771.9,303.44,1390.279,502.836,1368.375,257.832,1626.207,3.286,9799.799,1.869,9801.668,154430.651,200,457.463,520.948,34.945,0.115,9.961,6.975,11366.872,350,0.921,3628.9,13.3,1451.5,0,0,17.566,28.183,18.147,95.4,Burdekin,AyrDPI,Mulg,1959,Furrow,BareFallow,35,Surf1,200,110,LowFreq,0,P2R,15AprV1R4,T1,3191.9,2922.836,1693.719,1951.551,45.021,10.076,6.70530265810329,0.120516637795803,6.8287456445993,0.979925,35.801,999
1985,23/08/1985,235,1984,15-Apr,5,sugar,alive,1,396,1983,23/7/1984,114,9,0,327,1985,14,2039,6772.49,6083.57,5272.55,162.94,3056.31,,0,0,0,20.171,65.297,65.297,1.869,9799.799,9801.668,154430.651,0.989,18,1980,859.9,203.376,1372.363,601.556,1186.579,72.485,1259.065,0.568,9881.741,1.127,9882.867,155271.659,200,261.855,408.332,34.475,0.051,3.976,7.038,13229.905,350,0.908,3404.3,13.3,1361.7,0,0,17.326,28.416,19.298,111.4,Burdekin,AyrDPI,Mulg,1959,Furrow,BareFallow,35,Surf1,200,110,LowFreq,0,P2R,15AprV1R4,T1,2839.9,2581.556,1575.739,1648.224,38.502,4.027,6.31169728644275,0.129413493346253,6.70534979423868,0.8147,30.563,999
1986,23/09/1986,266,1985,15-Apr,5,sugar,alive,2,396,1983,23/8/1985,114,9,0,327,1986,14,2039,6955.46,6253.7,5370.38,166.015,3080.88,,0,0,0,19.926,70.395,70.395,1.127,9881.741,9882.867,155271.659,1.009,20,2200,745.5,153.552,1395.36,502.142,1240.943,142.544,1383.487,1.717,9860.68,1.321,9862,155177.92,200,341.269,474.471,28.709,0.039,5.929,5.989,13556.642,350,0.825,2491.3,9.2,996.5,0,0,18.181,29.128,18.868,117.8,Burdekin,AyrDPI,Mulg,1959,Furrow,BareFallow,35,Surf1,200,110,LowFreq,0,P2R,15AprV1R4,T1,2945.5,2702.142,1548.912,1691.456,34.677,5.968,6.14382959888859,0.11999751352922,6.26471698113208,0.830075,30.809,999
1987,23/10/1987,296,1986,15-Apr,5,sugar,alive,3,395,1983,23/9/1986,114,9,0,327,1987,14,2039,6816.91,6130.37,5296.02,163.941,3151.31,,0,0,0,20.743,83.495,83.495,1.321,9860.68,9862,155177.92,1.008,22,2420,411.6,141.508,1300.752,333.98,1267.617,142.278,1409.896,1.435,9859.861,1.487,9861.348,155175.299,200,302.796,455.629,52.779,0.058,3.999,10.373,13362.034,350,0.86,2810.7,10.4,1124.3,0,0,18.501,29.827,20.022,44,Burdekin,AyrDPI,Mulg,1959,Furrow,BareFallow,35,Surf1,200,110,LowFreq,0,P2R,15AprV1R4,T1,2831.6,2753.98,1442.26,1584.538,56.836,4.057,5.95287547476743,0.116278789357513,5.71222996515679,0.819705,31.513,999
1988,22/11/1988,327,1987,15-Apr,5,sugar,alive,4,396,1983,23/10/1987,114,9,0,327,1988,14,2039,6686.35,5942.88,5220.05,161.201,3068.78,,0,0,0,20.516,62.94,62.94,1.487,9859.861,9861.348,155175.299,1.01,20,2200,987,262.952,1563.227,429.6,1193.889,162.759,1356.648,1.881,9869.709,2.094,9871.803,155302.179,200,295.524,446.643,45.912,0.071,3.246,9.037,12993.017,350,0.844,2655,9.8,1062,0,0,18.773,29.592,19.948,254,Burdekin,AyrDPI,Mulg,1959,Furrow,BareFallow,35,Surf1,200,110,LowFreq,0,P2R,15AprV1R4,T1,3187,2629.6,1826.179,1988.938,49.229,3.317,6.13024794645573,0.118823010832582,6.08305660377359,0.806005,30.688,999
1989,15/04/1989,105,0,15-Apr,5,none,out,-1,0,1983,0.000,105,0,0,327,-1,14,2039,0,0,0,0,0,,0,0,0,0,67.114,67.114,2.094,9869.709,9871.803,155302.179,1.013,0,0,1069.1,407.758,465.662,437.999,0,17.642,17.642,0.003,10013.737,3.274,10017.011,158240.598,0,0,60.068,1.216,0.211,0.433,0.163,5975.915,350,0.997,8156,36.7,3262.4,0,0,21.847,31.006,20.51,134.8,Burdekin,AyrDPI,Mulg,1959,Furrow,BareFallow,35,Surf1,200,110,LowFreq,0,P2R,15AprV1R4,T1,1069.1,437.999,873.42,891.062,1.86,0.644,0,0,0,,0,999
1990,15/07/1990,196,1989,15-Apr,6,sugar,alive,0,456,1989,15/4/1989,105,0,0,318,1990,21,2039,7769.14,6957.06,6043.27,186.847,3509.31,,0,0,0,20.202,245.152,245.152,3.274,10013.737,10017.011,158240.598,1.023,19,2090,1562.6,604.009,1584.481,704.545,1289.246,328.956,1618.202,4.629,9821.724,2.424,9824.148,154141.302,200,417.896,496.889,40.011,0.218,14.947,7.699,11240.072,350.462,0.882,3052,11.2,1220.8,0,0,17.385,28.018,18.506,103,Burdekin,AyrDPI,Mulg,1959,Furrow,BareFallow,35,Surf1,200,110,LowFreq,0,P2R,15AprV1R4,T1,3652.6,2794.545,2188.49,2517.446,55.176,15.165,6.68613316300149,0.115465807111844,7.35618110236221,0.934235,35.093,999
1991,15/08/1991,227,1990,15-Apr,6,sugar,alive,1,396,1989,15/7/1990,105,0,0,318,1991,21,2039,6548.84,5928.27,5099.13,158.201,2642.28,,0,0,0,17.644,91.061,91.061,2.424,9821.724,9824.148,154141.302,1.003,19,2090,1680.4,563.137,1946.267,370.913,1160.874,117.456,1278.33,1.389,9881.652,1.333,9882.985,154296.945,200,287.889,416.92,19.063,0.078,8.954,4.222,13407.863,352.128,0.844,2653.5,10.1,1061.4,0,0,16.827,28.484,19.182,204.4,Burdekin,AyrDPI,Mulg,1959,Furrow,BareFallow,35,Surf1,200,110,LowFreq,0,P2R,15AprV1R4,T1,3770.4,2460.913,2509.404,2626.86,28.095,9.032,6.42854907914258,0.123755994148616,6.22838582677165,0.791005,26.423,999
1992,14/09/1992,258,1991,15-Apr,6,sugar,alive,2,396,1989,15/8/1991,105,0,0,318,1992,21,2039,7792.05,7033.44,6161.44,191.358,3686.96,,0,0,0,20.799,73.727,73.727,1.333,9881.652,9882.985,154296.945,1.019,21,2310,643.5,170.238,1246.777,363.332,1369.632,162.782,1532.414,1.839,9866.129,1.224,9867.353,153799.008,200,339.819,462.016,21.277,0.067,6.195,4.635,13555.39,353.823,0.891,3160,11.6,1264,0,0,17.978,29.375,20.6,122.8,Burdekin,AyrDPI,Mulg,1959,Furrow,BareFallow,35,Surf1,200,110,LowFreq,0,P2R,15AprV1R4,T1,2953.5,2673.332,1417.015,1579.797,27.539,6.262,7.15803349527855,0.124873565498619,6.93326086956522,0.95679,36.87,999
1993,14/10/1993,287,1992,15-Apr,6,sugar,alive,3,395,1989,14/9/1992,105,0,0,318,1993,21,2039,7317.09,6556.36,5751.66,177.849,3629.89,,0,0,0,22.204,77.797,77.797,1.224,9866.129,9867.353,153799.008,1.018,22,2420,531.1,176.964,1378.09,376.998,1282.06,123.508,1405.568,0.986,9904.003,1.32,9905.323,153686.46,200,303.8,438.476,19.164,0.075,6.134,4.218,14558.914,355.556,0.851,2717.8,10.1,1087.1,0,0,17.951,29.038,20.484,72,Burdekin,AyrDPI,Mulg,1959,Furrow,BareFallow,35,Surf1,200,110,LowFreq,0,P2R,15AprV1R4,T1,2951.1,2796.998,1555.054,1678.562,25.373,6.209,6.35856729250432,0.126531765094254,6.19682926829268,0.889245,36.299,999
1994,14/11/1994,318,1993,15-Apr,6,sugar,alive,4,396,1989,14/10/1993,105,0,0,318,1994,21,2039,7418.98,6684.35,5905.09,183.572,3705.87,,0,0,0,21.931,68.275,68.275,1.32,9904.003,9905.323,153686.46,1.026,22,2420,365.6,85.024,1244.848,276.382,1311.712,156.324,1468.036,1.443,9905.246,1.503,9906.749,153082.075,200,321.967,459.214,26.648,0.039,8.984,5.669,14250.955,357.322,0.902,3323.8,12.3,1329.5,0,0,18.061,29.441,20.865,46.8,Burdekin,AyrDPI,Mulg,1959,Furrow,BareFallow,35,Surf1,200,110,LowFreq,0,P2R,15AprV1R4,T1,2785.6,2696.382,1329.872,1486.196,35.671,9.023,6.80808579793219,0.125045979798861,6.39623693379791,0.91786,37.059,999
1995,15/04/1995,105,0,15-Apr,6,none,out,-1,0,1989,0.000,105,0,0,318,-1,21,2039,0,0,0,0,0,,0,0,0,0,55.968,55.968,1.503,9905.246,9906.749,153082.075,1.028,0,0,352.3,128.432,101.828,235.091,0,13.756,13.756,0,10058.452,3.966,10062.418,155714.847,0,0,70.523,0.719,0.181,0.116,0.163,6985.395,358.015,0.998,8713.9,39.3,3485.5,0,0,22.668,31.676,22.661,55.2,Burdekin,AyrDPI,Mulg,1959,Furrow,BareFallow,35,Surf1,200,110,LowFreq,0,P2R,15AprV1R4,T1,352.3,235.091,230.26,244.016,1.016,0.297,0,0,0,,0,999
1996,14/07/1996,196,1995,15-Apr,7,sugar,alive,0,456,1995,15/4/1995,105,0,0,318,1996,21,2039,9024.27,8018.97,7155.82,220.585,4256.63,,0,0,0,20.835,164.253,164.253,3.966,10058.452,10062.418,155714.847,1.039,22,2420,667.7,116.643,1345.313,401.188,1430.289,300.203,1730.491,3.646,9825.773,2.081,9827.854,149686.577,200,486.554,551.805,28.816,0.197,10.567,6.036,14202.422,360.105,0.913,3492.2,12.8,1396.9,0,0,18.934,29.127,19.288,107,Burdekin,AyrDPI,Mulg,1959,Furrow,BareFallow,35,Surf1,200,110,LowFreq,0,P2R,15AprV1R4,T1,3087.7,2821.188,1461.956,1762.159,39.58,10.764,7.81886921396235,0.127469602557887,7.68588850174216,1.102925,42.566,999
1997,14/08/1997,226,1996,15-Apr,7,sugar,alive,1,396,1995,14/7/1996,105,0,0,318,1997,21,2039,7458.79,6695.66,5927.09,183.344,3441.77,,0,0,0,20.19,59.506,59.506,2.081,9825.773,9827.854,149686.577,1.016,19,2090,936,335.915,1430.342,480.06,1162.925,65.877,1228.803,0.36,9920.879,1.083,9921.962,149242.276,200,260.349,409.787,23.867,0.145,4.2,5.244,15407.655,361.957,0.912,3478.7,13.4,1391.5,0,0,18.617,28.449,20.38,116.8,Burdekin,AyrDPI,Mulg,1959,Furrow,BareFallow,35,Surf1,200,110,LowFreq,0,P2R,15AprV1R4,T1,3026,2570.06,1766.257,1832.134,28.212,4.345,7.1338412332786,0.149205364895756,7.21826771653543,0.91672,34.418,999
1998,14/09/1998,257,1997,15-Apr,7,sugar,alive,2,396,1995,14/8/1997,105,0,0,318,1998,21,2039,7529.31,6768.79,5947.32,184.381,3517.35,,0,0,0,20.564,90.446,90.446,1.083,9920.879,9921.962,149242.276,1.037,19,2090,988.6,232.36,1589.999,505.128,1107.197,124.676,1231.873,1.429,9901.051,2.951,9904.002,147455.755,200,342.554,470.082,27.056,0.216,4.93,5.695,15962.225,363.843,0.821,2461.2,9.1,984.5,0,0,20.231,28.713,19.364,189.6,Burdekin,AyrDPI,Mulg,1959,Furrow,BareFallow,35,Surf1,200,110,LowFreq,0,P2R,15AprV1R4,T1,3078.6,2595.128,1822.359,1947.035,32.202,5.146,7.10489039461637,0.149675331791508,7.25909448818898,0.921905,35.173,999
1999,14/10/1999,287,1998,15-Apr,7,sugar,alive,3,395,1995,14/9/1998,105,0,0,318,1999,21,2039,7552.4,6869.05,5941.24,185.618,3644.62,,0,0,0,21.251,114.814,114.814,2.951,9901.051,9904.002,147455.755,1.037,20,2200,1114.4,413.973,1645.639,605.326,1152.078,150.903,1302.981,1.985,9876.529,1.704,9878.232,146864.96,200,328.686,479.728,39.096,1.931,12.201,7.559,14230.743,365.763,0.853,2739.4,10.1,1095.8,0,0,19.63,28.738,19.443,112,Burdekin,AyrDPI,Mulg,1959,Furrow,BareFallow,35,Surf1,200,110,LowFreq,0,P2R,15AprV1R4,T1,3314.4,2805.326,2059.612,2210.515,53.228,14.132,6.61662851304982,0.142456413408945,7.00445283018868,0.92809,36.446,999
2000,23/11/2000,328,1999,15-Apr,7,sugar,alive,4,406,1995,14/10/1999,105,0,10,318,2000,14,2039,7459.61,6732.77,5935.7,184.764,3704.11,,0,0,0,21.759,66.621,66.621,1.704,9876.529,9878.232,146864.96,1.039,18,1980,1679.8,566.366,1746.586,736.321,1126.06,136.048,1262.108,1.249,9898.441,2.907,9901.348,146999.799,200,300.784,444.342,37.913,1.203,3.95,7.49,14158.983,367.764,0.806,2343.5,8.7,937.4,0,0,19.105,28.464,19.618,136,Burdekin,AyrDPI,Mulg,1959,Furrow,BareFallow,35,Surf1,200,110,LowFreq,0,P2R,15AprV1R4,T1,3659.8,2716.321,2312.952,2449,43.066,5.153,6.80199431510488,0.146393177129057,7.60345679012346,0.92382,37.041,999
2001,16/04/2001,106,0,15-Apr,7,none,out,-1,0,1995,0.000,106,1,10,329,-1,14,2049,0,0,0,0,0,,0,0,0,0,151.36,151.36,2.907,9898.441,9901.348,146999.799,1.046,0,0,332.9,235.816,56.046,212.522,0,21.326,21.326,0,10050.132,4.405,10054.537,149768.615,0,0,74.244,1.04,0.275,0.058,0.183,7216.559,368.49,0.993,7015.4,29,2806.2,0,0,21.774,30.769,20.726,39.4,Burdekin,AyrDPI,Mulg,1959,Furrow,BareFallow,35,Surf1,200,110,LowFreq,0,P2R,15AprV1R4,T1,332.9,212.522,291.862,313.188,1.373,0.333,0,0,0,,0,999
2002,16/07/2002,197,2001,15-Apr,8,sugar,alive,0,456,2001,16/4/2001,106,1,0,319,2002,20,2039,8741.23,7808.03,6897.69,212.808,4203.36,,0,0,0,21.395,171.072,171.072,4.405,10050.132,10054.537,149768.615,1.057,22,2420,812.3,128.262,1365.66,348.722,1552.218,295.475,1847.693,3.034,9758.648,2.109,9760.757,144922.121,200,521.295,583.124,40.918,2.24,9.775,8.103,12269.276,370.805,0.906,3382.2,12.4,1352.9,0,0,17.717,29.857,20.335,206,Burdekin,AyrDPI,Mulg,1959,Furrow,BareFallow,35,Surf1,200,110,LowFreq,0,P2R,15AprV1R4,T1,3232.3,2768.722,1493.922,1789.397,52.933,12.015,7.68614544905556,0.115174977661332,7.41491289198606,1.06404,42.034,999
2003,16/08/2003,228,2002,15-Apr,8,sugar,alive,1,396,2001,16/7/2002,106,1,0,319,2003,20,2039,7650.3,6850.02,5964.1,184.275,3524.52,,0,0,0,20.625,61.758,61.758,2.109,9758.648,9760.757,144922.121,1.029,21,2310,472,136.929,1140.496,306.871,1385.058,104.386,1489.444,0.828,9820.344,1.142,9821.486,145706.247,200,301.151,452.083,22.701,0.251,5.292,4.984,14091.28,372.849,0.879,3013.3,11.3,1205.3,0,0,17.742,29.469,20.695,51,Burdekin,AyrDPI,Mulg,1959,Furrow,BareFallow,35,Surf1,200,110,LowFreq,0,P2R,15AprV1R4,T1,2782,2616.871,1277.425,1381.811,28.244,5.543,7.04180679903595,0.12372066354962,6.67663043478261,0.921375,35.245,999
2004,15/09/2004,259,2003,15-Apr,8,sugar,alive,2,396,2001,16/8/2003,106,1,0,319,2004,20,2039,7497.46,6751.12,5920.45,183.359,3636.82,,0,0,0,21.496,76.89,76.89,1.142,9820.344,9821.486,145706.247,1.045,19,2090,741,85.404,1303.922,428.571,1321.14,132.544,1453.685,1.341,9833.269,1.029,9834.298,146117.061,200,329.759,466.83,18.246,0.031,5.451,4.056,14098.599,374.922,0.9,3283.8,12.1,1313.5,0,0,18.218,29.741,20.537,173.2,Burdekin,AyrDPI,Mulg,1959,Furrow,BareFallow,35,Surf1,200,110,LowFreq,0,P2R,15AprV1R4,T1,2831,2518.571,1389.326,1521.87,23.728,5.482,7.2802791741825,0.126133928602139,7.21885826771654,0.916795,36.368,999
2005,15/10/2005,288,2004,15-Apr,8,sugar,alive,3,395,2001,15/9/2004,106,1,0,319,2005,20,2039,7483.77,6736.56,5876.92,182.018,3695.63,,0,0,0,22.073,64.88,64.88,1.029,9833.269,9834.298,146117.061,1.048,22,2420,728.7,172.829,1498.46,297.229,1329.147,143.897,1473.044,1.431,9843.673,1.335,9845.008,146253.32,200,328.061,468.249,22.305,0.036,5.49,4.809,14167.17,377.037,0.873,2949.3,10.9,1179.7,0,0,18.466,29.724,20.556,143.4,Burdekin,AyrDPI,Mulg,1959,Furrow,BareFallow,35,Surf1,200,110,LowFreq,0,P2R,15AprV1R4,T1,3148.7,2717.229,1671.289,1815.186,27.831,5.526,6.69866249771367,0.123565894840887,6.34209059233449,0.91009,36.956,999
2006,15/11/2006,319,2005,15-Apr,8,sugar,alive,4,396,2001,15/10/2005,106,1,0,319,2006,20,2039,7197.71,6483.25,5680.39,176.049,3360.26,,0,0,0,20.577,69.248,69.248,1.335,9843.673,9845.008,146253.32,1.05,20,2200,923.4,237.721,1542.462,490.643,1218.321,145.599,1363.92,1.894,9863.042,1.312,9864.354,146583.009,200,313.767,451.78,27.031,0.081,4.194,5.643,13717.546,379.187,0.901,3301.1,12.2,1320.4,0,0,18.903,29.432,19.993,178.4,Burdekin,AyrDPI,Mulg,1959,Furrow,BareFallow,35,Surf1,200,110,LowFreq,0,P2R,15AprV1R4,T1,3123.4,2690.643,1780.183,1925.782,31.306,4.275,6.54300849276548,0.129075752243533,6.64335849056604,0.880245,33.603,999
2007,18/04/2007,108,0,15-Apr,8,none,out,-1,0,2001,0.000,108,3,0,321,-1,19,2039,0,0,0,0,0,,0,0,0,0,48.544,48.544,1.312,9863.042,9864.354,146583.009,1.054,0,0,748.4,265.651,335.494,293.967,0,11.063,11.063,0,10014.045,2.808,10016.852,149636.911,0,0,60.958,0.717,0.177,0.315,0.144,6207.416,380.041,0.999,9460.8,41.8,3784.3,0,0,21.697,31.029,20.89,130.2,Burdekin,AyrDPI,Mulg,1959,Furrow,BareFallow,35,Surf1,200,110,LowFreq,0,P2R,15AprV1R4,T1,748.4,293.967,601.145,612.208,1.209,0.492,0,0,0,,0,999
2008,17/07/2008,199,2007,15-Apr,9,sugar,alive,0,456,2007,18/4/2007,108,3,0,321,2008,18,2039,8703.52,7787.03,6826.35,210.916,3775.89,,0,0,0,19.12,184.737,184.737,2.808,10014.045,10016.852,149636.911,1.064,21,2310,1404.1,447.267,1703.445,689.597,1410.7,257.054,1667.753,4.107,9797.741,2.729,9800.47,145451.367,200,455.811,526.522,36.429,1.188,13.598,7.093,12317.32,382.577,0.924,3682.4,13.5,1472.9,0,0,17.432,28.343,18.626,108.2,Burdekin,AyrDPI,Mulg,1959,Furrow,BareFallow,35,Surf1,200,110,LowFreq,0,P2R,15AprV1R4,T1,3714.1,2999.597,2150.712,2407.766,51.215,14.786,7.03147789519726,0.126467168699442,7.64188405797101,1.05458,37.759,999
2009,17/08/2009,229,2008,15-Apr,9,sugar,alive,1,396,2007,17/7/2008,108,3,0,321,2009,18,2039,6407.73,5731.92,4983.56,153.362,2706.6,,0,0,0,18.808,80.372,80.372,2.729,9797.741,9800.47,145451.367,1.043,16,1760,1879.7,583.864,1882.704,561.119,1124.105,71.347,1195.451,0.47,9882.796,1.348,9884.144,146407.996,200,264.974,409.484,15.89,0.249,12.132,3.644,13546.56,384.819,0.914,3511.7,13.5,1404.7,0,0,17.966,28.919,18.617,197.2,Burdekin,AyrDPI,Mulg,1959,Furrow,BareFallow,35,Surf1,200,110,LowFreq,0,P2R,15AprV1R4,T1,3639.7,2321.119,2466.568,2537.915,28.271,12.381,6.60724417834674,0.12828798503661,6.93945701357466,0.76681,27.066,999
2010,17/09/2010,260,2009,15-Apr,9,sugar,alive,2,396,2007,17/8/2009,108,3,0,321,2010,18,2039,7504.78,6775.7,5854.16,181.463,3169.01,,0,0,0,18.58,58.052,58.052,1.348,9882.796,9884.144,146407.996,1.064,19,2090,1138.7,277.26,1513.723,496.854,1252.693,157.435,1410.128,2.796,9839.169,1.765,9840.935,146164.398,200,369.816,495.812,21.147,0.055,6.731,4.661,13776.34,387.098,0.81,2369.3,8.7,947.7,0,0,18.881,29.321,18.83,135.2,Burdekin,AyrDPI,Mulg,1959,Furrow,BareFallow,35,Surf1,200,110,LowFreq,0,P2R,15AprV1R4,T1,3228.7,2586.854,1790.983,1948.418,27.933,6.786,7.01481413330633,0.128685481034346,7.1442125984252,0.907315,31.69,999
2011,17/10/2011,290,2010,15-Apr,9,sugar,alive,3,395,2007,17/9/2010,108,3,0,321,2011,18,2039,6401.38,5831.2,5042.84,157.702,3207.61,,0,0,0,22.118,85.641,85.641,1.765,9839.169,9840.935,146164.398,1.058,18,1980,1399.5,691.748,1534.1,669.553,1061.503,111.862,1173.365,0.868,9886.761,1.681,9888.442,146663.025,200,244.226,390.284,58.288,0.508,5.593,11.029,12655.686,389.413,0.848,2693,10.1,1077.2,0,0,18.01,28.548,18.324,81.4,Burdekin,AyrDPI,Mulg,1959,Furrow,BareFallow,35,Surf1,200,110,LowFreq,0,P2R,15AprV1R4,T1,3379.5,2649.553,2225.848,2337.71,64.389,6.101,5.95202285064688,0.134401486323523,6.48979423868313,0.78851,32.076,999
2012,16/11/2012,321,2011,15-Apr,9,sugar,alive,4,396,2007,17/10/2011,108,3,0,321,2012,18,2039,7293.57,6568.66,5758.97,178.826,3466.46,,0,0,0,20.943,65.928,65.928,1.681,9886.761,9888.442,146663.025,1.065,18,1980,1162.2,349.61,1432.16,561.887,1196.225,179.154,1375.379,2.795,9870.627,1.378,9872.005,146701.874,200,325.847,456.637,31.144,0.12,5.615,6.262,12421.946,391.759,0.898,3266.1,12,1306.5,0,0,18.198,28.784,19.469,197.4,Burdekin,AyrDPI,Mulg,1959,Furrow,BareFallow,35,Surf1,200,110,LowFreq,0,P2R,15AprV1R4,T1,3142.2,2541.887,1781.77,1960.924,36.879,5.735,7.03516718091717,0.130019434643106,7.35909465020576,0.89413,34.665,999
2013,22/04/2013,112,0,15-Apr,9,none,out,-1,0,2007,0.000,112,7,0,325,-1,15,2039,0,0,0,0,0,,0,0,0,0,50.979,50.979,1.378,9870.627,9872.005,146701.874,1.063,0,0,494.4,126.119,200.951,264.812,0,8.762,8.762,0,10014.159,2.817,10016.976,149455.254,0,0,54.407,0.728,0.115,0.188,0.133,6009.796,392.71,0.999,10424.2,48.3,4169.7,0,0,21.938,31.341,21.583,178.6,Burdekin,AyrDPI,Mulg,1959,Furrow,BareFallow,35,Surf1,200,110,LowFreq,0,P2R,15AprV1R4,T1,494.4,264.812,327.07,335.832,1.031,0.303,0,0,0,,0,999
2014,22/07/2014,203,2013,15-Apr,10,sugar,alive,0,456,2013,22/4/2013,112,7,0,325,2014,14,2039,8596.26,7683.96,6742.01,208.091,3953.07,,0,0,0,20.466,209.548,209.548,2.817,10014.159,10016.976,149455.254,1.073,22,2420,710,253.693,1360.454,435.868,1383.757,274.19,1657.947,3.325,9796.911,1.901,9798.812,145476.133,200,483.07,552.792,24.941,0.932,7.388,5.094,12625.004,395.486,0.9,3290.6,12.1,1316.2,0,0,17.811,28.862,18.911,86.2,Burdekin,AyrDPI,Mulg,1959,Furrow,BareFallow,35,Surf1,200,110,LowFreq,0,P2R,15AprV1R4,T1,3130,2855.868,1614.147,1888.337,33.261,8.32,7.28643620783594,0.125511249756476,7.2505574912892,1.040455,39.531,999
2015,22/08/2015,234,2014,15-Apr,10,sugar,alive,1,396,2013,22/7/2014,112,7,0,325,2015,14,2039,7261.54,6462.88,5718.14,176.111,3325.66,,0,0,0,20.327,67.453,67.453,1.901,9796.911,9798.812,145476.133,1.053,20,2200,416.4,81.75,1114.339,251.64,1336.27,92.109,1428.379,0.641,9848.854,1.134,9849.988,146106.999,200,299.227,447.61,28.909,0.224,3.703,6.149,14007.135,397.933,0.912,3470.5,13.1,1388.2,0,0,17.918,29.774,20.524,83.4,Burdekin,AyrDPI,Mulg,1959,Furrow,BareFallow,35,Surf1,200,110,LowFreq,0,P2R,15AprV1R4,T1,2616.4,2451.64,1196.089,1288.198,32.836,3.927,7.1833956045749,0.123294307743253,6.64569811320755,0.880555,33.257,999
2016,21/09/2016,265,2015,15-Apr,10,sugar,alive,2,396,2013,22/8/2015,112,7,0,325,2016,14,2039,7287.89,6502.99,5722.67,176.25,3357.15,,0,0,0,20.529,59.386,59.386,1.134,9848.854,9849.988,146106.999,1.068,20,2200,538,136.009,1168.707,385.404,1282.096,142.645,1424.741,1.565,9845.245,0.995,9846.24,146303.69,200,339.061,469.879,20.765,0.033,5.47,4.543,13913.638,400.411,0.873,2950.2,10.9,1180.1,0,0,19.229,29.925,19.117,43.6,Burdekin,AyrDPI,Mulg,1959,Furrow,BareFallow,35,Surf1,200,110,LowFreq,0,P2R,15AprV1R4,T1,2738,2585.404,1304.716,1447.361,26.268,5.503,6.81711639650902,0.123706694760662,6.65094339622642,0.88125,33.572,999
2017,26/10/2017,299,2016,15-Apr,10,sugar,alive,3,400,2013,21/9/2016,112,7,5,325,2017,14,2039,7036.76,6270.05,5473.87,168.258,3167.42,,0,0,0,20.255,67.929,67.929,0.995,9845.245,9846.24,146303.69,1.067,19,2090,950.4,174.757,1414.56,581.824,1269.727,134.392,1404.119,1.632,9854.883,2.201,9857.085,146435.923,200,314.708,452.844,32.399,0.058,3.708,6.707,13718.956,402.965,0.904,3350.4,12.4,1340.2,0,0,18.822,30.063,18.485,107.8,Burdekin,AyrDPI,Mulg,1959,Furrow,BareFallow,35,Surf1,200,110,LowFreq,0,P2R,15AprV1R4,T1,3040.4,2671.824,1589.317,1723.709,36.165,3.766,6.29749564342562,0.119831723664447,6.62433070866142,0.84129,31.674,999
2018,26/11/2018,330,2017,15-Apr,10,sugar,alive,4,396,2013,26/10/2017,112,7,5,330,2018,14,2044,6763.72,6036.53,5246.55,162.224,3158.01,,0,0,0,21.044,114.893,114.893,2.201,9854.883,9857.085,146435.923,1.069,21,2310,688.7,224.715,1439.122,346.697,1200.693,171.853,1372.546,2.126,9850.523,2.736,9853.259,146385.353,200,328.063,478.053,21.95,0.057,14.431,4.752,13700,405.526,0.826,2497.8,9.2,999.1,0,0,18.316,29.85,18.742,130.4,Burdekin,AyrDPI,Mulg,1959,Furrow,BareFallow,35,Surf1,200,110,LowFreq,0,P2R,15AprV1R4,T1,2998.7,2656.697,1663.837,1835.69,36.438,14.488,6.10622890002134,0.118192031451041,5.87768115942029,0.81112,31.58,999
2019,15/04/2019,105,0,15-Apr,10,none,out,-1,0,2013,0.000,105,0,5,330,-1,14,2044,0,0,0,0,0,,0,0,0,0,77.211,77.211,2.736,9850.523,9853.259,146385.353,1.069,0,0,1074,434.211,480.767,338.587,0,14.159,14.159,0.001,10006.797,3.123,10009.92,149333.465,0,0,61.923,1.005,0.252,0.411,0.158,6221.588,406.447,0.997,8109.3,38.1,3243.7,0,0,22.81,31.57,16.807,92.8,Burdekin,AyrDPI,Mulg,1959,Furrow,BareFallow,35,Surf1,200,110,LowFreq,0,P2R,15AprV1R4,T1,1074,338.587,914.978,929.137,1.668,0.663,0,0,0,,0,999
2020,14/07/2020,196,2019,15-Apr,11,sugar,alive,0,456,2019,15/4/2019,105,0,0,318,2020,21,2039,8014.61,7161.33,6269.68,193.863,3741.38,,0,0,0,20.838,222.075,222.075,3.123,10006.797,10009.92,149333.465,1.08,21,2310,1041.6,237.917,1579.902,444.987,1379.496,304.895,1684.391,4.745,9757.996,1.943,9759.939,144933.971,200,470.192,544.674,43.253,0.711,18.439,8.674,11598.038,409.458,0.892,3178.1,11.7,1271.2,0,0,17.927,29.324,17.481,327.8,Burdekin,AyrDPI,Mulg,1959,Furrow,BareFallow,35,Surf1,200,110,LowFreq,0,P2R,15AprV1R4,T1,3351.6,2754.987,1817.819,2122.714,62.403,19.15,7.03680271449557,0.115093823227505,7.02402173913043,0.969315,37.414,999
2021,14/08/2021,226,2020,15-Apr,11,sugar,alive,1,396,2019,14/7/2020,105,0,0,318,2021,21,2039,6652,5904.47,5120.67,157.084,2712.83,,0,0,0,18.342,71.465,71.465,1.943,9757.996,9759.939,144933.971,1.054,18,1980,1081.2,376.771,1469.857,475.346,1127.124,90.61,1217.734,0.998,9829.15,1.108,9830.258,145790.463,200,272.305,414.997,30.888,0.372,5.124,6.487,13038.545,412.114,0.862,2831.4,10.7,1132.6,0,0,18.484,29.171,17.224,132.4,Burdekin,AyrDPI,Mulg,1959,Furrow,BareFallow,35,Surf1,200,110,LowFreq,0,P2R,15AprV1R4,T1,3061.2,2455.346,1846.628,1937.238,36.384,5.496,6.39763194270787,0.128996973066368,6.4643621399177,0.78542,27.128,999
1960,14/04/1960,105,0,15-Apr,0,none,out,-1,0,-1,0.000,105,0,0,318,-1,21,2039,0,0,0,0,0,,0,0,0,0,0,0,0,0,0,0,0.89,0,0,778.8,0,483.366,295.434,0,204.631,204.631,22.612,9504.982,33.583,9538.565,141805.407,0,0,35.978,3.757,0,1.649,0.596,1010.218,350,0.012,17.8,0.1,7.1,0,0,22.318,30.437,19.329,210.1,Burdekin,AyrDPI,Mulg,1960,Furrow,BareFallow,35,Surf1,200,110,LowFreq,0,P2R,15AprV1R4,T1,778.8,295.434,483.366,687.997,5.406,1.649,0,0,0,,0,999
1961,14/07/1961,195,1960,15-Apr,1,sugar,alive,0,456,1960,14/4/1960,105,0,0,318,1961,21,2039,8001.49,7157.94,6235.62,192.407,3613.4,,0,0,0,20.199,120.353,120.353,33.583,9504.982,9538.565,141805.407,0.884,22,2420,561.3,38.712,1267.517,394.218,1353.243,377.268,1730.512,24.189,9422.535,0.757,9423.292,141437.845,200,308.224,322.279,27.185,0,17.404,5.846,3530.278,350,0.983,5798.5,21.2,2319.4,0,0,16.784,28.349,20.095,63.2,Burdekin,AyrDPI,Mulg,1960,Furrow,BareFallow,35,Surf1,200,110,LowFreq,0,P2R,15AprV1R4,T1,2981.3,2814.218,1306.229,1683.497,44.589,17.404,6.83696145785437,0.111185013452666,6.70407665505227,0.962035,36.134,999
1962,14/08/1962,226,1961,15-Apr,1,sugar,alive,1,396,1960,14/7/1961,105,0,0,318,1962,21,2039,5281.54,4682.94,4105.83,125.642,2371.17,,0,0,0,20.313,64.912,64.912,0.757,9422.535,9423.292,141437.845,0.868,17,1870,958.4,404.897,1360.363,505.326,1033.552,4.504,1038.055,0,9508.85,1.178,9510.028,143047.093,200,205.873,305.923,25.029,0.001,1.492,5.346,8141.918,350,1,14605.4,65.6,5842.2,0,0,17.008,28.972,20.048,102.1,Burdekin,AyrDPI,Mulg,1960,Furrow,BareFallow,35,Surf1,200,110,LowFreq,0,P2R,15AprV1R4,T1,2828.4,2375.326,1765.26,1769.764,26.522,1.493,5.2894634252309,0.121035975935764,5.41560344827586,0.62821,23.712,999
1963,14/09/1963,257,1962,15-Apr,1,sugar,alive,2,396,1960,14/8/1962,105,0,0,318,1963,21,2039,6283.9,5671.03,4893.31,151.308,2810.07,,0,0,0,19.943,89.997,89.997,1.178,9508.85,9510.028,143047.093,0.882,18,1980,1162.3,435.57,1511.769,624.469,1179.329,8.705,1188.035,0.003,9602.725,1.368,9604.093,144840.907,200,223.493,374.754,24.174,0.001,5.841,5.175,11187.432,350,0.999,9900.3,39.5,3960.1,0,0,17.169,29.038,19.278,91.9,Burdekin,AyrDPI,Mulg,1960,Furrow,BareFallow,35,Surf1,200,110,LowFreq,0,P2R,15AprV1R4,T1,3142.3,2604.469,1947.339,1956.044,30.016,5.842,5.80955273416577,0.127359884178496,6.22666666666667,0.75654,28.101,999
1964,13/10/1964,287,1963,15-Apr,1,sugar,alive,3,395,1960,14/9/1963,105,0,0,318,1964,21,2039,6370.19,5670.12,4974.6,152.929,2906.93,,0,0,0,20.48,96.923,96.923,1.368,9602.725,9604.093,144840.907,0.902,20,2200,564.7,196.633,1303.633,420.944,1244.207,48.041,1292.248,0.139,9673.349,1.953,9675.301,146670.993,200,258.694,419.621,24.002,0.001,5.809,5.149,12687.797,350,0.96,4592.1,17.4,1836.9,0,0,17.833,29.736,19.754,92.7,Burdekin,AyrDPI,Mulg,1960,Furrow,BareFallow,35,Surf1,200,110,LowFreq,0,P2R,15AprV1R4,T1,2764.7,2620.944,1500.266,1548.307,29.812,5.81,5.83488239351928,0.118343383003882,5.77090566037736,0.764645,29.069,999
1965,13/11/1965,317,1964,15-Apr,1,sugar,alive,4,396,1960,13/10/1964,105,0,0,318,1965,21,2039,7058.58,6392.75,5486.58,170.845,3265.52,,0,0,0,20.61,69.109,69.109,1.953,9673.349,9675.301,146670.993,0.92,20,2200,827.8,283.61,1342.165,453.742,1257.772,153.443,1411.215,1.599,9660.77,1.505,9662.275,147906.262,200,311.082,460.515,46.035,0.001,4.654,9.109,11808.599,350,0.854,2745.6,10.1,1098.2,0,0,17.495,29.085,20.224,107.4,Burdekin,AyrDPI,Mulg,1960,Furrow,BareFallow,35,Surf1,200,110,LowFreq,0,P2R,15AprV1R4,T1,3027.8,2653.742,1625.775,1779.218,50.69,4.655,6.43789034502977,0.121062346984691,6.44698113207547,0.854225,32.655,999
1966,15/04/1966,105,0,15-Apr,1,none,out,-1,0,1960,0.000,105,0,0,318,-1,21,2039,0,0,0,0,0,,0,0,0,0,59.918,59.918,1.505,9660.77,9662.275,147906.262,0.921,0,0,295,94.414,91.161,187.036,0,12.057,12.057,0,9794.954,9.481,9804.435,150983.771,0,0,72.288,0.775,0.001,0.071,0.173,5906.344,350,0.998,9229,41.6,3691.6,0,0,21.412,31.333,20.942,102.9,Burdekin,AyrDPI,Mulg,1960,Furrow,BareFallow,35,Surf1,200,110,LowFreq,0,P2R,15AprV1R4,T1,295,187.036,185.575,197.632,0.847,0.072,0,0,0,,0,999
1967,15/07/1967,196,1966,15-Apr,2,sugar,alive,0,456,1966,15/4/1966,105,0,0,318,1967,21,2039,8506.46,7638.95,6646.87,205.688,3797.26,,0,0,0,19.807,157.286,157.286,9.481,9794.954,9804.435,150983.771,0.932,21,2310,894.1,145.788,1392.672,512.186,1420.105,289.405,1709.51,3.448,9605.623,1.746,9607.369,148895.596,200,431.025,502.422,41.916,0.002,13.78,8.539,10091.828,350,0.89,3158.2,11.6,1263.3,0,0,17.479,28.371,18.716,154.9,Burdekin,AyrDPI,Mulg,1960,Furrow,BareFallow,35,Surf1,200,110,LowFreq,0,P2R,15AprV1R4,T1,3204.1,2822.186,1538.46,1827.865,55.698,13.782,7.28825102243438,0.120319857737012,7.45246376811594,1.02844,37.973,999
1968,14/08/1968,227,1967,15-Apr,2,sugar,alive,1,396,1966,15/7/1967,105,0,0,318,1968,21,2039,6463.76,5785.03,5060.12,156.18,2954.26,,0,0,0,20.366,113.417,113.417,1.746,9605.623,9607.369,148895.596,0.913,18,1980,1458,517.329,1736.354,538.927,1115.209,86.847,1202.056,0.717,9702.417,1.934,9704.351,150854.986,200,256.166,398.295,20.169,0.004,6.209,4.397,12372.246,350,0.86,2810.6,10.8,1124.3,0,0,17.986,28.436,19.767,187.9,Burdekin,AyrDPI,Mulg,1960,Furrow,BareFallow,35,Surf1,200,110,LowFreq,0,P2R,15AprV1R4,T1,3438,2518.927,2253.683,2340.53,26.382,6.213,6.20025907856798,0.129927391069967,6.42716049382716,0.7809,29.543,999
1969,14/09/1969,257,1968,15-Apr,2,sugar,alive,2,396,1966,14/8/1968,105,0,0,318,1969,21,2039,6561.6,5854.36,5048.6,155.237,2931.87,,0,0,0,20.33,95.678,95.678,1.934,9702.417,9704.351,150854.986,0.935,22,2420,202.9,65.413,1209.678,175.708,1216.633,171.93,1388.564,1.84,9681.577,1.21,9682.786,151818.501,200,332.819,461.73,22.961,0.001,7.775,4.974,11489.037,350,0.899,3270.1,12,1308,0,0,17.462,29.388,20.407,46.5,Burdekin,AyrDPI,Mulg,1960,Furrow,BareFallow,35,Surf1,200,110,LowFreq,0,P2R,15AprV1R4,T1,2622.9,2595.708,1275.091,1447.021,30.737,7.776,5.98052631497842,0.111796791505469,5.40895470383275,0.776185,29.319,999
1970,14/10/1970,287,1969,15-Apr,2,sugar,alive,3,395,1966,14/9/1969,105,0,0,318,1970,21,2039,7006.3,6280.71,5428.38,167.373,3214.06,,0,0,0,20.72,54.925,54.925,1.21,9681.577,9682.786,151818.501,0.935,21,2310,674.6,160.452,1382.33,394.658,1301.466,133.981,1435.447,1.341,9711.057,1.245,9712.302,153294.987,200,291.999,440.175,33.364,0.001,6.237,6.873,11854.902,350,0.908,3402.7,12.6,1361.1,0,0,17.812,29.536,20.631,133.6,Burdekin,AyrDPI,Mulg,1960,Furrow,BareFallow,35,Surf1,200,110,LowFreq,0,P2R,15AprV1R4,T1,2984.6,2704.658,1542.782,1676.763,39.602,6.238,6.18832399512249,0.116599916263018,6.06423913043478,0.836865,32.141,999
1971,14/11/1971,318,1970,15-Apr,2,sugar,alive,4,396,1966,14/10/1970,105,0,0,318,1971,21,2039,6819.26,6136.18,5316.1,164.915,3231.5,,0,0,0,21.202,61.296,61.296,1.245,9711.057,9712.302,153294.987,0.942,18,1980,1243.3,348.806,1536.089,675.975,1209.087,119.874,1328.961,0.941,9761.957,1.546,9763.503,154966.303,200,267.096,405.925,37.685,0.003,5.522,7.56,12093.822,350,0.809,2361.6,8.8,944.6,0,0,17.821,28.99,19.978,220,Burdekin,AyrDPI,Mulg,1960,Furrow,BareFallow,35,Surf1,200,110,LowFreq,0,P2R,15AprV1R4,T1,3223.3,2655.975,1884.895,2004.769,43.21,5.525,6.20920754148665,0.124093182568939,6.78662551440329,0.824575,32.315,999
1972,18/04/1972,109,0,15-Apr,2,none,out,-1,0,1966,0.000,109,4,0,322,-1,18,2039,0,0,0,0,0,,0,0,0,0,70.74,70.74,1.546,9761.957,9763.503,154966.303,0.953,0,0,1271.5,475.351,672.705,346.789,0,23.358,23.358,0.001,9899.277,6.555,9905.832,158227.293,0,0,74.465,1.309,0.015,0.639,0.198,6231.958,350,0.993,7039.1,30.5,2815.6,0,0,21.419,31.351,20.565,206.2,Burdekin,AyrDPI,Mulg,1960,Furrow,BareFallow,35,Surf1,200,110,LowFreq,0,P2R,15AprV1R4,T1,1271.5,346.789,1148.056,1171.414,1.963,0.654,0,0,0,,0,999
1973,18/07/1973,199,1972,15-Apr,3,sugar,alive,0,456,1972,18/4/1972,109,4,0,322,1973,17,2039,8097.13,7201.26,6314.54,194.397,3192.39,,0,0,0,17.299,170.827,170.827,6.555,9899.277,9905.832,158227.293,0.964,21,2310,1008.7,258.644,1515.295,589.609,1362.497,284.055,1646.552,3.44,9704.249,1.895,9706.144,155620.171,200,424.843,480.805,41.895,0.004,11.237,8.54,9699.751,350,0.893,3193.4,11.7,1277.4,0,0,16.891,28.355,18.989,108.5,Burdekin,AyrDPI,Mulg,1960,Furrow,BareFallow,35,Surf1,200,110,LowFreq,0,P2R,15AprV1R4,T1,3318.7,2899.609,1773.939,2057.994,53.136,11.241,6.70424874526186,0.118063079696238,7.04336956521739,0.971985,31.924,999
1974,18/08/1974,230,1973,15-Apr,3,sugar,alive,1,396,1972,18/7/1973,109,4,0,322,1974,17,2039,5720.48,5182,4419.08,136.933,2391.38,,0,0,0,18.581,69.037,69.037,1.895,9704.249,9706.144,155620.171,0.942,15,1650,2056.4,930.626,1712.597,662.377,974.471,74.329,1048.801,0.404,9808.631,1.289,9809.92,157229.274,200,227.623,364.298,36.854,0.009,4.332,7.451,11822.97,350,0.859,2797.6,11.3,1119,0,0,17.557,28.222,18.214,152.9,Burdekin,AyrDPI,Mulg,1960,Furrow,BareFallow,35,Surf1,200,110,LowFreq,0,P2R,15AprV1R4,T1,3706.4,2312.377,2643.223,2717.552,41.195,4.341,5.92174199968258,0.130561469716371,6.52061904761905,0.684665,23.914,999
1975,18/09/1975,261,1974,15-Apr,3,sugar,alive,2,396,1972,18/8/1974,109,4,0,322,1975,17,2039,7457.32,6732.45,5763.99,178.747,3300.93,,0,0,0,19.815,83.413,83.413,1.289,9808.631,9809.92,157229.274,0.964,19,2090,790.6,199.683,1204.528,568.908,1275.287,173.769,1449.056,1.989,9773.127,2.152,9775.28,157693.305,200,337.152,456.67,32.532,0.004,4.66,6.77,11754.51,350,0.848,2693.8,9.9,1077.5,0,0,18.012,28.657,19.638,65,Burdekin,AyrDPI,Mulg,1960,Furrow,BareFallow,35,Surf1,200,110,LowFreq,0,P2R,15AprV1R4,T1,2880.6,2658.908,1404.211,1577.98,37.196,4.664,6.7225718227182,0.123354100876709,7.03728346456693,0.893735,33.009,999
1976,17/10/1976,291,1975,15-Apr,3,sugar,alive,3,395,1972,18/9/1975,109,4,0,322,1976,17,2039,6138.21,5560.8,4801.51,149.425,2980.61,,0,0,0,21.635,110.746,110.746,2.152,9773.127,9775.28,157693.305,0.96,17,1870,1892.5,828.266,1826.414,627.643,1047.869,103.897,1151.767,0.702,9838.917,1.438,9840.355,159090.357,200,239.606,383.587,38.055,0.013,13.628,7.574,11946.617,350,0.87,2918.1,11,1167.2,0,0,17.662,28.384,19.638,179.8,Burdekin,AyrDPI,Mulg,1960,Furrow,BareFallow,35,Surf1,200,110,LowFreq,0,P2R,15AprV1R4,T1,3762.5,2497.643,2654.68,2758.577,51.696,13.641,5.98264043340061,0.129735441282829,6.44073275862069,0.747125,29.806,999
1977,17/11/1977,321,1976,15-Apr,3,sugar,alive,4,396,1972,17/10/1976,109,4,0,322,1977,17,2039,7032.3,6412.4,5491.68,171.582,3276.34,,0,0,0,20.587,66.799,66.799,1.438,9838.917,9840.355,159090.357,0.972,20,2200,1376.6,421.6,1847.713,519.302,1128.173,180.197,1308.37,2.72,9829.668,1.582,9831.25,159577.492,200,299.75,439.865,46.95,0.01,4.26,9.177,11712.909,350,0.84,2617.9,9.7,1047.2,0,0,18.126,28.512,20.031,170.6,Burdekin,AyrDPI,Mulg,1960,Furrow,BareFallow,35,Surf1,200,110,LowFreq,0,P2R,15AprV1R4,T1,3576.6,2719.302,2269.313,2449.51,51.22,4.27,6.3097809658508,0.131141802395347,6.47479245283019,0.85791,32.763,999
1978,17/04/1978,107,0,15-Apr,3,none,out,-1,0,1972,0.000,107,2,0,320,-1,20,2039,0,0,0,0,0,,0,0,0,0,65.717,65.717,1.582,9829.668,9831.25,159577.492,0.972,0,0,718.5,225.183,303.448,357.36,0,16.667,16.667,0,9966.08,6.503,9972.583,162389.256,0,0,68.789,1.744,0.016,0.28,0.217,6286.173,350,0.998,8617.1,37.8,3446.8,0,0,22.06,31.038,22.293,150.6,Burdekin,AyrDPI,Mulg,1960,Furrow,BareFallow,35,Surf1,200,110,LowFreq,0,P2R,15AprV1R4,T1,718.5,357.36,528.631,545.298,2.04,0.296,0,0,0,,0,999
1979,17/07/1979,198,1978,15-Apr,4,sugar,alive,0,456,1978,17/4/1978,107,2,0,320,1979,19,2039,8537.6,7666.75,6657.81,205.929,3490.7,,0,0,0,17.95,238.92,238.92,6.503,9966.08,9972.583,162389.256,0.982,20,2200,1684.5,487.673,1924.263,758.672,1343.953,283.148,1627.101,5.367,9799.649,1.839,9801.487,159243.061,200,407.197,477.674,41.04,0.023,9.807,7.922,10997.24,350,0.891,3168.5,11.6,1267.4,0,0,17.559,27.817,18.221,350.7,Burdekin,AyrDPI,Mulg,1960,Furrow,BareFallow,35,Surf1,200,110,LowFreq,0,P2R,15AprV1R4,T1,3884.5,2958.672,2411.936,2695.084,50.87,9.83,6.96018348772693,0.126561903655643,7.77090566037736,1.029645,34.907,999
1980,16/08/1980,229,1979,15-Apr,4,sugar,alive,1,396,1978,17/7/1979,107,2,0,320,1980,19,2039,6737.33,6003.96,5269.95,162.248,2965.75,,0,0,0,19.583,84.383,84.383,1.839,9799.649,9801.487,159243.061,0.964,19,2090,796.7,304.512,1382.547,459.109,1166.572,45.098,1211.67,0.136,9883.841,1.177,9885.018,159768.037,200,253.988,393.041,27.866,0.011,3.356,5.894,13373.477,350,0.965,4778.8,19.1,1911.5,0,0,18.154,28.708,20.346,86.4,Burdekin,AyrDPI,Mulg,1960,Furrow,BareFallow,35,Surf1,200,110,LowFreq,0,P2R,15AprV1R4,T1,2886.7,2549.109,1687.059,1732.157,31.233,3.367,6.36489063433537,0.133904445929997,6.38771653543307,0.81124,29.657,999
1981,16/09/1981,259,1980,15-Apr,4,sugar,alive,2,396,1978,16/8/1980,107,2,0,320,1981,19,2039,6460.24,5783.06,5007.35,154.181,2783.09,,0,0,0,19.303,72.354,72.354,1.177,9883.841,9885.018,159768.037,0.983,17,1870,1124,446.263,1370.608,562.387,1088.641,100.197,1188.837,0.951,9919.546,1.23,9920.776,159829.941,200,288.015,413.853,21.822,0.011,5.449,4.76,13517.368,350,0.904,3354.2,12.4,1341.7,0,0,17.725,28.328,19.284,104.8,Burdekin,AyrDPI,Mulg,1960,Furrow,BareFallow,35,Surf1,200,110,LowFreq,0,P2R,15AprV1R4,T1,2994,2432.387,1816.871,1917.068,27.282,5.46,6.33867061450337,0.129690613599678,6.64573275862069,0.770905,27.831,999
1982,16/10/1982,289,1981,15-Apr,4,sugar,alive,3,395,1978,16/9/1981,107,2,0,320,1982,19,2039,6993.18,6311.07,5449.33,169.033,3204.58,,0,0,0,20.419,60.645,60.645,1.23,9919.546,9920.776,159829.941,0.992,21,2310,599.8,240.401,1267.799,392.524,1244.54,158.592,1403.132,1.769,9900.883,1.371,9902.254,158946.298,200,327.559,472.731,38.085,0.021,5.748,7.681,13872.574,350,0.886,3097.6,11.4,1239,0,0,17.544,29.129,20.073,47.4,Burdekin,AyrDPI,Mulg,1960,Furrow,BareFallow,35,Surf1,200,110,LowFreq,0,P2R,15AprV1R4,T1,2909.8,2702.524,1508.2,1666.792,43.854,5.769,6.25463455643687,0.120468352229156,6.12438405797101,0.845165,32.046,999
1983,16/11/1983,320,1982,15-Apr,4,sugar,alive,4,396,1978,16/10/1982,107,2,0,320,1983,19,2039,7025.03,6311.74,5462.38,168.847,3057.62,,0,0,0,19.374,59.114,59.114,1.371,9900.883,9902.254,158946.298,0.991,20,2200,654.9,165.735,1344.077,409.884,1173.438,154.775,1328.213,1.922,9918.864,2.65,9921.514,158044.083,200,314.981,455.597,25.415,0.007,5.542,5.376,14503.444,350,0.878,3002.2,11.1,1200.9,0,0,18.699,29.097,20.137,95.4,Burdekin,AyrDPI,Mulg,1960,Furrow,BareFallow,35,Surf1,200,110,LowFreq,0,P2R,15AprV1R4,T1,2854.9,2609.884,1509.812,1664.587,30.964,5.549,6.46952125075291,0.127123435774232,6.37158490566038,0.844235,30.576,999
1984,14/04/1984,105,0,15-Apr,4,none,out,-1,0,1978,0.000,105,0,0,320,-1,19,2039,0,0,0,0,0,,0,0,0,0,75.989,75.989,2.65,9918.864,9921.514,158044.083,0.997,0,0,453,197.256,128.556,270.157,0,14.66,14.66,0,10068.053,5.681,10073.734,160293.678,0,0,69.004,1.153,0.035,0.138,0.181,7219.181,350,0.998,8564.8,37.8,3425.9,0,0,21.331,30.553,20.205,75.6,Burdekin,AyrDPI,Mulg,1960,Furrow,BareFallow,35,Surf1,200,110,LowFreq,0,P2R,15AprV1R4,T1,453,270.157,325.812,340.472,1.326,0.173,0,0,0,,0,999
1985,14/07/1985,195,1984,15-Apr,5,sugar,alive,0,456,1984,14/4/1984,105,0,0,318,1985,21,2039,8267.21,7438.84,6484.64,200.955,3561.23,,0,0,0,18.898,188.518,188.518,5.681,10068.053,10073.734,160293.678,1.008,19,2090,887.3,163.299,1269.008,657.858,1368.013,272.062,1640.075,2.879,9814.796,2.801,9817.598,155443.577,200,482.426,550.09,45.677,0.042,12.811,9.265,12475.262,350,0.889,3137.8,11.5,1255.1,0,0,17.323,28.325,18.585,111.4,Burdekin,AyrDPI,Mulg,1960,Furrow,BareFallow,35,Surf1,200,110,LowFreq,0,P2R,15AprV1R4,T1,2977.3,2747.858,1432.307,1704.369,58.53,12.853,7.31315082511542,0.122527933173788,7.91161417322835,1.004775,35.612,999
1986,21/08/1986,233,1985,15-Apr,5,sugar,alive,1,403,1984,14/7/1985,105,0,7,318,1986,14,2039,6873.65,6127.58,5300,162.911,3011.82,,0,0,0,19.84,93.436,93.436,2.801,9814.796,9817.598,155443.577,0.986,19,2090,721.3,108.094,1346.302,514.236,1232.185,120.593,1352.778,1.286,9854.778,2.199,9856.977,155880.556,200,313.937,462.08,21.764,0.014,11.36,4.814,13868.143,350,0.851,2721.3,10.2,1088.5,0,0,17.642,28.851,18.769,117.8,Burdekin,AyrDPI,Mulg,1960,Furrow,BareFallow,35,Surf1,200,110,LowFreq,0,P2R,15AprV1R4,T1,2811.3,2604.236,1454.396,1574.989,33.138,11.374,6.2556158504836,0.120427002804599,6.4138188976378,0.814555,30.118,999
1987,21/09/1987,264,1986,15-Apr,5,sugar,alive,2,396,1984,21/8/1986,105,0,7,325,1987,14,2046,6666.87,5969.01,5200.28,160.653,3059.11,,0,0,0,20.521,97.562,97.562,2.199,9854.778,9856.977,155880.556,1.002,21,2310,428.3,111.587,1271.721,335.657,1242.655,151.181,1393.836,1.597,9845.127,1.232,9846.358,156092.318,200,312.511,460.274,41.727,0.022,11.555,8.519,12946.113,350,0.885,3095.5,11.4,1238.2,0,0,18.229,29.611,19.722,44,Burdekin,AyrDPI,Mulg,1960,Furrow,BareFallow,35,Surf1,200,110,LowFreq,0,P2R,15AprV1R4,T1,2738.3,2645.657,1383.308,1534.489,53.304,11.577,6.0723291038861,0.115259614474013,5.82076086956522,0.803265,30.591,999
1988,20/10/1988,294,1987,15-Apr,5,sugar,alive,3,395,1984,21/9/1987,105,0,7,325,1988,14,2046,6941.62,6251.16,5391.01,167.12,3133.31,,0,0,0,20.161,58.719,58.719,1.232,9845.127,9846.358,156092.318,1.003,20,2200,967.6,192.452,1575.546,429.083,1229.743,167.328,1397.071,2.522,9850.25,1.382,9851.632,156396.211,200,309.32,454.808,36.007,0.026,5.005,7.364,12716.875,350,0.862,2827.9,10.4,1131.1,0,0,18.625,29.486,19.945,254,Burdekin,AyrDPI,Mulg,1960,Furrow,BareFallow,35,Surf1,200,110,LowFreq,0,P2R,15AprV1R4,T1,3167.6,2629.083,1767.998,1935.326,41.038,5.031,6.35658897037484,0.119621694244602,6.30641509433962,0.8356,31.333,999
1989,20/11/1989,324,1988,15-Apr,5,sugar,alive,4,396,1984,20/10/1988,105,0,7,325,1989,14,2046,6347.11,5715.17,4939.34,153.382,2920.02,,0,0,0,20.516,61.25,61.25,1.382,9850.25,9851.632,156396.211,1.005,18,1980,1397.6,536.741,1633.047,689.046,1060.868,145.186,1206.054,1.748,9894.065,1.646,9895.711,157016.35,200,257.972,410.855,48.73,0.128,3.822,9.493,12434.102,350,0.812,2385.2,8.9,954.1,0,0,18.243,28.763,19.394,134.8,Burdekin,AyrDPI,Mulg,1960,Furrow,BareFallow,35,Surf1,200,110,LowFreq,0,P2R,15AprV1R4,T1,3377.6,2669.046,2169.788,2314.974,52.68,3.95,5.74669750914746,0.127176726746895,6.31201646090535,0.76691,29.2,999
1990,27/04/1990,117,0,15-Apr,5,none,out,-1,0,1984,0.000,117,12,7,337,-1,14,2046,0,0,0,0,0,,0,0,0,0,63.009,63.009,1.646,9894.065,9895.711,157016.35,1.013,0,0,1005,304.4,470.344,374.744,0,39.333,39.333,0.03,10034.642,5.658,10040.3,159243.334,0,0,80.919,2.023,0.136,0.464,0.245,7306.899,350.133,0.977,5375.2,23.4,2150.1,0,0,21.299,31.098,21.349,103,Burdekin,AyrDPI,Mulg,1960,Furrow,BareFallow,35,Surf1,200,110,LowFreq,0,P2R,15AprV1R4,T1,1005,374.744,774.744,814.077,2.623,0.6,0,0,0,,0,999
1991,27/07/1991,208,1990,15-Apr,6,sugar,alive,0,456,1990,27/4/1990,117,12,0,330,1991,14,2039,7899.59,7072.1,6179.7,190.905,3255.66,,0,0,0,18.076,253.933,253.933,5.658,10034.642,10040.3,159243.334,1.024,19,2090,1937.4,575.98,2032.253,555.732,1309.638,302.584,1612.222,6.264,9813.035,1.902,9814.937,155827.858,200,438.751,494.764,44.137,0.124,11.953,8.82,9675.526,352.051,0.894,3201.9,11.8,1280.7,0,0,16.708,28.002,18.31,204.4,Burdekin,AyrDPI,Mulg,1960,Furrow,BareFallow,35,Surf1,200,110,LowFreq,0,P2R,15AprV1R4,T1,4027.4,2645.732,2608.233,2910.817,56.214,12.077,7.21558343777828,0.118411112117314,7.51594488188976,0.954525,32.557,999
1992,26/08/1992,239,1991,15-Apr,6,sugar,alive,1,396,1990,27/7/1991,117,12,0,330,1992,14,2039,7260.83,6506.35,5706.83,176.407,3372.31,,0,0,0,20.613,60.879,60.879,1.902,9813.035,9814.937,155827.858,0.999,19,2090,638.1,90.806,1212.989,416.057,1288.906,135.345,1424.252,1.447,9865.774,1.061,9866.835,156200.358,200,307.87,444.794,19.22,0.023,4.519,4.273,13465.603,353.744,0.901,3304.9,12.4,1321.9,0,0,17.597,29.24,20.578,122.8,Burdekin,AyrDPI,Mulg,1960,Furrow,BareFallow,35,Surf1,200,110,LowFreq,0,P2R,15AprV1R4,T1,2728.1,2506.057,1303.795,1439.14,23.762,4.542,7.0392253647862,0.123859401285728,6.94515748031496,0.882035,33.723,999
1993,26/09/1993,269,1992,15-Apr,6,sugar,alive,2,396,1990,26/8/1992,117,12,0,330,1993,14,2039,7368.61,6643.66,5797.95,180.103,3613.36,,0,0,0,21.777,60.933,60.933,1.061,9865.774,9866.835,156200.358,1.014,21,2310,527.4,157.395,1217.227,388.749,1291.917,141.618,1433.535,1.218,9881.204,2.815,9884.019,156279.438,200,313.779,442.272,24.967,0.041,3.941,5.363,13793.435,355.475,0.817,2429.8,9,971.9,0,0,18.04,29.055,20.307,72,Burdekin,AyrDPI,Mulg,1960,Furrow,BareFallow,35,Surf1,200,110,LowFreq,0,P2R,15AprV1R4,T1,2837.4,2698.749,1374.622,1516.24,28.949,3.982,6.67357357056918,0.125635579180139,6.52547101449275,0.900515,36.134,999
1994,26/10/1994,299,1993,15-Apr,6,sugar,alive,3,395,1990,26/9/1993,117,12,0,330,1994,14,2039,7221.86,6517.08,5761.89,179.16,3610.21,,0,0,0,21.885,90.176,90.176,2.815,9881.204,9884.019,156279.438,1.018,22,2420,368.5,137.558,1260.216,273.327,1282.314,141,1423.314,1.188,9896.775,1.294,9898.069,156392.764,200,302.082,440.074,33.129,0.055,6.129,6.9,13315.039,357.24,0.903,3326.6,12.3,1330.6,0,0,17.93,29.284,20.727,46.8,Burdekin,AyrDPI,Mulg,1960,Furrow,BareFallow,35,Surf1,200,110,LowFreq,0,P2R,15AprV1R4,T1,2788.5,2693.327,1397.774,1538.774,39.313,6.184,6.65199584008923,0.125875246080626,6.24250871080139,0.8958,36.102,999
1995,26/11/1995,330,1994,15-Apr,6,sugar,alive,4,396,1990,26/10/1994,117,12,0,330,1995,14,2039,7750.13,6949.46,6168.76,191.429,3848.16,,0,0,0,21.826,57.587,57.587,1.294,9896.775,9898.069,156392.764,1.021,21,2310,580.7,193.704,1213.109,410.654,1285.094,170.272,1455.366,1.587,9901.377,2.713,9904.09,156223.909,200,329.506,461.451,22.611,0.045,4.716,4.738,14037.6,359.038,0.828,2511,9.3,1004.4,0,0,19.375,29.443,20.708,55.2,Burdekin,AyrDPI,Mulg,1960,Furrow,BareFallow,35,Surf1,200,110,LowFreq,0,P2R,15AprV1R4,T1,2890.7,2720.654,1406.813,1577.085,27.372,4.761,7.03613910478877,0.131533236313065,6.93583333333333,0.957145,38.482,999
1996,14/04/1996,105,0,15-Apr,6,none,out,-1,0,1990,0.000,105,0,0,330,-1,14,2039,0,0,0,0,0,,0,0,0,0,86.107,86.107,2.713,9901.377,9904.09,156223.909,1.023,0,0,398.6,128.639,193.926,191.031,0,17.795,17.795,0,10056.701,4.633,10061.334,159185.642,0,0,79.392,0.641,0.135,0.192,0.178,7122.032,359.682,0.996,7771.3,32.9,3108.5,0,0,22.954,32.071,21.968,107,Burdekin,AyrDPI,Mulg,1960,Furrow,BareFallow,35,Surf1,200,110,LowFreq,0,P2R,15AprV1R4,T1,398.6,191.031,322.565,340.36,0.968,0.327,0,0,0,,0,999
1997,14/07/1997,195,1996,15-Apr,7,sugar,alive,0,456,1996,14/4/1996,105,0,0,318,1997,21,2039,10026.05,9061.6,7953.95,247.603,4603.66,,0,0,0,19.969,144.348,144.348,4.633,10056.701,10061.334,159185.642,1.034,21,2310,982.2,229.026,1359.7,524.976,1477.613,291.213,1768.826,3.125,9849.664,2.426,9852.09,154398.413,200,459.89,513.958,30.392,0.16,6.288,6.319,12791.676,361.813,0.9,3288.3,12.1,1315.3,0,0,18.701,28.609,19.693,116.8,Burdekin,AyrDPI,Mulg,1960,Furrow,BareFallow,35,Surf1,200,110,LowFreq,0,P2R,15AprV1R4,T1,3292.2,2834.976,1588.726,1879.939,36.84,6.448,8.73386582461368,0.139981547082641,8.9711231884058,1.238015,46.037,999
1998,14/08/1998,226,1997,15-Apr,7,sugar,alive,1,396,1996,14/7/1997,105,0,0,318,1998,21,2039,6462.01,5747.78,5119.74,157.678,2888.75,,0,0,0,19.634,78.997,78.997,2.426,9849.664,9852.09,154398.413,1.012,18,1980,943.5,276.291,1631.37,441.519,967.131,33.059,1000.19,0.061,9939.711,1.978,9941.69,154487.093,200,256.501,403.913,19.805,0.112,7.37,4.323,14915.317,363.697,0.961,4637,18.2,1854.8,0,0,19.78,28.54,19.348,189.6,Burdekin,AyrDPI,Mulg,1960,Furrow,BareFallow,35,Surf1,200,110,LowFreq,0,P2R,15AprV1R4,T1,2923.5,2421.519,1907.661,1940.72,27.287,7.482,6.51153263715874,0.157648046871094,6.48880658436214,0.78839,28.887,999
1999,14/09/1999,257,1998,15-Apr,7,sugar,alive,2,396,1996,14/8/1998,105,0,0,318,1999,21,2039,7504.91,6778.07,5919.33,183.918,3614.69,,0,0,0,21.274,94.646,94.646,1.978,9939.711,9941.69,154487.093,1.033,20,2200,1157.8,418.301,1669.891,671.362,1156.255,131.781,1288.037,1.688,9926.525,1.337,9927.862,153665.295,200,314.747,449.266,42.71,0.201,5.372,8.504,14289.62,365.614,0.858,2790.4,10.3,1116.1,0,0,19.672,28.665,19.051,112,Burdekin,AyrDPI,Mulg,1960,Furrow,BareFallow,35,Surf1,200,110,LowFreq,0,P2R,15AprV1R4,T1,3357.8,2871.362,2088.192,2219.973,48.283,5.573,6.40525297750684,0.142789376392138,6.94030188679245,0.91959,36.147,999
2000,13/10/2000,287,1999,15-Apr,7,sugar,alive,3,395,1996,14/9/1999,105,0,0,318,2000,21,2039,6954.8,6271.82,5534.89,171.878,3358.4,,0,0,0,21.134,76.217,76.217,1.337,9926.525,9927.862,153665.295,1.033,18,1980,1485.1,528.662,1792.777,598.212,1040.42,127.247,1167.667,1.505,9959.863,1.478,9961.341,153272.168,200,290.156,421.63,26.255,0.176,5.576,5.451,13987.306,367.562,0.9,3287.7,12.2,1315.1,0,0,18.806,28.308,19.755,136,Burdekin,AyrDPI,Mulg,1960,Furrow,BareFallow,35,Surf1,200,110,LowFreq,0,P2R,15AprV1R4,T1,3465.1,2578.212,2321.439,2448.686,32.007,5.752,6.6665580642709,0.147197788410566,7.07316872427984,0.85939,33.584,999
2001,13/11/2001,317,2000,15-Apr,7,sugar,alive,4,396,1996,13/10/2000,105,0,0,318,2001,21,2039,6982.08,6260.11,5532.81,172.268,3551.71,,0,0,0,22.459,52.211,52.211,1.478,9959.863,9961.341,153272.168,1.039,21,2310,561.7,283.532,1217.569,371.611,1222.529,152.353,1374.882,1.312,9932.5,1.929,9934.429,151705.228,200,313.148,462.394,60.091,0.247,3.368,11.503,14292.591,369.549,0.872,2936.4,10.9,1174.6,0,0,18.326,29.448,20.344,52,Burdekin,AyrDPI,Mulg,1960,Furrow,BareFallow,35,Surf1,200,110,LowFreq,0,P2R,15AprV1R4,T1,2871.7,2681.611,1501.101,1653.454,63.706,3.615,6.42404882736534,0.125296570905721,6.24159420289855,0.86134,35.517,999
2002,15/04/2002,105,0,15-Apr,7,none,out,-1,0,1996,0.000,105,0,0,318,-1,21,2039,0,0,0,0,0,,0,0,0,0,47.928,47.928,1.929,9932.5,9934.429,151705.228,1.038,0,0,709.6,158.462,425.179,266.557,0,10.256,10.256,0,10073.257,3.111,10076.368,153723.697,0,0,51.594,0.654,0.262,0.412,0.124,6319.169,370.333,0.999,10152.3,46.9,4060.9,0,0,22.761,32.867,22.92,206,Burdekin,AyrDPI,Mulg,1960,Furrow,BareFallow,35,Surf1,200,110,LowFreq,0,P2R,15AprV1R4,T1,709.6,266.557,583.641,593.897,1.328,0.674,0,0,0,,0,999
2003,15/07/2003,196,2002,15-Apr,8,sugar,alive,0,456,2002,15/4/2002,105,0,0,318,2003,21,2039,8614.63,7671.68,6791.53,209.457,4004.29,,0,0,0,20.614,163.632,163.632,3.111,10073.257,10076.368,153723.697,1.047,22,2420,540.4,160.385,1145.933,347.131,1471.486,285.338,1756.824,2.338,9855.055,2.008,9857.064,147145.147,200,482.663,548.085,26.031,0.327,7.376,5.263,15128.839,372.685,0.908,3407.8,12.5,1363.1,0,0,17.497,29.369,20.058,51,Burdekin,AyrDPI,Mulg,1960,Furrow,BareFallow,35,Surf1,200,110,LowFreq,0,P2R,15AprV1R4,T1,2960.4,2767.131,1306.318,1591.656,33.734,7.703,7.56946454649238,0.119224805672054,7.29815331010453,1.047285,40.043,999
2004,14/08/2004,227,2003,15-Apr,8,sugar,alive,1,396,2002,15/7/2003,105,0,0,318,2004,21,2039,7759.77,6929.89,6081.46,187.57,3509.56,,0,0,0,20.114,60.892,60.892,2.008,9855.055,9857.064,147145.147,1.028,19,2090,730.8,115.262,1227.894,410.846,1371.733,101.617,1473.351,0.845,9869.807,1.402,9871.209,146611.361,200,342.304,489.375,22.319,0.724,4.529,4.944,15308.638,374.756,0.91,3442.6,12.9,1377,0,0,18.173,29.68,20.405,173.2,Burdekin,AyrDPI,Mulg,1960,Furrow,BareFallow,35,Surf1,200,110,LowFreq,0,P2R,15AprV1R4,T1,2820.8,2500.846,1343.156,1444.773,27.572,5.253,7.50026191136919,0.127308428202105,7.38464566929134,0.93785,35.096,999
2005,14/09/2005,257,2004,15-Apr,8,sugar,alive,2,396,2002,14/8/2004,105,0,0,318,2005,21,2039,7571.77,6803,5906.77,182.421,3631.06,,0,0,0,21.583,65.187,65.187,1.402,9869.807,9871.209,146611.361,1.044,20,2200,741.5,107.826,1371.411,359.175,1344.879,112.934,1457.813,0.957,9865.049,1.183,9866.232,146539.265,200,344.877,489.862,27.283,0.797,4.784,5.94,14869.522,376.868,0.889,3137.4,11.6,1255,0,0,18.136,29.487,20.28,143.4,Burdekin,AyrDPI,Mulg,1960,Furrow,BareFallow,35,Surf1,200,110,LowFreq,0,P2R,15AprV1R4,T1,2941.5,2559.175,1479.237,1592.171,32.864,5.581,7.12811745972823,0.125133333287603,6.88381132075472,0.912105,36.311,999
2006,14/10/2006,287,2005,15-Apr,8,sugar,alive,3,395,2002,14/9/2005,105,0,0,318,2006,21,2039,7395.04,6675,5791.75,179.323,3414.29,,0,0,0,20.519,69.637,69.637,1.183,9865.049,9866.232,146539.265,1.048,20,2200,921,219.253,1523.472,492.03,1249.025,132.596,1381.621,1.754,9877.613,1.209,9878.822,146750.888,200,327.218,476.092,25.349,0.233,5.751,5.305,14378.417,379.015,0.892,3185.8,11.8,1274.3,0,0,18.775,29.419,19.891,178.4,Burdekin,AyrDPI,Mulg,1960,Furrow,BareFallow,35,Surf1,200,110,LowFreq,0,P2R,15AprV1R4,T1,3121,2692.03,1742.725,1875.321,31.333,5.984,6.66125563236665,0.129791744624611,6.76690566037736,0.896615,34.143,999
2007,14/11/2007,318,2006,15-Apr,8,sugar,alive,4,396,2002,14/10/2006,105,0,0,318,2007,21,2039,7419.86,6654.84,5904.91,183.141,3708.93,,0,0,0,22.01,66.291,66.291,1.209,9877.613,9878.822,146750.888,1.052,20,2200,955.1,345.842,1440.909,456.695,1247.93,137.648,1385.578,1.138,9899.762,1.45,9901.212,147029.959,200,317.265,453.089,22.01,0.109,5.347,4.69,13928.304,381.199,0.88,3033.4,11.2,1213.4,0,0,18.14,28.848,20.087,130.2,Burdekin,AyrDPI,Mulg,1960,Furrow,BareFallow,35,Surf1,200,110,LowFreq,0,P2R,15AprV1R4,T1,3155.1,2656.695,1786.751,1924.399,27.466,5.456,6.89356512508963,0.13217660788494,6.91098113207547,0.915705,37.089,999
2008,14/04/2008,105,0,15-Apr,8,none,out,-1,0,2002,0.000,105,0,0,318,-1,21,2039,0,0,0,0,0,,0,0,0,0,49.061,49.061,1.45,9899.762,9901.212,147029.959,1.058,0,0,1182.4,510.027,525.825,337.991,0,14.168,14.168,0,10053.509,3.326,10056.836,150211.944,0,0,60.915,0.894,0.311,0.562,0.151,6443.821,382.048,0.997,8549.4,38.7,3419.8,0,0,22.044,31.03,20.031,108.2,Burdekin,AyrDPI,Mulg,1960,Furrow,BareFallow,35,Surf1,200,110,LowFreq,0,P2R,15AprV1R4,T1,1182.4,337.991,1035.852,1050.02,1.767,0.873,0,0,0,,0,999
2009,14/07/2009,195,2008,15-Apr,9,sugar,alive,0,456,2008,14/4/2008,105,0,0,318,2009,21,2039,8064.38,7217.57,6321.11,195.254,3414.51,,0,0,0,18.61,181.441,181.441,3.326,10053.509,10056.836,150211.944,1.068,18,1980,1896.9,494.532,1930.591,643.154,1304.015,265.186,1569.202,5.408,9809.699,2.431,9812.13,145577.535,200,471.341,541.101,45.598,1.675,11.487,9.048,12227.247,384.628,0.895,3214.4,11.8,1285.8,0,0,17.681,28.658,18.107,197.2,Burdekin,AyrDPI,Mulg,1960,Furrow,BareFallow,35,Surf1,200,110,LowFreq,0,P2R,15AprV1R4,T1,3876.9,2623.154,2425.123,2690.309,58.76,13.162,7.44348215926324,0.124428849823031,8.03514403292181,0.97627,34.145,999
2010,15/08/2010,227,2009,15-Apr,9,sugar,alive,1,397,2008,14/7/2009,105,0,1,318,2010,20,2039,7427.7,6672.78,5795.58,179.223,3098.72,,0,0,0,18.366,64.017,64.017,2.431,9809.699,9812.13,145577.535,1.044,19,2090,1122.7,250.299,1516.973,537.556,1256.86,127.976,1384.836,2.242,9838.133,2.119,9840.252,146009.021,200,328.664,470.561,21.914,0.272,5.65,4.825,13810.985,386.909,0.854,2745.5,10.2,1098.2,0,0,18.369,29.252,18.952,135.2,Burdekin,AyrDPI,Mulg,1960,Furrow,BareFallow,35,Surf1,200,110,LowFreq,0,P2R,15AprV1R4,T1,3212.7,2627.556,1767.272,1895.248,27.836,5.922,6.82090124815608,0.12941821269811,7.05602362204725,0.896115,30.987,999
2011,15/09/2011,258,2010,15-Apr,9,sugar,alive,2,396,2008,15/8/2010,105,0,1,319,2011,20,2040,6165.26,5574.16,4829.94,150.152,2999.54,,0,0,0,21.671,124.609,124.609,2.119,9838.133,9840.252,146009.021,1.055,15,1650,1415.7,550.801,1464.39,734.884,991.315,129.592,1120.907,1.44,9882.175,1.226,9883.401,146668.271,200,257.895,399.362,38.919,0.084,12.754,7.873,12479.743,389.221,0.873,2947.1,10.9,1178.8,0,0,18.099,28.358,17.742,81.4,Burdekin,AyrDPI,Mulg,1960,Furrow,BareFallow,35,Surf1,200,110,LowFreq,0,P2R,15AprV1R4,T1,3065.7,2384.884,2015.191,2144.783,51.757,12.838,6.29598756165918,0.133955805432565,7.15009523809524,0.75076,29.995,999
2012,14/10/2012,288,2011,15-Apr,9,sugar,alive,3,395,2008,15/9/2011,105,0,1,319,2012,20,2040,7538.12,6819.57,5932.46,184.279,3496.08,,0,0,0,20.435,54.211,54.211,1.226,9882.175,9883.401,146668.271,1.062,18,1980,1154.8,267.077,1445.2,600.622,1243.361,175.342,1418.702,2.754,9861.858,1.209,9863.067,146598.326,200,335.123,466.356,26.238,0.075,6.621,5.475,12648.4,391.564,0.895,3217.7,11.8,1287.1,0,0,18.088,28.804,19.379,197.4,Burdekin,AyrDPI,Mulg,1960,Furrow,BareFallow,35,Surf1,200,110,LowFreq,0,P2R,15AprV1R4,T1,3134.8,2580.622,1712.277,1887.619,32.934,6.696,7.14087533935617,0.12989267654518,7.58349794238683,0.921395,34.961,999
2013,14/11/2013,318,2012,15-Apr,9,sugar,alive,4,396,2008,14/10/2012,105,0,1,319,2013,20,2040,7409.49,6610.74,5881.96,181.836,3599.19,,0,0,0,21.446,58.031,58.031,1.209,9861.858,9863.067,146598.326,1.06,21,2310,546.6,100.42,1316.55,329.026,1292.744,142.974,1435.718,1.367,9884.217,1.467,9885.684,146826.657,200,319.437,455.084,22.222,0.039,4.757,4.804,13876.05,393.95,0.9,3295.3,12.2,1318.1,0,0,18.53,29.572,20.609,178.6,Burdekin,AyrDPI,Mulg,1960,Furrow,BareFallow,35,Surf1,200,110,LowFreq,0,P2R,15AprV1R4,T1,2856.6,2639.026,1416.97,1559.944,27.018,4.796,6.8902693645307,0.126651612642594,6.58826086956522,0.90918,35.992,999
2014,22/04/2014,112,0,15-Apr,9,none,out,-1,0,2008,0.000,112,7,1,326,-1,14,2040,0,0,0,0,0,,0,0,0,0,61.944,61.944,1.467,9884.217,9885.684,146826.657,1.065,0,0,633,185.427,243.774,347.786,0,21.709,21.709,0.004,10042.737,3.519,10046.256,149499.389,0,0,80.073,0.954,0.135,0.269,0.192,7629.026,394.927,0.993,7002.1,30.7,2800.8,0,0,21.91,31.1,20.553,86.2,Burdekin,AyrDPI,Mulg,1960,Furrow,BareFallow,35,Surf1,200,110,LowFreq,0,P2R,15AprV1R4,T1,633,347.786,429.201,450.91,1.358,0.404,0,0,0,,0,999
2015,22/07/2015,203,2014,15-Apr,10,sugar,alive,0,456,2014,22/4/2014,112,7,0,325,2015,14,2039,8607.35,7690.3,6786.6,209.676,4010.49,,0,0,0,20.626,244.034,244.034,3.519,10042.737,10046.256,149499.389,1.077,22,2420,448.4,162.915,1116.938,285.347,1465.157,297.451,1762.608,2.371,9774.449,1.886,9776.335,145207.572,200,502.644,556.422,35.753,0.473,11.482,7.439,11537.343,397.744,0.9,3292.8,12.1,1317.1,0,0,17.645,29.283,19.621,83.4,Burdekin,AyrDPI,Mulg,1960,Furrow,BareFallow,35,Surf1,200,110,LowFreq,0,P2R,15AprV1R4,T1,2868.4,2705.347,1279.853,1577.304,47.708,11.955,7.75042905771422,0.118957817052912,7.30578397212543,1.04838,40.105,999
2016,21/08/2016,234,2015,15-Apr,10,sugar,alive,1,396,2014,22/7/2015,112,7,0,325,2016,14,2039,7408.31,6615.18,5806.06,179.007,3332.84,,0,0,0,20.001,69.975,69.975,1.886,9774.449,9776.335,145207.572,1.048,20,2200,529,140.237,1151.385,384.014,1313.099,113.035,1426.134,1.133,9832.723,1.305,9834.028,145951.405,200,305.975,451.344,21.087,0.175,4.623,4.61,14092.22,400.218,0.857,2780.7,10.4,1112.3,0,0,18.891,29.844,19.342,43.6,Burdekin,AyrDPI,Mulg,1960,Furrow,BareFallow,35,Surf1,200,110,LowFreq,0,P2R,15AprV1R4,T1,2729,2584.014,1291.622,1404.657,25.885,4.798,6.92747794710091,0.125519060621232,6.75498113207547,0.895035,33.328,999
2017,21/09/2017,264,2016,15-Apr,10,sugar,alive,2,396,2014,21/8/2016,112,7,0,325,2017,14,2039,6767.62,6037.07,5256.91,161.929,3036.7,,0,0,0,20.167,81.219,81.219,1.305,9832.723,9834.028,145951.405,1.063,18,1980,868.4,178.377,1335.776,501.493,1220.219,140.252,1360.47,1.874,9837.685,1.142,9838.827,146180.569,200,314.36,456.516,30.091,0.053,6.155,6.276,13385.799,402.737,0.891,3163.1,11.6,1265.3,0,0,18.684,29.923,18.212,107.8,Burdekin,AyrDPI,Mulg,1960,Furrow,BareFallow,35,Surf1,200,110,LowFreq,0,P2R,15AprV1R4,T1,2848.4,2481.493,1514.153,1654.405,36.299,6.208,6.52546672507237,0.119024307775989,6.66374485596708,0.809645,30.367,999
2018,21/10/2018,294,2017,15-Apr,10,sugar,alive,3,395,2014,21/9/2017,112,7,0,325,2018,14,2039,6692.67,6011.37,5169.85,159.925,3027.24,,0,0,0,20.383,54.996,54.996,1.142,9837.685,9838.827,146180.569,1.064,20,2200,738.5,210.02,1375.776,436.907,1197.266,143.833,1341.099,1.863,9836.863,2.331,9839.193,146165.02,200,312.837,462.465,38.824,0.073,3.737,7.812,13213.033,405.294,0.866,2875.6,10.6,1150.2,0,0,18.123,29.652,18.393,130.4,Burdekin,AyrDPI,Mulg,1960,Furrow,BareFallow,35,Surf1,200,110,LowFreq,0,P2R,15AprV1R4,T1,2938.5,2636.907,1585.796,1729.629,42.634,3.81,6.06487069889078,0.11924921277251,6.03490566037736,0.799625,30.272,999
2019,21/11/2019,325,2018,15-Apr,10,sugar,alive,4,396,2014,21/10/2018,112,7,0,325,2019,14,2039,6212.32,5564.95,4791.53,148.278,2793.03,,0,0,0,20.269,66.601,66.601,2.331,9836.863,9839.193,146165.02,1.064,20,2200,1167.2,528.602,1623.478,399.847,1064.187,164.872,1229.059,2.347,9838.326,1.607,9839.933,146154.542,200,306.176,459.586,39.711,0.193,8.298,7.759,12775.468,407.889,0.848,2693.5,10,1077.4,0,0,18.547,29.715,17.632,92.8,Burdekin,AyrDPI,Mulg,1960,Furrow,BareFallow,35,Surf1,200,110,LowFreq,0,P2R,15AprV1R4,T1,3367.2,2599.847,2152.08,2316.952,48.202,8.491,5.70333561936529,0.120643516706684,5.59539622641509,0.74139,27.93,999
2020,14/04/2020,105,0,15-Apr,10,none,out,-1,0,2014,0.000,105,0,0,325,-1,14,2039,0,0,0,0,0,,0,0,0,0,52.663,52.663,1.607,9838.326,9839.933,146154.542,1.065,0,0,828,221.078,468.105,307.546,0,11.476,11.476,0,9978.997,2.871,9981.868,148743.727,0,0,50.582,0.662,0.146,0.429,0.122,5406.001,408.85,0.999,9431.5,44.2,3772.6,0,0,22.823,32.531,20.537,327.8,Burdekin,AyrDPI,Mulg,1960,Furrow,BareFallow,35,Surf1,200,110,LowFreq,0,P2R,15AprV1R4,T1,828,307.546,689.183,700.659,1.237,0.575,0,0,0,,0,999
2021,14/07/2021,195,2020,15-Apr,11,sugar,alive,0,456,2020,14/4/2020,105,0,0,318,2021,21,2039,7887.69,7059.26,6141.77,189.804,3419.22,,0,0,0,19.258,180.005,180.005,2.871,9978.997,9981.868,148743.727,1.074,20,2200,1238.2,385.423,1594.822,535.358,1280.673,272.821,1553.495,4.948,9758.776,2.176,9760.952,144883.765,200,453.191,531.497,40.359,1.84,16.378,7.656,11838.453,411.908,0.825,2486.1,9.1,994.5,0,0,18.324,28.888,16.427,132.4,Burdekin,AyrDPI,Mulg,1960,Furrow,BareFallow,35,Surf1,200,110,LowFreq,0,P2R,15AprV1R4,T1,3438.2,2735.358,1980.245,2253.066,58.577,18.218,6.93890891064351,0.122178700285485,7.16241509433962,0.94902,34.192,999
1961,15/04/1961,105,0,15-Apr,0,none,out,-1,0,-1,0.000,105,0,0,318,-1,21,2039,0,0,0,0,0,,0,0,0,0,0,0,0,0,0,0,0.89,0,0,356.6,0,169.312,187.288,0,145.244,145.244,7.686,9502.806,38.791,9541.597,141809.239,0,0,37.056,1.808,0,0.521,0.325,1002.704,350,0.019,27,0.1,10.8,0,0,20.264,30.936,22.36,63.2,Burdekin,AyrDPI,Mulg,1961,Furrow,BareFallow,35,Surf1,200,110,LowFreq,0,P2R,15AprV1R4,T1,356.6,187.288,169.312,314.556,2.329,0.521,0,0,0,,0,999
1962,15/07/1962,196,1961,15-Apr,1,sugar,alive,0,456,1961,15/4/1961,105,0,0,318,1962,21,2039,7846.15,7047.61,6059.17,187.381,3384.38,,0,0,0,19.316,71.594,71.594,38.791,9502.806,9541.597,141809.239,0.884,20,2200,968.6,64.541,1371.765,666.039,1368.429,364.014,1732.443,22.087,9420.164,0.769,9420.933,141313.664,200,313.5,323.756,28.834,0,14.883,6.142,3587.043,350,0.976,5304.5,19.4,2121.8,0,0,16.561,28.834,19.605,102.1,Burdekin,AyrDPI,Mulg,1961,Furrow,BareFallow,35,Surf1,200,110,LowFreq,0,P2R,15AprV1R4,T1,3168.6,2866.039,1436.306,1800.32,43.717,14.883,6.53797802472332,0.108159979866581,7.07098113207547,0.936905,33.844,999
1963,20/08/1963,232,1962,15-Apr,1,sugar,alive,1,401,1961,15/7/1962,105,0,5,318,1963,16,2039,5442.43,4848.33,4238.92,129.997,2452.72,,0,0,0,20.307,71.445,71.445,0.769,9420.164,9420.933,141313.664,0.867,18,1980,1163.8,459.226,1561.371,611.149,1050.064,6.643,1056.707,0.001,9520.066,1.318,9521.384,142954.741,200,205.704,313.998,17.581,0.001,3.126,3.824,8831.128,350,1,12649.6,55.4,5059.8,0,0,17.072,28.89,18.964,91.9,Burdekin,AyrDPI,Mulg,1961,Furrow,BareFallow,35,Surf1,200,110,LowFreq,0,P2R,15AprV1R4,T1,3143.8,2591.149,2020.597,2027.24,20.708,3.127,5.01696351695715,0.1230208563017,5.349670781893,0.649985,24.527,999
1964,19/09/1964,263,1963,15-Apr,1,sugar,alive,2,396,1961,20/8/1963,105,0,5,323,1964,16,2044,6087.65,5434.56,4758.33,146.324,2762.8,,0,0,0,20.324,137.941,137.941,1.318,9520.066,9521.384,142954.741,0.884,20,2200,554.3,183.777,1403.233,422.937,1202.083,19.435,1221.518,0.017,9609.057,1.249,9610.306,144660.514,200,232.337,387.299,16.864,0.001,13.62,3.816,11816.881,350,0.993,7121.9,27.9,2848.7,0,0,17.319,29.482,19.828,92.7,Burdekin,AyrDPI,Mulg,1961,Furrow,BareFallow,35,Surf1,200,110,LowFreq,0,P2R,15AprV1R4,T1,2754.3,2622.937,1587.01,1606.445,30.485,13.621,5.57863189241678,0.119788656409484,5.52166037735849,0.73162,27.628,999
1965,19/10/1965,292,1964,15-Apr,1,sugar,alive,3,395,1961,19/9/1964,105,0,5,323,1965,16,2044,6701.66,6057.3,5235.75,162.779,3161.01,,0,0,0,20.985,83.713,83.713,1.249,9609.057,9610.306,144660.514,0.905,20,2200,838.2,343.632,1394.261,459.283,1214.331,105.979,1320.31,0.83,9644.743,1.279,9646.022,146181.104,200,266.321,424.558,41.274,0.002,3.44,8.251,11807.718,350,0.903,3326.9,12.3,1330.7,0,0,17.505,29.111,19.983,107.4,Burdekin,AyrDPI,Mulg,1961,Furrow,BareFallow,35,Surf1,200,110,LowFreq,0,P2R,15AprV1R4,T1,3038.2,2659.283,1737.893,1843.872,44.716,3.442,6.12116123030155,0.123288470132014,6.14260377358491,0.813895,31.61,999
1966,20/11/1966,324,1965,15-Apr,1,sugar,alive,4,397,1961,19/10/1965,105,0,6,323,1966,15,2044,6938.96,6202.02,5356.46,165.807,3211.28,,0,0,0,20.922,63.711,63.711,1.279,9644.743,9646.022,146181.104,0.915,22,2420,464.1,138.691,1370.791,334.46,1181.286,159.949,1341.236,1.812,9642.954,2.509,9645.463,147431.466,200,311.075,457.315,35.127,0.001,4.881,7.045,11688.836,350,0.835,2569.8,9.5,1027.9,0,0,18.206,29.08,19.807,102.9,Burdekin,AyrDPI,Mulg,1961,Furrow,BareFallow,35,Surf1,200,110,LowFreq,0,P2R,15AprV1R4,T1,2884.1,2754.46,1509.482,1669.431,40.009,4.882,6.01958278573659,0.123622539210102,5.77724738675958,0.829035,32.113,999
1967,15/04/1967,105,0,15-Apr,1,none,out,-1,0,1961,0.000,105,0,6,324,-1,15,2045,0,0,0,0,0,,0,0,0,0,97.093,97.093,2.509,9642.954,9645.463,147431.466,0.919,0,0,493.9,166.774,232.512,220.449,0,15.513,15.513,0,9780.865,9.337,9790.202,150599.575,0,0,75.745,1.451,0.002,0.245,0.214,6042.745,350,0.997,8514.2,38.1,3405.7,0,0,21.476,31.313,21.477,154.9,Burdekin,AyrDPI,Mulg,1961,Furrow,BareFallow,35,Surf1,200,110,LowFreq,0,P2R,15AprV1R4,T1,493.9,220.449,399.286,414.799,1.698,0.247,0,0,0,,0,999
1968,14/07/1968,196,1967,15-Apr,2,sugar,alive,0,456,1967,15/4/1967,105,0,0,318,1968,21,2039,8633.34,7743.03,6777.03,209.819,3801.93,,0,0,0,19.388,176.195,176.195,9.337,9780.865,9790.202,150599.575,0.929,20,2200,1672.1,455.005,1843.342,666.758,1382.684,294.645,1677.329,5.026,9603.396,1.713,9605.109,148441.851,200,407.834,484.624,49.388,0.007,13.555,9.794,9798.697,350,0.912,3472.3,12.7,1388.9,0,0,17.786,28.252,19.122,187.9,Burdekin,AyrDPI,Mulg,1961,Furrow,BareFallow,35,Surf1,200,110,LowFreq,0,P2R,15AprV1R4,T1,3872.1,2866.758,2298.347,2592.992,62.95,13.562,7.31903425402493,0.125091141928626,7.91769811320755,1.049095,38.019,999
1969,14/08/1969,226,1968,15-Apr,2,sugar,alive,1,396,1967,14/7/1968,105,0,0,318,1969,21,2039,6529.73,5823.95,5029.35,154.764,2904.01,,0,0,0,20.18,72.619,72.619,1.713,9603.396,9605.109,148441.851,0.911,22,2420,219.9,110.213,1223.024,183.648,1250.424,42.448,1292.873,0.127,9680.173,1.269,9681.442,149964.755,200,260.364,406.161,26.892,0.001,3.363,5.759,12302.371,350,0.957,4499.3,18,1799.7,0,0,17.324,29.16,19.914,46.5,Burdekin,AyrDPI,Mulg,1961,Furrow,BareFallow,35,Surf1,200,110,LowFreq,0,P2R,15AprV1R4,T1,2639.9,2603.648,1333.237,1375.685,30.256,3.364,5.94412147878669,0.119705493114946,5.39247386759582,0.77382,29.04,999
1970,14/09/1970,257,1969,15-Apr,2,sugar,alive,2,396,1967,14/8/1969,105,0,0,318,1970,21,2039,7053.83,6356.61,5475.41,169.184,3255.81,,0,0,0,20.77,86.41,86.41,1.269,9680.173,9681.442,149964.755,0.93,20,2200,670.4,123.618,1327.281,396.278,1319.875,113.646,1433.521,1.017,9694.553,1.201,9695.754,151154.736,200,311.307,450.49,25.722,0.002,5.621,5.491,12711.617,350,0.885,3085.9,11.4,1234.4,0,0,17.523,29.383,20.581,133.6,Burdekin,AyrDPI,Mulg,1961,Furrow,BareFallow,35,Surf1,200,110,LowFreq,0,P2R,15AprV1R4,T1,2870.4,2596.278,1450.899,1564.545,31.345,5.623,6.51640540804952,0.118019896464719,6.38430188679245,0.84592,32.558,999
1971,14/10/1971,287,1970,15-Apr,2,sugar,alive,3,395,1967,14/9/1970,105,0,0,318,1971,21,2039,6834.27,6176.19,5335.7,165.474,3133.96,,0,0,0,20.395,72.389,72.389,1.201,9694.553,9695.754,151154.736,0.937,18,1980,1222.9,267.128,1614.983,696.165,1207.4,123.578,1330.978,1.483,9733.593,1.261,9734.854,152673.027,200,279.128,418.025,33.765,0.003,5.338,6.862,12021.163,350,0.886,3098.1,11.5,1239.2,0,0,17.746,28.818,19.76,220,Burdekin,AyrDPI,Mulg,1961,Furrow,BareFallow,35,Surf1,200,110,LowFreq,0,P2R,15AprV1R4,T1,3202.9,2676.165,1882.111,2005.689,39.106,5.341,6.1832510327278,0.124325120325054,6.80962962962963,0.82737,31.34,999
1972,13/11/1972,318,1971,15-Apr,2,sugar,alive,4,396,1967,14/10/1971,105,0,0,318,1972,21,2039,6818.07,6145.73,5323.82,165.334,3198.34,,0,0,0,20.894,62.2,62.2,1.261,9733.593,9734.854,152673.027,0.945,20,2200,1329.1,457.448,1702.512,440.944,1234.192,146.869,1381.061,1.404,9753.509,1.509,9755.018,153900.898,200,291.909,429.532,35.589,0.005,4.756,7.16,11760.851,350,0.892,3174.2,11.8,1269.7,0,0,16.944,28.986,20.231,206.2,Burdekin,AyrDPI,Mulg,1961,Furrow,BareFallow,35,Surf1,200,110,LowFreq,0,P2R,15AprV1R4,T1,3529.1,2640.944,2159.96,2306.829,40.35,4.761,6.2604129432506,0.119715204469607,6.23901886792453,0.82667,31.983,999
1973,21/04/1973,111,0,15-Apr,2,none,out,-1,0,1967,0.000,111,6,0,324,-1,16,2039,0,0,0,0,0,,0,0,0,0,50.28,50.28,1.509,9753.509,9755.018,153900.898,0.951,0,0,915.7,399.931,332.919,355.372,0,17.904,17.904,0.001,9898.76,5.383,9904.143,157095.014,0,0,68.005,1.351,0.018,0.335,0.188,6225.949,350,0.996,7884.7,36.7,3153.9,0,0,21.618,30.796,20.53,108.5,Burdekin,AyrDPI,Mulg,1961,Furrow,BareFallow,35,Surf1,200,110,LowFreq,0,P2R,15AprV1R4,T1,915.7,355.372,732.85,750.754,1.704,0.353,0,0,0,,0,999
1974,21/07/1974,202,1973,15-Apr,3,sugar,alive,0,456,1973,21/4/1973,111,6,0,324,1974,15,2039,7969.07,7182.75,6223.43,192.611,3315.08,,0,0,0,18.27,215.225,215.225,5.383,9898.76,9904.143,157095.014,0.962,17,1870,2112.5,732.443,1824.794,823.595,1272.001,286.538,1558.54,6.93,9719.234,1.873,9721.107,154264.988,200,403.479,475.869,48.598,0.014,13.874,9.476,10119.513,350,0.889,3138.9,11.5,1255.6,0,0,17.809,28.2,17.655,152.9,Burdekin,AyrDPI,Mulg,1961,Furrow,BareFallow,35,Surf1,200,110,LowFreq,0,P2R,15AprV1R4,T1,3982.5,2693.595,2557.237,2843.775,62.486,13.888,7.15070379919773,0.123584251928087,8.30219827586207,0.963055,33.151,999
1975,21/08/1975,233,1974,15-Apr,3,sugar,alive,1,396,1973,21/7/1974,111,6,0,324,1975,15,2039,6811.49,6089.36,5291.02,163.362,3023.21,,0,0,0,19.863,81.949,81.949,1.873,9719.234,9721.107,154264.988,0.943,18,1980,747.7,194.999,1237.514,554.766,1187.212,99.391,1286.603,0.887,9784.942,2.388,9787.331,155110.141,200,277.484,414.385,26.756,0.005,4.347,5.685,12858.486,350,0.875,2968.3,11.3,1187.3,0,0,17.677,28.627,19.676,65,Burdekin,AyrDPI,Mulg,1961,Furrow,BareFallow,35,Surf1,200,110,LowFreq,0,P2R,15AprV1R4,T1,2727.7,2534.766,1432.513,1531.904,31.108,4.352,6.44485526474633,0.126971567764104,6.72271604938272,0.81681,30.232,999
1976,20/09/1976,264,1975,15-Apr,3,sugar,alive,2,396,1973,21/8/1975,111,6,0,324,1976,15,2039,6227.99,5653.57,4848.9,150.965,2890.85,,0,0,0,20.653,90.532,90.532,2.388,9784.942,9787.331,155110.141,0.961,17,1870,1937.7,768.964,1872.859,671.801,1043.819,142.912,1186.731,1.638,9803.944,1.337,9805.281,155679.712,200,276.436,416.827,39.486,0.015,11.055,7.925,12092.055,350,0.849,2701.1,10,1080.4,0,0,17.569,28.245,19.299,179.8,Burdekin,AyrDPI,Mulg,1961,Furrow,BareFallow,35,Surf1,200,110,LowFreq,0,P2R,15AprV1R4,T1,3807.7,2541.801,2641.823,2784.735,50.556,11.07,5.93929265115562,0.127210800088647,6.50711206896552,0.754825,28.908,999
1977,20/10/1977,293,1976,15-Apr,3,sugar,alive,3,395,1973,20/9/1976,111,6,0,324,1977,15,2039,6962.17,6342.84,5467.67,170.488,3177.08,,0,0,0,20.021,69.678,69.678,1.337,9803.944,9805.281,155679.712,0.966,20,2200,1378.2,372.574,1904.545,531.442,1134.198,171.094,1305.292,3.028,9802.566,1.35,9803.916,155892.445,200,299.066,439.219,41.241,0.009,6.638,8.187,12105.834,350,0.861,2817.4,10.4,1127,0,0,17.983,28.419,19.772,170.6,Burdekin,AyrDPI,Mulg,1961,Furrow,BareFallow,35,Surf1,200,110,LowFreq,0,P2R,15AprV1R4,T1,3578.2,2731.442,2277.119,2448.213,47.888,6.647,6.24168479506429,0.130612920327406,6.43350943396226,0.85244,31.771,999
1978,20/11/1978,324,1977,15-Apr,3,sugar,alive,4,396,1973,20/10/1977,111,6,0,324,1978,15,2039,7468.45,6749.57,5876.96,183.026,3624.98,,0,0,0,21.461,65.467,65.467,1.35,9802.566,9803.916,155892.445,0.967,20,2200,1005.5,278.011,1523.254,568.12,1230.169,150.977,1381.146,1.423,9830.975,3.105,9834.08,156218.643,200,291.198,428.121,30.473,0.008,5.253,6.128,13046.686,350,0.802,2314.6,8.6,925.9,0,0,18.234,28.515,20.527,150.6,Burdekin,AyrDPI,Mulg,1961,Furrow,BareFallow,35,Surf1,200,110,LowFreq,0,P2R,15AprV1R4,T1,3205.5,2768.12,1801.265,1952.242,35.734,5.261,6.61192433854024,0.132517489099632,6.90664150943396,0.91513,36.25,999
1979,25/04/1979,115,0,15-Apr,3,none,out,-1,0,1973,0.000,115,10,0,328,-1,14,2039,0,0,0,0,0,,0,0,0,0,88.556,88.556,3.105,9830.975,9834.08,156218.643,0.973,0,0,1308.1,456.717,726.873,350.963,0,15.595,15.595,0.001,9969.853,5.535,9975.387,159133.431,0,0,67.013,1.373,0.057,0.663,0.19,6605.743,350,0.997,8508.5,35.9,3403.4,0,0,21.891,30.494,19.287,350.7,Burdekin,AyrDPI,Mulg,1961,Furrow,BareFallow,35,Surf1,200,110,LowFreq,0,P2R,15AprV1R4,T1,1308.1,350.963,1183.59,1199.185,2.093,0.72,0,0,0,,0,999
1980,24/07/1980,206,1979,15-Apr,4,sugar,alive,0,456,1979,25/4/1979,115,10,0,328,1980,14,2039,8562.95,7669.7,6688.34,206.697,3751.38,,0,0,0,19.424,197.471,197.471,5.535,9969.853,9975.387,159133.431,0.984,22,2420,884.3,280.432,1475.823,503.484,1382.965,291.506,1674.472,3.262,9785.702,1.886,9787.587,154450.637,200,420.376,485.931,40.477,0.025,10.997,8.069,12382.578,350,0.913,3482.8,12.8,1393.1,0,0,17.745,28.437,19.616,86.4,Burdekin,AyrDPI,Mulg,1961,Furrow,BareFallow,35,Surf1,200,110,LowFreq,0,P2R,15AprV1R4,T1,3304.3,2923.484,1756.255,2047.761,51.499,11.022,7.07022853554184,0.123440105298864,7.20198606271777,1.033485,37.514,999
1981,24/08/1981,236,1980,15-Apr,4,sugar,alive,1,396,1979,24/7/1980,115,10,0,328,1981,14,2039,6386.48,5732.53,4957.09,153.034,2688.66,,0,0,0,18.71,71.044,71.044,1.886,9785.702,9787.587,154450.637,0.964,18,1980,1122.8,502.642,1432.742,530.941,1093.242,52.744,1145.986,0.241,9879.301,1.867,9881.169,154336.978,200,256.078,393.836,19.751,0.017,3.81,4.349,14351.439,350,0.912,3466.1,13.8,1386.5,0,0,17.692,28.158,19.21,104.8,Burdekin,AyrDPI,Mulg,1961,Furrow,BareFallow,35,Surf1,200,110,LowFreq,0,P2R,15AprV1R4,T1,3102.8,2510.941,1935.384,1988.128,23.578,3.827,6.09468721089026,0.133539153183372,6.29769547325103,0.76517,26.887,999
1982,24/09/1982,267,1981,15-Apr,4,sugar,alive,2,396,1979,24/8/1981,115,10,0,328,1982,14,2039,7334.85,6625.2,5658.55,175.245,3289.46,,0,0,0,20.188,92.476,92.476,1.867,9879.301,9881.169,154336.978,0.987,20,2200,592.4,202.638,1159.319,412.527,1303.21,151.781,1454.991,1.636,9825.894,1.527,9827.421,154022.923,200,369.294,501.343,27.731,0.024,6.047,5.809,13381.842,350,0.893,3199.4,11.8,1279.7,0,0,17.531,29.036,19.792,47.4,Burdekin,AyrDPI,Mulg,1961,Furrow,BareFallow,35,Surf1,200,110,LowFreq,0,P2R,15AprV1R4,T1,2792.4,2612.527,1361.957,1513.738,33.802,6.071,6.70787325834336,0.120444043983777,6.61301886792453,0.876225,32.895,999
1983,24/10/1983,297,1982,15-Apr,4,sugar,alive,3,395,1979,24/9/1982,115,10,0,328,1983,14,2039,7192.41,6475.5,5619.33,173.836,3201.39,,0,0,0,19.752,67.927,67.927,1.527,9825.894,9827.421,154022.923,0.986,21,2310,637.7,193.985,1409.161,381.37,1209.358,132.553,1341.91,1.565,9854.42,1.556,9855.977,154724.363,200,313.171,460.304,22.908,0.013,9.136,4.989,13679.227,350,0.877,2995.3,11.1,1198.1,0,0,18.421,28.981,20.132,95.4,Burdekin,AyrDPI,Mulg,1961,Furrow,BareFallow,35,Surf1,200,110,LowFreq,0,P2R,15AprV1R4,T1,2947.7,2691.37,1603.146,1735.699,32.057,9.149,6.45901529704203,0.129543710084879,6.29840579710145,0.86918,32.014,999
1984,23/11/1984,328,1983,15-Apr,4,sugar,alive,4,396,1979,24/10/1983,115,10,0,328,1984,14,2039,6755.75,6025.11,5236.62,162.034,3176.54,,0,0,0,21.213,70.571,70.571,1.556,9854.42,9855.977,154724.363,0.995,21,2310,649.3,328.039,1365.721,488.555,1148.099,134.913,1283.013,1.158,9872.898,1.552,9874.449,155374.665,200,289.128,439.526,48.674,0.032,3.085,9.6,12925.264,350,0.814,2400.6,8.9,960.3,0,0,17.897,28.782,19.591,75.6,Burdekin,AyrDPI,Mulg,1961,Furrow,BareFallow,35,Surf1,200,110,LowFreq,0,P2R,15AprV1R4,T1,2959.3,2798.555,1693.76,1828.673,51.791,3.117,5.78991658195033,0.126291783481539,5.87079710144928,0.81017,31.765,999
1985,15/04/1985,105,0,15-Apr,4,none,out,-1,0,1979,0.000,105,0,0,328,-1,14,2039,0,0,0,0,0,,0,0,0,0,53.099,53.099,1.552,9872.898,9874.449,155374.665,1,0,0,588.3,259.186,152.446,330.84,0,13.734,13.734,0,10016.284,4.092,10020.375,158344.107,0,0,59.183,1.128,0.062,0.151,0.158,5956.748,350,0.998,8727,40.6,3490.8,0,0,22.094,31.395,20.473,111.4,Burdekin,AyrDPI,Mulg,1961,Furrow,BareFallow,35,Surf1,200,110,LowFreq,0,P2R,15AprV1R4,T1,588.3,330.84,411.632,425.366,1.341,0.213,0,0,0,,0,999
1986,15/07/1986,196,1985,15-Apr,5,sugar,alive,0,456,1985,15/4/1985,105,0,0,318,1986,21,2039,7906.18,7008.11,6190.27,190.192,3347.67,,0,0,0,18.75,216.034,216.034,4.092,10016.284,10020.375,158344.107,1.011,21,2310,777.1,201.795,1367.832,530.118,1367.484,299.942,1667.425,3.795,9793.388,2.121,9795.508,154534.339,200,461.182,530.614,37.898,0.056,13.369,7.583,11496.824,350,0.908,3401.4,12.5,1360.5,0,0,17.312,28.527,18.417,117.8,Burdekin,AyrDPI,Mulg,1961,Furrow,BareFallow,35,Surf1,200,110,LowFreq,0,P2R,15AprV1R4,T1,3087.1,2840.118,1569.627,1869.569,51.323,13.425,6.69662316847399,0.114063301197955,6.89101449275362,0.95096,33.477,999
1987,15/08/1987,227,1986,15-Apr,5,sugar,alive,1,396,1985,15/7/1986,105,0,0,318,1987,21,2039,6755.41,6036.86,5239.67,161.762,3138.42,,0,0,0,20.964,66.082,66.082,2.121,9793.388,9795.508,154534.339,0.989,21,2310,497.8,170.226,1267.611,399.398,1265.473,90.672,1356.145,0.739,9843,1.241,9844.241,155065.181,200,269.929,427.565,60.08,0.05,2.699,11.875,13212.988,350,0.839,2606.2,10,1042.5,0,0,18.256,29.363,19.045,44,Burdekin,AyrDPI,Mulg,1961,Furrow,BareFallow,35,Surf1,200,110,LowFreq,0,P2R,15AprV1R4,T1,2807.8,2709.398,1437.837,1528.509,62.829,2.749,5.97040375758748,0.119280755376453,5.86094202898551,0.80881,31.384,999
1988,14/09/1988,258,1987,15-Apr,5,sugar,alive,2,396,1985,15/8/1987,105,0,0,318,1988,21,2039,6897.97,6174.75,5340.13,164.387,3074.76,,0,0,0,20.106,79.901,79.901,1.241,9843,9844.241,155065.181,1.003,19,2090,972.6,167.554,1539.358,440.808,1225.957,145.523,1371.48,2.111,9845.002,1.017,9846.019,155456.27,200,318.115,450.902,23.578,0.028,7.025,5.109,12771.061,350,0.887,3112.9,11.5,1245.2,0,0,18.304,29.273,19.691,254,Burdekin,AyrDPI,Mulg,1961,Furrow,BareFallow,35,Surf1,200,110,LowFreq,0,P2R,15AprV1R4,T1,3062.6,2530.808,1706.912,1852.435,30.631,7.053,6.49543544986423,0.119861026044857,6.47192913385827,0.821935,30.748,999
1989,14/10/1989,287,1988,15-Apr,5,sugar,alive,3,395,1985,14/9/1988,105,0,0,318,1989,21,2039,6584.69,5903.93,5151.52,159.001,2907.09,,0,0,0,19.589,64.11,64.11,1.017,9845.002,9846.019,155456.27,1.005,17,1870,1381.8,392.857,1612.734,736.241,1116.282,140.665,1256.947,2.066,9886.57,1.209,9887.779,156143.475,200,283.161,425.086,26.222,0.04,5.667,5.454,12682.614,350,0.895,3213.4,11.9,1285.4,0,0,17.968,28.729,19.436,134.8,Burdekin,AyrDPI,Mulg,1961,Furrow,BareFallow,35,Surf1,200,110,LowFreq,0,P2R,15AprV1R4,T1,3251.8,2606.241,2005.591,2146.256,31.929,5.707,6.10077886120278,0.126497775960323,6.85349137931035,0.795005,29.071,999
1990,14/11/1990,318,1989,15-Apr,5,sugar,alive,4,396,1985,14/10/1989,105,0,0,318,1990,21,2039,6929.6,6303.37,5437.33,169.89,3234.41,,0,0,0,20.517,53.372,53.372,1.209,9886.57,9887.779,156143.475,1.013,19,2090,1278.8,419.062,1559.014,541.192,1207.761,177.623,1385.384,2.853,9889.168,1.605,9890.772,156271.725,200,306.567,452.314,37.883,0.053,4.834,7.556,12576.053,350.967,0.847,2684.3,9.9,1073.7,0,0,17.621,28.801,20.391,103,Burdekin,AyrDPI,Mulg,1961,Furrow,BareFallow,35,Surf1,200,110,LowFreq,0,P2R,15AprV1R4,T1,3368.8,2631.192,1978.076,2155.699,42.77,4.887,6.45676940337307,0.122630259913497,6.68858267716535,0.84945,32.344,999
1991,21/04/1991,111,0,15-Apr,5,none,out,-1,0,1985,0.000,111,6,0,324,-1,16,2039,0,0,0,0,0,,0,0,0,0,58.713,58.713,1.605,9889.168,9890.772,156271.725,1.014,0,0,1629.3,586.682,926.52,324.497,0,7.753,7.753,0,10022.527,2.763,10025.29,159079.938,0,0,42.706,0.706,0.23,0.61,0.109,5231.35,351.638,1,10876.5,49.2,4350.6,0,0,21.541,30.483,18.626,204.4,Burdekin,AyrDPI,Mulg,1961,Furrow,BareFallow,35,Surf1,200,110,LowFreq,0,P2R,15AprV1R4,T1,1629.3,324.497,1513.202,1520.955,1.546,0.84,0,0,0,,0,999
1992,20/07/1992,202,1991,15-Apr,6,sugar,alive,0,456,1991,21/4/1991,111,6,0,324,1992,15,2039,8982.01,8057.32,7056.68,218.418,4122.44,,0,0,0,20.315,167.058,167.058,2.763,10022.527,10025.29,159079.938,1.022,22,2420,687,171.98,1230.547,411.995,1521.23,279.223,1800.453,2.647,9831.918,1.771,9833.69,155141.479,200,458.732,526.742,24.353,0.089,8.51,4.958,12853.711,353.586,0.899,3279.1,12,1311.6,0,0,17.187,28.968,19.939,122.8,Burdekin,AyrDPI,Mulg,1961,Furrow,BareFallow,35,Surf1,200,110,LowFreq,0,P2R,15AprV1R4,T1,3107,2831.995,1402.527,1681.75,32.952,8.599,7.71251361672602,0.121312802944592,7.61038327526133,1.09209,41.224,999
1993,20/08/1993,232,1992,15-Apr,6,sugar,alive,1,396,1991,20/7/1992,111,6,0,324,1993,15,2039,7011.44,6266.97,5495.92,169.853,3270.85,,0,0,0,20.786,71.079,71.079,1.771,9831.918,9833.69,155141.479,1.006,20,2200,482.2,173.032,1179.998,342.788,1252.69,71.407,1324.096,0.348,9915.686,1.188,9916.874,155749.914,200,268.317,416.68,21.93,0.054,4.147,4.828,14214.42,355.314,0.893,3197.5,12.3,1279,0,0,17.696,28.962,20.118,72,Burdekin,AyrDPI,Mulg,1961,Furrow,BareFallow,35,Surf1,200,110,LowFreq,0,P2R,15AprV1R4,T1,2682.2,2542.788,1353.03,1424.437,26.131,4.201,6.679793989904,0.128278463193001,6.40954716981132,0.849265,32.708,999
1994,20/09/1994,263,1993,15-Apr,6,sugar,alive,2,396,1991,20/8/1993,111,6,0,324,1994,15,2039,7130.8,6414.06,5636.66,174.66,3408.49,,0,0,0,21.103,76.153,76.153,1.188,9915.686,9916.874,155749.914,1.026,21,2310,409.4,150.698,1210.4,308.611,1253.09,126.113,1379.203,1.141,9911.089,1.149,9912.238,155616.669,200,314.232,445.065,38.466,0.068,3.392,7.844,13492.346,357.075,0.914,3511.5,13,1404.6,0,0,17.926,29.053,20.302,46.8,Burdekin,AyrDPI,Mulg,1961,Furrow,BareFallow,35,Surf1,200,110,LowFreq,0,P2R,15AprV1R4,T1,2719.4,2618.611,1361.098,1487.211,41.926,3.46,6.66994830465464,0.126638355630027,6.32826086956522,0.8733,34.085,999
1995,20/10/1995,293,1994,15-Apr,6,sugar,alive,3,395,1991,20/9/1994,111,6,0,324,1995,15,2039,7821.89,7071.24,6196.75,192.578,3802.93,,0,0,0,21.389,55.252,55.252,1.149,9911.089,9912.238,155616.669,1.026,21,2310,537.8,123.999,1222.625,399.17,1309.175,153.442,1462.617,1.486,9910.035,2.239,9912.274,155342.36,200,332.913,470.505,25.106,0.036,5.55,5.334,14258.619,358.87,0.872,2935.2,10.8,1174.1,0,0,18.916,29.284,20.605,55.2,Burdekin,AyrDPI,Mulg,1961,Furrow,BareFallow,35,Surf1,200,110,LowFreq,0,P2R,15AprV1R4,T1,2847.8,2709.17,1346.624,1500.066,30.692,5.586,7.10837636619334,0.131666731618735,6.97746376811594,0.96289,38.029,999
1996,19/11/1996,324,1995,15-Apr,6,sugar,alive,4,396,1991,20/10/1995,111,6,0,324,1996,15,2039,7703.87,6916.28,6149.94,191.017,3897.86,,0,0,0,22.199,93.812,93.812,2.239,9910.035,9912.274,155342.36,1.028,22,2420,520.3,143.154,1372.368,301.885,1310.649,159.201,1469.85,1.375,9917.959,1.455,9919.414,155080.442,200,323.459,465.376,24.964,0.058,9.615,5.166,14611.369,360.695,0.868,2893.1,10.7,1157.2,0,0,19.592,29.815,20.998,107,Burdekin,AyrDPI,Mulg,1961,Furrow,BareFallow,35,Surf1,200,110,LowFreq,0,P2R,15AprV1R4,T1,2940.3,2721.885,1515.522,1674.723,34.637,9.673,7.0178203708092,0.129956798312753,6.65564459930314,0.955085,38.979,999
1997,15/04/1997,105,0,15-Apr,6,none,out,-1,0,1991,0.000,105,0,0,324,-1,15,2039,0,0,0,0,0,,0,0,0,0,48.74,48.74,1.455,9917.959,9919.414,155080.442,1.031,0,0,812.5,265.629,374.185,323.642,0,15.264,15.264,0.001,10071.49,3.22,10074.71,158278.303,0,0,66.619,0.83,0.21,0.383,0.16,6597.098,361.388,0.998,8748.2,37,3499.3,0,0,23.003,31.05,21.903,116.8,Burdekin,AyrDPI,Mulg,1961,Furrow,BareFallow,35,Surf1,200,110,LowFreq,0,P2R,15AprV1R4,T1,812.5,323.642,639.814,655.078,1.423,0.593,0,0,0,,0,999
1998,15/07/1998,196,1997,15-Apr,7,sugar,alive,0,456,1997,15/4/1997,105,0,0,318,1998,21,2039,9631.38,8611.81,7658.33,236.993,4170.87,,0,0,0,18.747,206.163,206.163,3.22,10071.49,10074.71,158278.303,1.041,20,2200,1035.5,199.421,1552.932,544.083,1340.261,277.918,1618.179,3.707,9874.75,2.697,9877.447,153102.362,200,444.617,506.715,28.95,0.232,14.043,5.858,13458.925,363.555,0.929,3771.7,13.8,1508.7,0,0,19.202,28.19,18.842,189.6,Burdekin,AyrDPI,Mulg,1961,Furrow,BareFallow,35,Surf1,200,110,LowFreq,0,P2R,15AprV1R4,T1,3235.5,2744.083,1752.353,2030.271,43.225,14.275,8.63650990148622,0.146456603379478,8.9431320754717,1.184965,41.709,999
1999,15/08/1999,227,1998,15-Apr,7,sugar,alive,1,396,1997,15/7/1998,105,0,0,318,1999,21,2039,6242.91,5555.99,4891.31,150.395,2992.27,,0,0,0,21.572,71.13,71.13,2.697,9874.75,9877.447,153102.362,1.021,17,1870,1153.6,458.051,1547.254,671.589,968.214,46.008,1014.222,0.141,9969.295,1.514,9970.809,153118.04,200,243.93,390.128,24.405,0.154,7.543,5.107,14841.109,365.471,0.937,3939.4,15.2,1575.8,0,0,19.752,28.624,18.776,112,Burdekin,AyrDPI,Mulg,1961,Furrow,BareFallow,35,Surf1,200,110,LowFreq,0,P2R,15AprV1R4,T1,3023.6,2541.589,2005.305,2051.313,32.102,7.697,5.91736114690456,0.148286075435161,6.48254310344828,0.751975,29.923,999
2000,14/09/2000,258,1999,15-Apr,7,sugar,alive,2,396,1997,15/8/1999,105,0,0,318,2000,21,2039,7472.55,6720.34,5923.35,183.397,3439.33,,0,0,0,20.167,75.203,75.203,1.514,9969.295,9970.809,153118.04,1.043,17,1870,1493.5,485.477,1669.644,629.462,1090.333,133.213,1223.546,1.998,9961.46,1.381,9962.842,152212.157,200,321.826,440.058,24.607,0.171,6.316,5.265,13980.188,367.415,0.916,3530.7,13,1412.3,0,0,18.677,28.119,19.581,136,Burdekin,AyrDPI,Mulg,1961,Furrow,BareFallow,35,Surf1,200,110,LowFreq,0,P2R,15AprV1R4,T1,3363.5,2499.462,2155.121,2288.334,31.094,6.487,7.33745902118136,0.149889746687088,7.90504310344828,0.916985,34.393,999
2001,14/10/2001,287,2000,15-Apr,7,sugar,alive,3,395,1997,14/9/2000,105,0,0,318,2001,21,2039,7213.58,6513.84,5670.36,176.419,3621.97,,0,0,0,22.352,60.037,60.037,1.381,9961.46,9962.842,152212.157,1.044,22,2420,561.9,237.774,1374.475,381.079,1234.419,139.626,1374.045,1.22,9950.962,1.739,9952.701,150745.741,200,328.382,470.598,35.35,0.192,5.933,7.096,15161.795,369.4,0.878,3007.7,11.1,1203.1,0,0,17.987,29.181,20.23,52,Burdekin,AyrDPI,Mulg,1961,Furrow,BareFallow,35,Surf1,200,110,LowFreq,0,P2R,15AprV1R4,T1,2981.9,2801.079,1612.249,1751.875,41.475,6.125,6.29825149522738,0.128393902674221,6.14700348432056,0.882095,36.22,999
2002,14/11/2002,318,2001,15-Apr,7,sugar,alive,4,396,1997,14/10/2001,105,0,0,318,2002,21,2039,7730.82,6950.47,6107.64,189.417,3864.01,,0,0,0,22.191,55.644,55.644,1.739,9950.962,9952.701,150745.741,1.046,21,2310,810.4,64.513,1465.1,339.366,1410.215,187.554,1597.769,2.686,9921.096,1.5,9922.596,148906.826,200,369.274,510.772,20.484,0.045,5.652,4.404,15652.278,371.419,0.911,3452.1,12.7,1380.8,0,0,18.495,30.339,21.474,206,Burdekin,AyrDPI,Mulg,1961,Furrow,BareFallow,35,Surf1,200,110,LowFreq,0,P2R,15AprV1R4,T1,3120.4,2649.366,1529.613,1717.167,26.181,5.697,7.14952181012363,0.118550929452255,6.8629347826087,0.947085,38.64,999
2003,15/04/2003,105,0,15-Apr,7,none,out,-1,0,1997,0.000,105,0,0,318,-1,21,2039,0,0,0,0,0,,0,0,0,0,48.663,48.663,1.5,9921.096,9922.596,148906.826,1.045,0,0,414.2,162.433,132.312,244.683,0,4.586,4.586,0,10071.354,2.901,10074.255,151530.311,0,0,47.149,0.547,0.318,0.122,0.111,5881.277,372.211,1,12951,60.2,5180.4,0,0,21.861,31.873,22.582,51,Burdekin,AyrDPI,Mulg,1961,Furrow,BareFallow,35,Surf1,200,110,LowFreq,0,P2R,15AprV1R4,T1,414.2,244.683,294.745,299.331,0.987,0.44,0,0,0,,0,999
2004,14/07/2004,196,2003,15-Apr,8,sugar,alive,0,456,2003,15/4/2003,105,0,0,318,2004,21,2039,8847.35,7908.97,6972.14,215.336,4237.42,,0,0,0,21.304,163.534,163.534,2.901,10071.354,10074.255,151530.311,1.053,21,2310,747.8,95.866,1310.8,416.601,1480.096,267.37,1747.466,3.039,9824.112,2.32,9826.432,145912.529,200,530.653,608.953,17.551,2.569,8.01,3.615,15344.112,374.595,0.91,3442.1,12.6,1376.8,0,0,18.211,29.555,19.63,173.2,Burdekin,AyrDPI,Mulg,1961,Furrow,BareFallow,35,Surf1,200,110,LowFreq,0,P2R,15AprV1R4,T1,3057.8,2726.601,1406.666,1674.036,28.13,10.579,7.8975985118468,0.123227576387752,7.80202898550725,1.07668,42.374,999
2005,15/08/2005,227,2004,15-Apr,8,sugar,alive,1,397,2003,14/7/2004,105,0,1,318,2005,20,2039,7762.34,6951.43,6032.88,186.117,3591.32,,0,0,0,20.834,67.202,67.202,2.32,9824.112,9826.432,145912.529,1.038,21,2310,746.3,150.7,1379.488,351.084,1394.952,74.311,1469.263,0.456,9867.944,2.495,9870.44,146366.302,200,307.855,467.571,31.3,1.082,4.889,6.767,14763.339,376.709,0.873,2945.5,11.2,1178.2,0,0,17.863,29.438,20.179,143.4,Burdekin,AyrDPI,Mulg,1961,Furrow,BareFallow,35,Surf1,200,110,LowFreq,0,P2R,15AprV1R4,T1,3056.3,2661.084,1530.188,1604.499,37.271,5.971,6.99402950075984,0.126673713283463,6.74336956521739,0.930585,35.913,999
2006,15/09/2006,258,2005,15-Apr,8,sugar,alive,2,396,2003,15/8/2005,105,0,1,319,2006,20,2040,7098.32,6367.62,5589.58,172.534,3360.32,,0,0,0,21.056,124.051,124.051,2.495,9867.944,9870.44,146366.302,1.054,20,2200,922.8,251.412,1585.726,486.3,1210.049,131.126,1341.175,1.935,9884.664,0.989,9885.653,146844.408,200,320.848,465.269,18.898,0.129,13.413,4.264,14181.353,378.854,0.89,3151,11.6,1260.4,0,0,18.708,29.299,19.69,178.4,Burdekin,AyrDPI,Mulg,1961,Furrow,BareFallow,35,Surf1,200,110,LowFreq,0,P2R,15AprV1R4,T1,3122.8,2686.3,1837.138,1968.264,32.44,13.542,6.42273759446078,0.128643912986747,6.51071698113208,0.86267,33.603,999
2007,15/10/2007,288,2006,15-Apr,8,sugar,alive,3,395,2003,15/9/2006,105,0,1,319,2007,20,2040,7351.29,6637.37,5822.44,180.934,3487.81,,0,0,0,20.81,68.538,68.538,0.989,9884.664,9885.653,146844.408,1.058,20,2200,956.9,319.989,1454.311,468.094,1238.859,142.646,1381.506,1.427,9896.22,2.02,9898.24,147016.301,200,320.8,451.828,22.275,0.077,5.934,4.811,13643.07,381.035,0.852,2726.2,10.1,1090.5,0,0,17.775,28.663,19.963,130.2,Burdekin,AyrDPI,Mulg,1961,Furrow,BareFallow,35,Surf1,200,110,LowFreq,0,P2R,15AprV1R4,T1,3156.9,2668.094,1774.3,1916.946,28.286,6.011,6.78139525818805,0.130968667526598,6.82769811320755,0.90467,34.878,999
2008,14/11/2008,319,2007,15-Apr,8,sugar,alive,4,396,2003,15/10/2007,105,0,1,319,2008,20,2040,7285.01,6515.75,5761.79,178.65,3634.22,,0,0,0,22.122,69.632,69.632,2.02,9896.22,9898.24,147016.301,1.06,20,2200,1306.2,457.182,1680.432,545.986,1220.436,166.361,1386.798,1.992,9907.089,1.558,9908.648,147180.601,200,318.984,457.257,25.099,0.097,6.63,5.142,13292.238,383.246,0.884,3072.5,11.4,1229,0,0,18.192,29.022,19.643,108.2,Burdekin,AyrDPI,Mulg,1961,Furrow,BareFallow,35,Surf1,200,110,LowFreq,0,P2R,15AprV1R4,T1,3506.2,2745.986,2137.614,2303.975,31.826,6.727,6.5058598259423,0.128821933691857,6.74150943396226,0.89325,36.342,999
2009,22/04/2009,112,0,15-Apr,8,none,out,-1,0,2003,0.000,112,7,1,326,-1,14,2040,0,0,0,0,0,,0,0,0,0,51.42,51.42,1.558,9907.089,9908.648,147180.601,1.062,0,0,1763,655.088,928.885,387.927,0,17.151,17.151,0.001,10064.543,3.585,10068.128,150094.859,0,0,67.247,1.152,0.356,0.886,0.174,6976.35,384.154,0.995,7718.5,36,3087.4,0,0,22.743,31.236,18.451,197.2,Burdekin,AyrDPI,Mulg,1961,Furrow,BareFallow,35,Surf1,200,110,LowFreq,0,P2R,15AprV1R4,T1,1763,387.927,1583.973,1601.124,2.394,1.242,0,0,0,,0,999
2010,22/07/2010,203,2009,15-Apr,9,sugar,alive,0,456,2009,22/4/2009,112,7,0,325,2010,14,2039,8544.48,7633.33,6706,206.63,3728.38,,0,0,0,19.294,213.297,213.297,3.585,10064.543,10068.128,150094.859,1.074,21,2310,1077,338.488,1513.651,468.963,1404.31,277.055,1681.366,3.715,9814.999,2.219,9817.218,145722.51,200,494.615,545.915,32.808,0.717,9.238,6.687,11996.26,386.774,0.912,3466,12.7,1386.4,0,0,17.855,29.013,18.568,135.2,Burdekin,AyrDPI,Mulg,1961,Furrow,BareFallow,35,Surf1,200,110,LowFreq,0,P2R,15AprV1R4,T1,3387,2778.963,1852.139,2129.194,42.763,9.955,7.43550741769502,0.122894122992852,7.48659420289855,1.03315,37.284,999
2011,22/08/2011,234,2010,15-Apr,9,sugar,alive,1,396,2009,22/7/2010,112,7,0,325,2011,14,2039,6631.35,5976.44,5198,161.337,3153.15,,0,0,0,21.139,66.793,66.793,2.219,9814.999,9817.218,145722.51,1.049,15,1650,1470.5,555.184,1418.259,780.415,1064.144,72.053,1136.197,0.492,9907.897,1.282,9909.18,146782.163,200,237.186,383.987,45.724,0.661,3.912,9.127,12961.987,389.084,0.89,3157.3,12.4,1262.9,0,0,18.119,28.312,17.539,81.4,Burdekin,AyrDPI,Mulg,1961,Furrow,BareFallow,35,Surf1,200,110,LowFreq,0,P2R,15AprV1R4,T1,3120.5,2430.415,1973.443,2045.496,50.297,4.573,6.63824902331495,0.141997382496169,7.68271428571429,0.806685,31.532,999
2012,21/09/2012,265,2011,15-Apr,9,sugar,alive,2,396,2009,22/8/2011,112,7,0,325,2012,14,2039,7268.11,6534.49,5725.08,177.082,3385.08,,0,0,0,20.613,77.653,77.653,1.282,9907.897,9909.18,146782.163,1.07,17,1870,1155.8,304.851,1387.068,576.193,1205.055,148.926,1353.981,2.251,9893.484,0.977,9894.461,146975.187,200,336.898,457.254,20.02,0.069,6.382,4.358,12817.813,391.425,0.913,3495.8,12.9,1398.3,0,0,17.917,28.689,19.15,197.4,Burdekin,AyrDPI,Mulg,1961,Furrow,BareFallow,35,Surf1,200,110,LowFreq,0,P2R,15AprV1R4,T1,3025.8,2446.193,1691.919,1840.845,26.471,6.451,7.2390853869666,0.13078617794489,7.63284482758621,0.88541,33.851,999
2013,21/10/2013,294,2012,15-Apr,9,sugar,alive,3,395,2009,21/9/2012,112,7,0,325,2013,14,2039,7682.05,6899.82,6058.12,187.737,3671.59,,0,0,0,21.155,57.553,57.553,0.977,9893.484,9894.461,146975.187,1.068,22,2420,530.4,116.599,1349.839,299.698,1327.743,151.621,1479.364,1.709,9896.305,1.484,9897.789,146977.246,200,338.781,472.355,20.61,0.033,5.938,4.514,14075.241,393.808,0.877,2990.2,11,1196.1,0,0,18.377,29.458,20.466,178.6,Burdekin,AyrDPI,Mulg,1961,Furrow,BareFallow,35,Surf1,200,110,LowFreq,0,P2R,15AprV1R4,T1,2950.4,2719.698,1466.438,1618.059,26.581,5.971,6.90286200894364,0.126903858685219,6.54135888501742,0.938685,36.716,999
2014,21/11/2014,325,2013,15-Apr,9,sugar,alive,4,396,2009,21/10/2013,112,7,0,325,2014,14,2039,7417.69,6688.63,5854.27,182.053,3667.44,,0,0,0,21.878,62.151,62.151,1.484,9896.305,9897.789,146977.246,1.07,21,2310,733,284.682,1370.394,435.83,1252.492,134.18,1386.672,1.275,9919.661,1.571,9921.232,147281.389,200,303.323,446.306,36.08,0.085,3.05,7.288,13792.953,396.229,0.869,2907.7,10.8,1163.1,0,0,18.157,29.157,20.302,86.2,Burdekin,AyrDPI,Mulg,1961,Furrow,BareFallow,35,Surf1,200,110,LowFreq,0,P2R,15AprV1R4,T1,3043,2745.83,1655.076,1789.256,39.215,3.135,6.63016282872574,0.131287716201092,6.5961231884058,0.910265,36.674,999
2015,15/04/2015,105,0,15-Apr,9,none,out,-1,0,2009,0.000,105,0,0,325,-1,14,2039,0,0,0,0,0,,0,0,0,0,63.403,63.403,1.571,9919.661,9921.232,147281.389,1.074,0,0,344,101.647,136.96,194.106,0,14.249,14.249,0,10072.37,3.369,10075.739,150112.527,0,0,77.409,0.639,0.111,0.158,0.174,7070.066,397.132,0.997,8254,35.7,3301.6,0,0,22.778,32.71,22.037,83.4,Burdekin,AyrDPI,Mulg,1961,Furrow,BareFallow,35,Surf1,200,110,LowFreq,0,P2R,15AprV1R4,T1,344,194.106,238.607,252.856,0.908,0.269,0,0,0,,0,999
2016,14/07/2016,196,2015,15-Apr,10,sugar,alive,0,456,2015,15/4/2015,105,0,0,318,2016,21,2039,8865.99,7936.56,6989.58,216.221,4147.89,,0,0,0,20.696,154.548,154.548,3.369,10072.37,10075.739,150112.527,1.085,22,2420,505.2,101.563,1118.713,393.007,1487.576,286.158,1773.735,2.425,9799.083,2.219,9801.302,145528.979,200,512.273,575.511,38.786,0.948,10.039,7.798,12569.742,399.981,0.86,2807.1,10.3,1122.8,0,0,18.496,29.812,19.085,43.6,Burdekin,AyrDPI,Mulg,1961,Furrow,BareFallow,35,Surf1,200,110,LowFreq,0,P2R,15AprV1R4,T1,2925.2,2813.007,1220.276,1506.434,49.773,10.987,7.68647216306252,0.121901524184842,7.53383275261324,1.081105,41.479,999
2017,14/08/2017,226,2016,15-Apr,10,sugar,alive,1,396,2015,14/7/2016,105,0,0,318,2017,21,2039,7146.6,6374.68,5536.81,170.81,3195.9,,0,0,0,20.114,85.738,85.738,2.219,9799.083,9801.302,145528.979,1.056,18,1980,912.2,167.515,1354.243,567.256,1281.614,95.672,1377.286,1.147,9858.09,1.115,9859.205,146278.982,200,289.094,436.619,30.606,0.331,5.759,6.365,13770.202,402.497,0.864,2851,10.7,1140.4,0,0,18.713,29.611,17.608,107.8,Burdekin,AyrDPI,Mulg,1961,Furrow,BareFallow,35,Surf1,200,110,LowFreq,0,P2R,15AprV1R4,T1,2892.2,2547.256,1521.758,1617.43,36.696,6.09,6.70564717484226,0.124019266877032,7.02921810699589,0.85405,31.959,999
2018,14/09/2018,257,2017,15-Apr,10,sugar,alive,2,396,2015,14/8/2017,105,0,0,318,2018,21,2039,6944.36,6287.88,5402.36,167.764,3177.49,,0,0,0,20.396,78.895,78.895,1.115,9858.09,9859.205,146278.982,1.071,21,2310,718.7,238.752,1414.169,380.96,1246.114,132.861,1378.974,1.842,9857.278,1.413,9858.691,146417.765,200,323.243,465.407,28.986,0.056,6.247,6.022,13617.181,405.05,0.827,2504.8,9.2,1001.9,0,0,17.808,29.585,18.303,130.4,Burdekin,AyrDPI,Mulg,1961,Furrow,BareFallow,35,Surf1,200,110,LowFreq,0,P2R,15AprV1R4,T1,3028.7,2690.96,1652.921,1785.782,35.289,6.303,6.23435502571573,0.121658566441427,6.07840579710145,0.83882,31.775,999
2019,14/10/2019,287,2018,15-Apr,10,sugar,alive,3,395,2015,14/9/2018,105,0,0,318,2019,21,2039,6112.55,5429.73,4724.53,144.688,2550.33,,0,0,0,18.78,75.699,75.699,1.413,9857.278,9858.691,146417.765,1.07,19,2090,1183,449.176,1640.99,477.348,1074.326,136.804,1211.13,2.008,9872.954,1.331,9874.285,146662.26,200,302.823,440.493,30.255,0.088,5.731,6.138,12833.58,407.641,0.899,3279.6,12.1,1311.8,0,0,18.354,29.528,17.422,92.8,Burdekin,AyrDPI,Mulg,1961,Furrow,BareFallow,35,Surf1,200,110,LowFreq,0,P2R,15AprV1R4,T1,3273,2567.348,2090.166,2226.97,36.074,5.819,5.63569878333596,0.119465292743141,5.69637795275591,0.72344,25.503,999
2020,13/11/2020,318,2019,15-Apr,10,sugar,alive,4,396,2015,14/10/2019,105,0,0,318,2020,21,2039,7153.24,6367.12,5570.99,171.249,3142.61,,0,0,0,19.672,47.402,47.402,1.331,9872.954,9874.285,146662.26,1.073,20,2200,1074.7,198.197,1634.84,455.404,1251.615,179.458,1431.072,2.931,9857.064,1.368,9858.432,146538.852,200,344.096,482.978,23.817,0.057,6.279,5.107,13127.943,410.264,0.902,3313.7,12.2,1325.5,0,0,18.85,29.943,18.904,327.8,Burdekin,AyrDPI,Mulg,1961,Furrow,BareFallow,35,Surf1,200,110,LowFreq,0,P2R,15AprV1R4,T1,3274.7,2655.404,1833.037,2012.495,30.153,6.336,6.44907516897617,0.119664838666398,6.46222641509434,0.856245,31.426,999
2021,08/05/2021,128,0,15-Apr,10,none,out,-1,0,2015,0.000,128,23,0,341,-1,14,2039,0,0,0,0,0,,0,0,0,0,57.993,57.993,1.368,9857.064,9858.432,146538.852,1.071,0,0,973.6,361.144,433.419,427.303,0,6.243,6.243,0,10003.554,2.388,10005.942,149177.387,0,0,49.734,0.914,0.223,0.307,0.13,5909.62,411.457,1,11208.2,51.3,4483.3,0,0,22.119,30.939,17.203,132.4,Burdekin,AyrDPI,Mulg,1961,Furrow,BareFallow,35,Surf1,200,110,LowFreq,0,P2R,15AprV1R4,T1,973.6,427.303,794.563,800.806,1.444,0.53,0,0,0,,0,999
1957,15/04/1957,105,0,15-Apr,0,none,out,-1,0,-1,0.000,105,0,0,318,-1,21,2039,0,0,0,0,0,,0,0,0,0,0,0,0,0,0,0,0.89,0,0,534.4,0,252.969,281.431,0,194.312,194.312,11.636,9502.255,36.367,9538.622,141763.504,0,0,38.406,4.39,0,0.953,0.776,1051.423,350,0.014,19.7,0.1,7.9,0,0,21.346,30.448,18.588,77.7,Burdekin,AyrDPI,Mulg,1957,Furrow,BareFallow,35,Surf1,200,110,LowFreq,0,P2R,15AprV1R4,T1,534.4,281.431,252.969,447.281,5.343,0.953,0,0,0,,0,999
1958,15/07/1958,196,1957,15-Apr,1,sugar,alive,0,456,1957,15/4/1957,105,0,0,318,1958,21,2039,7422.42,6661.02,5749.9,177.673,3154.6,,0,0,0,18.939,116.669,116.669,36.367,9502.255,9538.622,141763.504,0.884,20,2200,1061.7,149.881,1518.526,569.733,1259.789,370.586,1630.376,23.611,9413.278,0.82,9414.097,141198.249,200,306.233,326.211,35.167,0,18.368,7.386,3551.187,350,0.971,5070.9,18.6,2028.4,0,0,17.416,28.757,18.932,136.1,Burdekin,AyrDPI,Mulg,1957,Furrow,BareFallow,35,Surf1,200,110,LowFreq,0,P2R,15AprV1R4,T1,3261.7,2769.733,1668.407,2038.993,53.535,18.368,6.414806048092,0.108976702306707,6.70464150943396,0.888365,31.546,999
1959,15/08/1959,227,1958,15-Apr,1,sugar,alive,1,396,1957,15/7/1958,105,0,0,318,1959,21,2039,5262.35,4670.78,4110.59,125.985,2358.95,,0,0,0,20.131,79.586,79.586,0.82,9413.278,9414.097,141198.249,0.867,18,1980,875.3,431.351,1421.192,505.009,972.052,13.987,986.039,0.005,9528.589,1.194,9529.783,143129.854,200,195.165,309.201,17.729,0.001,2.496,3.827,8729.414,350,0.999,10153,44.6,4061.2,0,0,16.869,28.466,19.548,162.8,Burdekin,AyrDPI,Mulg,1957,Furrow,BareFallow,35,Surf1,200,110,LowFreq,0,P2R,15AprV1R4,T1,2855.3,2485.009,1852.543,1866.53,20.226,2.497,5.06980055203019,0.127768779936696,5.18456790123457,0.629925,23.589,999
1960,14/09/1960,258,1959,15-Apr,1,sugar,alive,2,396,1957,15/8/1959,105,0,0,318,1960,21,2039,6268.78,5630.65,4893.27,150.898,2921,,0,0,0,20.91,96.305,96.305,1.194,9528.589,9529.783,143129.854,0.887,19,2090,1107.6,428.134,1684.776,525.775,1070.374,40.621,1110.994,0.104,9623.193,0.973,9624.166,145051.711,200,222.513,366.161,21.139,0.001,6.448,4.579,10962.385,350,0.98,5583.5,21.5,2233.4,0,0,17.494,28.356,20.039,210.1,Burdekin,AyrDPI,Mulg,1957,Furrow,BareFallow,35,Surf1,200,110,LowFreq,0,P2R,15AprV1R4,T1,3197.6,2615.775,2112.91,2153.531,27.588,6.449,5.76876833825539,0.135822515693154,5.94086614173228,0.75449,29.21,999
1961,14/10/1961,287,1960,15-Apr,1,sugar,alive,3,395,1957,14/9/1960,105,0,0,318,1961,21,2039,7126.44,6435.27,5581.24,173.279,3525.74,,0,0,0,22.127,70,70,0.973,9623.193,9624.166,145051.711,0.907,22,2420,490.9,210.665,1256.183,319.205,1327.524,120.576,1448.099,0.865,9644.675,1.33,9646.005,146426.129,200,294.188,432.535,26.324,0.001,4.215,5.569,11916.162,350,0.898,3260,12.1,1304,0,0,16.939,29.173,21.112,63.2,Burdekin,AyrDPI,Mulg,1957,Furrow,BareFallow,35,Surf1,200,110,LowFreq,0,P2R,15AprV1R4,T1,2910.9,2739.205,1466.848,1587.424,30.54,4.216,6.32588652546998,0.119659636530375,6.03759581881533,0.866395,35.257,999
1962,14/11/1962,318,1961,15-Apr,1,sugar,alive,4,396,1957,14/10/1961,105,0,0,318,1962,21,2039,6951.14,6183.67,5418.74,167.222,3344.64,,0,0,0,21.701,65.953,65.953,1.33,9644.675,9646.005,146426.129,0.915,19,2090,942.7,328.466,1279.682,497.684,1289.121,141.45,1430.57,1.208,9663.544,1.779,9665.323,147921.709,200,297.75,438.876,35.402,0.002,4.32,7.055,11925.857,350,0.871,2922.1,10.9,1168.8,0,0,17.883,29.608,20.496,102.1,Burdekin,AyrDPI,Mulg,1957,Furrow,BareFallow,35,Surf1,200,110,LowFreq,0,P2R,15AprV1R4,T1,3032.7,2587.684,1608.148,1749.598,39.724,4.322,6.46222645423475,0.116891868276281,6.58354330708662,0.83611,33.446,999
1963,16/04/1963,106,0,15-Apr,1,none,out,-1,0,1957,0.000,106,1,0,319,-1,21,2039,0,0,0,0,0,,0,0,0,0,59.934,59.934,1.779,9663.544,9665.323,147921.709,0.921,0,0,1086.4,496.398,396.377,401.059,0,10.898,10.898,0.001,9796.721,5.641,9802.362,151128.633,0,0,57.238,2.573,0.01,0.383,0.224,5535.533,350,0.999,9705.4,43.4,3882.2,0,0,22.21,31.055,18.846,91.9,Burdekin,AyrDPI,Mulg,1957,Furrow,BareFallow,35,Surf1,200,110,LowFreq,0,P2R,15AprV1R4,T1,1086.4,401.059,892.775,903.673,2.966,0.393,0,0,0,,0,999
1964,15/07/1964,197,1963,15-Apr,2,sugar,alive,0,456,1963,16/4/1963,106,1,0,319,1964,20,2039,8080.38,7209.82,6311.79,194.543,3445.33,,0,0,0,18.883,242.662,242.662,5.641,9796.721,9802.362,151128.633,0.931,21,2310,620.5,212.88,1162.606,455.457,1447.528,262.916,1710.444,2.292,9609.375,2.588,9611.963,148880.471,200,436.393,502.511,34.656,0.003,11.477,7.167,10514.868,350,0.867,2877,10.6,1150.8,0,0,16.746,28.861,19.014,92.7,Burdekin,AyrDPI,Mulg,1957,Furrow,BareFallow,35,Surf1,200,110,LowFreq,0,P2R,15AprV1R4,T1,2930.5,2765.457,1375.486,1638.402,46.136,11.48,7.03475049512612,0.113738304206393,7.04865942028986,0.972715,34.453,999
1965,15/08/1965,227,1964,15-Apr,2,sugar,alive,1,396,1963,15/7/1964,106,1,0,319,1965,20,2039,6795.23,6100.05,5229.21,161.338,3128.17,,0,0,0,20.948,87.234,87.234,2.588,9609.375,9611.963,148880.471,0.913,19,2090,829.9,193.775,1344.213,473.006,1262.21,131.563,1393.773,1.592,9671.883,1.078,9672.96,150472.396,200,285.579,433.186,22.351,0.001,8.8,4.852,12180.313,350,0.879,3019,11.3,1207.6,0,0,17.031,29.138,19.57,107.4,Burdekin,AyrDPI,Mulg,1957,Furrow,BareFallow,35,Surf1,200,110,LowFreq,0,P2R,15AprV1R4,T1,2919.9,2563.006,1537.988,1669.551,31.152,8.801,6.294874065843,0.115756296039599,6.35188976377953,0.80669,31.282,999
1966,15/09/1966,258,1965,15-Apr,2,sugar,alive,2,396,1963,15/8/1965,106,1,0,319,1966,20,2039,6872.73,6172.17,5311.5,164.072,3187.7,,0,0,0,20.997,75.372,75.372,1.078,9671.883,9672.96,150472.396,0.93,21,2310,392.1,179.872,1173.998,265.72,1214.252,125.154,1339.407,1.078,9702.576,1.192,9703.768,151992.204,200,297.355,428.379,23.676,0.001,5.118,5.101,12027.099,350,0.845,2663.5,9.9,1065.4,0,0,17.605,28.716,19.617,102.9,Burdekin,AyrDPI,Mulg,1957,Furrow,BareFallow,35,Surf1,200,110,LowFreq,0,P2R,15AprV1R4,T1,2702.1,2575.72,1353.87,1479.024,28.795,5.119,6.36994704393335,0.122496000095565,5.94463768115942,0.82036,31.877,999
1967,15/10/1967,288,1966,15-Apr,2,sugar,alive,3,395,1963,15/9/1966,106,1,0,319,1967,20,2039,6837.67,6168.15,5350.78,166.034,3202.75,,0,0,0,20.826,84.195,84.195,1.192,9702.576,9703.768,151992.204,0.938,20,2200,809.7,266.589,1427.999,404.702,1192.467,145.705,1338.172,1.645,9726.814,1.317,9728.131,153518.93,200,292.736,432.041,32.247,0.002,5.144,6.54,11734.047,350,0.872,2938,10.9,1175.2,0,0,18.004,28.819,20.047,154.9,Burdekin,AyrDPI,Mulg,1957,Furrow,BareFallow,35,Surf1,200,110,LowFreq,0,P2R,15AprV1R4,T1,3009.7,2604.702,1694.588,1840.293,37.393,5.146,6.3743952283217,0.124075230986749,6.26543396226415,0.83017,32.028,999
1968,14/11/1968,319,1967,15-Apr,2,sugar,alive,4,396,1963,15/10/1967,106,1,0,319,1968,20,2039,7079.25,6387.65,5559.83,172.717,3412.61,,0,0,0,21.403,61.135,61.135,1.317,9726.814,9728.131,153518.93,0.944,21,2310,1461.8,519.041,1886.748,502.661,1211.897,153.564,1365.46,1.548,9753.35,1.604,9754.954,154997.098,200,288.333,422.584,35.214,0.004,4.584,7.161,11731.306,350,0.856,2769.6,10.3,1107.8,0,0,18.111,28.923,20.433,187.9,Burdekin,AyrDPI,Mulg,1957,Furrow,BareFallow,35,Surf1,200,110,LowFreq,0,P2R,15AprV1R4,T1,3771.8,2812.661,2405.789,2559.353,39.802,4.588,6.14069736807955,0.126489974074671,6.25786231884058,0.863585,34.126,999
1969,15/04/1969,105,0,15-Apr,2,none,out,-1,0,1963,0.000,105,0,0,319,-1,20,2039,0,0,0,0,0,,0,0,0,0,61.685,61.685,1.604,9753.35,9754.954,154997.098,0.95,0,0,145.4,0.11,24.189,121.205,0,16.656,16.656,0,9894.297,5.465,9899.762,158105.318,0,0,75.322,0.544,0,0.029,0.17,6235.577,350,0.997,8230.9,35.6,3292.4,0,0,21.491,32.395,21.861,46.5,Burdekin,AyrDPI,Mulg,1957,Furrow,BareFallow,35,Surf1,200,110,LowFreq,0,P2R,15AprV1R4,T1,145.4,121.205,24.299,40.955,0.573,0.029,0,0,0,,0,999
1970,15/07/1970,196,1969,15-Apr,3,sugar,alive,0,456,1969,15/4/1969,105,0,0,318,1970,21,2039,7921.97,7091.41,6183.35,191.116,3596.7,,0,0,0,20.248,166.132,166.132,5.465,9894.297,9899.762,158105.318,0.961,22,2420,660,131.244,1330.779,402.945,1386.77,328.47,1715.24,3.48,9689.481,1.735,9691.216,155393.392,200,435.153,506.936,42.002,0.004,12.538,8.585,10068.644,350,0.881,3046.7,11.2,1218.7,0,0,17.51,29.042,19.564,133.6,Burdekin,AyrDPI,Mulg,1957,Furrow,BareFallow,35,Surf1,200,110,LowFreq,0,P2R,15AprV1R4,T1,3080,2822.945,1462.023,1790.493,54.544,12.542,6.77009293486058,0.111422308248408,6.65909407665505,0.95558,35.967,999
1971,15/08/1971,227,1970,15-Apr,3,sugar,alive,1,396,1969,15/7/1970,105,0,0,318,1971,21,2039,6706.06,6014.73,5229.99,161.494,2996.69,,0,0,0,19.924,68.868,68.868,1.735,9689.481,9691.216,155393.392,0.939,17,1870,1175,279.764,1466.888,687.341,1208.198,77.12,1285.318,0.587,9781.917,1.404,9783.321,156903.031,200,245.631,386.247,36.083,0.004,3.211,7.427,12112.768,350,0.886,3107.3,12.2,1242.9,0,0,17.251,28.573,19.344,220,Burdekin,AyrDPI,Mulg,1957,Furrow,BareFallow,35,Surf1,200,110,LowFreq,0,P2R,15AprV1R4,T1,3045,2557.341,1746.652,1823.772,39.298,3.215,6.31491850324224,0.125645171078286,6.96094827586207,0.80747,29.967,999
1972,14/09/1972,258,1971,15-Apr,3,sugar,alive,2,396,1969,15/8/1971,105,0,0,318,1972,21,2039,6654.65,6024.46,5144.61,159.387,3012.64,,0,0,0,20.349,81.898,81.898,1.404,9781.917,9783.321,156903.031,0.959,19,2090,1435.2,452.595,1726.895,514.745,1228.709,126.365,1355.074,1.354,9794.585,1.135,9795.72,157829.898,200,293.09,420.518,32.614,0.007,7.684,6.686,11916.179,350,0.887,3119.6,11.5,1247.8,0,0,16.759,28.732,19.826,206.2,Burdekin,AyrDPI,Mulg,1957,Furrow,BareFallow,35,Surf1,200,110,LowFreq,0,P2R,15AprV1R4,T1,3525.2,2604.745,2179.49,2305.855,40.305,7.691,6.11910186985674,0.117622358631337,6.27507874015748,0.796935,30.126,999
1973,14/10/1973,287,1972,15-Apr,3,sugar,alive,3,395,1969,14/9/1972,105,0,0,318,1973,21,2039,6929,6234.83,5351.62,165.471,3063.61,,0,0,0,19.873,72.534,72.534,1.135,9794.585,9795.72,157829.898,0.963,20,2200,1125.6,358.473,1585.461,596.718,1192.619,146.689,1339.309,1.912,9808.126,2.793,9810.92,158642.824,200,311.697,446.305,25.592,0.005,5.766,5.48,12706.182,350,0.803,2322.5,8.6,929,0,0,18.389,29.085,19.8,108.5,Burdekin,AyrDPI,Mulg,1957,Furrow,BareFallow,35,Surf1,200,110,LowFreq,0,P2R,15AprV1R4,T1,3325.6,2796.718,1943.934,2090.623,31.363,5.771,5.91661368790132,0.123549531885472,6.24418867924528,0.827355,30.636,999
1974,14/11/1974,318,1973,15-Apr,3,sugar,alive,4,396,1969,14/10/1973,105,0,0,318,1974,21,2039,6264.72,5667.93,4860.4,151.866,3084.9,,0,0,0,22.085,114.892,114.892,2.793,9808.126,9810.92,158642.824,0.968,17,1870,1952.2,904.678,1775.76,685.595,1037.634,147.705,1185.339,1.338,9844.612,2.071,9846.683,159414.317,200,252,403.552,49.366,0.071,9.878,9.443,11833.161,350,0.795,2265.6,8.4,906.2,0,0,17.922,28.466,18.8,152.9,Burdekin,AyrDPI,Mulg,1957,Furrow,BareFallow,35,Surf1,200,110,LowFreq,0,P2R,15AprV1R4,T1,3822.2,2555.595,2680.438,2828.143,59.315,9.949,5.94249088764065,0.128120309886033,6.54594827586207,0.75933,30.849,999
1975,15/04/1975,105,0,15-Apr,3,none,out,-1,0,1969,0.000,105,0,0,318,-1,21,2039,0,0,0,0,0,,0,0,0,0,71.314,71.314,2.071,9844.612,9846.683,159414.317,0.974,0,0,630.3,289.797,155.509,366.778,0,32.156,32.156,0.002,9981.536,6.125,9987.661,162104.273,0,0,70.655,2.002,0.025,0.16,0.23,6441,350,0.986,6139.6,27.3,2455.8,0,0,21.936,30.98,21.26,65,Burdekin,AyrDPI,Mulg,1957,Furrow,BareFallow,35,Surf1,200,110,LowFreq,0,P2R,15AprV1R4,T1,630.3,366.778,445.306,477.462,2.187,0.185,0,0,0,,0,999
1976,14/07/1976,196,1975,15-Apr,4,sugar,alive,0,456,1975,15/4/1975,105,0,0,318,1976,21,2039,8573,7680.97,6689.83,206.589,3575.67,,0,0,0,18.389,224.153,224.153,6.125,9981.536,9987.661,162104.273,0.985,17,1870,2004.7,608.302,1776.363,815.465,1356.589,284.961,1641.55,5.506,9789.971,1.799,9791.77,158570.026,200,411.269,473.294,47.331,0.025,13.469,9.485,10359.674,350,0.913,3494.4,12.8,1397.8,0,0,17.666,28.095,18.294,179.8,Burdekin,AyrDPI,Mulg,1957,Furrow,BareFallow,35,Surf1,200,110,LowFreq,0,P2R,15AprV1R4,T1,3874.7,2685.465,2384.665,2669.626,60.825,13.494,7.69285766152231,0.125849958880327,8.90469827586207,1.032945,35.757,999
1977,14/08/1977,226,1976,15-Apr,4,sugar,alive,1,396,1975,14/7/1976,105,0,0,318,1977,21,2039,6591.42,5916.5,5141.75,158.575,2881.18,,0,0,0,19.448,72.638,72.638,1.799,9789.971,9791.77,158570.026,0.962,18,1980,1376.6,398.147,1786.706,539.49,1111.81,44.706,1156.517,0.189,9890.678,1.308,9891.986,159034.111,200,250.384,385.369,20.711,0.013,4.662,4.538,13673.317,350,0.951,4297.1,17.4,1718.9,0,0,17.488,28.286,19.446,170.6,Burdekin,AyrDPI,Mulg,1957,Furrow,BareFallow,35,Surf1,200,110,LowFreq,0,P2R,15AprV1R4,T1,3356.6,2519.49,2184.853,2229.559,25.386,4.675,6.29393250221275,0.137114283663794,6.52572016460905,0.792875,28.812,999
1978,14/09/1978,257,1977,15-Apr,4,sugar,alive,2,396,1975,14/8/1977,105,0,0,318,1978,21,2039,7365.83,6658.23,5786.57,179.884,3415.47,,0,0,0,20.454,87.868,87.868,1.308,9890.678,9891.986,159034.111,0.984,19,2090,956.1,209.871,1425.981,555.197,1225.916,127.514,1353.429,1.307,9891.043,2.247,9893.291,158464.346,200,322.703,449.497,23.588,0.011,6.268,5.066,14228.68,350,0.842,2637.2,9.7,1054.9,0,0,17.622,28.221,20.415,150.6,Burdekin,AyrDPI,Mulg,1957,Furrow,BareFallow,35,Surf1,200,110,LowFreq,0,P2R,15AprV1R4,T1,3046.1,2645.197,1635.852,1763.366,29.867,6.279,6.80040087751498,0.132909816473565,7.08204724409449,0.89942,34.155,999
1979,14/10/1979,287,1978,15-Apr,4,sugar,alive,3,395,1975,14/9/1978,105,0,0,318,1979,21,2039,6553.82,5936.15,5075.18,157.863,3003.97,,0,0,0,20.506,144.687,144.687,2.247,9891.043,9893.291,158464.346,0.987,20,2200,1484.7,495.652,2029.288,536.333,1080.172,153.702,1233.874,2.35,9907.095,1.575,9908.669,157913.516,200,298.904,438.341,26.081,0.021,15.217,5.408,13862.283,350,0.826,2495.7,9.2,998.3,0,0,18.01,28.393,19.377,350.7,Burdekin,AyrDPI,Mulg,1957,Furrow,BareFallow,35,Surf1,200,110,LowFreq,0,P2R,15AprV1R4,T1,3684.7,2736.333,2524.94,2678.642,41.319,15.238,5.7691443256358,0.127940940485009,5.95709433962264,0.789315,30.04,999
1980,13/11/1980,318,1979,15-Apr,4,sugar,alive,4,396,1975,14/10/1979,105,0,0,318,1980,21,2039,7784.01,7025.04,6095.35,189.273,3659.05,,0,0,0,20.879,70.572,70.572,1.575,9907.095,9908.669,157913.516,0.992,21,2310,768.9,212.151,1406.482,427.761,1291.445,174.517,1465.962,2.129,9900.836,1.992,9902.827,156620.777,200,333.445,466.85,25.501,0.012,4.954,5.386,14563.992,350,0.879,3013.4,11.1,1205.4,0,0,18.675,29.043,20.995,86.4,Burdekin,AyrDPI,Mulg,1957,Furrow,BareFallow,35,Surf1,200,110,LowFreq,0,P2R,15AprV1R4,T1,3078.9,2737.761,1618.633,1793.15,30.467,4.966,6.91342304898054,0.129111805080896,6.85771739130435,0.946365,36.59,999
1981,23/04/1981,113,0,15-Apr,4,none,out,-1,0,1975,0.000,113,8,0,326,-1,14,2039,0,0,0,0,0,,0,0,0,0,64.877,64.877,1.992,9900.836,9902.827,156620.777,0.993,0,0,929,501.208,274.852,350.9,0,6.833,6.833,0,10042.201,7.4,10049.601,159139.208,0,0,57.824,1.434,0.111,0.222,0.17,6660.362,350,1,11454.8,50,4581.9,0,0,21.704,30.346,19.82,102.2,Burdekin,AyrDPI,Mulg,1957,Furrow,BareFallow,35,Surf1,200,110,LowFreq,0,P2R,15AprV1R4,T1,929,350.9,776.06,782.893,1.767,0.333,0,0,0,,0,999
1982,23/07/1982,204,1981,15-Apr,5,sugar,alive,0,456,1981,23/4/1981,113,8,0,326,1982,14,2039,8015.77,7127.34,6277.69,193.004,3614.63,,0,0,0,20.136,210.984,210.984,7.4,10042.201,10049.601,159139.208,1.003,20,2200,774.6,200.295,1285.145,520.571,1382.664,255.519,1638.183,2.593,9818.603,2.226,9820.829,154815.011,200,480.53,562.685,30.298,0.163,14.273,5.982,13045.169,350,0.926,3717.6,13.6,1487,0,0,17.136,28.552,18.806,104.8,Burdekin,AyrDPI,Mulg,1957,Furrow,BareFallow,35,Surf1,200,110,LowFreq,0,P2R,15AprV1R4,T1,2974.6,2720.571,1485.44,1740.959,44.734,14.436,7.09424602408833,0.117815897247133,7.28316981132075,0.96502,36.146,999
1983,23/08/1983,235,1982,15-Apr,5,sugar,alive,1,396,1981,23/7/1982,113,8,0,326,1983,14,2039,6992.17,6237.92,5426.37,167.22,2974.34,,0,0,0,18.978,61.962,61.962,2.226,9818.603,9820.829,154815.011,0.987,19,2090,635.9,169.523,1254.958,381.298,1182.76,115.573,1298.333,1.387,9871.932,1.176,9873.108,155251.154,200,300.545,445.51,26.057,0.038,4.962,5.619,13571.559,350,0.896,3234.5,12.1,1293.8,0,0,17.809,28.559,19.629,95.4,Burdekin,AyrDPI,Mulg,1957,Furrow,BareFallow,35,Surf1,200,110,LowFreq,0,P2R,15AprV1R4,T1,2725.9,2471.298,1424.481,1540.054,31.057,5,6.76648465705067,0.128795925236438,6.58346456692913,0.8361,29.743,999
1984,22/09/1984,266,1983,15-Apr,5,sugar,alive,2,396,1981,23/8/1983,113,8,0,326,1984,14,2039,6947.12,6252.5,5374,166.304,3103.01,,0,0,0,20.05,65.048,65.048,1.176,9871.932,9873.108,155251.154,1.005,21,2310,590.6,219.045,1347.442,450.597,1189.733,141.477,1331.21,1.697,9885.13,1.185,9886.316,155472.213,200,318.134,456.719,22.77,0.047,5.655,4.937,13375.858,350,0.859,2797.3,10.3,1118.9,0,0,17.665,28.682,19.407,75.6,Burdekin,AyrDPI,Mulg,1957,Furrow,BareFallow,35,Surf1,200,110,LowFreq,0,P2R,15AprV1R4,T1,2900.6,2760.597,1566.487,1707.964,28.472,5.702,6.02420418481944,0.124926946161763,6.02550724637681,0.83152,31.03,999
1985,22/10/1985,295,1984,15-Apr,5,sugar,alive,3,395,1981,22/9/1984,113,8,0,326,1985,14,2039,6971.37,6314.78,5444.12,169.187,3165.69,,0,0,0,20.115,67.951,67.951,1.185,9885.13,9886.316,155472.213,1.009,19,2090,794.9,153.284,1384.291,538.173,1212.161,134.565,1346.726,1.565,9904.179,1.339,9905.518,155643.313,200,298.349,437.689,27.795,0.035,14.649,5.849,13205.723,350,0.88,3032.7,11.2,1213.1,0,0,17.611,28.711,19.666,111.4,Burdekin,AyrDPI,Mulg,1957,Furrow,BareFallow,35,Surf1,200,110,LowFreq,0,P2R,15AprV1R4,T1,2884.9,2628.173,1537.575,1672.14,42.479,14.684,6.43743771814108,0.125628375779483,6.66090551181102,0.845935,31.657,999
1986,22/11/1986,326,1985,15-Apr,5,sugar,alive,4,396,1981,22/10/1985,113,8,0,326,1986,14,2039,7075.95,6337.8,5433.4,168.075,3151.06,,0,0,0,20.16,68.55,68.55,1.339,9904.179,9905.518,155643.313,1.015,20,2200,873.1,198.959,1476.626,617.797,1252.974,138.642,1391.616,1.617,9887.433,3.555,9890.988,155237.629,200,322.56,472.113,47.494,0.076,6.116,9.421,14086.05,350,0.74,1923.3,7.1,769.3,0,0,18.823,29.453,19.027,117.8,Burdekin,AyrDPI,Mulg,1957,Furrow,BareFallow,35,Surf1,200,110,LowFreq,0,P2R,15AprV1R4,T1,3073.1,2817.797,1675.585,1814.227,53.686,6.192,5.96476609209251,0.120776852235099,6.34245283018868,0.840375,31.511,999
1987,15/04/1987,105,0,15-Apr,5,none,out,-1,0,1981,0.000,105,0,0,326,-1,14,2039,0,0,0,0,0,,0,0,0,0,74.449,74.449,3.555,9887.433,9890.988,155237.629,1.014,0,0,212.4,50.209,41.388,163.421,0,16.338,16.338,0,10041.168,5.377,10046.545,157680.439,0,0,76.052,0.743,0.053,0.054,0.178,7195.691,350,0.996,8048.2,35.2,3219.3,0,0,22.097,32.244,21.713,44,Burdekin,AyrDPI,Mulg,1957,Furrow,BareFallow,35,Surf1,200,110,LowFreq,0,P2R,15AprV1R4,T1,212.4,163.421,91.597,107.935,0.85,0.107,0,0,0,,0,999
1988,14/07/1988,196,1987,15-Apr,6,sugar,alive,0,456,1987,15/4/1987,105,0,0,318,1988,21,2039,8103.75,7237.59,6341.11,195.59,3715.71,,0,0,0,20.467,178.914,178.914,5.377,10041.168,10046.545,157680.439,1.026,21,2310,1008.5,158.023,1543.347,470.122,1390.044,311.343,1701.387,4.81,9802.922,2.408,9805.331,153102.681,200,463.01,539.086,47.884,0.159,12.033,9.622,11966.743,350,0.905,3368.8,12.4,1347.5,0,0,17.995,29.116,18.802,254,Burdekin,AyrDPI,Mulg,1957,Furrow,BareFallow,35,Surf1,200,110,LowFreq,0,P2R,15AprV1R4,T1,3318.5,2780.122,1701.37,2012.713,60.076,12.192,7.03530276728863,0.114959148036279,7.08659420289855,0.97795,37.157,999
1989,14/08/1989,226,1988,15-Apr,6,sugar,alive,1,396,1987,14/7/1988,105,0,0,318,1989,21,2039,6755.34,6029.47,5224.24,160.83,3042.2,,0,0,0,20.366,94.657,94.657,2.408,9802.922,9805.331,153102.681,1.001,16,1760,1383.4,328.669,1539.298,761.061,1170.782,115.161,1285.944,1.69,9880.506,1.213,9881.719,153245.115,200,269.045,415.542,22.935,0.1,10.839,4.994,13881.701,350,0.86,2803.8,10.5,1121.5,0,0,17.87,28.468,18.868,134.8,Burdekin,AyrDPI,Mulg,1957,Furrow,BareFallow,35,Surf1,200,110,LowFreq,0,P2R,15AprV1R4,T1,3143.4,2521.061,1867.967,1983.128,33.874,10.939,6.37945690326414,0.125067654579049,7.27737556561086,0.80415,30.422,999
1990,14/09/1990,257,1989,15-Apr,6,sugar,alive,2,396,1987,14/8/1989,105,0,0,318,1990,21,2039,6509.59,5813.61,5090.11,156.782,2931.25,,0,0,0,20.097,84.146,84.146,1.213,9880.506,9881.719,153245.115,1.02,17,1870,1288.6,434.086,1478.268,537.894,1135.706,141.131,1276.836,1.992,9900.996,1.091,9902.087,152878.665,200,296.819,428.826,27.205,0.14,5.24,5.781,13295.377,350.712,0.908,3412.5,12.6,1365,0,0,17.279,28.597,19.939,103,Burdekin,AyrDPI,Mulg,1957,Furrow,BareFallow,35,Surf1,200,110,LowFreq,0,P2R,15AprV1R4,T1,3158.6,2407.894,1912.354,2053.485,32.585,5.38,6.51116701981067,0.122789457690729,6.75784482758621,0.78391,29.312,999
1991,14/10/1991,287,1990,15-Apr,6,sugar,alive,3,395,1987,14/9/1990,105,0,0,318,1991,21,2039,7020.14,6324.53,5464.76,169.314,3339.56,,0,0,0,21.361,53.557,53.557,1.091,9900.996,9902.087,152878.665,1.024,20,2200,1680.4,497.876,1988.511,389.355,1231.658,159.309,1390.967,2.284,9899.091,1.571,9900.662,151940.271,200,327.195,456.995,21.838,0.069,7.162,4.762,13862.703,352.383,0.882,3051.2,11.3,1220.5,0,0,17.386,28.895,19.58,204.4,Burdekin,AyrDPI,Mulg,1957,Furrow,BareFallow,35,Surf1,200,110,LowFreq,0,P2R,15AprV1R4,T1,3880.4,2589.355,2486.387,2645.696,29.069,7.231,6.5388484777097,0.121723951754427,6.38920754716981,0.84657,33.396,999
1992,13/11/1992,318,1991,15-Apr,6,sugar,alive,4,396,1987,14/10/1991,105,0,0,318,1992,21,2039,7811.73,7034.43,6163.98,191.405,3857.62,,0,0,0,21.89,56.602,56.602,1.571,9899.091,9900.662,151940.271,1.026,22,2420,659.3,189.929,1347.106,403.248,1376.383,160.467,1536.85,1.659,9900.224,1.523,9901.748,150948.721,200,332.877,475.298,29.131,0.104,5.397,5.931,14872.077,354.083,0.874,2960.8,11,1184.3,0,0,18.342,29.501,20.919,122.8,Burdekin,AyrDPI,Mulg,1957,Furrow,BareFallow,35,Surf1,200,110,LowFreq,0,P2R,15AprV1R4,T1,3079.3,2823.248,1537.035,1697.502,34.632,5.501,6.77960278374411,0.124543709535739,6.6691637630662,0.957025,38.576,999
1993,15/04/1993,105,0,15-Apr,6,none,out,-1,0,1987,0.000,105,0,0,318,-1,21,2039,0,0,0,0,0,,0,0,0,0,62.017,62.017,1.523,9900.224,9901.748,150948.721,1.029,0,0,402.2,201.111,96.107,262.259,0,14.804,14.804,0,10055.885,4.04,10059.925,153475.887,0,0,78.618,0.876,0.336,0.09,0.185,7645.172,354.757,0.997,8516.9,37.2,3406.8,0,0,21.276,31.26,21.924,72,Burdekin,AyrDPI,Mulg,1957,Furrow,BareFallow,35,Surf1,200,110,LowFreq,0,P2R,15AprV1R4,T1,402.2,262.259,297.218,312.022,1.302,0.426,0,0,0,,0,999
1994,15/07/1994,196,1993,15-Apr,7,sugar,alive,0,456,1993,15/4/1993,105,0,0,318,1994,21,2039,8904.55,7993.83,7000.52,216.839,4138.16,,0,0,0,20.573,152.196,152.196,4.04,10055.885,10059.925,153475.887,1.041,23,2530,465.6,79.558,1254.655,361.62,1440.89,298.631,1739.521,3.08,9826.006,2.12,9828.127,146886.69,200,472.45,530.912,33.02,0.208,13.146,6.888,14437.298,356.78,0.909,3431.4,12.6,1372.6,0,0,17.896,28.846,19.367,46.8,Burdekin,AyrDPI,Mulg,1957,Furrow,BareFallow,35,Surf1,200,110,LowFreq,0,P2R,15AprV1R4,T1,2995.6,2891.62,1334.213,1632.844,46.374,13.354,7.49887606255317,0.124654430731219,7.27647651006711,1.084195,41.382,999
1995,15/08/1995,227,1994,15-Apr,7,sugar,alive,1,396,1993,15/7/1994,105,0,0,318,1995,21,2039,7796.18,6981.95,6125.79,189.414,3572.84,,0,0,0,20.301,74.062,74.062,2.12,9826.006,9828.127,146886.69,1.018,21,2310,482.2,159.284,1169.601,334.052,1349.805,67.53,1417.334,0.398,9869.947,2.353,9872.3,146492.456,200,316.001,467.336,20.166,0.479,4.789,4.528,15578.592,358.569,0.894,3202.8,12.3,1281.1,0,0,18.082,29.062,20.474,55.2,Burdekin,AyrDPI,Mulg,1957,Furrow,BareFallow,35,Surf1,200,110,LowFreq,0,P2R,15AprV1R4,T1,2792.2,2644.052,1328.885,1396.415,25.434,5.268,7.1637774143625,0.133641047205528,6.86282608695652,0.94707,35.728,999
1996,14/09/1996,258,1995,15-Apr,7,sugar,alive,2,396,1993,15/8/1995,105,0,0,318,1996,21,2039,7682.85,6937.41,6069.01,188.539,3778.83,,0,0,0,21.753,120.043,120.043,2.353,9869.947,9872.3,146492.456,1.038,22,2420,564.9,183.222,1378.674,327.155,1319.899,146.915,1466.814,1.466,9844.78,1.356,9846.136,146289.686,200,358.588,495.125,19.51,0.735,14.636,4.352,14891.09,360.388,0.854,2748.7,10.1,1099.5,0,0,19.055,29.44,20.405,107,Burdekin,AyrDPI,Mulg,1957,Furrow,BareFallow,35,Surf1,200,110,LowFreq,0,P2R,15AprV1R4,T1,2984.9,2747.155,1561.896,1708.811,34.881,15.371,6.86306378780957,0.128536406115567,6.5693031358885,0.942695,37.788,999
1997,14/10/1997,287,1996,15-Apr,7,sugar,alive,3,395,1993,14/9/1996,105,0,0,318,1997,21,2039,7705.09,6938.99,6133.45,190.478,3786.74,,0,0,0,21.553,76.233,76.233,1.356,9844.78,9846.136,146289.686,1.038,20,2200,962.4,336.887,1532.653,488.69,1161.128,140.438,1301.566,1.703,9873.545,1.294,9874.839,146723.331,200,306.216,447.366,27.216,0.284,4.692,5.63,13870.582,362.245,0.885,3088.5,11.4,1235.4,0,0,19.379,28.509,20.519,116.8,Burdekin,AyrDPI,Mulg,1957,Furrow,BareFallow,35,Surf1,200,110,LowFreq,0,P2R,15AprV1R4,T1,3162.4,2688.69,1869.54,2009.978,32.192,4.976,7.0844165746144,0.146345248723461,7.18784905660377,0.95239,37.867,999
1998,14/11/1998,318,1997,15-Apr,7,sugar,alive,4,396,1993,14/10/1997,105,0,0,318,1998,21,2039,8312.26,7436.53,6533.51,202.344,3937.86,,0,0,0,21.037,67.527,67.527,1.294,9873.545,9874.839,146723.331,1.044,20,2200,1241.5,210.81,1766.618,630.917,1207.387,142.335,1349.722,1.799,9873.149,2.991,9876.141,146686.782,200,342.517,474.052,20.627,0.098,5.216,4.367,14854.913,364.136,0.776,2140.5,7.9,856.2,0,0,20.755,29.053,19.326,189.6,Burdekin,AyrDPI,Mulg,1957,Furrow,BareFallow,35,Surf1,200,110,LowFreq,0,P2R,15AprV1R4,T1,3441.5,2830.917,1977.428,2119.763,25.941,5.314,7.14764862410307,0.149915315894681,7.63562264150943,1.01172,39.379,999
1999,17/04/1999,107,0,15-Apr,7,none,out,-1,0,1993,0.000,107,2,0,320,-1,20,2039,0,0,0,0,0,,0,0,0,0,181.876,181.876,2.991,9873.149,9876.141,146686.782,1.047,0,0,734.4,451.202,223.072,339.846,0,10.628,10.628,0,10031.989,3.562,10035.551,150239.27,0,0,66.821,1.528,0.308,0.225,0.188,6866.26,364.887,0.999,9650.9,39,3860.3,0,0,23.371,31.155,20.469,98.7,Burdekin,AyrDPI,Mulg,1957,Furrow,BareFallow,35,Surf1,200,110,LowFreq,0,P2R,15AprV1R4,T1,734.4,339.846,674.274,684.902,2.061,0.533,0,0,0,,0,999
2000,16/07/2000,198,1999,15-Apr,8,sugar,alive,0,456,1999,17/4/1999,107,2,0,320,2000,19,2039,9996.47,8972.76,7984.52,247.859,4184.57,,0,0,0,17.866,231.375,231.375,3.562,10031.989,10035.551,150239.27,1.057,19,2090,1568.6,443.87,1736.939,710.857,1383.306,240.824,1624.13,3.817,9833.672,2.251,9835.923,146014.086,200,456.513,511.536,27.12,0.475,9.372,5.659,12979.399,367.123,0.923,3654.8,13.4,1461.9,0,0,18.467,27.787,18.607,136,Burdekin,AyrDPI,Mulg,1957,Furrow,BareFallow,35,Surf1,200,110,LowFreq,0,P2R,15AprV1R4,T1,3658.6,2800.857,2180.809,2421.633,36.967,9.847,8.84939859478724,0.152610320602415,9.75822834645669,1.239295,41.846,999
2001,16/08/2001,228,2000,15-Apr,8,sugar,alive,1,396,1999,16/7/2000,107,2,0,320,2001,19,2039,7072.57,6315.2,5553.7,171.427,3344.42,,0,0,0,21.096,85.036,85.036,2.251,9833.672,9835.923,146014.086,1.038,20,2200,561.9,240.583,1255.63,405.945,1226.206,40.735,1266.941,0.099,9905.369,1.553,9906.922,146750.905,200,282.167,428.906,18.238,0.329,4.066,4.008,14539.216,369.103,0.946,4174.1,16.2,1669.6,0,0,17.72,28.843,19.818,52,Burdekin,AyrDPI,Mulg,1957,Furrow,BareFallow,35,Surf1,200,110,LowFreq,0,P2R,15AprV1R4,T1,2761.9,2605.945,1496.213,1536.948,22.633,4.395,6.57830460734973,0.135307800442167,6.46894339622642,0.857135,33.444,999
2002,16/09/2002,259,2001,15-Apr,8,sugar,alive,2,396,1999,16/8/2001,107,2,0,320,2002,19,2039,7784.93,6994.4,6093.18,188.375,3882.66,,0,0,0,22.452,83.781,83.781,1.553,9905.369,9906.922,146750.905,1.058,20,2200,810.4,68.795,1394.274,357.202,1421.105,147.862,1568.966,2.034,9864.131,1.212,9865.344,146526.534,200,375.025,517.042,22.048,0.036,6.489,4.807,14617.713,371.117,0.898,3264.7,12,1305.9,0,0,18.197,30.125,20.989,206,Burdekin,AyrDPI,Mulg,1957,Furrow,BareFallow,35,Surf1,200,110,LowFreq,0,P2R,15AprV1R4,T1,3010.4,2557.202,1463.069,1610.931,28.573,6.525,7.36644973686083,0.120063149870679,7.10849056603774,0.941875,38.827,999
2003,16/10/2003,289,2002,15-Apr,8,sugar,alive,3,395,1999,16/9/2002,107,2,0,320,2003,19,2039,7718.16,6928.01,6097.51,188.789,3795.63,,0,0,0,21.829,62.147,62.147,1.212,9864.131,9865.344,146526.534,1.055,22,2420,462.6,125.109,1207.511,298.468,1400.936,138.115,1539.051,1.216,9881.993,2.567,9884.559,146781.85,200,331.392,478.823,21.328,0.032,5.401,4.674,14647.304,373.166,0.888,3130.3,11.6,1252.1,0,0,18.211,29.927,21.251,51,Burdekin,AyrDPI,Mulg,1957,Furrow,BareFallow,35,Surf1,200,110,LowFreq,0,P2R,15AprV1R4,T1,2882.6,2718.468,1332.62,1470.735,26.761,5.433,6.9446835497052,0.122665850579351,6.57801393728223,0.943945,37.956,999
2004,15/11/2004,320,2003,15-Apr,8,sugar,alive,4,396,1999,16/10/2003,107,2,0,320,2004,19,2039,7825.89,7047.67,6186.03,192.141,3916.06,,0,0,0,22.169,73.077,73.077,2.567,9881.993,9884.559,146781.85,1.059,21,2310,724.6,134.279,1368.878,395.572,1380.63,165.197,1545.828,1.616,9884.632,1.531,9886.163,146882.498,200,343.116,486.525,18.007,0.035,7.941,4.048,14423.838,375.245,0.875,2968.6,10.9,1187.4,0,0,18.532,29.892,20.894,173.2,Burdekin,AyrDPI,Mulg,1957,Furrow,BareFallow,35,Surf1,200,110,LowFreq,0,P2R,15AprV1R4,T1,3034.6,2705.572,1503.157,1668.354,25.983,7.976,7.10167757501926,0.124296493529681,6.96163043478261,0.960705,39.161,999
2005,15/04/2005,105,0,15-Apr,8,none,out,-1,0,1999,0.000,105,0,0,320,-1,19,2039,0,0,0,0,0,,0,0,0,0,58.693,58.693,1.531,9884.632,9886.163,146882.498,1.06,0,0,632.4,157.951,368.129,237.881,0,10.629,10.629,0,10045.968,3.589,10049.558,149774.028,0,0,74.915,0.586,0.12,0.314,0.167,7137.464,376.057,0.999,9347.2,41.2,3738.9,0,0,22.269,32.221,21.978,143.4,Burdekin,AyrDPI,Mulg,1957,Furrow,BareFallow,35,Surf1,200,110,LowFreq,0,P2R,15AprV1R4,T1,632.4,237.881,526.08,536.709,1.02,0.434,0,0,0,,0,999
2006,15/07/2006,196,2005,15-Apr,9,sugar,alive,0,456,2005,15/4/2005,105,0,0,318,2006,21,2039,8610.22,7736.33,6780.44,209.989,3855.1,,0,0,0,19.681,154.384,154.384,3.589,10045.968,10049.558,149774.028,1.071,21,2310,961.7,173.196,1499.575,519.119,1382.179,290.549,1672.728,3.786,9794.779,2.073,9796.853,145452.754,200,494.476,560.189,36.245,0.743,12.804,7.359,12585.128,378.522,0.869,2908.3,10.7,1163.3,0,0,18.53,29.09,18.768,178.4,Burdekin,AyrDPI,Mulg,1957,Furrow,BareFallow,35,Surf1,200,110,LowFreq,0,P2R,15AprV1R4,T1,3271.7,2829.119,1672.771,1963.32,49.792,13.547,7.42241666045154,0.125536847592675,7.60829710144928,1.049945,38.551,999
2007,15/08/2007,227,2006,15-Apr,9,sugar,alive,1,396,2005,15/7/2006,105,0,0,318,2007,21,2039,6880.2,6201.39,5416.1,167.919,3037.31,,0,0,0,19.348,80.586,80.586,2.073,9794.779,9796.853,145452.754,1.047,18,1980,967.8,295.918,1357.682,498.485,1195.998,108.643,1304.641,0.969,9866.329,0.983,9867.312,146390.972,200,273.55,417.248,22.611,0.171,13.076,4.934,13190.996,380.697,0.893,3195.2,12,1278.1,0,0,17.271,28.395,19.639,130.2,Burdekin,AyrDPI,Mulg,1957,Furrow,BareFallow,35,Surf1,200,110,LowFreq,0,P2R,15AprV1R4,T1,2947.8,2478.485,1653.6,1762.243,35.858,13.247,6.77506621988836,0.128708970513728,6.91024691358025,0.839595,30.373,999
2008,14/09/2008,258,2007,15-Apr,9,sugar,alive,2,396,2005,15/8/2007,105,0,0,318,2008,21,2039,7059.67,6388.35,5556.01,172.418,3279.93,,0,0,0,20.498,70.146,70.146,0.983,9866.329,9867.312,146390.972,1.064,19,2090,1334.1,438.092,1641.087,582.303,1208.041,139.73,1347.771,2.038,9876.923,0.998,9877.921,146727.302,200,309.858,435.686,26.36,0.063,5.534,5.607,12833.781,382.903,0.896,3237.5,12,1295,0,0,17.841,28.663,19.218,108.2,Burdekin,AyrDPI,Mulg,1957,Furrow,BareFallow,35,Surf1,200,110,LowFreq,0,P2R,15AprV1R4,T1,3424.1,2672.303,2079.179,2218.909,31.957,5.597,6.4520378115805,0.127928260809885,6.78811023622047,0.86209,32.799,999
2009,14/10/2009,287,2008,15-Apr,9,sugar,alive,3,395,2005,14/9/2008,105,0,0,318,2009,21,2039,6793.72,6085.39,5323.57,164.265,3152.85,,0,0,0,20.708,67.296,67.296,0.998,9876.923,9877.921,146727.302,1.065,17,1870,1789.1,513.906,1829.456,525.524,1182.987,150.813,1333.8,2.004,9884.527,1.491,9886.018,146793.816,200,318.025,451.025,25.486,0.073,5.324,5.354,13339.713,385.15,0.895,3223,11.9,1289.2,0,0,18.502,29.563,19.422,197.2,Burdekin,AyrDPI,Mulg,1957,Furrow,BareFallow,35,Surf1,200,110,LowFreq,0,P2R,15AprV1R4,T1,3659.1,2395.524,2343.362,2494.175,30.883,5.397,6.8571636101329,0.123155645524067,7.08038793103448,0.821325,31.528,999
2010,26/11/2010,330,2009,15-Apr,9,sugar,alive,4,408,2005,14/10/2009,105,0,12,318,2010,14,2039,7760.16,6942.7,6042.48,186.686,3530.01,,0,0,0,20.358,49.234,49.234,1.491,9884.527,9886.018,146793.816,1.067,19,2090,1502.3,368.933,1711.956,744.852,1238,158.964,1396.964,2.349,9870.489,2.378,9872.867,146682.314,200,348.633,483.591,26.428,0.084,5.629,5.636,14196.471,387.505,0.759,2035.7,7.5,814.3,0,0,19.483,29.17,18.166,135.2,Burdekin,AyrDPI,Mulg,1957,Furrow,BareFallow,35,Surf1,200,110,LowFreq,0,P2R,15AprV1R4,T1,3592.3,2834.852,2080.889,2239.853,32.141,5.713,6.5853878791556,0.133636944115954,7.34984251968504,0.93343,35.3,999
2011,15/04/2011,105,0,15-Apr,9,none,out,-1,0,2005,0.000,105,0,12,330,-1,14,2051,0,0,0,0,0,,0,0,0,0,163.68,163.68,2.378,9870.489,9872.867,146682.314,1.066,0,0,1001.9,600.212,319.956,332.729,0,6.352,6.352,0,10016.544,2.671,10019.215,150236.773,0,0,44.463,1.218,0.299,0.287,0.131,5334.98,388.328,1,11392.4,47.7,4557,0,0,22.894,30.765,17.917,75.6,Burdekin,AyrDPI,Mulg,1957,Furrow,BareFallow,35,Surf1,200,110,LowFreq,0,P2R,15AprV1R4,T1,1001.9,332.729,920.168,926.52,1.804,0.586,0,0,0,,0,999
2012,20/07/2012,202,2011,15-Apr,10,sugar,alive,0,462,2011,15/4/2011,105,0,6,318,2012,15,2039,8937.61,8027.23,7045.51,217.999,3846.37,,0,0,0,18.802,239.06,239.06,2.671,10016.544,10019.215,150236.773,1.074,19,2090,1178.8,328.916,1320.112,675.067,1452.496,243.232,1695.728,2.595,9831.462,2.498,9833.959,145940.553,200,456.988,523.32,20.19,0.309,7.971,4.184,13568.053,391.055,0.897,3245.7,11.9,1298.3,0,0,17.126,28.365,18.477,197.4,Burdekin,AyrDPI,Mulg,1957,Furrow,BareFallow,35,Surf1,200,110,LowFreq,0,P2R,15AprV1R4,T1,3268.8,2765.067,1649.028,1892.26,28.47,8.28,7.8840404228903,0.128557763981016,8.58263779527559,1.089995,38.464,999
2013,20/08/2013,232,2012,15-Apr,10,sugar,alive,1,396,2011,20/7/2012,105,0,6,324,2013,15,2045,6687.75,5963.58,5270.06,162.56,2930.64,,0,0,0,19.275,163.106,163.106,2.498,9831.462,9833.959,145940.553,1.058,20,2200,535.4,204.506,1374.928,299.765,1164.938,89.504,1254.443,0.74,9892.415,1.345,9893.761,146663.291,200,280.73,432.114,19.031,0.34,13.494,4.284,13901.652,393.433,0.893,3194.3,12,1277.7,0,0,17.679,28.824,19.993,178.6,Burdekin,AyrDPI,Mulg,1957,Furrow,BareFallow,35,Surf1,200,110,LowFreq,0,P2R,15AprV1R4,T1,2735.4,2499.765,1579.434,1668.938,32.865,13.834,6.50301128306061,0.129587394564759,6.13433962264151,0.8128,29.306,999
2014,20/09/2014,263,2013,15-Apr,10,sugar,alive,2,396,2011,20/8/2013,105,0,6,324,2014,15,2045,7732.97,7013.03,6066.86,188.672,3601.81,,0,0,0,20.581,64.629,64.629,1.345,9892.415,9893.761,146663.291,1.074,21,2310,729,168.727,1410.473,449.269,1285.446,160.67,1446.115,2.358,9866.109,1.081,9867.19,146620.63,200,350.25,477.534,21.217,0.045,6.491,4.589,13263.493,395.848,0.881,3045.8,11.2,1218.3,0,0,17.965,29.123,19.977,86.2,Burdekin,AyrDPI,Mulg,1957,Furrow,BareFallow,35,Surf1,200,110,LowFreq,0,P2R,15AprV1R4,T1,3039,2759.269,1579.2,1739.87,27.753,6.536,6.83775304256308,0.130468185448598,6.83594202898551,0.94336,36.018,999
2015,20/10/2015,293,2014,15-Apr,10,sugar,alive,3,395,2011,20/9/2014,105,0,6,324,2015,15,2045,7444.12,6664.36,5884.9,181.691,3706.64,,0,0,0,22.193,78.313,78.313,1.081,9866.109,9867.19,146620.63,1.071,22,2420,372,83.894,1234.95,232.554,1366.627,135.191,1501.818,1.104,9880.728,1.219,9881.947,146841.341,200,330.252,467.96,19.917,0.032,5.13,4.377,14265.721,398.3,0.915,3517.1,13,1406.8,0,0,18.44,30.097,20.852,83.4,Burdekin,AyrDPI,Mulg,1957,Furrow,BareFallow,35,Surf1,200,110,LowFreq,0,P2R,15AprV1R4,T1,2792,2652.554,1318.844,1454.035,25.079,5.162,6.84966262703794,0.120980704719214,6.3306968641115,0.908455,37.066,999
2016,19/11/2016,324,2015,15-Apr,10,sugar,alive,4,396,2011,20/10/2015,105,0,6,324,2016,15,2045,7293.27,6493.31,5685.79,175.078,3278.76,,0,0,0,20.135,49.651,49.651,1.219,9880.728,9881.947,146841.341,1.074,21,2310,604.8,168.737,1290.851,441.443,1279.475,156.272,1435.747,1.77,9878.177,3.482,9881.659,146812.288,200,345.376,488.457,20.943,0.054,4.626,4.491,14592.496,400.784,0.804,2327.7,8.6,931.1,0,0,19.741,30.295,19.215,43.6,Burdekin,AyrDPI,Mulg,1957,Furrow,BareFallow,35,Surf1,200,110,LowFreq,0,P2R,15AprV1R4,T1,2914.8,2751.443,1459.588,1615.86,25.623,4.68,6.36313381741871,0.121942097040774,6.34340579710145,0.87539,32.788,999
2017,15/04/2017,105,0,15-Apr,10,none,out,-1,0,2011,0.000,105,0,6,324,-1,15,2045,0,0,0,0,0,,0,0,0,0,69.116,69.116,3.482,9878.177,9881.659,146812.288,1.074,0,0,617.6,221.595,229.063,328.58,0,15.331,15.331,0.001,10042.119,3.2,10045.319,150007.277,0,0,68.388,1.034,0.167,0.28,0.171,6623.824,401.725,0.997,8145.7,35.5,3258.3,0,0,22.757,32.21,19.61,106.2,Burdekin,AyrDPI,Mulg,1957,Furrow,BareFallow,35,Surf1,200,110,LowFreq,0,P2R,15AprV1R4,T1,617.6,328.58,450.658,465.989,1.481,0.447,0,0,0,,0,999
2018,15/07/2018,196,2017,15-Apr,11,sugar,alive,0,456,2017,15/4/2017,105,0,0,318,2018,21,2039,7721.92,6865.19,6037.05,185.707,3537.77,,0,0,0,20.532,220.727,220.727,3.2,10042.119,10045.319,150007.277,1.085,21,2310,863.5,336.996,1393.911,458.07,1326.461,273.198,1599.658,3.357,9794.563,2.21,9796.773,145406.508,200,467.873,543.188,45.546,1.285,14.124,8.687,11846.27,404.661,0.91,3434.6,12.6,1373.8,0,0,17.714,29.216,17.024,130.4,Burdekin,AyrDPI,Mulg,1957,Furrow,BareFallow,35,Surf1,200,110,LowFreq,0,P2R,15AprV1R4,T1,3173.5,2768.07,1730.907,2004.105,60.955,15.409,6.70889825763077,0.116091689598652,6.72851449275362,0.928535,35.378,999
2019,15/08/2019,227,2018,15-Apr,11,sugar,alive,1,396,2017,15/7/2018,105,0,0,318,2019,21,2039,6479.3,5749.47,4997.72,152.915,2545.16,,0,0,0,17.572,63.663,63.663,2.21,9794.563,9796.773,145406.508,1.059,18,1980,1209.8,453.149,1493.453,454.067,1132.948,106.481,1239.429,1.596,9845.442,1.154,9846.595,146049.696,200,294.264,434.853,28.204,0.367,5.359,5.898,13103.561,407.247,0.867,2885.5,10.8,1154.2,0,0,18.203,29.367,17.12,92.8,Burdekin,AyrDPI,Mulg,1957,Furrow,BareFallow,35,Surf1,200,110,LowFreq,0,P2R,15AprV1R4,T1,3189.8,2434.067,1946.602,2053.083,33.93,5.726,6.28228393055738,0.123375360750797,6.29279835390947,0.764575,25.452,999
2020,14/09/2020,258,2019,15-Apr,11,sugar,alive,2,396,2017,15/8/2019,105,0,0,318,2020,21,2039,7041.77,6269.71,5469.52,167.917,3063.26,,0,0,0,19.538,67.432,67.432,1.154,9845.442,9846.595,146049.696,1.074,19,2090,1063.1,210.339,1548.18,432.455,1248.31,151.841,1400.151,2.817,9835.178,0.965,9836.142,146177.018,200,336.154,467.471,22.272,0.052,7.187,4.86,12985.222,409.864,0.905,3356.6,12.4,1342.6,0,0,18.062,29.688,18.83,327.8,Burdekin,AyrDPI,Mulg,1957,Furrow,BareFallow,35,Surf1,200,110,LowFreq,0,P2R,15AprV1R4,T1,3153.1,2522.455,1758.519,1910.36,29.511,7.239,6.65688783347969,0.119927779218099,6.61090551181102,0.839585,30.633,999
2021,14/10/2021,287,2020,15-Apr,11,sugar,alive,3,395,2017,14/9/2020,105,0,0,318,2021,21,2039,6736.04,6025.27,5172.22,159.222,2906.15,,0,0,0,19.55,61.862,61.862,0.965,9835.178,9836.142,146177.018,1.072,20,2200,1075.7,346.885,1669.51,515.877,1122.727,134.913,1257.64,1.925,9858.676,1.313,9859.989,146428.338,200,310.296,449.147,24.171,0.063,5.858,5.139,13509.42,412.526,0.857,2778.9,10.3,1111.6,0,0,19.13,29.427,17.353,132.4,Burdekin,AyrDPI,Mulg,1957,Furrow,BareFallow,35,Surf1,200,110,LowFreq,0,P2R,15AprV1R4,T1,3275.7,2715.877,2016.395,2151.308,30.092,5.921,5.86263663634252,0.126603797589135,6.00837735849057,0.79611,29.062,999
1958,15/04/1958,105,0,15-Apr,0,none,out,-1,0,-1,0.000,105,0,0,318,-1,21,2039,0,0,0,0,0,,0,0,0,0,0,0,0,0,0,0,0.89,0,0,873.2,0,526.966,346.234,0,207.911,207.911,24.509,9505.831,29.916,9535.747,141805.455,0,0,35.31,6.62,0,1.624,1.089,1011.643,350,0.01,14.2,0.1,5.7,0,0,22.648,31.427,18.114,136.1,Burdekin,AyrDPI,Mulg,1958,Furrow,BareFallow,35,Surf1,200,110,LowFreq,0,P2R,15AprV1R4,T1,873.2,346.234,526.966,734.877,8.244,1.624,0,0,0,,0,999
1959,15/07/1959,196,1958,15-Apr,1,sugar,alive,0,456,1958,15/4/1958,105,0,0,318,1959,21,2039,7860.56,7045,6090.53,188.299,3412.73,,0,0,0,19.393,167.873,167.873,29.916,9505.831,9535.747,141805.455,0.884,20,2200,956.1,188.32,1410.353,581.245,1291.514,363.019,1654.533,24.151,9422.482,0.685,9423.167,141438.441,200,298.56,319.893,31.985,0.293,17.624,6.761,3387.983,350,0.978,5421.9,19.9,2168.7,0,0,17.24,28.305,18.8,162.8,Burdekin,AyrDPI,Mulg,1958,Furrow,BareFallow,35,Surf1,200,110,LowFreq,0,P2R,15AprV1R4,T1,3156.1,2781.245,1598.673,1961.692,49.902,17.917,6.77031329494525,0.113807944598264,7.10562264150943,0.941495,34.127,999
1960,14/08/1960,227,1959,15-Apr,1,sugar,alive,1,396,1958,15/7/1959,105,0,0,318,1960,21,2039,5271.35,4687.75,4111.11,126.053,2358.69,,0,0,0,20.116,70.768,70.768,0.685,9422.482,9423.167,141438.441,0.868,19,2090,1110.4,468.602,1740.611,510.494,945.667,5.227,950.894,0.001,9513.243,1.384,9514.626,143100.826,200,202.914,304.372,17.771,0.001,3.317,3.866,8076.154,350,1,14034.1,60.3,5613.6,0,0,17.103,28.347,19.812,210.1,Burdekin,AyrDPI,Mulg,1958,Furrow,BareFallow,35,Surf1,200,110,LowFreq,0,P2R,15AprV1R4,T1,3200.4,2600.494,2209.213,2214.44,21.089,3.318,4.84727132614034,0.132562620018635,4.96271653543307,0.630265,23.587,999
1961,14/09/1961,257,1960,15-Apr,1,sugar,alive,2,396,1958,14/8/1960,105,0,0,318,1961,21,2039,6430.96,5765.78,5051,155.857,3167.37,,0,0,0,22.096,111.061,111.061,1.384,9513.243,9514.626,143100.826,0.883,21,2310,490.9,253.313,1336.591,332.054,1225.974,12.539,1238.513,0.006,9606.878,1.194,9608.072,144957.701,200,225.634,376.169,19.566,0.001,8.744,4.297,11298.884,350,0.998,9136.3,35.8,3654.5,0,0,16.81,28.924,20.946,63.2,Burdekin,AyrDPI,Mulg,1958,Furrow,BareFallow,35,Surf1,200,110,LowFreq,0,P2R,15AprV1R4,T1,2800.9,2642.054,1589.904,1602.443,28.311,8.745,5.89908457586408,0.125842037992334,5.64699275362319,0.779285,31.674,999
1962,14/10/1962,287,1961,15-Apr,1,sugar,alive,3,395,1958,14/9/1961,105,0,0,318,1962,21,2039,6613.7,5897.26,5163.83,159.078,3105.15,,0,0,0,21.109,83.544,83.544,1.194,9606.878,9608.072,144957.701,0.903,20,2200,938.4,361.971,1477.864,504.598,1249.623,53.879,1303.502,0.17,9681.505,1.484,9682.989,146818.172,200,251.522,407.194,27.593,0.001,5.141,5.754,12654.665,350,0.932,3834.2,14.5,1533.7,0,0,17.583,29.38,20.364,102.1,Burdekin,AyrDPI,Mulg,1958,Furrow,BareFallow,35,Surf1,200,110,LowFreq,0,P2R,15AprV1R4,T1,3138.4,2704.598,1839.835,1893.714,32.735,5.142,5.88176135603147,0.122038938183447,6.00294339622642,0.79539,31.052,999
1963,14/11/1963,318,1962,15-Apr,1,sugar,alive,4,396,1958,14/10/1962,105,0,0,318,1963,21,2039,6754.25,6096.64,5209.7,161.481,3145.62,,0,0,0,21.06,78.607,78.607,1.484,9681.505,9682.989,146818.172,0.92,18,1980,1160.5,414.336,1385.834,571.493,1214.684,145.674,1360.358,1.545,9676.544,1.603,9678.147,148127.905,200,312.035,449.776,34.499,0.001,5.035,6.913,11673.638,350,0.877,2991.8,11.1,1196.7,0,0,17.404,29.102,19.769,91.9,Burdekin,AyrDPI,Mulg,1958,Furrow,BareFallow,35,Surf1,200,110,LowFreq,0,P2R,15AprV1R4,T1,3140.5,2551.493,1800.17,1945.844,39.535,5.036,6.32888273649977,0.118704782123529,6.64530864197531,0.807405,31.456,999
1964,14/04/1964,105,0,15-Apr,1,none,out,-1,0,1958,0.000,105,0,0,318,-1,21,2039,0,0,0,0,0,,0,0,0,0,58.578,58.578,1.603,9676.544,9678.147,148127.905,0.923,0,0,454.9,170.173,108.606,313.111,0,8.83,8.83,0,9809.688,5.8,9815.489,151298.021,0,0,57.375,1.335,0.002,0.095,0.171,5225.413,350,0.999,10419.2,46.9,4167.7,0,0,21.751,31.679,20.739,92.7,Burdekin,AyrDPI,Mulg,1958,Furrow,BareFallow,35,Surf1,200,110,LowFreq,0,P2R,15AprV1R4,T1,454.9,313.111,278.779,287.609,1.432,0.097,0,0,0,,0,999
1965,14/07/1965,195,1964,15-Apr,2,sugar,alive,0,456,1964,14/4/1964,105,0,0,318,1965,21,2039,7510.92,6671.1,5832.47,179.297,3491.88,,0,0,0,21.055,225.87,225.87,5.8,9809.688,9815.489,151298.021,0.933,20,2200,925.7,286.413,1349.663,537.847,1363.393,291.353,1654.746,3.624,9617.704,1.667,9619.372,148983.496,200,429.681,514.444,42.147,0.003,14.934,8.201,10374.596,350,0.901,3298.4,12.1,1319.3,0,0,17.254,29.269,18.671,107.4,Burdekin,AyrDPI,Mulg,1958,Furrow,BareFallow,35,Surf1,200,110,LowFreq,0,P2R,15AprV1R4,T1,3125.7,2737.847,1636.076,1927.429,57.084,14.937,6.54883198367184,0.108353185322702,6.76592452830189,0.896485,34.919,999
1966,14/08/1966,226,1965,15-Apr,2,sugar,alive,1,396,1964,14/7/1965,105,0,0,318,1966,21,2039,6803.31,6072.92,5223.25,161.014,3072.28,,0,0,0,20.569,60.748,60.748,1.667,9617.704,9619.372,148983.496,0.915,21,2310,379.3,115.852,1231.393,266.264,1211.777,112.336,1324.112,0.98,9682.056,1.807,9683.862,150470.888,200,277.794,420.386,26.366,0.001,5.267,5.696,11872.531,350,0.862,2829.5,10.7,1131.8,0,0,17.151,28.492,19.616,102.9,Burdekin,AyrDPI,Mulg,1958,Furrow,BareFallow,35,Surf1,200,110,LowFreq,0,P2R,15AprV1R4,T1,2689.3,2576.264,1347.245,1459.581,31.634,5.268,6.24990296025563,0.121601495945962,5.83384057971015,0.80507,30.723,999
1967,14/09/1967,257,1966,15-Apr,2,sugar,alive,2,396,1964,14/8/1966,105,0,0,318,1967,21,2039,6912.3,6238.23,5389.22,166.954,3177.13,,0,0,0,20.507,78.691,78.691,1.807,9682.056,9683.862,150470.888,0.932,19,2090,822.5,174.378,1390.357,443.583,1210.838,139.192,1350.03,1.645,9703.061,1.09,9704.151,151964.791,200,303.71,435.183,23.221,0.001,7.63,5.039,11902.868,350,0.865,2859.2,10.6,1143.7,0,0,17.866,28.633,19.652,154.9,Burdekin,AyrDPI,Mulg,1958,Furrow,BareFallow,35,Surf1,200,110,LowFreq,0,P2R,15AprV1R4,T1,2912.5,2533.583,1564.735,1703.927,30.852,7.631,6.58964004731639,0.123666881476708,6.57299212598425,0.83477,31.771,999
1968,13/10/1968,287,1967,15-Apr,2,sugar,alive,3,395,1964,14/9/1967,105,0,0,318,1968,21,2039,6873.21,6173.77,5432.61,168.027,3216.78,,0,0,0,20.648,76.426,76.426,1.09,9703.061,9704.151,151964.791,0.939,19,2090,1460.8,451.892,1813.176,543.259,1167.568,137.116,1304.684,1.601,9741.237,1.22,9742.457,153677.857,200,283.328,415.211,26.226,0.003,5.793,5.501,11494.014,350,0.911,3451,12.8,1380.4,0,0,18.074,28.752,20.257,187.9,Burdekin,AyrDPI,Mulg,1958,Furrow,BareFallow,35,Surf1,200,110,LowFreq,0,P2R,15AprV1R4,T1,3550.8,2633.259,2265.068,2402.184,32.022,5.796,6.38095227245022,0.128787507166486,6.61523622047244,0.840135,32.168,999
1969,13/11/1969,317,1968,15-Apr,2,sugar,alive,4,396,1964,13/10/1968,105,0,0,318,1969,21,2039,7242.57,6498.08,5600.2,173.183,3372.15,,0,0,0,21.05,57.474,57.474,1.22,9741.237,9742.457,153677.857,0.946,23,2530,250.5,69.397,1224.795,212.114,1312.719,166.748,1479.467,1.725,9739.258,1.53,9740.787,154800.115,200,326.285,470.924,27.208,0.001,5.236,5.685,12300.506,350,0.844,2652.1,9.8,1060.8,0,0,17.834,29.659,20.835,46.5,Burdekin,AyrDPI,Mulg,1958,Furrow,BareFallow,35,Surf1,200,110,LowFreq,0,P2R,15AprV1R4,T1,2780.5,2742.114,1294.192,1460.94,32.445,5.237,6.31567469477928,0.117057697130115,5.81151006711409,0.865915,33.722,999
1970,15/04/1970,105,0,15-Apr,2,none,out,-1,0,1964,0.000,105,0,0,318,-1,21,2039,0,0,0,0,0,,0,0,0,0,64.314,64.314,1.53,9739.258,9740.787,154800.115,0.949,0,0,539.4,137.507,254.926,253.041,0,9.978,9.978,0,9884.406,4.873,9889.279,158298.261,0,0,66.133,1.002,0.004,0.272,0.17,5632.554,350,0.999,10152.5,45.4,4061,0,0,22.057,32.151,21.774,133.6,Burdekin,AyrDPI,Mulg,1958,Furrow,BareFallow,35,Surf1,200,110,LowFreq,0,P2R,15AprV1R4,T1,539.4,253.041,392.433,402.411,1.278,0.276,0,0,0,,0,999
1971,15/07/1971,196,1970,15-Apr,3,sugar,alive,0,456,1970,15/4/1970,105,0,0,318,1971,21,2039,8296.83,7447.57,6484.34,200.542,3632.14,,0,0,0,19.377,201.303,201.303,4.873,9884.406,9889.279,158298.261,0.959,19,2090,1166.1,192.213,1516.042,709.305,1411.111,267.024,1678.135,3.597,9717.646,1.859,9719.505,155826.312,200,420.343,489.673,33.418,0.004,9.322,6.767,10812.777,350,0.893,3192.8,11.7,1277.1,0,0,17.179,28.576,18.844,220,Burdekin,AyrDPI,Mulg,1958,Furrow,BareFallow,35,Surf1,200,110,LowFreq,0,P2R,15AprV1R4,T1,3256.1,2799.305,1708.255,1975.279,42.744,9.326,7.1639924909933,0.119502900541375,7.89535433070866,1.00271,36.321,999
1972,14/08/1972,227,1971,15-Apr,3,sugar,alive,1,396,1970,15/7/1971,105,0,0,318,1972,21,2039,6269.38,5635.33,4858.58,150.042,2794.95,,0,0,0,20.012,71.013,71.013,1.859,9717.646,9719.505,155826.312,0.943,19,2090,1453.2,496.695,1801.131,526.033,1179.436,59.072,1238.508,0.287,9806.691,1.176,9807.867,157301.382,200,240.318,386.171,35.815,0.007,5.865,7.291,12110.394,350,0.926,3719.5,14.9,1487.8,0,0,16.729,28.625,19.565,206.2,Burdekin,AyrDPI,Mulg,1958,Furrow,BareFallow,35,Surf1,200,110,LowFreq,0,P2R,15AprV1R4,T1,3543.2,2616.033,2297.826,2356.898,41.687,5.872,5.73547810750094,0.121147380557897,5.90716535433071,0.75021,27.949,999
1973,14/09/1973,257,1972,15-Apr,3,sugar,alive,2,396,1970,14/8/1972,105,0,0,318,1973,21,2039,6827.02,6124.64,5252.07,161.8,2837.67,,0,0,0,18.672,77.879,77.879,1.176,9806.691,9807.867,157301.382,0.963,19,2090,1060.9,342.012,1458.87,548.75,1190.784,138.677,1329.46,1.848,9806.293,2.106,9808.399,158066.584,200,317.753,447.3,26.147,0.004,5.637,5.632,12422.65,350,0.838,2602.1,9.6,1040.9,0,0,18.042,28.91,19.726,108.5,Burdekin,AyrDPI,Mulg,1958,Furrow,BareFallow,35,Surf1,200,110,LowFreq,0,P2R,15AprV1R4,T1,3150.9,2638.75,1800.882,1939.559,31.788,5.641,6.13169114163903,0.121703548809291,6.37007874015748,0.809,28.377,999
1974,14/10/1974,287,1973,15-Apr,3,sugar,alive,3,395,1970,14/9/1973,105,0,0,318,1974,21,2039,6135.13,5555.32,4736.57,147.088,2888.24,,0,0,0,21.253,98.437,98.437,2.106,9806.293,9808.399,158066.584,0.966,16,1760,2007.7,889.529,1750.128,638.2,1027.774,123.791,1151.565,1.019,9846.648,1.423,9848.071,159254.809,200,256.608,394.388,41.921,0.008,12.033,8.381,11786.548,350,0.81,2368.8,8.8,947.5,0,0,17.752,28.355,18.545,152.9,Burdekin,AyrDPI,Mulg,1958,Furrow,BareFallow,35,Surf1,200,110,LowFreq,0,P2R,15AprV1R4,T1,3767.7,2398.2,2639.657,2763.448,53.962,12.041,6.13326661662914,0.127728786477533,6.65556561085973,0.73544,28.882,999
1975,14/11/1975,318,1974,15-Apr,3,sugar,alive,4,396,1970,14/10/1974,105,0,0,318,1975,21,2039,7690.61,6920.17,5964.35,185.039,3501.91,,0,0,0,20.378,74.916,74.916,1.423,9846.648,9848.071,159254.809,0.974,19,2090,1160.2,302.454,1402.685,746.763,1286.724,171.166,1457.89,2.133,9834.07,2.37,9836.44,159835.606,200,323.495,455.563,33.747,0.006,4.668,6.783,12275.839,350,0.791,2233.9,8.2,893.5,0,0,18.497,28.821,19.89,179.8,Burdekin,AyrDPI,Mulg,1958,Furrow,BareFallow,35,Surf1,200,110,LowFreq,0,P2R,15AprV1R4,T1,3250.2,2836.763,1705.139,1876.305,38.421,4.674,6.52289246581403,0.12692247014521,7.285,0.925195,35.019,999
1976,18/04/1976,109,0,15-Apr,3,none,out,-1,0,1970,0.000,109,4,0,322,-1,18,2039,0,0,0,0,0,,0,0,0,0,162.087,162.087,2.37,9834.07,9836.44,159835.606,0.973,0,0,1465.6,767.351,637.956,334.987,0,8.534,8.534,0,9972.175,4.753,9976.928,163196.877,0,0,55.113,1.591,0.061,0.509,0.169,5774.841,350,0.999,10856.5,46.1,4342.6,0,0,22.054,30.429,19.715,139.2,Burdekin,AyrDPI,Mulg,1958,Furrow,BareFallow,35,Surf1,200,110,LowFreq,0,P2R,15AprV1R4,T1,1465.6,334.987,1405.307,1413.841,2.161,0.57,0,0,0,,0,999
1977,18/07/1977,199,1976,15-Apr,4,sugar,alive,0,456,1976,18/4/1976,109,4,0,322,1977,17,2039,8273.09,7423.47,6494.23,200.793,3366.81,,0,0,0,17.724,213.846,213.846,4.753,9972.175,9976.928,163196.877,0.982,20,2200,1401,335.655,1821.595,569.587,1328.05,255.913,1583.963,4.298,9822.835,1.784,9824.619,159957.714,200,406.517,476.465,29.205,0.015,10.257,5.956,11830.568,350,0.905,3358.1,12.3,1343.3,0,0,17.169,28.134,18.903,170.6,Burdekin,AyrDPI,Mulg,1958,Furrow,BareFallow,35,Surf1,200,110,LowFreq,0,P2R,15AprV1R4,T1,3601,2769.587,2157.25,2413.163,39.477,10.272,7.24992571094535,0.12676621865536,7.57709433962264,1.003965,33.668,999
1978,18/08/1978,230,1977,15-Apr,4,sugar,alive,1,396,1976,18/7/1977,109,4,0,322,1978,17,2039,6699.4,5982.96,5258.89,162.418,2948.98,,0,0,0,19.433,73.633,73.633,1.784,9822.835,9824.619,159957.714,0.968,18,1980,854.1,229.194,1370.286,484.655,1150.33,75.928,1226.258,0.447,9905.934,1.386,9907.32,160547.482,200,261.024,398.804,22.323,0.008,4.594,4.87,13379.855,350,0.888,3123.9,12.1,1249.6,0,0,17.309,28.132,20.412,150.6,Burdekin,AyrDPI,Mulg,1958,Furrow,BareFallow,35,Surf1,200,110,LowFreq,0,P2R,15AprV1R4,T1,2834.1,2464.655,1599.48,1675.408,26.925,4.602,6.58988783419992,0.132450104301052,6.6838683127572,0.81209,29.49,999
1979,18/09/1979,261,1978,15-Apr,4,sugar,alive,2,396,1976,18/8/1978,109,4,0,322,1979,17,2039,6379.86,5752.57,4942.65,152.979,2824.86,,0,0,0,19.813,81.994,81.994,1.386,9905.934,9907.32,160547.482,0.988,18,1980,1582.1,549.869,1847.561,589.752,1060.06,117.778,1177.839,1.384,9915.898,1.364,9917.263,160462.391,200,283.452,412.212,45.633,0.019,4.91,9.02,12746.254,350,0.874,2954.2,11,1181.7,0,0,17.924,28.204,19.059,350.7,Burdekin,AyrDPI,Mulg,1958,Furrow,BareFallow,35,Surf1,200,110,LowFreq,0,P2R,15AprV1R4,T1,3562.1,2569.752,2397.43,2515.208,50.562,4.929,5.9530647315383,0.129881078823167,6.29543209876543,0.764895,28.249,999
1980,17/10/1980,291,1979,15-Apr,4,sugar,alive,3,395,1976,18/9/1979,109,4,0,322,1980,17,2039,7564.99,6838.27,5918.99,183.737,3557,,0,0,0,20.912,68.826,68.826,1.364,9915.898,9917.263,160462.391,0.991,21,2310,773.9,227.425,1429.762,433.082,1264.384,165.612,1429.996,2.034,9904.905,1.342,9906.247,159907.045,200,329.934,462.377,28.496,0.009,5.134,5.991,13632.868,350,0.884,3073.7,11.3,1229.5,0,0,18.428,28.889,20.867,86.4,Burdekin,AyrDPI,Mulg,1958,Furrow,BareFallow,35,Surf1,200,110,LowFreq,0,P2R,15AprV1R4,T1,3083.9,2743.082,1657.187,1822.799,33.639,5.143,6.69819567916672,0.128487771993768,6.65713768115942,0.918685,35.57,999
1981,26/11/1981,330,1980,15-Apr,4,sugar,alive,4,405,1976,17/10/1980,109,4,9,322,1981,14,2039,7030.94,6294.73,5491.01,170.058,3394.67,,0,0,0,21.653,65.543,65.543,1.342,9904.905,9906.247,159907.045,0.991,19,2090,1233.9,498.692,1471.367,594.014,1170.646,127.719,1298.365,1.276,9950.117,2.65,9952.766,159613.94,200,286.161,424.165,27.385,0.014,4.777,5.617,14380.976,350,0.841,2622.8,9.8,1049.1,0,0,18.22,28.699,19.24,104.8,Burdekin,AyrDPI,Mulg,1958,Furrow,BareFallow,35,Surf1,200,110,LowFreq,0,P2R,15AprV1R4,T1,3323.9,2684.014,1970.059,2097.778,32.176,4.791,6.33595800916091,0.130978576902489,6.6951968503937,0.85029,33.947,999
1982,19/04/1982,109,0,15-Apr,4,none,out,-1,0,1976,0.000,109,4,9,331,-1,14,2048,0,0,0,0,0,,0,0,0,0,121.019,121.019,2.65,9950.117,9952.766,159613.94,1.001,0,0,442.8,232.911,116.327,268.48,0,22.996,22.996,0,10096.892,6.709,10103.601,161870.182,0,0,82.598,1.67,0.044,0.134,0.23,7713.822,350,0.991,6763.3,29.1,2705.3,0,0,22.922,32.151,21.355,47.4,Burdekin,AyrDPI,Mulg,1958,Furrow,BareFallow,35,Surf1,200,110,LowFreq,0,P2R,15AprV1R4,T1,442.8,268.48,349.238,372.234,1.848,0.178,0,0,0,,0,999
1983,19/07/1983,200,1982,15-Apr,5,sugar,alive,0,456,1982,19/4/1982,109,4,0,322,1983,17,2039,8296.42,7378.99,6493.61,199.901,3499.27,,0,0,0,18.631,191.586,191.586,6.709,10096.892,10103.601,161870.182,1.013,21,2310,660.8,191.233,1257.375,428.962,1350.282,278.564,1628.846,2.408,9849.201,2.585,9851.786,156247.776,200,474.102,533.727,42.681,0.029,12.871,8.781,12701.806,350,0.898,3265.9,12,1306.3,0,0,17.075,28.325,19.182,95.4,Burdekin,AyrDPI,Mulg,1958,Furrow,BareFallow,35,Surf1,200,110,LowFreq,0,P2R,15AprV1R4,T1,2970.8,2738.962,1448.608,1727.172,55.581,12.9,7.2984218108904,0.122725536975257,7.24278985507246,0.999505,34.993,999
1984,18/08/1984,231,1983,15-Apr,5,sugar,alive,1,396,1982,19/7/1983,109,4,0,322,1984,17,2039,7170.33,6437.91,5515.32,170.421,3119.99,,0,0,0,19.618,84.933,84.933,2.585,9849.201,9851.786,156247.776,0.987,21,2310,563.8,215.109,1323.007,433.582,1245.653,99.018,1344.672,0.918,9897.404,2.134,9899.539,156699.69,200,311.038,452.483,25.89,0.036,4.348,5.519,13879.258,350,0.863,2841.7,10.8,1136.7,0,0,17.475,28.495,19.131,75.6,Burdekin,AyrDPI,Mulg,1958,Furrow,BareFallow,35,Surf1,200,110,LowFreq,0,P2R,15AprV1R4,T1,2873.8,2743.582,1538.116,1637.134,30.274,4.384,6.21162407392963,0.126737970300564,6.17467391304348,0.852105,31.2,999
1985,18/09/1985,261,1984,15-Apr,5,sugar,alive,2,396,1982,18/8/1984,109,4,0,322,1985,17,2039,7042.49,6373.13,5494.32,170.421,3192.71,,0,0,0,20.143,75.946,75.946,2.134,9897.404,9899.539,156699.69,1.006,19,2090,817.5,205.264,1361.807,554.169,1229.203,112.518,1341.721,1.207,9913.635,1.242,9914.877,157221.938,200,306.283,446.579,37.873,0.034,4.347,7.744,13322.591,350,0.884,3076.6,11.4,1230.6,0,0,17.443,28.566,19.524,111.4,Burdekin,AyrDPI,Mulg,1958,Furrow,BareFallow,35,Surf1,200,110,LowFreq,0,P2R,15AprV1R4,T1,2907.5,2644.169,1567.071,1679.589,42.254,4.381,6.44516292264224,0.127016719571357,6.70948818897638,0.852105,31.927,999
1986,18/10/1986,291,1985,15-Apr,5,sugar,alive,3,395,1982,18/9/1985,109,4,0,322,1986,17,2039,6940.44,6266.63,5335.08,165.518,3111,,0,0,0,20.218,74.654,74.654,1.242,9913.635,9914.877,157221.938,1.013,21,2310,802.8,241.445,1486.694,530.315,1234.45,137.716,1372.166,1.623,9896.409,3.607,9900.016,157272.307,200,326.259,474.193,43.429,0.043,6.075,8.444,13644.316,350,0.773,2116.7,7.8,846.7,0,0,18.53,29.304,18.889,117.8,Burdekin,AyrDPI,Mulg,1958,Furrow,BareFallow,35,Surf1,200,110,LowFreq,0,P2R,15AprV1R4,T1,3112.8,2840.315,1728.139,1865.855,49.547,6.118,5.82745223681176,0.120625347078998,5.99702898550725,0.82759,31.11,999
1987,18/11/1987,322,1986,15-Apr,5,sugar,alive,4,396,1982,18/10/1986,109,4,0,322,1987,17,2039,7253.76,6512.11,5618.15,173.793,3363.62,,0,0,0,20.906,87.15,87.15,3.607,9896.409,9900.016,157272.307,1.012,23,2530,373.6,118.212,1283.026,308.788,1340.956,170.414,1511.37,1.776,9886.043,2.981,9889.024,157439.257,200,328.815,474.972,32.004,0.02,13.244,6.76,13630.903,350,0.798,2283.6,8.4,913.4,0,0,18.725,29.93,20.112,44,Burdekin,AyrDPI,Mulg,1958,Furrow,BareFallow,35,Surf1,200,110,LowFreq,0,P2R,15AprV1R4,T1,2903.6,2838.788,1401.238,1571.652,45.268,13.264,6.12208449521416,0.114990372972866,5.83197986577181,0.868965,33.636,999
1988,15/04/1988,106,0,15-Apr,5,none,out,-1,0,1982,0.000,106,1,0,319,-1,21,2039,0,0,0,0,0,,0,0,0,0,78.141,78.141,2.981,9886.043,9889.024,157439.257,1.012,0,0,795.8,196.966,476.752,286.949,0,15.929,15.929,0.001,10040.575,5.995,10046.57,160195.16,0,0,77.198,1.004,0.082,0.419,0.193,7003.783,350,0.997,8309.3,35.9,3323.7,0,0,21.976,31.628,21.442,254,Burdekin,AyrDPI,Mulg,1958,Furrow,BareFallow,35,Surf1,200,110,LowFreq,0,P2R,15AprV1R4,T1,795.8,286.949,673.718,689.647,1.505,0.501,0,0,0,,0,999
1989,15/07/1989,196,1988,15-Apr,6,sugar,alive,0,456,1988,15/4/1988,106,1,0,319,1989,20,2039,8388.67,7495.18,6553.08,202.279,3618.82,,0,0,0,19.105,184.294,184.294,5.995,10040.575,10046.57,160195.16,1.023,18,1980,1506.2,302.279,1563.607,866.888,1391.122,292.959,1684.081,4.123,9832.296,2.202,9834.498,156601.879,200,439.473,507.383,40.479,0.1,16.45,8.056,11280.798,350,0.879,3022.4,11.1,1209,0,0,17.975,28.504,18.211,134.8,Burdekin,AyrDPI,Mulg,1958,Furrow,BareFallow,35,Surf1,200,110,LowFreq,0,P2R,15AprV1R4,T1,3486.2,2846.888,1865.886,2158.845,57.029,16.55,7.10526722512442,0.120112393643774,8.32423868312757,1.011395,36.188,999
1990,15/08/1990,227,1989,15-Apr,6,sugar,alive,1,396,1988,15/7/1989,106,1,0,319,1990,20,2039,6273.21,5591.33,4880.73,150.294,2893.36,,0,0,0,20.779,120.526,120.526,2.202,9832.296,9834.498,156601.879,1.002,17,1870,1294.8,470.208,1529.686,537.985,1122.5,97.761,1220.261,1.25,9921.579,1.105,9922.684,157459.02,200,251.466,401.404,21.308,0.059,13.194,4.68,13083.92,350.589,0.877,2989.6,11.4,1195.8,0,0,17.211,28.376,19.602,103,Burdekin,AyrDPI,Mulg,1958,Furrow,BareFallow,35,Surf1,200,110,LowFreq,0,P2R,15AprV1R4,T1,3164.8,2407.985,1999.894,2097.655,34.561,13.253,6.24148406240072,0.123165453947967,6.47818965517242,0.75147,28.934,999
1991,15/09/1991,258,1990,15-Apr,6,sugar,alive,2,396,1988,15/8/1990,106,1,0,319,1991,20,2039,6819.07,6143.71,5294.31,163.772,3059.57,,0,0,0,20.079,65.171,65.171,1.105,9921.579,9922.684,157459.02,1.022,19,2090,1680.4,512.246,1923.307,390.06,1188.519,146.886,1335.405,2.34,9914.449,1.268,9915.716,157384.223,200,321.901,444.549,21.88,0.044,7.824,4.757,12621.273,352.258,0.88,3034.7,11.2,1213.9,0,0,16.971,28.6,19.402,204.4,Burdekin,AyrDPI,Mulg,1958,Furrow,BareFallow,35,Surf1,200,110,LowFreq,0,P2R,15AprV1R4,T1,3770.4,2480.06,2435.553,2582.439,29.748,7.868,6.60354991411498,0.122638450507524,6.44771653543307,0.81886,30.596,999
1992,14/10/1992,288,1991,15-Apr,6,sugar,alive,3,395,1988,15/9/1991,106,1,0,319,1992,20,2039,7854.77,7089.36,6222.08,193.308,3833.75,,0,0,0,21.494,64.612,64.612,1.268,9914.449,9915.716,157384.223,1.022,22,2420,654.1,169.68,1355.56,390.271,1384.01,159.703,1543.713,1.733,9917.096,1.313,9918.409,157360.215,200,333.877,467.956,21.798,0.037,5.825,4.739,13848.201,353.955,0.861,2821,10.4,1128.4,0,0,18.264,29.527,20.819,122.8,Burdekin,AyrDPI,Mulg,1958,Furrow,BareFallow,35,Surf1,200,110,LowFreq,0,P2R,15AprV1R4,T1,3074.1,2810.271,1525.24,1684.943,27.66,5.862,6.87862487283255,0.125222758375423,6.73547038327526,0.96654,38.337,999
1993,14/11/1993,318,1992,15-Apr,6,sugar,alive,4,396,1988,14/10/1992,106,1,0,319,1993,20,2039,7439.76,6646.58,5881.61,182.046,3735.11,,0,0,0,22.336,69.759,69.759,1.313,9917.096,9918.409,157360.215,1.024,22,2420,548.9,196.651,1364.246,430.365,1286.372,128.381,1414.752,0.985,9951.29,1.46,9952.749,157601.315,200,298.571,437.677,29.005,0.059,4.748,5.849,14145.426,355.691,0.832,2544.4,9.4,1017.7,0,0,18.209,29.114,20.539,72,Burdekin,AyrDPI,Mulg,1958,Furrow,BareFallow,35,Surf1,200,110,LowFreq,0,P2R,15AprV1R4,T1,2968.9,2850.365,1560.897,1689.278,33.812,4.807,6.38676099376747,0.128676969532469,6.34306620209059,0.91023,37.351,999
1994,15/04/1994,105,0,15-Apr,6,none,out,-1,0,1988,0.000,105,0,0,319,-1,20,2039,0,0,0,0,0,,0,0,0,0,63.009,63.009,1.46,9951.29,9952.749,157601.315,1.031,0,0,309.7,124.532,65.097,223.42,0,19.86,19.86,0,10100.519,5.404,10105.923,160302.191,0,0,75.894,0.804,0.119,0.078,0.177,7326.014,356.371,0.995,7563,32.2,3025.2,0,0,21.939,31.774,22.373,46.8,Burdekin,AyrDPI,Mulg,1958,Furrow,BareFallow,35,Surf1,200,110,LowFreq,0,P2R,15AprV1R4,T1,309.7,223.42,189.629,209.489,1.001,0.197,0,0,0,,0,999
1995,15/07/1995,196,1994,15-Apr,7,sugar,alive,0,456,1994,15/4/1994,105,0,0,318,1995,21,2039,8988.25,7993.82,7125.98,220,4084.04,,0,0,0,19.933,163.219,163.219,5.404,10100.519,10105.923,160302.191,1.042,22,2420,419.6,137.889,1062.946,294.989,1462.654,277.053,1739.707,2.194,9868.431,1.968,9870.4,155405.646,200,474.228,526.326,35.085,0.133,8.961,7.188,12440.494,358.43,0.92,3606.6,13.2,1442.6,0,0,17.873,28.981,19.784,55.2,Burdekin,AyrDPI,Mulg,1958,Furrow,BareFallow,35,Surf1,200,110,LowFreq,0,P2R,15AprV1R4,T1,2839.6,2714.989,1200.835,1477.888,44.179,9.094,8.10316358556149,0.126458075986359,7.66550522648084,1.1,40.84,999
1996,14/08/1996,227,1995,15-Apr,7,sugar,alive,1,396,1994,15/7/1995,105,0,0,318,1996,21,2039,6890.07,6120.85,5415.04,166.725,3231.21,,0,0,0,20.938,62.278,62.278,1.968,9868.431,9870.4,155405.646,1.017,20,2200,632.9,183.843,1396.263,383.925,1204.079,44.212,1248.291,0.121,9939.239,1.265,9940.504,155245.435,200,259.144,415.534,43.662,0.13,3.094,8.875,14294.27,360.246,0.963,4713.9,19,1885.5,0,0,18.911,29.224,19.946,107,Burdekin,AyrDPI,Mulg,1958,Furrow,BareFallow,35,Surf1,200,110,LowFreq,0,P2R,15AprV1R4,T1,2832.9,2583.925,1580.106,1624.318,46.886,3.224,6.45239316156622,0.133562606796012,6.29150943396226,0.833625,32.312,999
1997,14/09/1997,257,1996,15-Apr,7,sugar,alive,2,396,1994,14/8/1996,105,0,0,318,1997,21,2039,7551.24,6828.69,5982.77,185.766,3591.78,,0,0,0,20.882,66.781,66.781,1.265,9939.239,9940.504,155245.435,1.034,20,2200,964.3,354.939,1530.226,475.647,1146.801,117.205,1264.006,1.364,9958.656,2.681,9961.338,154858.363,200,308.095,441.658,24.129,0.104,5.254,5.235,14582.309,362.101,0.879,3022,11.2,1208.8,0,0,18.946,28.468,20.444,116.8,Burdekin,AyrDPI,Mulg,1958,Furrow,BareFallow,35,Surf1,200,110,LowFreq,0,P2R,15AprV1R4,T1,3164.3,2675.647,1885.165,2002.37,29.487,5.358,6.94284410462217,0.146966074528127,7.01003773584906,0.92883,35.918,999
1998,14/10/1998,287,1997,15-Apr,7,sugar,alive,3,395,1994,14/9/1997,105,0,0,318,1998,21,2039,7671.1,6878.58,6034.3,186.757,3719.97,,0,0,0,21.6,81.91,81.91,2.681,9958.656,9961.338,154858.363,1.039,19,2090,959.5,185.986,1609.635,492.487,1118.499,149.559,1268.058,1.769,9953.446,1.438,9954.884,153890.886,200,336.973,469.116,21.656,0.095,7.712,4.754,15125.751,363.989,0.863,2842.4,10.5,1137,0,0,20.543,28.902,19.59,189.6,Burdekin,AyrDPI,Mulg,1958,Furrow,BareFallow,35,Surf1,200,110,LowFreq,0,P2R,15AprV1R4,T1,3049.5,2582.487,1795.621,1945.18,29.463,7.807,7.23167241500151,0.14727796362627,7.35263779527559,0.933785,37.2,999
1999,14/11/1999,318,1998,15-Apr,7,sugar,alive,4,396,1994,14/10/1998,105,0,0,318,1999,21,2039,7050.47,6344.1,5580.17,173.759,3532.74,,0,0,0,22.107,67.73,67.73,1.438,9953.446,9954.884,153890.886,1.04,19,2090,1137.3,494.268,1540.73,638.304,1077.974,95.556,1173.53,0.526,9986.279,3.484,9989.763,153194.629,200,254.447,402.55,61.062,0.365,8.066,11.362,14504.203,365.913,0.851,2715.1,10.2,1086,0,0,19.787,28.829,19.555,112,Burdekin,AyrDPI,Mulg,1958,Furrow,BareFallow,35,Surf1,200,110,LowFreq,0,P2R,15AprV1R4,T1,3227.3,2728.304,2034.998,2130.554,69.493,8.431,6.36875509474018,0.148065239065043,6.84090551181102,0.868795,35.327,999
2000,16/04/2000,107,0,15-Apr,7,none,out,-1,0,1994,0.000,107,2,0,320,-1,20,2039,0,0,0,0,0,,0,0,0,0,86.502,86.502,3.484,9986.279,9989.763,153194.629,1.047,0,0,1336.8,466.953,691.59,417.698,0,25.573,25.573,0.006,10130.306,3.838,10134.144,155776.892,0,0,71.465,1.338,0.536,0.759,0.189,7346.492,366.671,0.991,6675.4,26.8,2670.2,0,0,22.758,30.117,20.574,136,Burdekin,AyrDPI,Mulg,1958,Furrow,BareFallow,35,Surf1,200,110,LowFreq,0,P2R,15AprV1R4,T1,1336.8,417.698,1158.543,1184.116,2.633,1.295,0,0,0,,0,999
2001,16/07/2001,197,2000,15-Apr,8,sugar,alive,0,456,2000,16/4/2000,107,2,0,320,2001,19,2039,9215.11,8194.21,7267.93,224.148,4069.91,,0,0,0,19.433,239.186,239.186,3.838,10130.306,10134.144,155776.892,1.058,22,2420,673.5,261.971,1265.876,512.761,1461.063,281.686,1742.749,2.817,9882.095,2.151,9884.245,149247.383,200,478.573,538.266,39.065,0.374,10.597,7.844,13840.483,368.949,0.924,3684.1,13.5,1473.6,0,0,17.581,28.384,18.906,52,Burdekin,AyrDPI,Mulg,1958,Furrow,BareFallow,35,Surf1,200,110,LowFreq,0,P2R,15AprV1R4,T1,3093.5,2932.761,1527.847,1809.533,50.036,10.971,7.64290032498386,0.128617488806478,7.81003484320558,1.12074,40.699,999
2002,16/08/2002,228,2001,15-Apr,8,sugar,alive,1,396,2000,16/7/2001,107,2,0,320,2002,19,2039,7500.8,6697.41,5865.37,180.682,3658.87,,0,0,0,22.008,62.091,62.091,2.151,9882.095,9884.245,149247.383,1.03,20,2200,787.8,105.7,1404.152,329.439,1406.098,65.631,1471.729,0.328,9934.567,1.744,9936.312,147680.685,200,309.004,466.789,21.812,0.11,4.046,4.859,16907.799,370.961,0.93,3792.5,14.6,1517,0,0,18.026,30.082,20.866,206,Burdekin,AyrDPI,Mulg,1958,Furrow,BareFallow,35,Surf1,200,110,LowFreq,0,P2R,15AprV1R4,T1,2987.8,2529.439,1509.852,1575.483,25.968,4.156,7.14316494685185,0.122768525999012,6.81818867924528,0.90341,36.589,999
2003,16/09/2003,259,2002,15-Apr,8,sugar,alive,2,396,2000,16/8/2002,107,2,0,320,2003,19,2039,7877.25,7062.47,6165.48,190.452,3716.02,,0,0,0,21.099,68.31,68.31,1.744,9934.567,9936.312,147680.685,1.049,21,2310,472.6,120.985,1138.453,315.386,1406.09,121.362,1527.451,1.037,9899.258,1.452,9900.711,147102.537,200,374.736,515.163,23.613,1.294,4.861,5.067,15369.013,373.007,0.905,3366.3,12.4,1346.5,0,0,17.989,29.653,20.929,51,Burdekin,AyrDPI,Mulg,1958,Furrow,BareFallow,35,Surf1,200,110,LowFreq,0,P2R,15AprV1R4,T1,2782.6,2625.386,1259.438,1380.8,29.768,6.155,7.25424756588174,0.124686160145235,6.9004347826087,0.95226,37.16,999
2004,15/10/2004,289,2003,15-Apr,8,sugar,alive,3,395,2000,16/9/2003,107,2,0,320,2004,19,2039,7932.68,7179.36,6283.53,195.354,3908.87,,0,0,0,21.711,64.021,64.021,1.452,9899.258,9900.711,147102.537,1.051,21,2310,740.2,145.281,1369.961,413.444,1407.614,132.294,1539.908,1.218,9896.397,1.399,9897.796,147065.487,200,350.098,497.006,26.697,0.451,4.644,5.602,15115.164,375.084,0.891,3170.5,11.7,1268.2,0,0,18.273,29.8,20.81,173.2,Burdekin,AyrDPI,Mulg,1958,Furrow,BareFallow,35,Surf1,200,110,LowFreq,0,P2R,15AprV1R4,T1,3050.2,2723.444,1515.242,1647.536,31.792,5.095,7.17305000580148,0.12686082545191,7.07804347826087,0.97677,39.089,999
2005,15/11/2005,319,2004,15-Apr,8,sugar,alive,4,396,2000,15/10/2004,107,2,0,320,2005,19,2039,7702.82,6897.2,6070.41,188.08,3826.28,,0,0,0,22.123,59.071,59.071,1.399,9896.397,9897.796,147065.487,1.054,22,2420,746.3,153.775,1500.238,333.968,1353.07,154.977,1508.047,1.466,9893.93,1.662,9895.592,146991.254,200,348.179,493.061,24.992,0.116,4.842,5.193,14936.307,377.201,0.829,2525.4,9.3,1010.2,0,0,18.893,29.925,20.567,143.4,Burdekin,AyrDPI,Mulg,1958,Furrow,BareFallow,35,Surf1,200,110,LowFreq,0,P2R,15AprV1R4,T1,3166.3,2753.968,1654.013,1808.99,29.95,4.958,6.82941849723744,0.12471759832419,6.55331010452962,0.9404,38.263,999
2006,29/04/2006,119,0,15-Apr,8,none,out,-1,0,2000,0.000,119,14,0,332,-1,14,2039,0,0,0,0,0,,0,0,0,0,63.311,63.311,1.662,9893.93,9895.592,146991.254,1.057,0,0,789.4,198.122,405.862,339.432,0,10.761,10.761,0,10056.593,2.734,10059.327,149773.042,0,0,65.798,0.893,0.193,0.418,0.161,7029.573,378.102,0.999,9408.3,41.6,3763.3,0,0,22.857,32.036,21.014,178.4,Burdekin,AyrDPI,Mulg,1958,Furrow,BareFallow,35,Surf1,200,110,LowFreq,0,P2R,15AprV1R4,T1,789.4,339.432,603.984,614.745,1.504,0.611,0,0,0,,0,999
2007,29/07/2007,210,2006,15-Apr,9,sugar,alive,0,456,2006,29/4/2006,119,14,0,332,2007,14,2039,8780.99,7937.98,6915.67,214.919,3977.23,,0,0,0,19.862,237.967,237.967,2.734,10056.593,10059.327,149773.042,1.067,21,2310,1026,343.72,1432.347,547.501,1425.058,282.15,1707.208,3.516,9821.913,1.723,9823.636,145823.458,200,482.297,545.057,28.455,1.298,13.474,5.735,12010.457,380.607,0.907,3393.7,12.5,1357.5,0,0,17.149,28.023,18.655,130.2,Burdekin,AyrDPI,Mulg,1958,Furrow,BareFallow,35,Surf1,200,110,LowFreq,0,P2R,15AprV1R4,T1,3336,2857.501,1776.067,2058.217,43.227,14.772,7.52122221479538,0.125889171091045,7.78692028985507,1.074595,39.772,999
2008,28/08/2008,241,2007,15-Apr,9,sugar,alive,1,396,2006,29/7/2007,119,14,0,332,2008,14,2039,7173.55,6495.69,5641.96,175.221,3309.85,,0,0,0,20.334,90.692,90.692,1.723,9821.913,9823.636,145823.458,1.047,19,2090,1333.5,508.723,1597.714,583.086,1237.657,81.281,1318.937,0.614,9901.146,1.018,9902.164,146812.771,200,274.847,418.553,27.376,0.39,4.119,5.701,13722.496,382.811,0.88,3033.7,11.7,1213.5,0,0,17.674,28.61,19.206,108.2,Burdekin,AyrDPI,Mulg,1958,Furrow,BareFallow,35,Surf1,200,110,LowFreq,0,P2R,15AprV1R4,T1,3423.5,2673.086,2106.437,2187.718,31.885,4.509,6.55500795709528,0.132850166459808,6.89846456692913,0.876105,33.099,999
2009,28/09/2009,271,2008,15-Apr,9,sugar,alive,2,396,2006,28/8/2008,119,14,0,332,2009,14,2039,6740.65,6053.33,5255.11,162.366,3026.02,,0,0,0,20.024,88.818,88.818,1.018,9901.146,9902.164,146812.771,1.065,17,1870,1793.1,501.322,1877.779,557.961,1165.295,153.475,1318.77,2.625,9889.822,1.365,9891.187,146844.596,200,334.649,465.289,23.389,0.084,5.896,4.977,13305.264,385.057,0.892,3179,11.7,1271.6,0,0,18.444,29.429,19.154,197.2,Burdekin,AyrDPI,Mulg,1958,Furrow,BareFallow,35,Surf1,200,110,LowFreq,0,P2R,15AprV1R4,T1,3663.1,2427.961,2379.101,2532.576,29.369,5.98,6.68733970603317,0.123119270229077,6.99853448275862,0.81183,30.26,999
2010,28/10/2010,301,2009,15-Apr,9,sugar,alive,3,395,2006,28/9/2009,119,14,0,332,2010,14,2039,7557.97,6802.4,5848.01,181.117,3344.29,,0,0,0,19.812,54.047,54.047,1.365,9889.822,9891.187,146844.596,1.064,20,2200,1265.5,359.019,1663.079,579.728,1229.601,159.273,1388.874,2.685,9874.955,3.014,9877.968,146743.652,200,348.933,484.348,24.238,0.08,6.219,5.219,13947,387.339,0.768,2087.4,7.7,835,0,0,19.317,29.268,18.507,135.2,Burdekin,AyrDPI,Mulg,1958,Furrow,BareFallow,35,Surf1,200,110,LowFreq,0,P2R,15AprV1R4,T1,3465.5,2779.728,2022.098,2181.371,30.537,6.299,6.51563750122314,0.130405637948439,6.83460377358491,0.905585,33.443,999
2011,28/11/2011,332,2010,15-Apr,9,sugar,alive,4,396,2006,28/10/2010,119,14,0,332,2011,14,2039,6145.61,5564.6,4868.15,152.902,3208.24,,0,0,0,22.908,108.575,108.575,3.014,9874.955,9877.968,146743.652,1.062,19,2090,1297.5,705.405,1567.745,632.843,1032.81,108.892,1141.702,0.591,9916.241,3.856,9920.097,147035.744,200,226.211,386.439,72.789,2.279,11.01,13.294,12763.147,389.658,0.766,2073.7,7.9,829.5,0,0,18.054,28.73,18.676,81.4,Burdekin,AyrDPI,Mulg,1958,Furrow,BareFallow,35,Surf1,200,110,LowFreq,0,P2R,15AprV1R4,T1,3387.5,2722.843,2273.15,2382.042,86.078,13.289,5.61552759376872,0.133924614303908,6.01976377952756,0.76451,32.082,999
2012,14/04/2012,105,0,15-Apr,9,none,out,-1,0,2006,0.000,105,0,0,332,-1,14,2039,0,0,0,0,0,,0,0,0,0,81.222,81.222,3.856,9916.241,9920.097,147035.744,1.069,0,0,922.2,373.188,395.824,316.08,0,48.28,48.28,0.024,10045.369,14.127,10059.496,149493.774,0,0,73.904,0.984,0.229,0.423,0.179,6635.792,390.476,0.969,4948.4,21.2,1979.4,0,0,22.567,31.564,20.01,197.4,Burdekin,AyrDPI,Mulg,1958,Furrow,BareFallow,35,Surf1,200,110,LowFreq,0,P2R,15AprV1R4,T1,922.2,316.08,769.012,817.292,1.636,0.652,0,0,0,,0,999
2013,14/07/2013,195,2012,15-Apr,10,sugar,alive,0,456,2012,14/4/2012,105,0,0,318,2013,21,2039,8912.55,8013.3,6986.55,216.98,3962.49,,0,0,0,19.562,186.131,186.131,14.127,10045.369,10059.496,149493.774,1.078,23,2530,732,215.603,1400.814,459.472,1413.893,339.892,1753.785,4.071,9782.263,1.962,9784.225,145408.479,200,476.721,537.577,54.163,1.384,12.515,10.858,10362.867,393.212,0.89,3159.7,11.6,1263.9,0,0,17.447,28.351,18.992,178.6,Burdekin,AyrDPI,Mulg,1958,Furrow,BareFallow,35,Surf1,200,110,LowFreq,0,P2R,15AprV1R4,T1,3262,2989.472,1616.417,1956.309,68.062,13.899,7.25813789190867,0.123720980621912,7.28120805369128,1.0849,39.625,999
2014,14/08/2014,226,2013,15-Apr,10,sugar,alive,1,396,2012,14/7/2013,105,0,0,318,2014,21,2039,7121.73,6346.82,5574.09,171.56,3324.85,,0,0,0,20.937,77.93,77.93,1.962,9782.263,9784.225,145408.479,1.048,20,2200,683.8,234.18,1352.074,435.8,1224.545,79.783,1304.328,0.687,9876.65,1.018,9877.668,146521.76,200,271.321,415.127,18.464,0.196,3.971,4.054,13867.475,395.623,0.904,3355,12.8,1342,0,0,18.053,29.107,19.596,86.2,Burdekin,AyrDPI,Mulg,1958,Furrow,BareFallow,35,Surf1,200,110,LowFreq,0,P2R,15AprV1R4,T1,2883.8,2635.8,1586.254,1666.037,22.631,4.167,6.50883982092723,0.131531332609589,6.47396226415094,0.8578,33.248,999
2015,14/09/2015,257,2014,15-Apr,10,sugar,alive,2,396,2012,14/8/2014,105,0,0,318,2015,21,2039,7460.08,6698.15,5854.93,181.04,3573.15,,0,0,0,21.376,71.149,71.149,1.018,9876.65,9877.668,146521.76,1.068,21,2310,418.6,79.398,1159.868,270.759,1357.571,137.416,1494.987,1.17,9858.131,1.208,9859.339,146440.858,200,348.276,477.973,20.5,0.034,6.482,4.475,13986.66,398.072,0.898,3264.6,12,1305.8,0,0,18.088,29.909,20.707,83.4,Burdekin,AyrDPI,Mulg,1958,Furrow,BareFallow,35,Surf1,200,110,LowFreq,0,P2R,15AprV1R4,T1,2728.6,2580.759,1239.266,1376.682,27.016,6.516,7.01499055122931,0.121098042993016,6.55942028985507,0.9052,35.732,999
2016,13/10/2016,287,2015,15-Apr,10,sugar,alive,3,395,2012,14/9/2015,105,0,0,318,2016,21,2039,7290.86,6509.58,5716.27,176.124,3359.25,,0,0,0,20.56,65.496,65.496,1.208,9858.131,9859.339,146440.858,1.066,21,2310,554.6,128.802,1310.742,418.569,1283.86,131.507,1415.367,1.426,9869.906,1.94,9871.847,146620.065,200,328.216,470.664,23.766,0.045,5.652,5.097,14456.93,400.552,0.821,2460.1,9.1,984,0,0,19.408,30.07,19.21,43.6,Burdekin,AyrDPI,Mulg,1958,Furrow,BareFallow,35,Surf1,200,110,LowFreq,0,P2R,15AprV1R4,T1,2864.6,2728.569,1439.544,1571.051,29.463,5.697,6.45481202784317,0.124436983482023,6.38130434782609,0.88062,33.592,999
2017,13/11/2017,317,2016,15-Apr,10,sugar,alive,4,396,2012,13/10/2016,105,0,0,318,2017,21,2039,7405.16,6628.99,5734.94,177.17,3384.73,,0,0,0,20.598,75.185,75.185,1.94,9869.906,9871.847,146620.065,1.068,19,2090,933.4,183.801,1356.428,556.623,1322.571,145.374,1467.945,1.76,9864.707,2.016,9866.723,146552.679,200,330.599,473.331,32.879,0.075,4.611,6.697,14101.933,403.076,0.802,2313.9,8.5,925.6,0,0,18.877,30.034,18.44,107.8,Burdekin,AyrDPI,Mulg,1958,Furrow,BareFallow,35,Surf1,200,110,LowFreq,0,P2R,15AprV1R4,T1,3023.4,2646.623,1540.229,1685.603,37.565,4.686,6.69419105025536,0.12069253275838,6.9751968503937,0.88585,33.847,999
2018,21/04/2018,111,0,15-Apr,10,none,out,-1,0,2012,0.000,111,6,0,324,-1,16,2039,0,0,0,0,0,,0,0,0,0,90.412,90.412,2.016,9864.707,9866.723,146552.679,1.068,0,0,590.8,198.766,265.167,246.483,0,11.647,11.647,0,10022.495,3.394,10025.888,149147.414,0,0,72.632,0.763,0.14,0.274,0.169,7278.835,404.109,0.998,8796.1,37.4,3518.5,0,0,22.031,31.55,18.657,130.4,Burdekin,AyrDPI,Mulg,1958,Furrow,BareFallow,35,Surf1,200,110,LowFreq,0,P2R,15AprV1R4,T1,590.8,246.483,463.933,475.58,1.177,0.414,0,0,0,,0,999
2019,21/07/2019,202,2018,15-Apr,11,sugar,alive,0,456,2018,21/4/2018,111,6,0,324,2019,15,2039,7759.33,6909.03,6081.8,186.945,3165.31,,0,0,0,17.926,205.632,205.632,3.394,10022.495,10025.888,149147.414,1.078,19,2090,1216.9,380.417,1496.573,533.952,1310.699,248.08,1558.779,3.662,9779.98,2.632,9782.613,145207.8,200,478.246,540.507,37.626,1.14,12.348,7.301,11850.601,407.087,0.873,2947.6,10.8,1179,0,0,17.733,29.127,16.75,92.8,Burdekin,AyrDPI,Mulg,1958,Furrow,BareFallow,35,Surf1,200,110,LowFreq,0,P2R,15AprV1R4,T1,3306.9,2623.952,1876.99,2125.07,51.114,13.488,7.12455868095148,0.119930407068609,7.36003937007874,0.934725,31.653,999
2020,20/08/2020,233,2019,15-Apr,11,sugar,alive,1,396,2018,21/7/2019,111,6,0,324,2020,15,2039,7366.33,6582.5,5715.56,176.049,3195.19,,0,0,0,19.424,76.763,76.763,2.632,9779.98,9782.613,145207.8,1.055,19,2090,1063.1,154.182,1523.997,452.062,1309.513,154.34,1463.853,3.146,9804.076,1.117,9805.193,145624.744,200,334.632,473.411,21.525,0.238,7.603,4.726,13410.503,409.701,0.854,2748,10.1,1099.2,0,0,17.976,29.597,18.568,327.8,Burdekin,AyrDPI,Mulg,1958,Furrow,BareFallow,35,Surf1,200,110,LowFreq,0,P2R,15AprV1R4,T1,3153.1,2542.062,1678.179,1832.519,29.366,7.841,6.92544084290627,0.120264124881392,6.93106299212599,0.880245,31.952,999
2021,20/09/2021,263,2020,15-Apr,11,sugar,alive,2,396,2018,20/8/2020,111,6,0,324,2021,15,2039,6784.31,6074.58,5220.49,160.828,2924.69,,0,0,0,19.468,87.831,87.831,1.117,9804.076,9805.193,145624.744,1.064,19,2090,1075.5,368.215,1522.789,478.281,1136.987,123.616,1260.604,1.763,9835.359,3.365,9838.725,146069.003,200,302.409,443.394,22.318,0.066,6.025,4.805,13560.991,412.361,0.816,2420.7,8.9,968.3,0,0,18.852,29.296,17.222,132.4,Burdekin,AyrDPI,Mulg,1958,Furrow,BareFallow,35,Surf1,200,110,LowFreq,0,P2R,15AprV1R4,T1,3165.5,2568.281,1891.004,2014.62,28.409,6.091,6.26208736505079,0.127580112390568,6.33181102362205,0.80414,29.247,999
