year,today,day,SowYear,SowDate,cropCycle,currentCrop,sugarStatus,ratoon_no,sugarDAS,sugarPlantYear,sugarPlantDate,sugarPlantingDAY,sugarPlantDelay,sugarHarvDelay,sugarLastHarvDAY,sugarHarvYear,realDelayForKill,totCycle,biomass,green_biomass,cane_wt,canefw,sucrose_wt,residue_wt,burntDM,burntOrgC,burntOrgN,ccs,totalInitTAW,totalInitPAW,totalInitInorgN,totalInitOrgN,totalInitSoilN,totalInitSoilC,meanInitOC2,irrigNum,totalIrrig,totalRain,totalDrain,totalRunoff,totalEffRain,totalTransp,totalEvap,totalEvapTr,totalSediment,totalSoilOrgN,totalSoilInorgN,totalSoilN,totalSoilC,totalFert,totalNUptake,totalNit,totalDeNit,totalNO3Leach,totalNO3Runoff,totalN2O,totalCO2,CO2,surfaceom_cover,surfaceom_wt,surfaceom_n,surfaceom_c,surfaceom_no3,surfaceom_nh4,meanTMin,meanTMax,meanRadn,maxRain,Region,WStation,Soil,StartYear,IrrigSys,Fallow,DryOff,Fert,FertAmt,IrrigAmt,IrrigFreq,MillMudAmt,NRunOffModel,Planting,Tillage,totalWater,totalWaterEff,totalWaterLoss,totalWaterLossWithEvap,totalNLoss,totalNPol,GPWUI,CWUE,GPWUI_450,NUE,sucroseTH,IrrigAlloc
1956,14/04/1956,105,0,15-Apr,0,none,out,-1,0,-1,0.000,105,0,0,318,-1,21,2039,0,0,0,0,0,,0,0,0,0,0,0,0,0,0,0,0.89,0,0,908.8,24.993,440.807,459.959,0,277.705,277.705,20.633,9506.471,28.495,9534.966,141792.379,0,0,34.65,7.699,0.206,1.19,1.16,1030.221,350,0,0.5,0,0.2,0,0,22.406,30.649,17.187,67.8,Burdekin,AyrDPI,Mulg,1956,Furrow,BareFallow,35,Surf1,200,200,HighFreq,0,P2R,15AprV1R4,T4,908.8,459.959,465.8,743.505,9.095,1.396,0,0,0,,0,999
1957,14/07/1957,195,1956,15-Apr,1,sugar,alive,0,456,1956,14/4/1956,105,0,0,318,1957,21,2039,7886.45,7074.52,6295.93,195.301,3446.87,,0,0,0,18.808,194.845,194.845,28.495,9506.471,9534.966,141792.379,0.884,39,7800,1202.9,580.603,6665.152,604.56,1398.353,460.805,1859.158,136.424,9427.529,0.789,9428.318,141584.507,200,232.029,305.902,58.867,1.114,51.923,11.804,3339.23,350,0.976,5305.3,19.4,2122.1,0,0,16.955,27.951,18.212,77.7,Burdekin,AyrDPI,Mulg,1956,Furrow,BareFallow,35,Surf1,200,200,HighFreq,0,P2R,15AprV1R4,T4,9002.9,8404.56,7245.755,7706.56,111.904,53.037,2.3237504402372,0.105048091663,2.36728484848485,0.976505,34.469,999
1958,14/08/1958,226,1957,15-Apr,1,sugar,alive,1,396,1956,14/7/1957,105,0,0,318,1958,21,2039,5833.74,5163.91,4571.13,140.12,2508.42,,18028.893,7211.556,69.562,19.119,92.831,92.831,0.789,9427.529,9428.318,141584.507,0.868,36,7200,1020.9,656.553,6076.38,385.445,1132.447,373.386,1505.833,85.496,9433.48,0.97,9434.449,142565.687,200,224.174,283.825,25.967,0.001,12.566,5.1,5205.069,350,0.928,3749.6,13.7,1499.8,0,0,17.772,29.136,19.572,136.1,Burdekin,AyrDPI,Mulg,1956,Furrow,BareFallow,35,Surf1,200,200,HighFreq,0,P2R,15AprV1R4,T4,8220.9,7585.445,6732.933,7106.319,38.534,12.567,1.84722188348871,0.0930514871170973,1.8316339869281,0.7006,25.084,999
1959,14/09/1959,257,1958,15-Apr,1,sugar,alive,2,396,1956,14/8/1958,105,0,0,318,1959,21,2039,6276.25,5631.5,4921.92,151.799,2841.33,,13919.38,5567.753,53.63,20.123,74.965,74.965,0.97,9433.48,9434.449,142565.687,0.862,38,7600,875.3,1027.86,5934.198,382.248,1149.054,347.83,1496.884,47.268,9432.049,1.129,9433.178,143236.192,200,208.785,296.678,44.985,0.145,21.179,8.489,5464.021,350,0.933,3856.8,14.1,1542.7,0,0,16.929,28.362,19.643,162.8,Burdekin,AyrDPI,Mulg,1956,Furrow,BareFallow,35,Surf1,200,200,HighFreq,0,P2R,15AprV1R4,T4,8475.3,7982.248,6962.058,7309.888,66.309,21.324,1.90170738869552,0.101409995697729,1.88570186335404,0.758995,28.413,999
1960,13/10/1960,287,1959,15-Apr,1,sugar,alive,3,395,1956,14/9/1959,105,0,0,318,1960,21,2039,6951.73,6227.98,5455.99,168.432,3234.12,,14790.127,5916.051,58.415,20.718,91.323,91.323,1.129,9432.049,9433.178,143236.192,0.854,39,7800,1112.7,860.885,6580.835,403.734,1168.231,324.389,1492.62,53.892,9418.616,1.528,9420.144,143840.245,200,225.844,308.471,43.104,0.07,21.301,8.09,5807.665,350,0.951,4296.9,15.7,1718.7,0,0,17.803,28.647,20.438,210.1,Burdekin,AyrDPI,Mulg,1956,Furrow,BareFallow,35,Surf1,200,200,HighFreq,0,P2R,15AprV1R4,T4,8912.7,8203.734,7441.72,7766.109,64.475,21.371,2.05311386254113,0.112843188487358,2.0416,0.84216,32.341,999
1961,13/11/1961,317,1960,15-Apr,1,sugar,alive,4,396,1956,13/10/1960,105,0,0,318,1961,21,2039,7318.87,6564.74,5796.23,180.031,3647.69,,16366.203,6546.481,67.198,22.022,69.684,69.684,1.528,9418.616,9420.144,143840.245,0.846,41,8200,499,690.95,6247.67,226.314,1415.438,341.34,1756.778,51.94,9400.565,1.832,9402.397,144206.49,200,235.195,318.314,44.12,0.082,20.098,8.219,6378.882,350,0.934,3881.8,14.2,1552.7,0,0,16.991,29.222,21.178,63.2,Burdekin,AyrDPI,Mulg,1956,Furrow,BareFallow,35,Surf1,200,200,HighFreq,0,P2R,15AprV1R4,T4,8699,8426.314,6938.62,7279.96,64.3,20.18,2.13653324573473,0.102477945420537,2.08128323699422,0.900155,36.477,999
1962,15/04/1962,105,0,15-Apr,1,none,out,-1,0,1956,0.000,105,0,0,318,-1,21,2039,0,0,0,0,0,,16241.985,6496.794,68.671,0,73.285,73.285,1.832,9400.565,9402.397,144206.49,0.837,0,0,875.8,78.219,390.295,465.309,0,316.954,316.954,18.545,9479.241,17.45,9496.691,146563.538,0,0,23.379,1.952,0.006,1.071,0.156,4188.306,350,0,0.4,0,0.1,0,0,21.944,31.478,21.317,102.1,Burdekin,AyrDPI,Mulg,1956,Furrow,BareFallow,35,Surf1,200,200,HighFreq,0,P2R,15AprV1R4,T4,875.8,465.309,468.514,785.468,3.029,1.077,0,0,0,,0,999
1963,15/07/1963,196,1962,15-Apr,2,sugar,alive,0,456,1962,15/4/1962,105,0,0,318,1963,21,2039,8206.62,7319.87,6441.73,198.71,3447.21,,0,0,0,18.438,163.618,163.618,17.45,9479.241,9496.691,146563.538,0.837,38,7600,1147.9,511.366,6421.396,501.57,1506.928,401.794,1908.721,133.124,9324.213,1.786,9325.999,143557.681,200,299.636,385.689,52.08,0.017,57.585,10.251,6280.891,350,0.982,5702.9,20.9,2281.2,0,0,16.968,28.851,18.604,91.9,Burdekin,AyrDPI,Mulg,1956,Furrow,BareFallow,35,Surf1,200,200,HighFreq,0,P2R,15AprV1R4,T4,8747.9,8101.57,6932.762,7334.556,109.682,57.602,2.45273446998545,0.104106362323252,2.46844720496894,0.99355,34.472,999
1964,14/08/1964,227,1963,15-Apr,2,sugar,alive,1,396,1962,15/7/1963,105,0,0,318,1964,21,2039,6262.68,5589,4886.39,150.477,2627.69,,19849.018,7939.607,84.856,18.579,70.035,70.035,1.786,9324.213,9325.999,143557.681,0.818,37,7400,612.7,514.363,5878.507,383.169,1237.376,368.62,1605.996,83.961,9311.888,1.376,9313.263,143463.518,200,241.803,308.663,34.828,0.014,12.845,6.722,6675.923,350,0.92,3602.1,13.2,1440.8,0,0,17.172,29.171,19.499,92.7,Burdekin,AyrDPI,Mulg,1956,Furrow,BareFallow,35,Surf1,200,200,HighFreq,0,P2R,15AprV1R4,T4,8012.7,7783.169,6392.87,6761.49,47.687,12.859,1.93336416053667,0.0936969955093288,1.91690445859873,0.752385,26.277,999
1965,14/09/1965,257,1964,15-Apr,2,sugar,alive,2,396,1962,14/8/1964,105,0,0,318,1965,21,2039,6751.41,6082.59,5247.85,162.506,3153.7,,14760.271,5904.108,58.039,20.97,83.869,83.869,1.376,9311.888,9313.263,143463.518,0.815,38,7600,831.2,762.866,6024.886,398.172,1287.344,365.373,1652.717,53.403,9290.202,1.307,9291.509,143058.273,200,220.349,318.399,55.985,0.083,21.882,10.452,6700.046,350,0.935,3910.6,14.3,1564.2,0,0,17.287,29.163,19.689,107.4,Burdekin,AyrDPI,Mulg,1956,Furrow,BareFallow,35,Surf1,200,200,HighFreq,0,P2R,15AprV1R4,T4,8431.2,7998.172,6787.752,7153.125,77.95,21.965,2.03178926384679,0.0983265737570316,2.01870807453416,0.81253,31.537,999
1966,14/10/1966,287,1965,15-Apr,2,sugar,alive,3,395,1962,14/9/1965,105,0,0,318,1966,21,2039,6761.18,6003.17,5255.16,161.408,3162.59,,16104.235,6441.694,65.507,21.2,74.598,74.598,1.307,9290.202,9291.509,143058.273,0.806,42,8400,392.1,664.434,6580.557,213.228,1229.345,323.685,1553.03,52.362,9277.75,1.635,9279.385,142748.933,200,230.513,312.986,41.635,0.188,20.497,7.794,6967.534,350,0.952,4336.5,15.9,1734.6,0,0,17.785,28.871,19.833,102.9,Burdekin,AyrDPI,Mulg,1956,Furrow,BareFallow,35,Surf1,200,200,HighFreq,0,P2R,15AprV1R4,T4,8792.1,8613.228,7244.991,7568.676,62.32,20.685,1.87395480532966,0.103931025157273,1.82381920903955,0.80704,31.626,999
1967,14/11/1967,318,1966,15-Apr,2,sugar,alive,4,396,1962,14/10/1966,105,0,0,318,1967,21,2039,6951.75,6214.95,5434.91,168.025,3230.33,,16487.17,6594.868,67.299,20.747,68.677,68.677,1.635,9277.75,9279.385,142748.933,0.799,39,7800,821.8,808.758,6219.759,330.824,1249.53,340.496,1590.025,53.174,9254.746,1.869,9256.615,142617.213,200,233.214,323.212,54.012,0.354,17.086,9.968,6850.175,350,0.935,3897.1,14.3,1558.8,0,0,18.229,28.885,20.191,154.9,Burdekin,AyrDPI,Mulg,1956,Furrow,BareFallow,35,Surf1,200,200,HighFreq,0,P2R,15AprV1R4,T4,8621.8,8130.824,7028.517,7369.013,71.452,17.44,2.06651871938195,0.105674439081147,2.03666666666667,0.840125,32.303,999
1968,14/04/1968,105,0,15-Apr,2,none,out,-1,0,1962,0.000,105,0,0,318,-1,21,2039,0,0,0,0,0,,16205.654,6482.263,66.122,0,71.935,71.935,1.869,9254.746,9256.615,142617.213,0.793,0,0,1341.7,146.365,845.204,449.813,0,275.48,275.48,40.045,9345.738,8.72,9354.457,145133.015,0,0,12.273,0.559,0.035,0.604,0.047,3909.236,350,0,0.5,0,0.2,0,0,22.329,31.086,21.557,187.9,Burdekin,AyrDPI,Mulg,1956,Furrow,BareFallow,35,Surf1,200,200,HighFreq,0,P2R,15AprV1R4,T4,1341.7,449.813,991.569,1267.049,1.198,0.639,0,0,0,,0,999
1969,14/07/1969,195,1968,15-Apr,3,sugar,alive,0,456,1968,14/4/1968,105,0,0,318,1969,21,2039,8937.26,8049.48,7046.43,219.024,4005.19,,0,0,0,19.592,146.586,146.586,8.72,9345.738,9354.457,145133.015,0.794,46,9200,302.7,311.72,7158.674,218.859,1664.978,425.524,2090.502,145.413,9173.866,2.062,9175.928,141428.482,200,325.812,405.194,44.107,0.079,49.902,8.676,7235.426,350,0.974,5192.9,19,2077.2,0,0,17.239,28.858,19.267,46.5,Burdekin,AyrDPI,Mulg,1956,Furrow,BareFallow,35,Surf1,200,200,HighFreq,0,P2R,15AprV1R4,T4,9502.7,9418.859,7470.394,7895.918,94.088,49.981,2.32537720333217,0.104771007155219,2.26967875647668,1.09512,40.052,999
1970,15/08/1970,227,1969,15-Apr,3,sugar,alive,1,397,1968,14/7/1969,105,0,1,318,1970,20,2039,6593.98,5877.02,5190.88,159.91,2924.98,,20486.045,8194.418,82.683,19.598,88.39,88.39,2.062,9173.866,9175.928,141428.482,0.778,40,8000,667.3,453.988,6497.023,351.73,1296.872,364.433,1661.306,88.002,9162.406,1.283,9163.689,141582.839,200,251.42,311.472,25.011,0.058,16.758,4.875,6851.538,350,0.926,3726.3,13.7,1490.5,0,0,17.436,29.26,20.243,133.6,Burdekin,AyrDPI,Mulg,1956,Furrow,BareFallow,35,Surf1,200,200,HighFreq,0,P2R,15AprV1R4,T4,8667.3,8351.73,6951.011,7315.444,41.827,16.816,1.91469312346065,0.0962555965005845,1.89242603550296,0.79955,29.25,999
1971,15/09/1971,258,1970,15-Apr,3,sugar,alive,2,396,1968,15/8/1970,105,0,1,319,1971,20,2040,6544.8,5887.44,5120.74,158.255,3062.7,,15093.738,6037.496,59.068,20.904,143.373,143.373,1.283,9162.406,9163.689,141582.839,0.775,35,7000,1226,738.963,5937.721,615.568,1204.358,355.783,1560.142,42.741,9154.021,1.486,9155.507,141666.515,200,213.293,300.357,37.097,0.112,38.459,6.958,6575.011,350,0.923,3667.1,13.4,1466.9,0,0,17.459,28.701,19.598,220,Burdekin,AyrDPI,Mulg,1956,Furrow,BareFallow,35,Surf1,200,200,HighFreq,0,P2R,15AprV1R4,T4,8226,7615.568,6676.684,7032.467,75.668,38.571,2.07804591857101,0.101436279518146,2.12422818791946,0.791275,30.627,999
1972,14/10/1972,288,1971,15-Apr,3,sugar,alive,3,395,1968,15/9/1971,105,0,1,319,1972,20,2040,6998.14,6328.02,5470.89,169.699,3321.49,,15221.581,6088.632,60.128,21.175,132.548,132.548,1.486,9154.021,9155.507,141666.515,0.768,40,8000,1328.3,927.844,6792.434,396.963,1324.888,332.123,1657.011,48.497,9140.974,1.467,9142.441,141655.095,200,227.919,308.277,39.491,0.169,26.082,7.343,6657.931,350,0.937,3955.2,14.5,1582.1,0,0,16.795,28.832,20.11,206.2,Burdekin,AyrDPI,Mulg,1956,Furrow,BareFallow,35,Surf1,200,200,HighFreq,0,P2R,15AprV1R4,T4,9328.3,8396.963,7720.278,8052.401,65.742,26.251,2.02095686261807,0.102412717839532,2.00827218934911,0.848495,33.215,999
1973,18/11/1973,322,1972,15-Apr,3,sugar,alive,4,400,1968,14/10/1972,105,0,5,319,1973,16,2040,6917.87,6154.97,5376.86,165.461,3154.18,,16343.573,6537.43,67.549,20.547,83.559,83.559,1.467,9140.974,9142.441,141655.095,0.762,37,7400,1238.1,895.564,6117.04,579.98,1220.066,342.921,1562.988,43.518,9127.752,1.948,9129.7,141521.983,200,234.501,316.676,43.365,0.263,19.158,8.094,7112.289,350,0.933,3856.3,14.1,1542.5,0,0,18.856,29.245,19.795,108.5,Burdekin,AyrDPI,Mulg,1956,Furrow,BareFallow,35,Surf1,200,200,HighFreq,0,P2R,15AprV1R4,T4,8638.1,7979.98,7012.604,7355.525,62.786,19.421,2.07345131190805,0.105861977187285,2.10778343949045,0.827305,31.542,999
1974,15/04/1974,105,0,15-Apr,3,none,out,-1,0,1968,0.000,105,0,5,323,-1,16,2044,0,0,0,0,0,,16376.423,6550.569,63.817,0,146.067,146.067,1.948,9127.752,9129.7,141521.983,0.757,0,0,1721.8,346.978,991.929,503.69,0,362.589,362.589,47.169,9218.122,9.308,9227.43,144272.331,0,0,16.18,1.429,0.141,0.85,0.093,3715.433,350,0,0.2,0,0.1,0,0,22.326,30.147,17.324,152.9,Burdekin,AyrDPI,Mulg,1956,Furrow,BareFallow,35,Surf1,200,200,HighFreq,0,P2R,15AprV1R4,T4,1721.8,503.69,1338.907,1701.496,2.42,0.991,0,0,0,,0,999
1975,15/07/1975,196,1974,15-Apr,4,sugar,alive,0,456,1974,15/4/1974,105,0,0,318,1975,21,2039,9159.49,8208.45,7263.78,225.053,3910.84,,0,0,0,18.474,166.371,166.371,9.308,9218.122,9227.43,144272.331,0.758,42,8400,763.6,448.941,6831.145,510.781,1575.371,396.067,1971.438,132.82,9073.6,2.106,9075.705,140527.105,200,308.718,377.766,38.23,0.131,47.022,7.524,7344.563,350,0.984,5910.7,21.7,2364.3,0,0,17.001,28.293,19.228,65,Burdekin,AyrDPI,Mulg,1956,Furrow,BareFallow,35,Surf1,200,200,HighFreq,0,P2R,15AprV1R4,T4,9163.6,8910.781,7280.086,7676.153,85.383,47.153,2.52562598048364,0.114156772873405,2.54297175141243,1.125265,39.108,999
1976,14/08/1976,227,1975,15-Apr,4,sugar,alive,1,396,1974,15/7/1975,105,0,0,318,1976,21,2039,6180.51,5545.41,4810.29,148.738,2760.06,,21137.572,8455.028,84.994,19.925,78.448,78.448,2.106,9073.6,9075.705,140527.105,0.744,31,6200,1989.1,833.375,5925.496,710.693,1039.085,373.327,1412.412,85.542,9076.092,1.371,9077.464,140623.19,200,231.879,294.199,32.51,0.134,11.817,6.142,6773.305,350,0.894,3210.5,11.8,1284.2,0,0,17.81,28.163,18.823,179.8,Burdekin,AyrDPI,Mulg,1956,Furrow,BareFallow,35,Surf1,200,200,HighFreq,0,P2R,15AprV1R4,T4,8189.1,6910.693,6758.871,7132.198,44.461,11.951,2.15228776621968,0.105307799707168,2.23666165413534,0.74369,27.601,999
1977,14/09/1977,257,1976,15-Apr,4,sugar,alive,2,396,1974,14/8/1976,105,0,0,318,1977,21,2039,6659.44,5983.58,5209.9,160.725,2981.75,,14375.755,5750.303,57.006,19.919,96.265,96.265,1.371,9076.092,9077.464,140623.19,0.744,36,7200,1380,819.667,6318.455,533.904,1124.532,338.978,1463.509,60.357,9063.915,1.401,9065.316,140388.389,200,221.467,306.82,47.361,0.191,21.905,8.875,6702.182,350,0.947,4193.9,15.4,1677.6,0,0,17.722,28.369,19.544,170.6,Burdekin,AyrDPI,Mulg,1956,Furrow,BareFallow,35,Surf1,200,200,HighFreq,0,P2R,15AprV1R4,T4,8580,7733.904,7138.122,7477.1,69.457,22.096,2.0781871613612,0.109821668332754,2.10098039215686,0.803625,29.817,999
1978,14/10/1978,287,1977,15-Apr,4,sugar,alive,3,395,1974,14/9/1977,105,0,0,318,1978,21,2039,6929.24,6180.79,5463.1,168.248,3324,,15885.989,6354.396,64.243,21.401,74.634,74.634,1.401,9063.915,9065.316,140388.389,0.739,40,8000,953.7,850.751,6568.765,432.903,1190.351,330.062,1520.414,59.736,9057.876,1.469,9059.345,140174.903,200,227.892,306.235,39.593,0.365,20.635,7.42,7017.782,350,0.952,4335.7,15.9,1734.3,0,0,17.755,28.363,20.718,150.6,Burdekin,AyrDPI,Mulg,1956,Furrow,BareFallow,35,Surf1,200,200,HighFreq,0,P2R,15AprV1R4,T4,8953.7,8432.903,7419.516,7749.578,60.593,21,1.99513738033036,0.11065933357625,1.99110059171598,0.84124,33.24,999
1979,14/11/1979,318,1978,15-Apr,4,sugar,alive,4,396,1974,14/10/1978,105,0,0,318,1979,21,2039,6787.84,6058.76,5263.11,162.661,3146.63,,16147.504,6459.001,64.305,20.894,88.404,88.404,1.469,9057.876,9059.345,140174.903,0.734,39,7800,1489.5,805.658,7021.223,493.102,1141.895,338.459,1480.354,53.575,9045.945,1.815,9047.76,139751.317,200,225.055,309.533,43.882,0.194,23.363,8.146,7093.369,350,0.922,3636.3,13.3,1454.5,0,0,18.32,28.53,19.539,350.7,Burdekin,AyrDPI,Mulg,1956,Furrow,BareFallow,35,Surf1,200,200,HighFreq,0,P2R,15AprV1R4,T4,9289.5,8293.102,7826.881,8165.34,67.439,23.557,1.96140117413243,0.109879799021045,1.97164848484848,0.813305,31.466,999
1980,14/04/1980,105,0,15-Apr,4,none,out,-1,0,1974,0.000,105,0,0,318,-1,21,2039,0,0,0,0,0,,16051.105,6420.442,65.864,0,70.668,70.668,1.815,9045.945,9047.76,139751.317,0.73,0,0,636.1,23.639,305.204,326.365,0,231.021,231.021,14.365,9137.366,8.142,9145.508,141858.445,0,0,10.187,0.377,0.034,0.291,0.036,4260.114,350,0,0.6,0,0.2,0,0,22.487,31.511,22.411,86.4,Burdekin,AyrDPI,Mulg,1956,Furrow,BareFallow,35,Surf1,200,200,HighFreq,0,P2R,15AprV1R4,T4,636.1,326.365,328.843,559.864,0.702,0.325,0,0,0,,0,999
1981,14/07/1981,195,1980,15-Apr,5,sugar,alive,0,456,1980,14/4/1980,105,0,0,318,1981,21,2039,9031.5,8156.58,7165.69,222.915,3790.54,,0,0,0,18.015,146.905,146.905,8.142,9137.366,9145.508,141858.445,0.731,39,7800,1226.2,585.635,6631.791,552.754,1487.002,390.227,1877.229,136.737,8987.521,1.876,8989.397,137695.878,200,312.714,387.173,37.019,0.252,47.601,7.324,7675.182,350,0.981,5654.8,20.7,2261.9,0,0,17.555,28.055,18.773,104.8,Burdekin,AyrDPI,Mulg,1956,Furrow,BareFallow,35,Surf1,200,200,HighFreq,0,P2R,15AprV1R4,T4,9026.2,8352.754,7217.426,7607.653,84.872,47.853,2.66876050701361,0.118746833764021,2.702,1.114575,37.905,999
1982,14/08/1982,226,1981,15-Apr,5,sugar,alive,1,396,1980,14/7/1981,105,0,0,318,1982,21,2039,6458.65,5752.25,5057.79,155.691,3034.64,,20665.997,8266.4,83.87,21.074,78.45,78.45,1.876,8987.521,8989.397,137695.878,0.72,36,7200,604.4,462.515,5768.39,347.087,1213.827,364.358,1578.185,67.075,8976.829,1.309,8978.138,136974.752,200,249.043,307.311,28.574,0.208,12.045,5.543,7569.449,350,0.933,3865.5,14.2,1546.2,0,0,17.532,28.965,19.448,47.4,Burdekin,AyrDPI,Mulg,1956,Furrow,BareFallow,35,Surf1,200,200,HighFreq,0,P2R,15AprV1R4,T4,7804.4,7547.087,6230.905,6595.263,40.827,12.253,2.06292838548171,0.0986519324413805,2.03517647058824,0.778455,30.346,999
1983,14/09/1983,257,1982,15-Apr,5,sugar,alive,2,396,1980,14/8/1982,105,0,0,318,1983,21,2039,6320.19,5610.52,4972.19,152.648,2888.21,,15192.985,6077.194,60.162,20.373,73.76,73.76,1.309,8976.829,8978.138,136974.752,0.719,40,8000,637.3,1015.319,6126.98,347.483,1125.104,365.498,1490.602,60.179,8971.21,1.437,8972.647,136190.107,200,218.137,304.494,46.387,0.647,20.109,8.712,7328.353,350,0.941,4040.9,14.8,1616.4,0,0,17.915,28.646,19.857,95.4,Burdekin,AyrDPI,Mulg,1956,Furrow,BareFallow,35,Surf1,200,200,HighFreq,0,P2R,15AprV1R4,T4,8637.3,8347.483,7142.299,7507.797,67.143,20.756,1.82867098980615,0.102406946991887,1.80648520710059,0.76324,28.882,999
1984,13/10/1984,287,1983,15-Apr,5,sugar,alive,3,395,1980,14/9/1983,105,0,0,318,1984,21,2039,6909.66,6191.25,5369.67,165.933,3215.68,,14892.797,5957.119,58.484,20.937,78.158,78.158,1.437,8971.21,8972.647,136190.107,0.714,41,8200,624.6,716.647,6552.503,399.833,1222.94,325.933,1548.873,59.973,8956.063,1.92,8957.983,135127.349,200,225.982,310.722,46.32,0.343,21.858,8.599,7630.385,350,0.929,3785.8,13.9,1514.3,0,0,17.81,28.719,19.464,75.6,Burdekin,AyrDPI,Mulg,1956,Furrow,BareFallow,35,Surf1,200,200,HighFreq,0,P2R,15AprV1R4,T4,8824.6,8599.833,7269.15,7595.083,68.521,22.201,1.92949095639415,0.107131443313945,1.91830057803468,0.829665,32.157,999
1985,13/11/1985,317,1984,15-Apr,5,sugar,alive,4,396,1980,13/10/1984,105,0,0,318,1985,21,2039,7198.6,6512.2,5651.48,175.871,3358.05,,16307.767,6523.106,65.587,20.585,84.736,84.736,1.92,8956.063,8957.983,135127.349,0.71,39,7800,872.5,605.86,6411.837,497.003,1280.618,337.235,1617.853,49.178,8936.792,2.088,8938.88,134137.245,200,233.281,317.83,44.911,0.366,23.006,8.333,7804.004,350,0.918,3570.4,13.1,1428.1,0,0,17.761,28.762,19.57,111.4,Burdekin,AyrDPI,Mulg,1956,Furrow,BareFallow,35,Surf1,200,200,HighFreq,0,P2R,15AprV1R4,T4,8672.5,8297.003,7017.697,7354.932,68.283,23.372,2.11969309882135,0.108706415230556,2.1317696969697,0.879355,33.58,999
1986,15/04/1986,105,0,15-Apr,5,none,out,-1,0,1980,0.000,105,0,0,318,-1,21,2039,0,0,0,0,0,,16185.382,6474.153,65.642,0,121.685,121.685,2.088,8936.792,8938.88,134137.245,0.705,0,0,420.5,71.669,129.21,276.966,0,208.567,208.567,4.857,9016.1,20.799,9036.899,135508.552,0,0,23.716,0.522,0.301,0.225,0.07,5203.492,350,0,0.6,0,0.3,0,0,22.125,31.888,20.927,117.8,Burdekin,AyrDPI,Mulg,1956,Furrow,BareFallow,35,Surf1,200,200,HighFreq,0,P2R,15AprV1R4,T4,420.5,276.966,200.879,409.446,1.048,0.526,0,0,0,,0,999
1987,15/07/1987,196,1986,15-Apr,6,sugar,alive,0,456,1986,15/4/1986,105,0,0,318,1987,21,2039,9058.82,8084.41,7098.81,219.472,4197.9,,0,0,0,20.627,132.739,132.739,20.799,9016.1,9036.899,135508.552,0.706,44,8800,585.4,278.353,7104.183,435.991,1643.82,407.744,2051.564,123.517,8818.82,1.952,8820.772,131930.373,200,339.475,429.748,53.317,9.037,54.928,10.729,7034.402,350,0.983,5794.5,21.2,2317.8,0,0,18.179,29.194,18.291,44,Burdekin,AyrDPI,Mulg,1956,Furrow,BareFallow,35,Surf1,200,200,HighFreq,0,P2R,15AprV1R4,T4,9385.4,9235.991,7382.536,7790.28,117.282,63.965,2.376269097707,0.10697789588821,2.37267027027027,1.09736,41.979,999
1988,14/08/1988,227,1987,15-Apr,6,sugar,alive,1,396,1986,15/7/1987,105,0,0,318,1988,21,2039,6661.45,5905.51,5173.62,158.54,3088.96,,21585.335,8634.135,88.638,21.065,84.039,84.039,1.952,8818.82,8820.772,131930.373,0.693,37,7400,974.5,523.543,6232.955,329.617,1245.742,360.94,1606.682,70.006,8822.206,1.09,8823.296,132241.163,200,238.428,300.576,26.512,0.57,13.83,5.127,6706.611,350,0.949,4250.1,15.6,1700,0,0,17.994,29.174,19.627,254,Burdekin,AyrDPI,Mulg,1956,Furrow,BareFallow,35,Surf1,200,200,HighFreq,0,P2R,15AprV1R4,T4,8374.5,7729.617,6756.498,7117.438,40.912,14.4,2.051071870702,0.098675406832217,2.0196178343949,0.7927,30.89,999
1989,14/09/1989,257,1988,15-Apr,6,sugar,alive,2,396,1986,14/8/1988,105,0,0,318,1989,21,2039,6334.43,5642.27,4951.75,152.106,2961.85,,16259.038,6503.615,63.433,21.051,95.359,95.359,1.09,8822.206,8823.296,132241.163,0.693,34,6800,1393,1091.996,5652.91,575.291,1127.722,337.343,1465.066,46.246,8830.823,1.137,8831.959,132447.455,200,208.388,288.507,46.793,0.631,15.684,8.676,6433.009,350,0.944,4120.1,15.1,1648,0,0,17.953,28.513,19.014,134.8,Burdekin,AyrDPI,Mulg,1956,Furrow,BareFallow,35,Surf1,200,200,HighFreq,0,P2R,15AprV1R4,T4,8193,7375.291,6744.906,7082.249,63.108,16.315,2.06237286094881,0.103821943857819,2.09801379310345,0.76053,29.618,999
1990,14/10/1990,287,1989,15-Apr,6,sugar,alive,3,395,1986,14/9/1989,105,0,0,318,1990,21,2039,7050.24,6404.54,5584.72,173.918,3404.04,,15254.873,6101.949,60.603,21.174,78.388,78.388,1.137,8830.823,8831.959,132447.455,0.69,37,7400,1277.8,836.046,6214.098,472.145,1283.095,343.817,1626.911,58.239,8822.575,1.424,8823.999,132264.316,200,222,304.944,43.657,0.951,20.815,8.09,6707.06,350.839,0.938,3974.7,14.6,1589.9,0,0,17.407,28.757,20.276,103,Burdekin,AyrDPI,Mulg,1956,Furrow,BareFallow,35,Surf1,200,200,HighFreq,0,P2R,15AprV1R4,T4,8677.8,7872.145,7050.144,7393.961,65.423,21.766,2.20928349261859,0.106900746260859,2.21551592356688,0.86959,34.04,999
1991,14/11/1991,318,1990,15-Apr,6,sugar,alive,4,396,1986,14/10/1990,105,0,0,318,1991,21,2039,7279.54,6470.95,5722.43,176.417,3618.4,,15835.389,6334.156,63.969,22.328,79.132,79.132,1.424,8822.575,8823.999,132264.316,0.686,38,7600,1681.6,939.875,6744.569,280.474,1326.724,286.835,1613.56,40.931,8819.626,1.69,8821.317,132204.48,200,230.891,301.595,33.941,1.43,19.279,6.258,6905.765,352.513,0.952,4349.4,15.9,1739.8,0,0,17.718,29.034,19.738,204.4,Burdekin,AyrDPI,Mulg,1956,Furrow,BareFallow,35,Surf1,200,200,HighFreq,0,P2R,15AprV1R4,T4,9281.6,7880.474,7684.444,7971.279,54.65,20.709,2.23865975574566,0.109334019187387,2.19151552795031,0.882085,36.184,999
1992,14/04/1992,105,0,15-Apr,6,none,out,-1,0,1986,0.000,105,0,0,318,-1,21,2039,0,0,0,0,0,,16932.489,6772.995,69.846,0,62.729,62.729,1.69,8819.626,8821.317,132204.48,0.684,0,0,487.6,12.173,191.331,295.452,0,208.074,208.074,8.868,8905.341,13.437,8918.778,134058.404,0,0,18.618,0.522,0.017,0.603,0.061,4820.997,353.166,0,0.6,0,0.3,0,0,22.037,31.882,22.651,122.8,Burdekin,AyrDPI,Mulg,1956,Furrow,BareFallow,35,Surf1,200,200,HighFreq,0,P2R,15AprV1R4,T4,487.6,295.452,203.504,411.578,1.142,0.62,0,0,0,,0,999
1993,14/07/1993,195,1992,15-Apr,7,sugar,alive,0,456,1992,14/4/1992,105,0,0,318,1993,21,2039,10139.84,9126.25,8077.03,251.191,4848.5,,0,0,0,20.842,138.75,138.75,13.437,8905.341,8918.778,134058.404,0.685,45,9000,628.9,343.053,7189.965,425.148,1754.222,390.757,2144.978,137.608,8744.067,1.944,8746.01,130892.871,200,328.795,397.91,39.226,2.27,46.406,7.656,6881.578,355.153,0.988,6339.8,23.2,2535.9,0,0,17.504,28.743,19.448,72,Burdekin,AyrDPI,Mulg,1956,Furrow,BareFallow,35,Surf1,200,200,HighFreq,0,P2R,15AprV1R4,T4,9628.9,9425.148,7533.018,7923.775,87.902,48.676,2.66511464859756,0.117106562398309,2.65810582010582,1.255955,48.485,999
1994,14/08/1994,226,1993,15-Apr,7,sugar,alive,1,396,1992,14/7/1993,105,0,0,318,1994,21,2039,5816.21,5181.24,4621.4,142.255,2676.97,,22922.789,9169.115,90.956,20.246,89.653,89.653,1.944,8744.067,8746.01,130892.871,0.673,39,7800,409.4,477.102,6241.724,248.583,1080.649,413.095,1493.744,87.129,8756.605,1.137,8757.742,131324.981,200,232.287,288.448,20.327,0.289,17.836,3.929,6870.919,356.911,0.907,3398.7,12.5,1359.5,0,0,17.871,29.003,19.967,46.8,Burdekin,AyrDPI,Mulg,1956,Furrow,BareFallow,35,Surf1,200,200,HighFreq,0,P2R,15AprV1R4,T4,8209.4,8048.583,6718.826,7131.921,38.452,18.125,1.767453972954,0.0952338553326407,1.72430303030303,0.711275,26.77,999
1995,14/09/1995,257,1994,15-Apr,7,sugar,alive,2,396,1992,14/8/1994,105,0,0,318,1995,21,2039,7032.84,6252.62,5601.46,172.173,3261.59,,13044.734,5217.893,49.379,20.401,86.483,86.483,1.137,8756.605,8757.742,131324.981,0.675,41,8200,508.6,978.292,6069.812,302.252,1273.703,351.512,1625.215,55.438,8753.029,1.279,8754.309,131256.063,200,222.682,302.58,39.523,0.632,22.094,7.406,6723.275,358.703,0.955,4439.1,16.3,1775.6,0,0,18.519,29.133,20.465,55.2,Burdekin,AyrDPI,Mulg,1956,Furrow,BareFallow,35,Surf1,200,200,HighFreq,0,P2R,15AprV1R4,T4,8708.6,8502.252,7048.104,7399.616,62.249,22.726,2.02502819253064,0.10593859889307,1.99043930635838,0.860865,32.616,999
1996,13/10/1996,287,1995,15-Apr,7,sugar,alive,3,395,1992,14/9/1995,105,0,0,318,1996,21,2039,7149.67,6359.56,5702.61,175.405,3607.91,,15939.926,6375.97,60.753,22.4,121.764,121.764,1.279,8753.029,8754.309,131256.063,0.671,42,8400,547.9,755.286,6592.717,221.8,1296.802,345.903,1642.704,56.053,8748.026,1.598,8749.624,131185.066,200,233.387,307.011,36.217,0.251,18.454,6.849,7056.793,360.524,0.962,4686.3,17.2,1874.5,0,0,19.245,29.663,20.779,107,Burdekin,AyrDPI,Mulg,1956,Furrow,BareFallow,35,Surf1,200,200,HighFreq,0,P2R,15AprV1R4,T4,8947.9,8621.8,7348.003,7693.906,54.922,18.705,2.03443596464775,0.106778214456165,1.98197740112994,0.877025,36.079,999
1997,13/11/1997,317,1996,15-Apr,7,sugar,alive,4,396,1992,13/10/1996,105,0,0,318,1997,21,2039,7389.3,6565.14,5891.4,181.547,3704.43,,16283.371,6513.349,61.768,22.198,78.957,78.957,1.598,8748.026,8749.624,131185.066,0.668,40,8000,954.2,915.149,6574.488,348.973,1141.723,316.64,1458.362,51.324,8757.588,1.481,8759.069,131384.088,200,222.412,291.746,36.391,0.26,17.305,6.775,6919.875,362.384,0.959,4569.6,16.7,1827.8,0,0,19.539,28.549,20.723,116.8,Burdekin,AyrDPI,Mulg,1956,Furrow,BareFallow,35,Surf1,200,200,HighFreq,0,P2R,15AprV1R4,T4,8954.2,8348.973,7489.637,7806.277,53.956,17.565,2.17448301725254,0.124486924371315,2.14848520710059,0.907735,37.044,999
1998,15/04/1998,105,0,15-Apr,7,none,out,-1,0,1992,0.000,105,0,0,318,-1,21,2039,0,0,0,0,0,,16616.308,6646.523,63.261,0,85.158,85.158,1.481,8757.588,8759.069,131384.088,0.666,0,0,769.5,27.11,445.926,318.514,0,229.567,229.567,20.991,8849.433,6.828,8856.26,133794.742,0,0,9.272,0.377,0.037,0.299,0.035,4299.6,363.118,0,0.6,0,0.2,0,0,23.737,31.276,20.298,189.6,Burdekin,AyrDPI,Mulg,1956,Furrow,BareFallow,35,Surf1,200,200,HighFreq,0,P2R,15AprV1R4,T4,769.5,318.514,473.036,702.603,0.713,0.336,0,0,0,,0,999
1999,15/07/1999,196,1998,15-Apr,8,sugar,alive,0,456,1998,15/4/1998,105,0,0,318,1999,21,2039,10205.74,9141.95,8167.59,252.911,4563.53,,0,0,0,19.294,152.054,152.054,6.828,8849.433,8856.26,133794.742,0.668,38,7600,1269.3,461.723,6593.96,694.803,1502.462,383.889,1886.352,114.526,8702.522,2.01,8704.532,130247.655,200,327.956,391.619,29.794,2.39,37.538,5.773,7456.082,365.322,0.992,6870.6,25.2,2748.3,0,0,19.763,28.54,18.249,112,Burdekin,AyrDPI,Mulg,1956,Furrow,BareFallow,35,Surf1,200,200,HighFreq,0,P2R,15AprV1R4,T4,8869.3,8294.803,7055.683,7439.572,69.722,39.928,3.04902961529044,0.134074128264502,3.14175155279503,1.264555,45.635,999
2000,14/08/2000,227,1999,15-Apr,8,sugar,alive,1,396,1998,15/7/1999,105,0,0,318,2000,21,2039,5845.35,5184.56,4624.38,141.855,2649.31,,23164.285,9265.715,88.636,20.072,79.32,79.32,2.01,8702.522,8704.532,130247.655,0.66,34,6800,1505.1,792.393,6279.35,509.272,868.198,369.274,1237.473,88.489,8723.472,1.208,8724.68,130906.25,200,227.164,281.618,21.605,0.382,12.183,4.193,6598.594,367.264,0.929,3780.5,13.8,1512.2,0,0,18.484,27.841,19.228,136,Burdekin,AyrDPI,Mulg,1956,Furrow,BareFallow,35,Surf1,200,200,HighFreq,0,P2R,15AprV1R4,T4,8305.1,7309.272,7071.743,7441.017,34.17,12.565,1.94075415444931,0.114632804109665,1.95662068965517,0.709275,26.493,999
2001,14/09/2001,257,2000,15-Apr,8,sugar,alive,2,396,1998,14/8/2000,105,0,0,318,2001,21,2039,7189.16,6399.6,5657.04,174.043,3523.95,,13591.604,5436.642,51.731,22.005,75.204,75.204,1.208,8723.472,8724.68,130906.25,0.662,39,7800,561.3,571.775,6201.839,330.956,1264.56,329.132,1593.692,52.53,8711.915,1.521,8713.436,130568.727,200,231.094,308.506,39.14,0.291,21.645,7.362,6963.55,369.246,0.956,4456.3,16.3,1782.5,0,0,17.804,29.071,20.13,52,Burdekin,AyrDPI,Mulg,1956,Furrow,BareFallow,35,Surf1,200,200,HighFreq,0,P2R,15AprV1R4,T4,8361.3,8130.956,6773.614,7102.746,61.076,21.936,2.14049860803576,0.109207425274143,2.10961212121212,0.870215,35.24,999
2002,14/10/2002,287,2001,15-Apr,8,sugar,alive,3,395,1998,14/9/2001,105,0,0,318,2002,21,2039,7454.21,6647.08,5939.56,182.991,3785.28,,16810.872,6724.348,66.366,22.543,69.197,69.197,1.521,8711.915,8713.436,130568.727,0.659,41,8200,810.6,864.37,6336.497,288.742,1475.801,330.146,1805.947,46.995,8703.588,1.375,8704.963,130540.76,200,238.512,312.286,36.555,0.668,18.866,6.806,7201.24,371.263,0.965,4781.1,17.5,1912.4,0,0,18.325,30.193,21.2,206,Burdekin,AyrDPI,Mulg,1956,Furrow,BareFallow,35,Surf1,200,200,HighFreq,0,P2R,15AprV1R4,T4,9010.6,8488.742,7200.867,7531.013,56.089,19.534,2.15569044270635,0.101326893867871,2.11550289017341,0.914955,37.853,999
2003,14/11/2003,318,2002,15-Apr,8,sugar,alive,4,396,1998,14/10/2002,105,0,0,318,2003,21,2039,7581.68,6725.47,6053.63,186.32,3829.85,,16938.472,6775.388,66.06,22.383,72.983,72.983,1.375,8703.588,8704.963,130540.76,0.656,42,8400,463.2,739.32,6355.169,183.235,1457.044,312.762,1769.805,41.947,8701.603,1.717,8703.32,130471.05,200,241.508,309.323,30.009,0.441,18.618,5.589,7462.464,373.315,0.963,4694.3,17.2,1877.7,0,0,18.628,30.091,21.304,51,Burdekin,AyrDPI,Mulg,1956,Furrow,BareFallow,35,Surf1,200,200,HighFreq,0,P2R,15AprV1R4,T4,8863.2,8583.235,7094.489,7407.251,49.068,19.059,2.17074331531177,0.105277135051602,2.10531073446328,0.9316,38.298,999
2004,14/04/2004,105,0,15-Apr,8,none,out,-1,0,1998,0.000,105,0,0,318,-1,21,2039,0,0,0,0,0,,16978.591,6791.435,65.52,0,71.888,71.888,1.717,8701.603,8703.32,130471.05,0.653,0,0,652.6,2.062,345.371,306.954,0,240.532,240.532,16.306,8800.701,5.195,8805.896,133478.688,0,0,5.934,0.114,0.003,0.154,0.016,3879.904,374.113,0,0.7,0,0.3,0,0,22.629,32.241,21.923,173.2,Burdekin,AyrDPI,Mulg,1956,Furrow,BareFallow,35,Surf1,200,200,HighFreq,0,P2R,15AprV1R4,T4,652.6,306.954,347.433,587.965,0.271,0.157,0,0,0,,0,999
2005,14/07/2005,195,2004,15-Apr,9,sugar,alive,0,456,2004,14/4/2004,105,0,0,318,2005,21,2039,9771.9,8772.59,7877.31,244.753,4566.47,,0,0,0,20.049,136.525,136.525,5.195,8800.701,8805.896,133478.688,0.655,44,8800,719.2,336.663,7063.317,279.371,1779.795,394.762,2174.557,141.348,8647.986,2.038,8650.024,129381.877,200,339.081,400.484,24.986,2.003,35.369,4.906,7983.222,376.54,0.984,5896.1,21.6,2358.4,0,0,17.68,29.343,19.68,143.4,Burdekin,AyrDPI,Mulg,1956,Furrow,BareFallow,35,Surf1,200,200,HighFreq,0,P2R,15AprV1R4,T4,9519.2,9079.371,7399.98,7794.742,62.358,37.372,2.69570436101796,0.112553039538628,2.64597837837838,1.223765,45.665,999
2006,14/08/2006,226,2005,15-Apr,9,sugar,alive,1,396,2004,14/7/2005,105,0,0,318,2006,21,2039,6338.78,5613.09,5026.91,154.243,2930.02,,21115.699,8446.279,82.029,20.465,81.188,81.188,2.038,8647.986,8650.024,129381.877,0.648,37,7400,985.3,592.95,6227.139,410.744,1172.79,375.545,1548.335,84.227,8653,1.129,8654.13,129776.917,200,238.019,297.552,28.232,0.374,11.156,5.472,6782.48,378.682,0.937,3957.3,14.5,1582.9,0,0,18.705,29.095,19.266,178.4,Burdekin,AyrDPI,Mulg,1956,Furrow,BareFallow,35,Surf1,200,200,HighFreq,0,P2R,15AprV1R4,T4,8385.3,7810.744,6820.089,7195.634,39.762,11.53,1.97475426156586,0.0996186225849057,1.96487898089172,0.771215,29.3,999
2007,14/09/2007,257,2006,15-Apr,9,sugar,alive,2,396,2004,14/8/2006,105,0,0,318,2007,21,2039,6502.45,5820.69,5147.81,158.877,2962.23,,14514.652,5805.861,55.368,20.033,98.065,98.065,1.129,8653,8654.13,129776.917,0.649,37,7400,940.5,1072.213,5756.046,329.496,1169.493,355.063,1524.556,56.51,8661.026,1.361,8662.387,129873.553,200,211.887,291.526,39.302,0.615,20.84,7.39,6556.299,380.86,0.93,3800.7,13.9,1520.3,0,0,17.489,28.522,19.714,130.2,Burdekin,AyrDPI,Mulg,1956,Furrow,BareFallow,35,Surf1,200,200,HighFreq,0,P2R,15AprV1R4,T4,8340.5,7729.496,6828.259,7183.322,60.757,21.455,2.05546390088047,0.104211980406099,2.02391082802548,0.794385,29.622,999
2008,13/10/2008,287,2007,15-Apr,9,sugar,alive,3,395,2004,14/9/2007,105,0,0,318,2008,21,2039,6978.45,6216.68,5512.45,169.754,3413.07,,14744.937,5897.975,57.505,21.83,85.75,85.75,1.361,8661.026,8662.387,129873.553,0.647,38,7600,1328.4,960.187,6414.022,472.403,1235.362,318.062,1553.424,56.168,8664.032,1.485,8665.517,129892.438,200,222.063,295.672,38.751,0.503,17.15,7.293,6729.908,383.068,0.948,4221.5,15.5,1688.6,0,0,18.038,28.883,19.535,108.2,Burdekin,AyrDPI,Mulg,1956,Furrow,BareFallow,35,Surf1,200,200,HighFreq,0,P2R,15AprV1R4,T4,8928.4,8072.403,7374.209,7692.271,56.404,17.653,2.10289302949816,0.10927731256888,2.10874534161491,0.84877,34.131,999
2009,13/11/2009,317,2008,15-Apr,9,sugar,alive,4,396,2004,13/10/2008,105,0,0,318,2009,21,2039,7375.33,6573.04,5791.52,178.745,3653.75,,16049.257,6419.702,63.358,22.243,86.517,86.517,1.485,8664.032,8665.517,129892.438,0.645,36,7200,1796.7,980.303,6373.284,455.965,1331.68,308.553,1640.233,33.158,8656.927,1.97,8658.897,129711.732,200,230.985,308.423,39.939,0.61,18.504,7.388,7116.052,385.319,0.942,4068.6,14.9,1627.5,0,0,18.57,29.61,19.499,197.2,Burdekin,AyrDPI,Mulg,1956,Furrow,BareFallow,35,Surf1,200,200,HighFreq,0,P2R,15AprV1R4,T4,8996.7,7655.965,7353.587,7662.14,59.053,19.114,2.33471548002113,0.108975371182021,2.33653594771242,0.893725,36.538,999
2010,15/04/2010,105,0,15-Apr,9,none,out,-1,0,2004,0.000,105,0,0,318,-1,21,2039,0,0,0,0,0,,16920.735,6768.294,66.423,0,89.396,89.396,1.97,8656.927,8658.897,129711.732,0.643,0,0,1032,107.192,595.525,407.248,0,260.86,260.86,28.123,8752.572,4.144,8756.716,133019.206,0,0,6.237,0.4,0.094,0.239,0.027,3395.775,386.205,0,0.5,0,0.2,0,0,22.504,31.313,19.606,135.2,Burdekin,AyrDPI,Mulg,1956,Furrow,BareFallow,35,Surf1,200,200,HighFreq,0,P2R,15AprV1R4,T4,1032,407.248,702.717,963.577,0.733,0.333,0,0,0,,0,999
2011,15/07/2011,196,2010,15-Apr,10,sugar,alive,0,456,2010,15/4/2010,105,0,0,318,2011,21,2039,9257.79,8307.98,7378.63,228.684,4198.03,,0,0,0,19.68,157.819,157.819,4.144,8752.572,8756.716,133019.206,0.644,34,6800,1485.4,478.56,6115.634,857.991,1438.681,338.745,1777.427,103.591,8625.93,2.079,8628.009,129047.17,200,301.832,369.697,27.19,2.285,39.79,5.182,7588.77,388.863,0.985,5972.3,21.9,2388.9,0,0,18.293,28.267,16.9,81.4,Burdekin,AyrDPI,Mulg,1956,Furrow,BareFallow,35,Surf1,200,200,HighFreq,0,P2R,15AprV1R4,T4,8285.4,7657.991,6594.194,6932.939,69.265,42.075,2.98621400834762,0.128660136253134,3.15426206896552,1.14342,41.98,999
2012,14/08/2012,227,2011,15-Apr,10,sugar,alive,1,396,2010,15/7/2011,105,0,0,318,2012,21,2039,6608.88,5890.85,5233.88,161.148,3019.84,,21049.306,8419.723,84.486,20.15,71.598,71.598,2.079,8625.93,8628.009,129047.17,0.64,35,7000,1152,628.635,5968.485,516.349,1178.115,336.894,1515.01,75.681,8627.947,1.002,8628.95,129410.646,200,243.167,298.336,21.5,0.443,14.262,4.179,6702.649,391.2,0.938,3978.3,14.6,1591.3,0,0,17.522,28.612,19.036,197.4,Burdekin,AyrDPI,Mulg,1956,Furrow,BareFallow,35,Surf1,200,200,HighFreq,0,P2R,15AprV1R4,T4,8152,7516.349,6597.12,6934.014,36.205,14.705,2.14396643902512,0.106367614735216,2.16306040268456,0.80574,30.198,999
2013,14/09/2013,257,2012,15-Apr,10,sugar,alive,2,396,2010,14/8/2012,105,0,0,318,2013,21,2039,6402.93,5684.5,5085.04,156.215,2906.61,,15069.084,6027.633,59.37,19.986,111.468,111.468,1.002,8627.947,8628.95,129410.646,0.641,42,8400,535.4,1036.999,6416.56,245.331,1163.325,360.066,1523.39,61.381,8635.072,1.378,8636.45,129489.979,200,216.969,291.125,38.449,0.453,18.017,7.197,6643.92,393.58,0.943,4091.7,15,1636.7,0,0,18.05,29.079,20.08,178.6,Burdekin,AyrDPI,Mulg,1956,Furrow,BareFallow,35,Surf1,200,200,HighFreq,0,P2R,15AprV1R4,T4,8935.4,8645.331,7453.559,7813.625,56.919,18.47,1.80692908114218,0.10254432548461,1.76514124293785,0.781075,29.066,999
2014,14/10/2014,287,2013,15-Apr,10,sugar,alive,3,395,2010,14/9/2013,105,0,0,318,2014,21,2039,7421.2,6663.3,5898.98,182.33,3588.1,,14680.002,5872.001,56.126,21.305,69.918,69.918,1.378,8635.072,8636.45,129489.979,0.639,40,8000,730.4,757.299,6354.131,385.908,1300.319,314.995,1615.314,53.258,8631.946,1.399,8633.345,129480.401,200,228.632,299.718,35.089,0.307,20.944,6.57,6751.085,395.998,0.965,4783.5,17.5,1913.4,0,0,18.127,29.166,20.069,86.2,Burdekin,AyrDPI,Mulg,1956,Furrow,BareFallow,35,Surf1,200,200,HighFreq,0,P2R,15AprV1R4,T4,8730.4,8385.908,7111.43,7426.425,56.34,21.251,2.17424278921257,0.112875886669713,2.15775147928994,0.91165,35.881,999
2015,14/11/2015,318,2014,15-Apr,10,sugar,alive,4,396,2010,14/10/2014,105,0,0,318,2015,21,2039,7555.05,6726.28,6033.49,185.998,3839.44,,17004.852,6801.941,66.934,22.49,73.574,73.574,1.399,8631.946,8633.345,129480.401,0.636,42,8400,382.4,570.491,6445.077,190.407,1448.856,317.041,1765.897,51.218,8622.926,1.595,8624.521,129320.363,200,247.473,314.595,29.661,0.27,18.663,5.583,7449.322,398.452,0.962,4670.9,17.1,1868.4,0,0,18.652,30.213,20.932,83.4,Burdekin,AyrDPI,Mulg,1956,Furrow,BareFallow,35,Surf1,200,200,HighFreq,0,P2R,15AprV1R4,T4,8782.4,8590.407,7015.568,7332.609,48.594,18.933,2.16518262755187,0.10532777393019,2.10167231638418,0.92999,38.394,999
2016,14/04/2016,105,0,15-Apr,10,none,out,-1,0,2010,0.000,105,0,0,318,-1,21,2039,0,0,0,0,0,,16903.529,6761.412,65.39,0,74.508,74.508,1.595,8622.926,8624.521,129320.363,0.634,0,0,369.6,0.711,111.778,257.814,0,198.484,198.484,5.264,8721.306,5.559,8726.866,132302.333,0,0,7.125,0.186,0,0.154,0.022,3848.366,399.406,0.001,0.7,0,0.3,0,0,22.856,32.574,21.881,43.6,Burdekin,AyrDPI,Mulg,1956,Furrow,BareFallow,35,Surf1,200,200,HighFreq,0,P2R,15AprV1R4,T4,369.6,257.814,112.489,310.973,0.34,0.154,0,0,0,,0,999
2017,14/07/2017,195,2016,15-Apr,11,sugar,alive,0,456,2016,14/4/2016,105,0,0,318,2017,21,2039,8960.22,7989.84,7052.41,217.865,4212.45,,0,0,0,20.882,133.136,133.136,5.559,8721.306,8726.866,132302.333,0.636,42,8400,1011.6,442.074,7078.749,569.659,1564.001,376.778,1940.779,116.936,8569.477,1.961,8571.438,128198.408,200,313.149,391.311,36.276,3.025,43.609,7.011,7569.053,402.302,0.983,5810.7,21.3,2324.3,0,0,18.795,29.534,17.004,107.8,Burdekin,AyrDPI,Mulg,1956,Furrow,BareFallow,35,Surf1,200,200,HighFreq,0,P2R,15AprV1R4,T4,9411.6,8969.659,7520.823,7897.601,82.91,46.634,2.42891061967908,0.112256470211188,2.46175141242938,1.089325,42.124,999
2018,14/08/2018,226,2017,15-Apr,11,sugar,alive,1,396,2016,14/7/2017,105,0,0,318,2018,21,2039,6540.89,5802.04,5112.88,156.875,2995.38,,21155.478,8462.191,84.183,20.586,83.134,83.134,1.961,8569.477,8571.438,128198.408,0.629,38,7600,692.9,556.498,6210.766,365.536,1216.422,315.164,1531.586,77.208,8574.764,1.159,8575.923,128551.152,200,235.727,294.593,24.931,0.415,13.563,4.792,6528.047,404.852,0.946,4160.4,15.2,1664.1,0,0,17.825,29.496,17.917,130.4,Burdekin,AyrDPI,Mulg,1956,Furrow,BareFallow,35,Surf1,200,200,HighFreq,0,P2R,15AprV1R4,T4,8292.9,7965.536,6767.264,7082.428,38.909,13.978,1.96942176898077,0.102426504290324,1.94875776397516,0.784375,29.954,999
2019,14/09/2019,257,2018,15-Apr,11,sugar,alive,2,396,2016,14/8/2018,105,0,0,318,2019,21,2039,6044.33,5373.85,4677.91,143.212,2585.36,,15674.377,6269.75,61.285,19.305,77.185,77.185,1.159,8574.764,8575.923,128551.152,0.631,37,7400,1209.8,1002.001,6192.683,401.542,1095.865,324.358,1420.223,54.318,8581.511,1.298,8582.809,128651.351,200,209.999,288.534,43.182,0.633,17.639,8.098,6403.689,407.441,0.94,4012.2,14.7,1604.9,0,0,18.144,29.437,17.384,92.8,Burdekin,AyrDPI,Mulg,1956,Furrow,BareFallow,35,Surf1,200,200,HighFreq,0,P2R,15AprV1R4,T4,8609.8,7801.542,7194.684,7519.042,61.454,18.272,1.83568838057912,0.100837685349413,1.82435668789809,0.71606,25.854,999
2020,13/10/2020,287,2019,15-Apr,11,sugar,alive,3,395,2016,14/9/2019,105,0,0,318,2020,21,2039,6945.81,6183.63,5473.58,168.382,3219.33,,15024.932,6009.973,59.478,20.617,72.078,72.078,1.298,8581.511,8582.809,128651.351,0.63,40,8000,1063.7,949.242,6505.864,366.249,1287.858,317.986,1605.844,61.903,8576.688,1.359,8578.047,128581.269,200,221.603,301.728,40.437,0.979,21.594,7.528,6620.068,410.061,0.956,4463.6,16.4,1785.4,0,0,18.534,29.796,18.848,327.8,Burdekin,AyrDPI,Mulg,1956,Furrow,BareFallow,35,Surf1,200,200,HighFreq,0,P2R,15AprV1R4,T4,9063.7,8366.249,7455.106,7773.092,63.01,22.573,2.01263433588936,0.104855764320818,1.99268639053254,0.84191,32.193,999
2021,13/11/2021,317,2020,15-Apr,11,sugar,alive,4,396,2016,13/10/2020,105,0,0,318,2021,21,2039,6822.47,6049.53,5276.31,162.338,3027.15,,16307.982,6523.194,64.24,20.036,74.828,74.828,1.359,8576.688,8578.047,128581.269,0.627,39,7800,1089.1,861.369,6574.201,306.281,1152.597,291.191,1443.788,48.091,8575.264,1.773,8577.037,128468.33,200,218.956,300.907,41.906,1.964,19.16,7.685,6862.403,412.726,0.923,3657.1,13.4,1462.8,0,0,19.439,29.644,17.39,132.4,Burdekin,AyrDPI,Mulg,1956,Furrow,BareFallow,35,Surf1,200,200,HighFreq,0,P2R,15AprV1R4,T4,8889.1,8106.281,7435.57,7726.761,63.03,21.124,2.00261994372018,0.112438945329924,1.96773333333333,0.81169,30.272,999
1958,15/04/1958,105,0,15-Apr,0,none,out,-1,0,-1,0.000,105,0,0,318,-1,21,2039,0,0,0,0,0,,0,0,0,0,0,0,0,0,0,0,0.89,0,0,873.2,0,526.966,346.234,0,207.911,207.911,24.509,9505.953,29.861,9535.814,141809.875,0,0,35.269,6.619,0,1.624,1.089,1012.603,350,0,0.7,0,0.3,0,0,22.648,31.427,18.114,136.1,Burdekin,AyrDPI,Mulg,1958,Furrow,BareFallow,35,Surf1,200,200,HighFreq,0,P2R,15AprV1R4,T4,873.2,346.234,526.966,734.877,8.243,1.624,0,0,0,,0,999
1959,15/07/1959,196,1958,15-Apr,1,sugar,alive,0,456,1958,15/4/1958,105,0,0,318,1959,21,2039,8589.38,7691.7,6850.23,212.201,3917.46,,0,0,0,19.807,167.873,167.873,29.861,9505.953,9535.814,141809.875,0.884,41,8200,956.1,566.118,6771.271,526.963,1507.958,394.063,1902.021,136.689,9427.693,0.653,9428.346,141695.862,200,240.47,308.94,57.694,1.076,47.049,11.395,3361.602,350,0.986,6113.9,22.4,2445.6,0,0,17.24,28.305,18.8,162.8,Burdekin,AyrDPI,Mulg,1958,Furrow,BareFallow,35,Surf1,200,200,HighFreq,0,P2R,15AprV1R4,T4,9156.1,8726.963,7337.389,7731.452,105.819,48.125,2.43155608657903,0.111566065779505,2.45319075144509,1.061005,39.175,999
1960,14/08/1960,227,1959,15-Apr,1,sugar,alive,1,396,1958,15/7/1959,105,0,0,318,1960,21,2039,5532.15,4924.62,4337.38,133.21,2428.08,,19979.554,7991.821,77.979,19.52,84.562,84.562,0.653,9427.693,9428.346,141695.862,0.867,37,7400,1110.4,626.56,6478.522,470.292,1004.317,373.509,1377.826,84.821,9443.677,1.033,9444.709,142843.569,200,220.439,278.389,22.276,0.001,12.56,4.377,5358.532,350,0.902,3312.6,12.1,1325,0,0,17.103,28.347,19.812,210.1,Burdekin,AyrDPI,Mulg,1958,Furrow,BareFallow,35,Surf1,200,200,HighFreq,0,P2R,15AprV1R4,T4,8510.4,7870.292,7105.082,7478.591,34.837,12.561,1.69256744222451,0.0966812935740798,1.69694267515924,0.66605,24.281,999
1961,14/09/1961,257,1960,15-Apr,1,sugar,alive,2,396,1958,14/8/1960,105,0,0,318,1961,21,2039,6883.02,6166.13,5406.82,166.84,3347.6,,12971.262,5188.506,50.01,21.78,112.054,112.054,1.033,9443.677,9444.709,142843.569,0.863,41,8200,490.9,929.828,6101.656,214.324,1339.047,351.338,1690.385,46.289,9432.08,1.207,9433.287,143379.235,200,217.305,306.853,45.063,0.092,24.289,8.491,5676.011,350,0.945,4143.4,15.2,1657.3,0,0,16.81,28.924,20.946,63.2,Burdekin,AyrDPI,Mulg,1958,Furrow,BareFallow,35,Surf1,200,200,HighFreq,0,P2R,15AprV1R4,T4,8690.9,8414.324,7031.484,7382.822,69.444,24.381,1.98280931421229,0.0986994087145828,1.92878612716763,0.8342,33.476,999
1962,14/10/1962,287,1961,15-Apr,1,sugar,alive,3,395,1958,14/9/1961,105,0,0,318,1962,21,2039,6749.12,5996.83,5271.62,162.079,3131.36,,16069.561,6427.824,64.727,20.863,81.085,81.085,1.207,9432.08,9433.287,143379.235,0.853,39,7800,938.4,815.172,6285.582,484.689,1299.323,335.479,1634.803,49.33,9418.31,1.694,9420.003,144059.19,200,230.796,313.784,42.851,0.029,20.243,8.014,6072.377,350,0.937,3941.3,14.4,1576.5,0,0,17.583,29.38,20.364,102.1,Burdekin,AyrDPI,Mulg,1958,Furrow,BareFallow,35,Surf1,200,200,HighFreq,0,P2R,15AprV1R4,T4,8738.4,8284.689,7100.754,7436.233,63.123,20.272,1.95636794573701,0.0991428325003074,1.96459393939394,0.810395,31.314,999
1963,14/11/1963,318,1962,15-Apr,1,sugar,alive,4,396,1958,14/10/1962,105,0,0,318,1963,21,2039,7070.62,6379.71,5488.79,170.231,3261.08,,15908.869,6363.548,64.097,20.663,83.927,83.927,1.694,9418.31,9420.003,144059.19,0.845,37,7400,1160.5,791.449,6143.591,496.015,1306.646,320.772,1627.418,36.157,9400.58,1.764,9402.344,144539.365,200,229.497,317.891,49.073,0.043,20.307,9.127,6216.794,350,0.927,3735.4,13.7,1494.1,0,0,17.404,29.102,19.769,91.9,Burdekin,AyrDPI,Mulg,1958,Furrow,BareFallow,35,Surf1,200,200,HighFreq,0,P2R,15AprV1R4,T4,8560.5,7896.015,6935.04,7255.812,69.423,20.35,2.15591029145715,0.104601890847957,2.16854777070064,0.851155,32.611,999
1964,14/04/1964,105,0,15-Apr,1,none,out,-1,0,1958,0.000,105,0,0,318,-1,21,2039,0,0,0,0,0,,16620.608,6648.244,68.596,0,81.97,81.97,1.764,9400.58,9402.344,144539.365,0.837,0,0,454.9,10.991,145.823,306.894,0,224.629,224.629,6.916,9492.512,7.286,9499.798,147652.387,0,0,9.269,0.357,0.001,0.135,0.035,3392.192,350,0,0.5,0,0.2,0,0,21.751,31.679,20.739,92.7,Burdekin,AyrDPI,Mulg,1958,Furrow,BareFallow,35,Surf1,200,200,HighFreq,0,P2R,15AprV1R4,T4,454.9,306.894,156.814,381.443,0.493,0.136,0,0,0,,0,999
1965,14/07/1965,195,1964,15-Apr,2,sugar,alive,0,456,1964,14/4/1964,105,0,0,318,1965,21,2039,8493.84,7582.37,6644.84,205.281,3934,,0,0,0,20.672,155.427,155.427,7.286,9492.512,9499.798,147652.387,0.838,40,8000,925.7,429.4,6560.324,466.184,1612.436,407.773,2020.209,129.033,9336.685,1.704,9338.389,144218.104,200,305.332,390.157,46.283,0.011,49.946,9.123,6868.467,350,0.976,5324.7,19.5,2129.9,0,0,17.254,29.269,18.671,107.4,Burdekin,AyrDPI,Mulg,1958,Furrow,BareFallow,35,Surf1,200,200,HighFreq,0,P2R,15AprV1R4,T4,8925.7,8466.184,6989.724,7397.497,96.24,49.957,2.42471696811692,0.101613743924515,2.42936094674556,1.026405,39.34,999
1966,14/08/1966,226,1965,15-Apr,2,sugar,alive,1,396,1964,14/7/1965,105,0,0,318,1966,21,2039,6461.19,5734.36,5002.61,153.807,2857.72,,20242.512,8097.006,83.752,19.953,71.193,71.193,1.704,9336.685,9338.389,144218.104,0.821,39,7800,379.3,387.707,6216.473,207.292,1200.28,357.458,1557.738,83.995,9324.53,1.488,9326.018,144364.269,200,245.52,309.355,27.546,0.008,16.883,5.42,6553.184,350,0.918,3565.6,13.1,1426.3,0,0,17.151,28.492,19.616,102.9,Burdekin,AyrDPI,Mulg,1958,Furrow,BareFallow,35,Surf1,200,200,HighFreq,0,P2R,15AprV1R4,T4,8179.3,8007.292,6604.18,6961.638,44.437,16.891,1.92083665738679,0.0987373999992296,1.86432727272727,0.769035,28.577,999
1967,14/09/1967,257,1966,15-Apr,2,sugar,alive,2,396,1964,14/8/1966,105,0,0,318,1967,21,2039,6518.71,5826.39,5087.47,156.647,3018.24,,15428.648,6171.459,61.836,20.799,88.574,88.574,1.488,9324.53,9326.018,144364.269,0.817,38,7600,822.5,889.782,6009.734,340.229,1192.74,345.734,1538.474,54.493,9316.194,1.335,9317.529,144386.194,200,220.673,306.67,44.107,0.146,23.62,8.288,6586.381,350,0.936,3918.1,14.4,1567.2,0,0,17.866,28.633,19.652,154.9,Burdekin,AyrDPI,Mulg,1958,Furrow,BareFallow,35,Surf1,200,200,HighFreq,0,P2R,15AprV1R4,T4,8422.5,7940.229,6899.516,7245.25,67.873,23.766,1.97282723206094,0.101819725260225,1.94592546583851,0.783235,30.182,999
1968,13/10/1968,287,1967,15-Apr,2,sugar,alive,3,395,1964,14/9/1967,105,0,0,318,1968,21,2039,6946.29,6205.43,5475.25,168.789,3248.64,,15495.851,6198.34,61.41,20.774,73.084,73.084,1.335,9316.194,9317.529,144386.194,0.81,38,7600,1460.8,871.89,6652.72,457.612,1207.764,329.444,1537.208,64.536,9305.97,1.551,9307.521,144225.627,200,227.159,310.758,42.73,0.109,21.101,8.051,6847.626,350,0.951,4311.8,15.8,1724.7,0,0,18.074,28.752,20.257,187.9,Burdekin,AyrDPI,Mulg,1958,Furrow,BareFallow,35,Surf1,200,200,HighFreq,0,P2R,15AprV1R4,T4,9060.8,8057.612,7524.61,7854.054,63.94,21.21,2.09477696369594,0.109802316927833,2.09675776397516,0.843945,32.486,999
1969,13/11/1969,317,1968,15-Apr,2,sugar,alive,4,396,1964,13/10/1968,105,0,0,318,1969,21,2039,7318.5,6541.95,5705.24,176.18,3394.17,,16168.892,6467.556,65.693,20.796,72.065,72.065,1.551,9305.97,9307.521,144225.627,0.803,43,8600,250.5,931.267,6189.178,168.997,1406.647,320.496,1727.143,43.17,9288.064,1.921,9289.985,143642.83,200,237.946,323.056,44.061,0.119,19.129,8.119,7499.841,350,0.943,4082.9,15,1633.1,0,0,17.834,29.659,20.835,46.5,Burdekin,AyrDPI,Mulg,1958,Furrow,BareFallow,35,Surf1,200,200,HighFreq,0,P2R,15AprV1R4,T4,8850.5,8768.997,7120.445,7440.941,63.309,19.248,2.00912373444762,0.102006608601604,1.94674033149171,0.8809,33.942,999
1970,15/04/1970,105,0,15-Apr,2,none,out,-1,0,1964,0.000,105,0,0,318,-1,21,2039,0,0,0,0,0,,17183.126,6873.25,70.046,0,74.977,74.977,1.921,9288.064,9289.985,143642.83,0.795,0,0,539.4,0.358,285.694,253.694,0,195.617,195.617,13.391,9383.876,5.551,9389.427,146415.472,0,0,6.191,0.126,0,0.226,0.017,3924.064,350,0.001,0.7,0,0.3,0,0,22.057,32.151,21.774,133.6,Burdekin,AyrDPI,Mulg,1958,Furrow,BareFallow,35,Surf1,200,200,HighFreq,0,P2R,15AprV1R4,T4,539.4,253.694,286.052,481.669,0.352,0.226,0,0,0,,0,999
1971,15/07/1971,196,1970,15-Apr,3,sugar,alive,0,456,1970,15/4/1970,105,0,0,318,1971,21,2039,9074.41,8168.29,7170.77,222.577,3922.31,,0,0,0,18.775,132.709,132.709,5.551,9383.876,9389.427,146415.472,0.796,38,7600,1166.1,342.295,6489.226,702.334,1596.397,387.444,1983.841,139.73,9210.408,2.039,9212.447,142433.979,200,338.561,413.621,39.432,0.067,41.144,7.866,7586.698,350,0.98,5556.3,20.4,2222.5,0,0,17.179,28.576,18.844,220,Burdekin,AyrDPI,Mulg,1958,Furrow,BareFallow,35,Surf1,200,200,HighFreq,0,P2R,15AprV1R4,T4,8766.1,8302.334,6831.521,7218.965,80.643,41.211,2.68089672133162,0.112194979335542,2.76493167701863,1.112885,39.223,999
1972,14/08/1972,227,1971,15-Apr,3,sugar,alive,1,396,1970,15/7/1971,105,0,0,318,1972,21,2039,6242.86,5602.32,4865.49,150.241,2735.17,,20903.765,8361.508,86.701,19.492,83.447,83.447,2.039,9210.408,9212.447,142433.979,0.783,36,7200,1453.2,638.92,6449.244,511.195,1210.832,364.208,1575.041,89.153,9201.26,1.293,9202.553,142677.56,200,237.595,305.703,37.692,0.066,14.339,7.138,6586.584,350,0.92,3601.8,13.2,1440.7,0,0,16.729,28.625,19.565,206.2,Burdekin,AyrDPI,Mulg,1958,Furrow,BareFallow,35,Surf1,200,200,HighFreq,0,P2R,15AprV1R4,T4,8653.2,7711.195,7088.164,7452.372,52.097,14.405,1.94834912098579,0.0953886279785733,1.96393464052288,0.751205,27.352,999
1973,14/09/1973,257,1972,15-Apr,3,sugar,alive,2,396,1970,14/8/1972,105,0,0,318,1973,21,2039,6459.7,5762.26,5019.13,154.174,2668.8,,14769.232,5907.693,59.756,18.392,73.443,73.443,1.293,9201.26,9202.553,142677.56,0.78,36,7200,1060.9,1089.798,5617.594,456.507,1180.534,345.336,1525.869,44.774,9191.873,1.747,9193.62,142617.367,200,221.63,308.991,46.984,0.403,20.649,8.764,6687.223,350,0.933,3856.3,14.1,1542.5,0,0,18.042,28.91,19.726,108.5,Burdekin,AyrDPI,Mulg,1958,Furrow,BareFallow,35,Surf1,200,200,HighFreq,0,P2R,15AprV1R4,T4,8260.9,7656.507,6707.392,7052.728,68.036,21.052,2.01363363215106,0.101040128608681,2.01534640522876,0.77087,26.688,999
1974,14/10/1974,287,1973,15-Apr,3,sugar,alive,3,395,1970,14/9/1973,105,0,0,318,1974,21,2039,6592.23,5949,5080.79,157.449,2918.06,,15522.748,6209.099,60.337,19.896,101.082,101.082,1.747,9191.873,9193.62,142617.367,0.774,29,5800,2007.7,879.592,5505.592,658.713,1113.963,324.298,1438.261,25.374,9180.136,1.562,9181.698,142605.578,200,221.598,300.461,37.934,0.059,31.313,7.246,6553.923,350,0.9,3292.4,12.1,1317,0,0,17.752,28.355,18.545,152.9,Burdekin,AyrDPI,Mulg,1958,Furrow,BareFallow,35,Surf1,200,200,HighFreq,0,P2R,15AprV1R4,T4,7807.7,6458.713,6385.184,6709.482,69.306,31.372,2.4377766901858,0.109471785719004,2.519184,0.787245,29.181,999
1975,14/11/1975,318,1974,15-Apr,3,sugar,alive,4,396,1970,14/10/1974,105,0,0,318,1975,21,2039,7476.3,6676.18,5829.88,180.075,3423.17,,15645.763,6258.305,64.626,20.482,85.337,85.337,1.562,9180.136,9181.698,142605.578,0.769,39,7800,1160.2,747.565,6502.382,616.907,1284.426,335.555,1619.981,52.813,9160.691,1.68,9162.371,142499.161,200,240.44,321.641,44.981,0.201,17.763,8.408,7016.001,350,0.937,3941.1,14.4,1576.4,0,0,18.497,28.821,19.89,179.8,Burdekin,AyrDPI,Mulg,1958,Furrow,BareFallow,35,Surf1,200,200,HighFreq,0,P2R,15AprV1R4,T4,8960.2,8416.907,7249.947,7585.502,62.945,17.964,2.13944385984068,0.111158711120686,2.18272727272727,0.900375,34.232,999
1976,14/04/1976,105,0,15-Apr,3,none,out,-1,0,1970,0.000,105,0,0,318,-1,21,2039,0,0,0,0,0,,17344.51,6937.804,69.009,0,175.609,175.609,1.68,9160.691,9162.371,142499.161,0.762,0,0,1465.2,284.81,835.943,521.944,0,326.344,326.344,38.709,9247.952,10.309,9258.261,145187.958,0,0,18.723,1.959,0.124,1.294,0.13,4072.751,350,0,0.3,0,0.1,0,0,22.163,30.457,19.717,139.2,Burdekin,AyrDPI,Mulg,1958,Furrow,BareFallow,35,Surf1,200,200,HighFreq,0,P2R,15AprV1R4,T4,1465.2,521.944,1120.753,1447.097,3.377,1.418,0,0,0,,0,999
1977,14/07/1977,195,1976,15-Apr,4,sugar,alive,0,456,1976,14/4/1976,105,0,0,318,1977,21,2039,8825.94,7932.12,7046.38,218.637,3737.87,,0,0,0,18.128,193.713,193.713,10.309,9247.952,9258.261,145187.958,0.763,40,8000,1401.4,537.894,7101.37,557.148,1480.173,398.238,1878.411,143.602,9102.419,2.009,9104.428,141499.136,200,304.83,376.579,38.421,0.133,51.466,7.581,7160.8,350,0.983,5808.5,21.3,2323.4,0,0,17.235,28.184,18.917,170.6,Burdekin,AyrDPI,Mulg,1958,Furrow,BareFallow,35,Surf1,200,200,HighFreq,0,P2R,15AprV1R4,T4,9401.4,8557.148,7639.264,8037.502,90.02,51.599,2.55502183671476,0.116394654843908,2.5874201183432,1.093185,37.379,999
1978,14/08/1978,226,1977,15-Apr,4,sugar,alive,1,396,1976,14/7/1977,105,0,0,318,1978,21,2039,6286.45,5589.15,4953.96,152.575,2714.62,,20063.499,8025.4,80.168,18.984,77.438,77.438,2.009,9102.419,9104.428,141499.136,0.749,37,7400,854.1,552.093,6191.921,362.096,1104.652,379.847,1484.499,95.792,9096.302,1.536,9097.838,141447.432,200,244.086,302.601,24.871,0.101,15.163,4.853,6837.869,350,0.918,3576.5,13.1,1430.6,0,0,17.283,28.125,20.382,150.6,Burdekin,AyrDPI,Mulg,1958,Furrow,BareFallow,35,Surf1,200,200,HighFreq,0,P2R,15AprV1R4,T4,8254.1,7762.096,6744.014,7123.861,40.135,15.264,1.96564175449518,0.102778782606118,1.94363057324841,0.762875,27.146,999
1979,14/09/1979,257,1978,15-Apr,4,sugar,alive,2,396,1976,14/8/1978,105,0,0,318,1979,21,2039,6366.24,5708.6,4909.92,151.328,2738.61,,14366.194,5746.479,56.707,19.36,103.025,103.025,1.536,9096.302,9097.838,141447.432,0.748,35,7000,1578.5,922.364,6269.693,572.194,1073.336,344.175,1417.511,65.638,9088.524,1.468,9089.992,141201.232,200,220.725,301.958,50.361,0.281,14.038,9.493,6610.271,350,0.93,3803.5,13.9,1521.4,0,0,17.891,28.175,19.058,350.7,Burdekin,AyrDPI,Mulg,1958,Furrow,BareFallow,35,Surf1,200,200,HighFreq,0,P2R,15AprV1R4,T4,8578.5,7572.194,7192.057,7536.232,64.68,14.319,1.99846966414226,0.106756138047606,2.03124832214765,0.75664,27.386,999
1980,13/10/1980,287,1979,15-Apr,4,sugar,alive,3,395,1976,14/9/1979,105,0,0,318,1980,21,2039,7075.55,6317.57,5551.37,170.999,3327.35,,15611.685,6244.674,63.18,21.034,71.957,71.957,1.468,9088.524,9089.992,141201.232,0.743,39,7800,777.5,826.929,6186.514,313.797,1227.259,342.54,1569.799,50.011,9072.118,1.474,9073.591,140842.452,200,235.449,314.901,41.369,0.408,20.783,7.75,7048.337,350,0.957,4509.6,16.5,1803.8,0,0,18.422,28.882,20.834,86.4,Burdekin,AyrDPI,Mulg,1958,Furrow,BareFallow,35,Surf1,200,200,HighFreq,0,P2R,15AprV1R4,T4,8577.5,8113.797,7013.443,7355.983,62.56,21.191,2.10750897514444,0.108930506389672,2.07271515151515,0.854995,33.273,999
1981,13/11/1981,317,1980,15-Apr,4,sugar,alive,4,396,1976,13/10/1980,105,0,0,318,1981,21,2039,7127.12,6380.44,5542.18,171.467,3312.93,,16788.711,6715.483,67.36,20.865,66.214,66.214,1.474,9072.118,9073.591,140842.452,0.738,37,7400,1127,803.479,6171.826,390.585,1223.382,314.414,1537.796,45.588,9063.467,1.733,9065.2,140511.631,200,230.979,307.55,39.509,0.229,20.425,7.325,7162.015,350,0.931,3829.7,14,1531.9,0,0,18.071,28.636,19.295,104.8,Burdekin,AyrDPI,Mulg,1958,Furrow,BareFallow,35,Surf1,200,200,HighFreq,0,P2R,15AprV1R4,T4,8527,7790.585,6975.305,7289.719,60.163,20.654,2.20095153316471,0.111501785672482,2.18429299363057,0.857335,33.129,999
1982,15/04/1982,105,0,15-Apr,4,none,out,-1,0,1976,0.000,105,0,0,318,-1,21,2039,0,0,0,0,0,,16727.269,6690.908,69.037,0,80.112,80.112,1.733,9063.467,9065.2,140511.631,0.734,0,0,547.1,48.17,179.112,357.107,0,245.775,245.775,6.431,9143.59,18.554,9162.143,142021.055,0,0,22.78,1.134,0.062,0.628,0.109,5065.181,350,0,0.6,0,0.2,0,0,22.919,32.09,21.333,47.4,Burdekin,AyrDPI,Mulg,1958,Furrow,BareFallow,35,Surf1,200,200,HighFreq,0,P2R,15AprV1R4,T4,547.1,357.107,227.282,473.057,1.824,0.69,0,0,0,,0,999
1983,15/07/1983,196,1982,15-Apr,5,sugar,alive,0,456,1982,15/4/1982,105,0,0,318,1983,21,2039,9305.64,8296.71,7394.77,228.801,3979.92,,0,0,0,18.495,154.155,154.155,18.554,9143.59,9162.143,142021.055,0.734,43,8600,663.4,440.109,6894.727,343.288,1587.843,395.084,1982.926,139.749,8986.874,1.696,8988.57,138302.412,200,314.732,391.179,48.244,0.229,52.375,9.494,7274.117,350,0.986,6093.1,22.3,2437.2,0,0,17.149,28.361,19.179,95.4,Burdekin,AyrDPI,Mulg,1958,Furrow,BareFallow,35,Surf1,200,200,HighFreq,0,P2R,15AprV1R4,T4,9263.4,8943.288,7334.836,7729.92,100.848,52.604,2.5583543770479,0.1153855464097,2.52818784530387,1.144005,39.799,999
1984,14/08/1984,227,1983,15-Apr,5,sugar,alive,1,396,1982,15/7/1983,105,0,0,318,1984,21,2039,6234.15,5547.85,4836.32,148.664,2815.06,,21421.442,8568.576,87.058,20.391,99.793,99.793,1.696,8986.874,8988.57,138302.412,0.72,39,7800,563.8,494.422,6376.112,379.335,1133.387,351.283,1484.669,78.856,8990.49,1.533,8992.023,137882.352,200,238.837,296.989,23.334,0.202,14.248,4.562,7453.586,350,0.917,3555.3,13,1422.1,0,0,17.537,28.492,19.07,75.6,Burdekin,AyrDPI,Mulg,1958,Furrow,BareFallow,35,Surf1,200,200,HighFreq,0,P2R,15AprV1R4,T4,8363.8,8179.335,6870.534,7221.817,37.784,14.45,1.81755607271251,0.100132756863651,1.80198787878788,0.74332,28.151,999
1985,14/09/1985,257,1984,15-Apr,5,sugar,alive,2,396,1982,14/8/1984,105,0,0,318,1985,21,2039,6627.11,5952.73,5181.43,159.936,3043.07,,14903.568,5961.427,58.951,20.503,108.389,108.389,1.533,8990.49,8992.023,137882.352,0.72,38,7600,817.5,832.537,6077.651,463.794,1198.482,345.544,1544.026,54.553,8982.014,1.283,8983.297,137226.944,200,219.416,301.752,41.319,0.309,26.836,7.797,7133.414,350,0.946,4169.4,15.3,1667.8,0,0,17.387,28.523,19.502,111.4,Burdekin,AyrDPI,Mulg,1958,Furrow,BareFallow,35,Surf1,200,200,HighFreq,0,P2R,15AprV1R4,T4,8417.5,8063.794,6910.188,7255.732,68.464,27.145,1.98338400013691,0.103583747942068,1.98678260869565,0.79968,30.431,999
1986,14/10/1986,287,1985,15-Apr,5,sugar,alive,3,395,1982,14/9/1985,105,0,0,318,1986,21,2039,6572.62,5865.42,5101.69,157.219,3025.04,,15832.268,6332.907,64.04,20.766,71.676,71.676,1.283,8982.014,8983.297,137226.944,0.716,39,7800,802.8,623.684,6375.084,442.771,1218.931,348.004,1566.936,52.121,8961.193,1.998,8963.19,136151.206,200,226.214,318.25,52.319,0.325,21.499,9.713,7689.702,350,0.928,3752.8,13.8,1501.1,0,0,18.476,29.285,18.879,117.8,Burdekin,AyrDPI,Mulg,1958,Furrow,BareFallow,35,Surf1,200,200,HighFreq,0,P2R,15AprV1R4,T4,8602.8,8242.771,6998.768,7346.772,74.143,21.824,1.90735615486588,0.100335304058366,1.90568484848485,0.786095,30.25,999
1987,14/11/1987,318,1986,15-Apr,5,sugar,alive,4,396,1982,14/10/1986,105,0,0,318,1987,21,2039,7225.89,6442.67,5678.96,175.109,3367,,15692.787,6277.115,61.874,20.751,108.772,108.772,1.998,8961.193,8963.19,136151.206,0.711,43,8600,371,742.132,6504.312,244.327,1405.396,345.988,1751.384,51.51,8940.283,2.169,8942.452,135104.247,200,233.635,312.607,41.899,0.41,27.183,7.835,7812.211,350,0.952,4341.7,15.9,1736.7,0,0,18.663,29.934,20.137,44,Burdekin,AyrDPI,Mulg,1958,Furrow,BareFallow,35,Surf1,200,200,HighFreq,0,P2R,15AprV1R4,T4,8971,8844.327,7246.444,7592.432,69.492,27.593,1.97990191904935,0.0999832132759007,1.93490607734807,0.875545,33.67,999
1988,14/04/1988,105,0,15-Apr,5,none,out,-1,0,1982,0.000,105,0,0,318,-1,21,2039,0,0,0,0,0,,16839.329,6735.731,67.185,0,81.943,81.943,2.169,8940.283,8942.452,135104.247,0.706,0,0,798.4,21.168,508.541,285.254,0,200.588,200.588,23.703,9027.433,11.652,9039.085,136676.545,0,0,17.541,0.536,0.053,1.162,0.061,4998.451,350,0,0.7,0,0.3,0,0,22.049,31.616,21.499,254,Burdekin,AyrDPI,Mulg,1958,Furrow,BareFallow,35,Surf1,200,200,HighFreq,0,P2R,15AprV1R4,T4,798.4,285.254,529.709,730.297,1.751,1.215,0,0,0,,0,999
1989,15/07/1989,196,1988,15-Apr,6,sugar,alive,0,457,1988,14/4/1988,105,0,1,318,1989,20,2039,8889.45,7950.21,7019.11,217.105,3892.32,,0,0,0,19.152,150.047,150.047,11.652,9027.433,9039.085,136676.545,0.707,39,7800,1506.2,624.019,6767.442,725.418,1533.553,396.852,1930.405,127.958,8857.234,1.891,8859.125,132721.007,200,319.863,400.511,45.23,3.319,52.152,8.738,7397.238,350,0.985,5961.8,21.8,2384.7,0,0,17.973,28.508,18.206,134.8,Burdekin,AyrDPI,Mulg,1958,Furrow,BareFallow,35,Surf1,200,200,HighFreq,0,P2R,15AprV1R4,T4,9306.2,8525.418,7391.461,7788.313,100.701,55.471,2.54656135335534,0.112466036919714,2.63157575757576,1.085525,38.923,999
1990,15/08/1990,227,1989,15-Apr,6,sugar,alive,1,396,1988,15/7/1989,105,0,1,319,1990,20,2040,6277.38,5581.7,4915.43,151.234,2918.06,,20965.392,8386.158,85.325,20.833,134.381,134.381,1.891,8857.234,8859.125,132721.007,0.695,34,6800,1294.8,662.833,5952.335,479.194,1169.476,362.993,1532.469,77.323,8849.263,1.236,8850.499,132752.55,200,234.953,299.057,19.474,1.067,31.008,3.786,6687.375,350.589,0.932,3837.2,14.1,1534.9,0,0,17.211,28.376,19.602,103,Burdekin,AyrDPI,Mulg,1958,Furrow,BareFallow,35,Surf1,200,200,HighFreq,0,P2R,15AprV1R4,T4,8094.8,7279.194,6615.168,6978.161,51.549,32.075,2.07762013211902,0.0986864987154716,2.08598620689655,0.75617,29.181,999
1991,15/09/1991,258,1990,15-Apr,6,sugar,alive,2,396,1988,15/8/1990,105,0,1,319,1991,20,2040,6256.11,5590.84,4914.1,151.359,2787.38,,14838.171,5935.269,59.093,19.751,81.544,81.544,1.236,8849.263,8850.499,132752.55,0.695,38,7600,1680.4,1164.494,6609.035,293.576,1159.723,338.77,1498.493,68.27,8849.171,1.398,8850.57,132674.159,200,217.41,296.84,39.682,1.017,21.057,7.447,6609.748,352.258,0.922,3639.6,13.3,1455.9,0,0,16.971,28.6,19.402,204.4,Burdekin,AyrDPI,Mulg,1958,Furrow,BareFallow,35,Surf1,200,200,HighFreq,0,P2R,15AprV1R4,T4,9280.4,7893.576,7773.529,8112.299,61.756,22.074,1.91749594860428,0.101007478847082,1.88023602484472,0.756795,27.874,999
1992,14/10/1992,288,1991,15-Apr,6,sugar,alive,3,395,1988,15/9/1991,105,0,1,319,1992,20,2040,7491.73,6669.71,5969.13,183.865,3649.57,,14500.78,5800.312,56.9,21.514,89.922,89.922,1.398,8849.171,8850.57,132674.159,0.692,40,8000,654.1,674.351,6280.791,291.386,1389.284,325.875,1715.159,52.909,8832.984,1.498,8834.482,132457.622,200,241.095,314.049,35.966,0.592,21.127,6.759,7019.425,353.955,0.964,4753.2,17.4,1901.3,0,0,18.264,29.527,20.819,122.8,Burdekin,AyrDPI,Mulg,1958,Furrow,BareFallow,35,Surf1,200,200,HighFreq,0,P2R,15AprV1R4,T4,8654.1,8291.386,6955.142,7281.017,57.685,21.719,2.2175423988221,0.107199973879973,2.17591715976331,0.919325,36.496,999
1993,14/11/1993,318,1992,15-Apr,6,sugar,alive,4,396,1988,14/10/1992,105,0,1,319,1993,20,2040,7322.39,6503.04,5806.69,179.062,3707.62,,16982.389,6792.957,66.298,22.568,73.721,73.721,1.498,8832.984,8834.482,132457.622,0.687,42,8400,548.9,590.919,6710.207,356.623,1311.885,332.632,1644.517,54.17,8827.618,1.656,8829.274,132361.103,200,235.917,310.911,37.077,0.4,17.699,6.946,7259.141,355.691,0.948,4218.5,15.5,1687.4,0,0,18.209,29.114,20.539,72,Burdekin,AyrDPI,Mulg,1958,Furrow,BareFallow,35,Surf1,200,200,HighFreq,0,P2R,15AprV1R4,T4,8948.9,8756.623,7301.126,7633.758,55.176,18.099,2.04487506199593,0.108884249904379,2.02329943502825,0.89531,37.076,999
1994,15/04/1994,105,0,15-Apr,6,none,out,-1,0,1988,0.000,105,0,1,319,-1,20,2040,0,0,0,0,0,,16469.259,6587.703,64.507,0,76.978,76.978,1.656,8827.618,8829.274,132361.103,0.684,0,0,309.7,0.608,75.959,233.692,0,206.261,206.261,3.596,8923.173,6.451,8929.624,135066.23,0,0,8.033,0.072,0,0.074,0.019,4000.697,356.371,0,0.7,0,0.3,0,0,21.939,31.774,22.373,46.8,Burdekin,AyrDPI,Mulg,1958,Furrow,BareFallow,35,Surf1,200,200,HighFreq,0,P2R,15AprV1R4,T4,309.7,233.692,76.567,282.828,0.146,0.074,0,0,0,,0,999
1995,15/07/1995,196,1994,15-Apr,7,sugar,alive,0,456,1994,15/4/1994,105,0,0,318,1995,21,2039,9934.16,8907.03,8013.24,249.008,4583.56,,0,0,0,19.741,103.851,103.851,6.451,8923.173,8929.624,135066.23,0.686,44,8800,419.6,345.906,6805.374,266.348,1700.951,391.538,2092.489,144.69,8767.493,1.897,8769.39,131207.446,200,337.002,398.6,26.962,1.837,39.749,5.387,7707.461,358.43,0.986,6064.5,22.2,2425.8,0,0,17.873,28.981,19.784,55.2,Burdekin,AyrDPI,Mulg,1958,Furrow,BareFallow,35,Surf1,200,200,HighFreq,0,P2R,15AprV1R4,T4,9219.6,9066.348,7151.28,7542.818,68.548,41.586,2.74650829639454,0.119000864520674,2.69197837837838,1.24504,45.836,999
1996,14/08/1996,227,1995,15-Apr,7,sugar,alive,1,396,1994,15/7/1995,105,0,0,318,1996,21,2039,6284.72,5559.6,4981.14,152.964,2938.98,,21482.62,8593.049,83.244,20.733,79.682,79.682,1.897,8767.493,8769.39,131207.446,0.676,39,7800,632.9,453.552,6443.537,344.127,1143.417,394.01,1537.426,88.05,8767.313,1.258,8768.571,131446.806,200,242.96,303.965,25.636,0.358,13.761,5.033,6979.564,360.246,0.927,3730.8,13.7,1492.3,0,0,18.911,29.224,19.946,107,Burdekin,AyrDPI,Mulg,1958,Furrow,BareFallow,35,Surf1,200,200,HighFreq,0,P2R,15AprV1R4,T4,8432.9,8144.127,6897.089,7291.099,39.755,14.119,1.87821236088288,0.0994935691213756,1.85410909090909,0.76482,29.39,999
1997,14/09/1997,257,1996,15-Apr,7,sugar,alive,2,396,1994,14/8/1996,105,0,0,318,1997,21,2039,6870.95,6148.49,5480.64,168.982,3269.06,,14251.582,5700.633,53.844,20.895,78.066,78.066,1.258,8767.313,8768.571,131446.806,0.677,39,7800,964.3,1072.297,6200.633,380.149,1100.202,362.551,1462.753,57.485,8775.445,1.502,8776.947,131631.092,200,214.707,291.027,38.494,0.45,20.707,7.247,6607.476,362.101,0.95,4273.4,15.7,1709.4,0,0,18.946,28.468,20.444,116.8,Burdekin,AyrDPI,Mulg,1958,Furrow,BareFallow,35,Surf1,200,200,HighFreq,0,P2R,15AprV1R4,T4,8764.3,8180.149,7272.93,7635.481,59.651,21.157,2.06575699293497,0.115523263326071,2.04826666666667,0.84491,32.691,999
1998,14/10/1998,287,1997,15-Apr,7,sugar,alive,3,395,1994,14/9/1997,105,0,0,318,1998,21,2039,6994.49,6178.22,5500.43,168.325,3404.63,,15450.062,6180.026,58.622,21.979,106.682,106.682,1.502,8775.445,8776.947,131631.092,0.674,39,7800,959.5,826.669,6568.507,481.619,1060.517,315.194,1375.711,45.321,8771.528,1.588,8773.116,131525.16,200,228.251,301.191,28.79,0.322,29.413,5.415,7033.571,363.989,0.96,4611.8,16.9,1844.7,0,0,20.543,28.902,19.59,189.6,Burdekin,AyrDPI,Mulg,1958,Furrow,BareFallow,35,Surf1,200,200,HighFreq,0,P2R,15AprV1R4,T4,8759.5,8281.619,7395.176,7710.37,58.525,29.735,2.03251320786431,0.122354913204881,2.04030303030303,0.841625,34.046,999
1999,14/11/1999,318,1998,15-Apr,7,sugar,alive,4,396,1994,14/10/1998,105,0,0,318,1999,21,2039,7276.99,6497.95,5780.09,178.942,3569.8,,16619.539,6647.815,62.168,21.638,95.296,95.296,1.588,8771.528,8773.116,131525.16,0.671,37,7400,1137.3,633.911,6414.906,581.482,1131.314,364.394,1495.708,56.071,8765.496,2.017,8767.513,131381.633,200,224.131,302.484,52.241,0.209,12.514,9.646,7089.423,365.913,0.935,3910.1,14.3,1564,0,0,19.787,28.829,19.555,112,Burdekin,AyrDPI,Mulg,1958,Furrow,BareFallow,35,Surf1,200,200,HighFreq,0,P2R,15AprV1R4,T4,8537.3,7981.482,7048.817,7413.211,64.964,12.723,2.24196458752898,0.11963698796824,2.27951592356688,0.89471,35.698,999
2000,14/04/2000,105,0,15-Apr,7,none,out,-1,0,1994,0.000,105,0,0,318,-1,21,2039,0,0,0,0,0,,16047.233,6418.893,61.832,0,88.07,88.07,2.017,8765.496,8767.513,131381.633,0.668,0,0,1336.8,102.575,860.074,453.096,0,279.144,279.144,40.854,8857.046,5.938,8862.983,134007.229,0,0,13.299,0.909,0.089,1.518,0.066,3975.671,366.661,0,0.5,0,0.2,0,0,22.776,30.122,20.568,136,Burdekin,AyrDPI,Mulg,1958,Furrow,BareFallow,35,Surf1,200,200,HighFreq,0,P2R,15AprV1R4,T4,1336.8,453.096,962.649,1241.793,2.516,1.607,0,0,0,,0,999
2001,14/07/2001,195,2000,15-Apr,8,sugar,alive,0,456,2000,14/4/2000,105,0,0,318,2001,21,2039,9717.56,8714.42,7836.39,243.475,4391.37,,0,0,0,19.285,183.077,183.077,5.938,8857.046,8862.983,134007.229,0.67,42,8400,673.5,398.988,6752.511,460.809,1634.171,391.825,2025.996,132.234,8714.401,2.117,8716.518,130385.356,200,318.036,382.942,30.178,1.322,41.229,5.864,7380.721,368.939,0.985,6011.3,22,2404.5,0,0,17.62,28.396,18.917,52,Burdekin,AyrDPI,Mulg,1958,Furrow,BareFallow,35,Surf1,200,200,HighFreq,0,P2R,15AprV1R4,T4,9073.5,8860.809,7151.499,7543.324,72.729,42.551,2.74777393350878,0.120175459378992,2.75112994350283,1.217375,43.914,999
2002,14/08/2002,226,2001,15-Apr,8,sugar,alive,1,396,2000,14/7/2001,105,0,0,318,2002,21,2039,6687.31,5925.7,5304.71,162.761,3180.06,,21099.597,8439.84,82.293,21.132,79.082,79.082,2.117,8714.401,8716.518,130385.356,0.661,38,7600,787.8,438.866,6236.016,294.608,1342.781,371.85,1714.631,75.7,8707.112,1.227,8708.339,130564.937,200,257.256,311.903,20.672,0.381,12.513,4.023,7136.694,370.95,0.947,4203.7,15.4,1681.5,0,0,18.013,30.094,20.88,206,Burdekin,AyrDPI,Mulg,1958,Furrow,BareFallow,35,Surf1,200,200,HighFreq,0,P2R,15AprV1R4,T4,8387.8,7894.608,6674.882,7046.732,33.566,12.894,2.06167297983636,0.0949247972304245,2.02187577639752,0.813805,31.801,999
2003,14/09/2003,257,2002,15-Apr,8,sugar,alive,2,396,2000,14/8/2002,105,0,0,318,2003,21,2039,6724.58,5958.88,5349.21,164.079,3069.75,,15325.233,6130.094,58.346,20.112,77.368,77.368,1.227,8707.112,8708.339,130564.937,0.661,41,8200,472.6,1142.429,5866.226,191.657,1313.524,355.36,1668.884,49.256,8713.883,1.338,8715.221,130686.16,200,220.549,295.345,39.27,0.465,17.054,7.405,6818.475,372.997,0.955,4426.8,16.2,1770.7,0,0,17.961,29.61,20.889,51,Burdekin,AyrDPI,Mulg,1958,Furrow,BareFallow,35,Surf1,200,200,HighFreq,0,P2R,15AprV1R4,T4,8672.6,8391.657,7008.655,7364.015,56.789,17.519,1.95526342413662,0.0983165995958976,1.89686705202312,0.820395,30.698,999
2004,13/10/2004,287,2003,15-Apr,8,sugar,alive,3,395,2000,14/9/2003,105,0,0,318,2004,21,2039,7235.46,6470.97,5786.61,178.613,3622.46,,15453.41,6181.364,58.81,22.046,72.429,72.429,1.338,8713.883,8715.221,130686.16,0.659,39,7800,740.2,830.1,6025.985,290.289,1353.671,332.408,1686.079,49.144,8706.699,1.473,8708.171,130565.999,200,234.681,308.556,37.113,0.644,18.439,6.954,7057.72,375.073,0.959,4571.9,16.7,1828.7,0,0,18.289,29.817,20.803,173.2,Burdekin,AyrDPI,Mulg,1958,Furrow,BareFallow,35,Surf1,200,200,HighFreq,0,P2R,15AprV1R4,T4,8540.2,8090.289,6856.085,7188.493,56.196,19.083,2.20774560710996,0.105933944969364,2.16500606060606,0.893065,36.225,999
2005,13/11/2005,317,2004,15-Apr,8,sugar,alive,4,396,2000,13/10/2004,105,0,0,318,2005,21,2039,7542.32,6684.92,6003.45,184.902,3783.27,,16201.284,6480.515,63.16,22.267,70.465,70.465,1.473,8706.699,8708.171,130565.999,0.655,42,8400,746.3,603.934,6814.19,246.673,1403.188,323.515,1726.702,55.767,8696.218,1.637,8697.856,130396.025,200,241.306,314.126,35.587,0.256,19.369,6.638,7299.001,377.19,0.96,4600.6,16.9,1840.2,0,0,18.873,29.912,20.558,143.4,Burdekin,AyrDPI,Mulg,1958,Furrow,BareFallow,35,Surf1,200,200,HighFreq,0,P2R,15AprV1R4,T4,9146.3,8646.673,7418.124,7741.639,55.212,19.625,2.13841786314806,0.107083909093752,2.08928813559322,0.92451,37.833,999
2006,15/04/2006,105,0,15-Apr,8,none,out,-1,0,2000,0.000,105,0,0,318,-1,21,2039,0,0,0,0,0,,16990.891,6796.356,67.25,0,71.938,71.938,1.637,8696.218,8697.856,130396.025,0.653,0,0,756,1.601,443.91,311.522,0,201.566,201.566,20.779,8795.805,3.217,8799.021,133467.329,0,0,5.873,0.316,0.002,0.344,0.026,3731.479,378.025,0.001,0.8,0,0.3,0,0,23.05,32.354,21.641,178.4,Burdekin,AyrDPI,Mulg,1958,Furrow,BareFallow,35,Surf1,200,200,HighFreq,0,P2R,15AprV1R4,T4,756,311.522,445.511,647.077,0.662,0.346,0,0,0,,0,999
2007,15/07/2007,196,2006,15-Apr,9,sugar,alive,0,456,2006,15/4/2006,105,0,0,318,2007,21,2039,9420.87,8527.69,7623.97,238.07,4421.13,,0,0,0,19.942,180.862,180.862,3.217,8795.805,8799.021,133467.329,0.654,42,8400,1059.4,484.244,6967.013,511.8,1615.182,422.427,2037.609,148.24,8659.317,1.608,8660.925,129580.465,200,310.183,375.732,25.82,1.763,43.313,4.905,7538.046,380.529,0.978,5428.8,19.9,2171.5,0,0,17.476,28.166,18.606,130.2,Burdekin,AyrDPI,Mulg,1958,Furrow,BareFallow,35,Surf1,200,200,HighFreq,0,P2R,15AprV1R4,T4,9459.4,8911.8,7451.257,7873.684,70.896,45.076,2.67140196144438,0.11683792130875,2.69005649717514,1.19035,44.211,999
2008,14/08/2008,227,2007,15-Apr,9,sugar,alive,1,396,2006,15/7/2007,105,0,0,318,2008,21,2039,6123.92,5484.82,4838.83,149.377,2759.76,,19888.123,7955.25,78.346,19.824,151.397,151.397,1.608,8659.317,8660.925,129580.465,0.648,36,7200,1333.5,703.427,6355.511,508.753,1098.986,378.244,1477.23,92.198,8664.574,1.194,8665.768,129922.05,200,233.359,290.885,19.519,0.387,20.839,3.8,6618.584,382.731,0.904,3344.6,12.3,1337.8,0,0,17.627,28.579,19.221,108.2,Burdekin,AyrDPI,Mulg,1958,Furrow,BareFallow,35,Surf1,200,200,HighFreq,0,P2R,15AprV1R4,T4,8533.5,7708.753,7058.938,7437.182,40.745,21.226,1.93775828593808,0.101119663153334,1.95264052287582,0.746885,27.598,999
2009,14/09/2009,257,2008,15-Apr,9,sugar,alive,2,396,2006,14/8/2008,105,0,0,318,2009,21,2039,6173.97,5510.87,4834.52,148.86,2782.57,,13766.198,5506.479,53.141,20.092,148.729,148.729,1.194,8664.574,8665.768,129922.05,0.649,35,7000,1792.3,1169.8,6227.025,446.574,1122.161,351.207,1473.368,61.879,8663.602,1.601,8665.204,129818.634,200,208.003,292.979,40.911,0.645,28.202,7.593,6439.118,384.976,0.921,3625.3,13.3,1450.1,0,0,18.267,29.263,18.871,197.2,Burdekin,AyrDPI,Mulg,1958,Furrow,BareFallow,35,Surf1,200,200,HighFreq,0,P2R,15AprV1R4,T4,8792.3,7446.574,7396.825,7748.032,69.758,28.847,1.99904009548552,0.101033821828627,1.99812080536913,0.7443,27.826,999
2010,15/10/2010,288,2009,15-Apr,9,sugar,alive,3,396,2006,14/9/2009,105,0,1,318,2010,20,2039,6874.58,6119.58,5401.38,165.988,3038.04,,14466.863,5786.745,56.323,19.612,70.835,70.835,1.601,8663.602,8665.204,129818.634,0.646,39,7800,1233.5,952.876,6512.314,470.585,1181.693,312.489,1494.183,56.986,8656.572,1.669,8658.241,129729.125,200,229.725,302.831,36.871,0.54,20.472,6.946,6755.266,387.263,0.947,4188.5,15.3,1675.4,0,0,19.235,29.315,18.605,135.2,Burdekin,AyrDPI,Mulg,1958,Furrow,BareFallow,35,Surf1,200,200,HighFreq,0,P2R,15AprV1R4,T4,9033.5,8270.585,7465.19,7777.679,57.883,21.012,2.00696806815963,0.111089471637678,2.01197575757576,0.82994,30.38,999
2011,15/11/2011,319,2010,15-Apr,9,sugar,alive,4,396,2006,15/10/2010,105,0,1,319,2011,20,2040,6493.3,5838.79,5163.34,160.938,3306.68,,16082.437,6432.975,61.627,22.372,144.963,144.963,1.669,8656.572,8658.241,129729.125,0.644,34,6800,1310.7,622.163,6076.76,689.982,1101.817,382.762,1484.579,53.757,8651.511,1.741,8653.252,129629.976,200,199.002,292.394,54.243,0.341,29.205,10.111,6526.69,389.58,0.876,2976.4,10.9,1190.6,0,0,17.957,28.627,18.585,81.4,Burdekin,AyrDPI,Mulg,1958,Furrow,BareFallow,35,Surf1,200,200,HighFreq,0,P2R,15AprV1R4,T4,8110.7,7489.982,6698.923,7081.685,83.789,29.546,2.14871010370919,0.108406490998458,2.21983448275862,0.80469,33.067,999
2012,14/04/2012,105,0,15-Apr,9,none,out,-1,0,2006,0.000,105,0,1,319,-1,20,2040,0,0,0,0,0,,13834.646,5533.858,56.125,0,72.161,72.161,1.741,8651.511,8653.252,129629.976,0.642,0,0,941.8,80.44,487.771,433.888,0,264.84,264.84,23.362,8738.5,5.249,8743.749,131980.113,0,0,9.561,0.611,0.072,0.587,0.044,3642.287,390.476,0,0.4,0,0.2,0,0,22.474,31.535,20.384,197.4,Burdekin,AyrDPI,Mulg,1958,Furrow,BareFallow,35,Surf1,200,200,HighFreq,0,P2R,15AprV1R4,T4,941.8,433.888,568.211,833.051,1.27,0.659,0,0,0,,0,999
2013,14/07/2013,195,2012,15-Apr,10,sugar,alive,0,456,2012,14/4/2012,105,0,0,318,2013,21,2039,9276.19,8319.73,7486.37,232.827,4240.34,,0,0,0,19.501,180.91,180.91,5.249,8738.5,8743.749,131980.113,0.643,44,8800,732,466.422,7195.535,380.836,1550.987,423.1,1974.087,149.106,8599.578,1.868,8601.445,128716.291,200,304.424,379.487,33.466,2.53,44.008,6.51,6820.645,393.212,0.982,5704.8,20.9,2281.9,0,0,17.447,28.351,18.992,178.6,Burdekin,AyrDPI,Mulg,1958,Furrow,BareFallow,35,Surf1,200,200,HighFreq,0,P2R,15AprV1R4,T4,9532,9180.836,7661.957,8085.057,80.004,46.538,2.53601088179769,0.117941610476134,2.51704864864865,1.164135,42.403,999
2014,14/08/2014,226,2013,15-Apr,10,sugar,alive,1,396,2012,14/7/2013,105,0,0,318,2014,21,2039,6521.71,5787.37,5163.71,158.518,3007.94,,20062.567,8025.026,78.884,20.44,76.866,76.866,1.868,8599.578,8601.445,128716.291,0.636,38,7600,683.8,567.67,6169.916,325.754,1181.503,340.303,1521.807,76.192,8607.772,1.051,8608.822,129112.831,200,239.276,291.524,20.072,0.341,12.582,3.928,6631.944,395.623,0.945,4155.9,15.2,1662.4,0,0,18.053,29.107,19.596,86.2,Burdekin,AyrDPI,Mulg,1958,Furrow,BareFallow,35,Surf1,200,200,HighFreq,0,P2R,15AprV1R4,T4,8283.8,7925.754,6737.586,7077.889,32.995,12.923,2.00003684192066,0.104164325699645,1.96916770186335,0.79259,30.079,999
2015,14/09/2015,257,2014,15-Apr,10,sugar,alive,2,396,2012,14/8/2014,105,0,0,318,2015,21,2039,6399.61,5668.57,5113.58,156.769,2932.36,,15075.476,6030.19,57.277,20.107,101.273,101.273,1.051,8607.772,8608.822,129112.831,0.637,42,8400,418.6,916.452,6300.84,260.663,1269.002,361.679,1630.681,56.719,8608.472,1.391,8609.863,129074.678,200,220.233,295.417,32.243,0.361,27.393,6.068,6787.357,398.072,0.949,4244.3,15.5,1697.7,0,0,18.088,29.909,20.707,83.4,Burdekin,AyrDPI,Mulg,1958,Furrow,BareFallow,35,Surf1,200,200,HighFreq,0,P2R,15AprV1R4,T4,8818.6,8660.663,7217.292,7578.971,59.997,27.754,1.81012700759746,0.0961371353440679,1.7714011299435,0.783845,29.324,999
2016,13/10/2016,287,2015,15-Apr,10,sugar,alive,3,395,2012,14/9/2015,105,0,0,318,2016,21,2039,6991.97,6175.37,5507.95,168.534,3267.69,,14538.892,5815.557,54.892,20.948,71.901,71.901,1.391,8608.472,8609.863,129074.678,0.635,40,8000,554.6,901.017,6032.275,304.04,1292.522,319.606,1612.128,48.862,8604.396,1.645,8606.041,128997.064,200,229.29,304.315,34.554,0.627,21.367,6.494,6865.37,400.552,0.961,4645.9,17,1858.4,0,0,19.408,30.07,19.21,43.6,Burdekin,AyrDPI,Mulg,1958,Furrow,BareFallow,35,Surf1,200,200,HighFreq,0,P2R,15AprV1R4,T4,8554.6,8304.04,6933.292,7252.898,56.548,21.994,2.02954224690633,0.104541326743286,1.99448520710059,0.84267,32.677,999
2017,13/11/2017,317,2016,15-Apr,10,sugar,alive,4,396,2012,13/10/2016,105,0,0,318,2017,21,2039,7300.9,6504.62,5715.81,176.149,3396.84,,16563.204,6625.281,63.654,20.819,81.08,81.08,1.645,8604.396,8606.041,128997.064,0.632,40,8000,933.4,704.922,6515.597,501.954,1356.402,308.37,1664.771,47.188,8598.808,1.706,8600.514,128879.756,200,230.922,306.716,42.657,0.678,15.275,7.915,7121.593,403.076,0.945,4153,15.2,1661.2,0,0,18.877,30.034,18.44,107.8,Burdekin,AyrDPI,Mulg,1958,Furrow,BareFallow,35,Surf1,200,200,HighFreq,0,P2R,15AprV1R4,T4,8933.4,8501.954,7220.519,7528.889,58.61,15.953,2.0718648912944,0.105809748007384,2.08460355029586,0.880745,33.968,999
2018,16/04/2018,106,0,15-Apr,10,none,out,-1,0,2012,0.000,106,1,0,319,-1,21,2039,0,0,0,0,0,,17003.343,6801.337,65.751,0,129.189,129.189,1.706,8598.808,8600.514,128879.756,0.63,0,0,590.8,55.397,300.282,276.999,0,203.818,203.818,14.121,8694.754,3.9,8698.654,131752.516,0,0,5.43,0.263,0.056,0.163,0.021,3809.4,404.077,0.001,0.8,0,0.3,0,0,22.086,31.595,18.671,130.4,Burdekin,AyrDPI,Mulg,1958,Furrow,BareFallow,35,Surf1,200,200,HighFreq,0,P2R,15AprV1R4,T4,590.8,276.999,355.679,559.497,0.482,0.219,0,0,0,,0,999
2019,16/07/2019,197,2018,15-Apr,11,sugar,alive,0,456,2018,16/4/2018,106,1,0,319,2019,20,2039,8461.19,7581.84,6713.23,207.628,3328.66,,0,0,0,16.819,160.492,160.492,3.9,8694.754,8698.654,131752.516,0.632,40,8000,1216.9,599.383,6839.732,415.349,1479.575,356.627,1836.202,131.901,8553.681,2.055,8555.735,127950.915,200,313.879,379.663,28.134,1.992,40.195,5.494,7324.822,407.053,0.98,5576.6,20.4,2230.7,0,0,17.883,29.192,16.746,92.8,Burdekin,AyrDPI,Mulg,1958,Furrow,BareFallow,35,Surf1,200,200,HighFreq,0,P2R,15AprV1R4,T4,9216.9,8415.349,7439.115,7795.742,70.321,42.187,2.46725358627432,0.113074705288416,2.45713609467456,1.03814,33.287,999
2020,15/08/2020,228,2019,15-Apr,11,sugar,alive,1,396,2018,16/7/2019,106,1,0,319,2020,20,2039,6670.81,5913.83,5260.69,161.485,2955.87,,19597.861,7839.145,79.471,19.614,102.076,102.076,2.055,8553.681,8555.735,127950.915,0.626,38,7600,1063.1,515.08,6538.016,437.291,1257.371,338.291,1595.661,83.316,8551.232,1.294,8552.526,128174.432,200,236.879,299.261,20.863,0.438,24.145,4.082,6600.249,409.668,0.941,4053.6,14.9,1621.4,0,0,17.914,29.554,18.515,327.8,Burdekin,AyrDPI,Mulg,1958,Furrow,BareFallow,35,Surf1,200,200,HighFreq,0,P2R,15AprV1R4,T4,8663.1,8037.291,7053.096,7391.387,45.446,24.583,2.00919687989398,0.101202573729633,2.0060248447205,0.807425,29.559,999
2021,15/09/2021,258,2020,15-Apr,11,sugar,alive,2,396,2018,15/8/2020,106,1,0,319,2021,20,2039,6065.15,5371.97,4719.96,144.585,2704.4,,15431.579,6172.632,60.028,20.107,116.418,116.418,1.294,8551.232,8552.526,128174.432,0.627,39,7800,1075.5,1119.445,6333.208,331.042,1070.188,318.822,1389.01,60.722,8560.154,1.315,8561.469,128324.697,200,203.194,287.502,38.025,0.572,27.996,7.044,6425.75,412.327,0.921,3623.7,13.3,1449.5,0,0,18.813,29.303,17.235,132.4,Burdekin,AyrDPI,Mulg,1958,Furrow,BareFallow,35,Surf1,200,200,HighFreq,0,P2R,15AprV1R4,T4,8875.5,8131.042,7452.653,7771.475,66.593,28.568,1.77818537894651,0.10409212316686,1.75254545454545,0.722925,27.044,999
1959,15/04/1959,105,0,15-Apr,0,none,out,-1,0,-1,0.000,105,0,0,318,-1,21,2039,0,0,0,0,0,,0,0,0,0,0,0,0,0,0,0,0.89,0,0,680.2,0,344.03,336.17,0,225.065,225.065,15.793,9503.106,35.83,9538.935,141750.739,0,0,37.752,4.124,0,0.996,0.67,1071.675,350,0.001,0.8,0,0.3,0,0,21.816,30.221,18.76,162.8,Burdekin,AyrDPI,Mulg,1959,Furrow,BareFallow,35,Surf1,200,200,HighFreq,0,P2R,15AprV1R4,T4,680.2,336.17,344.03,569.095,5.12,0.996,0,0,0,,0,999
1960,14/07/1960,196,1959,15-Apr,1,sugar,alive,0,456,1959,15/4/1959,105,0,0,318,1960,21,2039,8437.55,7567.45,6733.91,209,3755.75,,0,0,0,19.203,140.656,140.656,35.83,9503.106,9538.935,141750.739,0.884,42,8400,1153.2,468.75,7254.697,543.785,1455.479,416.522,1872.002,139.7,9422.057,0.728,9422.785,141554.985,200,237.74,309.719,59.35,0.86,55.988,11.765,3364.203,350,0.981,5670.9,20.8,2268.4,0,0,17.069,28.071,18.912,210.1,Burdekin,AyrDPI,Mulg,1959,Furrow,BareFallow,35,Surf1,200,200,HighFreq,0,P2R,15AprV1R4,T4,9553.2,8943.785,7723.447,8139.969,116.198,56.848,2.33681824864976,0.111645179866261,2.36158192090396,1.045,37.557,999
1961,14/08/1961,226,1960,15-Apr,1,sugar,alive,1,396,1959,14/7/1960,105,0,0,318,1961,21,2039,5772.25,5127.76,4515.25,138.486,2686.48,,19301.249,7720.5,75.054,20.961,98.406,98.406,0.728,9422.057,9422.785,141554.985,0.867,38,7600,498.3,521.055,6053.728,263.275,1130.754,382.122,1512.876,76.561,9435.101,1.109,9436.211,142742.382,200,223.263,281.848,20.596,0.001,15.014,4.113,5364.265,350,0.914,3502.8,12.8,1401.1,0,0,16.793,28.667,20.656,63.2,Burdekin,AyrDPI,Mulg,1959,Furrow,BareFallow,35,Surf1,200,200,HighFreq,0,P2R,15AprV1R4,T4,8098.3,7863.275,6574.783,6956.905,35.611,15.015,1.76117457420731,0.0915382357840299,1.72032298136646,0.69243,26.865,999
1962,14/09/1962,257,1961,15-Apr,1,sugar,alive,2,396,1959,14/8/1961,105,0,0,318,1962,21,2039,6336.24,5640.37,4940.63,151.665,2863.24,,13661.918,5464.767,52.916,20.321,109.047,109.047,1.109,9435.101,9436.211,142742.382,0.862,38,7600,937.4,911.492,6084.526,473.909,1229.571,346.837,1576.407,49.692,9427.114,1.1,9428.214,143412.777,200,211.88,300.905,39.678,0.072,31.599,7.495,5555.268,350,0.94,4020.6,14.7,1608.2,0,0,17.109,29.133,20.274,102.1,Burdekin,AyrDPI,Mulg,1959,Furrow,BareFallow,35,Surf1,200,200,HighFreq,0,P2R,15AprV1R4,T4,8537.4,8073.909,6996.018,7342.855,71.349,31.671,1.87845812976094,0.0962092911284966,1.88403726708075,0.758325,28.632,999
1963,14/10/1963,287,1962,15-Apr,1,sugar,alive,3,395,1959,14/9/1962,105,0,0,318,1963,21,2039,6594.13,5953.88,5138,158.894,2938.57,,15280.18,6112.073,60.494,19.847,74.021,74.021,1.1,9427.114,9428.214,143412.777,0.853,36,7200,1159.2,839.697,5975.25,466.619,1239.38,315.19,1554.569,44.775,9413.11,1.5,9414.61,143870.8,200,226.037,312.139,44.122,0.14,20.593,8.273,5956.094,350,0.939,3996.6,14.6,1598.6,0,0,17.278,29.174,19.607,91.9,Burdekin,AyrDPI,Mulg,1959,Furrow,BareFallow,35,Surf1,200,200,HighFreq,0,P2R,15AprV1R4,T4,8359.2,7666.619,6814.947,7130.137,64.855,20.733,2.07254332059543,0.102210966512262,2.07704575163399,0.79447,29.386,999
1964,13/11/1964,318,1963,15-Apr,1,sugar,alive,4,396,1959,14/10/1963,105,0,0,318,1964,21,2039,7059.64,6286.85,5453.55,167.76,3132.02,,15774.217,6309.687,64.637,20.064,63.703,63.703,1.5,9413.11,9414.61,143870.8,0.845,38,7600,609.9,670.724,5795.537,347.927,1416.98,313.9,1730.88,38.096,9387.841,2.015,9389.856,144057.09,200,242.498,329.387,43.477,0.074,21.286,8.13,6650.381,350,0.93,3789.7,13.9,1515.9,0,0,18.207,29.941,19.626,92.7,Burdekin,AyrDPI,Mulg,1959,Furrow,BareFallow,35,Surf1,200,200,HighFreq,0,P2R,15AprV1R4,T4,8209.9,7947.927,6466.261,6780.161,64.837,21.36,2.11073906441265,0.0969217970049917,2.0839751552795,0.8388,31.32,999
1965,15/04/1965,105,0,15-Apr,1,none,out,-1,0,1959,0.000,105,0,0,318,-1,21,2039,0,0,0,0,0,,16873.068,6749.227,68.143,0,76.461,76.461,2.015,9387.841,9389.856,144057.09,0.836,0,0,672.7,38.842,351.745,316.397,0,194.089,194.089,15.573,9469.761,16.496,9486.257,146383.888,0,0,20.489,1.557,0.003,1.053,0.125,4158.269,350,0,0.7,0,0.3,0,0,20.666,31.784,21.473,107.4,Burdekin,AyrDPI,Mulg,1959,Furrow,BareFallow,35,Surf1,200,200,HighFreq,0,P2R,15AprV1R4,T4,672.7,316.397,390.587,584.676,2.613,1.056,0,0,0,,0,999
1966,15/07/1966,196,1965,15-Apr,2,sugar,alive,0,456,1965,15/4/1965,105,0,0,318,1966,21,2039,9071.62,8160.84,7204.86,223.95,3897.76,,0,0,0,18.508,164.485,164.485,16.496,9469.761,9486.257,146383.888,0.836,44,8800,465.4,349.132,6992.35,292.536,1602.773,406.149,2008.922,139.68,9322.648,1.759,9324.407,143704.815,200,303.313,382.633,51.895,0.017,48.743,10.193,6258.881,350,0.978,5427.1,19.9,2170.9,0,0,17.033,28.275,19.056,102.9,Burdekin,AyrDPI,Mulg,1959,Furrow,BareFallow,35,Surf1,200,200,HighFreq,0,P2R,15AprV1R4,T4,9265.4,9092.536,7341.482,7747.631,100.655,48.76,2.46300921987001,0.11147769798927,2.42108108108108,1.11975,38.978,999
1967,15/08/1967,227,1966,15-Apr,2,sugar,alive,1,396,1965,15/7/1966,105,0,0,318,1967,21,2039,6334.17,5645.98,4937.06,152.198,2932.49,,20480.552,8192.219,82.074,20.799,79.481,79.481,1.759,9322.648,9324.407,143704.815,0.818,37,7400,834,549.228,6128.414,344.169,1159.116,376.844,1535.96,86.044,9314.778,1.281,9316.059,143871.319,200,242.196,304.735,30.046,0.014,13.667,5.798,6655.085,350,0.913,3488.8,12.8,1395.5,0,0,17.814,28.509,19.254,154.9,Burdekin,AyrDPI,Mulg,1959,Furrow,BareFallow,35,Surf1,200,200,HighFreq,0,P2R,15AprV1R4,T4,8234,7744.169,6677.642,7054.486,43.727,13.681,1.96532384559273,0.0990898200473971,1.93882802547771,0.76099,29.325,999
1968,14/09/1968,258,1967,15-Apr,2,sugar,alive,2,396,1965,15/8/1967,105,0,0,318,1968,21,2039,6630.48,5923.29,5214.61,160.5,3049.85,,14840.936,5936.374,58.714,20.473,99.879,99.879,1.281,9314.778,9316.059,143871.319,0.814,38,7600,1458.4,1004.947,6575.155,466.679,1163.39,341.324,1504.713,65.773,9307.79,1.309,9309.099,143922.26,200,222.344,305.548,43.809,0.096,21.226,8.239,6571.208,350,0.946,4156.9,15.2,1662.8,0,0,17.894,28.57,20.086,187.9,Burdekin,AyrDPI,Mulg,1959,Furrow,BareFallow,35,Surf1,200,200,HighFreq,0,P2R,15AprV1R4,T4,9058.4,8066.679,7580.102,7921.426,65.131,21.322,1.9896663794357,0.106664859012981,1.99378881987578,0.8025,30.498,999
1969,14/10/1969,287,1968,15-Apr,2,sugar,alive,3,395,1965,14/9/1968,105,0,0,318,1969,21,2039,6733.64,6005.12,5235.95,160.897,3033.7,,15568.332,6227.332,61.865,20.292,73.463,73.463,1.309,9307.79,9309.099,143922.26,0.808,43,8600,202.9,1090.9,6050.155,134.865,1334.335,334.742,1669.076,44.053,9292.171,1.569,9293.74,143568.339,200,234.601,317.167,41.668,0.232,19.935,7.77,7036.034,350,0.954,4385.4,16.1,1754.2,0,0,17.557,29.56,20.698,46.5,Burdekin,AyrDPI,Mulg,1959,Furrow,BareFallow,35,Surf1,200,200,HighFreq,0,P2R,15AprV1R4,T4,8802.9,8734.865,7141.055,7475.797,61.835,20.167,1.8420090064357,0.0963988458284703,1.77786740331492,0.804485,30.337,999
1970,14/11/1970,318,1969,15-Apr,2,sugar,alive,4,396,1965,14/10/1969,105,0,0,318,1970,21,2039,7689.23,6887.61,6005.53,185.829,3606.68,,16457.908,6583.162,66.686,20.973,66.231,66.231,1.569,9292.171,9293.74,143568.339,0.799,42,8400,761.7,726,6630.425,447.977,1465.454,314.349,1779.803,51.177,9262.474,2.582,9265.056,142851.817,200,252.805,332.988,43.086,0.225,18.033,8.009,7756.708,350,0.938,3970.3,14.5,1588.1,0,0,18.289,29.657,20.574,133.6,Burdekin,AyrDPI,Mulg,1959,Furrow,BareFallow,35,Surf1,200,200,HighFreq,0,P2R,15AprV1R4,T4,9161.7,8847.977,7356.425,7670.774,61.344,18.258,2.10024280126406,0.104409870081127,2.09976271186441,0.929145,36.067,999
1971,15/04/1971,105,0,15-Apr,2,none,out,-1,0,1965,0.000,105,0,0,318,-1,21,2039,0,0,0,0,0,,17686.146,7074.459,71.244,0,91.704,91.704,2.582,9262.474,9265.056,142851.817,0.792,0,0,891.5,53.694,451.706,422.557,0,323.801,323.801,21.503,9352.826,12.751,9365.577,145096.985,0,0,17.585,0.991,0.015,1.049,0.083,4641.332,350,0,0.4,0,0.2,0,0,21.951,31.08,20.37,220,Burdekin,AyrDPI,Mulg,1959,Furrow,BareFallow,35,Surf1,200,200,HighFreq,0,P2R,15AprV1R4,T4,891.5,422.557,505.4,829.201,2.055,1.064,0,0,0,,0,999
1972,14/07/1972,196,1971,15-Apr,3,sugar,alive,0,456,1971,15/4/1971,105,0,0,318,1972,21,2039,8724.54,7872.5,6883.5,213.681,3656.59,,0,0,0,18.148,154.003,154.003,12.751,9352.826,9365.577,145096.985,0.792,41,8200,1556.2,595.462,7232.912,576.397,1576.723,409.623,1986.347,137.8,9183.652,1.933,9185.585,141771.233,200,323.746,402.143,45.971,0.128,50.873,9.041,6787.071,350,0.981,5626.6,20.6,2250.6,0,0,16.519,28.374,18.892,206.2,Burdekin,AyrDPI,Mulg,1959,Furrow,BareFallow,35,Surf1,200,200,HighFreq,0,P2R,15AprV1R4,T4,9756.2,8776.397,7828.374,8237.997,96.972,51.001,2.43472349758107,0.10757485978029,2.47030057803468,1.068405,36.566,999
1973,14/08/1973,226,1972,15-Apr,3,sugar,alive,1,396,1971,14/7/1972,105,0,0,318,1973,21,2039,6438.67,5705.06,5017.33,154.011,2629.57,,20431.542,8172.617,85.607,18.101,95.482,95.482,1.933,9183.652,9185.585,141771.233,0.777,35,7000,1040.8,617.731,5859.004,496.124,1181.751,365.433,1547.185,82.97,9176.405,1.691,9178.096,141855.602,200,246.232,307.6,26.826,0.071,14.948,5.195,6846.637,350,0.921,3621,13.3,1448.4,0,0,17.642,28.812,19.734,108.5,Burdekin,AyrDPI,Mulg,1959,Furrow,BareFallow,35,Surf1,200,200,HighFreq,0,P2R,15AprV1R4,T4,8040.8,7496.124,6476.735,6842.168,41.845,15.019,2.05454178719562,0.099542717903806,2.06726174496644,0.770055,26.296,999
1974,14/09/1974,257,1973,15-Apr,3,sugar,alive,2,396,1971,14/8/1973,105,0,0,318,1974,21,2039,5947.82,5367.15,4563.51,140.91,2496.47,,15159.229,6063.691,59.105,18.892,112.362,112.362,1.691,9176.405,9178.096,141855.602,0.775,28,5600,2022,1018.416,5298.035,663.14,1009.41,333.535,1342.945,35.124,9173.909,1.534,9175.443,141929.998,200,205.799,294.989,49.862,0.165,24.615,9.332,6356.94,350,0.895,3215,11.8,1286,0,0,17.679,28.244,18.189,152.9,Burdekin,AyrDPI,Mulg,1959,Furrow,BareFallow,35,Surf1,200,200,HighFreq,0,P2R,15AprV1R4,T4,7622,6263.14,6316.451,6649.986,74.642,24.78,2.24982995749736,0.104926113876592,2.32909090909091,0.70455,24.965,999
1975,14/10/1975,287,1974,15-Apr,3,sugar,alive,3,395,1971,14/9/1974,105,0,0,318,1975,21,2039,7104.66,6355.79,5515.12,169.999,3236.91,,14499.435,5799.774,58.714,20.52,74.966,74.966,1.534,9173.909,9175.443,141929.998,0.77,39,7800,780.5,769.739,6196.856,439.103,1253.819,341.423,1595.243,54.972,9151.701,1.511,9153.212,141716.12,200,236.952,317.308,44.227,0.245,21.419,8.3,6820.143,350,0.942,4074.5,14.9,1629.8,0,0,18.147,28.754,19.953,65,Burdekin,AyrDPI,Mulg,1959,Furrow,BareFallow,35,Surf1,200,200,HighFreq,0,P2R,15AprV1R4,T4,8580.5,8239.103,6966.595,7308.018,65.891,21.664,2.0633192715275,0.106566209662102,2.06059393939394,0.849995,32.369,999
1976,13/11/1976,318,1975,15-Apr,3,sugar,alive,4,396,1971,14/10/1975,105,0,0,318,1976,21,2039,7073.88,6358.27,5549.48,172.503,3461.51,,16974.344,6789.738,67.636,21.782,93.629,93.629,1.511,9151.701,9153.212,141716.12,0.763,35,7000,1934.3,969.025,6385.782,645.402,1236.245,338.276,1574.521,40.457,9140.886,2.214,9143.099,141510.708,200,224.182,313.76,45.873,0.516,22.159,8.4,7069.968,350,0.888,3127.5,11.5,1251,0,0,17.87,28.574,19.684,179.8,Burdekin,AyrDPI,Mulg,1959,Furrow,BareFallow,35,Surf1,200,200,HighFreq,0,P2R,15AprV1R4,T4,8934.3,7645.402,7354.807,7693.083,68.548,22.675,2.25629731438582,0.109559034144352,2.31547651006711,0.862515,34.615,999
1977,15/04/1977,105,0,15-Apr,3,none,out,-1,0,1971,0.000,105,0,0,318,-1,21,2039,0,0,0,0,0,,15615.775,6246.309,63.14,0,98.601,98.601,2.214,9140.886,9143.099,141510.708,0.758,0,0,1139.4,86.068,734.358,376.688,0,256.506,256.506,34.484,9221.237,16.047,9237.285,143342.735,0,0,21.954,1.601,0.07,1.513,0.129,4635.478,350,0,0.4,0,0.2,0,0,22.735,31.161,20.49,170.6,Burdekin,AyrDPI,Mulg,1959,Furrow,BareFallow,35,Surf1,200,200,HighFreq,0,P2R,15AprV1R4,T4,1139.4,376.688,820.426,1076.932,3.184,1.583,0,0,0,,0,999
1978,18/07/1978,199,1977,15-Apr,4,sugar,alive,0,459,1977,15/4/1977,105,0,3,318,1978,18,2039,9521.79,8578.81,7673.07,238.971,4131.7,,0,0,0,18.366,161.069,161.069,16.047,9221.237,9237.285,143342.735,0.758,43,8600,1028.3,461.283,7220.925,514.373,1580.762,414.796,1995.557,151.483,9071.257,1.833,9073.089,140050.852,200,311.534,386.085,44.677,0.172,51.041,8.808,6945.776,350,0.983,5839.1,21.4,2335.6,0,0,17.038,27.763,19.564,150.6,Burdekin,AyrDPI,Mulg,1959,Furrow,BareFallow,35,Surf1,200,200,HighFreq,0,P2R,15AprV1R4,T4,9628.3,9114.373,7682.208,8097.004,95.89,51.213,2.62191376192306,0.119751528019495,2.6405635359116,1.194855,41.317,999
1979,18/08/1979,230,1978,15-Apr,4,sugar,alive,1,396,1977,18/7/1978,105,0,3,321,1979,18,2042,5734.81,5136.23,4436.26,136.661,2523.25,,20677.365,8270.947,82.59,19.81,111.603,111.603,1.833,9071.257,9073.089,140050.852,0.744,35,7000,1583.7,665.096,6591.206,617.261,973.347,361.964,1335.311,85.396,9074.602,1.408,9076.01,139982.216,200,229.825,287.898,21.592,0.12,23.283,4.224,6951.354,350,0.889,3143.2,11.5,1257.3,0,0,17.725,28.063,18.798,350.7,Burdekin,AyrDPI,Mulg,1959,Furrow,BareFallow,35,Surf1,200,200,HighFreq,0,P2R,15AprV1R4,T4,8583.7,7617.261,7256.302,7618.266,44.995,23.403,1.79409632937614,0.102343948338627,1.83437583892617,0.683305,25.233,999
1980,17/09/1980,261,1979,15-Apr,4,sugar,alive,2,396,1977,18/8/1979,105,0,3,321,1980,18,2042,6806.62,6070.15,5358.4,165.041,3146.04,,13709.455,5483.781,53.588,20.546,103.689,103.689,1.408,9074.602,9076.01,139982.216,0.743,38,7600,778.5,901.599,5944.096,319.045,1194.47,365.928,1560.399,53.901,9057.057,1.439,9058.496,139370.212,200,227.568,313.669,46.357,0.444,22.228,8.681,7067.151,350,0.944,4110.5,15.1,1644.2,0,0,18.346,28.813,20.602,86.4,Burdekin,AyrDPI,Mulg,1959,Furrow,BareFallow,35,Surf1,200,200,HighFreq,0,P2R,15AprV1R4,T4,8378.5,7919.045,6845.695,7211.623,69.029,22.672,2.08410231284202,0.10576846050273,2.05019875776398,0.825205,31.46,999
1981,17/10/1981,290,1980,15-Apr,4,sugar,alive,3,395,1977,17/9/1980,105,0,3,321,1981,18,2042,6670.48,5949.53,5178.12,159.468,3118.61,,15803.843,6321.538,62.02,21.154,76.095,76.095,1.439,9057.057,9058.496,139370.212,0.737,36,7200,1125.6,941.741,5905.271,394.729,1156.687,314.721,1471.408,40.788,9050.1,1.579,9051.679,138900.682,200,225.256,305.701,40.921,0.416,20.475,7.636,7119.857,350,0.933,3859.3,14.1,1543.7,0,0,17.881,28.509,19.333,104.8,Burdekin,AyrDPI,Mulg,1959,Furrow,BareFallow,35,Surf1,200,200,HighFreq,0,P2R,15AprV1R4,T4,8325.6,7594.729,6847.012,7161.733,61.812,20.891,2.09971942382671,0.10837782586475,2.08454901960784,0.79734,31.186,999
1982,17/11/1982,321,1981,15-Apr,4,sugar,alive,4,396,1977,17/10/1981,105,0,3,321,1982,18,2042,6904.73,6211.1,5419.19,168.283,3313.63,,15965.441,6386.177,64.67,21.32,83.276,83.276,1.579,9050.1,9051.679,138900.682,0.733,40,8000,594.4,679.235,6289.494,350.645,1288.24,358.885,1647.125,54.083,9026.769,1.749,9028.518,138112.904,200,224.164,320.126,63.052,0.405,15.821,11.596,7345.668,350,0.927,3747.9,13.7,1499.1,0,0,17.67,29.244,20.371,47.4,Burdekin,AyrDPI,Mulg,1959,Furrow,BareFallow,35,Surf1,200,200,HighFreq,0,P2R,15AprV1R4,T4,8594.4,8350.645,6968.729,7327.614,79.278,16.226,2.01520960356954,0.102167716475677,1.99151479289941,0.841415,33.136,999
1983,18/04/1983,108,0,15-Apr,4,none,out,-1,0,1977,0.000,108,3,3,324,-1,16,2042,0,0,0,0,0,,15812.771,6325.109,65.51,0,61.821,61.821,1.749,9026.769,9028.518,138112.904,0.727,0,0,364.4,0.355,123.967,240.379,0,174.928,174.928,5.818,9117.565,7.08,9124.645,140203.551,0,0,8.388,0.257,0,0.141,0.03,4205.71,350,0.001,0.7,0,0.3,0,0,22.202,31.52,22.284,73,Burdekin,AyrDPI,Mulg,1959,Furrow,BareFallow,35,Surf1,200,200,HighFreq,0,P2R,15AprV1R4,T4,364.4,240.379,124.322,299.25,0.398,0.141,0,0,0,,0,999
1984,17/07/1984,199,1983,15-Apr,5,sugar,alive,0,456,1983,18/4/1983,108,3,0,321,1984,18,2039,8937.1,8013.7,7042.14,218.126,3949.59,,0,0,0,19.372,126.973,126.973,7.08,9117.565,9124.645,140203.551,0.729,42,8400,771.9,371.497,6895.853,493.725,1555.38,398.301,1953.681,124.71,8969.271,1.921,8971.192,135534.724,200,308.88,383.445,39.986,0.261,45.14,7.858,8132.691,350,0.983,5817.8,21.3,2327.1,0,0,17.649,28.237,18.184,95.4,Burdekin,AyrDPI,Mulg,1959,Furrow,BareFallow,35,Surf1,200,200,HighFreq,0,P2R,15AprV1R4,T4,9171.9,8893.725,7267.35,7665.651,85.387,45.401,2.45258314148459,0.111648728733094,2.46470056497175,1.09063,39.496,999
1985,17/08/1985,229,1984,15-Apr,5,sugar,alive,1,396,1983,17/7/1984,108,3,0,321,1985,18,2039,6204.44,5536.64,4868.84,149.963,2819.25,,21052.231,8420.893,85.098,20.224,77.843,77.843,1.921,8969.271,8971.192,135534.724,0.718,36,7200,859.7,591.84,5966.058,473.28,1133.312,362.704,1496.016,82.158,8965.414,1.279,8966.693,134780.51,200,236.775,299.817,34.115,0.272,10.914,6.537,7509.859,350,0.93,3795.5,13.9,1518.2,0,0,17.354,28.395,19.214,111.4,Burdekin,AyrDPI,Mulg,1959,Furrow,BareFallow,35,Surf1,200,200,HighFreq,0,P2R,15AprV1R4,T4,8059.7,7673.28,6557.898,6920.602,45.301,11.186,1.95435328829392,0.100241574956418,1.96030065359477,0.749815,28.192,999
1986,17/09/1986,260,1985,15-Apr,5,sugar,alive,2,396,1983,17/8/1985,108,3,0,321,1986,18,2039,6715.2,5987.13,5205.82,160.242,3045.03,,14578.689,5831.475,57.814,20.473,83.629,83.629,1.279,8965.414,8966.693,134780.51,0.717,39,7800,745.7,654.906,6283.453,375.41,1244.006,344.699,1588.705,50.617,8930.693,1.761,8932.454,133925.208,200,238.27,330.706,52.373,1.847,20.621,9.685,7351.165,350,0.932,3833.3,14,1533.3,0,0,18.107,29.036,18.861,117.8,Burdekin,AyrDPI,Mulg,1959,Furrow,BareFallow,35,Surf1,200,200,HighFreq,0,P2R,15AprV1R4,T4,8545.7,8175.41,6938.359,7283.058,74.841,22.468,1.96004848686488,0.100863281729459,1.94232727272727,0.80121,30.45,999
1987,17/10/1987,290,1986,15-Apr,5,sugar,alive,3,395,1983,17/9/1986,108,3,0,321,1987,18,2039,6968.06,6228.97,5463.01,168.57,3225.47,,16088.022,6435.209,64.408,20.635,102.265,102.265,1.761,8930.693,8932.454,133925.208,0.712,42,8400,411.3,817.203,6291.028,247.261,1356.156,377.669,1733.825,55.333,8907.465,1.638,8909.103,133545.898,200,235.654,322.26,52.175,1.666,15.999,9.697,7119.751,350,0.945,4152.1,15.2,1660.8,0,0,18.472,29.811,19.953,44,Burdekin,AyrDPI,Mulg,1959,Furrow,BareFallow,35,Surf1,200,200,HighFreq,0,P2R,15AprV1R4,T4,8811.3,8647.261,7108.231,7485.9,69.84,17.665,1.94940340068375,0.0972243450175191,1.90474576271186,0.84285,32.255,999
1988,16/11/1988,321,1987,15-Apr,5,sugar,alive,4,396,1983,17/10/1987,108,3,0,321,1988,18,2039,6800.19,6046.18,5332.46,164.633,3124.42,,16322.189,6528.874,65.412,20.443,71.508,71.508,1.638,8907.465,8909.103,133545.898,0.707,40,8000,981.3,659.978,6706.663,335.102,1249.618,361.23,1610.848,69.39,8888.388,2.022,8890.41,133207.908,200,229.716,318.997,51.221,1.257,18.992,9.524,7095.351,350,0.927,3730.5,13.7,1492.2,0,0,18.75,29.606,19.987,254,Burdekin,AyrDPI,Mulg,1959,Furrow,BareFallow,35,Surf1,200,200,HighFreq,0,P2R,15AprV1R4,T4,8981.3,8335.102,7366.641,7727.871,71.47,20.249,1.97517678847841,0.10220269075667,1.94831952662722,0.823165,31.244,999
1989,15/04/1989,105,0,15-Apr,5,none,out,-1,0,1983,0.000,105,0,0,321,-1,18,2039,0,0,0,0,0,,15646.641,6258.658,63.272,0,75.319,75.319,2.022,8888.388,8890.41,133207.908,0.703,0,0,1075.1,35.756,587.728,475.924,0,320.52,320.52,27.962,8981.607,6.44,8988.047,135370.51,0,0,11.121,0.972,0.048,1.084,0.07,4162.708,350,0,0.4,0,0.2,0,0,21.811,31.067,20.611,134.8,Burdekin,AyrDPI,Mulg,1959,Furrow,BareFallow,35,Surf1,200,200,HighFreq,0,P2R,15AprV1R4,T4,1075.1,475.924,623.484,944.004,2.104,1.132,0,0,0,,0,999
1990,15/07/1990,196,1989,15-Apr,6,sugar,alive,0,456,1989,15/4/1989,105,0,0,318,1990,21,2039,8706.6,7811.23,6897.98,214.28,4085.39,,0,0,0,20.551,206.414,206.414,6.44,8981.607,8988.047,135370.51,0.704,38,7600,1562.6,649.807,6649.723,684.057,1515.422,459.698,1975.12,131.681,8824.506,1.952,8826.458,132018.029,200,294.955,384.836,47.97,2.896,54.698,9.192,6651.296,350.462,0.975,5250.6,19.2,2100.2,0,0,17.385,28.018,18.506,103,Burdekin,AyrDPI,Mulg,1959,Furrow,BareFallow,35,Surf1,200,200,HighFreq,0,P2R,15AprV1R4,T4,9162.6,8284.057,7299.53,7759.228,105.564,57.594,2.58665530669333,0.108489610757827,2.66186335403727,1.0714,40.854,999
1991,15/08/1991,227,1990,15-Apr,6,sugar,alive,1,396,1989,15/7/1990,105,0,0,318,1991,21,2039,5985.61,5383.04,4708.29,145.526,2334.24,,19836.245,7934.496,80.895,16.829,94.363,94.363,1.952,8824.506,8826.458,132018.029,0.693,36,7200,1680.4,672.847,6769.886,419.865,1103.234,351.119,1454.353,103.976,8829.46,1.252,8830.712,132326.677,200,231.722,288.703,18.852,0.343,22.062,3.724,6423.375,352.128,0.903,3329.6,12.2,1331.8,0,0,16.827,28.484,19.182,204.4,Burdekin,AyrDPI,Mulg,1959,Furrow,BareFallow,35,Surf1,200,200,HighFreq,0,P2R,15AprV1R4,T4,8880.4,7619.865,7442.733,7793.852,41.257,22.405,1.90982386170884,0.100062364501603,1.90230065359477,0.72763,23.342,999
1992,14/09/1992,258,1991,15-Apr,6,sugar,alive,2,396,1989,15/8/1991,105,0,0,318,1992,21,2039,7009,6225.98,5584.81,171.697,3278.36,,13687.324,5474.93,53.078,20.585,77.678,77.678,1.252,8829.46,8830.712,132326.677,0.694,40,8000,643.5,834.792,6135.177,288.306,1321.772,347.263,1669.035,58.16,8820.356,1.378,8821.733,132241.368,200,228.316,304.597,38.465,0.598,21.33,7.273,6648.073,353.823,0.958,4537.5,16.6,1815,0,0,17.978,29.375,20.6,122.8,Burdekin,AyrDPI,Mulg,1959,Furrow,BareFallow,35,Surf1,200,200,HighFreq,0,P2R,15AprV1R4,T4,8643.5,8288.306,6969.969,7317.232,60.393,21.928,2.07155720360711,0.102872018861198,2.03191715976331,0.858485,32.784,999
1993,14/10/1993,287,1992,15-Apr,6,sugar,alive,3,395,1989,14/9/1992,105,0,0,318,1993,21,2039,7004.8,6217.33,5531.04,169.964,3479.02,,15962.473,6384.989,61.565,22.277,82.174,82.174,1.378,8820.356,8821.733,132241.368,0.689,41,8200,531.1,694.56,6415.505,332.351,1285.344,331.569,1616.914,56.921,8817.19,1.511,8818.702,132210.052,200,231.886,302.884,34.66,0.464,19.017,6.487,6966.276,355.556,0.953,4376,16,1750.4,0,0,17.951,29.038,20.484,72,Burdekin,AyrDPI,Mulg,1959,Furrow,BareFallow,35,Surf1,200,200,HighFreq,0,P2R,15AprV1R4,T4,8731.1,8532.351,7110.065,7441.634,54.141,19.481,1.99199493785476,0.105116289425412,1.96490173410405,0.84982,34.79,999
1994,14/11/1994,318,1993,15-Apr,6,sugar,alive,4,396,1989,14/10/1993,105,0,0,318,1994,21,2039,7291.03,6510.02,5813.26,179.596,3693.13,,16246.593,6498.638,63.001,22.393,86.295,86.295,1.511,8817.19,8818.702,132210.052,0.686,42,8400,365.6,708.482,6383.698,198.248,1354.835,334.064,1688.9,47.311,8812.859,1.659,8814.519,132153.446,200,227.416,299.866,33.889,0.225,27.433,6.44,7074.035,357.322,0.954,4384.3,16.1,1753.7,0,0,18.061,29.441,20.865,46.8,Burdekin,AyrDPI,Mulg,1959,Furrow,BareFallow,35,Surf1,200,200,HighFreq,0,P2R,15AprV1R4,T4,8765.6,8598.248,7092.18,7426.244,61.547,27.658,2.08875110371322,0.106339037243176,2.02933333333333,0.89798,36.931,999
1995,15/04/1995,105,0,15-Apr,6,none,out,-1,0,1989,0.000,105,0,0,318,-1,21,2039,0,0,0,0,0,,16287.729,6515.093,64.52,0,70.815,70.815,1.659,8812.859,8814.519,132153.446,0.682,0,0,352.3,0.547,109.131,243.152,0,197.697,197.697,5.115,8907.287,5.128,8912.415,135128.664,0,0,5.512,0.055,0,0.041,0.013,3627.471,358.015,0.001,0.9,0,0.4,0,0,22.668,31.676,22.661,55.2,Burdekin,AyrDPI,Mulg,1959,Furrow,BareFallow,35,Surf1,200,200,HighFreq,0,P2R,15AprV1R4,T4,352.3,243.152,109.678,307.375,0.096,0.041,0,0,0,,0,999
1996,14/07/1996,196,1995,15-Apr,7,sugar,alive,0,456,1995,15/4/1995,105,0,0,318,1996,21,2039,9989.45,8916.28,8029.62,248.704,4773.07,,0,0,0,20.706,115.741,115.741,5.128,8907.287,8912.415,135128.664,0.684,44,8800,667.7,341.099,7113.116,377.884,1670.195,378.594,2048.789,129.742,8756.888,1.943,8758.831,131012.477,200,331.488,397.955,29.91,1.976,36.089,5.967,8033.285,360.105,0.987,6248.2,22.9,2499.3,0,0,18.934,29.127,19.288,107,Burdekin,AyrDPI,Mulg,1959,Furrow,BareFallow,35,Surf1,200,200,HighFreq,0,P2R,15AprV1R4,T4,9467.7,9177.884,7454.215,7832.809,67.975,38.065,2.70981851590192,0.121390733745642,2.68869189189189,1.24352,47.731,999
1997,14/08/1997,226,1996,15-Apr,7,sugar,alive,1,396,1995,14/7/1996,105,0,0,318,1997,21,2039,6449.61,5750.47,5144.37,158.302,2953.88,,21969.563,8787.827,84.013,20.052,80.437,80.437,1.943,8756.888,8758.831,131012.477,0.676,37,7400,936,637.592,6256.465,397.818,1041.155,374.345,1415.5,80.797,8769.423,1.091,8770.514,131580.114,200,237.497,292.711,21.613,0.279,12.637,4.19,6842.489,361.957,0.938,3966.5,14.5,1586.6,0,0,18.617,28.449,20.38,116.8,Burdekin,AyrDPI,Mulg,1959,Furrow,BareFallow,35,Surf1,200,200,HighFreq,0,P2R,15AprV1R4,T4,8336,7797.818,6894.057,7268.402,34.529,12.916,2.03008072258162,0.111834687389615,2.01658598726115,0.79151,29.539,999
1998,14/09/1998,257,1997,15-Apr,7,sugar,alive,2,396,1995,14/8/1997,105,0,0,318,1998,21,2039,6786.33,5999.5,5373.93,164.688,3160.56,,14466.094,5786.438,54.469,20.705,106.88,106.88,1.091,8769.423,8770.514,131580.114,0.677,37,7400,988.6,874.534,6098.489,441.441,1030.585,340.887,1371.473,52.383,8769.514,1.482,8770.996,131476.251,200,228.743,300.018,36.73,0.228,16.926,6.99,6999.492,363.843,0.945,4132,15.1,1652.8,0,0,20.231,28.713,19.364,189.6,Burdekin,AyrDPI,Mulg,1959,Furrow,BareFallow,35,Surf1,200,200,HighFreq,0,P2R,15AprV1R4,T4,8388.6,7841.441,6973.023,7313.91,53.884,17.154,2.10022622117542,0.120081109872378,2.09793630573248,0.82344,31.606,999
1999,14/10/1999,287,1998,15-Apr,7,sugar,alive,3,395,1995,14/9/1998,105,0,0,318,1999,21,2039,6411.24,5737.19,5077.89,156.834,3150.98,,15517.611,6207.044,58.184,21.812,150.984,150.984,1.482,8769.514,8770.996,131476.251,0.674,37,7400,1114.4,694.035,6538.749,536.883,1013.446,341.826,1355.272,36.697,8767.142,1.469,8768.611,131322.859,200,206.489,296.518,39.284,0.156,37.501,7.376,6867.681,365.763,0.919,3594.8,13.2,1437.9,0,0,19.63,28.738,19.443,112,Burdekin,AyrDPI,Mulg,1959,Furrow,BareFallow,35,Surf1,200,200,HighFreq,0,P2R,15AprV1R4,T4,8514.4,7936.883,7232.784,7574.61,76.941,37.657,1.9760150174823,0.115721419759281,1.99788535031847,0.78417,31.51,999
2000,02/12/2000,337,1999,15-Apr,7,sugar,alive,4,415,1995,14/10/1999,105,0,19,318,2000,14,2039,7585.31,6806.12,6110.76,189.46,3827.92,,14389.048,5755.619,54.263,21.951,77.328,77.328,1.469,8767.142,8768.611,131322.859,0.672,37,7400,1716.8,770.798,6691.714,688.621,1194.258,348.492,1542.75,61.546,8756.823,1.884,8758.707,131190.389,200,225.74,311.153,46.313,0.61,21.558,8.651,7106.66,367.809,0.943,4094,15,1637.6,0,0,19.136,28.466,19.656,136,Burdekin,AyrDPI,Mulg,1959,Furrow,BareFallow,35,Surf1,200,200,HighFreq,0,P2R,15AprV1R4,T4,9116.8,8088.621,7462.512,7811.004,68.481,22.168,2.34230284741985,0.122806676389564,2.41350318471338,0.9473,38.279,999
2001,15/04/2001,105,0,15-Apr,7,none,out,-1,0,1995,0.000,105,0,19,337,-1,14,2058,0,0,0,0,0,,16013.612,6405.445,60.759,0,188.865,188.865,1.884,8756.823,8758.707,131190.389,0.668,0,0,295.9,80.911,61.038,204.989,0,212.401,212.401,1.705,8841.068,9.797,8850.864,133686.441,0,0,12.561,0.244,0.075,0.047,0.034,4017.482,368.485,0,0.7,0,0.3,0,0,21.877,30.916,20.69,39.4,Burdekin,AyrDPI,Mulg,1959,Furrow,BareFallow,35,Surf1,200,200,HighFreq,0,P2R,15AprV1R4,T4,295.9,204.989,141.949,354.35,0.366,0.122,0,0,0,,0,999
2002,15/07/2002,196,2001,15-Apr,8,sugar,alive,0,456,2001,15/4/2001,105,0,0,318,2002,21,2039,9973.05,8973.53,8001.17,248.49,4762.78,,0,0,0,20.675,130.416,130.416,9.797,8841.068,8850.864,133686.441,0.669,43,8600,812.3,298.8,6909.571,332.399,1866.149,389.412,2255.561,132.921,8680.394,1.805,8682.199,129949.252,200,345.409,403.319,26.925,1.207,40.308,5.374,7572.715,370.799,0.989,6476.9,23.7,2590.7,0,0,17.741,29.868,20.336,206,Burdekin,AyrDPI,Mulg,1959,Furrow,BareFallow,35,Surf1,200,200,HighFreq,0,P2R,15AprV1R4,T4,9412.3,8932.399,7208.371,7597.783,68.44,41.515,2.78189543480984,0.110167714373497,2.74574585635359,1.24245,47.628,999
2003,15/08/2003,227,2002,15-Apr,8,sugar,alive,1,396,2001,15/7/2002,105,0,0,318,2003,21,2039,6192.16,5493.67,4924.84,151.369,2765.37,,22266.342,8906.537,86.425,19.571,78.784,78.784,1.805,8680.394,8682.199,129949.252,0.658,39,7800,472,523.953,6136.85,235.729,1214.491,389.408,1603.899,84.335,8692.657,1.198,8693.855,130364.175,200,237.167,294.599,22.985,0.317,11.438,4.458,6915.774,372.843,0.925,3701.7,13.6,1480.7,0,0,17.729,29.464,20.693,51,Burdekin,AyrDPI,Mulg,1959,Furrow,BareFallow,35,Surf1,200,200,HighFreq,0,P2R,15AprV1R4,T4,8272,8035.729,6660.803,7050.211,34.74,11.755,1.88369966184773,0.0943756433541015,1.83477575757576,0.756845,27.654,999
2004,14/09/2004,258,2003,15-Apr,8,sugar,alive,2,396,2001,15/8/2003,105,0,0,318,2004,21,2039,7130.83,6365.97,5683.12,175.054,3385.23,,13918.664,5567.466,52.461,20.886,86.081,86.081,1.198,8692.657,8693.855,130364.175,0.66,39,7800,741,853.799,6005.764,314.359,1343.369,345.579,1688.948,57.32,8690.859,1.328,8692.186,130344.456,200,225.919,301.596,37.326,0.345,20.806,7.017,6807.38,374.917,0.959,4549.4,16.7,1819.7,0,0,18.222,29.742,20.529,173.2,Burdekin,AyrDPI,Mulg,1959,Furrow,BareFallow,35,Surf1,200,200,HighFreq,0,P2R,15AprV1R4,T4,8541,8114.359,6859.563,7205.142,58.477,21.151,2.15733614941119,0.103646767099994,2.12186666666667,0.87527,33.852,999
2005,14/10/2005,287,2004,15-Apr,8,sugar,alive,3,395,2001,14/9/2004,105,0,0,318,2005,21,2039,7100.76,6310.43,5643.14,173.554,3555.21,,16172.51,6469.004,61.934,22.296,78.571,78.571,1.328,8690.859,8692.186,130344.456,0.656,41,8200,728.7,757.96,6488.929,259.613,1350.532,326.347,1676.879,55.247,8687.558,1.429,8688.987,130292.978,200,234.55,307.141,33.657,0.461,19.117,6.323,7100.973,377.032,0.959,4545.8,16.7,1818.3,0,0,18.444,29.715,20.552,143.4,Burdekin,AyrDPI,Mulg,1959,Furrow,BareFallow,35,Surf1,200,200,HighFreq,0,P2R,15AprV1R4,T4,8928.7,8459.613,7246.889,7573.236,53.235,19.578,2.05155956897792,0.10349822497628,2.00640462427746,0.86777,35.552,999
2006,14/11/2006,318,2005,15-Apr,8,sugar,alive,4,396,2001,14/10/2005,105,0,0,318,2006,21,2039,7285.24,6556.3,5786.31,179.156,3472.95,,16253.722,6501.489,62.756,20.944,83.503,83.503,1.429,8687.558,8688.987,130292.978,0.654,39,7800,923.4,814.721,6320.938,355.381,1290.154,315.753,1605.907,50.617,8689.869,1.511,8691.38,130342.377,200,227.13,298.226,38.037,0.603,16.608,7.01,6937.375,379.182,0.959,4560.1,16.7,1824,0,0,18.902,29.43,19.985,178.4,Burdekin,AyrDPI,Mulg,1959,Furrow,BareFallow,35,Surf1,200,200,HighFreq,0,P2R,15AprV1R4,T4,8723.4,8155.381,7135.659,7451.412,55.248,17.211,2.19678271315589,0.111560632091398,2.17158787878788,0.89578,34.73,999
2007,15/04/2007,105,0,15-Apr,8,none,out,-1,0,2001,0.000,105,0,0,318,-1,21,2039,0,0,0,0,0,,16616.976,6646.792,65.882,0,65.336,65.336,1.511,8689.869,8691.38,130342.377,0.652,0,0,748.4,46.155,411.645,329.056,0,216.989,216.989,19.423,8786.366,4.367,8790.733,133546.292,0,0,5.659,0.224,0.056,0.135,0.02,3458.34,380.024,0,0.6,0,0.2,0,0,21.774,31.068,20.952,130.2,Burdekin,AyrDPI,Mulg,1959,Furrow,BareFallow,35,Surf1,200,200,HighFreq,0,P2R,15AprV1R4,T4,748.4,329.056,457.8,674.789,0.415,0.191,0,0,0,,0,999
2008,14/07/2008,196,2007,15-Apr,9,sugar,alive,0,456,2007,15/4/2007,105,0,0,318,2008,21,2039,9169.1,8258.08,7348.4,228.445,4113.78,,0,0,0,19.249,138.948,138.948,4.367,8786.366,8790.733,133546.292,0.653,40,8000,1389.5,609.792,6891.984,610.025,1556.465,393.532,1949.997,131.843,8654.665,2.069,8656.733,129474.68,200,303.914,377.313,29.248,2.227,41.12,5.567,7683.944,382.56,0.982,5708.2,20.9,2283.3,0,0,17.421,28.372,18.704,108.2,Burdekin,AyrDPI,Mulg,1959,Furrow,BareFallow,35,Surf1,200,200,HighFreq,0,P2R,15AprV1R4,T4,9389.5,8610.025,7501.776,7895.308,72.595,43.347,2.65324432855886,0.117151462284301,2.70349112426036,1.142225,41.138,999
2009,14/08/2009,226,2008,15-Apr,9,sugar,alive,1,396,2007,14/7/2008,105,0,0,318,2009,21,2039,6219.31,5565.09,4859.14,149.573,2656.52,,20327.928,8131.17,79.988,18.946,76.675,76.675,2.069,8654.665,8656.733,129474.68,0.647,31,6200,1894.1,819.097,5813.419,511.015,1124.648,321.258,1445.906,67.087,8659.348,1.309,8660.657,129821.103,200,233.875,289.636,29.054,0.521,11.045,5.599,6573.21,384.802,0.924,3687.6,13.5,1475,0,0,18.009,28.88,18.524,197.2,Burdekin,AyrDPI,Mulg,1959,Furrow,BareFallow,35,Surf1,200,200,HighFreq,0,P2R,15AprV1R4,T4,8094.1,6711.015,6632.516,6953.774,40.62,11.566,2.2287686735911,0.103445867158723,2.24921804511278,0.747865,26.565,999
2010,14/09/2010,257,2009,15-Apr,9,sugar,alive,2,396,2007,14/8/2009,105,0,0,318,2010,21,2039,6672.33,5965.64,5277.05,162.572,2861.56,,14695.952,5878.382,56.434,18.75,92.354,92.354,1.309,8659.348,8660.657,129821.103,0.649,39,7800,1138.9,1079.529,6321.059,372.373,1182.605,330.785,1513.39,57.029,8657.962,1.68,8659.642,129766.442,200,224.962,299.076,36.695,0.471,20.468,6.916,6825.725,387.08,0.932,3849.4,14.1,1539.8,0,0,18.842,29.312,18.819,135.2,Burdekin,AyrDPI,Mulg,1959,Furrow,BareFallow,35,Surf1,200,200,HighFreq,0,P2R,15AprV1R4,T4,8938.9,8172.373,7400.588,7731.373,57.634,20.939,1.9892875667814,0.107422409293044,1.9705696969697,0.81286,28.616,999
2011,14/10/2011,287,2010,15-Apr,9,sugar,alive,3,395,2007,14/9/2010,105,0,0,318,2011,21,2039,6825.25,6176.77,5385.02,167.568,3324.6,,15131.944,6052.778,57.749,21.504,117.275,117.275,1.68,8657.962,8659.642,129766.442,0.646,33,6600,1399.5,651.021,5917.316,787.9,1131.63,351.165,1482.795,50.655,8655.093,1.531,8656.624,129731.859,200,210.17,289.178,46.948,0.182,24.193,8.716,6508.271,389.395,0.924,3672.5,13.5,1469,0,0,17.983,28.537,18.315,81.4,Burdekin,AyrDPI,Mulg,1959,Furrow,BareFallow,35,Surf1,200,200,HighFreq,0,P2R,15AprV1R4,T4,7999.5,7387.9,6568.337,6919.502,71.323,24.375,2.26814114971778,0.113008204101039,2.37685106382979,0.83784,33.246,999
2012,13/11/2012,318,2011,15-Apr,9,sugar,alive,4,396,2007,14/10/2011,105,0,0,318,2012,21,2039,7253.5,6504.47,5763.56,178.489,3564.79,,15363.583,6145.433,62.516,21.666,65.642,65.642,1.531,8655.093,8656.624,129731.859,0.644,38,7600,1162.2,874.246,6303.963,487.226,1245.773,329.878,1575.651,48.199,8654.964,1.478,8656.442,129788.933,200,222.554,296.573,41.465,0.344,17.391,7.686,6652.387,391.74,0.952,4332.6,15.9,1733,0,0,18.232,28.806,19.444,197.4,Burdekin,AyrDPI,Mulg,1959,Furrow,BareFallow,35,Surf1,200,200,HighFreq,0,P2R,15AprV1R4,T4,8762.2,8087.226,7178.209,7508.087,59.2,17.735,2.20704849845918,0.113279527001855,2.21725465838509,0.892445,35.648,999
2013,15/04/2013,105,0,15-Apr,9,none,out,-1,0,2007,0.000,105,0,0,318,-1,21,2039,0,0,0,0,0,,16347.161,6538.864,65.898,0,73.981,73.981,1.478,8654.964,8656.442,129788.933,0.642,0,0,494.4,0.777,207.046,287.316,0,218.657,218.657,9.718,8746.648,5.279,8751.927,132529.594,0,0,7.28,0.254,0.001,0.121,0.029,3814.927,392.667,0,0.6,0,0.2,0,0,21.942,31.348,21.742,178.6,Burdekin,AyrDPI,Mulg,1959,Furrow,BareFallow,35,Surf1,200,200,HighFreq,0,P2R,15AprV1R4,T4,494.4,287.316,207.823,426.48,0.376,0.122,0,0,0,,0,999
2014,15/07/2014,196,2013,15-Apr,10,sugar,alive,0,456,2013,15/4/2013,105,0,0,318,2014,21,2039,9746.46,8748.62,7812.65,242.446,4604.87,,0,0,0,20.462,141.903,141.903,5.279,8746.648,8751.927,132529.594,0.644,43,8600,709.2,380.247,6955.688,404.67,1653.007,378.549,2031.556,131.689,8599.853,1.819,8601.672,128720.65,200,324.916,390.86,26.316,2.053,41.01,5.212,7547.882,395.443,0.988,6301.2,23.1,2520.5,0,0,17.96,28.94,18.948,86.2,Burdekin,AyrDPI,Mulg,1959,Furrow,BareFallow,35,Surf1,200,200,HighFreq,0,P2R,15AprV1R4,T4,9309.2,9004.67,7335.935,7714.484,69.379,43.063,2.69244736342365,0.119340052649299,2.67896132596685,1.21223,46.049,999
2015,15/08/2015,227,2014,15-Apr,10,sugar,alive,1,396,2013,15/7/2014,105,0,0,318,2015,21,2039,6241.01,5528.98,4974.19,152.817,2745.42,,21793.451,8717.382,84.928,19.197,83.613,83.613,1.819,8599.853,8601.672,128720.65,0.636,40,8000,417.2,450.821,6352.676,191.199,1228.585,386.927,1615.512,86.927,8603.692,1.24,8604.932,129004.607,200,242.801,301.107,23.705,0.373,12.042,4.577,6968.511,397.889,0.926,3712.3,13.6,1484.9,0,0,17.894,29.752,20.482,83.4,Burdekin,AyrDPI,Mulg,1959,Furrow,BareFallow,35,Surf1,200,200,HighFreq,0,P2R,15AprV1R4,T4,8417.2,8191.199,6803.497,7190.424,36.12,12.415,1.86562431214283,0.0945935406236537,1.80848520710059,0.764085,27.454,999
2016,14/09/2016,258,2015,15-Apr,10,sugar,alive,2,396,2013,15/8/2015,105,0,0,318,2016,21,2039,6767.69,5976.8,5352.82,163.738,3119.85,,13923.388,5569.355,52.591,20.536,81.804,81.804,1.24,8603.692,8604.932,129004.607,0.638,40,8000,538,1038.904,5889.327,301.801,1259.421,342.934,1602.355,50.495,8605.719,1.365,8607.085,129054.197,200,220.259,297.767,37.748,0.565,21.216,7.104,6692.659,400.366,0.957,4497.3,16.5,1798.9,0,0,19.103,29.867,19.185,43.6,Burdekin,AyrDPI,Mulg,1959,Furrow,BareFallow,35,Surf1,200,200,HighFreq,0,P2R,15AprV1R4,T4,8538,8301.801,6928.231,7271.165,59.529,21.781,1.97231901848768,0.102185845209083,1.93772781065089,0.81869,31.198,999
2017,14/10/2017,287,2016,15-Apr,10,sugar,alive,3,395,2013,14/9/2016,105,0,0,318,2017,21,2039,6750.06,5985.73,5285.67,162.004,3132.93,,15849.085,6339.635,60.208,20.887,89.218,89.218,1.365,8605.719,8607.085,129054.197,0.635,39,7800,860,816.168,6271.753,437.854,1268.874,324.664,1593.538,49.802,8603.36,1.547,8604.908,128982.545,200,227.036,300.861,39.982,0.447,16.106,7.466,6834.462,402.887,0.959,4575.7,16.8,1830.3,0,0,18.783,30.109,18.59,107.8,Burdekin,AyrDPI,Mulg,1959,Furrow,BareFallow,35,Surf1,200,200,HighFreq,0,P2R,15AprV1R4,T4,8660,8237.854,7087.921,7412.585,56.535,16.553,1.96658013118465,0.101663091812056,1.96368484848485,0.81002,31.329,999
2018,14/11/2018,318,2017,15-Apr,10,sugar,alive,4,396,2013,14/10/2017,105,0,0,318,2018,21,2039,7028.13,6269,5503.68,170.022,3275.71,,16336.692,6534.677,63.94,20.798,67.759,67.759,1.547,8603.36,8604.908,128982.545,0.633,41,8200,742.1,843.875,6458.305,315.59,1319.746,311.971,1631.717,49.641,8600.107,1.829,8601.936,128859.695,200,222.432,299.432,46.465,0.854,15.059,8.423,6870.063,405.446,0.932,3847,14.1,1538.8,0,0,18.275,29.723,18.447,130.4,Burdekin,AyrDPI,Mulg,1959,Furrow,BareFallow,35,Surf1,200,200,HighFreq,0,P2R,15AprV1R4,T4,8942.1,8515.59,7302.18,7614.151,62.378,15.913,1.99659683004936,0.104198215744519,1.96557225433526,0.85011,32.757,999
2019,15/04/2019,105,0,15-Apr,10,none,out,-1,0,2013,0.000,105,0,0,318,-1,21,2039,0,0,0,0,0,,16227.795,6491.118,65.078,0,75.962,75.962,1.829,8600.107,8601.936,128859.695,0.631,0,0,1111,190.015,590.182,440.301,0,249.219,249.219,18.896,8692.331,6.104,8698.435,131347.398,0,0,13.107,0.766,0.136,0.496,0.061,4067.852,406.447,0.004,5.6,0,2.2,0,0,22.704,31.656,17.334,92.8,Burdekin,AyrDPI,Mulg,1959,Furrow,BareFallow,35,Surf1,200,200,HighFreq,0,P2R,15AprV1R4,T4,1111,440.301,780.197,1029.416,1.398,0.632,0,0,0,,0,999
2020,14/07/2020,196,2019,15-Apr,11,sugar,alive,0,456,2019,15/4/2019,105,0,0,318,2020,21,2039,8915.43,7982.04,7087.78,219.929,4193.57,,0,0,0,20.553,157.546,157.546,6.104,8692.331,8698.435,131347.398,0.633,43,8600,1041.6,403.372,7289.851,461.683,1605.511,411.304,2016.816,144.155,8537.339,1.799,8539.138,127754.301,200,304.557,387.161,36.62,1.99,56.247,7.178,6991.561,409.458,0.979,5518.5,20.2,2207.4,0,0,17.927,29.324,17.481,327.8,Burdekin,AyrDPI,Mulg,1959,Furrow,BareFallow,35,Surf1,200,200,HighFreq,0,P2R,15AprV1R4,T4,9641.6,9061.683,7693.223,8104.527,94.857,58.237,2.42702155879874,0.10904762754758,2.4301546961326,1.099645,41.936,999
2021,14/08/2021,226,2020,15-Apr,11,sugar,alive,1,396,2019,14/7/2020,105,0,0,318,2021,21,2039,5995.33,5303.15,4675.38,143.28,2527.04,,20225.782,8090.313,79.847,18.794,89.109,89.109,1.799,8537.339,8539.138,127754.301,0.624,35,7000,1081.2,653.416,6058.718,397.716,1061.886,314.426,1376.312,78.37,8550.244,1.143,8551.387,128184.221,200,225.193,283.954,26.453,0.434,12.235,5.106,6266.152,412.114,0.924,3678.9,13.5,1471.6,0,0,18.484,29.171,17.224,132.4,Burdekin,AyrDPI,Mulg,1959,Furrow,BareFallow,35,Surf1,200,200,HighFreq,0,P2R,15AprV1R4,T4,8081.2,7397.716,6712.134,7026.56,39.122,12.669,1.93681401124347,0.104104301931539,1.92322147651007,0.7164,25.27,999
1960,14/04/1960,105,0,15-Apr,0,none,out,-1,0,-1,0.000,105,0,0,318,-1,21,2039,0,0,0,0,0,,0,0,0,0,0,0,0,0,0,0,0.89,0,0,778.8,0,483.366,295.434,0,204.631,204.631,22.612,9505.139,33.511,9538.649,141810.903,0,0,35.922,3.757,0,1.649,0.596,1011.488,350,0.001,0.9,0,0.4,0,0,22.318,30.437,19.329,210.1,Burdekin,AyrDPI,Mulg,1960,Furrow,BareFallow,35,Surf1,200,200,HighFreq,0,P2R,15AprV1R4,T4,778.8,295.434,483.366,687.997,5.406,1.649,0,0,0,,0,999
1961,14/07/1961,195,1960,15-Apr,1,sugar,alive,0,456,1960,14/4/1960,105,0,0,318,1961,21,2039,8770.62,7871.36,7084.68,219.803,4044.6,,0,0,0,19.733,120.353,120.353,33.511,9505.139,9538.649,141810.903,0.884,44,8800,561.3,403.364,6974.854,335.311,1601.474,415.329,2016.803,139.468,9427.949,0.684,9428.634,141681.147,200,251.088,309.885,48.791,0.701,49.92,9.804,3525.15,350,0.987,6178.9,22.6,2471.6,0,0,16.784,28.349,20.095,63.2,Burdekin,AyrDPI,Mulg,1960,Furrow,BareFallow,35,Surf1,200,200,HighFreq,0,P2R,15AprV1R4,T4,9361.3,9135.311,7378.218,7793.547,99.412,50.621,2.40608119417062,0.108985855336391,2.37624864864865,1.099015,40.446,999
1962,14/08/1962,226,1961,15-Apr,1,sugar,alive,1,396,1960,14/7/1961,105,0,0,318,1962,21,2039,5638.03,5007.79,4408.48,135.203,2475.94,,19582.558,7833.023,75.33,19.625,86.632,86.632,0.684,9427.949,9428.634,141681.147,0.867,36,7200,958.4,593.815,6071.695,516.259,1110.192,382.835,1493.028,79.527,9441.054,0.9,9441.954,142860.933,200,224.381,281.967,21.651,0.002,13.211,4.313,5408.975,350,0.91,3445.4,12.6,1378.1,0,0,17.008,28.972,20.048,102.1,Burdekin,AyrDPI,Mulg,1960,Furrow,BareFallow,35,Surf1,200,200,HighFreq,0,P2R,15AprV1R4,T4,8158.4,7716.259,6665.51,7048.345,34.864,13.213,1.75218327948816,0.0905562387309548,1.76735947712418,0.676015,24.759,999
1963,14/09/1963,257,1962,15-Apr,1,sugar,alive,2,396,1960,14/8/1962,105,0,0,318,1963,21,2039,6345.49,5715.08,4947.18,152.924,2812.15,,13379.681,5351.872,51.287,19.719,86.495,86.495,0.9,9441.054,9441.954,142860.933,0.863,36,7200,1162.3,985.483,5817.911,461.297,1213.127,345.907,1559.035,52.466,9429.167,1.28,9430.447,143196.704,200,210.5,309.305,54.42,0.134,20.471,10.139,5773.479,350,0.919,3588.1,13.1,1435.2,0,0,17.169,29.038,19.278,91.9,Burdekin,AyrDPI,Mulg,1960,Furrow,BareFallow,35,Surf1,200,200,HighFreq,0,P2R,15AprV1R4,T4,8362.3,7661.297,6803.394,7149.301,75.025,20.605,1.99605889185604,0.0980888819045114,1.99900653594771,0.76462,28.122,999
1964,13/10/1964,287,1963,15-Apr,1,sugar,alive,3,395,1960,14/9/1963,105,0,0,318,1964,21,2039,6602.37,5868.17,5152.49,158.259,2970.81,,14935.528,5974.211,59.562,20.189,86.367,86.367,1.28,9429.167,9430.447,143196.704,0.853,39,7800,564.7,829.815,5896.354,312.232,1318.525,328.665,1647.19,49.615,9409.998,1.946,9411.944,143543.959,200,231.269,318.062,43.917,0.166,21.368,8.246,6134.252,350,0.942,4077.2,14.9,1630.9,0,0,17.833,29.736,19.754,92.7,Burdekin,AyrDPI,Mulg,1960,Furrow,BareFallow,35,Surf1,200,200,HighFreq,0,P2R,15AprV1R4,T4,8364.7,8112.232,6726.169,7054.834,65.451,21.534,1.95086876213599,0.0960781694886443,1.91829090909091,0.791295,29.708,999
1965,13/11/1965,317,1964,15-Apr,1,sugar,alive,4,396,1960,13/10/1964,105,0,0,318,1965,21,2039,7383.23,6687.9,5791.83,180.588,3474.55,,15789.577,6315.831,63.575,20.765,77.708,77.708,1.946,9409.998,9411.944,143543.959,0.844,40,8000,827.8,606.295,6504.433,416.302,1359.753,350.788,1710.541,57.429,9386.246,1.711,9387.957,143862.313,200,228.303,318.58,60.016,0.019,16.206,11.064,6292.58,350,0.92,3601.5,13.2,1440.6,0,0,17.495,29.085,20.224,107.4,Burdekin,AyrDPI,Mulg,1960,Furrow,BareFallow,35,Surf1,200,200,HighFreq,0,P2R,15AprV1R4,T4,8827.8,8416.302,7110.728,7461.516,76.241,16.225,2.14569296586553,0.105573616768028,2.13713609467456,0.90294,34.746,999
1966,15/04/1966,105,0,15-Apr,1,none,out,-1,0,1960,0.000,105,0,0,318,-1,21,2039,0,0,0,0,0,,16588.23,6635.292,68.366,0,84.24,84.24,1.711,9386.246,9387.957,143862.313,0.835,0,0,295,2.902,62.911,231.892,0,190.362,190.362,2.947,9468.904,14.849,9483.753,146377.897,0,0,14.823,0.073,0,0.021,0.032,4089.286,350,0.001,0.7,0,0.3,0,0,21.412,31.333,20.942,102.9,Burdekin,AyrDPI,Mulg,1960,Furrow,BareFallow,35,Surf1,200,200,HighFreq,0,P2R,15AprV1R4,T4,295,231.892,65.813,256.175,0.094,0.021,0,0,0,,0,999
1967,15/07/1967,196,1966,15-Apr,2,sugar,alive,0,456,1966,15/4/1966,105,0,0,318,1967,21,2039,9231.72,8287.13,7321.75,227.152,4191,,0,0,0,19.794,123.066,123.066,14.849,9468.904,9483.753,146377.897,0.835,42,8400,894.1,377.576,6894.024,445.922,1611.852,405.89,2017.742,124.945,9322.787,1.629,9324.416,143447.68,200,296.961,381.983,51.446,0.014,52.827,10.164,6501.727,350,0.982,5714.7,20.9,2285.9,0,0,17.479,28.371,18.716,154.9,Burdekin,AyrDPI,Mulg,1960,Furrow,BareFallow,35,Surf1,200,200,HighFreq,0,P2R,15AprV1R4,T4,9294.1,8845.922,7271.6,7677.49,104.287,52.841,2.5678725179806,0.112577326536297,2.56668926553672,1.13576,41.91,999
1968,14/08/1968,227,1967,15-Apr,2,sugar,alive,1,396,1966,15/7/1967,105,0,0,318,1968,21,2039,6176.56,5494.48,4862.14,149.505,2775.77,,21092.289,8436.916,84.916,19.937,127.825,127.825,1.629,9322.787,9324.416,143447.68,0.818,36,7200,1458,711.9,6497.99,470.856,1091.484,362.363,1453.847,89.408,9320.37,1.466,9321.836,143744.941,200,242.124,299.354,19.587,0.017,20.626,3.854,6761.021,350,0.913,3490.5,12.8,1396.2,0,0,17.986,28.436,19.767,187.9,Burdekin,AyrDPI,Mulg,1960,Furrow,BareFallow,35,Surf1,200,200,HighFreq,0,P2R,15AprV1R4,T4,8658,7670.856,7209.89,7572.253,40.23,20.643,1.94900021588203,0.102834067133612,1.9543137254902,0.747525,27.758,999
1969,14/09/1969,257,1968,15-Apr,2,sugar,alive,2,396,1966,14/8/1968,105,0,0,318,1969,21,2039,6463.9,5768.32,5020.28,154.404,2906.51,,14139.491,5655.796,55.186,20.254,122.088,122.088,1.466,9320.37,9321.836,143744.941,0.815,43,8600,202.9,1213.231,5972.657,131.712,1303.348,364.706,1668.055,53.675,9301.675,1.457,9303.133,143447.694,200,225.401,316.951,44.314,0.198,27.156,8.298,6712.973,350,0.94,4018.7,14.7,1607.5,0,0,17.462,29.388,20.407,46.5,Burdekin,AyrDPI,Mulg,1960,Furrow,BareFallow,35,Surf1,200,200,HighFreq,0,P2R,15AprV1R4,T4,8802.9,8731.712,7185.888,7550.594,71.668,27.354,1.76831301811145,0.0925652931108387,1.70612154696133,0.77202,29.065,999
1970,14/10/1970,287,1969,15-Apr,2,sugar,alive,3,395,1966,14/9/1969,105,0,0,318,1970,21,2039,7029.15,6295.56,5501.45,169.758,3285.82,,15686.634,6274.654,62.39,20.908,71.045,71.045,1.457,9301.675,9303.133,143447.694,0.806,42,8400,674.6,824.798,6533.697,359.35,1366.604,343.839,1710.444,58.953,9281.642,1.713,9283.355,142899.308,200,234.873,321.171,47.841,0.141,18.462,8.969,7247.135,350,0.95,4268.3,15.6,1707.3,0,0,17.812,29.536,20.631,133.6,Burdekin,AyrDPI,Mulg,1960,Furrow,BareFallow,35,Surf1,200,200,HighFreq,0,P2R,15AprV1R4,T4,9074.6,8759.35,7358.495,7702.334,66.444,18.603,1.93802051522088,0.0992479145765661,1.91816949152542,0.84879,32.858,999
1971,14/11/1971,318,1970,15-Apr,2,sugar,alive,4,396,1966,14/10/1970,105,0,0,318,1971,21,2039,7149.12,6417.02,5575.1,172.774,3277.76,,16613.506,6645.403,66.82,20.435,76.706,76.706,1.713,9281.642,9283.355,142899.308,0.798,34,6800,1243.3,610.554,5813.831,587.144,1281.16,343.151,1624.311,48.22,9258.999,1.992,9260.992,142782.062,200,242.043,321.759,47.58,0.099,16.35,8.785,7023.163,350,0.924,3676,13.5,1470.4,0,0,17.821,28.99,19.978,220,Burdekin,AyrDPI,Mulg,1960,Furrow,BareFallow,35,Surf1,200,200,HighFreq,0,P2R,15AprV1R4,T4,8043.3,7387.144,6424.385,6767.536,64.029,16.449,2.33884705645375,0.106367561384489,2.38308965517241,0.86387,32.778,999
1972,14/04/1972,105,0,15-Apr,2,none,out,-1,0,1966,0.000,105,0,0,318,-1,21,2039,0,0,0,0,0,,16503.758,6601.504,69.435,0,71.31,71.31,1.992,9258.999,9260.992,142782.062,0.792,0,0,1271,150.002,772.335,458.788,0,262.031,262.031,36.335,9353.8,7.591,9361.391,145490.257,0,0,11.274,0.686,0.034,0.44,0.05,3856,350,0,0.4,0,0.2,0,0,21.501,31.47,20.724,206.2,Burdekin,AyrDPI,Mulg,1960,Furrow,BareFallow,35,Surf1,200,200,HighFreq,0,P2R,15AprV1R4,T4,1271,458.788,922.337,1184.368,1.16,0.474,0,0,0,,0,999
1973,14/07/1973,195,1972,15-Apr,3,sugar,alive,0,456,1972,14/4/1972,105,0,0,318,1973,21,2039,8859.72,7929.92,6995.13,216.684,3498.32,,0,0,0,16.958,157.942,157.942,7.591,9353.8,9361.391,145490.257,0.793,40,8000,1009.2,507.266,6617.133,474.913,1550.315,402.628,1952.943,147.477,9192.909,2.16,9195.069,141929.436,200,321.669,396.164,38.393,0.072,47.736,7.557,7095.221,350,0.979,5512.1,20.2,2204.9,0,0,16.939,28.363,18.968,108.5,Burdekin,AyrDPI,Mulg,1960,Furrow,BareFallow,35,Surf1,200,200,HighFreq,0,P2R,15AprV1R4,T4,9009.2,8474.913,7124.399,7527.027,86.201,47.808,2.55676960931634,0.11095254700214,2.56430769230769,1.08342,34.983,999
1974,14/08/1974,226,1973,15-Apr,3,sugar,alive,1,396,1972,14/7/1973,105,0,0,318,1974,21,2039,6024.23,5429.54,4651.36,143.866,2414.97,,20534.289,8213.715,82.763,17.747,89.799,89.799,2.16,9192.909,9195.069,141929.436,0.779,26,5200,2056.4,798.705,5095.963,687.703,1016.389,361.133,1377.522,67.999,9192.886,1.451,9194.337,142245.065,200,235.086,296.129,29.892,0.063,12.767,5.767,6381.082,350,0.895,3218.8,11.8,1287.5,0,0,17.6,28.224,18.172,152.9,Burdekin,AyrDPI,Mulg,1960,Furrow,BareFallow,35,Surf1,200,200,HighFreq,0,P2R,15AprV1R4,T4,7256.4,5887.703,5894.668,6255.801,42.722,12.83,2.44349961266728,0.104438259425258,2.54630088495575,0.71933,24.15,999
1975,15/09/1975,258,1974,15-Apr,3,sugar,alive,2,397,1972,14/8/1974,105,0,1,318,1975,20,2039,6733.04,6022.76,5242.92,161.745,3073.27,,14405.314,5762.125,59.062,20.471,74.009,74.009,1.451,9192.886,9194.337,142245.065,0.778,39,7800,790.6,883.098,6058.886,454.908,1203.046,373.982,1577.028,56.059,9174.502,1.517,9176.019,142065.536,200,224.524,315.005,54.401,0.38,19.074,10.183,6722.887,350,0.924,3672.8,13.5,1469.1,0,0,17.923,28.642,19.643,65,Burdekin,AyrDPI,Mulg,1960,Furrow,BareFallow,35,Surf1,200,200,HighFreq,0,P2R,15AprV1R4,T4,8590.6,8254.908,6941.984,7315.966,73.855,19.454,1.95937980168889,0.102563175796498,1.96054545454545,0.808725,30.733,999
1976,14/10/1976,288,1975,15-Apr,3,sugar,alive,3,395,1972,15/9/1975,105,0,1,319,1976,20,2040,6234.46,5610.33,4869.15,150.761,2930.46,,15787.907,6315.163,62.432,21.008,145.597,145.597,1.517,9174.502,9176.019,142065.536,0.771,34,6800,1890.9,974.387,6375.881,586.942,1070.598,353.918,1424.516,52.097,9163.867,1.596,9165.463,142129.377,200,210.346,296.951,42.412,0.157,35.967,7.973,6397.185,350,0.913,3492.5,12.8,1397,0,0,17.632,28.358,19.627,179.8,Burdekin,AyrDPI,Mulg,1960,Furrow,BareFallow,35,Surf1,200,200,HighFreq,0,P2R,15AprV1R4,T4,8690.9,7386.942,7350.268,7704.186,78.536,36.124,2.04091219343539,0.105833139115321,2.07946206896552,0.753805,29.305,999
1977,14/11/1977,318,1976,15-Apr,3,sugar,alive,4,396,1972,14/10/1976,105,0,1,319,1977,20,2040,7160.5,6507.24,5616.93,175.052,3240.9,,14573.745,5829.498,59.101,19.872,61.713,61.713,1.596,9163.867,9165.463,142129.377,0.765,37,7400,1378.2,628.8,6629.928,541.164,1174.251,345.291,1519.542,53.253,9143.325,1.642,9144.967,141925.723,200,231.388,310.76,51.343,0.155,16.099,9.624,6591.205,350,0.934,3889.1,14.3,1555.6,0,0,18.13,28.51,19.993,170.6,Burdekin,AyrDPI,Mulg,1960,Furrow,BareFallow,35,Surf1,200,200,HighFreq,0,P2R,15AprV1R4,T4,8778.2,7941.164,7258.728,7604.019,67.597,16.254,2.20436198018326,0.115200501203652,2.22996178343949,0.87526,32.409,999
1978,15/04/1978,105,0,15-Apr,3,none,out,-1,0,1972,0.000,105,0,1,319,-1,20,2040,0,0,0,0,0,,16426.066,6570.426,68.948,0,61.643,61.643,1.642,9143.325,9144.967,141925.723,0.759,0,0,718.5,2.064,353.303,364.501,0,239.168,239.168,16.593,9226.581,12.394,9238.975,143952.695,0,0,16.57,1.262,0.002,0.887,0.118,4403.045,350,0,0.5,0,0.2,0,0,22.043,31.039,22.399,150.6,Burdekin,AyrDPI,Mulg,1960,Furrow,BareFallow,35,Surf1,200,200,HighFreq,0,P2R,15AprV1R4,T4,718.5,364.501,355.367,594.535,2.151,0.889,0,0,0,,0,999
1979,15/07/1979,196,1978,15-Apr,4,sugar,alive,0,456,1978,15/4/1978,105,0,0,318,1979,21,2039,8947.78,8055.14,7091.18,220.169,3715.21,,0,0,0,17.855,185.609,185.609,12.394,9226.581,9238.975,143952.695,0.76,40,8000,1684.5,588.309,7329.815,702.955,1454.46,403.564,1858.025,137.676,9080.79,2.024,9082.814,140636.188,200,299.504,375.895,43.293,0.167,54.316,8.415,6805.754,350,0.981,5696.7,20.9,2278.7,0,0,17.592,27.843,18.241,350.7,Burdekin,AyrDPI,Mulg,1960,Furrow,BareFallow,35,Surf1,200,200,HighFreq,0,P2R,15AprV1R4,T4,9684.5,8702.955,7918.124,8321.688,97.776,54.483,2.52981889484664,0.118496252741486,2.60555029585799,1.100845,37.152,999
1980,14/08/1980,227,1979,15-Apr,4,sugar,alive,1,396,1978,15/7/1979,105,0,0,318,1980,21,2039,6535.48,5805.18,5144.2,158.149,2874.82,,20623.325,8249.331,82.307,19.459,93.96,93.96,2.024,9080.79,9082.814,140636.188,0.746,37,7400,796.7,529.979,6112.502,375.826,1154.023,381.126,1535.149,81.989,9075.524,1.298,9076.822,140597.759,200,246.306,304.563,24.983,0.12,14.282,4.875,7054.363,350,0.931,3811,14,1524.4,0,0,18.142,28.702,20.355,86.4,Burdekin,AyrDPI,Mulg,1960,Furrow,BareFallow,35,Surf1,200,200,HighFreq,0,P2R,15AprV1R4,T4,8196.7,7775.826,6642.481,7023.607,39.385,14.402,2.03385466701544,0.103018664637765,2.01463694267516,0.790745,28.748,999
1981,14/09/1981,257,1980,15-Apr,4,sugar,alive,2,396,1978,14/8/1980,105,0,0,318,1981,21,2039,6180.11,5498.62,4813.25,147.667,2646.32,,15065.248,6026.099,58.085,19.143,113.03,113.03,1.298,9075.524,9076.822,140597.759,0.745,36,7200,1123.2,1100.696,5841.282,385.844,1084.167,334.819,1418.985,48.285,9077.525,1.403,9078.928,140514.229,200,216.527,294.872,40.735,0.409,19.892,7.615,6674.496,350,0.935,3911.6,14.3,1564.6,0,0,17.727,28.314,19.26,104.8,Burdekin,AyrDPI,Mulg,1960,Furrow,BareFallow,35,Surf1,200,200,HighFreq,0,P2R,15AprV1R4,T4,8323.2,7585.844,6941.978,7276.797,61.036,20.301,1.94661266432582,0.104065229724063,1.93028758169935,0.738335,26.463,999
1982,14/10/1982,287,1981,15-Apr,4,sugar,alive,3,395,1978,14/9/1981,105,0,0,318,1982,21,2039,7096.86,6412.45,5567.05,172.716,3337.94,,14943.219,5977.288,59.536,20.871,75.267,75.267,1.403,9077.525,9078.928,140514.229,0.741,39,7800,600.6,553.005,6199.462,336.333,1306.418,343.564,1649.982,52.935,9052.783,1.536,9054.32,139865.481,200,232.744,322.601,50.882,0.25,21.019,9.427,7222.004,350,0.939,3996.3,14.6,1598.5,0,0,17.546,29.118,20.049,47.4,Burdekin,AyrDPI,Mulg,1960,Furrow,BareFallow,35,Surf1,200,200,HighFreq,0,P2R,15AprV1R4,T4,8400.6,8136.333,6752.467,7096.031,72.151,21.269,2.12277447346366,0.104677505572788,2.09352727272727,0.86358,33.379,999
1983,14/11/1983,318,1982,15-Apr,4,sugar,alive,4,396,1978,14/10/1982,105,0,0,318,1983,21,2039,7027.04,6314.2,5473.26,169.154,3150.06,,16400.208,6560.084,66.821,20.006,73.418,73.418,1.536,9052.783,9054.32,139865.481,0.735,40,8000,641.3,761.803,6312.515,315.445,1224.187,324.359,1548.546,49.097,9041.304,2.02,9043.324,139406.315,200,232.273,315.551,42.511,0.449,19.955,7.872,7421.666,350,0.936,3925.4,14.4,1570.2,0,0,18.667,29.098,20.164,95.4,Burdekin,AyrDPI,Mulg,1960,Furrow,BareFallow,35,Surf1,200,200,HighFreq,0,P2R,15AprV1R4,T4,8641.3,8315.445,7074.318,7398.677,62.915,20.404,2.03421464515729,0.109234081519051,2.0018224852071,0.84577,31.501,999
1984,14/04/1984,105,0,15-Apr,4,none,out,-1,0,1978,0.000,105,0,0,318,-1,21,2039,0,0,0,0,0,,16543.675,6617.47,64.707,0,91.854,91.854,2.02,9041.304,9043.324,139406.315,0.73,0,0,466.6,18.485,140.213,319.568,0,261.152,261.152,6.625,9131.36,10.89,9142.25,141427.858,0,0,14.662,0.315,0.027,0.205,0.043,4530.329,350,0,0.5,0,0.2,0,0,21.332,30.547,20.201,75.6,Burdekin,AyrDPI,Mulg,1960,Furrow,BareFallow,35,Surf1,200,200,HighFreq,0,P2R,15AprV1R4,T4,466.6,319.568,158.698,419.85,0.547,0.232,0,0,0,,0,999
1985,14/07/1985,195,1984,15-Apr,5,sugar,alive,0,456,1984,14/4/1984,105,0,0,318,1985,21,2039,9000.18,8090.35,7142.48,221.746,3941.19,,0,0,0,18.961,138.604,138.604,10.89,9131.36,9142.25,141427.858,0.731,40,8000,887.3,385.974,6605.695,557.028,1550.45,377.792,1928.242,134.042,8975.529,1.823,8977.352,137141.359,200,311.474,387.055,40.146,0.194,53.922,8.04,7750.092,350,0.981,5689.9,20.8,2275.9,0,0,17.323,28.325,18.585,111.4,Burdekin,AyrDPI,Mulg,1960,Furrow,BareFallow,35,Surf1,200,200,HighFreq,0,P2R,15AprV1R4,T4,8887.3,8557.028,6991.669,7369.461,94.262,54.116,2.59139037525646,0.114999050948999,2.62421301775148,1.10873,39.412,999
1986,22/08/1986,234,1985,15-Apr,5,sugar,alive,1,404,1984,14/7/1985,105,0,8,318,1986,14,2039,6204.43,5472.05,4835.4,147.809,2796.26,,20626.856,8250.743,84.437,20.369,105.993,105.993,1.823,8975.529,8977.352,137141.359,0.718,37,7400,721.3,452.4,6109.219,397.842,1176.06,350.474,1526.533,71.021,8967.926,1.411,8969.336,136338.902,200,242.559,304.06,18.337,0.165,27.245,3.639,7808.237,350,0.927,3737,13.7,1494.8,0,0,17.632,28.841,18.771,117.8,Burdekin,AyrDPI,Mulg,1960,Furrow,BareFallow,35,Surf1,200,200,HighFreq,0,P2R,15AprV1R4,T4,8121.3,7797.842,6561.619,6912.093,45.747,27.41,1.89551160436439,0.0968265998835269,1.88291719745223,0.739045,27.963,999
1987,22/09/1987,265,1986,15-Apr,5,sugar,alive,2,396,1984,22/8/1986,105,0,8,326,1987,14,2047,6739.1,6001.78,5284.63,162.688,3185.72,,14813.256,5925.303,58.217,21.186,139.141,139.141,1.411,8967.926,8969.336,136338.902,0.717,42,8400,428.3,623.795,6561.936,282.026,1318.547,383.403,1701.95,63.609,8945.297,1.442,8946.739,135236.062,200,225.65,311.346,43.255,0.268,32.493,8.182,7598.172,350,0.94,4028,14.8,1611.2,0,0,18.233,29.621,19.729,44,Burdekin,AyrDPI,Mulg,1960,Furrow,BareFallow,35,Surf1,200,200,HighFreq,0,P2R,15AprV1R4,T4,8828.3,8682.026,7185.731,7569.134,76.016,32.761,1.87384833908583,0.0955891771203619,1.83828248587571,0.81344,31.857,999
1988,21/10/1988,295,1987,15-Apr,5,sugar,alive,3,395,1984,22/9/1987,105,0,8,326,1988,14,2047,6880.47,6166.69,5387.45,166.655,3168.44,,15786.743,6314.698,61.922,20.485,79.76,79.76,1.442,8945.297,8946.739,135236.062,0.712,40,8000,967.6,667.543,6674.488,314.966,1266.348,363.228,1629.576,66.049,8928.689,1.625,8930.314,134217.66,200,229.068,312.853,46.78,0.342,20.508,8.761,7638.594,350,0.935,3914.3,14.3,1565.7,0,0,18.637,29.494,19.955,254,Burdekin,AyrDPI,Mulg,1960,Furrow,BareFallow,35,Surf1,200,200,HighFreq,0,P2R,15AprV1R4,T4,8967.6,8314.966,7342.031,7705.259,67.63,20.85,2.00427758814648,0.102268933759456,1.97224852071006,0.833275,31.684,999
1989,21/11/1989,325,1988,15-Apr,5,sugar,alive,4,396,1984,21/10/1988,105,0,8,326,1989,14,2047,6871.94,6191.15,5360.37,166.502,3099.57,,16017.766,6407.106,63.955,19.997,75.753,75.753,1.625,8928.689,8930.314,134217.66,0.707,35,7000,1397.6,712.102,6130.708,673.442,1184.639,362.732,1547.371,56.837,8911.33,1.888,8913.219,133658.128,200,225.062,316.349,54.692,1.017,17.209,10.061,7204.816,350,0.912,3467.1,12.7,1386.8,0,0,18.255,28.759,19.367,134.8,Burdekin,AyrDPI,Mulg,1960,Furrow,BareFallow,35,Surf1,200,200,HighFreq,0,P2R,15AprV1R4,T4,8397.6,7673.442,6842.81,7205.542,72.918,18.226,2.16984763812641,0.107603153994743,2.23492617449664,0.83251,30.996,999
1990,15/04/1990,105,0,15-Apr,5,none,out,-1,0,1984,0.000,105,0,8,326,-1,14,2047,0,0,0,0,0,,15795.378,6318.152,64.085,0,83.171,83.171,1.888,8911.33,8913.219,133658.128,0.703,0,0,834,87.604,385.802,382.769,0,186.942,186.942,17.115,8996.869,10.265,9007.134,135325.469,0,0,16.772,2.175,0.797,1.195,0.158,4718.353,350.082,0,0.6,0,0.3,0,0,21.457,31.308,21.783,97.8,Burdekin,AyrDPI,Mulg,1960,Furrow,BareFallow,35,Surf1,200,200,HighFreq,0,P2R,15AprV1R4,T4,834,382.769,473.406,660.348,4.167,1.992,0,0,0,,0,999
1991,15/07/1991,196,1990,15-Apr,6,sugar,alive,0,456,1990,15/4/1990,105,0,0,318,1991,21,2039,8917.05,8098.22,7133.62,222.94,3679.72,,0,0,0,17.402,256.823,256.823,10.265,8996.869,9007.134,135325.469,0.704,39,7800,2108.4,787.419,7349.831,473.961,1553.756,395.859,1949.615,158.86,8833.493,2.253,8835.746,132178.422,200,320.039,397.242,42.244,6.103,43.641,7.935,6577.055,351.999,0.975,5250.4,19.2,2100.1,0,0,16.949,28.084,18.281,204.4,Burdekin,AyrDPI,Mulg,1960,Furrow,BareFallow,35,Surf1,200,200,HighFreq,0,P2R,15AprV1R4,T4,9908.4,8273.961,8137.25,8533.109,91.988,49.744,2.69447728844746,0.114350782077487,2.70230303030303,1.1147,36.797,999
1992,14/08/1992,227,1991,15-Apr,6,sugar,alive,1,396,1990,15/7/1991,105,0,0,318,1992,21,2039,6810.58,6051.59,5411.46,166.563,3045.66,,19621.94,7848.776,78.654,19.591,78.358,78.358,2.253,8833.493,8835.746,132178.422,0.693,38,7600,638.1,474.028,6094.186,306.814,1294.229,361.465,1655.694,83.377,8825.945,1.184,8827.129,132335.614,200,251.16,308.832,23.068,0.57,14.367,4.504,6820.238,353.691,0.945,4141,15.2,1656.4,0,0,17.478,29.202,20.58,122.8,Burdekin,AyrDPI,Mulg,1960,Furrow,BareFallow,35,Surf1,200,200,HighFreq,0,P2R,15AprV1R4,T4,8238.1,7906.814,6568.214,6929.679,38.005,14.937,2.10657541710226,0.100600110890056,2.06910559006211,0.832815,30.457,999
1993,14/09/1993,257,1992,15-Apr,6,sugar,alive,2,396,1990,14/8/1992,105,0,0,318,1993,21,2039,6550.56,5816.6,5166.26,158.939,3157.34,,15412.386,6164.954,59.464,21.534,92.549,92.549,1.184,8825.945,8827.129,132335.614,0.693,41,8200,509.4,831.847,6293.098,312.638,1220.997,371.152,1592.148,65.439,8824.247,1.523,8825.77,132285.658,200,223.663,301.741,39.538,0.614,19.186,7.432,6816.477,355.421,0.933,3855.7,14.1,1542.3,0,0,17.925,29.002,20.185,72,Burdekin,AyrDPI,Mulg,1960,Furrow,BareFallow,35,Surf1,200,200,HighFreq,0,P2R,15AprV1R4,T4,8709.4,8512.638,7124.945,7496.097,59.338,19.8,1.8670945481295,0.099826774897811,1.8374450867052,0.794695,31.573,999
1994,14/10/1994,287,1993,15-Apr,6,sugar,alive,3,395,1990,14/9/1993,105,0,0,318,1994,21,2039,7032.32,6288.25,5618.01,173.495,3484.27,,15043.958,6017.583,58.045,21.802,84.856,84.856,1.523,8824.247,8825.77,132285.658,0.689,42,8400,381.5,736.525,6379.307,227.864,1314.524,356.039,1670.563,53.62,8817.886,1.456,8819.341,132209.567,200,223.381,298.252,27.546,0.32,37.682,5.348,6862.973,357.185,0.951,4304.8,15.8,1721.9,0,0,17.917,29.25,20.662,46.8,Burdekin,AyrDPI,Mulg,1960,Furrow,BareFallow,35,Surf1,200,200,HighFreq,0,P2R,15AprV1R4,T4,8781.5,8627.864,7115.832,7471.871,65.548,38.002,2.01086850696766,0.10385420962873,1.96039548022599,0.867475,34.843,999
1995,14/11/1995,318,1994,15-Apr,6,sugar,alive,4,396,1990,14/10/1994,105,0,0,318,1995,21,2039,7461.27,6660.65,5969.28,184.495,3745.61,,15680.757,6272.303,61.189,22.071,79.961,79.961,1.456,8817.886,8819.341,132209.567,0.685,41,8200,544.9,705.476,6409.109,324.131,1295.77,335.768,1631.538,54.751,8809.676,1.668,8811.343,132070.92,200,238.202,309.777,35.609,0.256,19.096,6.637,7202.532,358.982,0.951,4314,15.8,1725.6,0,0,19.239,29.375,20.713,55.2,Burdekin,AyrDPI,Mulg,1960,Furrow,BareFallow,35,Surf1,200,200,HighFreq,0,P2R,15AprV1R4,T4,8744.9,8524.131,7114.585,7450.353,54.961,19.352,2.16438485049092,0.113080418598893,2.1328901734104,0.922475,37.456,999
1996,14/04/1996,105,0,15-Apr,6,none,out,-1,0,1990,0.000,105,0,0,318,-1,21,2039,0,0,0,0,0,,16348.798,6539.519,62.615,0,78.738,78.738,1.668,8809.676,8811.343,132070.92,0.681,0,0,439.4,0.839,220.641,218.629,0,171.921,171.921,10.387,8901.93,8.922,8910.852,134333.657,0,0,10.067,0.057,0.001,0.069,0.022,4437.379,359.682,0.001,0.7,0,0.3,0,0,22.931,32.053,22.1,107,Burdekin,AyrDPI,Mulg,1960,Furrow,BareFallow,35,Surf1,200,200,HighFreq,0,P2R,15AprV1R4,T4,439.4,218.629,221.48,393.401,0.127,0.07,0,0,0,,0,999
1997,14/07/1997,195,1996,15-Apr,7,sugar,alive,0,456,1996,14/4/1996,105,0,0,318,1997,21,2039,10694.16,9659.52,8725.44,272.283,5145.47,,0,0,0,20.344,124.738,124.738,8.922,8901.93,8910.852,134333.657,0.683,42,8400,982.2,426.518,6910.223,480.786,1656.748,401.716,2058.465,139.629,8747.099,1.754,8748.853,130982.165,200,335.569,396.168,28.341,1.707,42.867,5.726,7281.927,361.813,0.99,6570.1,24.1,2628,0,0,18.701,28.609,19.693,116.8,Burdekin,AyrDPI,Mulg,1960,Furrow,BareFallow,35,Surf1,200,200,HighFreq,0,P2R,15AprV1R4,T4,9382.2,8880.786,7336.741,7738.457,72.915,44.574,3.06597861946003,0.132274777564836,3.07664406779661,1.361415,51.455,999
1998,14/08/1998,226,1997,15-Apr,7,sugar,alive,1,396,1996,14/7/1997,105,0,0,318,1998,21,2039,5592.14,4928.24,4445.61,135.933,2493.48,,22318.729,8927.491,85.796,19.662,111.732,111.732,1.754,8747.099,8748.853,130982.165,0.673,36,7200,943.5,558.793,6348.321,391.885,847.628,385.574,1233.202,88.306,8763.854,1.423,8765.277,131426.576,200,229.559,285.034,14.993,0.256,22.251,2.972,7034.818,363.697,0.898,3255.4,11.9,1302.2,0,0,19.78,28.54,19.348,189.6,Burdekin,AyrDPI,Mulg,1960,Furrow,BareFallow,35,Surf1,200,200,HighFreq,0,P2R,15AprV1R4,T4,8143.5,7591.885,6907.114,7292.688,37.5,22.507,1.79050393940372,0.110227683704697,1.77690196078431,0.679665,24.935,999
1999,14/09/1999,257,1998,15-Apr,7,sugar,alive,2,396,1996,14/8/1998,105,0,0,318,1999,21,2039,7206.29,6448.63,5702.32,176.073,3469.74,,12512.578,5005.031,46.378,21.339,114.916,114.916,1.423,8763.854,8765.277,131426.576,0.674,37,7400,1157.8,691.438,6412.21,573.58,1126.232,353.876,1480.108,59.034,8755.264,1.41,8756.674,131215.274,200,214.564,304.061,52.618,0.622,20.713,9.857,6704.375,365.614,0.946,4178.6,15.3,1671.4,0,0,19.672,28.665,19.051,112,Burdekin,AyrDPI,Mulg,1960,Furrow,BareFallow,35,Surf1,200,200,HighFreq,0,P2R,15AprV1R4,T4,8557.8,7973.58,7103.648,7457.524,73.953,21.335,2.20820509733395,0.118959562410311,2.24296815286624,0.880365,34.697,999
2000,13/10/2000,287,1999,15-Apr,7,sugar,alive,3,395,1996,14/9/1999,105,0,0,318,2000,21,2039,6597.11,5911.45,5232.61,161.698,3212.04,,16335.516,6534.207,62.324,21.533,88.961,88.961,1.41,8755.264,8756.674,131215.274,0.671,36,7200,1485.1,903.937,6452.474,491.679,1015.068,336.907,1351.976,56.001,8763.083,1.511,8764.594,131426.288,200,214.837,290.695,38.374,0.305,19.607,7.165,6567.144,367.562,0.941,4032.3,14.8,1612.9,0,0,18.806,28.308,19.755,136,Burdekin,AyrDPI,Mulg,1960,Furrow,BareFallow,35,Surf1,200,200,HighFreq,0,P2R,15AprV1R4,T4,8685.1,7691.679,7356.411,7693.318,58.286,19.912,2.10224581655059,0.119601235524891,2.11369934640523,0.80849,32.12,999
2001,13/11/2001,317,2000,15-Apr,7,sugar,alive,4,396,1996,13/10/2000,105,0,0,318,2001,21,2039,6883.36,6117.54,5496.35,170.128,3512.71,,15025.666,6010.267,58.5,22.496,65.674,65.674,1.511,8763.083,8764.594,131426.288,0.669,41,8200,561.7,551.536,6551.446,350.333,1269.826,397.336,1667.163,68.719,8740.872,1.968,8742.84,130951.59,200,226.017,316.551,58.458,0.516,16.568,10.846,7020.042,369.549,0.927,3739.8,13.7,1495.9,0,0,18.326,29.448,20.344,52,Burdekin,AyrDPI,Mulg,1960,Furrow,BareFallow,35,Surf1,200,200,HighFreq,0,P2R,15AprV1R4,T4,8761.7,8550.333,7102.982,7500.318,75.542,17.084,1.98972367508961,0.10204641057893,1.96679768786127,0.85064,35.127,999
2002,15/04/2002,105,0,15-Apr,7,none,out,-1,0,1996,0.000,105,0,0,318,-1,21,2039,0,0,0,0,0,,14968.391,5987.357,60.372,0,57.229,57.229,1.968,8740.872,8742.84,130951.59,0.665,0,0,709.6,0.383,468.03,241.57,0,166.758,166.758,22.127,8833.102,6.276,8839.377,133552.51,0,0,6.345,0.079,0,0.16,0.015,3650.662,370.333,0,0.7,0,0.3,0,0,22.761,32.867,22.92,206,Burdekin,AyrDPI,Mulg,1960,Furrow,BareFallow,35,Surf1,200,200,HighFreq,0,P2R,15AprV1R4,T4,709.6,241.57,468.413,635.171,0.239,0.16,0,0,0,,0,999
2003,15/07/2003,196,2002,15-Apr,8,sugar,alive,0,456,2002,15/4/2002,105,0,0,318,2003,21,2039,9905.66,8887.92,7967.29,247.414,4614.47,,0,0,0,20.04,131.659,131.659,6.276,8833.102,8839.377,133552.51,0.666,43,8600,540.4,376.74,6646.235,292.647,1782.222,390.41,2172.632,134.491,8682.186,1.812,8683.998,129930.432,200,332.308,396.034,26.815,2.768,38.821,5.337,7472.335,372.685,0.987,6216.7,22.8,2486.7,0,0,17.497,29.369,20.058,51,Burdekin,AyrDPI,Mulg,1960,Furrow,BareFallow,35,Surf1,200,200,HighFreq,0,P2R,15AprV1R4,T4,9140.4,8892.647,7022.975,7413.385,68.404,41.589,2.78223120742339,0.113877545760166,2.73385635359116,1.23707,46.145,999
2004,14/08/2004,227,2003,15-Apr,8,sugar,alive,1,396,2002,15/7/2003,105,0,0,318,2004,21,2039,6508.02,5777.2,5186.51,159.326,2971.63,,21760.266,8704.107,84.844,20.041,76.453,76.453,1.812,8682.186,8683.998,129930.432,0.658,37,7400,730.8,485.684,6027.543,331.377,1242.569,364.193,1606.762,80.897,8691.682,1.106,8692.789,130345.697,200,242.723,296.853,20.423,0.266,11.802,3.982,7006.599,374.756,0.936,3934.9,14.4,1574,0,0,18.173,29.68,20.405,173.2,Burdekin,AyrDPI,Mulg,1960,Furrow,BareFallow,35,Surf1,200,200,HighFreq,0,P2R,15AprV1R4,T4,8130.8,7731.377,6513.227,6877.42,32.491,12.068,2.06077132184862,0.0991596764175404,2.02963057324841,0.79663,29.716,999
2005,14/09/2005,257,2004,15-Apr,8,sugar,alive,2,396,2002,14/8/2004,105,0,0,318,2005,21,2039,6846.31,6082.9,5423.22,166.541,3297.79,,14577.461,5830.984,54.867,21.456,87.264,87.264,1.106,8691.682,8692.789,130345.697,0.66,41,8200,741.5,915.176,6340.823,256.986,1323.183,354.846,1678.028,50.508,8690.379,1.263,8691.641,130330.162,200,224.48,303.684,38.573,0.456,20.602,7.259,6870.302,376.868,0.953,4366.1,16,1746.4,0,0,18.136,29.487,20.28,143.4,Burdekin,AyrDPI,Mulg,1960,Furrow,BareFallow,35,Surf1,200,200,HighFreq,0,P2R,15AprV1R4,T4,8941.5,8456.986,7255.999,7610.845,59.631,21.058,1.96927132195796,0.0992480459205687,1.92532947976879,0.832705,32.978,999
2006,14/10/2006,287,2005,15-Apr,8,sugar,alive,3,395,2002,14/9/2005,105,0,0,318,2006,21,2039,7147.67,6426.56,5683.87,175.66,3479.77,,15807.44,6322.977,60.406,21.466,94.737,94.737,1.263,8690.379,8691.641,130330.162,0.656,39,7800,921,946.137,6191.84,365.804,1283.339,319.428,1602.767,50.709,8693.28,1.291,8694.571,130420.234,200,222.635,297.879,38.123,0.528,19.062,7.073,6796.406,379.015,0.962,4680,17.1,1872,0,0,18.775,29.419,19.891,178.4,Burdekin,AyrDPI,Mulg,1960,Furrow,BareFallow,35,Surf1,200,200,HighFreq,0,P2R,15AprV1R4,T4,8721,8165.804,7137.977,7457.405,57.713,19.59,2.1511660088829,0.109597964020971,2.12921212121212,0.8783,34.798,999
2007,14/11/2007,318,2006,15-Apr,8,sugar,alive,4,396,2002,14/10/2006,105,0,0,318,2007,21,2039,7080.97,6291.04,5635.81,173.68,3579.34,,16420.342,6568.137,63.516,22.449,74.993,74.993,1.291,8693.28,8694.571,130420.234,0.653,37,7400,955.1,783.957,6029.849,345.405,1241.466,308.952,1550.417,47.797,8696.235,1.671,8697.906,130415.805,200,229.632,298.233,32.641,0.274,18.194,6.086,6973.718,381.199,0.955,4427,16.2,1770.8,0,0,18.14,28.848,20.087,130.2,Burdekin,AyrDPI,Mulg,1960,Furrow,BareFallow,35,Surf1,200,200,HighFreq,0,P2R,15AprV1R4,T4,8355.1,7745.405,6813.806,7122.758,51.109,18.468,2.24236176158639,0.112021475512717,2.21248407643312,0.8684,35.793,999
2008,14/04/2008,105,0,15-Apr,8,none,out,-1,0,2002,0.000,105,0,0,318,-1,21,2039,0,0,0,0,0,,16046.787,6418.716,64.018,0,65.869,65.869,1.671,8696.235,8697.906,130415.805,0.652,0,0,1182.4,150.342,663.885,474.997,0,282.546,282.546,31.502,8791.33,5.271,8796.6,133354.194,0,0,7.882,0.565,0.12,0.308,0.038,3597.516,382.048,0,0.4,0,0.2,0,0,22.044,31.03,20.031,108.2,Burdekin,AyrDPI,Mulg,1960,Furrow,BareFallow,35,Surf1,200,200,HighFreq,0,P2R,15AprV1R4,T4,1182.4,474.997,814.227,1096.773,0.993,0.428,0,0,0,,0,999
2009,14/07/2009,195,2008,15-Apr,9,sugar,alive,0,456,2008,14/4/2008,105,0,0,318,2009,21,2039,8644.93,7778.92,6862.5,212.942,3664.41,,0,0,0,18.266,151.497,151.497,5.271,8791.33,8796.6,133354.194,0.653,36,7200,1896.9,673.111,6684.986,551.621,1454.801,365.83,1820.631,141.214,8646.924,2.249,8649.173,129332.643,200,311.849,381.622,34.519,2.171,39.361,6.739,7453.562,384.628,0.98,5610.8,20.6,2244.3,0,0,17.681,28.658,18.107,197.2,Burdekin,AyrDPI,Mulg,1960,Furrow,BareFallow,35,Surf1,200,200,HighFreq,0,P2R,15AprV1R4,T4,9096.9,7751.621,7358.097,7723.927,76.051,41.532,2.74706413019935,0.116960548293421,2.78355555555556,1.06471,36.644,999
2010,16/08/2010,228,2009,15-Apr,9,sugar,alive,1,398,2008,14/7/2009,105,0,2,318,2010,19,2039,6821.72,6089.55,5397.19,166.346,2915.29,,19919.757,7967.903,79.916,18.656,69.669,69.669,2.249,8646.924,8649.173,129332.643,0.646,38,7600,1122.7,550.119,6554.352,501.65,1208.016,337.499,1545.516,91.044,8641.269,1.303,8642.572,129506.075,200,248.142,306.249,23.397,0.493,14.74,4.576,6775.874,386.915,0.939,4005,14.7,1602,0,0,18.353,29.247,18.959,135.2,Burdekin,AyrDPI,Mulg,1960,Furrow,BareFallow,35,Surf1,200,200,HighFreq,0,P2R,15AprV1R4,T4,8722.7,8101.65,7104.471,7441.97,38.63,15.233,2.05323606919578,0.107631367129166,2.0664099378882,0.83173,29.153,999
2011,16/09/2011,259,2010,15-Apr,9,sugar,alive,2,396,2008,16/8/2010,105,0,2,320,2011,19,2041,6406.06,5758.31,5021.4,155.428,3093.88,,15512.811,6205.125,59.543,21.584,142.382,142.382,1.303,8641.269,8642.572,129506.075,0.647,32,6400,1415.7,672.322,5821.708,826.203,1044.689,351.065,1395.754,50.959,8649.027,1.207,8650.233,129661.799,200,199.007,279.834,36.008,0.132,35.249,6.776,6317.646,389.227,0.922,3640.6,13.3,1456.2,0,0,18.1,28.358,17.748,81.4,Burdekin,AyrDPI,Mulg,1960,Furrow,BareFallow,35,Surf1,200,200,HighFreq,0,P2R,15AprV1R4,T4,7815.7,7226.203,6494.03,6845.095,71.389,35.381,2.1508944600643,0.111357732093191,2.26902189781022,0.77714,30.939,999
2012,15/10/2012,289,2011,15-Apr,9,sugar,alive,3,395,2008,16/9/2011,105,0,2,320,2012,19,2041,7161.23,6443.83,5680.33,175.93,3475.58,,14864.125,5945.65,58.953,21.399,68.299,68.299,1.207,8649.027,8650.233,129661.799,0.646,37,7400,1154.8,929.522,6065.025,487.32,1239.771,318.598,1558.369,41.975,8650.636,1.302,8651.938,129742.092,200,218.209,295.843,38.996,0.543,20.47,7.264,6511.195,391.57,0.954,4388.8,16.1,1755.5,0,0,18.092,28.805,19.387,197.4,Burdekin,AyrDPI,Mulg,1960,Furrow,BareFallow,35,Surf1,200,200,HighFreq,0,P2R,15AprV1R4,T4,8554.8,7887.32,6994.547,7313.145,60.009,21.013,2.23054218669966,0.112893672807917,2.24114649681529,0.87965,34.756,999
2013,15/11/2013,319,2012,15-Apr,9,sugar,alive,4,396,2008,15/10/2012,105,0,2,320,2013,19,2041,7211.45,6409.8,5735.14,176.765,3570.16,,16318.164,6527.266,65.3,21.943,70.183,70.183,1.302,8650.636,8651.938,129742.092,0.643,42,8400,546.6,703.518,6610.424,226.804,1306.492,318.829,1625.322,57.399,8649.47,1.846,8651.316,129656.962,200,234.151,305.035,31.743,0.439,19.027,5.927,7146.569,393.956,0.95,4283.7,15.7,1713.5,0,0,18.55,29.58,20.592,178.6,Burdekin,AyrDPI,Mulg,1960,Furrow,BareFallow,35,Surf1,200,200,HighFreq,0,P2R,15AprV1R4,T4,8946.6,8626.804,7313.942,7632.771,51.209,19.466,2.04902070337984,0.108756910938263,1.99734463276836,0.883825,35.702,999
2014,17/04/2014,107,0,15-Apr,9,none,out,-1,0,2008,0.000,107,2,2,322,-1,18,2041,0,0,0,0,0,,16189.755,6475.901,62.507,0,77.519,77.519,1.846,8649.47,8651.316,129656.962,0.641,0,0,632.6,14.683,216.673,411.299,0,216.647,216.647,10.04,8739.954,8.374,8748.328,131774.232,0,0,15.487,1.038,0.016,0.796,0.09,4470.19,394.896,0,0.6,0,0.2,0,0,21.993,31.18,20.603,86.2,Burdekin,AyrDPI,Mulg,1960,Furrow,BareFallow,35,Surf1,200,200,HighFreq,0,P2R,15AprV1R4,T4,632.6,411.299,231.356,448.003,1.85,0.812,0,0,0,,0,999
2015,17/07/2015,198,2014,15-Apr,10,sugar,alive,0,456,2014,17/4/2014,107,2,0,320,2015,19,2039,9724.83,8710.54,7824.38,242.969,4553.84,,0,0,0,20.153,262.118,262.118,8.374,8739.954,8748.328,131774.232,0.643,44,8800,448.8,380.107,6875.347,229.595,1764.329,408.974,2173.304,142.49,8578.792,1.886,8580.678,128391.836,200,331.629,399.748,33.814,2.022,43.946,6.568,7085.872,397.712,0.986,6120.5,22.4,2448.2,0,0,17.752,29.33,19.661,83.4,Burdekin,AyrDPI,Mulg,1960,Furrow,BareFallow,35,Surf1,200,200,HighFreq,0,P2R,15AprV1R4,T4,9248.8,9029.595,7255.454,7664.428,79.782,45.968,2.69080728426912,0.111797061064628,2.62669189189189,1.214845,45.538,999
2016,16/08/2016,229,2015,15-Apr,10,sugar,alive,1,396,2014,17/7/2015,107,2,0,320,2016,19,2039,6149.43,5427.5,4892.91,149.769,2749.44,,21356.282,8542.514,82.764,19.68,82.16,82.16,1.886,8578.792,8580.678,128391.836,0.633,39,7800,523.6,577.934,6184.224,297.802,1161.39,360.545,1521.935,84.107,8591.265,1.196,8592.461,128838.203,200,237.812,292.516,20.148,0.341,12.309,3.932,6810.266,400.186,0.933,3871,14.2,1548.4,0,0,18.819,29.827,19.384,43.6,Burdekin,AyrDPI,Mulg,1960,Furrow,BareFallow,35,Surf1,200,200,HighFreq,0,P2R,15AprV1R4,T4,8323.6,8097.802,6762.158,7122.703,32.798,12.65,1.84950187717605,0.098406962189581,1.81538181818182,0.748845,27.494,999
2017,16/09/2017,259,2016,15-Apr,10,sugar,alive,2,396,2014,16/8/2016,107,2,0,320,2017,19,2039,6431.35,5699.34,5024.72,154.055,2966.06,,13970.745,5588.298,52.395,20.781,121.666,121.666,1.196,8591.265,8592.461,128838.203,0.635,39,7800,873.2,815.57,6347.997,446.32,1204.995,358.159,1563.154,60.81,8588.816,1.358,8590.173,128748.275,200,209.825,293.553,41.453,0.251,29.06,7.665,6502.323,402.705,0.947,4199,15.4,1679.6,0,0,18.663,29.889,18.144,107.8,Burdekin,AyrDPI,Mulg,1960,Furrow,BareFallow,35,Surf1,200,200,HighFreq,0,P2R,15AprV1R4,T4,8673.2,8246.32,7163.567,7521.726,70.764,29.311,1.86816664888096,0.0985539492589982,1.86733333333333,0.770275,29.661,999
2018,16/10/2018,289,2017,15-Apr,10,sugar,alive,3,395,2014,16/9/2017,107,2,0,320,2018,19,2039,6544.93,5872.73,5128.57,158.632,3038.09,,15525.546,6210.219,60.019,20.657,68.145,68.145,1.358,8588.816,8590.173,128748.275,0.632,40,8000,722.5,843.294,6319.876,313.372,1231.741,327.73,1559.47,56.073,8586.092,1.596,8587.688,128675.084,200,210.385,297.311,52.828,0.741,16.141,9.775,6473.506,405.261,0.931,3816.8,14,1526.7,0,0,18.071,29.621,18.354,130.4,Burdekin,AyrDPI,Mulg,1960,Furrow,BareFallow,35,Surf1,200,200,HighFreq,0,P2R,15AprV1R4,T4,8722.5,8313.372,7163.17,7490.9,69.71,16.882,1.90815471748407,0.101721738795873,1.87730177514793,0.79316,30.381,999
2019,16/11/2019,320,2018,15-Apr,10,sugar,alive,4,396,2014,16/10/2018,107,2,0,320,2019,19,2039,6701.32,6011.86,5194.72,160.639,2927.04,,15283.336,6113.334,60.468,19.512,68.005,68.005,1.596,8586.092,8587.688,128675.084,0.63,38,7600,1183.8,768.428,6523.281,381.122,1194.007,297.938,1491.944,45.381,8578.04,1.688,8579.728,128536.86,200,219.827,300.603,44.806,0.328,20.438,8.292,6511.703,407.856,0.934,3876.1,14.2,1550.4,0,0,18.556,29.691,17.571,92.8,Burdekin,AyrDPI,Mulg,1960,Furrow,BareFallow,35,Surf1,200,200,HighFreq,0,P2R,15AprV1R4,T4,8783.8,7981.122,7291.709,7589.647,65.572,20.766,2.01273705626853,0.10767093134863,1.99551552795031,0.803195,29.27,999
2020,14/04/2020,105,0,15-Apr,10,none,out,-1,0,2014,0.000,105,0,0,320,-1,19,2039,0,0,0,0,0,,16100.749,6440.3,66.014,0,68.151,68.151,1.688,8578.04,8579.728,128536.86,0.628,0,0,828,35.856,521.504,297.995,0,198.548,198.548,24.607,8670.222,4.106,8674.328,131453.715,0,0,4.889,0.215,0.042,0.138,0.018,3317.784,408.85,0,0.6,0,0.2,0,0,22.748,32.54,20.701,327.8,Burdekin,AyrDPI,Mulg,1960,Furrow,BareFallow,35,Surf1,200,200,HighFreq,0,P2R,15AprV1R4,T4,828,297.995,557.36,755.908,0.395,0.18,0,0,0,,0,999
2021,14/07/2021,195,2020,15-Apr,11,sugar,alive,0,456,2020,14/4/2020,105,0,0,318,2021,21,2039,8566.3,7676.89,6767.51,209.748,3762.31,,0,0,0,19.163,140.244,140.244,4.106,8670.222,8674.328,131453.715,0.63,41,8200,1238.2,556.205,7071.892,474.562,1453.892,380.63,1834.522,142.099,8535.6,1.954,8537.554,127656.736,200,291.922,371.291,31.253,2.481,50.707,6.006,7170.301,411.908,0.975,5293.7,19.4,2117.5,0,0,18.324,28.888,16.427,132.4,Burdekin,AyrDPI,Mulg,1960,Furrow,BareFallow,35,Surf1,200,200,HighFreq,0,P2R,15AprV1R4,T4,9438.2,8674.562,7628.097,8008.727,84.441,53.188,2.41796646332115,0.114333870076238,2.4248323699422,1.04874,37.623,999
1961,15/04/1961,105,0,15-Apr,0,none,out,-1,0,-1,0.000,105,0,0,318,-1,21,2039,0,0,0,0,0,,0,0,0,0,0,0,0,0,0,0,0.89,0,0,356.6,0,169.312,187.288,0,145.244,145.244,7.686,9503.047,38.678,9541.726,141817.536,0,0,36.967,1.808,0,0.521,0.325,1004.679,350,0.001,1.4,0,0.5,0,0,20.264,30.936,22.36,63.2,Burdekin,AyrDPI,Mulg,1961,Furrow,BareFallow,35,Surf1,200,200,HighFreq,0,P2R,15AprV1R4,T4,356.6,187.288,169.312,314.556,2.329,0.521,0,0,0,,0,999
1962,15/07/1962,196,1961,15-Apr,1,sugar,alive,0,456,1961,15/4/1961,105,0,0,318,1962,21,2039,8761.71,7867.24,7008.73,217.469,3825.4,,0,0,0,18.736,71.594,71.594,38.678,9503.047,9541.726,141817.536,0.884,41,8200,968.6,336.96,6778.678,571.302,1637.251,397.482,2034.733,134.639,9422.65,0.79,9423.44,141569.512,200,256.048,315.812,49.062,0.236,52.768,9.903,3590.665,350,0.985,6043,22.1,2417.2,0,0,16.561,28.834,19.605,102.1,Burdekin,AyrDPI,Mulg,1961,Furrow,BareFallow,35,Surf1,200,200,HighFreq,0,P2R,15AprV1R4,T4,9168.6,8771.302,7115.638,7513.12,102.066,53.004,2.47932405018092,0.106878396330133,2.51409248554913,1.087345,38.254,999
1963,18/08/1963,230,1962,15-Apr,1,sugar,alive,1,399,1961,15/7/1962,105,0,3,318,1963,18,2039,5766.69,5145.09,4510.61,138.61,2536.12,,20036.765,8014.706,77.567,19.605,89.823,89.823,0.79,9422.65,9423.44,141569.512,0.866,34,6800,1163.8,636.964,5809.793,479.352,1125.999,355.224,1481.223,73.112,9438.327,0.983,9439.311,142786.242,200,221.899,280.205,21.992,0.002,13.82,4.333,5443.151,350,0.914,3511.8,12.9,1404.7,0,0,17.096,28.908,18.959,91.9,Burdekin,AyrDPI,Mulg,1961,Furrow,BareFallow,35,Surf1,200,200,HighFreq,0,P2R,15AprV1R4,T4,7963.8,7279.352,6446.757,6801.981,35.814,13.822,1.9041530070259,0.0935780770349907,1.91186206896552,0.69305,25.361,999
1964,17/09/1964,261,1963,15-Apr,1,sugar,alive,2,396,1961,18/8/1963,105,0,3,321,1964,18,2042,6195.06,5516.95,4843.4,148.582,2670.24,,13661.716,5464.687,52.799,19.205,125.643,125.643,0.983,9438.327,9439.311,142786.242,0.862,38,7600,554.3,1021.36,5607.572,287.674,1240.532,342.423,1582.955,44.628,9427.237,1.197,9428.434,143387.656,200,214.501,300.389,33.43,0.081,38.681,6.353,5669.523,350,0.937,3960.2,14.5,1584.1,0,0,17.294,29.464,19.826,92.7,Burdekin,AyrDPI,Mulg,1961,Furrow,BareFallow,35,Surf1,200,200,HighFreq,0,P2R,15AprV1R4,T4,8154.3,7887.674,6628.932,6971.355,72.192,38.762,1.88372389629693,0.0938636916400024,1.84573913043478,0.74291,26.702,999
1965,17/10/1965,290,1964,15-Apr,1,sugar,alive,3,395,1961,17/9/1964,105,0,3,321,1965,18,2042,7004.4,6333.1,5496.78,171.016,3325.35,,14855.294,5942.118,58.588,21.017,68.056,68.056,1.197,9427.237,9428.434,143387.656,0.853,39,7800,832.9,722.476,6222.276,355.986,1311.117,363.469,1674.586,52.169,9403.983,1.467,9405.45,143651.809,200,222.136,321.99,56.308,0.188,20.858,10.591,6033.594,350,0.924,3682.6,13.5,1473,0,0,17.504,29.121,19.961,107.4,Burdekin,AyrDPI,Mulg,1961,Furrow,BareFallow,35,Surf1,200,200,HighFreq,0,P2R,15AprV1R4,T4,8632.9,8155.986,6944.752,7308.221,77.354,21.046,2.09681576206727,0.102124345957747,2.07292121212121,0.85508,33.254,999
1966,21/11/1966,325,1965,15-Apr,1,sugar,alive,4,400,1961,17/10/1965,105,0,7,321,1966,14,2042,7105.58,6320.83,5558.13,171.702,3410.42,,15945.003,6378.001,65.038,21.531,81.618,81.618,1.467,9403.983,9405.45,143651.809,0.843,43,8600,469.4,553.564,6874.052,292.653,1267.33,345.807,1613.137,59.22,9382.954,1.937,9384.891,144058.934,200,231.375,321.118,49.97,0.014,20.355,9.336,6296.372,350,0.934,3889.6,14.3,1555.8,0,0,18.211,29.066,19.828,102.9,Burdekin,AyrDPI,Mulg,1961,Furrow,BareFallow,35,Surf1,200,200,HighFreq,0,P2R,15AprV1R4,T4,9069.4,8892.653,7427.616,7773.423,70.339,20.369,1.93082986595789,0.10643981261356,1.89725966850829,0.85851,34.104,999
1967,15/04/1967,105,0,15-Apr,1,none,out,-1,0,1961,0.000,105,0,7,325,-1,14,2046,0,0,0,0,0,,16459.42,6583.769,66.178,0,110.266,110.266,1.937,9382.954,9384.891,144058.934,0.834,0,0,493.9,1.835,267.954,225.895,0,195.222,195.222,12.632,9468.737,12.107,9480.844,146697.218,0,0,13.894,0.491,0,0.445,0.05,3829.256,350,0,0.7,0,0.3,0,0,21.477,31.339,21.494,154.9,Burdekin,AyrDPI,Mulg,1961,Furrow,BareFallow,35,Surf1,200,200,HighFreq,0,P2R,15AprV1R4,T4,493.9,225.895,269.789,465.011,0.936,0.445,0,0,0,,0,999
1968,14/07/1968,196,1967,15-Apr,2,sugar,alive,0,456,1967,15/4/1967,105,0,0,318,1968,21,2039,9038.81,8122.77,7209.62,223.83,4082.54,,0,0,0,19.535,139.156,139.156,12.107,9468.737,9480.844,146697.218,0.835,39,7800,1672.1,581.376,7037.985,581.318,1520.453,400.09,1920.543,137.014,9327.072,1.737,9328.809,143864.536,200,291.922,375.225,48.132,0.018,53.643,9.432,6367.065,350,0.982,5753.2,21.1,2301.3,0,0,17.786,28.252,19.122,187.9,Burdekin,AyrDPI,Mulg,1961,Furrow,BareFallow,35,Surf1,200,200,HighFreq,0,P2R,15AprV1R4,T4,9472.1,8381.318,7619.361,8019.451,101.793,53.661,2.67058235948093,0.116545164570645,2.71309090909091,1.11915,40.825,999
1969,14/08/1969,226,1968,15-Apr,2,sugar,alive,1,396,1967,14/7/1968,105,0,0,318,1969,21,2039,6298.52,5589.92,4916.43,151.115,2741.23,,20438.294,8175.318,80.953,19.412,71.351,71.351,1.737,9327.072,9328.809,143864.536,0.818,41,8200,219.9,460.129,6312.782,145.004,1266.483,371.04,1637.523,86.081,9312.525,1.347,9313.872,143913.506,200,250.727,310.135,28.641,0.013,12.948,5.563,6797.257,350,0.923,3653.9,13.4,1461.6,0,0,17.324,29.16,19.914,46.5,Burdekin,AyrDPI,Mulg,1961,Furrow,BareFallow,35,Surf1,200,200,HighFreq,0,P2R,15AprV1R4,T4,8419.9,8345.004,6772.911,7143.951,41.602,12.961,1.81084394926593,0.0922826732815356,1.74699421965318,0.755575,27.412,999
1970,14/09/1970,257,1969,15-Apr,2,sugar,alive,2,396,1967,14/8/1969,105,0,0,318,1970,21,2039,6715.4,6010.72,5254.87,161.782,3103.12,,14853.604,5941.442,58.659,20.693,80.816,80.816,1.347,9312.525,9313.872,143913.506,0.814,42,8400,670.4,886.066,6494.352,310.736,1324.635,356.57,1681.205,57.584,9298.522,1.379,9299.901,143713.911,200,228.022,316.261,45.893,0.086,21.284,8.625,6892.795,350,0.941,4046.4,14.8,1618.6,0,0,17.523,29.383,20.581,133.6,Burdekin,AyrDPI,Mulg,1961,Furrow,BareFallow,35,Surf1,200,200,HighFreq,0,P2R,15AprV1R4,T4,9070.4,8710.736,7380.418,7736.988,67.263,21.37,1.85727130290713,0.0962297875630872,1.82804519774011,0.80891,31.031,999
1971,14/10/1971,287,1970,15-Apr,2,sugar,alive,3,395,1967,14/9/1970,105,0,0,318,1971,21,2039,6859.92,6178.36,5347.97,165.439,3104.29,,15854.028,6341.611,61.993,20.18,89.592,89.592,1.379,9298.522,9299.901,143713.911,0.806,33,6600,1222.9,745.528,5523.651,593.761,1236.775,339.81,1576.585,37.706,9288.361,1.556,9289.917,143412.58,200,228.929,311.723,44.502,0.127,17.443,8.312,6980.531,350,0.943,4102.9,15,1641.2,0,0,17.746,28.818,19.76,220,Burdekin,AyrDPI,Mulg,1961,Furrow,BareFallow,35,Surf1,200,200,HighFreq,0,P2R,15AprV1R4,T4,7822.9,7193.761,6269.179,6608.989,62.072,17.57,2.29975669194459,0.10493503363282,2.3466524822695,0.827195,31.043,999
1972,13/11/1972,318,1971,15-Apr,2,sugar,alive,4,396,1967,14/10/1971,105,0,0,318,1972,21,2039,7121.69,6410.03,5588.28,173.512,3354.11,,16339.036,6535.615,66.937,20.877,66.728,66.728,1.556,9288.361,9289.917,143412.58,0.799,40,8000,1329.1,807.628,6872.599,345.72,1319.662,333.052,1652.714,47.5,9268.498,2.01,9270.508,142972.271,200,237.641,320.34,43.49,0.532,20.213,8.096,7184.189,350,0.933,3856.8,14.1,1542.7,0,0,16.944,28.986,20.231,206.2,Burdekin,AyrDPI,Mulg,1961,Furrow,BareFallow,35,Surf1,200,200,HighFreq,0,P2R,15AprV1R4,T4,9329.1,8345.72,7680.227,8013.279,64.235,20.745,2.07905369458836,0.104986101648561,2.05339644970414,0.86756,33.541,999
1973,15/04/1973,105,0,15-Apr,2,none,out,-1,0,1967,0.000,105,0,0,318,-1,21,2039,0,0,0,0,0,,16312.258,6524.903,70.564,0,62.886,62.886,2.01,9268.498,9270.508,142972.271,0.793,0,0,912.7,68.772,442.911,447.993,0,275.033,275.033,20.985,9365.719,4.068,9369.787,145965.362,0,0,7.269,0.598,0.021,0.254,0.039,3521.427,350,0,0.4,0,0.2,0,0,21.686,30.85,20.736,108.5,Burdekin,AyrDPI,Mulg,1961,Furrow,BareFallow,35,Surf1,200,200,HighFreq,0,P2R,15AprV1R4,T4,912.7,447.993,511.683,786.716,0.873,0.275,0,0,0,,0,999
1974,15/07/1974,196,1973,15-Apr,3,sugar,alive,0,456,1973,15/4/1973,105,0,0,318,1974,21,2039,8390.42,7557.28,6626.17,205.421,3412.98,,0,0,0,17.536,188.87,188.87,4.068,9365.719,9369.787,145965.362,0.794,32,6400,2113.6,802.208,6051.641,832.978,1377.827,395.665,1773.492,125.917,9213.528,2.155,9215.683,142074.97,200,313.22,386.811,37.821,0.125,42.617,7.366,7271.387,350,0.978,5464.3,20,2185.7,0,0,17.929,28.237,17.62,152.9,Burdekin,AyrDPI,Mulg,1961,Furrow,BareFallow,35,Surf1,200,200,HighFreq,0,P2R,15AprV1R4,T4,8513.6,7232.978,6853.849,7249.514,80.563,42.742,2.84006117535543,0.115828546167674,2.99884671532847,1.027105,34.13,999
1975,15/08/1975,227,1974,15-Apr,3,sugar,alive,1,396,1973,15/7/1974,105,0,0,318,1975,21,2039,6864.88,6108.39,5368.31,165.439,2932.83,,19640.731,7856.292,86.419,18.905,75.128,75.128,2.155,9213.528,9215.683,142074.97,0.782,36,7200,723.8,465.052,5849.265,438.158,1222.719,370.457,1593.175,79.639,9192.112,1.713,9193.825,141984.105,200,254.632,317.889,31.238,0.07,15.334,6.044,6830.461,350,0.931,3815.3,14,1526.1,0,0,17.665,28.665,19.674,65,Burdekin,AyrDPI,Mulg,1961,Furrow,BareFallow,35,Surf1,200,200,HighFreq,0,P2R,15AprV1R4,T4,7923.8,7638.158,6314.317,6684.774,46.642,15.404,2.16595414758375,0.103842327427935,2.16260130718954,0.827195,29.328,999
1976,14/09/1976,258,1975,15-Apr,3,sugar,alive,2,396,1973,15/8/1975,105,0,0,318,1976,21,2039,6102.87,5480.55,4758.99,147.084,2778.31,,15963.897,6385.558,63.266,20.334,91.436,91.436,1.713,9192.112,9193.825,141984.105,0.779,34,6800,1963.5,854.531,6536.739,689.105,1037.747,357.575,1395.322,68.598,9184.591,1.443,9186.035,142035.098,200,211.763,297.02,39.438,0.147,35.097,7.486,6458.767,350,0.908,3408.9,12.5,1363.6,0,0,17.532,28.198,19.227,179.8,Burdekin,AyrDPI,Mulg,1961,Furrow,BareFallow,35,Surf1,200,200,HighFreq,0,P2R,15AprV1R4,T4,8763.5,7489.105,7391.27,7748.845,74.682,35.244,1.96397299810859,0.105412227428508,2.02874482758621,0.73542,27.783,999
1977,14/10/1977,287,1976,15-Apr,3,sugar,alive,3,395,1973,14/9/1976,105,0,0,318,1977,21,2039,6997.78,6345.89,5491.68,170.539,3132.47,,14320.566,5728.226,57.829,19.693,68.344,68.344,1.443,9184.591,9186.035,142035.098,0.773,37,7400,1378.2,743.578,6511.144,544.285,1169.031,340.368,1509.399,58.261,9165.32,1.389,9166.709,141877.485,200,224.42,312.922,51.882,0.127,21.884,9.684,6600.784,350,0.939,3994.6,14.6,1597.8,0,0,17.938,28.404,19.747,170.6,Burdekin,AyrDPI,Mulg,1961,Furrow,BareFallow,35,Surf1,200,200,HighFreq,0,P2R,15AprV1R4,T4,8778.2,7944.285,7254.722,7595.09,73.893,22.011,2.14668783911957,0.112984704508218,2.17247133757962,0.852695,31.325,999
1978,14/11/1978,318,1977,15-Apr,3,sugar,alive,4,396,1973,14/10/1977,105,0,0,318,1978,21,2039,7167.82,6423.41,5650.33,174.897,3504.36,,16197.209,6478.884,65.8,21.745,82.424,82.424,1.389,9165.32,9166.709,141877.485,0.767,40,8000,1000.1,864.284,6544.47,449.696,1217.206,332.869,1550.074,49.526,9153.605,1.938,9155.543,141782.46,200,229.695,312.968,44.388,0.302,20.365,8.262,7012.084,350,0.933,3868,14.2,1547.2,0,0,18.195,28.503,20.521,150.6,Burdekin,AyrDPI,Mulg,1961,Furrow,BareFallow,35,Surf1,200,200,HighFreq,0,P2R,15AprV1R4,T4,9000.1,8449.696,7408.754,7741.623,65.055,20.667,2.06986144826986,0.11283138740473,2.06978698224852,0.874485,35.044,999
1979,19/04/1979,109,0,15-Apr,3,none,out,-1,0,1973,0.000,109,4,0,322,-1,18,2039,0,0,0,0,0,,16186.531,6474.612,64.036,0,123.695,123.695,1.938,9153.605,9155.543,141782.46,0.761,0,0,1313.5,175.286,823.866,448.43,0,247.967,247.967,38.452,9237.632,12.184,9249.815,143965.595,0,0,19.715,2.013,0.113,1.554,0.149,4372.14,350,0,0.5,0,0.2,0,0,21.979,30.478,19.448,350.7,Burdekin,AyrDPI,Mulg,1961,Furrow,BareFallow,35,Surf1,200,200,HighFreq,0,P2R,15AprV1R4,T4,1313.5,448.43,999.152,1247.119,3.68,1.667,0,0,0,,0,999
1980,18/07/1980,200,1979,15-Apr,4,sugar,alive,0,456,1979,19/4/1979,109,4,0,322,1980,17,2039,9411.6,8442.74,7501.76,232.73,4226.51,,0,0,0,19.438,190.076,190.076,12.184,9237.632,9249.815,143965.595,0.761,43,8600,884.3,425.919,7140.623,493.068,1596.168,423.202,2019.371,141.121,9083.12,1.887,9085.008,140294.897,200,313.023,387.496,40.362,0.162,53.972,7.991,7294.035,350,0.985,6018,22,2407.2,0,0,17.794,28.5,19.664,86.4,Burdekin,AyrDPI,Mulg,1961,Furrow,BareFallow,35,Surf1,200,200,HighFreq,0,P2R,15AprV1R4,T4,9484.3,9093.068,7566.542,7989.744,94.496,54.134,2.55942218841869,0.11524875815291,2.57160220994475,1.16365,42.265,999
1981,18/08/1981,230,1980,15-Apr,4,sugar,alive,1,396,1979,18/7/1980,109,4,0,322,1981,17,2039,5971.45,5336.86,4660.42,143.573,2478.38,,21348.856,8539.544,83.761,18.332,88.463,88.463,1.887,9083.12,9085.008,140294.897,0.747,34,6800,1122.8,693.301,5824.653,478.928,1045.799,354.631,1400.43,80.225,9089.032,1.442,9090.474,140337.422,200,238.452,293.189,22.451,0.129,12.939,4.375,6982.022,350,0.898,3261.7,11.9,1304.7,0,0,17.711,28.113,19.149,104.8,Burdekin,AyrDPI,Mulg,1961,Furrow,BareFallow,35,Surf1,200,200,HighFreq,0,P2R,15AprV1R4,T4,7922.8,7278.928,6517.954,6872.585,35.519,13.068,1.97244704165229,0.102520654370443,1.98031724137931,0.717865,24.784,999
1982,18/09/1982,261,1981,15-Apr,4,sugar,alive,2,396,1979,18/8/1981,109,4,0,322,1982,17,2039,7051.29,6332.55,5502.23,169.918,3267.03,,13916.174,5566.47,54.923,20.749,92.879,92.879,1.442,9089.032,9090.474,140337.422,0.747,38,7600,592.4,626.073,5936.801,353.204,1302.628,347.73,1650.358,51.077,9066.421,1.366,9067.788,139682.32,200,229.918,319.413,49.739,0.391,22.011,9.256,7127.603,350,0.949,4262.7,15.6,1705.1,0,0,17.492,29.026,19.782,47.4,Burdekin,AyrDPI,Mulg,1961,Furrow,BareFallow,35,Surf1,200,200,HighFreq,0,P2R,15AprV1R4,T4,8192.4,7953.204,6562.874,6910.604,72.141,22.402,2.13647229468778,0.102958267236563,2.11078260869565,0.84959,32.67,999
1983,18/10/1983,291,1982,15-Apr,4,sugar,alive,3,395,1979,18/9/1982,109,4,0,322,1983,17,2039,6801.47,6067.23,5328.95,163.832,3104.13,,16790.273,6716.109,68.09,20.405,72.047,72.047,1.366,9066.421,9067.788,139682.32,0.741,40,8000,637.7,879.64,6218.175,294.414,1195.326,331.809,1527.135,46.984,9060.108,1.566,9061.674,139374.228,200,231.114,306.468,41.573,0.319,16.834,7.76,7242.209,350,0.953,4378.3,16,1751.3,0,0,18.328,28.931,20.105,95.4,Burdekin,AyrDPI,Mulg,1961,Furrow,BareFallow,35,Surf1,200,200,HighFreq,0,P2R,15AprV1R4,T4,8637.7,8294.414,7097.815,7429.624,58.726,17.153,1.97520885743104,0.107280626794619,1.93884023668639,0.81916,31.041,999
1984,17/11/1984,322,1983,15-Apr,4,sugar,alive,4,396,1979,18/10/1983,109,4,0,322,1984,17,2039,7122.11,6352.7,5541.12,171.351,3394.94,,16238.053,6495.222,63.603,21.47,84.797,84.797,1.566,9060.108,9061.674,139374.228,0.736,42,8400,648.7,754.626,6701.07,429.602,1247.544,349.153,1596.697,51.134,9046.45,2.026,9048.476,138739.575,200,227.945,315.669,49.326,0.529,18.021,9.139,7442.391,350,0.923,3655.6,13.4,1462.2,0,0,17.924,28.788,19.569,75.6,Burdekin,AyrDPI,Mulg,1961,Furrow,BareFallow,35,Surf1,200,200,HighFreq,0,P2R,15AprV1R4,T4,9048.7,8829.602,7455.696,7804.849,67.876,18.55,1.94064239815113,0.107315915292632,1.93616949152542,0.856755,33.949,999
1985,15/04/1985,105,0,15-Apr,4,none,out,-1,0,1979,0.000,105,0,0,322,-1,17,2039,0,0,0,0,0,,16545.71,6618.284,67.743,0,81.104,81.104,2.026,9046.45,9048.476,138739.575,0.731,0,0,588.9,12.232,238.742,348.7,0,254.069,254.069,11.282,9136.463,9.541,9146.004,140727.879,0,0,12.966,0.786,0.02,0.531,0.064,4573.229,350,0,0.5,0,0.2,0,0,21.977,31.383,20.654,111.4,Burdekin,AyrDPI,Mulg,1961,Furrow,BareFallow,35,Surf1,200,200,HighFreq,0,P2R,15AprV1R4,T4,588.9,348.7,250.974,505.043,1.337,0.551,0,0,0,,0,999
1986,15/07/1986,196,1985,15-Apr,5,sugar,alive,0,456,1985,15/4/1985,105,0,0,318,1986,21,2039,8755.94,7844.9,6929.22,214.722,3711.79,,0,0,0,18.362,164.962,164.962,9.541,9136.463,9146.004,140727.879,0.732,42,8400,777.1,379.769,6878.864,436.906,1584.637,414.77,1999.407,142.759,8978.247,2.02,8980.267,136220.538,200,312.259,390.181,40.366,0.287,54.099,7.946,8022.467,350,0.978,5435.9,19.9,2174.4,0,0,17.312,28.527,18.417,117.8,Burdekin,AyrDPI,Mulg,1961,Furrow,BareFallow,35,Surf1,200,200,HighFreq,0,P2R,15AprV1R4,T4,9177.1,8836.906,7258.633,7673.403,94.752,54.386,2.42983234177211,0.107392841977646,2.42623728813559,1.07361,37.118,999
1987,15/08/1987,227,1986,15-Apr,5,sugar,alive,1,396,1985,15/7/1986,105,0,0,318,1987,21,2039,6604.09,5857.71,5149.64,158.351,3068.82,,20147.612,8059.045,80.751,20.937,84.021,84.021,2.02,8978.247,8980.267,136220.538,0.72,39,7800,497.8,366.174,6274.957,366.85,1270.109,391.616,1661.725,84.615,8959.387,1.358,8960.744,135157.076,200,248.611,314.824,38.192,0.235,10.684,7.343,7860.932,350,0.929,3785.4,13.9,1514.2,0,0,18.256,29.363,19.045,44,Burdekin,AyrDPI,Mulg,1961,Furrow,BareFallow,35,Surf1,200,200,HighFreq,0,P2R,15AprV1R4,T4,8297.8,8166.85,6641.131,7032.747,49.111,10.919,1.93894830932367,0.0952931441724714,1.91940606060606,0.791755,30.688,999
1988,14/09/1988,258,1987,15-Apr,5,sugar,alive,2,396,1985,15/8/1987,105,0,0,318,1988,21,2039,6758.95,6026.78,5264.49,161.691,3117.58,,15580.448,6232.179,61.605,20.816,78.965,78.965,1.358,8959.387,8960.744,135157.076,0.718,39,7800,972.6,826.99,6349.288,325.509,1256.119,340.275,1596.395,51.53,8948.84,1.437,8950.276,134358.94,200,227.013,310.794,44.884,0.609,19.682,8.4,7548.33,350,0.95,4287,15.7,1714.8,0,0,18.304,29.273,19.691,254,Burdekin,AyrDPI,Mulg,1961,Furrow,BareFallow,35,Surf1,200,200,HighFreq,0,P2R,15AprV1R4,T4,8772.6,8125.509,7176.278,7516.553,65.175,20.291,1.98991841618784,0.101285082952527,1.95989090909091,0.808455,31.176,999
1989,14/10/1989,287,1988,15-Apr,5,sugar,alive,3,395,1985,14/9/1988,105,0,0,318,1989,21,2039,6606.22,5911.97,5144.33,158.451,2884.7,,16346.88,6538.752,64.203,19.493,78.892,78.892,1.437,8948.84,8950.276,134358.94,0.714,34,6800,1381.8,903.901,5820.708,599.823,1146,322.044,1468.043,49.156,8933.285,1.574,8934.859,134039.124,200,228.735,313.521,44.368,2.031,20.819,8.178,6951.073,350,0.952,4333.6,15.9,1733.5,0,0,17.968,28.729,19.436,134.8,Burdekin,AyrDPI,Mulg,1961,Furrow,BareFallow,35,Surf1,200,200,HighFreq,0,P2R,15AprV1R4,T4,8181.8,7399.823,6724.609,7046.653,67.218,22.85,2.14128094685508,0.107933486961894,2.18553103448276,0.792255,28.847,999
1990,14/11/1990,318,1989,15-Apr,5,sugar,alive,4,396,1985,14/10/1989,105,0,0,318,1990,21,2039,7024.26,6358.88,5570.1,173.594,3317.9,,16109.685,6443.874,67.275,20.609,68.039,68.039,1.574,8933.285,8934.859,134039.124,0.71,37,7400,1278.8,933.563,6119.471,456.517,1288.628,343.737,1632.365,57.283,8917.295,1.818,8919.113,133697.946,200,225.797,312.367,50.288,1.954,18.673,9.263,6899.065,350.967,0.93,3796.2,13.9,1518.5,0,0,17.621,28.801,20.391,103,Burdekin,AyrDPI,Mulg,1961,Furrow,BareFallow,35,Surf1,200,200,HighFreq,0,P2R,15AprV1R4,T4,8678.8,7856.517,7053.034,7396.771,70.915,20.627,2.20955418285227,0.10634508826151,2.21138853503185,0.86797,33.179,999
1991,15/04/1991,105,0,15-Apr,5,none,out,-1,0,1985,0.000,105,0,0,318,-1,21,2039,0,0,0,0,0,,15587.111,6234.845,65.013,0,61.441,61.441,1.818,8917.295,8919.113,133697.946,0.706,0,0,1629.3,205.352,1135.477,428.682,0,210.678,210.678,53.646,9009.751,5.758,9015.509,136545.308,0,0,7.725,0.497,0.177,0.299,0.033,3555.172,351.612,0,0.4,0,0.2,0,0,21.649,30.595,18.903,204.4,Burdekin,AyrDPI,Mulg,1961,Furrow,BareFallow,35,Surf1,200,200,HighFreq,0,P2R,15AprV1R4,T4,1629.3,428.682,1340.829,1551.507,0.973,0.476,0,0,0,,0,999
1992,14/07/1992,196,1991,15-Apr,6,sugar,alive,0,456,1991,15/4/1991,105,0,0,318,1992,21,2039,9877.48,8894.94,7950.03,247.482,4683.26,,0,0,0,20.376,139.234,139.234,5.758,9009.751,9015.509,136545.308,0.707,43,8600,687,350.402,6816.733,385.332,1760.684,409.879,2170.563,137.216,8848.205,1.979,8850.184,132398.973,200,337.036,402.496,28.501,2.722,41.831,5.625,7956.01,353.56,0.984,5866,21.5,2346.4,0,0,17.261,28.993,19.887,122.8,Burdekin,AyrDPI,Mulg,1961,Furrow,BareFallow,35,Surf1,200,200,HighFreq,0,P2R,15AprV1R4,T4,9287,8985.332,7167.135,7577.014,73.054,44.553,2.75428887880826,0.114017423129391,2.73460773480663,1.23741,46.833,999
1993,14/08/1993,226,1992,15-Apr,6,sugar,alive,1,396,1991,14/7/1992,105,0,0,318,1993,21,2039,6444.92,5726.49,5100,157.218,2925.98,,21369.382,8547.753,83.86,19.992,88.536,88.536,1.979,8848.205,8850.184,132398.973,0.697,40,8000,482.2,452.499,6437.084,271.03,1208.055,381.388,1589.444,97.439,8847.749,1.251,8848.999,132638.872,200,246.875,303.86,21.375,0.36,15.26,4.178,7015.054,355.287,0.913,3486.3,12.8,1394.5,0,0,17.695,28.946,20.046,72,Burdekin,AyrDPI,Mulg,1961,Furrow,BareFallow,35,Surf1,200,200,HighFreq,0,P2R,15AprV1R4,T4,8482.2,8271.03,6889.583,7270.971,36.995,15.62,1.90082734556639,0.0989138340199466,1.86056804733728,0.78609,29.26,999
1994,14/09/1994,257,1993,15-Apr,6,sugar,alive,2,396,1991,14/8/1993,105,0,0,318,1994,21,2039,6785.63,6065.2,5389.32,166.311,3221.53,,14395.145,5758.06,55.639,20.926,91.711,91.711,1.251,8847.749,8848.999,132638.872,0.697,41,8200,409.4,806.3,6171.104,238.87,1254.063,400.008,1654.071,61.504,8844.874,1.317,8846.191,132624.555,200,220.637,300.799,47.026,0.241,16.737,8.873,6701.401,357.048,0.946,4176.7,15.3,1670.7,0,0,17.914,29.028,20.251,46.8,Burdekin,AyrDPI,Mulg,1961,Furrow,BareFallow,35,Surf1,200,200,HighFreq,0,P2R,15AprV1R4,T4,8609.4,8438.87,6977.404,7377.412,64.004,16.978,1.9707733381365,0.100546469891558,1.92267052023121,0.831555,32.215,999
1995,14/10/1995,287,1994,15-Apr,6,sugar,alive,3,395,1991,14/9/1994,105,0,0,318,1995,21,2039,7123.23,6339.22,5685.92,175.028,3383.34,,15418.778,6167.511,60.176,20.876,69.635,69.635,1.317,8844.874,8846.191,132624.555,0.693,41,8200,510.2,861.065,6243.702,300.835,1259.14,338.686,1597.826,55.235,8839.528,1.439,8840.968,132565.394,200,232.28,306.872,36.316,0.565,20.044,6.825,6994.947,358.843,0.961,4617.5,16.9,1847,0,0,18.845,29.291,20.66,55.2,Burdekin,AyrDPI,Mulg,1961,Furrow,BareFallow,35,Surf1,200,200,HighFreq,0,P2R,15AprV1R4,T4,8710.2,8500.835,7104.767,7443.453,56.925,20.609,2.05895067955089,0.109541339294767,2.0234450867052,0.87514,33.833,999
1996,13/11/1996,318,1995,15-Apr,6,sugar,alive,4,396,1991,14/10/1995,105,0,0,318,1996,21,2039,7744.01,6911.8,6202.15,191.807,3942.02,,16142.043,6456.816,62.013,22.379,77.243,77.243,1.439,8839.528,8840.968,132565.394,0.689,43,8600,547.9,681.126,6770.386,245.23,1371.516,331.15,1702.666,57.949,8824.26,1.654,8825.915,132293.794,200,242.135,317.91,40.223,0.535,18.42,7.425,7430.427,360.666,0.957,4485,16.4,1794,0,0,19.503,29.755,20.901,107,Burdekin,AyrDPI,Mulg,1961,Furrow,BareFallow,35,Surf1,200,200,HighFreq,0,P2R,15AprV1R4,T4,9147.9,8845.23,7451.512,7782.662,59.178,18.955,2.16847950816429,0.112650983810095,2.11941436464088,0.959035,39.42,999
1997,15/04/1997,105,0,15-Apr,6,none,out,-1,0,1991,0.000,105,0,0,318,-1,21,2039,0,0,0,0,0,,16918.1,6767.24,65.142,0,70.964,70.964,1.654,8824.26,8825.915,132293.794,0.685,0,0,812.5,29.346,442.32,365.007,0,248.334,248.334,20.966,8923.827,2.884,8926.711,135875.588,0,0,4.445,0.239,0.033,0.173,0.018,3304.622,361.388,0,0.6,0,0.2,0,0,23.067,31.083,22.078,116.8,Burdekin,AyrDPI,Mulg,1961,Furrow,BareFallow,35,Surf1,200,200,HighFreq,0,P2R,15AprV1R4,T4,812.5,365.007,471.666,720,0.445,0.206,0,0,0,,0,999
1998,15/07/1998,196,1997,15-Apr,7,sugar,alive,0,456,1997,15/4/1997,105,0,0,318,1998,21,2039,9578.68,8588.03,7786.5,241.767,4349.95,,0,0,0,19.231,163.464,163.464,2.884,8923.827,8926.711,135875.588,0.686,41,8200,1035.5,404.134,7074.227,509.605,1403.397,405.67,1809.067,136.584,8793.047,2.157,8795.203,131526.039,200,310.666,376.722,21.523,1.232,43.653,4.215,8247.644,363.555,0.983,5827.1,21.3,2330.8,0,0,19.202,28.19,18.842,189.6,Burdekin,AyrDPI,Mulg,1961,Furrow,BareFallow,35,Surf1,200,200,HighFreq,0,P2R,15AprV1R4,T4,9235.5,8709.605,7478.361,7884.031,66.408,44.885,2.77586641414852,0.133641816472248,2.79499421965318,1.208835,43.499,999
1999,15/08/1999,227,1998,15-Apr,7,sugar,alive,1,396,1997,15/7/1998,105,0,0,318,1999,21,2039,6335.88,5615.11,4983.11,152.809,3043.89,,20186.553,8074.62,76.073,21.601,111.537,111.537,2.157,8793.047,8795.203,131526.039,0.68,33,6600,1153.6,606.138,5819.038,567.895,989.797,359.151,1348.947,65.499,8791.263,1.33,8792.593,131800.263,200,236.509,294.835,22.025,0.423,23.302,4.169,6826.235,365.471,0.928,3751,13.7,1500.4,0,0,19.752,28.624,18.776,112,Burdekin,AyrDPI,Mulg,1961,Furrow,BareFallow,35,Surf1,200,200,HighFreq,0,P2R,15AprV1R4,T4,7753.6,7167.895,6425.176,6784.327,45.75,23.725,2.13185321492572,0.113280210415976,2.16750354609929,0.764045,30.439,999
2000,14/09/2000,258,1999,15-Apr,7,sugar,alive,2,396,1997,15/8/1999,105,0,0,318,2000,21,2039,6858.26,6110.55,5428,166.891,3253.97,,14686.931,5874.773,55.159,21.082,91.013,91.013,1.33,8791.263,8792.593,131800.263,0.681,36,7200,1493.5,1064.965,6277.7,490.5,1031.585,332.328,1363.913,50.607,8798.695,1.441,8800.135,131948.039,200,214.718,289.564,37.995,0.399,20.374,7.125,6547.911,367.415,0.956,4454.5,16.3,1781.8,0,0,18.677,28.119,19.581,136,Burdekin,AyrDPI,Mulg,1961,Furrow,BareFallow,35,Surf1,200,200,HighFreq,0,P2R,15AprV1R4,T4,8693.5,7690.5,7342.665,7674.993,58.768,20.773,2.17009297184838,0.122361910180488,2.18158169934641,0.834455,32.54,999
2001,14/10/2001,287,2000,15-Apr,7,sugar,alive,3,395,1997,14/9/2000,105,0,0,318,2001,21,2039,6882.82,6138.72,5457.74,168.633,3449.18,,15943.513,6377.406,62.1,22.258,77.934,77.934,1.441,8798.695,8800.135,131948.039,0.678,41,8200,561.9,565.694,6609.654,326.978,1236.726,363.86,1600.587,60.865,8783.022,1.742,8784.764,131631.028,200,230.076,314.591,46.266,0.452,19.918,8.614,7080.956,369.4,0.937,3942.6,14.4,1577.1,0,0,17.987,29.181,20.23,52,Burdekin,AyrDPI,Mulg,1961,Furrow,BareFallow,35,Surf1,200,200,HighFreq,0,P2R,15AprV1R4,T4,8761.9,8526.978,7175.348,7539.208,66.636,20.37,1.97764084767194,0.105356972160839,1.94951445086705,0.843165,34.492,999
2002,14/11/2002,318,2001,15-Apr,7,sugar,alive,4,396,1997,14/10/2001,105,0,0,318,2002,21,2039,8036.18,7188.2,6454.78,199.949,4133.87,,15464.429,6185.771,61.522,22.53,63.899,63.899,1.742,8783.022,8784.764,131631.028,0.675,41,8200,810.4,664.112,6470.548,299.218,1558.809,317.805,1876.614,58.502,8763.661,1.563,8765.224,131415.022,200,246.971,319.958,36.723,0.817,20.689,6.799,7244.037,371.419,0.966,4823.9,17.7,1929.6,0,0,18.495,30.339,21.474,206,Burdekin,AyrDPI,Mulg,1961,Furrow,BareFallow,35,Surf1,200,200,HighFreq,0,P2R,15AprV1R4,T4,9010.4,8499.218,7134.66,7452.465,58.229,21.506,2.35255761177087,0.106547750363154,2.31154913294798,0.999745,41.339,999
2003,15/04/2003,105,0,15-Apr,7,none,out,-1,0,1997,0.000,105,0,0,318,-1,21,2039,0,0,0,0,0,,17542.297,7016.921,71.114,0,63.025,63.025,1.563,8763.661,8765.224,131415.022,0.67,0,0,414.2,8.152,175.746,238.342,0,154.441,154.441,8.191,8863.118,2.441,8865.559,135311.244,0,0,2.715,0.107,0.011,0.049,0.01,3089.991,372.211,0.001,1,0,0.4,0,0,21.861,31.873,22.582,51,Burdekin,AyrDPI,Mulg,1961,Furrow,BareFallow,35,Surf1,200,200,HighFreq,0,P2R,15AprV1R4,T4,414.2,238.342,183.898,338.339,0.167,0.06,0,0,0,,0,999
2004,14/07/2004,196,2003,15-Apr,8,sugar,alive,0,456,2003,15/4/2003,105,0,0,318,2004,21,2039,9665.42,8661.34,7762.49,240.613,4645.75,,0,0,0,20.849,138.888,138.888,2.441,8863.118,8865.559,135311.244,0.672,41,8200,747.8,340.286,6574.617,380.119,1708.541,390.3,2098.841,131.342,8727.102,1.996,8729.098,130600.342,200,329.608,387.633,19.184,1.099,31.849,3.738,8578.503,374.595,0.986,6126.1,22.4,2450.4,0,0,18.211,29.555,19.63,173.2,Burdekin,AyrDPI,Mulg,1961,Furrow,BareFallow,35,Surf1,200,200,HighFreq,0,P2R,15AprV1R4,T4,8947.8,8580.119,6914.903,7305.203,52.132,32.948,2.80430842509294,0.114640889900664,2.78165317919075,1.203065,46.458,999
2005,17/08/2005,229,2004,15-Apr,8,sugar,alive,1,399,2003,14/7/2004,105,0,3,318,2005,18,2039,6614.86,5866.1,5241.98,160.943,3024.49,,21382.096,8552.838,82.768,20.214,72.944,72.944,1.996,8727.102,8729.098,130600.342,0.666,40,8000,746.3,411.765,6587.754,274.845,1284.344,377.678,1662.022,82.361,8720.476,1.171,8721.646,130743.928,200,255.952,312.428,20.447,0.316,14.336,4.029,7220.467,376.72,0.935,3897.9,14.3,1559.2,0,0,17.839,29.419,20.158,143.4,Burdekin,AyrDPI,Mulg,1961,Furrow,BareFallow,35,Surf1,200,200,HighFreq,0,P2R,15AprV1R4,T4,8746.3,8274.845,6999.519,7377.197,35.099,14.652,1.94496694500018,0.0968356616218077,1.90465088757396,0.804715,30.245,999
2006,17/09/2006,260,2005,15-Apr,8,sugar,alive,2,396,2003,17/8/2005,105,0,3,321,2006,18,2042,6655.68,5923.51,5293.72,162.488,3160.96,,14982.744,5993.098,57.435,21.028,157.702,157.702,1.171,8720.476,8721.646,130743.928,0.666,39,7800,922.8,1091.79,6144.226,357.275,1226.276,340.791,1567.068,51.587,8726.95,1.178,8728.128,130941.089,200,210.553,288.389,30.181,0.19,35.49,5.675,6617.563,378.865,0.958,4541.5,16.6,1816.6,0,0,18.712,29.309,19.718,178.4,Burdekin,AyrDPI,Mulg,1961,Furrow,BareFallow,35,Surf1,200,200,HighFreq,0,P2R,15AprV1R4,T4,8722.8,8157.275,7236.016,7576.807,65.861,35.68,1.99193971025863,0.103689182600883,1.96955151515152,0.81244,31.61,999
2007,17/10/2007,290,2006,15-Apr,8,sugar,alive,3,395,2003,17/9/2006,105,0,3,321,2007,18,2042,6854.34,6120.36,5452.98,168.375,3329.57,,15436.96,6174.784,58.577,21.423,77.419,77.419,1.178,8726.95,8728.128,130941.089,0.663,38,7600,956.9,961.721,6036.507,322.309,1221.821,326.553,1548.374,53.513,8728.163,1.774,8729.937,130861.96,200,224.609,298.234,35.908,0.541,19.021,6.703,6884.191,381.046,0.937,3959.8,14.5,1583.9,0,0,17.787,28.67,19.989,130.2,Burdekin,AyrDPI,Mulg,1961,Furrow,BareFallow,35,Surf1,200,200,HighFreq,0,P2R,15AprV1R4,T4,8556.9,7922.309,6998.228,7324.781,55.47,19.562,2.12532735090237,0.108743107285449,2.0916149068323,0.841875,33.296,999
2008,16/11/2008,321,2007,15-Apr,8,sugar,alive,4,396,2003,17/10/2007,105,0,3,321,2008,18,2042,7453.74,6634.89,5889.87,182.138,3722.36,,15277.406,6110.962,59.729,22.237,87.716,87.716,1.774,8728.163,8729.937,130861.96,0.66,39,7800,1306.2,864.556,6623.249,407.281,1298.467,324.946,1623.413,44.102,8720.791,1.803,8722.594,130702.009,200,229.847,306.168,39.222,0.832,20.038,7.279,6965.785,383.257,0.943,4092.9,15,1637.2,0,0,18.212,29.037,19.648,108.2,Burdekin,AyrDPI,Mulg,1961,Furrow,BareFallow,35,Surf1,200,200,HighFreq,0,P2R,15AprV1R4,T4,9106.2,8207.281,7487.805,7812.751,60.092,20.87,2.21922461287727,0.11219449394578,2.20773333333333,0.91069,37.224,999
2009,17/04/2009,107,0,15-Apr,8,none,out,-1,0,2003,0.000,107,2,3,323,-1,17,2042,0,0,0,0,0,,16771.89,6708.756,67.637,0,82.698,82.698,1.803,8720.791,8722.594,130702.009,0.658,0,0,1763,232.619,1102.59,545.999,0,298.37,298.37,52.474,8812.718,6.023,8818.741,133540.896,0,0,12.294,0.975,0.157,0.641,0.066,3861.26,384.125,0,0.3,0,0.1,0,0,22.879,31.28,18.293,197.2,Burdekin,AyrDPI,Mulg,1961,Furrow,BareFallow,35,Surf1,200,200,HighFreq,0,P2R,15AprV1R4,T4,1763,545.999,1335.209,1633.579,1.773,0.798,0,0,0,,0,999
2010,17/07/2010,198,2009,15-Apr,9,sugar,alive,0,456,2009,17/4/2009,107,2,0,320,2010,19,2039,9576.77,8600.24,7653.4,237.075,4146.41,,0,0,0,18.613,212.119,212.119,6.023,8812.718,8818.741,133540.896,0.659,43,8600,1076.8,558.915,7239.395,465.656,1643.092,360.774,2003.866,134.385,8668.414,2.088,8670.502,129730.241,200,329.854,386.571,24.52,1.248,36.677,4.825,7549.469,386.745,0.99,6591.1,24.1,2636.4,0,0,17.917,29.042,18.607,135.2,Burdekin,AyrDPI,Mulg,1961,Furrow,BareFallow,35,Surf1,200,200,HighFreq,0,P2R,15AprV1R4,T4,9676.8,9065.656,7798.31,8159.084,62.445,37.925,2.61508929966017,0.118308809072064,2.61961325966851,1.185375,41.464,999
2011,17/08/2011,229,2010,15-Apr,9,sugar,alive,1,396,2009,17/7/2010,107,2,0,320,2011,19,2039,6059.73,5403.19,4745.02,146.26,2874.07,,21951.104,8780.442,85.963,21.27,86.743,86.743,2.088,8668.414,8670.502,129730.241,0.651,30,6000,1470.7,635.906,5518.293,763.641,973.152,358.131,1331.282,66.144,8681.336,1.358,8682.694,130166.662,200,222.657,284.672,32.1,0.673,10.986,6.039,6466.798,389.054,0.914,3512.9,12.9,1405.1,0,0,18.162,28.317,17.469,81.4,Burdekin,AyrDPI,Mulg,1961,Furrow,BareFallow,35,Surf1,200,200,HighFreq,0,P2R,15AprV1R4,T4,7470.7,6763.641,6154.199,6512.33,43.759,11.659,2.16244475423814,0.109864025803699,2.26759689922481,0.7313,28.741,999
2012,16/09/2012,260,2011,15-Apr,9,sugar,alive,2,396,2009,17/8/2011,107,2,0,320,2012,19,2039,6789.79,6113.93,5371.5,166.088,3280.13,,14161.037,5664.415,55.524,21.392,71.962,71.962,1.358,8681.336,8682.694,130166.662,0.653,37,7400,1155.4,1065.141,5950.301,469.462,1201.423,329.82,1531.243,48.923,8682.129,1.201,8683.33,130199.256,200,215.202,295.333,41.499,0.922,21.256,7.743,6491.488,391.394,0.945,4136.4,15.2,1654.6,0,0,17.848,28.672,19.141,197.4,Burdekin,AyrDPI,Mulg,1961,Furrow,BareFallow,35,Surf1,200,200,HighFreq,0,P2R,15AprV1R4,T4,8555.4,7869.462,7015.442,7345.262,63.677,22.178,2.11053817910297,0.10846612849822,2.11577070063694,0.83044,32.801,999
2013,16/10/2013,289,2012,15-Apr,9,sugar,alive,3,395,2009,16/9/2012,107,2,0,320,2013,19,2039,6995.97,6214.89,5562.32,171.077,3319.74,,15571.381,6228.553,60.957,20.968,80.677,80.677,1.201,8682.129,8683.33,130199.256,0.651,43,8600,530.8,863.06,6662.164,266.178,1275.893,330.373,1606.265,61.455,8680.986,1.618,8682.604,130139.038,200,230.375,301.204,32.7,0.379,20.18,6.155,6959.297,393.777,0.954,4385.1,16.1,1754,0,0,18.317,29.434,20.455,178.6,Burdekin,AyrDPI,Mulg,1961,Furrow,BareFallow,35,Surf1,200,200,HighFreq,0,P2R,15AprV1R4,T4,9130.8,8866.178,7525.224,7855.597,53.259,20.559,1.92954619228263,0.106506087102689,1.89035359116022,0.855385,33.197,999
2014,16/11/2014,320,2013,15-Apr,9,sugar,alive,4,396,2009,16/10/2013,107,2,0,320,2014,19,2039,7339.59,6565.56,5838.65,180.665,3611.18,,15913.364,6365.346,61.126,21.686,79.988,79.988,1.618,8680.986,8682.604,130139.038,0.648,40,8000,733,783.784,6353.486,370.34,1283.516,327.049,1610.565,58.273,8678.293,1.633,8679.926,130127.239,200,231.807,302.172,37.556,0.418,16.254,7.069,6906.157,396.198,0.953,4361.8,16,1744.7,0,0,18.145,29.123,20.248,86.2,Burdekin,AyrDPI,Mulg,1961,Furrow,BareFallow,35,Surf1,200,200,HighFreq,0,P2R,15AprV1R4,T4,8733,8370.34,7137.27,7464.319,54.228,16.672,2.15839499948628,0.112174919981497,2.13804733727811,0.903325,36.112,999
2015,15/04/2015,105,0,15-Apr,9,none,out,-1,0,2009,0.000,105,0,0,320,-1,19,2039,0,0,0,0,0,,16465.568,6586.227,66.404,0,65.152,65.152,1.633,8678.293,8679.926,130127.239,0.646,0,0,344,0.398,149.244,194.713,0,145.442,145.442,6.989,8771.54,7.227,8778.766,132684.735,0,0,7.401,0.047,0,0.056,0.016,4085.195,397.132,0.001,0.8,0,0.3,0,0,22.749,32.703,22.215,83.4,Burdekin,AyrDPI,Mulg,1961,Furrow,BareFallow,35,Surf1,200,200,HighFreq,0,P2R,15AprV1R4,T4,344,194.713,149.642,295.084,0.103,0.056,0,0,0,,0,999
2016,14/07/2016,196,2015,15-Apr,10,sugar,alive,0,456,2015,15/4/2015,105,0,0,318,2016,21,2039,9914.6,8869.64,7927.67,245.903,4680.41,,0,0,0,20.511,114.069,114.069,7.227,8771.54,8778.766,132684.735,0.648,44,8800,505.2,299.08,6871.18,338.515,1748.625,387.38,2136.006,137.475,8606.996,1.908,8608.904,128769.196,200,337.514,408.817,32.171,2.451,42.054,6.393,7685.958,399.981,0.986,6135.8,22.5,2454.3,0,0,18.496,29.812,19.085,43.6,Burdekin,AyrDPI,Mulg,1961,Furrow,BareFallow,35,Surf1,200,200,HighFreq,0,P2R,15AprV1R4,T4,9305.2,9138.515,7170.26,7557.64,76.676,44.505,2.69084200222903,0.115122803962161,2.65841081081081,1.229515,46.804,999
2017,14/08/2017,226,2016,15-Apr,10,sugar,alive,1,396,2015,14/7/2016,105,0,0,318,2017,21,2039,6160.39,5438.34,4828.9,148.117,2855.06,,22104.285,8841.713,85.485,20.809,113.005,113.005,1.908,8606.996,8608.904,128769.196,0.639,37,7400,912.2,493.006,6317.996,508.276,1152.316,365.426,1517.742,84.94,8614.523,1.132,8615.655,129152.31,200,232.743,291.159,21.231,0.348,20.43,4.163,6792.364,402.497,0.917,3555.2,13,1422.1,0,0,18.713,29.611,17.608,107.8,Burdekin,AyrDPI,Mulg,1961,Furrow,BareFallow,35,Surf1,200,200,HighFreq,0,P2R,15AprV1R4,T4,8312.2,7908.276,6811.002,7176.428,42.009,20.778,1.87293665522043,0.0975903677963712,1.88684076433121,0.740585,28.551,999
2018,14/09/2018,257,2017,15-Apr,10,sugar,alive,2,396,2015,14/8/2017,105,0,0,318,2018,21,2039,6620.98,5946.72,5185.73,160.194,3100.65,,14339.602,5735.841,54.773,20.907,96.46,96.46,1.132,8614.523,8615.655,129152.31,0.641,41,8200,718.7,853.219,6502.238,304.315,1243.412,326.145,1569.558,55.23,8615.6,1.448,8617.048,129123.642,200,208.136,297.195,47.175,1.024,21.667,8.721,6546.952,405.05,0.93,3789.6,13.9,1515.8,0,0,17.808,29.585,18.303,130.4,Burdekin,AyrDPI,Mulg,1961,Furrow,BareFallow,35,Surf1,200,200,HighFreq,0,P2R,15AprV1R4,T4,8918.7,8504.315,7355.457,7681.602,69.866,22.691,1.88367904998815,0.102063128600536,1.85195375722543,0.80097,31.007,999
2019,14/10/2019,287,2018,15-Apr,10,sugar,alive,3,395,2015,14/9/2018,105,0,0,318,2019,21,2039,6288.36,5603.43,4848.1,148.666,2614.98,,15420.729,6168.292,59.72,18.735,90.145,90.145,1.448,8615.6,8617.048,129123.642,0.638,37,7400,1183,868.808,6306.295,359.614,1128.637,305.657,1434.295,51.399,8616.563,1.505,8618.068,129148.246,200,217.611,294.91,40.056,0.58,18.993,7.422,6463.986,407.641,0.948,4223.2,15.5,1689.3,0,0,18.354,29.528,17.422,92.8,Burdekin,AyrDPI,Mulg,1961,Furrow,BareFallow,35,Surf1,200,200,HighFreq,0,P2R,15AprV1R4,T4,8583,7759.614,7175.103,7480.76,59.629,19.573,1.91589426999848,0.103650922578688,1.89383439490446,0.74333,26.15,999
2020,13/11/2020,318,2019,15-Apr,10,sugar,alive,4,396,2015,14/10/2019,105,0,0,318,2020,21,2039,7239.55,6436.7,5693.73,175.089,3309.9,,15831.996,6332.798,64.755,20.352,63.747,63.747,1.505,8616.563,8618.068,129148.246,0.636,40,8000,1074.7,837.295,6615.461,359.875,1322.103,293.564,1615.666,49.311,8610.237,1.583,8611.82,129056.853,200,230.284,305.371,36.309,0.968,21.239,6.763,6846.122,410.264,0.961,4642.7,17,1857.1,0,0,18.85,29.943,18.904,327.8,Burdekin,AyrDPI,Mulg,1961,Furrow,BareFallow,35,Surf1,200,200,HighFreq,0,P2R,15AprV1R4,T4,9074.7,8359.875,7452.756,7746.32,58.516,22.207,2.0943973444579,0.108369551627626,2.07205917159763,0.875445,33.099,999
2021,15/04/2021,105,0,15-Apr,10,none,out,-1,0,2015,0.000,105,0,0,318,-1,21,2039,0,0,0,0,0,,17085.794,6834.318,68.345,0,70.024,70.024,1.583,8610.237,8611.82,129056.853,0.634,0,0,902,56.765,519.075,364.113,0,238.887,238.887,24.418,8702.62,4.487,8707.107,132072.096,0,0,6.746,0.379,0.066,0.287,0.03,3518.997,411.3,0,0.5,0,0.2,0,0,22.604,31.422,17.953,132.4,Burdekin,AyrDPI,Mulg,1961,Furrow,BareFallow,35,Surf1,200,200,HighFreq,0,P2R,15AprV1R4,T4,902,364.113,575.84,814.727,0.732,0.353,0,0,0,,0,999
1957,15/04/1957,105,0,15-Apr,0,none,out,-1,0,-1,0.000,105,0,0,318,-1,21,2039,0,0,0,0,0,,0,0,0,0,0,0,0,0,0,0,0.89,0,0,534.4,0,252.969,281.431,0,194.312,194.312,11.636,9502.427,36.289,9538.715,141769.607,0,0,38.346,4.39,0,0.953,0.776,1052.792,350,0.001,1,0,0.4,0,0,21.346,30.448,18.588,77.7,Burdekin,AyrDPI,Mulg,1957,Furrow,BareFallow,35,Surf1,200,200,HighFreq,0,P2R,15AprV1R4,T4,534.4,281.431,252.969,447.281,5.343,0.953,0,0,0,,0,999
1958,15/07/1958,196,1957,15-Apr,1,sugar,alive,0,456,1957,15/4/1957,105,0,0,318,1958,21,2039,8408.69,7535.97,6685.03,206.986,3752.01,,0,0,0,19.396,116.669,116.669,36.289,9502.427,9538.715,141769.607,0.884,41,8200,1061.7,476.738,6869.993,420.19,1531.669,405.69,1937.359,132.435,9419.038,0.786,9419.824,141484.13,200,244.485,313.961,51.919,0.577,60.494,10.421,3527.159,350,0.984,5951.5,21.8,2380.6,0,0,17.416,28.757,18.932,136.1,Burdekin,AyrDPI,Mulg,1957,Furrow,BareFallow,35,Surf1,200,200,HighFreq,0,P2R,15AprV1R4,T4,9261.7,8620.19,7346.731,7752.421,112.99,61.071,2.40117677220572,0.106839259011882,2.39290173410405,1.03493,37.52,999
1959,15/08/1959,227,1958,15-Apr,1,sugar,alive,1,396,1957,15/7/1958,105,0,0,318,1959,21,2039,5681.48,5044.38,4457.07,136.78,2460.47,,19709.834,7883.933,75.729,19.226,94.279,94.279,0.786,9419.038,9419.824,141484.13,0.866,35,7000,875.3,625.529,5842.822,428.361,1054.35,367.916,1422.267,77.677,9435.47,0.855,9436.325,142766.395,200,218.383,276.476,22.783,0.002,13.577,4.475,5147.26,350,0.923,3660.5,13.4,1464.2,0,0,16.869,28.466,19.548,162.8,Burdekin,AyrDPI,Mulg,1957,Furrow,BareFallow,35,Surf1,200,200,HighFreq,0,P2R,15AprV1R4,T4,7875.3,7428.361,6468.351,6836.267,36.362,13.579,1.8413213897386,0.0961704096347592,1.83597315436242,0.6839,24.605,999
1960,14/09/1960,258,1959,15-Apr,1,sugar,alive,2,396,1957,15/8/1959,105,0,0,318,1960,21,2039,6414.3,5761.88,5013.27,154.69,2993.64,,13518.843,5407.537,52.642,20.904,78.961,78.961,0.855,9435.47,9436.325,142766.395,0.862,39,7800,1107.6,978.562,6470.773,409.244,1116.829,344.859,1461.688,60.479,9430.034,1.115,9431.149,143297.975,200,210.846,301.552,45.725,0.142,22.308,8.612,5569.053,350,0.937,3958.3,14.5,1583.3,0,0,17.494,28.356,20.039,210.1,Burdekin,AyrDPI,Mulg,1957,Furrow,BareFallow,35,Surf1,200,200,HighFreq,0,P2R,15AprV1R4,T4,8907.6,8209.244,7449.335,7794.194,68.175,22.45,1.88433916691963,0.105829698266662,1.8750303030303,0.77345,29.936,999
1961,14/10/1961,287,1960,15-Apr,1,sugar,alive,3,395,1957,14/9/1960,105,0,0,318,1961,21,2039,7048.1,6318.1,5553.09,171.801,3481.5,,15273.242,6109.296,60.34,22.026,75.538,75.538,1.115,9430.034,9431.149,143297.975,0.854,41,8200,490.9,820.436,6168.672,218.641,1369.771,341.827,1711.599,47.624,9412.714,1.529,9414.243,143779.301,200,229.511,315.448,44.71,0.093,20.797,8.392,6007.032,350,0.946,4159.6,15.2,1663.8,0,0,16.939,29.173,21.112,63.2,Burdekin,AyrDPI,Mulg,1957,Furrow,BareFallow,35,Surf1,200,200,HighFreq,0,P2R,15AprV1R4,T4,8690.9,8418.641,6989.108,7330.935,65.6,20.89,2.0407212993166,0.100374562032345,1.9861387283237,0.859005,34.815,999
1962,14/11/1962,318,1961,15-Apr,1,sugar,alive,4,396,1957,14/10/1961,105,0,0,318,1962,21,2039,6861.05,6050.88,5367.13,164.84,3269.23,,16243.246,6497.299,67.157,21.494,65.731,65.731,1.529,9412.714,9414.243,143779.301,0.845,39,7800,942.7,747.682,6342.123,490.864,1313.391,342.202,1655.593,56.996,9396.458,1.906,9398.364,144101.438,200,231.473,319.685,46.843,0.097,19.172,8.812,6417.993,350,0.942,4073.4,14.9,1629.3,0,0,17.883,29.608,20.496,102.1,Burdekin,AyrDPI,Mulg,1957,Furrow,BareFallow,35,Surf1,200,200,HighFreq,0,P2R,15AprV1R4,T4,8742.7,8290.864,7089.805,7432.007,66.112,19.269,1.98821256747186,0.0995655333164612,1.99806060606061,0.8242,32.692,999
1963,15/04/1963,105,0,15-Apr,1,none,out,-1,0,1957,0.000,105,0,0,318,-1,21,2039,0,0,0,0,0,,16160.648,6464.26,67.81,0,63.033,63.033,1.906,9396.458,9398.364,144101.438,0.836,0,0,1086.4,64.973,536.526,526.191,0,314.117,314.117,25.712,9478.94,11.958,9490.898,146465.662,0,0,19.431,3.451,0.005,1.557,0.255,3968.222,350,0,0.3,0,0.1,0,0,22.247,31.071,18.839,91.9,Burdekin,AyrDPI,Mulg,1957,Furrow,BareFallow,35,Surf1,200,200,HighFreq,0,P2R,15AprV1R4,T4,1086.4,526.191,601.499,915.616,5.013,1.562,0,0,0,,0,999
1964,14/07/1964,196,1963,15-Apr,2,sugar,alive,0,456,1963,15/4/1963,105,0,0,318,1964,21,2039,8907.91,7986.73,7081.93,219.524,3701.45,,0,0,0,17.839,233.818,233.818,11.958,9478.94,9490.898,146465.662,0.836,42,8400,620,520.08,6574.761,381.398,1667.423,382.645,2050.068,138.593,9328.385,1.983,9330.368,143408.709,200,303.522,388.114,49.646,0.023,49.21,9.648,6624.081,350,0.98,5590.8,20.5,2236.3,0,0,16.75,28.855,19.018,92.7,Burdekin,AyrDPI,Mulg,1957,Furrow,BareFallow,35,Surf1,200,200,HighFreq,0,P2R,15AprV1R4,T4,9020,8781.398,7094.841,7477.486,98.879,49.233,2.49987530459273,0.107081326082842,2.48049717514124,1.09762,37.014,999
1965,14/08/1965,226,1964,15-Apr,2,sugar,alive,1,396,1963,14/7/1964,105,0,0,318,1965,21,2039,6751.53,6030.83,5257.38,161.927,3193.57,,20273.043,8109.218,81.158,21.358,108.908,108.908,1.983,9328.385,9330.368,143408.709,0.818,36,7200,830.4,490.508,5900.025,393.153,1319.43,340.039,1659.469,63.22,9314.227,1.151,9315.378,143423.151,200,246.488,308.374,21.631,0.013,25.456,4.175,6879.389,350,0.941,4034.7,14.8,1613.9,0,0,17.025,29.153,19.583,107.4,Burdekin,AyrDPI,Mulg,1957,Furrow,BareFallow,35,Surf1,200,200,HighFreq,0,P2R,15AprV1R4,T4,8030.4,7593.153,6390.533,6730.572,47.1,25.469,2.13253967093775,0.097577598617389,2.11669281045752,0.809635,31.936,999
1966,14/09/1966,257,1965,15-Apr,2,sugar,alive,2,396,1963,14/8/1965,105,0,0,318,1966,21,2039,6384.34,5668.47,4957.54,152.164,2968.53,,16129.856,6451.943,64.619,21.096,89.305,89.305,1.151,9314.227,9315.378,143423.151,0.814,42,8400,392.1,847.425,6406.013,204.65,1183.604,347.088,1530.692,55.45,9305.31,1.471,9306.781,143159.275,200,227.168,312.486,44.083,0.158,19.146,8.271,7062,350,0.926,3711.9,13.6,1484.8,0,0,17.613,28.709,19.595,102.9,Burdekin,AyrDPI,Mulg,1957,Furrow,BareFallow,35,Surf1,200,200,HighFreq,0,P2R,15AprV1R4,T4,8792.1,8604.65,7253.438,7600.526,63.387,19.304,1.76839267140442,0.0994086334808047,1.71936723163842,0.76082,29.685,999
1967,14/10/1967,287,1966,15-Apr,2,sugar,alive,3,395,1963,14/9/1966,105,0,0,318,1967,21,2039,7026.87,6307.14,5516.43,170.695,3290.31,,15282.929,6113.172,60.627,20.81,97.275,97.275,1.471,9305.31,9306.781,143159.275,0.807,40,8000,809.7,758.653,6457.38,344.329,1273.541,337.409,1610.95,58.468,9283.404,1.748,9285.152,142780.538,200,231.872,320.805,49.741,0.094,21.384,9.261,7035.509,350,0.94,4019.1,14.7,1607.7,0,0,17.992,28.818,20.041,154.9,Burdekin,AyrDPI,Mulg,1957,Furrow,BareFallow,35,Surf1,200,200,HighFreq,0,P2R,15AprV1R4,T4,8809.7,8344.329,7216.033,7553.442,71.219,21.478,2.04564081785366,0.105959216611316,2.02005917159763,0.853475,32.903,999
1968,13/11/1968,318,1967,15-Apr,2,sugar,alive,4,396,1963,14/10/1967,105,0,0,318,1968,21,2039,7417.22,6673.3,5830.89,180.826,3508.81,,16254.971,6501.988,65.556,20.967,79.992,79.992,1.748,9283.404,9285.152,142780.538,0.799,39,7800,1461.8,791.714,6830.191,427.159,1296.797,347.277,1644.074,51.014,9260.639,1.9,9262.539,142781.652,200,243.401,323.22,45.161,0.073,18.615,8.402,6969.731,350,0.94,4031,14.8,1612.4,0,0,18.116,28.915,20.428,187.9,Burdekin,AyrDPI,Mulg,1957,Furrow,BareFallow,35,Surf1,200,200,HighFreq,0,P2R,15AprV1R4,T4,9261.8,8227.159,7621.905,7969.182,63.849,18.688,2.1979154651077,0.109986533452874,2.1918303030303,0.90413,35.088,999
1969,15/04/1969,105,0,15-Apr,2,none,out,-1,0,1963,0.000,105,0,0,318,-1,21,2039,0,0,0,0,0,,16910.165,6764.066,69.219,0,75.813,75.813,1.9,9260.639,9262.539,142781.652,0.793,0,0,145.4,1.248,6.082,139.198,0,128.881,128.881,0.283,9362.926,1.268,9364.193,147041.804,0,0,1.253,0.003,0,0.002,0.003,2464.372,350,0.001,1.2,0,0.5,0,0,21.46,32.39,21.894,46.5,Burdekin,AyrDPI,Mulg,1957,Furrow,BareFallow,35,Surf1,200,200,HighFreq,0,P2R,15AprV1R4,T4,145.4,139.198,7.33,136.211,0.005,0.002,0,0,0,,0,999
1970,15/07/1970,196,1969,15-Apr,3,sugar,alive,0,456,1969,15/4/1969,105,0,0,318,1970,21,2039,8818.28,7919.04,7005.79,217.549,3988.05,,0,0,0,19.648,85.003,85.003,1.268,9362.926,9364.193,147041.804,0.793,44,8800,660,322.778,7085.446,354.457,1626.544,437.567,2064.111,136.089,9213.735,2.092,9215.827,142152.844,200,322.745,398.888,29.533,0.064,38.378,5.7,8524.973,350,0.969,4953.5,18.1,1981.4,0,0,17.51,29.042,19.564,133.6,Burdekin,AyrDPI,Mulg,1957,Furrow,BareFallow,35,Surf1,200,200,HighFreq,0,P2R,15AprV1R4,T4,9460,9154.457,7408.224,7845.791,67.975,38.442,2.37642713270705,0.105395979189104,2.35188108108108,1.087745,39.881,999
1971,15/08/1971,227,1970,15-Apr,3,sugar,alive,1,396,1969,15/7/1970,105,0,0,318,1971,21,2039,6812.15,6109.8,5331.08,164.692,3008.49,,19616.682,7846.671,79.174,19.569,72.667,72.667,2.092,9213.735,9215.827,142152.844,0.785,33,6600,1175,482.465,5684.133,615.206,1247.332,342.194,1589.527,71.799,9196.778,1.462,9198.24,142287.579,200,249.86,312.962,34.011,0.063,13.27,6.572,6733.117,350,0.929,3776.1,13.8,1510.4,0,0,17.251,28.573,19.344,220,Burdekin,AyrDPI,Mulg,1957,Furrow,BareFallow,35,Surf1,200,200,HighFreq,0,P2R,15AprV1R4,T4,7775,7215.206,6166.598,6508.792,47.344,13.333,2.28256823159311,0.103610696767026,2.33605673758865,0.82346,30.085,999
1972,14/09/1972,258,1971,15-Apr,3,sugar,alive,2,396,1969,15/8/1971,105,0,0,318,1972,21,2039,6664.7,6021.42,5186.94,160.514,3029.15,,15798.784,6319.513,63.428,20.312,91.543,91.543,1.462,9196.778,9198.24,142287.579,0.781,37,7400,1435.2,946.57,6298.339,450.122,1280.521,328.769,1609.29,66.596,9189.172,1.304,9190.476,142410.78,200,231.614,305.203,42.907,0.234,14.695,8.038,6616.466,350,0.936,3923.8,14.4,1569.5,0,0,16.759,28.732,19.826,206.2,Burdekin,AyrDPI,Mulg,1957,Furrow,BareFallow,35,Surf1,200,200,HighFreq,0,P2R,15AprV1R4,T4,8835.2,7850.122,7244.909,7573.678,57.836,14.929,2.04473255320108,0.0997421223023818,2.04476433121019,0.80257,30.291,999
1973,14/10/1973,287,1972,15-Apr,3,sugar,alive,3,395,1969,14/9/1972,105,0,0,318,1973,21,2039,6664.69,5955.67,5176.72,159.388,2953.72,,15896.262,6358.505,65.226,19.894,72.544,72.544,1.304,9189.172,9190.476,142410.78,0.775,36,7200,1125.6,941.366,5815.708,484.821,1195.906,329.866,1525.773,41.809,9177.147,2.018,9179.165,142308.164,200,230.497,314.479,44.665,0.247,19.686,8.31,6986.096,350,0.926,3713.8,13.6,1485.5,0,0,18.389,29.085,19.8,108.5,Burdekin,AyrDPI,Mulg,1957,Furrow,BareFallow,35,Surf1,200,200,HighFreq,0,P2R,15AprV1R4,T4,8325.6,7684.821,6757.074,7086.94,64.598,19.933,2.07406262292902,0.104463770167646,2.08350326797386,0.79694,29.537,999
1974,14/11/1974,318,1973,15-Apr,3,sugar,alive,4,396,1969,14/10/1973,105,0,0,318,1974,21,2039,6453.43,5818.68,5008.01,156.181,3019.1,,15804.426,6321.77,61.665,20.877,115.298,115.298,2.018,9177.147,9179.165,142308.164,0.769,31,6200,1952.2,918.648,5839.444,611.541,1078.86,355.252,1434.112,51.751,9159.219,2.086,9161.305,142033.245,200,208.362,309.066,56.169,0.465,30.483,10.194,6606.058,350,0.862,2826.3,10.4,1130.5,0,0,17.922,28.466,18.8,152.9,Burdekin,AyrDPI,Mulg,1957,Furrow,BareFallow,35,Surf1,200,200,HighFreq,0,P2R,15AprV1R4,T4,8152.2,6811.541,6758.092,7113.344,87.117,30.948,2.29288790891811,0.10890432546412,2.34858646616541,0.780905,30.191,999
1975,15/04/1975,105,0,15-Apr,3,none,out,-1,0,1969,0.000,105,0,0,318,-1,21,2039,0,0,0,0,0,,14688.446,5875.379,62.361,0,75.294,75.294,2.086,9159.219,9161.305,142033.245,0.763,0,0,630.3,13.418,221.442,401.88,0,297.04,297.04,10.548,9244.273,10.64,9254.913,143919.842,0,0,13.495,0.917,0.013,0.377,0.075,4164.633,350,0,0.4,0,0.1,0,0,21.936,30.98,21.26,65,Burdekin,AyrDPI,Mulg,1957,Furrow,BareFallow,35,Surf1,200,200,HighFreq,0,P2R,15AprV1R4,T4,630.3,401.88,234.86,531.9,1.307,0.39,0,0,0,,0,999
1976,14/07/1976,196,1975,15-Apr,4,sugar,alive,0,456,1975,15/4/1975,105,0,0,318,1976,21,2039,8961.91,8034.4,7049.82,218.032,3700.57,,0,0,0,17.976,173.694,173.694,10.64,9244.273,9254.913,143919.842,0.764,36,7200,2004.7,757.201,6729.77,872.584,1459.455,356.562,1816.017,129.548,9098.141,1.873,9100.014,140643.823,200,303.166,380.543,43.449,0.198,49.542,8.551,6796.402,350,0.986,6082,22.3,2432.8,0,0,17.666,28.095,18.294,179.8,Burdekin,AyrDPI,Mulg,1957,Furrow,BareFallow,35,Surf1,200,200,HighFreq,0,P2R,15AprV1R4,T4,9204.7,8072.584,7486.971,7843.533,93.189,49.74,2.70089478164612,0.120060550093969,2.85009150326797,1.09016,37.006,999
1977,14/08/1977,226,1976,15-Apr,4,sugar,alive,1,396,1975,14/7/1976,105,0,0,318,1977,21,2039,6380.38,5702.88,4996.4,153.736,2784.15,,21422.439,8568.975,87.988,19.375,75.405,75.405,1.873,9098.141,9100.014,140643.823,0.751,34,6800,1376.6,588.23,6132.956,522.538,1101.711,346.364,1448.075,73.576,9097.216,1.18,9098.395,140573.175,200,243.492,299.613,23.474,0.127,13.849,4.591,7014.099,350,0.938,3963.4,14.5,1585.3,0,0,17.488,28.286,19.446,170.6,Burdekin,AyrDPI,Mulg,1957,Furrow,BareFallow,35,Surf1,200,200,HighFreq,0,P2R,15AprV1R4,T4,8176.6,7322.538,6721.186,7067.55,37.45,13.976,2.09949064108646,0.106165771800494,2.12049655172414,0.76868,27.842,999
1978,14/09/1978,257,1977,15-Apr,4,sugar,alive,2,396,1975,14/8/1977,105,0,0,318,1978,21,2039,6376.25,5678.37,5013.9,154.318,2955.69,,15132.677,6053.071,59.724,20.658,82.744,82.744,1.18,9097.216,9098.395,140573.175,0.75,40,8000,956.1,1019.239,6360.048,417.247,1112.685,364.287,1476.973,66.906,9090.796,1.37,9092.167,140187.98,200,218.454,305.17,47.971,0.488,19.357,8.957,6993.605,350,0.924,3686.8,13.5,1474.7,0,0,17.622,28.221,20.415,150.6,Burdekin,AyrDPI,Mulg,1957,Furrow,BareFallow,35,Surf1,200,200,HighFreq,0,P2R,15AprV1R4,T4,8956.1,8417.247,7379.287,7743.574,67.816,19.845,1.83335477739931,0.104482614103305,1.82624852071006,0.77159,29.557,999
1979,14/10/1979,287,1978,15-Apr,4,sugar,alive,3,395,1975,14/9/1978,105,0,0,318,1979,21,2039,6348.49,5682.28,4915.19,151.639,2843.71,,14713.786,5885.514,57.992,20.166,182.584,182.584,1.37,9090.796,9092.167,140187.98,0.745,37,7400,1484.7,780.421,6796.663,539.723,1071.567,347.137,1418.705,68.974,9075.6,1.657,9077.257,139670.329,200,214.67,301.89,37.599,0.239,40.138,6.994,6897.01,350,0.922,3649.4,13.4,1459.8,0,0,18.01,28.393,19.377,350.7,Burdekin,AyrDPI,Mulg,1957,Furrow,BareFallow,35,Surf1,200,200,HighFreq,0,P2R,15AprV1R4,T4,8884.7,7939.723,7577.084,7924.221,77.976,40.377,1.90987771235848,0.106885504738476,1.93170700636943,0.758195,28.437,999
1980,13/11/1980,318,1979,15-Apr,4,sugar,alive,4,396,1975,14/10/1979,105,0,0,318,1980,21,2039,7846.53,7048.18,6194.69,191.955,3736.51,,15285.046,6114.019,61.802,21.043,71.496,71.496,1.657,9075.6,9077.257,139670.329,0.739,40,8000,768.9,643.831,6439.635,338.923,1351.413,323.433,1674.846,47.032,9053.574,1.728,9055.301,138936.298,200,245.084,321.24,38.66,0.398,20.676,7.189,7536.379,350,0.955,4435.4,16.3,1774.2,0,0,18.675,29.043,20.995,86.4,Burdekin,AyrDPI,Mulg,1957,Furrow,BareFallow,35,Surf1,200,200,HighFreq,0,P2R,15AprV1R4,T4,8768.9,8338.923,7083.466,7406.899,59.734,21.074,2.30191596684608,0.114610537327014,2.27165680473373,0.959775,37.365,999
1981,15/04/1981,105,0,15-Apr,4,none,out,-1,0,1975,0.000,105,0,0,318,-1,21,2039,0,0,0,0,0,,17810.734,7124.293,71.453,0,82.084,82.084,1.728,9053.574,9055.301,138936.298,0.734,0,0,929,172.528,350.262,508.453,0,308.045,308.045,16.543,9147.51,4.69,9152.2,142103.505,0,0,7.395,0.605,0.172,0.105,0.039,3702.31,350,0,0.4,0,0.2,0,0,21.829,30.388,19.918,102.2,Burdekin,AyrDPI,Mulg,1957,Furrow,BareFallow,35,Surf1,200,200,HighFreq,0,P2R,15AprV1R4,T4,929,508.453,522.79,830.835,0.882,0.277,0,0,0,,0,999
1982,15/07/1982,196,1981,15-Apr,5,sugar,alive,0,456,1981,15/4/1981,105,0,0,318,1982,21,2039,8921.21,8009.3,7097.72,220.227,4100.86,,0,0,0,20.004,180.249,180.249,4.69,9147.51,9152.2,142103.505,0.735,40,8000,774.6,349.403,6514.651,441.64,1605.717,408.533,2014.25,121.694,9005.96,2.037,9007.997,136859.149,200,303.651,378.613,33.471,0.281,48.378,6.597,8792.185,350,0.978,5463.8,20,2185.5,0,0,17.319,28.644,18.818,104.8,Burdekin,AyrDPI,Mulg,1957,Furrow,BareFallow,35,Surf1,200,200,HighFreq,0,P2R,15AprV1R4,T4,8774.6,8441.64,6864.054,7272.587,82.13,48.659,2.6088177178842,0.109334491746308,2.60623668639053,1.101135,41.009,999
1983,15/08/1983,227,1982,15-Apr,5,sugar,alive,1,396,1981,15/7/1982,105,0,0,318,1983,21,2039,6511.75,5792.68,5122.86,157.857,2827.43,,20143.942,8057.576,80.39,19.131,76.545,76.545,2.037,9005.96,9007.997,136859.149,0.725,38,7600,635.3,547.197,6139.337,298.384,1167.916,370.563,1538.479,93.131,8992.366,1.261,8993.627,136032.896,200,251.282,310.227,24.715,0.205,15.979,4.805,7615.795,350,0.93,3807.8,14,1523.1,0,0,17.679,28.512,19.609,95.4,Burdekin,AyrDPI,Mulg,1957,Furrow,BareFallow,35,Surf1,200,200,HighFreq,0,P2R,15AprV1R4,T4,8235.3,7898.384,6686.534,7057.097,40.899,16.184,1.99859870069624,0.1026058854232,1.96095652173913,0.789285,28.274,999
1984,14/09/1984,258,1983,15-Apr,5,sugar,alive,2,396,1981,15/8/1983,105,0,0,318,1984,21,2039,6524.48,5831.95,5076.02,156.376,2968.07,,15042.193,6016.878,59.425,20.446,86.832,86.832,1.261,8992.366,8993.627,136032.896,0.723,41,8200,591.2,851.851,6423.688,359.74,1175.697,341.938,1517.635,57.721,8986.083,1.709,8987.792,135131.079,200,220.142,304.637,45.256,0.585,20.215,8.419,7519.852,350,0.929,3785.1,13.9,1514.1,0,0,17.66,28.64,19.333,75.6,Burdekin,AyrDPI,Mulg,1957,Furrow,BareFallow,35,Surf1,200,200,HighFreq,0,P2R,15AprV1R4,T4,8791.2,8559.74,7275.539,7617.477,66.056,20.8,1.82687791918913,0.103039268335272,1.80781502890173,0.78188,29.681,999
1985,14/10/1985,287,1984,15-Apr,5,sugar,alive,3,395,1981,14/9/1984,105,0,0,318,1985,21,2039,7137.92,6463.02,5585.7,173.34,3219.64,,15529.25,6211.7,61.726,19.946,84.858,84.858,1.709,8986.083,8987.792,135131.079,0.719,39,7800,788.1,742.848,6216.351,434.928,1285.228,345.668,1630.896,49.007,8960.359,1.56,8961.919,134450.165,200,240.688,321.112,42.043,1.342,22.79,7.893,7339.049,350,0.945,4150.9,15.2,1660.3,0,0,17.489,28.667,19.694,111.4,Burdekin,AyrDPI,Mulg,1957,Furrow,BareFallow,35,Surf1,200,200,HighFreq,0,P2R,15AprV1R4,T4,8588.1,8234.928,6959.199,7304.867,66.175,24.132,2.10493643660272,0.106285134061277,2.10109090909091,0.8667,32.196,999
1986,14/11/1986,318,1985,15-Apr,5,sugar,alive,4,396,1981,14/10/1985,105,0,0,318,1986,21,2039,7194.66,6425.42,5537.08,170.935,3187.58,,16722.079,6688.83,68.855,20.037,82.863,82.863,1.56,8960.359,8961.919,134450.165,0.714,38,7600,879.6,726.573,6069.312,472.664,1318.356,341.685,1660.042,52.007,8930.47,2.262,8932.733,133819.973,200,248.823,329.793,49.735,1.211,14.257,9.191,7618.41,350,0.926,3714.1,13.6,1485.6,0,0,18.869,29.426,18.897,117.8,Burdekin,AyrDPI,Mulg,1957,Furrow,BareFallow,35,Surf1,200,200,HighFreq,0,P2R,15AprV1R4,T4,8479.6,8072.664,6795.885,7137.57,65.203,15.468,2.11745465932931,0.102970286293961,2.12341614906832,0.854675,31.876,999
1987,15/04/1987,105,0,15-Apr,5,none,out,-1,0,1981,0.000,105,0,0,318,-1,21,2039,0,0,0,0,0,,17246.416,6898.567,68.87,0,106.536,106.536,2.262,8930.47,8932.733,133819.973,0.71,0,0,212.7,1.505,33.052,179.455,0,178.132,178.132,1.563,9033.548,3.551,9037.099,136666.113,0,0,3.866,0.013,0.001,0.011,0.008,3854.713,350,0.001,0.7,0,0.3,0,0,21.95,32.242,21.983,44,Burdekin,AyrDPI,Mulg,1957,Furrow,BareFallow,35,Surf1,200,200,HighFreq,0,P2R,15AprV1R4,T4,212.7,179.455,34.557,212.689,0.025,0.012,0,0,0,,0,999
1988,14/07/1988,196,1987,15-Apr,6,sugar,alive,0,456,1987,15/4/1987,105,0,0,318,1988,21,2039,9163.27,8211.04,7249.75,224.719,4171.15,,0,0,0,19.931,106.548,106.548,3.551,9033.548,9037.099,136666.113,0.711,42,8400,1008.5,322.456,7050.67,441.867,1638.525,390.314,2028.839,134.983,8857.272,2.016,8859.287,132443.174,200,334.346,415.223,31.727,4.145,50.079,6.465,7858.745,350,0.979,5503.1,20.2,2201.2,0,0,17.995,29.116,18.802,254,Burdekin,AyrDPI,Mulg,1957,Furrow,BareFallow,35,Surf1,200,200,HighFreq,0,P2R,15AprV1R4,T4,9408.5,8841.867,7373.126,7763.44,85.951,54.224,2.5415333661997,0.110762362119419,2.53919774011299,1.123595,41.711,999
1989,14/08/1989,226,1988,15-Apr,6,sugar,alive,1,396,1987,14/7/1988,105,0,0,318,1989,21,2039,6396.17,5671.72,5001.37,153.475,2948.94,,20942.55,8377.019,84.028,20.734,113.084,113.084,2.016,8857.272,8859.287,132443.174,0.702,32,6400,1383.4,660.776,5633.611,597.066,1152.188,349.168,1501.356,67.001,8859.442,0.908,8860.35,132826.116,200,230.856,292.805,19.472,0.34,28.649,3.823,6559.152,350,0.935,3906.5,14.3,1562.6,0,0,17.87,28.468,18.868,134.8,Burdekin,AyrDPI,Mulg,1957,Furrow,BareFallow,35,Surf1,200,200,HighFreq,0,P2R,15AprV1R4,T4,7783.4,6997.066,6294.387,6643.555,48.461,28.989,2.19341935605581,0.102224255939298,2.24051094890511,0.767375,29.489,999
1990,14/09/1990,257,1989,15-Apr,6,sugar,alive,2,396,1987,14/8/1989,105,0,0,318,1990,21,2039,6555.67,5866.25,5143.33,158.606,3113.39,,15176.264,6070.505,60.378,21.245,100.74,100.74,0.908,8859.442,8860.35,132826.116,0.702,36,7200,1288.6,1010.864,5962.648,467.619,1197.284,352.743,1550.027,53.772,8856.651,1.226,8857.877,132797.973,200,214.07,298.325,46.653,0.502,19.736,8.694,6469.408,350.712,0.948,4217.3,15.5,1686.9,0,0,17.279,28.597,19.939,103,Burdekin,AyrDPI,Mulg,1957,Furrow,BareFallow,35,Surf1,200,200,HighFreq,0,P2R,15AprV1R4,T4,8488.6,7667.619,6973.512,7326.255,66.891,20.238,2.06851696726194,0.102324669183182,2.07328104575163,0.79303,31.134,999
1991,14/10/1991,287,1990,15-Apr,6,sugar,alive,3,395,1987,14/9/1990,105,0,0,318,1991,21,2039,6581.59,5862.79,5154.54,158.635,3199.83,,15589.547,6235.818,62.971,21.91,65.801,65.801,1.226,8856.651,8857.877,132797.973,0.698,38,7600,1680.4,1017.449,6717.906,306.584,1219.717,313.952,1533.669,56.183,8854.266,1.65,8855.916,132665.555,200,225.565,299.949,36.305,0.611,19.982,6.821,6780.212,352.383,0.937,3938.6,14.4,1575.4,0,0,17.386,28.895,19.58,204.4,Burdekin,AyrDPI,Mulg,1957,Furrow,BareFallow,35,Surf1,200,200,HighFreq,0,P2R,15AprV1R4,T4,9280.4,7906.584,7735.355,8049.307,56.898,20.593,2.00636583384177,0.103434965432567,1.97062111801242,0.793175,31.998,999
1992,13/11/1992,318,1991,15-Apr,6,sugar,alive,4,396,1987,14/10/1991,105,0,0,318,1992,21,2039,7671.96,6846.47,6116.4,188.939,3820.29,,15477.71,6191.083,61.856,21.97,77.178,77.178,1.65,8854.266,8855.916,132665.555,0.694,40,8000,659.3,656.204,6244.391,293.194,1420.204,348.239,1768.443,55.692,8840.283,1.538,8841.821,132550.509,200,241.224,313.06,38.462,0.213,18.31,7.24,7000.698,354.083,0.965,4796.1,17.6,1918.4,0,0,18.342,29.501,20.919,122.8,Burdekin,AyrDPI,Mulg,1957,Furrow,BareFallow,35,Surf1,200,200,HighFreq,0,P2R,15AprV1R4,T4,8659.3,8293.194,6900.595,7248.834,56.985,18.523,2.27824165213065,0.106839180001843,2.23596449704142,0.944695,38.203,999
1993,15/04/1993,105,0,15-Apr,6,none,out,-1,0,1987,0.000,105,0,0,318,-1,21,2039,0,0,0,0,0,,17298.935,6919.574,69.07,0,67.439,67.439,1.538,8840.283,8841.821,132550.509,0.69,0,0,402.2,6.49,111.106,290.156,0,221.071,221.071,5.216,8930.111,9.456,8939.567,134875.537,0,0,11.281,0.172,0.009,0.091,0.029,4436.646,354.757,0.001,0.7,0,0.3,0,0,21.276,31.26,21.924,72,Burdekin,AyrDPI,Mulg,1957,Furrow,BareFallow,35,Surf1,200,200,HighFreq,0,P2R,15AprV1R4,T4,402.2,290.156,117.596,338.667,0.272,0.1,0,0,0,,0,999
1994,15/07/1994,196,1993,15-Apr,7,sugar,alive,0,456,1993,15/4/1993,105,0,0,318,1994,21,2039,9851.71,8856.15,7902.08,245.653,4711.18,,0,0,0,20.689,130.973,130.973,9.456,8930.111,8939.567,134875.537,0.692,44,8800,465.6,322.484,6920.734,318.319,1676.147,399.676,2075.823,132.801,8774.438,1.848,8776.285,131339.329,200,326.471,394.431,32.225,1.772,46.847,6.362,7268.669,356.78,0.986,6149.2,22.5,2459.7,0,0,17.896,28.846,19.367,46.8,Burdekin,AyrDPI,Mulg,1957,Furrow,BareFallow,35,Surf1,200,200,HighFreq,0,P2R,15AprV1R4,T4,9265.6,9118.319,7243.218,7642.894,80.844,48.619,2.69406016613369,0.118340051150797,2.65570810810811,1.228265,47.112,999
1995,15/08/1995,227,1994,15-Apr,7,sugar,alive,1,396,1993,15/7/1994,105,0,0,318,1995,21,2039,6300.76,5583.85,5004.53,153.609,2809.43,,21798.619,8719.448,86.233,19.596,77.532,77.532,1.848,8774.438,8776.285,131339.329,0.681,39,7800,482.2,519.922,6165.41,282.31,1169.746,374.037,1543.783,83.03,8782.362,1.245,8783.606,131696.788,200,242.746,297.151,19.756,0.29,12.855,3.871,6958.28,358.569,0.932,3834.8,14,1533.9,0,0,18.082,29.062,20.474,55.2,Burdekin,AyrDPI,Mulg,1957,Furrow,BareFallow,35,Surf1,200,200,HighFreq,0,P2R,15AprV1R4,T4,8282.2,8082.31,6685.332,7059.369,32.901,13.145,1.9005581325141,0.0995016786685694,1.86192727272727,0.768045,28.094,999
1996,14/09/1996,258,1995,15-Apr,7,sugar,alive,2,396,1993,15/8/1995,105,0,0,318,1996,21,2039,6689.93,5934.37,5328.84,163.49,3252.45,,14277.54,5711.016,54.134,21.569,130.617,130.617,1.245,8782.362,8783.606,131696.788,0.682,42,8400,564.9,757.509,6667.066,240.695,1228.233,363.074,1591.307,63.397,8776.841,1.331,8778.172,131579.128,200,218.914,296.101,26.595,0.126,42.356,5.136,6928.59,360.388,0.948,4219.9,15.5,1687.9,0,0,19.055,29.44,20.405,107,Burdekin,AyrDPI,Mulg,1957,Furrow,BareFallow,35,Surf1,200,200,HighFreq,0,P2R,15AprV1R4,T4,8964.9,8640.695,7424.575,7787.649,69.077,42.482,1.8920931707461,0.102739446253928,1.84734463276836,0.81745,32.524,999
1997,14/10/1997,287,1996,15-Apr,7,sugar,alive,3,395,1993,14/9/1996,105,0,0,318,1997,21,2039,7189.89,6405.67,5730.71,176.651,3532.37,,15156.118,6062.447,56.899,21.695,79.636,79.636,1.331,8776.841,8778.172,131579.128,0.678,39,7800,962.4,961.307,6331.455,363.008,1130.112,336.677,1466.789,55.237,8782.779,1.336,8784.115,131742.378,200,220.147,293.825,37.235,0.387,19.13,6.962,6706.066,362.245,0.956,4453.5,16.3,1781.4,0,0,19.379,28.509,20.519,116.8,Burdekin,AyrDPI,Mulg,1957,Furrow,BareFallow,35,Surf1,200,200,HighFreq,0,P2R,15AprV1R4,T4,8762.4,8163.008,7292.762,7629.439,56.752,19.517,2.16404296063412,0.120433818361059,2.14122424242424,0.883255,35.324,999
1998,18/11/1998,322,1997,15-Apr,7,sugar,alive,4,400,1993,14/10/1997,105,0,4,318,1998,17,2039,7894.99,6991.1,6249.35,192.245,3815.63,,16188.451,6475.382,61.925,21.513,82.485,82.485,1.336,8782.779,8784.115,131742.378,0.675,38,7600,1256.5,629.955,6645.559,611.727,1180.154,292.211,1472.366,48.57,8775.014,1.588,8776.602,131573.572,200,240.033,312.884,34.877,0.238,19.254,6.455,7451.256,364.156,0.961,4635.9,17,1854.4,0,0,20.779,29.076,19.406,189.6,Burdekin,AyrDPI,Mulg,1957,Furrow,BareFallow,35,Surf1,200,200,HighFreq,0,P2R,15AprV1R4,T4,8856.5,8211.727,7275.514,7567.725,54.369,19.492,2.34110315649802,0.130568758039781,2.38813664596273,0.961225,38.156,999
1999,15/04/1999,105,0,15-Apr,7,none,out,-1,0,1993,0.000,105,0,4,322,-1,17,2043,0,0,0,0,0,,17928.496,7171.4,67.509,0,191.106,191.106,1.588,8775.014,8776.602,131573.572,0.672,0,0,719.4,141.46,290.307,374.576,0,321.141,321.141,11.655,8865.693,8.888,8874.582,134167.645,0,0,15.61,0.82,0.13,0.716,0.069,4430.225,364.878,0,0.4,0,0.2,0,0,23.424,31.174,20.301,98.7,Burdekin,AyrDPI,Mulg,1957,Furrow,BareFallow,35,Surf1,200,200,HighFreq,0,P2R,15AprV1R4,T4,719.4,374.576,431.767,752.908,1.666,0.846,0,0,0,,0,999
2000,14/07/2000,196,1999,15-Apr,8,sugar,alive,0,456,1999,15/4/1999,105,0,0,318,2000,21,2039,9927.3,8945.64,8114.06,252.787,4481.07,,0,0,0,18.904,157.598,157.598,8.888,8865.693,8874.582,134167.645,0.674,39,7800,1568.6,678.246,6928.523,599.923,1427.625,397.984,1825.609,141.686,8733.422,2.014,8735.436,130778.048,200,310.218,369.254,28.87,1.078,43.934,5.676,7185.542,367.113,0.988,6311,23.1,2524.4,0,0,18.528,27.801,18.606,136,Burdekin,AyrDPI,Mulg,1957,Furrow,BareFallow,35,Surf1,200,200,HighFreq,0,P2R,15AprV1R4,T4,9368.6,8399.923,7606.769,8004.753,73.882,45.012,3.00939663375486,0.138467218336457,3.06408484848485,1.263935,44.811,999
2001,14/08/2001,226,2000,15-Apr,8,sugar,alive,1,396,1999,14/7/2000,105,0,0,318,2001,21,2039,6177.26,5466.72,4858.88,149.041,2879.42,,20776.962,8310.786,80.178,20.863,93.819,93.819,2.014,8733.422,8735.436,130778.048,0.664,37,7400,561.9,505.25,6021.389,334.512,1096.015,356.046,1452.061,72.9,8734.673,1.519,8736.192,130953.58,200,246.516,300.784,19.228,0.48,12.852,3.727,6959.56,369.092,0.925,3692.1,13.5,1476.8,0,0,17.687,28.838,19.812,52,Burdekin,AyrDPI,Mulg,1957,Furrow,BareFallow,35,Surf1,200,200,HighFreq,0,P2R,15AprV1R4,T4,7961.9,7734.512,6526.639,6882.685,32.56,13.332,1.92696061496834,0.102641004751178,1.89861146496815,0.745205,28.794,999
2002,14/09/2002,257,2001,15-Apr,8,sugar,alive,2,396,1999,14/8/2001,105,0,0,318,2002,21,2039,7467.1,6656.47,5943.5,183.015,3741.95,,14344.559,5737.824,55.115,22.249,77.019,77.019,1.519,8734.673,8736.192,130953.58,0.666,41,8200,810.4,989.197,6156.874,295.239,1495.67,343.937,1839.608,47.188,8721.323,1.437,8722.761,130757.504,200,235.729,314.943,40.277,0.812,20.776,7.531,7115.938,371.106,0.959,4579,16.8,1831.6,0,0,18.187,30.127,20.983,206,Burdekin,AyrDPI,Mulg,1957,Furrow,BareFallow,35,Surf1,200,200,HighFreq,0,P2R,15AprV1R4,T4,9010.4,8495.239,7146.071,7490.008,61.865,21.588,2.15432432212914,0.0994858687285552,2.11578034682081,0.915075,37.42,999
2003,14/10/2003,287,2002,15-Apr,8,sugar,alive,3,395,1999,14/9/2002,105,0,0,318,2003,21,2039,6755.88,5979.38,5377.81,164.922,3253.83,,16842.689,6737.076,64.798,21.367,101.74,101.74,1.437,8721.323,8722.761,130757.504,0.662,41,8200,462,996.495,6040.866,185.833,1308.243,336.627,1644.87,45.682,8723.855,1.967,8725.822,130837.979,200,232.412,301.505,32.002,0.448,17.885,5.985,7078.516,373.156,0.958,4539.2,16.6,1815.7,0,0,18.19,29.917,21.248,51,Burdekin,AyrDPI,Mulg,1957,Furrow,BareFallow,35,Surf1,200,200,HighFreq,0,P2R,15AprV1R4,T4,8662,8385.833,7037.361,7373.988,50.335,18.333,1.9666740322637,0.100264458589433,1.90661271676301,0.82461,32.538,999
2004,13/11/2004,318,2003,15-Apr,8,sugar,alive,4,396,1999,14/10/2003,105,0,0,318,2004,21,2039,7812.84,6983,6257.84,193.526,3967.65,,15571.917,6228.766,59.861,22.317,81.508,81.508,1.967,8723.855,8725.822,130837.979,0.659,40,8000,725.2,651.702,6325.832,280.304,1444.94,315.62,1760.56,42.064,8712.688,1.628,8714.317,130658.884,200,238.443,310.967,31.725,0.336,26.881,5.923,7220.287,375.235,0.965,4779.3,17.5,1911.7,0,0,18.512,29.868,20.87,173.2,Burdekin,AyrDPI,Mulg,1957,Furrow,BareFallow,35,Surf1,200,200,HighFreq,0,P2R,15AprV1R4,T4,8725.2,8280.304,6977.534,7293.154,58.942,27.217,2.33718472172036,0.10992297905212,2.29024852071006,0.96763,39.677,999
2005,15/04/2005,105,0,15-Apr,8,none,out,-1,0,1999,0.000,105,0,0,318,-1,21,2039,0,0,0,0,0,,17279.815,6911.925,68.891,0,68.615,68.615,1.628,8712.688,8714.317,130658.884,0.656,0,0,632.4,8.064,400.669,230.08,0,164.054,164.054,18.802,8808.529,5.926,8814.456,133643.495,0,0,6.412,0.079,0.011,0.091,0.016,3916.711,376.057,0.001,0.9,0,0.4,0,0,22.275,32.232,22.042,143.4,Burdekin,AyrDPI,Mulg,1957,Furrow,BareFallow,35,Surf1,200,200,HighFreq,0,P2R,15AprV1R4,T4,632.4,230.08,408.733,572.787,0.181,0.102,0,0,0,,0,999
2006,15/07/2006,196,2005,15-Apr,9,sugar,alive,0,456,2005,15/4/2005,105,0,0,318,2006,21,2039,9424.95,8437.07,7547.62,233.931,4427.48,,0,0,0,20.379,128.229,128.229,5.926,8808.529,8814.456,133643.495,0.658,41,8200,961.7,452.495,6768.283,416.082,1591.144,389.762,1980.906,133.852,8660.503,1.938,8662.441,129606.825,200,325.748,392.81,29.778,1.987,37.896,5.864,7729.103,378.522,0.985,6022.5,22.1,2409,0,0,18.53,29.09,18.768,178.4,Burdekin,AyrDPI,Mulg,1957,Furrow,BareFallow,35,Surf1,200,200,HighFreq,0,P2R,15AprV1R4,T4,9161.7,8616.082,7220.778,7610.54,69.661,39.883,2.71505076205171,0.118092933233581,2.70440462427746,1.169655,44.275,999
2007,15/08/2007,227,2006,15-Apr,9,sugar,alive,1,396,2005,15/7/2006,105,0,0,318,2007,21,2039,5885.87,5263.86,4679.14,144.374,2568.77,,21076.466,8430.588,82.453,18.985,88.245,88.245,1.938,8660.503,8662.441,129606.825,0.65,36,7200,967.8,585.793,6114.188,392.075,1074.897,374.975,1449.872,89.125,8668.426,1.14,8669.566,130003.214,200,225.328,285.448,17.718,0.286,29.368,3.535,6595.154,380.697,0.899,3281.4,12,1312.5,0,0,17.271,28.395,19.639,130.2,Burdekin,AyrDPI,Mulg,1957,Furrow,BareFallow,35,Surf1,200,200,HighFreq,0,P2R,15AprV1R4,T4,8167.8,7592.075,6699.981,7074.956,47.372,29.654,1.90164085576078,0.0995770661134224,1.88724183006536,0.72187,25.688,999
2008,14/09/2008,258,2007,15-Apr,9,sugar,alive,2,396,2005,15/8/2007,105,0,0,318,2008,21,2039,6798.73,6100.54,5381.85,166.16,3148.11,,13046.386,5218.555,50.206,20.404,106.192,106.192,1.14,8668.426,8669.566,130003.214,0.652,38,7600,1334.1,1021.613,6356.64,468.936,1214.861,344.329,1559.189,61.29,8672.969,1.269,8674.239,130055.76,200,214.798,289.78,36.092,0.38,23.172,6.819,6443.304,382.903,0.939,3994,14.6,1597.6,0,0,17.841,28.663,19.218,108.2,Burdekin,AyrDPI,Mulg,1957,Furrow,BareFallow,35,Surf1,200,200,HighFreq,0,P2R,15AprV1R4,T4,8934.1,8068.936,7378.253,7722.582,59.644,23.552,2.05925539625051,0.106568222325837,2.06409937888199,0.8308,31.481,999
2009,14/10/2009,287,2008,15-Apr,9,sugar,alive,3,395,2005,14/9/2008,105,0,0,318,2009,21,2039,6720.79,5978.68,5278.89,162.3,3135.82,,15438.378,6175.351,60.179,20.865,102.849,102.849,1.269,8672.969,8674.239,130055.76,0.65,35,7000,1789.1,980.672,6308.588,446.729,1219.266,319.372,1538.638,52.975,8672.351,1.7,8674.052,129966.953,200,225.911,297.081,35.559,0.43,18.846,6.613,6808.461,385.15,0.945,4134.5,15.1,1653.8,0,0,18.502,29.563,19.422,197.2,Burdekin,AyrDPI,Mulg,1957,Furrow,BareFallow,35,Surf1,200,200,HighFreq,0,P2R,15AprV1R4,T4,8789.1,7446.729,7289.26,7608.632,54.835,19.276,2.17948041348087,0.105482901111243,2.17852348993289,0.8115,31.358,999
2010,27/11/2010,331,2009,15-Apr,9,sugar,alive,4,409,2005,14/10/2009,105,0,13,318,2010,14,2039,7214.82,6383.47,5669.61,173.921,3309.29,,15770.467,6308.188,62.169,20.504,64.051,64.051,1.7,8672.351,8674.052,129966.953,0.647,39,7800,1502.3,944.797,6708.959,606.741,1198.54,305.405,1503.945,45.461,8664.952,1.773,8666.725,129849.69,200,233.237,309.986,39.859,0.852,18.785,7.373,7190.294,387.51,0.952,4345.5,15.9,1738.2,0,0,19.486,29.17,18.173,135.2,Burdekin,AyrDPI,Mulg,1957,Furrow,BareFallow,35,Surf1,200,200,HighFreq,0,P2R,15AprV1R4,T4,9302.3,8406.741,7653.756,7959.161,59.496,19.637,2.06882786087974,0.11564319173906,2.10813333333333,0.869605,33.093,999
2011,15/04/2011,105,0,15-Apr,9,none,out,-1,0,2005,0.000,105,0,13,331,-1,14,2052,0,0,0,0,0,,16827.944,6731.177,64.379,0,208.651,208.651,1.773,8664.952,8666.725,129849.69,0.645,0,0,1001.9,222.104,433.965,450.841,0,368.58,368.58,19.305,8756.014,6.018,8762.031,132740.988,0,0,13.52,1.206,0.176,0.494,0.084,3628.421,388.328,0,0.3,0,0.1,0,0,22.909,30.777,17.896,75.6,Burdekin,AyrDPI,Mulg,1957,Furrow,BareFallow,35,Surf1,200,200,HighFreq,0,P2R,15AprV1R4,T4,1001.9,450.841,656.069,1024.649,1.876,0.67,0,0,0,,0,999
2012,21/07/2012,203,2011,15-Apr,10,sugar,alive,0,463,2011,15/4/2011,105,0,7,318,2012,14,2039,9286.73,8341.1,7528.92,233.665,4151.53,,0,0,0,18.953,185.903,185.903,6.018,8756.014,8762.031,132740.988,0.647,40,8000,1178.8,539.23,6675.517,604.554,1592.848,383.533,1976.381,141.852,8621.313,1.842,8623.155,129054.517,200,314.071,373.426,26.873,1.08,40.887,5.323,7420.164,391.061,0.987,6175.8,22.6,2470.3,0,0,17.116,28.352,18.479,197.4,Burdekin,AyrDPI,Mulg,1957,Furrow,BareFallow,35,Surf1,200,200,HighFreq,0,P2R,15AprV1R4,T4,9178.8,8604.554,7214.747,7598.28,68.84,41.967,2.71559688044261,0.118228722093564,2.76526627218935,1.168325,41.515,999
2013,21/08/2013,233,2012,15-Apr,10,sugar,alive,1,396,2011,21/7/2012,105,0,7,325,2013,14,2046,5994.61,5314.37,4767.84,146.45,2598.81,,20190.798,8076.318,79.459,18.927,173.574,173.574,1.842,8621.313,8623.155,129054.517,0.638,40,8000,535.4,569.711,6579.735,251.892,1088.919,371.919,1460.838,89.204,8625.913,1.26,8627.173,129332.079,200,230.731,289.501,13.436,0.411,30.361,2.689,6675.52,393.439,0.916,3536.2,13,1414.5,0,0,17.687,28.853,19.998,178.6,Burdekin,AyrDPI,Mulg,1957,Furrow,BareFallow,35,Surf1,200,200,HighFreq,0,P2R,15AprV1R4,T4,8535.4,8251.892,7149.446,7521.365,44.208,30.772,1.77474450707789,0.100250678035484,1.73313609467456,0.73225,25.988,999
2014,21/09/2014,264,2013,15-Apr,10,sugar,alive,2,396,2011,21/8/2013,105,0,7,325,2014,14,2046,7030.64,6287.99,5585.8,172.277,3356.38,,13433.241,5373.296,51.005,21.063,98.691,98.691,1.26,8625.913,8627.173,129332.079,0.64,40,8000,729,882.252,6290.599,382.703,1246.688,326.6,1573.287,55.305,8624.545,1.254,8625.799,129354.362,200,220.071,295.765,38.246,0.578,21.522,7.179,6465.452,395.854,0.957,4503.5,16.5,1801.4,0,0,17.964,29.112,19.977,86.2,Burdekin,AyrDPI,Mulg,1957,Furrow,BareFallow,35,Surf1,200,200,HighFreq,0,P2R,15AprV1R4,T4,8729,8382.703,7172.851,7499.451,60.346,22.1,2.05514856007662,0.109501317941355,2.03878106508876,0.861385,33.564,999
2015,21/10/2015,294,2014,15-Apr,10,sugar,alive,3,395,2011,21/9/2014,105,0,7,325,2015,14,2046,7269.15,6461.5,5790.32,178.024,3652.91,,16109.044,6443.618,62.368,22.339,81.553,81.553,1.254,8624.545,8625.799,129354.362,0.638,43,8600,380.2,784.37,6440.801,176.087,1418.047,327.198,1745.245,49.773,8618.937,1.627,8620.564,129252.748,200,239.923,307.927,30.735,0.408,18.411,5.773,7156.858,398.306,0.963,4698.7,17.2,1879.5,0,0,18.451,30.095,20.857,83.4,Burdekin,AyrDPI,Mulg,1957,Furrow,BareFallow,35,Surf1,200,200,HighFreq,0,P2R,15AprV1R4,T4,8980.2,8776.087,7225.171,7552.369,49.554,18.819,2.02851225153078,0.102005162598947,1.96711602209945,0.89012,36.529,999
2016,20/11/2016,325,2015,15-Apr,10,sugar,alive,4,396,2011,21/10/2015,105,0,7,325,2016,14,2046,7283.93,6459.79,5716.37,175.628,3407.59,,16563.95,6625.58,62.939,20.965,91.338,91.338,1.627,8618.937,8620.564,129252.748,0.635,41,8200,596.6,722.91,6429.668,387.574,1339.366,312.29,1651.656,47.946,8615.806,2.179,8617.984,129150.624,200,234.911,309.007,34.749,0.496,18.671,6.445,7290.967,400.79,0.955,4416.3,16.2,1766.5,0,0,19.739,30.3,19.206,43.6,Burdekin,AyrDPI,Mulg,1957,Furrow,BareFallow,35,Surf1,200,200,HighFreq,0,P2R,15AprV1R4,T4,8796.6,8587.574,7152.578,7464.868,53.916,19.167,2.04514103750372,0.106334490959377,2.03038150289017,0.87814,34.076,999
2017,15/04/2017,105,0,15-Apr,10,none,out,-1,0,2011,0.000,105,0,7,325,-1,14,2046,0,0,0,0,0,,17078.088,6831.234,65.327,0,83.704,83.704,2.179,8615.806,8617.984,129150.624,0.633,0,0,617.6,2.248,280.443,337.146,0,257.322,257.322,13.26,8713.995,4.933,8718.928,131959.567,0,0,7.388,0.287,0.003,0.358,0.027,3924.833,401.725,0,0.5,0,0.2,0,0,22.783,32.223,19.61,106.2,Burdekin,AyrDPI,Mulg,1957,Furrow,BareFallow,35,Surf1,200,200,HighFreq,0,P2R,15AprV1R4,T4,617.6,337.146,282.691,540.013,0.648,0.361,0,0,0,,0,999
2018,15/07/2018,196,2017,15-Apr,11,sugar,alive,0,456,2017,15/4/2017,105,0,0,318,2018,21,2039,8751.72,7814.63,6939.38,214.579,3961.64,,0,0,0,19.809,161.291,161.291,4.933,8713.995,8718.928,131959.567,0.635,42,8400,863.5,461.144,6959.317,409.759,1571.945,357.523,1929.468,127.419,8565.507,1.971,8567.478,128149.738,200,310.73,385.622,31.808,2.313,47.023,6.164,7242.805,404.661,0.983,5799.5,21.2,2319.8,0,0,17.714,29.216,17.024,130.4,Burdekin,AyrDPI,Mulg,1957,Furrow,BareFallow,35,Surf1,200,200,HighFreq,0,P2R,15AprV1R4,T4,9263.5,8809.759,7420.461,7777.984,81.144,49.336,2.4356965951055,0.111211484201863,2.42462146892655,1.072895,39.616,999
2019,15/08/2019,227,2018,15-Apr,11,sugar,alive,1,396,2017,15/7/2018,105,0,0,318,2019,21,2039,6210.06,5520.75,4854.44,148.907,2554.7,,20334.461,8133.786,82.249,18.202,74.861,74.861,1.971,8565.507,8567.478,128149.738,0.628,35,7000,1209.8,694.564,6054.029,384.19,1126.283,320.708,1446.991,69.44,8572.316,1.109,8573.425,128502.87,200,234.138,291.918,24.558,0.471,13.006,4.771,6421.081,407.247,0.936,3923.1,14.4,1569.2,0,0,18.203,29.367,17.12,92.8,Burdekin,AyrDPI,Mulg,1957,Furrow,BareFallow,35,Surf1,200,200,HighFreq,0,P2R,15AprV1R4,T4,8209.8,7384.19,6748.593,7069.301,38.035,13.477,2.01656512088665,0.102908034673332,1.99875167785235,0.744535,25.547,999
2020,14/09/2020,258,2019,15-Apr,11,sugar,alive,2,396,2017,15/8/2019,105,0,0,318,2020,21,2039,6576.88,5847.36,5185.76,159.163,2997.28,,14857.354,5942.942,58.234,20.263,89.077,89.077,1.109,8572.316,8573.425,128502.87,0.63,40,8000,1063.1,1108.203,6385.707,343.108,1248.342,330.72,1579.062,57.911,8575.349,1.209,8576.558,128577.842,200,213.928,294.099,41.663,0.6,20.073,7.79,6475.224,409.864,0.952,4343.9,15.9,1737.6,0,0,18.062,29.688,18.83,327.8,Burdekin,AyrDPI,Mulg,1957,Furrow,BareFallow,35,Surf1,200,200,HighFreq,0,P2R,15AprV1R4,T4,9063.1,8343.108,7493.91,7824.63,62.336,20.673,1.90771832271619,0.100795915549864,1.88358579881657,0.795815,29.973,999
2021,14/10/2021,287,2020,15-Apr,11,sugar,alive,3,395,2017,14/9/2020,105,0,0,318,2021,21,2039,6426.02,5700.35,4963.42,152.012,2857.74,,15516.82,6206.728,60.143,20.223,79.205,79.205,1.209,8575.349,8576.558,128577.842,0.628,39,7800,1075.7,1039.174,6428.251,305.206,1110.057,297.573,1407.63,44.544,8576.785,1.459,8578.244,128567.094,200,216.334,294.533,40.523,0.837,19.259,7.547,6548.37,412.526,0.947,4189,15.3,1675.6,0,0,19.13,29.427,17.353,132.4,Burdekin,AyrDPI,Mulg,1957,Furrow,BareFallow,35,Surf1,200,200,HighFreq,0,P2R,15AprV1R4,T4,8875.7,8105.206,7467.425,7764.998,60.619,20.096,1.87548595310224,0.107991446615943,1.8425696969697,0.76006,28.577,999
