year,today,day,SowYear,SowDate,cropCycle,currentCrop,sugarStatus,ratoon_no,sugarDAS,sugarPlantYear,sugarPlantDate,sugarPlantingDAY,sugarPlantDelay,sugarHarvDelay,sugarLastHarvDAY,sugarHarvYear,realDelayForKill,totCycle,biomass,green_biomass,cane_wt,canefw,sucrose_wt,residue_wt,burntDM,burntOrgC,burntOrgN,ccs,totalNGCane,totalInitTAW,totalInitPAW,totalInitInorgN,totalInitOrgN,totalInitSoilN,totalInitSoilC,meanInitOC2,irrigNum,totalIrrig,totalRain,totalDrain,totalRunoff,totalEffRain,totalTransp,totalEvap,totalEvapTr,totalSediment,totalSoilOrgN,totalSoilInorgN,totalSoilN,totalSoilC,totalFert,totalNUptake,totalNit,totalDeNit,totalNO3Leach,totalNO3Runoff,totalN2O,totalCO2,CO2,surfaceom_cover,surfaceom_wt,surfaceom_n,surfaceom_c,surfaceom_no3,surfaceom_nh4,meanTMin,meanTMax,meanRadn,maxRain,Region,WStation,Soil,StartYear,IrrigSys,Fallow,DryOff,Fert,FertAmt,IrrigAlloc,IrrigAmt,IrrigFreq,NRunOffModel,Planting,Tillage,totalWater,totalWaterEff,totalWaterLoss,totalWaterLossWithEvap,totalNLoss,totalNPol,GPWUI,CWUE,GPWUI_450,NUE,sucroseTH
1956,14/05/1956,135,0,15-May,0,none,out,-1,0,-1,0.000,135,0,0,348,-1,21,2039,0,0,0,0,0,0,0,0,0,0,0,0,0,0,0,0,0,1.165,0,0,1107.4,437.763,198.2,623.852,0,313.566,313.566,9.348,8922.433,151.162,9073.595,105291.211,0,0,278.857,58.149,80.237,2.007,10.587,2963.416,350,0.005,7.6,0,3,0,0,21.666,29.912,16.328,67.8,Burdekin,AyrDPI,Kala,1956,Furrow,BareFallow,77,Surf1,200,999,110,SWBased_900_60_30_15_60,P2R,15MayV1R4,T2,1107.4,623.852,635.963,949.529,140.393,82.244,0,0,0,,0
1957,14/08/1957,226,1956,15-May,1,sugar,alive,0,457,1956,14/5/1956,135,0,0,348,1957,21,2039,7762.73,6905.79,6057.82,186.179,3004.69,17049.1,0,0,0,16.951,245,195.071,195.071,151.162,8922.433,9073.595,105291.211,1.131,15,1650,1015,609.362,487.474,634.091,1342.031,352.238,1694.269,11.266,8580.055,8.474,8588.529,102804.359,200,474.446,599.776,80.645,165.322,7.958,15.646,6288.445,350,0.954,4396,16.1,1758.4,0,0,16.566,27.821,18.379,77.7,Burdekin,AyrDPI,Kala,1956,Furrow,BareFallow,77,Surf1,200,999,110,SWBased_900_60_30_15_60,P2R,15MayV1R4,T2,2665,2284.091,1096.836,1449.074,253.925,173.28,8.15112007358726,0.10988750900831,8.86566666666667,0.930895,30.047
1958,14/09/1958,257,1957,15-May,1,sugar,alive,1,396,1956,14/8/1957,135,0,0,348,1958,21,2039,6228.87,5387.19,4860.49,146.342,2265.38,13683.8,18228.323,7291.33,102.636,16.14,152.2,68.966,4.926,8.474,8580.055,8588.529,102804.359,1.093,13,1430,1018.3,521.611,530.056,490.015,1148.836,261.205,1410.041,3.976,8500.757,7.5,8508.257,102125.708,200,336.663,403.268,18.258,11.669,3.327,3.924,7377.946,350,0.964,4759.2,17.5,1903.7,0,0,17.747,29.273,19.931,136.1,Burdekin,AyrDPI,Kala,1956,Furrow,BareFallow,77,Surf1,200,999,110,SWBased_900_60_30_15_60,P2R,15MayV1R4,T2,2448.3,1920.015,1051.667,1312.872,33.254,14.996,7.62191962041963,0.103785634602114,7.78414893617021,0.73171,22.654
1959,14/10/1959,287,1958,15-May,1,sugar,alive,2,395,1956,14/9/1958,135,0,0,348,1959,21,2039,6278.55,5454.6,4894.68,147.96,2338.11,13838.7,15676.554,6270.622,95.343,16.537,139.1,55.558,0,7.5,8500.757,8508.257,102125.708,1.082,11,1210,867.2,413.643,346.439,558.291,1074.723,254.374,1329.097,3.58,8430.659,6.936,8437.595,101302.929,200,322.453,384.346,20.548,13.749,2.395,4.285,7333.231,350,0.969,4983.1,18.3,1993.2,0,0,17.014,28.534,19.945,162.8,Burdekin,AyrDPI,Kala,1956,Furrow,BareFallow,77,Surf1,200,999,110,SWBased_900_60_30_15_60,P2R,15MayV1R4,T2,2077.2,1768.291,760.082,1014.456,36.692,16.144,8.36740106690584,0.111323703236107,8.91325301204819,0.7398,23.381
1960,13/11/1960,318,1959,15-May,1,sugar,alive,3,396,1956,14/10/1959,135,0,0,348,1960,21,2039,6742.11,5922.05,5299.63,162.02,2653.86,14424.7,15998.478,6399.392,96.404,17.247,140.8,43.579,0,6.936,8430.659,8437.595,101302.929,1.071,11,1210,1117,452.575,519.332,572.902,1079.832,266.945,1346.776,8.346,8352.341,7.67,8360.01,100336.104,200,320.732,393.085,26.796,15.796,3.005,5.4,7520.079,350,0.959,4559.3,16.8,1823.7,0,0,18.319,28.776,20.444,210.1,Burdekin,AyrDPI,Kala,1956,Furrow,BareFallow,77,Surf1,200,999,110,SWBased_900_60_30_15_60,P2R,15MayV1R4,T2,2327,1782.902,971.907,1238.852,45.597,18.801,9.08743161430073,0.120302114085787,9.76024096385542,0.8101,26.539
1961,13/12/1961,347,1960,15-May,1,sugar,alive,4,395,1956,13/11/1960,135,0,0,348,1961,21,2039,6982.69,6106.95,5463.11,167.659,3125.68,15195.8,16136.402,6454.562,92.79,20.031,134.9,51.895,0,7.67,8352.341,8360.01,100336.104,1.06,16,1760,562.3,398.118,317.31,345.192,1306.06,283.958,1590.017,2.377,8267.773,6.091,8273.863,99260.532,200,309.769,399.375,34.945,29.032,1.571,6.925,7776.519,350,0.923,3671.8,13.5,1468.7,0,0,17.069,29.303,21.213,63.2,Burdekin,AyrDPI,Kala,1956,Furrow,BareFallow,77,Surf1,200,999,110,SWBased_900_60_30_15_60,P2R,15MayV1R4,T2,2322.3,2105.192,715.428,999.386,65.548,30.603,7.96407168562297,0.105444784552618,7.58638009049774,0.838295,31.257
1962,15/05/1962,135,0,15-May,1,none,out,-1,0,1956,0.000,135,0,0,348,-1,21,2039,0,0,0,0,0,0,16037.473,6414.99,88.035,0,0,68.75,4.71,6.091,8267.773,8273.863,99260.532,1.049,0,0,808.2,347.507,135.837,408.764,0,223.684,223.684,0.352,8333.297,48.379,8381.676,100504.551,0,0,62.51,1.24,1.346,0.062,0.183,4763.208,350,0.456,869.1,4.8,347.6,0,0,20.644,30.729,20.129,102.1,Burdekin,AyrDPI,Kala,1956,Furrow,BareFallow,77,Surf1,200,999,110,SWBased_900_60_30_15_60,P2R,15MayV1R4,T2,808.2,408.764,483.344,707.028,2.648,1.408,0,0,0,,0
1963,15/08/1963,227,1962,15-May,2,sugar,alive,0,457,1962,15/5/1962,135,0,0,348,1963,21,2039,7171.91,6270.91,5693.31,172.931,2893.78,14785.9,0,0,0,17.682,221.7,169.921,169.921,48.379,8333.297,8381.676,100504.551,1.046,14,1540,1207.6,728.791,449.722,681.105,1319.584,311.968,1631.552,3.921,8109.384,6.047,8115.431,97210.615,200,436.186,483.133,28.739,40.823,6.651,5.985,7258.439,350,0.979,5503.9,20.2,2201.5,0,0,16.691,28.627,18.422,91.9,Burdekin,AyrDPI,Kala,1956,Furrow,BareFallow,77,Surf1,200,999,110,SWBased_900_60_30_15_60,P2R,15MayV1R4,T2,2747.6,2221.105,1178.513,1490.481,76.213,47.474,7.78580931563344,0.105991718314832,8.69,0.864655,28.938
1964,14/09/1964,258,1963,15-May,2,sugar,alive,1,396,1962,15/8/1963,135,0,0,348,1964,21,2039,6600.28,5757.54,5132.04,155.496,2499.65,14682.3,17246.308,6898.526,98.898,16.873,144.1,107.457,43.417,6.047,8109.384,8115.431,97210.615,1.029,14,1540,554.3,270.462,356.013,449.681,1263.798,253.876,1517.674,1.937,8036.603,4.722,8041.325,96511.034,200,321.113,379.751,15.687,16.746,6.707,3.429,7174.792,350,0.958,4545.1,16.7,1818,0,0,17.311,29.447,19.772,92.7,Burdekin,AyrDPI,Kala,1956,Furrow,BareFallow,77,Surf1,200,999,110,SWBased_900_60_30_15_60,P2R,15MayV1R4,T2,2094.3,1989.681,626.475,880.351,39.14,23.453,7.81512212259151,0.102456785844654,7.81386934673367,0.77748,24.997
1965,14/10/1965,287,1964,15-May,2,sugar,alive,2,395,1962,14/9/1964,135,0,0,348,1965,21,2039,6471.58,5726.36,5063.41,155.342,2597.54,14081.7,16343.316,6537.327,89.999,17.667,140.4,57.608,0,4.722,8036.603,8041.325,96511.034,1.022,14,1540,829.9,491.46,411.443,428.117,1186.397,285.994,1472.391,4.168,7966.785,5.024,7971.809,95796.301,200,317.572,376.309,23.878,10.709,1.867,4.894,7112.93,350,0.948,4213.4,15.5,1685.3,0,0,17.479,29.124,19.962,107.4,Burdekin,AyrDPI,Kala,1956,Furrow,BareFallow,77,Surf1,200,999,110,SWBased_900_60_30_15_60,P2R,15MayV1R4,T2,2369.9,1968.117,902.903,1188.897,36.454,12.576,7.89292506492246,0.105503225705672,7.80613065326633,0.77671,25.975
1966,14/11/1966,318,1965,15-May,2,sugar,alive,3,396,1962,14/10/1965,135,0,0,348,1966,21,2039,6411.68,5600.97,4974.85,151.546,2574.77,14368.3,15550.818,6220.327,88.162,17.998,134.1,52.213,0,5.024,7966.785,7971.809,95796.301,1.012,14,1540,438.9,268.129,293.805,341.488,1116.957,271.355,1388.312,2.36,7902.401,5.811,7908.212,94977.879,200,308.702,375.926,25.423,13.587,2.051,5.213,7261.777,350,0.955,4428,16.3,1771.2,0,0,18.164,29.048,19.859,102.9,Burdekin,AyrDPI,Kala,1956,Furrow,BareFallow,77,Surf1,200,999,110,SWBased_900_60_30_15_60,P2R,15MayV1R4,T2,1978.9,1881.488,561.934,833.289,41.061,15.638,8.0545823305809,0.10915846005797,7.61537688442211,0.75773,25.748
1967,14/12/1967,348,1966,15-May,2,sugar,alive,4,395,1962,14/11/1966,135,0,0,348,1967,21,2039,6818.48,5941.69,5273.82,160.829,2821.83,15446.6,15976.849,6390.741,89.267,18.681,132.1,80.867,16.827,5.811,7902.401,7908.212,94977.879,1.002,14,1540,829.3,450.835,472.654,444.108,1178.821,267.161,1445.982,2.186,7841.524,6.4,7847.924,94197.384,200,311.533,371.954,20.81,8.299,8.248,4.31,7495.407,350,0.935,3902.1,14.4,1560.8,0,0,18.397,29.023,20.288,154.9,Burdekin,AyrDPI,Kala,1956,Furrow,BareFallow,77,Surf1,200,999,110,SWBased_900_60_30_15_60,P2R,15MayV1R4,T2,2369.3,1984.108,923.489,1190.65,37.357,16.547,8.10585915686041,0.111224759367682,8.08185929648241,0.804145,28.218
1968,14/05/1968,135,0,15-May,2,none,out,-1,0,1962,0.000,135,0,0,348,-1,21,2039,0,0,0,0,0,0,16446.406,6578.562,91.891,0,0,80.696,16.656,6.4,7841.524,7847.924,94197.384,0.994,0,0,1345,652.094,370.33,410.398,0,214.612,214.612,0.639,7907.668,46.794,7954.462,95321.365,0,0,62.936,1.66,2.114,0.163,0.253,4843.939,350,0.44,828.8,4.6,331.5,0,0,21.878,30.539,19.818,187.9,Burdekin,AyrDPI,Kala,1956,Furrow,BareFallow,77,Surf1,200,999,110,SWBased_900_60_30_15_60,P2R,15MayV1R4,T2,1345,410.398,1022.424,1237.036,3.937,2.277,0,0,0,,0
1969,14/08/1969,226,1968,15-May,3,sugar,alive,0,457,1968,14/5/1968,135,0,0,348,1969,21,2039,7567.98,6660.67,5932.33,181.317,3144.37,16356.5,0,0,0,18.43,222.2,188.66,188.66,46.794,7907.668,7954.462,95321.365,0.992,19,2090,245.1,330.909,405.679,219.538,1423.783,301.836,1725.619,4.446,7694.081,5.648,7699.729,92262.706,200,439.292,471.854,25.088,29.473,7.066,5.328,7017.814,350,0.969,4945.7,18.2,1978.3,0,0,16.71,28.613,19.326,46.5,Burdekin,AyrDPI,Kala,1956,Furrow,BareFallow,77,Surf1,200,999,110,SWBased_900_60_30_15_60,P2R,15MayV1R4,T2,2335.1,2309.538,736.588,1038.424,61.627,36.539,7.85079093740826,0.105073599676406,7.13846456692913,0.906585,31.444
1970,14/09/1970,257,1969,15-May,3,sugar,alive,1,396,1968,14/8/1969,135,0,0,348,1970,21,2039,7030.99,6203.66,5396.9,164.367,2857.1,16340.9,18106.812,7242.725,100.65,18.48,129.9,61.554,0,5.648,7694.081,7699.729,92262.706,0.976,16,1760,670.4,429.381,415.728,411.051,1309.443,268.737,1578.18,2.268,7642.693,3.023,7645.716,91875.876,200,305.527,369.902,17.585,18.009,2.053,3.762,7203.908,350,0.954,4385.8,16.1,1754.3,0,0,17.523,29.383,20.581,133.6,Burdekin,AyrDPI,Kala,1956,Furrow,BareFallow,77,Surf1,200,999,110,SWBased_900_60_30_15_60,P2R,15MayV1R4,T2,2430.4,2171.051,845.109,1113.846,37.647,20.062,7.57084932597161,0.104149716762346,7.43742081447964,0.821835,28.571
1971,14/10/1971,287,1970,15-May,3,sugar,alive,2,395,1968,14/9/1970,135,0,0,348,1971,21,2039,7150.58,6380.73,5525.66,169.884,2849.24,16249.2,17617.628,7047.051,88.091,17.729,122.1,68.665,4.625,3.023,7642.693,7645.716,91875.876,0.972,9,990,1222.9,310.956,390.301,874.707,1257.066,258.934,1516,3.237,7603.266,2.933,7606.199,91531.065,200,307.45,358.024,17.435,2.872,1.853,3.68,7464.889,350,0.94,4019.5,14.8,1607.8,0,0,17.746,28.818,19.76,220,Burdekin,AyrDPI,Kala,1956,Furrow,BareFallow,77,Surf1,200,999,110,SWBased_900_60_30_15_60,P2R,15MayV1R4,T2,2212.9,1864.707,701.257,960.191,22.16,4.725,9.1104929621651,0.112060686015831,11.7975,0.84942,28.492
1972,13/11/1972,318,1971,15-May,3,sugar,alive,3,396,1968,14/10/1971,135,0,0,348,1972,21,2039,6527.19,5797.39,5112.85,157.24,2819.17,14143.4,17228.436,6891.375,89.322,19.153,98.9,64.308,0.268,2.933,7603.266,7606.199,91531.065,0.965,13,1430,1329.1,735.964,586.287,455.417,1181.41,272.029,1453.439,2.448,7559.561,5.017,7564.578,91007.239,200,258.181,358.107,17.227,53.663,2.136,3.639,7447.562,350,0.939,4003,14.7,1601.2,0,0,16.944,28.986,20.231,206.2,Burdekin,AyrDPI,Kala,1956,Furrow,BareFallow,77,Surf1,200,999,110,SWBased_900_60_30_15_60,P2R,15MayV1R4,T2,2759.1,1885.417,1322.251,1594.28,73.026,55.799,8.33979963053266,0.10818479482111,8.36382978723404,0.7862,28.192
1973,17/12/1973,351,1972,15-May,3,sugar,alive,4,399,1968,13/11/1972,135,0,4,348,1973,17,2039,7584.73,6710.03,5772.98,177.309,3126.84,18117.5,15424.426,6169.772,76.802,18.791,116.6,47.717,0,5.017,7559.561,7564.578,91007.239,0.958,10,1100,1345,522.358,324.465,852.261,1252.098,253.074,1505.172,1.14,7497.371,2.189,7499.561,90175.008,200,288.56,380.736,23.407,41.376,1.371,4.827,7936.169,350,0.912,3465.7,12.7,1386.3,0,0,19.048,29.204,19.415,108.5,Burdekin,AyrDPI,Kala,1956,Furrow,BareFallow,77,Surf1,200,999,110,SWBased_900_60_30_15_60,P2R,15MayV1R4,T2,2445,1952.261,846.823,1099.897,66.154,42.747,9.08223849167709,0.117799826199265,11.4392903225806,0.886545,31.268
1974,15/05/1974,135,0,15-May,3,none,out,-1,0,1968,0.000,135,0,4,352,-1,17,2043,0,0,0,0,0,0,18345.707,7338.283,80.507,0,0,140.722,76.682,2.189,7497.371,7499.561,90175.008,0.95,0,0,1650.1,1077.061,318.918,438.443,0,214.946,214.946,0.335,7583.354,17.906,7601.26,92367.55,0,0,32.326,0.583,3.102,0.108,0.091,4217.24,350,0.612,1353,5.9,541.2,0,0,21.576,29.697,16.568,152.9,Burdekin,AyrDPI,Kala,1956,Furrow,BareFallow,77,Surf1,200,999,110,SWBased_900_60_30_15_60,P2R,15MayV1R4,T2,1650.1,438.443,1395.979,1610.925,3.793,3.21,0,0,0,,0
1975,15/08/1975,227,1974,15-May,4,sugar,alive,0,457,1974,15/5/1974,135,0,0,348,1975,21,2039,8191.91,7237.16,6447.75,197.493,3242.16,17441.6,0,0,0,17.292,193.6,179.897,179.897,17.906,7583.354,7601.26,92367.55,0.95,16,1760,755,494.392,416.282,542.108,1396.859,308.535,1705.394,3.403,7404.124,5.148,7409.272,88923.44,200,401.541,441.657,18.073,15.154,6.396,3.957,7758.509,350,0.979,5517.4,20.2,2207,0,0,16.791,28.163,19.218,65,Burdekin,AyrDPI,Kala,1956,Furrow,BareFallow,77,Surf1,200,999,110,SWBased_900_60_30_15_60,P2R,15MayV1R4,T2,2515,2302.108,910.674,1219.209,39.623,21.55,8.57878952681629,0.115804910771353,8.93633484162896,0.987465,32.422
1976,14/09/1976,258,1975,15-May,4,sugar,alive,1,396,1974,15/8/1975,135,0,0,348,1976,21,2039,6446.86,5666.82,5039.32,154.061,2621.47,14075.4,19515.173,7806.071,101.533,18.029,107.2,78.829,14.789,5.148,7404.124,7409.272,88923.44,0.937,8,880,1963.5,928.896,612.22,805.385,1061.927,267.608,1329.535,4.496,7368.264,3.937,7372.201,88673.414,200,266.824,343.811,16.257,31.398,6.719,3.482,6871.884,350,0.943,4091.3,15,1636.5,0,0,17.532,28.198,19.227,179.8,Burdekin,AyrDPI,Kala,1956,Furrow,BareFallow,77,Surf1,200,999,110,SWBased_900_60_30_15_60,P2R,15MayV1R4,T2,2843.5,1685.385,1541.116,1808.724,54.374,38.117,9.14099745755421,0.115875851331481,11.5835338345865,0.770305,26.215
1977,14/10/1977,287,1976,15-May,4,sugar,alive,2,395,1974,14/9/1976,135,0,0,348,1977,21,2039,6560.8,5805.75,5141.03,157.298,2489.09,14197.7,15441.643,6176.657,73.245,16.564,114.4,51.679,0,3.937,7368.264,7372.201,88673.414,0.935,11,1210,1378.2,610.757,628.591,599.652,1073.959,271.894,1345.853,5.254,7325.993,3.753,7329.746,88235.993,200,289.618,351.41,19.519,14.313,2.197,4.072,7045.167,350,0.954,4384.4,16.1,1753.8,0,0,17.938,28.404,19.747,170.6,Burdekin,AyrDPI,Kala,1956,Furrow,BareFallow,77,Surf1,200,999,110,SWBased_900_60_30_15_60,P2R,15MayV1R4,T2,2588.2,1809.652,1239.348,1511.242,36.029,16.51,8.6921684390148,0.116876062987563,9.47578313253012,0.78649,24.891
1978,14/11/1978,318,1977,15-May,4,sugar,alive,3,396,1974,14/10/1977,135,0,0,348,1978,21,2039,7573.71,6753.42,5889.98,181.409,3137.71,16837.3,15794.807,6317.922,84.116,18.374,120.6,54.679,0,3.753,7325.993,7329.746,88235.993,0.929,12,1320,1000.1,357.666,427.376,649.696,1236.23,265.649,1501.878,2.966,7285.058,3.402,7288.46,87763.677,200,300.301,358.837,19.572,8.849,2.077,4.088,7413.543,350,0.954,4385.3,16.1,1754.1,0,0,18.195,28.503,20.521,150.6,Burdekin,AyrDPI,Kala,1956,Furrow,BareFallow,77,Surf1,200,999,110,SWBased_900_60_30_15_60,P2R,15MayV1R4,T2,2320.1,1969.696,785.042,1050.691,30.498,10.926,9.20999991876919,0.12078810662384,10.2490960451977,0.907045,31.377
1979,14/12/1979,348,1978,15-May,4,sugar,alive,4,395,1974,14/11/1978,135,0,0,348,1979,21,2039,6342.03,5504.18,4981.47,152.272,2780.03,13605.6,18039.27,7215.708,87.859,19.556,86.2,87.859,23.819,3.402,7285.058,7288.46,87763.677,0.922,12,1320,1458.1,820.63,669.13,439.716,1035.086,282.445,1317.531,1.933,7254.191,5.603,7259.794,87306.264,200,239.368,347.357,28.377,44.287,4.445,5.682,7359.609,350,0.923,3663.9,13.5,1465.6,0,0,18.46,28.741,19.932,350.7,Burdekin,AyrDPI,Kala,1956,Furrow,BareFallow,77,Surf1,200,999,110,SWBased_900_60_30_15_60,P2R,15MayV1R4,T2,2778.1,1759.716,1489.76,1772.205,77.109,48.732,8.65321449597549,0.115573751205854,8.60293785310734,0.76136,27.8
1980,14/05/1980,135,0,15-May,4,none,out,-1,0,1974,0.000,135,0,0,348,-1,21,2039,0,0,0,0,0,0,14679.117,5871.647,73.075,0,0,58.667,0,5.603,7254.191,7259.794,87306.264,0.917,0,0,632.9,255.418,88.183,375.947,0,177.071,177.071,0.169,7321.596,37.113,7358.709,88424.82,0,0,48.871,0.534,1.039,0.038,0.116,4622.674,350,0.491,963.6,4.8,385.4,0,0,21.876,30.996,20.401,86.4,Burdekin,AyrDPI,Kala,1956,Furrow,BareFallow,77,Surf1,200,999,110,SWBased_900_60_30_15_60,P2R,15MayV1R4,T2,632.9,375.947,343.601,520.672,1.611,1.077,0,0,0,,0
1981,14/08/1981,226,1980,15-May,5,sugar,alive,0,457,1980,14/5/1980,135,0,0,348,1981,21,2039,8562.36,7660.63,6777.19,209.046,3295.18,17851.8,0,0,0,16.488,192.9,170.895,170.895,37.113,7321.596,7358.709,88424.82,0.916,15,1650,1229.6,811.648,468.418,648.495,1409.664,291.127,1700.79,3.793,7145.895,3.699,7149.594,85906.622,200,400.931,435.941,19.867,30.756,6.375,4.319,6720.406,350,0.981,5625.2,20.6,2250.1,0,0,17.252,27.809,18.667,104.8,Burdekin,AyrDPI,Kala,1956,Furrow,BareFallow,77,Surf1,200,999,110,SWBased_900_60_30_15_60,P2R,15MayV1R4,T2,2879.6,2298.495,1280.066,1571.193,56.998,37.131,9.09490775485698,0.122911117774681,9.95457142857143,1.04523,32.952
1982,14/09/1982,257,1981,15-May,5,sugar,alive,1,396,1980,14/8/1981,135,0,0,348,1982,21,2039,6822.3,5999.7,5318.75,162.26,2860.56,15035.4,19955.446,7982.179,102.954,18.784,103.5,69.638,5.598,3.699,7145.895,7149.594,85906.622,0.904,15,1650,592.4,441.344,305.75,438.154,1246.861,259.462,1506.322,1.231,7122.112,3.01,7125.122,85795.496,200,274.731,339.387,14.441,19.968,2.288,3.118,7055.219,350,0.958,4515.5,16.6,1806.2,0,0,17.498,29.04,19.771,47.4,Burdekin,AyrDPI,Kala,1956,Furrow,BareFallow,77,Surf1,200,999,110,SWBased_900_60_30_15_60,P2R,15MayV1R4,T2,2242.4,2088.154,747.094,1006.556,36.697,22.256,7.77049968536803,0.107719332254325,7.72666666666667,0.8113,28.606
1983,14/10/1983,287,1982,15-May,5,sugar,alive,2,395,1980,14/9/1982,135,0,0,348,1983,21,2039,6444.17,5607.03,5060.39,153.033,2513.08,13837.9,16618.322,6647.328,78.207,17.299,109,58.622,0,3.01,7122.112,7125.122,85795.496,0.903,13,1430,636.3,399.532,320.28,422.715,1098.481,254.348,1352.829,1.407,7096.992,3.779,7100.771,85526.062,200,286.636,338.365,12.841,9.765,1.845,2.83,7206.468,350,0.973,5139.3,18.9,2055.7,0,0,18.225,28.877,20.095,95.4,Burdekin,AyrDPI,Kala,1956,Furrow,BareFallow,77,Surf1,200,999,110,SWBased_900_60_30_15_60,P2R,15MayV1R4,T2,2066.3,1852.715,719.812,974.16,24.451,11.61,8.25993204567351,0.113120727009844,8.14005319148936,0.765165,25.131
1984,13/11/1984,318,1983,15-May,5,sugar,alive,3,396,1980,14/10/1983,135,0,0,348,1984,21,2039,6804.65,6005.25,5240.48,160.522,2771.69,15641.7,16130.636,6452.254,83.687,18.338,124,52.281,0,3.779,7096.992,7100.771,85526.062,0.899,11,1210,650.1,166.494,236.031,576.993,1152.755,287.973,1440.728,1.749,7058.919,4.581,7063.5,84988.395,200,303.113,351.192,16.914,4.882,1.17,3.597,7465.232,350,0.92,3601.3,13.2,1440.5,0,0,17.932,28.78,19.555,75.6,Burdekin,AyrDPI,Kala,1956,Furrow,BareFallow,77,Surf1,200,999,110,SWBased_900_60_30_15_60,P2R,15MayV1R4,T2,1860.1,1786.993,402.525,690.498,22.966,6.052,8.98279959686468,0.111417283484461,9.67,0.80261,27.717
1985,13/12/1985,347,1984,15-May,5,sugar,alive,4,395,1980,13/11/1984,135,0,0,348,1985,21,2039,7797.18,6977.46,5958.41,184.526,3224.81,18387.6,16356.561,6542.625,87.425,18.596,121.2,69.128,5.088,4.581,7058.919,7063.5,84988.395,0.893,11,1210,994.6,299.007,271.931,834.052,1320.722,267.942,1588.664,1.414,7016.71,1.811,7018.521,84479.217,200,300.088,361.724,23.043,8.935,3.329,4.734,7503.751,350,0.906,3375.9,12.4,1350.4,0,0,18.003,28.875,19.505,117.8,Burdekin,AyrDPI,Kala,1956,Furrow,BareFallow,77,Surf1,200,999,110,SWBased_900_60_30_15_60,P2R,15MayV1R4,T2,2204.6,2044.052,570.938,838.88,35.307,12.264,9.02746114091031,0.116151684686,11.1160240963855,0.92263,32.248
1986,15/05/1986,135,0,15-May,5,none,out,-1,0,1980,0.000,135,0,0,348,-1,21,2039,0,0,0,0,0,0,18499.053,7399.621,88.734,0,0,114.125,50.085,1.811,7016.71,7018.521,84479.217,0.887,0,0,364.4,103.512,14.015,296.841,0,169.71,169.71,0.019,7100.682,23.635,7124.318,86332.733,0,0,40.251,1.704,0.478,0.019,0.342,4699.369,350,0.614,1361.3,6.5,544.5,0,0,21.488,31.323,19.377,46.4,Burdekin,AyrDPI,Kala,1956,Furrow,BareFallow,77,Surf1,200,999,110,SWBased_900_60_30_15_60,P2R,15MayV1R4,T2,364.4,296.841,117.527,287.237,2.201,0.497,0,0,0,,0
1987,15/08/1987,227,1986,15-May,6,sugar,alive,0,457,1986,15/5/1986,135,0,0,348,1987,21,2039,7744.31,6796.76,6126.38,186.889,3448.99,16179.3,0,0,0,19.799,199.9,191.288,191.288,23.635,7100.682,7124.318,86332.733,0.887,16,1760,504.8,263.72,394.559,464.776,1418.345,312.973,1731.318,3.247,6926.996,4.554,6931.55,83188.74,200,405.002,435.185,19.976,9.976,6.773,4.34,7435.205,350,0.976,5318.4,19.5,2127.4,0,0,17.703,28.98,18.471,44,Burdekin,AyrDPI,Kala,1956,Furrow,BareFallow,77,Surf1,200,999,110,SWBased_900_60_30_15_60,P2R,15MayV1R4,T2,2264.8,2224.776,658.279,971.252,36.725,16.749,8.40035131626735,0.107946085005759,8.45651583710407,0.934445,34.49
1988,14/09/1988,258,1987,15-May,6,sugar,alive,1,396,1986,15/8/1987,135,0,0,348,1988,21,2039,6816.05,5971.3,5277.75,160.242,2738.43,15383.1,18273.053,7309.222,97.405,18.12,112.8,66.492,2.452,4.554,6926.996,6931.55,83188.74,0.876,14,1540,972.6,392.736,630.168,473.147,1229.659,262.567,1492.226,4.616,6897.92,2.835,6900.755,83045.447,200,287.872,344.812,13.866,12.304,3.163,3.055,6912.007,350,0.958,4520.1,16.6,1808,0,0,18.304,29.273,19.691,254,Burdekin,AyrDPI,Kala,1956,Furrow,BareFallow,77,Surf1,200,999,110,SWBased_900_60_30_15_60,P2R,15MayV1R4,T2,2512.6,2013.147,1022.904,1285.471,29.333,15.467,7.95977640977037,0.107384538266992,8.05236180904523,0.80121,27.384
1989,14/10/1989,287,1988,15-May,6,sugar,alive,2,395,1986,14/9/1988,135,0,0,348,1989,21,2039,6239.21,5450.89,4876.6,148.003,2388.63,13626.2,16917.662,6767.066,86.261,16.951,101.5,63.961,0,2.835,6897.92,6900.755,83045.447,0.875,8,880,1381.8,557.73,393.943,838.679,1055.912,265.349,1321.26,2.19,6879.445,3.065,6882.51,82915.959,200,272.979,332.295,14.761,13.768,2.09,3.17,6841.395,350,0.961,4620.8,17,1848.3,0,0,17.968,28.729,19.436,134.8,Burdekin,AyrDPI,Kala,1956,Furrow,BareFallow,77,Surf1,200,999,110,SWBased_900_60_30_15_60,P2R,15MayV1R4,T2,2261.8,1718.679,951.673,1217.022,30.619,15.858,8.61143936709531,0.11201655995035,11.128045112782,0.740015,23.886
1990,14/11/1990,318,1989,15-May,6,sugar,alive,3,396,1986,14/10/1989,135,0,0,348,1990,21,2039,6560.19,5815.35,5176.19,159.176,2715.92,13840,15509.894,6203.959,83.122,18.087,109,52.828,0,3.065,6879.445,6882.51,82915.959,0.871,13,1430,1278.8,766.019,523.384,539.468,1158.312,266.368,1424.68,4.996,6849.066,3.538,6852.604,82537.248,200,276.646,336.626,18.577,15.667,2.088,3.884,6730.278,350.967,0.952,4328.6,15.9,1731.5,0,0,17.621,28.801,20.391,103,Burdekin,AyrDPI,Kala,1956,Furrow,BareFallow,77,Surf1,200,999,110,SWBased_900_60_30_15_60,P2R,15MayV1R4,T2,2708.8,1969.468,1289.403,1555.771,36.332,17.755,8.08218259956496,0.111727545834854,8.4668085106383,0.79588,27.159
1991,14/12/1991,348,1990,15-May,6,sugar,alive,4,395,1986,14/11/1990,135,0,0,348,1991,21,2039,5886.38,5228.74,4630.89,143.712,3010.53,12554.9,15443.343,6177.338,84.927,22.867,77.5,47.545,0,3.538,6849.066,6852.604,82537.248,0.866,13,1430,1811.2,1017.887,794.681,522.291,1056.87,312.151,1369.02,2.867,6801.226,3.303,6804.528,81815.908,200,192.386,353.568,18.9,112.715,3.393,3.97,6746.183,352.643,0.83,2529.6,9.3,1011.8,0,0,17.89,29.06,19.578,204.4,Burdekin,AyrDPI,Kala,1956,Furrow,BareFallow,77,Surf1,200,999,110,SWBased_900_60_30_15_60,P2R,15MayV1R4,T2,3241.2,1952.291,1812.568,2124.719,135.008,116.108,7.36119769030334,0.104974361221896,7.64425531914894,0.71856,30.105
1992,16/05/1992,137,0,15-May,6,none,out,-1,0,1986,0.000,137,2,0,350,-1,20,2039,0,0,0,0,0,0,12821.807,5128.722,52.521,0,0,107.156,43.116,3.303,6801.226,6804.528,81815.908,0.859,0,0,434.2,144.888,64.671,288.501,0,136.752,136.752,0.172,6856.581,31.706,6888.288,82902.803,0,0,44.543,1.382,0.67,0.15,0.271,4064.071,353.306,0.55,1142.1,4.7,456.9,0,0,21.536,31.562,21.281,122.8,Burdekin,AyrDPI,Kala,1956,Furrow,BareFallow,77,Surf1,200,999,110,SWBased_900_60_30_15_60,P2R,15MayV1R4,T2,434.2,288.501,209.559,346.311,2.202,0.82,0,0,0,,0
1993,16/08/1993,228,1992,15-May,7,sugar,alive,0,457,1992,16/5/1992,137,2,0,350,1993,19,2039,9047.62,8045.32,7202.35,221.813,3903.71,18452.8,0,0,0,18.747,173.6,195.045,195.045,31.706,6856.581,6888.288,82902.803,0.856,19,2090,553.1,457.005,439.394,418.372,1562.26,315.14,1877.401,3.213,6717.669,3.277,6720.946,80878.007,200,369.773,401.18,16.189,25.121,5.984,3.599,6364.454,355.296,0.987,6194.7,22.7,2477.9,0,0,17.097,28.547,19.492,72,Burdekin,AyrDPI,Kala,1956,Furrow,BareFallow,77,Surf1,200,999,110,SWBased_900_60_30_15_60,P2R,15MayV1R4,T2,2643.1,2508.372,896.399,1211.539,47.294,31.105,8.84290687346215,0.118148972968481,8.73279527559055,1.109065,39.037
1994,16/09/1994,259,1993,15-May,7,sugar,alive,1,396,1992,16/8/1993,137,2,0,350,1994,19,2039,7102.31,6286.46,5630.98,172.832,3166.17,14713.3,20950.345,8380.14,99.226,19.633,96.4,64.346,0.306,3.277,6717.669,6720.946,80878.007,0.848,16,1760,409.4,290.67,325.749,324.282,1265.889,297.815,1563.704,1.907,6721.173,2.299,6723.472,81131.665,200,266.986,313.167,12.145,3.94,1.194,2.698,6928.363,357.057,0.96,4605.7,16.9,1842.3,0,0,17.915,29.044,20.271,46.8,Burdekin,AyrDPI,Kala,1956,Furrow,BareFallow,77,Surf1,200,999,110,SWBased_900_60_30_15_60,P2R,15MayV1R4,T2,2169.4,2084.282,616.419,914.234,17.279,5.134,8.29216008198507,0.110527312074408,7.82045248868778,0.86416,31.662
1995,16/10/1995,289,1994,15-May,7,sugar,alive,2,395,1992,16/9/1994,137,2,0,350,1995,19,2039,8003.58,7158.86,6352.55,196.106,3655.8,16510.3,16421.182,6568.474,71.446,20.03,109.4,53.623,0,2.299,6721.173,6723.472,81131.665,0.85,16,1760,510.2,323.824,319.802,412.818,1348.792,262.583,1611.375,1.216,6706.622,1.979,6708.601,80993.329,200,283.625,336.997,11.76,7.579,2.069,2.621,7530.391,358.852,0.961,4623.7,17,1849.5,0,0,18.877,29.298,20.674,55.2,Burdekin,AyrDPI,Kala,1956,Furrow,BareFallow,77,Surf1,200,999,110,SWBased_900_60_30_15_60,P2R,15MayV1R4,T2,2270.2,2172.818,643.626,906.209,21.408,9.648,9.02542228571376,0.121701031727562,8.87357466063348,0.98053,36.558
1996,15/11/1996,320,1995,15-May,7,sugar,alive,3,396,1992,16/10/1995,137,2,0,350,1996,19,2039,7557.37,6669.32,6060.6,185.936,3534.51,14967.7,17963.919,7185.569,75.471,20.481,103,68.821,4.781,1.979,6706.622,6708.601,80993.329,0.847,17,1870,547.9,383.057,468.701,342.892,1306.722,272.512,1579.234,1.675,6698.841,3.12,6701.96,80924.133,200,279.188,335.896,11.444,4.649,6.687,2.605,7907.127,360.676,0.962,4660.4,17.1,1864.2,0,0,19.521,29.761,20.901,107,Burdekin,AyrDPI,Kala,1956,Furrow,BareFallow,77,Surf1,200,999,110,SWBased_900_60_30_15_60,P2R,15MayV1R4,T2,2417.9,2212.892,851.758,1124.27,22.78,11.336,8.40239830954245,0.117738093278134,8.01448275862069,0.92968,35.345
1997,15/12/1997,349,1996,15-May,7,sugar,alive,4,395,1992,15/11/1996,137,2,0,350,1997,19,2039,7556.35,6549.28,6070.01,185.401,3480.8,14863.3,16683.945,6673.578,75.755,20.193,93.8,55.729,0,3.12,6698.841,6701.96,80924.133,0.844,12,1320,959.5,491.676,429.417,522.18,1097.181,263.484,1360.664,2.874,6692.645,3.783,6696.428,80854.694,200,265.421,322.37,14.662,16.941,1.317,3.12,7437.388,362.538,0.972,5095.9,18.7,2038.3,0,0,19.78,28.657,20.673,116.8,Burdekin,AyrDPI,Kala,1956,Furrow,BareFallow,77,Surf1,200,999,110,SWBased_900_60_30_15_60,P2R,15MayV1R4,T2,2279.5,1842.18,921.093,1184.577,32.92,18.258,10.0642173946086,0.13625773886867,10.4746327683616,0.927005,34.808
1998,15/05/1998,135,0,15-May,7,none,out,-1,0,1992,0.000,135,0,0,350,-1,19,2039,0,0,0,0,0,0,16965.31,6786.125,82.353,0,0,53.471,0,3.783,6692.645,6696.428,80854.694,0.841,0,0,807.6,280.045,198.777,444.515,0,203.346,203.346,0.27,6780.5,20.718,6801.218,82618.887,0,0,36.574,0.695,1.293,0.088,0.118,4768.025,363.264,0.515,1034.7,5,413.9,0,0,23.095,30.846,18.639,189.6,Burdekin,AyrDPI,Kala,1956,Furrow,BareFallow,77,Surf1,200,999,110,SWBased_900_60_30_15_60,P2R,15MayV1R4,T2,807.6,444.515,478.822,682.168,2.076,1.381,0,0,0,,0
1999,15/08/1999,227,1998,15-May,8,sugar,alive,0,457,1998,15/5/1998,135,0,0,348,1999,21,2039,9162.36,8126.38,7288.52,223.74,3855.59,18738.4,0,0,0,18.296,187.7,178.903,178.903,20.718,6780.5,6801.218,82618.887,0.843,12,1320,1234.5,538.682,494.539,845.897,1338.018,293.457,1631.476,5.168,6617.453,3.541,6620.994,79680.814,200,392.818,424.256,15.908,15.727,7.348,3.593,7379.335,365.471,0.989,6433.4,23.6,2573.4,0,0,19.165,28.24,18.322,112,Burdekin,AyrDPI,Kala,1956,Furrow,BareFallow,77,Surf1,200,999,110,SWBased_900_60_30_15_60,P2R,15MayV1R4,T2,2554.5,2165.897,1033.221,1326.678,38.983,23.075,10.3301311188852,0.137139620809623,12.6406779661017,1.1187,38.556
2000,14/09/2000,258,1999,15-May,8,sugar,alive,1,396,1998,15/8/1999,135,0,0,348,2000,21,2039,6883.45,6029.84,5498.94,167.572,2960.1,13845.1,21396.051,8558.421,100.665,18.828,93.7,68.706,4.666,3.541,6617.453,6620.994,79680.814,0.832,10,1100,1493.5,790.528,587.21,589.639,990.178,247.04,1237.218,2.755,6627.66,2.774,6630.434,80007.257,200,259.771,307.716,8.605,8.247,2.336,2.032,6917.427,367.415,0.972,5117.6,18.8,2047,0,0,18.677,28.119,19.581,136,Burdekin,AyrDPI,Kala,1956,Furrow,BareFallow,77,Surf1,200,999,110,SWBased_900_60_30_15_60,P2R,15MayV1R4,T2,2593.5,1689.639,1377.738,1624.778,19.188,10.583,9.91762145641761,0.135442581663054,10.8110967741935,0.83786,29.601
2001,14/10/2001,287,2000,15-May,8,sugar,alive,2,395,1998,14/9/2000,135,0,0,348,2001,21,2039,7034.7,6195.28,5593.57,171.345,3234.62,14411.4,16118.3,6447.32,72.257,20.32,102,47.251,0,2.774,6627.66,6630.434,80007.257,0.836,14,1540,561.9,317.161,300.573,410.64,1202.464,283.125,1485.589,2.209,6607.071,3.169,6610.24,79739.75,200,270.971,334.62,21.29,11.525,1.811,4.34,7164.077,369.4,0.966,4810.1,17.7,1924.1,0,0,17.987,29.181,20.23,52,Burdekin,AyrDPI,Kala,1956,Furrow,BareFallow,77,Surf1,200,999,110,SWBased_900_60_30_15_60,P2R,15MayV1R4,T2,2101.9,1950.64,617.734,900.859,34.626,13.336,8.78404010991264,0.115338091490984,8.61030150753769,0.856725,32.346
2002,14/11/2002,318,2001,15-May,8,sugar,alive,3,396,1998,14/10/2001,135,0,0,348,2002,21,2039,7350.03,6485.51,5843.65,179.071,3352.94,15063.8,16338.274,6535.309,77.283,20.131,110.4,45.827,0,3.169,6607.071,6610.24,79739.75,0.832,17,1870,810.4,398.206,646.246,362.54,1378.579,255.369,1633.947,6.96,6579.856,3.012,6582.868,79444.209,200,291.102,346.579,13.813,8.935,2.675,3,7379.742,371.419,0.973,5154,18.9,2061.6,0,0,18.495,30.339,21.474,206,Burdekin,AyrDPI,Kala,1956,Furrow,BareFallow,77,Surf1,200,999,110,SWBased_900_60_30_15_60,P2R,15MayV1R4,T2,2680.4,2232.54,1044.452,1299.821,25.423,11.61,8.02095371191558,0.109594130042162,7.7185775862069,0.895355,33.529
2003,14/12/2003,348,2002,15-May,8,sugar,alive,4,395,1998,14/11/2002,135,0,0,348,2003,21,2039,7599.82,6613.4,6030.27,184.233,3553.18,15695.5,17185.159,6874.064,85.772,20.822,101.7,47.828,0,3.012,6579.856,6582.868,79444.209,0.828,18,1980,486,438.747,360.528,288.306,1378.232,264.709,1642.941,1.724,6565.029,3.876,6568.906,79186.406,200,273.059,343.859,15.781,16.666,2.158,3.353,7650.522,373.474,0.959,4566.8,16.8,1826.7,0,0,18.803,30.125,21.15,51,Burdekin,AyrDPI,Kala,1956,Furrow,BareFallow,77,Surf1,200,999,110,SWBased_900_60_30_15_60,P2R,15MayV1R4,T2,2466,2268.306,799.275,1063.984,34.605,18.824,8.12205231569286,0.112136102270258,7.58160493827161,0.921165,35.532
2004,14/05/2004,135,0,15-May,8,none,out,-1,0,1998,0.000,135,0,0,348,-1,21,2039,0,0,0,0,0,0,17222.991,6889.197,80.844,0,0,71.612,7.572,3.876,6565.029,6568.906,79186.406,0.826,0,0,670,220.687,160.896,382.603,0,184.514,184.514,0.271,6650.675,20.256,6670.931,81168.804,0,0,36.16,0.7,1.067,0.079,0.151,4388.649,374.274,0.598,1301.7,6.1,520.7,0,0,22.089,31.576,20.056,173.2,Burdekin,AyrDPI,Kala,1956,Furrow,BareFallow,77,Surf1,200,999,110,SWBased_900_60_30_15_60,P2R,15MayV1R4,T2,670,382.603,381.583,566.097,1.846,1.146,0,0,0,,0
2005,14/08/2005,226,2004,15-May,9,sugar,alive,0,457,2004,14/5/2004,135,0,0,348,2005,21,2039,9245.94,8269.36,7315.82,225.411,4035.95,19301.1,0,0,0,19.123,186.6,175.516,175.516,20.256,6650.675,6670.931,81168.804,0.826,21,2310,752.3,547.38,636.052,338.016,1658.916,298.38,1957.297,3.749,6501.448,2.891,6504.339,78272.673,200,387.86,416.821,13.045,14.205,4.588,3.023,7500.652,376.704,0.987,6180.5,22.7,2472.2,0,0,17.349,29.075,19.629,143.4,Burdekin,AyrDPI,Kala,1956,Furrow,BareFallow,77,Surf1,200,999,110,SWBased_900_60_30_15_60,P2R,15MayV1R4,T2,3062.3,2648.016,1183.432,1481.812,31.838,18.793,8.51244856526547,0.115164433399734,8.1670652173913,1.127055,40.359
2006,14/09/2006,257,2005,15-May,9,sugar,alive,1,396,2004,14/8/2005,135,0,0,348,2006,21,2039,6922.13,6094.98,5482.44,167.241,3088.08,14396.9,21659.395,8663.759,97.502,19.812,93.4,97.087,33.047,2.891,6501.448,6504.339,78272.673,0.818,13,1430,922.8,428.707,502,567.077,1203.468,251.312,1454.78,2.214,6506.274,2.346,6508.62,78531.714,200,260.048,320.911,9.732,10.907,5.104,2.258,7274.691,378.849,0.959,4560.9,16.8,1824.4,0,0,18.681,29.288,19.698,178.4,Burdekin,AyrDPI,Kala,1956,Furrow,BareFallow,77,Surf1,200,999,110,SWBased_900_60_30_15_60,P2R,15MayV1R4,T2,2352.8,1997.077,930.707,1182.019,25.743,16.011,8.37428902340771,0.114959650256396,8.89579787234043,0.836205,30.881
2007,14/10/2007,287,2006,15-May,9,sugar,alive,2,395,2004,14/9/2006,135,0,0,348,2007,21,2039,7131.93,6329.07,5667.87,174.095,3109.24,14640.6,16114.181,6445.672,68.256,19.067,101.9,64.4,0.36,2.346,6506.274,6508.62,78531.714,0.821,14,1540,956.9,579.394,454.664,490.782,1210.734,246.48,1457.214,2.87,6502.843,2.88,6505.724,78533.628,200,269.434,322.176,11.21,7.804,2.585,2.515,7213.495,381.029,0.952,4336.7,15.9,1734.7,0,0,17.777,28.657,19.94,130.2,Burdekin,AyrDPI,Kala,1956,Furrow,BareFallow,77,Surf1,200,999,110,SWBased_900_60_30_15_60,P2R,15MayV1R4,T2,2496.9,2030.782,1034.058,1280.538,21.599,10.389,8.5728059437202,0.119471127782193,8.74849246231156,0.870475,31.092
2008,13/11/2008,318,2007,15-May,9,sugar,alive,3,396,2004,14/10/2007,135,0,0,348,2008,21,2039,6907.83,6041.78,5484.18,167.593,3059.23,14236.5,16130.698,6452.28,73.991,19.552,97.5,70.028,5.988,2.88,6502.843,6505.724,78533.628,0.819,11,1210,1306.2,637.26,465.279,641.274,1168.388,261.969,1430.357,4.055,6493.337,3.118,6496.455,78408.558,200,269.6,325.789,12.753,12.029,3.081,2.753,7167.969,383.24,0.96,4614.2,16.9,1845.7,0,0,18.182,29.014,19.643,108.2,Burdekin,AyrDPI,Kala,1956,Furrow,BareFallow,77,Surf1,200,999,110,SWBased_900_60_30_15_60,P2R,15MayV1R4,T2,2516.2,1851.274,1102.539,1364.508,27.863,15.11,9.05284685033118,0.117168650903236,10.0959638554217,0.837965,30.592
2009,13/12/2009,347,2008,15-May,9,sugar,alive,4,395,2004,13/11/2008,135,0,0,348,2009,21,2039,6175.95,5399.88,4944.5,152.153,3052.63,12314.5,16023.092,6409.236,81.776,21.777,79.3,53.333,0,3.118,6493.337,6496.455,78408.558,0.816,12,1320,1801.5,1013.942,711.988,534.305,1083.714,305.444,1389.158,3.478,6462.409,3.968,6466.377,77872.15,200,210.731,341.215,25.069,76.149,2.225,5.068,7054.434,385.493,0.898,3263.6,12,1305.5,0,0,18.69,29.68,19.615,197.2,Burdekin,AyrDPI,Kala,1956,Furrow,BareFallow,77,Surf1,200,999,110,SWBased_900_60_30_15_60,P2R,15MayV1R4,T2,3121.5,1854.305,1725.93,2031.374,103.443,78.374,8.20539231679794,0.109528937673036,8.59621468926554,0.760765,30.526
2010,15/05/2010,135,0,15-May,9,none,out,-1,0,2004,0.000,135,0,0,348,-1,21,2039,0,0,0,0,0,0,13241.441,5296.577,60.726,0,0,59.745,0,3.968,6462.409,6466.377,77872.15,0.812,0,0,1026,496.771,227.649,411.639,0,191.574,191.574,0.491,6536.641,19.804,6556.445,79434.688,0,0,30.412,0.246,1.725,0.095,0.069,3860.398,386.381,0.504,1001.3,4.6,400.5,0,0,22.148,30.79,17.413,135.2,Burdekin,AyrDPI,Kala,1956,Furrow,BareFallow,77,Surf1,200,999,110,SWBased_900_60_30_15_60,P2R,15MayV1R4,T2,1026,411.639,724.42,915.994,2.066,1.82,0,0,0,,0
2011,15/08/2011,227,2010,15-May,10,sugar,alive,0,457,2010,15/5/2010,135,0,0,348,2011,21,2039,8274.11,7330.66,6605.99,203.053,3443.45,16681.2,0,0,0,17.959,161.8,169.751,169.751,19.804,6536.641,6556.445,79434.688,0.812,9,990,1483,610.69,408.47,1039.315,1278.343,281.828,1560.17,4.721,6398.477,3.047,6401.524,77043.12,200,347.629,390.675,17.291,28.994,6.826,3.774,6352.246,389.042,0.983,5812.8,21.3,2325.1,0,0,17.737,28.056,17.095,81.4,Burdekin,AyrDPI,Kala,1956,Furrow,BareFallow,77,Surf1,200,999,110,SWBased_900_60_30_15_60,P2R,15MayV1R4,T2,2473,2029.315,1019.16,1300.988,53.111,35.82,10.0059872420004,0.130147996692668,14.1009027777778,1.015265,34.434
2012,14/09/2012,258,2011,15-May,10,sugar,alive,1,396,2010,15/8/2011,135,0,0,348,2012,21,2039,7423.5,6640.82,5871.96,181.088,3365.74,15515.5,19119.922,7647.969,95.088,19.961,94.1,63.42,0,3.047,6398.477,6401.524,77043.12,0.804,13,1430,1155.4,614.753,454.934,589.247,1259.001,251.188,1510.189,1.852,6402.641,1.406,6404.047,77298.375,200,260.497,312.397,10.105,9.709,1.735,2.317,6674.021,391.382,0.953,4356,16,1742.4,0,0,17.829,28.661,19.127,197.4,Burdekin,AyrDPI,Kala,1956,Furrow,BareFallow,77,Surf1,200,999,110,SWBased_900_60_30_15_60,P2R,15MayV1R4,T2,2585.4,2019.247,1069.687,1320.875,21.549,11.444,8.96809553264162,0.119910819109396,9.63234042553191,0.90544,33.657
2013,14/10/2013,287,2012,15-May,10,sugar,alive,2,395,2010,14/9/2012,135,0,0,348,2013,21,2039,6876.26,6032.53,5500.67,167.857,2951.44,13755.9,16890.762,6756.306,72.076,18.727,95.7,68.944,4.904,1.406,6402.641,6404.047,77298.375,0.807,14,1540,530.8,269.18,377.262,359.929,1196.849,248.449,1445.298,1.877,6407.67,2.516,6410.186,77418.591,200,263.653,312.175,9.212,6.082,1.744,2.139,7049.323,393.765,0.971,5043.6,18.5,2017.4,0,0,18.281,29.412,20.455,178.6,Burdekin,AyrDPI,Kala,1956,Furrow,BareFallow,77,Surf1,200,999,110,SWBased_900_60_30_15_60,P2R,15MayV1R4,T2,2070.8,1899.929,646.442,894.891,17.038,7.826,8.83490909397141,0.116140062464627,8.43502512562814,0.839285,29.514
2014,14/11/2014,318,2013,15-May,10,sugar,alive,3,396,2010,14/10/2013,135,0,0,348,2014,21,2039,6924.35,6101.89,5481.38,167.703,2979.8,14429.7,15979.612,6391.844,71.628,18.955,96.4,48.004,0,2.516,6407.67,6410.186,77418.591,0.806,15,1650,733,540.697,412.66,424.901,1163.241,264.814,1428.055,2.69,6398.927,2.827,6401.754,77297.546,200,265.413,323.035,18.716,8.437,2.096,3.859,7006.691,396.185,0.971,5045.5,18.5,2018.2,0,0,18.162,29.13,20.224,86.2,Burdekin,AyrDPI,Kala,1956,Furrow,BareFallow,77,Surf1,200,999,110,SWBased_900_60_30_15_60,P2R,15MayV1R4,T2,2383,2074.901,953.357,1218.171,29.249,10.533,8.08245791004005,0.117434552590762,7.98585714285714,0.838515,29.798
2015,14/12/2015,348,2014,15-May,10,sugar,alive,4,395,2010,14/11/2014,135,0,0,348,2015,21,2039,7262.37,6346.13,5795.71,177.462,3433.08,14666.6,16553.893,6621.557,80.975,20.895,98,49.592,0,2.827,6398.927,6401.754,77297.546,0.804,18,1980,395.2,370.079,386.801,223.086,1332.538,270.104,1602.642,2.342,6377.541,3.408,6380.949,76965.868,200,262.627,345.048,20.994,24.28,2.294,4.299,7401.907,398.643,0.956,4464.4,16.4,1785.7,0,0,18.972,30.362,20.848,83.4,Burdekin,AyrDPI,Kala,1956,Furrow,BareFallow,77,Surf1,200,999,110,SWBased_900_60_30_15_60,P2R,15MayV1R4,T2,2375.2,2203.086,756.88,1026.984,47.568,26.574,8.05515535934594,0.110730905592141,7.30296296296296,0.88731,34.331
2016,14/05/2016,135,0,15-May,10,none,out,-1,0,2010,0.000,135,0,0,348,-1,21,2039,0,0,0,0,0,0,16261.276,6504.51,77.192,0,0,65.271,1.231,3.408,6377.541,6380.949,76965.868,0.801,0,0,372.2,100.47,10.5,314.005,0,155.977,155.977,0.021,6460.419,19.709,6480.128,78767.435,0,0,36.156,0.407,0.545,0.016,0.091,4272.935,399.598,0.581,1243.3,5.9,497.3,0,0,22.418,32.151,19.966,43.6,Burdekin,AyrDPI,Kala,1956,Furrow,BareFallow,77,Surf1,200,999,110,SWBased_900_60_30_15_60,P2R,15MayV1R4,T2,372.2,314.005,110.97,266.947,0.968,0.561,0,0,0,,0
2017,14/08/2017,226,2016,15-May,11,sugar,alive,0,457,2016,14/5/2016,135,0,0,348,2017,21,2039,7832.71,6880.44,6223.98,190.165,3418.14,16087.3,0,0,0,19.209,179.8,170.525,170.525,19.709,6460.419,6480.128,78767.435,0.801,14,1540,994,522.729,427.824,659.71,1381.883,309.992,1691.875,3.876,6313.021,3.282,6316.303,75957.861,200,369.072,407.154,20.046,17.903,4.149,4.293,6907.002,402.497,0.981,5676.2,20.8,2270.5,0,0,18.366,29.339,17.054,107.8,Burdekin,AyrDPI,Kala,1956,Furrow,BareFallow,77,Surf1,200,999,110,SWBased_900_60_30_15_60,P2R,15MayV1R4,T2,2534,2199.71,950.553,1260.545,42.098,22.052,8.64500320496793,0.112398965644625,9.55603015075377,0.950825,34.181
2018,14/09/2018,257,2017,15-May,11,sugar,alive,1,396,2016,14/8/2017,135,0,0,348,2018,21,2039,6380.04,5594.56,4997.15,152.248,2698.95,13828.9,18499.007,7399.602,92.216,18.905,90.7,62.096,0,3.282,6313.021,6316.303,75957.861,0.793,15,1650,718.7,528.596,443.603,383.407,1146.974,246.33,1393.304,2.674,6307.79,2.316,6310.105,76026.575,200,242.79,315.928,16.911,25.595,1.951,3.574,6424.212,405.05,0.947,4185.6,15.4,1674.2,0,0,17.808,29.585,18.303,130.4,Burdekin,AyrDPI,Kala,1956,Furrow,BareFallow,77,Surf1,200,999,110,SWBased_900_60_30_15_60,P2R,15MayV1R4,T2,2368.7,2033.407,972.199,1218.529,44.457,27.546,7.48733529490161,0.109271199967846,7.24990476190476,0.76124,26.99
2019,14/10/2019,287,2018,15-May,11,sugar,alive,2,395,2016,14/9/2018,135,0,0,348,2019,21,2039,6008.54,5234.28,4665.44,141.103,2270.57,13431,15312.307,6124.923,70.409,16.893,91.1,65.293,1.253,2.316,6307.79,6310.105,76026.575,0.795,11,1210,1183,652.288,447.634,557.404,1060.332,244.319,1304.651,4.465,6298.509,2.095,6300.604,75956.465,200,258.998,315.669,12.319,14.7,2.369,2.719,6456.562,407.641,0.959,4555.1,16.7,1822,0,0,18.354,29.528,17.422,92.8,Burdekin,AyrDPI,Kala,1956,Furrow,BareFallow,77,Surf1,200,999,110,SWBased_900_60_30_15_60,P2R,15MayV1R4,T2,2393,1767.404,1099.922,1344.241,29.388,17.069,7.98363022828963,0.108153828111886,8.50018072289157,0.705515,22.706
2020,13/11/2020,318,2019,15-May,11,sugar,alive,3,396,2016,14/10/2019,135,0,0,348,2020,21,2039,6487.77,5642.61,5118.66,155.01,2574,13691.1,15288.233,6115.293,80.426,17.525,101.4,53.72,0,2.095,6298.509,6300.604,75956.465,0.793,12,1320,1074.7,426.985,566.315,511.996,1164.978,234.205,1399.183,2.65,6287.612,2.486,6290.098,75867.699,200,275.642,322.773,11.447,5.039,2.312,2.565,6620.47,410.264,0.973,5170.6,19,2068.2,0,0,18.85,29.943,18.904,327.8,Burdekin,AyrDPI,Kala,1956,Furrow,BareFallow,77,Surf1,200,999,110,SWBased_900_60_30_15_60,P2R,15MayV1R4,T2,2394.7,1831.996,993.3,1227.505,18.798,7.351,8.46126301585811,0.110786080162495,8.75762711864407,0.77505,25.74
2021,13/12/2021,347,2020,15-May,11,sugar,alive,4,395,2016,13/11/2020,135,0,0,348,2021,21,2039,6502.54,5707.5,5024.45,154.494,2881.52,14780.9,16032.44,6412.976,87.599,20.041,79.4,55.937,0,2.486,6287.612,6290.098,75867.699,0.791,10,1100,1222.9,546.106,421.469,625.497,1046.814,272.996,1319.809,1.413,6265.876,2.253,6268.129,75445.898,200,211.916,337.438,18.829,71.801,2.221,3.941,6824.607,412.932,0.862,2832.6,10.4,1133,0,0,19.605,29.638,17.255,132.4,Burdekin,AyrDPI,Kala,1956,Furrow,BareFallow,77,Surf1,200,999,110,SWBased_900_60_30_15_60,P2R,15MayV1R4,T2,2322.9,1725.497,967.575,1240.571,92.851,74.022,8.95359423980453,0.11705784700665,9.96735483870968,0.77247,28.815
1959,15/05/1959,135,0,15-May,0,none,out,-1,0,-1,0.000,135,0,0,348,-1,21,2039,0,0,0,0,0,0,0,0,0,0,0,0,0,0,0,0,0,1.165,0,0,684.7,184.909,153.274,435.108,0,214.113,214.113,7.045,8910.861,243.405,9154.266,105190.277,0,0,290.18,34.492,23.271,1.919,6.427,3060.821,350,0.011,16.5,0.1,6.6,0,0,20.794,29.659,18.306,162.8,Burdekin,AyrDPI,Kala,1959,Furrow,BareFallow,77,Surf1,200,999,110,SWBased_900_60_30_15_60,P2R,15MayV1R4,T2,684.7,435.108,338.183,552.296,59.682,25.19,0,0,0,,0
1960,14/08/1960,227,1959,15-May,1,sugar,alive,0,457,1959,15/5/1959,135,0,0,348,1960,21,2039,7961.7,7010.97,6307.02,192.912,3064.62,16546.7,0,0,0,16.64,256.5,169.604,169.604,243.405,8910.861,9154.266,105190.277,1.13,15,1650,1156.1,576.527,660.451,603.407,1361.405,312.986,1674.391,11.807,8577.185,9.431,8586.616,102814.147,200,492.255,593.506,79.244,230.216,10.618,15.496,6288.867,350,0.971,5043.9,18.5,2017.5,0,0,16.62,27.834,19.017,210.1,Burdekin,AyrDPI,Kala,1959,Furrow,BareFallow,77,Surf1,200,999,110,SWBased_900_60_30_15_60,P2R,15MayV1R4,T2,2806.1,2253.407,1236.978,1549.964,320.078,240.834,8.56090355625948,0.11521323275149,9.18628571428571,0.96456,30.646
1961,14/09/1961,257,1960,15-May,1,sugar,alive,1,396,1959,14/8/1960,135,0,0,348,1961,21,2039,7131.14,6275.82,5512.59,168.221,3036.75,16185.5,18352.002,7340.799,103.591,19.304,150.8,64.335,0.295,9.431,8577.185,8586.616,102814.147,1.093,18,1980,490.9,496.421,394.292,273.751,1321.912,263.318,1585.23,2.213,8502.942,6.225,8509.167,102185.795,200,333.989,403.776,20.809,12.749,2.781,4.368,7572.692,350,0.948,4218.6,15.5,1687.5,0,0,16.81,28.924,20.946,63.2,Burdekin,AyrDPI,Kala,1959,Furrow,BareFallow,77,Surf1,200,999,110,SWBased_900_60_30_15_60,P2R,15MayV1R4,T2,2470.9,2253.751,890.713,1154.031,36.339,15.53,7.46404549570915,0.106117724241908,6.92267489711934,0.841105,30.368
1962,14/10/1962,287,1961,15-May,1,sugar,alive,2,395,1959,14/9/1961,135,0,0,348,1962,21,2039,6812.09,5964.85,5278.84,160.606,2655.79,15332.5,17343.521,6937.41,95.42,17.439,143.5,59.292,0,6.225,8502.942,8509.167,102185.795,1.083,13,1430,938.4,445.922,407.66,563.56,1257.205,263.066,1520.27,3.821,8429.458,6.661,8436.119,101374.927,200,334.804,398.846,21.646,6.992,2.233,4.491,7884.812,350,0.959,4569,16.8,1827.6,0,0,17.583,29.38,20.364,102.1,Burdekin,AyrDPI,Kala,1959,Furrow,BareFallow,77,Surf1,200,999,110,SWBased_900_60_30_15_60,P2R,15MayV1R4,T2,2368.4,1993.56,853.582,1116.648,30.871,9.225,8.05624109633018,0.105643076558769,8.54287234042553,0.80303,26.558
1963,14/11/1963,318,1962,15-May,1,sugar,alive,3,396,1959,14/10/1962,135,0,0,348,1963,21,2039,6362.44,5600.99,4930.71,150.452,2532.82,14317.3,16916.269,6766.508,94.082,17.807,149.9,53.84,0,6.661,8429.458,8436.119,101374.927,1.071,11,1210,1160.5,578.469,375.184,623.275,1145.887,274.877,1420.763,3.596,8349.666,6.964,8356.631,100305.147,200,333.989,397.214,23.516,10.252,2.162,4.735,7849.796,350,0.952,4346.3,16,1738.5,0,0,17.404,29.102,19.769,91.9,Burdekin,AyrDPI,Kala,1959,Furrow,BareFallow,77,Surf1,200,999,110,SWBased_900_60_30_15_60,P2R,15MayV1R4,T2,2370.5,1833.275,953.653,1228.53,35.93,12.414,8.20673385062252,0.105895212642784,9.0633734939759,0.75226,25.328
1964,13/12/1964,348,1963,15-May,1,sugar,alive,4,395,1959,14/11/1963,135,0,0,348,1964,21,2039,6639.69,5812.54,5095.58,155.825,2780.17,15441.1,15863.982,6345.592,93.458,19.045,175.3,49.924,0,6.964,8349.666,8356.631,100305.147,1.06,13,1430,773.7,249.234,301.901,643.127,1269.265,286.05,1555.315,2.237,8249.837,2.394,8252.23,98900.792,200,349.078,421.613,29.534,15.676,2.139,5.95,8295.38,350,0.866,2868.4,10.5,1147.4,0,0,18.392,30.105,19.376,99.6,Burdekin,AyrDPI,Kala,1959,Furrow,BareFallow,77,Surf1,200,999,110,SWBased_900_60_30_15_60,P2R,15MayV1R4,T2,2203.7,2073.127,551.135,837.185,47.349,17.815,7.51642325819885,0.100188707753735,8.28856382978723,0.779125,27.802
1965,15/05/1965,135,0,15-May,1,none,out,-1,0,1959,0.000,135,0,0,348,-1,21,2039,0,0,0,0,0,0,15563.059,6225.224,80.777,0,0,147.175,83.135,2.394,8249.837,8252.23,98900.792,1.047,0,0,601.5,310.568,107.925,280.114,0,153.37,153.37,0.225,8310.85,52.819,8363.669,99524.399,0,0,78.928,6.341,2.618,0.289,1.101,5187.881,350,0.505,1004.9,5.2,401.9,0,0,20.3,30.965,20.015,107.4,Burdekin,AyrDPI,Kala,1959,Furrow,BareFallow,77,Surf1,200,999,110,SWBased_900_60_30_15_60,P2R,15MayV1R4,T2,601.5,280.114,418.493,571.863,9.248,2.907,0,0,0,,0
1966,15/08/1966,227,1965,15-May,2,sugar,alive,0,457,1965,15/5/1965,135,0,0,348,1966,21,2039,7876.33,6934.04,6238.23,190.615,2991.41,16381,0,0,0,16.403,212.7,176.811,176.811,52.819,8310.85,8363.669,99524.399,1.043,18,1980,384.7,391.812,407.158,290.347,1387.906,286.368,1674.274,3.804,8091.056,7.023,8098.08,97023.453,200,429.482,481.988,22.37,57.264,5.901,4.829,6772.428,350,0.977,5363.9,19.7,2145.6,0,0,16.651,28.096,19.105,102.9,Burdekin,AyrDPI,Kala,1959,Furrow,BareFallow,77,Surf1,200,999,110,SWBased_900_60_30_15_60,P2R,15MayV1R4,T2,2364.7,2270.347,798.97,1085.338,85.535,63.165,8.39585314491573,0.113849346044913,7.84423868312757,0.953075,29.914
1967,15/09/1967,258,1966,15-May,2,sugar,alive,1,396,1965,15/8/1966,135,0,0,348,1967,21,2039,6892.74,6038.86,5378.56,163.657,2732,15141.8,18483.166,7393.266,103.015,17.633,133.4,68.268,4.228,7.023,8091.056,8098.08,97023.453,1.027,14,1540,822.5,440.895,445.863,468.534,1226.707,260.232,1486.939,3.523,8035.832,4.582,8040.414,96611.638,200,315.784,366.331,14.823,11.672,3.264,3.235,7170.255,350,0.962,4684.9,17.2,1874,0,0,17.865,28.641,19.674,154.9,Burdekin,AyrDPI,Kala,1959,Furrow,BareFallow,77,Surf1,200,999,110,SWBased_900_60_30_15_60,P2R,15MayV1R4,T2,2362.5,2008.534,886.758,1146.99,29.759,14.936,8.1480821335362,0.110063022087658,8.22396984924623,0.818285,27.32
1968,14/10/1968,288,1967,15-May,2,sugar,alive,2,395,1965,15/9/1967,135,0,0,348,1968,21,2039,6892.4,6073.27,5389.16,164.554,2734.62,15032.4,16852.735,6741.094,89.116,17.541,128.6,57.07,0,4.582,8035.832,8040.414,96611.638,1.022,13,1430,1460.8,760.199,708.445,498.592,1158.642,263.359,1422.001,8.987,7981.983,5.024,7987.006,96024.805,200,311.143,373.149,17.847,11.971,2.308,3.762,7557.704,350,0.96,4606.4,16.9,1842.5,0,0,18.084,28.759,20.263,187.9,Burdekin,AyrDPI,Kala,1959,Furrow,BareFallow,77,Surf1,200,999,110,SWBased_900_60_30_15_60,P2R,15MayV1R4,T2,2890.8,1928.592,1468.644,1732.003,32.126,14.279,8.5323386180177,0.115720031139219,8.75287234042553,0.82277,27.346
1969,14/11/1969,318,1968,15-May,2,sugar,alive,3,396,1965,14/10/1968,135,0,0,348,1969,21,2039,6619.41,5821.45,5127.16,156.397,2695.45,14922.6,16692.96,6677.183,87.682,18.299,146.8,57.225,0,5.024,7981.983,7987.006,96024.805,1.014,16,1760,250.5,226.886,311.892,217.768,1211.19,253.158,1464.347,1.549,7909.769,5.685,7915.453,95053.174,200,336.796,392.561,15.787,7.226,2.424,3.442,7976.89,350,0.946,4158.8,15.3,1663.5,0,0,17.843,29.662,20.842,46.5,Burdekin,AyrDPI,Kala,1959,Furrow,BareFallow,77,Surf1,200,999,110,SWBased_900_60_30_15_60,P2R,15MayV1R4,T2,2010.5,1977.768,538.778,791.936,25.437,9.65,7.90775257765319,0.106803237210852,7.07678733031674,0.781985,26.954
1970,14/12/1970,348,1969,15-May,2,sugar,alive,4,395,1965,14/11/1969,135,0,0,348,1970,21,2039,7390.44,6517.55,5669.55,174.206,3202.1,17208.9,16219.113,6487.645,92.406,19.709,138.7,64.6,0.56,5.685,7909.769,7915.453,95053.174,1.004,15,1650,767.8,413.998,376.321,494.646,1322.008,283.615,1605.623,2.671,7831.893,4.906,7836.799,94101.552,200,313.478,400.816,26.948,30.032,2.065,5.484,8052.095,350,0.897,3249.9,12,1299.9,0,0,18.39,29.744,20.506,133.6,Burdekin,AyrDPI,Kala,1959,Furrow,BareFallow,77,Surf1,200,999,110,SWBased_900_60_30_15_60,P2R,15MayV1R4,T2,2417.8,2144.646,790.319,1073.934,59.045,32.097,8.12283239285178,0.108497449276698,8.29552380952381,0.87103,32.021
1971,15/05/1971,135,0,15-May,2,none,out,-1,0,1965,0.000,135,0,0,348,-1,21,2039,0,0,0,0,0,0,17389.978,6955.992,86.752,0,0,86.458,22.418,4.906,7831.893,7836.799,94101.552,0.993,0,0,882.6,358.156,194.925,460.04,0,242.128,242.128,0.523,7912.944,35.245,7948.189,95674.465,0,0,50.772,1.342,1.446,0.152,0.229,4853.775,350,0.443,834.7,4.2,333.9,0,0,21,30.474,18.737,220,Burdekin,AyrDPI,Kala,1959,Furrow,BareFallow,77,Surf1,200,999,110,SWBased_900_60_30_15_60,P2R,15MayV1R4,T2,882.6,460.04,553.081,795.209,2.94,1.598,0,0,0,,0
1972,14/08/1972,227,1971,15-May,3,sugar,alive,0,457,1971,15/5/1971,135,0,0,348,1972,21,2039,7556.1,6664.48,5965.67,182.402,3045,15904.3,0,0,0,17.633,207,173.849,173.849,35.245,7912.944,7948.189,95674.465,0.992,15,1650,1508.3,807.243,763.6,586.87,1373.084,324.035,1697.119,10.58,7705.524,5.267,7710.791,92463.468,200,417.651,466.047,29.205,29.65,6.514,6.07,7157.616,350,0.975,5287.6,19.4,2115,0,0,16.095,28.169,19.031,206.2,Burdekin,AyrDPI,Kala,1959,Furrow,BareFallow,77,Surf1,200,999,110,SWBased_900_60_30_15_60,P2R,15MayV1R4,T2,3158.3,2236.87,1570.843,1894.878,65.369,36.164,8.15434066351643,0.107477436761948,8.68580952380952,0.91201,30.45
1973,14/09/1973,257,1972,15-May,3,sugar,alive,1,396,1971,14/8/1972,135,0,0,348,1973,21,2039,6926.35,6074.74,5343.32,162.414,2530.1,15830.3,18013.091,7205.236,100.892,16.261,127.5,64.186,0.146,5.267,7705.524,7710.791,92463.468,0.976,13,1430,1060.9,601.86,403.113,567.684,1209.91,262.016,1471.927,3.387,7658.673,4.22,7662.893,92041.557,200,303.755,362.308,14.609,15.6,2.219,3.192,7251.333,350,0.949,4253.5,15.6,1701.4,0,0,18.042,28.91,19.726,108.5,Burdekin,AyrDPI,Kala,1959,Furrow,BareFallow,77,Surf1,200,999,110,SWBased_900_60_30_15_60,P2R,15MayV1R4,T2,2490.9,1997.684,1004.973,1266.989,32.428,17.819,8.13011467279109,0.110341069903603,8.63904255319149,0.81207,25.301
1974,14/10/1974,287,1973,15-May,3,sugar,alive,2,395,1971,14/9/1973,135,0,0,348,1974,21,2039,6065.02,5322.76,4667.11,142.104,2320.53,13979.1,17071.221,6828.489,85.317,17.186,102.6,78.186,14.146,4.22,7658.673,7662.893,92041.557,0.973,8,880,2007.7,1087.785,570.589,844.664,990.942,257.885,1248.827,1.991,7622.138,5.218,7627.356,91645.683,200,266.051,348.774,21.54,27.768,6.197,4.425,7187.788,350,0.921,3626.4,13.3,1450.6,0,0,17.752,28.355,18.545,152.9,Burdekin,AyrDPI,Kala,1959,Furrow,BareFallow,77,Surf1,200,999,110,SWBased_900_60_30_15_60,P2R,15MayV1R4,T2,2887.7,1724.664,1658.374,1916.259,55.505,33.965,8.23951795828057,0.113789980517718,10.6845112781955,0.71052,23.205
1975,14/11/1975,318,1974,15-May,3,sugar,alive,3,396,1971,14/10/1974,135,0,0,348,1975,21,2039,7794.84,6957.25,5960.82,183.63,3053.17,18340.2,14964.697,5985.879,77.395,17.551,138.7,58.685,0,5.218,7622.138,7627.356,91645.683,0.967,11,1210,1160.2,406.538,313.693,846.168,1292.016,278.132,1570.148,1.967,7556.048,1.599,7557.647,90923.139,200,324.318,378.717,18.101,13.73,1.672,3.86,7613.144,350,0.938,3969.7,14.6,1587.9,0,0,18.497,28.821,19.89,179.8,Burdekin,AyrDPI,Kala,1959,Furrow,BareFallow,77,Surf1,200,999,110,SWBased_900_60_30_15_60,P2R,15MayV1R4,T2,2370.2,2056.168,720.231,998.363,33.503,15.402,8.93069048832586,0.116950758781975,11.0620481927711,0.91815,30.532
1976,13/12/1976,348,1975,15-May,3,sugar,alive,4,395,1971,14/11/1975,135,0,0,348,1976,21,2039,6663.69,5868.71,5242.75,161.71,3184.42,14209.4,18963.463,7585.385,88.945,21.321,90.4,138.506,74.466,1.599,7556.048,7557.647,90923.139,0.958,10,1100,1608,862.325,492.667,693.188,1120.645,300.672,1421.317,2.397,7515.378,4.713,7520.091,90354.109,200,235.838,367.424,22.677,63.694,6.484,4.66,7809.239,350,0.861,2821.6,10.4,1128.6,0,0,17.994,28.811,19.985,139.2,Burdekin,AyrDPI,Kala,1959,Furrow,BareFallow,77,Surf1,200,999,110,SWBased_900_60_30_15_60,P2R,15MayV1R4,T2,2708,1793.188,1354.992,1655.664,92.855,70.178,9.01801707350261,0.113774759606759,10.4329032258065,0.80855,31.844
1977,15/05/1977,135,0,15-May,3,none,out,-1,0,1971,0.000,135,0,0,348,-1,21,2039,0,0,0,0,0,0,14476.296,5790.518,65.597,0,0,70.196,6.156,4.713,7515.378,7520.091,90354.109,0.951,0,0,1111.4,432.961,366.544,435.85,0,202.28,202.28,0.892,7582.974,36.466,7619.44,91678.425,0,0,52.175,1.251,1.693,0.166,0.219,4732.04,350,0.401,731.5,3.3,292.6,0,0,22.058,30.301,18.219,170.6,Burdekin,AyrDPI,Kala,1959,Furrow,BareFallow,77,Surf1,200,999,110,SWBased_900_60_30_15_60,P2R,15MayV1R4,T2,1111.4,435.85,799.505,1001.785,3.11,1.859,0,0,0,,0
1978,15/08/1978,227,1977,15-May,4,sugar,alive,0,457,1977,15/5/1977,135,0,0,348,1978,21,2039,8522.73,7570.34,6733.64,207.055,3364.71,17890.9,0,0,0,17.088,198,179.811,179.811,36.466,7582.974,7619.44,91678.425,0.95,16,1760,1001.3,569.889,610.165,560.833,1391.796,301.968,1693.765,5.911,7397.787,4.941,7402.728,88878.422,200,409.266,443.914,18.686,26.774,9.153,4.128,6873.843,350,0.982,5713.1,21,2285.3,0,0,16.639,27.626,19.767,150.6,Burdekin,AyrDPI,Kala,1959,Furrow,BareFallow,77,Surf1,200,999,110,SWBased_900_60_30_15_60,P2R,15MayV1R4,T2,2761.3,2320.833,1180.054,1482.022,54.613,35.927,8.92158117365618,0.122245411848751,9.36900452488688,1.035275,33.647
1979,15/09/1979,258,1978,15-May,4,sugar,alive,1,396,1977,15/8/1978,135,0,0,348,1979,21,2039,6437.97,5640.01,5003.58,152.371,2450.9,14343.9,20063.445,8025.378,103.874,16.885,109.8,67.292,3.252,4.941,7397.787,7402.728,88878.422,0.935,11,1210,1578.5,761.963,707.626,598.821,1058.697,271.511,1330.208,8.179,7374.672,3.969,7378.64,88744.219,200,277.21,337.751,20.142,11.738,2.246,4.212,7073.492,350,0.942,4069.8,15,1627.9,0,0,17.887,28.189,19.067,350.7,Burdekin,AyrDPI,Kala,1959,Furrow,BareFallow,77,Surf1,200,999,110,SWBased_900_60_30_15_60,P2R,15MayV1R4,T2,2788.5,1808.821,1469.589,1741.1,34.126,13.984,8.42377438121296,0.114546747576319,9.17897590361446,0.761855,24.509
1980,14/10/1980,288,1979,15-May,4,sugar,alive,2,395,1977,15/9/1979,135,0,0,348,1980,21,2039,6841.12,5988.82,5352.28,162.794,2708.84,14888.4,15651.674,6260.67,75.119,17.567,121.4,55.995,0,3.969,7374.672,7378.64,88744.219,0.935,14,1540,777.5,508.329,390.344,398.721,1161.303,263.547,1424.849,1.947,7332.422,4.103,7336.525,88326.083,200,302.763,352.792,13.107,10.299,2.056,2.883,7224.711,350,0.969,4949.6,18.2,1979.8,0,0,18.429,28.881,20.84,86.4,Burdekin,AyrDPI,Kala,1959,Furrow,BareFallow,77,Surf1,200,999,110,SWBased_900_60_30_15_60,P2R,15MayV1R4,T2,2317.5,1938.721,898.673,1162.22,25.462,12.355,8.39697924559542,0.114253510371976,8.18060301507538,0.81397,27.088
1981,14/11/1981,318,1980,15-May,4,sugar,alive,3,396,1977,14/10/1980,135,0,0,348,1981,21,2039,6582.45,5799.37,5113.95,156.485,2707.37,14685,16862.33,6744.933,87.416,18.38,102,49.973,0,4.103,7332.422,7336.525,88326.083,0.929,11,1210,1127,646.863,326.233,567.394,1098.795,260.165,1358.96,1.689,7296.23,4.448,7300.679,87834.006,200,262.105,353.586,20.431,39.266,2.098,4.204,7297.625,350,0.944,4109.7,15.1,1643.9,0,0,18.091,28.646,19.291,104.8,Burdekin,AyrDPI,Kala,1959,Furrow,BareFallow,77,Surf1,200,999,110,SWBased_900_60_30_15_60,P2R,15MayV1R4,T2,2337,1777.394,973.096,1233.261,61.795,41.364,8.80418185275746,0.115150556307765,9.42680722891566,0.782425,27.074
1982,14/12/1982,348,1981,15-May,4,sugar,alive,4,395,1977,14/11/1981,135,0,0,348,1982,21,2039,6748.36,5927.13,5264.52,161.34,2757.68,14838.5,15975.435,6390.175,78.583,18.124,118.6,54.918,0,4.448,7296.23,7300.679,87834.006,0.923,14,1540,602.8,339.826,293.033,493.372,1222.523,289.206,1511.729,1.738,7243.401,4.807,7248.207,87206.316,200,296.537,355.5,27.053,8.293,4.876,5.45,7195.268,350,0.951,4307,15.8,1722.8,0,0,17.766,29.327,20.433,47.4,Burdekin,AyrDPI,Kala,1959,Furrow,BareFallow,77,Surf1,200,999,110,SWBased_900_60_30_15_60,P2R,15MayV1R4,T2,2142.8,2033.372,632.859,922.065,40.222,13.169,7.93460321082419,0.106725477913039,8.10753768844221,0.8067,27.577
1983,15/05/1983,135,0,15-May,4,none,out,-1,0,1977,0.000,135,0,0,348,-1,21,2039,0,0,0,0,0,0,16273.646,6509.458,88.919,0,0,53.13,0,4.807,7243.401,7248.207,87206.316,0.916,0,0,544.4,204.47,65.867,365.771,0,148.15,148.15,0.183,7327.604,23.225,7350.829,88373.163,0,0,41.341,2.448,1.344,0.16,0.38,4661.775,350,0.522,1055.8,5.8,422.3,0,0,22.142,30.787,20.024,95.4,Burdekin,AyrDPI,Kala,1959,Furrow,BareFallow,77,Surf1,200,999,110,SWBased_900_60_30_15_60,P2R,15MayV1R4,T2,544.4,365.771,270.337,418.487,3.952,1.504,0,0,0,,0
1984,14/08/1984,227,1983,15-May,5,sugar,alive,0,457,1983,15/5/1983,135,0,0,348,1984,21,2039,7977.45,7028.64,6292.01,192.173,3310.74,16854.4,0,0,0,18.29,190.1,179.043,179.043,23.225,7327.604,7350.829,88373.163,0.916,16,1760,627.1,385.957,412.78,499.714,1383.294,311.415,1694.709,4.342,7143.694,4.343,7148.036,85791.068,200,395.302,442.387,20.158,28.398,7.616,4.398,6719.058,350,0.983,5836.7,21.4,2334.7,0,0,17.208,28.072,18.429,75.6,Burdekin,AyrDPI,Kala,1959,Furrow,BareFallow,77,Surf1,200,999,110,SWBased_900_60_30_15_60,P2R,15MayV1R4,T2,2387.1,2259.714,798.737,1110.152,56.172,36.014,8.50430629716858,0.113395869143316,8.69561085972851,0.960865,33.107
1985,14/09/1985,257,1984,15-May,5,sugar,alive,1,396,1983,14/8/1984,135,0,0,348,1985,21,2039,6861.74,6063.24,5343.43,163.383,2715.18,15183.1,19287.418,7714.969,101.521,17.541,113.8,72.696,8.656,4.343,7143.694,7148.036,85791.068,0.904,11,1210,817.5,279.693,274.437,665.938,1205.17,277.871,1483.041,1.644,7116.508,2.598,7119.107,85701.49,200,289.945,335.119,14.833,7.319,2.047,3.245,6819.027,350,0.954,4407.9,16.2,1763.1,0,0,17.387,28.523,19.502,111.4,Burdekin,AyrDPI,Kala,1959,Furrow,BareFallow,77,Surf1,200,999,110,SWBased_900_60_30_15_60,P2R,15MayV1R4,T2,2027.5,1875.938,554.13,832.001,24.199,9.366,8.70940297600454,0.110167554369704,9.84234939759036,0.816915,27.152
1986,14/10/1986,287,1985,15-May,5,sugar,alive,2,395,1983,14/9/1985,135,0,0,348,1986,21,2039,6842.52,6082.06,5218.25,159.869,2712.93,16242.7,16652.319,6660.928,83.687,17.973,115.4,63.025,0,2.598,7116.508,7119.107,85701.49,0.903,12,1320,802.8,308.065,305.96,584.91,1211.201,272.739,1483.94,1.871,7079.448,3.206,7082.654,85216.12,200,291.202,356.149,17.645,13.328,1.833,3.738,7459.761,350,0.927,3737.2,13.7,1494.9,0,0,18.476,29.285,18.879,117.8,Burdekin,AyrDPI,Kala,1959,Furrow,BareFallow,77,Surf1,200,999,110,SWBased_900_60_30_15_60,P2R,15MayV1R4,T2,2122.8,1904.91,614.025,886.764,32.806,15.161,8.39246998545863,0.107732792430961,9.03214689265537,0.799345,27.129
1987,14/11/1987,318,1986,15-May,5,sugar,alive,3,396,1983,14/10/1986,135,0,0,348,1987,21,2039,6323.12,5508.36,4959.34,150.304,2540.28,13637.8,16982.869,6793.148,81.081,17.888,115.6,87.861,23.821,3.206,7079.448,7082.654,85216.12,0.897,15,1650,371,243.302,311.638,311.636,1205.875,280.392,1486.267,2.024,7043.776,4.877,7048.653,84827.247,200,295.527,346.093,20.149,3.05,3.999,4.194,7382.694,350,0.963,4694.8,17.2,1877.9,0,0,18.663,29.934,20.137,44,Burdekin,AyrDPI,Kala,1959,Furrow,BareFallow,77,Surf1,200,999,110,SWBased_900_60_30_15_60,P2R,15MayV1R4,T2,2021,1961.636,554.94,835.332,27.198,7.049,7.66217585729463,0.101128532087438,7.15733333333333,0.75152,25.403
1988,17/12/1988,352,1987,15-May,5,sugar,alive,4,399,1983,14/11/1987,135,0,4,348,1988,17,2039,6644.94,5765.25,5146.17,156.487,2647.21,14987.8,15582.693,6233.078,88.115,17.907,121,67.654,3.614,4.877,7043.776,7048.653,84827.247,0.891,12,1320,1142.5,379.423,517.624,657.95,1172.724,279.983,1452.707,2.206,6999.739,1.31,7001.05,84175.464,200,293.635,359.449,21.88,18.072,3.233,4.523,7436.394,350,0.931,3813.4,14,1525.4,0,0,18.736,29.636,19.953,254,Burdekin,AyrDPI,Kala,1959,Furrow,BareFallow,77,Surf1,200,999,110,SWBased_900_60_30_15_60,P2R,15MayV1R4,T2,2462.5,1977.95,897.047,1177.03,43.185,21.305,7.91157511565004,0.107720965067285,8.84107344632768,0.782435,26.472
1989,15/05/1989,135,0,15-May,5,none,out,-1,0,1983,0.000,135,0,4,352,-1,17,2043,0,0,0,0,0,0,15981.005,6392.402,87.68,0,0,180.401,116.361,1.31,6999.739,7001.05,84175.464,0.885,0,0,979.9,545.23,214.074,397.383,0,218.933,218.933,0.591,7085.683,19.117,7104.8,85639.31,0,0,38.816,1.645,2.309,0.208,0.186,4436.796,350,0.39,705.8,3.9,282.3,0,0,21.399,30.389,19.214,134.8,Burdekin,AyrDPI,Kala,1959,Furrow,BareFallow,77,Surf1,200,999,110,SWBased_900_60_30_15_60,P2R,15MayV1R4,T2,979.9,397.383,759.304,978.237,4.162,2.517,0,0,0,,0
1990,15/08/1990,227,1989,15-May,6,sugar,alive,0,457,1989,15/5/1989,135,0,0,348,1990,21,2039,8219.19,7281.22,6484.89,199.025,3523.78,17343,0,0,0,18.877,183.8,182.063,182.063,19.117,7085.683,7104.8,85639.31,0.886,16,1760,1477,947.027,627.659,700.498,1438.505,337.012,1775.518,6.162,6910.298,3.126,6913.424,83078.014,200,386.785,430.31,20.12,24.298,5.435,4.339,6436.041,350.589,0.982,5739.3,21.1,2295.7,0,0,16.885,27.829,18.656,103,Burdekin,AyrDPI,Kala,1959,Furrow,BareFallow,77,Surf1,200,999,110,SWBased_900_60_30_15_60,P2R,15MayV1R4,T2,3237,2460.498,1574.686,1911.698,49.853,29.733,8.08880966373474,0.112094048046824,9.00565610859728,0.995125,35.238
1991,15/09/1991,258,1990,15-May,6,sugar,alive,1,396,1989,15/8/1990,135,0,0,348,1991,21,2039,6412.47,5609.04,5017.09,152.553,2579.12,13953.8,19619.88,7847.95,102.165,17.895,102.8,68.859,4.819,3.126,6910.298,6913.424,83078.014,0.874,14,1540,1680.4,998.219,874.643,388.794,1126.709,243.061,1369.77,5.108,6906.753,3.195,6909.947,83195.257,200,264.52,318.98,10.664,11.338,2.108,2.42,6656.345,352.258,0.957,4489.8,16.5,1795.9,0,0,16.971,28.6,19.402,204.4,Burdekin,AyrDPI,Kala,1959,Furrow,BareFallow,77,Surf1,200,999,110,SWBased_900_60_30_15_60,P2R,15MayV1R4,T2,3220.4,1928.794,1872.862,2115.923,24.11,13.446,7.90924277035287,0.111371252108018,7.66597989949749,0.762765,25.791
1992,14/10/1992,288,1991,15-May,6,sugar,alive,2,395,1989,15/9/1991,135,0,0,348,1992,21,2039,7539.93,6667.92,5971.75,182.913,3367.25,15681.8,15677.025,6270.81,72.338,19.743,110.2,46.628,0,3.195,6906.753,6909.947,83195.257,0.875,17,1870,654.1,459.432,451.526,359.982,1334.094,264.214,1598.308,2.904,6881.132,3.158,6884.29,82969.345,200,284.406,346.448,14.688,12.199,2.705,3.163,7362.561,353.955,0.964,4732.9,17.4,1893.2,0,0,18.264,29.527,20.819,122.8,Burdekin,AyrDPI,Kala,1959,Furrow,BareFallow,77,Surf1,200,999,110,SWBased_900_60_30_15_60,P2R,15MayV1R4,T2,2524.1,2229.982,910.958,1175.172,29.592,14.904,8.20244288967355,0.114441647041747,7.88418103448276,0.914565,33.672
1993,14/11/1993,318,1992,15-May,6,sugar,alive,3,396,1989,14/10/1992,135,0,0,348,1993,21,2039,8059.06,7141.68,6329.94,194.834,3743.36,17291.1,17352.54,6941.015,79.905,20.732,108,61.462,0,3.158,6881.132,6884.29,82969.345,0.871,15,1650,548.9,231.84,322.868,437.357,1375.31,263.837,1639.147,1.735,6864.392,3.138,6867.53,82819.694,200,289.887,343.324,15.104,4.2,1.757,3.237,7805.28,355.691,0.946,4163.9,15.3,1665.5,0,0,18.209,29.114,20.539,72,Burdekin,AyrDPI,Kala,1959,Furrow,BareFallow,77,Surf1,200,999,110,SWBased_900_60_30_15_60,P2R,15MayV1R4,T2,2198.9,2087.357,554.708,818.545,21.061,5.957,9.33400467672756,0.118863042789939,9.27780952380953,0.97417,37.434
1994,14/12/1994,348,1993,15-May,6,sugar,alive,4,395,1989,14/11/1993,135,0,0,348,1994,21,2039,7480.34,6561.87,5918.18,181.49,3396.99,15621.6,18236.755,7294.702,81.884,20.122,106.8,66.507,2.467,3.138,6864.392,6867.53,82819.694,0.867,16,1760,360.8,224.157,285.478,337.158,1323.838,285.703,1609.541,1.618,6848.602,4.473,6853.074,82644.766,200,293.451,337.592,13.16,1.751,0.921,2.864,7841.456,357.459,0.955,4445.5,16.3,1778.2,0,0,18.134,29.468,20.857,46.8,Burdekin,AyrDPI,Kala,1959,Furrow,BareFallow,77,Surf1,200,999,110,SWBased_900_60_30_15_60,P2R,15MayV1R4,T2,2120.8,2097.158,509.635,795.338,15.832,2.672,8.65409282467034,0.112758854853651,8.21221719457014,0.90745,33.97
1995,15/05/1995,135,0,15-May,6,none,out,-1,0,1989,0.000,135,0,0,348,-1,21,2039,0,0,0,0,0,0,17057.008,6822.803,85.886,0,0,68.131,4.091,4.473,6848.602,6853.074,82644.766,0.863,0,0,357.1,70.156,16.837,315.677,0,157.285,157.285,0.025,6939.403,24.512,6963.914,84483.711,0,0,37.086,0.325,0.402,0.012,0.108,4591.959,358.153,0.629,1417.5,7.1,567,0,0,22.355,31.422,21.087,55.2,Burdekin,AyrDPI,Kala,1959,Furrow,BareFallow,77,Surf1,200,999,110,SWBased_900_60_30_15_60,P2R,15MayV1R4,T2,357.1,315.677,86.993,244.278,0.739,0.414,0,0,0,,0
1996,14/08/1996,227,1995,15-May,7,sugar,alive,0,457,1995,15/5/1995,135,0,0,348,1996,21,2039,8975.33,7901.26,7233.22,221.552,3944.41,17421.1,0,0,0,18.998,195.1,180.953,180.953,24.512,6939.403,6963.914,84483.711,0.864,20,2200,644.3,581.103,564.593,305.152,1507.784,307.585,1815.369,4.462,6771.284,4.271,6775.555,81445.477,200,397.798,436.683,16.444,22.544,6.374,3.679,7778.608,360.246,0.987,6171.2,22.6,2468.5,0,0,18.409,28.888,19.424,107,Burdekin,AyrDPI,Kala,1959,Furrow,BareFallow,77,Surf1,200,999,110,SWBased_900_60_30_15_60,P2R,15MayV1R4,T2,2844.3,2505.152,1145.696,1453.281,45.362,28.918,8.84385458447232,0.122042405703744,8.36045283018868,1.10776,39.444
1997,14/09/1997,257,1996,15-May,7,sugar,alive,1,396,1995,14/8/1996,135,0,0,348,1997,21,2039,7927.69,7110.88,6275.93,193.835,3565.39,16517.6,20053.457,8021.383,96.106,19.724,107.6,64.188,0.148,4.271,6771.284,6775.555,81445.477,0.854,13,1430,964.3,459.268,451.006,545.481,1199.369,273.606,1472.975,2.43,6763.246,2.253,6765.499,81629.199,200,279.414,327.723,9.881,9.536,2.144,2.295,7254.154,362.101,0.959,4552.8,16.7,1821.1,0,0,18.946,28.468,20.444,116.8,Burdekin,AyrDPI,Kala,1959,Furrow,BareFallow,77,Surf1,200,999,110,SWBased_900_60_30_15_60,P2R,15MayV1R4,T2,2394.3,1975.481,910.274,1183.88,21.561,11.68,9.81204071312253,0.131594222576758,10.3103723404255,0.969175,35.654
1998,14/10/1998,287,1997,15-May,7,sugar,alive,2,395,1995,14/9/1997,135,0,0,348,1998,21,2039,7914.44,7011.54,6214.96,190.512,3559.02,16994.8,17909.902,7163.961,73.469,20.078,103.9,75.239,11.199,2.253,6763.246,6765.499,81629.199,0.855,12,1320,959.5,398.575,496.527,582.77,1158.836,232.151,1390.987,1.724,6758.65,2.715,6761.365,81605.318,200,283.632,333.387,8.548,3.038,2.994,2.046,7891.123,363.989,0.961,4641,17,1856.4,0,0,20.543,28.902,19.59,189.6,Burdekin,AyrDPI,Kala,1959,Furrow,BareFallow,77,Surf1,200,999,110,SWBased_900_60_30_15_60,P2R,15MayV1R4,T2,2279.5,1902.77,895.102,1127.253,14.58,6.032,10.012350415447,0.13696174011691,10.7633898305085,0.95256,35.59
1999,14/11/1999,318,1998,15-May,7,sugar,alive,3,396,1995,14/10/1998,135,0,0,348,1999,21,2039,7199.99,6385.35,5736.47,176.796,3304.3,14635.1,18390.446,7356.178,75.432,20.089,96.6,68.65,4.61,2.715,6758.65,6761.365,81605.318,0.853,10,1100,1137.3,446.654,372.07,706.989,1106.593,308.971,1415.564,2.838,6740.993,3.714,6744.707,81384.969,200,259.656,341.378,24.095,21.571,3.673,4.808,7780.046,365.913,0.946,4175.7,15.3,1670.3,0,0,19.787,28.829,19.555,112,Burdekin,AyrDPI,Kala,1959,Furrow,BareFallow,77,Surf1,200,999,110,SWBased_900_60_30_15_60,P2R,15MayV1R4,T2,2237.3,1806.989,818.724,1127.695,49.339,25.244,9.78401086005504,0.124894388385124,11.4061935483871,0.88398,33.043
2000,13/12/2000,348,1999,15-May,7,sugar,alive,4,395,1995,14/11/1999,135,0,0,348,2000,21,2039,8215.19,7347.12,6396.75,198.481,3733.02,18184.4,15989.234,6395.693,70.87,20.234,107,71.662,7.622,3.714,6740.993,6744.707,81384.969,0.85,11,1210,1689.7,765.948,559.051,792.633,1240.416,283.389,1523.804,3.66,6719.327,1.47,6720.796,81057.817,200,276.859,340.714,17.858,18.779,2.529,3.789,7729.97,367.865,0.914,3501,12.9,1400.4,0,0,18.96,28.418,19.342,136,Burdekin,AyrDPI,Kala,1959,Furrow,BareFallow,77,Surf1,200,999,110,SWBased_900_60_30_15_60,P2R,15MayV1R4,T2,2899.7,2002.633,1324.999,1608.388,39.166,21.308,9.91100216564892,0.130253628419403,11.956686746988,0.992405,37.33
2001,15/05/2001,135,0,15-May,7,none,out,-1,0,1995,0.000,135,0,0,348,-1,21,2039,0,0,0,0,0,0,18432.578,7373.03,77.87,0,0,122.559,58.519,1.47,6719.327,6720.796,81057.817,0.846,0,0,311.5,82.456,2.801,280.967,0,178.409,178.409,0.002,6804.337,22.972,6827.308,83298.047,0,0,37.667,0.186,0.421,0.001,0.08,4626.045,368.638,0.643,1472.9,6.2,589.2,0,0,21.127,30.743,20.414,39.4,Burdekin,AyrDPI,Kala,1959,Furrow,BareFallow,77,Surf1,200,999,110,SWBased_900_60_30_15_60,P2R,15MayV1R4,T2,311.5,280.967,85.257,263.666,0.608,0.422,0,0,0,,0
2002,15/08/2002,227,2001,15-May,8,sugar,alive,0,457,2001,15/5/2001,135,0,0,348,2002,21,2039,8787.79,7744.56,7043.73,215.689,4042.42,17440.6,0,0,0,20.153,193.4,170.393,170.393,22.972,6804.337,6827.308,83298.047,0.846,20,2200,796.9,472.875,686.24,393.352,1649.399,298.367,1947.765,3.168,6643.094,3.72,6646.814,79970.047,200,397.967,429.153,13.947,15.499,5.495,3.201,7935.399,370.955,0.987,6222.2,22.8,2488.9,0,0,17.333,29.63,20.298,206,Burdekin,AyrDPI,Kala,1959,Furrow,BareFallow,77,Surf1,200,999,110,SWBased_900_60_30_15_60,P2R,15MayV1R4,T2,2996.9,2593.352,1159.115,1457.482,34.941,20.994,8.31699668999812,0.110736664844065,8.13920754716981,1.078445,40.424
2003,15/09/2003,258,2002,15-May,8,sugar,alive,1,396,2001,15/8/2002,135,0,0,348,2003,21,2039,7132.49,6268.28,5681.68,173.552,3113.43,14508.1,20113.388,8045.356,98.115,19.166,104.1,60.412,0,3.72,6643.094,6646.814,79970.047,0.837,18,1980,472.6,493.099,365.757,259.891,1333.124,269.613,1602.736,1.4,6635.608,2.549,6638.157,80058.115,200,268.718,326.858,12.573,15.398,1.396,2.788,7160.158,373.002,0.964,4767.1,17.5,1906.9,0,0,17.973,29.621,20.9,51,Burdekin,AyrDPI,Kala,1959,Furrow,BareFallow,77,Surf1,200,999,110,SWBased_900_60_30_15_60,P2R,15MayV1R4,T2,2452.6,2239.891,858.856,1128.469,29.367,16.794,7.74823417746667,0.10828483293568,7.14205761316872,0.86776,31.134
2004,14/10/2004,288,2003,15-May,8,sugar,alive,2,395,2001,15/9/2003,135,0,0,348,2004,21,2039,7549.98,6710.87,6002.63,184.479,3464,15473.5,16383.912,6553.564,71.046,20.196,106.1,51.419,0,2.549,6635.608,6638.157,80058.115,0.838,16,1760,740.2,381.77,499.197,451.561,1351.077,261.872,1612.949,3.702,6618.796,2.353,6621.149,79917.598,200,279.296,340.035,12.582,12.109,2.654,2.782,7485.23,375.078,0.961,4617.1,16.9,1846.9,0,0,18.287,29.817,20.809,173.2,Burdekin,AyrDPI,Kala,1959,Furrow,BareFallow,77,Surf1,200,999,110,SWBased_900_60_30_15_60,P2R,15MayV1R4,T2,2500.2,2211.561,880.967,1142.839,27.345,14.763,8.3415741189142,0.114373734073427,8.34746606334842,0.922395,34.64
2005,14/11/2005,318,2004,15-May,8,sugar,alive,3,396,2001,14/10/2004,135,0,0,348,2005,21,2039,7062.77,6160.36,5594.9,170.397,3130.73,14678.8,17077.05,6830.82,76.026,19.699,104.5,57.703,0,2.353,6618.796,6621.149,79917.598,0.835,15,1650,746.3,380.456,494.553,355.037,1262.844,255.823,1518.667,1.785,6604.81,3.358,6608.169,79712.991,200,281.884,338.258,14.713,5.81,2.016,3.16,7598.491,377.196,0.965,4795.6,17.6,1918.2,0,0,18.885,29.918,20.56,143.4,Burdekin,AyrDPI,Kala,1959,Furrow,BareFallow,77,Surf1,200,999,110,SWBased_900_60_30_15_60,P2R,15MayV1R4,T2,2396.3,2005.037,875.009,1130.832,22.539,7.826,8.49844666208155,0.112201687400859,8.11414285714286,0.851985,31.307
2006,14/12/2006,348,2005,15-May,8,sugar,alive,4,395,2001,14/11/2005,135,0,0,348,2006,21,2039,6819.57,6000.82,5378.79,164.663,2862.33,14407.8,16553.199,6621.28,81.074,18.481,100.4,60.328,0,3.358,6604.81,6608.169,79712.991,0.832,11,1210,934.8,313.438,422.486,594.211,1139.893,257.187,1397.079,1.444,6586.278,3.873,6590.151,79472.031,200,267.886,332.927,14.999,22.524,2.337,3.187,7255.727,379.349,0.959,4566.6,16.8,1826.6,0,0,18.812,29.373,20.012,178.4,Burdekin,AyrDPI,Kala,1959,Furrow,BareFallow,77,Surf1,200,999,110,SWBased_900_60_30_15_60,P2R,15MayV1R4,T2,2144.8,1804.211,735.924,993.111,39.86,24.861,9.12659328648368,0.117862339924943,9.9194578313253,0.823315,28.623
2007,15/05/2007,135,0,15-May,8,none,out,-1,0,2001,0.000,135,0,0,348,-1,21,2039,0,0,0,0,0,0,16128.266,6451.307,81.142,0,0,72.125,8.085,3.873,6586.278,6590.151,79472.031,0.829,0,0,721.2,309.327,154.688,346.255,0,162.232,162.232,0.232,6667.168,24.912,6692.08,81118.438,0,0,36.703,0.352,1.052,0.061,0.086,4199.326,380.192,0.644,1476.8,7.4,590.7,0,0,21.218,30.77,19.746,130.2,Burdekin,AyrDPI,Kala,1959,Furrow,BareFallow,77,Surf1,200,999,110,SWBased_900_60_30_15_60,P2R,15MayV1R4,T2,721.2,346.255,464.015,626.247,1.465,1.113,0,0,0,,0
2008,14/08/2008,227,2007,15-May,9,sugar,alive,0,457,2007,15/5/2007,135,0,0,348,2008,21,2039,9320.33,8415.11,7346.67,227.562,3951.84,19736.6,0,0,0,18.46,172.5,167.077,167.077,24.912,6667.168,6692.08,81118.438,0.828,16,1760,1492.9,881.748,594.622,760.67,1550.246,306.774,1857.02,4.409,6524.957,1.847,6526.804,78546.779,200,366.537,407.761,19.543,25.864,6.239,4.217,7089.92,382.731,0.985,5996.5,22,2398.6,0,0,17.063,28.008,18.545,108.2,Burdekin,AyrDPI,Kala,1959,Furrow,BareFallow,77,Surf1,200,999,110,SWBased_900_60_30_15_60,P2R,15MayV1R4,T2,3252.9,2520.67,1476.37,1783.144,51.646,32.103,9.02783783676562,0.122541491206341,10.2969230769231,1.13781,39.518
2009,14/09/2009,257,2008,15-May,9,sugar,alive,1,396,2007,14/8/2008,135,0,0,348,2009,21,2039,6342.95,5567.69,4993.31,152.226,2686.63,13496.4,21873.12,8749.249,96.725,18.808,93.5,86.587,22.547,1.847,6524.957,6526.804,78546.779,0.821,12,1320,1792.3,986.006,804.111,532.167,1110.47,248.54,1359.01,5.45,6529.854,2.698,6532.552,78767.817,200,261.471,312.462,7.863,7.474,2.763,1.906,6965.582,384.976,0.954,4410.6,16.2,1764.3,0,0,18.267,29.263,18.871,197.2,Burdekin,AyrDPI,Kala,1959,Furrow,BareFallow,77,Surf1,200,999,110,SWBased_900_60_30_15_60,P2R,15MayV1R4,T2,3112.3,1852.167,1790.117,2038.657,18.1,10.237,8.21880532371001,0.112012420806322,8.60033898305085,0.76113,26.866
2010,14/10/2010,287,2009,15-May,9,sugar,alive,2,395,2007,14/9/2009,135,0,0,348,2010,21,2039,7626.9,6804,5897.14,181.216,3071.53,17297.6,15220.989,6088.395,68.077,17.948,112.9,49.759,0,2.698,6529.854,6532.552,78767.817,0.824,13,1430,1233.5,628.919,500.469,600.416,1244.479,249.463,1493.943,4.494,6513.991,1.937,6515.928,78558.481,200,283.774,336.295,11.326,8.171,2.393,2.556,7442.635,387.257,0.94,4022.3,14.8,1608.9,0,0,19.228,29.317,18.617,135.2,Burdekin,AyrDPI,Kala,1959,Furrow,BareFallow,77,Surf1,200,999,110,SWBased_900_60_30_15_60,P2R,15MayV1R4,T2,2663.5,2030.416,1129.388,1378.851,21.89,10.564,8.92506757235956,0.121300477996818,9.63914893617021,0.90608,30.715
2011,14/11/2011,318,2010,15-May,9,sugar,alive,3,396,2007,14/10/2010,135,0,0,348,2011,21,2039,6127.29,5446.64,4913.67,151.995,2915.05,12136.1,18121.966,7248.787,76.228,20.69,81.1,89.929,25.889,1.937,6513.991,6515.928,78558.481,0.821,8,880,1310.7,603.37,297.96,808.713,1008.996,316.158,1325.155,1.37,6505.037,3.2,6508.237,78491.219,200,220.622,323.35,28.703,37.331,5.722,5.686,6895.588,389.574,0.918,3570.6,13.1,1428.2,0,0,17.965,28.621,18.554,81.4,Burdekin,AyrDPI,Kala,1959,Furrow,BareFallow,77,Surf1,200,999,110,SWBased_900_60_30_15_60,P2R,15MayV1R4,T2,2190.7,1688.713,901.33,1217.488,71.756,43.053,9.00064131678977,0.114699789835906,11.4281954887218,0.759975,29.151
2012,13/12/2012,348,2011,15-May,9,sugar,alive,4,395,2007,14/11/2011,135,0,0,348,2012,21,2039,6917.73,6104.09,5469.24,168.249,3016.71,14484.9,13350.711,5340.284,61.44,19.154,96.9,54.144,0,3.2,6505.037,6508.237,78491.219,0.819,11,1210,1153.6,559.854,405.682,557.931,1128.505,272.7,1401.205,5.529,6480.977,3.27,6484.247,78208.589,200,261.233,323.155,24.207,17.817,1.094,4.913,6581.769,391.923,0.956,4457,16.4,1782.8,0,0,18.286,28.899,19.813,197.4,Burdekin,AyrDPI,Kala,1959,Furrow,BareFallow,77,Surf1,200,999,110,SWBased_900_60_30_15_60,P2R,15MayV1R4,T2,2363.6,1767.931,965.536,1238.236,43.118,18.911,9.51671756420358,0.120074507299075,10.1354819277108,0.841245,30.167
2013,15/05/2013,135,0,15-May,9,none,out,-1,0,2007,0.000,135,0,0,348,-1,21,2039,0,0,0,0,0,0,16100.586,6440.234,82.945,0,0,51.003,0,3.27,6480.977,6484.247,78208.589,0.815,0,0,505.6,92.16,110.045,364.205,0,179.286,179.286,0.153,6566.434,15.777,6582.211,79914.081,0,0,30.056,0.38,0.517,0.037,0.083,4184.678,392.85,0.519,1044.9,5.4,418,0,0,21.461,30.863,19.951,178.6,Burdekin,AyrDPI,Kala,1959,Furrow,BareFallow,77,Surf1,200,999,110,SWBased_900_60_30_15_60,P2R,15MayV1R4,T2,505.6,364.205,202.205,381.491,0.934,0.554,0,0,0,,0
2014,15/08/2014,227,2013,15-May,10,sugar,alive,0,457,2013,15/5/2013,135,0,0,348,2014,21,2039,8802.62,7787.64,7020.69,215.482,3700.15,17819.2,0,0,0,18.221,176.4,175.112,175.112,15.777,6566.434,6582.211,79914.081,0.816,17,1870,698.4,469.031,446.094,502.796,1482.762,280.515,1763.277,3.299,6419.344,2.813,6422.158,77312.703,200,373.611,407.144,13.172,17.566,5.915,3.05,6899.233,395.63,0.987,6204,22.8,2481.6,0,0,17.559,28.746,18.947,86.2,Burdekin,AyrDPI,Kala,1959,Furrow,BareFallow,77,Surf1,200,999,110,SWBased_900_60_30_15_60,P2R,15MayV1R4,T2,2568.4,2372.796,915.125,1195.64,36.653,23.481,9.08135381212713,0.12220541639232,9.28801724137931,1.07741,37.002
2015,15/09/2015,258,2014,15-May,10,sugar,alive,1,396,2013,15/8/2014,135,0,0,348,2015,21,2039,6721.51,5897.81,5373,163.879,2943.01,13485.1,20419.72,8167.887,98.684,19.189,98.7,65.11,1.07,2.813,6419.344,6422.158,77312.703,0.807,17,1870,418.6,344.495,406.35,306.801,1286.532,266.119,1552.651,1.185,6420.916,2.239,6423.154,77488.598,200,259.034,318.245,9.738,11.742,5.529,2.248,6969.957,398.079,0.962,4685.6,17.2,1874.2,0,0,18.093,29.915,20.724,83.4,Burdekin,AyrDPI,Kala,1959,Furrow,BareFallow,77,Surf1,200,999,110,SWBased_900_60_30_15_60,P2R,15MayV1R4,T2,2288.6,2176.801,750.845,1016.964,27.009,17.271,7.52843277819148,0.105547866197877,7.06375,0.819395,29.43
2016,14/10/2016,288,2015,15-May,10,sugar,alive,2,395,2013,15/9/2015,135,0,0,348,2016,21,2039,7021.89,6158.98,5515.75,167.804,2919.71,15061.4,15445.113,6178.044,65.437,18.501,105.3,50.215,0,2.239,6420.916,6423.154,77488.598,0.81,14,1540,554.6,295.662,284.763,477.674,1242.143,255.371,1497.514,1.223,6409.575,2.633,6412.208,77349.918,200,276.826,332.941,11.355,7.894,2.216,2.547,7335.097,400.559,0.958,4544.7,16.7,1817.9,0,0,19.416,30.075,19.216,43.6,Burdekin,AyrDPI,Kala,1959,Furrow,BareFallow,77,Surf1,200,999,110,SWBased_900_60_30_15_60,P2R,15MayV1R4,T2,2094.6,2017.674,580.425,835.796,21.465,10.11,8.31670527548058,0.112055045896065,8.43236180904523,0.83902,29.197
2017,14/11/2017,318,2016,15-May,10,sugar,alive,3,396,2013,14/10/2016,135,0,0,348,2017,21,2039,7156.68,6313.72,5527.59,168.817,2935.63,16290.9,16665.132,6666.053,75.66,18.489,99.3,66.876,2.836,2.633,6409.575,6412.208,77349.918,0.808,13,1430,933.4,415.891,412.408,612.939,1274.533,250.074,1524.607,2.569,6396.359,2.018,6398.377,77164.444,200,270.654,331.647,17.023,10.912,4.675,3.586,7401.671,403.083,0.954,4392,16.1,1756.8,0,0,18.878,30.031,18.424,107.8,Burdekin,AyrDPI,Kala,1959,Furrow,BareFallow,77,Surf1,200,999,110,SWBased_900_60_30_15_60,P2R,15MayV1R4,T2,2363.4,2042.939,828.299,1078.373,32.61,15.587,8.26343811538181,0.110728207334743,8.97962765957447,0.844085,29.356
2018,20/12/2018,354,2017,15-May,10,sugar,alive,4,401,2013,14/11/2017,135,0,6,348,2018,15,2039,7086.02,6202.93,5521.58,169.135,3053.85,15644.5,17580.502,7032.201,79.716,19.308,109.3,77.37,13.33,2.018,6396.359,6398.377,77164.444,0.805,14,1540,857.9,391.589,371.766,559.824,1265.652,260.389,1526.041,2.171,6382.676,1.104,6383.78,76936.26,200,283.994,334.823,12.372,6.581,2.322,2.733,7541.764,405.684,0.916,3539.3,13,1415.7,0,0,18.524,30.013,18.525,130.4,Burdekin,AyrDPI,Kala,1959,Furrow,BareFallow,77,Surf1,200,999,110,SWBased_900_60_30_15_60,P2R,15MayV1R4,T2,2397.9,2099.824,763.355,1023.744,21.275,8.903,8.05472268151998,0.110832539885888,8.49924623115578,0.845675,30.538
2019,15/05/2019,135,0,15-May,10,none,out,-1,0,2013,0.000,135,0,6,354,-1,15,2045,0,0,0,0,0,0,16306.238,6522.496,81.334,0,0,185.875,121.835,1.104,6382.676,6383.78,76936.26,0.803,0,0,921,588.933,185.044,247.895,0,162.569,162.569,0.293,6474.269,15.161,6489.43,79031.759,0,0,32.941,0.31,1.657,0.067,0.077,4127.634,406.647,0.489,959.2,4.8,383.7,0,0,21.848,30.758,16.151,92.8,Burdekin,AyrDPI,Kala,1959,Furrow,BareFallow,77,Surf1,200,999,110,SWBased_900_60_30_15_60,P2R,15MayV1R4,T2,921,247.895,773.977,936.546,2.034,1.724,0,0,0,,0
2020,14/08/2020,227,2019,15-May,11,sugar,alive,0,457,2019,15/5/2019,135,0,0,348,2020,21,2039,8548.42,7639.16,6753.63,208.165,3594.06,17947.9,0,0,0,18.336,183.3,170.329,170.329,15.161,6474.269,6489.43,79031.759,0.805,17,1870,1091.9,552.59,690.16,483.084,1520.345,288.158,1808.503,5.974,6323.366,2.064,6325.43,76112.156,200,382.117,409.036,12.9,12.036,4.927,2.998,7039.893,409.661,0.981,5687.7,20.9,2275.1,0,0,17.501,29.097,17.551,327.8,Burdekin,AyrDPI,Kala,1959,Furrow,BareFallow,77,Surf1,200,999,110,SWBased_900_60_30_15_60,P2R,15MayV1R4,T2,2961.9,2353.084,1242.75,1530.908,29.863,16.963,8.846475518936,0.115103486142959,8.97262931034483,1.040825,35.941
2021,14/09/2021,257,2020,15-May,11,sugar,alive,1,396,2019,14/8/2020,135,0,0,348,2021,21,2039,6498.77,5727.18,5000.41,152.289,2439.77,14983.6,20090.26,8036.104,98.361,16.805,94.8,80.975,16.935,2.064,6323.366,6325.43,76112.156,0.795,11,1210,1075.5,505.177,450.186,552.95,1097.249,225.545,1322.794,2.808,6327.314,1.644,6328.958,76284.786,200,259.978,314.711,9.803,9.163,2.827,2.275,6772.432,412.32,0.946,4178.1,15.4,1671.3,0,0,18.804,29.286,17.22,132.4,Burdekin,AyrDPI,Kala,1959,Furrow,BareFallow,77,Surf1,200,999,110,SWBased_900_60_30_15_60,P2R,15MayV1R4,T2,2285.5,1762.95,955.363,1180.908,21.793,11.99,8.63830511358802,0.115126769549907,9.17403614457831,0.761445,24.398
1960,16/05/1960,137,0,15-May,0,none,out,-1,0,-1,0.000,137,2,0,350,-1,20,2039,0,0,0,0,0,0,0,0,0,0,0,0,0,0,0,0,0,1.165,0,0,826,165.849,302.209,405.205,0,205.333,205.333,14.136,8906.872,242.202,9149.074,105171.556,0,0,294.315,25.727,36.065,3.087,5.118,3079.835,350,0.011,15.8,0.1,6.3,0,0,21.706,29.949,18.667,210.1,Burdekin,AyrDPI,Kala,1960,Furrow,BareFallow,77,Surf1,200,999,110,SWBased_900_60_30_15_60,P2R,15MayV1R4,T2,826,405.205,468.058,673.391,64.879,39.152,0,0,0,,0
1961,16/08/1961,228,1960,15-May,1,sugar,alive,0,457,1960,16/5/1960,137,2,0,350,1961,19,2039,7955.49,6996.8,6279.87,191.562,3420.91,16756.2,0,0,0,19.065,263.8,189.81,189.81,242.202,8906.872,9149.074,105171.556,1.129,19,2090,538.2,503.906,501.719,362.609,1432.179,313.14,1745.32,10.475,8577.662,11.397,8589.06,102799.622,200,503.49,589.41,81.243,207.89,12.918,15.871,6355.546,350,0.976,5339,19.6,2135.6,0,0,16.27,28.108,20.08,63.2,Burdekin,AyrDPI,Kala,1960,Furrow,BareFallow,77,Surf1,200,999,110,SWBased_900_60_30_15_60,P2R,15MayV1R4,T2,2628.2,2452.609,1005.625,1318.765,302.051,220.808,7.81053971505446,0.109757522975729,7.54181102362205,0.95781,34.209
1962,16/09/1962,259,1961,15-May,1,sugar,alive,1,396,1960,16/8/1961,137,2,0,350,1962,19,2039,6761.68,5890.79,5210.38,157.849,2598.23,15513,18780.913,7512.365,104.475,17.346,146.1,67.065,3.025,11.397,8577.662,8589.06,102799.622,1.092,14,1540,937.4,520.774,439.392,509.554,1267.592,260.592,1528.185,2.896,8502.575,6.43,8509.005,102163.707,200,326.26,402.965,23.276,18.916,3.423,4.825,7449.291,350,0.96,4614,17,1845.6,0,0,17.144,29.15,20.286,102.1,Burdekin,AyrDPI,Kala,1960,Furrow,BareFallow,77,Surf1,200,999,110,SWBased_900_60_30_15_60,P2R,15MayV1R4,T2,2477.4,2049.554,960.166,1220.758,45.615,22.339,7.70162679295105,0.103291813491168,7.93211055276382,0.789245,25.982
1963,16/10/1963,289,1962,15-May,1,sugar,alive,2,395,1960,16/9/1962,137,2,0,350,1963,19,2039,6658.32,5887.67,5167.8,157.968,2559.85,14905.2,17107.907,6843.163,96.728,17.032,146.1,56.114,0,6.43,8502.575,8509.005,102163.707,1.082,13,1430,1159.2,688.586,431.396,573.657,1207.127,263.271,1470.399,2.954,8423.694,5.195,8428.889,101232.617,200,333.833,401.055,20.535,14.124,2.429,4.284,7821.695,350,0.945,4143.7,15.2,1657.5,0,0,17.257,29.174,19.63,91.9,Burdekin,AyrDPI,Kala,1960,Furrow,BareFallow,77,Surf1,200,999,110,SWBased_900_60_30_15_60,P2R,15MayV1R4,T2,2589.2,2003.657,1119.982,1383.253,37.088,16.553,7.88398413500914,0.107432064358042,8.40255319148936,0.78984,25.598
1964,15/11/1964,320,1963,15-May,1,sugar,alive,3,396,1960,16/10/1963,137,2,0,350,1964,19,2039,6366.25,5570.44,4896.09,148.684,2600.15,14701.6,16191.538,6476.615,93.079,18.61,153.7,54.934,0,5.195,8423.694,8428.889,101232.617,1.07,14,1540,609.9,356.518,295.439,421.937,1231.423,255.422,1486.845,1.533,8336.396,7.361,8343.757,100032.003,200,340.69,411.33,20.53,14.06,2.373,4.292,8209.319,350,0.928,3759.4,13.8,1503.8,0,0,18.245,29.96,19.603,92.7,Burdekin,AyrDPI,Kala,1960,Furrow,BareFallow,77,Surf1,200,999,110,SWBased_900_60_30_15_60,P2R,15MayV1R4,T2,2149.9,1961.937,651.957,907.379,36.963,16.433,7.57842886902077,0.0999996637174688,7.47155778894472,0.74342,26.002
1965,20/12/1965,354,1964,15-May,1,sugar,alive,4,400,1960,15/11/1964,137,2,5,350,1965,14,2039,6999.11,6150.94,5452.36,167.511,2868.3,15467.5,15691.903,6276.761,92.268,18.161,138.2,66.033,1.993,7.361,8336.396,8343.757,100032.003,1.058,15,1650,956.2,589.775,426.872,493.75,1207.177,277.269,1484.446,1.89,8250.725,1.637,8252.362,99084.19,200,307.208,399.26,32.975,38.216,3.162,6.553,7593.477,350,0.929,3785.4,14,1514.1,0,0,17.622,29.053,20.189,107.4,Burdekin,AyrDPI,Kala,1960,Furrow,BareFallow,77,Surf1,200,999,110,SWBased_900_60_30_15_60,P2R,15MayV1R4,T2,2606.2,2143.75,1016.647,1293.916,74.353,41.378,7.81392419825073,0.112844118277122,7.97671428571429,0.837555,28.683
1966,15/05/1966,135,0,15-May,1,none,out,-1,0,1960,0.000,135,0,5,355,-1,14,2044,0,0,0,0,0,0,16364.974,6545.989,88.454,0,0,171.14,107.1,1.637,8250.725,8252.362,99084.19,1.046,0,0,163,21.176,0.719,161.404,0,137.203,137.203,0.001,8302.473,57.417,8359.89,100147.857,0,0,68.228,0.91,0.083,0.001,0.27,4782.305,350,0.602,1317.6,7.1,527.1,0,0,20.568,30.845,20.163,39.9,Burdekin,AyrDPI,Kala,1960,Furrow,BareFallow,77,Surf1,200,999,110,SWBased_900_60_30_15_60,P2R,15MayV1R4,T2,163,161.404,21.895,159.098,0.994,0.084,0,0,0,,0
1967,15/08/1967,227,1966,15-May,2,sugar,alive,0,457,1966,15/5/1966,135,0,0,348,1967,21,2039,8619.63,7703.79,6782.29,209.288,3703.57,18373.4,0,0,0,18.866,220.5,175.042,175.042,57.417,8302.473,8359.89,100147.857,1.042,18,1980,852.9,569.391,565.161,504.795,1494.352,304.773,1799.125,4.478,8090.358,3.57,8093.928,97101.256,200,437.288,474.654,26.011,43.362,9.71,5.52,7334.436,350,0.974,5235.2,19.2,2094.1,0,0,17.26,28.132,18.681,154.9,Burdekin,AyrDPI,Kala,1960,Furrow,BareFallow,77,Surf1,200,999,110,SWBased_900_60_30_15_60,P2R,15MayV1R4,T2,2832.9,2484.795,1134.552,1439.325,79.083,53.072,8.42274714815508,0.116327659278816,8.61267489711934,1.04644,37.036
1968,14/09/1968,258,1967,15-May,2,sugar,alive,1,396,1966,15/8/1967,135,0,0,348,1968,21,2039,7270.38,6421.52,5678.88,173.611,2872.86,15915,20067.29,8026.916,101.532,17.454,129.1,74.266,10.226,3.57,8090.358,8093.928,97101.256,1.026,13,1430,1458.4,732.402,692.741,543.343,1225.76,248.337,1474.098,6.716,8045.735,4.085,8049.82,96780.381,200,311.018,367.672,12.553,10.338,2.565,2.834,7634.638,350,0.954,4405.3,16.2,1762.1,0,0,17.894,28.57,20.086,187.9,Burdekin,AyrDPI,Kala,1960,Furrow,BareFallow,77,Surf1,200,999,110,SWBased_900_60_30_15_60,P2R,15MayV1R4,T2,2888.4,1973.343,1425.143,1673.48,25.456,12.903,8.79781163234167,0.117774394918113,9.23462765957447,0.868055,28.729
1969,14/10/1969,287,1968,15-May,2,sugar,alive,2,395,1966,14/9/1968,135,0,0,348,1969,21,2039,6281.03,5441.75,4878.79,147.172,2469.34,14022.5,17272.27,6908.907,84.804,17.738,135.8,63.425,0,4.085,8045.735,8049.82,96780.381,1.022,16,1760,202.9,224.878,299.2,195.018,1201.949,255.902,1457.851,1.242,7979.966,5.933,7985.899,95976.892,200,327.852,383.299,14.915,8.586,2.153,3.248,7840.136,350,0.97,5002.2,18.4,2000.9,0,0,17.557,29.56,20.698,46.5,Burdekin,AyrDPI,Kala,1960,Furrow,BareFallow,77,Surf1,200,999,110,SWBased_900_60_30_15_60,P2R,15MayV1R4,T2,1962.9,1955.018,524.078,779.98,25.654,10.739,7.52791022895953,0.100951331789051,6.6593665158371,0.73586,24.693
1970,14/11/1970,318,1969,15-May,2,sugar,alive,3,396,1966,14/10/1969,135,0,0,348,1970,21,2039,7156.19,6341.12,5506.72,168.769,2987.75,16494.6,16170.95,6468.38,91.901,18.875,151.8,44.396,0,5.933,7979.966,7985.899,95976.892,1.013,15,1650,761.7,400.51,398.337,489.229,1316.641,260.553,1577.193,3.522,7901.691,3.922,7905.614,94971.035,200,337.817,393.329,18.255,15,2.104,3.823,7992.392,350,0.943,4086.7,15,1634.7,0,0,18.289,29.657,20.574,133.6,Burdekin,AyrDPI,Kala,1960,Furrow,BareFallow,77,Surf1,200,999,110,SWBased_900_60_30_15_60,P2R,15MayV1R4,T2,2411.7,2139.229,798.847,1059.4,35.359,17.104,7.88924420901175,0.107005927619511,8.03661904761905,0.843845,29.878
1971,14/12/1971,348,1970,15-May,2,sugar,alive,4,395,1966,14/11/1970,135,0,0,348,1971,21,2039,6829.64,5970.16,5287.17,161.904,2812.23,15424.7,17494.103,6997.642,93.869,18.465,120,80.055,16.015,3.922,7901.691,7905.614,94971.035,1.002,11,1210,1187.9,470.042,455.597,707.338,1190.55,296.659,1487.209,2.147,7845.08,7.199,7852.279,94228.165,200,288.452,383.877,31.852,23.635,3.719,6.341,7981.437,350,0.88,3028,11.1,1211.2,0,0,17.948,29.203,20.083,220,Burdekin,AyrDPI,Kala,1960,Furrow,BareFallow,77,Surf1,200,999,110,SWBased_900_60_30_15_60,P2R,15MayV1R4,T2,2397.9,1917.338,925.639,1222.298,59.206,27.354,8.44420754191489,0.108864322364913,9.75325301204819,0.80952,28.122
1972,14/05/1972,135,0,15-May,2,none,out,-1,0,1966,0.000,135,0,0,348,-1,21,2039,0,0,0,0,0,0,15684.823,6273.929,83.278,0,0,65.106,1.066,7.199,7845.08,7852.279,94228.165,0.994,0,0,1244.5,690.034,278.425,410.933,0,176.399,176.399,0.438,7915.717,43.627,7959.344,95538.795,0,0,57.708,0.862,2.007,0.11,0.147,4730.579,350,0.472,913.1,4.8,365.2,0,0,20.509,30.311,18.726,206.2,Burdekin,AyrDPI,Kala,1960,Furrow,BareFallow,77,Surf1,200,999,110,SWBased_900_60_30_15_60,P2R,15MayV1R4,T2,1244.5,410.933,968.459,1144.858,2.979,2.117,0,0,0,,0
1973,14/08/1973,226,1972,15-May,3,sugar,alive,0,457,1972,14/5/1972,135,0,0,348,1973,21,2039,8066.16,7117.61,6314.95,193,3045.57,17512.1,0,0,0,16.51,214.4,164.748,164.748,43.627,7915.717,7959.344,95538.795,0.993,16,1760,1056.1,709.46,508.509,541.468,1393.357,292.986,1686.343,4.937,7709.404,5.006,7714.409,92482.981,200,434.66,466.438,21.754,28.499,8.078,4.726,7173.789,350,0.981,5643.3,20.7,2257.3,0,0,16.737,28.293,19.139,108.5,Burdekin,AyrDPI,Kala,1960,Furrow,BareFallow,77,Surf1,200,999,110,SWBased_900_60_30_15_60,P2R,15MayV1R4,T2,2816.1,2301.468,1217.969,1510.955,58.331,36.577,8.38595192285967,0.114448839886073,8.73303167420814,0.965,30.456
1974,14/09/1974,257,1973,15-May,3,sugar,alive,1,396,1972,14/8/1973,135,0,0,348,1974,21,2039,6276.38,5523.2,4828.76,147.192,2286.87,14476.1,19682.094,7872.838,105.372,16.21,119,76.536,12.496,5.006,7709.404,7714.409,92482.981,0.977,7,770,2022,977.992,538.443,855.143,1022.462,263.223,1285.685,6.318,7673.745,4.585,7678.331,92215.001,200,295.189,348.365,20.31,5.561,2.173,4.197,7032.507,350,0.924,3678.4,13.5,1471.4,0,0,17.679,28.244,18.189,152.9,Burdekin,AyrDPI,Kala,1960,Furrow,BareFallow,77,Surf1,200,999,110,SWBased_900_60_30_15_60,P2R,15MayV1R4,T2,2792,1625.143,1516.435,1779.658,28.044,7.734,9.05717219961567,0.114485274386806,12.0649180327869,0.73596,22.869
1975,14/10/1975,287,1974,15-May,3,sugar,alive,2,395,1972,14/9/1974,135,0,0,348,1975,21,2039,7306.12,6483.36,5590.93,171.177,2905.91,17151.9,15431.35,6172.54,87.639,17.981,131,66.417,2.377,4.585,7673.745,7678.331,92215.001,0.975,12,1320,780.5,314.092,281.162,607.752,1235.476,269.148,1504.625,2.296,7619.232,3.915,7623.147,91656.276,200,316.797,369.45,18,8.493,2.39,3.807,7548.892,350,0.942,4069.7,14.9,1627.9,0,0,18.147,28.754,19.953,65,Burdekin,AyrDPI,Kala,1960,Furrow,BareFallow,77,Surf1,200,999,110,SWBased_900_60_30_15_60,P2R,15MayV1R4,T2,2100.5,1927.752,595.254,864.402,28.883,10.883,8.87961729517075,0.113767217745285,9.67101694915254,0.855885,29.059
1976,13/11/1976,318,1975,15-May,3,sugar,alive,3,396,1972,14/10/1975,135,0,0,348,1976,21,2039,6355.66,5630.22,5002.13,153.898,2908.96,13535.3,18038.375,7215.35,89.996,20.349,93.2,67.039,2.999,3.915,7619.232,7623.147,91656.276,0.967,10,1100,1934.3,1103.904,583.716,807.235,1062.053,281.813,1343.866,2.741,7575.295,5.118,7580.412,91111.046,200,238.68,352.28,22.95,59.5,8.362,4.696,7447.079,350,0.922,3635.9,13.4,1454.4,0,0,17.87,28.574,19.684,179.8,Burdekin,AyrDPI,Kala,1960,Furrow,BareFallow,77,Surf1,200,999,110,SWBased_900_60_30_15_60,P2R,15MayV1R4,T2,3034.3,1907.235,1687.62,1969.433,90.812,67.862,8.06916819374644,0.114518858279025,9.92890322580645,0.76949,29.09
1977,13/12/1977,347,1976,15-May,3,sugar,alive,4,395,1972,13/11/1976,135,0,0,348,1977,21,2039,6651.12,5874.31,5163.23,158.562,2712.71,14878.9,14595.523,5838.209,67.863,18.143,108.2,69.853,5.813,5.118,7575.295,7580.412,91111.046,0.96,10,1100,1399.8,585.81,583.041,642.613,1057.054,270.978,1328.032,2.427,7516.405,4.908,7521.313,90400.895,200,276.917,363.077,21.727,38.618,3.381,4.526,7128.995,350,0.939,3999.2,14.7,1599.7,0,0,18.177,28.478,20.105,170.6,Burdekin,AyrDPI,Kala,1960,Furrow,BareFallow,77,Surf1,200,999,110,SWBased_900_60_30_15_60,P2R,15MayV1R4,T2,2499.8,1742.613,1168.851,1439.829,63.726,41.999,9.09909429115931,0.119396219368208,10.2298064516129,0.79281,27.127
1978,15/05/1978,135,0,15-May,3,none,out,-1,0,1972,0.000,135,0,0,348,-1,21,2039,0,0,0,0,0,0,16046.375,6418.55,83.964,0,0,72.769,8.729,4.908,7516.405,7521.313,90400.895,0.951,0,0,682.5,213.613,167.204,389.122,0,184.508,184.508,0.306,7583.905,36.838,7620.743,91549.07,0,0,53.496,2.615,0.963,0.166,0.437,4683.818,350,0.501,994.3,5.2,397.7,0,0,21.465,30.524,20.834,150.6,Burdekin,AyrDPI,Kala,1960,Furrow,BareFallow,77,Surf1,200,999,110,SWBased_900_60_30_15_60,P2R,15MayV1R4,T2,682.5,389.122,380.817,565.325,3.744,1.129,0,0,0,,0
1979,15/08/1979,227,1978,15-May,4,sugar,alive,0,457,1978,15/5/1978,135,0,0,348,1979,21,2039,8525.17,7635,6688.26,206.346,3249.53,18369.1,0,0,0,16.47,199.4,189.944,189.944,36.838,7583.905,7620.743,91549.07,0.95,14,1540,1669.1,844.239,793.128,686.472,1367.467,319.807,1687.274,6.205,7401.688,3.502,7405.191,88922.237,200,409.457,440.639,29.929,19.639,4.832,6.218,6768.351,350,0.978,5439.3,20,2175.7,0,0,17.123,27.64,18.328,350.7,Burdekin,AyrDPI,Kala,1960,Furrow,BareFallow,77,Surf1,200,999,110,SWBased_900_60_30_15_60,P2R,15MayV1R4,T2,3209.1,2226.472,1637.367,1957.174,54.4,24.471,9.26784617098262,0.122295489647799,10.3691457286432,1.03173,32.495
1980,14/09/1980,258,1979,15-May,4,sugar,alive,1,396,1978,15/8/1979,135,0,0,348,1980,21,2039,7111.59,6251.79,5577.71,170.319,2900.92,15338.8,20237.156,8094.862,102.464,18.05,116.9,74.403,10.363,3.502,7401.688,7405.191,88922.237,0.937,15,1650,778.5,545.188,421.589,390.852,1214.529,265.041,1479.569,1.992,7376.023,3.476,7379.498,88837.086,200,290.961,344.045,11.584,9.597,2.832,2.614,7207.436,350,0.962,4656.9,17.1,1862.8,0,0,18.321,28.783,20.553,86.4,Burdekin,AyrDPI,Kala,1960,Furrow,BareFallow,77,Surf1,200,999,110,SWBased_900_60_30_15_60,P2R,15MayV1R4,T2,2428.5,2040.852,966.777,1231.818,24.013,12.429,8.34548512092009,0.115113928448082,8.11042857142857,0.851595,29.009
1981,14/10/1981,287,1980,15-May,4,sugar,alive,2,395,1978,14/9/1980,135,0,0,348,1981,21,2039,6583.02,5765.3,5108.36,155.366,2536.63,14746.6,16996.388,6798.555,78.491,17.182,114.8,56.557,0,3.476,7376.023,7379.498,88837.086,0.936,11,1210,1125.6,651.536,341.169,579.444,1101.047,239.679,1340.726,1.497,7347.393,4.074,7351.466,88489.326,200,292.722,344.843,12.419,8.297,2.036,2.757,7341.822,350,0.959,4552.2,16.7,1820.9,0,0,17.855,28.507,19.328,104.8,Burdekin,AyrDPI,Kala,1960,Furrow,BareFallow,77,Surf1,200,999,110,SWBased_900_60_30_15_60,P2R,15MayV1R4,T2,2335.6,1789.444,992.705,1232.384,22.752,10.333,8.68236167211715,0.115881992293727,9.35939759036145,0.77683,25.366
1982,14/11/1982,318,1981,15-May,4,sugar,alive,3,396,1978,14/10/1981,135,0,0,348,1982,21,2039,6649.81,5865.41,5183.44,158.768,2678.5,14663.7,16404.054,6561.623,83.591,17.851,122.7,58.725,0,4.074,7347.393,7351.466,88489.326,0.931,13,1430,594.4,311.671,239.381,463.241,1202.635,281.328,1483.964,1.608,7295.223,4.547,7299.77,87830.678,200,299.663,367.28,29.793,9.581,0.439,6.012,7433.34,350,0.947,4204.1,15.5,1681.6,0,0,17.665,29.241,20.364,47.4,Burdekin,AyrDPI,Kala,1960,Furrow,BareFallow,77,Surf1,200,999,110,SWBased_900_60_30_15_60,P2R,15MayV1R4,T2,2024.4,1893.241,551.052,832.38,39.813,10.02,8.38604277004354,0.106989118334407,8.44510638297872,0.79384,26.785
1983,14/12/1983,348,1982,15-May,4,sugar,alive,4,395,1978,14/11/1982,135,0,0,348,1983,21,2039,6760.89,5917.63,5216.62,159.194,2704.79,15442.8,16037.688,6415.076,88.728,17.998,128.3,48.11,0,4.547,7295.223,7299.77,87830.678,0.923,13,1430,716.9,415.506,320.208,447.419,1108.069,273.865,1381.933,2.424,7248.11,4.943,7253.052,87139.815,200,307.048,364.654,18.622,8.907,2.263,3.916,7605.77,350,0.924,3688.5,13.6,1475.4,0,0,19.034,29.19,19.976,95.4,Burdekin,AyrDPI,Kala,1960,Furrow,BareFallow,77,Surf1,200,999,110,SWBased_900_60_30_15_60,P2R,15MayV1R4,T2,2146.9,1877.419,735.714,1009.579,29.792,11.17,8.47940710091887,0.115196612281493,8.46776595744681,0.79597,27.048
1984,14/05/1984,135,0,15-May,4,none,out,-1,0,1978,0.000,135,0,0,348,-1,21,2039,0,0,0,0,0,0,16261.578,6504.631,88.456,0,0,77.362,13.322,4.943,7248.11,7253.052,87139.815,0.917,0,0,414,114.041,24.729,339.741,0,180.993,180.993,0.035,7330.842,30.223,7361.065,88636.363,0,0,39.022,0.392,0.514,0.011,0.101,4352.51,350,0.586,1261.3,6.9,504.5,0,0,20.58,30.063,19.116,75.6,Burdekin,AyrDPI,Kala,1960,Furrow,BareFallow,77,Surf1,200,999,110,SWBased_900_60_30_15_60,P2R,15MayV1R4,T2,414,339.741,138.77,319.763,0.917,0.525,0,0,0,,0
1985,14/08/1985,226,1984,15-May,5,sugar,alive,0,457,1984,14/5/1984,135,0,0,348,1985,21,2039,8253.88,7345.16,6521.92,200.568,3356.76,17319.6,0,0,0,17.686,204.1,171.599,171.599,30.223,7330.842,7361.065,88636.363,0.917,14,1540,864.3,402.194,385.931,681.703,1420.29,299.873,1720.162,5.032,7147.922,3.437,7151.358,85877.218,200,416.509,441.342,18.602,18.158,5.801,4.103,6961.209,350,0.979,5541.8,20.3,2216.7,0,0,16.756,28.057,18.639,111.4,Burdekin,AyrDPI,Kala,1960,Furrow,BareFallow,77,Surf1,200,999,110,SWBased_900_60_30_15_60,P2R,15MayV1R4,T2,2404.3,2221.703,788.125,1087.998,42.561,23.959,9.02766931493544,0.116598320390754,10.0787939698492,1.00284,33.568
1986,14/09/1986,257,1985,15-May,5,sugar,alive,1,396,1984,14/8/1985,135,0,0,348,1986,21,2039,7101.85,6312.33,5437.68,166.609,2948.24,16641.7,19432.176,7772.87,103.354,18.865,111,67.612,3.572,3.437,7147.922,7151.358,85877.218,0.904,13,1430,746.3,321.163,323.396,536.854,1271.139,250.92,1522.059,1.448,7118.617,2.886,7121.504,85663.815,200,277.192,347.978,16.669,22.49,2.37,3.557,7226.813,350,0.937,3945.6,14.5,1578.2,0,0,18.093,29,18.824,117.8,Burdekin,AyrDPI,Kala,1960,Furrow,BareFallow,77,Surf1,200,999,110,SWBased_900_60_30_15_60,P2R,15MayV1R4,T2,2176.3,1966.854,644.559,895.479,41.529,24.86,8.47083718466139,0.109462905183045,8.86218085106383,0.833045,29.482
1987,14/10/1987,287,1986,15-May,5,sugar,alive,2,395,1984,14/9/1986,135,0,0,348,1987,21,2039,6578.9,5775.88,5144.03,156.751,2676.92,14348.7,17499.183,6999.673,76.087,18.105,116.8,77.293,13.253,2.886,7118.617,7121.504,85663.815,0.903,15,1650,411.5,228.512,302.749,372.983,1242.68,302.707,1545.387,2.047,7081.857,3.484,7085.341,85312.932,200,296.895,349.571,21.634,2.363,1.978,4.463,7400.94,350,0.954,4413.9,16.2,1765.6,0,0,18.427,29.81,19.937,44,Burdekin,AyrDPI,Kala,1960,Furrow,BareFallow,77,Surf1,200,999,110,SWBased_900_60_30_15_60,P2R,15MayV1R4,T2,2061.5,2022.983,531.261,833.968,25.975,4.341,7.74850802008717,0.101431550802485,7.46433333333333,0.783755,26.769
1988,13/11/1988,318,1987,15-May,5,sugar,alive,3,396,1984,14/10/1987,135,0,0,348,1988,21,2039,6345.05,5563.6,4968.24,151.712,2446.17,13768.1,15948.225,6379.29,82.852,16.932,123.8,62.145,0,3.484,7081.857,7085.341,85312.932,0.897,12,1320,978.8,341.379,545.186,478.641,1128.281,283.297,1411.579,7.427,7041.474,4.51,7045.985,84799.547,200,296.544,348.629,14.6,13.531,1.402,3.182,7153.496,350,0.951,4297,15.8,1718.8,0,0,18.747,29.6,20.015,254,Burdekin,AyrDPI,Kala,1960,Furrow,BareFallow,77,Surf1,200,999,110,SWBased_900_60_30_15_60,P2R,15MayV1R4,T2,2298.8,1798.641,886.565,1169.862,29.533,14.933,8.43481272805413,0.107476804344638,8.57129943502825,0.75856,24.462
1989,13/12/1989,347,1988,15-May,5,sugar,alive,4,395,1984,13/11/1988,135,0,0,348,1989,21,2039,6613.17,5873.07,5127.35,158.21,2759.2,14858.2,15355.361,6142.145,86.314,18.551,95.3,62.801,0,4.51,7041.474,7045.985,84799.547,0.89,9,990,1480.8,627.364,406.915,847.484,1083.642,325.727,1409.369,5.611,7002.79,2.396,7005.187,84267.658,200,238.826,350.262,35.215,50.604,1.75,6.972,6977.166,350,0.901,3302,12.1,1320.8,0,0,18.293,28.663,19.152,134.8,Burdekin,AyrDPI,Kala,1960,Furrow,BareFallow,77,Surf1,200,999,110,SWBased_900_60_30_15_60,P2R,15MayV1R4,T2,2470.8,1837.484,1034.279,1360.006,87.569,52.354,8.61014299988463,0.112255910269064,10.9868055555556,0.79105,27.592
1990,15/05/1990,135,0,15-May,5,none,out,-1,0,1984,0.000,135,0,0,348,-1,21,2039,0,0,0,0,0,0,15436.138,6174.456,72.355,0,0,89.953,25.913,2.396,7002.79,7005.187,84267.658,0.885,0,0,902.4,450.42,204.407,371.804,0,163.036,163.036,0.566,7078.683,17.13,7095.813,85469.677,0,0,41.66,2.357,2.912,0.213,0.234,4531.126,350.208,0.527,1070,5,428,0,0,20.831,30.983,20.923,103,Burdekin,AyrDPI,Kala,1960,Furrow,BareFallow,77,Surf1,200,999,110,SWBased_900_60_30_15_60,P2R,15MayV1R4,T2,902.4,371.804,654.827,817.863,5.482,3.125,0,0,0,,0
1991,15/08/1991,227,1990,15-May,6,sugar,alive,0,457,1990,15/5/1990,135,0,0,348,1991,21,2039,8094.08,7178.01,6452.78,198.32,2973.4,16412.9,0,0,0,15.541,174.2,174.49,174.49,17.13,7078.683,7095.813,85469.677,0.884,17,1870,1937.4,1183.233,1042.476,534.019,1391.523,302.766,1694.29,11.235,6919.726,4.1,6923.825,83194.393,200,361.802,419.135,16.254,35.877,6.387,3.639,6450.547,352.128,0.979,5505.4,20.2,2202.2,0,0,16.447,27.894,18.428,204.4,Burdekin,AyrDPI,Kala,1960,Furrow,BareFallow,77,Surf1,200,999,110,SWBased_900_60_30_15_60,P2R,15MayV1R4,T2,3807.4,2404.019,2225.709,2528.475,58.518,42.264,8.24951882659829,0.117051980475597,8.54827586206897,0.9916,29.734
1992,14/09/1992,258,1991,15-May,6,sugar,alive,1,396,1990,15/8/1991,135,0,0,348,1992,21,2039,7212.4,6362.49,5746.21,175.892,3171.91,14662,18630.591,7452.237,92.742,19.281,104.7,61.892,0,4.1,6919.726,6923.825,83194.393,0.874,17,1870,643.5,514.109,437.327,353.722,1301.113,265.823,1566.936,1.97,6902.884,2.918,6905.802,83234.432,200,272.962,331.189,12.2,16.269,1.846,2.711,6889.427,353.823,0.967,4863.9,17.9,1945.5,0,0,17.978,29.375,20.6,122.8,Burdekin,AyrDPI,Kala,1960,Furrow,BareFallow,77,Surf1,200,999,110,SWBased_900_60_30_15_60,P2R,15MayV1R4,T2,2513.5,2223.722,951.436,1217.259,30.315,18.115,7.90980167484965,0.112252191538136,7.58155172413793,0.87946,31.719
1993,14/10/1993,287,1992,15-May,6,sugar,alive,2,395,1990,14/9/1992,135,0,0,348,1993,21,2039,7386.6,6514.44,5781.94,176.829,3387.14,16046.6,16596.944,6638.779,73.083,20.66,103.5,57.02,0,2.918,6902.884,6905.802,83234.432,0.874,16,1760,531.1,362.1,371.787,413.83,1291.629,256.388,1548.017,1.399,6889.489,3.461,6892.949,83095.985,200,278.811,334.876,10.938,10.701,1.786,2.48,7501.101,355.556,0.955,4421.3,16.2,1768.5,0,0,17.951,29.038,20.484,72,Burdekin,AyrDPI,Kala,1960,Furrow,BareFallow,77,Surf1,200,999,110,SWBased_900_60_30_15_60,P2R,15MayV1R4,T2,2291.1,2173.83,733.887,990.275,23.425,12.487,8.13444473578891,0.11422936569818,8.00131221719457,0.884145,33.871
1994,14/11/1994,318,1993,15-May,6,sugar,alive,3,396,1990,14/10/1993,135,0,0,348,1994,21,2039,7482.07,6635.16,5952.59,182.953,3373.78,15294.9,17397.747,6959.1,76.97,19.782,106,66.216,2.176,3.461,6889.489,6892.949,83095.985,0.871,17,1870,365.6,315.057,340.524,282.928,1325.513,262.239,1587.753,1.412,6869.544,3.518,6873.062,82903.055,200,284.66,339.171,16.71,5.655,4.059,3.54,7568.491,357.322,0.967,4861.9,17.9,1944.7,0,0,18.061,29.441,20.865,46.8,Burdekin,AyrDPI,Kala,1960,Furrow,BareFallow,77,Surf1,200,999,110,SWBased_900_60_30_15_60,P2R,15MayV1R4,T2,2235.6,2152.928,655.581,917.82,26.424,9.714,8.49786894870614,0.11522762041703,7.88590517241379,0.914765,33.738
1995,14/12/1995,348,1994,15-May,6,sugar,alive,4,395,1990,14/11/1994,135,0,0,348,1995,21,2039,7755.72,6804.26,6092.07,186.676,3424.28,16636.5,17133.208,6853.284,82.159,19.662,118.8,58.483,0,3.518,6869.544,6873.062,82903.055,0.867,13,1430,581.9,198.569,260.377,497.506,1267.302,273.959,1541.26,1.83,6843.965,3.978,6847.942,82513.798,200,302.924,351.606,13.381,3.403,1.217,2.949,8065.784,359.122,0.941,4037.9,14.8,1615.2,0,0,19.554,29.457,20.605,55.2,Burdekin,AyrDPI,Kala,1960,Furrow,BareFallow,77,Surf1,200,999,110,SWBased_900_60_30_15_60,P2R,15MayV1R4,T2,2011.9,1927.506,458.946,732.905,18.001,4.62,9.68484663601566,0.121119084385503,9.92957446808511,0.93338,34.243
1996,14/05/1996,135,0,15-May,6,none,out,-1,0,1990,0.000,135,0,0,348,-1,21,2039,0,0,0,0,0,0,17573.191,7029.276,83.493,0,0,70.176,6.136,3.978,6843.965,6847.942,82513.798,0.863,0,0,427.8,105.811,81.216,298.512,0,134.945,134.945,0.087,6929.038,28.727,6957.766,84244.777,0,0,39.188,0.219,0.49,0.028,0.099,4724.694,359.823,0.673,1598.1,7.6,639.3,0,0,22.536,31.718,20.786,107,Burdekin,AyrDPI,Kala,1960,Furrow,BareFallow,77,Surf1,200,999,110,SWBased_900_60_30_15_60,P2R,15MayV1R4,T2,427.8,298.512,187.027,321.972,0.737,0.518,0,0,0,,0
1997,14/08/1997,226,1996,15-May,7,sugar,alive,0,457,1996,14/5/1996,135,0,0,348,1997,21,2039,9772.63,8720.18,7862.13,242.61,4179.06,19105,0,0,0,18.287,192.4,176.005,176.005,28.727,6929.038,6957.766,84244.777,0.862,17,1870,946.3,616.051,542.158,498.127,1480.341,289.311,1769.652,2.973,6774.062,3.625,6777.687,81589.761,200,397.069,424.266,14.638,19.564,5.171,3.34,7516.456,361.957,0.99,6536.8,24,2614.7,0,0,18.168,28.24,19.719,116.8,Burdekin,AyrDPI,Kala,1960,Furrow,BareFallow,77,Surf1,200,999,110,SWBased_900_60_30_15_60,P2R,15MayV1R4,T2,2816.3,2368.127,1158.209,1447.52,39.373,24.735,10.2448052828248,0.137094750832367,10.4573275862069,1.21305,41.791
1998,14/09/1998,257,1997,15-May,7,sugar,alive,1,396,1996,14/8/1997,135,0,0,348,1998,21,2039,7365.62,6523.25,5832.36,179.003,3243.96,15332.5,21795.51,8718.205,99.233,19.39,105.3,64.443,0.403,3.625,6774.062,6777.687,81589.761,0.853,12,1320,988.6,434.231,517.283,663.573,1084.91,257.882,1342.792,2.245,6772.96,2.752,6775.712,81681.77,200,275.693,329.456,10.387,7.008,1.549,2.392,7696.876,363.843,0.94,4030.3,14.8,1612.1,0,0,20.231,28.713,19.364,189.6,Burdekin,AyrDPI,Kala,1960,Furrow,BareFallow,77,Surf1,200,999,110,SWBased_900_60_30_15_60,P2R,15MayV1R4,T2,2308.6,1983.573,951.514,1209.396,18.944,8.557,9.0242708486151,0.133306573169933,10.1131638418079,0.895015,32.44
1999,14/10/1999,287,1998,15-May,7,sugar,alive,2,395,1996,14/9/1998,135,0,0,348,1999,21,2039,7034.64,6219.63,5579.35,171.186,3032.81,14552.8,16458.408,6583.363,65.149,18.891,102,78.737,14.697,2.752,6772.96,6775.712,81681.77,0.856,8,880,1114.4,321.286,331.241,764.901,1081.764,285.902,1367.666,2.158,6753.794,3.01,6756.805,81531.68,200,269.026,338.245,19.881,14.069,4.327,4.101,7419.43,365.763,0.953,4360.4,16,1744.2,0,0,19.63,28.738,19.443,112,Burdekin,AyrDPI,Kala,1960,Furrow,BareFallow,77,Surf1,200,999,110,SWBased_900_60_30_15_60,P2R,15MayV1R4,T2,1994.4,1644.901,652.527,938.429,38.277,18.396,10.4070700911483,0.125166524575445,12.8711278195489,0.85593,30.328
2000,15/11/2000,320,1999,15-May,7,sugar,alive,3,398,1996,14/10/1999,135,0,2,348,2000,19,2039,7548.08,6738.27,5977.19,184.529,3282.11,15708.9,16076.276,6430.51,73.563,18.977,110.4,52.943,0,3.01,6753.794,6756.805,81531.68,0.852,11,1210,1623.3,731.203,603.576,726.292,1125.077,278.387,1403.464,7.035,6738.634,1.64,6740.274,81304.215,200,279.152,331.605,13.866,12.856,1.32,3.048,7449.716,367.723,0.954,4389.2,16.1,1755.7,0,0,19.013,28.447,19.619,136,Burdekin,AyrDPI,Kala,1960,Furrow,BareFallow,77,Surf1,200,999,110,SWBased_900_60_30_15_60,P2R,15MayV1R4,T2,2833.3,1936.292,1334.779,1613.166,28.042,14.176,9.5300192326364,0.131481106747305,11.1162048192771,0.922645,32.821
2001,15/12/2001,349,2000,15-May,7,sugar,alive,4,395,1996,15/11/2000,135,0,2,350,2001,19,2041,7321.89,6328.06,5820.46,177.601,3396.38,15014.4,17083.408,6833.364,77.639,20.622,106.2,148.001,83.961,1.64,6738.634,6740.274,81304.215,0.849,16,1760,421.1,334.732,342.655,329.946,1316.18,287.711,1603.891,1.801,6714.991,4.251,6719.242,80987.945,200,283.331,335.329,19.749,2.783,5.004,4.081,7514.641,369.713,0.963,4706,17.3,1882.4,0,0,18.516,29.74,20.553,39.4,Burdekin,AyrDPI,Kala,1960,Furrow,BareFallow,77,Surf1,200,999,110,SWBased_900_60_30_15_60,P2R,15MayV1R4,T2,2181.1,2089.946,677.387,965.098,27.536,7.787,8.49787506471459,0.110731340221998,8.0362443438914,0.888005,33.964
2002,15/05/2002,135,0,15-May,7,none,out,-1,0,1996,0.000,135,0,2,350,-1,19,2041,0,0,0,0,0,0,16762.289,6704.916,84.559,0,0,47.823,0,4.251,6714.991,6719.242,80987.945,0.845,0,0,714,180.722,282.675,304.826,0,134.902,134.902,0.463,6796.62,27.255,6823.875,82713.552,0,0,36.853,0.142,0.782,0.102,0.076,4374.604,370.488,0.704,1740.7,8.8,696.3,0,0,21.744,32.322,21.739,206,Burdekin,AyrDPI,Kala,1960,Furrow,BareFallow,77,Surf1,200,999,110,SWBased_900_60_30_15_60,P2R,15MayV1R4,T2,714,304.826,463.397,598.299,1.026,0.884,0,0,0,,0
2003,15/08/2003,227,2002,15-May,8,sugar,alive,0,457,2002,15/5/2002,135,0,0,348,2003,21,2039,8754.09,7717.57,7022.66,215.251,3755.74,17314.3,0,0,0,18.561,189.6,163.524,163.524,27.255,6796.62,6823.875,82713.552,0.844,20,2200,538.6,533.513,414.96,342.834,1576.469,314.429,1890.898,2.825,6641.571,3.998,6645.568,79899.294,200,390.188,426.383,17.669,21.575,4.225,3.895,7561.656,372.843,0.985,6021.9,22.1,2408.8,0,0,17.109,29.089,20.104,51,Burdekin,AyrDPI,Kala,1960,Furrow,BareFallow,77,Surf1,200,999,110,SWBased_900_60_30_15_60,P2R,15MayV1R4,T2,2738.6,2542.834,948.473,1262.902,43.469,25.8,8.46500400733984,0.113835331149539,8.12267924528302,1.076255,37.557
2004,14/09/2004,258,2003,15-May,8,sugar,alive,1,396,2002,15/8/2003,135,0,0,348,2004,21,2039,7391.32,6548.32,5877.61,180.306,3327.45,15137.1,19835.762,7934.304,96.923,19.799,104.7,62.753,0,3.998,6641.571,6645.568,79899.294,0.837,16,1760,741,420.233,481.769,444.152,1324.496,269.98,1594.475,2.972,6629.451,2.471,6631.921,79968.306,200,272.774,334.676,13.757,15.013,1.995,3.005,7286.561,374.917,0.954,4384.7,16.1,1753.9,0,0,18.222,29.742,20.529,173.2,Burdekin,AyrDPI,Kala,1960,Furrow,BareFallow,77,Surf1,200,999,110,SWBased_900_60_30_15_60,P2R,15MayV1R4,T2,2501,2204.152,902.002,1171.982,30.765,17.008,8.18028883670455,0.113081735367441,8.15864253393665,0.90153,33.274
2005,14/10/2005,287,2004,15-May,8,sugar,alive,2,395,2002,14/9/2004,135,0,0,348,2005,21,2039,7465.28,6603.3,5885.09,180.214,3431.06,15801.9,16593.51,6637.404,70.755,20.518,105,67.275,3.235,2.471,6629.451,6631.921,79968.306,0.837,17,1870,728.7,448.238,555.87,318.519,1352.085,251.894,1603.979,3.703,6616.515,2.255,6618.77,79895.391,200,281.795,335.923,11.422,7.267,2.523,2.563,7466.484,377.032,0.965,4782.6,17.6,1913.1,0,0,18.444,29.715,20.552,143.4,Burdekin,AyrDPI,Kala,1960,Furrow,BareFallow,77,Surf1,200,999,110,SWBased_900_60_30_15_60,P2R,15MayV1R4,T2,2598.7,2188.519,1004.108,1256.002,21.212,9.79,8.23451841176613,0.112354338803688,7.76784482758621,0.90107,34.311
2006,14/11/2006,318,2005,15-May,8,sugar,alive,3,396,2002,14/10/2005,135,0,0,348,2006,21,2039,6768.85,5949.71,5374.72,163.976,2797.68,13941.3,17496.824,6998.73,77.767,18.086,103.6,57.887,0,2.255,6616.515,6618.77,79895.391,0.834,11,1210,923.4,295.166,431.761,593.201,1159.44,255.919,1415.359,1.748,6606.678,3.044,6609.722,79774.722,200,279.051,329.752,13.686,5.802,1.584,2.959,7451.926,379.182,0.967,4878.6,17.9,1951.5,0,0,18.902,29.43,19.985,178.4,Burdekin,AyrDPI,Kala,1960,Furrow,BareFallow,77,Surf1,200,999,110,SWBased_900_60_30_15_60,P2R,15MayV1R4,T2,2133.4,1803.201,726.927,982.846,21.072,7.386,9.0936063145484,0.115854705413962,9.87807228915663,0.81988,27.977
2007,14/12/2007,348,2006,15-May,8,sugar,alive,4,395,2002,14/11/2006,135,0,0,348,2007,21,2039,7175.34,6290.93,5727.28,175.875,3419.57,14480.6,15996.917,6398.768,81.17,21.015,87.7,49.002,0,3.044,6606.678,6609.722,79774.722,0.832,14,1540,988.9,618.878,423.156,476.967,1199.875,266.228,1466.103,2.109,6588.335,4.143,6592.478,79450.061,200,240.288,340.002,19.229,45.421,2.187,4.002,7310.067,381.368,0.943,4083.3,15,1633.3,0,0,18.389,28.958,19.987,130.2,Burdekin,AyrDPI,Kala,1960,Furrow,BareFallow,77,Surf1,200,999,110,SWBased_900_60_30_15_60,P2R,15MayV1R4,T2,2528.9,2016.967,1042.034,1308.262,66.837,47.608,8.71977578215211,0.119960875872978,8.83793969849246,0.879375,34.196
2008,14/05/2008,135,0,15-May,8,none,out,-1,0,2002,0.000,135,0,0,348,-1,21,2039,0,0,0,0,0,0,15779.316,6311.726,74.28,0,0,69.764,5.724,4.143,6588.335,6592.478,79450.061,0.829,0,0,1146.2,642.628,220.352,413.754,0,185.649,185.649,0.397,6665.429,21.098,6686.527,81347.11,0,0,33.05,0.383,2.104,0.084,0.081,4105.148,382.218,0.609,1342.3,6.3,536.9,0,0,20.861,30.441,19.055,108.2,Burdekin,AyrDPI,Kala,1960,Furrow,BareFallow,77,Surf1,200,999,110,SWBased_900_60_30_15_60,P2R,15MayV1R4,T2,1146.2,413.754,862.98,1048.629,2.571,2.188,0,0,0,,0
2009,14/08/2009,226,2008,15-May,9,sugar,alive,0,457,2008,14/5/2008,135,0,0,348,2009,21,2039,7911.28,6970.83,6297.03,192.442,3080.93,16142.5,0,0,0,16.792,174.5,167.336,167.336,21.098,6665.429,6686.527,81347.11,0.829,14,1540,1896.9,1086.791,840.142,619.076,1339.109,278.097,1617.206,5.451,6522.234,3.662,6525.896,78491.891,200,370.756,403.078,16.131,17.507,4.606,3.59,7035.856,384.802,0.985,6029.1,22.1,2411.6,0,0,17.397,28.514,18.07,197.2,Burdekin,AyrDPI,Kala,1960,Furrow,BareFallow,77,Surf1,200,999,110,SWBased_900_60_30_15_60,P2R,15MayV1R4,T2,3436.9,2159.076,1926.933,2205.03,38.244,22.113,8.9131647056426,0.118996590415816,9.67045226130653,0.96221,30.809
2010,14/09/2010,257,2009,15-May,9,sugar,alive,1,396,2008,14/8/2009,135,0,0,348,2010,21,2039,7336.85,6552.1,5751.84,176.99,2994.97,15850.1,18845.835,7538.335,98.596,17.914,104.5,60.098,0,3.662,6522.234,6525.896,78491.891,0.821,14,1540,1138.9,647.113,523.418,509.718,1235.07,258.146,1493.217,3.939,6513.504,2.134,6515.638,78522.253,200,265.21,326.93,12.245,18.319,1.87,2.732,7011.125,387.08,0.937,3955.6,14.5,1582.2,0,0,18.842,29.312,18.819,135.2,Burdekin,AyrDPI,Kala,1960,Furrow,BareFallow,77,Surf1,200,999,110,SWBased_900_60_30_15_60,P2R,15MayV1R4,T2,2678.9,2049.718,1170.531,1428.677,32.434,20.189,8.63484635447413,0.11852932293163,8.89396984924623,0.88495,29.95
2011,14/10/2011,287,2010,15-May,9,sugar,alive,2,395,2008,14/9/2010,135,0,0,348,2011,21,2039,6842.71,6088.09,5415.14,166.871,3061.65,14275.7,16834.858,6733.943,68.569,19.667,85,75.25,11.21,2.134,6513.504,6515.638,78522.253,0.823,7,770,1399.5,526.545,261.993,938.739,1105.356,298.018,1403.374,0.995,6509.075,2.386,6511.461,78587.613,200,245.611,311.304,25.807,12.97,2.346,5.147,6748.711,389.395,0.949,4246.1,15.6,1698.4,0,0,17.983,28.537,18.315,81.4,Burdekin,AyrDPI,Kala,1960,Furrow,BareFallow,77,Surf1,200,999,110,SWBased_900_60_30_15_60,P2R,15MayV1R4,T2,2169.5,1708.739,788.538,1086.556,41.123,15.316,9.76573953072997,0.118907005545207,13.6779508196721,0.834355,30.617
2012,13/11/2012,318,2011,15-May,9,sugar,alive,3,396,2008,14/10/2011,135,0,0,348,2012,21,2039,7006.09,6194.61,5534.13,169.595,2953.36,14719.6,15743.566,6297.427,72.889,18.519,99.1,52.838,0,2.386,6509.075,6511.461,78587.613,0.82,11,1210,1162.2,538.831,402.68,594.734,1167.687,260.358,1428.045,4.433,6499.224,2.653,6501.877,78513.288,200,276.643,317.496,13.698,3.387,1.421,2.95,6914.011,391.74,0.969,4980.4,18.3,1992.2,0,0,18.232,28.806,19.444,197.4,Burdekin,AyrDPI,Kala,1960,Furrow,BareFallow,77,Surf1,200,999,110,SWBased_900_60_30_15_60,P2R,15MayV1R4,T2,2372.2,1804.734,941.511,1201.869,18.506,4.808,9.39722973025388,0.118760263156973,10.2165662650602,0.847975,29.534
2013,13/12/2013,347,2012,15-May,9,sugar,alive,4,395,2008,13/11/2012,135,0,0,348,2013,21,2039,7565.01,6620.62,5947.66,182.079,3378.5,16173.5,16744.984,6697.993,85.38,19.923,104.9,55.483,0,2.653,6499.224,6501.877,78513.288,0.818,15,1650,605.4,285.882,389.309,423.886,1299.912,262.274,1562.186,1.9,6485.106,3.084,6488.19,78196.8,200,277.175,340.794,16.982,9.992,1.912,3.596,7619.556,394.129,0.946,4176.4,15.4,1670.6,0,0,18.809,29.727,20.452,178.6,Burdekin,AyrDPI,Kala,1960,Furrow,BareFallow,77,Surf1,200,999,110,SWBased_900_60_30_15_60,P2R,15MayV1R4,T2,2255.4,2073.886,675.191,937.465,28.886,11.904,8.77960505061513,0.116553982688361,8.67042857142857,0.910395,33.785
2014,15/05/2014,135,0,15-May,9,none,out,-1,0,2008,0.000,135,0,0,348,-1,21,2039,0,0,0,0,0,0,17297.457,6918.982,80.293,0,0,73.506,9.466,3.084,6485.106,6488.19,78196.8,0.816,0,0,569.2,233.103,76.433,328.445,0,160.659,160.659,0.147,6576.001,12.466,6588.467,80414.89,0,0,29.193,0.541,1.074,0.127,0.082,4014.87,395.07,0.665,1562.1,7.3,624.8,0,0,21.188,30.542,19.544,86.2,Burdekin,AyrDPI,Kala,1960,Furrow,BareFallow,77,Surf1,200,999,110,SWBased_900_60_30_15_60,P2R,15MayV1R4,T2,569.2,328.445,309.536,470.195,1.742,1.201,0,0,0,,0
2015,15/08/2015,227,2014,15-May,10,sugar,alive,0,457,2014,15/5/2014,135,0,0,348,2015,21,2039,8889.57,7856.55,7151.58,219.677,3818.66,17380,0,0,0,18.481,183.9,172.511,172.511,12.466,6576.001,6588.467,80414.89,0.817,21,2310,446.2,465.799,482.046,267.616,1607.668,311.64,1919.308,3.305,6431.681,3.275,6434.956,77448.026,200,374.369,411.92,12.626,14.969,5.23,2.939,7648.977,397.889,0.985,5959,21.9,2383.6,0,0,17.421,29.234,19.713,83.4,Burdekin,AyrDPI,Kala,1960,Furrow,BareFallow,77,Surf1,200,999,110,SWBased_900_60_30_15_60,P2R,15MayV1R4,T2,2756.2,2577.616,947.845,1259.485,32.825,20.199,8.52248744576384,0.114456356145027,7.9593115942029,1.098385,38.187
2016,14/09/2016,258,2015,15-May,10,sugar,alive,1,396,2014,15/8/2015,135,0,0,348,2016,21,2039,7341.41,6493.74,5781.75,176.998,3212.81,15596.5,19838.132,7935.254,90.642,19.426,102.6,61.557,0,3.275,6431.681,6434.956,77448.026,0.809,15,1650,538,312.368,301.379,471.653,1305.402,259.236,1564.638,0.902,6425.982,1.929,6427.912,77545.036,200,272.056,329.987,9.931,12.262,1.639,2.307,7334.917,400.366,0.95,4286.3,15.7,1714.5,0,0,19.103,29.867,19.185,43.6,Burdekin,AyrDPI,Kala,1960,Furrow,BareFallow,77,Surf1,200,999,110,SWBased_900_60_30_15_60,P2R,15MayV1R4,T2,2188,2121.653,613.747,872.983,23.832,13.901,8.3424575083673,0.113123930263742,8.42847619047619,0.88499,32.128
2017,14/10/2017,287,2016,15-May,10,sugar,alive,2,395,2014,14/9/2016,135,0,0,348,2017,21,2039,6683.28,5826.62,5213.4,157.919,2607.82,14698.8,16900.457,6760.184,68.87,17.412,101.5,71.172,7.132,1.929,6425.982,6427.912,77545.036,0.811,12,1320,860,345.242,375.149,582.223,1219.237,257.817,1477.054,1.781,6417.321,2.373,6419.694,77487.084,200,280.373,321.695,10.237,2.65,1.831,2.355,7226.074,402.887,0.971,5057.5,18.5,2023,0,0,18.783,30.109,18.59,107.8,Burdekin,AyrDPI,Kala,1960,Furrow,BareFallow,77,Surf1,200,999,110,SWBased_900_60_30_15_60,P2R,15MayV1R4,T2,2180,1902.223,720.391,978.208,14.718,4.481,8.30181319435208,0.106914845361104,8.92197740112994,0.789595,26.078
2018,14/11/2018,318,2017,15-May,10,sugar,alive,3,396,2014,14/10/2017,135,0,0,348,2018,21,2039,6587.46,5787.95,5130.67,156.717,2702.75,14567.9,16792.812,6717.124,81.429,18.313,106.3,53.727,0,2.373,6417.321,6419.694,77487.084,0.808,14,1540,742.1,446.546,383.847,419.896,1198.893,242.82,1441.714,3.316,6403.423,3.147,6406.57,77205.567,200,278.692,328.261,15.02,6.086,1.368,3.212,7249.206,405.446,0.94,4024,14.8,1609.6,0,0,18.275,29.723,18.447,130.4,Burdekin,AyrDPI,Kala,1960,Furrow,BareFallow,77,Surf1,200,999,110,SWBased_900_60_30_15_60,P2R,15MayV1R4,T2,2282.1,1959.896,830.393,1073.213,22.474,7.454,7.99618959373355,0.10870186458618,7.87522613065327,0.783585,27.028
2019,14/12/2019,348,2018,15-May,10,sugar,alive,4,395,2014,14/11/2018,135,0,0,348,2019,21,2039,5273.22,4606.81,4155.04,127.411,2327.24,11181.7,15803.054,6321.221,84.834,19.567,74.7,63.721,0,3.147,6403.423,6406.57,77205.567,0.806,10,1100,1162.8,727.028,358.497,454.165,915.012,278.342,1193.354,1.926,6371.524,4.443,6375.967,76734.646,200,195.476,334.022,31.123,82.471,0.878,6.208,6445.581,408.043,0.904,3346,12.3,1338.4,0,0,18.589,29.789,17.739,92.8,Burdekin,AyrDPI,Kala,1960,Furrow,BareFallow,77,Surf1,200,999,110,SWBased_900_60_30_15_60,P2R,15MayV1R4,T2,2262.8,1554.165,1085.525,1363.867,114.472,83.349,8.19803560111057,0.10676714537346,8.22006451612903,0.637055,23.272
2020,14/05/2020,135,0,15-May,10,none,out,-1,0,2014,0.000,135,0,0,348,-1,21,2039,0,0,0,0,0,0,12348.574,4939.43,58.997,0,0,47.642,0,4.443,6371.524,6375.967,76734.646,0.802,0,0,927.2,311.43,320.844,374.072,0,168.148,168.148,0.738,6442.56,20.897,6463.457,77759.514,0,0,33.056,0.57,1.288,0.269,0.098,3884.009,409.053,0.499,988.5,4.7,395.4,0,0,22.195,31.868,18.943,327.8,Burdekin,AyrDPI,Kala,1960,Furrow,BareFallow,77,Surf1,200,999,110,SWBased_900_60_30_15_60,P2R,15MayV1R4,T2,927.2,374.072,632.274,800.422,2.127,1.557,0,0,0,,0
2021,14/08/2021,226,2020,15-May,11,sugar,alive,0,457,2020,14/5/2020,135,0,0,348,2021,21,2039,7643.1,6720.16,6042.88,184.446,3070.66,16002.2,0,0,0,17.577,161.4,174.42,174.42,20.897,6442.56,6463.457,77759.514,0.801,14,1540,1143.8,672.336,553.657,515.395,1295.671,271.728,1567.398,5.819,6301.677,3.036,6304.713,75802.822,200,353.235,395.483,16.989,28.429,5.342,3.754,5861.375,412.114,0.983,5809.3,21.3,2323.7,0,0,18.007,28.72,16.5,132.4,Burdekin,AyrDPI,Kala,1960,Furrow,BareFallow,77,Surf1,200,999,110,SWBased_900_60_30_15_60,P2R,15MayV1R4,T2,2683.8,2055.395,1225.993,1497.721,50.76,33.771,8.9737495712503,0.117676556943418,9.2686432160804,0.92223,30.707
1961,15/05/1961,135,0,15-May,0,none,out,-1,0,-1,0.000,135,0,0,348,-1,21,2039,0,0,0,0,0,0,0,0,0,0,0,0,0,0,0,0,0,1.165,0,0,362.2,33.174,64.9,284.298,0,140.661,140.661,2.945,8910.178,277.934,9188.111,105203.304,0,0,291.186,18.426,6.37,0.988,3.814,3043.47,350,0.019,27.4,0.1,11,0,0,19.325,30.363,21.413,63.2,Burdekin,AyrDPI,Kala,1961,Furrow,BareFallow,77,Surf1,200,999,110,SWBased_900_60_30_15_60,P2R,15MayV1R4,T2,362.2,284.298,98.074,238.735,25.784,7.358,0,0,0,,0
1962,15/08/1962,227,1961,15-May,1,sugar,alive,0,457,1961,15/5/1961,135,0,0,348,1962,21,2039,7927.04,6971.09,6247.97,190.98,3181.57,16790.7,0,0,0,17.591,256.3,160.666,160.666,277.934,8910.178,9188.111,105203.304,1.129,16,1760,964.5,508.259,538.762,572.625,1465.463,311.134,1776.597,10.386,8568.781,9.911,8578.692,102711.462,200,491.837,602.14,98.141,254.191,10.229,19.023,6431.505,350,0.967,4883.3,17.9,1953.3,0,0,16.219,28.63,19.583,102.1,Burdekin,AyrDPI,Kala,1961,Furrow,BareFallow,77,Surf1,200,999,110,SWBased_900_60_30_15_60,P2R,15MayV1R4,T2,2724.5,2332.625,1047.021,1358.155,362.561,264.42,8.18734258614222,0.107497648594476,8.64162895927602,0.9549,31.816
1963,15/09/1963,258,1962,15-May,1,sugar,alive,1,396,1961,15/8/1962,135,0,0,348,1963,21,2039,6466.14,5713.35,4969.27,151.67,2459.17,14968.7,18422.889,7369.157,103.358,17.043,155.2,61.548,0,9.911,8568.781,8578.692,102711.462,1.091,12,1320,1162.3,626.124,407.321,625.577,1182.242,262.199,1444.442,2.558,8489.347,4.404,8493.751,101945.926,200,337.178,405.162,21.198,13.975,2.364,4.445,7449.699,350,0.93,3792.7,13.9,1517.1,0,0,17.17,29.04,19.287,91.9,Burdekin,AyrDPI,Kala,1961,Furrow,BareFallow,77,Surf1,200,999,110,SWBased_900_60_30_15_60,P2R,15MayV1R4,T2,2482.3,1945.577,1033.445,1295.644,37.537,16.339,7.79563080772439,0.105002485388821,8.56892655367231,0.75835,24.592
1964,14/10/1964,288,1963,15-May,1,sugar,alive,2,395,1961,15/9/1963,135,0,0,348,1964,21,2039,6231.43,5428.73,4846.66,146.652,2457.14,13847.7,15947.247,6378.899,95.888,17.709,152,65.962,1.922,4.404,8489.347,8493.751,101945.926,1.08,14,1540,564.7,331.734,318.85,430.777,1206.587,254.164,1460.751,2.449,8406.921,7.186,8414.107,100968.702,200,340.613,400.918,16.249,10.485,2.286,3.52,7668.047,350,0.96,4586.6,16.9,1834.6,0,0,17.853,29.757,19.759,92.7,Burdekin,AyrDPI,Kala,1961,Furrow,BareFallow,77,Surf1,200,999,110,SWBased_900_60_30_15_60,P2R,15MayV1R4,T2,2104.7,1970.777,650.584,904.748,29.02,12.771,7.44132897836742,0.100394933838827,7.3694472361809,0.73326,24.571
1965,14/11/1965,318,1964,15-May,1,sugar,alive,3,396,1961,14/10/1964,135,0,0,348,1965,21,2039,6592.26,5838.82,5142.51,158.023,2652,14497.5,15669.158,6267.663,95.462,17.742,148.8,59.327,0,7.186,8406.921,8414.107,100968.702,1.068,14,1540,827.8,512.559,397.436,393.761,1185.028,277.233,1462.261,3.841,8321.139,6.425,8327.564,99971.651,200,325.129,392.53,27.121,19.364,2.976,5.508,7406.631,350,0.943,4103.5,15.1,1641.4,0,0,17.49,29.079,20.228,107.4,Burdekin,AyrDPI,Kala,1961,Furrow,BareFallow,77,Surf1,200,999,110,SWBased_900_60_30_15_60,P2R,15MayV1R4,T2,2367.8,1933.761,909.995,1187.228,49.461,22.34,8.17179579068975,0.108067574803677,7.94085427135678,0.790115,26.52
1966,14/12/1966,348,1965,15-May,1,sugar,alive,4,395,1961,14/11/1965,135,0,0,348,1966,21,2039,6626.82,5784.3,5120.75,156.957,2727.61,15060.7,15810.875,6324.35,92.858,18.475,155.9,54.87,0,6.425,8321.139,8327.564,99971.651,1.056,13,1430,475,187.534,277.496,381.664,1126.533,296.262,1422.795,2.428,8236.377,6.815,8243.192,98846.284,200,326.804,399.768,35.482,8.046,1.751,7.063,7646.626,350,0.901,3303.7,12.2,1321.5,0,0,18.277,29.054,19.682,102.9,Burdekin,AyrDPI,Kala,1961,Furrow,BareFallow,77,Surf1,200,999,110,SWBased_900_60_30_15_60,P2R,15MayV1R4,T2,1905,1811.664,465.03,761.292,45.279,9.797,8.66369260525131,0.110315962594752,8.34877659574468,0.784785,27.276
1967,15/05/1967,135,0,15-May,1,none,out,-1,0,1961,0.000,135,0,0,348,-1,21,2039,0,0,0,0,0,0,15609.719,6243.888,83.647,0,0,72.045,8.005,6.815,8236.377,8243.192,98846.284,1.044,0,0,488.3,116.773,130.202,264.515,0,150.429,150.429,0.226,8295.555,58.013,8353.569,99827.959,0,0,70.18,1.249,0.599,0.124,0.2,4648.31,350,0.604,1322.7,7.1,529.1,0,0,20.819,30.991,20.168,154.9,Burdekin,AyrDPI,Kala,1961,Furrow,BareFallow,77,Surf1,200,999,110,SWBased_900_60_30_15_60,P2R,15MayV1R4,T2,488.3,264.515,246.975,397.404,1.972,0.723,0,0,0,,0
1968,14/08/1968,227,1967,15-May,2,sugar,alive,0,457,1967,15/5/1967,135,0,0,348,1968,21,2039,8230.56,7265.72,6576.41,201.485,3324.09,16541.5,0,0,0,17.393,206.6,162.941,162.941,58.013,8295.555,8353.569,99827.959,1.04,15,1650,1683.8,994.2,753.05,593.435,1380.358,302.621,1682.979,6.758,8090.195,6.364,8096.559,97077.919,200,418.88,473.707,26.96,57.652,4.527,5.701,7094.494,350,0.983,5817.8,21.4,2327.1,0,0,17.428,27.946,19.036,187.9,Burdekin,AyrDPI,Kala,1961,Furrow,BareFallow,77,Surf1,200,999,110,SWBased_900_60_30_15_60,P2R,15MayV1R4,T2,3333.8,2243.435,1747.25,2049.871,89.139,62.179,8.98109372457861,0.119719259717442,9.59452380952381,1.007425,33.241
1969,14/09/1969,257,1968,15-May,2,sugar,alive,1,396,1967,14/8/1968,135,0,0,348,1969,21,2039,6392.15,5548,4935.39,149.31,2531.63,14567.6,19005.466,7602.187,102.306,17.955,135.4,66.513,2.473,6.364,8090.195,8096.559,97077.919,1.025,17,1870,202.9,258.52,324.465,187.996,1236.623,269.625,1506.247,1.546,8023.39,5.212,8028.602,96404.606,200,322.046,380.999,14.951,13.909,2.783,3.288,7357.162,350,0.958,4522.7,16.6,1809.1,0,0,17.462,29.388,20.407,46.5,Burdekin,AyrDPI,Kala,1961,Furrow,BareFallow,77,Surf1,200,999,110,SWBased_900_60_30_15_60,P2R,15MayV1R4,T2,2072.9,2057.996,582.985,852.61,31.643,16.692,7.25511614211106,0.0991271683860615,6.43577586206897,0.74655,25.316
1970,14/10/1970,287,1969,15-May,2,sugar,alive,2,395,1967,14/9/1969,135,0,0,348,1970,21,2039,6659,5846.92,5159.21,157.017,2649.65,14997.9,16226.771,6490.709,89.034,17.856,137.7,50.181,0,5.212,8023.39,8028.602,96404.606,1.019,16,1760,674.6,449.966,445.518,359.545,1249.934,282.574,1532.508,3.841,7954.769,4.923,7959.692,95627.822,200,321.761,387.948,20.525,13.132,2.6,4.3,7591.32,350,0.953,4369.1,16.1,1747.7,0,0,17.812,29.536,20.631,133.6,Burdekin,AyrDPI,Kala,1961,Furrow,BareFallow,77,Surf1,200,999,110,SWBased_900_60_30_15_60,P2R,15MayV1R4,T2,2434.6,2119.545,895.484,1178.058,36.257,15.732,7.40805219988252,0.102457540189023,7.10484162895928,0.785085,26.497
1971,14/11/1971,318,1970,15-May,2,sugar,alive,3,396,1967,14/10/1970,135,0,0,348,1971,21,2039,6696.46,5914.33,5210.1,159.648,2647.43,14863.6,16461.967,6584.787,91.201,17.497,130.8,56.788,0,4.923,7954.769,7959.692,95627.822,1.01,10,1100,1243.3,440.04,437.811,817.023,1178.855,279.102,1457.957,5.15,7895.783,6.176,7901.958,94907.348,200,310.168,374.41,22.496,12.981,2.382,4.635,7577.178,350,0.935,3907,14.4,1562.8,0,0,17.821,28.99,19.978,220,Burdekin,AyrDPI,Kala,1961,Furrow,BareFallow,77,Surf1,200,999,110,SWBased_900_60_30_15_60,P2R,15MayV1R4,T2,2343.3,1917.023,877.851,1156.953,37.859,15.363,8.32791260198756,0.10950117184526,10.2998709677419,0.79824,26.474
1972,13/12/1972,348,1971,15-May,2,sugar,alive,4,395,1967,14/11/1971,135,0,0,348,1972,21,2039,5972.3,5240.04,4713.16,145.053,2810.62,12591.4,15955.013,6382.005,90.828,20.933,84.1,64.28,0.24,6.176,7895.783,7901.958,94907.348,1.001,12,1320,1357,780.838,530.161,477.208,1066.814,294.18,1360.993,2.739,7829.086,7.004,7836.09,94060.954,200,216.025,374.124,23.505,107.181,4.094,4.796,7188.741,350,0.888,3126.4,11.5,1250.5,0,0,17.058,28.895,20.127,206.2,Burdekin,AyrDPI,Kala,1961,Furrow,BareFallow,77,Surf1,200,999,110,SWBased_900_60_30_15_60,P2R,15MayV1R4,T2,2677,1797.208,1310.999,1605.179,134.78,111.275,8.07101904732229,0.106578799450107,8.19508474576271,0.725265,28.106
1973,15/05/1973,135,0,15-May,2,none,out,-1,0,1967,0.000,135,0,0,348,-1,21,2039,0,0,0,0,0,0,13360.145,5344.058,66.58,0,0,69.287,5.247,7.004,7829.086,7836.09,94060.954,0.991,0,0,905.3,456.042,131.494,432.98,0,212.1,212.1,0.25,7895.306,30.775,7926.081,95227.761,0,0,42.401,1.704,1.72,0.062,0.217,4179.573,350,0.457,872.2,4.3,348.9,0,0,21.55,30.636,19.418,108.5,Burdekin,AyrDPI,Kala,1961,Furrow,BareFallow,77,Surf1,200,999,110,SWBased_900_60_30_15_60,P2R,15MayV1R4,T2,905.3,432.98,587.536,799.636,3.486,1.782,0,0,0,,0
1974,15/08/1974,227,1973,15-May,3,sugar,alive,0,457,1973,15/5/1973,135,0,0,348,1974,21,2039,7415.34,6525.79,5925.59,180.985,2813.01,14897.5,0,0,0,16.218,202.5,174.951,174.951,30.775,7895.306,7926.081,95227.761,0.991,9,990,2074.3,1065.293,617.555,909.731,1203.243,292.766,1496.009,8.594,7703.81,6.403,7710.213,92445.696,200,407.156,447.485,24.372,25.305,4.967,5.153,6743.643,350,0.978,5457.7,20,2183.1,0,0,17.369,28.049,17.712,152.9,Burdekin,AyrDPI,Kala,1961,Furrow,BareFallow,77,Surf1,200,999,110,SWBased_900_60_30_15_60,P2R,15MayV1R4,T2,3064.3,1899.731,1682.848,1975.614,54.644,30.272,9.52687512074078,0.120978550262732,12.5684027777778,0.904925,28.13
1975,15/09/1975,258,1974,15-May,3,sugar,alive,1,396,1973,15/8/1974,135,0,0,348,1975,21,2039,7231.31,6436.29,5551.71,170.37,2804.01,16796,17301.907,6920.764,98.208,17.344,133,60.395,0,6.403,7703.81,7710.213,92445.696,0.976,13,1430,790.6,354.472,306.617,591.564,1240.193,280.056,1520.249,2.26,7650.467,3.398,7653.865,91969.313,200,311.424,359.565,14.781,13.306,2.156,3.249,7038.075,350,0.942,4079.4,15,1631.7,0,0,17.942,28.649,19.642,65,Burdekin,AyrDPI,Kala,1961,Furrow,BareFallow,77,Surf1,200,999,110,SWBased_900_60_30_15_60,P2R,15MayV1R4,T2,2220.6,2021.564,661.089,941.145,30.243,15.462,8.42763325820998,0.112067167944199,9.06223404255319,0.85185,28.04
1976,14/10/1976,288,1975,15-May,3,sugar,alive,2,395,1973,15/9/1975,135,0,0,348,1976,21,2039,6177.28,5436.76,4863.5,148.742,2571.05,13137.8,17744.071,7097.628,87.133,18.361,100.3,99.657,35.617,3.398,7650.467,7653.865,91969.313,0.972,9,990,1890.9,1018.68,615.059,702.482,1025.369,273.654,1299.023,4.35,7614.018,4.931,7618.948,91627.927,200,253.626,347.589,18.731,39.613,7.913,3.91,7013.707,350,0.949,4240.2,15.6,1696.1,0,0,17.632,28.358,19.627,179.8,Burdekin,AyrDPI,Kala,1961,Furrow,BareFallow,77,Surf1,200,999,110,SWBased_900_60_30_15_60,P2R,15MayV1R4,T2,2880.9,1692.482,1633.739,1907.393,66.257,47.526,8.78839479533608,0.114502976467699,10.3293055555556,0.74371,25.711
1977,14/11/1977,318,1976,15-May,3,sugar,alive,3,396,1973,14/10/1976,135,0,0,348,1977,21,2039,6657.89,5909.11,5216.68,160.423,2650.12,14412.1,14771.316,5908.526,70.832,17.419,117,47.795,0,4.931,7614.018,7618.948,91627.927,0.965,11,1210,1378.2,601.914,628.708,605.074,1073.415,282.171,1355.586,4.968,7556.754,4.588,7561.343,90957.252,200,286.509,360.081,24.568,26.898,1.605,5.006,7081.686,350,0.944,4126.4,15.2,1650.6,0,0,18.13,28.51,19.993,170.6,Burdekin,AyrDPI,Kala,1961,Furrow,BareFallow,77,Surf1,200,999,110,SWBased_900_60_30_15_60,P2R,15MayV1R4,T2,2588.2,1815.074,1230.622,1512.793,53.071,28.503,8.83837242999459,0.118342178216653,9.66403614457831,0.802115,26.501
1978,14/12/1978,348,1977,15-May,3,sugar,alive,4,395,1973,14/11/1977,135,0,0,348,1978,21,2039,7541.97,6690.12,5847.57,180.267,3137.86,16944,15757.729,6303.093,83.697,18.51,123,49.786,0,4.588,7556.754,7561.343,90957.252,0.957,11,1210,1119.5,347.534,397.792,772.107,1213.591,286.919,1500.51,2.294,7507.807,1.975,7509.783,90347.24,200,299.663,361.312,22.056,17.194,1.648,4.546,7527.79,350,0.925,3691.5,13.6,1476.6,0,0,18.352,28.532,20.279,150.6,Burdekin,AyrDPI,Kala,1961,Furrow,BareFallow,77,Surf1,200,999,110,SWBased_900_60_30_15_60,P2R,15MayV1R4,T2,2329.5,1982.107,745.326,1032.245,40.898,18.842,9.09471587558089,0.120137153367855,10.8594578313253,0.901335,31.379
1979,15/05/1979,135,0,15-May,3,none,out,-1,0,1973,0.000,135,0,0,348,-1,21,2039,0,0,0,0,0,0,17540.209,7016.084,85.214,0,0,133.45,69.41,1.975,7507.807,7509.783,90347.24,0.95,0,0,1203.7,580.1,421.189,319.076,0,160.716,160.716,0.657,7584.186,28.125,7612.311,91958.149,0,0,44.827,1.174,1.854,0.189,0.185,4638.932,350,0.605,1327.5,6.4,531,0,0,21.538,30.242,18.395,350.7,Burdekin,AyrDPI,Kala,1961,Furrow,BareFallow,77,Surf1,200,999,110,SWBased_900_60_30_15_60,P2R,15MayV1R4,T2,1203.7,319.076,1001.289,1162.005,3.217,2.043,0,0,0,,0
1980,14/08/1980,227,1979,15-May,4,sugar,alive,0,457,1979,15/5/1979,135,0,0,348,1980,21,2039,8536.35,7535.06,6780.27,207.703,3450.98,17560.8,0,0,0,17.536,204.8,175.146,175.146,28.125,7584.186,7612.311,91958.149,0.949,17,1870,876.5,613.456,494.663,484.084,1436.049,313.243,1749.292,4.204,7400.922,4.448,7405.37,88941.558,200,419.184,449.251,19.923,14.018,5.05,4.345,7436.881,350,0.985,5962.6,21.9,2385,0,0,17.58,28.257,19.642,86.4,Burdekin,AyrDPI,Kala,1961,Furrow,BareFallow,77,Surf1,200,999,110,SWBased_900_60_30_15_60,P2R,15MayV1R4,T2,2746.5,2354.084,1108.119,1421.362,38.991,19.068,8.8230921241553,0.118735465548348,8.95271551724138,1.038515,34.51
1981,14/09/1981,257,1980,15-May,4,sugar,alive,1,396,1979,14/8/1980,135,0,0,348,1981,21,2039,6877.51,6053.52,5340.15,162.916,2609.22,15373.6,19994.926,7997.97,103.563,16.799,112.5,64.235,0.195,4.448,7400.922,7405.37,88941.558,0.936,12,1320,1123.2,696.505,347.092,561.755,1155.301,246.961,1402.262,1.658,7378.373,3.539,7381.913,88811.548,200,285.338,340.666,12.622,13.298,1.792,2.795,7248.21,350,0.947,4205.7,15.5,1682.3,0,0,17.727,28.314,19.26,104.8,Burdekin,AyrDPI,Kala,1961,Furrow,BareFallow,77,Surf1,200,999,110,SWBased_900_60_30_15_60,P2R,15MayV1R4,T2,2443.2,1881.755,1043.597,1290.558,27.712,15.09,8.65766266065455,0.116180856359225,9.20429378531073,0.81458,26.092
1982,14/10/1982,287,1981,15-May,4,sugar,alive,2,395,1979,14/9/1981,135,0,0,348,1982,21,2039,6523.71,5722.7,5113.02,155.762,2667.71,14106.9,16642.403,6656.961,79.188,18.166,110.1,61.576,0,3.539,7378.373,7381.913,88811.548,0.936,14,1540,600.6,396.16,294.088,436.569,1189.932,264.3,1454.232,1.423,7333.725,4.284,7338.01,88326.792,200,281.859,359.86,22.359,24.542,1.931,4.58,7383.338,350,0.958,4524.8,16.6,1809.9,0,0,17.546,29.118,20.049,47.4,Burdekin,AyrDPI,Kala,1961,Furrow,BareFallow,77,Surf1,200,999,110,SWBased_900_60_30_15_60,P2R,15MayV1R4,T2,2140.6,1976.569,690.248,954.548,48.832,26.473,7.88042309679045,0.107109457088002,7.82723618090452,0.77881,26.677
1983,14/11/1983,318,1982,15-May,4,sugar,alive,3,396,1979,14/10/1982,135,0,0,348,1983,21,2039,6497.4,5679.95,5103.27,155.058,2527.37,13941.2,15836.94,6334.776,80.448,17.148,121.4,57.696,0,4.284,7333.725,7338.01,88326.792,0.929,13,1430,641.3,389.811,324.847,392.432,1094.03,258.409,1352.439,1.802,7290.802,5.141,7295.943,87759.38,200,299.792,357.978,15.307,12.516,2.198,3.3,7380.772,350,0.965,4777.1,17.6,1910.8,0,0,18.667,29.098,20.164,95.4,Burdekin,AyrDPI,Kala,1961,Furrow,BareFallow,77,Surf1,200,999,110,SWBased_900_60_30_15_60,P2R,15MayV1R4,T2,2071.3,1822.432,714.658,973.067,30.021,14.714,8.5083009955927,0.114650642284051,8.24776595744681,0.77529,25.274
1984,14/12/1984,349,1983,15-May,4,sugar,alive,4,396,1979,14/11/1983,135,0,1,348,1984,20,2039,6841.55,6005.74,5287.98,162.256,2791.6,15535.6,15910.573,6364.229,87.724,18.262,120.4,61.899,0,5.141,7290.802,7295.943,87759.38,0.922,12,1320,755.3,249.446,274.335,625.883,1157.674,300.222,1457.897,2.468,7241.866,2.198,7244.063,87099.333,200,288.891,360.839,30.984,16.849,3.203,6.179,7370.041,350,0.909,3427,12.6,1370.8,0,0,17.983,28.825,19.555,111.4,Burdekin,AyrDPI,Kala,1961,Furrow,BareFallow,77,Surf1,200,999,110,SWBased_900_60_30_15_60,P2R,15MayV1R4,T2,2075.3,1945.883,523.781,824.003,51.036,20.052,8.33842528045109,0.111294556474154,9.16700564971751,0.81128,27.916
1985,15/05/1985,135,0,15-May,4,none,out,-1,0,1979,0.000,135,0,1,349,-1,20,2040,0,0,0,0,0,0,16118.273,6447.309,84.509,0,0,155.521,91.481,2.198,7241.866,7244.063,87099.333,0.916,0,0,500.9,251.104,24.025,333.063,0,202.444,202.444,0.071,7319.323,30.057,7349.38,88364.58,0,0,46.978,1.023,1.135,0.03,0.137,4772.251,350,0.378,679.2,3.6,271.7,0,0,21.322,30.767,19.311,42.6,Burdekin,AyrDPI,Kala,1961,Furrow,BareFallow,77,Surf1,200,999,110,SWBased_900_60_30_15_60,P2R,15MayV1R4,T2,500.9,333.063,275.129,477.573,2.188,1.165,0,0,0,,0
1986,17/08/1986,229,1985,15-May,5,sugar,alive,0,459,1985,15/5/1985,135,0,2,348,1986,19,2039,8156.55,7222.48,6397.49,195.576,3290.39,17590.6,0,0,0,17.794,191.3,178.849,178.849,30.057,7319.323,7349.38,88364.58,0.916,15,1650,810.6,359.965,408.883,634.645,1462.76,306.234,1768.994,5.78,7132.592,3.586,7136.178,85684.977,200,402.713,445.554,22.229,30.528,5.128,4.78,6765.707,350,0.984,5948.1,21.8,2379.2,0,0,17.057,28.309,18.222,117.8,Burdekin,AyrDPI,Kala,1961,Furrow,BareFallow,77,Surf1,200,999,110,SWBased_900_60_30_15_60,P2R,15MayV1R4,T2,2460.6,2284.645,768.848,1075.082,57.885,35.656,8.56045468770859,0.110557752033076,9.31314285714286,0.97788,32.904
1987,17/09/1987,260,1986,15-May,5,sugar,alive,1,396,1985,17/8/1986,135,0,2,350,1987,19,2041,6388.5,5559.69,4977.1,150.943,2621.24,14114,20007.862,8003.146,104.579,18.46,115.1,101.607,37.567,3.586,7132.592,7136.178,85684.977,0.902,15,1650,436.7,253.742,367.694,397.424,1203.599,304.862,1508.461,2.303,7101.026,3.559,7104.585,85451.03,200,287.544,341.023,20,4.129,6.247,4.221,7073.423,350,0.949,4248.5,15.6,1699.4,0,0,18.221,29.577,19.655,44,Burdekin,AyrDPI,Kala,1961,Furrow,BareFallow,77,Surf1,200,999,110,SWBased_900_60_30_15_60,P2R,15MayV1R4,T2,2086.7,2047.424,621.436,926.298,30.376,10.376,7.3723371416961,0.100064237656791,7.18776190476191,0.754715,26.212
1988,16/10/1988,290,1987,15-May,5,sugar,alive,2,395,1985,17/9/1987,135,0,2,350,1988,19,2041,6647.73,5853.58,5169.27,157.89,2623.31,14784.6,15608.185,6243.274,79.679,17.536,120.6,58.41,0,3.559,7101.026,7104.585,85451.03,0.9,13,1430,967.6,361.567,579.032,505.024,1183.16,279.466,1462.625,6.597,7062.374,3.421,7065.795,85042.836,200,297.633,348.712,15.337,8.373,2.282,3.313,7031.434,350,0.949,4240.4,15.6,1696.2,0,0,18.59,29.453,19.924,254,Burdekin,AyrDPI,Kala,1961,Furrow,BareFallow,77,Surf1,200,999,110,SWBased_900_60_30_15_60,P2R,15MayV1R4,T2,2397.6,1935.024,940.599,1220.065,25.992,10.655,8.15958871827946,0.107949747884796,8.39840425531915,0.78945,26.233
1989,16/11/1989,320,1988,15-May,5,sugar,alive,3,396,1985,16/10/1988,135,0,2,350,1989,19,2041,6241.32,5495.65,4895.21,149.691,2429.62,13461.1,16171.307,6468.523,86.964,17.064,98.6,52.786,0,3.421,7062.374,7065.795,85042.836,0.894,8,880,1397.6,554.856,391.933,835.092,1031.901,292.384,1324.285,4.14,7033.707,4.192,7037.898,84704.962,200,254.701,342.495,24.718,31.726,2.027,5.01,6848.128,350,0.95,4282,15.7,1712.8,0,0,18.222,28.766,19.395,134.8,Burdekin,AyrDPI,Kala,1961,Furrow,BareFallow,77,Surf1,200,999,110,SWBased_900_60_30_15_60,P2R,15MayV1R4,T2,2277.6,1715.092,946.789,1239.173,58.471,33.753,8.72786999181385,0.113035336049264,11.254962406015,0.748455,24.296
1990,16/12/1990,350,1989,15-May,5,sugar,alive,4,395,1985,16/11/1989,135,0,2,350,1990,19,2041,6642.78,5836.09,5223.49,160.21,2809.94,14192.9,15081.692,6032.676,77.942,18.673,105.6,59.312,0,4.192,7033.707,7037.898,84704.962,0.889,13,1430,1268,760.795,515.957,538.102,1172.469,255.723,1428.192,5.492,6998.988,4.592,7003.58,84263.159,200,276.827,336.582,20.977,16.509,1.515,4.305,6721.055,351.103,0.953,4365,16.1,1746,0,0,17.662,28.865,20.561,103,Burdekin,AyrDPI,Kala,1961,Furrow,BareFallow,77,Surf1,200,999,110,SWBased_900_60_30_15_60,P2R,15MayV1R4,T2,2698,1968.102,1276.752,1532.475,39.001,18.024,8.14033012516628,0.112176794156528,8.5218085106383,0.80105,28.099
1991,15/05/1991,135,0,15-May,5,none,out,-1,0,1985,0.000,135,0,2,350,-1,19,2041,0,0,0,0,0,0,15774.214,6309.687,88.439,0,0,52.369,0,4.592,6998.988,7003.58,84263.159,0.884,0,0,1624.9,820.29,547.598,405.834,0,143.828,143.828,0.723,7073.79,25.638,7099.428,85799.839,0,0,34.281,0.218,2.019,0.152,0.074,4005.192,351.741,0.637,1445.8,8.1,578.3,0,0,20.85,29.925,16.819,204.4,Burdekin,AyrDPI,Kala,1961,Furrow,BareFallow,77,Surf1,200,999,110,SWBased_900_60_30_15_60,P2R,15MayV1R4,T2,1624.9,405.834,1367.888,1511.716,2.389,2.171,0,0,0,,0
1992,14/08/1992,227,1991,15-May,6,sugar,alive,0,457,1991,15/5/1991,135,0,0,348,1992,21,2039,9021.82,7978.19,7214.34,221.484,3844.01,18074.8,0,0,0,18.447,189.4,165.553,165.553,25.638,7073.79,7099.428,85799.839,0.884,19,2090,687.6,512.056,460.777,455.162,1591.479,314.555,1906.034,3.134,6916.333,3.748,6920.081,83196.109,200,392.307,425.166,16.299,20.463,5.196,3.647,7256.226,353.691,0.986,6094.9,22.4,2437.9,0,0,16.996,28.831,19.948,122.8,Burdekin,AyrDPI,Kala,1961,Furrow,BareFallow,77,Surf1,200,999,110,SWBased_900_60_30_15_60,P2R,15MayV1R4,T2,2777.6,2545.162,972.833,1287.388,41.958,25.659,8.70215726936046,0.116201494831677,8.71984251968504,1.10742,38.44
1993,14/09/1993,257,1992,15-May,6,sugar,alive,1,396,1991,14/8/1992,135,0,0,348,1993,21,2039,7452.54,6635.66,5860.65,180.572,3416.23,15918.9,20544.253,8217.702,98.563,20.37,108.8,64.286,0.246,3.748,6916.333,6920.081,83196.109,0.874,16,1760,509.4,318.879,350.066,413.567,1319.213,274.89,1594.103,1.478,6904.903,2.96,6907.863,83235.4,200,280.625,330.92,10.419,8.602,2.157,2.389,7319.666,355.421,0.941,4049.4,14.9,1619.8,0,0,17.925,29.002,20.185,72,Burdekin,AyrDPI,Kala,1961,Furrow,BareFallow,77,Surf1,200,999,110,SWBased_900_60_30_15_60,P2R,15MayV1R4,T2,2269.4,2173.567,668.945,943.835,21.178,10.759,8.30763440924526,0.113274989131819,8.17067873303168,0.90286,34.162
1994,14/10/1994,287,1993,15-May,6,sugar,alive,2,395,1991,14/9/1993,135,0,0,348,1994,21,2039,7433.44,6604.46,5922.91,182.173,3387.3,15105.3,16973.018,6789.207,72.107,19.97,106.7,70.638,6.598,2.96,6904.903,6907.863,83235.4,0.874,17,1870,381.5,308.552,362.636,333.802,1319.215,277.478,1596.693,1.475,6888.2,2.887,6891.087,83156.747,200,279.731,335.233,14.758,6.073,5.941,3.16,7407.017,357.185,0.965,4803.7,17.6,1921.5,0,0,17.917,29.25,20.662,46.8,Burdekin,AyrDPI,Kala,1961,Furrow,BareFallow,77,Surf1,200,999,110,SWBased_900_60_30_15_60,P2R,15MayV1R4,T2,2251.5,2203.802,671.188,948.666,26.772,12.014,8.26630523068769,0.114093942918269,7.85228448275862,0.910865,33.873
1995,14/11/1995,318,1994,15-May,6,sugar,alive,3,396,1991,14/10/1994,135,0,0,348,1995,21,2039,7533.63,6670.49,5974.45,183.387,3349.38,15591.8,16922.627,6769.052,76.427,19.565,116.2,54.257,0,2.887,6888.2,6891.087,83156.747,0.87,14,1540,544.9,270.333,294.698,440.08,1250.325,259.763,1510.088,1.55,6867.48,3.66,6871.14,82868.432,200,293.97,346.228,12.65,5.569,2.04,2.793,7890.487,358.982,0.96,4584.2,16.8,1833.7,0,0,19.239,29.375,20.713,55.2,Burdekin,AyrDPI,Kala,1961,Furrow,BareFallow,77,Surf1,200,999,110,SWBased_900_60_30_15_60,P2R,15MayV1R4,T2,2084.9,1980.08,565.031,824.794,20.259,7.609,9.26159549109127,0.121441266999009,9.21542713567839,0.916935,33.494
1996,13/12/1996,348,1995,15-May,6,sugar,alive,4,395,1991,14/11/1995,135,0,0,348,1996,21,2039,7651.28,6705.62,6138.94,188.515,3609.79,15123.4,17149.609,6859.843,78.782,20.653,109.6,64.038,0,3.66,6867.48,6871.14,82868.432,0.867,16,1760,556.4,352.13,361.065,340.122,1302.129,294.541,1596.671,2.045,6838.542,4.472,6843.014,82464.269,200,278.37,354.127,19.305,24.004,1.547,4.039,7996.024,360.808,0.946,4162.9,15.3,1665.2,0,0,19.733,29.865,21,107,Burdekin,AyrDPI,Kala,1961,Furrow,BareFallow,77,Surf1,200,999,110,SWBased_900_60_30_15_60,P2R,15MayV1R4,T2,2316.4,2100.122,713.195,1007.736,44.856,25.551,8.97638327678106,0.118067529253052,8.53009049773756,0.942575,36.098
1997,15/05/1997,135,0,15-May,6,none,out,-1,0,1991,0.000,135,0,0,348,-1,21,2039,0,0,0,0,0,0,16393.366,6557.347,76.129,0,0,70.573,6.533,4.472,6838.542,6843.014,82464.269,0.862,0,0,780,330.428,178.697,369.902,0,164.703,164.703,0.306,6933.304,15.174,6948.478,84775.843,0,0,26.23,0.233,1.349,0.086,0.06,4032.149,361.531,0.658,1532.5,7.1,613,0,0,21.725,30.299,20.691,116.8,Burdekin,AyrDPI,Kala,1961,Furrow,BareFallow,77,Surf1,200,999,110,SWBased_900_60_30_15_60,P2R,15MayV1R4,T2,780,369.902,509.125,673.828,1.668,1.435,0,0,0,,0
1998,15/08/1998,227,1997,15-May,7,sugar,alive,0,457,1997,15/5/1997,135,0,0,348,1998,21,2039,9167.73,8132.2,7361.57,226.3,3632.68,18061.6,0,0,0,16.845,190.6,176.745,176.745,15.174,6933.304,6948.478,84775.843,0.863,14,1540,1028.7,514.948,573.065,542.148,1302.92,290.172,1593.092,4.246,6785.402,4.653,6790.056,81639.454,200,389.754,416.459,12.506,6.513,4.593,2.921,7910.277,363.701,0.987,6156.5,22.6,2462.6,0,0,19.137,28.04,18.73,189.6,Burdekin,AyrDPI,Kala,1961,Furrow,BareFallow,77,Surf1,200,999,110,SWBased_900_60_30_15_60,P2R,15MayV1R4,T2,2568.7,2082.148,1088.013,1378.185,23.612,11.106,10.8685837894328,0.142050804347771,11.3718592964824,1.1315,36.327
1999,15/09/1999,258,1998,15-May,7,sugar,alive,1,396,1997,15/8/1998,135,0,0,348,1999,21,2039,7222.03,6412.66,5698.67,175.08,3226.92,15233.7,20585.377,8234.152,94.617,19.77,100.4,64.339,0.299,4.653,6785.402,6790.056,81639.454,0.855,8,880,1157.8,329.908,332.588,815.814,1100.112,274.762,1374.874,1.759,6769.035,2.708,6771.744,81634.182,200,267.431,337.687,19.05,19.543,1.403,4.009,7413.911,365.619,0.94,4018.3,14.7,1607.3,0,0,19.667,28.669,19.06,112,Burdekin,AyrDPI,Kala,1961,Furrow,BareFallow,77,Surf1,200,999,110,SWBased_900_60_30_15_60,P2R,15MayV1R4,T2,2037.8,1695.814,662.496,937.258,39.996,20.946,10.3242454655994,0.127342578301721,13.1639097744361,0.8754,32.269
2000,14/10/2000,288,1999,15-May,7,sugar,alive,2,395,1997,15/9/1999,135,0,0,348,2000,21,2039,7233.89,6406.23,5769.35,177.177,3091.06,14645.4,16364.161,6545.664,68.652,18.559,103.3,64.769,0.729,2.708,6769.035,6771.744,81634.182,0.856,11,1210,1485.1,804.817,596.838,563.542,1055.696,253.514,1309.21,4.494,6761.232,3.079,6764.311,81628.423,200,274.878,320.945,12.605,5.011,1.88,2.746,7085.98,367.567,0.968,4923.9,18.1,1969.6,0,0,18.822,28.308,19.741,136,Burdekin,AyrDPI,Kala,1961,Furrow,BareFallow,77,Surf1,200,999,110,SWBased_900_60_30_15_60,P2R,15MayV1R4,T2,2695.1,1773.542,1401.655,1655.169,19.496,6.891,9.99000869446565,0.135331230283912,10.673313253012,0.885885,30.911
2001,14/11/2001,318,2000,15-May,7,sugar,alive,3,396,1997,14/10/2000,135,0,0,348,2001,21,2039,7133.84,6266.32,5698.62,175.159,3333.52,14352.2,16633.928,6653.572,78.242,20.509,109.2,49.004,0,3.079,6761.232,6764.311,81628.423,0.853,14,1540,561.7,236.652,293.284,454.897,1254.926,317.841,1572.767,3.14,6732.578,3.916,6736.493,81214.168,200,277.842,344.57,28.617,9.03,0.674,5.693,7407.668,369.554,0.956,4463.3,16.4,1785.3,0,0,18.331,29.461,20.36,52,Burdekin,AyrDPI,Kala,1961,Furrow,BareFallow,77,Surf1,200,999,110,SWBased_900_60_30_15_60,P2R,15MayV1R4,T2,2101.7,1994.897,529.936,847.777,38.321,9.704,8.7803530708603,0.111369961348375,8.80195979899497,0.875795,33.335
2002,14/12/2002,348,2001,15-May,7,sugar,alive,4,395,1997,14/11/2001,135,0,0,348,2002,21,2039,7263.39,6328.3,5794.96,177.079,3303.39,14684.3,15993.255,6397.302,78.083,20.046,110.7,48.001,0,3.916,6732.578,6736.493,81214.168,0.848,16,1760,814.6,372.291,581.016,392.184,1355.442,265.731,1621.174,2.458,6702.461,3.887,6706.348,80862.361,200,288.217,348.703,18.59,10.435,2.422,3.86,7354.946,371.576,0.971,5043.9,18.5,2017.6,0,0,18.504,30.323,21.575,206,Burdekin,AyrDPI,Kala,1961,Furrow,BareFallow,77,Surf1,200,999,110,SWBased_900_60_30_15_60,P2R,15MayV1R4,T2,2574.6,2152.184,953.307,1219.038,31.447,12.857,8.22787456834546,0.109228867475052,8.01262443438914,0.885395,33.034
2003,15/05/2003,135,0,15-May,7,none,out,-1,0,1997,0.000,135,0,0,348,-1,21,2039,0,0,0,0,0,0,16769.003,6707.602,86.585,0,0,48.121,0,3.887,6702.461,6706.348,80862.361,0.844,0,0,415.2,161.45,31.703,274.906,0,108.975,108.975,0.034,6788.116,18.69,6806.806,82834.898,0,0,22.577,0.112,0.693,0.01,0.048,3720.356,372.368,0.81,2371.2,12.2,948.5,0,0,21.229,31.211,20.584,51,Burdekin,AyrDPI,Kala,1961,Furrow,BareFallow,77,Surf1,200,999,110,SWBased_900_60_30_15_60,P2R,15MayV1R4,T2,415.2,274.906,193.153,302.128,0.815,0.703,0,0,0,,0
2004,14/08/2004,227,2003,15-May,8,sugar,alive,0,457,2003,15/5/2003,135,0,0,348,2004,21,2039,8522.98,7485.12,6875.58,209.98,3691.02,16474.1,0,0,0,18.721,184,161.192,161.192,18.69,6788.116,6806.806,82834.898,0.844,18,1980,751,489.277,518.947,436.983,1518.358,303.086,1821.444,2.728,6645.457,4.262,6649.719,79930.059,200,382.485,421.912,12.632,16.942,4.215,2.953,7955.157,374.756,0.987,6218.7,22.8,2487.5,0,0,17.719,29.365,19.822,173.2,Burdekin,AyrDPI,Kala,1961,Furrow,BareFallow,77,Surf1,200,999,110,SWBased_900_60_30_15_60,P2R,15MayV1R4,T2,2731,2416.983,1008.224,1311.31,33.789,21.157,8.68769039749142,0.115282160747187,8.64115226337449,1.0499,36.91
2005,14/09/2005,257,2004,15-May,8,sugar,alive,1,396,2003,14/8/2004,135,0,0,348,2005,21,2039,7760.64,6918.16,6073.09,186.705,3535.44,16875.5,19288.844,7715.537,95.966,20.391,108.7,62.524,0,4.262,6645.457,6649.719,79930.059,0.838,18,1980,741.5,437.882,587.201,333.654,1416.137,272.415,1688.552,4.657,6627.177,1.974,6629.151,79922.25,200,282.467,339.704,11.185,13.823,2.385,2.547,7303.755,376.868,0.952,4339.7,15.9,1735.9,0,0,18.136,29.487,20.28,143.4,Burdekin,AyrDPI,Kala,1961,Furrow,BareFallow,77,Surf1,200,999,110,SWBased_900_60_30_15_60,P2R,15MayV1R4,T2,2721.5,2313.654,1025.083,1297.498,27.393,16.208,8.0697027299674,0.11057106917643,7.68333333333333,0.933525,35.354
2006,14/10/2006,287,2005,15-May,8,sugar,alive,2,395,2003,14/9/2005,135,0,0,348,2006,21,2039,6686.96,5855.74,5295.8,160.972,2728.82,13911.6,18032.872,7213.148,74.781,17.951,99.5,70.391,6.351,1.974,6627.177,6629.151,79922.25,0.838,11,1210,921,294.533,447.078,595.421,1154.988,249.768,1404.756,3.134,6622.153,2.608,6624.761,79965.402,200,276.215,327.297,10.009,5.226,2.53,2.29,7383.335,379.015,0.967,4886.7,17.9,1954.7,0,0,18.775,29.419,19.891,178.4,Burdekin,AyrDPI,Kala,1961,Furrow,BareFallow,77,Surf1,200,999,110,SWBased_900_60_30_15_60,P2R,15MayV1R4,T2,2131,1805.421,741.611,991.379,17.765,7.756,8.91603675818549,0.114590718957598,9.69710843373494,0.80486,27.288
2007,14/11/2007,318,2006,15-May,8,sugar,alive,3,396,2003,14/10/2006,135,0,0,348,2007,21,2039,7349.23,6473.53,5802.18,177.619,3245.55,15470.6,15978.604,6391.441,77.188,19.575,108.3,55.022,0,2.608,6622.153,6624.761,79965.402,0.836,15,1650,955.1,663.046,461.948,423.828,1235.777,241.542,1477.319,2.541,6611.48,3.019,6614.499,79783.728,200,281.727,332.292,13.071,4.936,2.049,2.851,7412.496,381.199,0.959,4572.4,16.8,1829,0,0,18.14,28.848,20.087,130.2,Burdekin,AyrDPI,Kala,1961,Furrow,BareFallow,77,Surf1,200,999,110,SWBased_900_60_30_15_60,P2R,15MayV1R4,T2,2605.1,2073.828,1124.994,1366.536,20.056,6.985,8.56478936536685,0.120230634006603,8.45804761904762,0.888095,32.456
2008,13/12/2008,348,2007,15-May,8,sugar,alive,4,395,2003,14/11/2007,135,0,0,348,2008,21,2039,6927.54,6041.62,5534.07,169.88,3343.48,13934.7,17036.507,6814.603,82.983,21.308,88.1,57.808,0,3.019,6611.48,6614.499,79783.728,0.833,11,1210,1343.4,685.958,416.491,626.693,1153.964,291.138,1445.102,2.347,6592.855,4.389,6597.244,79486.085,200,243.972,337.818,19.371,42.303,0.808,4.026,7328.546,383.412,0.931,3821.2,14,1528.5,0,0,18.424,29.173,19.522,108.2,Burdekin,AyrDPI,Kala,1961,Furrow,BareFallow,77,Surf1,200,999,110,SWBased_900_60_30_15_60,P2R,15MayV1R4,T2,2553.4,1836.693,1102.449,1393.587,62.482,43.111,9.2492321797927,0.117555715790304,10.233734939759,0.8494,33.435
2009,15/05/2009,135,0,15-May,8,none,out,-1,0,2003,0.000,135,0,0,348,-1,21,2039,0,0,0,0,0,0,15092.519,6037.007,73.771,0,0,63.658,0,4.389,6592.855,6597.244,79486.085,0.83,0,0,1726.7,907.355,511.75,502.926,0,200.846,200.846,1.025,6673.529,19.428,6692.957,81244.286,0,0,34.541,0.743,2.979,0.207,0.115,4241.379,384.287,0.5,990,4.8,396,0,0,21.918,30.492,17.027,197.2,Burdekin,AyrDPI,Kala,1961,Furrow,BareFallow,77,Surf1,200,999,110,SWBased_900_60_30_15_60,P2R,15MayV1R4,T2,1726.7,502.926,1419.105,1619.951,3.929,3.186,0,0,0,,0
2010,15/08/2010,227,2009,15-May,9,sugar,alive,0,457,2009,15/5/2009,135,0,0,348,2010,21,2039,8480.67,7508.35,6770.47,207.333,3486.15,17102,0,0,0,17.782,181.4,170.406,170.406,19.428,6673.529,6692.957,81244.286,0.83,17,1870,1131.9,771.96,571.33,497.284,1445.661,277.198,1722.859,3.939,6517.813,2.896,6520.709,78456.957,200,383.405,413.953,14.574,18.064,5.099,3.312,6990.622,386.909,0.99,6539.2,24,2615.7,0,0,17.669,28.903,18.619,135.2,Burdekin,AyrDPI,Kala,1961,Furrow,BareFallow,77,Surf1,200,999,110,SWBased_900_60_30_15_60,P2R,15MayV1R4,T2,3001.9,2367.284,1343.29,1620.488,37.737,23.163,8.75826474559031,0.120342407591103,8.93676724137931,1.036665,34.862
2011,15/09/2011,258,2010,15-May,9,sugar,alive,1,396,2009,15/8/2010,135,0,0,348,2011,21,2039,6678.75,5887.5,5278.85,161.857,2881.59,13999,20095.042,8038.014,100.98,18.998,88.2,106.157,42.117,2.896,6517.813,6520.709,78456.957,0.821,6,660,1415.7,485.24,293.772,973.695,1060.808,291.331,1352.139,2.253,6517.553,2.329,6519.882,78634.329,200,246.864,305.91,17.798,15.021,4.351,3.703,6497.411,389.221,0.951,4314.1,15.8,1725.7,0,0,18.099,28.358,17.742,81.4,Burdekin,AyrDPI,Kala,1961,Furrow,BareFallow,77,Surf1,200,999,110,SWBased_900_60_30_15_60,P2R,15MayV1R4,T2,2075.7,1633.695,779.012,1070.343,37.17,19.372,9.90741845938195,0.119704409088119,14.5817117117117,0.809285,28.816
2012,14/10/2012,288,2011,15-May,9,sugar,alive,2,395,2009,15/9/2011,135,0,0,348,2012,21,2039,6750.31,5927.3,5334.36,162.613,2782.71,14159.5,15566.196,6226.479,72.583,18.148,95.7,50.707,0,2.329,6517.553,6519.882,78634.329,0.823,12,1320,1154.8,629.401,460.523,531.908,1133.848,250.363,1384.211,3.303,6508.522,2.352,6510.874,78590.794,200,268.532,321.04,13.327,8.233,2.204,2.879,6754.687,391.564,0.969,4978,18.3,1991.2,0,0,18.088,28.804,19.379,197.4,Burdekin,AyrDPI,Kala,1961,Furrow,BareFallow,77,Surf1,200,999,110,SWBased_900_60_30_15_60,P2R,15MayV1R4,T2,2474.8,1851.908,1089.924,1340.287,23.764,10.437,8.78083576505961,0.11747703204208,9.18717514124294,0.813065,27.827
2013,14/11/2013,318,2012,15-May,9,sugar,alive,3,396,2009,14/10/2012,135,0,0,348,2013,21,2039,7365.54,6472.26,5856.41,179.145,3194.33,15091.4,16266.92,6506.769,81.497,19.032,105.8,51.373,0,2.352,6508.522,6510.874,78590.794,0.821,15,1650,546.6,261.501,397.244,370.119,1279.949,245.33,1525.279,1.721,6499.363,3.235,6502.599,78439.251,200,278.57,329.996,12.476,4.591,2.291,2.741,7249.865,393.95,0.968,4896.5,18,1958.6,0,0,18.53,29.572,20.609,178.6,Burdekin,AyrDPI,Kala,1961,Furrow,BareFallow,77,Surf1,200,999,110,SWBased_900_60_30_15_60,P2R,15MayV1R4,T2,2196.6,2020.119,658.745,904.075,19.358,6.882,8.8680419321832,0.11745064345605,8.53071428571429,0.895725,31.943
2014,14/12/2014,348,2013,15-May,9,sugar,alive,4,395,2009,14/11/2013,135,0,0,348,2014,21,2039,6934.51,6036.42,5487.81,167.497,2968.55,14467,16989.708,6795.883,80.719,18.899,96.8,63.949,0,3.235,6499.363,6502.599,78439.251,0.819,14,1540,731.8,467.482,391.798,440.301,1161.165,254.52,1415.685,3.514,6489.634,3.639,6493.273,78334.146,200,272.724,318.407,17.363,5.683,1.348,3.617,7057.055,396.373,0.967,4854.4,17.8,1941.7,0,0,18.337,29.266,20.212,86.2,Burdekin,AyrDPI,Kala,1961,Furrow,BareFallow,77,Surf1,200,999,110,SWBased_900_60_30_15_60,P2R,15MayV1R4,T2,2271.8,1980.301,859.28,1113.8,24.394,7.031,8.45815863346027,0.118315161918082,8.41693467336684,0.837485,29.686
2015,15/05/2015,135,0,15-May,9,none,out,-1,0,2009,0.000,135,0,0,348,-1,21,2039,0,0,0,0,0,0,16423.149,6569.26,85.797,0,0,60.784,0,3.639,6489.634,6493.273,78334.146,0.816,0,0,341,75.239,39.182,260.387,0,120.906,120.906,0.048,6568.047,27.063,6595.11,79742.446,0,0,37.684,0.134,0.329,0.015,0.078,4488.262,397.321,0.651,1501.8,7.8,600.7,0,0,21.621,32.306,21.289,83.4,Burdekin,AyrDPI,Kala,1961,Furrow,BareFallow,77,Surf1,200,999,110,SWBased_900_60_30_15_60,P2R,15MayV1R4,T2,341,260.387,114.421,235.327,0.478,0.344,0,0,0,,0
2016,14/08/2016,227,2015,15-May,10,sugar,alive,0,457,2015,15/5/2015,135,0,0,348,2016,21,2039,9315.67,8309.21,7404.86,228.073,3958.39,19108,0,0,0,18.448,189,166.457,166.457,27.063,6568.047,6595.11,79742.446,0.816,18,1980,532.2,348.914,350.598,486.006,1616.479,288.924,1905.403,2.518,6414.967,2.272,6417.239,77220.053,200,391.588,423.111,13.947,22.694,4.742,3.221,7237.437,400.174,0.986,6135,22.5,2454,0,0,18.319,29.471,18.751,43.6,Burdekin,AyrDPI,Kala,1961,Furrow,BareFallow,77,Surf1,200,999,110,SWBased_900_60_30_15_60,P2R,15MayV1R4,T2,2512.2,2466.006,699.512,988.436,41.383,27.436,9.24867984911634,0.119698037632984,9.38572016460905,1.140365,39.584
2017,14/09/2017,257,2016,15-May,10,sugar,alive,1,396,2015,14/8/2016,135,0,0,348,2017,21,2039,6396.49,5560.02,5007.93,151.827,2548.48,13885.6,21456.609,8582.644,98.034,17.746,95.7,73.741,9.701,2.272,6414.967,6417.239,77220.053,0.808,12,1320,873.2,416.705,382.004,553.506,1158.925,258.966,1417.89,1.906,6418.513,2.257,6420.77,77441.469,200,266.342,310.631,9.706,4.377,2.362,2.234,6923.962,402.692,0.961,4618.3,17,1847.3,0,0,18.664,29.854,18.086,107.8,Burdekin,AyrDPI,Kala,1961,Furrow,BareFallow,77,Surf1,200,999,110,SWBased_900_60_30_15_60,P2R,15MayV1R4,T2,2193.2,1873.506,798.709,1057.675,16.445,6.739,8.10389718527723,0.107079533673275,8.57779661016949,0.759135,25.485
2018,14/10/2018,287,2017,15-May,10,sugar,alive,2,395,2015,14/9/2017,135,0,0,348,2018,21,2039,6466.75,5687.57,5022.73,153.262,2630.18,14440.2,15728.371,6291.349,73.751,18.208,100.9,50.342,0,2.257,6418.513,6420.77,77441.469,0.811,15,1650,722.5,497.779,441.824,399.001,1166.334,257.1,1423.434,3.177,6402.703,2.407,6405.11,77191.499,200,264.316,332.704,19.153,14.502,2.031,3.997,6972.327,405.248,0.94,4022,14.8,1608.8,0,0,18.046,29.628,18.369,130.4,Burdekin,AyrDPI,Kala,1961,Furrow,BareFallow,77,Surf1,200,999,110,SWBased_900_60_30_15_60,P2R,15MayV1R4,T2,2372.5,2049.001,939.603,1196.703,35.686,16.533,7.47984017577346,0.107670605029808,7.29819047619048,0.76631,26.302
2019,14/11/2019,318,2018,15-May,10,sugar,alive,3,396,2015,14/10/2018,135,0,0,348,2019,21,2039,5642.49,4915.58,4398.61,133.365,2163.86,12438.9,15692.863,6277.146,77.666,17.057,99.8,59.805,0,2.407,6402.703,6405.11,77191.499,0.808,9,990,1183.8,631.925,340.079,511.261,972.926,240.293,1213.219,1.615,6384.526,3.101,6387.627,76952.06,200,262.626,320.672,22.323,13.182,0.356,4.571,6543.408,407.842,0.953,4359,16,1743.6,0,0,18.562,29.681,17.56,92.8,Burdekin,AyrDPI,Kala,1961,Furrow,BareFallow,77,Surf1,200,999,110,SWBased_900_60_30_15_60,P2R,15MayV1R4,T2,2173.8,1501.261,972.004,1212.297,35.861,13.538,8.88353191084029,0.1099265672562,9.26145833333333,0.666825,21.639
2020,13/12/2020,348,2019,15-May,10,sugar,alive,4,395,2015,14/11/2019,135,0,0,348,2020,21,2039,6429.87,5580.05,5054.9,153.633,2586.85,13749.6,14278.212,5711.285,81.785,17.811,94.4,48.383,0,3.101,6384.526,6387.627,76952.06,0.805,12,1320,1072.1,469.105,547.207,487.285,1117.733,254.142,1371.874,2.68,6360.188,3.127,6363.315,76651.892,200,247.893,332.968,17.46,39.051,2.557,3.687,6531.823,410.468,0.957,4495.1,16.5,1798.1,0,0,19.013,30.034,18.868,327.8,Burdekin,AyrDPI,Kala,1961,Furrow,BareFallow,77,Surf1,200,999,110,SWBased_900_60_30_15_60,P2R,15MayV1R4,T2,2392.1,1807.285,1016.312,1270.454,59.068,41.608,8.50076219301328,0.111987689831573,8.67983050847458,0.768165,25.868
2021,15/05/2021,135,0,15-May,10,none,out,-1,0,2015,0.000,135,0,0,348,-1,21,2039,0,0,0,0,0,0,15508.053,6203.221,79.539,0,0,52.296,0,3.127,6360.188,6363.315,76651.892,0.802,0,0,973,446.917,216.679,441.731,0,188.965,188.965,0.33,6444.301,10.341,6454.642,78339.542,0,0,25.073,0.568,1.433,0.07,0.08,3810.254,411.505,0.485,948.4,4.9,379.4,0,0,22.069,30.6,15.984,132.4,Burdekin,AyrDPI,Kala,1961,Furrow,BareFallow,77,Surf1,200,999,110,SWBased_900_60_30_15_60,P2R,15MayV1R4,T2,973,441.731,663.596,852.561,2.071,1.503,0,0,0,,0
1957,15/05/1957,135,0,15-May,0,none,out,-1,0,-1,0.000,135,0,0,348,-1,21,2039,0,0,0,0,0,0,0,0,0,0,0,0,0,0,0,0,0,1.165,0,0,537.2,141.437,85.913,361.549,0,181.995,181.995,3.95,8901.216,256.605,9157.821,105113.672,0,0,300.202,29.79,25.054,1.266,5.779,3135.951,350,0.014,20.2,0.1,8.1,0,0,20.372,30.209,18.444,77.7,Burdekin,AyrDPI,Kala,1957,Furrow,BareFallow,77,Surf1,200,999,110,SWBased_900_60_30_15_60,P2R,15MayV1R4,T2,537.2,361.549,227.35,409.345,56.11,26.32,0,0,0,,0
1958,15/08/1958,227,1957,15-May,1,sugar,alive,0,457,1957,15/5/1957,135,0,0,348,1958,21,2039,7726.01,6818.96,6098.45,186.694,3127.06,16275.6,0,0,0,17.702,252.3,165.055,165.055,256.605,8901.216,9157.821,105113.672,1.129,16,1760,1058.9,567.13,634.319,523.053,1396.49,323.292,1719.782,10.591,8560.202,7.609,8567.811,102550.188,200,483.774,602.235,90.47,250.483,9.257,17.632,6427.273,350,0.961,4636.1,17,1854.4,0,0,17.154,28.626,18.937,136.1,Burdekin,AyrDPI,Kala,1957,Furrow,BareFallow,77,Surf1,200,999,110,SWBased_900_60_30_15_60,P2R,15MayV1R4,T2,2818.9,2283.053,1201.449,1524.741,350.21,259.74,8.17738352986111,0.108556782196813,8.44769230769231,0.93347,31.271
1959,15/09/1959,258,1958,15-May,1,sugar,alive,1,396,1957,15/8/1958,135,0,0,348,1959,21,2039,6636.46,5783.54,5179.18,157.129,2385.51,14572.7,17774.935,7109.975,100.488,15.774,142.1,62.725,0,7.609,8560.202,8567.811,102550.188,1.091,12,1320,875.3,430.916,352.216,575.351,1158.333,263.458,1421.791,2.507,8493.161,5.959,8499.12,102102.842,200,316.313,385.747,18.652,20.699,2.427,3.945,7039.605,350,0.964,4731.2,17.4,1892.5,0,0,16.929,28.362,19.656,162.8,Burdekin,AyrDPI,Kala,1957,Furrow,BareFallow,77,Surf1,200,999,110,SWBased_900_60_30_15_60,P2R,15MayV1R4,T2,2195.3,1895.351,783.132,1046.59,41.778,23.126,8.29023225777178,0.110514836568807,8.87734463276836,0.785645,23.855
1960,14/10/1960,288,1959,15-May,1,sugar,alive,2,395,1957,15/9/1959,135,0,0,348,1960,21,2039,7008.94,6197.06,5461.74,167.083,2765.95,15472,16408.321,6563.328,93.822,17.462,130.7,53.102,0,5.959,8493.161,8499.12,102102.842,1.081,13,1430,1112.7,596.443,537.374,491.394,1148.181,257.049,1405.23,5.984,8424.196,5.961,8430.157,101290.247,200,313.045,390.573,23.703,19.34,2.738,4.841,7623.735,350,0.961,4629.8,17,1851.9,0,0,17.818,28.654,20.431,210.1,Burdekin,AyrDPI,Kala,1957,Furrow,BareFallow,77,Surf1,200,999,110,SWBased_900_60_30_15_60,P2R,15MayV1R4,T2,2542.7,1921.394,1133.817,1390.866,45.781,22.078,8.69592597874252,0.118900820506252,8.88739361702128,0.835415,27.659
1961,14/11/1961,318,1960,15-May,1,sugar,alive,3,396,1957,14/10/1960,135,0,0,348,1961,21,2039,6690.84,5908.98,5267.81,161.806,2899.05,14230.2,17086.513,6834.606,90.89,19.138,137,56.755,0,5.961,8424.196,8430.157,101290.247,1.07,17,1870,502.8,486.162,375.478,280.032,1248.077,258.586,1506.663,2.392,8347.19,7.556,8354.746,100323.279,200,315.383,391.133,23.648,23.121,2.333,4.846,7765.105,350,0.951,4311.5,15.9,1724.6,0,0,16.991,29.225,21.175,63.2,Burdekin,AyrDPI,Kala,1957,Furrow,BareFallow,77,Surf1,200,999,110,SWBased_900_60_30_15_60,P2R,15MayV1R4,T2,2372.8,2150.032,861.64,1120.226,49.102,25.454,7.5257484539765,0.107393624188023,6.97439655172414,0.80903,28.991
1962,14/12/1962,348,1961,15-May,1,sugar,alive,4,395,1957,14/11/1961,135,0,0,348,1962,21,2039,6691.1,5786.19,5221.75,158.907,2762.09,14693.5,15760.45,6304.18,86.909,18.48,134.8,61.252,0,7.556,8347.19,8354.746,100323.279,1.059,12,1320,1004.6,476.994,353.113,596.157,1205.49,276.679,1482.169,2.39,8261.118,7.756,8268.874,99158.91,200,308.064,395.522,31.567,33.939,1.239,6.286,7885.779,350,0.943,4083,15,1633.2,0,0,18.116,29.723,20.509,102.1,Burdekin,AyrDPI,Kala,1957,Furrow,BareFallow,77,Surf1,200,999,110,SWBased_900_60_30_15_60,P2R,15MayV1R4,T2,2324.6,1916.157,830.107,1106.786,66.745,35.178,8.29300521825717,0.107212470372812,8.97779661016949,0.794535,27.621
1963,15/05/1963,135,0,15-May,1,none,out,-1,0,1957,0.000,135,0,0,348,-1,21,2039,0,0,0,0,0,0,15959.997,6383.998,87.135,0,0,73.576,9.536,7.756,8261.118,8268.874,99158.91,1.047,0,0,1011,533.088,163.094,428.146,0,218.844,218.844,0.766,8334.805,39.242,8374.048,100118.501,0,0,64.753,3.295,4.452,0.168,0.347,5010.737,350,0.381,684.4,3.7,273.8,0,0,21.056,30.393,17.379,91.9,Burdekin,AyrDPI,Kala,1957,Furrow,BareFallow,77,Surf1,200,999,110,SWBased_900_60_30_15_60,P2R,15MayV1R4,T2,1011,428.146,696.182,915.026,7.915,4.62,0,0,0,,0
1964,14/08/1964,227,1963,15-May,2,sugar,alive,0,457,1963,15/5/1963,135,0,0,348,1964,21,2039,7897.98,6968.38,6245,191.073,3138.43,16529.8,0,0,0,17.303,222.9,169.55,169.55,39.242,8334.805,8374.048,100118.501,1.046,17,1870,617,391.107,431.355,492.968,1471.149,297.614,1768.763,5.087,8093.395,5.616,8099.011,97043.313,200,443.957,499.466,24.637,45.952,7.799,5.316,7164.489,350,0.975,5243.2,19.2,2097.3,0,0,16.45,28.736,19.049,92.7,Burdekin,AyrDPI,Kala,1957,Furrow,BareFallow,77,Surf1,200,999,110,SWBased_900_60_30_15_60,P2R,15MayV1R4,T2,2487,2362.968,822.462,1120.076,78.388,53.751,8.08614420508445,0.108026343834646,8.23590517241379,0.955365,31.384
1965,14/09/1965,257,1964,15-May,2,sugar,alive,1,396,1963,14/8/1964,135,0,0,348,1965,21,2039,6233.07,5426.2,4843.08,147.067,2503.84,13899.9,18507.057,7402.822,103.207,18.041,140.7,65.326,1.286,5.616,8093.395,8099.011,97043.313,1.027,14,1540,831.2,500.21,432.181,406.929,1177.261,276.972,1454.232,3.313,8025.517,5.001,8030.517,96449.387,200,319.5,376.297,16.966,14.062,2.229,3.638,6942.096,350,0.957,4480.9,16.5,1792.4,0,0,17.287,29.163,19.689,107.4,Burdekin,AyrDPI,Kala,1957,Furrow,BareFallow,77,Surf1,200,999,110,SWBased_900_60_30_15_60,P2R,15MayV1R4,T2,2371.2,1946.929,932.391,1209.363,33.257,16.291,7.55379369252808,0.101130356091738,7.39030150753769,0.735335,25.038
1966,14/10/1966,287,1965,15-May,2,sugar,alive,2,395,1963,14/9/1965,135,0,0,348,1966,21,2039,6745.5,5904.49,5209.64,158.405,2673.26,15358.6,15623.731,6249.493,91.003,17.858,127.8,49.903,0,5.001,8025.517,8030.517,96449.387,1.02,16,1760,392.1,324.948,360.124,283.573,1201.126,261.083,1462.209,2.108,7966.212,5.28,7971.492,95766.127,200,304.097,376.846,19.441,21.265,2.588,4.088,7342.665,350,0.955,4442.5,16.3,1777,0,0,17.785,28.871,19.833,102.9,Burdekin,AyrDPI,Kala,1957,Furrow,BareFallow,77,Surf1,200,999,110,SWBased_900_60_30_15_60,P2R,15MayV1R4,T2,2152.1,2043.573,685.072,946.155,43.294,23.853,7.7513746756294,0.108332666533991,7.16764705882353,0.792025,26.733
1967,14/11/1967,318,1966,15-May,2,sugar,alive,3,396,1963,14/10/1966,135,0,0,348,1967,21,2039,6574.78,5779.67,5111.2,156.057,2597.06,14635.7,16830.952,6732.382,89.164,17.569,132,54.722,0,5.28,7966.212,7971.492,95766.127,1.012,12,1320,821.8,348.681,372.356,536.308,1155.017,263.002,1418.019,2.712,7906.901,5.837,7912.737,95087.261,200,316.683,371.697,24.632,3.943,1.04,5.014,7387.38,350,0.957,4511.7,16.6,1804.7,0,0,18.229,28.885,20.191,154.9,Burdekin,AyrDPI,Kala,1957,Furrow,BareFallow,77,Surf1,200,999,110,SWBased_900_60_30_15_60,P2R,15MayV1R4,T2,2141.8,1856.308,721.037,984.039,29.615,4.983,8.40684843247995,0.110052827218817,8.81677966101695,0.780285,25.971
1968,13/12/1968,348,1967,15-May,2,sugar,alive,4,395,1963,14/11/1967,135,0,0,348,1968,21,2039,6642.15,5845.52,5234.79,161.013,2933.43,14073.6,16275.286,6510.115,93.047,19.509,101,57.465,0,5.837,7906.901,7912.737,95087.261,1.003,13,1430,1470.5,859.536,604.627,457.282,1110.798,318.504,1429.302,3.029,7840.695,7.17,7847.866,94224.906,200,249.296,378.187,30.155,71.796,1.514,6.047,7436.998,350,0.926,3713.2,13.7,1485.3,0,0,18.169,29.151,20.572,187.9,Burdekin,AyrDPI,Kala,1957,Furrow,BareFallow,77,Surf1,200,999,110,SWBased_900_60_30_15_60,P2R,15MayV1R4,T2,2900.5,1887.282,1464.163,1782.667,103.465,73.31,8.53147542338665,0.112651490028,8.56452127659575,0.805065,29.334
1969,15/05/1969,135,0,15-May,2,none,out,-1,0,1963,0.000,135,0,0,348,-1,21,2039,0,0,0,0,0,0,15118.763,6047.505,75.158,0,0,64.501,0.461,7.17,7840.695,7847.866,94224.906,0.993,0,0,130.4,0,0,130.4,0,101.779,101.779,0,7922.518,19.694,7942.212,96126.812,0,0,24.74,0.059,0,0,0.05,3482.834,350,0.719,1814,9,725.6,0,0,20.795,31.584,20.044,46.5,Burdekin,AyrDPI,Kala,1957,Furrow,BareFallow,77,Surf1,200,999,110,SWBased_900_60_30_15_60,P2R,15MayV1R4,T2,130.4,130.4,0,101.779,0.059,0,0,0,0,,0
1970,15/08/1970,227,1969,15-May,3,sugar,alive,0,457,1969,15/5/1969,135,0,0,348,1970,21,2039,7712.3,6805.53,6149.64,188.209,3242.54,15626.6,0,0,0,18.291,203.7,93.122,93.122,19.694,7922.518,7942.212,96126.812,0.994,18,1980,710.8,450.294,484.808,448.911,1425.549,326.937,1752.486,3.426,7727.09,5.395,7732.486,92726.157,200,410.384,460.374,18.944,25.941,6.243,4.144,7854.545,350,0.977,5361.9,19.7,2144.8,0,0,17.109,28.782,19.488,133.6,Burdekin,AyrDPI,Kala,1957,Furrow,BareFallow,77,Surf1,200,999,110,SWBased_900_60_30_15_60,P2R,15MayV1R4,T2,2690.8,2428.911,935.102,1262.039,51.128,32.184,7.74869890251228,0.107395437110482,7.74522633744856,0.941045,32.425
1971,15/09/1971,258,1970,15-May,3,sugar,alive,1,396,1969,15/8/1970,135,0,0,348,1971,21,2039,7356.94,6600.59,5650.21,173.951,2929.7,17067.3,17840.19,7136.078,98.528,17.816,133.6,96.334,32.294,5.395,7727.09,7732.486,92726.157,0.98,10,1100,1226,336.571,436.719,864.884,1297.153,257.473,1554.627,2.881,7670.771,1.826,7672.597,92239.902,200,319.398,365.968,14.165,8.324,4.696,3.113,7233.564,350,0.939,4007.1,14.7,1602.8,0,0,17.459,28.701,19.598,220,Burdekin,AyrDPI,Kala,1957,Furrow,BareFallow,77,Surf1,200,999,110,SWBased_900_60_30_15_60,P2R,15MayV1R4,T2,2326,1964.884,773.29,1030.763,27.185,13.02,8.8529908126892,0.111892434648311,11.2226451612903,0.869755,29.297
1972,14/10/1972,288,1971,15-May,3,sugar,alive,2,395,1969,15/9/1971,135,0,0,348,1972,21,2039,6444.56,5664.02,5015.35,152.803,2597.45,14292.1,17913.238,7165.295,90.205,18.008,117,94.417,30.377,1.826,7670.771,7672.597,92239.902,0.975,13,1430,1328.3,736.168,602.294,480.392,1199.778,258.197,1457.976,2.591,7631.257,4.382,7635.639,91871.995,200,298.29,355.259,12.901,12.19,3.066,2.851,7409.884,350,0.953,4359.4,16,1743.8,0,0,16.795,28.832,20.11,206.2,Burdekin,AyrDPI,Kala,1957,Furrow,BareFallow,77,Surf1,200,999,110,SWBased_900_60_30_15_60,P2R,15MayV1R4,T2,2758.3,1910.392,1338.462,1596.659,28.157,15.256,7.9985154879208,0.104804880190072,8.12781914893617,0.764015,25.974
1973,16/11/1973,320,1972,15-May,3,sugar,alive,3,398,1969,14/10/1972,135,0,2,348,1973,19,2039,7338.92,6527.28,5603.86,172.047,2857.23,17350.5,15853.75,6341.501,86.834,17.527,138.5,56.28,0,4.382,7631.257,7635.639,91871.995,0.969,11,1210,1238.1,517.213,351.258,759.147,1238.822,260.873,1499.694,2.208,7573.114,2.09,7575.204,91073.404,200,322.929,378.495,17.428,10.956,1.951,3.688,7984.155,350,0.918,3575.2,13.1,1430.1,0,0,18.855,29.246,19.775,108.5,Burdekin,AyrDPI,Kala,1957,Furrow,BareFallow,77,Surf1,200,999,110,SWBased_900_60_30_15_60,P2R,15MayV1R4,T2,2448.1,1969.147,868.471,1129.344,30.335,12.907,8.73713338821327,0.114721403166246,10.3642771084337,0.860235,28.572
1974,16/12/1974,350,1973,15-May,3,sugar,alive,4,395,1969,16/11/1973,135,0,2,350,1974,19,2041,5275.02,4653.26,4184.31,130.043,2583.84,10907.1,17786.931,7114.773,88.579,21.539,82.1,136.215,72.175,2.09,7573.114,7575.204,91073.404,0.961,9,990,1871.5,1137.287,532.427,658.398,878.482,391.469,1269.951,3.322,7515.716,6.553,7522.269,90294.509,200,194.693,364.859,32.529,102.155,6.384,6.389,7102.963,350,0.735,1898.2,7,759.3,0,0,17.935,28.577,19.049,152.9,Burdekin,AyrDPI,Kala,1957,Furrow,BareFallow,77,Surf1,200,999,110,SWBased_900_60_30_15_60,P2R,15MayV1R4,T2,2861.5,1648.398,1669.714,2061.183,141.068,108.539,7.88905349314911,0.102400013858802,9.03076388888889,0.650215,25.838
1975,15/05/1975,135,0,15-May,3,none,out,-1,0,1969,0.000,135,0,2,350,-1,19,2041,0,0,0,0,0,0,10884.49,4353.797,52.539,0,0,58.05,0,6.553,7515.716,7522.269,90294.509,0.952,0,0,601.9,219.437,40.777,416.159,0,230.499,230.499,0.16,7568.614,45.16,7613.774,91028.296,0,0,54.305,1.742,0.99,0.065,0.268,4334.883,350,0.336,584.4,2.8,233.8,0,0,21.392,30.394,19.401,65,Burdekin,AyrDPI,Kala,1957,Furrow,BareFallow,77,Surf1,200,999,110,SWBased_900_60_30_15_60,P2R,15MayV1R4,T2,601.9,416.159,260.214,490.713,2.797,1.055,0,0,0,,0
1976,14/08/1976,227,1975,15-May,4,sugar,alive,0,457,1975,15/5/1975,135,0,0,348,1976,21,2039,8042.13,7102.01,6346.16,194.378,3198.69,16959.7,0,0,0,17.341,169.6,169.236,169.236,45.16,7568.614,7613.774,91028.296,0.949,11,1210,2001.1,996.816,734.598,842.627,1298.733,285.496,1584.229,8.831,7384.514,4.297,7388.811,88742.705,200,367.335,435.992,25.069,69.236,7.527,5.348,6079.094,350,0.983,5836.4,21.4,2334.6,0,0,17.186,27.847,18.378,179.8,Burdekin,AyrDPI,Kala,1957,Furrow,BareFallow,77,Surf1,200,999,110,SWBased_900_60_30_15_60,P2R,15MayV1R4,T2,3211.1,2052.627,1731.414,2016.91,101.832,76.763,9.46971856065423,0.122695645642139,11.7095180722892,0.97189,31.987
1977,14/09/1977,257,1976,15-May,4,sugar,alive,1,396,1975,14/8/1976,135,0,0,348,1977,21,2039,6384.47,5555.79,5004.55,151.488,2437.92,13799.2,19376.662,7750.665,102.141,16.895,106.3,64.693,0.653,4.297,7384.514,7388.811,88742.705,0.936,10,1100,1380,556.792,614.354,615.545,1069.725,248.761,1318.486,4.722,7363.414,3.695,7367.109,88662.859,200,284.316,334.908,12.231,6.519,1.933,2.734,6725.216,350,0.969,4967.7,18.3,1987.1,0,0,17.722,28.369,19.544,170.6,Burdekin,AyrDPI,Kala,1957,Furrow,BareFallow,77,Surf1,200,999,110,SWBased_900_60_30_15_60,P2R,15MayV1R4,T2,2480,1715.545,1171.146,1419.907,20.683,8.452,8.83031339894902,0.114895417926319,9.77341935483871,0.75744,24.379
1978,14/10/1978,287,1977,15-May,4,sugar,alive,2,395,1975,14/9/1977,135,0,0,348,1978,21,2039,7933.03,7111.22,6178.55,190.63,3401.3,17544.8,15951.849,6380.739,82.716,19.046,115.7,55.061,0,3.695,7363.414,7367.109,88662.859,0.935,14,1540,953.7,442.876,474.889,571.275,1304.393,253.539,1557.933,4.223,7328.952,2.427,7331.378,88305.759,200,292.214,354.01,15.887,14.373,2.381,3.411,7407.7,350,0.953,4367.4,16.1,1746.9,0,0,17.755,28.363,20.718,150.6,Burdekin,AyrDPI,Kala,1957,Furrow,BareFallow,77,Surf1,200,999,110,SWBased_900_60_30_15_60,P2R,15MayV1R4,T2,2493.7,2111.275,917.765,1171.304,32.641,16.754,9.02914115877846,0.12236084606976,9.57939698492462,0.95315,34.013
1979,14/11/1979,318,1978,15-May,4,sugar,alive,3,396,1975,14/10/1978,135,0,0,348,1979,21,2039,6190.55,5417.84,4782.26,145.683,2390.26,14082.9,18625.345,7450.139,82.441,17.281,102.5,73.064,9.024,2.427,7328.952,7331.378,88305.759,0.929,11,1210,1489.5,772.7,652.866,501.282,1017.337,275.088,1292.425,3.974,7306.836,4.97,7311.806,88014.778,200,280.941,337.307,20.679,4.991,1.148,4.211,7442.281,350,0.943,4100.5,15.1,1640.2,0,0,18.32,28.53,19.539,350.7,Burdekin,AyrDPI,Kala,1957,Furrow,BareFallow,77,Surf1,200,999,110,SWBased_900_60_30_15_60,P2R,15MayV1R4,T2,2699.5,1711.282,1425.566,1700.654,26.818,6.139,8.51309135490235,0.112720660773352,8.7760843373494,0.728415,23.903
1980,13/12/1980,348,1979,15-May,4,sugar,alive,4,395,1975,14/11/1979,135,0,0,348,1980,21,2039,6944.03,6075.4,5440.61,166.462,2902.93,15034.2,15455.856,6182.341,83.057,18.55,110,54.573,0,4.97,7306.836,7311.806,88014.778,0.925,13,1430,785.3,428.331,356.12,447.852,1146.665,274.095,1420.76,2.524,7252.405,5.488,7257.893,87290.191,200,275.017,370.01,21.399,43.69,1.986,4.464,7439.909,350,0.949,4261.9,15.7,1704.7,0,0,18.758,29.148,20.955,86.4,Burdekin,AyrDPI,Kala,1957,Furrow,BareFallow,77,Surf1,200,999,110,SWBased_900_60_30_15_60,P2R,15MayV1R4,T2,2215.3,1877.852,784.451,1058.546,67.075,45.676,8.86448985330048,0.117164053042034,8.85436170212766,0.83231,29.029
1981,15/05/1981,135,0,15-May,4,none,out,-1,0,1975,0.000,135,0,0,348,-1,21,2039,0,0,0,0,0,0,16401.659,6560.664,83.631,0,0,64.662,0.622,5.488,7252.405,7257.893,87290.191,0.917,0,0,908.6,512.257,75.461,426.561,0,216.314,216.314,0.127,7329.735,29.487,7359.222,88787.407,0,0,42.05,0.734,1.6,0.06,0.128,4450.239,350,0.529,1076.2,5.5,430.5,0,0,21.174,29.897,18.261,102.2,Burdekin,AyrDPI,Kala,1957,Furrow,BareFallow,77,Surf1,200,999,110,SWBased_900_60_30_15_60,P2R,15MayV1R4,T2,908.6,426.561,587.718,804.032,2.394,1.66,0,0,0,,0
1982,15/08/1982,227,1981,15-May,5,sugar,alive,0,457,1981,15/5/1981,135,0,0,348,1982,21,2039,7844.04,6880.77,6227.14,190.088,3273.74,16169,0,0,0,18.283,196.9,169.23,169.23,29.487,7329.735,7359.222,88787.407,0.917,15,1650,772.8,424.453,379.889,577.905,1417.733,310.183,1727.916,3.281,7145.941,4.672,7150.612,85857.356,200,402.84,443.911,22.375,24.344,6.282,4.755,6980.282,350,0.982,5760.1,21.1,2304,0,0,16.915,28.432,18.854,104.8,Burdekin,AyrDPI,Kala,1957,Furrow,BareFallow,77,Surf1,200,999,110,SWBased_900_60_30_15_60,P2R,15MayV1R4,T2,2422.8,2227.905,804.342,1114.525,53.001,30.626,8.53214118196243,0.110009977336861,9.05180952380952,0.95044,32.737
1983,15/09/1983,258,1982,15-May,5,sugar,alive,1,396,1981,15/8/1982,135,0,0,348,1983,21,2039,6685.89,5833.06,5257.77,159.721,2604.41,14281.2,18639.677,7455.87,100.5,17.156,112,59.773,0,4.672,7145.941,7150.612,85857.356,0.904,15,1650,637.3,484.777,385.19,365.312,1155.432,264.293,1419.725,1.932,7119.343,3.179,7122.522,85727.758,200,274.898,338.842,13.847,22.652,2.079,3.044,6776.14,350,0.966,4822.5,17.7,1929,0,0,17.927,28.652,19.859,95.4,Burdekin,AyrDPI,Kala,1957,Furrow,BareFallow,77,Surf1,200,999,110,SWBased_900_60_30_15_60,P2R,15MayV1R4,T2,2287.3,2015.312,869.967,1134.26,38.578,24.731,7.92537334169598,0.11250136470091,7.60576190476191,0.798605,26.044
1984,14/10/1984,288,1983,15-May,5,sugar,alive,2,395,1981,15/9/1983,135,0,0,348,1984,21,2039,7032.46,6255.36,5386.39,165.32,2832.54,16460.8,16238.103,6495.241,77.22,18.174,116.1,57.38,0,3.179,7119.343,7122.522,85727.758,0.903,13,1430,624.6,290.9,286.854,510.905,1198.45,260.548,1458.998,1.312,7087.83,3.444,7091.273,85366.94,200,295.637,344.761,14.153,5.325,1.858,3.085,7255.383,350,0.933,3860,14.2,1544,0,0,17.806,28.714,19.475,75.6,Burdekin,AyrDPI,Kala,1957,Furrow,BareFallow,77,Surf1,200,999,110,SWBased_900_60_30_15_60,P2R,15MayV1R4,T2,2054.6,1940.905,577.754,838.302,21.336,7.183,8.51767603257243,0.113310641961127,8.7936170212766,0.8266,28.325
1985,14/11/1985,318,1984,15-May,5,sugar,alive,3,396,1981,14/10/1984,135,0,0,348,1985,21,2039,7100.69,6370.11,5489.34,169.46,2829.05,16113.5,17272.636,6909.055,84.003,17.634,114.6,75.228,11.188,3.444,7087.83,7091.273,85366.94,0.898,11,1210,872.5,303.014,282.001,679.953,1214.359,264.131,1478.49,1.769,7057.199,2.143,7059.342,85023.092,200,293.609,345.371,17.987,5.749,3.338,3.805,7351.809,350,0.938,3973.7,14.6,1589.5,0,0,17.771,28.767,19.562,111.4,Burdekin,AyrDPI,Kala,1957,Furrow,BareFallow,77,Surf1,200,999,110,SWBased_900_60_30_15_60,P2R,15MayV1R4,T2,2082.5,1889.953,585.015,849.146,27.074,9.087,8.96636053912452,0.114616940256613,10.2084337349398,0.8473,28.291
1986,14/12/1986,348,1985,15-May,5,sugar,alive,4,395,1981,14/11/1985,135,0,0,348,1986,21,2039,6980.29,6175.67,5352.33,164.635,2794.24,16279.6,17074.095,6829.638,86.801,17.976,122.7,94.224,30.184,2.143,7057.199,7059.342,85023.092,0.893,12,1320,781.7,296.163,303.871,596.97,1224.132,297.656,1521.788,1.83,7011.264,4.088,7015.352,84388.807,200,294.097,362.642,23.212,12.379,5.069,4.753,7783.472,350,0.889,3142.7,11.6,1257.1,0,0,18.899,29.584,19.222,117.8,Burdekin,AyrDPI,Kala,1957,Furrow,BareFallow,77,Surf1,200,999,110,SWBased_900_60_30_15_60,P2R,15MayV1R4,T2,2101.7,1916.97,600.034,897.69,40.66,17.448,8.58829298319744,0.108185239994007,9.30141242937853,0.823175,27.942
1987,15/05/1987,135,0,15-May,5,none,out,-1,0,1981,0.000,135,0,0,348,-1,21,2039,0,0,0,0,0,0,16508.995,6603.597,79.511,0,0,74.101,10.061,4.088,7011.264,7015.352,84388.807,0.886,0,0,211.2,0,6.671,204.529,0,147.74,147.74,0.01,7104.755,18.047,7122.802,86458.8,0,0,26.755,0.104,0,0.003,0.063,3854.815,350,0.696,1700.8,8.2,680.3,0,0,21.8,31.911,20.116,44,Burdekin,AyrDPI,Kala,1957,Furrow,BareFallow,77,Surf1,200,999,110,SWBased_900_60_30_15_60,P2R,15MayV1R4,T2,211.2,204.529,6.671,154.411,0.107,0.003,0,0,0,,0
1988,14/08/1988,227,1987,15-May,6,sugar,alive,0,457,1987,15/5/1987,135,0,0,348,1988,21,2039,8244.9,7301.73,6509.21,199.35,3583.08,17356.9,0,0,0,19.208,191.2,130.89,130.89,18.047,7104.755,7122.802,86458.8,0.887,17,1870,987.5,438.354,716.055,506.739,1470.188,295.904,1766.091,4.222,6936.189,3.915,6940.104,83316.18,200,396.082,435.767,15.158,15.979,8.039,3.44,7679.788,350,0.981,5682.5,20.9,2273,0,0,17.507,28.835,18.912,254,Burdekin,AyrDPI,Kala,1957,Furrow,BareFallow,77,Surf1,200,999,110,SWBased_900_60_30_15_60,P2R,15MayV1R4,T2,2857.5,2376.739,1154.409,1450.313,39.176,24.018,8.38754276342501,0.112876403311041,8.5926724137931,0.99675,35.831
1989,14/09/1989,257,1988,15-May,6,sugar,alive,1,396,1987,14/8/1988,135,0,0,348,1989,21,2039,6822.02,5992.29,5302.66,161.511,2652.14,15193.6,19583.512,7833.404,99.63,17.298,107.6,67.89,3.85,3.915,6936.189,6940.104,83316.18,0.877,9,990,1393,525.129,426.52,883.474,1173.593,258.554,1432.146,2.778,6914.547,2.538,6917.085,83307.437,200,282.914,333.811,12.511,12.089,1.942,2.785,6913.28,350,0.956,4465.8,16.4,1786.3,0,0,17.953,28.513,19.014,134.8,Burdekin,AyrDPI,Kala,1957,Furrow,BareFallow,77,Surf1,200,999,110,SWBased_900_60_30_15_60,P2R,15MayV1R4,T2,2383,1873.474,951.649,1210.203,26.542,14.031,8.62093629268407,0.112775513111093,11.2160416666667,0.807555,26.521
1990,14/10/1990,287,1989,15-May,6,sugar,alive,2,395,1987,14/9/1989,135,0,0,348,1990,21,2039,6665.8,5866.04,5274.29,161.34,2790.36,13915.1,16710.526,6684.211,82.587,18.373,106,67.095,3.055,2.538,6914.547,6917.085,83307.437,0.877,13,1430,1277.8,773.238,516.783,542.219,1174.425,262.402,1436.827,2.898,6892.931,2.943,6895.873,83123.38,200,275.028,332.853,15.4,13.672,2.355,3.293,6906.677,350.839,0.961,4646.6,17.1,1858.6,0,0,17.407,28.757,20.276,103,Burdekin,AyrDPI,Kala,1957,Furrow,BareFallow,77,Surf1,200,999,110,SWBased_900_60_30_15_60,P2R,15MayV1R4,T2,2707.8,1972.219,1290.021,1552.423,31.427,16.027,8.18063308385124,0.112289092562988,8.58191489361702,0.8067,27.904
1991,14/11/1991,318,1990,15-May,6,sugar,alive,3,396,1987,14/10/1990,135,0,0,348,1991,21,2039,6770.35,5941.82,5327.37,162.644,3101.51,14429.8,15777.431,6310.973,80.082,20.555,88.3,48.047,0,2.943,6892.931,6895.873,83123.38,0.872,14,1540,1681.6,977.918,824.363,462.973,1185.093,234.559,1419.652,2.714,6871.157,3.854,6875.01,82818.702,200,247.299,336.404,14.447,42.886,2.733,3.106,7058.036,352.513,0.963,4696.2,17.3,1878.5,0,0,17.718,29.034,19.738,204.4,Burdekin,AyrDPI,Kala,1957,Furrow,BareFallow,77,Surf1,200,999,110,SWBased_900_60_30_15_60,P2R,15MayV1R4,T2,3221.6,2002.973,1802.281,2036.84,60.066,45.619,8.12012942760586,0.114566104932758,8.17306532663317,0.81322,31.015
1992,13/12/1992,348,1991,15-May,6,sugar,alive,4,395,1987,14/11/1991,135,0,0,348,1992,21,2039,7827.77,6878.59,6167.53,189.282,3494.61,16602.4,16257.132,6502.853,78.075,19.809,112,47.714,0,3.854,6871.157,6875.01,82818.702,0.869,16,1760,757.1,403.284,388.394,528.413,1379.135,290.666,1669.801,2.379,6838.606,2.318,6840.924,82423.361,200,292.832,346.464,18.674,10.328,1.984,3.865,7592.686,354.216,0.952,4348.3,16,1739.3,0,0,18.559,29.657,20.888,122.8,Burdekin,AyrDPI,Kala,1957,Furrow,BareFallow,77,Surf1,200,999,110,SWBased_900_60_30_15_60,P2R,15MayV1R4,T2,2517.1,2288.413,791.678,1082.344,30.986,12.312,8.27132165391475,0.113356022663779,8.5647963800905,0.94641,34.946
1993,15/05/1993,135,0,15-May,6,none,out,-1,0,1987,0.000,135,0,0,348,-1,21,2039,0,0,0,0,0,0,17808.07,7123.228,83.973,0,0,103.336,39.296,2.318,6838.606,6840.924,82423.361,0.864,0,0,311.1,85.08,20.661,249.764,0,148.765,148.765,0.026,6910.844,30.91,6941.754,84316.009,0,0,41.165,0.179,0.385,0.008,0.086,4323.255,354.89,0.728,1858.6,8.8,743.5,0,0,20.264,30.536,20.512,59,Burdekin,AyrDPI,Kala,1957,Furrow,BareFallow,77,Surf1,200,999,110,SWBased_900_60_30_15_60,P2R,15MayV1R4,T2,311.1,249.764,105.741,254.506,0.572,0.393,0,0,0,,0
1994,15/08/1994,227,1993,15-May,7,sugar,alive,0,457,1993,15/5/1993,135,0,0,348,1994,21,2039,8812.74,7787.56,7032.44,215.82,3841.3,17802.9,0,0,0,18.992,187,159.93,159.93,30.91,6910.844,6941.754,84316.009,0.862,19,2090,457.7,408.512,407.848,389.56,1505.121,323.905,1829.026,3.037,6767.337,3.549,6770.886,81459.835,200,389.094,412.265,16.243,14.357,5.142,3.613,7523.86,356.916,0.986,6084.9,22.3,2434,0,0,17.48,28.617,19.366,46.8,Burdekin,AyrDPI,Kala,1957,Furrow,BareFallow,77,Surf1,200,999,110,SWBased_900_60_30_15_60,P2R,15MayV1R4,T2,2547.7,2479.56,816.36,1140.265,35.742,19.499,8.70396360644631,0.117997229126322,8.49685039370079,1.0791,38.413
1995,15/09/1995,258,1994,15-May,7,sugar,alive,1,396,1993,15/8/1994,135,0,0,348,1995,21,2039,7944.25,7104.36,6273.16,193.438,3602.85,16710.9,20304.631,8121.852,99.428,20.009,108.7,62.244,0,3.549,6767.337,6770.886,81459.835,0.854,17,1870,508.6,375.913,355.243,385.806,1361.575,266.502,1628.077,1.285,6755.367,1.478,6756.845,81479.884,200,279.096,337.371,10.967,13.616,1.689,2.507,7469.978,358.708,0.952,4341.1,16,1736.5,0,0,18.529,29.133,20.466,55.2,Burdekin,AyrDPI,Kala,1957,Furrow,BareFallow,77,Surf1,200,999,110,SWBased_900_60_30_15_60,P2R,15MayV1R4,T2,2378.6,2255.806,731.156,997.658,26.272,15.305,8.57511683185522,0.118813790748226,8.33784482758621,0.96719,36.028
1996,14/10/1996,288,1995,15-May,7,sugar,alive,2,395,1993,15/9/1995,135,0,0,348,1996,21,2039,7435.73,6563.79,5942.18,181.885,3468.4,14935.5,17894.229,7157.692,70.882,20.555,103.5,81.611,17.571,1.478,6755.367,6756.845,81479.884,0.855,16,1760,547.9,349.635,409.877,360.909,1299.864,266.468,1566.332,1.899,6746.538,3.064,6749.601,81483.3,200,282.08,334.55,12.686,3.449,1.784,2.798,7766.672,360.529,0.966,4832.5,17.7,1933,0,0,19.266,29.673,20.78,107,Burdekin,AyrDPI,Kala,1957,Furrow,BareFallow,77,Surf1,200,999,110,SWBased_900_60_30_15_60,P2R,15MayV1R4,T2,2307.9,2120.909,759.512,1025.98,17.919,5.233,8.57580405382786,0.11612161406394,8.23009049773756,0.909425,34.684
1997,14/11/1997,318,1996,15-May,7,sugar,alive,3,396,1993,14/10/1996,135,0,0,348,1997,21,2039,8017.32,7081.39,6423.59,197.522,3699.91,15937.3,16802.827,6721.13,74.916,20.14,104.2,63.667,0,3.064,6746.538,6749.601,81483.3,0.852,13,1430,954.2,494.998,452.907,489.143,1194.097,250.083,1444.18,3.372,6740.547,2.898,6743.446,81456.741,200,279.889,331.891,13.862,5.638,1.969,3.004,7676.935,362.389,0.968,4904.8,18,1961.9,0,0,19.541,28.549,20.726,116.8,Burdekin,AyrDPI,Kala,1957,Furrow,BareFallow,77,Surf1,200,999,110,SWBased_900_60_30_15_60,P2R,15MayV1R4,T2,2384.2,1919.143,947.905,1197.988,21.469,7.607,10.2921981321871,0.1367710396211,10.5064893617021,0.98761,36.999
1998,15/12/1998,349,1997,15-May,7,sugar,alive,4,396,1993,14/11/1997,135,0,1,348,1998,20,2039,8566.02,7628.88,6743.58,209.291,3975.3,18224.3,17715.787,7086.314,80.558,20.463,112.1,55.781,0,2.898,6740.547,6743.446,81456.741,0.85,11,1210,1416.3,506.142,483.974,885.27,1242.59,288.942,1531.532,2.543,6710.322,1.196,6711.518,80971.925,200,282.447,361.464,19.56,23.645,2.063,4.079,8245.143,364.288,0.91,3439.7,12.6,1375.9,0,0,20.835,29.136,19.14,189.6,Burdekin,AyrDPI,Kala,1957,Furrow,BareFallow,77,Surf1,200,999,110,SWBased_900_60_30_15_60,P2R,15MayV1R4,T2,2626.3,2095.27,990.116,1279.058,45.268,25.708,9.98873653514821,0.136654669964454,12.6078915662651,1.046455,39.753
1999,15/05/1999,135,0,15-May,7,none,out,-1,0,1993,0.000,135,0,1,349,-1,20,2040,0,0,0,0,0,0,18414.387,7365.755,72.279,0,0,160.434,96.394,1.196,6710.322,6711.518,80971.925,0.845,0,0,601.8,270.314,71.014,368.665,0,240.501,240.501,0.152,6810.615,11.715,6822.33,83702.575,0,0,30.236,0.353,1.275,0.042,0.074,4587.561,365.026,0.491,963.7,3.8,385.5,0,0,22.633,30.546,18.828,98.7,Burdekin,AyrDPI,Kala,1957,Furrow,BareFallow,77,Surf1,200,999,110,SWBased_900_60_30_15_60,P2R,15MayV1R4,T2,601.8,368.665,341.328,581.829,1.67,1.317,0,0,0,,0
2000,14/08/2000,227,1999,15-May,8,sugar,alive,0,457,1999,15/5/1999,135,0,0,348,2000,21,2039,9530.87,8459.88,7695.68,236.869,3799.49,18351.9,0,0,0,16.83,181.8,180.404,180.404,11.715,6810.615,6822.33,83702.575,0.847,14,1540,1525.8,880.263,677.603,651.537,1337.726,284.181,1621.907,4.117,6669.046,3.54,6672.586,80398.613,200,377.203,402.392,10.159,7.744,5.986,2.447,7782.259,367.264,0.992,6835.1,25,2734,0,0,18.098,27.667,18.809,136,Burdekin,AyrDPI,Kala,1957,Furrow,BareFallow,77,Surf1,200,999,110,SWBased_900_60_30_15_60,P2R,15MayV1R4,T2,3065.8,2191.537,1557.866,1842.047,23.889,13.73,10.8083504864394,0.146043515442007,11.9029648241206,1.184345,37.995
2001,14/09/2001,257,2000,15-May,8,sugar,alive,1,396,1999,14/8/2000,135,0,0,348,2001,21,2039,7260.55,6420.4,5740.93,176.009,3347.06,15196.2,21409,8563.601,96.3,20.49,99.5,66.43,2.39,3.54,6669.046,6672.586,80398.613,0.838,14,1540,561.3,315.024,312.151,430.098,1235.987,249.117,1485.104,0.824,6660.791,2.716,6663.507,80384.963,200,276.395,331.24,10.897,9.258,1.738,2.474,7538.778,369.246,0.955,4433.4,16.3,1773.4,0,0,17.804,29.071,20.13,52,Burdekin,AyrDPI,Kala,1957,Furrow,BareFallow,77,Surf1,200,999,110,SWBased_900_60_30_15_60,P2R,15MayV1R4,T2,2101.3,1970.098,627.175,876.292,21.893,10.996,8.93402257146599,0.118516278994602,8.84467336683417,0.880045,33.471
2002,14/10/2002,287,2001,15-May,8,sugar,alive,2,395,1999,14/9/2001,135,0,0,348,2002,21,2039,7682.81,6804.75,6087.61,186.657,3639.41,15952,16685.242,6674.097,71.9,21.082,108.7,55.452,0,2.716,6660.791,6663.507,80384.963,0.84,18,1980,810.6,432.05,645.42,339.75,1446.95,265.052,1712.002,5.345,6635.383,2.446,6637.829,80137.304,200,289.435,349.821,13.147,12.422,2.354,2.89,7763.182,371.263,0.967,4859.9,17.8,1944,0,0,18.325,30.193,21.2,206,Burdekin,AyrDPI,Kala,1957,Furrow,BareFallow,77,Surf1,200,999,110,SWBased_900_60_30_15_60,P2R,15MayV1R4,T2,2790.6,2319.75,1077.47,1342.522,27.923,14.776,8.0464274167475,0.109028494125591,7.68135802469136,0.933285,36.394
2003,14/11/2003,318,2002,15-May,8,sugar,alive,3,396,1999,14/10/2002,135,0,0,348,2003,21,2039,7484.14,6553.82,5964.6,182.023,3407.67,15195.4,17690.179,7076.073,80.167,20.127,105.8,56.579,0,2.446,6635.383,6637.829,80137.304,0.836,17,1870,463.2,362.526,352.92,305.468,1362.814,253.705,1616.519,1.278,6626.334,3.335,6629.669,79986.821,200,283.505,341.18,11.419,7.513,2.022,2.556,7924.78,373.315,0.968,4907.8,18,1963.1,0,0,18.628,30.091,21.304,51,Burdekin,AyrDPI,Kala,1957,Furrow,BareFallow,77,Surf1,200,999,110,SWBased_900_60_30_15_60,P2R,15MayV1R4,T2,2333.2,2175.468,715.446,969.151,20.954,9.535,8.36707319988159,0.112601831466256,7.84581896551724,0.910115,34.077
2004,13/12/2004,348,2003,15-May,8,sugar,alive,4,395,1999,14/11/2003,135,0,0,348,2004,21,2039,7404.17,6472.24,5906.99,180.957,3443.18,14971.8,17087.726,6835.091,79.928,20.504,98.3,57.815,0,3.335,6626.334,6629.669,79986.821,0.834,16,1760,761.4,439.031,468.007,387.862,1309.198,282.956,1592.154,2.08,6604.599,3.957,6608.555,79709.486,200,268.474,344.669,18.793,24.499,2.009,3.875,7620.582,375.396,0.961,4632.8,17,1853.1,0,0,18.577,29.903,20.734,173.2,Burdekin,AyrDPI,Kala,1957,Furrow,BareFallow,77,Surf1,200,999,110,SWBased_900_60_30_15_60,P2R,15MayV1R4,T2,2521.4,2147.862,907.038,1189.994,45.301,26.508,8.42498261061465,0.113655462976571,8.18809954751131,0.904785,34.432
2005,15/05/2005,135,0,15-May,8,none,out,-1,0,1999,0.000,135,0,0,348,-1,21,2039,0,0,0,0,0,0,16663.952,6665.581,80.532,0,0,80.023,15.983,3.957,6604.599,6608.555,79709.486,0.831,0,0,600,185.152,215.156,231.931,0,120.655,120.655,0.313,6673.507,37.031,6710.538,81291.497,0,0,44.923,0.131,0.472,0.064,0.091,4464.481,376.22,0.752,1989.2,9.6,795.7,0,0,21.43,31.782,20.982,143.4,Burdekin,AyrDPI,Kala,1957,Furrow,BareFallow,77,Surf1,200,999,110,SWBased_900_60_30_15_60,P2R,15MayV1R4,T2,600,231.931,400.308,520.963,0.667,0.536,0,0,0,,0
2006,15/08/2006,227,2005,15-May,9,sugar,alive,0,457,2005,15/5/2005,135,0,0,348,2006,21,2039,8670.29,7722.05,6853.12,210.856,3793.89,18171.7,0,0,0,19.231,186.3,159.06,159.06,37.031,6673.507,6710.538,81291.497,0.827,15,1650,995.7,460.34,514.034,653.843,1457.169,301.205,1758.375,3.407,6526.908,2.736,6529.643,78535.714,200,389.471,417.19,17.921,21.012,5.629,3.938,7351.88,378.688,0.982,5776.1,21.2,2310.4,0,0,18.17,28.784,18.723,178.4,Burdekin,AyrDPI,Kala,1957,Furrow,BareFallow,77,Surf1,200,999,110,SWBased_900_60_30_15_60,P2R,15MayV1R4,T2,2645.7,2303.843,974.374,1275.579,44.562,26.641,9.15235977451588,0.119915262671501,10.0407619047619,1.05428,37.939
2007,15/09/2007,258,2006,15-May,9,sugar,alive,1,396,2005,15/8/2006,135,0,0,348,2007,21,2039,7081.63,6295.92,5617.55,172.665,3048.95,14640.9,20355.59,8142.236,100.181,18.82,99.1,72.011,7.971,2.736,6526.908,6529.643,78535.714,0.821,15,1650,940.5,651.427,461.011,409.445,1225.415,257.689,1483.105,2.748,6532.552,2.14,6534.692,78845.203,200,262.266,313.582,9.194,9.829,2.175,2.154,6865.852,380.866,0.951,4315.6,15.9,1726.2,0,0,17.498,28.527,19.722,130.2,Burdekin,AyrDPI,Kala,1957,Furrow,BareFallow,77,Surf1,200,999,110,SWBased_900_60_30_15_60,P2R,15MayV1R4,T2,2590.5,2059.445,1112.438,1370.127,21.198,12.004,8.38405492741977,0.11642129181683,8.22214285714286,0.863325,30.49
2008,14/10/2008,288,2007,15-May,9,sugar,alive,2,395,2005,15/9/2007,135,0,0,348,2008,21,2039,7274.53,6438.76,5746.29,176.144,3327.1,15282.4,16113.002,6445.201,70.891,20.333,97,66.968,2.928,2.14,6532.552,6534.692,78845.203,0.824,12,1320,1330.4,671.603,494.901,654.283,1240.331,246.745,1487.075,4.453,6529.147,2.476,6531.622,78865.968,200,270.463,320.02,11.864,6.696,2.06,2.636,7173.671,383.074,0.961,4650.1,17.1,1860,0,0,18.056,28.888,19.529,108.2,Burdekin,AyrDPI,Kala,1957,Furrow,BareFallow,77,Surf1,200,999,110,SWBased_900_60_30_15_60,P2R,15MayV1R4,T2,2650.4,1974.283,1166.504,1413.249,20.62,8.756,8.92192254099336,0.11844997730444,9.9516384180791,0.88072,33.271
2009,14/11/2009,318,2008,15-May,9,sugar,alive,3,396,2005,14/10/2008,135,0,0,348,2009,21,2039,6673.48,5830.77,5223.99,158.884,2871.68,14494.9,16942.63,6777.053,78.195,19.331,95.4,63.789,0,2.476,6529.147,6531.622,78865.968,0.822,12,1320,1794.7,986.581,727.057,582.285,1157.696,249.809,1407.505,2.854,6516.849,3.489,6520.339,78629.335,200,267.451,330.885,15.208,14.509,2.315,3.208,7307.408,385.324,0.965,4788.7,17.6,1915.5,0,0,18.56,29.611,19.509,197.2,Burdekin,AyrDPI,Kala,1957,Furrow,BareFallow,77,Surf1,200,999,110,SWBased_900_60_30_15_60,P2R,15MayV1R4,T2,3114.7,1902.285,1713.638,1963.447,32.032,16.824,8.35227108451152,0.112883435582822,8.97649717514124,0.79442,28.717
2010,16/12/2010,350,2009,15-May,9,sugar,alive,4,397,2005,14/11/2009,135,0,2,348,2010,19,2039,7772.69,6886.22,6012.24,185.218,3466.3,17604.5,16391.05,6556.42,81.038,20.119,97.4,57.346,0,3.489,6516.849,6520.339,78629.335,0.82,11,1210,1603.7,754.662,468.575,835.272,1214.75,249.966,1464.717,1.778,6488.158,1.034,6489.192,78262.6,200,253.373,344.857,17.535,48.511,1.687,3.73,7480.231,387.623,0.925,3704.2,13.6,1481.7,0,0,19.701,29.166,17.825,135.2,Burdekin,AyrDPI,Kala,1957,Furrow,BareFallow,77,Surf1,200,999,110,SWBased_900_60_30_15_60,P2R,15MayV1R4,T2,2813.7,2045.272,1223.237,1473.203,67.733,50.198,9.05591041191587,0.126453096400192,11.1577108433735,0.92609,34.663
2011,15/05/2011,135,0,15-May,9,none,out,-1,0,2005,0.000,135,0,2,350,-1,19,2041,0,0,0,0,0,0,18112.408,7244.963,72.063,0,0,183.093,119.053,1.034,6488.158,6489.192,78262.6,0.816,0,0,895.5,577.191,88.229,412.298,0,241.434,241.434,0.107,6575.211,11.261,6586.472,80948.126,0,0,29.061,0.345,2.259,0.032,0.069,3902.832,388.506,0.556,1160.3,4.6,464.1,0,0,21.619,30.26,17.661,75.6,Burdekin,AyrDPI,Kala,1957,Furrow,BareFallow,77,Surf1,200,999,110,SWBased_900_60_30_15_60,P2R,15MayV1R4,T2,895.5,412.298,665.42,906.854,2.636,2.291,0,0,0,,0
2012,14/08/2012,227,2011,15-May,10,sugar,alive,0,457,2011,15/5/2011,135,0,0,348,2012,21,2039,9092.32,8185.75,7185.3,222.454,3773.63,19070.1,0,0,0,17.965,169.3,171.739,171.739,11.261,6575.211,6586.472,80948.126,0.818,16,1760,1170.2,693.451,519.586,631.171,1509.266,285.816,1795.082,2.886,6444.214,1.41,6445.624,77654.666,200,360.924,389.97,11.398,9.49,6.892,2.663,7485.864,391.2,0.984,5897.8,21.6,2359.1,0,0,16.72,28.147,18.583,197.4,Burdekin,AyrDPI,Kala,1957,Furrow,BareFallow,77,Surf1,200,999,110,SWBased_900_60_30_15_60,P2R,15MayV1R4,T2,2930.2,2391.171,1213.037,1498.853,27.78,16.382,9.303140595131,0.123924143855267,10.0657918552036,1.11227,37.736
2013,14/09/2013,257,2012,15-May,10,sugar,alive,1,396,2011,14/8/2012,135,0,0,348,2013,21,2039,6932.06,6128.21,5500.62,168.669,3044.07,14314.3,21222.771,8489.108,95.962,19.299,97.5,93.82,29.78,1.41,6444.214,6445.624,77654.666,0.809,15,1650,535.4,373.931,380.458,325.121,1207.387,259.808,1467.195,1.532,6449.658,2.027,6451.685,77877.273,200,263.809,313.56,8.199,7.754,1.987,1.963,7138.336,393.58,0.952,4331.7,15.9,1732.7,0,0,18.05,29.079,20.08,178.6,Burdekin,AyrDPI,Kala,1957,Furrow,BareFallow,77,Surf1,200,999,110,SWBased_900_60_30_15_60,P2R,15MayV1R4,T2,2185.4,1975.121,754.389,1014.197,17.94,9.741,8.53967934116442,0.114960179117295,8.03185714285714,0.843345,30.441
2014,14/10/2014,287,2013,15-May,10,sugar,alive,2,395,2011,14/9/2013,135,0,0,348,2014,21,2039,7208.58,6377.07,5707.84,174.843,3196.82,15007.4,15849.107,6339.643,66.167,19.589,97.3,57.637,0,2.027,6449.658,6451.685,77877.273,0.813,14,1540,730.4,462.796,351.807,469.71,1209.939,247.941,1457.881,1.466,6442.966,2.268,6445.234,77838.848,200,265.597,324.435,15.175,11.2,2.022,3.218,7205.911,395.998,0.964,4749.5,17.4,1899.8,0,0,18.127,29.166,20.069,86.2,Burdekin,AyrDPI,Kala,1957,Furrow,BareFallow,77,Surf1,200,999,110,SWBased_900_60_30_15_60,P2R,15MayV1R4,T2,2270.4,2009.71,814.603,1062.544,28.397,13.222,8.69991192759154,0.119929541574381,8.78608040201005,0.874215,31.968
2015,14/11/2015,318,2014,15-May,10,sugar,alive,3,396,2011,14/10/2014,135,0,0,348,2015,21,2039,7441.02,6543.7,5905.38,180.378,3447.42,15356.4,16793.331,6717.333,75.692,20.608,106.5,55.553,0,2.268,6442.966,6445.234,77838.848,0.811,18,1980,382.4,337.979,385.1,271.587,1383.489,251.436,1634.925,1.554,6427.996,2.657,6430.653,77655.883,200,284.831,338.905,10.774,8.664,1.964,2.446,7585.073,398.452,0.973,5167.5,19,2067,0,0,18.652,30.213,20.932,83.4,Burdekin,AyrDPI,Kala,1957,Furrow,BareFallow,77,Surf1,200,999,110,SWBased_900_60_30_15_60,P2R,15MayV1R4,T2,2362.4,2251.587,723.079,974.515,21.402,10.628,8.01114946924103,0.110327996697096,7.42296296296296,0.90189,34.474
2016,13/12/2016,348,2015,15-May,10,sugar,alive,4,395,2011,14/11/2015,135,0,0,348,2016,21,2039,6813.03,5922.28,5298.48,161.026,2759.75,15145.6,17445.387,6978.154,81.338,18.18,107.9,59.949,0,2.657,6427.996,6430.653,77655.883,0.808,13,1430,606.4,292.671,260.548,478.86,1206.173,265.576,1471.748,1.404,6411.372,3.808,6415.181,77299.349,200,284.908,346.08,15.767,6.599,1.546,3.38,7865.913,400.938,0.933,3860.7,14.2,1544.3,0,0,19.777,30.41,19.159,43.6,Burdekin,AyrDPI,Kala,1957,Furrow,BareFallow,77,Surf1,200,999,110,SWBased_900_60_30_15_60,P2R,15MayV1R4,T2,2036.4,1908.86,553.219,818.795,23.912,8.145,8.43571555797701,0.109411393798395,8.56521276595745,0.80513,27.598
2017,15/05/2017,135,0,15-May,10,none,out,-1,0,2011,0.000,135,0,0,348,-1,21,2039,0,0,0,0,0,0,16155.303,6462.121,81.346,0,0,71.382,7.342,3.808,6411.372,6415.181,77299.349,0.806,0,0,605.4,229.482,85.653,397.223,0,192.263,192.263,0.202,6503.966,19.992,6523.958,78984.299,0,0,37.424,0.432,1.282,0.086,0.09,4469.451,401.919,0.472,913.2,4.6,365.3,0,0,21.92,31.516,17.935,106.2,Burdekin,AyrDPI,Kala,1957,Furrow,BareFallow,77,Surf1,200,999,110,SWBased_900_60_30_15_60,P2R,15MayV1R4,T2,605.4,397.223,315.135,507.398,1.8,1.368,0,0,0,,0
2018,15/08/2018,227,2017,15-May,11,sugar,alive,0,457,2017,15/5/2017,135,0,0,348,2018,21,2039,7584.75,6665.01,6024.41,183.887,3335.68,15603.5,0,0,0,19.412,161.4,169.385,169.385,19.992,6503.966,6523.958,78984.299,0.807,18,1980,862.3,727.096,594.016,350.997,1355.805,273.435,1629.239,4.644,6341.499,3.255,6344.754,76273.808,200,350.293,416.867,17.45,47.961,8.16,3.85,6584.868,404.859,0.982,5733.1,21,2293.2,0,0,17.386,29.082,17.25,130.4,Burdekin,AyrDPI,Kala,1957,Furrow,BareFallow,77,Surf1,200,999,110,SWBased_900_60_30_15_60,P2R,15MayV1R4,T2,2842.3,2330.997,1321.112,1594.547,73.571,56.121,7.88877034161777,0.112866804686114,7.56736625514403,0.919435,33.357
2019,15/09/2019,258,2018,15-May,11,sugar,alive,1,396,2017,15/8/2018,135,0,0,348,2019,21,2039,6042.17,5243.75,4696.27,141.749,2292.17,13459,18136.079,7254.432,97.36,16.99,96.6,61.333,0,3.255,6341.499,6344.754,76273.808,0.797,11,1210,1209.8,657.316,454.597,547.365,1069.7,245.744,1315.444,4.15,6335.964,2.016,6337.98,76353.047,200,262.507,312.516,12.632,10.706,1.254,2.787,6324.53,407.447,0.957,4490.5,16.5,1796.2,0,0,18.153,29.445,17.39,92.8,Burdekin,AyrDPI,Kala,1957,Furrow,BareFallow,77,Surf1,200,999,110,SWBased_900_60_30_15_60,P2R,15MayV1R4,T2,2419.8,1757.365,1111.913,1357.657,24.592,11.96,8.06599653458445,0.107757532817817,8.53909638554217,0.708745,22.922
2020,14/10/2020,288,2019,15-May,11,sugar,alive,2,395,2017,15/9/2019,135,0,0,348,2020,21,2039,6779.15,5948.32,5321.72,161.958,2658.29,14574.3,15257.007,6102.803,76.874,17.288,100.2,53.777,0,2.016,6335.964,6337.98,76353.047,0.8,14,1540,1063.7,514.759,614.955,461.82,1228.571,245.108,1473.679,7.041,6323.958,1.878,6325.836,76310.772,200,269.086,321.92,12.058,10.782,2.399,2.684,6541.306,410.067,0.969,4976.4,18.3,1990.6,0,0,18.555,29.802,18.842,327.8,Burdekin,AyrDPI,Kala,1957,Furrow,BareFallow,77,Surf1,200,999,110,SWBased_900_60_30_15_60,P2R,15MayV1R4,T2,2603.7,2001.82,1129.714,1374.822,25.239,13.181,8.0905376107742,0.109900460005198,8.13859296482412,0.80979,26.583
2021,15/11/2021,319,2020,15-May,11,sugar,alive,3,397,2017,14/10/2020,135,0,1,348,2021,20,2039,6485.56,5683.85,5027.93,153.396,2593.88,14576.4,16618.132,6647.252,82.211,17.899,83.4,54.084,0,1.878,6323.958,6325.836,76310.772,0.797,10,1100,1117.3,483.829,406.937,593.95,1059.821,232.176,1291.997,2.311,6315.117,2.783,6317.9,76136.427,200,236.496,321.986,14.918,38.787,1.918,3.197,6872.187,412.74,0.938,3964.8,14.6,1585.9,0,0,19.446,29.65,17.425,132.4,Burdekin,AyrDPI,Kala,1957,Furrow,BareFallow,77,Surf1,200,999,110,SWBased_900_60_30_15_60,P2R,15MayV1R4,T2,2217.3,1693.95,890.766,1122.942,55.623,40.705,9.05552111927743,0.118727829863382,9.89651612903226,0.76698,25.939
1958,15/05/1958,135,0,15-May,0,none,out,-1,0,-1,0.000,135,0,0,348,-1,21,2039,0,0,0,0,0,0,0,0,0,0,0,0,0,0,0,0,0,1.165,0,0,890.5,244.918,295.171,414.703,0,216.55,216.55,13.711,8911.035,214.438,9125.473,105207.118,0,0,290.013,30.792,55.19,2.514,6.036,3045.379,350,0.009,13.2,0.1,5.3,0,0,21.701,30.742,17.773,136.1,Burdekin,AyrDPI,Kala,1958,Furrow,BareFallow,77,Surf1,200,999,110,SWBased_900_60_30_15_60,P2R,15MayV1R4,T2,890.5,414.703,540.089,756.639,88.496,57.704,0,0,0,,0
1959,15/08/1959,227,1958,15-May,1,sugar,alive,0,457,1958,15/5/1958,135,0,0,348,1959,21,2039,8129.03,7184.22,6474.17,198.534,3138.83,16548.6,0,0,0,16.546,264.6,171.061,171.061,214.438,8911.035,9125.473,105207.118,1.129,15,1650,941.6,483.781,477.726,629.294,1403.776,334.968,1738.743,10.408,8577.547,8.835,8586.382,102853.088,200,497.698,593.94,80.625,198.215,8.234,15.736,6340.423,350,0.972,5102.8,18.7,2041.1,0,0,16.568,28.135,18.952,162.8,Burdekin,AyrDPI,Kala,1958,Furrow,BareFallow,77,Surf1,200,999,110,SWBased_900_60_30_15_60,P2R,15MayV1R4,T2,2591.6,2279.294,961.507,1296.475,287.074,206.449,8.7103287245963,0.114182487003542,9.454,0.99267,31.388
1960,14/09/1960,258,1959,15-May,1,sugar,alive,1,396,1958,15/8/1959,135,0,0,348,1960,21,2039,6801.7,5941.34,5289.58,160.684,2586.98,15121.2,18403.648,7361.458,99.927,16.903,146.3,62.411,0,8.835,8577.547,8586.382,102853.088,1.092,12,1320,1107.6,500.071,529.799,541.069,1149.021,255.245,1404.266,4.108,8506.83,6.152,8512.982,102248.364,200,328.735,396.678,19.136,13.474,2.317,4.066,7343.23,350,0.962,4655.2,17.1,1862.1,0,0,17.494,28.356,20.039,210.1,Burdekin,AyrDPI,Kala,1958,Furrow,BareFallow,77,Surf1,200,999,110,SWBased_900_60_30_15_60,P2R,15MayV1R4,T2,2427.6,1861.069,1029.87,1285.115,34.927,15.791,8.63396252368934,0.114425614520326,9.07819209039548,0.80342,25.87
1961,14/10/1961,287,1960,15-May,1,sugar,alive,2,395,1958,14/9/1960,135,0,0,348,1961,21,2039,6820.17,5991.79,5336.89,163.001,2929.31,14832.7,16809.926,6723.97,97.977,19.204,143.8,55.874,0,6.152,8506.83,8512.982,102248.364,1.082,17,1870,490.9,443.561,386.379,306.507,1265.716,274.552,1540.268,3.346,8430.634,6.821,8437.454,101340.313,200,331.451,396.845,20.142,12.584,2.601,4.169,7768.351,350,0.957,4508.8,16.6,1803.5,0,0,16.939,29.173,21.112,63.2,Burdekin,AyrDPI,Kala,1958,Furrow,BareFallow,77,Surf1,200,999,110,SWBased_900_60_30_15_60,P2R,15MayV1R4,T2,2360.9,2176.507,829.94,1104.492,35.327,15.185,7.48910984435152,0.105826388654442,7.02590517241379,0.815005,29.293
1962,14/11/1962,318,1961,15-May,1,sugar,alive,3,396,1958,14/10/1961,135,0,0,348,1962,21,2039,6850.65,6000.62,5339.06,163.028,2747.39,15115.9,16440.277,6576.111,93.73,17.828,144.9,46.566,0,6.821,8430.634,8437.454,101340.313,1.07,14,1540,942.7,498.387,433.629,532.456,1257.04,286.648,1543.688,5.486,8347.728,7.427,8355.155,100268.101,200,329.743,405.904,26.427,15.146,2.619,5.317,7961.281,350,0.951,4300.8,15.8,1720.3,0,0,17.883,29.608,20.496,102.1,Burdekin,AyrDPI,Kala,1958,Furrow,BareFallow,77,Surf1,200,999,110,SWBased_900_60_30_15_60,P2R,15MayV1R4,T2,2482.7,2072.456,932.016,1218.664,44.192,17.765,7.86641549929166,0.105609423665922,8.19236180904523,0.81514,27.474
1963,14/12/1963,348,1962,15-May,1,sugar,alive,4,395,1958,14/11/1962,135,0,0,348,1963,21,2039,6258.1,5499.99,4860.42,149.516,2637.51,13976.9,16504.251,6601.701,92.934,18.798,136.6,53.563,0,7.427,8347.728,8355.155,100268.101,1.059,11,1210,1159,597.534,364.883,580.453,1101.868,308.117,1409.984,5.758,8263.511,8.22,8271.731,99222.513,200,297.272,390.686,44.533,26.594,1.064,8.556,7409.969,350,0.916,3538.8,13,1415.5,0,0,17.523,29.03,19.693,91.9,Burdekin,AyrDPI,Kala,1958,Furrow,BareFallow,77,Surf1,200,999,110,SWBased_900_60_30_15_60,P2R,15MayV1R4,T2,2369,1790.453,962.417,1270.534,72.191,27.658,8.35073581937085,0.106040919613272,9.00698795180723,0.74758,26.375
1964,14/05/1964,135,0,15-May,1,none,out,-1,0,1958,0.000,135,0,0,348,-1,21,2039,0,0,0,0,0,0,14888.293,5955.318,81.437,0,0,50.161,0,8.22,8263.511,8271.731,99222.513,1.047,0,0,453.9,123.711,40.738,357.061,0,169.174,169.174,0.094,8317.894,60.926,8378.82,100001.6,0,0,74.888,2.822,0.555,0.023,0.452,4817.878,350,0.479,931.7,5.1,372.7,0,0,21.305,31.506,19.237,92.7,Burdekin,AyrDPI,Kala,1958,Furrow,BareFallow,77,Surf1,200,999,110,SWBased_900_60_30_15_60,P2R,15MayV1R4,T2,453.9,357.061,164.449,333.623,3.4,0.578,0,0,0,,0
1965,14/08/1965,226,1964,15-May,2,sugar,alive,0,457,1964,14/5/1964,135,0,0,348,1965,21,2039,7582.74,6627.71,5970.29,181.363,3355.8,16124.5,0,0,0,19.859,210.5,170.439,170.439,60.926,8317.894,8378.82,100001.6,1.043,18,1980,923.9,693.475,539.929,478.95,1446.289,335.366,1781.655,5.332,8091.732,5.652,8097.385,97072.285,200,424.501,484.864,35.657,60.579,7.662,7.303,6936.009,350,0.983,5831.5,21.4,2332.6,0,0,16.633,28.818,18.791,107.4,Burdekin,AyrDPI,Kala,1958,Furrow,BareFallow,77,Surf1,200,999,110,SWBased_900_60_30_15_60,P2R,15MayV1R4,T2,2903.9,2458.95,1233.404,1568.77,103.898,68.241,7.3756278086175,0.101794679665816,7.46349794238683,0.906815,33.558
1966,14/09/1966,257,1965,15-May,2,sugar,alive,1,396,1964,14/8/1965,135,0,0,348,1966,21,2039,7118.19,6279.87,5453.8,166.481,2888.2,16644,18662.556,7465.023,101.896,18.439,130.3,59.28,0,5.652,8091.732,8097.385,97072.285,1.026,16,1760,392.1,296.913,326.742,321.587,1268.661,253.624,1522.285,1.516,8037.82,4.579,8042.399,96585.07,200,307.423,371.007,15.895,17.798,1.93,3.454,7287.369,350,0.944,4108.4,15.1,1643.4,0,0,17.613,28.709,19.595,102.9,Burdekin,AyrDPI,Kala,1958,Furrow,BareFallow,77,Surf1,200,999,110,SWBased_900_60_30_15_60,P2R,15MayV1R4,T2,2152.1,2081.587,623.655,877.279,35.623,19.728,7.99779206922411,0.109362570083789,7.53307692307692,0.832405,28.882
1967,14/10/1967,287,1966,15-May,2,sugar,alive,2,395,1964,14/9/1966,135,0,0,348,1967,21,2039,6530.71,5732.73,5118.17,156.033,2576.29,14125.4,17639.522,7055.809,87.417,17.409,131,65.44,1.4,4.579,8037.82,8042.399,96585.07,1.022,12,1320,809.7,375.628,368.599,504.629,1149,251.487,1400.487,2.779,7984.212,5.396,7989.608,96097.529,200,316.483,366.344,19.703,2.64,1.696,4.101,7387.622,350,0.96,4582.8,16.9,1833.1,0,0,17.992,28.818,20.041,154.9,Burdekin,AyrDPI,Kala,1958,Furrow,BareFallow,77,Surf1,200,999,110,SWBased_900_60_30_15_60,P2R,15MayV1R4,T2,2129.7,1824.629,744.227,995.714,24.039,4.336,8.55149183751875,0.111413386914695,8.81542372881356,0.780165,25.763
1968,13/11/1968,318,1967,15-May,2,sugar,alive,3,396,1964,14/10/1967,135,0,0,348,1968,21,2039,6494.44,5694.67,5104.76,155.648,2596.74,13896.8,15902.001,6360.8,88.233,17.621,128.2,50.426,0,5.396,7984.212,7989.608,96097.529,1.013,11,1210,1461.8,672.425,626.359,525.646,1087.784,285.63,1373.413,5.485,7924.184,6.506,7930.69,95298.494,200,303.926,371.016,19.165,22.571,2.079,4.043,7489.672,350,0.962,4656,17.1,1862.4,0,0,18.116,28.915,20.428,187.9,Burdekin,AyrDPI,Kala,1958,Furrow,BareFallow,77,Surf1,200,999,110,SWBased_900_60_30_15_60,P2R,15MayV1R4,T2,2671.8,1735.646,1298.784,1584.414,43.815,24.65,8.9677272900119,0.113329348127621,9.37638554216868,0.77824,25.967
1969,13/12/1969,347,1968,15-May,2,sugar,alive,4,395,1964,13/11/1968,135,0,0,348,1969,21,2039,6828.42,5986.79,5298.78,162.445,2900.87,15296.4,15769.901,6307.96,89.13,19.065,159.3,50.029,0,6.506,7924.184,7930.69,95298.494,1.004,16,1760,258,213.269,288.574,250.845,1233.592,275.203,1508.796,1.815,7842.439,6.527,7848.966,94156.184,200,339.17,394.315,21.237,7.737,2.075,4.418,7836.015,350,0.915,3516.2,13,1406.5,0,0,18.235,29.838,20.84,46.5,Burdekin,AyrDPI,Kala,1958,Furrow,BareFallow,77,Surf1,200,999,110,SWBased_900_60_30_15_60,P2R,15MayV1R4,T2,2018,2010.845,501.843,777.046,31.049,9.812,8.07844463397228,0.107665317246334,7.35045248868778,0.812225,29.009
1970,15/05/1970,135,0,15-May,2,none,out,-1,0,1964,0.000,135,0,0,348,-1,21,2039,0,0,0,0,0,0,15990.722,6396.288,86.703,0,0,57.39,0,6.527,7842.439,7848.966,94156.184,0.994,0,0,544.4,170.75,103.518,330.929,0,155.724,155.724,0.188,7918.201,44.023,7962.224,95284.623,0,0,56.124,0.92,0.771,0.169,0.158,4677.676,350,0.566,1191.5,6.5,476.6,0,0,21.018,31.292,20.188,133.6,Burdekin,AyrDPI,Kala,1958,Furrow,BareFallow,77,Surf1,200,999,110,SWBased_900_60_30_15_60,P2R,15MayV1R4,T2,544.4,330.929,274.268,429.992,1.86,0.94,0,0,0,,0
1971,15/08/1971,227,1970,15-May,3,sugar,alive,0,457,1970,15/5/1970,135,0,0,348,1971,21,2039,8370.09,7471.15,6587.68,202.582,3468.76,17824.1,0,0,0,18.161,197.2,171.798,171.798,44.023,7918.201,7962.224,95284.623,0.992,15,1650,1178,606.714,575.646,751.23,1461.169,285.645,1746.814,4.595,7711.809,4.505,7716.314,92557.202,200,407.46,467.556,24.001,58.032,6.932,5.144,7061.161,350,0.979,5502.8,20.2,2201.1,0,0,16.806,28.315,18.842,220,Burdekin,AyrDPI,Kala,1958,Furrow,BareFallow,77,Surf1,200,999,110,SWBased_900_60_30_15_60,P2R,15MayV1R4,T2,2828,2401.23,1182.36,1468.005,88.965,64.964,8.43659291279886,0.115972278674203,9.6467619047619,1.01291,34.688
1972,14/09/1972,258,1971,15-May,3,sugar,alive,1,396,1970,15/8/1971,135,0,0,348,1972,21,2039,6277.75,5469.01,4890.91,148.299,2491.44,13868.3,19827.854,7931.141,102.238,17.764,114.9,70.624,6.584,4.505,7711.809,7716.314,92557.202,0.978,13,1430,1435.2,776.362,652.504,558.717,1181.464,268.843,1450.307,6.251,7670.94,4.356,7675.296,92269.557,200,288.955,349.448,18.214,15.734,3.553,3.852,7036.071,350,0.959,4557.3,16.8,1822.9,0,0,16.759,28.732,19.826,206.2,Burdekin,AyrDPI,Kala,1958,Furrow,BareFallow,77,Surf1,200,999,110,SWBased_900_60_30_15_60,P2R,15MayV1R4,T2,2865.2,1988.717,1428.866,1697.709,37.501,19.287,7.45701877139885,0.102253522874812,7.88824468085107,0.741495,24.914
1973,14/10/1973,287,1972,15-May,3,sugar,alive,2,395,1970,14/9/1972,135,0,0,348,1973,21,2039,6921.19,6119.33,5306.84,161.922,2644.54,16143.5,15661.753,6264.702,81.656,17.189,130.4,56.651,0,4.356,7670.94,7675.296,92269.557,0.974,12,1320,1125.6,574.53,391.834,637.375,1185.93,261.427,1447.357,3.669,7620.532,4.221,7624.753,91622.211,200,311.32,368.961,15.69,10.077,2.24,3.399,7625.214,350,0.938,3974.4,14.6,1589.8,0,0,18.389,29.085,19.8,108.5,Burdekin,AyrDPI,Kala,1958,Furrow,BareFallow,77,Surf1,200,999,110,SWBased_900_60_30_15_60,P2R,15MayV1R4,T2,2445.6,1957.375,966.364,1227.791,28.007,12.317,8.27240564531579,0.111874264607833,9.14813559322034,0.80961,26.445
1974,14/11/1974,318,1973,15-May,3,sugar,alive,3,396,1970,14/10/1973,135,0,0,348,1974,21,2039,6077.57,5392.04,4743.22,146.24,2690.29,13343.4,17100.222,6840.09,85.274,19.728,88.6,88.53,24.49,4.221,7620.532,7624.753,91622.211,0.967,9,990,1952.2,1137.896,536.12,744.715,996.914,297.002,1293.916,3.007,7572.285,5.742,7578.027,91062.022,200,228.837,360.546,34.373,64.471,3.737,6.787,7095.617,350,0.9,3287.3,12.1,1314.9,0,0,17.922,28.466,18.8,152.9,Burdekin,AyrDPI,Kala,1958,Furrow,BareFallow,77,Surf1,200,999,110,SWBased_900_60_30_15_60,P2R,15MayV1R4,T2,2942.2,1734.715,1674.016,1971.018,102.581,68.208,8.43020323223123,0.113021247128871,10.1555555555556,0.7312,26.903
1975,17/12/1975,351,1974,15-May,3,sugar,alive,4,398,1970,14/11/1974,135,0,3,348,1975,18,2039,8044.77,7158.2,6181.42,191.018,3412.41,18633.5,14136.168,5654.467,69.109,19.073,122.1,62.797,0,5.742,7572.285,7578.027,91062.022,0.959,12,1320,1304,524.321,382.711,841.698,1306.702,290.689,1597.391,2.272,7504.736,1.181,7505.917,90318.764,200,296.856,375.606,28.925,26.065,5.045,5.823,7461.321,350,0.923,3662.9,13.5,1465.2,0,0,18.667,28.814,19.745,179.8,Burdekin,AyrDPI,Kala,1958,Furrow,BareFallow,77,Surf1,200,999,110,SWBased_900_60_30_15_60,P2R,15MayV1R4,T2,2624,2161.698,907.032,1197.721,60.035,31.11,8.83647947123049,0.119581242163002,10.7919774011299,0.95509,34.124
1976,14/05/1976,135,0,15-May,3,none,out,-1,0,1970,0.000,135,0,3,351,-1,18,2042,0,0,0,0,0,0,18951.982,7580.793,83.018,0,0,182.375,118.335,1.181,7504.736,7505.917,90318.764,0.95,0,0,1322.6,860.377,253.716,370.793,0,214.828,214.828,0.353,7588.469,17.784,7606.253,92583.981,0,0,34.237,0.42,2.388,0.084,0.082,4307.169,350,0.587,1262.6,5.5,505,0,0,21.45,30.103,18.446,139.2,Burdekin,AyrDPI,Kala,1958,Furrow,BareFallow,77,Surf1,200,999,110,SWBased_900_60_30_15_60,P2R,15MayV1R4,T2,1322.6,370.793,1114.093,1328.921,2.892,2.472,0,0,0,,0
1977,14/08/1977,226,1976,15-May,4,sugar,alive,0,457,1976,14/5/1976,135,0,0,348,1977,21,2039,7784.31,6829.24,6202.59,189.016,2923.81,15817.2,0,0,0,16.126,190.6,176.053,176.053,17.784,7588.469,7606.253,92583.981,0.951,14,1540,1385,714.957,734.742,615.876,1309.061,280.817,1589.878,5.34,7417.631,5.286,7422.918,89152.361,200,398.243,433.334,15.364,11.24,6.3,3.472,7599.101,350,0.986,6129.7,22.5,2451.9,0,0,16.827,27.939,18.966,170.6,Burdekin,AyrDPI,Kala,1958,Furrow,BareFallow,77,Surf1,200,999,110,SWBased_900_60_30_15_60,P2R,15MayV1R4,T2,2925,2155.876,1449.699,1730.516,32.904,17.54,8.76748013336574,0.118887109576961,9.49829145728643,0.94508,29.238
1978,14/09/1978,257,1977,15-May,4,sugar,alive,1,396,1976,14/8/1977,135,0,0,348,1978,21,2039,7886.93,7063.15,6115.1,188.647,3256.91,17718.4,18654.887,7461.955,102.989,18.335,124.6,61.477,0,5.286,7417.631,7422.918,89152.361,0.938,14,1540,956.1,418.394,458.109,604.295,1305.238,258.584,1563.822,3.855,7377.087,1.606,7378.692,88824.697,200,302.753,354.66,12.971,14.516,2.161,2.895,7237.048,350,0.951,4307.1,15.8,1722.9,0,0,17.622,28.221,20.415,150.6,Burdekin,AyrDPI,Kala,1958,Furrow,BareFallow,77,Surf1,200,999,110,SWBased_900_60_30_15_60,P2R,15MayV1R4,T2,2496.1,2144.295,876.503,1135.087,29.648,16.677,8.79762346132412,0.120632015664187,9.47974874371859,0.943235,32.569
1979,14/10/1979,287,1978,15-May,4,sugar,alive,2,395,1976,14/9/1978,135,0,0,348,1979,21,2039,6523,5747.63,5033.95,153.748,2476.88,14890.4,18721.677,7488.67,83.052,16.915,109.4,117.252,53.212,1.606,7377.087,7378.692,88824.697,0.935,11,1210,1484.7,724.372,705.396,481.98,1075.956,246.356,1322.313,7.037,7354.192,3.98,7358.173,88660.477,200,290.843,337.479,12.113,2.475,3.705,2.686,7386.469,350,0.946,4165.7,15.3,1666.3,0,0,18.01,28.393,19.377,350.7,Burdekin,AyrDPI,Kala,1958,Furrow,BareFallow,77,Surf1,200,999,110,SWBased_900_60_30_15_60,P2R,15MayV1R4,T2,2694.7,1691.98,1429.768,1676.124,18.293,6.18,9.08686863910921,0.116272017290914,9.26192771084337,0.76874,24.769
1980,13/11/1980,318,1979,15-May,4,sugar,alive,3,396,1976,14/10/1979,135,0,0,348,1980,21,2039,7022.81,6189.97,5506.37,168.286,2889.48,15164.3,16197.727,6479.091,82.317,18.219,114.1,59.871,0,3.98,7354.192,7358.173,88660.477,0.931,14,1540,768.9,514.22,377.671,388.362,1173.864,253.937,1427.801,1.894,7309.946,4.49,7314.436,88075.649,200,285.28,360.159,16.799,30.232,2.072,3.579,7592.201,350,0.967,4884,18,1953.6,0,0,18.675,29.043,20.995,86.4,Burdekin,AyrDPI,Kala,1958,Furrow,BareFallow,77,Surf1,200,999,110,SWBased_900_60_30_15_60,P2R,15MayV1R4,T2,2308.9,1928.362,891.891,1145.828,49.103,32.304,8.72688841617912,0.117863763927886,8.45658291457287,0.84143,28.895
1981,13/12/1981,347,1980,15-May,4,sugar,alive,4,395,1976,13/11/1980,135,0,0,348,1981,21,2039,6454.25,5702.39,5035.22,155.623,2928.91,14190.3,17041.091,6816.436,83.837,20.249,91.9,49.079,0,4.49,7309.946,7314.436,88075.649,0.924,10,1100,1322.5,646.076,310.125,729.184,1080.725,313.296,1394.021,3.038,7260.094,2.04,7262.134,87334.761,200,228.574,362.348,30.907,77.486,0.372,6.173,7349.259,350,0.871,2926.6,10.8,1170.6,0,0,18.284,28.692,19.048,104.8,Burdekin,AyrDPI,Kala,1958,Furrow,BareFallow,77,Surf1,200,999,110,SWBased_900_60_30_15_60,P2R,15MayV1R4,T2,2422.5,1829.184,956.201,1269.497,108.765,77.858,8.50778270529373,0.111636051393774,10.0401935483871,0.778115,29.289
1982,15/05/1982,135,0,15-May,4,none,out,-1,0,1976,0.000,135,0,0,348,-1,21,2039,0,0,0,0,0,0,14549.389,5819.756,63.879,0,0,121.357,57.317,2.04,7260.094,7262.134,87334.761,0.918,0,0,367.7,116.466,15.216,278.477,0,183.006,183.006,0.039,7317.749,39.795,7357.545,88281.568,0,0,52.766,1.363,0.644,0.064,0.191,4821.18,350,0.494,973.2,4.3,389.3,0,0,21.68,31.48,20.428,47.4,Burdekin,AyrDPI,Kala,1958,Furrow,BareFallow,77,Surf1,200,999,110,SWBased_900_60_30_15_60,P2R,15MayV1R4,T2,367.7,278.477,131.682,314.688,2.071,0.708,0,0,0,,0
1983,15/08/1983,227,1982,15-May,5,sugar,alive,0,457,1982,15/5/1982,135,0,0,348,1983,21,2039,8268.21,7278.01,6567.21,200.936,3251.15,17010,0,0,0,17.001,191.1,174.369,174.369,39.795,7317.749,7357.545,88281.568,0.915,17,1870,648.7,485.006,446.571,422.055,1401.345,293.604,1694.95,3.765,7139.223,3.624,7142.847,85844.394,200,399.563,434.496,20.24,34.781,7.086,4.415,6515.114,350,0.986,6076.3,22.3,2430.5,0,0,16.847,28.122,19.134,95.4,Burdekin,AyrDPI,Kala,1958,Furrow,BareFallow,77,Surf1,200,999,110,SWBased_900_60_30_15_60,P2R,15MayV1R4,T2,2518.7,2292.055,931.577,1225.181,62.107,41.867,8.7666308181959,0.118549809728901,8.66103448275862,1.00468,32.511
1984,14/09/1984,258,1983,15-May,5,sugar,alive,1,396,1982,15/8/1983,135,0,0,348,1984,21,2039,7219.66,6433.19,5572.15,171.259,3006.64,16475.2,19623.315,7849.327,104.169,18.694,108.6,66.543,2.503,3.624,7139.223,7142.847,85844.394,0.902,14,1540,591.2,303.627,311.629,466.665,1248.954,256.274,1505.228,1.46,7121.495,2.817,7124.311,85761.533,200,280.311,336.447,12.76,11.865,2.044,2.842,7125.595,350,0.935,3910.4,14.4,1564.2,0,0,17.66,28.64,19.333,75.6,Burdekin,AyrDPI,Kala,1958,Furrow,BareFallow,77,Surf1,200,999,110,SWBased_900_60_30_15_60,P2R,15MayV1R4,T2,2131.2,2006.665,615.256,871.53,26.669,13.909,8.53450874959199,0.113776118966695,8.60597989949749,0.856295,30.066
1985,14/10/1985,287,1984,15-May,5,sugar,alive,2,395,1982,14/9/1984,135,0,0,348,1985,21,2039,6471.5,5688.76,5071.77,154.638,2512.75,13997.4,17327.729,6931.091,77.839,17.087,105.8,77.26,13.22,2.817,7121.495,7124.311,85761.533,0.902,11,1210,788.1,319.063,301.424,594.832,1135.08,267.088,1402.168,1.295,7098.767,3.441,7102.208,85585.295,200,283.402,332.187,14.597,7.179,2.917,3.17,7122.829,350,0.96,4590.2,16.9,1836.1,0,0,17.489,28.667,19.694,111.4,Burdekin,AyrDPI,Kala,1958,Furrow,BareFallow,77,Surf1,200,999,110,SWBased_900_60_30_15_60,P2R,15MayV1R4,T2,1998.1,1804.832,620.487,887.575,24.693,10.096,8.56799968085672,0.110284930193814,9.3155421686747,0.77319,25.128
1986,14/11/1986,318,1985,15-May,5,sugar,alive,3,396,1982,14/10/1985,135,0,0,348,1986,21,2039,6937.75,6154.68,5299.32,162.651,2800.59,16384.3,15799.452,6319.781,82.999,18.279,126.3,52.705,0,3.441,7098.767,7102.208,85585.295,0.898,11,1210,879.6,277.536,275.855,680.616,1211.641,291.147,1502.788,2.404,7048.807,3.413,7052.219,84816.053,200,301.897,364.855,22.688,11.845,2.316,4.635,7681.237,350,0.915,3515.1,12.9,1406.1,0,0,18.869,29.426,18.897,117.8,Burdekin,AyrDPI,Kala,1958,Furrow,BareFallow,77,Surf1,200,999,110,SWBased_900_60_30_15_60,P2R,15MayV1R4,T2,2089.6,1890.616,553.391,844.538,36.849,14.161,8.60306905262624,0.108232831244327,9.79825301204819,0.813255,28.006
1987,14/12/1987,348,1986,15-May,5,sugar,alive,4,395,1982,14/11/1986,135,0,0,348,1987,21,2039,7151.8,6284.24,5502.43,168.401,3025.02,16493.8,16914.514,6765.806,84.324,19.195,127.9,86.126,22.086,3.413,7048.807,7052.219,84816.053,0.891,16,1760,383.2,239.64,312,311.511,1317.496,271.602,1589.098,1.762,7006.333,3.062,7009.394,84309.894,200,310.537,363.044,15.93,3.84,3.853,3.446,7677.156,350,0.924,3677.8,13.5,1471.1,0,0,18.845,30.042,20.152,46,Burdekin,AyrDPI,Kala,1958,Furrow,BareFallow,77,Surf1,200,999,110,SWBased_900_60_30_15_60,P2R,15MayV1R4,T2,2143.2,2071.511,551.64,823.242,23.623,7.693,8.12937995501834,0.105972696460508,7.61995475113122,0.842005,30.25
1988,14/05/1988,135,0,15-May,5,none,out,-1,0,1982,0.000,135,0,0,348,-1,21,2039,0,0,0,0,0,0,17145.852,6858.341,88.689,0,0,88.589,24.549,3.062,7006.333,7009.394,84309.894,0.885,0,0,734.6,238.626,264.547,305.867,0,147.41,147.41,0.485,7091.144,28.597,7119.741,85860.242,0,0,43.59,0.415,0.839,0.12,0.119,4639.203,350,0.585,1257.6,6.5,503.1,0,0,21.278,31.055,20.053,254,Burdekin,AyrDPI,Kala,1958,Furrow,BareFallow,77,Surf1,200,999,110,SWBased_900_60_30_15_60,P2R,15MayV1R4,T2,734.6,305.867,503.173,650.583,1.374,0.959,0,0,0,,0
1989,14/08/1989,226,1988,15-May,6,sugar,alive,0,457,1988,14/5/1988,135,0,0,348,1989,21,2039,8380.02,7495.18,6566.79,202.508,3472.32,18132.3,0,0,0,18.19,191.4,172.606,172.606,28.597,7091.144,7119.741,85860.242,0.885,12,1320,1486.8,672.963,498.414,926.131,1425.352,303.046,1728.398,5.055,6915.668,2.096,6917.763,83118.506,200,391.966,433.844,22.406,30.669,4.77,4.78,6848.86,350,0.976,5334.8,19.6,2133.9,0,0,17.375,28.149,18.334,134.8,Burdekin,AyrDPI,Kala,1958,Furrow,BareFallow,77,Surf1,200,999,110,SWBased_900_60_30_15_60,P2R,15MayV1R4,T2,2806.8,2246.131,1171.377,1474.423,57.845,35.439,9.01585882568737,0.117165143676399,11.4411299435028,1.01254,34.723
1990,14/09/1990,257,1989,15-May,6,sugar,alive,1,396,1988,14/8/1989,135,0,0,348,1990,21,2039,6492.74,5649.41,5093.25,154.54,2690.19,13994.8,19947.059,7978.822,97.624,18.511,102.3,79.63,15.59,2.096,6915.668,6917.763,83118.506,0.874,12,1320,1288.6,744.345,477.127,591.944,1158.369,257.848,1416.218,1.864,6904.439,2.874,6907.313,83202.836,200,274.491,321.239,10.639,7.568,2.169,2.422,6663.006,350.712,0.967,4877.6,17.9,1951,0,0,17.279,28.597,19.939,103,Burdekin,AyrDPI,Kala,1958,Furrow,BareFallow,77,Surf1,200,999,110,SWBased_900_60_30_15_60,P2R,15MayV1R4,T2,2608.6,1911.944,1221.472,1479.32,20.376,9.737,8.08287272012151,0.109121618281931,8.73107344632768,0.7727,26.902
1991,14/10/1991,287,1990,15-May,6,sugar,alive,2,395,1988,14/9/1990,135,0,0,348,1991,21,2039,6696.2,5879.49,5229.77,159.403,2901.59,14664.3,16041.529,6416.612,82.611,19.49,104.6,50.54,0,2.874,6904.439,6907.313,83202.836,0.874,15,1650,1680.4,1003.997,906.792,412.933,1176.07,248.273,1424.343,5.945,6886.729,3.46,6890.189,82991.317,200,271.31,331.375,13.742,14.582,2.726,2.984,6896.494,352.383,0.963,4724.4,17.4,1889.8,0,0,17.386,28.895,19.58,204.4,Burdekin,AyrDPI,Kala,1958,Furrow,BareFallow,77,Surf1,200,999,110,SWBased_900_60_30_15_60,P2R,15MayV1R4,T2,3330.4,2062.933,1910.789,2159.062,31.05,17.308,7.7270080996329,0.111913352331566,7.59061904761905,0.797015,29.016
1992,13/11/1992,318,1991,15-May,6,sugar,alive,3,396,1988,14/10/1991,135,0,0,348,1992,21,2039,7611.68,6718.44,5994.58,183.693,3308.31,16171,16480.428,6592.171,78.902,19.252,115.1,45.807,0,3.46,6886.729,6890.189,82991.317,0.871,16,1760,659.3,381.577,394.424,396.478,1352.414,279.534,1631.947,3.67,6859.292,3.281,6862.573,82725.03,200,297.014,348.113,15.093,3.371,2.158,3.254,7428.199,354.083,0.966,4837,17.8,1934.8,0,0,18.342,29.501,20.919,122.8,Burdekin,AyrDPI,Kala,1958,Furrow,BareFallow,77,Surf1,200,999,110,SWBased_900_60_30_15_60,P2R,15MayV1R4,T2,2419.3,2156.478,776.001,1055.535,20.622,5.529,8.51819494564749,0.112560640756103,8.31190045248869,0.918465,33.083
1993,13/12/1993,347,1992,15-May,6,sugar,alive,4,395,1988,13/11/1992,135,0,0,348,1993,21,2039,7743.11,6801.75,6073.82,186.775,3509.5,16693,17856.774,7142.709,86.715,20.212,109.9,57.159,0,3.281,6859.292,6862.573,82725.03,0.866,14,1540,597.5,212.34,303.017,504.535,1306.167,292.918,1599.085,2.299,6838.488,3.805,6842.293,82444.713,200,288.874,345.524,20.292,3.027,1.908,4.208,7757.336,355.821,0.931,3822.2,14,1528.9,0,0,18.53,29.19,20.484,72,Burdekin,AyrDPI,Kala,1958,Furrow,BareFallow,77,Surf1,200,999,110,SWBased_900_60_30_15_60,P2R,15MayV1R4,T2,2137.5,2044.535,515.357,808.275,25.227,4.935,9.13532906015304,0.116801170669477,9.3856783919598,0.933875,35.095
1994,15/05/1994,135,0,15-May,6,none,out,-1,0,1988,0.000,135,0,0,348,-1,21,2039,0,0,0,0,0,0,17437.921,6975.169,83.515,0,0,80.216,16.176,3.805,6838.488,6842.293,82444.713,0.862,0,0,256.4,13.616,14.096,236.462,0,146.858,146.858,0.029,6920.619,28.085,6948.704,84484.543,0,0,42.918,0.219,0.081,0.008,0.092,4404.236,356.507,0.639,1455.9,7,582.4,0,0,21.403,31.292,20.384,46.8,Burdekin,AyrDPI,Kala,1958,Furrow,BareFallow,77,Surf1,200,999,110,SWBased_900_60_30_15_60,P2R,15MayV1R4,T2,256.4,236.462,27.712,174.57,0.308,0.089,0,0,0,,0
1995,15/08/1995,227,1994,15-May,7,sugar,alive,0,457,1994,15/5/1994,135,0,0,348,1995,21,2039,8757.72,7741.28,7028.75,215.453,3691.4,17289.7,0,0,0,18.174,192.4,162.047,162.047,28.085,6920.619,6948.704,84484.543,0.862,19,2090,496.1,467.26,398.349,404.074,1482.737,294.933,1777.67,2.797,6766.896,2.598,6769.494,81403.363,200,395.042,421.565,14.912,16.965,4.966,3.367,7634.023,358.569,0.988,6377.4,23.4,2551,0,0,17.467,28.725,19.877,55.2,Burdekin,AyrDPI,Kala,1958,Furrow,BareFallow,77,Surf1,200,999,110,SWBased_900_60_30_15_60,P2R,15MayV1R4,T2,2586.1,2494.074,865.609,1160.542,36.843,21.931,8.63859693016326,0.121199660229401,8.48240157480315,1.077265,36.914
1996,14/09/1996,258,1995,15-May,7,sugar,alive,1,396,1994,15/8/1995,135,0,0,348,1996,21,2039,7227.37,6332.46,5750.96,175.284,3272.11,14764.1,20117.032,8046.814,98.005,20.061,106.9,104.869,40.829,2.598,6766.896,6769.494,81403.363,0.852,17,1870,564.9,455.786,492.315,310.116,1270.683,260.473,1531.156,2.765,6753.377,2.976,6756.353,81440.321,200,276.421,331.725,9.451,11.308,5.809,2.214,7283.229,360.388,0.967,4887.3,18,1954.9,0,0,19.055,29.44,20.405,107,Burdekin,AyrDPI,Kala,1958,Furrow,BareFallow,77,Surf1,200,999,110,SWBased_900_60_30_15_60,P2R,15MayV1R4,T2,2434.9,2180.116,948.101,1208.574,26.568,17.117,8.04012263567627,0.114478211233865,7.55534482758621,0.87642,32.721
1997,14/10/1997,287,1996,15-May,7,sugar,alive,2,395,1994,14/9/1996,135,0,0,348,1997,21,2039,7865.43,6987.08,6245.6,192.154,3589.26,16198.4,16703.7,6681.482,72.622,20.075,102.1,60.512,0,2.976,6753.377,6756.353,81440.321,0.854,13,1430,962.4,480.693,467.76,505.285,1184.377,255.278,1439.655,2.86,6746.725,2.679,6749.404,81483.058,200,274.598,327.691,12.314,8.765,2.375,2.699,7405.507,362.245,0.962,4681.8,17.2,1872.7,0,0,19.379,28.509,20.519,116.8,Burdekin,AyrDPI,Kala,1958,Furrow,BareFallow,77,Surf1,200,999,110,SWBased_900_60_30_15_60,P2R,15MayV1R4,T2,2392.4,1935.285,948.453,1203.731,23.454,11.14,9.92897686903996,0.133472255505659,10.2209574468085,0.96077,35.893
1998,14/11/1998,318,1997,15-May,7,sugar,alive,3,396,1994,14/10/1997,135,0,0,348,1998,21,2039,8168.65,7233.71,6386.23,196.284,3548.63,17824.2,17748.168,7099.267,76.792,19.337,103.6,64.805,0.765,2.679,6746.725,6749.404,81483.058,0.851,12,1320,1241.5,514.199,540.38,729.906,1184.555,233.412,1417.967,1.966,6731.423,1.206,6732.629,81244.068,200,281.653,346.008,14.747,12.951,2.299,3.152,8052.058,364.136,0.953,4367.6,16,1747,0,0,20.755,29.053,19.326,189.6,Burdekin,AyrDPI,Kala,1958,Furrow,BareFallow,77,Surf1,200,999,110,SWBased_900_60_30_15_60,P2R,15MayV1R4,T2,2561.5,2049.906,1054.579,1287.991,29.997,15.25,9.57526832937705,0.138426352658419,11.0894915254237,0.98142,35.486
1999,14/12/1999,348,1998,15-May,7,sugar,alive,4,395,1994,14/11/1998,135,0,0,348,1999,21,2039,7960.03,7047.38,6262.5,193.215,3660.93,16975.4,18863.028,7545.212,76.76,20.405,98.9,153.758,89.718,1.206,6731.423,6732.629,81244.068,0.848,11,1210,892.6,371.659,348.084,623.339,1166.278,296.33,1462.608,1.533,6720.812,3.25,6724.062,81155.773,200,273.899,332.944,22.401,2.3,5.964,4.533,8003.903,366.062,0.935,3895.3,14.3,1558.1,0,0,19.683,28.745,19.69,98.7,Burdekin,AyrDPI,Kala,1958,Furrow,BareFallow,77,Surf1,200,999,110,SWBased_900_60_30_15_60,P2R,15MayV1R4,T2,2102.6,1833.339,719.743,1016.073,30.665,8.264,10.5389674250098,0.132103065209544,11.6394578313253,0.966075,36.609
2000,14/05/2000,135,0,15-May,7,none,out,-1,0,1994,0.000,135,0,0,348,-1,21,2039,0,0,0,0,0,0,17740.038,7096.016,76.932,0,0,74.007,9.967,3.25,6720.812,6724.062,81155.773,0.845,0,0,1369.5,718.343,343.208,519.557,0,203.492,203.492,0.606,6821.524,10.57,6832.094,83531.159,0,0,31.149,0.849,2.864,0.246,0.104,4598.115,366.812,0.513,1027.9,4.5,411.2,0,0,22.566,30.024,19.304,136,Burdekin,AyrDPI,Kala,1958,Furrow,BareFallow,77,Surf1,200,999,110,SWBased_900_60_30_15_60,P2R,15MayV1R4,T2,1369.5,519.557,1061.551,1265.043,3.959,3.11,0,0,0,,0
2001,14/08/2001,226,2000,15-May,8,sugar,alive,0,457,2000,14/5/2000,135,0,0,348,2001,21,2039,8769.53,7706.55,7022.37,214.865,3679.65,17471.7,0,0,0,18.164,182.3,178.464,178.464,10.57,6821.524,6832.094,83531.159,0.848,17,1870,602.8,444.82,394.262,480.724,1457.342,291.143,1748.485,2.759,6663.701,4.646,6668.346,80192.663,200,381.485,421.168,13.808,13.048,5.999,3.16,7760.769,369.092,0.987,6173.9,22.6,2469.6,0,0,17.084,28.268,19.108,52,Burdekin,AyrDPI,Kala,1958,Furrow,BareFallow,77,Surf1,200,999,110,SWBased_900_60_30_15_60,P2R,15MayV1R4,T2,2472.8,2350.724,839.082,1130.225,32.855,19.047,9.14037547581086,0.12288638449858,9.2614224137931,1.074325,36.797
2002,14/09/2002,257,2001,15-May,8,sugar,alive,1,396,2000,14/8/2001,135,0,0,348,2002,21,2039,7486.73,6603.04,5914.42,180.776,3575.62,15723.1,20098.725,8039.49,97.664,21.429,107.2,63.697,0,4.646,6663.701,6668.346,80192.663,0.837,18,1980,810.4,455.75,635.833,329.968,1428.62,268.778,1697.398,3.437,6639.942,2.581,6642.524,80102.573,200,285.582,346.156,11.429,16.286,2.211,2.603,7464.093,371.106,0.965,4801.4,17.6,1920.5,0,0,18.187,30.127,20.983,206,Burdekin,AyrDPI,Kala,1958,Furrow,BareFallow,77,Surf1,200,999,110,SWBased_900_60_30_15_60,P2R,15MayV1R4,T2,2790.4,2309.968,1091.583,1360.361,29.926,18.497,7.82590927666531,0.106501833983544,7.43934156378601,0.90388,35.756
2003,14/10/2003,287,2002,15-May,8,sugar,alive,2,395,2000,14/9/2002,135,0,0,348,2003,21,2039,7372.38,6499.94,5877.94,179.9,3362.76,14944.4,17445.766,6978.307,76.487,20.092,104.9,65.118,1.078,2.581,6639.942,6642.524,80102.573,0.838,18,1980,462,449.19,374.383,259.037,1355.741,259.108,1614.85,1.442,6629.635,3.121,6632.756,80046.838,200,276.572,334.353,11.457,10.638,2.307,2.568,7498.876,373.156,0.969,4965.7,18.2,1986.3,0,0,18.19,29.917,21.248,51,Burdekin,AyrDPI,Kala,1958,Furrow,BareFallow,77,Surf1,200,999,110,SWBased_900_60_30_15_60,P2R,15MayV1R4,T2,2442,2239.037,823.573,1082.681,24.402,12.945,8.03470420542403,0.11140353593213,7.40329218106996,0.8995,33.628
2004,13/11/2004,318,2003,15-May,8,sugar,alive,3,396,2000,14/10/2003,135,0,0,348,2004,21,2039,7540.33,6664.49,5973.53,183.01,3358.53,15668,16923.615,6769.446,74.956,19.672,107,68.695,4.655,3.121,6629.635,6632.756,80046.838,0.835,16,1760,725.2,412.912,484.155,361.221,1347.776,255.729,1603.505,2.948,6614.483,2.902,6617.385,79879.976,200,288.574,339.033,11.639,4.678,2.957,2.579,7626.899,375.235,0.971,5059,18.6,2023.6,0,0,18.512,29.868,20.87,173.2,Burdekin,AyrDPI,Kala,1958,Furrow,BareFallow,77,Surf1,200,999,110,SWBased_900_60_30_15_60,P2R,15MayV1R4,T2,2485.2,2121.221,897.067,1152.796,19.274,7.635,8.62757817313708,0.114131231271496,8.28099547511312,0.91505,33.585
2005,13/12/2005,347,2004,15-May,8,sugar,alive,4,395,2000,13/11/2004,135,0,0,348,2005,21,2039,7167.63,6250.59,5723.21,175.191,3343.68,14444.2,17617.922,7047.169,84.443,20.576,97.4,53.323,0,2.902,6614.483,6617.385,79879.976,0.832,16,1760,749.3,437.915,509.18,318.65,1281.29,279.119,1560.41,2.142,6596.371,3.667,6600.038,79571.628,200,260.946,342.59,16.425,32.125,1.332,3.509,7723.99,377.355,0.947,4183.4,15.4,1673.4,0,0,19.044,30.031,20.58,143.4,Burdekin,AyrDPI,Kala,1958,Furrow,BareFallow,77,Surf1,200,999,110,SWBased_900_60_30_15_60,P2R,15MayV1R4,T2,2509.3,2078.65,947.095,1226.214,49.882,33.457,8.42811440117384,0.112272415583084,7.92719457013575,0.875955,33.437
2006,15/05/2006,135,0,15-May,8,none,out,-1,0,2000,0.000,135,0,0,348,-1,21,2039,0,0,0,0,0,0,15833.52,6333.407,74.877,0,0,55.118,0,3.667,6596.371,6600.038,79571.628,0.83,0,0,800.6,300.846,209.833,411.281,0,166.805,166.805,0.285,6692.155,10.763,6702.918,81429.882,0,0,27.871,0.749,1.435,0.111,0.088,4360.093,378.19,0.543,1118.9,5.3,447.6,0,0,22.548,31.314,19.25,178.4,Burdekin,AyrDPI,Kala,1958,Furrow,BareFallow,77,Surf1,200,999,110,SWBased_900_60_30_15_60,P2R,15MayV1R4,T2,800.6,411.281,510.679,677.484,2.295,1.546,0,0,0,,0
2007,15/08/2007,227,2006,15-May,9,sugar,alive,0,457,2006,15/5/2006,135,0,0,348,2007,21,2039,9265.23,8339.59,7383.76,228.883,3914.02,18814.7,0,0,0,18.134,182.5,178.234,178.234,10.763,6692.155,6702.918,81429.882,0.832,18,1980,1012,684.124,538.916,548.438,1560.928,309.418,1870.347,4.135,6534.975,2.166,6537.141,78714.644,200,379.466,416.936,16.584,15.76,4.32,3.69,7061.574,380.697,0.982,5766.3,21.2,2306.5,0,0,16.903,27.983,18.891,130.2,Burdekin,AyrDPI,Kala,1958,Furrow,BareFallow,77,Surf1,200,999,110,SWBased_900_60_30_15_60,P2R,15MayV1R4,T2,2992,2528.438,1223.04,1532.458,36.664,20.08,9.05234773405557,0.122374618185823,9.41905349794239,1.144415,39.14
2008,14/09/2008,258,2007,15-May,9,sugar,alive,1,396,2006,15/8/2007,135,0,0,348,2008,21,2039,7424.77,6669.15,5865.59,181.25,3421.32,15591.8,20893.859,8357.543,97.005,20.318,95,76.847,12.807,2.166,6534.975,6537.141,78714.644,0.822,13,1430,1334.1,727.328,499.593,667.643,1282.48,254.331,1536.811,2.833,6540.262,1.511,6541.772,78958.316,200,263.363,315.557,9.513,10.051,2.237,2.203,7247.638,382.903,0.94,4027.2,14.8,1610.9,0,0,17.841,28.663,19.218,108.2,Burdekin,AyrDPI,Kala,1958,Furrow,BareFallow,77,Surf1,200,999,110,SWBased_900_60_30_15_60,P2R,15MayV1R4,T2,2764.1,2097.643,1226.921,1481.252,21.801,12.288,8.64065048247009,0.11793903088929,9.64095744680851,0.90625,34.213
2009,14/10/2009,287,2008,15-May,9,sugar,alive,2,395,2006,14/9/2008,135,0,0,348,2009,21,2039,6671.06,5854.75,5253.33,160.004,2844.32,14177.3,16676.147,6670.459,68.183,18.965,97.9,77.215,13.175,1.511,6540.262,6541.772,78958.316,0.825,13,1430,1789.1,1025.254,812.557,506.768,1164.809,243.615,1408.424,7.069,6534.319,3.006,6537.326,78884.977,200,270.262,320.938,10.75,8.106,2.427,2.403,7256.58,385.15,0.966,4815.8,17.7,1926.3,0,0,18.502,29.563,19.422,197.2,Burdekin,AyrDPI,Kala,1958,Furrow,BareFallow,77,Surf1,200,999,110,SWBased_900_60_30_15_60,P2R,15MayV1R4,T2,3219.1,1936.768,1837.811,2081.426,21.283,10.533,8.26139217500496,0.113604993950685,8.51085106382979,0.80002,28.443
2010,24/11/2010,328,2009,15-May,9,sugar,alive,3,406,2006,14/10/2009,135,0,10,348,2010,14,2039,8270.09,7378.52,6366.55,196.026,3344.69,19035.4,16144.133,6457.654,75.807,18.087,118.6,50.081,0,3.006,6534.319,6537.326,78884.977,0.823,12,1320,1501.1,632.909,490.745,839.178,1312.51,242.984,1555.494,2.195,6511.653,0.882,6512.535,78583.686,200,298.045,347.916,12.978,5.465,2.238,2.855,7822.937,387.493,0.949,4249.4,15.6,1699.8,0,0,19.477,29.171,18.163,135.2,Burdekin,AyrDPI,Kala,1958,Furrow,BareFallow,77,Surf1,200,999,110,SWBased_900_60_30_15_60,P2R,15MayV1R4,T2,2821.1,2159.178,1123.654,1366.638,20.681,7.703,9.07873273995937,0.12602170114446,11.0749152542373,0.98013,33.447
2011,24/12/2011,358,2010,15-May,9,sugar,alive,4,395,2006,24/11/2010,135,0,10,358,2011,14,2049,6404.58,5636.85,5121.34,158.475,3254.05,12832.4,19792.062,7916.824,83.462,22.356,78.8,192.033,127.993,0.882,6511.653,6512.535,78583.686,0.82,11,1210,1102.3,684.016,321.509,647.811,1070.778,358.964,1429.743,1.873,6504.053,3.621,6507.674,78391.3,200,217.809,333.285,28.837,42.095,6.162,5.7,7573.27,389.814,0.823,2474.8,9.1,989.9,0,0,18.182,28.996,18.965,75.6,Burdekin,AyrDPI,Kala,1958,Furrow,BareFallow,77,Surf1,200,999,110,SWBased_900_60_30_15_60,P2R,15MayV1R4,T2,2312.3,1857.811,1005.525,1364.489,77.094,48.257,8.53020032715922,0.11084159880482,9.54668674698795,0.792375,32.541
2012,14/05/2012,135,0,15-May,9,none,out,-1,0,2006,0.000,135,0,10,358,-1,14,2049,0,0,0,0,0,0,13011.142,5204.457,58.036,0,0,69.065,5.025,3.621,6504.053,6507.674,78391.3,0.817,0,0,896,421.518,189.213,368.384,0,181.771,181.771,0.589,6589.351,16.759,6606.11,80347.827,0,0,27.548,0.238,1.569,0.07,0.062,3854.064,390.656,0.505,1005.1,4.5,402,0,0,21.416,30.813,19.135,197.4,Burdekin,AyrDPI,Kala,1958,Furrow,BareFallow,77,Surf1,200,999,110,SWBased_900_60_30_15_60,P2R,15MayV1R4,T2,896,368.384,610.731,792.502,1.877,1.639,0,0,0,,0
2013,14/08/2013,226,2012,15-May,10,sugar,alive,0,457,2012,14/5/2012,135,0,0,348,2013,21,2039,8586.04,7575.72,6847.36,210.173,3523.42,17386.7,0,0,0,17.72,178.1,172.563,172.563,16.759,6589.351,6606.11,80347.827,0.818,17,1870,719,449.075,498.051,440.071,1428.969,323.144,1752.113,4.739,6441.707,3.379,6445.087,77560.882,200,371.743,404.95,15.502,16.689,4.772,3.468,6906.696,393.396,0.986,6079.4,22.3,2431.8,0,0,17.168,28.188,18.968,178.6,Burdekin,AyrDPI,Kala,1958,Furrow,BareFallow,77,Surf1,200,999,110,SWBased_900_60_30_15_60,P2R,15MayV1R4,T2,2589,2310.071,947.126,1270.27,36.963,21.461,9.09811862925425,0.119954021230366,9.05918103448276,1.050865,35.234
2014,14/09/2014,257,2013,15-May,10,sugar,alive,1,396,2012,14/8/2013,135,0,0,348,2014,21,2039,7010.06,6193.5,5551.51,169.866,3072.13,14585.6,19946.268,7978.507,96.611,19.345,95.2,62.324,0,3.379,6441.707,6445.087,77560.882,0.809,14,1540,729,462.105,353.038,501.796,1199.142,253.192,1452.334,1.229,6444.12,2.175,6446.294,77766.951,200,259.295,316.224,10.745,14.072,1.651,2.431,6925.895,395.81,0.96,4613.9,17,1845.6,0,0,17.98,29.12,19.93,86.2,Burdekin,AyrDPI,Kala,1958,Furrow,BareFallow,77,Surf1,200,999,110,SWBased_900_60_30_15_60,P2R,15MayV1R4,T2,2269,2041.796,815.143,1068.335,26.468,15.723,8.31944033586117,0.116960699122929,8.53597989949749,0.84933,30.721
2015,14/10/2015,287,2014,15-May,10,sugar,alive,2,395,2012,14/9/2014,135,0,0,348,2015,21,2039,7480.84,6602.86,5964.82,182.517,3435.05,15160.2,16319.521,6527.808,69.88,20.249,105.4,63.847,0,2.175,6444.12,6446.294,77766.951,0.812,18,1980,372,314.36,385.926,272.86,1402.75,259.24,1661.99,1.46,6433.887,2.137,6436.024,77719.444,200,279.03,331.663,10.21,7.468,2.17,2.338,7343.751,398.262,0.97,5020.1,18.4,2008,0,0,18.394,30.097,20.846,83.4,Burdekin,AyrDPI,Kala,1958,Furrow,BareFallow,77,Surf1,200,999,110,SWBased_900_60_30_15_60,P2R,15MayV1R4,T2,2352,2252.86,700.286,959.526,19.848,9.638,8.10156867270936,0.109818350290916,7.51098765432099,0.912585,34.351
2016,13/11/2016,318,2015,15-May,10,sugar,alive,3,396,2012,14/10/2015,135,0,0,348,2016,21,2039,6783.73,5930.72,5317.56,161.681,2798.08,14661.8,17153.276,6861.312,75.661,18.387,103.8,53.571,0,2.137,6433.887,6436.024,77719.444,0.81,13,1430,588.4,319.738,244.436,480.653,1192.281,251.246,1443.527,0.985,6424.609,3.215,6427.824,77509.745,200,276.28,337.858,14.712,7.781,1.736,3.172,7757.947,400.745,0.945,4143.8,15.2,1657.5,0,0,19.711,30.246,19.211,43.6,Burdekin,AyrDPI,Kala,1958,Furrow,BareFallow,77,Surf1,200,999,110,SWBased_900_60_30_15_60,P2R,15MayV1R4,T2,2018.4,1910.653,564.174,815.42,24.229,9.517,8.46208076505781,0.112004139860217,8.60005319148936,0.808405,27.981
2017,13/12/2017,347,2016,15-May,10,sugar,alive,4,395,2012,13/11/2016,135,0,0,348,2017,21,2039,7110.96,6261.25,5490.98,168.567,3028.82,16199.8,15984.697,6393.879,75.274,19.201,101,64.27,0.23,3.215,6424.609,6427.824,77509.745,0.808,13,1430,910,407.875,412.606,622.532,1251.157,263.829,1514.987,2.214,6398.282,2.777,6401.059,77140.249,200,261.957,349.971,19.251,27.755,6.471,4,7384.941,403.272,0.916,3530.6,13,1412.2,0,0,18.942,30.06,18.314,107.8,Burdekin,AyrDPI,Kala,1958,Furrow,BareFallow,77,Surf1,200,999,110,SWBased_900_60_30_15_60,P2R,15MayV1R4,T2,2340,2052.532,820.481,1084.31,53.477,34.226,8.21263687971734,0.111266301294995,8.96632978723404,0.842835,30.288
2018,15/05/2018,135,0,15-May,10,none,out,-1,0,2012,0.000,135,0,0,348,-1,21,2039,0,0,0,0,0,0,16770.814,6708.326,76.705,0,0,68.802,4.762,2.777,6398.282,6401.059,77140.249,0.804,0,0,580.7,219.282,110.539,315.267,0,150.164,150.164,0.204,6486.989,14.835,6501.824,79274.762,0,0,28.968,0.216,0.814,0.094,0.066,3932.477,404.267,0.63,1419.5,6.5,567.8,0,0,21.345,31.19,17.856,130.4,Burdekin,AyrDPI,Kala,1958,Furrow,BareFallow,77,Surf1,200,999,110,SWBased_900_60_30_15_60,P2R,15MayV1R4,T2,580.7,315.267,329.821,479.985,1.124,0.908,0,0,0,,0
2019,15/08/2019,227,2018,15-May,11,sugar,alive,0,457,2018,15/5/2018,135,0,0,348,2019,21,2039,7344.39,6454.29,5796.09,176.549,2821.8,15483,0,0,0,16.759,169.8,169.517,169.517,14.835,6486.989,6501.824,79274.762,0.806,14,1540,1216.6,792.185,521.115,532.262,1279.464,268.116,1547.58,3.091,6345.887,3.392,6349.278,76310.966,200,365.897,400.055,12.704,15.496,5.731,2.969,7088.266,407.247,0.98,5585.8,20.5,2234.3,0,0,17.501,28.959,16.641,92.8,Burdekin,AyrDPI,Kala,1958,Furrow,BareFallow,77,Surf1,200,999,110,SWBased_900_60_30_15_60,P2R,15MayV1R4,T2,2756.6,2072.262,1313.3,1581.416,33.931,21.227,8.5196273444188,0.114080693728273,8.87180904522613,0.882745,28.218
2020,14/09/2020,258,2019,15-May,11,sugar,alive,1,396,2018,15/8/2019,135,0,0,348,2020,21,2039,7250.26,6396.13,5668.51,173.157,2947.95,15817.5,17908.481,7163.393,99.594,18.04,103.1,65.238,1.198,3.392,6345.887,6349.278,76310.966,0.798,15,1650,1063.1,518.779,630.769,479.504,1313.162,251.716,1564.878,6.785,6334.984,1.501,6336.484,76399.354,200,269.383,324.338,11.732,14.562,2.314,2.638,6629.464,409.864,0.959,4574.8,16.8,1829.9,0,0,18.062,29.688,18.83,327.8,Burdekin,AyrDPI,Kala,1958,Furrow,BareFallow,77,Surf1,200,999,110,SWBased_900_60_30_15_60,P2R,15MayV1R4,T2,2713.1,2129.504,1149.548,1401.264,28.608,16.876,8.13133011255203,0.110652076391898,8.24557142857143,0.865785,29.479
2021,14/10/2021,287,2020,15-May,11,sugar,alive,2,395,2018,14/9/2020,135,0,0,348,2021,21,2039,6473.42,5675.62,4983.48,151.361,2521.38,14899.4,17333.426,6933.37,77.449,17.589,90.4,63.913,0,1.501,6334.984,6336.484,76399.354,0.8,11,1210,1075.7,544.54,434.668,533.814,1081.274,227.598,1308.871,2.053,6336.81,1.952,6338.763,76442.748,200,257.759,316.895,13.427,9.881,1.739,2.927,6968.221,412.526,0.949,4256.2,15.6,1702.5,0,0,19.13,29.427,17.353,132.4,Burdekin,AyrDPI,Kala,1958,Furrow,BareFallow,77,Surf1,200,999,110,SWBased_900_60_30_15_60,P2R,15MayV1R4,T2,2285.7,1743.814,979.208,1206.806,25.047,11.62,8.67988214339373,0.115642412430255,9.11813253012048,0.756805,25.214
