year,today,day,SowYear,SowDate,cropCycle,currentCrop,sugarStatus,ratoon_no,sugarDAS,sugarPlantYear,sugarPlantDate,sugarPlantingDAY,sugarPlantDelay,sugarHarvDelay,sugarLastHarvDAY,sugarHarvYear,realDelayForKill,totCycle,biomass,green_biomass,cane_wt,canefw,sucrose_wt,residue_wt,burntDM,burntOrgC,burntOrgN,ccs,totalInitTAW,totalInitPAW,totalInitInorgN,totalInitOrgN,totalInitSoilN,totalInitSoilC,meanInitOC2,irrigNum,totalIrrig,totalRain,totalDrain,totalRunoff,totalEffRain,totalTransp,totalEvap,totalEvapTr,totalSediment,totalSoilOrgN,totalSoilInorgN,totalSoilN,totalSoilC,totalFert,totalNUptake,totalNit,totalDeNit,totalNO3Leach,totalNO3Runoff,totalN2O,totalCO2,CO2,surfaceom_cover,surfaceom_wt,surfaceom_n,surfaceom_c,surfaceom_no3,surfaceom_nh4,meanTMin,meanTMax,meanRadn,maxRain,Region,WStation,Soil,StartYear,IrrigSys,Fallow,DryOff,Fert,FertAmt,IrrigAmt,IrrigFreq,MillMudAmt,NRunOffModel,Planting,Tillage,totalWater,totalWaterEff,totalWaterLoss,totalWaterLossWithEvap,totalNLoss,totalNPol,GPWUI,CWUE,GPWUI_450,NUE,sucroseTH,IrrigAlloc
1956,14/04/1956,105,0,15-Apr,0,none,out,-1,0,-1,0.000,105,0,0,318,-1,21,2039,0,0,0,0,0,,0,0,0,0,0,0,0,0,0,0,0.89,0,0,908.8,24.993,440.807,459.959,0,277.705,277.705,20.633,9506.471,28.495,9534.966,141792.379,0,0,34.65,7.699,0.206,1.19,1.16,1030.221,350,0,0.5,0,0.2,0,0,22.406,30.649,17.187,67.8,Burdekin,AyrDPI,Mulg,1956,Furrow,BareFallow,35,Surf1,200,140,LowFreq,0,P2R,15AprV1R4,T4,908.8,459.959,465.8,743.505,9.095,1.396,0,0,0,,0,999
1957,14/07/1957,195,1956,15-Apr,1,sugar,alive,0,456,1956,14/4/1956,105,0,0,318,1957,21,2039,8047.06,7258.16,6237.95,193.615,3298.07,,0,0,0,18.052,194.845,194.845,28.495,9506.471,9534.966,141792.379,0.884,19,2660,1202.9,242.571,1983.871,683.714,1337.036,414.134,1751.17,42.163,9422.411,0.811,9423.222,141408.932,200,284.259,323.886,43.609,0.653,19.774,9.075,3465.099,350,0.974,5203.4,19.1,2081.4,0,0,16.955,27.951,18.212,77.7,Burdekin,AyrDPI,Mulg,1956,Furrow,BareFallow,35,Surf1,200,140,LowFreq,0,P2R,15AprV1R4,T4,3862.9,3343.714,2226.442,2640.576,64.036,20.427,5.79041748187794,0.110563223444897,6.22556270096463,0.968075,32.981,999
1958,14/08/1958,226,1957,15-Apr,1,sugar,alive,1,396,1956,14/7/1957,105,0,0,318,1958,21,2039,6101.29,5398.65,4670.94,142.738,2551.23,,19800.289,7920.115,87.599,19.084,80.134,80.134,0.811,9422.411,9423.222,141408.932,0.868,18,2520,1020.9,272.709,1857.708,486.656,1102.334,326.22,1428.555,17.603,9432.637,0.908,9433.545,142476.125,200,240.165,292.368,19.447,0.001,5.682,4.044,5429.108,350,0.933,3865.6,14.2,1546.2,0,0,17.772,29.136,19.572,136.1,Burdekin,AyrDPI,Mulg,1956,Furrow,BareFallow,35,Surf1,200,140,LowFreq,0,P2R,15AprV1R4,T4,3540.9,3006.656,2130.417,2456.637,25.13,5.683,4.74740043423657,0.0999177490541141,4.80599326599327,0.71369,25.512,999
1959,14/09/1959,257,1958,15-Apr,1,sugar,alive,2,396,1956,14/8/1958,105,0,0,318,1959,21,2039,7098.92,6367.78,5462.12,168.266,3029.95,,15443.675,6177.47,63.148,19.248,62.062,62.062,0.908,9432.637,9433.545,142476.125,0.865,19,2660,875.3,399.959,1618.406,454.278,1217.499,289.089,1506.588,12.178,9427.791,0.974,9428.765,143476.746,200,247.599,304.144,27.162,0.001,9.852,5.377,5573.561,350,0.952,4324.8,15.8,1729.9,0,0,16.929,28.362,19.643,162.8,Burdekin,AyrDPI,Mulg,1956,Furrow,BareFallow,35,Surf1,200,140,LowFreq,0,P2R,15AprV1R4,T4,3535.3,3114.278,2018.365,2307.454,37.015,9.853,5.40305008094974,0.111686804886273,5.41048231511254,0.84133,30.299,999
1960,13/10/1960,287,1959,15-Apr,1,sugar,alive,3,395,1956,14/9/1959,105,0,0,318,1960,21,2039,7261.12,6509.8,5657.37,174.542,3246.86,,17588.856,7035.543,75.41,19.981,72.409,72.409,0.974,9427.791,9428.765,143476.746,0.858,20,2800,1112.7,392.766,2060.623,465.655,1181.71,288.271,1469.981,19.916,9415.117,1.42,9416.538,144527.651,200,256.026,320.031,32.121,0.002,9.98,6.118,6004.122,350,0.956,4477.2,16.4,1790.9,0,0,17.803,28.647,20.438,210.1,Burdekin,AyrDPI,Mulg,1956,Furrow,BareFallow,35,Surf1,200,140,LowFreq,0,P2R,15AprV1R4,T4,3912.7,3265.655,2453.389,2741.66,42.103,9.982,5.34477769390827,0.118737589125302,5.37052307692308,0.87271,32.469,999
1961,13/11/1961,317,1960,15-Apr,1,sugar,alive,4,396,1956,13/10/1960,105,0,0,318,1961,21,2039,7405.79,6657.48,5746.04,178.253,3588.87,,17437.467,6974.987,75.862,21.864,61.74,61.74,1.42,9415.117,9416.538,144527.651,0.85,22,3080,499,262.409,1624.663,281.196,1360.289,314.233,1674.522,13.944,9393.073,2.019,9395.091,145359.956,200,263.271,328.36,36.481,0.001,9.491,6.926,6293.381,350,0.93,3793.9,13.9,1517.6,0,0,16.991,29.222,21.178,63.2,Burdekin,AyrDPI,Mulg,1956,Furrow,BareFallow,35,Surf1,200,140,LowFreq,0,P2R,15AprV1R4,T4,3579,3361.196,1887.072,2201.305,45.973,9.492,5.30326110110806,0.10645007948537,5.04966005665722,0.891265,35.889,999
1962,15/04/1962,105,0,15-Apr,1,none,out,-1,0,1956,0.000,105,0,0,318,-1,21,2039,0,0,0,0,0,,17332.777,6933.112,75.489,0,79.146,79.146,2.019,9393.073,9395.091,145359.956,0.842,0,0,875.8,82.201,394.385,459.26,0,314.725,314.725,18.679,9478.145,21.678,9499.823,148043.274,0,0,28.972,2.364,0.001,1.326,0.208,4140.575,350,0,0.4,0,0.1,0,0,21.944,31.478,21.317,102.1,Burdekin,AyrDPI,Mulg,1956,Furrow,BareFallow,35,Surf1,200,140,LowFreq,0,P2R,15AprV1R4,T4,875.8,459.26,476.586,791.311,3.691,1.327,0,0,0,,0,999
1963,15/07/1963,196,1962,15-Apr,2,sugar,alive,0,456,1962,15/4/1962,105,0,0,318,1963,21,2039,7258.43,6441.11,5648.45,173.456,3193.34,,0,0,0,19.744,163.636,163.636,21.678,9478.145,9499.823,148043.274,0.841,19,2660,1147.9,268.064,2001.722,659.865,1274.518,364.404,1638.922,34.866,9314.842,1.736,9316.578,145695.562,200,349.087,399.976,45.429,0.002,25.555,9.255,5501.127,350,0.969,4968.2,18.2,1987.3,0,0,16.968,28.851,18.604,91.9,Burdekin,AyrDPI,Mulg,1956,Furrow,BareFallow,35,Surf1,200,140,LowFreq,0,P2R,15AprV1R4,T4,3807.9,3319.865,2269.786,2634.19,70.986,25.557,5.22479076709445,0.105835421087764,5.57736334405145,0.86728,31.933,999
1964,14/08/1964,227,1963,15-Apr,2,sugar,alive,1,396,1962,15/7/1963,105,0,0,318,1964,21,2039,6450.08,5688.16,4926.8,150.354,2608.41,,17907.868,7163.148,92.086,18.439,62.828,62.828,1.736,9314.842,9316.578,145695.562,0.823,19,2660,612.7,65.719,1692.553,459.007,1191.137,323.128,1514.265,21.657,9294.376,1.26,9295.637,146078.092,200,264.317,319.369,25.555,0,9.847,5.313,5890.704,350,0.938,3962.1,14.5,1584.8,0,0,17.172,29.171,19.499,92.7,Burdekin,AyrDPI,Mulg,1956,Furrow,BareFallow,35,Surf1,200,140,LowFreq,0,P2R,15AprV1R4,T4,3272.7,3119.007,1758.272,2081.4,35.402,9.847,4.82057270150404,0.0992917355944964,4.83453376205788,0.75177,26.084,999
1965,14/09/1965,257,1964,15-Apr,2,sugar,alive,2,396,1962,14/8/1964,105,0,0,318,1965,21,2039,6961,6287.33,5309.33,164.319,3009.88,,16315.613,6526.245,73.242,19.63,62.991,62.991,1.26,9294.376,9295.637,146078.092,0.819,20,2800,831.2,324.729,1709.087,433.941,1252.471,330.927,1583.398,13.773,9274.236,1.082,9275.318,146738.515,200,253.284,319.277,37.07,0.002,10.19,7.175,5824.301,350,0.932,3833.7,14.1,1533.5,0,0,17.287,29.163,19.689,107.4,Burdekin,AyrDPI,Mulg,1956,Furrow,BareFallow,35,Surf1,200,140,LowFreq,0,P2R,15AprV1R4,T4,3631.2,3233.941,2033.816,2364.743,47.262,10.192,5.08107599984044,0.103776182614857,5.05596923076923,0.821595,30.099,999
1966,14/10/1966,287,1965,15-Apr,2,sugar,alive,3,395,1962,14/9/1965,105,0,0,318,1966,21,2039,6986.33,6225.92,5365.16,164.742,3076.02,,17297.798,6919.119,76.505,20.066,76.978,76.978,1.082,9274.236,9275.318,146738.515,0.811,22,3080,392.1,266.168,1713.694,262.792,1217.253,290.187,1507.44,12.026,9265.279,1.239,9266.518,147629.914,200,250.655,316.205,33.163,0.003,10.411,6.336,6038.958,350,0.957,4479.1,16.4,1791.6,0,0,17.785,28.871,19.833,102.9,Burdekin,AyrDPI,Mulg,1956,Furrow,BareFallow,35,Surf1,200,140,LowFreq,0,P2R,15AprV1R4,T4,3472.1,3342.792,1979.862,2270.049,43.577,10.414,4.92827552536921,0.109285941729024,4.66691218130312,0.82371,30.76,999
1967,14/11/1967,318,1966,15-Apr,2,sugar,alive,4,396,1962,14/10/1966,105,0,0,318,1967,21,2039,7247.32,6490.42,5591.35,172.682,3245.74,,17587.21,7034.884,75.904,20.219,61.775,61.775,1.239,9265.279,9266.518,147629.914,0.805,20,2800,821.8,307.959,1747.042,398.43,1247.227,309.588,1556.815,13.482,9254.028,1.475,9255.503,148369.57,200,253.354,320.375,36.056,0.003,8.498,7.081,6322.79,350,0.941,4036.1,14.8,1614.5,0,0,18.229,28.885,20.191,154.9,Burdekin,AyrDPI,Mulg,1956,Furrow,BareFallow,35,Surf1,200,140,LowFreq,0,P2R,15AprV1R4,T4,3621.8,3198.43,2055.001,2364.589,44.557,8.501,5.39896136541991,0.110920051515434,5.31329230769231,0.86341,32.457,999
1968,14/04/1968,105,0,15-Apr,2,none,out,-1,0,1962,0.000,105,0,0,318,-1,21,2039,0,0,0,0,0,,17506.459,7002.583,73.859,0,71.76,71.76,1.475,9254.028,9255.503,148369.57,0.798,0,0,1341.7,145.042,844.066,451.882,0,277.761,277.761,39.909,9350.982,8.838,9359.82,151734.568,0,0,12.804,0.529,0.004,0.667,0.047,3376.887,350,0,0.5,0,0.2,0,0,22.329,31.086,21.557,187.9,Burdekin,AyrDPI,Mulg,1956,Furrow,BareFallow,35,Surf1,200,140,LowFreq,0,P2R,15AprV1R4,T4,1341.7,451.882,989.108,1266.869,1.2,0.671,0,0,0,,0,999
1969,14/07/1969,195,1968,15-Apr,3,sugar,alive,0,456,1968,14/4/1968,105,0,0,318,1969,21,2039,7923.84,7136.26,6137.36,190.183,3481.83,,0,0,0,19.619,146.592,146.592,8.838,9350.982,9359.82,151734.568,0.799,24,3360,302.7,73.442,1837.293,249.328,1401.78,406.019,1807.799,36.311,9201.491,1.938,9203.429,148358.651,200,342.154,390.071,32.462,0.002,21.08,6.781,6772.567,350,0.955,4418.7,16.2,1767.5,0,0,17.239,28.858,19.267,46.5,Burdekin,AyrDPI,Mulg,1956,Furrow,BareFallow,35,Surf1,200,140,LowFreq,0,P2R,15AprV1R4,T4,3662.7,3609.328,1910.735,2316.754,53.544,21.082,5.26920800769562,0.105201407899883,4.99167979002625,0.950915,34.818,999
1970,14/08/1970,226,1969,15-Apr,3,sugar,alive,1,396,1968,14/7/1969,105,0,0,318,1970,21,2039,6862.54,6125.92,5234.14,160.772,3035.51,,18940.976,7576.391,88.641,20.323,90.759,90.759,1.938,9201.491,9203.429,148358.651,0.784,19,2660,667.3,85.573,1640.376,407.066,1254.812,315.966,1570.778,17.083,9186.989,1.261,9188.25,148506.54,200,267.732,316.546,20.103,0.002,8.454,4.157,6546.385,350,0.931,3821.2,14,1528.5,0,0,17.457,29.272,20.242,133.6,Burdekin,AyrDPI,Mulg,1956,Furrow,BareFallow,35,Surf1,200,140,LowFreq,0,P2R,15AprV1R4,T4,3327.3,3067.066,1725.949,2041.915,28.559,8.456,5.2418826331093,0.10235182820233,5.16951768488746,0.80386,30.355,999
1971,14/09/1971,257,1970,15-Apr,3,sugar,alive,2,396,1968,14/8/1970,105,0,0,318,1971,21,2039,7212.72,6507.77,5594.77,173.064,3221.35,,17089.427,6835.77,70.958,19.995,121.333,121.333,1.261,9186.989,9188.25,148506.54,0.781,18,2520,1226,278.696,1908.764,707.763,1266.104,305.809,1571.913,14.645,9179.873,1.312,9181.185,148933.614,200,245.448,308.941,28.185,0.005,18.443,5.493,6569.516,350,0.938,3983.7,14.6,1593.5,0,0,17.442,28.692,19.601,220,Burdekin,AyrDPI,Mulg,1956,Furrow,BareFallow,35,Surf1,200,140,LowFreq,0,P2R,15AprV1R4,T4,3746,3227.763,2187.46,2493.269,46.633,18.448,5.36173194872114,0.110097696246548,5.82707070707071,0.86532,32.213,999
1972,13/10/1972,287,1971,15-Apr,3,sugar,alive,3,395,1968,14/9/1971,105,0,0,318,1972,21,2039,7058.12,6383.16,5448.71,168.754,3189.73,,17138.78,6855.513,70.681,20.349,107.959,107.959,1.312,9179.873,9181.185,148933.614,0.775,20,2800,1328.3,516.464,2052.399,417.41,1291.089,304.485,1595.574,13.376,9177.33,1.284,9178.614,149356.676,200,246.844,309.288,30.18,0.009,11.622,5.785,6665.473,350,0.936,3934,14.4,1573.6,0,0,16.804,28.821,20.091,206.2,Burdekin,AyrDPI,Mulg,1956,Furrow,BareFallow,35,Surf1,200,140,LowFreq,0,P2R,15AprV1R4,T4,4128.3,3217.41,2568.863,2873.348,41.811,11.631,5.24502627890135,0.105763819164765,5.19243076923077,0.84377,31.897,999
1973,17/11/1973,321,1972,15-Apr,3,sugar,alive,4,400,1968,13/10/1972,105,0,4,318,1973,17,2039,7344.26,6567.47,5615.57,173.017,3169.08,,17023.887,6809.555,73.107,19.629,71.822,71.822,1.284,9177.33,9178.614,149356.676,0.77,20,2800,1238.1,429.26,1986.225,637.978,1246.968,300.736,1547.704,13.177,9165.105,1.785,9166.89,149373.583,200,257.842,322.892,32.767,0.007,10.475,6.339,7282.55,350,0.931,3822.6,14,1529.1,0,0,18.843,29.254,19.804,108.5,Burdekin,AyrDPI,Mulg,1956,Furrow,BareFallow,35,Surf1,200,140,LowFreq,0,P2R,15AprV1R4,T4,4038.1,3437.978,2415.485,2716.221,43.249,10.482,5.0325220231194,0.111789463618366,5.3236,0.865085,31.691,999
1974,15/04/1974,105,0,15-Apr,3,none,out,-1,0,1968,0.000,105,0,4,322,-1,17,2043,0,0,0,0,0,,17943.044,7177.218,72.427,0,146.733,146.733,1.785,9165.105,9166.89,149373.583,0.764,0,0,1721.8,346.537,991.828,504.544,0,363.796,363.796,47.094,9262.221,9.845,9272.066,152625.966,0,0,18.125,1.471,0.023,0.994,0.1,3632.869,350,0,0.2,0,0.1,0,0,22.293,30.139,17.364,152.9,Burdekin,AyrDPI,Mulg,1956,Furrow,BareFallow,35,Surf1,200,140,LowFreq,0,P2R,15AprV1R4,T4,1721.8,504.544,1338.365,1702.161,2.488,1.017,0,0,0,,0,999
1975,15/07/1975,196,1974,15-Apr,4,sugar,alive,0,456,1974,15/4/1974,105,0,0,318,1975,21,2039,8324.1,7422.15,6460.25,199.101,3493.97,,0,0,0,18.685,166.373,166.373,9.845,9262.221,9272.066,152625.966,0.766,20,2800,763.6,153.806,1769.344,537.779,1371.056,367.382,1738.438,34.878,9129.742,1.922,9131.664,148413.572,200,331.928,373.059,27.512,0.007,21.639,5.731,7704.448,350,0.975,5290.9,19.4,2116.4,0,0,17.001,28.293,19.228,65,Burdekin,AyrDPI,Mulg,1956,Furrow,BareFallow,35,Surf1,200,140,LowFreq,0,P2R,15AprV1R4,T4,3563.6,3337.779,1923.15,2290.532,49.158,21.646,5.965074380299,0.114528674591789,6.12618461538462,0.995505,34.94,999
1976,14/08/1976,227,1975,15-Apr,4,sugar,alive,1,396,1974,15/7/1975,105,0,0,318,1976,21,2039,6648.86,5964.07,5123.02,158.306,2873.12,,20339.961,8135.985,91.613,19.424,68.385,68.385,1.922,9129.742,9131.664,148413.572,0.753,16,2240,1989.1,538.352,2247.231,732.59,1083.678,353.803,1437.481,31.4,9130.185,1.312,9131.497,147775.976,200,243.049,302.75,28.917,0.013,8.123,5.758,7356.827,350,0.907,3386.9,12.4,1354.7,0,0,17.81,28.163,18.823,179.8,Burdekin,AyrDPI,Mulg,1956,Furrow,BareFallow,35,Surf1,200,140,LowFreq,0,P2R,15AprV1R4,T4,4229.1,2972.59,2785.583,3139.386,37.053,8.136,5.32552420616365,0.110127368640003,5.88498141263941,0.79153,28.731,999
1977,14/09/1977,257,1976,15-Apr,4,sugar,alive,2,396,1974,14/8/1976,105,0,0,318,1977,21,2039,7122.27,6408.56,5497.14,169.509,2966.75,,15848.45,6339.381,65.175,18.627,74.421,74.421,1.312,9130.185,9131.497,147775.976,0.752,18,2520,1380,309.431,2137.71,540.865,1153.341,296.769,1450.11,20.891,9118.373,1.343,9119.716,146882.223,200,259.066,313.679,25.052,0.011,10.14,4.961,7712.825,350,0.951,4298.6,15.8,1719.4,0,0,17.722,28.369,19.544,170.6,Burdekin,AyrDPI,Mulg,1956,Furrow,BareFallow,35,Surf1,200,140,LowFreq,0,P2R,15AprV1R4,T4,3900,3060.865,2447.141,2743.91,35.203,10.151,5.53794433926357,0.116893890808284,5.70737373737374,0.847545,29.668,999
1978,14/10/1978,287,1977,15-Apr,4,sugar,alive,3,395,1974,14/9/1977,105,0,0,318,1978,21,2039,7446.72,6692.05,5813.42,179.569,3452.94,,17467.444,6986.977,75.209,20.752,77.17,77.17,1.343,9118.373,9119.716,146882.223,0.748,19,2660,953.7,310.913,1786.71,498.331,1216.623,298.15,1514.773,17.957,9105.156,1.825,9106.981,146003.006,200,261.935,324.356,29.69,0.014,10.045,5.719,8144.921,350,0.953,4363.6,16,1745.4,0,0,17.755,28.363,20.718,150.6,Burdekin,AyrDPI,Mulg,1956,Furrow,BareFallow,35,Surf1,200,140,LowFreq,0,P2R,15AprV1R4,T4,3613.7,3158.331,2097.623,2395.773,39.749,10.059,5.68556620569535,0.11854515495061,5.77392282958199,0.897845,34.529,999
1979,14/11/1979,318,1978,15-Apr,4,sugar,alive,4,396,1974,14/10/1978,105,0,0,318,1979,21,2039,7195.07,6444.85,5519.25,170.673,3204.13,,17592.146,7036.859,73.205,20.191,78.474,78.474,1.825,9105.156,9106.981,146003.006,0.743,19,2660,1489.5,401.273,2249.678,550.844,1175.19,331.901,1507.091,17.985,9076.602,1.935,9078.537,145792.417,200,265.788,339.409,41.435,0.038,9.312,7.839,7406.436,350,0.923,3671.4,13.5,1468.6,0,0,18.32,28.53,19.539,350.7,Burdekin,AyrDPI,Mulg,1956,Furrow,BareFallow,35,Surf1,200,140,LowFreq,0,P2R,15AprV1R4,T4,4149.5,3210.844,2650.951,2982.852,50.785,9.35,5.31551828740356,0.113246645358509,5.48787781350482,0.853365,32.041,999
1980,14/04/1980,105,0,15-Apr,4,none,out,-1,0,1974,0.000,105,0,0,318,-1,21,2039,0,0,0,0,0,,17365.165,6946.067,74.843,0,69.932,69.932,1.935,9076.602,9078.537,145792.417,0.739,0,0,636.1,21.892,305.016,327.116,0,232.22,232.22,14.318,9180.106,9.218,9189.324,148427.909,0,0,11.629,0.406,0.006,0.334,0.04,4183.978,350,0,0.6,0,0.3,0,0,22.487,31.511,22.411,86.4,Burdekin,AyrDPI,Mulg,1956,Furrow,BareFallow,35,Surf1,200,140,LowFreq,0,P2R,15AprV1R4,T4,636.1,327.116,326.908,559.128,0.746,0.34,0,0,0,,0,999
1981,14/07/1981,195,1980,15-Apr,5,sugar,alive,0,456,1980,14/4/1980,105,0,0,318,1981,21,2039,8265.45,7443.85,6458.93,200.246,3497.45,,0,0,0,18.583,146.905,146.905,9.218,9180.106,9189.324,148427.909,0.741,19,2660,1226.2,331.625,1964.316,658.552,1299.565,360.804,1660.369,37.348,9011.831,1.923,9013.754,144876.426,200,365.353,410.884,27.815,0.044,22.374,5.851,6981.13,350,0.969,4968.4,18.2,1987.4,0,0,17.555,28.055,18.773,104.8,Burdekin,AyrDPI,Mulg,1956,Furrow,BareFallow,35,Surf1,200,140,LowFreq,0,P2R,15AprV1R4,T4,3886.2,3318.552,2295.941,2656.745,50.233,22.418,6.03413778057418,0.120603311673489,6.43877813504823,1.00123,34.974,999
1982,14/08/1982,226,1981,15-Apr,5,sugar,alive,1,396,1980,14/7/1981,105,0,0,318,1982,21,2039,7059.16,6329.71,5437.89,167.665,3184.71,,19578.546,7831.419,93.958,20.463,76.795,76.795,1.923,9011.831,9013.754,144876.426,0.73,19,2660,604.4,137.548,1558.137,419.877,1252.456,318.825,1571.281,16.729,8995.526,1.168,8996.694,144869.193,200,268.054,320.2,25.06,0.026,6.731,5.101,6758.668,350,0.94,4014.4,14.7,1605.7,0,0,17.532,28.965,19.448,47.4,Burdekin,AyrDPI,Mulg,1956,Furrow,BareFallow,35,Surf1,200,140,LowFreq,0,P2R,15AprV1R4,T4,3264.4,3079.877,1695.685,2014.51,31.817,6.757,5.44388623311905,0.106705929747766,5.3911575562701,0.838325,31.847,999
1983,14/09/1983,257,1982,15-Apr,5,sugar,alive,2,396,1980,14/8/1982,105,0,0,318,1983,21,2039,7077.04,6324.65,5498.54,169.195,3088.55,,17193.009,6877.203,72.326,19.553,74.229,74.229,1.168,8995.526,8996.694,144869.193,0.728,20,2800,637.3,384.541,1548.798,360.9,1191.618,305.514,1497.132,10.9,8996.757,1.1,8997.858,145224.686,200,251.137,307.482,24.776,0.042,8.965,4.918,6713.728,350,0.949,4259.9,15.6,1703.9,0,0,17.915,28.646,19.857,95.4,Burdekin,AyrDPI,Mulg,1956,Furrow,BareFallow,35,Surf1,200,140,LowFreq,0,P2R,15AprV1R4,T4,3437.3,3160.9,1933.339,2238.853,33.783,9.007,5.3527476351672,0.113012747039005,5.206,0.845975,30.886,999
1984,13/10/1984,287,1983,15-Apr,5,sugar,alive,3,395,1980,14/9/1983,105,0,0,318,1984,21,2039,7354.46,6623.56,5676.8,175.729,3336.27,,17038.149,6815.261,69.884,20.452,81.057,81.057,1.1,8996.757,8997.858,145224.686,0.725,22,3080,624.6,314.722,1819.882,443.781,1258.679,302.085,1560.764,17.056,8992.257,1.666,8993.923,145401.086,200,250.778,313.597,30.015,0.041,10.678,5.787,7027.228,350,0.93,3791,13.9,1516.4,0,0,17.81,28.719,19.464,75.6,Burdekin,AyrDPI,Mulg,1956,Furrow,BareFallow,35,Surf1,200,140,LowFreq,0,P2R,15AprV1R4,T4,3704.6,3523.781,2134.604,2436.689,40.734,10.719,4.98694442134741,0.112591653831073,4.97815864022663,0.878645,33.363,999
1985,13/11/1985,317,1984,15-Apr,5,sugar,alive,4,396,1980,13/10/1984,105,0,0,318,1985,21,2039,7497.5,6789.08,5823.64,181.14,3374.56,,17482.498,6993.001,72.03,20.014,90.289,90.289,1.666,8992.257,8993.923,145401.086,0.72,21,2940,872.5,250.334,1929.016,538.57,1290.293,312.189,1602.482,14.047,8982.919,1.825,8984.744,145495.625,200,248.431,319.194,37.677,0.046,12.06,7.165,7212.801,350,0.917,3557.7,13,1423.1,0,0,17.761,28.762,19.57,111.4,Burdekin,AyrDPI,Mulg,1956,Furrow,BareFallow,35,Surf1,200,140,LowFreq,0,P2R,15AprV1R4,T4,3812.5,3478.57,2179.35,2491.539,49.783,12.106,5.20731220012821,0.113037151119326,5.34336283185841,0.9057,33.746,999
1986,15/04/1986,105,0,15-Apr,5,none,out,-1,0,1980,0.000,105,0,0,318,-1,21,2039,0,0,0,0,0,,17251.848,6900.74,71.516,0,120.957,120.957,1.825,8982.919,8984.744,145495.625,0.716,0,0,420.5,71.918,128.791,277.21,0,208.004,208.004,4.841,9072.242,19,9091.242,147861.01,0,0,22.66,0.439,0.038,0.267,0.065,4599.856,350,0,0.7,0,0.3,0,0,22.125,31.888,20.927,117.8,Burdekin,AyrDPI,Mulg,1956,Furrow,BareFallow,35,Surf1,200,140,LowFreq,0,P2R,15AprV1R4,T4,420.5,277.21,200.709,408.713,0.744,0.305,0,0,0,,0,999
1987,15/07/1987,196,1986,15-Apr,6,sugar,alive,0,456,1986,15/4/1986,105,0,0,318,1987,21,2039,8062.02,7205.65,6269.51,193.561,3783.84,,0,0,0,21.145,132.744,132.744,19,9072.242,9091.242,147861.01,0.717,23,3220,585.4,96.703,1956.227,473.182,1400.524,394.421,1794.945,36.579,8907.299,1.928,8909.227,144116.629,200,356.686,404.572,37.739,0.036,26.332,7.903,7078.482,350,0.969,4965.7,18.2,1986.3,0,0,18.179,29.194,18.291,44,Burdekin,AyrDPI,Mulg,1956,Furrow,BareFallow,35,Surf1,200,140,LowFreq,0,P2R,15AprV1R4,T4,3805.4,3693.182,2052.93,2447.351,64.107,26.368,5.24103604967207,0.107836730373354,5.2741416893733,0.967805,37.838,999
1988,14/08/1988,227,1987,15-Apr,6,sugar,alive,1,396,1986,15/7/1987,105,0,0,318,1988,21,2039,6965.28,6192.66,5293.69,162.101,2963.66,,19457.148,7782.859,90.198,19.588,90.27,90.27,1.928,8907.299,8909.227,144116.629,0.704,19,2660,974.5,152.678,1955.86,404.346,1221.38,317.228,1538.608,18.312,8903.888,1.071,8904.958,144066.368,200,256.522,309.132,21.695,0.047,7.689,4.465,6744.09,350,0.95,4269.9,15.6,1708,0,0,17.994,29.174,19.627,254,Burdekin,AyrDPI,Mulg,1956,Furrow,BareFallow,35,Surf1,200,140,LowFreq,0,P2R,15AprV1R4,T4,3634.5,3064.346,2108.538,2425.766,29.431,7.736,5.28990525221369,0.105355620144962,5.21225080385852,0.810505,29.637,999
1989,14/09/1989,257,1988,15-Apr,6,sugar,alive,2,396,1986,14/8/1988,105,0,0,318,1989,21,2039,6825.77,6084.13,5274.16,161.838,2944.97,,17837.971,7135.189,75.493,19.482,77.624,77.624,1.071,8903.888,8904.958,144066.368,0.704,16,2240,1393,410.728,1791.182,714.783,1151.234,289.438,1440.671,14.125,8912.933,0.9,8913.833,144356.571,200,239.789,296.379,29.017,0.083,6.669,5.614,6661.459,350,0.956,4457,16.3,1782.8,0,0,17.953,28.513,19.014,134.8,Burdekin,AyrDPI,Mulg,1956,Furrow,BareFallow,35,Surf1,200,140,LowFreq,0,P2R,15AprV1R4,T4,3633,2954.783,2201.91,2491.348,35.769,6.752,5.47715348301381,0.11233515493822,6.01628252788104,0.80919,29.45,999
1990,14/10/1990,287,1989,15-Apr,6,sugar,alive,3,395,1986,14/9/1989,105,0,0,318,1990,21,2039,6923.34,6284.4,5389.31,167.408,3159.58,,16977.202,6790.881,72.406,20.314,68.043,68.043,0.9,8912.933,8913.833,144356.571,0.701,19,2660,1277.8,493.289,1935.648,501.252,1195.597,307.454,1503.05,14.764,8917.425,1.313,8918.738,144297.622,200,235.834,302.663,33.019,0.112,10.165,6.233,6914.53,350.839,0.93,3795.7,13.9,1518.3,0,0,17.407,28.757,20.276,103,Burdekin,AyrDPI,Mulg,1956,Furrow,BareFallow,35,Surf1,200,140,LowFreq,0,P2R,15AprV1R4,T4,3937.8,3161.252,2428.937,2736.391,43.296,10.277,5.2956233795977,0.11137886297861,5.38289389067524,0.83704,31.596,999
1991,14/11/1991,318,1990,15-Apr,6,sugar,alive,4,396,1986,14/10/1990,105,0,0,318,1991,21,2039,7236.44,6438.38,5608.63,172.616,3464.94,,16265.677,6506.27,68.381,21.79,73.855,73.855,1.313,8917.425,8918.738,144297.622,0.699,20,2800,1681.6,602.778,2362.715,340.244,1266.752,268.65,1535.402,10.238,8912.914,1.567,8914.481,144026.195,200,250.305,312.612,28.846,0.609,10.153,5.403,7260.905,352.513,0.95,4268.7,15.6,1707.5,0,0,17.718,29.034,19.738,204.4,Burdekin,AyrDPI,Mulg,1956,Furrow,BareFallow,35,Surf1,200,140,LowFreq,0,P2R,15AprV1R4,T4,4481.6,3140.244,2965.493,3234.143,39.608,10.762,5.49689769330027,0.112423977564182,5.31126153846154,0.86308,34.649,999
1992,14/04/1992,105,0,15-Apr,6,none,out,-1,0,1986,0.000,105,0,0,318,-1,21,2039,0,0,0,0,0,,17464.789,6985.916,76.686,0,54.56,54.56,1.567,8912.914,8914.481,144026.195,0.696,0,0,487.6,6.342,190.642,296.606,0,207.254,207.254,8.845,9001.055,16.688,9017.743,146064.263,0,0,23.281,0.627,0.009,0.775,0.077,4692.286,353.166,0,0.6,0,0.3,0,0,22.037,31.882,22.651,122.8,Burdekin,AyrDPI,Mulg,1956,Furrow,BareFallow,35,Surf1,200,140,LowFreq,0,P2R,15AprV1R4,T4,487.6,296.606,196.984,404.238,1.411,0.784,0,0,0,,0,999
1993,14/07/1993,195,1992,15-Apr,7,sugar,alive,0,456,1992,14/4/1992,105,0,0,318,1993,21,2039,8846.67,7939.29,6896.26,213.474,4183.02,,0,0,0,21.202,137.923,137.923,16.688,9001.055,9017.743,146064.263,0.697,22,3080,628.9,90.99,1852.069,468.616,1450.81,381.674,1832.484,36.063,8848.521,2.013,8850.534,141895.404,200,359.793,395.966,26.55,0.072,22.311,5.649,7721.838,355.153,0.978,5450.3,20,2180.1,0,0,17.504,28.743,19.448,72,Burdekin,AyrDPI,Mulg,1956,Furrow,BareFallow,35,Surf1,200,140,LowFreq,0,P2R,15AprV1R4,T4,3708.9,3548.616,1943.059,2324.733,48.933,22.383,6.01569738737581,0.116494332283392,6.04742209631728,1.06737,41.83,999
1994,14/08/1994,226,1993,15-Apr,7,sugar,alive,1,396,1992,14/7/1993,105,0,0,318,1994,21,2039,7038.3,6302.9,5493.12,169.536,3282.27,,21211.283,8484.513,95.26,20.913,71.28,71.28,2.013,8848.521,8850.534,141895.404,0.685,21,2940,409.4,91.111,1679.303,305.076,1210.517,355.348,1565.865,17.76,8851.086,1.068,8852.154,141302.838,200,258.739,308.031,16.333,0.056,8.421,3.452,7727.593,356.911,0.93,3789.8,13.9,1515.9,0,0,17.871,29.003,19.967,46.8,Burdekin,AyrDPI,Mulg,1956,Furrow,BareFallow,35,Surf1,200,140,LowFreq,0,P2R,15AprV1R4,T4,3349.4,3245.076,1770.414,2125.762,24.81,8.477,5.22440768721595,0.108269870007951,5.00106194690266,0.84768,32.823,999
1995,14/09/1995,257,1994,15-Apr,7,sugar,alive,2,396,1992,14/8/1994,105,0,0,318,1995,21,2039,7763.19,6947.31,6124.57,188.873,3669.33,,16355.363,6542.146,65.021,20.996,84.402,84.402,1.068,8851.086,8852.154,141302.838,0.687,21,2940,508.6,324.339,1472.759,331.011,1323.682,305.418,1629.1,9.308,8851.803,1.123,8852.926,140775.335,200,259.006,313.216,20.357,0.14,8.649,4.077,7926.482,358.703,0.953,4375.9,16,1750.3,0,0,18.519,29.133,20.465,55.2,Burdekin,AyrDPI,Mulg,1956,Furrow,BareFallow,35,Surf1,200,140,LowFreq,0,P2R,15AprV1R4,T4,3448.6,3271.011,1797.098,2102.516,29.146,8.789,5.77414750363114,0.115937020440734,5.57147492625369,0.944365,36.693,999
1996,13/10/1996,287,1995,15-Apr,7,sugar,alive,3,395,1992,14/9/1995,105,0,0,318,1996,21,2039,7619.3,6822.59,6032.34,186.168,3814.86,,17647.733,7059.095,69.161,22.305,106.804,106.804,1.123,8851.803,8852.926,140775.335,0.685,23,3220,547.9,329.094,1849.74,273.546,1310.438,310.102,1620.541,17.261,8847.714,1.586,8849.3,140067.21,200,260.514,322.145,25.953,0.161,8.994,5.019,8383.537,360.524,0.953,4378.3,16,1751.3,0,0,19.245,29.663,20.779,107,Burdekin,AyrDPI,Mulg,1956,Furrow,BareFallow,35,Surf1,200,140,LowFreq,0,P2R,15AprV1R4,T4,3767.9,3493.546,2178.834,2488.936,35.108,9.155,5.32891222843495,0.114880154220103,5.07269754768393,0.93084,38.149,999
1997,13/11/1997,317,1996,15-Apr,7,sugar,alive,4,396,1992,13/10/1996,105,0,0,318,1997,21,2039,8045.67,7165.67,6402.83,197.692,3953.26,,17210.738,6884.295,67.075,21.696,75.329,75.329,1.586,8847.714,8849.3,140067.21,0.682,20,2800,954.2,351.566,1931.304,419.339,1187.199,295.204,1482.403,18.848,8854.731,1.407,8856.138,139616.152,200,254.378,307.456,23.697,0.144,8.247,4.7,8109.993,362.384,0.964,4742.5,17.4,1897,0,0,19.539,28.549,20.723,116.8,Burdekin,AyrDPI,Mulg,1956,Furrow,BareFallow,35,Surf1,200,140,LowFreq,0,P2R,15AprV1R4,T4,3754.2,3219.339,2282.87,2578.074,32.088,8.391,6.14076367850668,0.133359147276415,6.08283076923077,0.98846,39.533,999
1998,15/04/1998,105,0,15-Apr,7,none,out,-1,0,1992,0.000,105,0,0,318,-1,21,2039,0,0,0,0,0,,17995.299,7198.121,72.183,0,64.256,64.256,1.407,8854.731,8856.138,139616.152,0.68,0,0,769.5,12.149,441.078,326.054,0,229.468,229.468,20.612,8957.379,7.512,8964.891,142388.932,0,0,10.701,0.388,0.031,0.358,0.039,4509.794,363.118,0,0.7,0,0.3,0,0,23.737,31.276,20.298,189.6,Burdekin,AyrDPI,Mulg,1956,Furrow,BareFallow,35,Surf1,200,140,LowFreq,0,P2R,15AprV1R4,T4,769.5,326.054,453.227,682.695,0.777,0.389,0,0,0,,0,999
1999,15/07/1999,196,1998,15-Apr,8,sugar,alive,0,456,1998,15/4/1998,105,0,0,318,1999,21,2039,9568.35,8558.4,7549.61,233.229,4189.59,,0,0,0,19.195,151.062,151.062,7.512,8957.379,8964.891,142388.932,0.682,19,2660,1269.3,160.369,2131.176,768.922,1351.519,368.363,1719.882,36.993,8811.632,2.125,8813.757,136457.851,200,355.807,396.533,20.322,0.17,20.058,4.349,9817.621,365.322,0.986,6142.2,22.5,2456.9,0,0,19.763,28.54,18.249,112,Burdekin,AyrDPI,Mulg,1956,Furrow,BareFallow,35,Surf1,200,140,LowFreq,0,P2R,15AprV1R4,T4,3929.3,3428.922,2291.545,2659.908,40.55,20.228,6.8018170142103,0.135607559123242,7.49932475884245,1.166145,41.896,999
2000,14/08/2000,227,1999,15-Apr,8,sugar,alive,1,396,1998,15/7/1999,105,0,0,318,2000,21,2039,6964.25,6202.92,5495.76,169.219,3118.13,,22380.168,8952.068,90.543,19.765,68.934,68.934,2.125,8811.632,8813.757,136457.851,0.674,17,2380,1505.1,377.21,2183.934,625.206,1003.74,318.762,1322.503,26.795,8818.959,1.197,8820.156,135398.639,200,256.935,306.706,16.133,0.199,5.908,3.367,8425.071,367.264,0.945,4149.7,15.2,1659.9,0,0,18.484,27.841,19.228,136,Burdekin,AyrDPI,Mulg,1956,Furrow,BareFallow,35,Surf1,200,140,LowFreq,0,P2R,15AprV1R4,T4,3885.1,3005.206,2561.144,2879.906,22.24,6.107,5.63086191096384,0.127953584982416,5.97946996466431,0.846095,31.181,999
2001,14/09/2001,257,2000,15-Apr,8,sugar,alive,2,396,1998,14/8/2000,105,0,0,318,2001,21,2039,7775.61,6979.05,6073.23,187.524,3746.55,,16009.455,6403.782,63.358,21.674,70.387,70.387,1.197,8818.959,8820.156,135398.639,0.676,20,2800,561.3,155.208,1610.073,410.598,1295.982,299.44,1595.422,14.121,8799.07,1.479,8800.549,133396.491,200,276.883,331.032,21.762,0.14,8.98,4.366,9303.213,369.246,0.955,4430.9,16.2,1772.4,0,0,17.804,29.071,20.13,52,Burdekin,AyrDPI,Mulg,1956,Furrow,BareFallow,35,Surf1,200,140,LowFreq,0,P2R,15AprV1R4,T4,3361.3,3210.598,1765.281,2064.721,30.882,9.12,5.84078106321626,0.117538807914144,5.76996923076923,0.93762,37.465,999
2002,14/10/2002,287,2001,15-Apr,8,sugar,alive,3,395,1998,14/9/2001,105,0,0,318,2002,21,2039,7695.92,6897.91,6071.59,187.344,3844.75,,18236.591,7294.637,74.708,22.343,70.985,70.985,1.479,8799.07,8800.549,133396.491,0.674,21,2940,810.6,288.346,1750.36,315.274,1424.678,297.557,1722.235,16.121,8773.05,1.625,8774.675,131856.472,200,285.696,343.213,24.345,0.25,8.803,4.754,9201.084,371.263,0.964,4734.2,17.3,1893.7,0,0,18.325,30.193,21.2,206,Burdekin,AyrDPI,Mulg,1956,Furrow,BareFallow,35,Surf1,200,140,LowFreq,0,P2R,15AprV1R4,T4,3750.6,3255.274,2038.706,2336.263,33.398,9.053,5.7550915836885,0.108779580022471,5.52637168141593,0.93672,38.447,999
2003,14/11/2003,318,2002,15-Apr,8,sugar,alive,4,396,1998,14/10/2002,105,0,0,318,2003,21,2039,8130.16,7231.32,6346.42,195.26,3919.75,,17830.836,7132.333,74.775,21.792,60.644,60.644,1.625,8773.05,8774.675,131856.472,0.671,22,3080,463.2,268.479,1523.689,251.354,1459.779,282.546,1742.325,11.181,8743.183,1.817,8744.999,131131.312,200,293.596,351.831,23.04,1.116,8.861,4.504,8589.198,373.315,0.963,4705.4,17.2,1882.2,0,0,18.628,30.091,21.304,51,Burdekin,AyrDPI,Mulg,1956,Furrow,BareFallow,35,Surf1,200,140,LowFreq,0,P2R,15AprV1R4,T4,3543.2,3331.354,1792.168,2074.714,33.017,9.977,5.86128042831834,0.112068643909718,5.5314447592068,0.9763,39.197,999
2004,14/04/2004,105,0,15-Apr,8,none,out,-1,0,1998,0.000,105,0,0,318,-1,21,2039,0,0,0,0,0,,19161.459,7664.585,79.524,0,69.351,69.351,1.817,8743.183,8744.999,131131.312,0.669,0,0,652.6,0.167,344.127,308.45,0,242.176,242.176,16.194,8856.033,7.842,8863.875,134383.437,0,0,8.489,0.121,0.002,0.176,0.021,4196.415,374.113,0,0.7,0,0.3,0,0,22.629,32.241,21.923,173.2,Burdekin,AyrDPI,Mulg,1956,Furrow,BareFallow,35,Surf1,200,140,LowFreq,0,P2R,15AprV1R4,T4,652.6,308.45,344.294,586.47,0.299,0.178,0,0,0,,0,999
2005,14/07/2005,195,2004,15-Apr,9,sugar,alive,0,456,2004,14/4/2004,105,0,0,318,2005,21,2039,8423.87,7522.1,6616.26,204.207,4013.52,,0,0,0,21.275,135.482,135.482,7.842,8856.033,8863.875,134383.437,0.671,22,3080,719.2,76.989,1976.166,302.314,1446.505,368.611,1815.116,33.962,8675.32,2.198,8677.518,129626.646,200,394.995,435.489,16.751,2.288,14.787,3.738,8427.181,376.54,0.971,5054.5,18.5,2021.8,0,0,17.68,29.343,19.68,143.4,Burdekin,AyrDPI,Mulg,1956,Furrow,BareFallow,35,Surf1,200,140,LowFreq,0,P2R,15AprV1R4,T4,3799.2,3382.314,2053.155,2421.766,33.826,17.075,6.03749385775537,0.112503553491898,5.78490084985836,1.021035,40.135,999
2006,14/08/2006,226,2005,15-Apr,9,sugar,alive,1,396,2004,14/7/2005,105,0,0,318,2006,21,2039,7228.95,6449.92,5555.73,170.708,3158.04,,19661.017,7864.407,90.482,19.855,66.412,66.412,2.198,8675.32,8677.518,129626.646,0.665,19,2660,985.3,178.852,1913.59,525.918,1204.583,327.824,1532.407,20.228,8663.562,1.015,8664.577,129663.908,200,265.928,321.181,23.806,0.313,8.157,4.923,6891.498,378.682,0.945,4131.7,15.1,1652.7,0,0,18.705,29.095,19.266,178.4,Burdekin,AyrDPI,Mulg,1956,Furrow,BareFallow,35,Surf1,200,140,LowFreq,0,P2R,15AprV1R4,T4,3645.3,3185.918,2092.442,2420.266,32.276,8.47,5.35820444845096,0.111398603634674,5.48900321543408,0.85354,31.58,999
2007,14/09/2007,257,2006,15-Apr,9,sugar,alive,2,396,2004,14/8/2006,105,0,0,318,2007,21,2039,7110.17,6392.01,5559.26,171.752,3265.4,,17734.432,7093.773,73.683,20.485,86.864,86.864,1.015,8663.562,8664.577,129663.908,0.666,19,2660,940.5,471.808,1639.138,410.579,1205.154,298.458,1503.612,17.14,8678.545,1.054,8679.599,130045.473,200,241.595,296.367,22.258,0.082,8.885,4.418,6851.006,380.86,0.941,4032.2,14.8,1612.9,0,0,17.489,28.522,19.714,130.2,Burdekin,AyrDPI,Mulg,1956,Furrow,BareFallow,35,Surf1,200,140,LowFreq,0,P2R,15AprV1R4,T4,3600.5,3070.579,2110.946,2409.404,31.225,8.967,5.59347276197746,0.114226276459619,5.52257234726688,0.85876,32.654,999
2008,13/10/2008,287,2007,15-Apr,9,sugar,alive,3,395,2004,14/9/2007,105,0,0,318,2008,21,2039,7451.51,6676.03,5847.87,180.494,3599.02,,16610.169,6644.067,67.69,21.626,72.806,72.806,1.054,8678.545,8679.599,130045.473,0.665,20,2800,1328.4,469.092,2099.71,569.609,1265.576,291.915,1557.491,26.994,8684.626,1.31,8685.936,130130.78,200,248.725,304.152,25.373,0.1,8.344,4.979,7238.103,383.068,0.95,4286.2,15.7,1714.5,0,0,18.038,28.883,19.535,108.2,Burdekin,AyrDPI,Mulg,1956,Furrow,BareFallow,35,Surf1,200,140,LowFreq,0,P2R,15AprV1R4,T4,4128.4,3369.609,2568.802,2860.717,33.817,8.444,5.35652652874562,0.11588766805073,5.55366153846154,0.90247,35.99,999
2009,13/11/2009,317,2008,15-Apr,9,sugar,alive,4,396,2004,13/10/2008,105,0,0,318,2009,21,2039,7519.69,6722.08,5783.31,178.346,3545.69,,17274.235,6909.695,70.5,21.554,74.913,74.913,1.31,8684.626,8685.936,130130.78,0.663,18,2520,1796.7,519.596,2192.783,532.254,1296.26,298.119,1594.378,11.021,8674.689,1.954,8676.644,129868.438,200,262.904,323.129,25.866,0.142,10.003,5.034,7654.512,385.319,0.938,3979.6,14.6,1591.8,0,0,18.57,29.61,19.499,197.2,Burdekin,AyrDPI,Mulg,1956,Furrow,BareFallow,35,Surf1,200,140,LowFreq,0,P2R,15AprV1R4,T4,4316.7,3052.254,2712.379,3010.498,36.011,10.145,5.8430916955142,0.111859295599914,6.00491582491583,0.89173,35.457,999
2010,15/04/2010,105,0,15-Apr,9,none,out,-1,0,2004,0.000,105,0,0,318,-1,21,2039,0,0,0,0,0,,18141.873,7256.749,74.669,0,84.856,84.856,1.954,8674.689,8676.644,129868.438,0.66,0,0,1032,102.621,594.868,409.5,0,261.55,261.55,28.041,8781.335,4.849,8786.184,133480.743,0,0,7.18,0.403,0.091,0.281,0.03,3416.879,386.205,0,0.5,0,0.2,0,0,22.504,31.313,19.606,135.2,Burdekin,AyrDPI,Mulg,1956,Furrow,BareFallow,35,Surf1,200,140,LowFreq,0,P2R,15AprV1R4,T4,1032,409.5,697.489,959.039,0.775,0.372,0,0,0,,0,999
2011,15/07/2011,196,2010,15-Apr,10,sugar,alive,0,456,2010,15/4/2010,105,0,0,318,2011,21,2039,9004.75,8082.88,7071.61,218.893,3973.22,,0,0,0,19.426,157.817,157.817,4.849,8781.335,8786.184,133480.743,0.662,17,2380,1485.4,230.493,2059.331,893.826,1356.566,297.078,1653.645,36.195,8639.081,2.047,8641.129,129106.619,200,347.736,391.366,19.483,1.386,18.854,4.042,8027.49,388.863,0.978,5471.1,20,2188.4,0,0,18.293,28.267,16.9,81.4,Burdekin,AyrDPI,Mulg,1956,Furrow,BareFallow,35,Surf1,200,140,LowFreq,0,P2R,15AprV1R4,T4,3865.4,3273.826,2289.824,2586.902,39.723,20.24,6.68615253223598,0.132370006863626,7.73473498233216,1.094465,39.732,999
2012,14/08/2012,227,2011,15-Apr,10,sugar,alive,1,396,2010,15/7/2011,105,0,0,318,2012,21,2039,7230.72,6474.1,5625.08,173.375,3276.23,,21082.104,8432.842,91.811,20.343,79.749,79.749,2.047,8639.081,8641.129,129106.619,0.657,17,2380,1152,289.669,1712.091,587.804,1210.702,297.435,1508.137,15.711,8637.669,0.934,8638.603,129358.949,200,263.523,312.751,16.413,0.302,7.133,3.409,6941.965,391.2,0.941,4051.5,14.8,1620.6,0,0,17.522,28.612,19.036,197.4,Burdekin,AyrDPI,Mulg,1956,Furrow,BareFallow,35,Surf1,200,140,LowFreq,0,P2R,15AprV1R4,T4,3532,2967.804,2001.76,2299.195,23.848,7.435,5.84186152454812,0.114959715198288,6.12632508833922,0.866875,32.762,999
2013,14/09/2013,257,2012,15-Apr,10,sugar,alive,2,396,2010,14/8/2012,105,0,0,318,2013,21,2039,7161.15,6378.14,5628.76,173.219,3310.64,,17091.696,6836.678,70.749,20.608,101.851,101.851,0.934,8637.669,8638.603,129358.949,0.659,21,2940,535.4,353.773,1609.738,288.482,1240.079,302.965,1543.044,12.537,8647.141,1.231,8648.372,129529.869,200,250.463,301.32,21.112,0.082,7.486,4.173,7189,393.58,0.943,4090.3,15,1636.1,0,0,18.05,29.079,20.08,178.6,Burdekin,AyrDPI,Mulg,1956,Furrow,BareFallow,35,Surf1,200,140,LowFreq,0,P2R,15AprV1R4,T4,3475.4,3228.482,1963.511,2266.476,28.68,7.568,5.36533888062563,0.112257978385581,5.10970501474926,0.866095,33.106,999
2014,14/10/2014,287,2013,15-Apr,10,sugar,alive,3,395,2010,14/9/2013,105,0,0,318,2014,21,2039,7509.66,6739.43,5908.49,182.373,3517.17,,16502.065,6600.825,65.384,20.821,70.696,70.696,1.231,8647.141,8648.372,129529.869,0.658,21,2940,730.4,379.975,1751.447,378.716,1260.229,288.795,1549.024,12.493,8647.575,1.284,8648.859,129625.822,200,251.772,309.537,26.71,0.138,9.533,5.109,7184.791,395.998,0.962,4686.7,17.2,1874.7,0,0,18.127,29.166,20.069,86.2,Burdekin,AyrDPI,Mulg,1956,Furrow,BareFallow,35,Surf1,200,140,LowFreq,0,P2R,15AprV1R4,T4,3670.4,3318.716,2131.422,2420.217,36.381,9.671,5.49528793665984,0.117734134525998,5.37973451327434,0.911865,35.172,999
2015,14/11/2015,318,2014,15-Apr,10,sugar,alive,4,396,2010,14/10/2014,105,0,0,318,2015,21,2039,7675.76,6839.49,5998.63,184.468,3707.65,,17593.722,7037.489,72.802,21.822,60.65,60.65,1.284,8647.575,8648.859,129625.822,0.656,22,3080,382.4,220.322,1566.486,208.608,1381.913,288.564,1670.476,10.072,8635.626,1.464,8637.09,129397.075,200,273.156,328.753,21.514,0.135,9.039,4.197,7794.197,398.452,0.963,4727.1,17.3,1890.8,0,0,18.652,30.213,20.932,83.4,Burdekin,AyrDPI,Mulg,1956,Furrow,BareFallow,35,Surf1,200,140,LowFreq,0,P2R,15AprV1R4,T4,3462.4,3288.608,1786.808,2075.372,30.688,9.174,5.60930338915432,0.110428404837902,5.2257223796034,0.92234,37.077,999
2016,14/04/2016,105,0,15-Apr,10,none,out,-1,0,2010,0.000,105,0,0,318,-1,21,2039,0,0,0,0,0,,18273.61,7309.444,75.823,0,65.766,65.766,1.464,8635.626,8637.09,129397.075,0.654,0,0,369.6,0.049,111.431,258.169,0,197.636,197.636,5.237,8742.248,6.832,8749.079,132823.176,0,0,8.995,0.245,0,0.205,0.029,3678.831,399.406,0.001,0.8,0,0.3,0,0,22.856,32.574,21.881,43.6,Burdekin,AyrDPI,Mulg,1956,Furrow,BareFallow,35,Surf1,200,140,LowFreq,0,P2R,15AprV1R4,T4,369.6,258.169,111.48,309.116,0.45,0.205,0,0,0,,0,999
2017,14/07/2017,195,2016,15-Apr,11,sugar,alive,0,456,2016,14/4/2016,105,0,0,318,2017,21,2039,8036.3,7145.86,6263.92,192.846,3743.42,,0,0,0,20.976,126.252,126.252,6.832,8742.248,8749.079,132823.176,0.656,19,2660,1011.6,118.759,1910.982,607.565,1355.34,343.696,1699.035,32.149,8579.588,1.993,8581.581,128221.426,200,355.679,408.801,27.055,1.409,22.587,5.559,7976.934,402.302,0.972,5119.5,18.8,2047.8,0,0,18.795,29.534,17.004,107.8,Burdekin,AyrDPI,Mulg,1956,Furrow,BareFallow,35,Surf1,200,140,LowFreq,0,P2R,15AprV1R4,T4,3671.6,3267.565,2029.741,2373.437,51.051,23.996,5.90182597744804,0.113503253317324,6.20083601286174,0.96423,37.434,999
2018,14/08/2018,226,2017,15-Apr,11,sugar,alive,1,396,2016,14/7/2017,105,0,0,318,2018,21,2039,6776.65,5995.76,5196.58,158.889,2852.77,,19416.801,7766.721,88.707,19.184,69.077,69.077,1.993,8579.588,8581.581,128221.426,0.647,19,2660,692.9,194.102,1685.37,354.228,1193.295,282.637,1475.933,16.473,8572.85,1.082,8573.933,128325.067,200,259.04,310.183,21.922,0.262,7.332,4.456,6527.913,404.852,0.947,4206.6,15.4,1682.6,0,0,17.825,29.496,17.917,130.4,Burdekin,AyrDPI,Mulg,1956,Furrow,BareFallow,35,Surf1,200,140,LowFreq,0,P2R,15AprV1R4,T4,3352.9,3014.228,1879.472,2162.109,29.516,7.594,5.27129998128874,0.107653260683242,5.10897106109325,0.794445,28.528,999
2019,14/09/2019,257,2018,15-Apr,11,sugar,alive,2,396,2016,14/8/2018,105,0,0,318,2019,21,2039,6247.93,5506.84,4784.21,145.531,2458.21,,17006.153,6802.461,73.97,17.876,66.572,66.572,1.082,8572.85,8573.933,128325.067,0.649,18,2520,1209.8,484.569,1881.591,489.276,1085.095,283.341,1368.435,17.581,8579.272,1.119,8580.391,128479.596,200,240.778,297.536,26.708,0.085,8.545,5.282,6603.887,407.441,0.949,4264.1,15.6,1705.7,0,0,18.144,29.437,17.384,92.8,Burdekin,AyrDPI,Mulg,1956,Furrow,BareFallow,35,Surf1,200,140,LowFreq,0,P2R,15AprV1R4,T4,3729.8,3009.276,2366.16,2649.501,35.338,8.63,4.83608017343707,0.106348492986514,4.90003367003367,0.727655,24.582,999
2020,13/10/2020,287,2019,15-Apr,11,sugar,alive,3,395,2016,14/9/2019,105,0,0,318,2020,21,2039,7124.65,6338.86,5531.25,169.668,3084.54,,16066.116,6426.446,70.974,19.461,61.776,61.776,1.119,8579.272,8580.391,128479.596,0.648,20,2800,1063.7,354.505,1964.345,399.523,1265.829,279.992,1545.821,22.741,8574.588,1.163,8575.751,128459.03,200,250.08,309.024,27.553,0.127,11.111,5.353,6804.604,410.061,0.963,4708.4,17.3,1883.3,0,0,18.534,29.796,18.848,327.8,Burdekin,AyrDPI,Mulg,1956,Furrow,BareFallow,35,Surf1,200,140,LowFreq,0,P2R,15AprV1R4,T4,3863.7,3199.523,2318.85,2598.842,38.791,11.238,5.30291546583663,0.109759150639046,5.22055384615385,0.84834,30.845,999
2021,13/11/2021,317,2020,15-Apr,11,sugar,alive,4,396,2016,13/10/2020,105,0,0,318,2021,21,2039,7090.01,6306.11,5424.87,166.959,2982.77,,17546.014,7018.405,75.166,19.074,60.806,60.806,1.163,8574.588,8575.751,128459.03,0.646,20,2800,1089.1,403.216,2039.124,417.926,1157.138,271.071,1428.208,13.768,8570.241,1.629,8571.87,128292.488,200,246.841,313.282,32.679,0.796,9.747,6.182,7233.042,412.726,0.921,3630,13.3,1452,0,0,19.439,29.644,17.39,132.4,Burdekin,AyrDPI,Mulg,1956,Furrow,BareFallow,35,Surf1,200,140,LowFreq,0,P2R,15AprV1R4,T4,3889.1,3217.926,2442.34,2713.411,43.222,10.543,5.18840395956899,0.11690103962448,5.1372,0.834795,29.828,999
1959,15/04/1959,105,0,15-Apr,0,none,out,-1,0,-1,0.000,105,0,0,318,-1,21,2039,0,0,0,0,0,,0,0,0,0,0,0,0,0,0,0,0.89,0,0,680.2,0,344.03,336.17,0,225.065,225.065,15.793,9503.106,35.83,9538.935,141750.739,0,0,37.752,4.124,0,0.996,0.67,1071.675,350,0.001,0.8,0,0.3,0,0,21.816,30.221,18.76,162.8,Burdekin,AyrDPI,Mulg,1959,Furrow,BareFallow,35,Surf1,200,140,LowFreq,0,P2R,15AprV1R4,T4,680.2,336.17,344.03,569.095,5.12,0.996,0,0,0,,0,999
1960,14/07/1960,196,1959,15-Apr,1,sugar,alive,0,456,1959,15/4/1959,105,0,0,318,1960,21,2039,8142.59,7312.97,6322.53,195.988,3438.3,,0,0,0,18.678,140.656,140.656,35.83,9503.106,9538.935,141750.739,0.884,21,2940,1153.2,214.953,2257.323,575.144,1325.704,364.228,1689.932,37.584,9419.988,0.664,9420.653,141422.938,200,285.688,317.328,42.083,0.285,26.156,8.623,3351.16,350,0.976,5333.9,19.5,2133.6,0,0,17.069,28.071,18.912,210.1,Burdekin,AyrDPI,Mulg,1959,Furrow,BareFallow,35,Surf1,200,140,LowFreq,0,P2R,15AprV1R4,T4,4093.2,3515.144,2472.276,2836.504,68.524,26.441,5.57553260975937,0.115973897174561,5.78135693215339,0.97994,34.383,999
1961,14/08/1961,226,1960,15-Apr,1,sugar,alive,1,396,1959,14/7/1960,105,0,0,318,1961,21,2039,6595.32,5891.35,5089.68,156.53,3107.41,,20004.319,8001.728,90.691,21.518,71.648,71.648,0.664,9419.988,9420.653,141422.938,0.868,20,2800,498.3,173.789,1582.635,301.8,1212.566,321.918,1534.484,15.402,9438.013,1,9439.012,142619.381,200,237.184,290.755,16.251,0.001,6.849,3.396,5546.516,350,0.927,3748.1,13.7,1499.3,0,0,16.793,28.667,20.656,63.2,Burdekin,AyrDPI,Mulg,1959,Furrow,BareFallow,35,Surf1,200,140,LowFreq,0,P2R,15AprV1R4,T4,3298.3,3101.8,1756.424,2078.342,23.101,6.85,5.04642465665098,0.102008232083228,4.81630769230769,0.78265,31.074,999
1962,14/09/1962,257,1961,15-Apr,1,sugar,alive,2,396,1959,14/8/1961,105,0,0,318,1962,21,2039,6941.18,6197.08,5317.95,163.207,3021.62,,15983.869,6393.548,64.303,19.872,79.039,79.039,1,9438.013,9439.012,142619.381,0.866,18,2520,937.4,369.39,1536.249,500.943,1272.282,295.448,1567.73,10.888,9429.216,0.979,9430.195,143654.861,200,254.702,312.267,26.005,0.001,9.665,5.115,5770.856,350,0.953,4353.2,16,1741.3,0,0,17.109,29.133,20.274,102.1,Burdekin,AyrDPI,Mulg,1959,Furrow,BareFallow,35,Surf1,200,140,LowFreq,0,P2R,15AprV1R4,T4,3457.4,3020.943,1905.639,2201.087,35.671,9.666,5.40251835271304,0.104104023014167,5.49518518518519,0.816035,30.216,999
1963,14/10/1963,287,1962,15-Apr,1,sugar,alive,3,395,1959,14/9/1962,105,0,0,318,1963,21,2039,6955.09,6269.02,5332.86,164.551,2999.05,,17497.664,6999.066,74.491,19.518,63.07,63.07,0.979,9429.216,9430.195,143654.861,0.858,19,2660,1159.2,395.643,1872.146,636.439,1258.136,286.985,1545.121,15.971,9410.361,1.425,9411.785,144475.827,200,259.995,326.007,34.326,0.001,9.969,6.571,6211.109,350,0.942,4073.6,14.9,1629.4,0,0,17.278,29.174,19.607,91.9,Burdekin,AyrDPI,Mulg,1959,Furrow,BareFallow,35,Surf1,200,140,LowFreq,0,P2R,15AprV1R4,T4,3819.2,3296.439,2267.789,2554.774,44.296,9.97,4.99178052437797,0.106497161063761,5.29102893890675,0.822755,29.991,999
1964,13/11/1964,318,1963,15-Apr,1,sugar,alive,4,396,1959,14/10/1963,105,0,0,318,1964,21,2039,6785.32,6017.94,5117.51,156.41,2956.28,,17251.486,6900.594,75.043,20.348,69.36,69.36,1.425,9410.361,9411.785,144475.827,0.85,20,2800,609.9,236.875,1609.581,452.392,1285.319,279.138,1564.457,9.916,9379.869,1.885,9381.754,145075.256,200,275.454,344.115,33.006,0.002,10.371,6.366,6631.113,350,0.929,3773.2,13.8,1509.3,0,0,18.207,29.941,19.626,92.7,Burdekin,AyrDPI,Mulg,1959,Furrow,BareFallow,35,Surf1,200,140,LowFreq,0,P2R,15AprV1R4,T4,3409.9,3252.392,1846.456,2125.594,43.379,10.373,4.80907590474949,0.0999771805808661,4.81261538461539,0.78205,29.563,999
1965,15/04/1965,105,0,15-Apr,1,none,out,-1,0,1959,0.000,105,0,0,318,-1,21,2039,0,0,0,0,0,,17383.656,6953.462,78.634,0,68.347,68.347,1.885,9379.869,9381.754,145075.256,0.841,0,0,672.7,32.568,350.184,319.575,0,193.876,193.876,15.521,9470.645,19.715,9490.36,147636.279,0,0,24.718,1.668,0.001,1.357,0.148,3997.11,350,0,0.7,0,0.3,0,0,20.666,31.784,21.473,107.4,Burdekin,AyrDPI,Mulg,1959,Furrow,BareFallow,35,Surf1,200,140,LowFreq,0,P2R,15AprV1R4,T4,672.7,319.575,382.752,576.628,3.026,1.358,0,0,0,,0,999
1966,15/07/1966,196,1965,15-Apr,2,sugar,alive,0,456,1965,15/4/1965,105,0,0,318,1966,21,2039,8418.27,7558.68,6558.82,203.164,3558.77,,0,0,0,18.646,164.42,164.42,19.715,9470.645,9490.36,147636.279,0.841,23,3220,465.4,129.519,1858.694,319.384,1415.497,368.438,1783.936,37.498,9314.152,1.719,9315.87,145517.289,200,352.359,399.487,40.98,0.002,22.01,8.383,5632.995,350,0.966,4835.7,17.7,1934.3,0,0,17.033,28.275,19.056,102.9,Burdekin,AyrDPI,Mulg,1959,Furrow,BareFallow,35,Surf1,200,140,LowFreq,0,P2R,15AprV1R4,T4,3685.4,3539.384,1988.213,2356.651,62.992,22.012,5.74009488656783,0.113885251488843,5.5358038147139,1.01582,35.588,999
1967,15/08/1967,227,1966,15-Apr,2,sugar,alive,1,396,1965,15/7/1966,105,0,0,318,1967,21,2039,6928.69,6201.74,5312.61,163.874,3046.04,,19915.683,7966.274,93.881,19.963,77.672,77.672,1.719,9314.152,9315.87,145517.289,0.824,19,2660,834,200.694,1781.52,421.21,1183.813,326.896,1510.709,20.464,9303.687,1.099,9304.786,146205.063,200,261.928,315.639,22.022,0.001,9.05,4.529,6076.043,350,0.927,3729.3,13.7,1491.7,0,0,17.814,28.509,19.254,154.9,Burdekin,AyrDPI,Mulg,1959,Furrow,BareFallow,35,Surf1,200,140,LowFreq,0,P2R,15AprV1R4,T4,3494,3081.21,1982.214,2309.11,31.073,9.051,5.31849500683173,0.108474894900342,5.26926045016077,0.81937,30.46,999
1968,14/09/1968,258,1967,15-Apr,2,sugar,alive,2,396,1965,15/8/1967,105,0,0,318,1968,21,2039,7221.68,6453.91,5615.28,172.672,3154.56,,16906.586,6762.635,71.689,19.571,78.749,78.749,1.099,9303.687,9304.786,146205.063,0.82,19,2660,1458.4,447.597,2192.947,502.962,1199.577,292.145,1491.722,26.85,9298.546,1.065,9299.611,147208.326,200,257.891,312.655,25.029,0.003,8.806,4.922,6102.452,350,0.958,4525.9,16.6,1810.3,0,0,17.894,28.57,20.086,187.9,Burdekin,AyrDPI,Mulg,1959,Furrow,BareFallow,35,Surf1,200,140,LowFreq,0,P2R,15AprV1R4,T4,4118.4,3162.962,2640.544,2932.689,33.838,8.809,5.45918667375707,0.115753471491337,5.55215434083601,0.86336,31.546,999
1969,14/10/1969,287,1968,15-Apr,2,sugar,alive,3,395,1965,14/9/1968,105,0,0,318,1969,21,2039,7105.84,6344.11,5460.29,167.737,3142.94,,17501.441,7000.577,74.506,20.147,64.884,64.884,1.065,9298.546,9299.611,147208.326,0.814,23,3220,202.9,386.137,1412.002,154.274,1325.442,297.002,1622.445,7.787,9284.39,1.377,9285.767,147934.971,200,263.513,324.6,29.415,0.003,9.227,5.673,6493.828,350,0.954,4388.9,16.1,1755.6,0,0,17.557,29.56,20.698,46.5,Burdekin,AyrDPI,Mulg,1959,Furrow,BareFallow,35,Surf1,200,140,LowFreq,0,P2R,15AprV1R4,T4,3422.9,3374.274,1798.139,2095.141,38.645,9.23,4.97105451424514,0.103385322769031,4.57049046321526,0.838685,31.429,999
1970,14/11/1970,318,1969,15-Apr,2,sugar,alive,4,396,1965,14/10/1969,105,0,0,318,1970,21,2039,7558.87,6773.22,5765.89,177.906,3462.73,,17717.75,7087.099,75.741,21.04,67.2,67.2,1.377,9284.39,9285.767,147934.971,0.806,21,2940,761.7,350.251,1671.966,457.112,1369.855,293.7,1663.556,12.268,9262.576,2.121,9264.697,148439.764,200,269.132,332.513,34.34,0.005,8.377,6.521,6878.246,350,0.934,3880.5,14.2,1552.2,0,0,18.289,29.657,20.574,133.6,Burdekin,AyrDPI,Mulg,1959,Furrow,BareFallow,35,Surf1,200,140,LowFreq,0,P2R,15AprV1R4,T4,3701.7,3397.112,2022.217,2315.917,42.722,8.382,5.2369777622875,0.106943198786215,5.24796460176991,0.88953,34.627,999
1971,15/04/1971,105,0,15-Apr,2,none,out,-1,0,1965,0.000,105,0,0,318,-1,21,2039,0,0,0,0,0,,18538.745,7415.497,78.265,0,83.128,83.128,2.121,9262.576,9264.697,148439.764,0.799,0,0,891.5,46.279,450.915,426.398,0,323.569,323.569,21.458,9359.918,13.635,9373.553,151508.103,0,0,19.617,1.029,0.002,1.246,0.091,3974.005,350,0,0.4,0,0.2,0,0,21.951,31.08,20.37,220,Burdekin,AyrDPI,Mulg,1959,Furrow,BareFallow,35,Surf1,200,140,LowFreq,0,P2R,15AprV1R4,T4,891.5,426.398,497.194,820.763,2.277,1.248,0,0,0,,0,999
1972,14/07/1972,196,1971,15-Apr,3,sugar,alive,0,456,1971,15/4/1971,105,0,0,318,1972,21,2039,7794.96,7023.23,6036.9,186.717,3233.86,,0,0,0,18.403,153.865,153.865,13.635,9359.918,9373.553,151508.103,0.8,20,2800,1556.2,322.236,2360.786,653.811,1347.352,387.421,1734.773,41.768,9215.359,1.763,9217.122,148533.51,200,335.755,381.319,35.469,0.005,23.898,7.34,6299.736,350,0.968,4914.1,18,1965.6,0,0,16.519,28.374,18.892,206.2,Burdekin,AyrDPI,Mulg,1959,Furrow,BareFallow,35,Surf1,200,140,LowFreq,0,P2R,15AprV1R4,T4,4356.2,3453.811,2683.022,3070.443,59.372,23.903,5.40611515800952,0.107631949540372,5.74513846153846,0.933585,32.339,999
1973,14/08/1973,226,1972,15-Apr,3,sugar,alive,1,396,1971,14/7/1972,105,0,0,318,1973,21,2039,6885.83,6114.59,5231.87,160.325,2700.7,,19120.5,7648.2,93.188,17.82,92.271,92.271,1.763,9215.359,9217.122,148533.51,0.784,19,2660,1040.8,262.312,1943.174,569.303,1180.039,313.776,1493.815,21.165,9206.945,1.549,9208.495,148574.718,200,260.89,312.262,21.43,0.004,7.841,4.401,6675.861,350,0.926,3716.3,13.6,1486.5,0,0,17.642,28.812,19.734,108.5,Burdekin,AyrDPI,Mulg,1959,Furrow,BareFallow,35,Surf1,200,140,LowFreq,0,P2R,15AprV1R4,T4,3700.8,3229.303,2205.486,2519.262,29.275,7.845,4.96469361964486,0.107325873685831,5.15514469453376,0.801625,27.007,999
1974,14/09/1974,257,1973,15-Apr,3,sugar,alive,2,396,1971,14/8/1973,105,0,0,318,1974,21,2039,6308.47,5681.21,4798.72,147.918,2555.25,,17217.582,6887.033,70.948,18.348,93.77,93.77,1.549,9206.945,9208.495,148574.718,0.782,15,2100,2022,709.148,2089.369,710.862,1041.96,308.222,1350.182,23.678,9208.95,1.225,9210.175,149037.79,200,232.682,300.81,35.587,0.009,12.001,6.844,6327.451,350,0.912,3467.5,12.7,1387,0,0,17.679,28.244,18.189,152.9,Burdekin,AyrDPI,Mulg,1959,Furrow,BareFallow,35,Surf1,200,140,LowFreq,0,P2R,15AprV1R4,T4,4122,2810.862,2798.517,3106.739,47.597,12.01,5.26237147181185,0.109554119370574,5.80070588235294,0.73959,25.552,999
1975,14/10/1975,287,1974,15-Apr,3,sugar,alive,3,395,1971,14/9/1974,105,0,0,318,1975,21,2039,7559.23,6788.36,5806.86,179.202,3330.45,,15780.199,6312.079,67.43,19.959,67.072,67.072,1.225,9208.95,9210.175,149037.79,0.778,20,2800,780.5,259.359,1707.265,511.101,1277.22,311.524,1588.744,13.813,9188.867,1.308,9190.174,148961.965,200,264.328,323.419,30.8,0.005,10.558,5.998,7054.549,350,0.946,4177.6,15.3,1671,0,0,18.147,28.754,19.953,65,Burdekin,AyrDPI,Mulg,1959,Furrow,BareFallow,35,Surf1,200,140,LowFreq,0,P2R,15AprV1R4,T4,3580.5,3311.101,1966.624,2278.148,41.363,10.563,5.41215746665535,0.112794761144653,5.51390769230769,0.89601,33.304,999
1976,13/11/1976,318,1975,15-Apr,3,sugar,alive,4,396,1971,14/10/1975,105,0,0,318,1976,21,2039,7249.79,6522.36,5651.88,175.638,3507.32,,18446.134,7378.454,76.294,21.662,92.204,92.204,1.308,9188.867,9190.174,148961.965,0.771,18,2520,1934.3,691.55,2206.78,724.061,1235.177,319.434,1554.611,14.026,9185.512,2.035,9187.548,148844.437,200,233.674,314.201,40.202,0.078,16.778,7.556,7377.939,350,0.891,3168.3,11.6,1267.3,0,0,17.87,28.574,19.684,179.8,Burdekin,AyrDPI,Mulg,1959,Furrow,BareFallow,35,Surf1,200,140,LowFreq,0,P2R,15AprV1R4,T4,4454.3,3244.061,2898.33,3217.764,57.058,16.856,5.41413986974968,0.112978745165189,5.91373737373737,0.87819,35.073,999
1977,15/04/1977,105,0,15-Apr,3,none,out,-1,0,1971,0.000,105,0,0,318,-1,21,2039,0,0,0,0,0,,16275.378,6510.152,66.576,0,93.562,93.562,2.035,9185.512,9187.548,148844.437,0.766,0,0,1139.4,81.865,733.29,379.144,0,256.739,256.739,34.429,9271.332,16.212,9287.544,151005.51,0,0,23.194,1.557,0.009,1.682,0.134,4566.693,350,0,0.4,0,0.2,0,0,22.735,31.161,20.49,170.6,Burdekin,AyrDPI,Mulg,1959,Furrow,BareFallow,35,Surf1,200,140,LowFreq,0,P2R,15AprV1R4,T4,1139.4,379.144,815.155,1071.894,3.248,1.691,0,0,0,,0,999
1978,15/07/1978,196,1977,15-Apr,4,sugar,alive,0,456,1977,15/4/1977,105,0,0,318,1978,21,2039,8776.78,7893.95,6866.84,213.037,3711.92,,0,0,0,18.531,161.069,161.069,16.212,9271.332,9287.544,151005.51,0.766,20,2800,1025.3,127.557,2005.851,551.425,1374.859,377.434,1752.293,39.321,9130.15,1.815,9131.965,146768.837,200,343.69,384.383,29.429,0.008,23.407,6.207,7737.286,350,0.974,5213.6,19.1,2085.5,0,0,17.081,27.79,19.578,150.6,Burdekin,AyrDPI,Mulg,1959,Furrow,BareFallow,35,Surf1,200,140,LowFreq,0,P2R,15AprV1R4,T4,3825.3,3351.425,2133.408,2510.842,52.844,23.415,6.35660950192828,0.121576129106262,6.55498461538462,1.065185,37.119,999
1979,15/08/1979,227,1978,15-Apr,4,sugar,alive,1,396,1977,15/7/1978,105,0,0,318,1979,21,2039,6569.59,5910.08,5068.84,156.621,2742.93,,20666.105,8266.442,91.5,18.641,100.668,100.668,1.815,9130.15,9131.965,146768.837,0.752,18,2520,1586.7,353.011,2327.527,651.945,1084.406,343.043,1427.449,27.817,9131.22,1.472,9132.692,145686.387,200,248.643,304.641,22.271,0.011,10.476,4.503,8028.104,350,0.907,3397.7,12.4,1359.1,0,0,17.732,28.057,18.794,350.7,Burdekin,AyrDPI,Mulg,1959,Furrow,BareFallow,35,Surf1,200,140,LowFreq,0,P2R,15AprV1R4,T4,4106.7,3171.945,2680.538,3023.581,32.758,10.487,4.93769595626658,0.109720907717193,5.27343434343434,0.783105,27.429,999
1980,14/09/1980,258,1979,15-Apr,4,sugar,alive,2,396,1977,15/8/1979,105,0,0,318,1980,21,2039,7444.29,6669.4,5784.35,178.397,3339.68,,15644.461,6257.784,63.308,20.126,99.381,99.381,1.472,9131.22,9132.692,145686.387,0.751,20,2800,778.5,338.155,1730.231,428.224,1231.141,309.396,1540.537,16.548,9094.623,1.553,9096.176,145151.406,200,285.669,342.35,25.748,0.026,9.738,5.085,7510.681,350,0.951,4316,15.8,1726.4,0,0,18.321,28.783,20.553,86.4,Burdekin,AyrDPI,Mulg,1959,Furrow,BareFallow,35,Surf1,200,140,LowFreq,0,P2R,15AprV1R4,T4,3578.5,3228.224,2068.386,2377.782,35.512,9.764,5.52616547054975,0.115801827544551,5.48913846153846,0.891985,33.397,999
1981,14/10/1981,287,1980,15-Apr,4,sugar,alive,3,395,1977,14/9/1980,105,0,0,318,1981,21,2039,6926.28,6182.64,5342.59,164.227,2995.99,,17778.11,7111.243,74.323,19.539,68.958,68.958,1.553,9094.623,9096.176,145151.406,0.747,18,2520,1125.6,435.757,1777.102,520.65,1154.163,283.024,1437.187,13.59,9080.334,1.527,9081.86,145314.11,200,266.064,325.911,27.245,0.035,9.938,5.262,7055.754,350,0.951,4294.9,15.7,1718,0,0,17.855,28.507,19.328,104.8,Burdekin,AyrDPI,Mulg,1959,Furrow,BareFallow,35,Surf1,200,140,LowFreq,0,P2R,15AprV1R4,T4,3645.6,3040.65,2212.859,2495.883,37.218,9.973,5.40104911778732,0.11426975056134,5.52952861952862,0.821135,29.96,999
1982,14/11/1982,318,1981,15-Apr,4,sugar,alive,4,396,1977,14/10/1981,105,0,0,318,1982,21,2039,7422.28,6711.63,5735.3,178.259,3426.5,,17112.061,6844.824,74.975,20.743,64.513,64.513,1.527,9080.334,9081.86,145314.11,0.743,22,3080,594.4,223.393,1782.56,439.254,1332.053,328.252,1660.305,15.72,9051.043,1.646,9052.689,145186.77,200,255.639,337.577,51.79,0.035,9.963,9.805,7176.117,350,0.928,3755.2,13.8,1502.1,0,0,17.665,29.241,20.364,47.4,Burdekin,AyrDPI,Mulg,1959,Furrow,BareFallow,35,Surf1,200,140,LowFreq,0,P2R,15AprV1R4,T4,3674.4,3519.254,2005.953,2334.205,61.788,9.998,5.06524962392598,0.10736521301809,5.04983002832861,0.891295,34.265,999
1983,18/04/1983,108,0,15-Apr,4,none,out,-1,0,1977,0.000,108,3,0,321,-1,19,2039,0,0,0,0,0,,17531.269,7012.508,75.01,0,72.656,72.656,1.646,9051.043,9052.689,145186.77,0.737,0,0,364.4,0.15,124.624,239.761,0,179.803,179.803,5.822,9152.376,7.561,9159.937,148050.11,0,0,9.408,0.302,0,0.164,0.035,3953.971,350,0.001,0.8,0,0.3,0,0,22.105,31.473,22.354,73,Burdekin,AyrDPI,Mulg,1959,Furrow,BareFallow,35,Surf1,200,140,LowFreq,0,P2R,15AprV1R4,T4,364.4,239.761,124.774,304.577,0.466,0.164,0,0,0,,0,999
1984,17/07/1984,199,1983,15-Apr,5,sugar,alive,0,456,1983,18/4/1983,108,3,0,321,1984,18,2039,8063.2,7219.38,6229.62,192.304,3635.85,,0,0,0,20.355,132.481,132.481,7.561,9152.376,9159.937,148050.11,0.739,22,3080,771.9,149.43,2034.64,515.505,1335.991,381.749,1717.74,39.587,8998.745,1.904,9000.649,144550.076,200,349.367,399.145,28.259,0.021,20.765,5.897,6866.749,350,0.969,4968.8,18.2,1987.5,0,0,17.649,28.237,18.184,95.4,Burdekin,AyrDPI,Mulg,1959,Furrow,BareFallow,35,Surf1,200,140,LowFreq,0,P2R,15AprV1R4,T4,3851.9,3595.505,2184.07,2565.819,49.045,20.786,5.34845591926586,0.111951750555963,5.44770538243626,0.96152,36.358,999
1985,17/08/1985,229,1984,15-Apr,5,sugar,alive,1,396,1983,17/7/1984,108,3,0,321,1985,18,2039,6742.3,6026.6,5199.53,159.985,2916.77,,19808.897,7923.559,94.878,19.525,82.57,82.57,1.904,8998.745,9000.649,144550.076,0.728,18,2520,859.7,161.885,1733.91,564.91,1158.952,339.026,1497.978,20.563,8990.985,1.072,8992.057,144735.65,200,255.384,310.839,27.609,0.027,6.639,5.526,6445.229,350,0.939,3992.7,14.6,1597.1,0,0,17.354,28.395,19.214,111.4,Burdekin,AyrDPI,Mulg,1959,Furrow,BareFallow,35,Surf1,200,140,LowFreq,0,P2R,15AprV1R4,T4,3379.7,3084.91,1895.795,2234.821,34.275,6.666,5.18605080861354,0.106800633921192,5.38670033670034,0.799925,29.168,999
1986,17/09/1986,260,1985,15-Apr,5,sugar,alive,2,396,1983,17/8/1985,108,3,0,321,1986,18,2039,6928.83,6199.77,5306,163.257,3022.18,,16507.361,6602.944,70.039,19.87,68.497,68.497,1.072,8990.985,8992.057,144735.65,0.727,20,2800,745.7,228.672,1764.473,463.046,1223.485,309.711,1533.196,12.591,8978.579,1.385,8979.963,144772.845,200,250.209,318.789,35.347,0.036,10.081,6.759,6852.46,350,0.93,3799.7,13.9,1519.9,0,0,18.107,29.036,18.861,117.8,Burdekin,AyrDPI,Mulg,1959,Furrow,BareFallow,35,Surf1,200,140,LowFreq,0,P2R,15AprV1R4,T4,3545.7,3263.046,1993.145,2302.856,45.464,10.117,5.00320865841303,0.106481493559858,5.02329230769231,0.816285,30.222,999
1987,17/10/1987,290,1986,15-Apr,5,sugar,alive,3,395,1983,17/9/1986,108,3,0,321,1987,18,2039,6895.35,6152.09,5324.84,163.68,3029.75,,17023.85,6809.539,70.024,19.868,87.855,87.855,1.385,8978.579,8979.963,144772.845,0.723,22,3080,411.3,354.193,1525.753,284.455,1285.174,349.733,1634.907,11.21,8969.709,1.296,8971.004,144957.864,200,248.211,314.88,38.548,0.046,7.571,7.51,6813.769,350,0.948,4218,15.5,1687.2,0,0,18.472,29.811,19.953,44,Burdekin,AyrDPI,Mulg,1959,Furrow,BareFallow,35,Surf1,200,140,LowFreq,0,P2R,15AprV1R4,T4,3491.3,3364.455,1879.946,2229.679,46.165,7.617,4.86497813167363,0.100115786402529,4.63682719546742,0.8184,30.298,999
1988,16/11/1988,321,1987,15-Apr,5,sugar,alive,4,396,1983,17/10/1987,108,3,0,321,1988,18,2039,7149.36,6377.95,5504.15,169.93,3170.56,,16934.625,6773.85,71.477,20.049,64.303,64.303,1.296,8969.709,8971.004,144957.864,0.718,21,2940,981.3,270.308,2044.307,388.505,1258.201,333.534,1591.735,22.997,8955.393,1.904,8957.296,144859.1,200,251.572,323.325,37.485,0.125,10.394,7.203,7068.15,350,0.924,3688.3,13.5,1475.3,0,0,18.75,29.606,19.987,254,Burdekin,AyrDPI,Mulg,1959,Furrow,BareFallow,35,Surf1,200,140,LowFreq,0,P2R,15AprV1R4,T4,3921.3,3328.505,2314.615,2648.149,48.004,10.519,5.10529501983623,0.106757720349179,5.01268436578171,0.84965,31.706,999
1989,15/04/1989,105,0,15-Apr,5,none,out,-1,0,1983,0.000,105,0,0,321,-1,18,2039,0,0,0,0,0,,17119.326,6847.73,72.05,0,79.252,79.252,1.904,8955.393,8957.296,144859.1,0.713,0,0,1075.1,38.185,588.791,474.153,0,320.939,320.939,27.958,9053.906,6.548,9060.454,147663.063,0,0,12.558,1.011,0.023,1.263,0.077,3840.235,350,0,0.4,0,0.2,0,0,21.811,31.067,20.611,134.8,Burdekin,AyrDPI,Mulg,1959,Furrow,BareFallow,35,Surf1,200,140,LowFreq,0,P2R,15AprV1R4,T4,1075.1,474.153,626.976,947.915,2.297,1.286,0,0,0,,0,999
1990,15/07/1990,196,1989,15-Apr,6,sugar,alive,0,456,1989,15/4/1989,105,0,0,318,1990,21,2039,7695.27,6892.22,5973.09,184.675,3482.46,,0,0,0,20.294,206.438,206.438,6.548,9053.906,9060.454,147663.063,0.715,19,2660,1562.6,483.184,2137.055,685.077,1274.927,440.544,1715.471,38.67,8914.94,1.89,8916.83,144116.569,200,323.081,377.106,31.385,0.097,25.413,6.483,6648.767,350.462,0.966,4839.4,17.7,1935.8,0,0,17.385,28.018,18.506,103,Burdekin,AyrDPI,Mulg,1959,Furrow,BareFallow,35,Surf1,200,140,LowFreq,0,P2R,15AprV1R4,T4,4222.6,3345.077,2620.239,3060.783,56.895,25.51,5.52079967068023,0.107652650496569,5.93810289389068,0.923375,34.825,999
1991,15/08/1991,227,1990,15-Apr,6,sugar,alive,1,396,1989,15/7/1990,105,0,0,318,1991,21,2039,6706.88,6035.89,5168.78,159.557,2729.11,,18752.063,7500.825,89.872,18.138,93.328,93.328,1.89,8914.94,8916.83,144116.569,0.704,19,2660,1680.4,415.838,2477.774,399.156,1164.647,296.645,1461.292,38.252,8918.769,1.171,8919.939,144169.254,200,249.14,295.22,16.127,0.047,11.325,3.386,6531.799,352.128,0.918,3577.9,13.1,1431.1,0,0,16.827,28.484,19.182,204.4,Burdekin,AyrDPI,Mulg,1959,Furrow,BareFallow,35,Surf1,200,140,LowFreq,0,P2R,15AprV1R4,T4,4340.4,3059.156,2893.612,3190.257,27.499,11.372,5.21571962985869,0.109188991659436,5.1304501607717,0.797785,27.291,999
1992,14/09/1992,258,1991,15-Apr,6,sugar,alive,2,396,1989,15/8/1991,105,0,0,318,1992,21,2039,7696.14,6895.57,6054.47,186.904,3656.88,,16115.086,6446.035,65.768,21.166,78.823,78.823,1.171,8918.769,8919.939,144169.254,0.705,21,2940,643.5,355.542,1572.532,334.124,1355.084,294.807,1649.891,11.383,8915.611,1.24,8916.851,144206.366,200,258.959,309.896,20.812,0.075,8.691,4.163,7074.564,353.823,0.953,4360.1,16,1744,0,0,17.978,29.375,20.6,122.8,Burdekin,AyrDPI,Mulg,1959,Furrow,BareFallow,35,Surf1,200,140,LowFreq,0,P2R,15AprV1R4,T4,3583.5,3274.124,1928.074,2222.881,29.578,8.766,5.70851928638011,0.113282635034678,5.51339233038348,0.93452,36.569,999
1993,14/10/1993,287,1992,15-Apr,6,sugar,alive,3,395,1989,14/9/1992,105,0,0,318,1993,21,2039,7494.4,6694.2,5866.22,180.822,3670.04,,17660.275,7064.109,70.55,22.065,84.359,84.359,1.24,8915.611,8916.851,144206.366,0.702,22,3080,531.1,283.134,1736.147,341.146,1296.925,304.834,1601.759,12.854,8917.361,1.411,8918.772,144243.338,200,256.988,312.367,22.354,0.067,9.2,4.359,7524.853,355.556,0.946,4159.3,15.2,1663.7,0,0,17.951,29.038,20.484,72,Burdekin,AyrDPI,Mulg,1959,Furrow,BareFallow,35,Surf1,200,140,LowFreq,0,P2R,15AprV1R4,T4,3611.1,3421.146,2019.281,2324.115,31.621,9.267,5.28542190248531,0.112889641949881,5.12243626062323,0.90411,36.7,999
1994,14/11/1994,318,1993,15-Apr,6,sugar,alive,4,396,1989,14/10/1993,105,0,0,318,1994,21,2039,7636.68,6847.42,6054.23,187.362,3746.78,,17374.897,6949.961,69.766,21.697,74.419,74.419,1.411,8917.361,8918.772,144243.338,0.699,22,3080,365.6,202.46,1596.486,261.467,1346.971,311.509,1658.48,13.169,8912.833,1.457,8914.29,144179.904,200,255.37,312.851,26.961,0.048,13.37,5.381,7550.732,357.322,0.954,4414.2,16.2,1765.7,0,0,18.061,29.441,20.865,46.8,Burdekin,AyrDPI,Mulg,1959,Furrow,BareFallow,35,Surf1,200,140,LowFreq,0,P2R,15AprV1R4,T4,3445.6,3341.467,1798.946,2110.455,40.379,13.418,5.60717792514485,0.112972119048768,5.30770538243626,0.93681,37.468,999
1995,15/04/1995,105,0,15-Apr,6,none,out,-1,0,1989,0.000,105,0,0,318,-1,21,2039,0,0,0,0,0,,17202.868,6881.148,72.355,0,62.592,62.592,1.457,8912.833,8914.29,144179.904,0.696,0,0,352.3,0.048,109.25,243.048,0,196.259,196.259,5.111,9017.136,6.108,9023.244,147729.624,0,0,6.596,0.064,0,0.049,0.015,3448.436,358.015,0.001,0.9,0,0.4,0,0,22.668,31.676,22.661,55.2,Burdekin,AyrDPI,Mulg,1959,Furrow,BareFallow,35,Surf1,200,140,LowFreq,0,P2R,15AprV1R4,T4,352.3,243.048,109.298,305.557,0.113,0.049,0,0,0,,0,999
1996,14/07/1996,196,1995,15-Apr,7,sugar,alive,0,456,1995,15/4/1995,105,0,0,318,1996,21,2039,8973.02,7989.17,7072.68,218.197,4259.84,,0,0,0,21.113,109.336,109.336,6.108,9017.136,9023.244,147729.624,0.698,22,3080,667.7,50.282,1954.35,403.225,1419.948,363.897,1783.845,33.559,8872.782,2.043,8874.825,142497.954,200,360.078,400.51,14.671,0.013,17.725,3.428,9042.169,360.105,0.977,5369,19.7,2147.6,0,0,18.934,29.127,19.288,107,Burdekin,AyrDPI,Mulg,1959,Furrow,BareFallow,35,Surf1,200,140,LowFreq,0,P2R,15AprV1R4,T4,3747.7,3483.225,2004.632,2368.529,32.409,17.738,6.26422352848294,0.122318362862244,6.18121813031162,1.090985,42.598,999
1997,14/08/1997,226,1996,15-Apr,7,sugar,alive,1,396,1995,14/7/1996,105,0,0,318,1997,21,2039,7546.92,6762.41,5936.66,183.219,3489.63,,20716.468,8286.587,86.884,20.527,68.561,68.561,2.043,8872.782,8874.825,142497.954,0.689,19,2660,936,270.063,1839.342,455.143,1143.416,320.36,1463.776,16.844,8880.333,0.976,8881.309,142330.944,200,257.032,305.39,16.565,0.077,6.635,3.455,7524.342,361.957,0.946,4175.1,15.3,1670,0,0,18.617,28.449,20.38,116.8,Burdekin,AyrDPI,Mulg,1959,Furrow,BareFallow,35,Surf1,200,140,LowFreq,0,P2R,15AprV1R4,T4,3596,3115.143,2109.405,2429.765,23.277,6.712,5.88155985134551,0.125168741665391,5.89128617363344,0.916095,34.896,999
1998,14/09/1998,257,1997,15-Apr,7,sugar,alive,2,396,1995,14/8/1997,105,0,0,318,1998,21,2039,7350.92,6537.78,5801.84,178.47,3430.89,,17236.007,6894.403,67.54,20.745,91.38,91.38,0.976,8880.333,8881.309,142330.944,0.691,19,2660,988.6,349.65,1865.983,487.36,1078.951,306.321,1385.272,16.412,8878.187,1.474,8879.661,141828.348,200,262.145,315.282,21.961,0.119,7.581,4.412,8102.471,363.843,0.935,3913.4,14.3,1565.4,0,0,20.231,28.713,19.364,189.6,Burdekin,AyrDPI,Mulg,1959,Furrow,BareFallow,35,Surf1,200,140,LowFreq,0,P2R,15AprV1R4,T4,3648.6,3147.36,2215.633,2521.954,29.661,7.7,5.67046667683392,0.1288339040997,5.73858520900322,0.89235,34.309,999
1999,14/10/1999,287,1998,15-Apr,7,sugar,alive,3,395,1995,14/9/1998,105,0,0,318,1999,21,2039,7174.11,6444.52,5665.48,175.445,3494.86,,16493.547,6597.418,62.905,21.602,139.075,139.075,1.474,8878.187,8879.661,141828.348,0.688,20,2800,1114.4,340.84,2211.522,612.028,1108.924,314.996,1423.92,10.993,8870.499,1.403,8871.902,141174.168,200,230.649,316.266,41.553,0.158,23.713,8.016,7936.909,365.763,0.926,3724.3,13.6,1489.7,0,0,19.63,28.738,19.443,112,Burdekin,AyrDPI,Mulg,1959,Furrow,BareFallow,35,Surf1,200,140,LowFreq,0,P2R,15AprV1R4,T4,3914.4,3412.028,2552.362,2867.358,65.424,23.871,5.14195663107102,0.123212680487668,5.39830769230769,0.877225,34.949,999
2000,02/12/2000,337,1999,15-Apr,7,sugar,alive,4,415,1995,14/10/1999,105,0,19,318,2000,14,2039,8119.35,7289.81,6477.18,200.795,3892.62,,15988.965,6395.586,61.676,20.945,77.194,77.194,1.403,8870.499,8871.902,141174.168,0.685,18,2520,1716.8,381.075,2220.009,814.513,1219.265,331.117,1550.382,27.907,8864.873,1.745,8866.618,140577.507,200,257.848,319.973,28.127,0.156,11.171,5.51,8194.128,367.809,0.951,4322.4,15.8,1728.9,0,0,19.136,28.466,19.656,136,Burdekin,AyrDPI,Mulg,1959,Furrow,BareFallow,35,Surf1,200,140,LowFreq,0,P2R,15AprV1R4,T4,4236.8,3334.513,2601.084,2932.201,39.454,11.327,6.02171891367645,0.129513242542806,6.76077441077441,1.003975,38.926,999
2001,15/04/2001,105,0,15-Apr,7,none,out,-1,0,1995,0.000,105,0,19,337,-1,14,2058,0,0,0,0,0,,17632.469,7052.989,68.991,0,162.529,162.529,1.745,8864.873,8866.618,140577.507,0.682,0,0,295.9,55.491,60.634,215.705,0,211.98,211.98,1.69,8959.726,11.107,8970.833,143340.119,0,0,14.084,0.244,0.095,0.048,0.037,4324.518,368.485,0.001,0.7,0,0.3,0,0,21.877,30.916,20.69,39.4,Burdekin,AyrDPI,Mulg,1959,Furrow,BareFallow,35,Surf1,200,140,LowFreq,0,P2R,15AprV1R4,T4,295.9,215.705,116.125,328.105,0.387,0.143,0,0,0,,0,999
2002,15/07/2002,196,2001,15-Apr,8,sugar,alive,0,456,2001,15/4/2001,105,0,0,318,2002,21,2039,8728.69,7813.19,6845.95,211.462,4231.26,,0,0,0,21.712,130.324,130.324,11.107,8959.726,8970.833,143340.119,0.684,22,3080,812.3,83.804,1965.192,347.924,1540.981,361.818,1902.799,29.264,8803.044,1.994,8805.038,137495.333,200,372.547,406.685,20.281,0.078,15.346,4.415,9504.787,370.799,0.977,5415,19.8,2166,0,0,17.741,29.868,20.336,206,Burdekin,AyrDPI,Mulg,1959,Furrow,BareFallow,35,Surf1,200,140,LowFreq,0,P2R,15AprV1R4,T4,3892.3,3427.924,2048.996,2410.814,35.705,15.424,6.16880654296886,0.111132074380951,5.99042492917847,1.05731,42.313,999
2003,15/08/2003,227,2002,15-Apr,8,sugar,alive,1,396,2001,15/7/2002,105,0,0,318,2003,21,2039,7325.66,6532.59,5680.46,174.907,3433.74,,20606.038,8242.415,90.532,21.247,70.83,70.83,1.994,8803.044,8805.038,137495.333,0.674,21,2940,472,153.638,1615.047,281.407,1315.795,313.619,1629.414,14.952,8798.854,1.226,8800.08,136113.15,200,264.413,317.761,19.518,0.137,7.131,4.013,8570.094,372.843,0.933,3860.5,14.1,1544.2,0,0,17.729,29.464,20.693,51,Burdekin,AyrDPI,Mulg,1959,Furrow,BareFallow,35,Surf1,200,140,LowFreq,0,P2R,15AprV1R4,T4,3412,3221.407,1768.685,2082.304,26.786,7.268,5.42952194491413,0.107343498951157,5.15949852507375,0.874535,34.337,999
2004,14/09/2004,258,2003,15-Apr,8,sugar,alive,2,396,2001,15/8/2003,105,0,0,318,2004,21,2039,7531.24,6759.69,5913.43,182.469,3607.65,,17265.604,6906.241,69.043,21.419,84.732,84.732,1.226,8798.854,8800.08,136113.15,0.676,20,2800,741,324.095,1617.132,367.855,1324.268,291.084,1615.352,14.431,8795.495,1.243,8796.738,134864.141,200,263.847,316.56,20.311,0.229,8.465,4.067,8690.388,374.917,0.953,4365.1,16,1746,0,0,18.222,29.742,20.529,173.2,Burdekin,AyrDPI,Mulg,1959,Furrow,BareFallow,35,Surf1,200,140,LowFreq,0,P2R,15AprV1R4,T4,3541,3167.855,1941.227,2232.311,29.005,8.694,5.76001742503997,0.112959280701668,5.61443076923077,0.912345,36.077,999
2005,14/10/2005,287,2004,15-Apr,8,sugar,alive,3,395,2001,14/9/2004,105,0,0,318,2005,21,2039,7560.89,6778.12,5907.94,182.191,3686.36,,17461.715,6984.686,70.028,21.987,69.154,69.154,1.243,8795.495,8796.738,134864.141,0.674,22,3080,728.7,288.045,1875.412,268.566,1341.567,293.327,1634.894,19.636,8784.966,1.478,8786.443,133233.966,200,268.601,327.151,23.976,0.2,9.11,4.681,9177.081,377.032,0.955,4442.9,16.3,1777.2,0,0,18.444,29.715,20.552,143.4,Burdekin,AyrDPI,Mulg,1959,Furrow,BareFallow,35,Surf1,200,140,LowFreq,0,P2R,15AprV1R4,T4,3808.7,3348.566,2163.457,2456.784,33.286,9.31,5.44086632904951,0.111439029074668,5.16121813031162,0.910955,36.864,999
2006,14/11/2006,318,2005,15-Apr,8,sugar,alive,4,396,2001,14/10/2005,105,0,0,318,2006,21,2039,7410.81,6658.27,5780.82,178.53,3348.01,,17826.541,7130.615,71.838,20.167,79.502,79.502,1.478,8784.966,8786.443,133233.966,0.671,20,2800,923.4,286.763,1922.534,465.886,1240.168,295.406,1535.574,14.029,8767.838,1.737,8769.575,131805.364,200,274.234,328.88,26.296,0.304,7.945,5.084,8922.887,379.182,0.957,4485.2,16.4,1794.1,0,0,18.902,29.43,19.985,178.4,Burdekin,AyrDPI,Mulg,1959,Furrow,BareFallow,35,Surf1,200,140,LowFreq,0,P2R,15AprV1R4,T4,3723.4,3265.886,2209.297,2504.703,34.545,8.249,5.46651046607261,0.116262713486944,5.49323076923077,0.89265,33.48,999
2007,15/04/2007,105,0,15-Apr,8,none,out,-1,0,2001,0.000,105,0,0,318,-1,21,2039,0,0,0,0,0,,17667.302,7066.922,75.897,0,58.031,58.031,1.737,8767.838,8769.575,131805.364,0.669,0,0,748.4,40.621,410.784,330.991,0,216.102,216.102,19.361,8872.118,10.61,8882.728,134757.812,0,0,12.893,0.664,0.999,0.162,0.058,4002.575,380.024,0,0.6,0,0.2,0,0,21.774,31.068,20.952,130.2,Burdekin,AyrDPI,Mulg,1959,Furrow,BareFallow,35,Surf1,200,140,LowFreq,0,P2R,15AprV1R4,T4,748.4,330.991,451.405,667.507,1.825,1.161,0,0,0,,0,999
2008,14/07/2008,196,2007,15-Apr,9,sugar,alive,0,456,2007,15/4/2007,105,0,0,318,2008,21,2039,8611.16,7723.19,6711.35,207.691,3849.38,,0,0,0,19.897,138.925,138.925,10.61,8872.118,8882.728,134757.812,0.671,21,2940,1389.5,354.733,2294.466,649.128,1384.449,357.404,1741.853,38.46,8694.646,2.285,8696.931,129920.367,200,369.907,425.389,25.99,9.731,21.409,5.369,8385.175,382.56,0.972,5103.6,18.7,2041.4,0,0,17.421,28.372,18.704,108.2,Burdekin,AyrDPI,Mulg,1959,Furrow,BareFallow,35,Surf1,200,140,LowFreq,0,P2R,15AprV1R4,T4,4329.5,3589.128,2649.199,3006.603,57.13,31.14,5.78667018841345,0.119235664548042,6.12657817109145,1.038455,38.494,999
2009,14/08/2009,226,2008,15-Apr,9,sugar,alive,1,396,2007,14/7/2008,105,0,0,318,2009,21,2039,6865.46,6128.45,5267.3,161.717,2866.98,,20486.41,8194.564,90.242,18.906,77.373,77.373,2.285,8694.646,8696.931,129920.367,0.665,16,2240,1894.1,443.871,2234.279,579.206,1169.011,294.942,1463.953,25.539,8686.108,1.365,8687.473,129996.49,200,263.12,318.747,21.942,0.744,7.907,4.421,6931.133,384.802,0.939,3987.2,14.6,1594.9,0,0,18.009,28.88,18.524,197.2,Burdekin,AyrDPI,Mulg,1959,Furrow,BareFallow,35,Surf1,200,140,LowFreq,0,P2R,15AprV1R4,T4,4134.1,2819.206,2678.15,2973.092,30.593,8.651,5.7362604932027,0.110465978074433,6.0117843866171,0.808585,28.67,999
2010,14/09/2010,257,2009,15-Apr,9,sugar,alive,2,396,2007,14/8/2009,105,0,0,318,2010,21,2039,7505.79,6733.11,5852.52,180.503,3204.51,,16973.44,6789.377,70.791,18.936,69.37,69.37,1.365,8686.108,8687.473,129996.49,0.667,19,2660,1138.9,418.943,1795.741,468.84,1266.943,283.156,1550.099,14.557,8684.159,1.582,8685.741,130044.247,200,261.634,313.843,20.688,0.213,8.856,4.16,7365.048,387.08,0.934,3887.1,14.2,1554.9,0,0,18.842,29.312,18.819,135.2,Burdekin,AyrDPI,Mulg,1959,Furrow,BareFallow,35,Surf1,200,140,LowFreq,0,P2R,15AprV1R4,T4,3798.9,3128.84,2214.684,2497.84,29.757,9.069,5.76900704414415,0.116446110861306,5.80395498392283,0.902515,32.045,999
2011,14/10/2011,287,2010,15-Apr,9,sugar,alive,3,395,2007,14/9/2010,105,0,0,318,2011,21,2039,6960.64,6293.21,5482.27,170.432,3362.58,,17356.795,6942.717,68.815,21.368,103.487,103.487,1.582,8684.159,8685.741,130044.247,0.665,17,2380,1399.5,377.029,1966.696,780.702,1133.719,349.173,1482.892,17.361,8684.914,1.415,8686.329,130126.248,200,229.535,301.689,43.752,0.129,12.221,8.281,7002.526,389.395,0.925,3707.2,13.6,1482.9,0,0,17.983,28.537,18.315,81.4,Burdekin,AyrDPI,Mulg,1959,Furrow,BareFallow,35,Surf1,200,140,LowFreq,0,P2R,15AprV1R4,T4,3779.5,3160.702,2343.725,2692.898,56.102,12.35,5.39221982964544,0.114932173078012,6.02233215547703,0.85216,33.626,999
2012,13/11/2012,318,2011,15-Apr,9,sugar,alive,4,396,2007,14/10/2011,105,0,0,318,2012,21,2039,7551.08,6776.87,5931.2,183.462,3530.24,,15717.234,6286.894,65.731,20.768,56.369,56.369,1.415,8684.914,8686.329,130126.248,0.663,18,2520,1162.2,342.579,1784.48,581.907,1242.216,305.489,1547.705,16.043,8679.45,1.395,8680.845,130069.251,200,255.757,310.29,27.283,0.164,8.825,5.345,7073.933,391.74,0.96,4585.2,16.8,1834.1,0,0,18.232,28.806,19.444,197.4,Burdekin,AyrDPI,Mulg,1959,Furrow,BareFallow,35,Surf1,200,140,LowFreq,0,P2R,15AprV1R4,T4,3682.2,3101.907,2127.059,2432.548,36.272,8.989,5.91449066654803,0.11853809349973,6.17717171717172,0.91731,35.302,999
2013,15/04/2013,105,0,15-Apr,9,none,out,-1,0,2007,0.000,105,0,0,318,-1,21,2039,0,0,0,0,0,,17666.357,7066.544,76.73,0,63.806,63.806,1.395,8679.45,8680.845,130069.251,0.66,0,0,494.4,0.044,205.489,288.908,0,218.36,218.36,9.619,8780.933,5.823,8786.757,133324.158,0,0,8.064,0.293,0,0.132,0.033,3636.991,392.667,0,0.6,0,0.2,0,0,21.942,31.348,21.742,178.6,Burdekin,AyrDPI,Mulg,1959,Furrow,BareFallow,35,Surf1,200,140,LowFreq,0,P2R,15AprV1R4,T4,494.4,288.908,205.533,423.893,0.425,0.132,0,0,0,,0,999
2014,15/07/2014,196,2013,15-Apr,10,sugar,alive,0,456,2013,15/4/2013,105,0,0,318,2014,21,2039,8864.62,7954.21,6937.61,214.735,4056.36,,0,0,0,20.335,134.314,134.314,5.823,8780.933,8786.757,133324.158,0.662,22,3080,709.2,210.59,1842.435,409.145,1430.919,351.973,1782.892,31.745,8630.194,1.9,8632.094,128979.808,200,362.205,401.172,17.214,0.485,16.784,3.792,7963.149,395.443,0.976,5304.2,19.4,2121.7,0,0,17.96,28.94,18.948,86.2,Burdekin,AyrDPI,Mulg,1959,Furrow,BareFallow,35,Surf1,200,140,LowFreq,0,P2R,15AprV1R4,T4,3789.2,3489.145,2053.025,2404.998,34.483,17.269,6.15437306274173,0.120441956102781,6.08314447592068,1.073675,40.564,999
2015,15/08/2015,227,2014,15-Apr,10,sugar,alive,1,396,2013,15/7/2014,105,0,0,318,2015,21,2039,7105.1,6324.92,5526.83,169.942,3294.76,,20888.171,8355.269,89.316,20.947,87.598,87.598,1.9,8630.194,8632.094,128979.808,0.655,21,2940,417.2,112.691,1635.135,231.672,1288.1,328.022,1616.122,17.104,8624.297,1.172,8625.469,129077.919,200,266.213,320.551,19.03,0.239,7.077,3.964,7155.465,397.889,0.93,3791.7,13.9,1516.7,0,0,17.894,29.752,20.482,83.4,Burdekin,AyrDPI,Mulg,1959,Furrow,BareFallow,35,Surf1,200,140,LowFreq,0,P2R,15AprV1R4,T4,3357.2,3171.672,1747.826,2075.848,26.346,7.316,5.35812025959809,0.105154190092085,5.0130383480826,0.84971,32.948,999
2016,14/09/2016,258,2015,15-Apr,10,sugar,alive,2,396,2013,15/8/2015,105,0,0,318,2016,21,2039,7477.74,6659.06,5839.73,179.355,3380.94,,16638.281,6655.313,65.763,20.286,80.85,80.85,1.172,8624.297,8625.469,129077.919,0.658,21,2940,538,393.786,1465.543,374.21,1311.636,295.853,1607.489,9.854,8628.457,1.204,8629.661,129273.52,200,256.454,309.983,19.792,0.078,8.756,3.969,7231.377,400.366,0.95,4284.1,15.7,1713.6,0,0,19.103,29.867,19.185,43.6,Burdekin,AyrDPI,Mulg,1959,Furrow,BareFallow,35,Surf1,200,140,LowFreq,0,P2R,15AprV1R4,T4,3478,3314.21,1859.329,2155.182,28.626,8.834,5.41169690514482,0.111574635969515,5.29070796460177,0.896775,33.809,999
2017,14/10/2017,287,2016,15-Apr,10,sugar,alive,3,395,2013,14/9/2016,105,0,0,318,2017,21,2039,7198.02,6409.58,5556.51,170.45,3173.08,,17564.523,7025.809,69.088,19.998,92.032,92.032,1.204,8628.457,8629.661,129273.52,0.656,19,2660,860,280.227,1653.396,479.566,1304.159,302.952,1607.112,12.341,8625.753,1.424,8627.177,129206.379,200,257.58,315.186,25.471,0.086,8.993,5.031,7495.466,402.887,0.957,4480.1,16.4,1792,0,0,18.783,30.109,18.59,107.8,Burdekin,AyrDPI,Mulg,1959,Furrow,BareFallow,35,Surf1,200,140,LowFreq,0,P2R,15AprV1R4,T4,3520,3139.566,1933.623,2236.575,34.55,9.079,5.42909433979091,0.106059814126209,5.48070739549839,0.85225,31.731,999
2018,14/11/2018,318,2017,15-Apr,10,sugar,alive,4,396,2013,14/10/2017,105,0,0,318,2018,21,2039,7342.44,6562.96,5653.57,174.547,3331.94,,17760.92,7104.368,72.165,20.58,71.298,71.298,1.424,8625.753,8627.177,129206.379,0.653,21,2940,742.1,327.034,1742.395,385.545,1319.495,284.497,1603.992,16.617,8619.333,1.752,8621.085,129036.946,200,255.514,316.933,31.528,0.137,8.593,5.969,7496.015,405.446,0.928,3758.5,13.8,1503.4,0,0,18.275,29.723,18.447,130.4,Burdekin,AyrDPI,Mulg,1959,Furrow,BareFallow,35,Surf1,200,140,LowFreq,0,P2R,15AprV1R4,T4,3682.1,3325.545,2069.429,2353.926,40.258,8.73,5.24867352569278,0.108820368181387,5.1488790560472,0.872735,33.319,999
2019,15/04/2019,105,0,15-Apr,10,none,out,-1,0,2013,0.000,105,0,0,318,-1,21,2039,0,0,0,0,0,,17550.133,7020.053,72.633,0,79.976,79.976,1.752,8619.333,8621.085,129036.946,0.651,0,0,1111,194.756,589.376,438.667,0,249.199,249.199,18.425,8722.267,7.391,8729.658,131868.897,0,0,15.701,0.878,0.138,0.636,0.073,4155.801,406.447,0.004,5.7,0,2.3,0,0,22.704,31.656,17.334,92.8,Burdekin,AyrDPI,Mulg,1959,Furrow,BareFallow,35,Surf1,200,140,LowFreq,0,P2R,15AprV1R4,T4,1111,438.667,784.132,1033.331,1.652,0.774,0,0,0,,0,999
2020,14/07/2020,196,2019,15-Apr,11,sugar,alive,0,456,2019,15/4/2019,105,0,0,318,2020,21,2039,7900.42,7065.17,6158.44,190.481,3667.29,,0,0,0,20.781,157.645,157.645,7.391,8722.267,8729.658,131868.897,0.653,21,2940,1041.6,177.064,2159.294,447.398,1354.765,373.935,1728.7,36.654,8558.168,1.898,8560.066,127902.509,200,354.114,401.956,25.72,0.563,27.09,5.457,7214.605,409.458,0.962,4687.3,17.2,1874.9,0,0,17.927,29.324,17.481,327.8,Burdekin,AyrDPI,Mulg,1959,Furrow,BareFallow,35,Surf1,200,140,LowFreq,0,P2R,15AprV1R4,T4,3981.6,3387.398,2336.358,2710.293,53.373,27.653,5.6232246697908,0.110187424075895,5.61890855457227,0.952405,36.673,999
2021,14/08/2021,226,2020,15-Apr,11,sugar,alive,1,396,2019,14/7/2020,105,0,0,318,2021,21,2039,6637.14,5865.98,5060.49,154.616,2625.29,,18791.031,7516.413,88.064,17.985,74.188,74.188,1.898,8558.168,8560.066,127902.509,0.644,18,2520,1081.2,287.161,1928.054,468.377,1105.301,283.774,1389.075,25.047,8557.809,1.078,8558.887,128095.504,200,248.643,301.603,21.791,0.253,10.547,4.452,6328.696,412.114,0.943,4081.2,15,1632.5,0,0,18.484,29.171,17.224,132.4,Burdekin,AyrDPI,Mulg,1959,Furrow,BareFallow,35,Surf1,200,140,LowFreq,0,P2R,15AprV1R4,T4,3601.2,2988.377,2215.215,2498.989,32.591,10.8,5.17391212688359,0.111308604646977,5.20592592592593,0.77308,26.253,999
1960,14/04/1960,105,0,15-Apr,0,none,out,-1,0,-1,0.000,105,0,0,318,-1,21,2039,0,0,0,0,0,,0,0,0,0,0,0,0,0,0,0,0.89,0,0,778.8,0,483.366,295.434,0,204.631,204.631,22.612,9505.139,33.511,9538.649,141810.903,0,0,35.922,3.757,0,1.649,0.596,1011.488,350,0.001,0.9,0,0.4,0,0,22.318,30.437,19.329,210.1,Burdekin,AyrDPI,Mulg,1960,Furrow,BareFallow,35,Surf1,200,140,LowFreq,0,P2R,15AprV1R4,T4,778.8,295.434,483.366,687.997,5.406,1.649,0,0,0,,0,999
1961,14/07/1961,195,1960,15-Apr,1,sugar,alive,0,456,1960,14/4/1960,105,0,0,318,1961,21,2039,8326.37,7456.7,6504.25,200.918,3733.89,,0,0,0,19.959,120.353,120.353,33.511,9505.139,9538.649,141810.903,0.884,22,3080,561.3,94.008,1798.646,386.288,1423.074,376.814,1799.888,35.265,9423.751,0.736,9424.488,141493.784,200,297.805,319.767,31.842,0.048,22.754,6.683,3538.153,350,0.985,6001.5,22,2400.6,0,0,16.784,28.349,20.095,63.2,Burdekin,AyrDPI,Mulg,1960,Furrow,BareFallow,35,Surf1,200,140,LowFreq,0,P2R,15AprV1R4,T4,3641.3,3466.288,1892.654,2269.468,54.644,22.802,5.79634467764941,0.111628056856871,5.69172804532578,1.00459,37.339,999
1962,14/08/1962,226,1961,15-Apr,1,sugar,alive,1,396,1960,14/7/1961,105,0,0,318,1962,21,2039,6341.54,5653.78,4860.57,149.162,2770.7,,20589.344,8235.738,92.97,19.947,69.111,69.111,0.736,9423.751,9424.488,141493.784,0.868,17,2380,958.4,220.296,1608.137,550.903,1178.294,331.135,1509.429,16.79,9437.686,0.837,9438.523,142599.099,200,240.763,293.743,18.162,0.001,5.739,3.792,5642.245,350,0.926,3721.7,13.6,1488.7,0,0,17.008,28.972,20.048,102.1,Burdekin,AyrDPI,Mulg,1960,Furrow,BareFallow,35,Surf1,200,140,LowFreq,0,P2R,15AprV1R4,T4,3338.4,2930.903,1828.433,2159.568,23.902,5.74,5.08928476991562,0.0988201498712427,5.27074204946996,0.74581,27.707,999
1963,14/09/1963,257,1962,15-Apr,1,sugar,alive,2,396,1960,14/8/1962,105,0,0,318,1963,21,2039,6957.98,6250.37,5319.76,163.932,2896.18,,15751.702,6300.682,63.067,18.83,69.65,69.65,0.837,9437.686,9438.523,142599.099,0.865,18,2520,1162.3,383.004,1730.951,642.623,1263.759,288.731,1552.49,13.732,9420.954,1.112,9422.066,143342.989,200,256.048,318.84,30.653,0.001,9.891,6.002,5915.942,350,0.937,3955.2,14.5,1582.1,0,0,17.169,29.038,19.278,91.9,Burdekin,AyrDPI,Mulg,1960,Furrow,BareFallow,35,Surf1,200,140,LowFreq,0,P2R,15AprV1R4,T4,3682.3,3162.623,2113.955,2402.686,40.545,9.892,5.1834189531917,0.105592950679231,5.51959595959596,0.81966,28.962,999
1964,13/10/1964,287,1963,15-Apr,1,sugar,alive,3,395,1960,14/9/1963,105,0,0,318,1964,21,2039,6591.96,5845.96,5043.89,154.157,2828.81,,17286.815,6914.727,74.83,19.671,85.505,85.505,1.112,9420.954,9422.066,143342.989,0.857,20,2800,564.7,289.312,1545.214,392.773,1258.227,289.579,1547.806,10.619,9400.13,1.709,9401.839,144196.64,200,264.815,328.456,30.972,0.002,10.291,5.955,6151.581,350,0.949,4262.7,15.6,1705.1,0,0,17.833,29.736,19.754,92.7,Burdekin,AyrDPI,Mulg,1960,Furrow,BareFallow,35,Surf1,200,140,LowFreq,0,P2R,15AprV1R4,T4,3364.7,3192.773,1834.526,2124.105,41.265,10.293,4.82831068791925,0.099597107130997,4.74329230769231,0.770785,28.288,999
1965,13/11/1965,317,1964,15-Apr,1,sugar,alive,4,396,1960,13/10/1964,105,0,0,318,1965,21,2039,7279.43,6578.75,5581.15,173.384,3231.92,,16781.893,6712.756,73.762,20.027,67.872,67.872,1.709,9400.13,9401.839,144196.64,0.849,20,2800,827.8,248.738,1780.308,440.013,1271.664,327.86,1599.523,17.071,9373.58,1.552,9375.132,144998.419,200,254.458,326.792,48.933,0.002,8.821,9.285,6018.107,350,0.922,3635.5,13.3,1454.2,0,0,17.495,29.085,20.224,107.4,Burdekin,AyrDPI,Mulg,1960,Furrow,BareFallow,35,Surf1,200,140,LowFreq,0,P2R,15AprV1R4,T4,3627.8,3240.013,2029.046,2356.906,57.756,8.823,5.35133655327926,0.108397315949818,5.33489230769231,0.86692,32.319,999
1966,15/04/1966,105,0,15-Apr,1,none,out,-1,0,1960,0.000,105,0,0,318,-1,21,2039,0,0,0,0,0,,17525.536,7010.213,78.291,0,67.103,67.103,1.552,9373.58,9375.132,144998.419,0.84,0,0,295,0.103,61.478,233.516,0,191.037,191.037,2.868,9463.784,16.524,9480.308,147950.372,0,0,16.648,0.074,0,0.022,0.035,3746.513,350,0.001,0.8,0,0.3,0,0,21.412,31.333,20.942,102.9,Burdekin,AyrDPI,Mulg,1960,Furrow,BareFallow,35,Surf1,200,140,LowFreq,0,P2R,15AprV1R4,T4,295,233.516,61.581,252.618,0.096,0.022,0,0,0,,0,999
1967,15/07/1967,196,1966,15-Apr,2,sugar,alive,0,456,1966,15/4/1966,105,0,0,318,1967,21,2039,8424.18,7569.76,6563.95,203.156,3755.33,,0,0,0,19.837,109.486,109.486,16.524,9463.784,9480.308,147950.372,0.84,21,2940,894.1,97.016,1950.652,511.325,1404.799,373.805,1778.604,32.848,9309.579,1.626,9311.206,145582.005,200,348.454,395.176,35.185,0.001,25.827,7.373,5845.51,350,0.971,5050.1,18.5,2020,0,0,17.479,28.371,18.716,154.9,Burdekin,AyrDPI,Mulg,1960,Furrow,BareFallow,35,Surf1,200,140,LowFreq,0,P2R,15AprV1R4,T4,3834.1,3451.325,2047.668,2421.473,61.013,25.828,5.88631902240444,0.114222165248701,5.99280235988201,1.01578,37.553,999
1968,14/08/1968,227,1967,15-Apr,2,sugar,alive,1,396,1966,15/7/1967,105,0,0,318,1968,21,2039,7144.29,6406.52,5530.01,170.628,3172.24,,20104.526,8041.812,96.419,19.968,117.314,117.314,1.626,9309.579,9311.206,145582.005,0.823,18,2520,1458,358.328,2158.04,539.756,1178.848,307.205,1486.053,26.572,9304.942,1.275,9306.218,146458.193,200,260.628,310.306,18.773,0.003,9.887,3.86,6102.164,350,0.931,3813.1,14,1525.2,0,0,17.986,28.436,19.767,187.9,Burdekin,AyrDPI,Mulg,1960,Furrow,BareFallow,35,Surf1,200,140,LowFreq,0,P2R,15AprV1R4,T4,3978,3059.756,2516.368,2823.573,28.663,9.89,5.57652309530564,0.114819592571732,5.74505050505051,0.85314,31.722,999
1969,14/09/1969,257,1968,15-Apr,2,sugar,alive,2,396,1966,14/8/1968,105,0,0,318,1969,21,2039,6774.84,6020.72,5179.1,158.78,2959.25,,16962.494,6784.998,69.967,20.024,92.892,92.892,1.275,9304.942,9306.218,146458.193,0.82,22,3080,202.9,353.901,1390.112,161.396,1267.727,304.079,1571.805,8.599,9288.554,1.206,9289.761,147305.177,200,263.678,322.287,27.495,0.003,9.242,5.374,6080.207,350,0.949,4246.2,15.6,1698.5,0,0,17.462,29.388,20.407,46.5,Burdekin,AyrDPI,Mulg,1960,Furrow,BareFallow,35,Surf1,200,140,LowFreq,0,P2R,15AprV1R4,T4,3282.9,3241.396,1744.013,2048.092,36.74,9.245,4.89850669279533,0.101017619870149,4.49801699716714,0.7939,29.593,999
1970,14/10/1970,287,1969,15-Apr,2,sugar,alive,3,395,1966,14/9/1969,105,0,0,318,1970,21,2039,7060.6,6315.58,5425.33,166.859,3129.71,,17173.004,6869.202,74.356,20.171,59.973,59.973,1.206,9288.554,9289.761,147305.177,0.813,21,2940,674.6,327.368,1672.751,361.515,1307.135,301.438,1608.574,13.529,9272.238,1.349,9273.587,148087.208,200,258.46,325.863,35.272,0.003,10.125,6.827,6292.031,350,0.95,4291.2,15.7,1716.5,0,0,17.812,29.536,20.631,133.6,Burdekin,AyrDPI,Mulg,1960,Furrow,BareFallow,35,Surf1,200,140,LowFreq,0,P2R,15AprV1R4,T4,3614.6,3301.515,2000.119,2301.557,45.4,10.128,5.05401308187302,0.103731006469084,4.92209439528024,0.834295,31.297,999
1971,14/11/1971,318,1970,15-Apr,2,sugar,alive,4,396,1966,14/10/1970,105,0,0,318,1971,21,2039,7427.15,6684.11,5722.73,177.325,3303,,17547.306,7018.922,75.546,20.011,65.88,65.88,1.349,9272.238,9273.587,148087.208,0.806,18,2520,1243.3,200.249,1944.038,692.97,1286.828,322.603,1609.431,20.917,9257.839,1.552,9259.391,148882.957,200,257.331,322.051,34.654,0.002,11.445,6.745,6440.418,350,0.922,3641.4,13.3,1456.5,0,0,17.821,28.99,19.978,220,Burdekin,AyrDPI,Mulg,1960,Furrow,BareFallow,35,Surf1,200,140,LowFreq,0,P2R,15AprV1R4,T4,3763.3,3212.97,2144.287,2466.89,46.101,11.447,5.5190369035503,0.110178690481294,5.97053872053872,0.886625,33.03,999
1972,14/04/1972,105,0,15-Apr,2,none,out,-1,0,1966,0.000,105,0,0,318,-1,21,2039,0,0,0,0,0,,17582.768,7033.108,76.063,0,75.462,75.462,1.552,9257.839,9259.391,148882.957,0.799,0,0,1271,154.296,772.168,458.214,0,262.053,262.053,36.249,9357.606,8.002,9365.608,152425.775,0,0,12.114,0.666,0.004,0.508,0.051,3311.934,350,0,0.5,0,0.2,0,0,21.501,31.47,20.724,206.2,Burdekin,AyrDPI,Mulg,1960,Furrow,BareFallow,35,Surf1,200,140,LowFreq,0,P2R,15AprV1R4,T4,1271,458.214,926.464,1188.517,1.178,0.512,0,0,0,,0,999
1973,14/07/1973,195,1972,15-Apr,3,sugar,alive,0,456,1972,14/4/1972,105,0,0,318,1973,21,2039,7932.51,7078.91,6149.03,189.64,3109.03,,0,0,0,17.265,157.947,157.947,8.002,9357.606,9365.608,152425.775,0.8,21,2940,1009.2,250.188,2088.98,528.355,1323.618,362.91,1686.527,37.356,9221.303,2.005,9223.308,149391.974,200,335.615,375.749,25.023,0.003,21.029,5.307,6420.184,350,0.966,4848.3,17.8,1939.3,0,0,16.939,28.363,18.968,108.5,Burdekin,AyrDPI,Mulg,1960,Furrow,BareFallow,35,Surf1,200,140,LowFreq,0,P2R,15AprV1R4,T4,3949.2,3468.355,2339.168,2702.078,46.055,21.032,5.46772172975373,0.112444093690762,5.59410029498525,0.9482,31.09,999
1974,14/08/1974,226,1973,15-Apr,3,sugar,alive,1,396,1972,14/7/1973,105,0,0,318,1974,21,2039,6278.74,5594.11,4798.14,147.377,2389.69,,19280.559,7712.224,88.636,17.044,81.452,81.452,2.005,9221.303,9223.308,149391.974,0.787,14,1960,2056.4,561.55,2109.286,749.773,1027.892,333.429,1361.322,38.805,9218.417,1.234,9219.651,149928.618,200,247.782,299.83,22.702,0.004,11.097,4.616,5915.296,350,0.92,3612.8,13.2,1445.1,0,0,17.6,28.224,18.172,152.9,Burdekin,AyrDPI,Mulg,1960,Furrow,BareFallow,35,Surf1,200,140,LowFreq,0,P2R,15AprV1R4,T4,4016.4,2709.773,2670.836,3004.265,33.803,11.101,5.43872125082064,0.1082602058881,6.11522821576764,0.736885,23.897,999
1975,15/09/1975,258,1974,15-Apr,3,sugar,alive,2,397,1972,14/8/1974,105,0,1,318,1975,20,2039,7479.44,6732.31,5765.23,178.363,3264.13,,15656.004,6262.402,71.322,19.61,65.694,65.694,1.234,9218.417,9219.651,149928.618,0.785,19,2660,790.6,269.748,1518.925,532.396,1275.951,322.681,1598.632,12.312,9200.587,1.373,9201.96,150244.811,200,262.417,318.534,30.67,0.005,8.445,6.064,6499.756,350,0.931,3825.9,14,1530.4,0,0,17.923,28.642,19.643,65,Burdekin,AyrDPI,Mulg,1960,Furrow,BareFallow,35,Surf1,200,140,LowFreq,0,P2R,15AprV1R4,T4,3450.6,3192.396,1788.673,2111.354,39.12,8.45,5.58712014424276,0.111572269290243,5.73514469453376,0.891815,32.641,999
1976,14/10/1976,288,1975,15-Apr,3,sugar,alive,3,395,1972,15/9/1975,105,0,1,319,1976,20,2040,6501.14,5851.37,5070.02,156.968,2999.87,,17822.805,7129.123,73.618,20.607,128.99,128.99,1.373,9200.587,9201.96,150244.811,0.778,16,2240,1890.9,623.756,2165.411,668.943,1092.775,323.133,1415.908,23.088,9200.723,1.322,9202.046,150957.854,200,226.531,300.366,36.177,0.012,21.61,6.935,6221.048,350,0.924,3674.3,13.5,1469.7,0,0,17.632,28.358,19.627,179.8,Burdekin,AyrDPI,Mulg,1960,Furrow,BareFallow,35,Surf1,200,140,LowFreq,0,P2R,15AprV1R4,T4,4130.9,2908.943,2789.167,3112.3,57.799,21.622,5.39604935538441,0.110860310133144,5.83524163568773,0.78484,29.999,999
1977,14/11/1977,318,1976,15-Apr,3,sugar,alive,4,396,1972,14/10/1976,105,0,1,319,1977,20,2040,7036.37,6356.29,5463.53,169.557,3075.16,,15287.599,6115.04,64.058,19.408,54.815,54.815,1.322,9200.723,9202.046,150957.854,0.773,19,2660,1378.2,336.781,2265.053,532.457,1119.972,318.727,1438.7,21.499,9187.412,1.437,9188.849,151071.96,200,244.694,311.834,40.838,0.02,9.875,7.909,6518.752,350,0.936,3924,14.4,1569.6,0,0,18.13,28.51,19.993,170.6,Burdekin,AyrDPI,Mulg,1960,Furrow,BareFallow,35,Surf1,200,140,LowFreq,0,P2R,15AprV1R4,T4,4038.2,3192.457,2601.834,2920.561,50.733,9.895,5.31117568693956,0.117854312921387,5.45199356913183,0.847785,30.752,999
1978,15/04/1978,105,0,15-Apr,3,none,out,-1,0,1972,0.000,105,0,1,319,-1,20,2040,0,0,0,0,0,,16704.577,6681.832,74.334,0,52.482,52.482,1.437,9187.412,9188.849,151071.96,0.767,0,0,718.5,0.077,352.334,366.143,0,238.037,238.037,16.556,9275.489,13.419,9288.908,153511.22,0,0,18.86,1.372,0,1.04,0.149,4047.876,350,0,0.5,0,0.2,0,0,22.043,31.039,22.399,150.6,Burdekin,AyrDPI,Mulg,1960,Furrow,BareFallow,35,Surf1,200,140,LowFreq,0,P2R,15AprV1R4,T4,718.5,366.143,352.411,590.448,2.412,1.04,0,0,0,,0,999
1979,15/07/1979,196,1978,15-Apr,4,sugar,alive,0,456,1978,15/4/1978,105,0,0,318,1979,21,2039,8393.08,7542.59,6520.76,201.727,3454.92,,0,0,0,18.166,180.535,180.535,13.419,9275.489,9288.908,153511.22,0.768,20,2800,1684.5,381.955,2492.553,745.535,1314.005,384.678,1698.682,39.807,9143.673,1.825,9145.498,150027.467,200,320.634,369.063,35.036,0.012,27.649,7.216,6900.507,350,0.976,5319.9,19.5,2128,0,0,17.592,27.843,18.241,350.7,Burdekin,AyrDPI,Mulg,1960,Furrow,BareFallow,35,Surf1,200,140,LowFreq,0,P2R,15AprV1R4,T4,4484.5,3545.535,2874.508,3259.186,62.697,27.661,5.68960678712804,0.118755011238125,6.20698461538462,1.008635,34.549,999
1980,14/08/1980,227,1979,15-Apr,4,sugar,alive,1,396,1978,15/7/1979,105,0,0,318,1980,21,2039,7048.46,6290.25,5456.46,167.949,3118.83,,20436.705,8174.682,90.324,19.941,91.845,91.845,1.825,9143.673,9145.498,150027.467,0.754,19,2660,796.7,185.84,1765.759,426.771,1181.069,335.086,1516.155,20.163,9140.371,1.163,9141.534,149475.261,200,260.182,311.517,19.409,0.008,6.583,4.022,7553.227,350,0.933,3870.1,14.2,1548,0,0,18.142,28.702,20.355,86.4,Burdekin,AyrDPI,Mulg,1960,Furrow,BareFallow,35,Surf1,200,140,LowFreq,0,P2R,15AprV1R4,T4,3456.7,3086.771,1951.599,2286.685,26,6.591,5.4409284005843,0.110772975058619,5.40028938906753,0.839745,31.188,999
1981,14/09/1981,257,1980,15-Apr,4,sugar,alive,2,396,1978,14/8/1980,105,0,0,318,1981,21,2039,6767.19,6043.77,5209.46,159.978,2842.05,,16821.57,6728.628,66.963,18.951,80.791,80.791,1.163,9140.371,9141.534,149475.261,0.753,18,2520,1123.2,524.631,1723.764,475.09,1127.096,283.61,1410.706,14.619,9142.789,1.224,9144.013,149118.23,200,250.806,302.554,22.433,0.014,8.508,4.445,7358.94,350,0.947,4202.5,15.4,1681,0,0,17.727,28.314,19.26,104.8,Burdekin,AyrDPI,Mulg,1960,Furrow,BareFallow,35,Surf1,200,140,LowFreq,0,P2R,15AprV1R4,T4,3643.2,2995.09,2248.395,2532.005,30.955,8.522,5.34134199640078,0.113402792644251,5.38646464646465,0.79989,28.42,999
1982,14/10/1982,287,1981,15-Apr,4,sugar,alive,3,395,1978,14/9/1981,105,0,0,318,1982,21,2039,7058.87,6358.95,5460.75,168.791,3189.64,,16812.755,6725.101,71.327,20.343,64.89,64.89,1.224,9142.789,9144.013,149118.23,0.75,20,2800,600.6,181.892,1650.716,430.467,1248.757,318.747,1567.503,13.558,9122.185,1.368,9123.553,147967.479,200,256.702,326.638,39.219,0.01,10.604,7.41,8142.472,350,0.942,4075.8,14.9,1630.3,0,0,17.546,29.118,20.049,47.4,Burdekin,AyrDPI,Mulg,1960,Furrow,BareFallow,35,Surf1,200,140,LowFreq,0,P2R,15AprV1R4,T4,3400.6,3230.467,1832.608,2151.355,49.833,10.614,5.22497211703447,0.107681452603281,5.19356923076923,0.843955,31.896,999
1983,14/11/1983,318,1982,15-Apr,4,sugar,alive,4,396,1978,14/10/1982,105,0,0,318,1983,21,2039,7265.47,6516.7,5576.19,171.853,3082.59,,17048.354,6819.342,73.443,19.163,65.379,65.379,1.368,9122.185,9123.553,147967.479,0.744,21,2940,641.3,303.942,1763.281,359.31,1205.445,298.649,1504.094,12.386,9110.621,2.219,9112.84,146647.399,200,259.956,324.58,29.355,0.068,10.424,5.68,8550.419,350,0.944,4125.4,15.1,1650.2,0,0,18.667,29.098,20.164,95.4,Burdekin,AyrDPI,Mulg,1960,Furrow,BareFallow,35,Surf1,200,140,LowFreq,0,P2R,15AprV1R4,T4,3581.3,3299.31,2067.223,2365.872,39.847,10.492,5.20875577014588,0.1142568217146,5.06941002949853,0.859265,30.826,999
1984,14/04/1984,105,0,15-Apr,4,none,out,-1,0,1978,0.000,105,0,0,318,-1,21,2039,0,0,0,0,0,,17865.466,7146.186,75.414,0,75.362,75.362,2.219,9110.621,9112.84,146647.399,0.74,0,0,466.6,4.843,138.794,326.348,0,259.848,259.848,6.547,9203.726,16.556,9220.282,148823.01,0,0,20.481,0.341,0.001,0.219,0.057,4651.616,350,0,0.5,0,0.2,0,0,21.332,30.547,20.201,75.6,Burdekin,AyrDPI,Mulg,1960,Furrow,BareFallow,35,Surf1,200,140,LowFreq,0,P2R,15AprV1R4,T4,466.6,326.348,143.637,403.485,0.561,0.22,0,0,0,,0,999
1985,14/07/1985,195,1984,15-Apr,5,sugar,alive,0,456,1984,14/4/1984,105,0,0,318,1985,21,2039,8098.34,7292.06,6326.47,196.044,3493.93,,0,0,0,19.021,138.478,138.478,16.556,9203.726,9220.282,148823.01,0.741,19,2660,887.3,81.098,1827.312,652.211,1330.672,349.728,1680.401,35.747,9009.036,2.12,9011.157,144838.535,200,393.289,434.697,29.597,0.02,25.095,6.365,7309.599,350,0.97,5024.9,18.4,2010,0,0,17.323,28.325,18.585,111.4,Burdekin,AyrDPI,Mulg,1960,Furrow,BareFallow,35,Surf1,200,140,LowFreq,0,P2R,15AprV1R4,T4,3547.3,3312.211,1908.41,2258.138,54.712,25.115,5.91882582359638,0.11666501031599,6.30366559485531,0.98022,34.939,999
1986,21/08/1986,233,1985,15-Apr,5,sugar,alive,1,403,1984,14/7/1985,105,0,7,318,1986,14,2039,6904.03,6132.75,5277.51,161.571,2922.12,,19332.095,7732.838,96.566,19.345,96.968,96.968,2.12,9009.036,9011.157,144838.535,0.728,19,2660,721.3,99.765,1753.973,500.849,1217.698,307.487,1525.185,17.383,8992.724,1.408,8994.132,144806.729,200,266.906,320.873,20.293,0.016,15.405,4.202,6861.723,350,0.944,4130.5,15.1,1652.2,0,0,17.642,28.851,18.769,117.8,Burdekin,AyrDPI,Mulg,1960,Furrow,BareFallow,35,Surf1,200,140,LowFreq,0,P2R,15AprV1R4,T4,3381.3,3160.849,1853.738,2161.225,35.714,15.421,5.11163298215131,0.105935345548245,5.19520900321543,0.807855,29.221,999
1987,21/09/1987,264,1986,15-Apr,5,sugar,alive,2,396,1984,21/8/1986,105,0,7,325,1987,14,2046,6848.31,6096.6,5310.18,163.178,3039.33,,17336.32,6934.528,73.502,20.01,99.344,99.344,1.408,8992.724,8994.132,144806.729,0.727,21,2940,428.3,162.522,1614.13,339.154,1265.984,360.967,1626.95,13.279,8977.646,1.131,8978.777,144889.885,200,253.073,316.075,30.422,0.023,16.175,6.177,6804.314,350,0.946,4172.2,15.3,1668.9,0,0,18.229,29.611,19.722,44,Burdekin,AyrDPI,Mulg,1960,Furrow,BareFallow,35,Surf1,200,140,LowFreq,0,P2R,15AprV1R4,T4,3368.3,3279.154,1776.652,2137.619,46.62,16.198,4.97622252568803,0.100296874519807,4.81351032448378,0.81589,30.393,999
1988,20/10/1988,294,1987,15-Apr,5,sugar,alive,3,395,1984,21/9/1987,105,0,7,325,1988,14,2046,7012.95,6289.81,5391.22,166.432,3086.4,,16620.421,6648.167,70.203,19.91,64.042,64.042,1.131,8977.646,8978.777,144889.885,0.722,20,2800,967.6,256.48,1949.433,437.414,1229.446,328.022,1557.468,20.258,8968.529,1.362,8969.891,144961.52,200,246.738,313.276,35.726,0.036,11.022,6.876,6791.143,350,0.938,3964.1,14.5,1585.6,0,0,18.625,29.486,19.945,254,Burdekin,AyrDPI,Mulg,1960,Furrow,BareFallow,35,Surf1,200,140,LowFreq,0,P2R,15AprV1R4,T4,3767.6,3237.414,2205.913,2533.935,46.784,11.058,5.14089331793833,0.106860622497541,5.12098461538461,0.83216,30.864,999
1989,20/11/1989,324,1988,15-Apr,5,sugar,alive,4,396,1984,20/10/1988,105,0,7,325,1989,14,2046,6916.25,6204.38,5350.2,165.592,3061.23,,17154.132,6861.653,72.037,19.838,68.261,68.261,1.362,8968.529,8969.891,144961.52,0.718,18,2520,1397.6,312.027,2116.737,725.476,1144.281,340.502,1484.783,20.603,8965.748,1.562,8967.31,145130.541,200,230.28,309.812,47.788,0.053,9.466,8.969,6740.072,350,0.921,3620.2,13.3,1448.1,0,0,18.243,28.763,19.394,134.8,Burdekin,AyrDPI,Mulg,1960,Furrow,BareFallow,35,Surf1,200,140,LowFreq,0,P2R,15AprV1R4,T4,3917.6,3245.476,2428.764,2769.266,57.307,9.519,5.1022407807052,0.111526061384054,5.57548821548822,0.82796,30.612,999
1990,15/04/1990,105,0,15-Apr,5,none,out,-1,0,1984,0.000,105,0,7,325,-1,14,2046,0,0,0,0,0,,16388.641,6555.456,68.886,0,72.313,72.313,1.562,8965.748,8967.31,145130.541,0.714,0,0,834,77.216,383.724,390.242,0,188.552,188.552,17.048,9055.282,9.577,9064.859,147420.347,0,0,17.366,2.145,0.04,1.46,0.17,4199.208,350.082,0,0.6,0,0.3,0,0,21.475,31.303,21.741,97.8,Burdekin,AyrDPI,Mulg,1960,Furrow,BareFallow,35,Surf1,200,140,LowFreq,0,P2R,15AprV1R4,T4,834,390.242,460.94,649.492,3.645,1.5,0,0,0,,0,999
1991,15/07/1991,196,1990,15-Apr,6,sugar,alive,0,456,1990,15/4/1990,105,0,0,318,1991,21,2039,8179.51,7396.07,6364.37,197.868,3443.32,,0,0,0,18.505,256.823,256.823,9.577,9055.282,9064.859,147420.347,0.715,20,2800,2108.4,561.289,2811.095,553.104,1350.96,362.101,1713.061,54.043,8918.081,2.108,8920.189,144219.599,200,332.545,375.549,29.461,0.105,21.45,5.901,6531.194,351.999,0.961,4646,17,1858.4,0,0,16.949,28.084,18.281,204.4,Burdekin,AyrDPI,Mulg,1960,Furrow,BareFallow,35,Surf1,200,140,LowFreq,0,P2R,15AprV1R4,T4,4908.4,3353.104,3372.384,3734.485,51.016,21.555,5.90103975301691,0.115505519067914,6.08824615384615,0.98934,34.433,999
1992,14/08/1992,227,1991,15-Apr,6,sugar,alive,1,396,1990,15/7/1991,105,0,0,318,1992,21,2039,7140.69,6357.52,5558.03,170.935,3236.42,,19377.824,7751.129,86.594,20.388,79.779,79.779,2.108,8918.081,8920.189,144219.599,0.704,19,2660,638.1,152.872,1593.794,381.27,1251.194,315.59,1566.784,16.784,8912.992,1.09,8914.082,144244.351,200,263.765,311.721,17.386,0.039,6.858,3.646,6836.281,353.691,0.947,4195.7,15.4,1678.3,0,0,17.478,29.202,20.58,122.8,Burdekin,AyrDPI,Mulg,1960,Furrow,BareFallow,35,Surf1,200,140,LowFreq,0,P2R,15AprV1R4,T4,3298.1,3041.27,1746.666,2062.256,24.283,6.897,5.62051379851181,0.109099275969119,5.49630225080386,0.854675,32.364,999
1993,14/09/1993,257,1992,15-Apr,6,sugar,alive,2,396,1990,14/8/1992,105,0,0,318,1993,21,2039,7315.84,6558.26,5724.41,176.964,3559.82,,17018.958,6807.583,69.432,21.843,64.429,64.429,1.09,8912.992,8914.082,144244.351,0.704,21,2940,509.4,261.602,1573.959,337.579,1275.442,314.028,1589.469,13.854,8914.911,1.361,8916.272,144268.862,200,251.969,308.233,23.648,0.053,8.766,4.719,7176.409,355.421,0.929,3774.2,13.8,1509.7,0,0,17.925,29.002,20.185,72,Burdekin,AyrDPI,Mulg,1960,Furrow,BareFallow,35,Surf1,200,140,LowFreq,0,P2R,15AprV1R4,T4,3449.4,3277.579,1835.561,2149.589,32.467,8.819,5.39922912613243,0.111335294994744,5.22017699115044,0.88482,35.598,999
1994,14/10/1994,287,1993,15-Apr,6,sugar,alive,3,395,1990,14/9/1993,105,0,0,318,1994,21,2039,7448.2,6685.42,5899.89,182.457,3683.63,,16735.184,6694.074,66.374,21.933,88.799,88.799,1.361,8914.911,8916.272,144268.862,0.702,22,3080,381.5,213.374,1630.836,275.185,1315.031,321.439,1636.47,11.757,8911.539,1.295,8912.834,144286.657,200,250.02,309.219,20.986,0.041,21.063,4.267,7298.957,357.185,0.952,4342,15.9,1736.8,0,0,17.917,29.25,20.662,46.8,Burdekin,AyrDPI,Mulg,1960,Furrow,BareFallow,35,Surf1,200,140,LowFreq,0,P2R,15AprV1R4,T4,3461.5,3355.185,1844.21,2165.649,42.09,21.104,5.43806079247493,0.111494252873563,5.16875354107649,0.912285,36.836,999
1995,14/11/1995,318,1994,15-Apr,6,sugar,alive,4,396,1990,14/10/1994,105,0,0,318,1995,21,2039,7708.17,6893.03,6097.38,188.369,3757.23,,16851.347,6740.539,68.089,21.634,69.619,69.619,1.295,8911.539,8912.834,144286.657,0.698,21,2940,544.9,312.51,1596.815,343.911,1273.185,305.669,1578.854,11.827,8908.208,1.438,8909.646,144223.841,200,258.893,316.056,26.607,0.069,9.02,5.091,7586.276,358.982,0.95,4290.6,15.7,1716.2,0,0,19.239,29.375,20.713,55.2,Burdekin,AyrDPI,Mulg,1960,Furrow,BareFallow,35,Surf1,200,140,LowFreq,0,P2R,15AprV1R4,T4,3484.9,3283.911,1909.325,2214.994,35.696,9.089,5.73611769624695,0.119307421712204,5.55660766961652,0.941845,37.572,999
1996,14/04/1996,105,0,15-Apr,6,none,out,-1,0,1990,0.000,105,0,0,318,-1,21,2039,0,0,0,0,0,,17338.732,6935.493,69.225,0,66.339,66.339,1.438,8908.208,8909.646,144223.841,0.695,0,0,439.4,0.07,219.742,219.647,0,171.622,171.622,10.327,9007.967,10.203,9018.17,147077.066,0,0,11.783,0.057,0,0.085,0.025,4184.462,359.682,0.001,0.8,0,0.3,0,0,22.931,32.053,22.1,107,Burdekin,AyrDPI,Mulg,1960,Furrow,BareFallow,35,Surf1,200,140,LowFreq,0,P2R,15AprV1R4,T4,439.4,219.647,219.812,391.434,0.142,0.085,0,0,0,,0,999
1997,14/07/1997,195,1996,15-Apr,7,sugar,alive,0,456,1996,14/4/1996,105,0,0,318,1997,21,2039,9833.05,8887.71,7773.28,241.945,4560.78,,0,0,0,20.286,114.306,114.306,10.203,9007.967,9018.17,147077.066,0.696,21,2940,982.2,194.365,1950.139,523.251,1441.425,367.879,1809.304,33.601,8866.754,1.954,8868.707,142755.908,200,358.834,391.307,18.583,0.041,16.35,4.092,8121.572,361.813,0.981,5653.6,20.7,2261.4,0,0,18.701,28.609,19.693,116.8,Burdekin,AyrDPI,Mulg,1960,Furrow,BareFallow,35,Surf1,200,140,LowFreq,0,P2R,15AprV1R4,T4,3922.2,3463.251,2144.504,2512.383,34.974,16.391,6.98606598251181,0.133722691156378,7.13702064896755,1.209725,45.608,999
1998,14/08/1998,226,1997,15-Apr,7,sugar,alive,1,396,1996,14/7/1997,105,0,0,318,1998,21,2039,6810.59,6040.22,5387.58,165.6,3058.75,,22313.568,8925.427,91.48,19.819,82.7,82.7,1.954,8866.754,8868.707,142755.908,0.687,18,2520,943.5,144.776,1979.337,443.125,1003.361,328.132,1331.493,25.467,8871.036,1.345,8872.381,142428.106,200,260.529,311.902,14.266,0.064,9.569,3.003,7957.923,363.697,0.917,3557.9,13,1423.2,0,0,19.78,28.54,19.348,189.6,Burdekin,AyrDPI,Mulg,1960,Furrow,BareFallow,35,Surf1,200,140,LowFreq,0,P2R,15AprV1R4,T4,3463.5,2963.125,2124.113,2452.245,23.899,9.633,5.58869436827674,0.124371663989221,5.57575757575758,0.828,30.587,999
1999,14/09/1999,257,1998,15-Apr,7,sugar,alive,2,396,1996,14/8/1998,105,0,0,318,1999,21,2039,7591.75,6818.61,5971.75,184.737,3572.96,,15119.751,6047.901,57.522,20.889,90.594,90.594,1.345,8871.036,8872.381,142428.106,0.688,20,2800,1157.8,346.905,2135.924,675.282,1154.7,327.841,1482.54,17.128,8864.373,1.231,8865.604,141937.54,200,243.596,314.728,41.49,0.168,8.163,7.936,7642.878,365.614,0.939,4004.8,14.7,1601.9,0,0,19.672,28.665,19.051,112,Burdekin,AyrDPI,Mulg,1960,Furrow,BareFallow,35,Surf1,200,140,LowFreq,0,P2R,15AprV1R4,T4,3957.8,3475.282,2482.829,2810.67,49.821,8.331,5.31574128372892,0.124608442268,5.68421538461539,0.923685,35.73,999
2000,13/10/2000,287,1999,15-Apr,7,sugar,alive,3,395,1996,14/9/1999,105,0,0,318,2000,21,2039,7110.18,6385.8,5648.54,174.817,3403.69,,17174.128,6869.651,66.853,21.048,83.025,83.025,1.231,8864.373,8865.604,141937.54,0.685,18,2520,1485.1,467.392,2196.206,601.326,1061.453,305.799,1367.252,22.046,8873.044,1.363,8874.408,141767.346,200,240.218,301.874,28.345,0.144,10.377,5.418,7444.154,367.562,0.948,4223.2,15.5,1689.3,0,0,18.806,28.308,19.755,136,Burdekin,AyrDPI,Mulg,1960,Furrow,BareFallow,35,Surf1,200,140,LowFreq,0,P2R,15AprV1R4,T4,4005.1,3121.326,2663.598,2969.397,38.866,10.521,5.60072866467649,0.127860116496447,5.88609427609428,0.874085,34.037,999
2001,13/11/2001,317,2000,15-Apr,7,sugar,alive,4,396,1996,13/10/2000,105,0,0,318,2001,21,2039,7023.01,6258.22,5567.39,172.303,3537.68,,16013.657,6405.463,64.721,22.354,57.274,57.274,1.363,8873.044,8874.408,141767.346,0.683,21,2940,561.7,223.875,1674.852,412.02,1225.001,383.883,1608.884,18.197,8850.225,1.813,8852.038,140713.694,200,247.61,328.269,53.977,0.132,6.072,10.275,7999.313,369.549,0.93,3795.9,13.9,1518.3,0,0,18.326,29.448,20.344,52,Burdekin,AyrDPI,Mulg,1960,Furrow,BareFallow,35,Surf1,200,140,LowFreq,0,P2R,15AprV1R4,T4,3501.7,3352.02,1898.727,2282.61,60.181,6.204,5.14027362605235,0.107094731503328,5.08268436578171,0.861515,35.377,999
2002,15/04/2002,105,0,15-Apr,7,none,out,-1,0,1996,0.000,105,0,0,318,-1,21,2039,0,0,0,0,0,,15599.24,6239.695,65.377,0,51.363,51.363,1.813,8850.225,8852.038,140713.694,0.679,0,0,709.6,0.087,465.216,244.384,0,167.227,167.227,21.968,8951.493,6.362,8957.855,143418.059,0,0,6.902,0.08,0,0.171,0.017,3817.395,370.333,0,0.7,0,0.3,0,0,22.761,32.867,22.92,206,Burdekin,AyrDPI,Mulg,1960,Furrow,BareFallow,35,Surf1,200,140,LowFreq,0,P2R,15AprV1R4,T4,709.6,244.384,465.303,632.53,0.251,0.171,0,0,0,,0,999
2003,15/07/2003,196,2002,15-Apr,8,sugar,alive,0,456,2002,15/4/2002,105,0,0,318,2003,21,2039,8518.04,7604.28,6680.92,206.305,3991.28,,0,0,0,20.896,128.434,128.434,6.362,8951.493,8957.855,143418.059,0.681,22,3080,540.4,104.455,1763.204,338.564,1449.269,366.691,1815.96,32.036,8805.063,1.957,8807.02,137808.533,200,360.964,397.13,15.535,0.056,16.395,3.567,9235.929,372.685,0.973,5138.7,18.8,2055.5,0,0,17.497,29.369,20.058,51,Burdekin,AyrDPI,Mulg,1960,Furrow,BareFallow,35,Surf1,200,140,LowFreq,0,P2R,15AprV1R4,T4,3620.4,3418.564,1867.659,2234.35,31.986,16.451,6.03484387011623,0.113606577237384,5.8443342776204,1.031525,39.913,999
2004,14/08/2004,227,2003,15-Apr,8,sugar,alive,1,396,2002,15/7/2003,105,0,0,318,2004,21,2039,7397.29,6588.4,5756.79,177,3416.82,,19983.479,7993.392,87.786,20.844,65.218,65.218,1.957,8805.063,8807.02,137808.533,0.674,19,2660,730.8,117.234,1665.754,383.396,1292.119,312.083,1604.203,17.184,8794.932,1.123,8796.055,136374.133,200,270.947,320.506,18.516,0.097,6.362,3.861,8526.434,374.756,0.948,4228.8,15.5,1691.5,0,0,18.173,29.68,20.405,173.2,Burdekin,AyrDPI,Mulg,1960,Furrow,BareFallow,35,Surf1,200,140,LowFreq,0,P2R,15AprV1R4,T4,3390.8,3043.396,1782.988,2095.071,24.975,6.459,5.81587148041201,0.110335163317859,5.69131832797428,0.885,34.168,999
2005,14/09/2005,257,2004,15-Apr,8,sugar,alive,2,396,2002,14/8/2004,105,0,0,318,2005,21,2039,7503.36,6716.05,5833.22,179.5,3610.04,,17538.67,7015.468,70.947,21.837,68.827,68.827,1.123,8794.932,8796.055,136374.133,0.675,20,2800,741.5,239.667,1656.655,314.501,1337.833,300.278,1638.111,14.77,8790.069,1.213,8791.283,134975.71,200,265.367,320.418,19.925,0.161,8.74,4.045,8834.345,376.868,0.955,4432.2,16.2,1772.9,0,0,18.136,29.487,20.28,143.4,Burdekin,AyrDPI,Mulg,1960,Furrow,BareFallow,35,Surf1,200,140,LowFreq,0,P2R,15AprV1R4,T4,3541.5,3114.501,1896.322,2196.6,28.826,8.901,5.76336305559061,0.10957743400783,5.52307692307692,0.8975,36.1,999
2006,14/10/2006,287,2005,15-Apr,8,sugar,alive,3,395,2002,14/9/2005,105,0,0,318,2006,21,2039,7388.21,6654.47,5760.98,177.918,3347.84,,17963.572,7185.429,72.335,20.245,75.895,75.895,1.213,8790.069,8791.283,134975.71,0.673,20,2800,921,367.372,1811.232,450.852,1247.244,297.673,1544.917,15.35,8787.124,1.264,8788.387,133598.015,200,259.457,318.482,25.102,0.243,8.943,4.909,8857.506,379.015,0.956,4446.7,16.3,1778.7,0,0,18.775,29.419,19.891,178.4,Burdekin,AyrDPI,Mulg,1960,Furrow,BareFallow,35,Surf1,200,140,LowFreq,0,P2R,15AprV1R4,T4,3721,3250.852,2178.604,2476.277,34.288,9.186,5.47296524111218,0.115163468328719,5.4744,0.88959,33.478,999
2007,14/11/2007,318,2006,15-Apr,8,sugar,alive,4,396,2002,14/10/2006,105,0,0,318,2007,21,2039,7528.43,6721.72,5955.5,183.852,3687.04,,17611.227,7044.491,71.831,21.767,73.373,73.373,1.264,8787.124,8788.387,133598.015,0.671,20,2800,955.1,385.769,1839.127,436.005,1262.31,284.289,1546.6,15.718,8780.608,1.756,8782.364,132134.991,200,264.183,320.775,24.296,0.218,8.887,4.732,8916.324,381.199,0.956,4458.8,16.3,1783.5,0,0,18.14,28.848,20.087,130.2,Burdekin,AyrDPI,Mulg,1960,Furrow,BareFallow,35,Surf1,200,140,LowFreq,0,P2R,15AprV1R4,T4,3755.1,3236.005,2224.896,2509.185,33.401,9.105,5.68144981234578,0.11887495150653,5.65698461538462,0.91926,36.87,999
2008,14/04/2008,105,0,15-Apr,8,none,out,-1,0,2002,0.000,105,0,0,318,-1,21,2039,0,0,0,0,0,,17159.874,6863.95,72.933,0,56.978,56.978,1.756,8780.608,8782.364,132134.991,0.669,0,0,1182.4,140.901,663.284,481.256,0,283.698,283.698,31.44,8880.044,9.829,8889.872,134963.013,0,0,15.218,1.48,1.977,0.413,0.095,4126.649,382.048,0,0.4,0,0.2,0,0,22.044,31.03,20.031,108.2,Burdekin,AyrDPI,Mulg,1960,Furrow,BareFallow,35,Surf1,200,140,LowFreq,0,P2R,15AprV1R4,T4,1182.4,481.256,804.185,1087.883,3.87,2.39,0,0,0,,0,999
2009,14/07/2009,195,2008,15-Apr,9,sugar,alive,0,456,2008,14/4/2008,105,0,0,318,2009,21,2039,7927.12,7106.02,6181.39,190.993,3372.84,,0,0,0,18.821,151.496,151.496,9.829,8880.044,8889.872,134963.013,0.671,18,2520,1896.9,406.032,2490.031,638.028,1274.736,327.223,1601.959,39.52,8691.187,2.58,8693.767,129862.103,200,380.97,432.025,27.071,6.884,20.264,5.696,8456.937,384.628,0.969,4961.7,18.2,1984.7,0,0,17.681,28.658,18.107,197.2,Burdekin,AyrDPI,Mulg,1960,Furrow,BareFallow,35,Surf1,200,140,LowFreq,0,P2R,15AprV1R4,T4,4416.9,3158.028,2896.063,3223.286,54.219,27.148,6.0478564471246,0.119224649319989,6.43074074074074,0.954965,33.728,999
2010,15/08/2010,227,2009,15-Apr,9,sugar,alive,1,397,2008,14/7/2009,105,0,1,318,2010,20,2039,7399.44,6631.41,5693.72,175.548,3023.85,,19056.21,7622.485,91.708,18.287,70.375,70.375,2.58,8691.187,8693.767,129862.103,0.663,19,2660,1122.7,230.33,1976.812,526.935,1222.667,297.672,1520.339,22.485,8667.221,1.416,8668.637,129695.361,200,280.08,331.059,21.541,0.794,7.794,4.44,7019.906,386.909,0.936,3917.6,14.4,1567,0,0,18.369,29.252,18.952,135.2,Burdekin,AyrDPI,Mulg,1960,Furrow,BareFallow,35,Surf1,200,140,LowFreq,0,P2R,15AprV1R4,T4,3782.7,3186.935,2207.142,2504.814,30.129,8.588,5.50836461992479,0.1154663532278,5.64463022508039,0.87774,30.238,999
2011,15/09/2011,258,2010,15-Apr,9,sugar,alive,2,396,2008,15/8/2010,105,0,1,319,2011,20,2040,7116.1,6416.62,5582.73,173.177,3314.54,,17828.535,7131.414,74.812,20.642,125.594,125.594,1.416,8667.221,8668.637,129695.361,0.664,15,2100,1415.7,260.599,1853.99,791.974,1130.177,337.268,1467.445,17.578,8671.765,1.063,8672.828,129932.761,200,233.532,296.184,28.541,0.193,19.354,5.652,6783.888,389.221,0.935,3904.9,14.3,1562,0,0,18.099,28.358,17.742,81.4,Burdekin,AyrDPI,Mulg,1960,Furrow,BareFallow,35,Surf1,200,140,LowFreq,0,P2R,15AprV1R4,T4,3515.7,2891.974,2114.589,2451.857,48.088,19.547,5.98819353147712,0.118012600131521,6.79125490196079,0.865885,33.145,999
2012,14/10/2012,288,2011,15-Apr,9,sugar,alive,3,395,2008,15/9/2011,105,0,1,319,2012,20,2040,7478.87,6743.56,5880.28,182.118,3536.99,,16352.807,6541.124,68.113,20.988,59.26,59.26,1.063,8671.765,8672.828,129932.761,0.663,18,2520,1154.8,414.589,1715.093,566.794,1243.631,293.023,1536.654,12.038,8674.057,1.217,8675.274,130004.551,200,245.218,307.641,29.542,0.155,9.376,5.7,7034.231,391.564,0.955,4440.8,16.3,1776.3,0,0,18.088,28.804,19.379,197.4,Burdekin,AyrDPI,Mulg,1960,Furrow,BareFallow,35,Surf1,200,140,LowFreq,0,P2R,15AprV1R4,T4,3674.8,3086.794,2129.682,2422.705,39.073,9.531,5.89990780077971,0.118515944383056,6.13191919191919,0.91059,35.37,999
2013,14/11/2013,318,2012,15-Apr,9,sugar,alive,4,396,2008,14/10/2012,105,0,1,319,2013,20,2040,7599.07,6752.02,5996.6,184.651,3611.2,,17362.713,6945.085,72.085,21.155,67.725,67.725,1.217,8674.057,8675.274,130004.551,0.66,21,2940,546.6,160.591,1714.771,327.48,1317.276,294.316,1611.593,14.724,8667.203,1.645,8668.848,129869.438,200,267.143,321.852,20.985,0.082,9.339,4.178,7628.372,393.95,0.958,4518.3,16.6,1807.3,0,0,18.53,29.572,20.609,178.6,Burdekin,AyrDPI,Mulg,1960,Furrow,BareFallow,35,Surf1,200,140,LowFreq,0,P2R,15AprV1R4,T4,3486.6,3267.48,1875.362,2169.678,30.406,9.421,5.65117460550639,0.114576695232605,5.44693215339233,0.923255,36.112,999
2014,17/04/2014,107,0,15-Apr,9,none,out,-1,0,2008,0.000,107,2,1,321,-1,19,2040,0,0,0,0,0,,17461.539,6984.615,71.986,0,67.37,67.37,1.645,8667.203,8668.848,129869.438,0.658,0,0,632.6,7.733,215.149,415.219,0,216.48,216.48,9.969,8767.682,9.015,8776.698,132516.169,0,0,18.264,1.176,0.008,0.939,0.108,4338.063,394.896,0,0.6,0,0.2,0,0,21.992,31.178,20.601,86.2,Burdekin,AyrDPI,Mulg,1960,Furrow,BareFallow,35,Surf1,200,140,LowFreq,0,P2R,15AprV1R4,T4,632.6,415.219,222.882,439.362,2.123,0.947,0,0,0,,0,999
2015,17/07/2015,198,2014,15-Apr,10,sugar,alive,0,456,2014,17/4/2014,107,2,0,320,2015,19,2039,8679.27,7768.83,6794.62,210.175,4092.96,,0,0,0,21.053,260.61,260.61,9.015,8767.682,8776.698,132516.169,0.66,23,3220,448.8,196.969,1796.994,260.857,1483.935,365.51,1849.445,34.049,8602.67,1.994,8604.664,128561.136,200,369.451,412.225,24.686,0.752,18.603,5.168,7519.32,397.712,0.973,5181,19,2072.4,0,0,17.752,29.33,19.661,83.4,Burdekin,AyrDPI,Mulg,1960,Furrow,BareFallow,35,Surf1,200,140,LowFreq,0,P2R,15AprV1R4,T4,3668.8,3480.857,1993.963,2359.473,44.041,19.355,6.0380245439557,0.113642200768339,5.72683923705722,1.050875,40.93,999
2016,16/08/2016,229,2015,15-Apr,10,sugar,alive,1,396,2014,17/7/2015,107,2,0,320,2016,19,2039,7240.38,6429.78,5634.84,172.892,3298.14,,20423.364,8169.345,88.379,20.564,86.002,86.002,1.994,8602.67,8604.664,128561.136,0.651,20,2800,523.6,143.961,1596.111,372.009,1270.529,307.283,1577.812,15.322,8602.907,1.072,8603.98,128791.108,200,263.147,313.113,17.393,0.259,6.262,3.614,6995.923,400.186,0.945,4132.3,15.1,1652.9,0,0,18.819,29.827,19.384,43.6,Burdekin,AyrDPI,Mulg,1960,Furrow,BareFallow,35,Surf1,200,140,LowFreq,0,P2R,15AprV1R4,T4,3323.6,3172.009,1740.072,2047.355,23.914,6.521,5.45055200032535,0.109577059877856,5.31975384615385,0.86446,32.981,999
2017,16/09/2017,259,2016,15-Apr,10,sugar,alive,2,396,2014,16/8/2016,107,2,0,320,2017,19,2039,7042.95,6289.22,5436.02,167.28,3106.57,,17159.51,6863.804,67.237,19.942,91.719,91.719,1.072,8602.907,8603.98,128791.108,0.653,19,2660,873.2,280.193,1696.473,468.104,1262.436,314.097,1576.533,15.23,8603.178,1.162,8604.341,128861.996,200,249.648,306.442,25.299,0.075,10.289,4.934,7044.583,402.705,0.943,4089.6,15,1635.9,0,0,18.663,29.889,18.144,107.8,Burdekin,AyrDPI,Mulg,1960,Furrow,BareFallow,35,Surf1,200,140,LowFreq,0,P2R,15AprV1R4,T4,3533.2,3128.104,1976.666,2290.763,35.663,10.364,5.34764828790859,0.106106247062383,5.37877813504823,0.8364,31.066,999
2018,16/10/2018,289,2017,15-Apr,10,sugar,alive,3,395,2014,16/9/2017,107,2,0,320,2018,19,2039,6967.34,6267.88,5397.13,167.009,3165.34,,17135.054,6854.022,69.143,20.412,71.719,71.719,1.162,8603.178,8604.341,128861.996,0.651,21,2940,722.5,408.168,1698.77,359.091,1261.162,290.489,1551.651,15.122,8601.915,1.449,8603.364,128821.393,200,235.528,311.103,41.538,0.13,9.567,7.836,7066.527,405.261,0.926,3716.4,13.6,1486.6,0,0,18.071,29.621,18.354,130.4,Burdekin,AyrDPI,Mulg,1960,Furrow,BareFallow,35,Surf1,200,140,LowFreq,0,P2R,15AprV1R4,T4,3662.5,3299.091,2106.938,2397.427,51.235,9.697,5.06227321404593,0.107633095328782,4.9265191740413,0.835045,31.653,999
2019,16/11/2019,320,2018,15-Apr,10,sugar,alive,4,396,2014,16/10/2018,107,2,0,320,2019,19,2039,6641.08,5956.65,5072.67,156.616,2910.73,,16505.712,6602.286,67.013,19.96,75.631,75.631,1.449,8601.915,8603.364,128821.393,0.648,20,2800,1183.8,480.028,2068.338,432.761,1141.927,298.82,1440.747,11.743,8592.938,1.654,8594.593,128649.678,200,241.134,313.296,40.687,0.213,10.154,7.673,6983.97,407.856,0.92,3602.4,13.2,1441,0,0,18.556,29.691,17.571,92.8,Burdekin,AyrDPI,Mulg,1960,Furrow,BareFallow,35,Surf1,200,140,LowFreq,0,P2R,15AprV1R4,T4,3983.8,3232.761,2548.366,2847.186,51.054,10.367,4.84465136766993,0.108704720537332,4.81895384615385,0.78308,29.107,999
2020,14/04/2020,105,0,15-Apr,10,none,out,-1,0,2014,0.000,105,0,0,320,-1,19,2039,0,0,0,0,0,,16393.479,6557.391,69.49,0,70.318,70.318,1.654,8592.938,8594.593,128649.678,0.646,0,0,828,36.781,521.06,297.816,0,200.209,200.209,24.579,8693.719,5.136,8698.856,131640.472,0,0,5.962,0.221,0.044,0.157,0.02,3405.464,408.85,0,0.6,0,0.2,0,0,22.748,32.54,20.701,327.8,Burdekin,AyrDPI,Mulg,1960,Furrow,BareFallow,35,Surf1,200,140,LowFreq,0,P2R,15AprV1R4,T4,828,297.816,557.841,758.05,0.422,0.201,0,0,0,,0,999
2021,14/07/2021,195,2020,15-Apr,11,sugar,alive,0,456,2020,14/4/2020,105,0,0,318,2021,21,2039,7771.77,6958.37,6032.21,186.422,3361.35,,0,0,0,19.278,140.269,140.269,5.136,8693.719,8698.856,131640.472,0.648,20,2800,1238.2,301.531,2174.011,513.28,1256.053,356.635,1612.688,41.991,8545.348,1.99,8547.338,127643.671,200,337.943,391.726,23.726,1.163,27.051,4.962,7313.164,411.908,0.956,4470.9,16.4,1788.4,0,0,18.324,28.888,16.427,132.4,Burdekin,AyrDPI,Mulg,1960,Furrow,BareFallow,35,Surf1,200,140,LowFreq,0,P2R,15AprV1R4,T4,4038.2,3313.28,2475.542,2832.177,51.94,28.214,5.62650907861696,0.11559706527239,5.73606153846154,0.93211,33.614,999
1961,15/04/1961,105,0,15-Apr,0,none,out,-1,0,-1,0.000,105,0,0,318,-1,21,2039,0,0,0,0,0,,0,0,0,0,0,0,0,0,0,0,0.89,0,0,356.6,0,169.312,187.288,0,145.244,145.244,7.686,9503.047,38.678,9541.726,141817.536,0,0,36.967,1.808,0,0.521,0.325,1004.679,350,0.001,1.4,0,0.5,0,0,20.264,30.936,22.36,63.2,Burdekin,AyrDPI,Mulg,1961,Furrow,BareFallow,35,Surf1,200,140,LowFreq,0,P2R,15AprV1R4,T4,356.6,187.288,169.312,314.556,2.329,0.521,0,0,0,,0,999
1962,15/07/1962,196,1961,15-Apr,1,sugar,alive,0,456,1961,15/4/1961,105,0,0,318,1962,21,2039,8128.51,7299.6,6299.43,194.888,3460.94,,0,0,0,18.943,71.594,71.594,38.678,9503.047,9541.726,141817.536,0.884,20,2800,968.6,104.313,1870.664,655.131,1431.939,360.396,1792.335,33.165,9418.713,0.791,9419.503,141365.558,200,303.96,324.208,35.204,0,20.295,7.299,3594.492,350,0.979,5537.1,20.3,2214.8,0,0,16.561,28.834,19.605,102.1,Burdekin,AyrDPI,Mulg,1961,Furrow,BareFallow,35,Surf1,200,140,LowFreq,0,P2R,15AprV1R4,T4,3768.6,3455.131,1974.977,2335.373,55.499,20.295,5.6405386655383,0.1087341373125,5.99655384615385,0.97444,34.609,999
1963,18/08/1963,230,1962,15-Apr,1,sugar,alive,1,399,1961,15/7/1962,105,0,3,318,1963,18,2039,6537.84,5858.7,5033.31,154.923,2797.49,,20253.727,8101.491,93.958,19.31,72.883,72.883,0.791,9418.713,9419.503,141365.558,0.867,18,2520,1163.8,294.236,1843.555,657.968,1193.804,304.003,1497.807,17.674,9431.242,1.014,9432.256,142411.092,200,240.757,293.986,19.044,0.001,6.657,3.928,5669.323,350,0.925,3694.6,13.5,1477.8,0,0,17.096,28.908,18.959,91.9,Burdekin,AyrDPI,Mulg,1961,Furrow,BareFallow,35,Surf1,200,140,LowFreq,0,P2R,15AprV1R4,T4,3683.8,3177.968,2137.791,2441.794,25.702,6.658,4.87490748805526,0.103433219366714,5.21626262626263,0.774615,27.975,999
1964,17/09/1964,261,1963,15-Apr,1,sugar,alive,2,396,1961,18/8/1963,105,0,3,321,1964,18,2042,6530.75,5779.33,5033.9,153.568,2775.26,,15928.889,6371.556,65.078,19.328,121.085,121.085,1.014,9431.242,9432.256,142411.092,0.864,19,2660,554.3,303.363,1452.877,386.03,1236.516,285.58,1522.096,7.855,9419.273,1.097,9420.37,143354.974,200,255.551,310.99,20.05,0.001,17.896,4.077,5829.756,350,0.955,4420.1,16.2,1768,0,0,17.294,29.464,19.826,92.7,Burdekin,AyrDPI,Mulg,1961,Furrow,BareFallow,35,Surf1,200,140,LowFreq,0,P2R,15AprV1R4,T4,3214.3,3046.03,1756.24,2041.82,37.947,17.897,5.0415787106496,0.100892453564033,4.93787781350482,0.76784,27.753,999
1965,17/10/1965,290,1964,15-Apr,1,sugar,alive,3,395,1961,17/9/1964,105,0,3,321,1965,18,2042,7064.38,6381.58,5430.02,168.487,3093.29,,16480.307,6592.123,70.725,19.682,57.048,57.048,1.097,9419.273,9420.37,143354.974,0.857,20,2800,832.9,243.096,1798.87,436.612,1248.225,332.025,1580.25,16.308,9392.131,1.357,9393.489,144064.995,200,256.808,328.728,41.279,0.001,11.374,8.039,5948.283,350,0.927,3741.4,13.7,1496.6,0,0,17.504,29.121,19.961,107.4,Burdekin,AyrDPI,Mulg,1961,Furrow,BareFallow,35,Surf1,200,140,LowFreq,0,P2R,15AprV1R4,T4,3632.9,3236.612,2041.966,2373.991,52.654,11.375,5.20565949826547,0.106620471444392,5.18421538461538,0.842435,30.933,999
1966,20/11/1966,324,1965,15-Apr,1,sugar,alive,4,399,1961,17/10/1965,105,0,6,321,1966,15,2042,7052.18,6290.2,5397.86,166.527,3176.75,,17072.269,6828.908,76.289,20.564,67.733,67.733,1.357,9392.131,9393.489,144064.995,0.847,23,3220,469.4,189.332,1962.335,336.858,1183.142,321.292,1504.434,14.538,9366.447,1.86,9368.307,144863.521,200,256.922,332.426,42.693,0.002,11.388,8.152,6106.4,350,0.93,3806.2,14,1522.5,0,0,18.203,29.07,19.83,102.9,Burdekin,AyrDPI,Mulg,1961,Furrow,BareFallow,35,Surf1,200,140,LowFreq,0,P2R,15AprV1R4,T4,3689.4,3556.858,2151.667,2472.959,54.083,11.39,4.68185685231179,0.110690798001109,4.5375204359673,0.832635,31.767,999
1967,15/04/1967,105,0,15-Apr,1,none,out,-1,0,1961,0.000,105,0,6,324,-1,15,2045,0,0,0,0,0,,17296.942,6918.777,74.705,0,101.032,101.032,1.86,9366.447,9368.307,144863.521,0.838,0,0,493.9,0.037,265.477,228.418,0,195.864,195.864,12.505,9460.962,12.331,9473.293,148012.095,0,0,14.496,0.48,0,0.518,0.051,3456.037,350,0,0.7,0,0.3,0,0,21.476,31.313,21.477,154.9,Burdekin,AyrDPI,Mulg,1961,Furrow,BareFallow,35,Surf1,200,140,LowFreq,0,P2R,15AprV1R4,T4,493.9,228.418,265.514,461.378,0.998,0.518,0,0,0,,0,999
1968,14/07/1968,196,1967,15-Apr,2,sugar,alive,0,456,1967,15/4/1967,105,0,0,318,1968,21,2039,8480.4,7617.4,6633.11,205.454,3754.94,,0,0,0,19.58,133.556,133.556,12.331,9460.962,9473.293,148012.095,0.839,20,2800,1672.1,354.328,2460.297,638.044,1349.231,364.756,1713.987,42.891,9315.008,1.716,9316.724,145549.16,200,331.655,385.678,38.811,0.004,26.462,7.815,5928.349,350,0.972,5085.6,18.6,2034.2,0,0,17.786,28.252,19.122,187.9,Burdekin,AyrDPI,Mulg,1961,Furrow,BareFallow,35,Surf1,200,140,LowFreq,0,P2R,15AprV1R4,T4,4472.1,3438.044,2814.625,3179.381,65.277,26.466,5.97589792335409,0.1198690538493,6.32166153846154,1.02727,37.549,999
1969,14/08/1969,226,1968,15-Apr,2,sugar,alive,1,396,1967,14/7/1968,105,0,0,318,1969,21,2039,6625.53,5908.99,5036.17,154.673,2884.26,,20024.739,8009.896,89.666,20.036,77.043,77.043,1.716,9315.008,9316.724,145549.16,0.823,22,3080,219.9,116.622,1629.361,174.169,1227.638,321.022,1548.66,15.443,9298.26,1.254,9299.514,146092.3,200,267.875,320.972,23.318,0.001,6.638,4.77,6261.828,350,0.921,3621.3,13.3,1448.5,0,0,17.324,29.16,19.914,46.5,Burdekin,AyrDPI,Mulg,1961,Furrow,BareFallow,35,Surf1,200,140,LowFreq,0,P2R,15AprV1R4,T4,3299.9,3254.169,1745.983,2067.005,29.957,6.639,4.75307213608144,0.0998753761316235,4.38167138810198,0.773365,28.843,999
1970,14/09/1970,257,1969,15-Apr,2,sugar,alive,2,396,1967,14/8/1969,105,0,0,318,1970,21,2039,7256.44,6508.14,5573.96,171.428,3216.31,,16587.647,6635.06,69.237,20.177,82.301,82.301,1.254,9298.26,9299.514,146092.3,0.819,20,2800,670.4,258.1,1564.786,377.487,1346.342,309.257,1655.599,11.26,9280.041,1.195,9281.236,146852.303,200,264.964,326.845,30.391,0.003,9.278,5.928,6331.108,350,0.949,4255.4,15.6,1702.1,0,0,17.523,29.383,20.581,133.6,Burdekin,AyrDPI,Mulg,1961,Furrow,BareFallow,35,Surf1,200,140,LowFreq,0,P2R,15AprV1R4,T4,3470.4,3177.487,1822.886,2132.143,39.672,9.281,5.39508108137028,0.103544396922202,5.27470769230769,0.85714,32.163,999
1971,14/10/1971,287,1970,15-Apr,2,sugar,alive,3,395,1967,14/9/1970,105,0,0,318,1971,21,2039,7142.81,6427.38,5519.36,170.52,3118.89,,17918.13,7167.252,75.001,19.597,74.216,74.216,1.195,9280.041,9281.236,146852.303,0.811,18,2520,1222.9,254.343,1938.455,670.232,1242.186,316.081,1558.267,13.79,9270.959,1.243,9272.202,147775.612,200,252.127,319.254,33.646,0.003,11.334,6.516,6270.368,350,0.945,4146.1,15.2,1658.4,0,0,17.746,28.818,19.76,220,Burdekin,AyrDPI,Mulg,1961,Furrow,BareFallow,35,Surf1,200,140,LowFreq,0,P2R,15AprV1R4,T4,3742.9,3190.232,2192.798,2508.879,44.983,11.337,5.34506581339539,0.109429256988693,5.74141414141414,0.8526,31.189,999
1972,13/11/1972,318,1971,15-Apr,2,sugar,alive,4,396,1967,14/10/1971,105,0,0,318,1972,21,2039,7012.73,6302.72,5445.38,168.696,3203.61,,17323.52,6929.409,74.254,20.458,66.051,66.051,1.243,9270.959,9272.202,147775.612,0.805,20,2800,1329.1,464.513,2099.827,397.307,1258.9,317.255,1576.155,13.788,9266.22,1.532,9267.752,148304.912,200,243.658,316.364,37.364,0.11,10.228,7.132,6486.119,350,0.933,3855.5,14.1,1542.2,0,0,16.944,28.986,20.231,206.2,Burdekin,AyrDPI,Mulg,1961,Furrow,BareFallow,35,Surf1,200,140,LowFreq,0,P2R,15AprV1R4,T4,4129.1,3197.307,2564.34,2881.595,47.702,10.338,5.27619024385209,0.107030082701257,5.19064615384615,0.84348,32.036,999
1973,15/04/1973,105,0,15-Apr,2,none,out,-1,0,1967,0.000,105,0,0,318,-1,21,2039,0,0,0,0,0,,16599.694,6639.878,74.538,0,54.656,54.656,1.532,9266.22,9267.752,148304.912,0.798,0,0,912.7,64.192,440.849,451.295,0,273.475,273.475,20.885,9368.297,4.346,9372.644,152012.236,0,0,7.849,0.589,0.004,0.288,0.04,2885.423,350,0,0.4,0,0.2,0,0,21.686,30.85,20.736,108.5,Burdekin,AyrDPI,Mulg,1961,Furrow,BareFallow,35,Surf1,200,140,LowFreq,0,P2R,15AprV1R4,T4,912.7,451.295,505.041,778.516,0.881,0.292,0,0,0,,0,999
1974,15/07/1974,196,1973,15-Apr,3,sugar,alive,0,456,1973,15/4/1973,105,0,0,318,1974,21,2039,7670.38,6877.06,5996.45,185.183,3248.72,,0,0,0,18.678,188.84,188.84,4.346,9368.297,9372.644,152012.236,0.8,16,2240,2113.6,604.852,2293.745,847.873,1209.362,366.428,1575.79,38.869,9239.563,1.878,9241.44,148237.484,200,322.875,367.297,24.772,0.011,21.863,5.195,7064.174,350,0.968,4926.1,18,1970.4,0,0,17.929,28.237,17.62,152.9,Burdekin,AyrDPI,Mulg,1961,Furrow,BareFallow,35,Surf1,200,140,LowFreq,0,P2R,15AprV1R4,T4,4353.6,3087.873,2898.597,3265.025,46.646,21.874,5.99710545090423,0.117517562619385,6.88412639405204,0.925915,32.487,999
1975,15/08/1975,227,1974,15-Apr,3,sugar,alive,1,396,1973,15/7/1974,105,0,0,318,1975,21,2039,7118.6,6338.81,5459.05,167.877,3015.34,,18415.631,7366.254,90.597,19.193,68.052,68.052,1.878,9239.563,9241.44,148237.484,0.788,18,2520,723.8,156.231,1538.206,493.166,1202.115,334.093,1536.208,19.208,9216.845,1.571,9218.416,147898.351,200,268.886,321.065,25.892,0.005,7.493,5.272,6837.456,350,0.94,4019.6,14.7,1607.9,0,0,17.665,28.665,19.674,65,Burdekin,AyrDPI,Mulg,1961,Furrow,BareFallow,35,Surf1,200,140,LowFreq,0,P2R,15AprV1R4,T4,3243.8,3013.166,1694.437,2028.53,33.39,7.498,5.57144876850462,0.109280123524939,5.65242424242424,0.839385,30.153,999
1976,14/09/1976,258,1975,15-Apr,3,sugar,alive,2,396,1973,15/8/1975,105,0,0,318,1976,21,2039,6280.07,5632.18,4871.69,150.389,2815.49,,17522.89,7009.157,73.495,20.127,81.208,81.208,1.571,9216.845,9218.416,147898.351,0.785,16,2240,1963.5,575.966,2267.777,766.233,1039.515,340.692,1380.207,25.995,9212.998,1.26,9214.258,147955.038,200,225.42,302.786,38.966,0.016,21.056,7.556,6647.052,350,0.916,3534.8,13,1413.9,0,0,17.532,28.198,19.227,179.8,Burdekin,AyrDPI,Mulg,1961,Furrow,BareFallow,35,Surf1,200,140,LowFreq,0,P2R,15AprV1R4,T4,4203.5,3006.233,2843.743,3184.435,60.038,21.072,5.00257298752292,0.108961192053076,5.59066914498141,0.751945,28.155,999
1977,14/10/1977,287,1976,15-Apr,3,sugar,alive,3,395,1973,14/9/1976,105,0,0,318,1977,21,2039,7171.11,6467.37,5534.49,171.138,2982.34,,14975.842,5990.337,61.969,18.535,60.758,60.758,1.26,9212.998,9214.258,147955.038,0.78,19,2660,1378.2,324.458,2242.995,539.168,1151.294,310.159,1461.453,21.584,9195.412,1.3,9196.712,147570.869,200,255.341,317.5,32.434,0.011,11.531,6.287,7045.716,350,0.944,4117.4,15.1,1647,0,0,17.938,28.404,19.747,170.6,Burdekin,AyrDPI,Mulg,1961,Furrow,BareFallow,35,Surf1,200,140,LowFreq,0,P2R,15AprV1R4,T4,4038.2,3199.168,2567.453,2877.612,43.976,11.542,5.34945335787305,0.11710126839522,5.50282958199357,0.85569,29.823,999
1978,14/11/1978,318,1977,15-Apr,3,sugar,alive,4,396,1973,14/10/1977,105,0,0,318,1978,21,2039,7730.94,6966.16,6032.61,187.107,3596.46,,17411.112,6964.444,76.636,20.742,70.052,70.052,1.3,9195.412,9196.712,147570.869,0.773,20,2800,1000.1,361.805,1827.588,494.127,1260.765,310.169,1570.934,13.457,9184.709,1.875,9186.584,147222.37,200,255.721,321.188,33.15,0.013,10.113,6.478,7586.516,350,0.939,4003.3,14.7,1601.3,0,0,18.195,28.503,20.521,150.6,Burdekin,AyrDPI,Mulg,1961,Furrow,BareFallow,35,Surf1,200,140,LowFreq,0,P2R,15AprV1R4,T4,3800.1,3294.127,2189.393,2499.562,43.276,10.126,5.68001780137803,0.119105576682407,5.75713846153846,0.935535,35.965,999
1979,19/04/1979,109,0,15-Apr,3,none,out,-1,0,1973,0.000,109,4,0,322,-1,18,2039,0,0,0,0,0,,17838.535,7135.415,72.999,0,109.825,109.825,1.875,9184.709,9186.584,147222.37,0.768,0,0,1313.5,163.221,822.671,452.957,0,247.357,247.357,38.317,9277.241,11.087,9288.329,149842.936,0,0,19.364,1.816,0.021,1.607,0.136,4397.28,350,0,0.5,0,0.2,0,0,21.979,30.478,19.448,350.7,Burdekin,AyrDPI,Mulg,1961,Furrow,BareFallow,35,Surf1,200,140,LowFreq,0,P2R,15AprV1R4,T4,1313.5,452.957,985.892,1233.249,3.444,1.628,0,0,0,,0,999
1980,18/07/1980,200,1979,15-Apr,4,sugar,alive,0,456,1979,19/4/1979,109,4,0,322,1980,17,2039,8525.41,7603.81,6664.53,205.632,3753.87,,0,0,0,19.554,190.076,190.076,11.087,9277.241,9288.329,149842.936,0.768,21,2940,884.3,184.458,1996.097,493.52,1379.398,384.149,1763.547,37.619,9134.517,2.175,9136.692,144825.404,200,339.262,382.718,28.665,0.015,24.458,6.015,8504.016,350,0.979,5485.9,20.1,2194.4,0,0,17.794,28.5,19.664,86.4,Burdekin,AyrDPI,Mulg,1961,Furrow,BareFallow,35,Surf1,200,140,LowFreq,0,P2R,15AprV1R4,T4,3824.3,3433.52,2180.555,2564.704,53.138,24.473,5.98895594025956,0.116601372121072,6.0658407079646,1.02816,37.539,999
1981,18/08/1981,230,1980,15-Apr,4,sugar,alive,1,396,1979,18/7/1980,109,4,0,322,1981,17,2039,6853.78,6124.23,5266.87,162.066,2807.94,,20480.554,8192.222,91.054,18.411,70.274,70.274,2.175,9134.517,9136.692,144825.404,0.755,17,2380,1122.8,340.456,1734.366,556.658,1131.188,296.962,1428.15,19.389,9109.526,1.629,9111.155,144478.314,200,281.451,331.471,19.428,0.025,6.676,4.002,7258.144,350,0.932,3841,14.1,1536.4,0,0,17.711,28.113,19.149,104.8,Burdekin,AyrDPI,Mulg,1961,Furrow,BareFallow,35,Surf1,200,140,LowFreq,0,P2R,15AprV1R4,T4,3502.8,2936.658,2074.822,2371.784,26.129,6.701,5.51872230269919,0.113479676504569,5.72671378091873,0.81033,28.079,999
1982,18/09/1982,261,1981,15-Apr,4,sugar,alive,2,396,1979,18/8/1981,109,4,0,322,1982,17,2039,7053.17,6307.47,5429.75,166.969,3078.05,,16753.648,6701.459,71.998,19.775,70.102,70.102,1.629,9109.526,9111.155,144478.314,0.755,19,2660,592.4,184.631,1523.41,427.042,1248.89,303.452,1552.342,12.617,9078.552,1.282,9079.834,144371.494,200,277.477,336.773,29.555,0.025,9.816,5.74,7042.821,350,0.954,4400.9,16.1,1760.4,0,0,17.492,29.026,19.782,47.4,Burdekin,AyrDPI,Mulg,1961,Furrow,BareFallow,35,Surf1,200,140,LowFreq,0,P2R,15AprV1R4,T4,3252.4,3087.042,1708.041,2011.493,39.396,9.841,5.40870516176975,0.107559416674934,5.36877813504823,0.834845,30.781,999
1983,18/10/1983,291,1982,15-Apr,4,sugar,alive,3,395,1979,18/9/1982,109,4,0,322,1983,17,2039,7071.22,6302.75,5453.08,167.206,2975.91,,17539.853,7015.942,78.492,18.991,62.119,62.119,1.282,9078.552,9079.834,144371.494,0.75,20,2800,637.7,311.345,1640.631,395.14,1176.512,302.262,1478.774,11.758,9069.107,1.445,9070.552,144566.994,200,259.341,320.105,31.518,0.03,8.275,6.057,7016.755,350,0.96,4597.3,16.9,1838.9,0,0,18.328,28.931,20.105,95.4,Burdekin,AyrDPI,Mulg,1961,Furrow,BareFallow,35,Surf1,200,140,LowFreq,0,P2R,15AprV1R4,T4,3437.7,3195.14,1951.976,2254.238,39.823,8.305,5.23313532427374,0.113070692343793,5.1448,0.83603,29.759,999
1984,17/11/1984,322,1983,15-Apr,4,sugar,alive,4,396,1979,18/10/1983,109,4,0,322,1984,17,2039,7244.96,6466.22,5559.46,171.612,3265.3,,17661.86,7064.745,74.869,20.504,69.069,69.069,1.445,9069.107,9070.552,144566.994,0.746,22,3080,648.7,338.622,1849.291,460.07,1224.61,321.973,1546.583,14.085,9056.312,1.714,9058.026,144679.318,200,254.521,323.908,36.299,0.106,10.03,6.998,7057.555,350,0.925,3703.9,13.6,1481.6,0,0,17.924,28.788,19.569,75.6,Burdekin,AyrDPI,Mulg,1961,Furrow,BareFallow,35,Surf1,200,140,LowFreq,0,P2R,15AprV1R4,T4,3728.7,3540.07,2187.913,2509.886,46.435,10.136,4.84770075168005,0.110962036955016,4.86152974504249,0.85806,32.653,999
1985,15/04/1985,105,0,15-Apr,4,none,out,-1,0,1979,0.000,105,0,0,322,-1,17,2039,0,0,0,0,0,,17475.135,6990.055,76.243,0,63.271,63.271,1.714,9056.312,9058.026,144679.318,0.741,0,0,588.9,2.968,237.074,351.751,0,254.841,254.841,11.191,9154.564,9.519,9164.083,147648.271,0,0,14.334,0.769,0.001,0.629,0.069,3799.423,350,0,0.5,0,0.2,0,0,21.977,31.383,20.654,111.4,Burdekin,AyrDPI,Mulg,1961,Furrow,BareFallow,35,Surf1,200,140,LowFreq,0,P2R,15AprV1R4,T4,588.9,351.751,240.042,494.883,1.399,0.63,0,0,0,,0,999
1986,15/07/1986,196,1985,15-Apr,5,sugar,alive,0,456,1985,15/4/1985,105,0,0,318,1986,21,2039,7867.64,6982.39,6127.46,188.3,3351.53,,0,0,0,18.993,157.288,157.288,9.519,9154.564,9164.083,147648.271,0.742,21,2940,777.1,80.491,1974.751,518.742,1356.903,390.996,1747.899,40.727,8997.825,2.061,8999.886,143849.129,200,349.782,395.775,27.949,0.024,26.194,5.907,7214.76,350,0.973,5176.5,19,2070.6,0,0,17.312,28.527,18.417,117.8,Burdekin,AyrDPI,Mulg,1961,Furrow,BareFallow,35,Surf1,200,140,LowFreq,0,P2R,15AprV1R4,T4,3717.1,3458.742,2055.242,2446.238,54.167,26.218,5.44417594605206,0.107729336763738,5.55457227138643,0.9415,33.515,999
1987,15/08/1987,227,1986,15-Apr,5,sugar,alive,1,396,1985,15/7/1986,105,0,0,318,1987,21,2039,6788.35,6058.04,5212.23,160.412,3027.51,,19191.485,7676.594,91.158,20.314,71.248,71.248,2.061,8997.825,8999.886,143849.129,0.73,21,2940,497.8,128.304,1691.383,400.484,1234.34,373.395,1607.736,18.211,8975.284,1.216,8976.499,143661.495,200,257.132,325.535,40.791,0.036,5.806,8.062,6768.808,350,0.922,3652,13.4,1460.8,0,0,18.256,29.363,19.045,44,Burdekin,AyrDPI,Mulg,1961,Furrow,BareFallow,35,Surf1,200,140,LowFreq,0,P2R,15AprV1R4,T4,3437.8,3340.484,1819.687,2193.082,46.633,5.842,4.80205862384014,0.0997750874521688,4.73191740412979,0.80206,30.275,999
1988,14/09/1988,258,1987,15-Apr,5,sugar,alive,2,396,1985,15/8/1987,105,0,0,318,1988,21,2039,7013.32,6247.72,5374.21,164.643,3010.16,,16501.135,6600.454,68.073,19.588,81.626,81.626,1.216,8975.284,8976.499,143661.495,0.727,19,2660,972.6,278.309,1838.946,417.519,1235.437,295.11,1530.546,12.815,8973.775,1.012,8974.788,143929.899,200,251.84,307.255,24.083,0.043,9.614,4.777,6644.658,350,0.957,4497.4,16.5,1799,0,0,18.304,29.273,19.691,254,Burdekin,AyrDPI,Mulg,1961,Furrow,BareFallow,35,Surf1,200,140,LowFreq,0,P2R,15AprV1R4,T4,3632.6,3077.519,2117.255,2412.365,33.74,9.657,5.34986136560002,0.107571415690871,5.29398713826367,0.823215,30.102,999
1989,14/10/1989,287,1988,15-Apr,5,sugar,alive,3,395,1985,14/9/1988,105,0,0,318,1989,21,2039,6760.18,6034.8,5246.68,161.318,2836.34,,17755.262,7102.104,74.996,18.726,66.424,66.424,1.012,8973.775,8974.788,143929.899,0.724,17,2380,1381.8,394.592,1943.913,703.057,1132.364,298.196,1430.56,14.683,8975.326,1.219,8976.545,144164.278,200,238.956,305.825,33.673,0.065,10.711,6.387,6714.434,350,0.954,4386.2,16.1,1754.5,0,0,17.968,28.729,19.436,134.8,Burdekin,AyrDPI,Mulg,1961,Furrow,BareFallow,35,Surf1,200,140,LowFreq,0,P2R,15AprV1R4,T4,3761.8,3083.057,2338.505,2636.701,44.449,10.776,5.23240407167302,0.112765630242702,5.70028268551237,0.80659,28.363,999
1990,14/11/1990,318,1989,15-Apr,5,sugar,alive,4,396,1985,14/10/1989,105,0,0,318,1990,21,2039,7132.87,6456.1,5552.05,172.723,3261.68,,16593.015,6637.205,72.914,20.327,59.159,59.159,1.219,8975.326,8976.545,144164.278,0.72,19,2660,1278.8,491.521,1885.107,512.513,1239.377,314.472,1553.85,17.65,8971.72,1.597,8973.318,144153.092,200,239.674,307.861,37.103,0.079,10.591,7.101,6800.543,350.967,0.922,3652.3,13.4,1460.9,0,0,17.621,28.801,20.391,103,Burdekin,AyrDPI,Mulg,1961,Furrow,BareFallow,35,Surf1,200,140,LowFreq,0,P2R,15AprV1R4,T4,3938.8,3172.513,2376.628,2691.1,47.773,10.67,5.44435909324879,0.111158091192844,5.55379421221865,0.863615,32.617,999
1991,15/04/1991,105,0,15-Apr,5,none,out,-1,0,1985,0.000,105,0,0,318,-1,21,2039,0,0,0,0,0,,16541.482,6616.592,70.834,0,67.482,67.482,1.597,8971.72,8973.318,144153.092,0.716,0,0,1629.3,208.572,1135.298,427.736,0,213.678,213.678,53.518,9067.465,6.976,9074.441,147429.538,0,0,9.136,0.474,0.091,0.378,0.035,3315.169,351.612,0,0.4,0,0.2,0,0,21.649,30.595,18.903,204.4,Burdekin,AyrDPI,Mulg,1961,Furrow,BareFallow,35,Surf1,200,140,LowFreq,0,P2R,15AprV1R4,T4,1629.3,427.736,1343.87,1557.548,0.943,0.469,0,0,0,,0,999
1992,14/07/1992,196,1991,15-Apr,6,sugar,alive,0,456,1991,15/4/1991,105,0,0,318,1992,21,2039,8696.8,7850.73,6789.83,210.842,4099.76,,0,0,0,21.017,139.234,139.234,6.976,9067.465,9074.441,147429.538,0.718,22,3080,687,100.97,1883.078,446.264,1457.621,375.143,1832.764,34.438,8925.369,1.947,8927.316,143068.176,200,348.39,388.456,20.329,0.028,20.115,4.428,7968.127,353.56,0.965,4795.7,17.6,1918.3,0,0,17.261,28.993,19.887,122.8,Burdekin,AyrDPI,Mulg,1961,Furrow,BareFallow,35,Surf1,200,140,LowFreq,0,P2R,15AprV1R4,T4,3767,3526.264,1984.048,2359.191,40.472,20.143,5.97918930630265,0.115040452562359,5.9728611898017,1.05421,40.998,999
1993,14/08/1993,226,1992,15-Apr,6,sugar,alive,1,396,1991,14/7/1992,105,0,0,318,1993,21,2039,7249.42,6481.42,5622.99,173.688,3427.89,,20285.591,8114.235,86.761,21.375,89.423,89.423,1.947,8925.369,8927.316,143068.176,0.708,21,2940,482.2,138.611,1707.549,308.002,1249.918,327.457,1577.375,23.003,8919.091,1.169,8920.26,142905.278,200,265.889,314.656,16.873,0.052,7.75,3.518,7215.599,355.287,0.922,3649.4,13.4,1459.7,0,0,17.695,28.946,20.046,72,Burdekin,AyrDPI,Mulg,1961,Furrow,BareFallow,35,Surf1,200,140,LowFreq,0,P2R,15AprV1R4,T4,3422.2,3248.002,1846.16,2173.617,24.675,7.802,5.34753365299652,0.110112053253031,5.12353982300885,0.86844,34.279,999
1994,14/09/1994,257,1993,15-Apr,6,sugar,alive,2,396,1991,14/8/1993,105,0,0,318,1994,21,2039,7283.13,6543.25,5735.35,177.381,3421.91,,16926.58,6770.632,68.29,20.828,88.087,88.087,1.169,8919.091,8920.26,142905.278,0.708,21,2940,409.4,276.642,1480.127,287.649,1275.803,341.488,1617.291,12.721,8917.959,1.109,8919.068,142896.48,200,251.989,310.024,29.277,0.086,6.981,5.723,7208.031,357.048,0.946,4182.7,15.3,1673.1,0,0,17.914,29.028,20.251,46.8,Burdekin,AyrDPI,Mulg,1961,Furrow,BareFallow,35,Surf1,200,140,LowFreq,0,P2R,15AprV1R4,T4,3349.4,3227.649,1756.769,2098.257,36.344,7.067,5.49567192715193,0.109677850182806,5.23247787610619,0.886905,34.219,999
1995,14/10/1995,287,1994,15-Apr,6,sugar,alive,3,395,1991,14/9/1994,105,0,0,318,1995,21,2039,7550.41,6750.68,5971.17,184.065,3574.29,,16711.495,6684.598,67.834,20.985,63.427,63.427,1.109,8917.959,8919.068,142896.48,0.705,21,2940,510.2,349.979,1521.864,309.679,1268.669,306.339,1575.008,11.328,8917.586,1.21,8918.796,142810.772,200,257.568,314.319,23.087,0.077,9.69,4.523,7491.805,358.843,0.962,4674.1,17.1,1869.6,0,0,18.845,29.291,20.66,55.2,Burdekin,AyrDPI,Mulg,1961,Furrow,BareFallow,35,Surf1,200,140,LowFreq,0,P2R,15AprV1R4,T4,3450.2,3249.679,1871.843,2178.182,32.854,9.767,5.66409790013106,0.116866073061216,5.42964601769912,0.920325,35.743,999
1996,13/11/1996,318,1995,15-Apr,6,sugar,alive,4,396,1991,14/10/1995,105,0,0,318,1996,21,2039,8016.89,7195.98,6331.59,196.163,3986.8,,17396.522,6958.609,69.625,22.098,66.775,66.775,1.21,8917.586,8918.796,142810.772,0.702,23,3220,547.9,230.481,1868.917,324.815,1342.285,318.184,1660.469,13.437,8904.391,1.528,8905.919,142331.198,200,266.712,329.136,29.858,0.076,8.714,5.817,8106.971,360.666,0.946,4161.8,15.3,1664.7,0,0,19.503,29.755,20.901,107,Burdekin,AyrDPI,Mulg,1961,Furrow,BareFallow,35,Surf1,200,140,LowFreq,0,P2R,15AprV1R4,T4,3767.9,3544.815,2099.398,2417.582,38.648,8.79,5.53380077662727,0.118137104637304,5.34504087193461,0.980815,39.868,999
1997,15/04/1997,105,0,15-Apr,6,none,out,-1,0,1991,0.000,105,0,0,318,-1,21,2039,0,0,0,0,0,,17862.525,7145.01,70.542,0,74.807,74.807,1.528,8904.391,8905.919,142331.198,0.698,0,0,812.5,31.973,443.577,363.184,0,248.084,248.084,21,9012.782,3.728,9016.51,146195.769,0,0,5.715,0.27,0.039,0.239,0.022,3393.62,361.388,0,0.6,0,0.2,0,0,23.067,31.083,22.078,116.8,Burdekin,AyrDPI,Mulg,1961,Furrow,BareFallow,35,Surf1,200,140,LowFreq,0,P2R,15AprV1R4,T4,812.5,363.184,475.55,723.634,0.548,0.278,0,0,0,,0,999
1998,15/07/1998,196,1997,15-Apr,7,sugar,alive,0,456,1997,15/4/1997,105,0,0,318,1998,21,2039,9491.88,8508.86,7551.78,233.988,4262.8,,0,0,0,19.508,163.675,163.675,3.728,9012.782,9016.51,146195.769,0.699,20,2800,1035.5,85.318,2144.378,539.564,1321.213,368.536,1689.749,37.555,8885.276,2.228,8887.504,140901.038,200,338.312,381.627,15.905,0.089,20.148,3.536,9209.162,363.555,0.98,5615.3,20.6,2246.1,0,0,19.202,28.19,18.842,189.6,Burdekin,AyrDPI,Mulg,1961,Furrow,BareFallow,35,Surf1,200,140,LowFreq,0,P2R,15AprV1R4,T4,3835.5,3339.564,2229.696,2598.232,36.142,20.237,7.00654336913441,0.138475004275783,7.19963076923077,1.16994,42.628,999
1999,15/08/1999,227,1998,15-Apr,7,sugar,alive,1,396,1997,15/7/1998,105,0,0,318,1999,21,2039,7182,6401.76,5614.9,172.863,3337.91,,21263.944,8505.578,83.139,20.851,79.73,79.73,2.228,8885.276,8887.504,140901.038,0.694,17,2380,1153.6,215.085,1920.635,672.132,1075.62,329.874,1405.494,21.025,8879.553,1.197,8880.75,140317.106,200,264.063,314.274,17.554,0.093,10.052,3.582,8024.037,365.471,0.933,3870.7,14.2,1548.3,0,0,19.752,28.624,18.776,112,Burdekin,AyrDPI,Mulg,1961,Furrow,BareFallow,35,Surf1,200,140,LowFreq,0,P2R,15AprV1R4,T4,3533.6,3052.132,2135.72,2465.594,27.699,10.145,5.66368033885822,0.122990919918548,6.1082332155477,0.864315,33.379,999
2000,14/09/2000,258,1999,15-Apr,7,sugar,alive,2,396,1997,15/8/1999,105,0,0,318,2000,21,2039,7542.05,6748.99,5971.22,184.13,3475.54,,16610.498,6644.2,64.438,20.317,72.116,72.116,1.197,8879.553,8880.75,140317.106,0.694,17,2380,1493.5,509.453,1986.404,606.687,1098.103,285.143,1383.247,16.847,8889.668,1.252,8890.92,139993.125,200,249.41,298.499,19.699,0.141,9.066,3.955,7656.861,367.415,0.961,4641.2,17,1856.5,0,0,18.677,28.119,19.581,136,Burdekin,AyrDPI,Mulg,1961,Furrow,BareFallow,35,Surf1,200,140,LowFreq,0,P2R,15AprV1R4,T4,3873.5,2986.687,2495.857,2781,28.906,9.207,6.16502499257539,0.133114331713714,6.50636042402827,0.92065,34.755,999
2001,14/10/2001,287,2000,15-Apr,7,sugar,alive,3,395,1997,14/9/2000,105,0,0,318,2001,21,2039,7274.34,6538.81,5709.67,176.87,3630.51,,17297.099,6918.839,69.794,22.347,66.512,66.512,1.252,8889.668,8890.92,139993.125,0.692,22,3080,561.9,223.225,1840.6,398.765,1238.505,339.194,1577.699,16.521,8869.969,1.71,8871.68,138850.867,200,259.502,332.381,37.705,0.15,10.543,7.104,8460.598,369.4,0.937,3940.6,14.4,1576.3,0,0,17.987,29.181,20.23,52,Burdekin,AyrDPI,Mulg,1961,Furrow,BareFallow,35,Surf1,200,140,LowFreq,0,P2R,15AprV1R4,T4,3641.9,3478.765,2063.825,2403.019,48.398,10.693,5.08427559780554,0.112106301645624,5.01048158640227,0.88435,36.305,999
2002,14/11/2002,318,2001,15-Apr,7,sugar,alive,4,396,1997,14/10/2001,105,0,0,318,2002,21,2039,7795.69,6984.19,6128.34,189.396,3822.78,,16649.228,6659.691,67.871,21.926,66.888,66.888,1.71,8869.969,8871.68,138850.867,0.689,21,2940,810.4,203.681,1840.619,306.5,1426.368,292.438,1718.806,23.07,8846.141,1.512,8847.653,137655.791,200,278.126,334.181,26.662,0.134,9.806,5.163,8556.189,371.419,0.963,4718.7,17.3,1887.5,0,0,18.495,30.339,21.474,206,Burdekin,AyrDPI,Mulg,1961,Furrow,BareFallow,35,Surf1,200,140,LowFreq,0,P2R,15AprV1R4,T4,3750.4,3246.5,2044.3,2336.738,36.602,9.94,5.83385184044355,0.110190446158554,5.58690265486726,0.94698,38.228,999
2003,15/04/2003,105,0,15-Apr,7,none,out,-1,0,1997,0.000,105,0,0,318,-1,21,2039,0,0,0,0,0,,18183.343,7273.337,79.427,0,54.182,54.182,1.512,8846.141,8847.653,137655.791,0.685,0,0,414.2,3.948,173.605,240.586,0,152.985,152.985,8.08,8957.888,3.062,8960.95,141301.634,0,0,3.306,0.099,0.011,0.054,0.01,3447.894,372.211,0.001,1,0,0.4,0,0,21.861,31.873,22.582,51,Burdekin,AyrDPI,Mulg,1961,Furrow,BareFallow,35,Surf1,200,140,LowFreq,0,P2R,15AprV1R4,T4,414.2,240.586,177.553,330.538,0.164,0.065,0,0,0,,0,999
2004,14/07/2004,196,2003,15-Apr,8,sugar,alive,0,456,2003,15/4/2003,105,0,0,318,2004,21,2039,8749.4,7836.48,6864.54,212.203,4226.7,,0,0,0,21.599,137.845,137.845,3.062,8957.888,8960.95,141301.634,0.686,21,2940,747.8,63.614,1867.407,421.82,1456.778,364.446,1821.224,31.014,8814.963,2.097,8817.061,134223.951,200,359.916,399.033,13.633,0.084,13.714,3.067,10849.852,374.595,0.97,5017.2,18.4,2006.9,0,0,18.211,29.555,19.63,173.2,Burdekin,AyrDPI,Mulg,1961,Furrow,BareFallow,35,Surf1,200,140,LowFreq,0,P2R,15AprV1R4,T4,3687.8,3361.82,1931.021,2295.467,27.431,13.798,6.31214639689216,0.116516694267152,6.25967551622419,1.061015,42.267,999
2005,15/08/2005,227,2004,15-Apr,8,sugar,alive,1,397,2003,14/7/2004,105,0,1,318,2005,20,2039,7391.84,6599.03,5714.54,175.777,3465.99,,20285.941,8114.377,84.939,21.353,73.402,73.402,2.097,8814.963,8817.061,134223.951,0.681,21,2940,746.3,128.437,1846.721,306.938,1321.572,327.301,1648.873,17.937,8795.702,1.483,8797.186,132253.316,200,281.152,332.025,16.914,0.139,7.419,3.585,9229.548,376.709,0.934,3893.6,14.3,1557.5,0,0,17.863,29.438,20.179,143.4,Burdekin,AyrDPI,Mulg,1961,Furrow,BareFallow,35,Surf1,200,140,LowFreq,0,P2R,15AprV1R4,T4,3686.3,3246.938,1975.158,2302.459,24.472,7.558,5.4136235431659,0.106604329138751,5.18516224188791,0.878885,34.66,999
2006,15/09/2006,258,2005,15-Apr,8,sugar,alive,2,396,2003,15/8/2005,105,0,1,319,2006,20,2040,7283.97,6496.44,5655.53,173.485,3216.98,,17566.675,7026.67,71.145,19.908,135.671,135.671,1.483,8795.702,8797.186,132253.316,0.682,20,2800,922.8,423.307,1843.417,450.694,1226.788,293.832,1520.62,12.842,8772.409,1.315,8773.724,131701.229,200,276.979,332.789,17.189,1.33,17.571,3.463,7954.796,378.854,0.961,4652.7,17,1861.1,0,0,18.708,29.299,19.69,178.4,Burdekin,AyrDPI,Mulg,1961,Furrow,BareFallow,35,Surf1,200,140,LowFreq,0,P2R,15AprV1R4,T4,3722.8,3250.694,2266.724,2560.556,36.09,18.901,5.33686037504607,0.114088332390735,5.338,0.867425,32.17,999
2007,15/10/2007,288,2006,15-Apr,8,sugar,alive,3,395,2003,15/9/2006,105,0,1,319,2007,20,2040,7516.59,6757.01,5923.06,183.3,3537.16,,17796.58,7118.632,74.482,20.835,71.128,71.128,1.315,8772.409,8773.724,131701.229,0.68,20,2800,956.9,410.255,1794.088,440.169,1262.678,287.818,1550.496,21.791,8761.399,1.722,8763.122,131414.096,200,267.131,327.57,25.214,1.05,9.579,4.872,7776.191,381.035,0.947,4195.1,15.4,1678.1,0,0,17.775,28.663,19.963,130.2,Burdekin,AyrDPI,Mulg,1961,Furrow,BareFallow,35,Surf1,200,140,LowFreq,0,P2R,15AprV1R4,T4,3756.9,3240.169,2204.343,2492.161,35.843,10.629,5.65711232963466,0.118220234041236,5.64,0.9165,35.372,999
2008,14/11/2008,319,2007,15-Apr,8,sugar,alive,4,396,2003,15/10/2007,105,0,1,319,2008,20,2040,7478.94,6655.61,5869.74,181.146,3593.19,,17110.889,6844.356,71.535,21.498,73.19,73.19,1.722,8761.399,8763.122,131414.096,0.678,20,2800,1306.2,442.045,2136.268,548.075,1248.054,294.076,1542.13,16.996,8751.282,1.644,8752.926,131188.759,200,258.816,322.384,30.831,0.654,10.44,5.784,7543.438,383.246,0.951,4314.4,15.8,1725.8,0,0,18.192,29.022,19.643,108.2,Burdekin,AyrDPI,Mulg,1961,Furrow,BareFallow,35,Surf1,200,140,LowFreq,0,P2R,15AprV1R4,T4,4106.2,3348.075,2578.313,2872.389,41.925,11.094,5.41045227481463,0.117464805172067,5.57372307692308,0.90573,35.932,999
2009,17/04/2009,107,0,15-Apr,8,none,out,-1,0,2003,0.000,107,2,1,321,-1,19,2040,0,0,0,0,0,,17345.419,6938.168,76.504,0,58.947,58.947,1.644,8751.282,8752.926,131188.759,0.675,0,0,1763,212.54,1098.234,568.951,0,299.058,299.058,52.265,8855.455,6.496,8861.951,134283.622,0,0,13.359,0.992,0.176,0.63,0.069,3849.912,384.125,0,0.3,0,0.1,0,0,22.843,31.287,18.416,197.2,Burdekin,AyrDPI,Mulg,1961,Furrow,BareFallow,35,Surf1,200,140,LowFreq,0,P2R,15AprV1R4,T4,1763,568.951,1310.774,1609.832,1.798,0.806,0,0,0,,0,999
2010,17/07/2010,198,2009,15-Apr,9,sugar,alive,0,456,2009,17/4/2009,107,2,0,320,2010,19,2039,8544.78,7660.45,6691.5,206.603,3764.9,,0,0,0,19.514,212.116,212.116,6.496,8855.455,8861.951,134283.622,0.677,21,2940,1076.8,284.181,2137.079,502.68,1398.481,329.604,1728.085,31.316,8690.083,2.303,8692.386,129838.747,200,378.513,413.71,16.797,0.766,15.403,3.698,8058.808,386.745,0.978,5456.6,20,2182.6,0,0,17.917,29.042,18.607,135.2,Burdekin,AyrDPI,Mulg,1961,Furrow,BareFallow,35,Surf1,200,140,LowFreq,0,P2R,15AprV1R4,T4,4016.8,3442.68,2421.26,2750.864,32.966,16.169,6.00122578921073,0.119556040356811,6.09448377581121,1.033015,37.649,999
2011,17/08/2011,229,2010,15-Apr,9,sugar,alive,1,396,2009,17/7/2010,107,2,0,320,2011,19,2039,7343.54,6565.38,5724.48,176.909,3235.3,,20390.951,8156.38,91.784,19.594,79.571,79.571,2.303,8690.083,8692.386,129838.747,0.669,14,1960,1470.7,183.043,1796.163,846.922,1143.871,322.419,1466.289,25.226,8683.839,1.143,8684.982,130019.267,200,258.729,312.261,22.283,0.398,9.566,4.571,6670.689,389.054,0.94,4021.8,14.7,1608.7,0,0,18.162,28.317,17.469,81.4,Burdekin,AyrDPI,Mulg,1961,Furrow,BareFallow,35,Surf1,200,140,LowFreq,0,P2R,15AprV1R4,T4,3430.7,2806.922,1979.206,2301.625,32.247,9.964,6.3025976496675,0.120650840318655,7.340622406639,0.884545,32.353,999
2012,16/09/2012,260,2011,15-Apr,9,sugar,alive,2,396,2009,17/8/2011,107,2,0,320,2012,19,2039,7304.21,6569.17,5732.3,177.103,3457.29,,17180.521,6872.209,73.401,21.111,64.776,64.776,1.143,8683.839,8684.982,130019.267,0.67,17,2380,1155.4,444.962,1578.449,570.077,1222.189,286.888,1509.077,9.864,8693.944,0.956,8694.899,130316.627,200,246.651,300.439,21.932,0.087,8.604,4.327,6877.171,391.394,0.954,4385.4,16.1,1754.2,0,0,17.848,28.672,19.141,197.4,Burdekin,AyrDPI,Mulg,1961,Furrow,BareFallow,35,Surf1,200,140,LowFreq,0,P2R,15AprV1R4,T4,3535.4,2950.077,2023.411,2310.299,30.623,8.691,6.00333482820957,0.117358491316215,6.25805653710247,0.885515,34.573,999
2013,16/10/2013,289,2012,15-Apr,9,sugar,alive,3,395,2009,16/9/2012,107,2,0,320,2013,19,2039,7402.78,6588.77,5868.68,180.69,3452.91,,17088.902,6835.561,70.616,20.605,67.689,67.689,0.956,8693.944,8694.899,130316.627,0.669,21,2940,530.8,208.825,1696.64,309.821,1281.984,293.246,1575.23,14.331,8692.027,1.436,8693.463,130241.735,200,260.972,314.628,20.502,0.056,10.051,4.063,7492.591,393.777,0.958,4519.5,16.6,1807.8,0,0,18.317,29.434,20.455,178.6,Burdekin,AyrDPI,Mulg,1961,Furrow,BareFallow,35,Surf1,200,140,LowFreq,0,P2R,15AprV1R4,T4,3470.8,3249.821,1905.465,2198.711,30.609,10.107,5.55999853530395,0.114707058651752,5.33008849557522,0.90345,34.529,999
2014,16/11/2014,320,2013,15-Apr,9,sugar,alive,4,396,2009,16/10/2013,107,2,0,320,2014,19,2039,7431.39,6647.98,5854.78,180.909,3526.63,,16881.432,6752.573,69.35,21.078,57.794,57.794,1.436,8692.027,8693.463,130241.735,0.667,21,2940,733,314.769,1817.642,405.923,1243.744,296.807,1540.551,17.527,8691.243,1.468,8692.711,130225.351,200,249.794,312.849,31.191,0.119,9.252,6.119,7308.432,396.198,0.953,4362.5,16,1745,0,0,18.145,29.123,20.248,86.2,Burdekin,AyrDPI,Mulg,1961,Furrow,BareFallow,35,Surf1,200,140,LowFreq,0,P2R,15AprV1R4,T4,3673,3345.923,2132.411,2429.218,40.562,9.371,5.40684887249348,0.117431360597604,5.33654867256637,0.904545,35.266,999
2015,15/04/2015,105,0,15-Apr,9,none,out,-1,0,2009,0.000,105,0,0,320,-1,19,2039,0,0,0,0,0,,17109.199,6843.68,72.311,0,57.833,57.833,1.468,8691.243,8692.711,130225.351,0.665,0,0,344,0.084,148.074,195.917,0,144.739,144.739,6.925,8790.993,9.02,8800.013,133097.073,0,0,9.461,0.056,0,0.066,0.021,3995.274,397.132,0.001,0.9,0,0.3,0,0,22.749,32.703,22.215,83.4,Burdekin,AyrDPI,Mulg,1961,Furrow,BareFallow,35,Surf1,200,140,LowFreq,0,P2R,15AprV1R4,T4,344,195.917,148.158,292.897,0.122,0.066,0,0,0,,0,999
2016,14/07/2016,196,2015,15-Apr,10,sugar,alive,0,456,2015,15/4/2015,105,0,0,318,2016,21,2039,8722.11,7813.24,6847.84,211.908,4080.9,,0,0,0,20.787,108.937,108.937,9.02,8790.993,8800.013,133097.073,0.666,22,3080,505.2,55.332,1730.446,393.806,1459.449,358.478,1817.927,31.811,8617.983,2.089,8620.072,128750.237,200,383.112,423.056,20.352,0.401,18.233,4.48,7987.973,399.981,0.971,5041.2,18.5,2016.5,0,0,18.496,29.812,19.085,43.6,Burdekin,AyrDPI,Mulg,1961,Furrow,BareFallow,35,Surf1,200,140,LowFreq,0,P2R,15AprV1R4,T4,3585.2,3473.806,1785.778,2144.256,38.986,18.634,6.10016794259668,0.116565736687997,6.00305949008499,1.05954,40.809,999
2017,14/08/2017,226,2016,15-Apr,10,sugar,alive,1,396,2015,14/7/2016,105,0,0,318,2017,21,2039,7014.12,6244.73,5383.12,165.594,3019.19,,20216.324,8086.53,90.243,19.526,90.434,90.434,2.089,8617.983,8620.072,128750.237,0.658,18,2520,912.2,147.892,1731.106,547.128,1236.641,324.48,1561.121,18.162,8611.782,1.097,8612.88,128894.411,200,259.101,312.041,22.274,0.294,9.666,4.521,6786.51,402.497,0.928,3757.4,13.8,1502.9,0,0,18.713,29.611,17.608,107.8,Burdekin,AyrDPI,Mulg,1961,Furrow,BareFallow,35,Surf1,200,140,LowFreq,0,P2R,15AprV1R4,T4,3432.2,3067.128,1878.998,2203.478,32.234,9.96,5.39899215161545,0.106073776472163,5.57555555555556,0.82797,30.192,999
2018,14/09/2018,257,2017,15-Apr,10,sugar,alive,2,396,2015,14/8/2017,105,0,0,318,2018,21,2039,7027.69,6328.93,5446.52,168.357,3161.93,,17057.274,6822.91,69.687,20.201,82.515,82.515,1.097,8611.782,8612.88,128894.411,0.659,21,2940,718.7,348.145,1752.956,361.714,1262.8,294.003,1556.803,14.093,8616.792,1.263,8618.055,129038.612,200,237.939,305.92,33.28,0.091,9.217,6.352,6928.198,405.05,0.926,3717.6,13.6,1487,0,0,17.808,29.585,18.303,130.4,Burdekin,AyrDPI,Mulg,1961,Furrow,BareFallow,35,Surf1,200,140,LowFreq,0,P2R,15AprV1R4,T4,3658.7,3301.714,2101.101,2395.104,42.588,9.308,5.09907884208021,0.108142777217156,4.96628318584071,0.841785,31.619,999
2019,14/10/2019,287,2018,15-Apr,10,sugar,alive,3,395,2015,14/9/2018,105,0,0,318,2019,21,2039,6238.46,5514.07,4785.64,145.892,2508.74,,16599.86,6639.944,66.598,18.251,83.312,83.312,1.263,8616.792,8618.055,129038.612,0.656,19,2660,1183,422.533,2079.822,485.887,1088.783,280.744,1369.527,22.888,8618.444,1.326,8619.77,129099.569,200,241.227,303.878,29.951,0.109,10.641,5.756,6819.058,407.641,0.952,4340.2,15.9,1736.1,0,0,18.354,29.528,17.422,92.8,Burdekin,AyrDPI,Mulg,1961,Furrow,BareFallow,35,Surf1,200,140,LowFreq,0,P2R,15AprV1R4,T4,3843,3145.887,2502.355,2783.099,40.701,10.75,4.63754737535074,0.106527290078983,4.69106109324759,0.72946,25.087,999
2020,13/11/2020,318,2019,15-Apr,10,sugar,alive,4,396,2015,14/10/2019,105,0,0,318,2020,21,2039,7259.97,6442.93,5616.38,172.09,3152.77,,16038.096,6415.238,72.287,19.634,54.429,54.429,1.326,8618.444,8619.77,129099.569,0.655,20,2800,1074.7,325.681,2000.761,394.536,1270.428,268.371,1538.799,14.021,8607.583,1.404,8608.987,128931.909,200,260.431,317.127,26.347,0.155,10.425,5.171,7080.207,410.264,0.965,4770.2,17.5,1908.1,0,0,18.85,29.943,18.904,327.8,Burdekin,AyrDPI,Mulg,1961,Furrow,BareFallow,35,Surf1,200,140,LowFreq,0,P2R,15AprV1R4,T4,3874.7,3194.536,2326.442,2594.813,36.927,10.58,5.38701082097682,0.111833969218852,5.29507692307692,0.86045,31.528,999
2021,15/04/2021,105,0,15-Apr,10,none,out,-1,0,2015,0.000,105,0,0,318,-1,21,2039,0,0,0,0,0,,18025.125,7210.05,78.768,0,63.887,63.887,1.404,8607.583,8608.987,128931.909,0.652,0,0,902,51.184,519.011,365.581,0,238.399,238.399,24.387,8707.743,5.227,8712.97,132134.26,0,0,7.775,0.392,0.058,0.335,0.033,3451.036,411.3,0,0.5,0,0.2,0,0,22.604,31.422,17.953,132.4,Burdekin,AyrDPI,Mulg,1961,Furrow,BareFallow,35,Surf1,200,140,LowFreq,0,P2R,15AprV1R4,T4,902,365.581,570.195,808.594,0.785,0.393,0,0,0,,0,999
1957,15/04/1957,105,0,15-Apr,0,none,out,-1,0,-1,0.000,105,0,0,318,-1,21,2039,0,0,0,0,0,,0,0,0,0,0,0,0,0,0,0,0.89,0,0,534.4,0,252.969,281.431,0,194.312,194.312,11.636,9502.427,36.289,9538.715,141769.607,0,0,38.346,4.39,0,0.953,0.776,1052.792,350,0.001,1,0,0.4,0,0,21.346,30.448,18.588,77.7,Burdekin,AyrDPI,Mulg,1957,Furrow,BareFallow,35,Surf1,200,140,LowFreq,0,P2R,15AprV1R4,T4,534.4,281.431,252.969,447.281,5.343,0.953,0,0,0,,0,999
1958,15/07/1958,196,1957,15-Apr,1,sugar,alive,0,456,1957,15/4/1957,105,0,0,318,1958,21,2039,7664.94,6874.18,5956.88,184.103,3247.87,,0,0,0,18.799,116.669,116.669,36.289,9502.427,9538.715,141769.607,0.884,20,2800,1061.7,199.505,2017.721,561.173,1313.384,367.196,1680.58,34.526,9413.098,0.813,9413.911,141229.685,200,295.533,324.872,40.663,0.08,24.338,8.368,3568.801,350,0.975,5280.6,19.3,2112.2,0,0,17.416,28.757,18.932,136.1,Burdekin,AyrDPI,Mulg,1957,Furrow,BareFallow,35,Surf1,200,140,LowFreq,0,P2R,15AprV1R4,T4,3861.7,3361.173,2217.226,2584.422,65.081,24.418,5.47734377254607,0.109547299146723,5.66470769230769,0.920515,32.479,999
1959,15/08/1959,227,1958,15-Apr,1,sugar,alive,1,396,1957,15/7/1958,105,0,0,318,1959,21,2039,6634.07,5916.77,5110.4,157.108,2896.32,,19007.012,7602.805,90.668,19.775,80.564,80.564,0.813,9413.098,9413.911,141229.685,0.867,18,2520,875.3,215.844,1720.218,487.688,1143.935,310.344,1454.279,16.023,9427.175,0.818,9427.993,142367.737,200,235.991,287.047,19.88,0.001,7.031,4.103,5295.24,350,0.938,3966.9,14.5,1586.8,0,0,16.869,28.466,19.548,162.8,Burdekin,AyrDPI,Mulg,1957,Furrow,BareFallow,35,Surf1,200,140,LowFreq,0,P2R,15AprV1R4,T4,3395.3,3007.688,1936.062,2246.406,26.912,7.032,5.22354712323885,0.108031540027739,5.28983164983165,0.78554,28.963,999
1960,14/09/1960,258,1959,15-Apr,1,sugar,alive,2,396,1957,15/8/1959,105,0,0,318,1960,21,2039,7191.31,6463.22,5573.57,172.009,3192.31,,16323.12,6529.248,66.991,19.927,85.523,85.523,0.818,9427.175,9427.993,142367.737,0.864,19,2660,1107.6,396.149,1918.112,493.444,1190.686,283.793,1474.479,16.942,9420.617,0.944,9421.561,143423.645,200,251.816,309.458,26.246,0.001,9.31,5.164,5692.5,350,0.952,4349,15.9,1739.6,0,0,17.494,28.356,20.039,210.1,Burdekin,AyrDPI,Mulg,1957,Furrow,BareFallow,35,Surf1,200,140,LowFreq,0,P2R,15AprV1R4,T4,3767.6,3153.444,2314.261,2598.054,35.557,9.311,5.45463943548704,0.116657476980004,5.53083601286174,0.860045,31.923,999
1961,14/10/1961,287,1960,15-Apr,1,sugar,alive,3,395,1957,14/9/1960,105,0,0,318,1961,21,2039,7430.98,6698.07,5773.7,178.842,3597.43,,17447.452,6978.981,73.438,21.842,64.383,64.383,0.944,9420.617,9421.561,143423.645,0.856,22,3080,490.9,294.324,1599.917,280.246,1364.02,304.59,1668.609,11.57,9406.896,1.463,9408.359,144378.26,200,260.184,322.302,29.971,0.001,9.813,5.797,6186.496,350,0.944,4126.3,15.1,1650.5,0,0,16.939,29.173,21.112,63.2,Burdekin,AyrDPI,Mulg,1957,Furrow,BareFallow,35,Surf1,200,140,LowFreq,0,P2R,15AprV1R4,T4,3570.9,3360.246,1894.241,2198.831,39.785,9.814,5.32228890384811,0.107180292087601,5.06634560906516,0.89421,35.974,999
1962,14/11/1962,318,1961,15-Apr,1,sugar,alive,4,396,1957,14/10/1961,105,0,0,318,1962,21,2039,7352.25,6529.73,5667.39,174.396,3373.36,,17594.243,7037.699,75.716,20.892,72.432,72.432,1.463,9406.896,9408.359,144378.26,0.849,19,2660,942.7,290.912,1661.221,484.637,1344.688,307.973,1652.661,16.982,9383.062,1.856,9384.917,145221.859,200,264.644,336.956,37.17,0.003,11.287,7.118,6462.775,350,0.942,4066.4,14.9,1626.6,0,0,17.883,29.608,20.496,102.1,Burdekin,AyrDPI,Mulg,1957,Furrow,BareFallow,35,Surf1,200,140,LowFreq,0,P2R,15AprV1R4,T4,3602.7,3144.637,1952.133,2260.106,48.46,11.29,5.54582293600183,0.105524363435696,5.6075884244373,0.87198,33.734,999
1963,15/04/1963,105,0,15-Apr,1,none,out,-1,0,1957,0.000,105,0,0,318,-1,21,2039,0,0,0,0,0,,17777.714,7111.086,77.583,0,70.338,70.338,1.856,9383.062,9384.917,145221.859,0.84,0,0,1086.4,70.501,537.712,522.946,0,314.708,314.708,25.742,9477.056,12.381,9489.437,148194.146,0,0,21.015,3.583,0.001,1.759,0.269,3894.01,350,0,0.3,0,0.1,0,0,22.247,31.071,18.839,91.9,Burdekin,AyrDPI,Mulg,1957,Furrow,BareFallow,35,Surf1,200,140,LowFreq,0,P2R,15AprV1R4,T4,1086.4,522.946,608.213,922.921,5.343,1.76,0,0,0,,0,999
1964,14/07/1964,196,1963,15-Apr,2,sugar,alive,0,456,1963,15/4/1963,105,0,0,318,1964,21,2039,7957.49,7107.97,6200.03,191.155,3384.04,,0,0,0,18.875,233.818,233.818,12.381,9477.056,9489.437,148194.146,0.84,21,2940,620,206.52,1722.21,443.057,1423.847,346.73,1770.577,33.075,9315.415,2.1,9317.515,145659.207,200,352.209,404.504,38.601,0.003,21.144,7.813,5990.755,350,0.968,4926,18,1970.4,0,0,16.75,28.855,19.018,92.7,Burdekin,AyrDPI,Mulg,1957,Furrow,BareFallow,35,Surf1,200,140,LowFreq,0,P2R,15AprV1R4,T4,3560,3383.057,1928.73,2275.46,59.748,21.147,5.65036297053227,0.107961980755426,5.63879056047198,0.955775,33.84,999
1965,14/08/1965,226,1964,15-Apr,2,sugar,alive,1,396,1963,14/7/1964,105,0,0,318,1965,21,2039,6770.71,6044.29,5123.07,157.175,2879.9,,19125.495,7650.198,92.936,19.637,94.511,94.511,2.1,9315.415,9317.515,145659.207,0.823,19,2660,830.4,225.196,1740.773,434.315,1230.542,307.521,1538.063,13.727,9297.56,1.077,9298.638,146238.499,200,263.758,315.537,22.529,0.001,13.115,4.582,5987.021,350,0.941,4042.9,14.8,1617.2,0,0,17.025,29.153,19.583,107.4,Burdekin,AyrDPI,Mulg,1957,Furrow,BareFallow,35,Surf1,200,140,LowFreq,0,P2R,15AprV1R4,T4,3490.4,3094.315,1965.969,2273.49,35.645,13.116,5.07947639461399,0.102190222377107,5.05385852090032,0.785875,28.799,999
1966,14/09/1966,257,1965,15-Apr,2,sugar,alive,2,396,1963,14/8/1965,105,0,0,318,1966,21,2039,7186.71,6436.69,5507.28,169.578,3188.48,,17441.454,6976.581,77.872,20.227,80.879,80.879,1.077,9297.56,9298.638,146238.499,0.819,21,2940,392.1,299.156,1480.563,253.373,1253.977,290.075,1544.052,11.583,9287.256,1.194,9288.45,147068.411,200,260.927,318.577,26.678,0.003,8.976,5.235,6226.741,350,0.939,3987.6,14.6,1595,0,0,17.613,28.709,19.595,102.9,Burdekin,AyrDPI,Mulg,1957,Furrow,BareFallow,35,Surf1,200,140,LowFreq,0,P2R,15AprV1R4,T4,3332.1,3193.373,1779.719,2069.794,35.657,8.979,5.31030981974232,0.109826612057107,5.00230088495575,0.84789,31.885,999
1967,14/10/1967,287,1966,15-Apr,2,sugar,alive,3,395,1963,14/9/1966,105,0,0,318,1967,21,2039,7000.36,6291.46,5432.6,167.905,3180.61,,17664.591,7065.835,73.462,20.4,89.209,89.209,1.194,9287.256,9288.45,147068.411,0.812,20,2800,809.7,345.458,1764.381,386.445,1208.086,311.704,1519.79,13.801,9277.331,1.336,9278.667,147973.708,200,248.255,318.411,38.541,0.004,10.129,7.265,6224.721,350,0.937,3951.6,14.5,1580.6,0,0,17.992,28.818,20.041,154.9,Burdekin,AyrDPI,Mulg,1957,Furrow,BareFallow,35,Surf1,200,140,LowFreq,0,P2R,15AprV1R4,T4,3609.7,3186.445,2109.839,2421.543,48.674,10.133,5.26935189529397,0.110479079346489,5.16630769230769,0.839525,31.806,999
1968,13/11/1968,318,1967,15-Apr,2,sugar,alive,4,396,1963,14/10/1967,105,0,0,318,1968,21,2039,7493,6744.26,5773.82,178.645,3325.21,,16684.823,6673.929,69.357,19.995,69.279,69.279,1.336,9277.331,9278.667,147973.708,0.805,20,2800,1461.8,372.406,2298.791,539.147,1259.991,327.532,1587.523,20.244,9263.767,1.576,9265.343,148725.157,200,263.577,319.967,27.221,0.003,10.987,5.311,6455.033,350,0.94,4019.3,14.7,1607.7,0,0,18.116,28.915,20.428,187.9,Burdekin,AyrDPI,Mulg,1957,Furrow,BareFallow,35,Surf1,200,140,LowFreq,0,P2R,15AprV1R4,T4,4261.8,3339.147,2671.197,2998.729,38.211,10.99,5.35001903180663,0.112530653099199,5.49676923076923,0.893225,33.252,999
1969,15/04/1969,105,0,15-Apr,2,none,out,-1,0,1963,0.000,105,0,0,318,-1,21,2039,0,0,0,0,0,,18029.37,7211.75,78.065,0,72.36,72.36,1.576,9263.767,9265.343,148725.157,0.799,0,0,145.4,0.065,6.031,139.363,0,129.7,129.7,0.279,9373.33,0.672,9374.002,153783.105,0,0,0.889,0.002,0,0.002,0.002,1863.047,350,0.001,1.3,0,0.5,0,0,21.46,32.39,21.894,46.5,Burdekin,AyrDPI,Mulg,1957,Furrow,BareFallow,35,Surf1,200,140,LowFreq,0,P2R,15AprV1R4,T4,145.4,139.363,6.096,135.796,0.004,0.002,0,0,0,,0,999
1970,15/07/1970,196,1969,15-Apr,3,sugar,alive,0,456,1969,15/4/1969,105,0,0,318,1970,21,2039,7805.01,6998.2,6063.34,187.527,3532.78,,0,0,0,20.272,81.966,81.966,0.672,9373.33,9374.002,153783.105,0.799,22,3080,660,57.744,1925.202,403.097,1362.871,397.646,1760.517,33.705,9244.794,1.888,9246.682,149168.692,200,332.988,383.286,18.123,0.001,16.774,3.963,8152.878,350,0.941,4032.8,14.8,1613.1,0,0,17.51,29.042,19.564,133.6,Burdekin,AyrDPI,Mulg,1957,Furrow,BareFallow,35,Surf1,200,140,LowFreq,0,P2R,15AprV1R4,T4,3740,3483.097,1982.946,2380.592,34.898,16.775,5.38391552115833,0.106518142113936,5.31237960339943,0.937635,35.328,999
1971,15/08/1971,227,1970,15-Apr,3,sugar,alive,1,396,1969,15/7/1970,105,0,0,318,1971,21,2039,7092.39,6349.09,5445.96,167.706,3002.24,,18232.054,7292.823,81.883,19.119,78.504,78.504,1.888,9244.794,9246.682,149168.692,0.792,17,2380,1175,147.492,1856.621,686.798,1234.97,318.639,1553.609,20.816,9221.968,1.223,9223.191,149329.477,200,267.163,321.136,27.527,0.003,8.651,5.535,6470.463,350,0.935,3896.2,14.3,1558.5,0,0,17.251,28.573,19.344,220,Burdekin,AyrDPI,Mulg,1957,Furrow,BareFallow,35,Surf1,200,140,LowFreq,0,P2R,15AprV1R4,T4,3555,3066.798,2004.113,2322.752,36.181,8.654,5.46843972116846,0.107946079097122,5.92600706713781,0.83853,30.022,999
1972,14/09/1972,258,1971,15-Apr,3,sugar,alive,2,396,1969,15/8/1971,105,0,0,318,1972,21,2039,6882.5,6211.97,5281.73,163.14,3009.01,,17306.527,6922.61,74.503,19.787,75.781,75.781,1.223,9221.968,9223.191,149329.477,0.788,19,2660,1435.2,457.458,2066.534,470.908,1262.837,307.97,1570.807,25.318,9216.423,1.174,9217.597,149801.959,200,247.55,307.606,32.767,0.007,9.868,6.387,6491.467,350,0.934,3880.2,14.2,1552.1,0,0,16.759,28.732,19.826,206.2,Burdekin,AyrDPI,Mulg,1957,Furrow,BareFallow,35,Surf1,200,140,LowFreq,0,P2R,15AprV1R4,T4,4095.2,3130.908,2523.992,2831.962,42.642,9.875,5.21062899325052,0.103857443976249,5.24565916398714,0.8157,30.09,999
1973,14/10/1973,287,1972,15-Apr,3,sugar,alive,3,395,1969,14/9/1972,105,0,0,318,1973,21,2039,7172.1,6431.78,5511.31,169.87,3043.29,,16904.737,6761.895,72.02,19.136,76.182,76.182,1.174,9216.423,9217.597,149801.959,0.782,20,2800,1125.6,401.17,1943.354,565.55,1232.637,303.458,1536.095,18.286,9206.68,1.773,9208.454,150062.632,200,258.979,319.481,28.419,0.006,9.933,5.547,6980.207,350,0.926,3716.6,13.6,1486.6,0,0,18.389,29.085,19.8,108.5,Burdekin,AyrDPI,Mulg,1957,Furrow,BareFallow,35,Surf1,200,140,LowFreq,0,P2R,15AprV1R4,T4,3925.6,3365.55,2344.524,2647.982,38.358,9.939,5.04731767467427,0.110585608311986,5.22676923076923,0.84935,30.433,999
1974,14/11/1974,318,1973,15-Apr,3,sugar,alive,4,396,1969,14/10/1973,105,0,0,318,1974,21,2039,6493.96,5868.1,5013.73,156.457,3066.35,,17275.766,6910.306,69.694,21.206,121.164,121.164,1.773,9206.68,9208.454,150062.632,0.776,17,2380,1952.2,724.089,2229.022,766.925,1071.519,349.195,1420.714,15.273,9199.951,2.04,9201.992,149877.353,200,213.57,314.551,60.312,0.091,15.043,11.104,6894.572,350,0.843,2643,9.7,1057.2,0,0,17.922,28.466,18.8,152.9,Burdekin,AyrDPI,Mulg,1957,Furrow,BareFallow,35,Surf1,200,140,LowFreq,0,P2R,15AprV1R4,T4,4332.2,3146.925,2953.111,3302.306,75.446,15.134,4.97174225632959,0.110125612896051,5.52851590106007,0.782285,30.663,999
1975,15/04/1975,105,0,15-Apr,3,none,out,-1,0,1969,0.000,105,0,0,318,-1,21,2039,0,0,0,0,0,,14828.559,5931.423,62.824,0,79.539,79.539,2.04,9199.951,9201.992,149877.353,0.77,0,0,630.3,16.102,223.061,398.782,0,296.974,296.974,10.629,9288.733,11.679,9300.411,151960.515,0,0,15.243,1.03,0.002,0.465,0.09,4139.212,350,0,0.3,0,0.1,0,0,21.936,30.98,21.26,65,Burdekin,AyrDPI,Mulg,1957,Furrow,BareFallow,35,Surf1,200,140,LowFreq,0,P2R,15AprV1R4,T4,630.3,398.782,239.163,536.137,1.497,0.467,0,0,0,,0,999
1976,14/07/1976,196,1975,15-Apr,4,sugar,alive,0,456,1975,15/4/1975,105,0,0,318,1976,21,2039,8544.14,7663.11,6649.87,205.39,3576.44,,0,0,0,18.518,173.702,173.702,11.679,9288.733,9300.411,151960.515,0.771,17,2380,2004.7,515.273,2289.753,788.676,1350.879,325.669,1676.547,40.443,9153.904,1.741,9155.646,148053.922,200,331.836,375.448,30.559,0.017,23.114,6.375,7397.641,350,0.98,5598.7,20.5,2239.5,0,0,17.666,28.095,18.294,179.8,Burdekin,AyrDPI,Mulg,1957,Furrow,BareFallow,35,Surf1,200,140,LowFreq,0,P2R,15AprV1R4,T4,4384.7,3168.676,2805.026,3130.695,53.69,23.131,6.48188707207679,0.122507749559064,7.25759717314488,1.02695,35.764,999
1977,14/08/1977,226,1976,15-Apr,4,sugar,alive,1,396,1975,14/7/1976,105,0,0,318,1977,21,2039,6837.2,6117.91,5267.79,161.915,2858.18,,20860.228,8344.092,97.869,18.812,76.828,76.828,1.741,9153.904,9155.646,148053.922,0.757,18,2520,1376.6,281.707,2189.55,528.388,1118.58,298.762,1417.342,24.83,9153.899,1.176,9155.074,147004.009,200,258.75,307.601,17.83,0.011,6.811,3.674,8012.97,350,0.941,4055.1,14.9,1622,0,0,17.488,28.286,19.446,170.6,Burdekin,AyrDPI,Mulg,1957,Furrow,BareFallow,35,Surf1,200,140,LowFreq,0,P2R,15AprV1R4,T4,3896.6,3048.388,2471.257,2770.019,24.652,6.822,5.31149578072083,0.114238483019624,5.4516835016835,0.809575,28.582,999
1978,14/09/1978,257,1977,15-Apr,4,sugar,alive,2,396,1975,14/8/1977,105,0,0,318,1978,21,2039,7553.04,6796.71,5895.37,182.44,3446.53,,16786.798,6714.719,69.696,20.336,84.829,84.829,1.176,9153.899,9155.074,147004.009,0.757,19,2660,956.1,319.38,1685.565,525.776,1240.371,302.847,1543.218,16.805,9138.009,1.803,9139.812,145880.646,200,267.88,323.383,24.214,0.016,9.604,4.794,8270.234,350,0.942,4059.3,14.9,1623.7,0,0,17.622,28.221,20.415,150.6,Burdekin,AyrDPI,Mulg,1957,Furrow,BareFallow,35,Surf1,200,140,LowFreq,0,P2R,15AprV1R4,T4,3616.1,3185.776,2004.945,2307.792,33.834,9.62,5.7267052046346,0.1182204976873,5.86623794212219,0.9122,34.465,999
1979,14/10/1979,287,1978,15-Apr,4,sugar,alive,3,395,1975,14/9/1978,105,0,0,318,1979,21,2039,6991.84,6300.79,5380.2,166.588,3061.48,,17540.624,7016.25,72.501,19.704,152.765,152.765,1.803,9138.009,9139.812,145880.646,0.753,20,2800,1484.7,460.269,2439.641,555.136,1145.587,314.37,1459.957,31.958,9109.401,1.881,9111.282,145659.248,200,265.153,337.792,30.657,0.08,20.79,5.728,7464.058,350,0.919,3588.1,13.1,1435.2,0,0,18.01,28.393,19.377,350.7,Burdekin,AyrDPI,Mulg,1957,Furrow,BareFallow,35,Surf1,200,140,LowFreq,0,P2R,15AprV1R4,T4,4284.7,3355.136,2899.91,3214.28,51.527,20.87,4.96516385624905,0.114104730481788,5.12578461538462,0.83294,30.615,999
1980,13/11/1980,318,1979,15-Apr,4,sugar,alive,4,396,1975,14/10/1979,105,0,0,318,1980,21,2039,7936.96,7142.4,6146.69,190.213,3613.94,,16748.774,6699.511,70.789,20.469,77.599,77.599,1.881,9109.401,9111.282,145659.248,0.748,21,2940,768.9,269.663,1836.773,405.861,1308.706,295.986,1604.691,13.994,9079.895,1.756,9081.651,145555.084,200,281.349,340.701,29.239,0.07,10.258,5.588,7462.07,350,0.954,4411.5,16.2,1764.6,0,0,18.675,29.043,20.995,86.4,Burdekin,AyrDPI,Mulg,1957,Furrow,BareFallow,35,Surf1,200,140,LowFreq,0,P2R,15AprV1R4,T4,3708.9,3345.861,2106.436,2402.422,39.567,10.328,5.68502397439702,0.118535593456933,5.61100294985251,0.951065,36.139,999
1981,15/04/1981,105,0,15-Apr,4,none,out,-1,0,1975,0.000,105,0,0,318,-1,21,2039,0,0,0,0,0,,18967.022,7586.809,80.422,0,75.372,75.372,1.756,9079.895,9081.651,145555.084,0.743,0,0,929,165.417,350.022,511.57,0,308.684,308.684,16.509,9189.912,4.936,9194.848,149283.574,0,0,8.072,0.572,0.041,0.115,0.039,3515.006,350,0,0.4,0,0.2,0,0,21.829,30.388,19.918,102.2,Burdekin,AyrDPI,Mulg,1957,Furrow,BareFallow,35,Surf1,200,140,LowFreq,0,P2R,15AprV1R4,T4,929,511.57,515.439,824.123,0.728,0.156,0,0,0,,0,999
1982,15/07/1982,196,1981,15-Apr,5,sugar,alive,0,456,1981,15/4/1981,105,0,0,318,1982,21,2039,8342.46,7483.02,6501.3,201.134,3748.59,,0,0,0,20.024,180.25,180.25,4.936,9189.912,9194.848,149283.574,0.745,21,2940,774.6,151.793,1846.143,469.748,1438.389,379.019,1817.408,37.098,9033.213,2,9035.213,144932.981,200,347.001,401.861,28.11,0.036,24.802,5.831,7825.937,350,0.968,4917.5,18,1967,0,0,17.319,28.644,18.818,104.8,Burdekin,AyrDPI,Mulg,1957,Furrow,BareFallow,35,Surf1,200,140,LowFreq,0,P2R,15AprV1R4,T4,3714.6,3409.748,1997.936,2376.955,52.948,24.838,5.89879369384482,0.110670801493115,5.93315634218289,1.00567,37.486,999
1983,15/08/1983,227,1982,15-Apr,5,sugar,alive,1,396,1981,15/7/1982,105,0,0,318,1983,21,2039,6955.37,6206.19,5351.19,164.741,2977.67,,19829.667,7931.867,88.473,19.332,79.507,79.507,2,9033.213,9035.213,144932.981,0.734,20,2800,635.3,215.179,1725.958,356.159,1161.434,324.677,1486.111,20.418,9020.038,1.091,9021.128,145001.586,200,265.921,317.32,20.938,0.029,8.389,4.321,6686.371,350,0.935,3912,14.3,1564.8,0,0,17.679,28.512,19.609,95.4,Burdekin,AyrDPI,Mulg,1957,Furrow,BareFallow,35,Surf1,200,140,LowFreq,0,P2R,15AprV1R4,T4,3435.3,3156.159,1941.137,2265.814,29.356,8.418,5.21966732347768,0.110853765297478,5.06895384615385,0.823705,29.777,999
1984,14/09/1984,258,1983,15-Apr,5,sugar,alive,2,396,1981,15/8/1983,105,0,0,318,1984,21,2039,7316.14,6579,5657.32,174.805,3265.26,,16960.696,6784.278,70.86,20.076,87.56,87.56,1.091,9020.038,9021.128,145001.586,0.733,21,2940,591.2,288.227,1690.28,426.023,1262.201,291.388,1553.589,13.951,9017.479,1.489,9018.968,145234.88,200,252.769,310.814,26.98,0.045,8.932,5.286,6904.037,350,0.934,3890.2,14.3,1556.1,0,0,17.66,28.64,19.333,75.6,Burdekin,AyrDPI,Mulg,1957,Furrow,BareFallow,35,Surf1,200,140,LowFreq,0,P2R,15AprV1R4,T4,3531.2,3366.023,1978.507,2269.895,35.957,8.977,5.19322060485029,0.112516888314734,5.15648967551623,0.874025,32.653,999
1985,14/10/1985,287,1984,15-Apr,5,sugar,alive,3,395,1981,14/9/1984,105,0,0,318,1985,21,2039,7198.59,6512.93,5563.15,172.336,3162.28,,17406.682,6962.672,71.926,19.67,86.664,86.664,1.489,9017.479,9018.968,145234.88,0.729,20,2800,788.1,264.752,1765.93,506.967,1246.244,318.583,1564.827,12.922,9011.241,1.259,9012.5,145378.099,200,253.219,313.215,30.038,0.052,10.74,5.838,7056.927,350,0.94,4019.3,14.7,1607.7,0,0,17.489,28.667,19.694,111.4,Burdekin,AyrDPI,Mulg,1957,Furrow,BareFallow,35,Surf1,200,140,LowFreq,0,P2R,15AprV1R4,T4,3588.1,3306.967,2030.682,2349.265,40.83,10.792,5.21130086874166,0.110131024068475,5.30264615384616,0.86168,31.623,999
1986,14/11/1986,318,1985,15-Apr,5,sugar,alive,4,396,1981,14/10/1985,105,0,0,318,1986,21,2039,7171.01,6421.43,5477.38,169.098,3125.42,,17317.671,6927.068,73.347,19.834,79.255,79.255,1.259,9011.241,9012.5,145378.099,0.725,20,2800,879.6,269.445,1800.577,588.478,1266.734,327.489,1594.223,14.269,8990.557,2.1,8992.657,145161.216,200,255.331,329.105,44.414,0.06,9.042,8.438,7485.352,350,0.913,3483.3,12.8,1393.3,0,0,18.869,29.426,18.897,117.8,Burdekin,AyrDPI,Mulg,1957,Furrow,BareFallow,35,Surf1,200,140,LowFreq,0,P2R,15AprV1R4,T4,3679.6,3388.478,2070.022,2397.511,53.516,9.102,4.99038211255909,0.106069226199848,5.20301538461539,0.84549,31.254,999
1987,15/04/1987,105,0,15-Apr,5,none,out,-1,0,1981,0.000,105,0,0,318,-1,21,2039,0,0,0,0,0,,17356.63,6942.652,70.879,0,94.61,94.61,2.1,8990.557,8992.657,145161.216,0.72,0,0,212.7,0.112,32.862,179.823,0,178.204,178.204,1.549,9099.63,2.173,9101.804,148909.025,0,0,2.852,0.01,0,0.012,0.006,3064.627,350,0.001,0.8,0,0.3,0,0,21.95,32.242,21.983,44,Burdekin,AyrDPI,Mulg,1957,Furrow,BareFallow,35,Surf1,200,140,LowFreq,0,P2R,15AprV1R4,T4,212.7,179.823,32.974,211.178,0.022,0.012,0,0,0,,0,999
1988,14/07/1988,196,1987,15-Apr,6,sugar,alive,0,456,1987,15/4/1987,105,0,0,318,1988,21,2039,8018.92,7164.38,6250.78,192.804,3687.43,,0,0,0,20.624,96.132,96.132,2.173,9099.63,9101.804,148909.025,0.721,21,2940,1008.5,80.903,2121.928,475.46,1370.8,371.405,1742.205,34.551,8950.213,2.012,8952.226,144252.463,200,349.003,395.775,22.969,0.021,17.716,4.934,8121.908,350,0.968,4907.2,18,1962.9,0,0,17.995,29.116,18.802,254,Burdekin,AyrDPI,Mulg,1957,Furrow,BareFallow,35,Surf1,200,140,LowFreq,0,P2R,15AprV1R4,T4,3948.5,3415.46,2202.831,2574.236,40.706,17.737,5.64503756448619,0.110666655186961,5.68743362831858,0.96402,36.874,999
1989,14/08/1989,226,1988,15-Apr,6,sugar,alive,1,396,1987,14/7/1988,105,0,0,318,1989,21,2039,6980.54,6197.46,5333.59,163.367,2882.71,,19200.327,7680.132,88.789,18.804,99.598,99.598,2.012,8950.213,8952.226,144252.463,0.713,16,2240,1383.4,248.563,1905.268,731.445,1182.821,301.293,1484.114,17.762,8941.911,0.892,8942.803,144170.95,200,255.236,305.488,19.825,0.042,15.023,4.131,6716.823,350,0.95,4277.6,15.7,1711,0,0,17.87,28.468,18.868,134.8,Burdekin,AyrDPI,Mulg,1957,Furrow,BareFallow,35,Surf1,200,140,LowFreq,0,P2R,15AprV1R4,T4,3623.4,2971.445,2153.831,2455.124,34.89,15.065,5.49789748758601,0.110077123455476,6.07312267657993,0.816835,28.827,999
1990,14/09/1990,257,1989,15-Apr,6,sugar,alive,2,396,1987,14/8/1989,105,0,0,318,1990,21,2039,6492.56,5757.31,5013.74,153.465,2756.9,,17635.09,7054.037,76.071,19.196,85.053,85.053,0.892,8941.911,8942.803,144170.95,0.712,17,2380,1288.6,537.411,1737.438,525.606,1116.933,303.907,1420.84,10.873,8950.028,1.011,8951.038,144290.547,200,240.373,294.05,24.968,0.086,8.814,4.885,6648.981,350.712,0.954,4384,16.1,1753.6,0,0,17.279,28.597,19.939,103,Burdekin,AyrDPI,Mulg,1957,Furrow,BareFallow,35,Surf1,200,140,LowFreq,0,P2R,15AprV1R4,T4,3668.6,2905.606,2274.849,2578.756,33.868,8.9,5.28168650532798,0.108010050392725,5.42279151943463,0.767325,27.569,999
1991,14/10/1991,287,1990,15-Apr,6,sugar,alive,3,395,1987,14/9/1990,105,0,0,318,1991,21,2039,7156.18,6409.83,5540.3,170.766,3357.6,,16296.378,6518.552,73.34,21.284,57.964,57.964,1.011,8950.028,8951.038,144290.547,0.71,20,2800,1680.4,559.158,2380.335,352.549,1260.026,272.542,1532.568,20.892,8945.885,1.507,8947.392,144040.766,200,253.252,309.082,25.146,0.07,10.502,4.93,7153.525,352.383,0.945,4155.5,15.2,1662.2,0,0,17.386,28.895,19.58,204.4,Burdekin,AyrDPI,Mulg,1957,Furrow,BareFallow,35,Surf1,200,140,LowFreq,0,P2R,15AprV1R4,T4,4480.4,3152.549,2939.493,3212.035,35.718,10.572,5.41675958089787,0.111424745916658,5.25433846153846,0.85383,33.576,999
1992,13/11/1992,318,1991,15-Apr,6,sugar,alive,4,396,1987,14/10/1991,105,0,0,318,1992,21,2039,7874.41,7053.19,6162.77,190.399,3801.72,,17267.106,6906.842,73.361,21.66,66.303,66.303,1.507,8945.885,8947.392,144040.766,0.707,22,3080,659.3,280.777,1753.534,356.537,1383.659,315.037,1698.696,14.77,8934.889,1.46,8936.348,143769.37,200,263.44,324.172,26.405,0.06,11.169,5.216,7633.156,354.083,0.956,4449.6,16.3,1779.8,0,0,18.342,29.501,20.919,122.8,Burdekin,AyrDPI,Mulg,1957,Furrow,BareFallow,35,Surf1,200,140,LowFreq,0,P2R,15AprV1R4,T4,3739.3,3436.537,2034.311,2349.348,37.634,11.229,5.54043212687656,0.112085387850445,5.39373937677054,0.951995,38.017,999
1993,15/04/1993,105,0,15-Apr,6,none,out,-1,0,1987,0.000,105,0,0,318,-1,21,2039,0,0,0,0,0,,18331.026,7332.411,75.504,0,72.595,72.595,1.46,8934.889,8936.348,143769.37,0.703,0,0,402.2,10.141,111.173,289.097,0,222.457,222.457,5.211,9029.867,13.025,9042.892,146386.215,0,0,15.522,0.238,0.015,0.14,0.041,4477.529,354.757,0.001,0.7,0,0.3,0,0,21.276,31.26,21.924,72,Burdekin,AyrDPI,Mulg,1957,Furrow,BareFallow,35,Surf1,200,140,LowFreq,0,P2R,15AprV1R4,T4,402.2,289.097,121.314,343.771,0.393,0.155,0,0,0,,0,999
1994,15/07/1994,196,1993,15-Apr,7,sugar,alive,0,456,1993,15/4/1993,105,0,0,318,1994,21,2039,8916.89,8019.45,6984.47,216.563,4129.37,,0,0,0,20.553,131.025,131.025,13.025,9029.867,9042.892,146386.215,0.704,23,3220,465.6,58.171,1857.997,365.121,1444.635,374.541,1819.176,34.93,8878.821,1.888,8880.709,141801.434,200,358.391,396.652,23.58,0.041,22.011,5.11,8167.258,356.78,0.977,5365.9,19.7,2146.4,0,0,17.896,28.846,19.367,46.8,Burdekin,AyrDPI,Mulg,1957,Furrow,BareFallow,35,Surf1,200,140,LowFreq,0,P2R,15AprV1R4,T4,3685.6,3585.121,1916.168,2290.709,45.632,22.052,6.04060504512958,0.119044556436541,5.90089918256131,1.082815,41.294,999
1995,15/08/1995,227,1994,15-Apr,7,sugar,alive,1,396,1993,15/7/1994,105,0,0,318,1995,21,2039,7269.42,6471.31,5680.92,174.759,3389.86,,20986.579,8394.631,91.544,20.959,81.281,81.281,1.888,8878.821,8880.709,141801.434,0.694,21,2940,482.2,182.978,1620.811,312.582,1250.438,314.733,1565.17,16.147,8882.843,1.252,8884.094,141253.142,200,260.084,311.655,16.599,0.095,6.379,3.449,7863.672,358.569,0.935,3900.3,14.3,1560.1,0,0,18.082,29.062,20.474,55.2,Burdekin,AyrDPI,Mulg,1957,Furrow,BareFallow,35,Surf1,200,140,LowFreq,0,P2R,15AprV1R4,T4,3422.2,3252.582,1803.789,2118.522,23.073,6.474,5.37293141264386,0.111654963997521,5.15513274336283,0.873795,33.899,999
1996,14/09/1996,258,1995,15-Apr,7,sugar,alive,2,396,1993,15/8/1995,105,0,0,318,1996,21,2039,7426.27,6635.5,5858.19,180.414,3674.16,,16817.568,6727.027,66.361,22.149,134.522,134.522,1.252,8882.843,8884.094,141253.142,0.696,22,3080,564.9,346.459,1746.818,281.908,1288.415,311.786,1600.201,14.575,8879.144,1.247,8880.391,140637.88,200,253.771,311.445,17.875,0.131,21.429,3.626,8107.803,360.388,0.944,4130.3,15.1,1652.1,0,0,19.055,29.44,20.405,107,Burdekin,AyrDPI,Mulg,1957,Furrow,BareFallow,35,Surf1,200,140,LowFreq,0,P2R,15AprV1R4,T4,3644.9,3361.908,2093.277,2405.063,39.435,21.56,5.36641692753044,0.112744586461326,5.11087818696884,0.90207,36.742,999
1997,14/10/1997,287,1996,15-Apr,7,sugar,alive,3,395,1993,14/9/1996,105,0,0,318,1997,21,2039,7826.35,7000.47,6203.96,191.667,3822.84,,16839.412,6735.765,64.862,21.633,85.945,85.945,1.247,8879.144,8880.391,140637.88,0.693,20,2800,962.4,443.02,1855.845,433.631,1173.854,301.749,1475.603,14.854,8885.096,1.262,8886.358,140264.086,200,249.769,306.23,25.225,0.172,9.654,4.843,7885.533,362.245,0.958,4529.3,16.6,1811.7,0,0,19.379,28.509,20.519,116.8,Burdekin,AyrDPI,Mulg,1957,Furrow,BareFallow,35,Surf1,200,140,LowFreq,0,P2R,15AprV1R4,T4,3762.4,3233.631,2298.865,2600.614,35.051,9.826,5.92729968261685,0.129890627763701,5.89744615384615,0.958335,38.228,999
1998,18/11/1998,322,1997,15-Apr,7,sugar,alive,4,400,1993,14/10/1997,105,0,4,318,1998,17,2039,8429.3,7504.98,6620.08,204.228,3950.63,,17640.213,7056.086,69.704,20.893,73.876,73.876,1.262,8885.096,8886.358,140264.086,0.69,20,2800,1256.5,265.053,2187.126,656.566,1220.35,276.629,1496.979,13.053,8872.009,1.619,8873.628,139258.618,200,272.775,332.947,25.155,0.136,9.748,4.797,8925.357,364.156,0.954,4407.5,16.1,1763,0,0,20.779,29.076,19.406,189.6,Burdekin,AyrDPI,Mulg,1957,Furrow,BareFallow,35,Surf1,200,140,LowFreq,0,P2R,15AprV1R4,T4,4056.5,3456.566,2452.179,2728.808,35.039,9.884,5.90840736152586,0.136426763501692,6.28393846153846,1.02114,39.506,999
1999,15/04/1999,105,0,15-Apr,7,none,out,-1,0,1993,0.000,105,0,4,322,-1,17,2043,0,0,0,0,0,,19124.758,7649.904,73.613,0,181.219,181.219,1.619,8872.009,8873.628,139258.618,0.687,0,0,719.4,133.085,290.303,376.75,0,319.624,319.624,11.646,8974.114,10.153,8984.267,142011.722,0,0,18.361,0.942,0.232,0.855,0.081,4843.35,364.878,0,0.4,0,0.2,0,0,23.424,31.174,20.301,98.7,Burdekin,AyrDPI,Mulg,1957,Furrow,BareFallow,35,Surf1,200,140,LowFreq,0,P2R,15AprV1R4,T4,719.4,376.75,423.388,743.012,2.029,1.087,0,0,0,,0,999
2000,14/07/2000,196,1999,15-Apr,8,sugar,alive,0,456,1999,15/4/1999,105,0,0,318,2000,21,2039,9824.66,8821.63,7834.21,243.201,4292.91,,0,0,0,18.812,157.606,157.606,10.153,8974.114,8984.267,142011.722,0.689,19,2660,1568.6,337.712,2240.42,707.479,1352.497,362.958,1715.455,38.567,8839.623,2.037,8841.66,136635.173,200,349.327,380.266,19.628,0.206,17.831,4.235,9154.218,367.113,0.986,6105.8,22.4,2442.3,0,0,18.528,27.801,18.606,136,Burdekin,AyrDPI,Mulg,1957,Furrow,BareFallow,35,Surf1,200,140,LowFreq,0,P2R,15AprV1R4,T4,4228.6,3367.479,2578.132,2941.09,37.665,18.037,7.22204949162267,0.14177055067023,7.81996784565916,1.216005,42.929,999
2001,14/08/2001,226,2000,15-Apr,8,sugar,alive,1,396,1999,14/7/2000,105,0,0,318,2001,21,2039,7184.75,6404.33,5618.48,173.118,3407.9,,22108.718,8843.488,89.893,21.313,92.619,92.619,2.037,8839.623,8841.66,136635.173,0.679,20,2800,561.9,166.749,1682.761,410.218,1212.7,309.083,1521.782,17.479,8830.422,1.518,8831.939,135000.171,200,276.485,327.658,14.213,0.166,5.825,2.982,9215.131,369.092,0.927,3748.7,13.7,1499.5,0,0,17.687,28.838,19.812,52,Burdekin,AyrDPI,Mulg,1957,Furrow,BareFallow,35,Surf1,200,140,LowFreq,0,P2R,15AprV1R4,T4,3361.9,3210.218,1849.51,2158.593,20.204,5.991,5.39271787772668,0.113760052359668,5.32670769230769,0.86559,34.079,999
2002,14/09/2002,257,2001,15-Apr,8,sugar,alive,2,396,1999,14/8/2001,105,0,0,318,2002,21,2039,7732.9,6928.13,6021.64,185.495,3830.7,,16499.706,6599.882,65.573,22.501,83.227,83.227,1.518,8830.422,8831.939,135000.171,0.681,20,2800,810.4,273.669,1632.637,345.363,1420.271,296.6,1716.87,10.755,8811.504,1.371,8812.875,133109.136,200,278.962,333.281,21.487,0.212,8.904,4.277,9367.34,371.106,0.957,4495.4,16.5,1798.2,0,0,18.187,30.127,20.983,206,Burdekin,AyrDPI,Mulg,1957,Furrow,BareFallow,35,Surf1,200,140,LowFreq,0,P2R,15AprV1R4,T4,3610.4,3145.363,1906.306,2202.906,30.603,9.116,5.89741152293074,0.108042542533797,5.70753846153846,0.927475,38.307,999
2003,14/10/2003,287,2002,15-Apr,8,sugar,alive,3,395,1999,14/9/2002,105,0,0,318,2003,21,2039,7851.06,7012.76,6168.5,190.127,3836.44,,18366.769,7346.707,75.205,21.919,70.45,70.45,1.371,8811.504,8812.875,133109.136,0.678,22,3080,462,314.505,1496.727,268.361,1423.713,292.204,1715.917,9.697,8786.421,2.205,8788.626,131933.454,200,288.26,345.423,22.143,0.389,8.749,4.37,8980.654,373.156,0.96,4600.9,16.9,1840.4,0,0,18.19,29.917,21.248,51,Burdekin,AyrDPI,Mulg,1957,Furrow,BareFallow,35,Surf1,200,140,LowFreq,0,P2R,15AprV1R4,T4,3542,3348.361,1811.232,2103.436,31.281,9.138,5.67821092170169,0.110801979349817,5.38603399433428,0.950635,38.364,999
2004,13/11/2004,318,2003,15-Apr,8,sugar,alive,4,396,1999,14/10/2003,105,0,0,318,2004,21,2039,8171.58,7345.89,6413.29,198.556,3976.11,,18212.479,7284.992,74.332,21.731,85.302,85.302,2.205,8786.421,8788.626,131933.454,0.676,21,2940,725.2,169.401,1775.662,355.724,1436.277,296.372,1732.649,16.211,8756.779,1.71,8758.489,131341.595,200,290.373,349.945,21.959,0.84,13.969,4.329,8480.84,375.235,0.957,4507.7,16.5,1803.1,0,0,18.512,29.868,20.87,173.2,Burdekin,AyrDPI,Mulg,1957,Furrow,BareFallow,35,Surf1,200,140,LowFreq,0,P2R,15AprV1R4,T4,3665.2,3295.724,1945.063,2241.435,36.768,14.809,6.02465497717649,0.114596782152646,5.85710914454277,0.99278,39.761,999
2005,15/04/2005,105,0,15-Apr,8,none,out,-1,0,1999,0.000,105,0,0,318,-1,21,2039,0,0,0,0,0,,18777.009,7510.804,78.54,0,72.791,72.791,1.71,8756.779,8758.489,131341.595,0.673,0,0,632.4,9.375,400.265,230.24,0,167.208,167.208,18.681,8869.714,8.397,8878.111,134457.899,0,0,8.775,0.095,0.023,0.105,0.021,4359.69,376.057,0.001,1,0,0.4,0,0,22.275,32.232,22.042,143.4,Burdekin,AyrDPI,Mulg,1957,Furrow,BareFallow,35,Surf1,200,140,LowFreq,0,P2R,15AprV1R4,T4,632.4,230.24,409.64,576.848,0.223,0.128,0,0,0,,0,999
2006,15/07/2006,196,2005,15-Apr,9,sugar,alive,0,456,2005,15/4/2005,105,0,0,318,2006,21,2039,8487.09,7629.18,6661.9,206.352,3801.11,,0,0,0,19.757,128.344,128.344,8.397,8869.714,8878.111,134457.899,0.675,21,2940,961.7,145.472,2076.13,523.928,1356.292,365.185,1721.477,34.638,8686.694,2.128,8688.822,129802.58,200,391.481,432.648,20.197,1.374,17.686,4.504,8230.137,378.522,0.97,4991.7,18.3,1996.7,0,0,18.53,29.09,18.768,178.4,Burdekin,AyrDPI,Mulg,1957,Furrow,BareFallow,35,Surf1,200,140,LowFreq,0,P2R,15AprV1R4,T4,3901.7,3463.928,2221.602,2586.787,39.257,19.06,5.95716770094529,0.119869158867647,6.0870796460177,1.03176,38.011,999
2007,15/08/2007,227,2006,15-Apr,9,sugar,alive,1,396,2005,15/7/2006,105,0,0,318,2007,21,2039,7056.33,6325.5,5501.54,169.803,3141.83,,19757.071,7902.827,91.073,19.858,86.966,86.966,2.128,8686.694,8688.822,129802.58,0.667,18,2520,967.8,218.972,1779.61,507.55,1192.015,311.498,1503.513,20.926,8685.542,0.973,8686.514,130072.814,200,252.04,302.337,17.411,0.251,17.615,3.67,6613.368,380.697,0.941,4039.6,14.8,1615.8,0,0,17.271,28.395,19.639,130.2,Burdekin,AyrDPI,Mulg,1957,Furrow,BareFallow,35,Surf1,200,140,LowFreq,0,P2R,15AprV1R4,T4,3487.8,3027.55,1998.582,2310.08,35.277,17.866,5.60859440801969,0.112937500374124,5.71727272727273,0.849015,31.418,999
2008,14/09/2008,258,2007,15-Apr,9,sugar,alive,2,396,2005,15/8/2007,105,0,0,318,2008,21,2039,7288.26,6555.87,5710.47,176.336,3348.26,,16649.319,6659.727,68.508,20.455,72.671,72.671,0.973,8685.542,8686.514,130072.814,0.669,19,2660,1334.1,464.724,1988.224,569.177,1241.075,301.101,1542.176,20.711,8697.141,0.944,8698.085,130362.221,200,246.148,295.089,20.268,0.085,8.337,4.089,6844.233,382.903,0.954,4398.7,16.1,1759.5,0,0,17.841,28.663,19.218,108.2,Burdekin,AyrDPI,Mulg,1957,Furrow,BareFallow,35,Surf1,200,140,LowFreq,0,P2R,15AprV1R4,T4,3994.1,3229.177,2452.948,2754.049,28.69,8.422,5.46071026766263,0.114342331873924,5.66996784565917,0.88168,33.483,999
2009,14/10/2009,287,2008,15-Apr,9,sugar,alive,3,395,2005,14/9/2008,105,0,0,318,2009,21,2039,7011.38,6255.6,5460.14,167.84,3170.43,,17150.148,6860.06,69.897,20.334,71.648,71.648,0.944,8697.141,8698.085,130362.221,0.668,17,2380,1789.1,467.467,2205.927,508.02,1219.448,292.196,1511.644,28.817,8696.053,1.523,8697.576,130250.808,200,253.289,309.934,25.401,0.102,9.365,4.887,7356.171,385.15,0.95,4282,15.7,1712.8,0,0,18.502,29.563,19.422,197.2,Burdekin,AyrDPI,Mulg,1957,Furrow,BareFallow,35,Surf1,200,140,LowFreq,0,P2R,15AprV1R4,T4,4169.1,2888.02,2673.394,2965.59,34.868,9.467,5.81159410253392,0.111031433326894,5.93074204946997,0.8392,31.704,999
2010,27/11/2010,331,2009,15-Apr,9,sugar,alive,4,409,2005,14/10/2009,105,0,13,318,2010,14,2039,8002.53,7124.43,6213.21,191.128,3533.88,,16825.218,6730.086,70.303,19.842,55.71,55.71,1.523,8696.053,8697.576,130250.808,0.666,19,2660,1502.3,363.848,2126.638,695.728,1278.38,274.639,1553.019,14.644,8683.755,1.693,8685.448,130045.456,200,271.675,327.653,21.661,0.15,11.867,4.286,7837.015,387.51,0.953,4361.1,16,1744.4,0,0,19.486,29.17,18.173,135.2,Burdekin,AyrDPI,Mulg,1957,Furrow,BareFallow,35,Surf1,200,140,LowFreq,0,P2R,15AprV1R4,T4,4162.3,3355.728,2490.486,2765.125,33.678,12.017,5.69557484992824,0.123068681065718,6.14559485530547,0.95564,35.339,999
2011,15/04/2011,105,0,15-Apr,9,none,out,-1,0,2005,0.000,105,0,13,331,-1,14,2052,0,0,0,0,0,,18916.171,7566.468,74.835,0,174.506,174.506,1.693,8683.755,8685.448,130045.456,0.663,0,0,1001.9,190.646,433.228,463.599,0,366.611,366.611,19.221,8785.689,6.464,8792.153,133532.242,0,0,15.142,1.249,0.157,0.555,0.09,3691.645,388.328,0,0.3,0,0.1,0,0,22.909,30.777,17.896,75.6,Burdekin,AyrDPI,Mulg,1957,Furrow,BareFallow,35,Surf1,200,140,LowFreq,0,P2R,15AprV1R4,T4,1001.9,463.599,623.874,990.485,1.961,0.712,0,0,0,,0,999
2012,21/07/2012,203,2011,15-Apr,10,sugar,alive,0,463,2011,15/4/2011,105,0,7,318,2012,14,2039,8779.33,7889.54,6901.85,213.54,3867.3,,0,0,0,19.376,185.92,185.92,6.464,8785.689,8792.153,133532.242,0.665,19,2660,1178.8,258.512,1836.83,667.746,1416.891,349.78,1766.67,33.753,8644.691,1.998,8646.689,129245.016,200,352.395,387.925,18.887,0.333,16.53,4.079,7952.36,391.061,0.98,5573.3,20.4,2229.3,0,0,17.116,28.352,18.479,197.4,Burdekin,AyrDPI,Mulg,1957,Furrow,BareFallow,35,Surf1,200,140,LowFreq,0,P2R,15AprV1R4,T4,3838.8,3327.746,2095.342,2445.122,35.75,16.863,6.41695610181787,0.12087147005383,6.86623794212219,1.0677,38.673,999
2013,21/08/2013,233,2012,15-Apr,10,sugar,alive,1,396,2011,21/7/2012,105,0,7,325,2013,14,2046,6861.2,6085.26,5355.58,164.416,3029.1,,20695.927,8278.371,86.936,19.761,162.708,162.708,1.998,8644.691,8646.689,129245.016,0.657,20,2800,535.4,136.716,1816.299,302.918,1162.871,314.51,1477.381,18.478,8643.612,1.275,8644.887,129415.021,200,257.155,306.4,11.99,0.303,16.322,2.598,6952.157,393.439,0.935,3905.7,14.3,1562.3,0,0,17.687,28.853,19.998,178.6,Burdekin,AyrDPI,Mulg,1957,Furrow,BareFallow,35,Surf1,200,140,LowFreq,0,P2R,15AprV1R4,T4,3335.4,3102.918,1953.015,2267.525,28.615,16.625,5.29875426936838,0.11128882800036,5.05895384615385,0.82208,30.291,999
2014,21/09/2014,264,2013,15-Apr,10,sugar,alive,2,396,2011,21/8/2013,105,0,7,325,2014,14,2046,7773.66,7005.58,6084.96,188.273,3616.08,,16117.654,6447.062,64.621,20.724,67.711,67.711,1.275,8643.612,8644.887,129415.021,0.66,21,2940,729,285.494,1789.848,429.318,1294.433,283.698,1578.131,12.664,8644.103,1.022,8645.126,129535.395,200,257.691,307.887,19.192,0.079,9.301,3.913,7031.049,395.854,0.955,4444.1,16.3,1777.6,0,0,17.964,29.112,19.977,86.2,Burdekin,AyrDPI,Mulg,1957,Furrow,BareFallow,35,Surf1,200,140,LowFreq,0,P2R,15AprV1R4,T4,3669,3369.318,2075.342,2359.04,28.572,9.38,5.58786674335874,0.119301249389309,5.55377581120944,0.941365,36.161,999
2015,21/10/2015,294,2014,15-Apr,10,sugar,alive,3,395,2011,21/9/2014,105,0,7,325,2015,14,2046,7658.81,6852.98,6021.13,185.56,3809.93,,18131.458,7252.583,73.723,22.354,83.239,83.239,1.022,8644.103,8645.126,129535.395,0.658,22,3080,380.2,239.61,1515.888,225.561,1406.436,296.095,1702.531,9.99,8642.168,1.517,8643.685,129499.423,200,265.385,319.865,20.38,0.067,8.397,4.003,7764.576,398.306,0.955,4444,16.3,1777.6,0,0,18.451,30.095,20.857,83.4,Burdekin,AyrDPI,Mulg,1957,Furrow,BareFallow,35,Surf1,200,140,LowFreq,0,P2R,15AprV1R4,T4,3460.2,3305.561,1755.498,2051.593,28.844,8.464,5.61357058605181,0.108990673297579,5.25665722379603,0.9278,38.099,999
2016,20/11/2016,325,2015,15-Apr,10,sugar,alive,4,396,2011,21/10/2015,105,0,7,325,2016,14,2046,7368.84,6535.79,5700.51,174.838,3237.15,,17697.706,7079.083,69.513,19.874,85.409,85.409,1.517,8642.168,8643.685,129499.423,0.656,21,2940,596.6,285.61,1684.061,411.291,1289.93,290,1579.93,12.055,8636.106,1.997,8638.103,129386.268,200,263.625,325.328,25.889,0.138,9.388,4.955,7837.526,400.79,0.946,4168.2,15.3,1667.3,0,0,19.739,30.3,19.206,43.6,Burdekin,AyrDPI,Mulg,1957,Furrow,BareFallow,35,Surf1,200,140,LowFreq,0,P2R,15AprV1R4,T4,3536.6,3351.291,1969.671,2259.671,35.415,9.526,5.21703427127039,0.110661864766161,5.15746312684366,0.87419,32.371,999
2017,15/04/2017,105,0,15-Apr,10,none,out,-1,0,2011,0.000,105,0,7,325,-1,14,2046,0,0,0,0,0,,17723.739,7089.496,71.696,0,72.408,72.408,1.997,8636.106,8638.103,129386.268,0.654,0,0,617.6,0.174,278.475,339.124,0,257.226,257.226,13.162,8744.247,6.258,8750.506,132547.58,0,0,9.682,0.358,0,0.502,0.036,3829.106,401.725,0,0.5,0,0.2,0,0,22.783,32.223,19.61,106.2,Burdekin,AyrDPI,Mulg,1957,Furrow,BareFallow,35,Surf1,200,140,LowFreq,0,P2R,15AprV1R4,T4,617.6,339.124,278.649,535.875,0.86,0.502,0,0,0,,0,999
2018,15/07/2018,196,2017,15-Apr,11,sugar,alive,0,456,2017,15/4/2017,105,0,0,318,2018,21,2039,7694.52,6846.57,6004.03,184.783,3513.25,,0,0,0,20.486,154.135,154.135,6.258,8744.247,8750.506,132547.58,0.656,21,2940,863.5,229.767,2007.443,436.453,1319.701,332.859,1652.561,35.95,8584.289,2.065,8586.355,128250.811,200,354.498,406.568,24.162,0.852,22.968,5.024,7592.285,404.661,0.97,4999.8,18.3,1999.9,0,0,17.714,29.216,17.024,130.4,Burdekin,AyrDPI,Mulg,1957,Furrow,BareFallow,35,Surf1,200,140,LowFreq,0,P2R,15AprV1R4,T4,3803.5,3376.453,2237.21,2570.069,47.982,23.82,5.47269575498311,0.111816144759558,5.45082595870206,0.923915,35.132,999
2019,15/08/2019,227,2018,15-Apr,11,sugar,alive,1,396,2017,15/7/2018,105,0,0,318,2019,21,2039,6418.51,5669.64,4905.46,149.449,2466.73,,18619.025,7447.611,89.491,17.402,67.865,67.865,2.065,8584.289,8586.355,128250.811,0.648,18,2520,1209.8,376.2,1959.582,432.347,1106.333,284.505,1390.839,19.33,8576.789,1.108,8577.897,128335.463,200,257.21,308.876,23.914,0.364,7.12,4.86,6408.585,407.247,0.946,4161,15.2,1664.4,0,0,18.203,29.367,17.12,92.8,Burdekin,AyrDPI,Mulg,1957,Furrow,BareFallow,35,Surf1,200,140,LowFreq,0,P2R,15AprV1R4,T4,3729.8,2952.347,2335.782,2620.287,31.398,7.484,5.06204047152994,0.107452408222663,5.03195286195286,0.747245,24.667,999
2020,14/09/2020,258,2019,15-Apr,11,sugar,alive,2,396,2017,15/8/2019,105,0,0,318,2020,21,2039,7047.67,6254.34,5447.63,166.671,3058.2,,16397.804,6559.122,73.476,19.669,71.044,71.044,1.108,8576.789,8577.897,128335.463,0.65,19,2660,1063.1,442.03,1751.665,397.27,1255.132,278.884,1534.016,15.481,8581.444,0.971,8582.415,128538.132,200,246.993,300.92,23.246,0.095,9.149,4.611,6628.018,409.864,0.959,4560.5,16.7,1824.2,0,0,18.062,29.688,18.83,327.8,Burdekin,AyrDPI,Mulg,1957,Furrow,BareFallow,35,Surf1,200,140,LowFreq,0,P2R,15AprV1R4,T4,3723.1,3057.27,2193.695,2472.579,32.49,9.244,5.45162841358467,0.108650105344403,5.3591961414791,0.833355,30.582,999
2021,14/10/2021,287,2020,15-Apr,11,sugar,alive,3,395,2017,14/9/2020,105,0,0,318,2021,21,2039,6881.32,6125.72,5242.89,160.642,2828.29,,17476.725,6990.691,73.036,18.756,66.433,66.433,0.971,8581.444,8582.415,128538.132,0.649,20,2800,1075.7,465.501,1999.107,443.042,1142.218,266.114,1408.332,13.529,8583.578,1.331,8584.909,128541.1,200,246.852,306.039,26.149,0.094,9.649,5.087,7038.536,412.526,0.947,4187.6,15.3,1675,0,0,19.13,29.427,17.353,132.4,Burdekin,AyrDPI,Mulg,1957,Furrow,BareFallow,35,Surf1,200,140,LowFreq,0,P2R,15AprV1R4,T4,3875.7,3243.042,2464.608,2730.722,35.892,9.743,4.95343569401815,0.11406543343473,4.94283076923077,0.80321,28.283,999
1958,15/04/1958,105,0,15-Apr,0,none,out,-1,0,-1,0.000,105,0,0,318,-1,21,2039,0,0,0,0,0,,0,0,0,0,0,0,0,0,0,0,0.89,0,0,873.2,0,526.966,346.234,0,207.911,207.911,24.509,9505.953,29.861,9535.814,141809.875,0,0,35.269,6.619,0,1.624,1.089,1012.603,350,0,0.7,0,0.3,0,0,22.648,31.427,18.114,136.1,Burdekin,AyrDPI,Mulg,1958,Furrow,BareFallow,35,Surf1,200,140,LowFreq,0,P2R,15AprV1R4,T4,873.2,346.234,526.966,734.877,8.243,1.624,0,0,0,,0,999
1959,15/07/1959,196,1958,15-Apr,1,sugar,alive,0,456,1958,15/4/1958,105,0,0,318,1959,21,2039,8047.18,7211.25,6252.8,193.359,3466.68,,0,0,0,19.152,167.873,167.873,29.861,9505.953,9535.814,141809.875,0.884,20,2800,956.1,250.768,1907.593,570.484,1333.303,360.911,1694.213,34.872,9423.413,0.669,9424.081,141495.352,200,288.078,317.37,36.583,0.406,23.032,7.581,3371.087,350,0.98,5598.4,20.5,2239.4,0,0,17.24,28.305,18.8,162.8,Burdekin,AyrDPI,Mulg,1958,Furrow,BareFallow,35,Surf1,200,140,LowFreq,0,P2R,15AprV1R4,T4,3756.1,3370.484,2158.361,2519.272,60.021,23.438,5.7368318615368,0.114129097108805,5.94950769230769,0.966795,34.667,999
1960,14/08/1960,227,1959,15-Apr,1,sugar,alive,1,396,1958,15/7/1959,105,0,0,318,1960,21,2039,6451.41,5766.74,4980.6,153.252,2896.36,,20010.89,8004.355,91.627,20.346,71.398,71.398,0.669,9423.413,9424.081,141495.352,0.868,19,2660,1110.4,272.785,2076.57,506.096,1095.012,313.274,1408.285,21.7,9439.655,0.852,9440.507,142590.564,200,236.038,288.785,18.337,0.001,6.456,3.794,5499.43,350,0.922,3652.8,13.4,1461.1,0,0,17.103,28.347,19.812,210.1,Burdekin,AyrDPI,Mulg,1958,Furrow,BareFallow,35,Surf1,200,140,LowFreq,0,P2R,15AprV1R4,T4,3770.4,3166.096,2349.355,2662.629,24.794,6.457,4.84040913478303,0.108821722875696,4.92771704180064,0.76626,28.964,999
1961,14/09/1961,257,1960,15-Apr,1,sugar,alive,2,396,1958,14/8/1960,105,0,0,318,1961,21,2039,7370.77,6621.89,5693.66,175.7,3464.64,,15606.764,6242.706,62.534,21.354,84.158,84.158,0.852,9439.655,9440.507,142590.564,0.866,21,2940,490.9,350.218,1447.245,294.325,1343.423,300.068,1643.491,9.652,9429.206,1.074,9430.28,143549.011,200,256.981,314.201,25.644,0.001,9.041,5.045,5839.165,350,0.949,4242.6,15.5,1697,0,0,16.81,28.924,20.946,63.2,Burdekin,AyrDPI,Mulg,1958,Furrow,BareFallow,35,Surf1,200,140,LowFreq,0,P2R,15AprV1R4,T4,3430.9,3234.325,1797.463,2097.531,34.686,9.042,5.43235450982817,0.106906578740011,5.18289085545723,0.8785,34.646,999
1962,14/10/1962,287,1961,15-Apr,1,sugar,alive,3,395,1958,14/9/1961,105,0,0,318,1962,21,2039,7315.24,6541.76,5661.48,174.542,3331.91,,17861.635,7144.654,76.565,20.58,74.105,74.105,1.074,9429.206,9430.28,143549.011,0.858,20,2800,938.4,295.082,1789.777,517.122,1342.41,305.632,1648.042,15.152,9413.411,1.59,9415,144542.749,200,262.061,327.358,31.998,0.001,10.038,6.149,6334.319,350,0.939,3995.4,14.6,1598.1,0,0,17.583,29.38,20.364,102.1,Burdekin,AyrDPI,Mulg,1958,Furrow,BareFallow,35,Surf1,200,140,LowFreq,0,P2R,15AprV1R4,T4,3738.4,3317.122,2084.859,2390.491,42.037,10.039,5.26185048364215,0.10590870863728,5.37052307692308,0.87271,33.319,999
1963,14/11/1963,318,1962,15-Apr,1,sugar,alive,4,396,1958,14/10/1962,105,0,0,318,1963,21,2039,7100.46,6389.12,5415.27,167.275,3151.43,,17453.012,6981.205,73.383,20.273,79.605,79.605,1.59,9413.411,9415,144542.749,0.85,18,2520,1160.5,346.045,1780.336,608.112,1262.699,304.192,1566.892,13.143,9392.303,1.643,9393.946,145536.025,200,264.652,328.765,34.395,0.001,10.034,6.667,6164.063,350,0.94,4023.2,14.7,1609.3,0,0,17.404,29.102,19.769,91.9,Burdekin,AyrDPI,Mulg,1958,Furrow,BareFallow,35,Surf1,200,140,LowFreq,0,P2R,15AprV1R4,T4,3680.5,3128.112,2126.381,2430.573,44.43,10.035,5.34747477072432,0.10675592191421,5.63215488215488,0.836375,31.514,999
1964,14/04/1964,105,0,15-Apr,1,none,out,-1,0,1958,0.000,105,0,0,318,-1,21,2039,0,0,0,0,0,,17743.906,7097.562,79.259,0,66.832,66.832,1.643,9392.303,9393.946,145536.025,0.841,0,0,454.9,1.258,144.281,310.535,0,223.622,223.622,6.839,9498.311,5.94,9504.251,149255.104,0,0,8.461,0.282,0,0.132,0.03,3047.455,350,0,0.5,0,0.2,0,0,21.751,31.679,20.739,92.7,Burdekin,AyrDPI,Mulg,1958,Furrow,BareFallow,35,Surf1,200,140,LowFreq,0,P2R,15AprV1R4,T4,454.9,310.535,145.539,369.161,0.414,0.132,0,0,0,,0,999
1965,14/07/1965,195,1964,15-Apr,2,sugar,alive,0,456,1964,14/4/1964,105,0,0,318,1965,21,2039,7434.37,6608.11,5755.57,176.981,3429,,0,0,0,20.931,152.571,152.571,5.94,9498.311,9504.251,149255.104,0.843,20,2800,925.7,194.738,1893.108,528.166,1344.306,381.242,1725.548,34.273,9335.229,1.688,9336.917,146189.134,200,347.043,401.36,33.064,0.001,25.178,6.859,6341.057,350,0.961,4636.7,17,1854.7,0,0,17.254,29.269,18.671,107.4,Burdekin,AyrDPI,Mulg,1958,Furrow,BareFallow,35,Surf1,200,140,LowFreq,0,P2R,15AprV1R4,T4,3725.7,3328.166,2087.846,2469.088,58.243,25.179,5.31767345739365,0.102565098160121,5.44556923076923,0.884905,34.29,999
1966,14/08/1966,226,1965,15-Apr,2,sugar,alive,1,396,1964,14/7/1965,105,0,0,318,1966,21,2039,7097.08,6319.72,5382.55,165.405,3052.7,,18210.97,7284.387,90.821,19.801,64.879,64.879,1.688,9335.229,9336.917,146189.134,0.827,21,2940,379.3,89.737,1674.205,255.494,1234.567,306.417,1540.984,20.611,9312.153,1.403,9313.557,146726.215,200,269.13,321.832,23.772,0.001,9.837,4.919,5844.698,350,0.936,3923.3,14.4,1569.3,0,0,17.151,28.492,19.616,102.9,Burdekin,AyrDPI,Mulg,1958,Furrow,BareFallow,35,Surf1,200,140,LowFreq,0,P2R,15AprV1R4,T4,3319.3,3195.494,1763.942,2070.359,33.61,9.838,5.17619497955559,0.107337259828785,4.87920353982301,0.827025,30.527,999
1967,14/09/1967,257,1966,15-Apr,2,sugar,alive,2,396,1964,14/8/1966,105,0,0,318,1967,21,2039,7172.69,6453.27,5539.3,171.019,3198.39,,17908.285,7163.314,77.203,20.103,79.253,79.253,1.403,9312.153,9313.557,146726.215,0.822,19,2660,822.5,273.237,1675.857,432.325,1235.052,297.218,1532.271,13.653,9303.787,1.079,9304.866,147791.738,200,256.963,313.768,27.827,0.002,10.044,5.462,6043.159,350,0.939,3999.7,14.7,1599.9,0,0,17.866,28.633,19.652,154.9,Burdekin,AyrDPI,Mulg,1958,Furrow,BareFallow,35,Surf1,200,140,LowFreq,0,P2R,15AprV1R4,T4,3482.5,3092.325,1949.094,2246.312,37.873,10.046,5.53043422020648,0.111611457764325,5.49900321543408,0.855095,31.984,999
1968,13/10/1968,287,1967,15-Apr,2,sugar,alive,3,395,1964,14/9/1967,105,0,0,318,1968,21,2039,7235.25,6476.49,5663.61,174.529,3197.42,,17283.562,6913.426,71.755,19.634,80.389,80.389,1.079,9303.787,9304.866,147791.738,0.816,19,2660,1460.8,386.44,2234.537,531.267,1212.475,304.81,1517.285,31.039,9297.594,1.226,9298.82,148960.6,200,255.679,315.379,28.249,0.003,10.284,5.472,6054.081,350,0.958,4522.5,16.6,1809,0,0,18.074,28.752,20.257,187.9,Burdekin,AyrDPI,Mulg,1958,Furrow,BareFallow,35,Surf1,200,140,LowFreq,0,P2R,15AprV1R4,T4,4120.8,3191.267,2620.977,2925.787,38.536,10.287,5.46895637375375,0.115027170241583,5.61186495176849,0.872645,31.974,999
1969,13/11/1969,317,1968,15-Apr,2,sugar,alive,4,396,1964,13/10/1968,105,0,0,318,1969,21,2039,7392.11,6612.04,5669.72,174.838,3331.05,,17203.119,6881.248,73.909,20.534,62.928,62.928,1.226,9297.594,9298.82,148960.6,0.809,23,3220,250.5,364.019,1463.001,198.631,1342.918,293.942,1636.86,7.981,9280.636,1.628,9282.263,149713.957,200,261.961,329.744,35.231,0.003,8.786,6.677,6527.479,350,0.938,3974.8,14.6,1589.9,0,0,17.834,29.659,20.835,46.5,Burdekin,AyrDPI,Mulg,1958,Furrow,BareFallow,35,Surf1,200,140,LowFreq,0,P2R,15AprV1R4,T4,3470.5,3418.631,1827.02,2120.962,44.02,8.789,5.1142694253928,0.106813044487617,4.76397820163488,0.87419,33.311,999
1970,15/04/1970,105,0,15-Apr,2,none,out,-1,0,1964,0.000,105,0,0,318,-1,21,2039,0,0,0,0,0,,18018.878,7207.55,77.469,0,69.548,69.548,1.628,9280.636,9282.263,149713.957,0.801,0,0,539.4,0.063,285.267,254.131,0,195.719,195.719,13.349,9386.101,5.083,9391.184,153624.34,0,0,6.265,0.14,0,0.27,0.018,3013.775,350,0.001,0.8,0,0.3,0,0,22.057,32.151,21.774,133.6,Burdekin,AyrDPI,Mulg,1958,Furrow,BareFallow,35,Surf1,200,140,LowFreq,0,P2R,15AprV1R4,T4,539.4,254.131,285.33,481.049,0.41,0.27,0,0,0,,0,999
1971,15/07/1971,196,1970,15-Apr,3,sugar,alive,0,456,1970,15/4/1970,105,0,0,318,1971,21,2039,8099.04,7275.13,6298.13,194.748,3559.21,,0,0,0,19.579,127.901,127.901,5.083,9386.101,9391.184,153624.34,0.803,19,2660,1166.1,86.089,2073.109,704.219,1368.145,352,1720.145,35.852,9243.097,1.782,9244.879,150301.271,200,343.749,386.125,24.717,0.001,18.267,5.276,6815.181,350,0.966,4817.8,17.6,1927.1,0,0,17.179,28.576,18.844,220,Burdekin,AyrDPI,Mulg,1958,Furrow,BareFallow,35,Surf1,200,140,LowFreq,0,P2R,15AprV1R4,T4,3826.1,3364.219,2159.198,2511.198,42.985,18.268,5.78880269090687,0.113216037020135,6.26199356913183,0.97374,35.592,999
1972,14/08/1972,227,1971,15-Apr,3,sugar,alive,1,396,1970,15/7/1971,105,0,0,318,1972,21,2039,6607.56,5922.73,5052.65,155.619,2834.17,,19402.828,7761.132,92.749,19.501,74.66,74.66,1.782,9243.097,9244.879,150301.271,0.79,19,2660,1453.2,351.99,2226.551,534.903,1204.233,328.603,1532.836,31.826,9233.34,1.151,9234.492,150732.84,200,248.183,308.911,33.432,0.004,8.754,6.592,6146.81,350,0.924,3686.5,13.5,1474.6,0,0,16.729,28.625,19.565,206.2,Burdekin,AyrDPI,Mulg,1958,Furrow,BareFallow,35,Surf1,200,140,LowFreq,0,P2R,15AprV1R4,T4,4113.2,3194.903,2578.541,2907.144,42.19,8.758,4.87085210411709,0.101523581126748,5.00382636655949,0.778095,28.342,999
1973,14/09/1973,257,1972,15-Apr,3,sugar,alive,2,396,1970,14/8/1972,105,0,0,318,1973,21,2039,7020.17,6277.25,5360.25,164.593,2826.52,,16350.222,6540.088,69.848,18.223,76.483,76.483,1.151,9233.34,9234.492,150732.84,0.787,19,2660,1060.9,461.549,1717.46,515.161,1217.076,298.866,1515.942,12.611,9228.444,1.525,9229.968,151308.513,200,255.395,310.52,24.245,0.005,9.519,4.823,6425.626,350,0.934,3891.5,14.3,1556.6,0,0,18.042,28.91,19.726,108.5,Burdekin,AyrDPI,Mulg,1958,Furrow,BareFallow,35,Surf1,200,140,LowFreq,0,P2R,15AprV1R4,T4,3720.9,3175.161,2179.009,2477.875,33.769,9.524,5.18376863409446,0.108574734389574,5.29237942122187,0.822965,28.265,999
1974,14/10/1974,287,1973,15-Apr,3,sugar,alive,3,395,1970,14/9/1973,105,0,0,318,1974,21,2039,6696.74,6045.14,5127.81,158.828,2961.63,,17417.122,6966.848,71.006,20.036,102.432,102.432,1.525,9228.444,9229.968,151308.513,0.782,16,2240,2007.7,709.128,2130.208,699.103,1111.828,320.432,1432.26,10.578,9224.833,1.391,9226.225,151968.954,200,231.296,304.228,37.259,0.007,19.762,7.186,6315.01,350,0.895,3222.3,11.8,1288.9,0,0,17.752,28.355,18.545,152.9,Burdekin,AyrDPI,Mulg,1958,Furrow,BareFallow,35,Surf1,200,140,LowFreq,0,P2R,15AprV1R4,T4,4247.7,2939.103,2839.336,3159.768,57.028,19.769,5.40396168490863,0.110893273567648,5.90438661710037,0.79414,29.616,999
1975,14/11/1975,318,1974,15-Apr,3,sugar,alive,4,396,1970,14/10/1974,105,0,0,318,1975,21,2039,7828.49,7021.05,6039.31,186.778,3465.16,,16074.93,6429.972,67.638,19.919,78.536,78.536,1.391,9224.833,9226.225,151968.954,0.777,19,2660,1160.2,330.727,1797.937,724.487,1303.6,299.841,1603.441,13.368,9206.027,1.562,9207.589,152275.453,200,260.805,326.669,34.81,0.008,10.715,6.706,6859.882,350,0.938,3980.9,14.6,1592.4,0,0,18.497,28.821,19.89,179.8,Burdekin,AyrDPI,Mulg,1958,Furrow,BareFallow,35,Surf1,200,140,LowFreq,0,P2R,15AprV1R4,T4,3820.2,3384.487,2128.664,2428.505,45.533,10.723,5.51865024152848,0.116485732870745,6.00572347266881,0.93389,34.652,999
1976,14/04/1976,105,0,15-Apr,3,none,out,-1,0,1970,0.000,105,0,0,318,-1,21,2039,0,0,0,0,0,,18591.773,7436.711,75.808,0,166.631,166.631,1.562,9206.027,9207.589,152275.453,0.77,0,0,1465.2,276.242,835.628,525.039,0,326.237,326.237,38.584,9300.814,9.682,9310.496,155603.036,0,0,18.594,1.731,0.015,1.32,0.119,3789.769,350,0,0.3,0,0.1,0,0,22.163,30.457,19.717,139.2,Burdekin,AyrDPI,Mulg,1958,Furrow,BareFallow,35,Surf1,200,140,LowFreq,0,P2R,15AprV1R4,T4,1465.2,525.039,1111.87,1438.107,3.066,1.335,0,0,0,,0,999
1977,14/07/1977,195,1976,15-Apr,4,sugar,alive,0,456,1976,14/4/1976,105,0,0,318,1977,21,2039,8213.12,7381.99,6431.83,199.067,3344.83,,0,0,0,17.767,193.724,193.724,9.682,9300.814,9310.496,155603.036,0.771,20,2800,1401.4,279.377,2368.728,561.087,1310.129,353.703,1663.832,39.46,9168.461,1.806,9170.267,151918.787,200,331.483,370.065,25.591,0.008,22.6,5.407,7060.333,350,0.974,5230.2,19.2,2092.1,0,0,17.235,28.184,18.917,170.6,Burdekin,AyrDPI,Mulg,1958,Furrow,BareFallow,35,Surf1,200,140,LowFreq,0,P2R,15AprV1R4,T4,4201.4,3361.087,2648.105,3001.808,48.199,22.608,5.92269703223987,0.119643689987931,6.12513846153846,0.995335,33.448,999
1978,14/08/1978,226,1977,15-Apr,4,sugar,alive,1,396,1976,14/7/1977,105,0,0,318,1978,21,2039,6993.62,6248.13,5437.2,167.741,3103.88,,19586.607,7834.643,89.672,19.86,83.189,83.189,1.806,9168.461,9170.267,151918.787,0.757,19,2660,854.1,182.318,1842.387,424.979,1152.657,324.775,1477.432,24.738,9163.787,1.371,9165.158,151636.384,200,260.23,309.397,18.356,0.006,7.8,3.81,7074.277,350,0.928,3752,13.7,1500.8,0,0,17.283,28.125,20.382,150.6,Burdekin,AyrDPI,Mulg,1958,Furrow,BareFallow,35,Surf1,200,140,LowFreq,0,P2R,15AprV1R4,T4,3514.1,3084.979,2024.705,2349.48,26.162,7.806,5.43734657513066,0.113535512971155,5.39360128617363,0.838705,31.039,999
1979,14/09/1979,257,1978,15-Apr,4,sugar,alive,2,396,1976,14/8/1978,105,0,0,318,1979,21,2039,6648.21,5987.71,5121.26,158.27,2884.97,,16418.75,6567.5,67.137,19.521,95.152,95.152,1.371,9163.787,9165.158,151636.384,0.756,19,2660,1578.5,533.294,2306.18,643.092,1096.085,323.054,1419.139,27.558,9160.185,1.322,9161.507,151430.004,200,237.859,306.187,40.377,0.015,7.846,7.853,7023.878,350,0.922,3642.4,13.3,1457,0,0,17.891,28.175,19.058,350.7,Burdekin,AyrDPI,Mulg,1958,Furrow,BareFallow,35,Surf1,200,140,LowFreq,0,P2R,15AprV1R4,T4,4238.5,3303.092,2839.474,3162.528,48.238,7.861,4.79157104918664,0.111525368550931,5.08906752411576,0.79135,28.85,999
1980,13/10/1980,287,1979,15-Apr,4,sugar,alive,3,395,1976,14/9/1979,105,0,0,318,1980,21,2039,7354.62,6583.65,5725.66,176.438,3328.51,,16075.094,6430.038,66.014,20.304,75.038,75.038,1.322,9160.185,9161.507,151430.004,0.752,20,2800,777.5,296.348,1771.673,421.897,1216.275,308.823,1525.098,14.189,9146.905,1.286,9148.191,150905.515,200,260.647,317.175,27.863,0.011,10.506,5.42,7525.698,350,0.959,4567.1,16.7,1826.8,0,0,18.422,28.882,20.834,86.4,Burdekin,AyrDPI,Mulg,1958,Furrow,BareFallow,35,Surf1,200,140,LowFreq,0,P2R,15AprV1R4,T4,3577.5,3221.897,2068.021,2376.844,38.38,10.517,5.47621478898922,0.11568961470017,5.42886153846154,0.88219,33.285,999
1981,13/11/1981,317,1980,15-Apr,4,sugar,alive,4,396,1976,13/10/1980,105,0,0,318,1981,21,2039,7128.75,6391.96,5474.12,169.2,3169.31,,17728.156,7091.262,75.122,20.139,59.42,59.42,1.286,9146.905,9148.191,150905.515,0.746,19,2660,1127,422.225,1866.399,539.846,1180.658,300.903,1481.561,13.729,9142.967,1.641,9144.608,150030.58,200,250.043,315.611,30.944,0.061,10.241,5.853,8028.189,350,0.925,3702.4,13.6,1481,0,0,18.071,28.636,19.295,104.8,Burdekin,AyrDPI,Mulg,1958,Furrow,BareFallow,35,Surf1,200,140,LowFreq,0,P2R,15AprV1R4,T4,3787,3199.846,2288.624,2589.527,41.246,10.302,5.28775447318402,0.114203870107272,5.44051446945338,0.846,31.693,999
1982,15/04/1982,105,0,15-Apr,4,none,out,-1,0,1976,0.000,105,0,0,318,-1,21,2039,0,0,0,0,0,,17211.42,6884.568,73.447,0,76.234,76.234,1.641,9142.967,9144.608,150030.58,0.742,0,0,547.1,45.051,178.789,358.497,0,245.34,245.34,6.422,9228.181,20.984,9249.165,151479.829,0,0,26.331,1.23,0.008,0.783,0.132,5274.796,350,0,0.6,0,0.2,0,0,22.919,32.09,21.333,47.4,Burdekin,AyrDPI,Mulg,1958,Furrow,BareFallow,35,Surf1,200,140,LowFreq,0,P2R,15AprV1R4,T4,547.1,358.497,223.84,469.18,2.021,0.791,0,0,0,,0,999
1983,15/07/1983,196,1982,15-Apr,5,sugar,alive,0,456,1982,15/4/1982,105,0,0,318,1983,21,2039,8375.12,7462.14,6544.43,201.818,3537.48,,0,0,0,18.66,154.154,154.154,20.984,9228.181,9249.165,151479.829,0.742,22,3080,663.4,194.122,1883.405,399.658,1364.618,359.563,1724.18,34.645,9066.219,2.41,9068.63,146469.657,200,360.703,402.384,36.973,0.017,22.858,7.641,8435.154,350,0.977,5397.8,19.8,2159.1,0,0,17.149,28.361,19.179,95.4,Burdekin,AyrDPI,Mulg,1958,Furrow,BareFallow,35,Surf1,200,140,LowFreq,0,P2R,15AprV1R4,T4,3743.4,3479.658,2077.527,2437.09,59.848,22.875,5.79993780998018,0.117051583941352,5.717223796034,1.00909,35.375,999
1984,14/08/1984,227,1983,15-Apr,5,sugar,alive,1,396,1982,15/7/1983,105,0,0,318,1984,21,2039,7170.34,6429.93,5441.81,167.809,2997.85,,20148.928,8059.572,94.848,19.074,95.847,95.847,2.41,9066.219,9068.63,146469.657,0.729,21,2940,563.8,174.038,1807.026,415.709,1220.368,304.037,1524.405,19.386,9033.412,1.654,9035.065,146077.779,200,287.414,342.448,21.484,0.028,8.168,4.385,7275.358,350,0.928,3755.5,13.8,1502.2,0,0,17.537,28.492,19.07,75.6,Burdekin,AyrDPI,Mulg,1958,Furrow,BareFallow,35,Surf1,200,140,LowFreq,0,P2R,15AprV1R4,T4,3503.8,3355.709,1981.064,2285.101,29.68,8.196,5.00070178910031,0.11008163840974,4.9501179941003,0.839045,29.978,999
1985,14/09/1985,257,1984,15-Apr,5,sugar,alive,2,396,1982,14/8/1984,105,0,0,318,1985,21,2039,6809.98,6086.5,5269.17,162.05,2889.26,,17884.676,7153.871,78.093,19.03,94.178,94.178,1.654,9033.412,9035.065,146077.779,0.729,18,2520,817.5,247.345,1621.615,576.841,1171.642,328.769,1500.411,12.774,9022.111,1.153,9023.264,146300.76,200,261.288,318.498,28.904,0.032,8.43,5.753,6807.995,350,0.951,4311.7,15.8,1724.7,0,0,17.387,28.523,19.502,111.4,Burdekin,AyrDPI,Mulg,1958,Furrow,BareFallow,35,Surf1,200,140,LowFreq,0,P2R,15AprV1R4,T4,3337.5,3096.841,1868.96,2197.729,37.366,8.462,5.23275169761702,0.108003740308489,5.45622895622896,0.81025,28.893,999
1986,14/10/1986,287,1985,15-Apr,5,sugar,alive,3,395,1982,14/9/1985,105,0,0,318,1986,21,2039,6944.84,6226.4,5314.42,163.813,2997.56,,16761.928,6704.77,74.428,19.607,62.307,62.307,1.153,9022.111,9023.264,146300.76,0.726,20,2800,802.8,203.419,1826.22,522.4,1222.132,320.546,1542.678,14.686,9001.334,1.833,9003.166,146171.276,200,254.308,331.568,41.093,0.032,11.818,7.916,7134.12,350,0.931,3815.1,14,1526.1,0,0,18.476,29.285,18.879,117.8,Burdekin,AyrDPI,Mulg,1958,Furrow,BareFallow,35,Surf1,200,140,LowFreq,0,P2R,15AprV1R4,T4,3602.8,3322.4,2029.639,2350.185,52.943,11.85,4.93056224416085,0.106187422132162,5.0404,0.819065,29.976,999
1987,14/11/1987,318,1986,15-Apr,5,sugar,alive,4,396,1982,14/10/1986,105,0,0,318,1987,21,2039,7141.57,6352.74,5503.83,168.955,3131.68,,17101.519,6840.608,71.069,19.899,92.79,92.79,1.833,9001.334,9003.166,146171.276,0.721,22,3080,371,198.848,1627.515,290.076,1320.222,324.472,1644.694,11.576,8981.518,1.907,8983.424,146251.328,200,264.241,322.941,28.989,0.026,14.604,5.762,7070.939,350,0.954,4406,16.1,1762.4,0,0,18.663,29.934,20.137,44,Burdekin,AyrDPI,Mulg,1958,Furrow,BareFallow,35,Surf1,200,140,LowFreq,0,P2R,15AprV1R4,T4,3451,3370.076,1826.363,2150.835,43.619,14.63,5.01338842210087,0.102727315841123,4.78626062322946,0.844775,31.317,999
1988,14/04/1988,105,0,15-Apr,5,none,out,-1,0,1982,0.000,105,0,0,318,-1,21,2039,0,0,0,0,0,,17665.803,7066.321,77.02,0,72.733,72.733,1.907,8981.518,8983.424,146251.328,0.715,0,0,798.4,15.097,506.926,287.905,0,199.86,199.86,23.611,9077.11,13.656,9090.767,148741.366,0,0,20.693,0.574,0.007,1.398,0.072,4227.269,350,0,0.7,0,0.3,0,0,22.049,31.616,21.499,254,Burdekin,AyrDPI,Mulg,1958,Furrow,BareFallow,35,Surf1,200,140,LowFreq,0,P2R,15AprV1R4,T4,798.4,287.905,522.023,721.883,1.979,1.405,0,0,0,,0,999
1989,14/07/1989,195,1988,15-Apr,6,sugar,alive,0,456,1988,14/4/1988,105,0,0,318,1989,21,2039,8299.8,7418.22,6473.99,199.91,3603.5,,0,0,0,19.271,149.251,149.251,13.656,9077.11,9090.767,148741.366,0.717,18,2520,1506.2,221.039,2082.266,861.349,1372.076,373.025,1745.101,35.204,8927.91,1.685,8929.594,145439.215,200,344.379,386.257,27.247,0.03,28.908,5.799,6678.061,350,0.975,5253.2,19.2,2101.3,0,0,17.981,28.521,18.221,134.8,Burdekin,AyrDPI,Mulg,1958,Furrow,BareFallow,35,Surf1,200,140,LowFreq,0,P2R,15AprV1R4,T4,4026.2,3381.349,2303.305,2676.33,56.185,28.938,5.91213743390582,0.11455497418201,6.73097643097643,0.99955,36.035,999
1990,14/08/1990,226,1989,15-Apr,6,sugar,alive,1,396,1988,14/7/1989,105,0,0,318,1990,21,2039,6414.24,5686.93,4919.99,150.679,2816.71,,19984.619,7993.849,92.898,20.093,127.045,127.045,1.685,8927.91,8929.594,145439.215,0.705,17,2380,1294.8,433.133,1879.146,508.409,1108.181,313.159,1421.34,15.866,8937.523,1.014,8938.537,145755.053,200,237.295,286.376,15.456,0.038,17.507,3.247,6218.761,350.585,0.944,4119,15.1,1647.6,0,0,17.212,28.363,19.579,103,Burdekin,AyrDPI,Mulg,1958,Furrow,BareFallow,35,Surf1,200,140,LowFreq,0,P2R,15AprV1R4,T4,3674.8,2888.409,2312.279,2625.438,33.001,17.545,5.21667810895202,0.106011932401818,5.32434628975265,0.753395,28.167,999
1991,14/09/1991,257,1990,15-Apr,6,sugar,alive,2,396,1988,14/8/1990,105,0,0,318,1991,21,2039,6837.38,6131.65,5285.37,162.815,3054.48,,16202.317,6480.927,68.406,20.175,68.225,68.225,1.014,8937.523,8938.537,145755.053,0.706,19,2660,1680.4,580.836,2275.223,370.653,1198.735,279.382,1478.117,30.516,8944.093,1.201,8945.294,145954.372,200,244.629,296.845,21.373,0.047,9.648,4.264,6610.084,352.253,0.934,3885.7,14.2,1554.3,0,0,16.979,28.601,19.393,204.4,Burdekin,AyrDPI,Mulg,1958,Furrow,BareFallow,35,Surf1,200,140,LowFreq,0,P2R,15AprV1R4,T4,4340.4,3030.653,2856.059,3135.441,31.068,9.695,5.37227455601153,0.110150279037451,5.23520900321543,0.814075,30.545,999
1992,13/10/1992,287,1991,15-Apr,6,sugar,alive,3,395,1988,14/9/1991,105,0,0,318,1992,21,2039,7916.56,7098.1,6240.14,192.752,3885.76,,16495.002,6598.001,67.746,21.896,74.449,74.449,1.201,8944.093,8945.294,145954.372,0.704,22,3080,654.1,276.565,1758.123,365.318,1393.09,300.611,1693.702,13.611,8935.287,1.295,8936.582,146005.629,200,263.251,318.681,23.992,0.048,10.081,4.701,7266.619,353.951,0.958,4526.9,16.6,1810.8,0,0,18.241,29.523,20.826,122.8,Burdekin,AyrDPI,Mulg,1958,Furrow,BareFallow,35,Surf1,200,140,LowFreq,0,P2R,15AprV1R4,T4,3734.1,3445.318,2034.688,2335.299,34.121,10.129,5.59460694194266,0.113805143998177,5.46039660056657,0.96376,38.858,999
1993,13/11/1993,317,1992,15-Apr,6,sugar,alive,4,396,1988,13/10/1992,105,0,0,318,1993,21,2039,7613.87,6782.8,5995.07,185.103,3803.23,,18097.462,7238.985,72.338,22.372,80.16,80.16,1.295,8935.287,8936.582,146005.629,0.7,22,3080,548.9,281.647,1742.831,343.811,1300.458,309.81,1610.268,12.45,8934.78,1.52,8936.3,146122.51,200,251.81,317.837,31.372,0.098,8.796,5.951,7512.188,355.686,0.939,4002.8,14.7,1601.1,0,0,18.204,29.109,20.548,72,Burdekin,AyrDPI,Mulg,1958,Furrow,BareFallow,35,Surf1,200,140,LowFreq,0,P2R,15AprV1R4,T4,3628.9,3423.811,2024.478,2334.288,40.266,8.894,5.40634398335656,0.114951672640828,5.24371104815864,0.925515,38.032,999
1994,15/04/1994,105,0,15-Apr,6,none,out,-1,0,1988,0.000,105,0,0,318,-1,21,2039,0,0,0,0,0,,17162.219,6864.888,68.885,0,74.314,74.314,1.52,8934.78,8936.3,146122.51,0.697,0,0,309.7,0.094,75.622,234.071,0,206.581,206.581,3.576,9036.892,7.401,9044.292,149403.328,0,0,9.333,0.092,0,0.095,0.023,3776.167,356.371,0,0.7,0,0.3,0,0,21.943,31.765,22.341,46.8,Burdekin,AyrDPI,Mulg,1958,Furrow,BareFallow,35,Surf1,200,140,LowFreq,0,P2R,15AprV1R4,T4,309.7,234.071,75.716,282.297,0.187,0.095,0,0,0,,0,999
1995,15/07/1995,196,1994,15-Apr,7,sugar,alive,0,456,1994,15/4/1994,105,0,0,318,1995,21,2039,8781.72,7820.16,6924.92,213.876,4029.85,,0,0,0,20.276,101.718,101.718,7.401,9036.892,9044.292,149403.328,0.699,22,3080,419.6,87.931,1674.148,288.873,1418.656,354.565,1773.221,33.023,8895.907,1.962,8897.869,144940.754,200,357.07,392.086,17.125,0.022,15.019,3.785,8147.537,358.43,0.974,5212.7,19.1,2085.1,0,0,17.873,28.981,19.784,55.2,Burdekin,AyrDPI,Mulg,1958,Furrow,BareFallow,35,Surf1,200,140,LowFreq,0,P2R,15AprV1R4,T4,3499.6,3368.873,1762.079,2116.644,32.166,15.041,6.34859194751479,0.120614407341217,6.05881019830028,1.06938,40.298,999
1996,14/08/1996,227,1995,15-Apr,7,sugar,alive,1,396,1994,15/7/1995,105,0,0,318,1996,21,2039,7074.89,6289.74,5505.6,169.324,3309.41,,20213.61,8085.443,87.467,21.14,66.02,66.02,1.962,8895.907,8897.869,144940.754,0.69,20,2800,632.9,94.528,1796.257,358.936,1190.299,352.75,1543.049,24.996,8882.19,1.177,8883.367,144535.109,200,265.884,324.598,24.937,0.047,6.903,5.144,7393.395,360.246,0.944,4113.2,15.1,1645.3,0,0,18.911,29.224,19.946,107,Burdekin,AyrDPI,Mulg,1958,Furrow,BareFallow,35,Surf1,200,140,LowFreq,0,P2R,15AprV1R4,T4,3432.9,3158.936,1890.785,2243.535,31.887,6.95,5.36015924349211,0.109733391486596,5.20996923076923,0.84662,33.094,999
1997,14/09/1997,257,1996,15-Apr,7,sugar,alive,2,396,1994,14/8/1996,105,0,0,318,1997,21,2039,7766.47,6990.41,6131.88,189.657,3666.05,,16835.134,6734.053,66.847,20.876,65.087,65.087,1.177,8882.19,8883.367,144535.109,0.689,20,2800,964.3,476.415,1786.752,414.031,1173.568,305.468,1479.035,12.998,8895.408,1.28,8896.687,144679.615,200,246.923,297.029,19.295,0.088,9.112,3.896,7198.66,362.101,0.957,4505.9,16.5,1802.4,0,0,18.946,28.468,20.444,116.8,Burdekin,AyrDPI,Mulg,1958,Furrow,BareFallow,35,Surf1,200,140,LowFreq,0,P2R,15AprV1R4,T4,3764.3,3214.031,2263.167,2568.635,28.495,9.2,5.9009076141456,0.128230231198045,5.8356,0.948285,36.66,999
1998,14/10/1998,287,1997,15-Apr,7,sugar,alive,3,395,1994,14/9/1997,105,0,0,318,1998,21,2039,7667.28,6816.1,6023.17,185.078,3681.32,,17723.99,7089.597,69.26,21.565,87.184,87.184,1.28,8895.408,8896.687,144679.615,0.688,19,2660,959.5,256.083,1963.893,481.57,1122.507,284.421,1406.928,16.359,8893.943,1.492,8895.434,144370.588,200,261.536,317.177,19.433,0.074,11.749,3.849,7981.867,363.989,0.96,4603.2,16.9,1841.3,0,0,20.543,28.902,19.59,189.6,Burdekin,AyrDPI,Mulg,1958,Furrow,BareFallow,35,Surf1,200,140,LowFreq,0,P2R,15AprV1R4,T4,3619.5,3141.57,2219.976,2504.397,31.256,11.823,5.89125819255977,0.13154759873995,5.95106109324759,0.92539,36.813,999
1999,14/11/1999,318,1998,15-Apr,7,sugar,alive,4,396,1994,14/10/1998,105,0,0,318,1999,21,2039,7646.51,6860.39,6066.59,188.406,3778.74,,17887.768,7155.107,68.571,21.769,79.78,79.78,1.492,8893.943,8895.434,144370.588,0.685,19,2660,1137.3,291.608,1966.385,643.273,1168.904,357.724,1526.628,19.607,8885.659,1.93,8887.589,143947.583,200,240.696,317.077,47.654,0.136,10.342,9.01,7938.389,365.913,0.924,3684.1,13.5,1473.7,0,0,19.787,28.829,19.555,112,Burdekin,AyrDPI,Mulg,1958,Furrow,BareFallow,35,Surf1,200,140,LowFreq,0,P2R,15AprV1R4,T4,3797.3,3303.273,2257.993,2615.717,58.132,10.478,5.70361577744256,0.123413169416518,6.05807073954984,0.94203,37.787,999
2000,14/04/2000,105,0,15-Apr,7,none,out,-1,0,1994,0.000,105,0,0,318,-1,21,2039,0,0,0,0,0,,16560.851,6624.34,64.421,0,92.458,92.458,1.93,8885.659,8887.589,143947.583,0.682,0,0,1336.8,106.717,860.985,450.657,0,278.463,278.463,40.871,8985.636,6.629,8992.265,146869.866,0,0,15.142,1.03,0.107,1.755,0.076,4100.582,366.661,0,0.5,0,0.2,0,0,22.776,30.122,20.568,136,Burdekin,AyrDPI,Mulg,1958,Furrow,BareFallow,35,Surf1,200,140,LowFreq,0,P2R,15AprV1R4,T4,1336.8,450.657,967.702,1246.165,2.892,1.862,0,0,0,,0,999
2001,14/07/2001,195,2000,15-Apr,8,sugar,alive,0,456,2000,14/4/2000,105,0,0,318,2001,21,2039,9002.4,7984.48,7105.1,218.965,4060.31,,0,0,0,19.908,183.094,183.094,6.629,8985.636,8992.265,146869.866,0.683,21,2940,673.5,93.286,1860.297,478.161,1424.194,356.627,1780.821,37.481,8845.111,2.128,8847.239,141978.611,200,348.315,387.625,20.166,0.116,19.546,4.369,8585.841,368.939,0.982,5720,21,2288,0,0,17.62,28.396,18.917,52,Burdekin,AyrDPI,Mulg,1958,Furrow,BareFallow,35,Surf1,200,140,LowFreq,0,P2R,15AprV1R4,T4,3613.5,3418.161,1953.583,2310.21,39.828,19.662,6.40592997228627,0.122957332601087,6.45914454277286,1.094825,40.603,999
2002,14/08/2002,226,2001,15-Apr,8,sugar,alive,1,396,2000,14/7/2001,105,0,0,318,2002,21,2039,7224.67,6439.36,5615.75,172.627,3581.22,,20989.081,8395.633,89.842,22.617,62.19,62.19,2.128,8845.111,8847.239,141978.611,0.674,20,2800,787.8,98.652,1818.405,308.978,1335.992,321.408,1657.4,14.916,8834.542,1.225,8835.767,140929.323,200,274.606,324.416,16.092,0.064,6.038,3.389,8335.562,370.95,0.94,4025.3,14.7,1610.1,0,0,18.013,30.094,20.88,206,Burdekin,AyrDPI,Mulg,1958,Furrow,BareFallow,35,Surf1,200,140,LowFreq,0,P2R,15AprV1R4,T4,3587.8,3108.978,1917.057,2238.465,22.194,6.102,5.55253205394184,0.10415530348739,5.3116,0.863135,35.812,999
2003,14/09/2003,257,2002,15-Apr,8,sugar,alive,2,396,2000,14/8/2002,105,0,0,318,2003,21,2039,7498.5,6690.67,5871.63,180.698,3584.99,,17097.334,6838.933,68.222,21.503,75.534,75.534,1.225,8834.542,8835.767,140929.323,0.676,21,2940,472.6,361.416,1389.143,286.078,1362.248,298.272,1660.52,7.793,8836.352,1.227,8837.579,140192.886,200,257.349,310.919,22.663,0.172,7.736,4.571,8173.488,372.997,0.95,4285.1,15.7,1714,0,0,17.961,29.61,20.889,51,Burdekin,AyrDPI,Mulg,1958,Furrow,BareFallow,35,Surf1,200,140,LowFreq,0,P2R,15AprV1R4,T4,3412.6,3226.078,1750.559,2048.831,30.571,7.908,5.60116649380455,0.108820128634404,5.33032448377581,0.90349,35.85,999
2004,13/10/2004,287,2003,15-Apr,8,sugar,alive,3,395,2000,14/9/2003,105,0,0,318,2004,21,2039,7696.61,6917.68,6086.84,188.124,3725.25,,17470.689,6988.276,69.123,21.457,77.054,77.054,1.227,8836.352,8837.579,140192.886,0.675,20,2800,740.2,218.553,1672.01,362.185,1369.301,297.788,1667.089,16.026,8825.718,1.305,8827.023,139154.309,200,269.702,325.267,22.603,0.139,9.805,4.49,8614.05,375.073,0.96,4609,16.9,1843.6,0,0,18.289,29.817,20.803,173.2,Burdekin,AyrDPI,Mulg,1958,Furrow,BareFallow,35,Surf1,200,140,LowFreq,0,P2R,15AprV1R4,T4,3540.2,3162.185,1890.563,2188.351,32.547,9.944,5.94917754653823,0.112845804873045,5.78843076923077,0.94062,37.252,999
2005,13/11/2005,317,2004,15-Apr,8,sugar,alive,4,396,2000,13/10/2004,105,0,0,318,2005,21,2039,7770.05,6939.14,6093.3,188.158,3797.83,,17600.642,7040.256,72.53,21.927,59.603,59.603,1.305,8825.718,8827.023,139154.309,0.671,22,3080,746.3,197.289,1941.952,327.734,1363.961,305.44,1669.401,14.732,8812.9,1.673,8814.574,137788.024,200,271.905,331.118,24.769,0.119,9.221,4.848,9018.16,377.19,0.946,4162,15.3,1664.8,0,0,18.873,29.912,20.558,143.4,Burdekin,AyrDPI,Mulg,1958,Furrow,BareFallow,35,Surf1,200,140,LowFreq,0,P2R,15AprV1R4,T4,3826.3,3407.734,2139.241,2444.681,34.109,9.34,5.52149903719011,0.112709888157489,5.33025495750708,0.94079,37.978,999
2006,15/04/2006,105,0,15-Apr,8,none,out,-1,0,2000,0.000,105,0,0,318,-1,21,2039,0,0,0,0,0,,17790.072,7116.03,72.324,0,77.261,77.261,1.673,8812.9,8814.574,137788.024,0.669,0,0,756,2.584,445.837,308.762,0,201.369,201.369,20.83,8923.741,4.119,8927.859,140536.504,0,0,7.726,0.427,0.008,0.459,0.035,4430.13,378.025,0.001,0.8,0,0.3,0,0,23.05,32.354,21.641,178.4,Burdekin,AyrDPI,Mulg,1958,Furrow,BareFallow,35,Surf1,200,140,LowFreq,0,P2R,15AprV1R4,T4,756,308.762,448.421,649.79,0.894,0.467,0,0,0,,0,999
2007,15/07/2007,196,2006,15-Apr,9,sugar,alive,0,456,2006,15/4/2006,105,0,0,318,2007,21,2039,8808.3,7968.97,6941.53,216.116,4129.16,,0,0,0,20.601,183.472,183.472,4.119,8923.741,8927.859,140536.504,0.671,22,3080,1059.4,278.924,2105.334,561.112,1421.457,376.357,1797.813,37.601,8782.263,1.682,8783.945,134249.21,200,342.621,387.289,20.865,0.307,21.443,4.337,9842.029,380.529,0.966,4815.2,17.6,1926.1,0,0,17.476,28.166,18.606,130.2,Burdekin,AyrDPI,Mulg,1958,Furrow,BareFallow,35,Surf1,200,140,LowFreq,0,P2R,15AprV1R4,T4,4139.4,3641.112,2384.258,2760.615,42.615,21.75,5.93543950309686,0.12021050020219,6.12226628895184,1.08058,41.292,999
2008,14/08/2008,227,2007,15-Apr,9,sugar,alive,1,396,2006,15/7/2007,105,0,0,318,2008,21,2039,7290.75,6571.61,5688.77,176.201,3309.89,,19960.463,7984.186,84.742,20.205,140.801,140.801,1.682,8782.263,8783.945,134249.21,0.664,19,2660,1333.5,353.007,2124.366,595.478,1236.061,319.161,1555.222,27.348,8774.509,1.317,8775.826,132401.038,200,267.245,314.813,14.426,0.294,9.921,3.043,8968.31,382.731,0.924,3675.5,13.5,1470.2,0,0,17.627,28.579,19.221,108.2,Burdekin,AyrDPI,Mulg,1958,Furrow,BareFallow,35,Surf1,200,140,LowFreq,0,P2R,15AprV1R4,T4,3993.5,3255.478,2477.373,2796.534,24.641,10.215,5.41244634428493,0.113296365406354,5.6656270096463,0.881005,33.099,999
2009,14/09/2009,257,2008,15-Apr,9,sugar,alive,2,396,2006,14/8/2008,105,0,0,318,2009,21,2039,6902.19,6168.36,5327.46,163.875,2943.35,,16741.043,6696.417,68.038,19.192,101.705,101.705,1.317,8774.509,8775.826,132401.038,0.666,17,2380,1792.3,537.651,2195.923,524.069,1186.409,292.725,1479.134,27.445,8745.38,1.768,8747.148,131284.846,200,280.391,337.303,23.326,1.237,9.625,4.57,8215.036,384.976,0.943,4088.8,15,1635.5,0,0,18.267,29.263,18.871,197.2,Burdekin,AyrDPI,Mulg,1958,Furrow,BareFallow,35,Surf1,200,140,LowFreq,0,P2R,15AprV1R4,T4,4172.3,2904.069,2733.574,3026.299,34.188,10.862,5.6429444341715,0.110791179162943,5.79063604240283,0.819375,29.433,999
2010,14/10/2010,287,2009,15-Apr,9,sugar,alive,3,395,2006,14/9/2009,105,0,0,318,2010,21,2039,7729.87,6932.86,5973.17,184.208,3309.79,,16860.715,6744.286,73.084,19.2,61.298,61.298,1.768,8745.38,8747.148,131284.846,0.664,20,2800,1233.5,431.305,1981.261,545.657,1273.865,283.506,1557.371,19.886,8718.268,1.958,8720.226,130685.166,200,282.136,343.078,26.3,1.508,9.782,5.09,8093.9,387.257,0.941,4042.4,14.8,1617,0,0,19.228,29.317,18.617,135.2,Burdekin,AyrDPI,Mulg,1958,Furrow,BareFallow,35,Surf1,200,140,LowFreq,0,P2R,15AprV1R4,T4,4033.5,3345.657,2412.566,2696.072,37.59,11.29,5.50588419554067,0.118281385745593,5.66793846153846,0.92104,33.098,999
2011,14/11/2011,318,2010,15-Apr,9,sugar,alive,4,396,2006,14/10/2010,105,0,0,318,2011,21,2039,7039.19,6356.17,5560.64,173.68,3550.54,,18368.082,7347.233,73.939,22.245,124.862,124.862,1.958,8718.268,8720.226,130685.166,0.662,18,2520,1310.7,401.418,1939.994,671.53,1167.991,364.156,1532.147,19.426,8703.658,1.803,8705.462,130408.4,200,228.493,322.839,56.858,1.342,16.79,10.594,7481.794,389.574,0.871,2921.5,10.7,1168.6,0,0,17.965,28.621,18.554,81.4,Burdekin,AyrDPI,Mulg,1958,Furrow,BareFallow,35,Surf1,200,140,LowFreq,0,P2R,15AprV1R4,T4,3830.7,3191.53,2341.412,2705.568,74.99,18.132,5.44190403975523,0.113357269243748,5.84781144781145,0.8684,35.505,999
2012,14/04/2012,105,0,15-Apr,9,none,out,-1,0,2006,0.000,105,0,0,318,-1,21,2039,0,0,0,0,0,,15050.856,6020.342,62.333,0,82.003,82.003,1.803,8703.658,8705.462,130408.4,0.66,0,0,941.8,85.894,487.684,430.92,0,269.271,269.271,23.325,8803.825,6.077,8809.902,133013.901,0,0,11.265,0.704,0.112,0.697,0.052,3999.266,390.476,0,0.4,0,0.2,0,0,22.449,31.533,20.42,197.4,Burdekin,AyrDPI,Mulg,1958,Furrow,BareFallow,35,Surf1,200,140,LowFreq,0,P2R,15AprV1R4,T4,941.8,430.92,573.578,842.849,1.513,0.809,0,0,0,,0,999
2013,14/07/2013,195,2012,15-Apr,10,sugar,alive,0,456,2012,14/4/2012,105,0,0,318,2013,21,2039,8825.68,7941.35,6905.68,214.5,3933.05,,0,0,0,19.653,180.954,180.954,6.077,8803.825,8809.902,133013.901,0.661,23,3220,732,156.48,2105.312,437.201,1397.402,390.786,1788.189,39.73,8637.69,2.023,8639.713,129115.169,200,365.827,413.719,25.086,2.819,17.403,5.264,7403.471,393.212,0.969,4982.5,18.3,1993,0,0,17.447,28.351,18.992,178.6,Burdekin,AyrDPI,Mulg,1958,Furrow,BareFallow,35,Surf1,200,140,LowFreq,0,P2R,15AprV1R4,T4,3952,3657.201,2261.792,2652.578,45.308,20.222,5.86514112842034,0.119953763276701,5.84468664850136,1.0725,39.33,999
2014,14/08/2014,226,2013,15-Apr,10,sugar,alive,1,396,2012,14/7/2013,105,0,0,318,2014,21,2039,7205.88,6424.81,5580.07,171.515,3280.5,,20555.162,8222.064,89.268,20.626,82.974,82.974,2.023,8637.69,8639.713,129115.169,0.654,20,2800,683.8,223.239,1773.481,405.66,1201.34,294.755,1496.094,16.033,8642.766,1.041,8643.807,129438.039,200,258.05,305.342,16.826,0.319,6.057,3.49,6828.267,395.623,0.949,4240.1,15.5,1696,0,0,18.053,29.107,19.596,86.2,Burdekin,AyrDPI,Mulg,1958,Furrow,BareFallow,35,Surf1,200,140,LowFreq,0,P2R,15AprV1R4,T4,3483.8,3205.66,1996.72,2291.475,23.202,6.376,5.35038026490645,0.114641860738697,5.27738461538462,0.857575,32.805,999
2015,14/09/2015,257,2014,15-Apr,10,sugar,alive,2,396,2012,14/8/2014,105,0,0,318,2015,21,2039,7214.86,6429.71,5652.65,173.718,3487.83,,17423.475,6969.39,70.251,21.795,73.96,73.96,1.041,8642.766,8643.807,129438.039,0.656,21,2940,418.6,275.635,1455.343,249.653,1326.19,301.193,1627.383,9.452,8645.131,1.23,8646.361,129476.796,200,257.144,310.936,19.602,0.072,9.51,3.937,7365.244,398.072,0.947,4194.2,15.4,1677.7,0,0,18.088,29.909,20.707,83.4,Burdekin,AyrDPI,Mulg,1958,Furrow,BareFallow,35,Surf1,200,140,LowFreq,0,P2R,15AprV1R4,T4,3358.6,3189.653,1730.978,2032.171,29.184,9.582,5.44629776342442,0.106746844473612,5.12442477876106,0.86859,34.878,999
2016,13/10/2016,287,2015,15-Apr,10,sugar,alive,3,395,2012,14/9/2015,105,0,0,318,2016,21,2039,7381.18,6562.12,5751.12,176.431,3305.09,,16843.836,6737.534,66.445,20.142,74.199,74.199,1.23,8645.131,8646.361,129476.796,0.655,21,2940,554.6,275.457,1621.677,403.948,1295.516,295.787,1591.302,11.589,8639.686,1.547,8641.233,129402.877,200,262.626,322.159,23.927,0.094,9.589,4.695,7616.551,400.552,0.95,4284.7,15.7,1713.9,0,0,19.408,30.07,19.21,43.6,Burdekin,AyrDPI,Mulg,1958,Furrow,BareFallow,35,Surf1,200,140,LowFreq,0,P2R,15AprV1R4,T4,3494.6,3343.948,1897.134,2192.921,33.61,9.683,5.27612869578116,0.110872103472502,5.20445427728614,0.882155,33.051,999
2017,13/11/2017,317,2016,15-Apr,10,sugar,alive,4,396,2012,13/10/2016,105,0,0,318,2017,21,2039,7624.38,6803.84,5850.68,180.048,3354.81,,17497.515,6999.005,69.543,20.018,80.363,80.363,1.547,8639.686,8641.233,129402.877,0.653,19,2660,933.4,210.949,1729.741,549.741,1351.176,283.189,1634.365,13.521,8629.355,1.697,8631.052,129209.502,200,264.031,324.776,28.414,0.133,9.322,5.54,7741.674,403.076,0.945,4132.1,15.1,1652.9,0,0,18.877,30.034,18.44,107.8,Burdekin,AyrDPI,Mulg,1958,Furrow,BareFallow,35,Surf1,200,140,LowFreq,0,P2R,15AprV1R4,T4,3593.4,3209.741,1940.69,2223.879,37.869,9.455,5.60942456104714,0.110163886279993,5.78932475884244,0.90024,33.548,999
2018,16/04/2018,106,0,15-Apr,10,none,out,-1,0,2012,0.000,106,1,0,319,-1,21,2039,0,0,0,0,0,,18588.749,7435.5,75.644,0,98.708,98.708,1.697,8629.355,8631.052,129209.502,0.651,0,0,590.8,28.754,296.538,284.662,0,204.335,204.335,13.899,8737.654,4.357,8742.011,132624.374,0,0,6.062,0.253,0.035,0.203,0.022,3723.182,404.077,0.001,0.8,0,0.3,0,0,22.086,31.595,18.671,130.4,Burdekin,AyrDPI,Mulg,1958,Furrow,BareFallow,35,Surf1,200,140,LowFreq,0,P2R,15AprV1R4,T4,590.8,284.662,325.292,529.627,0.491,0.238,0,0,0,,0,999
2019,16/07/2019,197,2018,15-Apr,11,sugar,alive,0,456,2018,16/4/2018,106,1,0,319,2019,20,2039,7576.14,6760.32,5908.99,181.778,3118.94,,0,0,0,18.204,159.881,159.881,4.357,8737.654,8742.011,132624.374,0.652,20,2800,1216.9,366.305,2129.969,465.533,1268.53,319.199,1587.729,34.098,8586.808,2.238,8589.046,128261.505,200,355.535,396.332,17.948,0.68,18.792,3.899,7828.935,407.053,0.965,4807.1,17.6,1922.8,0,0,17.883,29.192,16.746,92.8,Burdekin,AyrDPI,Mulg,1958,Furrow,BareFallow,35,Surf1,200,140,LowFreq,0,P2R,15AprV1R4,T4,4016.9,3265.533,2496.274,2815.473,37.42,19.472,5.56656447814185,0.114489311463102,5.59316923076923,0.90889,31.189,999
2020,15/08/2020,228,2019,15-Apr,11,sugar,alive,1,396,2018,16/7/2019,106,1,0,319,2020,20,2039,7144.46,6356.84,5476.23,168.01,3050.73,,18256.825,7302.731,88.693,19.434,92.779,92.779,2.238,8586.808,8589.046,128261.505,0.647,19,2660,1063.1,193.657,1991.225,447.808,1250.518,295.705,1546.222,21.166,8573.774,1.21,8574.984,128296.34,200,263.386,314.343,20.222,0.355,12.078,4.196,6607.621,409.668,0.939,4003.5,14.7,1601.4,0,0,17.914,29.554,18.515,327.8,Burdekin,AyrDPI,Mulg,1958,Furrow,BareFallow,35,Surf1,200,140,LowFreq,0,P2R,15AprV1R4,T4,3723.1,3107.808,2184.882,2480.587,32.655,12.433,5.40606112089293,0.108658394460821,5.40225080385852,0.84005,30.507,999
2021,15/09/2021,258,2020,15-Apr,11,sugar,alive,2,396,2018,15/8/2020,106,1,0,319,2021,20,2039,6846.19,6104.18,5218.23,160.085,2789.11,,17582.936,7033.174,73.999,18.53,84.775,84.775,1.21,8573.774,8574.984,128296.34,0.648,20,2800,1075.5,487.98,1927.755,412.903,1147.719,271.261,1418.98,20.894,8582.442,1.349,8583.791,128501.165,200,242.723,300.882,23.569,0.086,9.845,4.642,6860.591,412.327,0.931,3810.9,14,1524.3,0,0,18.813,29.303,17.235,132.4,Burdekin,AyrDPI,Mulg,1958,Furrow,BareFallow,35,Surf1,200,140,LowFreq,0,P2R,15AprV1R4,T4,3875.5,3212.903,2415.735,2686.996,33.5,9.931,4.98256561122449,0.112816953022594,4.92569230769231,0.800425,27.891,999
