year,today,day,SowYear,SowDate,cropCycle,currentCrop,sugarStatus,ratoon_no,sugarDAS,sugarPlantYear,sugarPlantDate,sugarPlantingDAY,sugarPlantDelay,sugarHarvDelay,sugarLastHarvDAY,sugarHarvYear,realDelayForKill,totCycle,biomass,green_biomass,cane_wt,canefw,sucrose_wt,residue_wt,burntDM,burntOrgC,burntOrgN,ccs,totalInitTAW,totalInitPAW,totalInitInorgN,totalInitOrgN,totalInitSoilN,totalInitSoilC,meanInitOC2,irrigNum,totalIrrig,totalRain,totalDrain,totalRunoff,totalEffRain,totalTransp,totalEvap,totalEvapTr,totalSediment,totalSoilOrgN,totalSoilInorgN,totalSoilN,totalSoilC,totalFert,totalNUptake,totalNit,totalDeNit,totalNO3Leach,totalNO3Runoff,totalN2O,totalCO2,CO2,surfaceom_cover,surfaceom_wt,surfaceom_n,surfaceom_c,surfaceom_no3,surfaceom_nh4,meanTMin,meanTMax,meanRadn,maxRain,Region,WStation,Soil,StartYear,IrrigSys,Fallow,DryOff,Fert,FertAmt,IrrigAmt,IrrigFreq,MillMudAmt,NRunOffModel,Planting,Tillage,totalWater,totalWaterEff,totalWaterLoss,totalWaterLossWithEvap,totalNLoss,totalNPol,GPWUI,CWUE,GPWUI_450,NUE,sucroseTH,IrrigAlloc
1956,14/04/1956,105,0,15-Apr,0,none,out,-1,0,-1,0.000,105,0,0,318,-1,21,2039,0,0,0,0,0,,0,0,0,0,0,0,0,0,0,0,0.89,0,0,908.8,24.993,440.807,459.959,0,277.705,277.705,20.633,9506.471,28.495,9534.966,141792.379,0,0,34.65,7.699,0.206,1.19,1.16,1030.221,350,0,0.5,0,0.2,0,0,22.406,30.649,17.187,67.8,Burdekin,AyrDPI,Mulg,1956,Furrow,BareFallow,35,Surf1,200,110,LowFreq,0,P2R,15AprV1R4,T4,908.8,459.959,465.8,743.505,9.095,1.396,0,0,0,,0,999
1957,14/07/1957,195,1956,15-Apr,1,sugar,alive,0,456,1956,14/4/1956,105,0,0,318,1957,21,2039,7886.94,7112.85,6101.93,189.319,3249.89,,0,0,0,18.214,194.845,194.845,28.495,9506.471,9534.966,141792.379,0.884,19,2090,1202.9,194.053,1500.202,695.864,1300.458,416.071,1716.529,32.458,9421.742,0.821,9422.563,141374.395,200,291.736,324.806,40.198,0.595,16.012,8.472,3468.069,350,0.972,5097.6,18.7,2039,0,0,16.955,27.951,18.212,77.7,Burdekin,AyrDPI,Mulg,1956,Furrow,BareFallow,35,Surf1,200,110,LowFreq,0,P2R,15AprV1R4,T4,3292.9,2785.864,1694.255,2110.326,56.805,16.607,6.79570144127639,0.110291757377825,7.45350393700787,0.946595,32.499,999
1958,14/08/1958,226,1957,15-Apr,1,sugar,alive,1,396,1956,14/7/1957,105,0,0,318,1958,21,2039,6095.35,5375.79,4633.07,141.22,2464.06,,19505.502,7802.201,89.932,18.561,76.962,76.962,0.821,9421.742,9422.563,141374.395,0.868,18,1980,1020.9,205.507,1407.135,497.613,1079.36,324.998,1404.358,12.627,9430.459,0.897,9431.357,142407.593,200,244.71,292.933,17.689,0.001,4.573,3.764,5384.733,350,0.936,3932.4,14.4,1573,0,0,17.772,29.136,19.572,136.1,Burdekin,AyrDPI,Mulg,1956,Furrow,BareFallow,35,Surf1,200,110,LowFreq,0,P2R,15AprV1R4,T4,3000.9,2477.613,1612.642,1937.64,22.263,4.574,5.6998409356102,0.100558404623323,5.81152263374486,0.7061,24.641,999
1959,14/09/1959,257,1958,15-Apr,1,sugar,alive,2,396,1956,14/8/1958,105,0,0,318,1959,21,2039,7127.36,6388.4,5476.32,168.614,3020.65,,15771.966,6308.786,66.986,19.135,60.861,60.861,0.897,9430.459,9431.357,142407.593,0.865,19,2090,875.3,262.28,1192.046,478.437,1214.188,288.575,1502.763,10.284,9424.839,0.963,9425.802,143457.407,200,253.395,304.722,25.59,0.001,7.316,5.181,5563.911,350,0.952,4343.3,15.9,1737.3,0,0,16.929,28.362,19.643,162.8,Burdekin,AyrDPI,Mulg,1956,Furrow,BareFallow,35,Surf1,200,110,LowFreq,0,P2R,15AprV1R4,T4,2965.3,2568.437,1454.326,1742.901,32.907,7.317,6.56484858300982,0.112202656040906,6.63834645669291,0.84307,30.207,999
1960,13/10/1960,287,1959,15-Apr,1,sugar,alive,3,395,1956,14/9/1959,105,0,0,318,1960,21,2039,7308.09,6551.21,5692.72,175.607,3246.48,,17725.648,7090.26,77.019,19.839,69.072,69.072,0.963,9424.839,9425.802,143457.407,0.858,20,2200,1112.7,270.921,1578.791,492.923,1184.843,287.082,1471.925,17.668,9412.591,1.359,9413.949,144536.382,200,260.436,320.012,30.508,0.001,7.554,5.916,6014.869,350,0.958,4517,16.6,1806.8,0,0,17.803,28.647,20.438,210.1,Burdekin,AyrDPI,Mulg,1956,Furrow,BareFallow,35,Surf1,200,110,LowFreq,0,P2R,15AprV1R4,T4,3312.7,2692.923,1849.712,2136.794,38.063,7.555,6.52105537365903,0.119304312380047,6.62667924528302,0.878035,32.465,999
1961,13/11/1961,317,1960,15-Apr,1,sugar,alive,4,396,1956,13/10/1960,105,0,0,318,1961,21,2039,7307.51,6563.51,5652.33,175.153,3517.14,,17570.105,7028.042,77.306,21.799,60.135,60.135,1.359,9412.591,9413.949,144536.382,0.85,22,2420,499,147.336,1116.375,301.51,1327.964,314.115,1642.078,11.111,9388.577,2.031,9390.608,145389.291,200,269.638,330.731,34.996,0.001,7.047,6.753,6297.566,350,0.93,3800.5,13.9,1520.2,0,0,16.991,29.222,21.178,63.2,Burdekin,AyrDPI,Mulg,1956,Furrow,BareFallow,35,Surf1,200,110,LowFreq,0,P2R,15AprV1R4,T4,2919,2721.51,1263.711,1577.826,42.044,7.048,6.43587567196152,0.10666545681752,6.10289198606272,0.875765,35.171,999
1962,15/04/1962,105,0,15-Apr,1,none,out,-1,0,1956,0.000,105,0,0,318,-1,21,2039,0,0,0,0,0,,17299.453,6919.78,76.505,0,73.347,73.347,2.031,9388.577,9390.608,145389.291,0.842,0,0,875.8,76.557,394.113,462.263,0,314.864,314.864,18.674,9474.693,22.352,9497.046,148111.464,0,0,29.885,2.391,0.001,1.365,0.218,4060.383,350,0,0.4,0,0.1,0,0,21.944,31.478,21.317,102.1,Burdekin,AyrDPI,Mulg,1956,Furrow,BareFallow,35,Surf1,200,110,LowFreq,0,P2R,15AprV1R4,T4,875.8,462.263,470.67,785.534,3.757,1.366,0,0,0,,0,999
1963,15/07/1963,196,1962,15-Apr,2,sugar,alive,0,456,1962,15/4/1962,105,0,0,318,1963,21,2039,7059.23,6260.58,5480.98,168.185,3117.05,,0,0,0,19.896,163.613,163.613,22.352,9474.693,9497.046,148111.464,0.841,19,2090,1147.9,221.647,1521.065,665.355,1229.898,367.692,1597.59,24.796,9311.083,1.752,9312.835,145846.224,200,361.148,401.562,40.163,0.001,19.342,8.353,5394.651,350,0.965,4784.1,17.5,1913.6,0,0,16.968,28.851,18.604,91.9,Burdekin,AyrDPI,Mulg,1956,Furrow,BareFallow,35,Surf1,200,110,LowFreq,0,P2R,15AprV1R4,T4,3237.9,2755.355,1742.712,2110.404,59.506,19.343,6.10393216119157,0.105274194255097,6.62145669291339,0.840925,31.17,999
1964,14/08/1964,227,1963,15-Apr,2,sugar,alive,1,396,1962,15/7/1963,105,0,0,318,1964,21,2039,6314.98,5546.97,4797.14,145.89,2576.43,,17481.539,6992.615,90.772,18.822,61.212,61.212,1.752,9311.083,9312.835,145846.224,0.824,19,2090,612.7,7.901,1213.262,466.075,1157.748,322.694,1480.442,15.333,9288.873,1.257,9290.13,146308.337,200,269.191,319.972,23.555,0,8.435,5.052,5703.997,350,0.94,4025.3,14.8,1610.1,0,0,17.172,29.171,19.499,92.7,Burdekin,AyrDPI,Mulg,1956,Furrow,BareFallow,35,Surf1,200,110,LowFreq,0,P2R,15AprV1R4,T4,2702.7,2556.075,1221.163,1543.857,31.99,8.435,5.70757900296353,0.0985448940248926,5.74370078740157,0.72945,25.764,999
1965,14/09/1965,257,1964,15-Apr,2,sugar,alive,2,396,1962,14/8/1964,105,0,0,318,1965,21,2039,6881.31,6210.64,5238.75,162.027,2947.42,,16323.132,6529.252,77.986,19.475,62.309,62.309,1.257,9288.873,9290.13,146308.337,0.82,20,2200,831.2,208.484,1248.867,449.348,1230.057,332.301,1562.357,10.923,9266.958,1.07,9268.029,147078.56,200,259.212,320.618,35.769,0.001,7.707,7.052,5651.526,350,0.93,3792.2,13.9,1516.9,0,0,17.287,29.163,19.689,107.4,Burdekin,AyrDPI,Mulg,1956,Furrow,BareFallow,35,Surf1,200,110,LowFreq,0,P2R,15AprV1R4,T4,3031.2,2649.348,1457.351,1789.652,43.477,7.708,6.11573111573112,0.103706771243704,6.11422641509434,0.810135,29.474,999
1966,14/10/1966,287,1965,15-Apr,2,sugar,alive,3,395,1962,14/9/1965,105,0,0,318,1966,21,2039,6946.62,6188.21,5318.91,163.19,3014.29,,17185.145,6874.057,79.074,19.819,73.802,73.802,1.07,9266.958,9268.029,147078.56,0.812,22,2420,392.1,162.691,1171.992,278.609,1200.222,290.267,1490.489,8.47,9256.677,1.193,9257.87,148133.536,200,255.202,316.692,32.565,0.001,7.903,6.311,5824.924,350,0.957,4492,16.5,1796.8,0,0,17.785,28.871,19.833,102.9,Burdekin,AyrDPI,Mulg,1956,Furrow,BareFallow,35,Surf1,200,110,LowFreq,0,P2R,15AprV1R4,T4,2812.1,2698.609,1334.683,1624.95,40.469,7.904,6.04718949651469,0.109487557439203,5.68606271777003,0.81595,30.143,999
1967,14/11/1967,318,1966,15-Apr,2,sugar,alive,4,396,1962,14/10/1966,105,0,0,318,1967,21,2039,7205.85,6449.91,5543.76,171.08,3220.23,,17653.787,7061.515,77.446,20.252,60.729,60.729,1.193,9256.677,9257.87,148133.536,0.805,20,2200,821.8,196.381,1279.555,415.158,1229.955,309.514,1539.469,10.546,9245.86,1.415,9247.275,149104.004,200,255.977,320.166,34.756,0.001,6.922,6.942,6078.584,350,0.941,4051.4,14.9,1620.5,0,0,18.229,28.885,20.191,154.9,Burdekin,AyrDPI,Mulg,1956,Furrow,BareFallow,35,Surf1,200,110,LowFreq,0,P2R,15AprV1R4,T4,3021.8,2615.158,1475.936,1785.45,41.679,6.923,6.54186095065767,0.111129227025682,6.45584905660377,0.8554,32.202,999
1968,14/04/1968,105,0,15-Apr,2,none,out,-1,0,1962,0.000,105,0,0,318,-1,21,2039,0,0,0,0,0,,17571.415,7028.567,75.121,0,67.124,67.124,1.415,9245.86,9247.275,149104.004,0.799,0,0,1341.7,140.49,843.93,456.474,0,277.814,277.814,39.906,9342.999,8.894,9351.893,152615.587,0,0,12.822,0.511,0.003,0.67,0.046,3198.122,350,0,0.5,0,0.2,0,0,22.329,31.086,21.557,187.9,Burdekin,AyrDPI,Mulg,1956,Furrow,BareFallow,35,Surf1,200,110,LowFreq,0,P2R,15AprV1R4,T4,1341.7,456.474,984.42,1262.234,1.184,0.673,0,0,0,,0,999
1969,14/07/1969,195,1968,15-Apr,3,sugar,alive,0,456,1968,14/4/1968,105,0,0,318,1969,21,2039,7561.32,6806.2,5842.55,180.83,3359.85,,0,0,0,19.954,146.591,146.591,8.894,9342.999,9351.893,152615.587,0.8,24,2640,302.7,38.071,1240.227,253.524,1321.182,410.388,1731.57,24.964,9199.563,1.959,9201.522,149656.255,200,344.055,385.284,29.096,0.001,15.73,6.238,6295.182,350,0.949,4239.9,15.5,1695.9,0,0,17.239,28.858,19.267,46.5,Burdekin,AyrDPI,Mulg,1956,Furrow,BareFallow,35,Surf1,200,110,LowFreq,0,P2R,15AprV1R4,T4,2942.7,2893.524,1278.298,1688.686,44.827,15.731,6.24947296099842,0.104431238702449,5.85210355987055,0.90415,33.599,999
1970,14/08/1970,226,1969,15-Apr,3,sugar,alive,1,396,1968,14/7/1969,105,0,0,318,1970,21,2039,6727.99,5998.1,5074.01,155.545,2886.97,,18213.378,7285.352,90.077,19.929,79.424,79.424,1.959,9199.563,9201.522,149656.255,0.785,19,2090,667.3,23.582,1170.462,410.076,1210.789,317.865,1528.654,11.503,9181.725,1.336,9183.062,150081.718,200,273.382,317.183,18.371,0.001,6.548,3.913,6051.355,350,0.931,3811.3,14,1524.5,0,0,17.457,29.272,20.242,133.6,Burdekin,AyrDPI,Mulg,1956,Furrow,BareFallow,35,Surf1,200,110,LowFreq,0,P2R,15AprV1R4,T4,2757.3,2500.076,1194.044,1511.909,24.92,6.549,6.22161086302976,0.101752914655638,6.1238188976378,0.777725,28.87,999
1971,14/09/1971,257,1970,15-Apr,3,sugar,alive,2,396,1968,14/8/1970,105,0,0,318,1971,21,2039,7291.38,6580.02,5640.24,174.445,3235.35,,17298.44,6919.376,75.778,19.912,114.028,114.028,1.336,9181.725,9183.062,150081.718,0.782,18,1980,1226,180.228,1458.854,723.273,1270.668,304.703,1575.371,12.501,9174.771,1.296,9176.066,150921.854,200,249.956,310.413,29.029,0.002,13.401,5.743,6118.885,350,0.941,4036.5,14.8,1614.6,0,0,17.442,28.692,19.601,220,Burdekin,AyrDPI,Mulg,1956,Furrow,BareFallow,35,Surf1,200,110,LowFreq,0,P2R,15AprV1R4,T4,3206,2703.273,1639.082,1943.785,42.432,13.403,6.4531033306662,0.110732646468673,7.17880658436214,0.872225,32.353,999
1972,13/10/1972,287,1971,15-Apr,3,sugar,alive,3,395,1968,14/9/1971,105,0,0,318,1972,21,2039,7051.23,6372.83,5436.08,168.267,3181.08,,17465.756,6986.303,72.844,20.353,105.575,105.575,1.296,9174.771,9176.066,150921.854,0.776,20,2200,1328.3,384.565,1594.372,451.296,1283.953,303.94,1587.893,11.313,9173.958,1.216,9175.173,151865.721,200,250.102,308.283,28.651,0.004,8.653,5.578,6179.663,350,0.937,3954,14.5,1581.6,0,0,16.804,28.821,20.091,206.2,Burdekin,AyrDPI,Mulg,1956,Furrow,BareFallow,35,Surf1,200,110,LowFreq,0,P2R,15AprV1R4,T4,3528.3,2651.296,1978.937,2282.877,37.308,8.657,6.34659426936864,0.105968727111965,6.34969811320755,0.841335,31.811,999
1973,17/11/1973,321,1972,15-Apr,3,sugar,alive,4,400,1968,13/10/1972,105,0,4,318,1973,17,2039,7407.8,6627.68,5651.93,174.151,3181.8,,17089.679,6835.871,74.083,19.573,67.045,67.045,1.216,9173.958,9175.173,151865.721,0.771,20,2200,1238.1,314.63,1496.039,669.002,1251.775,299.92,1551.695,10.703,9164.197,1.713,9165.911,152496.577,200,259.824,321.156,31.318,0.003,7.901,6.201,6689.528,350,0.932,3843,14.1,1537.2,0,0,18.843,29.254,19.804,108.5,Burdekin,AyrDPI,Mulg,1956,Furrow,BareFallow,35,Surf1,200,110,LowFreq,0,P2R,15AprV1R4,T4,3438.1,2869.002,1810.669,2110.589,39.222,7.904,6.07008987794362,0.11223275192612,6.5717358490566,0.870755,31.818,999
1974,15/04/1974,105,0,15-Apr,3,none,out,-1,0,1968,0.000,105,0,4,322,-1,17,2043,0,0,0,0,0,,18191.417,7276.566,73.997,0,142.781,142.781,1.713,9164.197,9165.911,152496.577,0.765,0,0,1721.8,342.896,991.611,507.532,0,363.701,363.701,47.076,9261.757,9.742,9271.499,156072.048,0,0,17.987,1.407,0.015,0.998,0.097,3360.18,350,0,0.2,0,0.1,0,0,22.293,30.139,17.364,152.9,Burdekin,AyrDPI,Mulg,1956,Furrow,BareFallow,35,Surf1,200,110,LowFreq,0,P2R,15AprV1R4,T4,1721.8,507.532,1334.507,1698.208,2.42,1.013,0,0,0,,0,999
1975,15/07/1975,196,1974,15-Apr,4,sugar,alive,0,456,1974,15/4/1974,105,0,0,318,1975,21,2039,8130.15,7244.6,6294.58,193.851,3433.63,,0,0,0,18.887,166.373,166.373,9.742,9261.757,9271.499,156072.048,0.767,20,2200,763.6,96.58,1266.454,547.815,1330.3,369.787,1700.087,24.397,9133.552,1.869,9135.421,152823.414,200,335.129,370.372,24.94,0.004,16.217,5.342,6705.153,350,0.973,5150.3,18.9,2060.1,0,0,17.001,28.293,19.228,65,Burdekin,AyrDPI,Mulg,1956,Furrow,BareFallow,35,Surf1,200,110,LowFreq,0,P2R,15AprV1R4,T4,2963.6,2747.815,1363.034,1732.821,41.161,16.221,7.0547325784305,0.114024164645692,7.3151320754717,0.969255,34.336,999
1976,14/08/1976,227,1975,15-Apr,4,sugar,alive,1,396,1974,15/7/1975,105,0,0,318,1976,21,2039,6732.25,6033.62,5179.62,159.977,2883.44,,19980.095,7992.039,93.408,19.27,66.852,66.852,1.869,9133.552,9135.421,152823.414,0.753,16,1760,1989.1,443.897,1857.073,757.412,1091.714,351.787,1443.501,27.7,9135.085,1.22,9136.305,153055.665,200,243.517,301.127,28.437,0.007,7.246,5.71,6419.326,350,0.912,3467,12.7,1386.8,0,0,17.81,28.163,18.823,179.8,Burdekin,AyrDPI,Mulg,1956,Furrow,BareFallow,35,Surf1,200,110,LowFreq,0,P2R,15AprV1R4,T4,3749.1,2517.412,2300.97,2652.757,35.69,7.253,6.35481995001216,0.110825693920545,7.23877828054299,0.799885,28.834,999
1977,14/09/1977,257,1976,15-Apr,4,sugar,alive,2,396,1974,14/8/1976,105,0,0,318,1977,21,2039,7084.12,6369.08,5456.38,168.119,2918.71,,16144.384,6457.754,66.979,18.454,71.481,71.481,1.22,9135.085,9136.305,153055.665,0.753,18,1980,1380,216.187,1701.613,557.458,1143.433,296.101,1439.535,18.062,9127.885,1.209,9129.095,153266.354,200,259.246,309.985,23.039,0.004,7.643,4.651,6638.279,350,0.951,4299.5,15.8,1719.8,0,0,17.722,28.369,19.544,170.6,Burdekin,AyrDPI,Mulg,1956,Furrow,BareFallow,35,Surf1,200,110,LowFreq,0,P2R,15AprV1R4,T4,3360,2537.458,1917.8,2213.901,30.686,7.647,6.6254889736106,0.116787018030128,6.91847736625514,0.840595,29.187,999
1978,14/10/1978,287,1977,15-Apr,4,sugar,alive,3,395,1974,14/9/1977,105,0,0,318,1978,21,2039,7442.74,6690.09,5805.77,179.306,3443.2,,17490.294,6996.118,75.974,20.72,74.147,74.147,1.209,9127.885,9129.095,153266.354,0.748,19,2090,953.7,200.628,1330.135,524.425,1211.331,298.024,1509.355,15.228,9125.652,1.26,9126.912,153472.882,200,255.611,313.918,28.099,0.006,7.579,5.469,7066.177,350,0.953,4365.7,16,1746.3,0,0,17.755,28.363,20.718,150.6,Burdekin,AyrDPI,Mulg,1956,Furrow,BareFallow,35,Surf1,200,110,LowFreq,0,P2R,15AprV1R4,T4,3043.7,2614.425,1530.763,1828.787,35.684,7.585,6.85833405050824,0.118796439538743,7.05929133858268,0.89653,34.432,999
1979,14/11/1979,318,1978,15-Apr,4,sugar,alive,4,396,1974,14/10/1978,105,0,0,318,1979,21,2039,7064.7,6317.84,5433.05,167.845,3187.93,,17625.081,7050.032,73.102,20.462,77.73,77.73,1.26,9125.652,9126.912,153472.882,0.744,19,2090,1489.5,316.419,1786.658,574.892,1154.849,333.084,1487.932,15.572,9122.898,1.535,9124.433,153466.437,200,243.64,313.337,39.015,0.009,7.602,7.496,7199.533,350,0.922,3647.8,13.4,1459.1,0,0,18.32,28.53,19.539,350.7,Burdekin,AyrDPI,Mulg,1956,Furrow,BareFallow,35,Surf1,200,110,LowFreq,0,P2R,15AprV1R4,T4,3579.5,2664.892,2103.077,2436.161,46.626,7.611,6.29837907127193,0.112804214171078,6.60807086614173,0.839225,31.879,999
1980,14/04/1980,105,0,15-Apr,4,none,out,-1,0,1974,0.000,105,0,0,318,-1,21,2039,0,0,0,0,0,,16969.649,6787.86,71.792,0,66.221,66.221,1.535,9122.898,9124.433,153466.437,0.74,0,0,636.1,18.676,305.069,328.242,0,231.744,231.744,14.332,9222.233,8.18,9230.414,156278.308,0,0,11.12,0.393,0.003,0.355,0.039,3910.179,350,0,0.6,0,0.2,0,0,22.487,31.511,22.411,86.4,Burdekin,AyrDPI,Mulg,1956,Furrow,BareFallow,35,Surf1,200,110,LowFreq,0,P2R,15AprV1R4,T4,636.1,328.242,323.745,555.489,0.751,0.358,0,0,0,,0,999
1981,14/07/1981,195,1980,15-Apr,5,sugar,alive,0,456,1980,14/4/1980,105,0,0,318,1981,21,2039,8063.08,7263.06,6284.79,194.789,3435.41,,0,0,0,18.793,146.833,146.833,8.18,9222.233,9230.414,156278.308,0.742,19,2090,1226.2,278.38,1486.411,673.522,1258.456,363.27,1621.725,26.865,9090.124,1.779,9091.903,151718.724,200,337.653,373.805,23.25,0.011,16.993,4.994,7940.721,350,0.966,4820.4,17.7,1928.2,0,0,17.555,28.055,18.773,104.8,Burdekin,AyrDPI,Mulg,1956,Furrow,BareFallow,35,Surf1,200,110,LowFreq,0,P2R,15AprV1R4,T4,3316.2,2763.522,1764.791,2128.061,40.254,17.004,7.04857786549193,0.120112226178914,7.66885826771653,0.973945,34.354,999
1982,14/08/1982,226,1981,15-Apr,5,sugar,alive,1,396,1980,14/7/1981,105,0,0,318,1982,21,2039,6929.38,6197.84,5318.51,163.666,3096,,19212.85,7685.139,91.368,20.367,76.517,76.517,1.779,9090.124,9091.903,151718.724,0.73,19,2090,604.4,65.424,1095.84,433.014,1220.978,319.638,1540.615,12.1,9075.011,1.244,9076.255,150161.614,200,270.032,316.478,20.915,0.006,5.199,4.411,8198.909,350,0.94,4028.1,14.8,1611.2,0,0,17.532,28.965,19.448,47.4,Burdekin,AyrDPI,Mulg,1956,Furrow,BareFallow,35,Surf1,200,110,LowFreq,0,P2R,15AprV1R4,T4,2694.4,2523.014,1161.264,1480.902,26.12,5.205,6.48692397267712,0.106234198680397,6.44354330708662,0.81833,30.96,999
1983,14/09/1983,257,1982,15-Apr,5,sugar,alive,2,396,1980,14/8/1982,105,0,0,318,1983,21,2039,7115.07,6361.47,5510.96,169.539,3027.43,,17116.363,6846.545,73.073,19.064,69.038,69.038,1.244,9075.011,9076.255,150161.614,0.729,20,2200,637.3,238.839,1097.467,378.189,1187.78,304.786,1492.566,8.024,9070.755,1.226,9071.981,148773.978,200,260.38,312.25,22.819,0.011,6.67,4.661,8404.327,350,0.951,4314.4,15.8,1725.8,0,0,17.915,28.646,19.857,95.4,Burdekin,AyrDPI,Mulg,1956,Furrow,BareFallow,35,Surf1,200,110,LowFreq,0,P2R,15AprV1R4,T4,2837.3,2578.189,1336.306,1641.092,29.5,6.681,6.57589494020803,0.113588946820442,6.39769811320755,0.847695,30.274,999
1984,13/10/1984,287,1983,15-Apr,5,sugar,alive,3,395,1980,14/9/1983,105,0,0,318,1984,21,2039,7441,6702.86,5718.14,176.956,3332.41,,17302.155,6920.863,72.025,20.263,77.466,77.466,1.226,9070.755,9071.981,148773.978,0.725,22,2420,624.6,193.312,1280.565,464.367,1262.699,300.15,1562.85,13.066,9045.251,2.356,9047.607,147394.875,200,276.138,335.733,28.328,0.013,8.153,5.583,8616.985,350,0.932,3849,14.1,1539.6,0,0,17.81,28.719,19.464,75.6,Burdekin,AyrDPI,Mulg,1956,Furrow,BareFallow,35,Surf1,200,110,LowFreq,0,P2R,15AprV1R4,T4,3044.6,2884.367,1473.877,1774.027,36.494,8.166,6.13500293131907,0.113226477269092,6.16571428571429,0.88478,33.324,999
1985,13/11/1985,317,1984,15-Apr,5,sugar,alive,4,396,1980,13/10/1984,105,0,0,318,1985,21,2039,7668.65,6947.81,5897.43,183.351,3361.03,,17915.982,7166.393,75.684,19.647,85.339,85.339,2.356,9045.251,9047.607,147394.875,0.721,21,2310,872.5,151.482,1401.281,560.479,1300.996,309.353,1610.349,11.115,9007.687,2.172,9009.859,147043.373,200,280.855,352.583,38.659,0.037,9.277,7.427,7749.951,350,0.921,3633.2,13.3,1453.3,0,0,17.761,28.762,19.57,111.4,Burdekin,AyrDPI,Mulg,1956,Furrow,BareFallow,35,Surf1,200,110,LowFreq,0,P2R,15AprV1R4,T4,3182.5,2870.479,1552.763,1862.116,47.973,9.314,6.38747052321233,0.113857927691451,6.64315217391304,0.916755,33.61,999
1986,15/04/1986,105,0,15-Apr,5,none,out,-1,0,1980,0.000,105,0,0,318,-1,21,2039,0,0,0,0,0,,18143.667,7257.467,78.661,0,104.728,104.728,2.172,9007.687,9009.859,147043.373,0.717,0,0,420.5,56.427,128.469,280.127,0,207.585,207.585,4.829,9103.648,20.552,9124.2,149280.921,0,0,23.833,0.421,0.018,0.254,0.067,4900.047,350,0,0.7,0,0.3,0,0,22.125,31.888,20.927,117.8,Burdekin,AyrDPI,Mulg,1956,Furrow,BareFallow,35,Surf1,200,110,LowFreq,0,P2R,15AprV1R4,T4,420.5,280.127,184.896,392.481,0.693,0.272,0,0,0,,0,999
1987,15/07/1987,196,1986,15-Apr,6,sugar,alive,0,456,1986,15/4/1986,105,0,0,318,1987,21,2039,7817.86,6988.25,6070.41,187.302,3693.54,,0,0,0,21.355,132.748,132.748,20.552,9103.648,9124.2,149280.921,0.718,23,2530,585.4,40.368,1376.991,483.116,1346.933,397.692,1744.625,26.651,8920.858,2.082,8922.94,145651.65,200,381.302,425.945,37.851,0.017,20.61,8.012,6951.511,350,0.964,4765.2,17.5,1906.1,0,0,18.179,29.194,18.291,44,Burdekin,AyrDPI,Mulg,1956,Furrow,BareFallow,35,Surf1,200,110,LowFreq,0,P2R,15AprV1R4,T4,3115.4,3013.116,1417.359,1815.051,58.478,20.627,6.21622267446723,0.107359461202264,6.28530201342282,0.93651,36.935,999
1988,14/08/1988,227,1987,15-Apr,6,sugar,alive,1,396,1986,15/7/1987,105,0,0,318,1988,21,2039,6855.32,6080.66,5176.7,158.12,2839.22,,18903.68,7561.472,89.962,19.186,86.164,86.164,2.082,8920.858,8922.94,145651.65,0.705,19,2090,974.5,70.256,1491.73,420.382,1194.932,317.047,1511.98,14.054,8911.983,1.093,8913.076,145704.928,200,264.23,313.665,21.131,0.018,6.566,4.463,6517.907,350,0.951,4311.6,15.8,1724.6,0,0,17.994,29.174,19.627,254,Burdekin,AyrDPI,Mulg,1956,Furrow,BareFallow,35,Surf1,200,110,LowFreq,0,P2R,15AprV1R4,T4,3064.5,2510.382,1561.986,1879.033,27.715,6.584,6.29864299536883,0.104578102884959,6.2251968503937,0.7906,28.392,999
1989,14/09/1989,257,1988,15-Apr,6,sugar,alive,2,396,1986,14/8/1988,105,0,0,318,1989,21,2039,6856.95,6108.63,5282.87,161.982,2886,,17933.189,7173.275,81.466,19.015,76.699,76.699,1.093,8911.983,8913.076,145704.928,0.705,16,1760,1393,309.148,1414.41,736.5,1150.206,288.232,1438.437,12.515,8920.928,0.845,8921.774,146184.7,200,243.969,296.753,27.765,0.041,5.026,5.471,6447.965,350,0.957,4508.9,16.5,1803.6,0,0,17.953,28.513,19.014,134.8,Burdekin,AyrDPI,Mulg,1956,Furrow,BareFallow,35,Surf1,200,110,LowFreq,0,P2R,15AprV1R4,T4,3153,2496.5,1723.558,2011.79,32.832,5.067,6.48836370919287,0.112609728476117,7.32950226244344,0.80991,28.86,999
1990,14/10/1990,287,1989,15-Apr,6,sugar,alive,3,395,1986,14/9/1989,105,0,0,318,1990,21,2039,6867.14,6223.41,5329.73,165.355,3098.16,,17212.28,6884.911,74.806,20.146,67.705,67.705,0.845,8920.928,8921.774,146184.7,0.702,19,2090,1277.8,385.385,1499.142,530.377,1175.768,307.519,1483.287,11.337,8926.416,1.272,8927.689,146344.248,200,238.88,302.51,31.917,0.05,7.634,6.118,6707.813,350.839,0.93,3790.9,13.9,1516.4,0,0,17.407,28.757,20.276,103,Burdekin,AyrDPI,Mulg,1956,Furrow,BareFallow,35,Surf1,200,110,LowFreq,0,P2R,15AprV1R4,T4,3367.8,2620.377,1884.527,2192.046,39.601,7.684,6.31035152575374,0.111478763044509,6.51003937007874,0.826775,30.982,999
1991,14/11/1991,318,1990,15-Apr,6,sugar,alive,4,396,1986,14/10/1990,105,0,0,318,1991,21,2039,7153.97,6361.36,5523.36,169.82,3417.03,,16290.333,6516.133,69.473,21.849,67.691,67.691,1.272,8926.416,8927.689,146344.248,0.7,20,2200,1681.6,498.512,1886.617,372.449,1242.796,268.679,1511.475,7.68,8921.955,1.527,8923.483,146275.67,200,252.914,313.515,28.76,0.514,7.736,5.478,7039.952,352.513,0.949,4253.1,15.6,1701.2,0,0,17.718,29.034,19.738,204.4,Burdekin,AyrDPI,Mulg,1956,Furrow,BareFallow,35,Surf1,200,110,LowFreq,0,P2R,15AprV1R4,T4,3881.6,2572.449,2385.129,2653.808,37.01,8.25,6.60149141926623,0.112353826560148,6.40830188679245,0.8491,34.17,999
1992,14/04/1992,105,0,15-Apr,6,none,out,-1,0,1986,0.000,105,0,0,318,-1,21,2039,0,0,0,0,0,,17475.343,6990.138,77.604,0,52.688,52.688,1.527,8921.955,8923.483,146275.67,0.697,0,0,487.6,4.826,190.593,296.745,0,207.272,207.272,8.845,9009.929,17.316,9027.246,148470.778,0,0,23.998,0.638,0.005,0.798,0.079,4486.099,353.166,0,0.6,0,0.2,0,0,22.037,31.882,22.651,122.8,Burdekin,AyrDPI,Mulg,1956,Furrow,BareFallow,35,Surf1,200,110,LowFreq,0,P2R,15AprV1R4,T4,487.6,296.745,195.419,402.691,1.441,0.803,0,0,0,,0,999
1993,14/07/1993,195,1992,15-Apr,7,sugar,alive,0,456,1992,14/4/1992,105,0,0,318,1993,21,2039,8552.46,7667.51,6650.83,205.68,4078.4,,0,0,0,21.49,137.598,137.598,17.316,9009.929,9027.246,148470.778,0.698,22,2420,628.9,31.996,1310.85,479.832,1390.014,385.003,1775.017,25.935,8859.483,2.007,8861.49,144701.026,200,365.812,394.971,23.493,0.026,17.231,5.164,7268.906,355.153,0.975,5256.9,19.3,2102.8,0,0,17.504,28.743,19.448,72,Burdekin,AyrDPI,Mulg,1956,Furrow,BareFallow,35,Surf1,200,110,LowFreq,0,P2R,15AprV1R4,T4,3048.9,2899.832,1342.846,1727.849,40.75,17.257,7.09282468777502,0.115874946549808,7.16655052264808,1.0284,40.784,999
1994,14/08/1994,226,1993,15-Apr,7,sugar,alive,1,396,1992,14/7/1993,105,0,0,318,1994,21,2039,7064.84,6331.76,5472.83,168.836,3289.4,,20632.168,8252.869,95.361,21.064,68.636,68.636,2.007,8859.483,8861.49,144701.026,0.686,21,2310,409.4,23.895,1138.993,311.511,1191.52,354.259,1545.779,12.211,8864.555,1.023,8865.578,144495.812,200,258.961,304.547,15.238,0.016,6.231,3.306,7193.935,356.911,0.932,3840.3,14.1,1536.1,0,0,17.871,29.003,19.967,46.8,Burdekin,AyrDPI,Mulg,1956,Furrow,BareFallow,35,Surf1,200,110,LowFreq,0,P2R,15AprV1R4,T4,2719.4,2621.511,1162.888,1517.147,21.485,6.247,6.44040784112674,0.10922389293683,6.1172463768116,0.84418,32.894,999
1995,14/09/1995,257,1994,15-Apr,7,sugar,alive,2,396,1992,14/8/1994,105,0,0,318,1995,21,2039,7832.72,7016.59,6174.64,190.51,3698.31,,16796.404,6718.562,67.693,20.978,79.371,79.371,1.023,8864.555,8865.578,144495.812,0.688,21,2310,508.6,163.841,1001.518,348.691,1323.22,304.713,1627.933,6.44,8866.552,1.101,8867.653,144295.956,200,262.479,313.125,18.427,0.052,6.325,3.832,7637.808,358.703,0.953,4367.7,16,1747.1,0,0,18.519,29.133,20.465,55.2,Burdekin,AyrDPI,Mulg,1956,Furrow,BareFallow,35,Surf1,200,110,LowFreq,0,P2R,15AprV1R4,T4,2818.6,2658.691,1165.359,1470.072,24.804,6.377,7.16555628314836,0.117025700689156,6.90253623188406,0.95255,36.983,999
1996,13/10/1996,287,1995,15-Apr,7,sugar,alive,3,395,1992,14/9/1995,105,0,0,318,1996,21,2039,7616.02,6826.22,6023.72,185.934,3796.84,,17806.202,7122.481,70.033,22.217,104.678,104.678,1.101,8866.552,8867.653,144295.956,0.686,23,2530,547.9,206.129,1295.148,291.837,1298.981,310.168,1609.15,13.65,8865.041,1.52,8866.561,143994.604,200,262.403,321.263,24.253,0.079,6.959,4.765,8031.82,360.524,0.952,4340.1,15.9,1736.1,0,0,19.245,29.663,20.779,107,Burdekin,AyrDPI,Mulg,1956,Furrow,BareFallow,35,Surf1,200,110,LowFreq,0,P2R,15AprV1R4,T4,3077.9,2821.837,1501.277,1811.445,31.291,7.038,6.58911198626994,0.11554796010316,6.23939597315436,0.92967,37.968,999
1997,13/11/1997,317,1996,15-Apr,7,sugar,alive,4,396,1992,13/10/1996,105,0,0,318,1997,21,2039,8154.45,7264.78,6484.25,200.239,4005.23,,17223.678,6889.471,67.41,21.703,72.154,72.154,1.52,8865.041,8866.561,143994.604,0.683,20,2200,954.2,223.051,1449.706,439.349,1196.838,293.798,1490.636,16.587,8873.828,1.324,8875.152,143926.986,200,257.156,307.564,21.966,0.062,6.198,4.469,7772.982,362.384,0.965,4775.6,17.5,1910.2,0,0,19.539,28.549,20.723,116.8,Burdekin,AyrDPI,Mulg,1956,Furrow,BareFallow,35,Surf1,200,110,LowFreq,0,P2R,15AprV1R4,T4,3154.2,2639.349,1672.757,1966.555,28.226,6.26,7.58668141272715,0.134331251895164,7.55618867924528,1.001195,40.052,999
1998,15/04/1998,105,0,15-Apr,7,none,out,-1,0,1992,0.000,105,0,0,318,-1,21,2039,0,0,0,0,0,,18255.91,7302.364,73.7,0,62.96,62.96,1.324,8873.828,8875.152,143926.986,0.682,0,0,769.5,11.001,440.822,326.383,0,229.731,229.731,20.588,8976.986,7.527,8984.513,147068.274,0,0,10.747,0.384,0.02,0.363,0.039,4215.676,363.118,0,0.7,0,0.3,0,0,23.737,31.276,20.298,189.6,Burdekin,AyrDPI,Mulg,1956,Furrow,BareFallow,35,Surf1,200,110,LowFreq,0,P2R,15AprV1R4,T4,769.5,326.383,451.823,681.554,0.767,0.383,0,0,0,,0,999
1999,15/07/1999,196,1998,15-Apr,8,sugar,alive,0,456,1998,15/4/1998,105,0,0,318,1999,21,2039,9454.32,8453.65,7450.99,230.089,4143.93,,0,0,0,19.252,150.907,150.907,7.527,8976.986,8984.513,147068.274,0.684,19,2090,1269.3,111.978,1631.55,780.006,1329.564,369.415,1698.978,29.096,8836.184,2.081,8838.265,141785.33,200,356.756,393.68,19.112,0.083,15.324,4.208,9156.601,365.322,0.986,6056.4,22.2,2422.6,0,0,19.763,28.54,18.249,112,Burdekin,AyrDPI,Mulg,1956,Furrow,BareFallow,35,Surf1,200,110,LowFreq,0,P2R,15AprV1R4,T4,3359.3,2870.006,1743.528,2112.943,34.519,15.407,8.0170215672023,0.135427886647149,9.05862204724409,1.150445,41.439,999
2000,14/08/2000,227,1999,15-Apr,8,sugar,alive,1,396,1998,15/7/1999,105,0,0,318,2000,21,2039,7115.31,6338.93,5603.99,172.56,3189.78,,22176.286,8870.516,91.155,19.837,67.701,67.701,2.081,8836.184,8838.265,141785.33,0.675,17,1870,1505.1,295.508,1743.971,645.488,1018.056,315.466,1333.522,21.021,8845.859,1.112,8846.972,141269.787,200,258.656,305.347,13.926,0.098,4.565,3,7879.763,367.264,0.948,4219.8,15.5,1687.9,0,0,18.484,27.841,19.228,136,Burdekin,AyrDPI,Mulg,1956,Furrow,BareFallow,35,Surf1,200,110,LowFreq,0,P2R,15AprV1R4,T4,3375.1,2515.488,2039.479,2354.945,18.589,4.663,6.85990153799183,0.129401689660913,7.43793103448276,0.8628,31.898,999
2001,14/09/2001,257,2000,15-Apr,8,sugar,alive,2,396,1998,14/8/2000,105,0,0,318,2001,21,2039,7686.96,6889.87,5994.26,184.874,3692.04,,16432.976,6573.191,65.402,21.664,69.801,69.801,1.112,8845.859,8846.972,141269.787,0.678,20,2200,561.3,86.451,1108.785,422.641,1269.131,299.555,1568.686,10.376,8832.148,1.389,8833.536,139994.671,200,275.63,326.655,19.916,0.049,6.552,4.106,8642.355,369.246,0.955,4414.6,16.2,1765.8,0,0,17.804,29.071,20.13,52,Burdekin,AyrDPI,Mulg,1956,Furrow,BareFallow,35,Surf1,200,110,LowFreq,0,P2R,15AprV1R4,T4,2761.3,2622.641,1195.236,1494.791,26.517,6.601,7.04915388724572,0.11785277614513,6.97637735849057,0.92437,36.92,999
2002,14/10/2002,287,2001,15-Apr,8,sugar,alive,3,395,1998,14/9/2001,105,0,0,318,2002,21,2039,7677.99,6877.87,6047.32,186.481,3827.94,,18140.362,7256.146,74.69,22.349,67.18,67.18,1.389,8832.148,8833.536,139994.671,0.675,21,2310,810.6,132.521,1291.599,328.29,1406.722,296.937,1703.659,13.881,8818.443,1.339,8819.783,138736.173,200,278.277,331.788,22.1,0.083,6.603,4.424,8916.925,371.263,0.964,4739.3,17.4,1895.7,0,0,18.325,30.193,21.2,206,Burdekin,AyrDPI,Mulg,1956,Furrow,BareFallow,35,Surf1,200,110,LowFreq,0,P2R,15AprV1R4,T4,3120.6,2638.29,1424.12,1721.057,28.786,6.686,7.06825254236646,0.109459111242332,6.75655797101449,0.932405,38.279,999
2003,14/11/2003,318,2002,15-Apr,8,sugar,alive,4,396,1998,14/10/2002,105,0,0,318,2003,21,2039,7972.65,7084.8,6230.44,191.54,3874.37,,17889.139,7155.655,75.239,21.98,60.001,60.001,1.339,8818.443,8819.783,138736.173,0.673,22,2420,463.2,134.706,1036.828,269.37,1423.309,283.956,1707.265,9.14,8809.275,1.666,8810.941,137308.594,200,279.192,332.098,19.892,0.063,6.323,4.046,9291.171,373.315,0.961,4630.8,17,1852.3,0,0,18.628,30.091,21.304,51,Burdekin,AyrDPI,Mulg,1956,Furrow,BareFallow,35,Surf1,200,110,LowFreq,0,P2R,15AprV1R4,T4,2883.2,2689.37,1171.534,1455.49,26.278,6.386,7.122114101072,0.112191136115366,6.67386759581882,0.9577,38.744,999
2004,14/04/2004,105,0,15-Apr,8,none,out,-1,0,1998,0.000,105,0,0,318,-1,21,2039,0,0,0,0,0,,18744.894,7497.959,77.246,0,64.404,64.404,1.666,8809.275,8810.941,137308.594,0.671,0,0,652.6,0.002,344.098,308.501,0,241.906,241.906,16.204,8919.865,6.504,8926.369,140300.478,0,0,7.463,0.117,0,0.189,0.019,4343.993,374.113,0,0.7,0,0.3,0,0,22.629,32.241,21.923,173.2,Burdekin,AyrDPI,Mulg,1956,Furrow,BareFallow,35,Surf1,200,110,LowFreq,0,P2R,15AprV1R4,T4,652.6,308.501,344.1,586.006,0.306,0.189,0,0,0,,0,999
2005,14/07/2005,195,2004,15-Apr,9,sugar,alive,0,456,2004,14/4/2004,105,0,0,318,2005,21,2039,8025.38,7161.66,6288.51,193.91,3869.19,,0,0,0,21.643,131,131,6.504,8919.865,8926.369,140300.478,0.673,22,2420,719.2,23.842,1445.533,307.14,1363.143,374.522,1737.666,23.222,8767.367,2.332,8769.699,133044.482,200,372.703,407.59,14.179,0.053,11.1,3.303,10838.444,376.54,0.965,4795.4,17.6,1918.1,0,0,17.68,29.343,19.68,143.4,Burdekin,AyrDPI,Mulg,1956,Furrow,BareFallow,35,Surf1,200,110,LowFreq,0,P2R,15AprV1R4,T4,3139.2,2727.14,1469.375,1843.897,25.332,11.153,7.11037937179609,0.111592216225673,6.75644599303136,0.96955,38.692,999
2006,14/08/2006,226,2005,15-Apr,9,sugar,alive,1,396,2004,14/7/2005,105,0,0,318,2006,21,2039,7019.32,6251.14,5344.24,163.814,2947.34,,18839.487,7535.795,86.743,19.23,63.161,63.161,2.332,8767.367,8769.699,133044.482,0.666,19,2090,985.3,126.916,1440.84,535.331,1155.728,329.788,1485.516,14.855,8727.799,1.544,8729.343,130968.887,200,294.732,344.803,20.741,0.206,6.918,4.475,8777.649,378.682,0.942,4079.9,14.9,1632,0,0,18.705,29.095,19.266,178.4,Burdekin,AyrDPI,Mulg,1956,Furrow,BareFallow,35,Surf1,200,110,LowFreq,0,P2R,15AprV1R4,T4,3075.3,2625.331,1567.756,1897.544,27.865,7.124,6.23974653100885,0.110274140433358,6.44937007874016,0.81907,29.473,999
2007,14/09/2007,257,2006,15-Apr,9,sugar,alive,2,396,2004,14/8/2006,105,0,0,318,2007,21,2039,7470.76,6720.47,5818.86,179.833,3354.06,,17706.075,7082.429,77.376,20.041,85.19,85.19,1.544,8727.799,8729.343,130968.887,0.667,19,2090,940.5,307.268,1207.208,446.219,1238.835,292.622,1531.457,14.339,8707.019,1.291,8708.309,130616.11,200,277.807,333.126,23.584,1.65,7.021,4.78,7538.088,380.86,0.95,4282.5,15.7,1713,0,0,17.489,28.522,19.714,130.2,Burdekin,AyrDPI,Mulg,1956,Furrow,BareFallow,35,Surf1,200,110,LowFreq,0,P2R,15AprV1R4,T4,3030.5,2536.219,1514.476,1807.098,32.255,8.671,7.09059430593336,0.117426085094129,7.08003937007874,0.899165,33.541,999
2008,13/10/2008,287,2007,15-Apr,9,sugar,alive,3,395,2004,14/9/2007,105,0,0,318,2008,21,2039,7647.58,6865.35,5990.44,185.084,3648.94,,17681.362,7072.546,76.32,21.349,69.757,69.757,1.291,8707.019,8708.309,130616.11,0.666,20,2200,1328.4,326.596,1624.547,590.884,1284.75,290.012,1574.763,24.468,8702.457,1.383,8703.839,130467.922,200,266.133,320.553,24.21,0.512,6.344,4.857,7682.769,383.068,0.952,4329,15.9,1731.6,0,0,18.038,28.883,19.535,108.2,Burdekin,AyrDPI,Mulg,1956,Furrow,BareFallow,35,Surf1,200,110,LowFreq,0,P2R,15AprV1R4,T4,3528.4,2790.884,1951.143,2241.155,31.066,6.856,6.63173388790075,0.117531336461423,6.98430188679245,0.92542,36.489,999
2009,13/11/2009,317,2008,15-Apr,9,sugar,alive,4,396,2004,13/10/2008,105,0,0,318,2009,21,2039,7474.43,6677.48,5713.83,176.018,3505.08,,17765.278,7106.111,73.971,21.593,72.252,72.252,1.383,8702.457,8703.839,130467.922,0.664,18,1980,1796.7,428.853,1766.653,546.159,1276.452,297.785,1574.237,9.344,8686.754,2.018,8688.773,130067.87,200,273.712,332.892,25.288,0.308,7.83,4.97,7934.787,385.319,0.937,3951.7,14.5,1580.7,0,0,18.57,29.61,19.499,197.2,Burdekin,AyrDPI,Mulg,1956,Furrow,BareFallow,35,Surf1,200,110,LowFreq,0,P2R,15AprV1R4,T4,3776.7,2526.159,2195.506,2493.291,33.426,8.138,6.96781160647449,0.111811626838907,7.24353909465021,0.88009,35.051,999
2010,15/04/2010,105,0,15-Apr,9,none,out,-1,0,2004,0.000,105,0,0,318,-1,21,2039,0,0,0,0,0,,18324.129,7329.651,77.135,0,79.208,79.208,2.018,8686.754,8688.773,130067.87,0.662,0,0,1032,97.099,594.743,412.127,0,261.561,261.561,28.034,8797.658,5.032,8802.69,133668.803,0,0,7.369,0.401,0.101,0.285,0.03,3474.395,386.205,0,0.5,0,0.2,0,0,22.504,31.313,19.606,135.2,Burdekin,AyrDPI,Mulg,1956,Furrow,BareFallow,35,Surf1,200,110,LowFreq,0,P2R,15AprV1R4,T4,1032,412.127,691.842,953.403,0.787,0.386,0,0,0,,0,999
2011,15/07/2011,196,2010,15-Apr,10,sugar,alive,0,456,2010,15/4/2010,105,0,0,318,2011,21,2039,8943.13,8021.43,7020.23,217.199,3960.82,,0,0,0,19.53,157.806,157.806,5.032,8797.658,8802.69,133668.803,0.664,17,1870,1485.4,183.032,1613.887,905.911,1343.597,297.755,1641.352,28.597,8646.68,2.087,8648.767,129199.225,200,361.07,401.739,19.12,1.654,14.494,4.085,8126.428,388.863,0.978,5424,19.9,2169.6,0,0,18.293,28.267,16.9,81.4,Burdekin,AyrDPI,Mulg,1956,Furrow,BareFallow,35,Surf1,200,110,LowFreq,0,P2R,15AprV1R4,T4,3355.4,2775.911,1796.919,2094.674,35.268,16.148,7.82442232477914,0.132329323630763,9.36202586206897,1.085995,39.608,999
2012,14/08/2012,227,2011,15-Apr,10,sugar,alive,1,396,2010,15/7/2011,105,0,0,318,2012,21,2039,7296.2,6530.26,5640.34,173.705,3268.61,,20955.054,8382.02,93.427,20.245,74.934,74.934,2.087,8646.68,8648.767,129199.225,0.658,17,1870,1152,203.625,1293.342,613.786,1204.924,296.11,1501.034,11.265,8641.985,0.944,8642.929,129382.594,200,270.957,316.678,14.684,0.221,5.487,3.158,6988.138,391.2,0.944,4106.6,15,1642.6,0,0,17.522,28.612,19.036,197.4,Burdekin,AyrDPI,Mulg,1956,Furrow,BareFallow,35,Surf1,200,110,LowFreq,0,P2R,15AprV1R4,T4,3022,2483.786,1496.967,1793.077,20.392,5.708,6.99355741597706,0.115723561225129,7.48728448275862,0.868525,32.686,999
2013,14/09/2013,257,2012,15-Apr,10,sugar,alive,2,396,2010,14/8/2012,105,0,0,318,2013,21,2039,7274.88,6486.43,5712.09,175.877,3355.24,,17565.395,7026.157,74.341,20.565,98.935,98.935,0.944,8641.985,8642.929,129382.594,0.661,21,2310,535.4,195.601,1128.807,302.506,1249.888,301.207,1551.095,9.524,8650.522,1.198,8651.721,129554.956,200,256.813,304.475,19.264,0.058,5.505,3.922,7282.068,393.58,0.944,4108.8,15.1,1643.5,0,0,18.05,29.079,20.08,178.6,Burdekin,AyrDPI,Mulg,1956,Furrow,BareFallow,35,Surf1,200,110,LowFreq,0,P2R,15AprV1R4,T4,2845.4,2612.506,1324.408,1625.615,24.827,5.563,6.73211850996706,0.113388928466664,6.37235507246377,0.879385,33.552,999
2014,14/10/2014,287,2013,15-Apr,10,sugar,alive,3,395,2010,14/9/2013,105,0,0,318,2014,21,2039,7547.4,6770.11,5933.83,183.106,3517.4,,16776.211,6710.484,66.986,20.728,68.831,68.831,1.198,8650.522,8651.721,129554.956,0.66,21,2310,730.4,243.4,1258.573,398.09,1259.43,288.405,1547.835,9.487,8650.401,1.235,8651.635,129654.867,200,257.666,312.39,25.241,0.09,6.972,4.918,7273.273,395.998,0.962,4684.1,17.2,1873.6,0,0,18.127,29.166,20.069,86.2,Burdekin,AyrDPI,Mulg,1956,Furrow,BareFallow,35,Surf1,200,110,LowFreq,0,P2R,15AprV1R4,T4,3040.4,2708.09,1501.973,1790.378,32.303,7.062,6.76144441285186,0.118298139013525,6.63427536231884,0.91553,35.174,999
2015,14/11/2015,318,2014,15-Apr,10,sugar,alive,4,396,2010,14/10/2014,105,0,0,318,2015,21,2039,7549.88,6727.26,5866.43,180.207,3632.08,,17696.82,7078.727,73.927,21.891,59.424,59.424,1.235,8650.401,8651.635,129654.867,0.658,22,2420,382.4,108.849,1055.122,238.434,1345.123,289.304,1634.426,6.812,8637.931,1.452,8639.384,129402.891,200,278.205,331.305,20.129,0.052,6.594,4.02,7847.296,398.452,0.962,4675.1,17.1,1870.1,0,0,18.652,30.213,20.932,83.4,Burdekin,AyrDPI,Mulg,1956,Furrow,BareFallow,35,Surf1,200,110,LowFreq,0,P2R,15AprV1R4,T4,2802.4,2658.434,1163.971,1453.275,26.775,6.646,6.77869001073564,0.110257056605805,6.27898954703833,0.901035,36.321,999
2016,14/04/2016,105,0,15-Apr,10,none,out,-1,0,2010,0.000,105,0,0,318,-1,21,2039,0,0,0,0,0,,18283.207,7313.282,77.149,0,63.428,63.428,1.452,8637.931,8639.384,129402.891,0.656,0,0,369.6,0.002,111.345,258.255,0,197.604,197.604,5.234,8746.292,7.117,8753.408,132836.758,0,0,9.364,0.257,0,0.215,0.03,3635.844,399.406,0.001,0.7,0,0.3,0,0,22.856,32.574,21.881,43.6,Burdekin,AyrDPI,Mulg,1956,Furrow,BareFallow,35,Surf1,200,110,LowFreq,0,P2R,15AprV1R4,T4,369.6,258.255,111.347,308.951,0.472,0.215,0,0,0,,0,999
2017,14/07/2017,195,2016,15-Apr,11,sugar,alive,0,456,2016,14/4/2016,105,0,0,318,2017,21,2039,7856.19,6986.51,6113.85,188.168,3675.22,,0,0,0,21.124,124.078,124.078,7.117,8746.292,8753.408,132836.758,0.658,19,2090,1011.6,64.529,1430.355,617.913,1315.622,346.4,1662.022,23.376,8581.077,2.017,8583.094,128210.268,200,364.629,413.002,25.897,0.938,17.672,5.467,7970.943,402.302,0.969,4977.6,18.2,1991.1,0,0,18.795,29.534,17.004,107.8,Burdekin,AyrDPI,Mulg,1956,Furrow,BareFallow,35,Surf1,200,110,LowFreq,0,P2R,15AprV1R4,T4,3101.6,2707.913,1494.884,1841.284,44.507,18.61,6.94881999532481,0.113216311216097,7.40818897637795,0.94084,36.752,999
2018,14/08/2018,226,2017,15-Apr,11,sugar,alive,1,396,2016,14/7/2017,105,0,0,318,2018,21,2039,6661.42,5881.7,5084.73,155.152,2745.09,,19040.869,7616.348,89.138,18.862,68.773,68.773,2.017,8581.077,8583.094,128210.268,0.649,19,2090,692.9,115.539,1222.676,361.325,1164.942,282.915,1447.857,11.671,8570.987,1.089,8572.076,128258.881,200,265.835,312.838,20.087,0.143,5.751,4.207,6490.958,404.852,0.947,4209.3,15.4,1683.7,0,0,17.825,29.496,17.917,130.4,Burdekin,AyrDPI,Mulg,1956,Furrow,BareFallow,35,Surf1,200,110,LowFreq,0,P2R,15AprV1R4,T4,2782.9,2451.325,1338.215,1621.13,25.981,5.894,6.32931169877515,0.107159754036483,6.10834645669291,0.77576,27.451,999
2019,14/09/2019,257,2018,15-Apr,11,sugar,alive,2,396,2016,14/8/2018,105,0,0,318,2019,21,2039,6260.5,5513.18,4794.26,145.746,2439.3,,16979.788,6791.915,77.561,17.686,65.601,65.601,1.089,8570.987,8572.076,128258.881,0.651,18,1980,1209.8,368.479,1458.544,520.676,1083.965,283.523,1367.488,15.392,8576.108,1.084,8577.192,128406.274,200,245.938,299.274,25.307,0.067,6.741,5.128,6580.402,407.441,0.951,4296.2,15.7,1718.5,0,0,18.144,29.437,17.384,92.8,Burdekin,AyrDPI,Mulg,1956,Furrow,BareFallow,35,Surf1,200,110,LowFreq,0,P2R,15AprV1R4,T4,3189.8,2500.676,1827.023,2110.546,32.115,6.808,5.82826403740429,0.106579363036458,5.99777777777778,0.72873,24.393,999
2020,13/10/2020,287,2019,15-Apr,11,sugar,alive,3,395,2016,14/9/2019,105,0,0,318,2020,21,2039,7111.31,6322.43,5508.92,168.847,3057.55,,16114.795,6445.918,73.414,19.373,60.891,60.891,1.084,8576.108,8577.192,128406.274,0.65,20,2200,1063.7,224.582,1504.91,416.529,1255.875,279.692,1535.567,20.514,8570.853,1.117,8571.969,128385.392,200,255.907,310.382,25.622,0.081,8.328,5.128,6809.207,410.061,0.963,4725.7,17.3,1890.3,0,0,18.534,29.796,18.848,327.8,Burdekin,AyrDPI,Mulg,1956,Furrow,BareFallow,35,Surf1,200,110,LowFreq,0,P2R,15AprV1R4,T4,3263.7,2616.529,1729.492,2009.184,34.031,8.409,6.45309109893298,0.109957429405555,6.37158490566038,0.844235,30.576,999
2021,13/11/2021,317,2020,15-Apr,11,sugar,alive,4,396,2016,13/10/2020,105,0,0,318,2021,21,2039,7066.82,6282.15,5398.85,166.064,2964.36,,17637.104,7054.841,76.992,19.056,59.533,59.533,1.117,8570.853,8571.969,128385.392,0.648,20,2200,1089.1,311.432,1543.013,442.916,1148.523,271.083,1419.605,11.283,8566.248,1.595,8567.843,128217.249,200,250.926,314.412,31.591,0.703,7.527,6.058,7238.456,412.726,0.922,3635.5,13.3,1454.2,0,0,19.439,29.644,17.39,132.4,Burdekin,AyrDPI,Mulg,1956,Furrow,BareFallow,35,Surf1,200,110,LowFreq,0,P2R,15AprV1R4,T4,3289.1,2642.916,1854.445,2125.528,39.821,8.23,6.2833627705156,0.116979018811571,6.26656603773585,0.83032,29.644,999
1959,15/04/1959,105,0,15-Apr,0,none,out,-1,0,-1,0.000,105,0,0,318,-1,21,2039,0,0,0,0,0,,0,0,0,0,0,0,0,0,0,0,0.89,0,0,680.2,0,344.03,336.17,0,225.065,225.065,15.793,9503.106,35.83,9538.935,141750.739,0,0,37.752,4.124,0,0.996,0.67,1071.675,350,0.001,0.8,0,0.3,0,0,21.816,30.221,18.76,162.8,Burdekin,AyrDPI,Mulg,1959,Furrow,BareFallow,35,Surf1,200,110,LowFreq,0,P2R,15AprV1R4,T4,680.2,336.17,344.03,569.095,5.12,0.996,0,0,0,,0,999
1960,14/07/1960,196,1959,15-Apr,1,sugar,alive,0,456,1959,15/4/1959,105,0,0,318,1960,21,2039,7970.21,7161.2,6176.23,191.46,3391.37,,0,0,0,18.887,140.656,140.656,35.83,9503.106,9538.935,141750.739,0.884,21,2310,1153.2,153.069,1725.609,584.715,1286.974,366.973,1653.947,26.947,9418.865,0.68,9419.545,141367.826,200,298.511,320.217,36.438,0.134,19.76,7.624,3371.06,350,0.973,5160.1,18.9,2064,0,0,17.069,28.071,18.912,210.1,Burdekin,AyrDPI,Mulg,1959,Furrow,BareFallow,35,Surf1,200,110,LowFreq,0,P2R,15AprV1R4,T4,3463.2,2894.715,1878.678,2245.651,56.332,19.894,6.61412263383442,0.115759452993355,6.93695652173913,0.9573,33.914,999
1961,14/08/1961,226,1960,15-Apr,1,sugar,alive,1,396,1959,14/7/1960,105,0,0,318,1961,21,2039,6762.92,6044.9,5186.5,159.498,3139.27,,19634.816,7853.927,91.331,21.309,71.231,71.231,0.68,9418.865,9419.545,141367.826,0.868,20,2200,498.3,69.389,1085.131,313.642,1220.873,319.233,1540.107,10.464,9434.932,0.985,9435.917,142513.477,200,241.883,291.944,15.259,0,5.493,3.29,5531.938,350,0.933,3870.6,14.2,1548.2,0,0,16.793,28.667,20.656,63.2,Burdekin,AyrDPI,Mulg,1959,Furrow,BareFallow,35,Surf1,200,110,LowFreq,0,P2R,15AprV1R4,T4,2698.3,2513.642,1154.52,1473.753,20.752,5.493,6.34529499427524,0.103562934263658,6.01879245283019,0.79749,31.393,999
1962,14/09/1962,257,1961,15-Apr,1,sugar,alive,2,396,1959,14/8/1961,105,0,0,318,1962,21,2039,6951.4,6199.52,5325.56,163.352,3012.19,,16689.603,6675.841,68.345,19.781,74.905,74.905,0.985,9434.932,9435.917,142513.477,0.866,18,1980,937.4,242.67,1126.425,521.471,1266.559,294.784,1561.342,8.634,9426.545,0.959,9427.504,143612.51,200,260.232,313.286,24.157,0.001,6.885,4.847,5814.957,350,0.952,4351.1,15.9,1740.4,0,0,17.109,29.133,20.274,102.1,Burdekin,AyrDPI,Mulg,1959,Furrow,BareFallow,35,Surf1,200,110,LowFreq,0,P2R,15AprV1R4,T4,2917.4,2501.471,1369.095,1663.879,31.043,6.886,6.53023760819134,0.104622818062923,6.72230452674897,0.81676,30.122,999
1963,14/10/1963,287,1962,15-Apr,1,sugar,alive,3,395,1959,14/9/1962,105,0,0,318,1963,21,2039,6953.57,6253.89,5327.75,164.183,2972.64,,17518.054,7007.223,75.516,19.37,61.867,61.867,0.959,9426.545,9427.504,143612.51,0.859,19,2090,1159.2,286.623,1420.367,654.277,1251.054,286.235,1537.289,13.779,9407.322,1.392,9408.714,144458.901,200,265.188,326.787,32.921,0.001,7.42,6.394,6228.038,350,0.944,4109.2,15.1,1643.7,0,0,17.278,29.174,19.607,91.9,Burdekin,AyrDPI,Mulg,1959,Furrow,BareFallow,35,Surf1,200,110,LowFreq,0,P2R,15AprV1R4,T4,3249.2,2744.277,1706.99,1993.225,40.342,7.421,5.98274153811733,0.106800347885141,6.46389763779528,0.820915,29.726,999
1964,13/11/1964,318,1963,15-Apr,1,sugar,alive,4,396,1959,14/10/1963,105,0,0,318,1964,21,2039,6688.14,5924.85,5044.99,154.029,2928.5,,17312.332,6924.934,76.875,20.486,66.788,66.788,1.392,9407.322,9408.714,144458.901,0.85,20,2200,609.9,144.514,1127.878,464.069,1259.583,279.717,1539.301,7.286,9375.431,1.875,9377.306,145113.668,200,281.58,345.251,31.6,0.001,7.702,6.174,6593.992,350,0.928,3749.3,13.7,1499.7,0,0,18.207,29.941,19.626,92.7,Burdekin,AyrDPI,Mulg,1959,Furrow,BareFallow,35,Surf1,200,110,LowFreq,0,P2R,15AprV1R4,T4,2809.9,2664.069,1272.392,1552.109,39.303,7.703,5.78171961762252,0.100064249942019,5.81241509433962,0.770145,29.285,999
1965,15/04/1965,105,0,15-Apr,1,none,out,-1,0,1959,0.000,105,0,0,318,-1,21,2039,0,0,0,0,0,,17153.636,6861.455,80.21,0,64.997,64.997,1.875,9375.431,9377.306,145113.668,0.841,0,0,672.7,29.305,350.179,320.699,0,193.857,193.857,15.545,9466.413,20.892,9487.305,147662.55,0,0,26.062,1.762,0,1.443,0.161,3949.85,350,0,0.6,0,0.3,0,0,20.666,31.784,21.473,107.4,Burdekin,AyrDPI,Mulg,1959,Furrow,BareFallow,35,Surf1,200,110,LowFreq,0,P2R,15AprV1R4,T4,672.7,320.699,379.484,573.341,3.205,1.443,0,0,0,,0,999
1966,15/07/1966,196,1965,15-Apr,2,sugar,alive,0,456,1965,15/4/1965,105,0,0,318,1966,21,2039,8138.24,7299.57,6326.44,195.734,3493.44,,0,0,0,19.053,164.357,164.357,20.892,9466.413,9487.305,147662.55,0.841,23,2530,465.4,74.144,1284.41,326.275,1354.478,371.721,1726.2,26.573,9309.178,1.78,9310.958,145672.434,200,363.572,401.194,36.344,0.001,16.619,7.594,5453.562,350,0.963,4702.4,17.2,1881,0,0,17.033,28.275,19.056,102.9,Burdekin,AyrDPI,Mulg,1959,Furrow,BareFallow,35,Surf1,200,110,LowFreq,0,P2R,15AprV1R4,T4,2995.4,2856.275,1358.554,1730.275,52.964,16.62,6.85277152935204,0.113390105433901,6.56825503355705,0.97867,34.934,999
1967,15/08/1967,227,1966,15-Apr,2,sugar,alive,1,396,1965,15/7/1966,105,0,0,318,1967,21,2039,6855.81,6122.88,5211.6,160.377,2905.46,,19397.392,7758.958,97.622,19.383,75.003,75.003,1.78,9309.178,9310.958,145672.434,0.824,19,2090,834,121.306,1315.578,434.611,1159.029,326.124,1485.152,14.825,9295.963,1.105,9297.068,146408.007,200,267.266,317.445,21.131,0.001,7.561,4.44,5895.052,350,0.93,3795,13.9,1518,0,0,17.814,28.509,19.254,154.9,Burdekin,AyrDPI,Mulg,1959,Furrow,BareFallow,35,Surf1,200,110,LowFreq,0,P2R,15AprV1R4,T4,2924,2524.611,1436.884,1763.008,28.693,7.562,6.35254302544036,0.107986926590679,6.31405511811024,0.801885,29.055,999
1968,14/09/1968,258,1967,15-Apr,2,sugar,alive,2,396,1965,15/8/1967,105,0,0,318,1968,21,2039,7242.36,6461.88,5620.07,172.64,3110.24,,17201.512,6880.605,75.977,19.259,76.966,76.966,1.105,9295.963,9297.068,146408.007,0.82,19,2090,1458.4,332.813,1741.157,524.862,1196.097,291.313,1487.409,24.123,9290.907,1.034,9291.941,147551.076,200,262.256,312.968,23.315,0.002,6.638,4.716,5952.176,350,0.959,4571.2,16.8,1828.5,0,0,17.894,28.57,20.086,187.9,Burdekin,AyrDPI,Mulg,1959,Furrow,BareFallow,35,Surf1,200,110,LowFreq,0,P2R,15AprV1R4,T4,3548.4,2614.862,2073.97,2365.283,29.955,6.64,6.60226046345849,0.116067604808092,6.79685039370079,0.8632,31.102,999
1969,14/10/1969,287,1968,15-Apr,2,sugar,alive,3,395,1965,14/9/1968,105,0,0,318,1969,21,2039,7088.28,6321.18,5446.13,167.192,3113.27,,17674.984,7069.994,76.576,20.004,63.987,63.987,1.034,9290.907,9291.941,147551.076,0.814,23,2530,202.9,203.379,919.005,167.018,1313.429,297.309,1610.739,5.12,9276.472,1.325,9277.798,148463.168,200,268.694,324.731,27.474,0.001,6.722,5.426,6325.548,350,0.954,4392.3,16.1,1756.9,0,0,17.557,29.56,20.698,46.5,Burdekin,AyrDPI,Mulg,1959,Furrow,BareFallow,35,Surf1,200,110,LowFreq,0,P2R,15AprV1R4,T4,2732.9,2697.018,1122.384,1419.693,34.197,6.723,6.1991429052383,0.103798318659944,5.61046979865772,0.83596,31.133,999
1970,14/11/1970,318,1969,15-Apr,2,sugar,alive,4,396,1965,14/10/1969,105,0,0,318,1970,21,2039,7508.23,6727.86,5701.57,175.8,3439,,17691.655,7076.662,76.869,21.161,63.765,63.765,1.325,9276.472,9277.798,148463.168,0.807,21,2310,761.7,222.848,1189.337,464.588,1348.535,293.615,1642.15,9.47,9254.43,2.055,9256.485,149208.861,200,273.386,332.519,32.319,0.002,6.615,6.27,6627.095,350,0.934,3878.3,14.2,1551.3,0,0,18.289,29.657,20.574,133.6,Burdekin,AyrDPI,Mulg,1959,Furrow,BareFallow,35,Surf1,200,110,LowFreq,0,P2R,15AprV1R4,T4,3071.7,2774.588,1412.185,1705.8,38.936,6.617,6.33607584261159,0.107054775751302,6.36956521739131,0.879,34.39,999
1971,15/04/1971,105,0,15-Apr,2,none,out,-1,0,1965,0.000,105,0,0,318,-1,21,2039,0,0,0,0,0,,18653.167,7461.267,80.204,0,81.13,81.13,2.055,9254.43,9256.485,149208.861,0.799,0,0,891.5,44.389,450.877,427.164,0,323.541,323.541,21.46,9352.325,13.917,9366.242,152425.485,0,0,19.925,1.028,0.001,1.264,0.092,3807.792,350,0,0.4,0,0.1,0,0,21.951,31.08,20.37,220,Burdekin,AyrDPI,Mulg,1959,Furrow,BareFallow,35,Surf1,200,110,LowFreq,0,P2R,15AprV1R4,T4,891.5,427.164,495.266,818.807,2.293,1.265,0,0,0,,0,999
1972,14/07/1972,196,1971,15-Apr,3,sugar,alive,0,456,1971,15/4/1971,105,0,0,318,1972,21,2039,7635.66,6879.27,5899.64,182.402,3188.43,,0,0,0,18.601,153.824,153.824,13.917,9352.325,9366.242,152425.485,0.8,20,2200,1556.2,255.828,1865.03,677.926,1310.609,389.657,1700.267,31.462,9209.54,1.778,9211.319,149821.016,200,341.429,381.155,33.193,0.003,18.565,6.983,5897.103,350,0.965,4785.9,17.5,1914.4,0,0,16.519,28.374,18.892,206.2,Burdekin,AyrDPI,Mulg,1959,Furrow,BareFallow,35,Surf1,200,110,LowFreq,0,P2R,15AprV1R4,T4,3756.2,2877.926,2120.858,2510.515,51.761,18.568,6.33796699428686,0.107278445091271,6.88309433962264,0.91201,31.884,999
1973,14/08/1973,226,1972,15-Apr,3,sugar,alive,1,396,1971,14/7/1972,105,0,0,318,1973,21,2039,6838.83,6061.98,5148.9,157.437,2629.74,,18824.187,7529.674,95.48,17.645,88.9,88.9,1.778,9209.54,9211.319,149821.016,0.785,19,2090,1040.8,194.194,1464.545,589.252,1159.02,313.611,1472.632,15.969,9201.242,1.507,9202.75,150230.427,200,264.567,311.501,19.246,0.002,6.294,4.07,6225.209,350,0.929,3772,13.8,1508.8,0,0,17.642,28.812,19.734,108.5,Burdekin,AyrDPI,Mulg,1959,Furrow,BareFallow,35,Surf1,200,110,LowFreq,0,P2R,15AprV1R4,T4,3130.8,2679.252,1658.739,1972.35,25.542,6.296,5.87615498654102,0.106908582728068,6.19830708661417,0.787185,26.297,999
1974,14/09/1974,257,1973,15-Apr,3,sugar,alive,2,396,1971,14/8/1973,105,0,0,318,1974,21,2039,6338.38,5698.89,4818.95,148.415,2553.49,,17570.651,7028.259,74.63,18.262,88.33,88.33,1.507,9201.242,9202.75,150230.427,0.783,15,1650,2022,617.818,1727.326,728.231,1042.936,306.675,1349.611,23.211,9204.649,1.157,9205.806,151126.386,200,234.905,300.419,35.147,0.005,9.508,6.819,5914.865,350,0.914,3503.8,12.8,1401.5,0,0,17.679,28.244,18.189,152.9,Burdekin,AyrDPI,Mulg,1959,Furrow,BareFallow,35,Surf1,200,110,LowFreq,0,P2R,15AprV1R4,T4,3672,2378.231,2345.144,2651.819,44.66,9.513,6.24056283851316,0.109968724321304,7.06738095238095,0.742075,25.535,999
1975,14/10/1975,287,1974,15-Apr,3,sugar,alive,3,395,1971,14/9/1974,105,0,0,318,1975,21,2039,7585.39,6813.68,5814.95,179.436,3320.21,,15893.324,6357.329,68.638,19.859,65.575,65.575,1.157,9204.649,9205.806,151126.386,0.779,20,2200,780.5,150.176,1221.926,532.068,1272.947,311.125,1584.072,10.793,9186.232,1.244,9187.477,151585.053,200,267.649,322.499,28.647,0.002,8.032,5.702,6539.195,350,0.947,4186.5,15.3,1674.6,0,0,18.147,28.754,19.953,65,Burdekin,AyrDPI,Mulg,1959,Furrow,BareFallow,35,Surf1,200,110,LowFreq,0,P2R,15AprV1R4,T4,2980.5,2732.068,1372.102,1683.227,36.681,8.034,6.56777210523311,0.113275154159659,6.77116981132076,0.89718,33.202,999
1976,13/11/1976,318,1975,15-Apr,3,sugar,alive,4,396,1971,14/10/1975,105,0,0,318,1976,21,2039,7231.4,6503.48,5629.79,174.877,3505.59,,18607.334,7442.935,77.521,21.757,89.901,89.901,1.244,9186.232,9187.477,151585.053,0.772,18,1980,1934.3,608.224,1761.794,750.582,1226.31,319.068,1545.378,12.033,9184.952,1.974,9186.926,152040.491,200,233.594,312.815,40.225,0.065,15.233,7.584,6834.291,350,0.892,3173.5,11.6,1269.4,0,0,17.87,28.574,19.684,179.8,Burdekin,AyrDPI,Mulg,1959,Furrow,BareFallow,35,Surf1,200,110,LowFreq,0,P2R,15AprV1R4,T4,3914.3,2730.582,2370.018,2689.086,55.523,15.298,6.40438558519759,0.113161310695506,7.19658436213992,0.874385,35.056,999
1977,15/04/1977,105,0,15-Apr,3,none,out,-1,0,1971,0.000,105,0,0,318,-1,21,2039,0,0,0,0,0,,16311.158,6524.464,66.812,0,88.805,88.805,1.974,9184.952,9186.926,152040.491,0.766,0,0,1139.4,77.392,732.94,381.463,0,256.807,256.807,34.42,9271.006,16.142,9287.147,154563.199,0,0,23.218,1.526,0.006,1.707,0.134,4203.868,350,0,0.4,0,0.2,0,0,22.735,31.161,20.49,170.6,Burdekin,AyrDPI,Mulg,1959,Furrow,BareFallow,35,Surf1,200,110,LowFreq,0,P2R,15AprV1R4,T4,1139.4,381.463,810.332,1067.139,3.239,1.713,0,0,0,,0,999
1978,15/07/1978,196,1977,15-Apr,4,sugar,alive,0,456,1977,15/4/1977,105,0,0,318,1978,21,2039,8481.46,7629.38,6618.55,205.241,3614.4,,0,0,0,18.761,161.068,161.068,16.142,9271.006,9287.147,154563.199,0.767,20,2200,1025.3,86.473,1504.718,556.172,1314.576,380.82,1695.395,28.891,9136.173,1.834,9138.007,151358.149,200,345.714,378.49,25.234,0.005,18.377,5.463,6647.31,350,0.97,5000.8,18.3,2000.3,0,0,17.081,27.79,19.578,150.6,Burdekin,AyrDPI,Mulg,1959,Furrow,BareFallow,35,Surf1,200,110,LowFreq,0,P2R,15AprV1R4,T4,3225.3,2756.172,1591.191,1972.011,43.616,18.382,7.44659622113569,0.121057924554455,7.74494339622642,1.026205,36.144,999
1979,15/08/1979,227,1978,15-Apr,4,sugar,alive,1,396,1977,15/7/1978,105,0,0,318,1979,21,2039,6731.56,6058.1,5182.75,160.167,2788.75,,20085.398,8034.159,93.157,18.516,99.783,99.783,1.834,9136.173,9138.007,151358.149,0.753,18,1980,1586.7,277.546,1852.765,670.782,1102.042,340.694,1442.736,23.096,9137.384,1.394,9138.777,151141.13,200,250.713,304.007,22.266,0.006,8.369,4.604,7062.999,350,0.913,3489.9,12.8,1396,0,0,17.732,28.057,18.794,350.7,Burdekin,AyrDPI,Mulg,1959,Furrow,BareFallow,35,Surf1,200,110,LowFreq,0,P2R,15AprV1R4,T4,3566.7,2650.782,2130.311,2471.005,30.641,8.375,6.04225470068833,0.111016152643311,6.59123456790124,0.800835,27.887,999
1980,14/09/1980,258,1979,15-Apr,4,sugar,alive,2,396,1977,15/8/1979,105,0,0,318,1980,21,2039,7347.26,6577.69,5711.97,176.054,3330.87,,16131.292,6452.517,66.08,20.371,93.436,93.436,1.394,9137.384,9138.777,151141.13,0.752,20,2200,778.5,210.721,1269.641,443.522,1212.58,310.367,1522.947,13.214,9129.506,1.133,9130.639,150786.935,200,263.353,314.944,22.982,0.008,6.972,4.651,7391.744,350,0.949,4264.1,15.6,1705.6,0,0,18.321,28.783,20.553,86.4,Burdekin,AyrDPI,Mulg,1959,Furrow,BareFallow,35,Surf1,200,110,LowFreq,0,P2R,15AprV1R4,T4,2978.5,2643.522,1480.362,1790.729,29.962,6.98,6.65982730614688,0.11560087120563,6.64354716981132,0.88027,33.309,999
1981,14/10/1981,287,1980,15-Apr,4,sugar,alive,3,395,1977,14/9/1980,105,0,0,318,1981,21,2039,6882.99,6142.34,5315.5,163.354,3000.76,,17524.474,7009.788,72.05,19.695,68.627,68.627,1.133,9129.506,9130.639,150786.935,0.748,18,1980,1125.6,338.504,1342.754,540.665,1146.124,283.489,1429.613,12.316,9129.01,1.321,9130.33,150392.155,200,256.697,310.013,23.96,0.009,7.301,4.745,7579.561,350,0.95,4281.9,15.7,1712.8,0,0,17.855,28.507,19.328,104.8,Burdekin,AyrDPI,Mulg,1959,Furrow,BareFallow,35,Surf1,200,110,LowFreq,0,P2R,15AprV1R4,T4,3105.6,2520.665,1681.258,1964.747,31.27,7.31,6.48059143122946,0.114264489760516,6.72238683127572,0.81677,30.008,999
1982,14/11/1982,318,1981,15-Apr,4,sugar,alive,4,396,1977,14/10/1981,105,0,0,318,1982,21,2039,7332.42,6624.31,5655.35,175.593,3390.3,,16963.344,6785.339,73.482,20.848,63.356,63.356,1.321,9129.01,9130.33,150392.155,0.744,22,2420,594.4,129.707,1241.759,452.767,1310.417,327.938,1638.355,11.65,9106.266,1.591,9107.858,149133.757,200,252.511,331.944,49.597,0.012,7.642,9.509,8275.189,350,0.928,3759.5,13.8,1503.8,0,0,17.665,29.241,20.364,47.4,Burdekin,AyrDPI,Mulg,1959,Furrow,BareFallow,35,Surf1,200,110,LowFreq,0,P2R,15AprV1R4,T4,3014.4,2872.767,1371.466,1699.404,57.251,7.654,6.11233002885372,0.10717640560196,6.11822299651568,0.877965,33.903,999
1983,18/04/1983,108,0,15-Apr,4,none,out,-1,0,1977,0.000,108,3,0,321,-1,19,2039,0,0,0,0,0,,17450.612,6980.245,74.769,0,67.936,67.936,1.591,9106.266,9107.858,149133.757,0.738,0,0,364.4,0.004,124.404,239.995,0,179.812,179.812,5.813,9206.101,7.652,9213.753,151530.231,0,0,9.632,0.307,0,0.166,0.036,4358.867,350,0.001,0.8,0,0.3,0,0,22.105,31.473,22.354,73,Burdekin,AyrDPI,Mulg,1959,Furrow,BareFallow,35,Surf1,200,110,LowFreq,0,P2R,15AprV1R4,T4,364.4,239.995,124.408,304.22,0.473,0.166,0,0,0,,0,999
1984,17/07/1984,199,1983,15-Apr,5,sugar,alive,0,456,1983,18/4/1983,108,3,0,321,1984,18,2039,7835.01,7011.47,6033.06,186.09,3565.93,,0,0,0,20.67,128.117,128.117,7.652,9206.101,9213.753,151530.231,0.74,22,2420,771.9,89.97,1479.333,526.494,1287.174,383.906,1671.079,29.564,9052.031,2.756,9054.787,145968.193,200,356.796,399.452,24.562,0.009,16.088,5.261,8879.649,350,0.966,4813.2,17.6,1925.3,0,0,17.649,28.237,18.184,95.4,Burdekin,AyrDPI,Mulg,1959,Furrow,BareFallow,35,Surf1,200,110,LowFreq,0,P2R,15AprV1R4,T4,3191.9,2946.494,1569.303,1953.209,40.659,16.097,6.31564157266229,0.111359187686519,6.48397212543554,0.93045,35.659,999
1985,17/08/1985,229,1984,15-Apr,5,sugar,alive,1,396,1983,17/7/1984,108,3,0,321,1985,18,2039,6712.72,5968.04,5117.72,156.775,2744.14,,19407.785,7763.113,94.473,18.629,79.636,79.636,2.756,9052.031,9054.787,145968.193,0.729,18,1980,859.7,99.438,1277.036,575.211,1139.474,336.521,1475.995,15.332,9010.547,1.416,9011.963,145538.605,200,291.21,345.141,26.793,0.021,5.747,5.474,6970.836,350,0.946,4171.5,15.3,1668.6,0,0,17.354,28.395,19.214,111.4,Burdekin,AyrDPI,Mulg,1959,Furrow,BareFallow,35,Surf1,200,110,LowFreq,0,P2R,15AprV1R4,T4,2839.7,2555.211,1376.474,1712.995,32.561,5.768,6.13550113865352,0.106216484473186,6.45164609053498,0.783875,27.441,999
1986,17/09/1986,260,1985,15-Apr,5,sugar,alive,2,396,1983,17/8/1985,108,3,0,321,1986,18,2039,6931.77,6201.88,5270.78,162.001,2924.83,,17103.246,6841.299,79.504,19.307,66.868,66.868,1.416,9010.547,9011.963,145538.605,0.728,20,2200,745.7,146.501,1266.82,480.295,1206.236,309.707,1515.943,9.615,8986.444,1.48,8987.924,145398.121,200,265.473,334.028,36.902,0.029,7.95,7.119,7067.693,350,0.931,3814,14,1525.6,0,0,18.107,29.036,18.861,117.8,Burdekin,AyrDPI,Mulg,1959,Furrow,BareFallow,35,Surf1,200,110,LowFreq,0,P2R,15AprV1R4,T4,2945.7,2680.295,1413.321,1723.028,44.881,7.979,6.04414812548619,0.106864835946998,6.11324528301887,0.810005,29.248,999
1987,17/10/1987,290,1986,15-Apr,5,sugar,alive,3,395,1983,17/9/1986,108,3,0,321,1987,18,2039,6891.53,6142.02,5306.75,162.964,2992.46,,17360.281,6944.112,74.146,19.686,83.305,83.305,1.48,8986.444,8987.924,145398.121,0.724,22,2420,411.3,200.526,1026.705,304.488,1275.061,349.328,1624.39,7.801,8971.892,1.305,8973.198,145553.32,200,257.328,322.527,38.259,0.026,6.148,7.561,6892.493,350,0.948,4229,15.5,1691.6,0,0,18.472,29.811,19.953,44,Burdekin,AyrDPI,Mulg,1959,Furrow,BareFallow,35,Surf1,200,110,LowFreq,0,P2R,15AprV1R4,T4,2831.3,2724.488,1227.231,1576.559,44.433,6.174,5.98145413009711,0.100323198246726,5.67818815331011,0.81482,29.925,999
1988,16/11/1988,321,1987,15-Apr,5,sugar,alive,4,396,1983,17/10/1987,108,3,0,321,1988,18,2039,7087.12,6317.11,5429.91,167.458,3113.73,,17065.349,6826.14,73.733,19.971,62.983,62.983,1.305,8971.892,8973.198,145553.32,0.719,21,2310,981.3,169.034,1540.552,414.423,1237.786,333.496,1571.282,19.738,8955.604,1.874,8957.477,145505.569,200,256.972,326.292,36.916,0.058,8.37,7.232,7024.246,350,0.924,3680.9,13.5,1472.3,0,0,18.75,29.606,19.987,254,Burdekin,AyrDPI,Mulg,1959,Furrow,BareFallow,35,Surf1,200,110,LowFreq,0,P2R,15AprV1R4,T4,3291.3,2724.423,1709.586,2043.082,45.344,8.428,6.14654919592149,0.106574122277223,6.06731884057971,0.83729,31.137,999
1989,15/04/1989,105,0,15-Apr,5,none,out,-1,0,1983,0.000,105,0,0,321,-1,18,2039,0,0,0,0,0,,17214.996,6885.999,74.092,0,73.416,73.416,1.874,8955.604,8957.477,145505.569,0.714,0,0,1075.1,32.532,588.621,475.862,0,320.936,320.936,27.955,9055.452,6.702,9062.154,148350.013,0,0,12.837,1.017,0.016,1.301,0.078,3776.131,350,0,0.4,0,0.2,0,0,21.811,31.067,20.611,134.8,Burdekin,AyrDPI,Mulg,1959,Furrow,BareFallow,35,Surf1,200,110,LowFreq,0,P2R,15AprV1R4,T4,1075.1,475.862,621.153,942.089,2.334,1.317,0,0,0,,0,999
1990,15/07/1990,196,1989,15-Apr,6,sugar,alive,0,456,1989,15/4/1989,105,0,0,318,1990,21,2039,7448.59,6675.73,5764.89,178.165,3388.31,,0,0,0,20.492,206.428,206.428,6.702,9055.452,9062.154,148350.013,0.716,19,2090,1562.6,423.42,1678.438,706.678,1220.458,443.578,1664.036,28.903,8917.125,1.941,8919.066,144920.366,200,329.977,377.277,28.928,0.07,19.824,6.096,6482.827,350.462,0.962,4684.5,17.2,1873.8,0,0,17.385,28.018,18.506,103,Burdekin,AyrDPI,Mulg,1959,Furrow,BareFallow,35,Surf1,200,110,LowFreq,0,P2R,15AprV1R4,T4,3652.6,2796.678,2101.858,2545.436,48.822,19.894,6.37059396898749,0.107067996125084,7.01437007874016,0.890825,33.883,999
1991,15/08/1991,227,1990,15-Apr,6,sugar,alive,1,396,1989,15/7/1990,105,0,0,318,1991,21,2039,6827.29,6132.89,5225.41,161.09,2793.1,,18293.224,7317.29,91.306,18.427,93.135,93.135,1.941,8917.125,8919.066,144920.366,0.705,19,2090,1680.4,324.042,2002.643,423.592,1168.651,293.833,1462.484,33.641,8917.714,1.208,8918.921,145008.377,200,256.354,298.176,14.972,0.026,8.47,3.24,6392.16,352.128,0.925,3701.7,13.6,1480.7,0,0,16.827,28.484,19.182,204.4,Burdekin,AyrDPI,Mulg,1959,Furrow,BareFallow,35,Surf1,200,110,LowFreq,0,P2R,15AprV1R4,T4,3770.4,2513.592,2326.685,2620.518,23.468,8.496,6.40875687064567,0.110148213587294,6.34212598425197,0.80545,27.931,999
1992,14/09/1992,258,1991,15-Apr,6,sugar,alive,2,396,1989,15/8/1991,105,0,0,318,1992,21,2039,7748.23,6948.67,6090.4,188.091,3673.88,,16762.47,6704.989,70.237,21.125,74.366,74.366,1.208,8917.714,8918.921,145008.377,0.706,21,2310,643.5,200.136,1100.113,351.858,1352.231,294.25,1646.481,8.119,8915.864,1.206,8917.07,145185.996,200,263.168,310.664,18.96,0.029,6.296,3.937,7010.707,353.823,0.953,4355.7,16,1742.3,0,0,17.978,29.375,20.6,122.8,Burdekin,AyrDPI,Mulg,1959,Furrow,BareFallow,35,Surf1,200,110,LowFreq,0,P2R,15AprV1R4,T4,2953.5,2661.858,1300.249,1594.499,25.285,6.325,7.06615454317999,0.114238184345887,6.81489130434783,0.940455,36.739,999
1993,14/10/1993,287,1992,15-Apr,6,sugar,alive,3,395,1989,14/9/1992,105,0,0,318,1993,21,2039,7522.46,6730.41,5881.31,181.391,3680.37,,17793.917,7117.566,71.592,22.056,81.135,81.135,1.206,8915.864,8917.07,145185.996,0.704,22,2420,531.1,165.012,1201.818,360.515,1289.101,304.797,1593.899,9.753,8918.322,1.353,8919.675,145354.722,200,261.166,314.273,20.724,0.031,6.901,4.123,7457.134,355.556,0.944,4118.1,15.1,1647.2,0,0,17.951,29.038,20.484,72,Burdekin,AyrDPI,Mulg,1959,Furrow,BareFallow,35,Surf1,200,110,LowFreq,0,P2R,15AprV1R4,T4,2951.1,2780.515,1366.83,1671.627,27.656,6.932,6.52364759765727,0.113803321289492,6.32024390243902,0.906955,36.804,999
1994,14/11/1994,318,1993,15-Apr,6,sugar,alive,4,396,1989,14/10/1993,105,0,0,318,1994,21,2039,7630.72,6846.18,6035.67,186.77,3732.84,,17450.11,6980.044,70.464,21.683,71.507,71.507,1.353,8918.322,8919.675,145354.722,0.701,22,2420,365.6,76.517,1074.891,275.964,1333.595,311.192,1644.787,9.757,8913.731,1.417,8915.148,145409.695,200,260.333,315.595,26.42,0.018,9.72,5.314,7474.767,357.322,0.954,4403.2,16.1,1761.3,0,0,18.061,29.441,20.865,46.8,Burdekin,AyrDPI,Mulg,1959,Furrow,BareFallow,35,Surf1,200,110,LowFreq,0,P2R,15AprV1R4,T4,2785.6,2695.964,1151.408,1462.6,36.158,9.738,6.92776313036821,0.113552697096949,6.50766550522648,0.93385,37.328,999
1995,15/04/1995,105,0,15-Apr,6,none,out,-1,0,1989,0.000,105,0,0,318,-1,21,2039,0,0,0,0,0,,17300.612,6920.245,73.445,0,60.913,60.913,1.417,8913.731,8915.148,145409.695,0.697,0,0,352.3,0.005,109.149,243.151,0,196.4,196.4,5.106,9019.432,6.231,9025.663,149114.66,0,0,6.704,0.065,0,0.05,0.016,3311.158,358.015,0.001,0.9,0,0.4,0,0,22.668,31.676,22.661,55.2,Burdekin,AyrDPI,Mulg,1959,Furrow,BareFallow,35,Surf1,200,110,LowFreq,0,P2R,15AprV1R4,T4,352.3,243.151,109.154,305.554,0.115,0.05,0,0,0,,0,999
1996,14/07/1996,196,1995,15-Apr,7,sugar,alive,0,456,1995,15/4/1995,105,0,0,318,1996,21,2039,8630.29,7674.8,6789.27,209.221,4134.75,,0,0,0,21.408,107.66,107.66,6.231,9019.432,9025.663,149114.66,0.699,22,2420,667.7,8.816,1402.722,409.359,1351.877,368.174,1720.051,23.459,8877.663,2.152,8879.815,144092.22,200,360.747,398.655,14.553,0.002,13.765,3.444,8767.35,360.105,0.973,5150.4,18.9,2060.2,0,0,18.934,29.127,19.288,107,Burdekin,AyrDPI,Mulg,1959,Furrow,BareFallow,35,Surf1,200,110,LowFreq,0,P2R,15AprV1R4,T4,3087.7,2829.359,1411.538,1779.712,28.32,13.767,7.39464309760621,0.121636509615122,7.28993031358885,1.046105,41.347,999
1997,14/08/1997,226,1996,15-Apr,7,sugar,alive,1,396,1995,14/7/1996,105,0,0,318,1997,21,2039,7692.57,6903.69,6010.52,185.552,3511.98,,20026.583,8010.634,87.077,20.381,63.775,63.775,2.152,8877.663,8879.815,144092.22,0.691,19,2090,936,172.465,1362.312,469.612,1149.213,318.6,1467.813,11.917,8881.632,0.967,8882.599,144028.869,200,263.194,307.165,14.981,0.033,5.184,3.226,7279.495,361.957,0.949,4245.4,15.6,1698.1,0,0,18.617,28.449,20.38,116.8,Burdekin,AyrDPI,Mulg,1959,Furrow,BareFallow,35,Surf1,200,110,LowFreq,0,P2R,15AprV1R4,T4,3026,2559.612,1534.777,1853.377,20.198,5.217,7.24922371046862,0.126413923299494,7.3051968503937,0.92776,35.12,999
1998,14/09/1998,257,1997,15-Apr,7,sugar,alive,2,396,1995,14/8/1997,105,0,0,318,1998,21,2039,7423.21,6608.39,5859.28,180.334,3457.11,,17905.928,7162.372,71.157,20.68,87.185,87.185,0.967,8881.632,8882.599,144028.869,0.693,19,2090,988.6,231.83,1407.391,502.958,1085.196,305.739,1390.935,14.055,8882.497,1.436,8883.934,143782.941,200,264.226,314.456,19.895,0.07,5.796,4.08,7948.587,363.843,0.934,3891.5,14.3,1556.6,0,0,20.231,28.713,19.364,189.6,Burdekin,AyrDPI,Mulg,1959,Furrow,BareFallow,35,Surf1,200,110,LowFreq,0,P2R,15AprV1R4,T4,3078.6,2592.958,1639.221,1944.96,25.761,5.866,6.95475977628639,0.129649480385496,7.09976377952756,0.90167,34.571,999
1999,14/10/1999,287,1998,15-Apr,7,sugar,alive,3,395,1995,14/9/1998,105,0,0,318,1999,21,2039,7263.62,6527.37,5734.16,177.608,3519.3,,16601.095,6640.437,63.365,21.472,135.63,135.63,1.436,8882.497,8883.934,143782.941,0.69,20,2200,1114.4,272.555,1669.384,624.054,1120.25,313.074,1433.324,8.614,8876.516,1.363,8877.879,143365.782,200,233.269,317.688,42.402,0.111,19.325,8.21,7764.901,365.763,0.928,3761.8,13.8,1504.7,0,0,19.63,28.738,19.443,112,Burdekin,AyrDPI,Mulg,1959,Furrow,BareFallow,35,Surf1,200,110,LowFreq,0,P2R,15AprV1R4,T4,3314.4,2824.054,1941.939,2255.013,61.838,19.436,6.28911486820011,0.123913365017261,6.70218867924528,0.88804,35.193,999
2000,23/11/2000,328,1999,15-Apr,7,sugar,alive,4,406,1995,14/10/1999,105,0,10,318,2000,14,2039,7943.88,7140.77,6286,194.931,3741.04,,16197.924,6479.171,62.673,20.706,74.766,74.766,1.363,8876.516,8877.879,143365.782,0.687,18,1980,1679.8,292.823,1769.397,801.777,1185.416,327.54,1512.956,25.712,8872.898,1.774,8874.672,143026.808,200,258.118,317.402,26.959,0.091,9.029,5.358,7844.259,367.764,0.946,4175.6,15.3,1670.3,0,0,19.105,28.464,19.618,136,Burdekin,AyrDPI,Mulg,1959,Furrow,BareFallow,35,Surf1,200,110,LowFreq,0,P2R,15AprV1R4,T4,3659.8,2781.777,2062.22,2389.76,36.079,9.12,7.00742726681542,0.128841155988674,8.02185185185185,0.974655,37.41,999
2001,15/04/2001,105,0,15-Apr,7,none,out,-1,0,1995,0.000,105,0,10,328,-1,14,2049,0,0,0,0,0,,17641.291,7056.516,70.375,0,159.39,159.39,1.774,8872.898,8874.672,143026.808,0.684,0,0,332.9,48.486,78.065,235.282,0,235.338,235.338,3.428,8967.106,13.851,8980.957,145643.478,0,0,16.724,0.272,0.068,0.076,0.044,4474.031,368.485,0,0.7,0,0.3,0,0,21.794,30.767,20.73,39.4,Burdekin,AyrDPI,Mulg,1959,Furrow,BareFallow,35,Surf1,200,110,LowFreq,0,P2R,15AprV1R4,T4,332.9,235.282,126.551,361.889,0.416,0.144,0,0,0,,0,999
2002,15/07/2002,196,2001,15-Apr,8,sugar,alive,0,456,2001,15/4/2001,105,0,0,318,2002,21,2039,8315.53,7442.5,6497.89,200.553,4074.23,,0,0,0,22.087,130.402,130.402,13.851,8967.106,8980.957,145643.478,0.685,22,2420,812.3,32.33,1443.908,356.377,1450.995,368.016,1819.011,19.698,8810.057,2.087,8812.143,140341.257,200,379.306,406.134,18.861,0.03,11.845,4.247,8863.548,370.799,0.973,5139,18.8,2055.6,0,0,17.741,29.868,20.336,206,Burdekin,AyrDPI,Mulg,1959,Furrow,BareFallow,35,Surf1,200,110,LowFreq,0,P2R,15AprV1R4,T4,3232.3,2776.377,1476.238,1844.254,30.736,11.875,7.22355069214303,0.110253868723169,6.98790940766551,1.002765,40.742,999
2003,15/08/2003,227,2002,15-Apr,8,sugar,alive,1,396,2001,15/7/2002,105,0,0,318,2003,21,2039,7342.58,6555.77,5640.21,173.639,3431.82,,19818.031,7927.213,91.338,21.41,67.453,67.453,2.087,8810.057,8812.143,140341.257,0.675,21,2310,472,63.57,1099.81,293.791,1292.874,313.44,1606.314,9.74,8804.298,1.236,8805.534,139190.7,200,267.961,317.131,18.105,0.057,5.865,3.844,8132.846,372.843,0.932,3849.1,14.1,1539.7,0,0,17.729,29.464,20.693,51,Burdekin,AyrDPI,Mulg,1959,Furrow,BareFallow,35,Surf1,200,110,LowFreq,0,P2R,15AprV1R4,T4,2782,2603.791,1163.38,1476.82,24.027,5.922,6.66869959992949,0.108097794080111,6.29126811594203,0.868195,34.318,999
2004,14/09/2004,258,2003,15-Apr,8,sugar,alive,2,396,2001,15/8/2003,105,0,0,318,2004,21,2039,7568.7,6793.38,5934.44,183.081,3609.01,,17741.888,7096.755,72.584,21.347,79.761,79.761,1.236,8804.298,8805.534,139190.7,0.677,20,2200,741,175.944,1166.375,380.659,1320.339,290.261,1610.6,11.344,8803.755,1.175,8804.931,138240.655,200,265.727,315.566,18.535,0.111,6.263,3.848,8418.017,374.917,0.953,4382.4,16.1,1753,0,0,18.222,29.742,20.529,173.2,Burdekin,AyrDPI,Mulg,1959,Furrow,BareFallow,35,Surf1,200,110,LowFreq,0,P2R,15AprV1R4,T4,2941,2580.659,1342.319,1632.58,24.909,6.374,7.09435070654434,0.113672544393394,6.90871698113208,0.915405,36.09,999
2005,14/10/2005,287,2004,15-Apr,8,sugar,alive,3,395,2001,14/9/2004,105,0,0,318,2005,21,2039,7541.6,6770.16,5883.9,181.499,3653.76,,17616.214,7046.485,71.105,21.861,67.842,67.842,1.175,8803.755,8804.931,138240.655,0.675,22,2420,728.7,154.113,1370.272,285.551,1322.525,293.757,1616.282,17.117,8795.214,1.413,8796.628,136899.794,200,271.494,326.232,21.873,0.093,6.676,4.377,8909.81,377.032,0.955,4418.2,16.2,1767.3,0,0,18.444,29.715,20.552,143.4,Burdekin,AyrDPI,Mulg,1959,Furrow,BareFallow,35,Surf1,200,110,LowFreq,0,P2R,15AprV1R4,T4,3148.7,2705.551,1524.385,1818.142,28.642,6.769,6.7083932256313,0.112294141740117,6.32400696864112,0.907495,36.538,999
2006,14/11/2006,318,2005,15-Apr,8,sugar,alive,4,396,2001,14/10/2005,105,0,0,318,2006,21,2039,7330.99,6571.03,5700.71,175.758,3262.54,,17845.912,7138.365,72.351,19.932,75.874,75.874,1.413,8795.214,8796.628,136899.794,0.673,20,2200,923.4,187.897,1443.363,483.295,1218.593,295.308,1513.901,10.77,8788.199,1.389,8789.588,135556.691,200,268.871,319.862,24.157,0.134,5.986,4.802,8841.032,379.182,0.957,4491.2,16.5,1796.5,0,0,18.902,29.43,19.985,178.4,Burdekin,AyrDPI,Mulg,1959,Furrow,BareFallow,35,Surf1,200,110,LowFreq,0,P2R,15AprV1R4,T4,3123.4,2683.295,1631.26,1926.568,30.277,6.12,6.55008115022761,0.116096098754146,6.63237735849057,0.87879,32.625,999
2007,15/04/2007,105,0,15-Apr,8,none,out,-1,0,2001,0.000,105,0,0,318,-1,21,2039,0,0,0,0,0,,17674.984,7069.993,77.09,0,54.113,54.113,1.389,8788.199,8789.588,135556.691,0.67,0,0,748.4,36.859,410.609,331.878,0,216.14,216.14,19.356,8897.26,5.734,8902.994,138530.827,0,0,7.188,0.255,0.114,0.164,0.024,3942.127,380.024,0,0.6,0,0.2,0,0,21.774,31.068,20.952,130.2,Burdekin,AyrDPI,Mulg,1959,Furrow,BareFallow,35,Surf1,200,110,LowFreq,0,P2R,15AprV1R4,T4,748.4,331.878,447.468,663.608,0.533,0.278,0,0,0,,0,999
2008,14/07/2008,196,2007,15-Apr,9,sugar,alive,0,456,2007,15/4/2007,105,0,0,318,2008,21,2039,8388.25,7518.58,6522.43,201.712,3779.92,,0,0,0,20.149,138.906,138.906,5.734,8897.26,8902.994,138530.827,0.672,21,2310,1389.5,293.882,1771.423,658.206,1338.394,360.483,1698.876,27.94,8758.096,2.581,8760.677,131535.776,200,345.643,389.014,20.835,0.28,16.239,4.413,10499.283,382.56,0.969,4950.2,18.1,1980.1,0,0,17.421,28.372,18.704,108.2,Burdekin,AyrDPI,Mulg,1959,Furrow,BareFallow,35,Surf1,200,110,LowFreq,0,P2R,15AprV1R4,T4,3699.5,2968.206,2065.305,2425.788,37.354,16.519,6.79575474209,0.118732620862264,7.30840579710145,1.00856,37.799,999
2009,14/08/2009,226,2008,15-Apr,9,sugar,alive,1,396,2007,14/7/2008,105,0,0,318,2009,21,2039,6838.05,6074.36,5205.68,159.272,2798.83,,20067.084,8026.833,87.207,18.714,74.226,74.226,2.581,8758.096,8760.677,131535.776,0.666,16,1760,1894.1,370.258,1851.029,597.468,1150.549,292.577,1443.126,21.574,8712.63,1.681,8714.311,130589.809,200,299.854,355.045,20.378,1.58,6.779,4.183,7855.434,384.802,0.944,4108,15.1,1643.2,0,0,18.009,28.88,18.524,197.2,Burdekin,AyrDPI,Mulg,1959,Furrow,BareFallow,35,Surf1,200,110,LowFreq,0,P2R,15AprV1R4,T4,3654.1,2357.468,2221.287,2513.864,28.737,8.359,6.75606201229455,0.110365969430251,7.2068778280543,0.79636,27.988,999
2010,14/09/2010,257,2009,15-Apr,9,sugar,alive,2,396,2007,14/8/2009,105,0,0,318,2010,21,2039,7771.96,6982.18,6015.35,185.606,3237.32,,17366.99,6946.795,77.109,18.554,63.913,63.913,1.681,8712.63,8714.311,130589.809,0.668,19,2090,1138.9,263.646,1362.605,495.69,1292.604,280.406,1573.01,12.473,8692.22,1.652,8693.872,130232.711,200,284.889,335.545,20.431,0.476,6.666,4.263,7817.884,387.08,0.938,3980.1,14.6,1592,0,0,18.842,29.312,18.819,135.2,Burdekin,AyrDPI,Mulg,1959,Furrow,BareFallow,35,Surf1,200,110,LowFreq,0,P2R,15AprV1R4,T4,3228.9,2585.69,1626.251,1906.657,27.573,7.142,7.17820001624325,0.117994164054901,7.30732283464567,0.92803,32.373,999
2011,14/10/2011,287,2010,15-Apr,9,sugar,alive,3,395,2007,14/9/2010,105,0,0,318,2011,21,2039,7033.45,6350.96,5531.85,171.853,3387.12,,18314.245,7325.699,75.269,21.343,93.553,93.553,1.652,8692.22,8693.872,130232.711,0.667,17,1870,1399.5,307.327,1516.709,792.315,1138.423,345.844,1484.268,14.052,8688.733,1.434,8690.167,130221.164,200,238.399,311.441,44.254,0.587,9.663,8.407,7273.665,389.395,0.928,3758.3,13.8,1503.3,0,0,17.983,28.537,18.315,81.4,Burdekin,AyrDPI,Mulg,1959,Furrow,BareFallow,35,Surf1,200,110,LowFreq,0,P2R,15AprV1R4,T4,3269.5,2662.315,1824.036,2169.88,54.504,10.25,6.45502128786413,0.115782998757637,7.40745689655172,0.859265,33.871,999
2012,13/11/2012,318,2011,15-Apr,9,sugar,alive,4,396,2007,14/10/2011,105,0,0,318,2012,21,2039,7542.36,6766.15,5905.61,182.539,3480.65,,15958.151,6383.26,67.746,20.554,54.749,54.749,1.434,8688.733,8690.167,130221.164,0.664,18,1980,1162.2,242.405,1356.895,602.276,1231.111,305.151,1536.262,13.963,8679.246,1.392,8680.638,130077.719,200,264.959,316.687,25.812,0.167,6.693,5.191,7247.014,391.74,0.96,4605,16.9,1842,0,0,18.232,28.806,19.444,197.4,Burdekin,AyrDPI,Mulg,1959,Furrow,BareFallow,35,Surf1,200,110,LowFreq,0,P2R,15AprV1R4,T4,3142.2,2582.276,1599.3,1904.451,32.672,6.86,7.0689190466085,0.118820227278941,7.51189300411523,0.912695,34.806,999
2013,15/04/2013,105,0,15-Apr,9,none,out,-1,0,2007,0.000,105,0,0,318,-1,21,2039,0,0,0,0,0,,17826.665,7130.667,79.38,0,61.387,61.387,1.392,8679.246,8680.638,130077.719,0.662,0,0,494.4,0.002,205.299,289.101,0,218.498,218.498,9.608,8783.687,6.03,8789.717,133376.277,0,0,8.296,0.302,0,0.134,0.034,3631.776,392.667,0,0.6,0,0.2,0,0,21.942,31.348,21.742,178.6,Burdekin,AyrDPI,Mulg,1959,Furrow,BareFallow,35,Surf1,200,110,LowFreq,0,P2R,15AprV1R4,T4,494.4,289.101,205.301,423.799,0.436,0.134,0,0,0,,0,999
2014,15/07/2014,196,2013,15-Apr,10,sugar,alive,0,456,2013,15/4/2013,105,0,0,318,2014,21,2039,8553.57,7680.67,6669,206.403,3942.49,,0,0,0,20.594,131.99,131.99,6.03,8783.687,8789.717,133376.277,0.664,22,2420,709.2,140.118,1315.162,417.716,1363.749,356.941,1720.69,21.888,8629.385,2.055,8631.44,128917.07,200,371.586,405.506,15.293,0.071,12.5,3.544,8015.701,395.443,0.97,4996.6,18.3,1998.7,0,0,17.96,28.94,18.948,86.2,Burdekin,AyrDPI,Mulg,1959,Furrow,BareFallow,35,Surf1,200,110,LowFreq,0,P2R,15AprV1R4,T4,3129.2,2837.716,1455.28,1812.221,27.864,12.571,7.27356084964105,0.119953623255787,7.19174216027875,1.032015,39.425,999
2015,15/08/2015,227,2014,15-Apr,10,sugar,alive,1,396,2013,15/7/2014,105,0,0,318,2015,21,2039,7125.68,6337.39,5494.78,168.708,3297.94,,20265.961,8106.384,89.083,21.144,85.222,85.222,2.055,8629.385,8631.44,128917.07,0.657,21,2310,417.2,30.792,1117.602,240.914,1262.474,326.683,1589.157,12.183,8617.387,1.22,8618.608,128924.042,200,273.862,325.047,18.228,0.185,5.989,3.901,7094.402,397.889,0.934,3877.3,14.2,1550.9,0,0,17.894,29.752,20.482,83.4,Burdekin,AyrDPI,Mulg,1959,Furrow,BareFallow,35,Surf1,200,110,LowFreq,0,P2R,15AprV1R4,T4,2727.2,2550.914,1148.394,1475.077,24.402,6.174,6.61362946771236,0.106161946239421,6.11260869565217,0.84354,32.979,999
2016,14/09/2016,258,2015,15-Apr,10,sugar,alive,2,396,2013,15/8/2015,105,0,0,318,2016,21,2039,7550.92,6729.46,5886.64,180.845,3386.25,,17158.375,6863.349,69.633,20.131,74.873,74.873,1.22,8617.387,8618.608,128924.042,0.659,21,2310,538,228.77,999.044,389.252,1311.935,295.255,1607.191,6.746,8620.928,1.168,8622.097,129129.819,200,262.088,312.579,18.246,0.052,6.422,3.809,7272.873,400.366,0.95,4283.6,15.7,1713.4,0,0,19.103,29.867,19.185,43.6,Burdekin,AyrDPI,Mulg,1959,Furrow,BareFallow,35,Surf1,200,110,LowFreq,0,P2R,15AprV1R4,T4,2848,2699.252,1227.814,1523.069,24.72,6.474,6.6998190609843,0.11252240710656,6.55235507246377,0.904225,33.862,999
2017,14/10/2017,287,2016,15-Apr,10,sugar,alive,3,395,2013,14/9/2016,105,0,0,318,2017,21,2039,7173,6383.43,5531.91,169.592,3152.49,,17787.467,7114.988,70.659,19.964,87.869,87.869,1.168,8620.928,8622.097,129129.819,0.658,19,2090,860,164.08,1213.95,492.992,1291.641,302.313,1593.954,9.749,8618.758,1.372,8620.13,129087.25,200,261.472,316.563,24.011,0.052,6.918,4.847,7527.808,402.887,0.956,4473.7,16.4,1789.5,0,0,18.783,30.109,18.59,107.8,Burdekin,AyrDPI,Mulg,1959,Furrow,BareFallow,35,Surf1,200,110,LowFreq,0,P2R,15AprV1R4,T4,2950,2582.992,1378.03,1680.343,30.981,6.97,6.56571913501862,0.106397047844543,6.67685039370079,0.84796,31.525,999
2018,14/11/2018,318,2017,15-Apr,10,sugar,alive,4,396,2013,14/10/2017,105,0,0,318,2018,21,2039,7311.33,6527.73,5610.64,173.027,3301.84,,17751.982,7100.791,72.971,20.572,65.885,65.885,1.372,8618.758,8620.13,129087.25,0.655,21,2310,742.1,212.652,1250.948,399.839,1300.163,283.752,1583.915,14.091,8611.128,1.7,8612.828,128901.69,200,260.694,319.226,29.683,0.097,6.997,5.748,7525.858,405.446,0.929,3788.4,13.9,1515.3,0,0,18.275,29.723,18.447,130.4,Burdekin,AyrDPI,Mulg,1959,Furrow,BareFallow,35,Surf1,200,110,LowFreq,0,P2R,15AprV1R4,T4,3052.1,2709.839,1463.6,1747.352,36.777,7.094,6.38513948614659,0.109240079170915,6.26909420289855,0.865135,33.018,999
2019,15/04/2019,105,0,15-Apr,10,none,out,-1,0,2013,0.000,105,0,0,318,-1,21,2039,0,0,0,0,0,,17675.976,7070.391,74.397,0,70.47,70.47,1.7,8611.128,8612.828,128901.69,0.653,0,0,1111,185.308,589.263,442.199,0,249.281,249.281,18.445,8715.006,7.627,8722.633,131773.628,0,0,15.974,0.869,0.127,0.649,0.074,4105.228,406.447,0.004,5.7,0,2.3,0,0,22.704,31.656,17.334,92.8,Burdekin,AyrDPI,Mulg,1959,Furrow,BareFallow,35,Surf1,200,110,LowFreq,0,P2R,15AprV1R4,T4,1111,442.199,774.571,1023.852,1.645,0.776,0,0,0,,0,999
2020,14/07/2020,196,2019,15-Apr,11,sugar,alive,0,456,2019,15/4/2019,105,0,0,318,2020,21,2039,7635.37,6831.67,5934.72,183.531,3566.58,,0,0,0,21.003,157.618,157.618,7.627,8715.006,8722.633,131773.628,0.655,21,2310,1041.6,122.351,1637.804,456.454,1296.762,378.523,1675.285,25.712,8552.588,1.972,8554.56,127776.297,200,361.961,401.835,22.657,0.155,20.51,4.986,7194.869,409.458,0.956,4449.6,16.3,1779.8,0,0,17.927,29.324,17.481,327.8,Burdekin,AyrDPI,Mulg,1959,Furrow,BareFallow,35,Surf1,200,110,LowFreq,0,P2R,15AprV1R4,T4,3351.6,2766.454,1760.155,2138.678,43.322,20.665,6.63416055354617,0.109552106059566,6.64967391304348,0.917655,35.666,999
2021,14/08/2021,226,2020,15-Apr,11,sugar,alive,1,396,2019,14/7/2020,105,0,0,318,2021,21,2039,6601.7,5821.44,5011.99,152.833,2530.59,,18237.63,7295.053,87.854,17.466,73.779,73.779,1.972,8552.588,8554.56,127776.297,0.646,18,1980,1081.2,204.753,1483.257,479.087,1092.862,283.294,1376.156,20.384,8547.482,1.077,8548.559,127905.642,200,255.733,304.817,20.351,0.173,9.556,4.298,6277.139,412.114,0.945,4140.9,15.2,1656.4,0,0,18.484,29.171,17.224,132.4,Burdekin,AyrDPI,Mulg,1959,Furrow,BareFallow,35,Surf1,200,110,LowFreq,0,P2R,15AprV1R4,T4,3061.2,2459.087,1688.01,1971.304,30.08,9.729,6.2150302124325,0.1110579033191,6.28942386831276,0.764165,25.306,999
1960,14/04/1960,105,0,15-Apr,0,none,out,-1,0,-1,0.000,105,0,0,318,-1,21,2039,0,0,0,0,0,,0,0,0,0,0,0,0,0,0,0,0.89,0,0,778.8,0,483.366,295.434,0,204.631,204.631,22.612,9505.139,33.511,9538.649,141810.903,0,0,35.922,3.757,0,1.649,0.596,1011.488,350,0.001,0.9,0,0.4,0,0,22.318,30.437,19.329,210.1,Burdekin,AyrDPI,Mulg,1960,Furrow,BareFallow,35,Surf1,200,110,LowFreq,0,P2R,15AprV1R4,T4,778.8,295.434,483.366,687.997,5.406,1.649,0,0,0,,0,999
1961,14/07/1961,195,1960,15-Apr,1,sugar,alive,0,456,1960,14/4/1960,105,0,0,318,1961,21,2039,7997.44,7154.33,6232.13,192.298,3612.02,,0,0,0,20.204,120.353,120.353,33.511,9505.139,9538.649,141810.903,0.884,22,2420,561.3,39.996,1264.482,397.447,1352.557,379.705,1732.262,24.474,9422.472,0.757,9423.23,141436.328,200,308.102,322.32,27.616,0,17.135,5.933,3529.002,350,0.983,5795.2,21.2,2318.1,0,0,16.784,28.349,20.095,63.2,Burdekin,AyrDPI,Mulg,1960,Furrow,BareFallow,35,Surf1,200,110,LowFreq,0,P2R,15AprV1R4,T4,2981.3,2817.447,1304.478,1684.183,44.751,17.135,6.82525705008825,0.111009766421015,6.7002787456446,0.96149,36.12,999
1962,14/08/1962,226,1961,15-Apr,1,sugar,alive,1,396,1960,14/7/1961,105,0,0,318,1962,21,2039,6507.65,5791.15,4945.75,151.54,2816.14,,19931.036,7972.416,96.921,19.958,64.912,64.912,0.757,9422.472,9423.23,141436.328,0.868,17,1870,958.4,133.996,1176.471,565.642,1188.052,327.527,1515.58,11.358,9433.633,0.826,9434.459,142471.354,200,246.392,294.642,16.737,0,4.807,3.592,5584.297,350,0.935,3898.7,14.3,1559.5,0,0,17.008,28.972,20.048,102.1,Burdekin,AyrDPI,Mulg,1960,Furrow,BareFallow,35,Surf1,200,110,LowFreq,0,P2R,15AprV1R4,T4,2828.4,2435.642,1310.467,1637.994,21.544,4.807,6.22176822373732,0.0999881233587142,6.53189655172414,0.7577,28.161,999
1963,14/09/1963,257,1962,15-Apr,1,sugar,alive,2,396,1960,14/8/1962,105,0,0,318,1963,21,2039,6939.96,6227.97,5302.8,163.303,2879.05,,16590.108,6636.043,68.079,18.785,67.267,67.267,0.826,9433.633,9434.459,142471.354,0.865,18,1980,1162.3,266.777,1317.867,663.683,1253.557,288.274,1541.831,11.191,9417.782,1.045,9418.827,143300.324,200,261.277,318.896,28.446,0.001,7.224,5.698,5928.63,350,0.937,3941.7,14.4,1576.7,0,0,17.169,29.038,19.278,91.9,Burdekin,AyrDPI,Mulg,1960,Furrow,BareFallow,35,Surf1,200,110,LowFreq,0,P2R,15AprV1R4,T4,3142.3,2643.683,1584.644,1872.918,35.671,7.225,6.1771021714782,0.105914980305883,6.72028806584362,0.816515,28.791,999
1964,13/10/1964,287,1963,15-Apr,1,sugar,alive,3,395,1960,14/9/1963,105,0,0,318,1964,21,2039,6555.13,5807.25,5017.76,153.238,2827.62,,17266.363,6906.545,75.908,19.797,83.091,83.091,1.045,9417.782,9418.827,143300.324,0.857,20,2200,564.7,164.435,1086.735,407.296,1243.925,289.58,1533.505,8.238,9396.766,1.665,9398.43,144179.615,200,269.714,328.819,29.405,0.001,7.796,5.733,6148.81,350,0.95,4268.8,15.7,1707.5,0,0,17.833,29.736,19.754,92.7,Burdekin,AyrDPI,Mulg,1960,Furrow,BareFallow,35,Surf1,200,110,LowFreq,0,P2R,15AprV1R4,T4,2764.7,2607.296,1251.17,1540.75,37.202,7.797,5.87727668818577,0.0999266386480644,5.78256603773585,0.76619,28.276,999
1965,13/11/1965,317,1964,15-Apr,1,sugar,alive,4,396,1960,13/10/1964,105,0,0,318,1965,21,2039,7194.77,6495.61,5495.13,170.542,3155.23,,16696.202,6678.481,74.879,19.856,63.116,63.116,1.665,9396.766,9398.43,144179.615,0.849,20,2200,827.8,145.598,1304.896,451.468,1249.594,328.325,1577.919,13.67,9367.723,1.547,9369.27,144980.529,200,260.226,329.525,47.275,0.001,7.359,9.133,5993.268,350,0.921,3620.8,13.3,1448.3,0,0,17.495,29.085,20.224,107.4,Burdekin,AyrDPI,Mulg,1960,Furrow,BareFallow,35,Surf1,200,110,LowFreq,0,P2R,15AprV1R4,T4,3027.8,2651.468,1450.494,1778.819,54.635,7.36,6.43198409333999,0.108080326049689,6.43554716981132,0.85271,31.552,999
1966,15/04/1966,105,0,15-Apr,1,none,out,-1,0,1960,0.000,105,0,0,318,-1,21,2039,0,0,0,0,0,,17524.664,7009.866,80.349,0,62.504,62.504,1.547,9367.723,9369.27,144980.529,0.84,0,0,295,0.004,61.351,233.648,0,191.073,191.073,2.862,9458.664,16.993,9475.657,147947.779,0,0,17.095,0.075,0,0.021,0.036,3680.386,350,0.001,0.8,0,0.3,0,0,21.412,31.333,20.942,102.9,Burdekin,AyrDPI,Mulg,1960,Furrow,BareFallow,35,Surf1,200,110,LowFreq,0,P2R,15AprV1R4,T4,295,233.648,61.355,252.428,0.096,0.021,0,0,0,,0,999
1967,15/07/1967,196,1966,15-Apr,2,sugar,alive,0,456,1966,15/4/1966,105,0,0,318,1967,21,2039,8167.68,7340.43,6348.16,196.365,3677.72,,0,0,0,20.137,105.077,105.077,16.993,9458.664,9475.657,147947.779,0.841,21,2310,894.1,41.194,1425.954,519.103,1348.789,376.414,1725.203,22.989,9305.128,1.675,9306.803,145668.267,200,357.925,395.724,31.325,0,19.325,6.738,5707.039,350,0.967,4894.2,17.9,1957.7,0,0,17.479,28.371,18.716,154.9,Burdekin,AyrDPI,Mulg,1960,Furrow,BareFallow,35,Surf1,200,110,LowFreq,0,P2R,15AprV1R4,T4,3204.1,2829.103,1467.148,1843.562,50.65,19.325,6.94089257266349,0.113821387975792,7.11467391304348,0.981825,36.777,999
1968,14/08/1968,227,1967,15-Apr,2,sugar,alive,1,396,1966,15/7/1967,105,0,0,318,1968,21,2039,7209.26,6459.18,5537.75,170.635,3129.24,,19625.951,7850.381,97.107,19.657,116.826,116.826,1.675,9305.128,9306.803,145668.267,0.824,18,1980,1458,275.002,1713.631,561.574,1174.573,304.726,1479.299,22.163,9297.793,1.272,9299.064,146570.392,200,266.477,312.475,17.676,0.002,7.819,3.726,5969.707,350,0.937,3944.3,14.5,1577.7,0,0,17.986,28.436,19.767,187.9,Burdekin,AyrDPI,Mulg,1960,Furrow,BareFallow,35,Surf1,200,110,LowFreq,0,P2R,15AprV1R4,T4,3438,2541.574,1988.633,2293.359,25.497,7.821,6.71375297355104,0.115348553605458,7.02201646090535,0.853175,31.292,999
1969,14/09/1969,257,1968,15-Apr,2,sugar,alive,2,396,1966,14/8/1968,105,0,0,318,1969,21,2039,6750.49,5992.22,5154.44,157.899,2921.64,,17560.539,7024.215,74.397,19.859,86.894,86.894,1.272,9297.793,9299.064,146570.392,0.821,22,2420,202.9,177.481,915.832,174.394,1253.429,304.294,1557.723,5.529,9281.788,1.166,9282.954,147554.629,200,268.627,322.926,25.675,0.001,6.693,5.121,5995.991,350,0.949,4238.6,15.5,1695.5,0,0,17.462,29.388,20.407,46.5,Burdekin,AyrDPI,Mulg,1960,Furrow,BareFallow,35,Surf1,200,110,LowFreq,0,P2R,15AprV1R4,T4,2622.9,2594.394,1093.313,1397.607,32.369,6.694,6.08616116133479,0.101365261988171,5.50170731707317,0.789495,29.216,999
1970,14/10/1970,287,1969,15-Apr,2,sugar,alive,3,395,1966,14/9/1969,105,0,0,318,1970,21,2039,7044.61,6294.15,5399.68,165.903,3116.44,,17169.267,6867.706,75.549,20.205,58.757,58.757,1.166,9281.788,9282.954,147554.629,0.813,21,2310,674.6,191.722,1191.957,370.819,1294.329,300.964,1595.293,11.025,9265.134,1.301,9266.434,148484.028,200,263.18,326.739,33.733,0.001,7.717,6.67,6149.023,350,0.951,4319.2,15.8,1727.7,0,0,17.812,29.536,20.631,133.6,Burdekin,AyrDPI,Mulg,1960,Furrow,BareFallow,35,Surf1,200,110,LowFreq,0,P2R,15AprV1R4,T4,2984.6,2680.819,1383.679,1684.643,41.451,7.718,6.18851925475013,0.103995316220907,6.01097826086957,0.829515,31.164,999
1971,14/11/1971,318,1970,15-Apr,2,sugar,alive,4,396,1966,14/10/1970,105,0,0,318,1971,21,2039,7395.96,6651.96,5685.74,176.06,3276.37,,17653.304,7061.322,77.422,19.99,64.386,64.386,1.301,9265.134,9266.434,148484.028,0.806,18,1980,1243.3,122.178,1496.761,708.7,1274.599,322.301,1596.9,17.708,9250.827,1.511,9252.339,149449.289,200,259.642,323.058,34.054,0.001,10.074,6.682,6274.923,350,0.922,3652.5,13.4,1461,0,0,17.821,28.99,19.978,220,Burdekin,AyrDPI,Mulg,1960,Furrow,BareFallow,35,Surf1,200,110,LowFreq,0,P2R,15AprV1R4,T4,3223.3,2688.7,1618.939,1941.24,44.129,10.075,6.54814594413657,0.110251111528587,7.24526748971193,0.8803,32.764,999
1972,14/04/1972,105,0,15-Apr,2,none,out,-1,0,1966,0.000,105,0,0,318,-1,21,2039,0,0,0,0,0,,17641.495,7056.597,77.171,0,71.847,71.847,1.511,9250.827,9252.339,149449.289,0.799,0,0,1271,150.659,772.164,458.822,0,262.079,262.079,36.248,9351.104,8.031,9359.135,153102.134,0,0,12.146,0.651,0.004,0.511,0.051,3187.066,350,0,0.5,0,0.2,0,0,21.501,31.47,20.724,206.2,Burdekin,AyrDPI,Mulg,1960,Furrow,BareFallow,35,Surf1,200,110,LowFreq,0,P2R,15AprV1R4,T4,1271,458.822,922.823,1184.902,1.166,0.515,0,0,0,,0,999
1973,14/07/1973,195,1972,15-Apr,3,sugar,alive,0,456,1972,14/4/1972,105,0,0,318,1973,21,2039,7685.64,6857.45,5937.63,183.013,3042.46,,0,0,0,17.548,157.946,157.946,8.031,9351.104,9359.135,153102.134,0.801,21,2310,1009.2,205.05,1557.768,550.494,1270.474,365.895,1636.368,25.847,9217.507,2.062,9219.568,150329.476,200,340.761,374.117,21.732,0.002,15.74,4.759,6107.171,350,0.961,4644,17,1857.6,0,0,16.939,28.363,18.968,108.5,Burdekin,AyrDPI,Mulg,1960,Furrow,BareFallow,35,Surf1,200,110,LowFreq,0,P2R,15AprV1R4,T4,3319.2,2860.494,1762.818,2128.713,37.474,15.742,6.39795084345571,0.111840979535166,6.63090579710145,0.915065,30.425,999
1974,14/08/1974,226,1973,15-Apr,3,sugar,alive,1,396,1972,14/7/1973,105,0,0,318,1974,21,2039,6288.36,5591.32,4793.1,147.005,2355.74,,18805.464,7522.186,91.032,16.811,77.96,77.96,2.062,9217.507,9219.568,150329.476,0.788,14,1540,2056.4,489.778,1761.283,765.987,1026.442,331.916,1358.358,35.16,9212.134,1.223,9213.357,151061.974,200,252.381,301.231,21.801,0.003,10.084,4.558,5622.132,350,0.924,3683.6,13.5,1473.4,0,0,17.6,28.224,18.172,152.9,Burdekin,AyrDPI,Mulg,1960,Furrow,BareFallow,35,Surf1,200,110,LowFreq,0,P2R,15AprV1R4,T4,3596.4,2305.987,2251.061,2582.977,31.888,10.087,6.37492752561051,0.108222574608461,7.38718592964824,0.735025,23.557,999
1975,14/09/1975,257,1974,15-Apr,3,sugar,alive,2,396,1972,14/8/1974,105,0,0,318,1975,21,2039,7509.32,6759.95,5764.09,178.29,3236.47,,15840.725,6336.289,75.029,19.428,64.942,64.942,1.223,9212.134,9213.357,151061.974,0.785,19,2090,790.6,150.676,1071.163,553.817,1273.1,321.684,1594.784,9.813,9194.623,1.312,9195.935,151699.751,200,267.155,318.224,28.016,0.002,6.378,5.677,6160.012,350,0.932,3831.2,14,1532.5,0,0,17.927,28.646,19.636,65,Burdekin,AyrDPI,Mulg,1960,Furrow,BareFallow,35,Surf1,200,110,LowFreq,0,P2R,15AprV1R4,T4,2880.6,2643.817,1221.839,1543.523,34.396,6.38,6.74365888410582,0.111795703995024,7.01929133858268,0.89145,32.365,999
1976,13/10/1976,287,1975,15-Apr,3,sugar,alive,3,395,1972,14/9/1975,105,0,0,318,1976,21,2039,6393.03,5752.13,4991.67,154.493,2968.86,,18090.992,7236.398,75.743,20.737,128.919,128.919,1.312,9194.623,9195.935,151699.751,0.779,17,1870,1890.9,541.391,1892.85,832.757,1075.965,325.043,1401.008,20.704,9196.146,1.266,9197.411,152788.431,200,222.182,300.311,34.41,0.006,26.795,6.648,5868.575,350,0.92,3605,13.2,1442,0,0,17.616,28.354,19.634,179.8,Burdekin,AyrDPI,Mulg,1960,Furrow,BareFallow,35,Surf1,200,110,LowFreq,0,P2R,15AprV1R4,T4,3760.9,2702.757,2434.241,2759.284,61.211,26.801,5.71612616302538,0.110272746479677,6.65918103448276,0.772465,29.689,999
1977,13/11/1977,317,1976,15-Apr,3,sugar,alive,4,396,1972,13/10/1976,105,0,0,318,1977,21,2039,7015.58,6328.79,5436.01,168.564,3033.01,,14975.805,5990.322,62.159,19.232,54.569,54.569,1.266,9196.146,9197.411,152788.431,0.774,19,2090,1378.2,259.707,1778.083,549.21,1113.345,319.531,1432.875,18.208,9182.56,1.369,9183.929,153312.834,200,246.895,311.492,39.672,0.01,8.425,7.814,6054.848,350,0.936,3922.3,14.4,1568.9,0,0,18.128,28.505,19.974,170.6,Burdekin,AyrDPI,Mulg,1960,Furrow,BareFallow,35,Surf1,200,110,LowFreq,0,P2R,15AprV1R4,T4,3468.2,2639.21,2037.79,2357.321,48.107,8.435,6.38691123480132,0.117640408270086,6.63637795275591,0.84282,30.33,999
1978,15/04/1978,105,0,15-Apr,3,none,out,-1,0,1972,0.000,105,0,0,318,-1,21,2039,0,0,0,0,0,,16760.309,6704.123,75.665,0,52.104,52.104,1.369,9182.56,9183.929,153312.834,0.767,0,0,718.5,0.029,352.245,366.248,0,238.621,238.621,16.554,9270.502,13.44,9283.942,156012.043,0,0,18.932,1.38,0,1.045,0.153,3764.2,350,0,0.5,0,0.2,0,0,22.05,31.035,22.427,150.6,Burdekin,AyrDPI,Mulg,1960,Furrow,BareFallow,35,Surf1,200,110,LowFreq,0,P2R,15AprV1R4,T4,718.5,366.248,352.274,590.895,2.425,1.045,0,0,0,,0,999
1979,15/07/1979,196,1978,15-Apr,4,sugar,alive,0,456,1978,15/4/1978,105,0,0,318,1979,21,2039,8260,7423.98,6405.49,198.112,3423.92,,0,0,0,18.358,179.711,179.711,13.44,9270.502,9283.942,156012.043,0.768,20,2200,1684.5,321.338,1980.35,761.169,1285.565,386.288,1671.853,29.448,9142.851,1.791,9144.642,153267.226,200,323.574,366.688,33.97,0.008,21.325,7.076,6135.648,350,0.974,5217.1,19.1,2086.9,0,0,17.592,27.843,18.241,350.7,Burdekin,AyrDPI,Mulg,1960,Furrow,BareFallow,35,Surf1,200,110,LowFreq,0,P2R,15AprV1R4,T4,3884.5,2961.169,2301.688,2687.976,55.303,21.333,6.69033074437832,0.118498456503054,7.47592452830189,0.99056,34.239,999
1980,14/08/1980,227,1979,15-Apr,4,sugar,alive,1,396,1978,15/7/1979,105,0,0,318,1980,21,2039,7099.83,6338.05,5469.15,168.278,3137.01,,20197.941,8079.178,92.12,20.029,90.669,90.669,1.791,9142.851,9144.642,153267.226,0.754,19,2090,796.7,99.247,1293.042,439.341,1174.648,333.519,1508.167,15.003,9140.534,1.099,9141.633,153443.091,200,262.498,310.005,17.49,0.004,5.229,3.724,6761.626,350,0.936,3932.1,14.4,1572.8,0,0,18.142,28.702,20.355,86.4,Burdekin,AyrDPI,Mulg,1960,Furrow,BareFallow,35,Surf1,200,110,LowFreq,0,P2R,15AprV1R4,T4,2886.7,2529.341,1392.289,1725.808,22.723,5.233,6.65303729311311,0.1115778292457,6.62511811023622,0.84139,31.37,999
1981,14/09/1981,257,1980,15-Apr,4,sugar,alive,2,396,1978,14/8/1980,105,0,0,318,1981,21,2039,6786.7,6058.3,5219.83,160.232,2833.84,,17203.076,6881.231,69.242,18.854,76.914,76.914,1.099,9140.534,9141.633,153443.091,0.754,18,1980,1123.2,401.219,1306.826,501.749,1125.265,282.699,1407.964,12.335,9146.944,1.106,9148.049,153921.818,200,251.955,299.839,20.211,0.007,6.283,4.122,6575.77,350,0.948,4214.3,15.4,1685.7,0,0,17.727,28.314,19.26,104.8,Burdekin,AyrDPI,Mulg,1960,Furrow,BareFallow,35,Surf1,200,110,LowFreq,0,P2R,15AprV1R4,T4,3103.2,2481.749,1708.045,1990.744,26.501,6.29,6.45641440774228,0.113804046126179,6.59390946502058,0.80116,28.338,999
1982,14/10/1982,287,1981,15-Apr,4,sugar,alive,3,395,1978,14/9/1981,105,0,0,318,1982,21,2039,6995.61,6295.21,5399.68,166.747,3139.39,,16900.627,6760.251,72.131,20.257,64.105,64.105,1.106,9146.944,9148.049,153921.818,0.751,20,2200,600.6,101.086,1150.432,444.244,1229.846,319.344,1549.189,10.024,9130.304,1.263,9131.567,153780.848,200,256.535,323.388,38.254,0.005,7.939,7.308,7143.659,350,0.942,4064.5,14.9,1625.8,0,0,17.546,29.118,20.049,47.4,Burdekin,AyrDPI,Mulg,1960,Furrow,BareFallow,35,Surf1,200,110,LowFreq,0,P2R,15AprV1R4,T4,2800.6,2644.244,1251.518,1570.862,46.198,7.944,6.30603681052127,0.107635027101277,6.29233962264151,0.833735,31.394,999
1983,14/11/1983,318,1982,15-Apr,4,sugar,alive,4,396,1978,14/10/1982,105,0,0,318,1983,21,2039,7173.41,6419.53,5491.32,168.96,3037.9,,17020.234,6808.094,74.04,19.215,63.999,63.999,1.263,9130.304,9131.567,153780.848,0.745,21,2310,641.3,210.308,1254.645,376.67,1181.238,298.866,1480.104,8.923,9124.059,1.718,9125.778,153558.691,200,259.067,319.427,27.934,0.017,7.788,5.484,7432.56,350,0.944,4122.3,15.1,1648.9,0,0,18.667,29.098,20.164,95.4,Burdekin,AyrDPI,Mulg,1960,Furrow,BareFallow,35,Surf1,200,110,LowFreq,0,P2R,15AprV1R4,T4,2951.3,2686.67,1464.953,1763.819,35.739,7.805,6.28882594438469,0.114154140519855,6.12173913043478,0.8448,30.379,999
1984,14/04/1984,105,0,15-Apr,4,none,out,-1,0,1978,0.000,105,0,0,318,-1,21,2039,0,0,0,0,0,,17801.7,7120.679,76.672,0,70.242,70.242,1.718,9124.059,9125.778,153558.691,0.74,0,0,466.6,0.396,138.614,327.888,0,259.939,259.939,6.541,9221.377,11.715,9233.092,156276.573,0,0,16.246,0.284,0,0.221,0.046,4054.966,350,0,0.5,0,0.2,0,0,21.332,30.547,20.201,75.6,Burdekin,AyrDPI,Mulg,1960,Furrow,BareFallow,35,Surf1,200,110,LowFreq,0,P2R,15AprV1R4,T4,466.6,327.888,139.01,398.949,0.505,0.221,0,0,0,,0,999
1985,14/07/1985,195,1984,15-Apr,5,sugar,alive,0,456,1984,14/4/1984,105,0,0,318,1985,21,2039,7867.08,7086.15,6131.8,189.935,3407.59,,0,0,0,19.167,137.894,137.894,11.715,9221.377,9233.092,156276.573,0.742,19,2090,887.3,46.172,1338.727,658.994,1281.744,352.244,1633.988,25.708,9083.447,1.859,9085.306,151520.827,200,342.064,375.974,24.762,0.003,19.185,5.402,8029.345,350,0.967,4891.1,17.9,1956.4,0,0,17.323,28.325,18.585,111.4,Burdekin,AyrDPI,Mulg,1960,Furrow,BareFallow,35,Surf1,200,110,LowFreq,0,P2R,15AprV1R4,T4,2977.3,2748.994,1384.899,1737.143,43.95,19.188,6.9092548037573,0.116240143746466,7.47775590551181,0.949675,34.076,999
1986,21/08/1986,233,1985,15-Apr,5,sugar,alive,1,403,1984,14/7/1985,105,0,7,318,1986,14,2039,6769.37,6012.14,5173.53,158.326,2892.21,,18907.299,7562.92,93.452,19.569,96.307,96.307,1.859,9083.447,9085.306,151520.827,0.728,19,2090,721.3,46.364,1264.065,508.647,1187.896,310.29,1498.187,12.727,9070.808,1.453,9072.261,149847.717,200,266.875,314.42,17.121,0.003,11.057,3.664,8378.128,350,0.942,4055.9,14.9,1622.4,0,0,17.642,28.851,18.769,117.8,Burdekin,AyrDPI,Mulg,1960,Furrow,BareFallow,35,Surf1,200,110,LowFreq,0,P2R,15AprV1R4,T4,2811.3,2598.647,1310.429,1620.719,28.181,11.06,6.09263205044779,0.105678396622051,6.23330708661417,0.79163,28.922,999
1987,21/09/1987,264,1986,15-Apr,5,sugar,alive,2,396,1984,21/8/1986,105,0,7,325,1987,14,2046,6775.21,6018.89,5233.68,160.548,2960.25,,17012.188,6804.875,71.578,19.779,98.993,98.993,1.453,9070.808,9072.261,149847.717,0.727,21,2310,428.3,74.046,1098.053,352.941,1241.276,360.792,1602.068,8.772,9050.447,1.242,9051.689,147885.75,200,261.104,321.166,29.958,0.006,12.298,6.195,8747.331,350,0.947,4209.3,15.4,1683.7,0,0,18.229,29.611,19.722,44,Burdekin,AyrDPI,Mulg,1960,Furrow,BareFallow,35,Surf1,200,110,LowFreq,0,P2R,15AprV1R4,T4,2738.3,2662.941,1172.099,1532.891,42.262,12.304,6.02897322922288,0.100212974730161,5.81695652173913,0.80274,29.602,999
1988,20/10/1988,294,1987,15-Apr,5,sugar,alive,3,395,1984,21/9/1987,105,0,7,325,1988,14,2046,7001.87,6281.25,5352.24,165.14,3023.22,,16680.867,6672.347,72.327,19.618,63.128,63.128,1.242,9050.447,9051.689,147885.75,0.722,20,2200,967.6,155.511,1465.336,452.272,1216.554,327.916,1544.47,16.946,9008.736,2.044,9010.779,146576.36,200,282.687,345.666,34.339,0.013,8.562,6.777,8136.808,350,0.938,3968.4,14.5,1587.3,0,0,18.625,29.486,19.945,254,Burdekin,AyrDPI,Mulg,1960,Furrow,BareFallow,35,Surf1,200,110,LowFreq,0,P2R,15AprV1R4,T4,3167.6,2652.272,1620.847,1948.763,42.914,8.575,6.22635989068994,0.106923410619824,6.23169811320755,0.8257,30.232,999
1989,20/11/1989,324,1988,15-Apr,5,sugar,alive,4,396,1984,20/10/1988,105,0,7,325,1989,14,2046,6925.68,6204.3,5320.17,164.399,2963.91,,17395,6958.001,76.338,19.275,65.412,65.412,2.044,9008.736,9010.779,146576.36,0.718,18,1980,1397.6,250.448,1656.944,740.947,1132.853,338.055,1470.909,17.45,8983.667,1.782,8985.449,146414.635,200,253.729,336.648,50.591,0.058,7.908,9.596,7092.002,350,0.925,3695,13.5,1478,0,0,18.243,28.763,19.394,134.8,Burdekin,AyrDPI,Mulg,1960,Furrow,BareFallow,35,Surf1,200,110,LowFreq,0,P2R,15AprV1R4,T4,3377.6,2720.947,1907.392,2245.447,58.557,7.966,6.04197729687495,0.111766941394743,6.76539094650206,0.821995,29.639,999
1990,15/04/1990,105,0,15-Apr,5,none,out,-1,0,1984,0.000,105,0,7,325,-1,14,2046,0,0,0,0,0,,16787.567,6715.026,74.681,0,64.711,64.711,1.782,8983.667,8985.449,146414.635,0.715,0,0,834,70.393,383.222,396.116,0,188.275,188.275,17.016,9077.85,10.653,9088.503,148522.453,0,0,18.592,2.254,0.056,1.54,0.184,4402.453,350.082,0,0.6,0,0.3,0,0,21.475,31.303,21.741,97.8,Burdekin,AyrDPI,Mulg,1960,Furrow,BareFallow,35,Surf1,200,110,LowFreq,0,P2R,15AprV1R4,T4,834,396.116,453.615,641.89,3.85,1.596,0,0,0,,0,999
1991,15/07/1991,196,1990,15-Apr,6,sugar,alive,0,456,1990,15/4/1990,105,0,0,318,1991,21,2039,7879.3,7121.59,6106.86,189.733,3349.15,,0,0,0,18.812,256.823,256.823,10.653,9077.85,9088.503,148522.453,0.716,20,2200,2108.4,506.952,2326.763,571.2,1289.099,365.723,1654.822,44.263,8925.809,2.225,8928.035,145403.422,200,352.904,392.663,27.194,0.098,18.414,5.491,6394.899,351.999,0.954,4395.8,16.1,1758.3,0,0,16.949,28.084,18.281,204.4,Burdekin,AyrDPI,Mulg,1960,Furrow,BareFallow,35,Surf1,200,110,LowFreq,0,P2R,15AprV1R4,T4,4308.4,2771.2,2833.715,3199.438,45.706,18.512,6.84660075057737,0.114654627506765,7.15973584905661,0.948665,33.492,999
1992,14/08/1992,227,1991,15-Apr,6,sugar,alive,1,396,1990,15/7/1991,105,0,0,318,1992,21,2039,7213.51,6422.23,5575.41,171.341,3244.36,,18802.153,7520.862,90.384,20.39,76.687,76.687,2.225,8925.809,8928.035,145403.422,0.705,19,2090,638.1,68.27,1119.275,394.13,1241.133,314.844,1555.977,11.867,8918.03,1.105,8919.135,145507.734,200,269.837,313.537,16.072,0.014,5.531,3.486,6617.599,353.691,0.95,4280.4,15.7,1712.2,0,0,17.478,29.202,20.58,122.8,Burdekin,AyrDPI,Mulg,1960,Furrow,BareFallow,35,Surf1,200,110,LowFreq,0,P2R,15AprV1R4,T4,2728.1,2484.13,1187.545,1502.389,21.617,5.545,6.89742485296663,0.110117951614966,6.74570866141732,0.856705,32.444,999
1993,14/09/1993,257,1992,15-Apr,6,sugar,alive,2,396,1990,14/8/1992,105,0,0,318,1993,21,2039,7404.74,6647.51,5780.44,178.78,3593.79,,17562.197,7024.879,74.454,21.825,61.265,61.265,1.105,8918.03,8919.135,145507.734,0.705,21,2310,509.4,131.871,1076.56,356.393,1275.854,312.589,1588.443,10.361,8920.61,1.329,8921.939,145680.015,200,256.754,309.687,21.951,0.019,6.393,4.522,7094.468,355.421,0.93,3791,13.9,1516.4,0,0,17.925,29.002,20.185,72,Burdekin,AyrDPI,Mulg,1960,Furrow,BareFallow,35,Surf1,200,110,LowFreq,0,P2R,15AprV1R4,T4,2819.4,2666.393,1208.431,1521.02,28.363,6.412,6.70493809427192,0.112550466085343,6.47753623188406,0.8939,35.938,999
1994,14/10/1994,287,1993,15-Apr,6,sugar,alive,3,395,1990,14/9/1993,105,0,0,318,1994,21,2039,7520.99,6760.48,5950.56,184.122,3694.82,,17028.827,6811.532,67.92,21.783,83.792,83.792,1.329,8920.61,8921.939,145680.015,0.703,22,2420,381.5,84.161,1099.183,291.37,1315.22,320.222,1635.442,8.363,8918.213,1.258,8919.471,145865.968,200,255.868,311.304,20.684,0.013,15.562,4.268,7208.066,357.185,0.953,4363.7,16,1745.5,0,0,17.917,29.25,20.662,46.8,Burdekin,AyrDPI,Mulg,1960,Furrow,BareFallow,35,Surf1,200,110,LowFreq,0,P2R,15AprV1R4,T4,2801.5,2711.37,1183.344,1503.566,36.259,15.575,6.79073678620034,0.112582408914532,6.41540069686411,0.92061,36.948,999
1995,14/11/1995,318,1994,15-Apr,6,sugar,alive,4,396,1990,14/10/1994,105,0,0,318,1995,21,2039,7712.36,6901.74,6091.06,188.185,3747.05,,17057.797,6823.12,69.456,21.591,66.507,66.507,1.258,8918.213,8919.471,145865.968,0.699,21,2310,544.9,188.266,1098.68,361.992,1263.917,305.565,1569.482,8.809,8915.715,1.378,8917.094,145968.467,200,263.133,317.036,24.997,0.03,6.669,4.893,7493.697,358.982,0.95,4266.6,15.6,1706.6,0,0,19.239,29.375,20.713,55.2,Burdekin,AyrDPI,Mulg,1960,Furrow,BareFallow,35,Surf1,200,110,LowFreq,0,P2R,15AprV1R4,T4,2854.9,2671.992,1286.946,1592.511,31.696,6.699,7.04287288285294,0.119902617551523,6.81829710144928,0.940925,37.471,999
1996,14/04/1996,105,0,15-Apr,6,none,out,-1,0,1990,0.000,105,0,0,318,-1,21,2039,0,0,0,0,0,,17407.668,6963.067,69.841,0,64.979,64.979,1.378,8915.715,8917.094,145968.467,0.696,0,0,439.4,0.025,219.706,219.691,0,171.622,171.622,10.325,9016.643,10.611,9027.254,148983.729,0,0,12.188,0.058,0,0.087,0.026,4052.756,359.682,0.001,0.8,0,0.3,0,0,22.931,32.053,22.1,107,Burdekin,AyrDPI,Mulg,1960,Furrow,BareFallow,35,Surf1,200,110,LowFreq,0,P2R,15AprV1R4,T4,439.4,219.691,219.731,391.353,0.145,0.087,0,0,0,,0,999
1997,14/07/1997,195,1996,15-Apr,7,sugar,alive,0,456,1996,14/4/1996,105,0,0,318,1997,21,2039,9493.12,8585.17,7472.12,232.506,4425.54,,0,0,0,20.512,113.028,113.028,10.611,9016.643,9027.254,148983.729,0.698,21,2310,982.2,135.555,1439.414,535.604,1377.037,371.897,1748.934,22.585,8877.589,2.048,8879.637,144892.725,200,362.906,389.636,15.955,0.018,12.138,3.669,7819.317,361.813,0.977,5381.3,19.7,2152.5,0,0,18.701,28.609,19.693,116.8,Burdekin,AyrDPI,Mulg,1960,Furrow,BareFallow,35,Surf1,200,110,LowFreq,0,P2R,15AprV1R4,T4,3292.2,2845.604,1574.969,1946.866,28.111,12.156,8.17070822222628,0.132941551825283,8.42413043478261,1.16253,44.255,999
1998,14/08/1998,226,1997,15-Apr,7,sugar,alive,1,396,1996,14/7/1997,105,0,0,318,1998,21,2039,7097.97,6304.96,5593.66,172.046,3183.44,,21752.581,8701.035,92.357,19.859,81.326,81.326,2.048,8877.589,8879.637,144892.725,0.688,18,1980,943.5,67.59,1492.377,461.205,1035.708,322.849,1358.557,19.714,8880.064,1.293,8881.358,144773.291,200,265.714,313.906,13.716,0.026,7.239,2.989,7677.066,363.697,0.926,3711.6,13.6,1484.6,0,0,19.78,28.54,19.348,189.6,Burdekin,AyrDPI,Mulg,1960,Furrow,BareFallow,35,Surf1,200,110,LowFreq,0,P2R,15AprV1R4,T4,2923.5,2441.205,1559.967,1882.816,20.981,7.265,7.0475851065355,0.126638779234143,7.08008230452675,0.86023,31.834,999
1999,14/09/1999,257,1998,15-Apr,7,sugar,alive,2,396,1996,14/8/1998,105,0,0,318,1999,21,2039,7585.23,6813.14,5963.99,184.487,3577.33,,15941.518,6376.607,61.107,20.951,86.303,86.303,1.293,8880.064,8881.358,144773.291,0.69,20,2200,1157.8,272.172,1612.06,690.962,1151.569,327.242,1478.811,13.155,8877.007,1.181,8878.188,144601.637,200,245.452,313.774,39.126,0.1,6.31,7.551,7456.175,365.614,0.938,3966.7,14.5,1586.7,0,0,19.672,28.665,19.051,112,Burdekin,AyrDPI,Mulg,1960,Furrow,BareFallow,35,Surf1,200,110,LowFreq,0,P2R,15AprV1R4,T4,3357.8,2890.962,1884.232,2211.474,45.536,6.41,6.38150899250838,0.124753602725433,6.96177358490566,0.922435,35.773,999
2000,13/10/2000,287,1999,15-Apr,7,sugar,alive,3,395,1996,14/9/1999,105,0,0,318,2000,21,2039,7200.28,6466.96,5718.84,176.992,3419.57,,17152.219,6860.886,66.797,20.864,81.059,81.059,1.181,8877.007,8878.188,144601.637,0.686,18,1980,1485.1,374.241,1740.653,619.288,1071.011,303.878,1374.89,19.51,8887.008,1.311,8888.32,144682.947,200,243.369,302.296,27.067,0.083,7.988,5.246,7246.606,367.562,0.95,4269.9,15.6,1708,0,0,18.806,28.308,19.755,136,Burdekin,AyrDPI,Mulg,1960,Furrow,BareFallow,35,Surf1,200,110,LowFreq,0,P2R,15AprV1R4,T4,3465.1,2599.288,2114.894,2418.772,35.138,8.071,6.80924930211658,0.128731753085701,7.28362139917695,0.88496,34.196,999
2001,13/11/2001,317,2000,15-Apr,7,sugar,alive,4,396,1996,13/10/2000,105,0,0,318,2001,21,2039,6935.95,6179.82,5484.95,169.629,3481.46,,16221.679,6488.672,65.963,22.345,56.375,56.375,1.311,8887.008,8888.32,144682.947,0.685,21,2310,561.7,145.786,1149.258,423.343,1200.112,383.108,1583.22,12.785,8867.03,1.777,8868.806,143948.981,200,247.398,327.411,52.949,0.078,5.118,10.159,7727.472,369.549,0.929,3786.4,13.9,1514.6,0,0,18.326,29.448,20.344,52,Burdekin,AyrDPI,Mulg,1960,Furrow,BareFallow,35,Surf1,200,110,LowFreq,0,P2R,15AprV1R4,T4,2871.7,2733.343,1295.044,1678.152,58.145,5.196,6.20591707663473,0.107141774358586,6.14597826086957,0.848145,34.815,999
2002,15/04/2002,105,0,15-Apr,7,none,out,-1,0,1996,0.000,105,0,0,318,-1,21,2039,0,0,0,0,0,,15551.899,6220.76,65.33,0,49.811,49.811,1.777,8867.03,8868.806,143948.981,0.681,0,0,709.6,0.017,464.951,244.649,0,167.272,167.272,21.958,8968.827,6.49,8975.317,146820.352,0,0,7.033,0.081,0,0.175,0.017,3629.444,370.333,0,0.7,0,0.3,0,0,22.761,32.867,22.92,206,Burdekin,AyrDPI,Mulg,1960,Furrow,BareFallow,35,Surf1,200,110,LowFreq,0,P2R,15AprV1R4,T4,709.6,244.649,464.968,632.24,0.256,0.175,0,0,0,,0,999
2003,15/07/2003,196,2002,15-Apr,8,sugar,alive,0,456,2002,15/4/2002,105,0,0,318,2003,21,2039,8124.24,7252.38,6350.41,195.979,3821.43,,0,0,0,21.084,127.174,127.174,6.49,8968.827,8975.317,146820.352,0.682,22,2420,540.4,53.428,1231.728,350.216,1366.908,372.069,1738.977,21.857,8824.536,2.045,8826.58,141727.546,200,363.237,395.14,13.929,0.019,12.576,3.315,8633.991,372.685,0.966,4835.7,17.7,1934.3,0,0,17.497,29.369,20.058,51,Burdekin,AyrDPI,Mulg,1960,Furrow,BareFallow,35,Surf1,200,110,LowFreq,0,P2R,15AprV1R4,T4,2960.4,2770.216,1285.156,1657.225,26.524,12.595,7.07450249366837,0.112697867769384,6.82853658536586,0.979895,38.214,999
2004,14/08/2004,227,2003,15-Apr,8,sugar,alive,1,396,2002,15/7/2003,105,0,0,318,2004,21,2039,7358.03,6543.67,5685.53,174.568,3374.65,,19187.899,7675.159,87.9,20.878,63.442,63.442,2.045,8824.536,8826.58,141727.546,0.675,19,2090,730.8,36.424,1203.244,389.871,1266.131,312.026,1578.156,12.612,8812.289,1.12,8813.41,140672.271,200,275.147,319.962,16.782,0.024,5.007,3.622,7940.943,374.756,0.949,4247.7,15.6,1699.1,0,0,18.173,29.68,20.405,173.2,Burdekin,AyrDPI,Mulg,1960,Furrow,BareFallow,35,Surf1,200,110,LowFreq,0,P2R,15AprV1R4,T4,2820.8,2479.871,1239.668,1551.694,21.813,5.031,7.03939842032106,0.110615173658371,6.87275590551181,0.87284,33.746,999
2005,14/09/2005,257,2004,15-Apr,8,sugar,alive,2,396,2002,14/8/2004,105,0,0,318,2005,21,2039,7493.21,6708.66,5809.2,178.696,3588.89,,17826.79,7130.716,74.582,21.803,66.418,66.418,1.12,8812.289,8813.41,140672.271,0.676,20,2200,741.5,101.575,1213.903,329.359,1318.452,300.34,1618.792,12.506,8809.4,1.154,8810.554,139708.93,200,267.447,318.854,18.371,0.054,6.582,3.849,8379.101,376.868,0.955,4434.1,16.3,1773.6,0,0,18.136,29.487,20.28,143.4,Burdekin,AyrDPI,Mulg,1960,Furrow,BareFallow,35,Surf1,200,110,LowFreq,0,P2R,15AprV1R4,T4,2941.5,2529.359,1315.478,1615.818,25.007,6.636,7.06487295793124,0.110388487217629,6.74324528301887,0.89348,35.889,999
2006,14/10/2006,287,2005,15-Apr,8,sugar,alive,3,395,2002,14/9/2005,105,0,0,318,2006,21,2039,7381.38,6643.58,5743.7,177.275,3324.92,,18083.085,7233.235,73.488,20.17,73.648,73.648,1.154,8809.4,8810.554,139708.93,0.674,20,2200,921,229.771,1360.535,468.915,1236.268,297.549,1533.818,13.477,8809.143,1.183,8810.326,138778.748,200,261.379,316.63,23.096,0.121,6.649,4.638,8419.597,379.015,0.955,4445.6,16.3,1778.3,0,0,18.775,29.419,19.891,178.4,Burdekin,AyrDPI,Mulg,1960,Furrow,BareFallow,35,Surf1,200,110,LowFreq,0,P2R,15AprV1R4,T4,3121,2668.915,1590.306,1887.855,29.866,6.77,6.64221228476741,0.115577597863632,6.68962264150943,0.886375,33.249,999
2007,14/11/2007,318,2006,15-Apr,8,sugar,alive,4,396,2002,14/10/2006,105,0,0,318,2007,21,2039,7503.76,6704.12,5920.37,182.726,3652.03,,17698.999,7079.6,72.92,21.683,70.524,70.524,1.183,8809.143,8810.326,138778.748,0.672,20,2200,955.1,281.309,1355.87,456.293,1248.423,284.117,1532.54,12.891,8808.161,1.459,8809.62,137728.039,200,263.448,316.833,22.37,0.099,6.576,4.447,8515.797,381.199,0.955,4445,16.3,1778,0,0,18.14,28.848,20.087,130.2,Burdekin,AyrDPI,Mulg,1960,Furrow,BareFallow,35,Surf1,200,110,LowFreq,0,P2R,15AprV1R4,T4,3155.1,2656.293,1637.179,1921.296,29.045,6.675,6.87898511195866,0.119230819423963,6.89532075471698,0.91363,36.52,999
2008,14/04/2008,105,0,15-Apr,8,none,out,-1,0,2002,0.000,105,0,0,318,-1,21,2039,0,0,0,0,0,,17237.122,6894.849,73.546,0,55.906,55.906,1.459,8808.161,8809.62,137728.039,0.67,0,0,1182.4,139.799,663.261,481.938,0,283.751,283.751,31.436,8912.697,6.762,8919.459,140730.16,0,0,10.194,0.669,0.231,0.431,0.047,3944.977,382.048,0,0.4,0,0.2,0,0,22.044,31.03,20.031,108.2,Burdekin,AyrDPI,Mulg,1960,Furrow,BareFallow,35,Surf1,200,110,LowFreq,0,P2R,15AprV1R4,T4,1182.4,481.938,803.06,1086.811,1.331,0.662,0,0,0,,0,999
2009,14/07/2009,195,2008,15-Apr,9,sugar,alive,0,456,2008,14/4/2008,105,0,0,318,2009,21,2039,7709.67,6903.26,5997.01,185.116,3293.96,,0,0,0,18.987,151.496,151.496,6.762,8912.697,8919.459,140730.16,0.672,18,1980,1896.9,363.741,2036.518,650.323,1230.97,329.668,1560.639,28.781,8770.929,2.501,8773.43,133948.499,200,345.466,386.508,22.724,0.197,16.185,4.885,10096.872,384.628,0.966,4814,17.6,1925.6,0,0,17.681,28.658,18.107,197.2,Burdekin,AyrDPI,Mulg,1960,Furrow,BareFallow,35,Surf1,200,110,LowFreq,0,P2R,15AprV1R4,T4,3876.9,2630.323,2400.259,2729.927,39.106,16.382,7.03776684460426,0.118615515823967,7.61794238683128,0.92558,32.94,999
2010,15/08/2010,227,2009,15-Apr,9,sugar,alive,1,397,2008,14/7/2009,105,0,1,318,2010,20,2039,7248.89,6494.41,5557.73,171.255,2978.45,,18649.522,7459.809,87.652,18.492,67.498,67.498,2.501,8770.929,8773.43,133948.499,0.664,19,2090,1122.7,158.415,1510.267,536.42,1188.823,300.054,1488.877,17.046,8743.404,1.787,8745.192,131475.115,200,287.48,331.339,16.844,0.104,5.732,3.649,9191.95,386.909,0.931,3813.9,14,1525.6,0,0,18.369,29.252,18.952,135.2,Burdekin,AyrDPI,Mulg,1960,Furrow,BareFallow,35,Surf1,200,110,LowFreq,0,P2R,15AprV1R4,T4,3212.7,2626.42,1668.682,1968.736,22.68,5.836,6.5204727347492,0.11502293339208,6.74232283464567,0.856275,29.784,999
2011,15/09/2011,258,2010,15-Apr,9,sugar,alive,2,396,2008,15/8/2010,105,0,1,319,2011,20,2040,7277.34,6540.69,5687.06,176.14,3279.65,,17616.694,7046.677,74.774,20.002,122.64,122.64,1.787,8743.404,8745.192,131475.115,0.665,15,1650,1415.7,204.396,1446.509,805.709,1146.466,333.906,1480.373,15.193,8707.407,1.375,8708.782,130671.76,200,273.419,337.952,31.226,1.936,15.313,6.189,7766.388,389.221,0.942,4060.3,14.9,1624.1,0,0,18.099,28.358,17.742,81.4,Burdekin,AyrDPI,Mulg,1960,Furrow,BareFallow,35,Surf1,200,110,LowFreq,0,P2R,15AprV1R4,T4,3065.7,2455.709,1650.905,1984.811,48.475,17.249,7.17267396096199,0.118983526449077,8.38761904761905,0.8807,32.797,999
2012,14/10/2012,288,2011,15-Apr,9,sugar,alive,3,395,2008,15/9/2011,105,0,1,319,2012,20,2040,7571.51,6817.83,5920.28,183.108,3458.03,,16968.63,6787.452,74.826,20.329,57.063,57.063,1.375,8707.407,8708.782,130671.76,0.664,18,1980,1154.8,293.112,1300.628,591.363,1245.719,289.604,1535.324,10.607,8691.876,1.319,8693.195,130363.869,200,267.738,329.437,29.547,0.988,7.005,5.787,7520.46,391.564,0.959,4573.7,16.8,1829.5,0,0,18.088,28.804,19.379,197.4,Burdekin,AyrDPI,Mulg,1960,Furrow,BareFallow,35,Surf1,200,110,LowFreq,0,P2R,15AprV1R4,T4,3134.8,2571.363,1593.74,1883.344,37.54,7.993,7.12104825339713,0.119263425830639,7.53530864197531,0.91554,34.58,999
2013,14/11/2013,318,2012,15-Apr,9,sugar,alive,4,396,2008,14/10/2012,105,0,1,319,2013,20,2040,7656.91,6803.51,6008.92,184.908,3590.93,,17923.041,7169.216,77.793,20.987,62.8,62.8,1.319,8691.876,8693.195,130363.869,0.662,21,2310,546.6,48.958,1201.685,341.876,1310.918,292.208,1603.127,11.112,8676.362,1.695,8678.057,130031.456,200,281.801,334.099,20.008,0.141,6.964,4.079,7941.523,393.95,0.959,4554.3,16.7,1821.7,0,0,18.53,29.572,20.609,178.6,Burdekin,AyrDPI,Mulg,1960,Furrow,BareFallow,35,Surf1,200,110,LowFreq,0,P2R,15AprV1R4,T4,2856.6,2651.876,1250.643,1542.851,27.113,7.105,6.97272421485771,0.115342078325672,6.6995652173913,0.92454,35.909,999
2014,17/04/2014,107,0,15-Apr,9,none,out,-1,0,2008,0.000,107,2,1,321,-1,19,2040,0,0,0,0,0,,17879.082,7151.631,75.655,0,65.631,65.631,1.695,8676.362,8678.057,130031.456,0.66,0,0,632.6,7.001,215.16,415.489,0,216.53,216.53,9.964,8780.835,9.55,8790.386,132659.34,0,0,19.193,1.234,0.011,0.984,0.116,4439.16,394.896,0,0.6,0,0.2,0,0,21.992,31.178,20.601,86.2,Burdekin,AyrDPI,Mulg,1960,Furrow,BareFallow,35,Surf1,200,110,LowFreq,0,P2R,15AprV1R4,T4,632.6,415.489,222.161,438.691,2.229,0.995,0,0,0,,0,999
2015,17/07/2015,198,2014,15-Apr,10,sugar,alive,0,456,2014,17/4/2014,107,2,0,320,2015,19,2039,8314.98,7440.63,6496.51,200.822,3949.95,,0,0,0,21.293,259.541,259.541,9.55,8780.835,8790.386,132659.34,0.662,23,2530,448.8,133.52,1244.736,268.052,1406.978,371.054,1778.032,23.284,8607.13,2.136,8609.266,128587.526,200,384.009,421.853,22.709,0.845,14.154,4.907,7570.657,397.712,0.968,4917.4,18,1967,0,0,17.752,29.33,19.661,83.4,Burdekin,AyrDPI,Mulg,1960,Furrow,BareFallow,35,Surf1,200,110,LowFreq,0,P2R,15AprV1R4,T4,2978.8,2798.052,1378.256,1749.31,37.708,14.999,7.17720757155335,0.112946223690012,6.73899328859061,1.00411,39.499,999
2016,16/08/2016,229,2015,15-Apr,10,sugar,alive,1,396,2014,17/7/2015,107,2,0,320,2016,19,2039,7327.2,6517.97,5645.07,173.154,3274.1,,19636.783,7854.714,90.254,20.358,82.054,82.054,2.136,8607.13,8609.266,128587.526,0.652,20,2200,523.6,61.923,1095.842,381.402,1258.382,306.119,1564.501,10.399,8602.594,1.083,8603.677,128739.096,200,270.426,316.067,16.17,0.207,5.072,3.472,6898.66,400.186,0.947,4206.6,15.4,1682.6,0,0,18.819,29.827,19.384,43.6,Burdekin,AyrDPI,Mulg,1960,Furrow,BareFallow,35,Surf1,200,110,LowFreq,0,P2R,15AprV1R4,T4,2723.6,2581.402,1157.765,1463.884,21.449,5.279,6.7077502845353,0.110676822833606,6.53411320754717,0.86577,32.741,999
2017,16/09/2017,259,2016,15-Apr,10,sugar,alive,2,396,2014,16/8/2016,107,2,0,320,2017,19,2039,7054.17,6290.44,5433.28,167.034,3080.96,,17873.726,7149.49,72.209,19.787,83.388,83.388,1.083,8602.594,8603.677,128739.096,0.655,19,2090,873.2,164.974,1245.655,485.69,1254.758,312.882,1567.64,11.902,8602.876,1.153,8604.028,128831.245,200,255.256,308.87,24.067,0.053,7.081,4.824,7090.757,402.705,0.944,4117.5,15.1,1647,0,0,18.663,29.889,18.144,107.8,Burdekin,AyrDPI,Mulg,1960,Furrow,BareFallow,35,Surf1,200,110,LowFreq,0,P2R,15AprV1R4,T4,2963.2,2575.69,1410.629,1723.511,31.201,7.134,6.48501954815991,0.106551249011253,6.57614173228346,0.83517,30.81,999
2018,16/10/2018,289,2017,15-Apr,10,sugar,alive,3,395,2014,16/9/2017,107,2,0,320,2018,19,2039,6986.58,6281.45,5403.2,167.079,3156.44,,17277.489,6910.995,70.89,20.337,68.319,68.319,1.153,8602.876,8604.028,128831.245,0.653,21,2310,722.5,271.162,1216.482,374.447,1254.016,289.306,1543.323,12.107,8600.63,1.41,8602.04,128781.485,200,241.212,314.41,40.03,0.089,7.371,7.656,7128.173,405.261,0.927,3744.4,13.7,1497.8,0,0,18.071,29.621,18.354,130.4,Burdekin,AyrDPI,Mulg,1960,Furrow,BareFallow,35,Surf1,200,110,LowFreq,0,P2R,15AprV1R4,T4,3032.5,2684.447,1487.644,1776.95,47.49,7.46,6.22396344573016,0.108259256163486,6.05358695652174,0.835395,31.564,999
2019,16/11/2019,320,2018,15-Apr,10,sugar,alive,4,396,2014,16/10/2018,107,2,0,320,2019,19,2039,6576.34,5888.16,5018.08,154.741,2883.32,,16641.51,6656.604,68.288,20.019,69.853,69.853,1.41,8600.63,8602.04,128781.485,0.65,20,2200,1183.8,393.494,1572.524,457.509,1124.649,298.707,1423.357,9.08,8591.194,1.62,8592.814,128607.204,200,244.579,315.515,40.323,0.179,8.104,7.729,7009.834,407.856,0.92,3602.4,13.2,1441,0,0,18.556,29.691,17.571,92.8,Burdekin,AyrDPI,Mulg,1960,Furrow,BareFallow,35,Surf1,200,110,LowFreq,0,P2R,15AprV1R4,T4,3383.8,2657.509,1966.018,2264.725,48.606,8.283,5.8227836669603,0.108715522528782,5.83928301886793,0.773705,28.833,999
2020,14/04/2020,105,0,15-Apr,10,none,out,-1,0,2014,0.000,105,0,0,320,-1,19,2039,0,0,0,0,0,,16307.262,6522.904,70.523,0,64.278,64.278,1.62,8591.194,8592.814,128607.204,0.648,0,0,828,31.031,520.819,300.828,0,200.233,200.233,24.578,8692.813,5.291,8698.105,131631.521,0,0,6.074,0.205,0.037,0.159,0.02,3335.135,408.85,0,0.6,0,0.2,0,0,22.748,32.54,20.701,327.8,Burdekin,AyrDPI,Mulg,1960,Furrow,BareFallow,35,Surf1,200,110,LowFreq,0,P2R,15AprV1R4,T4,828,300.828,551.85,752.083,0.401,0.196,0,0,0,,0,999
2021,14/07/2021,195,2020,15-Apr,11,sugar,alive,0,456,2020,14/4/2020,105,0,0,318,2021,21,2039,7598.46,6803.95,5881.6,181.707,3281.98,,0,0,0,19.316,140.195,140.195,5.291,8692.813,8698.105,131631.521,0.65,20,2200,1238.2,234.669,1678.689,539.144,1218.277,359.388,1577.665,31.517,8543.821,2.019,8545.84,127593.24,200,345.641,393.981,21.604,0.521,22.436,4.644,7322.829,411.908,0.951,4319.8,15.8,1727.9,0,0,18.324,28.888,16.427,132.4,Burdekin,AyrDPI,Mulg,1960,Furrow,BareFallow,35,Surf1,200,110,LowFreq,0,P2R,15AprV1R4,T4,3438.2,2739.144,1913.358,2272.746,44.561,22.957,6.63371476636497,0.115174641004269,6.8568679245283,0.908535,32.82,999
1961,15/04/1961,105,0,15-Apr,0,none,out,-1,0,-1,0.000,105,0,0,318,-1,21,2039,0,0,0,0,0,,0,0,0,0,0,0,0,0,0,0,0.89,0,0,356.6,0,169.312,187.288,0,145.244,145.244,7.686,9503.047,38.678,9541.726,141817.536,0,0,36.967,1.808,0,0.521,0.325,1004.679,350,0.001,1.4,0,0.5,0,0,20.264,30.936,22.36,63.2,Burdekin,AyrDPI,Mulg,1961,Furrow,BareFallow,35,Surf1,200,110,LowFreq,0,P2R,15AprV1R4,T4,356.6,187.288,169.312,314.556,2.329,0.521,0,0,0,,0,999
1962,15/07/1962,196,1961,15-Apr,1,sugar,alive,0,456,1961,15/4/1961,105,0,0,318,1962,21,2039,7843.82,7045.75,6057.22,187.323,3383.43,,0,0,0,19.316,71.594,71.594,38.678,9503.047,9541.726,141817.536,0.884,20,2200,968.6,64.882,1371.758,665.789,1367.896,364.215,1732.111,22.627,9419.906,0.774,9420.679,141315.464,200,313.409,323.858,29.096,0,14.962,6.196,3582.176,350,0.976,5302.7,19.4,2121.1,0,0,16.561,28.834,19.605,102.1,Burdekin,AyrDPI,Mulg,1961,Furrow,BareFallow,35,Surf1,200,110,LowFreq,0,P2R,15AprV1R4,T4,3168.6,2865.789,1436.64,1800.855,44.058,14.962,6.53652449639523,0.108147226130427,7.06879245283019,0.936615,33.834,999
1963,17/08/1963,229,1962,15-Apr,1,sugar,alive,1,398,1961,15/7/1962,105,0,2,318,1963,19,2039,6606.76,5917.65,5047.21,155.215,2771.01,,19693.417,7877.366,93.98,19.059,71.443,71.443,0.774,9419.906,9420.679,141315.464,0.867,18,1980,1163.8,210.46,1399.801,671.309,1187.359,301.49,1488.849,13.64,9429.561,1.005,9430.567,142190.976,200,245.75,295.378,17.692,0.001,5.434,3.715,5697.931,350,0.93,3790.6,13.9,1516.2,0,0,17.097,28.916,18.964,91.9,Burdekin,AyrDPI,Mulg,1961,Furrow,BareFallow,35,Surf1,200,110,LowFreq,0,P2R,15AprV1R4,T4,3143.8,2651.309,1610.261,1911.751,23.127,5.435,5.85427801889557,0.104251673608271,6.38744855967078,0.776075,27.71,999
1964,16/09/1964,260,1963,15-Apr,1,sugar,alive,2,396,1961,17/8/1963,105,0,2,320,1964,19,2041,6533.57,5771.58,5042.75,153.719,2759.51,,16478.076,6591.23,69.697,19.18,116.133,116.133,1.005,9429.561,9430.567,142190.976,0.864,19,2090,554.3,161.466,1028.444,400.057,1230.9,285.463,1516.363,5.722,9417.684,1.073,9418.756,143143.378,200,261.717,312.977,19.616,0.001,13.218,4.042,5889.357,350,0.955,4414.6,16.2,1765.9,0,0,17.298,29.457,19.816,92.7,Burdekin,AyrDPI,Mulg,1961,Furrow,BareFallow,35,Surf1,200,110,LowFreq,0,P2R,15AprV1R4,T4,2644.3,2490.057,1189.91,1475.373,32.835,13.219,6.17331249846891,0.101373483789831,6.05192913385827,0.768595,27.595,999
1965,16/10/1965,289,1964,15-Apr,1,sugar,alive,3,395,1961,16/9/1964,105,0,2,320,1965,19,2041,6976.72,6293.43,5349.18,165.809,3041.02,,16424.378,6569.751,71.812,19.659,54.159,54.159,1.073,9417.684,9418.756,143143.378,0.857,20,2200,832.9,162.722,1305.919,446.221,1225.739,327.354,1553.093,12.954,9388.812,1.375,9390.187,143794.64,200,263.281,331.045,37.419,0.001,10.7,7.326,5996.565,350,0.924,3689.2,13.5,1475.7,0,0,17.495,29.121,19.954,107.4,Burdekin,AyrDPI,Mulg,1961,Furrow,BareFallow,35,Surf1,200,110,LowFreq,0,P2R,15AprV1R4,T4,3032.9,2646.221,1468.641,1795.995,48.12,10.701,6.26587877580897,0.106760509512309,6.25694339622642,0.829045,30.41,999
1966,20/11/1966,324,1965,15-Apr,1,sugar,alive,4,400,1961,16/10/1965,105,0,6,320,1966,15,2041,6969.23,6211.81,5313.76,163.672,3126.99,,16969.922,6787.969,78.15,20.599,65.325,65.325,1.375,9388.812,9390.187,143794.64,0.848,23,2530,469.4,103.694,1384.877,357.845,1160.458,316.539,1476.997,10.169,9362.361,1.835,9364.197,144622.976,200,259.087,333.204,43.825,0.001,9.442,8.462,6066.235,350,0.932,3850.6,14.1,1540.2,0,0,18.204,29.068,19.841,102.9,Burdekin,AyrDPI,Mulg,1961,Furrow,BareFallow,35,Surf1,200,110,LowFreq,0,P2R,15AprV1R4,T4,2999.4,2887.845,1488.571,1805.11,53.268,9.443,5.66761720244681,0.110814036859926,5.49234899328859,0.81836,31.27,999
1967,15/04/1967,105,0,15-Apr,1,none,out,-1,0,1961,0.000,105,0,6,324,-1,15,2045,0,0,0,0,0,,17344.523,6937.81,76.106,0,99.158,99.158,1.835,9362.361,9364.197,144622.976,0.839,0,0,493.9,0.004,265.383,228.516,0,195.887,195.887,12.502,9456.818,12.761,9469.579,147770.646,0,0,14.942,0.491,0,0.533,0.053,3408.905,350,0,0.7,0,0.3,0,0,21.476,31.313,21.477,154.9,Burdekin,AyrDPI,Mulg,1961,Furrow,BareFallow,35,Surf1,200,110,LowFreq,0,P2R,15AprV1R4,T4,493.9,228.516,265.387,461.274,1.024,0.533,0,0,0,,0,999
1968,14/07/1968,196,1967,15-Apr,2,sugar,alive,0,456,1967,15/4/1967,105,0,0,318,1968,21,2039,8269.06,7425.56,6453.37,199.796,3688.81,,0,0,0,19.809,131.785,131.785,12.761,9456.818,9469.579,147770.646,0.84,20,2200,1672.1,298.931,1957.497,653.448,1304.52,367.969,1672.489,32.529,9310.612,1.781,9312.393,145339.062,200,340.327,387.437,35.886,0.003,20.757,7.338,5853.257,350,0.968,4924.8,18,1969.9,0,0,17.786,28.252,19.122,187.9,Burdekin,AyrDPI,Mulg,1961,Furrow,BareFallow,35,Surf1,200,110,LowFreq,0,P2R,15AprV1R4,T4,3872.1,2853.448,2256.428,2624.397,56.646,20.76,7.00191487631806,0.119460277466698,7.53947169811321,0.99898,36.888,999
1969,14/08/1969,226,1968,15-Apr,2,sugar,alive,1,396,1967,14/7/1968,105,0,0,318,1969,21,2039,6511.04,5794.22,4903.1,150.229,2735.4,,19619.5,7847.799,92.147,19.496,74.968,74.968,1.781,9310.612,9312.393,145339.062,0.823,22,2420,219.9,42.807,1085.811,180.775,1185.306,322.037,1507.343,9.608,9290.348,1.273,9291.621,145853.122,200,274.445,323.324,21.416,0.001,5.378,4.493,6169.452,350,0.921,3617.6,13.3,1447,0,0,17.324,29.16,19.914,46.5,Burdekin,AyrDPI,Mulg,1961,Furrow,BareFallow,35,Surf1,200,110,LowFreq,0,P2R,15AprV1R4,T4,2639.9,2600.775,1128.618,1450.655,26.795,5.379,5.77631667483731,0.099664774374512,5.23445993031359,0.751145,27.354,999
1970,14/09/1970,257,1969,15-Apr,2,sugar,alive,2,396,1967,14/8/1969,105,0,0,318,1970,21,2039,7241.94,6486.03,5544.42,170.328,3177.46,,16742.47,6696.987,72.672,20.046,78.907,78.907,1.273,9290.348,9291.621,145853.122,0.82,20,2200,670.4,123.813,1112.756,393.493,1332.016,309.004,1641.02,8.708,9270.804,1.179,9271.982,146661.595,200,270.18,328.436,29.192,0.001,7.014,5.842,6253.833,350,0.95,4271.2,15.7,1708.5,0,0,17.523,29.383,20.581,133.6,Burdekin,AyrDPI,Mulg,1961,Furrow,BareFallow,35,Surf1,200,110,LowFreq,0,P2R,15AprV1R4,T4,2870.4,2593.493,1236.569,1545.573,36.207,7.015,6.56751338831452,0.103793981791812,6.42747169811321,0.85164,31.775,999
1971,14/10/1971,287,1970,15-Apr,2,sugar,alive,3,395,1967,14/9/1970,105,0,0,318,1971,21,2039,7162.98,6442.13,5524.73,170.609,3101.68,,18059.514,7223.805,77.194,19.461,71.719,71.719,1.179,9270.804,9271.982,146661.595,0.812,18,1980,1222.9,160.466,1493.064,682.866,1239.956,315.695,1555.651,12.182,9261.699,1.211,9262.91,147693.043,200,255.899,319.752,32.427,0.002,9.231,6.394,6166.936,350,0.946,4159.7,15.2,1663.9,0,0,17.746,28.818,19.76,220,Burdekin,AyrDPI,Mulg,1961,Furrow,BareFallow,35,Surf1,200,110,LowFreq,0,P2R,15AprV1R4,T4,3202.9,2662.866,1653.53,1969.225,41.66,9.233,6.40696903261373,0.109670485218086,7.02094650205761,0.853045,31.017,999
1972,13/11/1972,318,1971,15-Apr,2,sugar,alive,4,396,1967,14/10/1971,105,0,0,318,1972,21,2039,6985.9,6276.76,5410.16,167.514,3186.18,,17460.795,6984.318,75.726,20.495,65.437,65.437,1.211,9261.699,9262.91,147693.043,0.806,20,2200,1329.1,352.824,1624.092,431.733,1247.444,316.713,1564.156,11.287,9255.659,1.498,9257.157,148353.798,200,247.707,317.784,37.028,0.091,8.151,7.172,6366.292,350,0.933,3862,14.2,1544.8,0,0,16.944,28.986,20.231,206.2,Burdekin,AyrDPI,Mulg,1961,Furrow,BareFallow,35,Surf1,200,110,LowFreq,0,P2R,15AprV1R4,T4,3529.1,2631.733,1976.916,2293.629,45.27,8.242,6.36515938356969,0.107095455951964,6.32128301886793,0.83757,31.862,999
1973,15/04/1973,105,0,15-Apr,2,none,out,-1,0,1967,0.000,105,0,0,318,-1,21,2039,0,0,0,0,0,,16676.406,6670.563,75.614,0,53.466,53.466,1.498,9255.659,9257.157,148353.798,0.799,0,0,912.7,62.994,440.694,451.769,0,273.646,273.646,20.878,9358.645,4.365,9363.01,152157.11,0,0,7.87,0.582,0.004,0.29,0.04,2782.579,350,0,0.4,0,0.2,0,0,21.686,30.85,20.736,108.5,Burdekin,AyrDPI,Mulg,1961,Furrow,BareFallow,35,Surf1,200,110,LowFreq,0,P2R,15AprV1R4,T4,912.7,451.769,503.688,777.334,0.876,0.294,0,0,0,,0,999
1974,15/07/1974,196,1973,15-Apr,3,sugar,alive,0,456,1973,15/4/1973,105,0,0,318,1974,21,2039,7576.09,6790.68,5912.72,182.535,3216.04,,0,0,0,18.771,188.832,188.832,4.365,9358.645,9363.01,152157.11,0.801,16,1760,2113.6,551.809,1887.094,860.046,1187.869,368.06,1555.929,30.21,9230.523,1.866,9232.389,148576.685,200,328.855,368.416,22.797,0.009,17.03,4.889,6853.104,350,0.966,4835.9,17.7,1934.4,0,0,17.929,28.237,17.62,152.9,Burdekin,AyrDPI,Mulg,1961,Furrow,BareFallow,35,Surf1,200,110,LowFreq,0,P2R,15AprV1R4,T4,3873.6,2620.046,2438.903,2806.963,39.836,17.039,6.96686241386602,0.117315764408273,8.25950226244344,0.912675,32.16,999
1975,15/08/1975,227,1974,15-Apr,3,sugar,alive,1,396,1973,15/7/1974,105,0,0,318,1975,21,2039,7077.38,6294.85,5391.9,165.558,2965.23,,18249.185,7299.675,91.152,19.13,67.6,67.6,1.866,9230.523,9232.389,148576.685,0.789,18,1980,723.8,79.876,1094.547,503.141,1183.777,333.466,1517.243,13.873,9206.665,1.544,9208.209,148429.407,200,274.576,321.848,22.954,0.002,5.841,4.811,6592.131,350,0.942,4072.5,14.9,1629,0,0,17.665,28.665,19.674,65,Burdekin,AyrDPI,Mulg,1961,Furrow,BareFallow,35,Surf1,200,110,LowFreq,0,P2R,15AprV1R4,T4,2703.8,2483.141,1174.423,1507.889,28.797,5.843,6.66728147938438,0.109117656169776,6.81308641975309,0.82779,29.652,999
1976,14/09/1976,258,1975,15-Apr,3,sugar,alive,2,396,1973,15/8/1975,105,0,0,318,1976,21,2039,6384.25,5724.76,4949.62,152.789,2847.45,,17788.226,7115.289,76.692,20.023,79.736,79.736,1.544,9206.665,9208.209,148429.407,0.785,16,1760,1963.5,498.631,1853.995,797.368,1052.066,338.461,1390.527,23.228,9204.272,1.217,9205.489,148720.099,200,228.426,304.701,39.838,0.013,16.655,7.759,6444.747,350,0.919,3592.8,13.2,1437.1,0,0,17.532,28.198,19.227,179.8,Burdekin,AyrDPI,Mulg,1961,Furrow,BareFallow,35,Surf1,200,110,LowFreq,0,P2R,15AprV1R4,T4,3723.5,2557.368,2352.626,2691.087,56.506,16.668,5.97446280707352,0.109878484919746,6.91352941176471,0.763945,28.474,999
1977,14/10/1977,287,1976,15-Apr,3,sugar,alive,3,395,1973,14/9/1976,105,0,0,318,1977,21,2039,7126.86,6419.96,5493.39,169.73,2946.66,,15248.265,6099.307,63.578,18.454,60.083,60.083,1.217,9204.272,9205.489,148720.099,0.78,19,2090,1378.2,236.388,1772.421,558.342,1141.477,310.67,1452.147,18.79,9188.02,1.26,9189.28,148620.774,200,258.745,317.612,30.992,0.006,8.857,6.1,6813.998,350,0.943,4098.9,15,1639.6,0,0,17.938,28.404,19.747,170.6,Burdekin,AyrDPI,Mulg,1961,Furrow,BareFallow,35,Surf1,200,110,LowFreq,0,P2R,15AprV1R4,T4,3468.2,2648.342,2008.809,2319.479,39.855,8.863,6.40891546484555,0.116882106288138,6.68228346456693,0.84865,29.467,999
1978,14/11/1978,318,1977,15-Apr,3,sugar,alive,4,396,1973,14/10/1977,105,0,0,318,1978,21,2039,7771.47,7005.32,6050.12,187.635,3576.72,,17368.507,6947.402,77.534,20.546,67.328,67.328,1.26,9188.02,9189.28,148620.774,0.774,20,2200,1000.1,245.222,1349.856,531.726,1258.56,309.459,1568.02,10.812,9177.41,1.838,9179.248,148554.673,200,259.406,321.866,32.016,0.007,7.934,6.378,7312.906,350,0.94,4027.4,14.8,1611,0,0,18.195,28.503,20.521,150.6,Burdekin,AyrDPI,Mulg,1961,Furrow,BareFallow,35,Surf1,200,110,LowFreq,0,P2R,15AprV1R4,T4,3200.1,2731.726,1595.078,1904.537,39.957,7.941,6.86873427276381,0.119663652249334,7.08056603773585,0.938175,35.767,999
1979,19/04/1979,109,0,15-Apr,3,none,out,-1,0,1973,0.000,109,4,0,322,-1,18,2039,0,0,0,0,0,,18054.782,7221.913,74.374,0,104.33,104.33,1.838,9177.41,9179.248,148554.673,0.769,0,0,1313.5,157.916,822.567,454.455,0,247.271,247.271,38.297,9271.043,10.864,9281.907,151405.004,0,0,19.042,1.755,0.018,1.594,0.133,4202.324,350,0,0.5,0,0.2,0,0,21.979,30.478,19.448,350.7,Burdekin,AyrDPI,Mulg,1961,Furrow,BareFallow,35,Surf1,200,110,LowFreq,0,P2R,15AprV1R4,T4,1313.5,454.455,980.483,1227.754,3.367,1.612,0,0,0,,0,999
1980,18/07/1980,200,1979,15-Apr,4,sugar,alive,0,456,1979,19/4/1979,109,4,0,322,1980,17,2039,8297.11,7398.71,6468.18,199.468,3676.92,,0,0,0,19.773,190.077,190.077,10.864,9271.043,9281.907,151405.004,0.77,21,2310,884.3,120.973,1475.466,504.616,1330.686,387.502,1718.188,26.996,9131.383,1.883,9133.265,146829.631,200,344.576,381.483,25.545,0.01,18.68,5.526,8018.198,350,0.975,5297.6,19.4,2119,0,0,17.794,28.5,19.664,86.4,Burdekin,AyrDPI,Mulg,1961,Furrow,BareFallow,35,Surf1,200,110,LowFreq,0,P2R,15AprV1R4,T4,3194.3,2814.616,1596.439,1983.941,44.235,18.69,7.08686371426866,0.116092069086736,7.22710144927536,0.99734,36.769,999
1981,18/08/1981,230,1980,15-Apr,4,sugar,alive,1,396,1979,18/7/1980,109,4,0,322,1981,17,2039,6788.63,6056.25,5204.01,159.92,2803.75,,20048.875,8019.548,93.584,18.665,69.75,69.75,1.883,9131.383,9133.265,146829.631,0.756,17,1870,1122.8,264.069,1317.575,577.997,1114.518,297.352,1411.869,15.326,9130.794,1.289,9132.083,145764.245,200,261.046,305.828,16.904,0.008,5.263,3.583,7875.695,350,0.932,3840.1,14.1,1536,0,0,17.711,28.113,19.149,104.8,Burdekin,AyrDPI,Mulg,1961,Furrow,BareFallow,35,Surf1,200,110,LowFreq,0,P2R,15AprV1R4,T4,2992.8,2447.997,1581.644,1878.996,22.175,5.271,6.53268774430688,0.11326829897108,6.89310344827586,0.7996,28.038,999
1982,18/09/1982,261,1981,15-Apr,4,sugar,alive,2,396,1979,18/8/1981,109,4,0,322,1982,17,2039,6941.9,6204.92,5339.93,164.111,3056.9,,16733.378,6693.352,71.508,20.011,69.038,69.038,1.289,9130.794,9132.083,145764.245,0.756,19,2090,592.4,98.553,1064.161,440.108,1223.112,304.849,1527.961,9.051,9092.959,1.636,9094.594,144721.161,200,287.675,341.192,26.6,0.007,7.204,5.324,7917.017,350,0.952,4350.6,15.9,1740.2,0,0,17.492,29.026,19.782,47.4,Burdekin,AyrDPI,Mulg,1961,Furrow,BareFallow,35,Surf1,200,110,LowFreq,0,P2R,15AprV1R4,T4,2682.4,2530.108,1162.714,1467.563,33.811,7.211,6.48632390395983,0.107405228274805,6.46106299212598,0.820555,30.569,999
1983,18/10/1983,291,1982,15-Apr,4,sugar,alive,3,395,1979,18/9/1982,109,4,0,322,1983,17,2039,7042.85,6265.02,5409.78,165.588,2914.54,,17314.814,6925.927,78.152,18.749,60.764,60.764,1.636,9092.959,9094.594,144721.161,0.751,20,2200,637.7,205.362,1163.607,407.508,1162.765,301.211,1463.975,8.543,9067.249,1.575,9068.824,144639.441,200,278.888,336.774,30.429,0.021,6.191,5.958,7247.914,350,0.962,4658.7,17.1,1863.5,0,0,18.328,28.931,20.105,95.4,Burdekin,AyrDPI,Mulg,1961,Furrow,BareFallow,35,Surf1,200,110,LowFreq,0,P2R,15AprV1R4,T4,2837.7,2607.508,1368.969,1670.18,36.641,6.212,6.35043113961683,0.113108488874469,6.24860377358491,0.82794,29.145,999
1984,17/11/1984,322,1983,15-Apr,4,sugar,alive,4,396,1979,18/10/1983,109,4,0,322,1984,17,2039,7204.21,6428.44,5505.65,169.834,3220.16,,17840.953,7136.381,79.188,20.422,65.519,65.519,1.575,9067.249,9068.824,144639.441,0.746,22,2420,648.7,238.747,1303.761,476.298,1209.172,321.933,1531.104,10.2,9048.693,1.67,9050.363,144685.582,200,263.135,331.435,36.749,0.066,8.045,7.204,7117.979,350,0.925,3693.1,13.5,1477.2,0,0,17.924,28.788,19.569,75.6,Burdekin,AyrDPI,Mulg,1961,Furrow,BareFallow,35,Surf1,200,110,LowFreq,0,P2R,15AprV1R4,T4,3068.7,2896.298,1542.508,1864.441,44.86,8.111,5.86383031027885,0.110922576128075,5.91756097560976,0.84917,32.202,999
1985,15/04/1985,105,0,15-Apr,4,none,out,-1,0,1979,0.000,105,0,0,322,-1,17,2039,0,0,0,0,0,,17576.923,7030.769,78.538,0,60.607,60.607,1.67,9048.693,9050.363,144685.582,0.742,0,0,588.9,2.028,236.958,351.927,0,254.909,254.909,11.186,9148.575,9.86,9158.435,147714.438,0,0,14.713,0.78,0.001,0.643,0.071,3712.765,350,0,0.5,0,0.2,0,0,21.977,31.383,20.654,111.4,Burdekin,AyrDPI,Mulg,1961,Furrow,BareFallow,35,Surf1,200,110,LowFreq,0,P2R,15AprV1R4,T4,588.9,351.927,238.986,493.895,1.424,0.644,0,0,0,,0,999
1986,15/07/1986,196,1985,15-Apr,5,sugar,alive,0,456,1985,15/4/1985,105,0,0,318,1986,21,2039,7636.1,6767.1,5934.98,182.119,3287.54,,0,0,0,19.303,155.613,155.613,9.86,9148.575,9158.435,147714.438,0.743,21,2310,777.1,37.437,1437.329,523.667,1305.538,392.854,1698.392,30.176,8989.749,2.144,8991.893,143890.989,200,359.823,399.586,25.733,0.012,20.19,5.584,7198.488,350,0.971,5081.8,18.6,2032.7,0,0,17.312,28.527,18.417,117.8,Burdekin,AyrDPI,Mulg,1961,Furrow,BareFallow,35,Surf1,200,110,LowFreq,0,P2R,15AprV1R4,T4,3087.1,2833.667,1474.766,1867.62,45.935,20.202,6.42697254123367,0.10723025073128,6.59851449275362,0.910595,32.875,999
1987,15/08/1987,227,1986,15-Apr,5,sugar,alive,1,396,1985,15/7/1986,105,0,0,318,1987,21,2039,6640.23,5913.76,5062.11,155.45,2895.77,,18779.114,7511.644,95.148,20.013,69.555,69.555,2.144,8989.749,8991.893,143890.989,0.73,21,2310,497.8,71.107,1161.562,408.9,1190.443,375.297,1565.741,12.39,8966.946,1.208,8968.154,143745.691,200,260.068,325.368,39.365,0.021,4.843,7.875,6607.697,350,0.921,3634.6,13.3,1453.8,0,0,18.256,29.363,19.045,44,Burdekin,AyrDPI,Mulg,1961,Furrow,BareFallow,35,Surf1,200,110,LowFreq,0,P2R,15AprV1R4,T4,2807.8,2718.9,1232.669,1607.966,44.229,4.864,5.71738570745522,0.0992820651691435,5.63224637681159,0.77725,28.958,999
1988,14/09/1988,258,1987,15-Apr,5,sugar,alive,2,396,1985,15/8/1987,105,0,0,318,1988,21,2039,6978.86,6209.52,5332.75,163.2,2956.64,,16503.415,6601.366,70.696,19.384,78.947,78.947,1.208,8966.946,8968.154,143745.691,0.728,19,2090,972.6,166.665,1392.881,434.521,1221.036,295.311,1516.347,10.623,8962.889,1.027,8963.916,144004.458,200,257.81,309.563,22.934,0.021,7.254,4.656,6594.228,350,0.957,4501.1,16.5,1800.4,0,0,18.304,29.273,19.691,254,Burdekin,AyrDPI,Mulg,1961,Furrow,BareFallow,35,Surf1,200,110,LowFreq,0,P2R,15AprV1R4,T4,3062.6,2524.521,1559.546,1854.857,30.209,7.275,6.46459268906854,0.107627080081274,6.4251968503937,0.816,29.566,999
1989,14/10/1989,287,1988,15-Apr,5,sugar,alive,3,395,1985,14/9/1988,105,0,0,318,1989,21,2039,6768.71,6036.54,5247.43,161.226,2810.62,,17817.846,7127.14,77.451,18.542,65.654,65.654,1.027,8962.889,8963.916,144004.458,0.724,17,1870,1381.8,312.148,1520.418,731.039,1129.708,297.294,1427.002,11.531,8964.744,1.176,8965.919,144312.457,200,242.578,305.837,32.766,0.038,8.134,6.309,6631.223,350,0.955,4415.6,16.2,1766.2,0,0,17.968,28.729,19.436,134.8,Burdekin,AyrDPI,Mulg,1961,Furrow,BareFallow,35,Surf1,200,110,LowFreq,0,P2R,15AprV1R4,T4,3251.8,2601.039,1832.566,2129.86,40.938,8.172,6.19852297485736,0.112982322379366,6.94939655172414,0.80613,28.106,999
1990,14/11/1990,318,1989,15-Apr,5,sugar,alive,4,396,1985,14/10/1989,105,0,0,318,1990,21,2039,7102.58,6421.84,5525.08,171.776,3231.85,,16684.124,6673.649,74.469,20.242,57.886,57.886,1.176,8964.744,8965.919,144312.457,0.721,19,2090,1278.8,360.09,1466.426,526.851,1224.65,314.34,1538.99,15.42,8960.811,1.558,8962.368,144353.664,200,243.661,308.802,35.726,0.05,8.664,6.912,6756.762,350.967,0.923,3654.8,13.4,1461.9,0,0,17.621,28.801,20.391,103,Burdekin,AyrDPI,Mulg,1961,Furrow,BareFallow,35,Surf1,200,110,LowFreq,0,P2R,15AprV1R4,T4,3368.8,2616.851,1826.516,2140.856,44.44,8.714,6.56422547558115,0.11161605988343,6.76283464566929,0.85888,32.318,999
1991,15/04/1991,105,0,15-Apr,5,none,out,-1,0,1985,0.000,105,0,0,318,-1,21,2039,0,0,0,0,0,,16515.379,6606.151,71.644,0,61.18,61.18,1.558,8960.811,8962.368,144353.664,0.717,0,0,1629.3,202.224,1135.315,430.291,0,213.708,213.708,53.529,9057.053,7.118,9064.171,147689.73,0,0,9.233,0.46,0.077,0.382,0.035,3226.43,351.612,0,0.4,0,0.2,0,0,21.649,30.595,18.903,204.4,Burdekin,AyrDPI,Mulg,1961,Furrow,BareFallow,35,Surf1,200,110,LowFreq,0,P2R,15AprV1R4,T4,1629.3,430.291,1337.539,1551.247,0.919,0.459,0,0,0,,0,999
1992,14/07/1992,196,1991,15-Apr,6,sugar,alive,0,456,1991,15/4/1991,105,0,0,318,1992,21,2039,8350.31,7541.06,6498.73,201.725,3956.58,,0,0,0,21.225,139.234,139.234,7.118,9057.053,9064.171,147689.73,0.719,22,2420,687,47.718,1346.16,451.124,1385.894,379.587,1765.482,24.139,8918.127,2.071,8920.198,143431.22,200,351.643,386.215,18.097,0.011,15.009,4.079,7791.559,353.56,0.958,4543.8,16.6,1817.5,0,0,17.261,28.993,19.887,122.8,Burdekin,AyrDPI,Mulg,1961,Furrow,BareFallow,35,Surf1,200,110,LowFreq,0,P2R,15AprV1R4,T4,3107,2871.124,1393.878,1773.465,33.117,15.02,7.02599400095572,0.114260581529577,7.0287456445993,1.008625,39.566,999
1993,14/08/1993,226,1992,15-Apr,6,sugar,alive,1,396,1991,14/7/1992,105,0,0,318,1993,21,2039,7349.02,6579.57,5665.84,175.079,3464.92,,19600.683,7840.273,87.234,21.443,86.876,86.876,2.071,8918.127,8920.198,143431.22,0.709,21,2310,482.2,51.032,1175.396,321.231,1242.174,326.159,1568.333,16.797,8906.663,1.196,8907.859,143264.127,200,273.028,317.957,15.777,0.024,6.358,3.386,7061.87,355.287,0.923,3665.9,13.4,1466.4,0,0,17.695,28.946,20.046,72,Burdekin,AyrDPI,Mulg,1961,Furrow,BareFallow,35,Surf1,200,110,LowFreq,0,P2R,15AprV1R4,T4,2792.2,2631.231,1226.428,1552.587,22.159,6.382,6.65388177624846,0.111633817562979,6.34344202898551,0.875395,34.649,999
1994,14/09/1994,257,1993,15-Apr,6,sugar,alive,2,396,1991,14/8/1993,105,0,0,318,1994,21,2039,7304.56,6564.92,5741.3,177.556,3415.37,,17423.102,6969.241,71.804,20.76,84.317,84.317,1.196,8906.663,8907.859,143264.127,0.709,21,2310,409.4,140.89,990.498,302.764,1268.816,341.285,1610.102,8.73,8906.716,1.054,8907.77,143367.404,200,255.348,310.303,27.422,0.047,5.229,5.429,7147.826,357.048,0.946,4176.3,15.3,1670.5,0,0,17.914,29.028,20.251,46.8,Burdekin,AyrDPI,Mulg,1961,Furrow,BareFallow,35,Surf1,200,110,LowFreq,0,P2R,15AprV1R4,T4,2719.4,2612.764,1131.388,1472.673,32.698,5.276,6.79571518897229,0.110276243368433,6.4331884057971,0.88778,34.154,999
1995,14/10/1995,287,1994,15-Apr,6,sugar,alive,3,395,1991,14/9/1994,105,0,0,318,1995,21,2039,7601.71,6803.82,6005.45,185.184,3578.93,,16837.67,6735.069,68.818,20.871,62.227,62.227,1.054,8906.716,8907.77,143367.404,0.706,21,2310,510.2,202.962,1041.433,329.606,1266.058,305.621,1571.679,8.388,8906.99,1.145,8908.136,143373.84,200,261.994,314.825,21.306,0.037,7.114,4.307,7445.995,358.843,0.962,4679.4,17.1,1871.8,0,0,18.845,29.291,20.66,55.2,Burdekin,AyrDPI,Mulg,1961,Furrow,BareFallow,35,Surf1,200,110,LowFreq,0,P2R,15AprV1R4,T4,2820.2,2639.606,1244.395,1550.016,28.457,7.151,7.01559247857446,0.117825586522439,6.70956521739131,0.92592,35.789,999
1996,13/11/1996,318,1995,15-Apr,6,sugar,alive,4,396,1991,14/10/1995,105,0,0,318,1996,21,2039,7935.07,7124.03,6232.38,192.949,3932.92,,17545.704,7018.281,70.562,22.171,66.353,66.353,1.145,8906.99,8908.136,143373.84,0.703,23,2530,547.9,135.038,1306.238,344.66,1313.683,318.336,1632.019,9.27,8894.849,1.51,8896.359,142993.462,200,269.855,329.658,28.123,0.04,6.66,5.586,8033.042,360.666,0.945,4145.2,15.2,1658.1,0,0,19.503,29.755,20.901,107,Burdekin,AyrDPI,Mulg,1961,Furrow,BareFallow,35,Surf1,200,110,LowFreq,0,P2R,15AprV1R4,T4,3077.9,2874.66,1441.276,1759.612,34.823,6.7,6.71206333966452,0.118227177502223,6.47479865771812,0.964745,39.329,999
1997,15/04/1997,105,0,15-Apr,6,none,out,-1,0,1991,0.000,105,0,0,318,-1,21,2039,0,0,0,0,0,,17996.315,7198.526,71.699,0,70.959,70.959,1.51,8894.849,8896.359,142993.462,0.699,0,0,812.5,28.78,443.065,364.333,0,248.132,248.132,20.974,9004.619,3.74,9008.36,146968.104,0,0,5.663,0.258,0.031,0.24,0.021,3272.855,361.388,0,0.6,0,0.2,0,0,23.067,31.083,22.078,116.8,Burdekin,AyrDPI,Mulg,1961,Furrow,BareFallow,35,Surf1,200,110,LowFreq,0,P2R,15AprV1R4,T4,812.5,364.333,471.845,719.977,0.529,0.271,0,0,0,,0,999
1998,15/07/1998,196,1997,15-Apr,7,sugar,alive,0,456,1997,15/4/1997,105,0,0,318,1998,21,2039,9293.75,8325.28,7358.32,227.784,4159.86,,0,0,0,19.563,163.483,163.483,3.74,9004.619,9008.36,146968.104,0.701,20,2200,1035.5,49.762,1623.938,549.325,1281.197,369.881,1651.078,26.938,8878.594,2.259,8880.853,141822.085,200,342.298,382.021,14.738,0.053,15.258,3.394,9012.915,363.555,0.979,5502.8,20.2,2201.1,0,0,19.202,28.19,18.842,189.6,Burdekin,AyrDPI,Mulg,1961,Furrow,BareFallow,35,Surf1,200,110,LowFreq,0,P2R,15AprV1R4,T4,3235.5,2749.325,1673.7,2043.581,30.049,15.311,8.28508815800242,0.137960774718093,8.59562264150943,1.13892,41.599,999
1999,15/08/1999,227,1998,15-Apr,7,sugar,alive,1,396,1997,15/7/1998,105,0,0,318,1999,21,2039,7357.69,6569.73,5739.24,176.831,3383.55,,21128.539,8451.415,84.137,20.635,74.207,74.207,2.259,8878.594,8880.853,141822.085,0.695,17,1870,1153.6,146.716,1458.59,688.622,1094.279,327.485,1421.763,16.45,8872.339,1.179,8873.518,141339.114,200,268.539,316.048,16.957,0.054,7.236,3.559,7901.014,365.471,0.937,3942.3,14.4,1576.9,0,0,19.752,28.624,18.776,112,Burdekin,AyrDPI,Mulg,1961,Furrow,BareFallow,35,Surf1,200,110,LowFreq,0,P2R,15AprV1R4,T4,3023.6,2558.622,1605.306,1932.791,24.247,7.29,6.91118109669971,0.124374456220903,7.62202586206897,0.884155,33.836,999
2000,14/09/2000,258,1999,15-Apr,7,sugar,alive,2,396,1997,15/8/1999,105,0,0,318,2000,21,2039,7593.94,6797.64,6014.32,185.505,3478.04,,17107.851,6843.141,66.911,20.161,70.737,70.737,1.179,8872.339,8873.518,141339.114,0.695,17,1870,1493.5,399.635,1583.749,629.414,1101.141,284.515,1385.656,14.472,8884.492,1.2,8885.692,141174.621,200,252.66,298.237,17.879,0.091,6.74,3.663,7595.877,367.415,0.961,4645.8,17,1858.3,0,0,18.677,28.119,19.581,136,Burdekin,AyrDPI,Mulg,1961,Furrow,BareFallow,35,Surf1,200,110,LowFreq,0,P2R,15AprV1R4,T4,3363.5,2499.414,1983.384,2267.899,24.71,6.831,7.42193970266631,0.133875218668991,7.99590517241379,0.927525,34.78,999
2001,14/10/2001,287,2000,15-Apr,7,sugar,alive,3,395,1997,14/9/2000,105,0,0,318,2001,21,2039,7204.38,6473.49,5639.48,174.528,3572.95,,17375.639,6950.256,70.314,22.281,65.197,65.197,1.2,8884.492,8885.692,141174.621,0.694,22,2420,561.9,159.422,1276.324,410.629,1213.041,338.089,1551.13,11.746,8867.702,1.676,8869.377,140222.541,200,260.327,331.335,37.021,0.097,8.108,7.032,8312.645,369.4,0.938,3963.1,14.5,1585.2,0,0,17.987,29.181,20.23,52,Burdekin,AyrDPI,Mulg,1961,Furrow,BareFallow,35,Surf1,200,110,LowFreq,0,P2R,15AprV1R4,T4,2981.9,2830.629,1435.746,1773.835,45.226,8.205,6.16569674090105,0.112516681387118,6.0811149825784,0.87264,35.73,999
2002,14/11/2002,318,2001,15-Apr,7,sugar,alive,4,396,1997,14/10/2001,105,0,0,318,2002,21,2039,7677.31,6875.95,6008.75,185.519,3763.36,,16670.34,6668.136,68.445,22.051,60.222,60.222,1.676,8867.702,8869.377,140222.541,0.69,21,2310,810.4,85.616,1357.778,320.275,1391.767,293.164,1684.931,20.336,8842.437,1.507,8843.943,139105.039,200,284.267,336.105,24.679,0.049,7.211,4.926,8467.388,371.419,0.962,4685.7,17.2,1874.3,0,0,18.495,30.339,21.474,206,Burdekin,AyrDPI,Mulg,1961,Furrow,BareFallow,35,Surf1,200,110,LowFreq,0,P2R,15AprV1R4,T4,3120.4,2630.275,1443.394,1736.558,31.939,7.26,7.05321686895857,0.110104805478681,6.72170289855072,0.927595,37.634,999
2003,15/04/2003,105,0,15-Apr,7,none,out,-1,0,1997,0.000,105,0,0,318,-1,21,2039,0,0,0,0,0,,18165.599,7266.24,80.759,0,52.299,52.299,1.507,8842.437,8843.943,139105.039,0.686,0,0,414.2,2.709,173.489,240.71,0,152.937,152.937,8.075,8955.612,3.116,8958.727,142813.146,0,0,3.347,0.094,0.007,0.055,0.01,3324.968,372.211,0.001,1,0,0.4,0,0,21.861,31.873,22.582,51,Burdekin,AyrDPI,Mulg,1961,Furrow,BareFallow,35,Surf1,200,110,LowFreq,0,P2R,15AprV1R4,T4,414.2,240.71,176.198,329.135,0.156,0.062,0,0,0,,0,999
2004,14/07/2004,196,2003,15-Apr,8,sugar,alive,0,456,2003,15/4/2003,105,0,0,318,2004,21,2039,8379.8,7500.18,6556.2,202.493,4061.34,,0,0,0,21.77,137.365,137.365,3.116,8955.612,8958.727,142813.146,0.688,21,2310,747.8,22.817,1353.115,424.033,1379.853,369.369,1749.222,21.315,8814.403,2.204,8816.608,136051.781,200,362.185,397.531,12.247,0.033,10.164,2.903,10460.538,374.595,0.964,4746.6,17.4,1898.6,0,0,18.211,29.555,19.63,173.2,Burdekin,AyrDPI,Mulg,1961,Furrow,BareFallow,35,Surf1,200,110,LowFreq,0,P2R,15AprV1R4,T4,3057.8,2734.033,1375.932,1745.301,22.444,10.197,7.40638463398211,0.115761750080893,7.33670289855072,1.012465,40.613,999
2005,15/08/2005,227,2004,15-Apr,8,sugar,alive,1,397,2003,14/7/2004,105,0,1,318,2005,20,2039,7438.7,6647.52,5699.48,175.239,3449.4,,19535.204,7814.081,85.688,21.311,70.012,70.012,2.204,8814.403,8816.608,136051.781,0.682,21,2310,746.3,38.081,1336.384,319.059,1302.373,327.31,1629.683,13.466,8792.176,1.394,8793.57,134140.092,200,286.779,332.978,15.269,0.044,5.925,3.357,9001.823,376.709,0.935,3904.4,14.3,1561.8,0,0,17.863,29.438,20.179,143.4,Burdekin,AyrDPI,Mulg,1961,Furrow,BareFallow,35,Surf1,200,110,LowFreq,0,P2R,15AprV1R4,T4,3056.3,2629.059,1374.465,1701.775,21.238,5.969,6.66546471570246,0.107529501136111,6.34923913043478,0.876195,34.494,999
2006,15/09/2006,258,2005,15-Apr,8,sugar,alive,2,396,2003,15/8/2005,105,0,1,319,2006,20,2040,7242.38,6459.61,5624.21,172.507,3227.74,,18102.173,7240.87,75.217,20.114,122.166,122.166,1.394,8792.176,8793.57,134140.092,0.683,20,2200,922.8,282.709,1384.611,466.576,1212.658,294.425,1507.083,10.566,8791.668,1.109,8792.777,132801.388,200,262.312,312.725,16.499,0.184,12.078,3.43,8778.672,378.854,0.96,4599.9,16.9,1840,0,0,18.708,29.299,19.69,178.4,Burdekin,AyrDPI,Mulg,1961,Furrow,BareFallow,35,Surf1,200,110,LowFreq,0,P2R,15AprV1R4,T4,3122.8,2666.576,1667.32,1961.745,28.761,12.262,6.46923245390343,0.114464166870703,6.50969811320755,0.862535,32.277,999
2007,15/10/2007,288,2006,15-Apr,8,sugar,alive,3,395,2003,15/9/2006,105,0,1,319,2007,20,2040,7513.56,6758.65,5918.24,183.178,3527.01,,17664.368,7065.749,73.387,20.783,70.563,70.563,1.109,8791.668,8792.777,132801.388,0.681,20,2200,956.9,287.951,1326.222,463.561,1253.138,287.895,1541.033,18.417,8771.361,1.864,8773.226,131711.291,200,281.504,335.861,22.243,0.315,7.058,4.456,8561.935,381.035,0.947,4184.2,15.3,1673.7,0,0,17.775,28.663,19.963,130.2,Burdekin,AyrDPI,Mulg,1961,Furrow,BareFallow,35,Surf1,200,110,LowFreq,0,P2R,15AprV1R4,T4,3156.9,2663.561,1614.173,1902.068,29.616,7.373,6.87718434081292,0.118867019719889,6.91237735849057,0.91589,35.27,999
2008,14/11/2008,319,2007,15-Apr,8,sugar,alive,4,396,2003,15/10/2007,105,0,1,319,2008,20,2040,7476.79,6653.71,5839.22,180.085,3538.9,,17116.789,6846.716,72.298,21.271,72.257,72.257,1.864,8771.361,8773.226,131711.291,0.679,20,2200,1306.2,339.933,1648.569,567.505,1239.426,292.964,1532.39,14.832,8747.708,1.699,8749.407,131187.461,200,274.727,337.58,30.921,1.204,8.116,5.845,7850.931,383.246,0.952,4332.9,15.9,1733.1,0,0,18.192,29.022,19.643,108.2,Burdekin,AyrDPI,Mulg,1961,Furrow,BareFallow,35,Surf1,200,110,LowFreq,0,P2R,15AprV1R4,T4,3506.2,2767.505,1988.502,2281.466,40.241,9.32,6.50712464837462,0.117519038886967,6.79566037735849,0.900425,35.389,999
2009,17/04/2009,107,0,15-Apr,8,none,out,-1,0,2003,0.000,107,2,1,321,-1,19,2040,0,0,0,0,0,,17602.289,7040.915,79.552,0,57.566,57.566,1.699,8747.708,8749.407,131187.461,0.676,0,0,1763,210.974,1098.253,569.708,0,299.224,299.224,52.265,8855.049,7.086,8862.135,134187.229,0,0,13.999,1.018,0.235,0.62,0.072,3961.525,384.125,0,0.3,0,0.1,0,0,22.843,31.287,18.416,197.2,Burdekin,AyrDPI,Mulg,1961,Furrow,BareFallow,35,Surf1,200,110,LowFreq,0,P2R,15AprV1R4,T4,1763,569.708,1309.227,1608.451,1.873,0.855,0,0,0,,0,999
2010,17/07/2010,198,2009,15-Apr,9,sugar,alive,0,456,2009,17/4/2009,107,2,0,320,2010,19,2039,8214.08,7363.44,6409.08,197.78,3658.99,,0,0,0,19.855,212.115,212.115,7.086,8855.049,8862.135,134187.229,0.678,21,2310,1076.8,243.274,1615.69,509.661,1330.754,334.554,1665.308,21.68,8682.942,2.476,8685.418,129682.883,200,389.688,420.827,15.232,1.249,11.566,3.474,8051.176,386.745,0.973,5150.3,18.9,2060.1,0,0,17.917,29.042,18.607,135.2,Burdekin,AyrDPI,Mulg,1961,Furrow,BareFallow,35,Surf1,200,110,LowFreq,0,P2R,15AprV1R4,T4,3386.8,2819.661,1858.964,2193.518,28.047,12.815,7.01431838791968,0.118764817078883,7.16594202898551,0.9889,36.59,999
2011,17/08/2011,229,2010,15-Apr,9,sugar,alive,1,396,2009,17/7/2010,107,2,0,320,2011,19,2039,7357.1,6559.36,5707.67,176.061,3168.08,,19720.28,7888.112,91.285,19.233,74.644,74.644,2.476,8682.942,8685.418,129682.883,0.67,14,1540,1470.7,129.658,1430.824,858.504,1141.128,320.497,1461.625,21.723,8670.202,1.173,8671.375,129774.251,200,265.832,317.32,22.404,0.348,8.867,4.688,6624.322,389.054,0.944,4114.9,15.1,1646,0,0,18.162,28.317,17.469,81.4,Burdekin,AyrDPI,Mulg,1961,Furrow,BareFallow,35,Surf1,200,110,LowFreq,0,P2R,15AprV1R4,T4,3010.7,2398.504,1560.482,1880.979,31.619,9.215,7.34045054750795,0.120455657230822,8.8472864321608,0.880305,31.681,999
2012,16/09/2012,260,2011,15-Apr,9,sugar,alive,2,396,2009,17/8/2011,107,2,0,320,2012,19,2039,7376.14,6629.96,5782.52,178.607,3461.73,,17517.863,7007.145,77.785,20.94,63.237,63.237,1.173,8670.202,8671.375,129774.251,0.671,17,1870,1155.4,311.553,1201.173,595.391,1223.473,285.814,1509.287,7.847,8679.282,0.926,8680.208,130072.331,200,252.402,302.539,20.357,0.073,6.326,4.137,6891.075,391.394,0.955,4425.3,16.2,1770.1,0,0,17.848,28.672,19.141,197.4,Burdekin,AyrDPI,Mulg,1961,Furrow,BareFallow,35,Surf1,200,110,LowFreq,0,P2R,15AprV1R4,T4,3025.4,2465.391,1512.726,1798.54,26.756,6.399,7.24457094229678,0.118338659247711,7.6985775862069,0.893035,34.617,999
2013,16/10/2013,289,2012,15-Apr,9,sugar,alive,3,395,2009,16/9/2012,107,2,0,320,2013,19,2039,7442.36,6629.51,5895.88,181.576,3448.99,,17307.28,6922.913,72.463,20.464,66.624,66.624,0.926,8679.282,8680.208,130072.331,0.67,21,2310,530.8,86.915,1191.778,322.244,1280.124,292.538,1572.662,11.406,8677.754,1.383,8679.137,130014.31,200,265.616,315.736,18.926,0.023,7.417,3.868,7526.401,393.777,0.958,4522.8,16.6,1809.1,0,0,18.317,29.434,20.455,178.6,Burdekin,AyrDPI,Mulg,1961,Furrow,BareFallow,35,Surf1,200,110,LowFreq,0,P2R,15AprV1R4,T4,2840.8,2632.244,1278.693,1571.231,26.366,7.44,6.8981447008712,0.115457739806773,6.57884057971015,0.90788,34.49,999
2014,16/11/2014,320,2013,15-Apr,9,sugar,alive,4,396,2009,16/10/2013,107,2,0,320,2014,19,2039,7459.1,6670.49,5867.93,181.244,3523.44,,16989.457,6795.783,70.351,21.012,56.07,56.07,1.383,8677.754,8679.137,130014.31,0.668,21,2310,733,186.197,1320.776,423.968,1239.711,295.864,1535.575,14.002,8676.817,1.426,8678.243,129995.826,200,254.358,314.628,29.721,0.07,7.128,5.969,7360.501,396.198,0.953,4380.9,16.1,1752.4,0,0,18.145,29.123,20.248,86.2,Burdekin,AyrDPI,Mulg,1961,Furrow,BareFallow,35,Surf1,200,110,LowFreq,0,P2R,15AprV1R4,T4,3043,2733.968,1506.973,1802.837,36.919,7.198,6.62933874866129,0.118030053888609,6.5668115942029,0.90622,35.234,999
2015,15/04/2015,105,0,15-Apr,9,none,out,-1,0,2009,0.000,105,0,0,320,-1,19,2039,0,0,0,0,0,,17248.687,6899.474,73.685,0,56.521,56.521,1.426,8676.817,8678.243,129995.826,0.666,0,0,344,0.009,147.953,196.046,0,145.036,145.036,6.918,8777.606,9.237,8786.843,132959.712,0,0,9.673,0.057,0,0.067,0.021,3935.381,397.132,0.001,0.9,0,0.3,0,0,22.749,32.703,22.215,83.4,Burdekin,AyrDPI,Mulg,1961,Furrow,BareFallow,35,Surf1,200,110,LowFreq,0,P2R,15AprV1R4,T4,344,196.046,147.962,292.998,0.124,0.067,0,0,0,,0,999
2016,14/07/2016,196,2015,15-Apr,10,sugar,alive,0,456,2015,15/4/2015,105,0,0,318,2016,21,2039,8349.21,7483.71,6530.73,202.012,3939.92,,0,0,0,21.089,107.525,107.525,9.237,8777.606,8786.843,132959.712,0.668,22,2420,505.2,11.622,1186.543,397.989,1381.763,363.868,1745.631,21.295,8608.732,2.257,8610.989,128566.183,200,386.498,419.924,17.248,0.006,13.333,3.955,7966.696,399.981,0.964,4735.6,17.3,1894.2,0,0,18.496,29.812,19.085,43.6,Burdekin,AyrDPI,Mulg,1961,Furrow,BareFallow,35,Surf1,200,110,LowFreq,0,P2R,15AprV1R4,T4,2925.2,2817.989,1198.165,1562.033,30.587,13.339,7.16865821690574,0.115724342658901,7.0387456445993,1.01006,39.399,999
2017,14/08/2017,226,2016,15-Apr,10,sugar,alive,1,396,2015,14/7/2016,105,0,0,318,2017,21,2039,6920.12,6148.23,5269.76,161.74,2862.9,,19482.276,7792.91,89.322,18.872,88.931,88.931,2.257,8608.732,8610.989,128566.183,0.659,18,1980,912.2,88.275,1280.895,555.294,1208.658,324.003,1532.661,13.305,8596.667,1.149,8597.816,128628.078,200,266.902,315.953,21.498,0.263,7.649,4.46,6688.568,402.497,0.93,3807.5,14,1523,0,0,18.713,29.611,17.608,107.8,Burdekin,AyrDPI,Mulg,1961,Furrow,BareFallow,35,Surf1,200,110,LowFreq,0,P2R,15AprV1R4,T4,2892.2,2535.294,1369.17,1693.173,29.41,7.912,6.3795362589112,0.105528880815784,6.6559670781893,0.8087,28.629,999
2018,14/09/2018,257,2017,15-Apr,10,sugar,alive,2,396,2015,14/8/2017,105,0,0,318,2018,21,2039,7064.95,6358.96,5456.88,168.573,3151.58,,17264.462,6905.785,74.638,20.096,79.301,79.301,1.149,8596.667,8597.816,128628.078,0.66,21,2310,718.7,221.51,1258.039,376.124,1257.047,293.38,1550.427,10.871,8599.948,1.249,8601.197,128753.815,200,243.301,308.372,32.565,0.06,6.972,6.312,6919.939,405.05,0.928,3749.9,13.7,1499.9,0,0,17.808,29.585,18.303,130.4,Burdekin,AyrDPI,Mulg,1961,Furrow,BareFallow,35,Surf1,200,110,LowFreq,0,P2R,15AprV1R4,T4,3028.7,2686.124,1479.549,1772.929,39.597,7.032,6.27569687773163,0.108726821707826,6.10771739130435,0.842865,31.516,999
2019,14/10/2019,287,2018,15-Apr,10,sugar,alive,3,395,2015,14/9/2018,105,0,0,318,2019,21,2039,6223.18,5493.69,4774.06,145.416,2499.1,,16855.97,6742.388,68.548,18.239,78.024,78.024,1.249,8599.948,8601.197,128753.815,0.658,19,2090,1183,326.575,1607.537,506.872,1083.803,279.992,1363.795,20.488,8602.119,1.262,8603.381,128843.86,200,244.963,304.468,28.63,0.076,8.217,5.6,6814.12,407.641,0.952,4351.2,15.9,1740.5,0,0,18.354,29.528,17.422,92.8,Burdekin,AyrDPI,Mulg,1961,Furrow,BareFallow,35,Surf1,200,110,LowFreq,0,P2R,15AprV1R4,T4,3273,2596.872,1934.112,2214.104,36.923,8.293,5.59965989852407,0.106625995842484,5.72503937007874,0.72708,24.991,999
2020,13/11/2020,318,2019,15-Apr,10,sugar,alive,4,396,2015,14/10/2019,105,0,0,318,2020,21,2039,7191.67,6375.99,5553.23,169.993,3124.84,,16016.115,6406.447,73.645,19.71,53.118,53.118,1.262,8602.119,8603.381,128843.86,0.656,20,2200,1074.7,219.902,1523.678,419.528,1252.949,268.699,1521.648,11.188,8591.283,1.368,8592.651,128669.685,200,265.631,318.247,24.211,0.081,7.596,4.845,7076.682,410.264,0.964,4751.2,17.4,1900.5,0,0,18.85,29.943,18.904,327.8,Burdekin,AyrDPI,Mulg,1961,Furrow,BareFallow,35,Surf1,200,110,LowFreq,0,P2R,15AprV1R4,T4,3274.7,2619.528,1743.58,2012.279,31.888,7.677,6.48945153478031,0.111716375929256,6.41483018867925,0.849965,31.248,999
2021,15/04/2021,105,0,15-Apr,10,none,out,-1,0,2015,0.000,105,0,0,318,-1,21,2039,0,0,0,0,0,,17965.26,7186.104,80.867,0,62.59,62.59,1.368,8591.283,8592.651,128669.685,0.654,0,0,902,49.896,519.032,365.89,0,238.373,238.373,24.399,8692.381,5.384,8697.765,131865.176,0,0,7.974,0.392,0.056,0.343,0.033,3415.83,411.3,0,0.5,0,0.2,0,0,22.604,31.422,17.953,132.4,Burdekin,AyrDPI,Mulg,1961,Furrow,BareFallow,35,Surf1,200,110,LowFreq,0,P2R,15AprV1R4,T4,902,365.89,568.928,807.301,0.791,0.399,0,0,0,,0,999
1957,15/04/1957,105,0,15-Apr,0,none,out,-1,0,-1,0.000,105,0,0,318,-1,21,2039,0,0,0,0,0,,0,0,0,0,0,0,0,0,0,0,0.89,0,0,534.4,0,252.969,281.431,0,194.312,194.312,11.636,9502.427,36.289,9538.715,141769.607,0,0,38.346,4.39,0,0.953,0.776,1052.792,350,0.001,1,0,0.4,0,0,21.346,30.448,18.588,77.7,Burdekin,AyrDPI,Mulg,1957,Furrow,BareFallow,35,Surf1,200,110,LowFreq,0,P2R,15AprV1R4,T4,534.4,281.431,252.969,447.281,5.343,0.953,0,0,0,,0,999
1958,15/07/1958,196,1957,15-Apr,1,sugar,alive,0,456,1957,15/4/1957,105,0,0,318,1958,21,2039,7419.42,6658.27,5747.22,177.587,3153.56,,0,0,0,18.942,116.669,116.669,36.289,9502.427,9538.715,141769.607,0.884,20,2200,1061.7,150.549,1517.496,570.422,1259.173,371.564,1630.738,23.983,9413.25,0.82,9414.07,141198.136,200,305.97,326.182,35.61,0,18.204,7.478,3548.815,350,0.971,5070.3,18.6,2028.1,0,0,17.416,28.757,18.932,136.1,Burdekin,AyrDPI,Mulg,1957,Furrow,BareFallow,35,Surf1,200,110,LowFreq,0,P2R,15AprV1R4,T4,3261.7,2770.422,1668.045,2039.609,53.814,18.204,6.41010647475367,0.108899774212657,6.70139622641509,0.887935,31.536,999
1959,15/08/1959,227,1958,15-Apr,1,sugar,alive,1,396,1957,15/7/1958,105,0,0,318,1959,21,2039,6791.54,6054.38,5199,159.749,2901.87,,18523.469,7409.387,90.494,19.443,79.586,79.586,0.82,9413.25,9414.07,141198.136,0.867,18,1980,875.3,133.137,1261.581,501.48,1150.077,307.76,1457.838,12.256,9424.53,0.823,9425.353,142263.944,200,241.469,288.572,18.508,0.001,5.682,3.909,5270.137,350,0.942,4076.3,14.9,1630.5,0,0,16.869,28.466,19.548,162.8,Burdekin,AyrDPI,Mulg,1957,Furrow,BareFallow,35,Surf1,200,110,LowFreq,0,P2R,15AprV1R4,T4,2855.3,2481.48,1394.718,1702.478,24.191,5.683,6.43765011202992,0.109579390851384,6.5740329218107,0.798745,29.019,999
1960,14/09/1960,258,1959,15-Apr,1,sugar,alive,2,396,1957,15/8/1959,105,0,0,318,1960,21,2039,7243.48,6507.73,5615.75,173.304,3193.62,,17001.382,6800.553,71.526,19.766,82.331,82.331,0.823,9424.53,9425.353,142263.944,0.864,19,2090,1107.6,262.619,1477.076,510.036,1193.864,283.173,1477.036,14.544,9418.677,0.918,9419.595,143413.974,200,257.002,309.848,24.236,0.001,6.861,4.889,5702.788,350,0.953,4358.2,16,1743.3,0,0,17.494,28.356,20.039,210.1,Burdekin,AyrDPI,Mulg,1957,Furrow,BareFallow,35,Surf1,200,110,LowFreq,0,P2R,15AprV1R4,T4,3197.6,2600.036,1739.695,2022.868,31.098,6.862,6.66544617074533,0.117332278969504,6.82299212598425,0.86652,31.936,999
1961,14/10/1961,287,1960,15-Apr,1,sugar,alive,3,395,1957,14/9/1960,105,0,0,318,1961,21,2039,7400.46,6663.34,5737.91,177.578,3563.08,,17540.172,7016.069,74.366,21.78,63.199,63.199,0.918,9418.677,9419.595,143413.974,0.857,22,2420,490.9,156.438,1100.546,300.632,1345.252,304.342,1649.595,8.993,9404.406,1.417,9405.823,144364.036,200,265.851,323.451,28.034,0.001,7.383,5.503,6235.097,350,0.945,4134.5,15.2,1653.8,0,0,16.939,29.173,21.112,63.2,Burdekin,AyrDPI,Mulg,1957,Furrow,BareFallow,35,Surf1,200,110,LowFreq,0,P2R,15AprV1R4,T4,2910.9,2720.632,1256.984,1561.326,35.418,7.384,6.52708635346493,0.107649453350671,6.18738675958188,0.88789,35.631,999
1962,14/11/1962,318,1961,15-Apr,1,sugar,alive,4,396,1957,14/10/1961,105,0,0,318,1962,21,2039,7278.17,6460.71,5595.29,172.025,3313.94,,17646.09,7058.436,77.084,20.795,67.522,67.522,1.417,9404.406,9405.823,144364.036,0.849,19,2090,942.7,187.905,1218.551,505.671,1321.449,307.712,1629.161,15.084,9378.677,1.841,9380.518,145233.775,200,269.982,338.699,36.275,0.001,9.254,7.06,6444.027,350,0.942,4067.3,14.9,1626.9,0,0,17.883,29.608,20.496,102.1,Burdekin,AyrDPI,Mulg,1957,Furrow,BareFallow,35,Surf1,200,110,LowFreq,0,P2R,15AprV1R4,T4,3032.7,2595.671,1406.456,1714.168,45.53,9.255,6.62738074278289,0.105591160112475,6.77263779527559,0.860125,33.139,999
1963,15/04/1963,105,0,15-Apr,1,none,out,-1,0,1957,0.000,105,0,0,318,-1,21,2039,0,0,0,0,0,,17761.632,7104.654,79.021,0,64.605,64.605,1.841,9378.677,9380.518,145233.775,0.84,0,0,1086.4,64.78,537.636,524.993,0,314.772,314.772,25.748,9474.017,12.47,9486.487,148235.092,0,0,21.489,3.611,0.001,1.812,0.277,3829.041,350,0,0.3,0,0.1,0,0,22.247,31.071,18.839,91.9,Burdekin,AyrDPI,Mulg,1957,Furrow,BareFallow,35,Surf1,200,110,LowFreq,0,P2R,15AprV1R4,T4,1086.4,524.993,602.416,917.188,5.424,1.813,0,0,0,,0,999
1964,14/07/1964,196,1963,15-Apr,2,sugar,alive,0,456,1963,15/4/1963,105,0,0,318,1964,21,2039,7691.59,6871.38,5976.28,184.166,3297.77,,0,0,0,19.125,233.818,233.818,12.47,9474.017,9486.487,148235.092,0.841,21,2310,620,146.194,1208.388,452.081,1365.112,351.2,1716.311,22.498,9311.331,2.16,9313.491,145761.83,200,361.614,406.287,34.59,0.002,16.123,7.152,5875.28,350,0.963,4719.2,17.3,1887.7,0,0,16.75,28.855,19.018,92.7,Burdekin,AyrDPI,Mulg,1957,Furrow,BareFallow,35,Surf1,200,110,LowFreq,0,P2R,15AprV1R4,T4,2930,2762.081,1354.582,1705.782,50.715,16.125,6.66765384505378,0.10730339664548,6.67268115942029,0.92083,32.978,999
1965,14/08/1965,226,1964,15-Apr,2,sugar,alive,1,396,1963,14/7/1964,105,0,0,318,1965,21,2039,6644.61,5920.97,5009.81,153.438,2796.17,,18591.471,7436.589,94.932,19.515,92.925,92.925,2.16,9311.331,9313.491,145761.83,0.823,19,2090,830.4,145.994,1281.722,447.902,1200.095,308.653,1508.747,10.033,9289.918,1.089,9291.008,146352.563,200,271.086,318.711,21.804,0.001,9.898,4.511,5834.911,350,0.941,4035.1,14.8,1614.1,0,0,17.025,29.153,19.583,107.4,Burdekin,AyrDPI,Mulg,1957,Furrow,BareFallow,35,Surf1,200,110,LowFreq,0,P2R,15AprV1R4,T4,2920.4,2537.902,1427.716,1736.369,31.703,9.899,6.04585992682145,0.101698959467691,6.04086614173228,0.76719,27.962,999
1966,14/09/1966,257,1965,15-Apr,2,sugar,alive,2,396,1963,14/8/1965,105,0,0,318,1966,21,2039,7222.7,6471.13,5514.36,169.73,3165.96,,17325.655,6930.262,82.398,20.043,76.862,76.862,1.089,9289.918,9291.008,146352.563,0.819,21,2310,392.1,160.665,998.4,275.002,1244.876,289.696,1534.572,8.276,9278.178,1.166,9279.344,147274.398,200,266.419,319.359,25.321,0.001,6.776,5.113,6075.603,350,0.941,4040.9,14.8,1616.3,0,0,17.613,28.709,19.595,102.9,Burdekin,AyrDPI,Mulg,1957,Furrow,BareFallow,35,Surf1,200,110,LowFreq,0,P2R,15AprV1R4,T4,2702.1,2585.002,1159.065,1448.761,32.098,6.777,6.565952366768,0.110604129359848,6.14963768115942,0.84865,31.66,999
1967,14/10/1967,287,1966,15-Apr,2,sugar,alive,3,395,1963,14/9/1966,105,0,0,318,1967,21,2039,7009.84,6302.61,5433.63,167.929,3155.35,,17955.593,7182.238,75.9,20.211,85.325,85.325,1.166,9278.178,9279.344,147274.398,0.813,20,2200,809.7,223.988,1293.232,400.803,1200.49,310.774,1511.263,11.297,9269.063,1.278,9270.341,148354.157,200,251.809,318.974,37.137,0.002,7.748,7.078,6081.421,350,0.937,3953.9,14.5,1581.6,0,0,17.992,28.818,20.041,154.9,Burdekin,AyrDPI,Mulg,1957,Furrow,BareFallow,35,Surf1,200,110,LowFreq,0,P2R,15AprV1R4,T4,3009.7,2600.803,1517.22,1827.994,44.887,7.75,6.45681353028276,0.11111831626924,6.33694339622642,0.839645,31.554,999
1968,13/11/1968,318,1967,15-Apr,2,sugar,alive,4,396,1963,14/10/1967,105,0,0,318,1968,21,2039,7422.76,6667.74,5708.04,176.372,3249.58,,16758.532,6703.414,70.225,19.762,66.543,66.543,1.278,9269.063,9270.341,148354.157,0.806,20,2200,1461.8,285.56,1807.193,560.644,1241.315,327.449,1568.764,17.437,9255.781,1.534,9257.315,149278.26,200,266.674,320.283,26.259,0.002,8.796,5.244,6290.38,350,0.94,4023.2,14.7,1609.3,0,0,18.116,28.915,20.428,187.9,Burdekin,AyrDPI,Mulg,1957,Furrow,BareFallow,35,Surf1,200,110,LowFreq,0,P2R,15AprV1R4,T4,3661.8,2760.644,2092.753,2420.202,35.057,8.798,6.38879913527423,0.112427363198034,6.65554716981132,0.88186,32.496,999
1969,15/04/1969,105,0,15-Apr,2,none,out,-1,0,1963,0.000,105,0,0,318,-1,21,2039,0,0,0,0,0,,17994.846,7197.939,79.288,0,66.826,66.826,1.534,9255.781,9257.315,149278.26,0.799,0,0,145.4,0.005,6.003,139.397,0,129.723,129.723,0.278,9366.243,0.554,9366.797,154555.332,0,0,0.785,0.002,0,0.002,0.002,1606.7,350,0.001,1.3,0,0.5,0,0,21.46,32.39,21.894,46.5,Burdekin,AyrDPI,Mulg,1957,Furrow,BareFallow,35,Surf1,200,110,LowFreq,0,P2R,15AprV1R4,T4,145.4,139.397,6.008,135.731,0.004,0.002,0,0,0,,0,999
1970,15/07/1970,196,1969,15-Apr,3,sugar,alive,0,456,1969,15/4/1969,105,0,0,318,1970,21,2039,7467.84,6690.71,5779.24,178.532,3403.72,,0,0,0,20.55,76.496,76.496,0.554,9366.243,9366.797,154555.332,0.8,22,2420,660,16.517,1375.418,412.43,1290.993,402.167,1693.16,22.736,9242.853,2.034,9244.887,150156.338,200,333.988,378.422,15.548,0,12.05,3.543,7867.501,350,0.932,3834.2,14,1533.7,0,0,17.51,29.042,19.564,133.6,Burdekin,AyrDPI,Mulg,1957,Furrow,BareFallow,35,Surf1,200,110,LowFreq,0,P2R,15AprV1R4,T4,3080,2832.43,1391.935,1794.102,27.598,12.05,6.30313900078731,0.105443076850386,6.22062717770035,0.89266,34.037,999
1971,15/08/1971,227,1970,15-Apr,3,sugar,alive,1,396,1969,15/7/1970,105,0,0,318,1971,21,2039,7034.47,6283.17,5362.39,164.778,2911.26,,17612.162,7044.864,82.975,18.831,71.404,71.404,2.034,9242.853,9244.887,150156.338,0.793,17,1870,1175,78.52,1429.132,699.577,1216.375,317.824,1534.199,16.06,9215.491,1.218,9216.709,150508.532,200,273.763,323.915,26.286,0.001,7.304,5.407,6127.147,350,0.937,3951.8,14.5,1580.7,0,0,17.251,28.573,19.344,220,Burdekin,AyrDPI,Mulg,1957,Furrow,BareFallow,35,Surf1,200,110,LowFreq,0,P2R,15AprV1R4,T4,3045,2569.577,1507.652,1825.476,33.591,7.305,6.41265079816639,0.107403276889113,7.1025,0.82389,29.113,999
1972,14/09/1972,258,1971,15-Apr,3,sugar,alive,2,396,1969,15/8/1971,105,0,0,318,1972,21,2039,6868.81,6182.83,5253.39,161.992,2965.84,,17571.74,7028.697,78.597,19.619,74.554,74.554,1.218,9215.491,9216.709,150508.532,0.788,19,2090,1435.2,333.723,1633.959,503.554,1252.522,307.327,1559.849,22.466,9210.092,1.13,9211.222,151284.513,200,250.585,307.893,31.025,0.004,8.76,6.134,6158.683,350,0.936,3922.9,14.4,1569.2,0,0,16.759,28.732,19.826,206.2,Burdekin,AyrDPI,Mulg,1957,Furrow,BareFallow,35,Surf1,200,110,LowFreq,0,P2R,15AprV1R4,T4,3525.2,2593.554,1967.682,2275.009,39.789,8.764,6.24594668165768,0.103851077892796,6.37763779527559,0.80996,29.658,999
1973,14/10/1973,287,1972,15-Apr,3,sugar,alive,3,395,1969,14/9/1972,105,0,0,318,1973,21,2039,7233.03,6486.41,5541.32,170.75,3040.06,,17065.575,6826.23,73.995,18.999,72.223,72.223,1.13,9210.092,9211.222,151284.513,0.783,20,2200,1125.6,283.621,1458.789,589.119,1236.011,302.357,1538.368,16.081,9201.82,1.719,9203.539,151928.206,200,262.325,318.509,26.317,0.003,7.513,5.215,6605.051,350,0.927,3747.3,13.7,1498.9,0,0,18.389,29.085,19.8,108.5,Burdekin,AyrDPI,Mulg,1957,Furrow,BareFallow,35,Surf1,200,110,LowFreq,0,P2R,15AprV1R4,T4,3325.6,2789.119,1742.41,2044.767,33.833,7.516,6.12200483378443,0.110994248450306,6.4433962264151,0.85375,30.401,999
1974,14/11/1974,318,1973,15-Apr,3,sugar,alive,4,396,1969,14/10/1973,105,0,0,318,1974,21,2039,6447.81,5821.02,4972.39,155.042,3031.87,,17564.703,7025.882,71.422,21.153,117.045,117.045,1.719,9201.82,9203.539,151928.206,0.777,17,1870,1952.2,666.235,1792.021,776.774,1060.45,348.105,1408.555,11.451,9197.354,1.95,9199.303,152171.795,200,214.11,315.233,60.813,0.083,12.234,11.234,6502.239,350,0.845,2663.3,9.8,1065.3,0,0,17.922,28.466,18.8,152.9,Burdekin,AyrDPI,Mulg,1957,Furrow,BareFallow,35,Surf1,200,110,LowFreq,0,P2R,15AprV1R4,T4,3822.2,2646.774,2458.256,2806.361,73.13,12.317,5.85777251854522,0.110071669192896,6.68284482758621,0.77521,30.319,999
1975,15/04/1975,105,0,15-Apr,3,none,out,-1,0,1969,0.000,105,0,0,318,-1,21,2039,0,0,0,0,0,,14804.912,5921.966,63.14,0,72.435,72.435,1.95,9197.354,9199.303,152171.795,0.771,0,0,630.3,9.309,222.754,402.973,0,296.992,296.992,10.615,9286.698,11.359,9298.057,154544.554,0,0,15.081,0.993,0.001,0.474,0.089,3830.119,350,0,0.3,0,0.1,0,0,21.936,30.98,21.26,65,Burdekin,AyrDPI,Mulg,1957,Furrow,BareFallow,35,Surf1,200,110,LowFreq,0,P2R,15AprV1R4,T4,630.3,402.973,232.063,529.055,1.468,0.475,0,0,0,,0,999
1976,14/07/1976,196,1975,15-Apr,4,sugar,alive,0,456,1975,15/4/1975,105,0,0,318,1976,21,2039,8477.77,7597.18,6591.89,203.482,3569.42,,0,0,0,18.676,173.68,173.68,11.359,9286.698,9298.057,154544.554,0.772,17,1870,2004.7,443.182,1869.572,818.915,1334.837,326.26,1661.097,32.823,9153.602,1.68,9155.282,151314.314,200,338.143,375.256,27.845,0.012,17.407,5.919,6713.63,350,0.98,5561.2,20.4,2224.5,0,0,17.666,28.095,18.294,179.8,Burdekin,AyrDPI,Mulg,1957,Furrow,BareFallow,35,Surf1,200,110,LowFreq,0,P2R,15AprV1R4,T4,3874.7,2688.915,2312.754,2639.014,45.264,17.419,7.56743891123371,0.122498565706879,8.77077586206896,1.01741,35.694,999
1977,14/08/1977,226,1976,15-Apr,4,sugar,alive,1,396,1975,14/7/1976,105,0,0,318,1977,21,2039,6825.8,6092.83,5228.41,160.38,2794.21,,20756.987,8302.796,99.76,18.53,74.528,74.528,1.68,9153.602,9155.282,151314.314,0.758,18,1980,1376.6,202.442,1742.435,545.126,1108.062,297.577,1405.64,20.513,9155.533,1.102,9156.635,150953.97,200,260.592,305.828,15.849,0.006,5.331,3.352,7291,350,0.945,4135.7,15.2,1654.3,0,0,17.488,28.286,19.446,170.6,Burdekin,AyrDPI,Mulg,1957,Furrow,BareFallow,35,Surf1,200,110,LowFreq,0,P2R,15AprV1R4,T4,3356.6,2525.126,1944.877,2242.454,21.186,5.337,6.35136622885353,0.114097492956945,6.6,0.8019,27.942,999
1978,14/09/1978,257,1977,15-Apr,4,sugar,alive,2,396,1975,14/8/1977,105,0,0,318,1978,21,2039,7578.63,6823.22,5912.19,182.98,3429.88,,17093.172,6837.269,72.27,20.156,80.611,80.611,1.102,9155.533,9156.635,150953.97,0.758,19,2090,956.1,188.842,1248.594,544.946,1237.563,302.653,1540.216,13.514,9148.783,1.309,9150.092,150481.638,200,263.969,315.544,22.409,0.008,7.251,4.539,7656.765,350,0.942,4057.2,14.9,1622.9,0,0,17.622,28.221,20.415,150.6,Burdekin,AyrDPI,Mulg,1957,Furrow,BareFallow,35,Surf1,200,110,LowFreq,0,P2R,15AprV1R4,T4,3046.1,2634.946,1437.436,1740.089,29.668,7.259,6.94435483687332,0.11880151874802,7.20393700787402,0.9149,34.299,999
1979,14/10/1979,287,1978,15-Apr,4,sugar,alive,3,395,1975,14/9/1978,105,0,0,318,1979,21,2039,6895.63,6204.88,5312.54,164.322,3046.09,,17613.34,7045.336,72.704,19.901,149.058,149.058,1.309,9148.783,9150.092,150481.638,0.754,20,2200,1484.7,372.787,1940.414,582.301,1131.012,314.768,1445.78,28.817,9145.581,1.503,9147.084,149942.431,200,245.771,312.893,29.665,0.018,15.672,5.649,7800.613,350,0.918,3574.9,13.1,1430,0,0,18.01,28.393,19.377,350.7,Burdekin,AyrDPI,Mulg,1957,Furrow,BareFallow,35,Surf1,200,110,LowFreq,0,P2R,15AprV1R4,T4,3684.7,2782.301,2313.201,2627.969,45.355,15.69,5.9059749466359,0.113656296255309,6.20083018867925,0.82161,30.461,999
1980,13/11/1980,318,1979,15-Apr,4,sugar,alive,4,396,1975,14/10/1979,105,0,0,318,1980,21,2039,7830.39,7040.77,6059.01,187.345,3574.34,,16494.971,6597.989,68.585,20.567,74.778,74.778,1.503,9145.581,9147.084,149942.431,0.749,21,2310,768.9,170.253,1331.487,430.902,1285.779,296.892,1582.671,10.937,9127.37,1.642,9129.012,148721.688,200,273.479,327.732,26.707,0.014,7.743,5.234,8522.754,350,0.954,4402.6,16.1,1761.1,0,0,18.675,29.043,20.995,86.4,Burdekin,AyrDPI,Mulg,1957,Furrow,BareFallow,35,Surf1,200,110,LowFreq,0,P2R,15AprV1R4,T4,3078.9,2740.902,1501.74,1798.632,34.464,7.757,6.83515864485487,0.118372675053754,6.78786231884058,0.936725,35.743,999
1981,15/04/1981,105,0,15-Apr,4,none,out,-1,0,1975,0.000,105,0,0,318,-1,21,2039,0,0,0,0,0,,18798.906,7519.563,79.654,0,69.267,69.267,1.642,9127.37,9129.012,148721.688,0.744,0,0,929,159.482,350.04,513.344,0,308.497,308.497,16.515,9234.355,5.175,9239.529,152003.762,0,0,8.516,0.619,0.026,0.117,0.042,3878.498,350,0,0.4,0,0.2,0,0,21.829,30.388,19.918,102.2,Burdekin,AyrDPI,Mulg,1957,Furrow,BareFallow,35,Surf1,200,110,LowFreq,0,P2R,15AprV1R4,T4,929,513.344,509.522,818.019,0.762,0.143,0,0,0,,0,999
1982,15/07/1982,196,1981,15-Apr,5,sugar,alive,0,456,1981,15/4/1981,105,0,0,318,1982,21,2039,8094.56,7257.47,6296.29,194.638,3674.78,,0,0,0,20.322,180.249,180.249,5.175,9234.355,9239.529,152003.762,0.745,21,2310,774.6,91.751,1331.303,475.882,1383.396,381.372,1764.769,27.89,9067.112,2.7,9069.812,145997.062,200,364.644,412.873,25.482,0.015,19.286,5.475,9435.112,350,0.965,4787.8,17.5,1915.1,0,0,17.319,28.644,18.818,104.8,Burdekin,AyrDPI,Mulg,1957,Furrow,BareFallow,35,Surf1,200,110,LowFreq,0,P2R,15AprV1R4,T4,3084.6,2785.882,1423.054,1804.426,44.783,19.301,6.98658449998959,0.110290921928026,7.05210144927536,0.97319,36.748,999
1983,15/08/1983,227,1982,15-Apr,5,sugar,alive,1,396,1981,15/7/1982,105,0,0,318,1983,21,2039,6855.19,6097.06,5213.8,159.94,2829.5,,19354.906,7741.963,88.566,18.86,77.027,77.027,2.7,9067.112,9069.812,145997.062,0.735,20,2200,635.3,139.615,1238.738,366.925,1128.414,322.728,1451.142,14.73,9027.63,1.353,9028.983,145630.681,200,294.735,343.912,20.374,0.016,6.947,4.331,6996.149,350,0.941,4034.4,14.8,1613.8,0,0,17.679,28.512,19.609,95.4,Burdekin,AyrDPI,Mulg,1957,Furrow,BareFallow,35,Surf1,200,110,LowFreq,0,P2R,15AprV1R4,T4,2835.3,2566.925,1378.353,1701.081,27.337,6.963,6.23080144530908,0.110216643167933,6.03547169811321,0.7997,28.295,999
1984,14/09/1984,258,1983,15-Apr,5,sugar,alive,2,396,1981,15/8/1983,105,0,0,318,1984,21,2039,7442.53,6696.12,5720.65,176.727,3232.8,,17381.089,6952.436,79.469,19.6,82.833,82.833,1.353,9027.63,9028.983,145630.681,0.734,21,2310,591.2,156.894,1183.672,446.969,1269.917,290.089,1560.006,10.832,9015.841,1.554,9017.395,145789.071,200,266.671,322.62,26.944,0.02,6.851,5.39,6986.857,350,0.937,3950.1,14.5,1580,0,0,17.66,28.64,19.333,75.6,Burdekin,AyrDPI,Mulg,1957,Furrow,BareFallow,35,Surf1,200,110,LowFreq,0,P2R,15AprV1R4,T4,2901.2,2756.969,1340.566,1630.655,33.815,6.871,6.41019177219621,0.113286102745759,6.40315217391304,0.883635,32.328,999
1985,14/10/1985,287,1984,15-Apr,5,sugar,alive,3,395,1981,14/9/1984,105,0,0,318,1985,21,2039,7164.21,6478.88,5510.5,170.57,3106.22,,17993.562,7197.426,76.786,19.499,83.461,83.461,1.554,9015.841,9017.395,145789.071,0.73,20,2200,788.1,165.363,1281.047,529.835,1231.809,318.635,1550.444,10.072,9008.636,1.262,9009.898,146035.708,200,259.277,316.846,29.363,0.02,8.027,5.815,7031.745,350,0.939,3998.6,14.7,1599.4,0,0,17.489,28.667,19.694,111.4,Burdekin,AyrDPI,Mulg,1957,Furrow,BareFallow,35,Surf1,200,110,LowFreq,0,P2R,15AprV1R4,T4,2988.1,2729.835,1446.41,1765.045,37.41,8.047,6.24836299629831,0.110013647703497,6.43660377358491,0.85285,31.062,999
1986,14/11/1986,318,1985,15-Apr,5,sugar,alive,4,396,1981,14/10/1985,105,0,0,318,1986,21,2039,7149.29,6406.09,5445.79,168.108,3101.15,,17455.338,6982.136,75.112,19.79,74.706,74.706,1.262,9008.636,9009.898,146035.708,0.726,20,2200,879.6,180.558,1301.025,609.064,1253.159,327.768,1580.927,9.931,8987.443,2.063,8989.507,145929.978,200,258.058,331.301,43.356,0.032,8.687,8.357,7396.945,350,0.91,3443.9,12.6,1377.6,0,0,18.869,29.426,18.897,117.8,Burdekin,AyrDPI,Mulg,1957,Furrow,BareFallow,35,Surf1,200,110,LowFreq,0,P2R,15AprV1R4,T4,3079.6,2809.064,1481.583,1809.351,52.075,8.719,5.98448451156684,0.106335080620421,6.34369811320755,0.84054,31.012,999
1987,15/04/1987,105,0,15-Apr,5,none,out,-1,0,1981,0.000,105,0,0,318,-1,21,2039,0,0,0,0,0,,17407.035,6962.813,71.716,0,91.796,91.796,2.063,8987.443,8989.507,145929.978,0.721,0,0,212.7,0.011,32.835,179.864,0,178.215,178.215,1.547,9097.438,2.13,9099.567,149848.871,0,0,2.791,0.009,0,0.012,0.006,2891.405,350,0.001,0.8,0,0.3,0,0,21.95,32.242,21.983,44,Burdekin,AyrDPI,Mulg,1957,Furrow,BareFallow,35,Surf1,200,110,LowFreq,0,P2R,15AprV1R4,T4,212.7,179.864,32.846,211.061,0.021,0.012,0,0,0,,0,999
1988,14/07/1988,196,1987,15-Apr,6,sugar,alive,0,456,1987,15/4/1987,105,0,0,318,1988,21,2039,7756.16,6929.84,6028.02,185.799,3603.6,,0,0,0,20.956,93.437,93.437,2.13,9097.438,9099.567,149848.871,0.722,21,2310,1008.5,28.133,1597.943,481.809,1312.883,374.761,1687.644,24.025,8950.247,2.088,8952.336,145332.717,200,353.883,394.743,20.021,0.003,12.799,4.446,7931.696,350,0.964,4733.6,17.3,1893.4,0,0,17.995,29.116,18.802,254,Burdekin,AyrDPI,Mulg,1957,Furrow,BareFallow,35,Surf1,200,110,LowFreq,0,P2R,15AprV1R4,T4,3318.5,2791.809,1626.076,2000.837,32.823,12.802,6.65514725398478,0.110093716447308,6.73184782608696,0.928995,36.036,999
1989,14/08/1989,226,1988,15-Apr,6,sugar,alive,1,396,1987,14/7/1988,105,0,0,318,1989,21,2039,6925.4,6141.81,5268.66,161.177,2749.29,,18712.744,7485.098,89.463,18.081,98.22,98.22,2.088,8950.247,8952.336,145332.717,0.714,16,1760,1383.4,194.831,1494.895,744.942,1166.135,301.154,1467.289,14.623,8938.818,0.891,8939.709,145373.72,200,262.395,308.47,19.13,0.022,11.384,4.071,6474.594,350,0.95,4284.5,15.7,1713.8,0,0,17.87,28.468,18.868,134.8,Burdekin,AyrDPI,Mulg,1957,Furrow,BareFallow,35,Surf1,200,110,LowFreq,0,P2R,15AprV1R4,T4,3143.4,2504.942,1689.726,1990.88,30.536,11.406,6.43436055605279,0.109846799096838,7.29307692307692,0.805885,27.493,999
1990,14/09/1990,257,1989,15-Apr,6,sugar,alive,2,396,1987,14/8/1989,105,0,0,318,1990,21,2039,6436.73,5703.06,4960.93,151.706,2687.21,,17724.157,7089.663,80.399,18.887,84.606,84.606,0.891,8938.818,8939.709,145373.72,0.713,17,1870,1288.6,419.477,1363.062,551.097,1098.911,304.564,1403.475,8.054,8946.82,0.971,8947.79,145664.926,200,244.359,294.293,23.69,0.044,6.788,4.741,6446.279,350.712,0.953,4371.7,16,1748.7,0,0,17.279,28.597,19.939,103,Burdekin,AyrDPI,Mulg,1957,Furrow,BareFallow,35,Surf1,200,110,LowFreq,0,P2R,15AprV1R4,T4,3158.6,2421.097,1782.539,2087.103,30.522,6.832,6.26600255999656,0.108093125990844,6.53905172413793,0.75853,26.872,999
1991,14/10/1991,287,1990,15-Apr,6,sugar,alive,3,395,1987,14/9/1990,105,0,0,318,1991,21,2039,7181.32,6429.35,5550.99,171.03,3337.81,,16260.271,6504.11,75.195,21.105,57.192,57.192,0.971,8946.82,8947.79,145664.926,0.711,20,2200,1680.4,429.885,1921.023,376.647,1252.936,271.46,1524.396,19.074,8943.066,1.448,8944.514,145621.817,200,257.582,308.788,23.315,0.028,7.921,4.67,6928.233,352.383,0.946,4180.6,15.3,1672.2,0,0,17.386,28.895,19.58,204.4,Burdekin,AyrDPI,Mulg,1957,Furrow,BareFallow,35,Surf1,200,110,LowFreq,0,P2R,15AprV1R4,T4,3880.4,2576.647,2350.908,2622.368,31.264,7.949,6.63769619975107,0.112195256350712,6.45396226415094,0.85515,33.378,999
1992,13/11/1992,318,1991,15-Apr,6,sugar,alive,4,396,1987,14/10/1991,105,0,0,318,1992,21,2039,7830.76,7013.18,6107.14,188.564,3760.1,,17411.364,6964.545,75.123,21.627,62.289,62.289,1.448,8943.066,8944.514,145621.817,0.708,22,2420,659.3,153.18,1240.156,383.391,1364.651,314.865,1679.515,11.506,8933.346,1.4,8934.746,145587.43,200,265.966,324.35,25.226,0.02,8.921,5.096,7408.064,354.083,0.955,4438,16.3,1775.2,0,0,18.342,29.501,20.919,122.8,Burdekin,AyrDPI,Mulg,1957,Furrow,BareFallow,35,Surf1,200,110,LowFreq,0,P2R,15AprV1R4,T4,3079.3,2803.391,1393.336,1708.201,34.167,8.941,6.72628256279627,0.112272888304064,6.57017421602787,0.94282,37.601,999
1993,15/04/1993,105,0,15-Apr,6,none,out,-1,0,1987,0.000,105,0,0,318,-1,21,2039,0,0,0,0,0,,18423.032,7369.212,76.613,0,68.738,68.738,1.4,8933.346,8934.746,145587.43,0.704,0,0,402.2,6.343,111.138,290.177,0,222.468,222.468,5.209,9028.466,13.442,9041.908,148389.231,0,0,15.914,0.229,0.007,0.143,0.041,4277.935,354.757,0.001,0.7,0,0.3,0,0,21.276,31.26,21.924,72,Burdekin,AyrDPI,Mulg,1957,Furrow,BareFallow,35,Surf1,200,110,LowFreq,0,P2R,15AprV1R4,T4,402.2,290.177,117.481,339.949,0.379,0.15,0,0,0,,0,999
1994,15/07/1994,196,1993,15-Apr,7,sugar,alive,0,456,1993,15/4/1993,105,0,0,318,1994,21,2039,8583.18,7716.37,6709.44,207.846,4003.55,,0,0,0,20.792,130.989,130.989,13.442,9028.466,9041.908,148389.231,0.706,23,2530,465.6,7.534,1287.781,369.879,1375.873,377.561,1753.434,24.513,8883.296,1.961,8885.257,144244.943,200,360.337,391.789,20.976,0.007,16.407,4.708,7667.016,356.78,0.974,5200.7,19.1,2080.3,0,0,17.896,28.846,19.367,46.8,Burdekin,AyrDPI,Mulg,1957,Furrow,BareFallow,35,Surf1,200,110,LowFreq,0,P2R,15AprV1R4,T4,2995.6,2899.879,1295.315,1672.876,37.39,16.414,7.16740250196646,0.118536540297496,6.97469798657718,1.03923,40.036,999
1995,15/08/1995,227,1994,15-Apr,7,sugar,alive,1,396,1993,15/7/1994,105,0,0,318,1995,21,2039,7419.24,6617.14,5762.47,177.371,3453.35,,20347.462,8138.984,92.96,21.048,77.841,77.841,1.961,8883.296,8885.257,144244.943,0.695,21,2310,482.2,77.789,1102.309,322.237,1252.33,313.279,1565.609,10.684,8884.408,1.287,8885.695,143945.855,200,265.63,313.184,14.856,0.032,5.157,3.201,7479.071,358.569,0.937,3944.4,14.5,1577.7,0,0,18.082,29.062,20.474,55.2,Burdekin,AyrDPI,Mulg,1957,Furrow,BareFallow,35,Surf1,200,110,LowFreq,0,P2R,15AprV1R4,T4,2792.2,2632.237,1180.098,1493.377,20.045,5.189,6.73841299244711,0.113292016078088,6.42648550724638,0.886855,34.533,999
1996,14/09/1996,258,1995,15-Apr,7,sugar,alive,2,396,1993,15/8/1995,105,0,0,318,1996,21,2039,7497.32,6708.83,5905.97,181.981,3700.72,,17435.224,6974.09,69.791,22.113,124.334,124.334,1.287,8884.408,8885.695,143945.855,0.697,22,2420,564.9,202.795,1227.026,305.537,1287.063,309.457,1596.519,11.368,8884.047,1.201,8885.248,143724.687,200,257.648,312.024,17.704,0.062,15.621,3.653,7810.353,360.388,0.945,4132.6,15.1,1653,0,0,19.055,29.44,20.405,107,Burdekin,AyrDPI,Mulg,1957,Furrow,BareFallow,35,Surf1,200,110,LowFreq,0,P2R,15AprV1R4,T4,2984.9,2725.537,1429.821,1739.278,33.387,15.683,6.67688605951781,0.113986116043718,6.34080139372822,0.909905,37.007,999
1997,14/10/1997,287,1996,15-Apr,7,sugar,alive,3,395,1993,14/9/1996,105,0,0,318,1997,21,2039,7917.72,7087.83,6280.63,194.14,3867.92,,17039.268,6815.707,65.822,21.606,82.895,82.895,1.201,8884.047,8885.248,143724.687,0.694,20,2200,962.4,298.911,1390.639,456.1,1181.76,301.075,1482.835,12.293,8892.531,1.172,8893.702,143723.486,200,252.496,305.279,23.486,0.086,7.287,4.6,7597.021,362.245,0.958,4535.5,16.6,1814.2,0,0,19.379,28.509,20.519,116.8,Burdekin,AyrDPI,Mulg,1957,Furrow,BareFallow,35,Surf1,200,110,LowFreq,0,P2R,15AprV1R4,T4,3162.4,2656.1,1689.55,1990.625,30.859,7.373,7.30921275554384,0.130924883753081,7.32603773584906,0.9707,38.679,999
1998,18/11/1998,322,1997,15-Apr,7,sugar,alive,4,400,1993,14/10/1997,105,0,4,318,1998,17,2039,8439.01,7517.22,6614.13,204.046,3953.4,,17770.422,7108.168,70.369,20.931,72.91,72.91,1.172,8892.531,8893.702,143723.486,0.691,20,2200,1256.5,192.979,1665.074,672.34,1215.998,276.67,1492.669,9.979,8883.07,1.597,8884.666,143160.024,200,273.271,331.334,24.068,0.067,7.453,4.64,8545.998,364.156,0.953,4373.6,16,1749.4,0,0,20.779,29.076,19.406,189.6,Burdekin,AyrDPI,Mulg,1957,Furrow,BareFallow,35,Surf1,200,110,LowFreq,0,P2R,15AprV1R4,T4,3456.5,2872.34,1858.053,2134.723,31.588,7.52,7.10382475612219,0.136698759068487,7.69984905660377,1.02023,39.534,999
1999,15/04/1999,105,0,15-Apr,7,none,out,-1,0,1993,0.000,105,0,4,322,-1,17,2043,0,0,0,0,0,,19229.076,7691.63,74.147,0,178.689,178.689,1.597,8883.07,8884.666,143160.024,0.688,0,0,719.4,130.661,290.273,377.643,0,319.547,319.547,11.644,8985.914,10.316,8996.23,146179.713,0,0,18.551,0.923,0.164,0.873,0.081,4618.316,364.878,0,0.4,0,0.2,0,0,23.424,31.174,20.301,98.7,Burdekin,AyrDPI,Mulg,1957,Furrow,BareFallow,35,Surf1,200,110,LowFreq,0,P2R,15AprV1R4,T4,719.4,377.643,420.934,740.481,1.96,1.037,0,0,0,,0,999
2000,14/07/2000,196,1999,15-Apr,8,sugar,alive,0,456,1999,15/4/1999,105,0,0,318,2000,21,2039,9632,8645.51,7645.59,237.197,4153.57,,0,0,0,18.639,157.607,157.607,10.316,8985.914,8996.23,146179.713,0.69,19,2090,1568.6,281.718,1761.155,720.064,1317.307,365.422,1682.728,27.343,8853.807,2.032,8855.839,141400.574,200,353.636,379.087,17.239,0.116,13.221,3.868,8515.055,367.113,0.984,5949.6,21.8,2379.8,0,0,18.528,27.801,18.606,136,Burdekin,AyrDPI,Mulg,1957,Furrow,BareFallow,35,Surf1,200,110,LowFreq,0,P2R,15AprV1R4,T4,3658.6,2810.064,2042.873,2408.295,30.576,13.337,8.44098212709746,0.140959798612729,9.33846456692913,1.185985,41.536,999
2001,14/08/2001,226,2000,15-Apr,8,sugar,alive,1,396,1999,14/7/2000,105,0,0,318,2001,21,2039,7341.19,6545.34,5720.82,176.217,3476.78,,21941.622,8776.649,90.799,21.368,90.606,90.606,2.032,8853.807,8855.839,141400.574,0.68,20,2200,561.9,82.815,1170.25,425.975,1217.164,303.579,1520.742,12.524,8847.489,1.447,8848.936,140347.996,200,277.228,325.377,12.458,0.071,4.533,2.712,8606.357,369.092,0.934,3878.6,14.2,1551.4,0,0,17.687,28.838,19.812,52,Burdekin,AyrDPI,Mulg,1957,Furrow,BareFallow,35,Surf1,200,110,LowFreq,0,P2R,15AprV1R4,T4,2761.9,2625.975,1253.065,1556.644,17.062,4.604,6.71053608659641,0.115875671218392,6.64969811320755,0.881085,34.768,999
2002,14/09/2002,257,2001,15-Apr,8,sugar,alive,2,396,1999,14/8/2001,105,0,0,318,2002,21,2039,7673.62,6868.83,5965.43,183.614,3792.08,,17069.992,6827.998,68.458,22.503,78.7,78.7,1.447,8847.489,8848.936,140347.996,0.682,20,2200,810.4,116.225,1212.72,357.216,1396.133,296.504,1692.637,8.679,8832.474,1.292,8833.766,139082.23,200,280.6,331.515,19.418,0.079,6.273,4.005,8823.237,371.106,0.956,4469.7,16.4,1787.9,0,0,18.187,30.127,20.983,206,Burdekin,AyrDPI,Mulg,1957,Furrow,BareFallow,35,Surf1,200,110,LowFreq,0,P2R,15AprV1R4,T4,3010.4,2557.216,1328.945,1625.449,25.77,6.352,7.18023037553339,0.108478072971346,6.92883018867925,0.91807,37.921,999
2003,14/10/2003,287,2002,15-Apr,8,sugar,alive,3,395,1999,14/9/2002,105,0,0,318,2003,21,2039,7805.19,6968.75,6127.33,188.738,3798.48,,18318.852,7327.541,75.47,21.855,67.52,67.52,1.292,8832.474,8833.766,139082.23,0.68,22,2420,462,156.276,1014.183,283.76,1405.505,292.146,1697.65,7.359,8826.824,1.898,8828.722,137901.032,200,274.029,327.579,20.135,0.082,6.41,4.086,9000.386,373.156,0.96,4590.7,16.8,1836.3,0,0,18.19,29.917,21.248,51,Burdekin,AyrDPI,Mulg,1957,Furrow,BareFallow,35,Surf1,200,110,LowFreq,0,P2R,15AprV1R4,T4,2882,2703.76,1170.459,1462.605,26.627,6.492,6.98057519898216,0.111176037463553,6.57623693379791,0.94369,37.985,999
2004,13/11/2004,318,2003,15-Apr,8,sugar,alive,4,396,1999,14/10/2003,105,0,0,318,2004,21,2039,8018.48,7201.01,6288.78,194.516,3914.44,,18163.876,7265.551,73.815,21.853,81.411,81.411,1.898,8826.824,8828.722,137901.032,0.678,21,2310,725.2,73.063,1275.073,372.039,1403.716,297.532,1701.248,13.991,8813.277,1.603,8814.88,136432.447,200,280.212,334.375,19.883,0.054,9.826,4.024,9330.386,375.235,0.956,4455.4,16.3,1782.1,0,0,18.512,29.868,20.87,173.2,Burdekin,AyrDPI,Mulg,1957,Furrow,BareFallow,35,Surf1,200,110,LowFreq,0,P2R,15AprV1R4,T4,3035.2,2682.039,1348.136,1645.668,29.763,9.88,7.25254181613317,0.114337239485366,7.04768115942029,0.97258,39.144,999
2005,15/04/2005,105,0,15-Apr,8,none,out,-1,0,1999,0.000,105,0,0,318,-1,21,2039,0,0,0,0,0,,18489.499,7395.8,77.116,0,67.228,67.228,1.603,8813.277,8814.88,136432.447,0.675,0,0,632.4,4.244,400.239,231.223,0,166.958,166.958,18.687,8923.816,7.938,8931.754,139201.024,0,0,8.475,0.079,0.015,0.105,0.02,4602.337,376.057,0.001,1,0,0.4,0,0,22.275,32.232,22.042,143.4,Burdekin,AyrDPI,Mulg,1957,Furrow,BareFallow,35,Surf1,200,110,LowFreq,0,P2R,15AprV1R4,T4,632.4,231.223,404.483,571.441,0.199,0.12,0,0,0,,0,999
2006,15/07/2006,196,2005,15-Apr,9,sugar,alive,0,456,2005,15/4/2005,105,0,0,318,2006,21,2039,8197.91,7374.2,6415.1,198.673,3683.63,,0,0,0,19.906,128.189,128.189,7.938,8923.816,8931.754,139201.024,0.677,21,2310,961.7,101.8,1550.009,532.662,1296.321,367.887,1664.207,23.976,8766.767,2.256,8769.023,132032.138,200,371.715,407.466,18.183,0.081,13.364,4.132,10677.879,378.522,0.964,4764.8,17.5,1905.9,0,0,18.53,29.09,18.768,178.4,Burdekin,AyrDPI,Mulg,1957,Furrow,BareFallow,35,Surf1,200,110,LowFreq,0,P2R,15AprV1R4,T4,3271.7,2842.662,1651.809,2019.696,31.628,13.445,6.98897723331159,0.119379980975924,7.19829710144928,0.993365,36.836,999
2007,15/08/2007,227,2006,15-Apr,9,sugar,alive,1,396,2005,15/7/2006,105,0,0,318,2007,21,2039,7256.26,6493.31,5619.88,173.271,3208.59,,19203.973,7681.589,88.356,19.877,83.873,83.873,2.256,8766.767,8769.023,132032.138,0.669,18,1980,967.8,130.877,1323.782,529.193,1198.102,307.734,1505.836,15.816,8724.775,1.351,8726.126,130914.962,200,295.801,342.275,16.726,0.402,13.246,3.677,7888.786,380.697,0.947,4203,15.4,1681.2,0,0,17.271,28.395,19.639,130.2,Burdekin,AyrDPI,Mulg,1957,Furrow,BareFallow,35,Surf1,200,110,LowFreq,0,P2R,15AprV1R4,T4,2947.8,2509.193,1454.659,1762.393,30.374,13.648,6.90544728922805,0.115066315322519,7.13049382716049,0.866355,32.086,999
2008,14/09/2008,258,2007,15-Apr,9,sugar,alive,2,396,2005,15/8/2007,105,0,0,318,2008,21,2039,7582.23,6829.81,5904.56,182.419,3433.43,,17481.78,6992.712,76.349,20.251,71.18,71.18,1.351,8724.775,8726.126,130914.962,0.67,19,2090,1334.1,320.141,1536.536,590.488,1271.697,296.49,1568.187,18.183,8715.715,1.095,8716.81,130750.479,200,272.117,320.673,20.146,0.739,6.351,4.147,7456.261,382.903,0.958,4538.5,16.6,1815.4,0,0,17.841,28.663,19.218,108.2,Burdekin,AyrDPI,Mulg,1957,Furrow,BareFallow,35,Surf1,200,110,LowFreq,0,P2R,15AprV1R4,T4,3424.1,2680.488,1856.677,2153.167,27.236,7.09,6.80543990497253,0.116324775042772,7.18185039370079,0.912095,34.334,999
2009,14/10/2009,287,2008,15-Apr,9,sugar,alive,3,395,2005,14/9/2008,105,0,0,318,2009,21,2039,7077.03,6306.05,5494.54,168.725,3157.18,,18117.915,7247.167,76.595,20.116,70.416,70.416,1.095,8715.715,8716.81,130750.479,0.67,17,1870,1789.1,355.197,1808.162,525.564,1221.781,290.373,1512.154,28.063,8707.054,1.559,8708.614,130468.442,200,267.948,322.56,24.113,0.382,7.129,4.725,7749.028,385.15,0.952,4335.6,15.9,1734.3,0,0,18.502,29.563,19.422,197.2,Burdekin,AyrDPI,Mulg,1957,Furrow,BareFallow,35,Surf1,200,110,LowFreq,0,P2R,15AprV1R4,T4,3659.1,2395.564,2163.359,2453.732,31.624,7.511,7.04322656376536,0.111579243912988,7.27262931034483,0.843625,31.572,999
2010,27/11/2010,331,2009,15-Apr,9,sugar,alive,4,409,2005,14/10/2009,105,0,13,318,2010,14,2039,8113.04,7232.31,6267.59,192.868,3513.43,,17136.5,6854.601,73.723,19.507,54.002,54.002,1.559,8707.054,8708.614,130468.442,0.668,19,2090,1502.3,266.407,1653.456,730.178,1285.047,274.253,1559.3,12.722,8690.166,1.707,8691.873,130158.306,200,282.421,335.532,20.437,0.151,9.346,4.166,8062.763,387.51,0.952,4334.3,15.9,1733.7,0,0,19.486,29.17,18.173,135.2,Burdekin,AyrDPI,Mulg,1957,Furrow,BareFallow,35,Surf1,200,110,LowFreq,0,P2R,15AprV1R4,T4,3592.3,2820.178,1919.863,2194.116,29.934,9.497,6.83885910747478,0.123688834733534,7.59322834645669,0.96434,35.134,999
2011,15/04/2011,105,0,15-Apr,9,none,out,-1,0,2005,0.000,105,0,13,331,-1,14,2052,0,0,0,0,0,,19370.405,7748.162,77.745,0,167.14,167.14,1.707,8690.166,8691.873,130158.306,0.665,0,0,1001.9,183.804,432.97,467.142,0,366.345,366.345,19.207,8795.853,6.664,8802.517,133690.736,0,0,15.582,1.269,0.17,0.565,0.092,3778.289,388.328,0,0.3,0,0.1,0,0,22.909,30.777,17.896,75.6,Burdekin,AyrDPI,Mulg,1957,Furrow,BareFallow,35,Surf1,200,110,LowFreq,0,P2R,15AprV1R4,T4,1001.9,467.142,616.774,983.119,2.004,0.735,0,0,0,,0,999
2012,21/07/2012,203,2011,15-Apr,10,sugar,alive,0,463,2011,15/4/2011,105,0,7,318,2012,14,2039,8518.29,7655.48,6667.93,206.185,3724.74,,0,0,0,19.32,185.921,185.921,6.664,8795.853,8802.517,133690.736,0.668,19,2090,1178.8,208.435,1370.254,683.296,1361.105,353.189,1714.294,23.123,8649.239,2.1,8651.339,129282.916,200,363.657,394.084,16.948,0.211,12.365,3.826,8023.662,391.061,0.976,5346,19.6,2138.4,0,0,17.116,28.352,18.479,197.4,Burdekin,AyrDPI,Mulg,1957,Furrow,BareFallow,35,Surf1,200,110,LowFreq,0,P2R,15AprV1R4,T4,3268.8,2773.296,1578.689,1931.878,29.524,12.576,7.43465537036076,0.12027400200899,8.11751968503937,1.030925,37.247,999
2013,21/08/2013,233,2012,15-Apr,10,sugar,alive,1,396,2011,21/7/2012,105,0,7,325,2013,14,2046,7036.58,6249.34,5446.68,167.187,3101.19,,20272.158,8108.864,89.394,19.916,161.738,161.738,2.1,8649.239,8651.339,129282.916,0.659,20,2200,535.4,70.018,1281.674,313.157,1169.46,310.76,1480.22,13.358,8643.616,1.292,8644.908,129379.326,200,265.869,311.723,12.104,0.29,12.55,2.696,6928.724,393.439,0.941,4055,14.9,1622,0,0,17.687,28.853,19.998,178.6,Burdekin,AyrDPI,Mulg,1957,Furrow,BareFallow,35,Surf1,200,110,LowFreq,0,P2R,15AprV1R4,T4,2735.4,2513.157,1351.692,1662.452,24.944,12.84,6.65246938412523,0.112947399710854,6.30894339622642,0.835935,31.012,999
2014,21/09/2014,264,2013,15-Apr,10,sugar,alive,2,396,2011,21/8/2013,105,0,7,325,2014,14,2046,7790.82,7021.29,6076.14,187.946,3576.07,,16960.909,6784.363,69.643,20.503,65.227,65.227,1.292,8643.616,8644.908,129379.326,0.662,21,2310,729,161.415,1291.597,443.997,1287.474,283.072,1570.546,9.225,8644.526,1.03,8645.555,129510.677,200,263.302,310.46,17.347,0.047,6.625,3.651,7127.871,395.854,0.955,4422.2,16.2,1768.9,0,0,17.964,29.112,19.977,86.2,Burdekin,AyrDPI,Mulg,1957,Furrow,BareFallow,35,Surf1,200,110,LowFreq,0,P2R,15AprV1R4,T4,3039,2753.997,1453.012,1736.084,24.019,6.672,6.82448092717603,0.11966921058027,6.80963768115942,0.93973,35.761,999
2015,21/10/2015,294,2014,15-Apr,10,sugar,alive,3,395,2011,21/9/2014,105,0,7,325,2015,14,2046,7650.76,6858.07,5996.5,184.849,3783,,18333.649,7333.459,75.379,22.272,80.669,80.669,1.03,8644.526,8645.555,129510.677,0.66,22,2420,380.2,102.81,1013.732,236,1386.582,296.428,1683.01,7.693,8641.199,1.519,8642.718,129449.22,200,271.552,323.778,18.825,0.033,6.193,3.809,7846.793,398.306,0.954,4408.9,16.2,1763.6,0,0,18.451,30.095,20.857,83.4,Burdekin,AyrDPI,Mulg,1957,Furrow,BareFallow,35,Surf1,200,110,LowFreq,0,P2R,15AprV1R4,T4,2800.2,2656,1116.542,1412.97,25.051,6.226,6.95967620481928,0.109832383645968,6.44073170731707,0.924245,37.83,999
2016,20/11/2016,325,2015,15-Apr,10,sugar,alive,4,396,2011,21/10/2015,105,0,7,325,2016,14,2046,7375.47,6540.37,5688.52,174.372,3207.32,,17808.717,7123.487,70.526,19.724,81.318,81.318,1.519,8641.199,8642.718,129449.22,0.659,21,2310,596.6,172.585,1172.497,428.584,1282.565,289.391,1571.956,8.849,8633.398,1.94,8635.338,129330.881,200,269.579,329.034,24.938,0.086,7.081,4.858,7885.943,400.79,0.946,4166.6,15.3,1666.6,0,0,19.739,30.3,19.206,43.6,Burdekin,AyrDPI,Mulg,1957,Furrow,BareFallow,35,Surf1,200,110,LowFreq,0,P2R,15AprV1R4,T4,2906.6,2738.584,1345.082,1634.473,32.105,7.167,6.36723211703567,0.110926768942642,6.31782608695652,0.87186,32.073,999
2017,15/04/2017,105,0,15-Apr,10,none,out,-1,0,2011,0.000,105,0,7,325,-1,14,2046,0,0,0,0,0,,17880.703,7152.282,73.517,0,70.88,70.88,1.94,8633.398,8635.338,129330.881,0.656,0,0,617.6,0.062,278.359,339.241,0,257.255,257.255,13.156,8743.084,6.407,8749.491,132580.157,0,0,9.904,0.363,0,0.514,0.037,3769.171,401.725,0,0.5,0,0.2,0,0,22.783,32.223,19.61,106.2,Burdekin,AyrDPI,Mulg,1957,Furrow,BareFallow,35,Surf1,200,110,LowFreq,0,P2R,15AprV1R4,T4,617.6,339.241,278.421,535.676,0.877,0.514,0,0,0,,0,999
2018,15/07/2018,196,2017,15-Apr,11,sugar,alive,0,456,2017,15/4/2017,105,0,0,318,2018,21,2039,7505.27,6676.5,5841.32,179.658,3432.58,,0,0,0,20.601,152.806,152.806,6.407,8743.084,8749.491,132580.157,0.658,21,2310,863.5,159.645,1488.323,446.654,1276.487,335.263,1611.749,26.577,8581.508,2.061,8583.569,128182.876,200,362.781,409.397,22.582,0.315,18.128,4.846,7660.997,404.661,0.967,4853.7,17.8,1941.5,0,0,17.714,29.216,17.024,130.4,Burdekin,AyrDPI,Mulg,1957,Furrow,BareFallow,35,Surf1,200,110,LowFreq,0,P2R,15AprV1R4,T4,3173.5,2756.654,1647.968,1983.231,41.025,18.443,6.51724880960759,0.111467728535895,6.50934782608696,0.89829,34.326,999
2019,15/08/2019,227,2018,15-Apr,11,sugar,alive,1,396,2017,15/7/2018,105,0,0,318,2019,21,2039,6366.52,5610.53,4848.49,147.413,2431.67,,18269.188,7307.676,89.167,17.39,66.589,66.589,2.061,8581.508,8583.569,128182.876,0.65,18,1980,1209.8,295.271,1514.917,457.569,1092.116,283.933,1376.049,15.1,8571.121,1.084,8572.205,128221.987,200,264.173,311.173,21.461,0.213,5.544,4.505,6373.393,407.247,0.947,4200.4,15.4,1680.2,0,0,18.203,29.367,17.12,92.8,Burdekin,AyrDPI,Mulg,1957,Furrow,BareFallow,35,Surf1,200,110,LowFreq,0,P2R,15AprV1R4,T4,3189.8,2437.569,1810.188,2094.121,27.218,5.757,6.04754162856518,0.107127725829531,6.06637860082305,0.737065,24.317,999
2020,14/09/2020,258,2019,15-Apr,11,sugar,alive,2,396,2017,15/8/2019,105,0,0,318,2020,21,2039,7086.95,6280.24,5474.19,167.352,3036.83,,16473.61,6589.444,78.157,19.42,70.152,70.152,1.084,8571.121,8572.205,128221.987,0.652,19,2090,1063.1,276.799,1350.043,413.834,1252.6,278.091,1530.691,13.714,8574.771,0.924,8575.695,128417.482,200,253.049,302.694,21.424,0.07,6.853,4.388,6629.319,409.864,0.96,4603.9,16.9,1841.6,0,0,18.062,29.688,18.83,327.8,Burdekin,AyrDPI,Mulg,1957,Furrow,BareFallow,35,Surf1,200,110,LowFreq,0,P2R,15AprV1R4,T4,3153.1,2503.834,1626.842,1904.933,28.347,6.923,6.68382967880459,0.109331014554864,6.58866141732283,0.83676,30.368,999
2021,14/10/2021,287,2020,15-Apr,11,sugar,alive,3,395,2017,14/9/2020,105,0,0,318,2021,21,2039,6916.04,6157.46,5261.62,161.203,2818.22,,17621.752,7048.703,75.389,18.603,65.719,65.719,0.924,8574.771,8575.695,128417.482,0.651,20,2200,1075.7,344.453,1521.525,465.846,1142.472,265.644,1408.116,11.08,8577.286,1.275,8578.56,128434.911,200,251.641,306.817,24.223,0.061,7.196,4.806,7056.751,412.526,0.947,4192.5,15.4,1677,0,0,19.13,29.427,17.353,132.4,Burdekin,AyrDPI,Mulg,1957,Furrow,BareFallow,35,Surf1,200,110,LowFreq,0,P2R,15AprV1R4,T4,3275.7,2665.846,1865.978,2131.622,31.48,7.257,6.04697345608111,0.114481335344531,6.0831320754717,0.806015,28.182,999
1958,15/04/1958,105,0,15-Apr,0,none,out,-1,0,-1,0.000,105,0,0,318,-1,21,2039,0,0,0,0,0,,0,0,0,0,0,0,0,0,0,0,0.89,0,0,873.2,0,526.966,346.234,0,207.911,207.911,24.509,9505.953,29.861,9535.814,141809.875,0,0,35.269,6.619,0,1.624,1.089,1012.603,350,0,0.7,0,0.3,0,0,22.648,31.427,18.114,136.1,Burdekin,AyrDPI,Mulg,1958,Furrow,BareFallow,35,Surf1,200,110,LowFreq,0,P2R,15AprV1R4,T4,873.2,346.234,526.966,734.877,8.243,1.624,0,0,0,,0,999
1959,15/07/1959,196,1958,15-Apr,1,sugar,alive,0,456,1958,15/4/1958,105,0,0,318,1959,21,2039,7857.67,7042.44,6088.01,188.221,3411.71,,0,0,0,19.395,167.873,167.873,29.861,9505.953,9535.814,141809.875,0.884,20,2200,956.1,189.417,1409.421,583.289,1290.894,363.475,1654.369,24.434,9422.469,0.686,9423.155,141438.254,200,298.518,319.906,32.188,0.302,17.458,6.803,3386.374,350,0.977,5419.2,19.9,2167.7,0,0,17.24,28.305,18.8,162.8,Burdekin,AyrDPI,Mulg,1958,Furrow,BareFallow,35,Surf1,200,110,LowFreq,0,P2R,15AprV1R4,T4,3156.1,2783.289,1598.838,1962.313,49.948,17.76,6.76253885241526,0.113772078659598,7.10267924528302,0.941105,34.117,999
1960,14/08/1960,227,1959,15-Apr,1,sugar,alive,1,396,1958,15/7/1959,105,0,0,318,1960,21,2039,6735.5,6029.11,5174.58,159.32,2979.98,,19648.454,7859.384,90.244,20.106,70.766,70.766,0.686,9422.469,9423.155,141438.254,0.868,19,2090,1110.4,180.187,1580.067,520.976,1122.76,308.204,1430.964,16.473,9436.866,0.829,9437.695,142508.288,200,240.752,289.998,16.974,0,5.196,3.591,5476.999,350,0.931,3826.2,14,1530.5,0,0,17.103,28.347,19.812,210.1,Burdekin,AyrDPI,Mulg,1958,Furrow,BareFallow,35,Surf1,200,110,LowFreq,0,P2R,15AprV1R4,T4,3200.4,2610.976,1760.254,2068.458,22.17,5.196,6.10193276384003,0.111337531901571,6.27244094488189,0.7966,29.8,999
1961,14/09/1961,257,1960,15-Apr,1,sugar,alive,2,396,1958,14/8/1960,105,0,0,318,1961,21,2039,7351.23,6601.47,5677.34,175.145,3454.06,,16520.076,6608.031,67.374,21.357,79.948,79.948,0.829,9436.866,9437.695,142508.288,0.866,21,2310,490.9,188.221,991.028,316.383,1329.193,299.989,1629.181,7.144,9427.524,1.063,9428.587,143557.371,200,262.549,315.084,23.266,0.001,6.44,4.683,5905.975,350,0.947,4207.4,15.4,1683,0,0,16.81,28.924,20.946,63.2,Burdekin,AyrDPI,Mulg,1958,Furrow,BareFallow,35,Surf1,200,110,LowFreq,0,P2R,15AprV1R4,T4,2800.9,2626.383,1179.249,1479.238,29.707,6.441,6.66867703606062,0.107504936529459,6.34583333333333,0.875725,34.541,999
1962,14/10/1962,287,1961,15-Apr,1,sugar,alive,3,395,1958,14/9/1961,105,0,0,318,1962,21,2039,7346.78,6571.05,5671.67,174.81,3323.19,,17804.379,7121.753,76.738,20.483,72.418,72.418,1.063,9427.524,9428.587,143557.371,0.858,20,2200,938.4,181.996,1312.249,535.752,1336.287,304.455,1640.742,13.129,9411.182,1.555,9412.737,144529.895,200,266.644,328.739,31.151,0.001,7.658,6.055,6389.816,350,0.94,4023.2,14.7,1609.3,0,0,17.583,29.38,20.364,102.1,Burdekin,AyrDPI,Mulg,1958,Furrow,BareFallow,35,Surf1,200,110,LowFreq,0,P2R,15AprV1R4,T4,3138.4,2735.752,1494.245,1798.7,38.81,7.659,6.3898335814065,0.106543259086438,6.59660377358491,0.87405,33.232,999
1963,14/11/1963,318,1962,15-Apr,1,sugar,alive,4,396,1958,14/10/1962,105,0,0,318,1963,21,2039,7024.63,6312.14,5346.7,164.963,3110.83,,17658.083,7063.234,75.175,20.295,75.831,75.831,1.555,9411.182,9412.737,144529.895,0.85,18,1980,1160.5,259.104,1347.815,620.844,1243.53,304.073,1547.603,11.254,9389.174,1.64,9390.814,145523.133,200,269.433,330.899,33.374,0.001,7.905,6.58,6201.931,350,0.94,4022,14.7,1608.8,0,0,17.404,29.102,19.769,91.9,Burdekin,AyrDPI,Mulg,1958,Furrow,BareFallow,35,Surf1,200,110,LowFreq,0,P2R,15AprV1R4,T4,3140.5,2600.844,1606.919,1910.992,41.28,7.906,6.34267184037182,0.10659258220616,6.78860082304527,0.824815,31.108,999
1964,14/04/1964,105,0,15-Apr,1,none,out,-1,0,1958,0.000,105,0,0,318,-1,21,2039,0,0,0,0,0,,17681.179,7072.472,80.77,0,61.81,61.81,1.64,9389.174,9390.814,145523.133,0.842,0,0,454.9,0.014,144.116,310.783,0,223.631,223.631,6.834,9496.599,6.056,9502.655,149277.489,0,0,8.569,0.275,0,0.133,0.03,2981.004,350,0,0.5,0,0.2,0,0,21.751,31.679,20.739,92.7,Burdekin,AyrDPI,Mulg,1958,Furrow,BareFallow,35,Surf1,200,110,LowFreq,0,P2R,15AprV1R4,T4,454.9,310.783,144.13,367.761,0.408,0.133,0,0,0,,0,999
1965,14/07/1965,195,1964,15-Apr,2,sugar,alive,0,456,1964,14/4/1964,105,0,0,318,1965,21,2039,7191.16,6389.86,5550.49,170.515,3323.87,,0,0,0,21.077,148.951,148.951,6.056,9496.599,9502.655,149277.489,0.844,20,2200,925.7,138.242,1401.463,537.849,1285.927,385.124,1671.051,24.873,9334.223,1.772,9335.995,146212.349,200,354.997,401.978,29.803,0.001,19.298,6.283,6303.871,350,0.956,4461.6,16.3,1784.6,0,0,17.254,29.269,18.671,107.4,Burdekin,AyrDPI,Mulg,1958,Furrow,BareFallow,35,Surf1,200,110,LowFreq,0,P2R,15AprV1R4,T4,3125.7,2737.849,1539.705,1924.829,49.102,19.299,6.22806444036906,0.10204057207111,6.43452830188679,0.852575,33.239,999
1966,14/08/1966,226,1965,15-Apr,2,sugar,alive,1,396,1964,14/7/1965,105,0,0,318,1966,21,2039,6963.04,6181.68,5234.27,160.344,2907.96,,17738.089,7095.236,89.952,19.407,63.896,63.896,1.772,9334.223,9335.995,146212.349,0.828,21,2310,379.3,24.276,1148.705,264.681,1197.66,305.88,1503.54,14.602,9306.389,1.431,9307.819,146705.782,200,277.799,325.273,21.208,0,8.06,4.52,5768.713,350,0.939,3990.5,14.6,1596.2,0,0,17.151,28.492,19.616,102.9,Burdekin,AyrDPI,Mulg,1958,Furrow,BareFallow,35,Surf1,200,110,LowFreq,0,P2R,15AprV1R4,T4,2689.3,2574.681,1172.981,1478.861,29.268,8.06,6.2277229683988,0.106644319406201,5.8095652173913,0.80172,29.08,999
1967,14/09/1967,257,1966,15-Apr,2,sugar,alive,2,396,1964,14/8/1966,105,0,0,318,1967,21,2039,7166.08,6442.77,5507.19,169.858,3154.22,,18086.433,7234.573,82.495,19.941,76.677,76.677,1.431,9306.389,9307.819,146705.782,0.823,19,2090,822.5,164.67,1228.921,446.336,1221.754,296.737,1518.491,10.703,9296.754,1.074,9297.828,147793.816,200,262.248,315.436,27.203,0.001,7.241,5.441,5974.65,350,0.94,4030.9,14.8,1612.4,0,0,17.866,28.633,19.652,154.9,Burdekin,AyrDPI,Mulg,1958,Furrow,BareFallow,35,Surf1,200,110,LowFreq,0,P2R,15AprV1R4,T4,2912.5,2536.336,1393.591,1690.328,34.445,7.242,6.69698336498003,0.111859734433724,6.68732283464567,0.84929,31.542,999
1968,13/10/1968,287,1967,15-Apr,2,sugar,alive,3,395,1964,14/9/1967,105,0,0,318,1968,21,2039,7239.49,6472.19,5654.01,174.06,3163.48,,17526.836,7010.734,74.16,19.455,77.095,77.095,1.074,9296.754,9297.828,147793.816,0.817,19,2090,1460.8,287.195,1768.954,550.682,1206.685,303.472,1510.157,28.878,9290.415,1.18,9291.594,149044.869,200,260.208,315.958,26.799,0.002,7.824,5.297,5983.378,350,0.959,4564,16.7,1825.6,0,0,18.074,28.752,20.257,187.9,Burdekin,AyrDPI,Mulg,1958,Furrow,BareFallow,35,Surf1,200,110,LowFreq,0,P2R,15AprV1R4,T4,3550.8,2640.682,2056.149,2359.621,34.625,7.826,6.59147901943513,0.11525953923996,6.85275590551181,0.8703,31.635,999
1969,13/11/1969,317,1968,15-Apr,2,sugar,alive,4,396,1964,13/10/1968,105,0,0,318,1969,21,2039,7382.93,6601.8,5648.1,174.065,3303.31,,17356.036,6942.414,75.777,20.442,61.589,61.589,1.18,9290.415,9291.594,149044.869,0.81,23,2530,250.5,191.825,958.062,212.123,1331.024,293.488,1624.512,5.32,9272.57,1.569,9274.139,149919.794,200,267.745,330.707,33.251,0.001,6.461,6.414,6432.974,350,0.938,3983,14.6,1593.2,0,0,17.834,29.659,20.835,46.5,Burdekin,AyrDPI,Mulg,1958,Furrow,BareFallow,35,Surf1,200,110,LowFreq,0,P2R,15AprV1R4,T4,2780.5,2742.123,1149.887,1443.375,39.713,6.462,6.34781882504906,0.10714910077611,5.84110738255034,0.870325,33.033,999
1970,15/04/1970,105,0,15-Apr,2,none,out,-1,0,1964,0.000,105,0,0,318,-1,21,2039,0,0,0,0,0,,18131.54,7252.616,78.982,0,67.691,67.691,1.569,9272.57,9274.139,149919.794,0.802,0,0,539.4,0.005,285.215,254.185,0,195.767,195.767,13.344,9379.106,5.12,9384.226,153947.321,0,0,6.323,0.141,0,0.274,0.018,2896.818,350,0.001,0.7,0,0.3,0,0,22.057,32.151,21.774,133.6,Burdekin,AyrDPI,Mulg,1958,Furrow,BareFallow,35,Surf1,200,110,LowFreq,0,P2R,15AprV1R4,T4,539.4,254.185,285.22,480.987,0.415,0.274,0,0,0,,0,999
1971,15/07/1971,196,1970,15-Apr,3,sugar,alive,0,456,1970,15/4/1970,105,0,0,318,1971,21,2039,7877.19,7076.12,6107.37,188.751,3486.49,,0,0,0,19.82,126.105,126.105,5.12,9379.106,9384.226,153947.321,0.804,19,2090,1166.1,55.19,1578.419,710.937,1320.608,355.03,1675.638,25.79,9239.254,1.853,9241.107,150806.646,200,347.16,384.107,22.159,0,13.654,4.843,6589.786,350,0.961,4651,17,1860.4,0,0,17.179,28.576,18.844,220,Burdekin,AyrDPI,Mulg,1958,Furrow,BareFallow,35,Surf1,200,110,LowFreq,0,P2R,15AprV1R4,T4,3256.1,2800.937,1633.609,1988.639,35.813,13.654,6.73885203415857,0.112644258485425,7.43114173228347,0.943755,34.865,999
1972,14/08/1972,227,1971,15-Apr,3,sugar,alive,1,396,1970,15/7/1971,105,0,0,318,1972,21,2039,6594.77,5892.65,5006.46,153.831,2764.01,,18996.873,7598.749,94.205,19.2,72.96,72.96,1.853,9239.254,9241.107,150806.646,0.791,19,2090,1453.2,265.594,1759.787,559.254,1190.231,327.788,1518.019,27.711,9226.124,1.162,9227.286,151351.24,200,254.636,312.541,31.736,0.003,7.257,6.372,5941.06,350,0.927,3746.6,13.7,1498.6,0,0,16.729,28.625,19.565,206.2,Burdekin,AyrDPI,Mulg,1958,Furrow,BareFallow,35,Surf1,200,110,LowFreq,0,P2R,15AprV1R4,T4,3543.2,2649.254,2025.381,2353.169,38.996,7.26,5.80657800271322,0.10133667628666,6.05633858267717,0.769155,27.64,999
1973,14/09/1973,257,1972,15-Apr,3,sugar,alive,2,396,1970,14/8/1972,105,0,0,318,1973,21,2039,7097.76,6343.48,5403.23,165.822,2832.93,,16685.271,6674.108,73.507,18.113,72.761,72.761,1.162,9226.124,9227.286,151351.24,0.788,19,2090,1060.9,317.519,1290.314,545.281,1221.063,297.269,1518.331,10.659,9222.195,1.494,9223.688,152170.517,200,259.504,310.431,22.361,0.002,7.172,4.56,6210.391,350,0.937,3952.3,14.5,1580.9,0,0,18.042,28.91,19.726,108.5,Burdekin,AyrDPI,Mulg,1958,Furrow,BareFallow,35,Surf1,200,110,LowFreq,0,P2R,15AprV1R4,T4,3150.9,2635.281,1607.833,1905.102,29.535,7.174,6.29238400003643,0.109213340174178,6.52842519685039,0.82911,28.329,999
1974,14/10/1974,287,1973,15-Apr,3,sugar,alive,3,395,1970,14/9/1973,105,0,0,318,1974,21,2039,6719.05,6062.96,5135.75,159.01,2953.84,,17763.042,7105.217,73.346,19.949,97.496,97.496,1.494,9222.195,9223.688,152170.517,0.783,16,1760,2007.7,633.362,1726.46,718.122,1111.366,318.943,1430.309,9.349,9219.986,1.361,9221.347,153096.093,200,234.737,305.254,37.729,0.005,15.2,7.303,6107.3,350,0.896,3239.2,11.9,1295.7,0,0,17.752,28.355,18.545,152.9,Burdekin,AyrDPI,Mulg,1958,Furrow,BareFallow,35,Surf1,200,110,LowFreq,0,P2R,15AprV1R4,T4,3767.7,2478.122,2359.822,2678.765,52.934,15.205,6.41655253454027,0.111171781761843,7.19502262443439,0.79505,29.538,999
1975,14/11/1975,318,1974,15-Apr,3,sugar,alive,4,396,1970,14/10/1974,105,0,0,318,1975,21,2039,7866.09,7058.14,6050.48,187.115,3464.56,,16211.39,6484.555,68.649,19.874,75.065,75.065,1.361,9219.986,9221.347,153096.093,0.778,19,2090,1160.2,232.569,1325.824,749.622,1302.792,299.191,1601.983,10.074,9201.236,1.524,9202.759,153718.66,200,264.336,327.218,33.962,0.004,8.473,6.649,6574.831,350,0.939,3989,14.6,1595.6,0,0,18.497,28.821,19.89,179.8,Burdekin,AyrDPI,Mulg,1958,Furrow,BareFallow,35,Surf1,200,110,LowFreq,0,P2R,15AprV1R4,T4,3250.2,2839.622,1558.393,1857.584,42.439,8.477,6.58943338233047,0.116802113380729,7.36673228346457,0.935575,34.646,999
1976,14/04/1976,105,0,15-Apr,3,none,out,-1,0,1970,0.000,105,0,0,318,-1,21,2039,0,0,0,0,0,,18823.284,7529.313,77.269,0,164.889,164.889,1.524,9201.236,9202.759,153718.66,0.771,0,0,1465.2,274.571,835.574,525.571,0,326.219,326.219,38.563,9297.332,9.527,9306.859,157262.925,0,0,18.361,1.662,0.012,1.311,0.115,3621.48,350,0,0.3,0,0.1,0,0,22.163,30.457,19.717,139.2,Burdekin,AyrDPI,Mulg,1958,Furrow,BareFallow,35,Surf1,200,110,LowFreq,0,P2R,15AprV1R4,T4,1465.2,525.571,1110.145,1436.364,2.985,1.323,0,0,0,,0,999
1977,14/07/1977,195,1976,15-Apr,4,sugar,alive,0,456,1976,14/4/1976,105,0,0,318,1977,21,2039,7991.57,7182.36,6239.36,193.003,3282.31,,0,0,0,18.018,193.725,193.725,9.527,9297.332,9306.859,157262.925,0.772,20,2200,1401.4,230.01,1864.743,576.111,1263.597,356.179,1619.776,29.058,9167.973,1.827,9169.8,154050.507,200,336.922,368.648,22.256,0.006,16.767,4.846,6547.351,350,0.971,5057.5,18.5,2023,0,0,17.235,28.184,18.917,170.6,Burdekin,AyrDPI,Mulg,1958,Furrow,BareFallow,35,Surf1,200,110,LowFreq,0,P2R,15AprV1R4,T4,3601.4,2776.111,2094.753,2450.932,39.029,16.773,6.95227964587871,0.119154129953771,7.2831320754717,0.965015,32.823,999
1978,14/08/1978,226,1977,15-Apr,4,sugar,alive,1,396,1976,14/7/1977,105,0,0,318,1978,21,2039,7145.19,6389.7,5531.83,170.674,3154.97,,19192.592,7677.036,92.484,19.837,80.597,80.597,1.827,9167.973,9169.8,154050.507,0.758,19,2090,854.1,92.948,1356.569,438.242,1161.767,322.227,1483.995,18.409,9162.27,1.33,9163.599,154208.262,200,264.911,309.841,16.611,0.003,6.285,3.545,6558.13,350,0.933,3859.2,14.1,1543.7,0,0,17.283,28.125,20.382,150.6,Burdekin,AyrDPI,Mulg,1958,Furrow,BareFallow,35,Surf1,200,110,LowFreq,0,P2R,15AprV1R4,T4,2944.1,2528.242,1449.517,1771.744,22.899,6.288,6.75069870684847,0.115009821461663,6.71944881889764,0.85337,31.55,999
1979,14/09/1979,257,1978,15-Apr,4,sugar,alive,2,396,1976,14/8/1978,105,0,0,318,1979,21,2039,6677.22,6014.27,5146.22,159.056,2898.76,,16993.888,6797.555,70.557,19.517,91.187,91.187,1.33,9162.27,9163.599,154208.262,0.757,19,2090,1578.5,429.69,1837.255,664.751,1097.376,322.349,1419.725,23.792,9161.896,1.233,9163.129,154591.756,200,239.581,304.673,38.176,0.01,6.278,7.472,6530.208,350,0.921,3631.1,13.3,1452.4,0,0,17.891,28.175,19.058,350.7,Burdekin,AyrDPI,Mulg,1958,Furrow,BareFallow,35,Surf1,200,110,LowFreq,0,P2R,15AprV1R4,T4,3668.5,2754.751,2266.945,2589.294,44.464,6.288,5.77387938147586,0.112032964130377,6.26204724409449,0.79528,28.988,999
1980,13/10/1980,287,1979,15-Apr,4,sugar,alive,3,395,1976,14/9/1979,105,0,0,318,1980,21,2039,7367.52,6593.06,5731.47,176.578,3321.31,,16099.867,6439.947,66.239,20.235,73.017,73.017,1.233,9161.896,9163.129,154591.756,0.753,20,2200,777.5,180.251,1291.581,437.047,1211.485,308.801,1520.286,11.202,9150.609,1.201,9151.81,154727.984,200,263.86,315.806,25.7,0.005,7.952,5.099,6901.895,350,0.959,4560.6,16.7,1824.2,0,0,18.422,28.882,20.834,86.4,Burdekin,AyrDPI,Mulg,1958,Furrow,BareFallow,35,Surf1,200,110,LowFreq,0,P2R,15AprV1R4,T4,2977.5,2637.047,1471.832,1780.633,33.657,7.957,6.69605054441578,0.116147882701018,6.66332075471698,0.88289,33.213,999
1981,13/11/1981,317,1980,15-Apr,4,sugar,alive,4,396,1976,13/10/1980,105,0,0,318,1981,21,2039,7074.74,6340.17,5419.87,167.405,3135.64,,17782.924,7113.17,76.122,20.139,58.4,58.4,1.201,9150.609,9151.81,154727.984,0.748,19,2090,1127,353.025,1383.941,559.728,1166.447,300.922,1467.369,10.376,9149.806,1.566,9151.372,154578.977,200,250.503,314.301,30.375,0.058,7.686,5.785,7323.622,350,0.925,3692,13.5,1476.8,0,0,18.071,28.636,19.295,104.8,Burdekin,AyrDPI,Mulg,1958,Furrow,BareFallow,35,Surf1,200,110,LowFreq,0,P2R,15AprV1R4,T4,3217,2649.728,1736.966,2037.888,38.119,7.744,6.31781828172552,0.114085141501558,6.59074803149606,0.837025,31.356,999
1982,15/04/1982,105,0,15-Apr,4,none,out,-1,0,1976,0.000,105,0,0,318,-1,21,2039,0,0,0,0,0,,17204.566,6881.827,73.968,0,71.066,71.066,1.566,9149.806,9151.372,154578.977,0.744,0,0,547.1,39.879,178.782,359.46,0,245.353,245.353,6.423,9235.092,21.33,9256.422,156471.986,0,0,26.71,1.236,0.006,0.812,0.137,4812.024,350,0,0.5,0,0.2,0,0,22.919,32.09,21.333,47.4,Burdekin,AyrDPI,Mulg,1958,Furrow,BareFallow,35,Surf1,200,110,LowFreq,0,P2R,15AprV1R4,T4,547.1,359.46,218.661,464.014,2.054,0.818,0,0,0,,0,999
1983,15/07/1983,196,1982,15-Apr,5,sugar,alive,0,456,1982,15/4/1982,105,0,0,318,1983,21,2039,8099.17,7220.57,6314.06,194.645,3450.88,,0,0,0,18.907,154.153,154.153,21.33,9235.092,9256.422,156471.986,0.744,22,2420,663.4,134.043,1340.748,407.291,1305.329,362.944,1668.273,23.716,9094.24,1.629,9095.869,152323.034,200,350.645,382.822,32.417,0.008,16.805,6.856,7521.271,350,0.974,5201.3,19.1,2080.5,0,0,17.149,28.361,19.179,95.4,Burdekin,AyrDPI,Mulg,1958,Furrow,BareFallow,35,Surf1,200,110,LowFreq,0,P2R,15AprV1R4,T4,3083.4,2827.291,1474.791,1837.735,49.23,16.813,6.8845053445153,0.116674549069607,6.78205574912892,0.973225,34.509,999
1984,14/08/1984,227,1983,15-Apr,5,sugar,alive,1,396,1982,15/7/1983,105,0,0,318,1984,21,2039,7022.68,6293.27,5328.12,164.195,2979.13,,19594.458,7837.783,97.094,19.417,94.489,94.489,1.629,9094.24,9095.869,152323.034,0.73,21,2310,563.8,92.877,1284.49,425.321,1191.655,305.934,1497.589,14.42,9092.136,1.406,9093.542,150902.24,200,260.244,307.996,18.007,0.008,6.469,3.792,8161.519,350,0.924,3676.3,13.5,1470.5,0,0,17.537,28.492,19.07,75.6,Burdekin,AyrDPI,Mulg,1958,Furrow,BareFallow,35,Surf1,200,110,LowFreq,0,P2R,15AprV1R4,T4,2873.8,2735.321,1377.367,1683.301,24.484,6.477,6.00276896203407,0.109639560653824,5.94909420289855,0.820975,29.791,999
1985,14/09/1985,257,1984,15-Apr,5,sugar,alive,2,396,1982,14/8/1984,105,0,0,318,1985,21,2039,6744.51,6027.08,5216.56,160.389,2868.52,,17528.601,7011.44,74.922,19.098,93.333,93.333,1.406,9092.136,9093.542,150902.24,0.73,18,1980,817.5,159.202,1184.024,588.681,1156.015,329.983,1485.998,9.395,9087.246,1.12,9088.366,149468.297,200,256.951,308.943,25.94,0.012,6.536,5.283,8351.682,350,0.95,4283.8,15.7,1713.5,0,0,17.387,28.523,19.502,111.4,Burdekin,AyrDPI,Mulg,1958,Furrow,BareFallow,35,Surf1,200,110,LowFreq,0,P2R,15AprV1R4,T4,2797.5,2568.681,1343.226,1673.209,32.488,6.548,6.24402173722623,0.107933523463692,6.60037037037037,0.801945,28.685,999
1986,14/10/1986,287,1985,15-Apr,5,sugar,alive,3,395,1982,14/9/1985,105,0,0,318,1986,21,2039,6896.55,6184.01,5258.25,161.982,2949.69,,16628.763,6651.507,73.612,19.498,61.609,61.609,1.12,9087.246,9088.366,149468.297,0.727,20,2200,802.8,128.072,1319.716,540.264,1204.656,320.599,1525.256,11.024,9051.842,2.567,9054.409,147484.401,200,271.132,345.147,39.101,0.014,9.7,7.643,8926.415,350,0.931,3822.1,14,1528.9,0,0,18.476,29.285,18.879,117.8,Burdekin,AyrDPI,Mulg,1958,Furrow,BareFallow,35,Surf1,200,110,LowFreq,0,P2R,15AprV1R4,T4,3002.8,2740.264,1447.788,1768.387,48.815,9.714,5.91118228024745,0.106199877266505,6.11252830188679,0.80991,29.497,999
1987,14/11/1987,318,1986,15-Apr,5,sugar,alive,4,396,1982,14/10/1986,105,0,0,318,1987,21,2039,7064.28,6274.77,5417.7,166.021,3074.32,,17174.383,6869.754,72.671,19.877,91.367,91.367,2.567,9051.842,9054.409,147484.401,0.722,22,2420,371,92.919,1096.048,305.68,1298.826,323.249,1622.075,8.229,8997.303,2.241,8999.545,146894.881,200,302.373,360.773,29.966,0.018,11.053,6.032,7719.654,350,0.955,4441.8,16.3,1776.7,0,0,18.663,29.934,20.137,44,Burdekin,AyrDPI,Mulg,1958,Furrow,BareFallow,35,Surf1,200,110,LowFreq,0,P2R,15AprV1R4,T4,2791,2725.68,1188.967,1512.216,41.037,11.071,6.09099380704998,0.102351001032628,5.78470383275261,0.830105,30.743,999
1988,14/04/1988,105,0,15-Apr,5,none,out,-1,0,1982,0.000,105,0,0,318,-1,21,2039,0,0,0,0,0,,17771.442,7108.576,83.89,0,71.325,71.325,2.241,8997.303,8999.545,146894.881,0.716,0,0,798.4,13.831,507.072,287.966,0,199.798,199.798,23.628,9097.474,17.356,9114.83,149003.027,0,0,24.275,0.657,0.006,1.503,0.085,4565.784,350,0,0.6,0,0.3,0,0,22.049,31.616,21.499,254,Burdekin,AyrDPI,Mulg,1958,Furrow,BareFallow,35,Surf1,200,110,LowFreq,0,P2R,15AprV1R4,T4,798.4,287.966,520.903,720.701,2.166,1.509,0,0,0,,0,999
1989,14/07/1989,195,1988,15-Apr,6,sugar,alive,0,456,1988,14/4/1988,105,0,0,318,1989,21,2039,8124.02,7264.72,6322.33,195.227,3546.84,,0,0,0,19.446,149.024,149.024,17.356,9097.474,9114.83,149003.027,0.718,18,1980,1506.2,176.696,1624.71,870.615,1330.505,376.634,1707.139,26.039,8928.934,1.739,8930.673,145750.541,200,372.618,409.052,27.646,0.025,22.914,5.983,6607.988,350,0.97,5029.4,18.4,2011.7,0,0,17.981,28.521,18.221,134.8,Burdekin,AyrDPI,Mulg,1958,Furrow,BareFallow,35,Surf1,200,110,LowFreq,0,P2R,15AprV1R4,T4,3486.2,2850.615,1801.406,2178.04,50.585,22.939,6.8485923213061,0.114359170518628,8.0340329218107,0.976135,35.468,999
1990,14/08/1990,226,1989,15-Apr,6,sugar,alive,1,396,1988,14/7/1989,105,0,0,318,1990,21,2039,6391.26,5641.6,4862.71,148.367,2668.13,,19589.326,7835.73,91.852,19.22,126.68,126.68,1.739,8928.934,8930.673,145750.541,0.706,17,1870,1294.8,354.94,1470.475,536.701,1087.888,310.986,1398.875,11.062,8935.062,1.018,8936.081,146047.234,200,244.805,291.436,16.037,0.029,13.808,3.433,6168.985,350.585,0.95,4280.9,15.7,1712.3,0,0,17.212,28.363,19.579,103,Burdekin,AyrDPI,Mulg,1958,Furrow,BareFallow,35,Surf1,200,110,LowFreq,0,P2R,15AprV1R4,T4,3164.8,2406.701,1825.415,2136.401,29.874,13.837,6.16474584919356,0.10606165668841,6.39512931034483,0.741835,26.681,999
1991,14/09/1991,257,1990,15-Apr,6,sugar,alive,2,396,1988,14/8/1990,105,0,0,318,1991,21,2039,6923.06,6207.75,5345.24,164.652,3072.36,,16631.419,6652.568,74.913,20.051,67.19,67.19,1.018,8935.062,8936.081,146047.234,0.707,19,2090,1680.4,430.557,1854.86,395.057,1203.285,278.109,1481.394,29.226,8941.643,1.184,8942.828,146270.201,200,250.115,298.554,19.843,0.027,7.265,4.082,6625.192,352.253,0.936,3923.8,14.4,1569.5,0,0,16.979,28.601,19.393,204.4,Burdekin,AyrDPI,Mulg,1958,Furrow,BareFallow,35,Surf1,200,110,LowFreq,0,P2R,15AprV1R4,T4,3770.4,2485.057,2285.417,2563.526,27.135,7.292,6.62568303262259,0.111146663210463,6.48236220472441,0.82326,30.724,999
1992,13/10/1992,287,1991,15-Apr,6,sugar,alive,3,395,1988,14/9/1991,105,0,0,318,1992,21,2039,7930.85,7116.43,6234.29,192.583,3863.23,,16746.772,6698.708,69.717,21.774,70.779,70.779,1.184,8941.643,8942.828,146270.201,0.705,22,2420,654.1,151.634,1231.949,385.722,1383.98,300.36,1684.34,10.231,8932.649,1.272,8933.922,146350.68,200,268.157,320.544,22.734,0.025,7.451,4.544,7289.513,353.951,0.957,4506.6,16.5,1802.6,0,0,18.241,29.523,20.826,122.8,Burdekin,AyrDPI,Mulg,1958,Furrow,BareFallow,35,Surf1,200,110,LowFreq,0,P2R,15AprV1R4,T4,3074.1,2805.722,1383.583,1683.943,30.21,7.476,6.86393733947982,0.114337366564945,6.71020905923345,0.962915,38.632,999
1993,13/11/1993,317,1992,15-Apr,6,sugar,alive,4,396,1988,13/10/1992,105,0,0,318,1993,21,2039,7640.06,6814.37,5998.57,185.236,3794.56,,18251.319,7300.527,73.458,22.297,76.956,76.956,1.272,8932.649,8933.922,146350.68,0.701,22,2420,548.9,178.394,1195.992,370.504,1291.408,308.417,1599.825,8.781,8932.121,1.474,8933.596,146509.184,200,255.764,319.547,30.467,0.05,6.65,5.868,7520.233,355.686,0.939,3990.2,14.6,1596.1,0,0,18.204,29.109,20.548,72,Burdekin,AyrDPI,Mulg,1958,Furrow,BareFallow,35,Surf1,200,110,LowFreq,0,P2R,15AprV1R4,T4,2968.9,2790.504,1374.386,1682.803,37.167,6.7,6.63808401636407,0.115785164002313,6.45421602787456,0.92618,37.946,999
1994,15/04/1994,105,0,15-Apr,6,none,out,-1,0,1988,0.000,105,0,0,318,-1,21,2039,0,0,0,0,0,,17344.33,6937.732,70.07,0,71.645,71.645,1.474,8932.121,8933.596,146509.184,0.698,0,0,309.7,0.018,75.591,234.107,0,206.493,206.493,3.574,9035.259,7.592,9042.85,149941.991,0,0,9.57,0.096,0,0.098,0.023,3664.581,356.371,0,0.7,0,0.3,0,0,21.943,31.765,22.341,46.8,Burdekin,AyrDPI,Mulg,1958,Furrow,BareFallow,35,Surf1,200,110,LowFreq,0,P2R,15AprV1R4,T4,309.7,234.107,75.609,282.102,0.194,0.098,0,0,0,,0,999
1995,15/07/1995,196,1994,15-Apr,7,sugar,alive,0,456,1994,15/4/1994,105,0,0,318,1995,21,2039,8390.71,7470.1,6592.65,203.468,3893.05,,0,0,0,20.634,99.244,99.244,7.592,9035.259,9042.85,149941.991,0.7,22,2420,419.6,33.21,1142.369,295.182,1339.129,359.217,1698.346,21.612,8897.684,2.126,8899.81,145455.23,200,359.115,389.123,14.738,0.006,10.903,3.415,8087.971,358.43,0.968,4906.1,18,1962.5,0,0,17.873,28.981,19.784,55.2,Burdekin,AyrDPI,Mulg,1958,Furrow,BareFallow,35,Surf1,200,110,LowFreq,0,P2R,15AprV1R4,T4,2839.6,2715.182,1175.579,1534.796,25.647,10.909,7.49371497011987,0.119803620699198,7.08947735191638,1.01734,38.931,999
1996,14/08/1996,227,1995,15-Apr,7,sugar,alive,1,396,1994,15/7/1995,105,0,0,318,1996,21,2039,7090.69,6282.22,5493.08,168.569,3297.74,,19453.722,7781.489,87.736,21.163,64.921,64.921,2.126,8897.684,8899.81,145455.23,0.691,20,2200,632.9,30.866,1283.954,363.429,1170.461,350.154,1520.615,18.996,8879.156,1.199,8880.355,145024.312,200,272.082,327.635,23.673,0.024,6.114,4.956,7239.787,360.246,0.948,4230.5,15.5,1692.2,0,0,18.911,29.224,19.946,107,Burdekin,AyrDPI,Mulg,1958,Furrow,BareFallow,35,Surf1,200,110,LowFreq,0,P2R,15AprV1R4,T4,2832.9,2563.429,1314.82,1664.974,29.811,6.138,6.57591842801185,0.110855805052561,6.36109433962264,0.842845,32.977,999
1997,14/09/1997,257,1996,15-Apr,7,sugar,alive,2,396,1994,14/8/1996,105,0,0,318,1997,21,2039,7894.87,7110.84,6224.55,192.606,3705.58,,17175.597,6870.239,70.288,20.764,62.387,62.387,1.199,8879.156,8880.355,145024.312,0.691,20,2200,964.3,324.504,1328.961,448.375,1183.642,304.357,1487.999,9.742,8892.029,1.251,8893.28,145200.604,200,251.892,298.494,17.918,0.052,6.656,3.708,7194.21,362.101,0.958,4543.6,16.7,1817.4,0,0,18.946,28.468,20.444,116.8,Burdekin,AyrDPI,Mulg,1958,Furrow,BareFallow,35,Surf1,200,110,LowFreq,0,P2R,15AprV1R4,T4,3164.3,2648.375,1653.465,1957.822,24.626,6.708,7.27261056308114,0.129439603118013,7.26815094339623,0.96303,37.056,999
1998,14/10/1998,287,1997,15-Apr,7,sugar,alive,3,395,1994,14/9/1997,105,0,0,318,1998,21,2039,7721.33,6870.49,6064.84,186.446,3709.63,,18059.708,7223.882,70.987,21.573,85.223,85.223,1.251,8892.029,8893.28,145200.604,0.689,19,2090,959.5,167.186,1478.84,493.918,1125.971,284.217,1410.188,14.417,8892.54,1.442,8893.982,144979.291,200,265.052,317.802,18.297,0.046,8.384,3.692,7978.652,363.989,0.96,4582.7,16.8,1833.1,0,0,20.543,28.902,19.59,189.6,Burdekin,AyrDPI,Mulg,1958,Furrow,BareFallow,35,Surf1,200,110,LowFreq,0,P2R,15AprV1R4,T4,3049.5,2583.918,1646.026,1930.243,26.727,8.43,7.21563145579697,0.132213577196799,7.3403937007874,0.93223,37.096,999
1999,14/11/1999,318,1998,15-Apr,7,sugar,alive,4,396,1994,14/10/1998,105,0,0,318,1999,21,2039,7672.48,6883.81,6085.45,188.965,3784.23,,17975.556,7190.222,69.048,21.732,78.51,78.51,1.442,8892.54,8893.982,144979.291,0.686,19,2090,1137.3,211.692,1477.985,658.703,1170.509,355.964,1526.474,15.915,8884.403,1.923,8886.327,144599.49,200,242.468,319.01,46.453,0.107,10.338,8.87,7948.635,365.913,0.925,3705.1,13.6,1482.1,0,0,19.787,28.829,19.555,112,Burdekin,AyrDPI,Mulg,1958,Furrow,BareFallow,35,Surf1,200,110,LowFreq,0,P2R,15AprV1R4,T4,3227.3,2748.703,1689.677,2045.641,56.898,10.445,6.87469690250275,0.123791823509605,7.43956692913386,0.944825,37.842,999
2000,14/04/2000,105,0,15-Apr,7,none,out,-1,0,1994,0.000,105,0,0,318,-1,21,2039,0,0,0,0,0,,16639.082,6655.633,64.866,0,89.659,89.659,1.923,8884.403,8886.327,144599.49,0.683,0,0,1336.8,104.096,860.793,451.805,0,278.48,278.48,40.857,8985.198,6.694,8991.891,147611.387,0,0,15.276,1.03,0.099,1.778,0.076,4046.21,366.661,0,0.5,0,0.2,0,0,22.776,30.122,20.568,136,Burdekin,AyrDPI,Mulg,1958,Furrow,BareFallow,35,Surf1,200,110,LowFreq,0,P2R,15AprV1R4,T4,1336.8,451.805,964.889,1243.369,2.907,1.877,0,0,0,,0,999
2001,14/07/2001,195,2000,15-Apr,8,sugar,alive,0,456,2000,14/4/2000,105,0,0,318,2001,21,2039,8650.59,7650,6825.19,209.963,3935.19,,0,0,0,20.153,183.09,183.09,6.694,8985.198,8991.891,147611.387,0.685,21,2310,673.5,73.575,1327.624,483.014,1352.216,359.745,1711.96,27.518,8845.766,1.893,8847.659,142783.569,200,353.623,388.449,18.163,0.093,14.784,4.078,8471.198,368.939,0.979,5522.7,20.2,2209.1,0,0,17.62,28.396,18.917,52,Burdekin,AyrDPI,Mulg,1958,Furrow,BareFallow,35,Surf1,200,110,LowFreq,0,P2R,15AprV1R4,T4,2983.5,2793.014,1401.199,1760.944,33.04,14.877,7.51743457068242,0.122644804785159,7.60735507246377,1.049815,39.352,999
2002,14/08/2002,226,2001,15-Apr,8,sugar,alive,1,396,2000,14/7/2001,105,0,0,318,2002,21,2039,7188.77,6406.78,5548.29,170.426,3532.2,,20210.2,8084.081,89.798,22.593,53.434,53.434,1.893,8845.766,8847.659,142783.569,0.676,20,2200,787.8,9.798,1339.803,319.392,1303.893,322.364,1626.257,10.299,8831.821,1.307,8833.128,141684.146,200,279.576,324.66,14.471,0.004,4.736,3.199,8182.019,370.95,0.941,4040.3,14.8,1616.1,0,0,18.013,30.094,20.88,206,Burdekin,AyrDPI,Mulg,1958,Furrow,BareFallow,35,Surf1,200,110,LowFreq,0,P2R,15AprV1R4,T4,2987.8,2519.392,1349.601,1671.965,19.211,4.74,6.76456859432752,0.104796474357989,6.43116981132075,0.85213,35.322,999
2003,14/09/2003,257,2002,15-Apr,8,sugar,alive,2,396,2000,14/8/2002,105,0,0,318,2003,21,2039,7592.2,6781.83,5937.28,182.816,3617.73,,17378.302,6951.321,71.308,21.44,65.377,65.377,1.307,8831.821,8833.128,141684.146,0.678,21,2310,472.6,176.392,936.944,299.812,1364.371,296.951,1661.322,5.393,8832.076,1.217,8833.293,140914.108,200,263.208,313.841,20.776,0.083,5.935,4.328,8209.897,372.997,0.951,4298.3,15.8,1719.3,0,0,17.961,29.61,20.889,51,Burdekin,AyrDPI,Mulg,1958,Furrow,BareFallow,35,Surf1,200,110,LowFreq,0,P2R,15AprV1R4,T4,2782.6,2609.812,1113.336,1410.287,26.794,6.018,7.00494901548464,0.110042484238456,6.62376811594203,0.91408,36.177,999
2004,13/10/2004,287,2003,15-Apr,8,sugar,alive,3,395,2000,14/9/2003,105,0,0,318,2004,21,2039,7676.94,6892,6064.98,187.289,3690.23,,17720.382,7088.154,70.793,21.335,73.32,73.32,1.217,8832.076,8833.293,140914.108,0.676,20,2200,740.2,96.827,1207.339,378.79,1355.52,297.504,1653.024,13.53,8822.236,1.234,8823.47,139920.935,200,273.666,326.066,20.866,0.059,7.552,4.26,8616.052,375.073,0.961,4622.3,16.9,1848.9,0,0,18.289,29.817,20.803,173.2,Burdekin,AyrDPI,Mulg,1958,Furrow,BareFallow,35,Surf1,200,110,LowFreq,0,P2R,15AprV1R4,T4,2940.2,2578.79,1304.166,1601.67,28.477,7.611,7.2626697016818,0.113300835317576,7.06750943396227,0.936445,36.902,999
2005,13/11/2005,317,2004,15-Apr,8,sugar,alive,4,396,2000,13/10/2004,105,0,0,318,2005,21,2039,7656.91,6841.77,5973.41,184.333,3705.23,,17630.621,7052.248,73.605,21.824,56.329,56.329,1.234,8822.236,8823.47,139920.935,0.673,22,2420,746.3,103.782,1415.169,341.231,1326.29,306.145,1632.436,11.03,8809.562,1.645,8811.207,138564.639,200,276.175,332.431,23.018,0.056,6.819,4.571,9005.164,377.19,0.944,4110.9,15.1,1644.4,0,0,18.873,29.912,20.558,143.4,Burdekin,AyrDPI,Mulg,1958,Furrow,BareFallow,35,Surf1,200,110,LowFreq,0,P2R,15AprV1R4,T4,3166.3,2761.231,1518.951,1825.096,29.893,6.875,6.67575440084513,0.112918975077737,6.42275261324042,0.921665,37.052,999
2006,15/04/2006,105,0,15-Apr,8,none,out,-1,0,2000,0.000,105,0,0,318,-1,21,2039,0,0,0,0,0,,17804.008,7121.602,73.454,0,71.243,71.243,1.645,8809.562,8811.207,138564.639,0.67,0,0,756,0.639,445.5,310.253,0,201.399,201.399,20.816,8921.491,4.239,8925.73,141388.546,0,0,7.889,0.427,0.002,0.472,0.035,4308.246,378.025,0.001,0.8,0,0.3,0,0,23.05,32.354,21.641,178.4,Burdekin,AyrDPI,Mulg,1958,Furrow,BareFallow,35,Surf1,200,110,LowFreq,0,P2R,15AprV1R4,T4,756,310.253,446.139,647.538,0.901,0.474,0,0,0,,0,999
2007,15/07/2007,196,2006,15-Apr,9,sugar,alive,0,456,2006,15/4/2006,105,0,0,318,2007,21,2039,8520.83,7710.9,6690.26,208.222,3985.18,,0,0,0,20.641,179.707,179.707,4.239,8921.491,8925.73,141388.546,0.672,22,2420,1059.4,213.081,1564.86,578.061,1361.834,379.987,1741.821,26.661,8780.237,1.748,8781.984,135122.177,200,348.39,388.287,19.074,0.235,16.594,4.09,9761.473,380.529,0.96,4600.4,16.9,1840.2,0,0,17.476,28.166,18.606,130.2,Burdekin,AyrDPI,Mulg,1958,Furrow,BareFallow,35,Surf1,200,110,LowFreq,0,P2R,15AprV1R4,T4,3479.4,2998.061,1777.941,2157.928,35.903,16.829,6.94522226198867,0.119542708464303,7.25512195121951,1.04111,39.852,999
2008,14/08/2008,227,2007,15-Apr,9,sugar,alive,1,396,2006,15/7/2007,105,0,0,318,2008,21,2039,7428.76,6696.19,5748.6,177.93,3352.21,,19470.134,7788.054,85.475,20.273,139.345,139.345,1.748,8780.237,8781.984,135122.177,0.666,19,2090,1333.5,270.188,1642.739,611.122,1239.626,316.137,1555.763,21.34,8769.316,1.329,8770.645,133214.096,200,273.222,317.295,13.591,0.227,7.912,2.967,8919.786,382.731,0.93,3794.8,13.9,1517.9,0,0,17.627,28.579,19.221,108.2,Burdekin,AyrDPI,Mulg,1958,Furrow,BareFallow,35,Surf1,200,110,LowFreq,0,P2R,15AprV1R4,T4,3423.5,2701.122,1912.927,2229.064,21.73,8.139,6.58726262641969,0.114368319596237,7.00511811023622,0.88965,33.522,999
2009,14/09/2009,257,2008,15-Apr,9,sugar,alive,2,396,2006,14/8/2008,105,0,0,318,2009,21,2039,6854.59,6121.84,5292.77,162.733,2938.19,,17506.954,7002.782,72.427,19.308,94.155,94.155,1.329,8769.316,8770.645,133214.096,0.667,17,1870,1792.3,416.136,1813.294,538.907,1174.293,292.799,1467.093,25.615,8753.339,1.827,8755.166,131502.01,200,274.213,326.206,20.739,0.272,7.228,4.198,8897.055,384.976,0.941,4052.7,14.9,1621.1,0,0,18.267,29.263,18.871,197.2,Burdekin,AyrDPI,Mulg,1958,Furrow,BareFallow,35,Surf1,200,110,LowFreq,0,P2R,15AprV1R4,T4,3662.3,2408.907,2229.43,2522.229,28.239,7.5,6.7554704270443,0.110922075151337,7.01435344827586,0.813665,29.382,999
2010,14/10/2010,287,2009,15-Apr,9,sugar,alive,3,395,2006,14/9/2009,105,0,0,318,2010,21,2039,7873.14,7068.56,6059.52,186.927,3300.85,,16720.296,6688.119,72.213,18.82,59.932,59.932,1.827,8753.339,8755.166,131502.01,0.666,20,2200,1233.5,296.151,1514.114,570.548,1285.254,282.027,1567.28,17.964,8714.569,2.019,8716.588,130645.113,200,299.279,355.261,23.819,1.066,7.243,4.775,8369.819,387.257,0.943,4087.9,15,1635.2,0,0,19.228,29.317,18.617,135.2,Burdekin,AyrDPI,Mulg,1958,Furrow,BareFallow,35,Surf1,200,110,LowFreq,0,P2R,15AprV1R4,T4,3433.5,2770.548,1810.265,2092.292,32.128,8.309,6.74693237583323,0.119268414067684,7.05384905660377,0.934635,33.008,999
2011,14/11/2011,318,2010,15-Apr,9,sugar,alive,4,396,2006,14/10/2010,105,0,0,318,2011,21,2039,7065.94,6377.09,5569.52,173.863,3549.37,,18890.479,7556.191,77.329,22.21,115.886,115.886,2.019,8714.569,8716.588,130645.113,0.664,18,1980,1310.7,333.81,1469.469,685.558,1163.961,361.819,1525.781,15.21,8697.557,1.839,8699.397,130311.613,200,233.66,329.993,58.393,1.718,13.821,10.895,7639.162,389.574,0.874,2956.9,10.8,1182.8,0,0,17.965,28.621,18.554,81.4,Burdekin,AyrDPI,Mulg,1958,Furrow,BareFallow,35,Surf1,200,110,LowFreq,0,P2R,15AprV1R4,T4,3290.7,2665.558,1803.279,2165.098,73.932,15.539,6.5225742602487,0.113950167160294,7.15485596707819,0.869315,35.494,999
2012,14/04/2012,105,0,15-Apr,9,none,out,-1,0,2006,0.000,105,0,0,318,-1,21,2039,0,0,0,0,0,,15232.99,6093.196,63.679,0,77.527,77.527,1.839,8697.557,8699.397,130311.613,0.661,0,0,941.8,81.272,487.67,433.28,0,269.455,269.455,23.321,8799.474,6.401,8805.875,132960.309,0,0,11.568,0.72,0.163,0.703,0.053,4008.032,390.476,0,0.4,0,0.2,0,0,22.449,31.533,20.42,197.4,Burdekin,AyrDPI,Mulg,1958,Furrow,BareFallow,35,Surf1,200,110,LowFreq,0,P2R,15AprV1R4,T4,941.8,433.28,568.942,838.397,1.586,0.866,0,0,0,,0,999
2013,14/07/2013,195,2012,15-Apr,10,sugar,alive,0,456,2012,14/4/2012,105,0,0,318,2013,21,2039,8524.01,7672.56,6648.84,206.446,3803.6,,0,0,0,19.762,180.931,180.931,6.401,8799.474,8805.875,132960.309,0.663,23,2530,732,103.937,1525.887,447.851,1338.097,394.734,1732.831,28.238,8631.066,2.14,8633.205,128974.843,200,373.512,416.116,23.213,2.61,13.524,4.986,7433.583,393.212,0.964,4764.9,17.5,1906,0,0,17.447,28.351,18.992,178.6,Burdekin,AyrDPI,Mulg,1958,Furrow,BareFallow,35,Surf1,200,110,LowFreq,0,P2R,15AprV1R4,T4,3262,2977.851,1629.824,2024.558,39.347,16.134,6.93271758728022,0.119137988644017,6.92771812080537,1.03223,38.036,999
2014,14/08/2014,226,2013,15-Apr,10,sugar,alive,1,396,2012,14/7/2013,105,0,0,318,2014,21,2039,7213.61,6429.97,5539.9,170.125,3228.02,,19989.127,7995.651,90.383,20.438,80.276,80.276,2.14,8631.066,8633.205,128974.843,0.655,20,2200,683.8,137.112,1279.539,415.351,1182.46,294.85,1477.31,11.526,8632.005,1.074,8633.079,129230.43,200,264.755,307.916,15.261,0.236,4.821,3.281,6748.611,395.623,0.949,4256.6,15.6,1702.6,0,0,18.053,29.107,19.596,86.2,Burdekin,AyrDPI,Mulg,1958,Furrow,BareFallow,35,Surf1,200,110,LowFreq,0,P2R,15AprV1R4,T4,2883.8,2615.351,1416.651,1711.501,20.318,5.057,6.50486301838644,0.115158632920646,6.41981132075472,0.850625,32.28,999
2015,14/09/2015,257,2014,15-Apr,10,sugar,alive,2,396,2012,14/8/2014,105,0,0,318,2015,21,2039,7263.63,6480.46,5675.19,174.432,3496.39,,17844.635,7137.855,74.263,21.755,70.116,70.116,1.074,8632.005,8633.079,129230.43,0.658,21,2310,418.6,126.174,983.664,261.375,1317.474,300.276,1617.749,7.137,8633.139,1.22,8634.359,129261.909,200,262.963,314.168,18.49,0.042,6.937,3.827,7403.329,398.072,0.948,4214.6,15.4,1685.8,0,0,18.088,29.909,20.707,83.4,Burdekin,AyrDPI,Mulg,1958,Furrow,BareFallow,35,Surf1,200,110,LowFreq,0,P2R,15AprV1R4,T4,2728.6,2571.375,1109.838,1410.114,25.469,6.979,6.78360799183316,0.107823896043206,6.32,0.87216,34.964,999
2016,13/10/2016,287,2015,15-Apr,10,sugar,alive,3,395,2012,14/9/2015,105,0,0,318,2016,21,2039,7411.09,6593.74,5767.16,176.959,3302.11,,17084.083,6833.632,68.02,20.052,71.129,71.129,1.22,8633.139,8634.359,129261.909,0.657,21,2310,554.6,147.535,1123.058,415.817,1291.351,295.765,1587.116,8.251,8627.856,1.49,8629.346,129211.355,200,267.75,323.611,22.072,0.049,7.045,4.446,7647.726,400.552,0.949,4263.5,15.6,1705.4,0,0,19.408,30.07,19.21,43.6,Burdekin,AyrDPI,Mulg,1958,Furrow,BareFallow,35,Surf1,200,110,LowFreq,0,P2R,15AprV1R4,T4,2864.6,2725.817,1270.593,1566.358,29.166,7.094,6.49196185950854,0.111497206253355,6.41155797101449,0.884795,33.021,999
2017,13/11/2017,317,2016,15-Apr,10,sugar,alive,4,396,2012,13/10/2016,105,0,0,318,2017,21,2039,7577.49,6759.35,5797.34,178.288,3332.7,,17597.413,7038.966,70.58,20.092,78.019,78.019,1.49,8627.856,8629.346,129211.355,0.655,19,2090,933.4,120.453,1272.554,562.356,1333.324,283.38,1616.704,10.848,8617.702,1.685,8619.387,129012.951,200,267.861,326.425,27.092,0.075,7.255,5.374,7778.761,403.076,0.943,4104,15,1641.6,0,0,18.877,30.034,18.44,107.8,Burdekin,AyrDPI,Mulg,1958,Furrow,BareFallow,35,Surf1,200,110,LowFreq,0,P2R,15AprV1R4,T4,3023.4,2652.356,1393.007,1676.387,34.422,7.33,6.72187293108467,0.110278690471478,7.0192125984252,0.89144,33.327,999
2018,16/04/2018,106,0,15-Apr,10,none,out,-1,0,2012,0.000,106,1,0,319,-1,21,2039,0,0,0,0,0,,18619.65,7447.86,76.765,0,91.709,91.709,1.685,8617.702,8619.387,129012.951,0.652,0,0,590.8,22.636,296.134,286.615,0,204.33,204.33,13.881,8727.192,4.46,8731.652,132487.675,0,0,6.128,0.243,0.028,0.209,0.022,3654.71,404.077,0.001,0.8,0,0.3,0,0,22.086,31.595,18.671,130.4,Burdekin,AyrDPI,Mulg,1958,Furrow,BareFallow,35,Surf1,200,110,LowFreq,0,P2R,15AprV1R4,T4,590.8,286.615,318.77,523.1,0.48,0.237,0,0,0,,0,999
2019,16/07/2019,197,2018,15-Apr,11,sugar,alive,0,456,2018,16/4/2018,106,1,0,319,2019,20,2039,7403.67,6603.76,5755.82,176.945,3069.82,,0,0,0,18.439,159.41,159.41,4.46,8727.192,8731.652,132487.675,0.654,20,2200,1216.9,305.744,1627.227,488.686,1230.345,321.526,1551.871,24.134,8576.804,2.285,8579.089,128084.194,200,361.844,397.297,15.97,0.22,14.03,3.623,7833.383,407.053,0.962,4659.2,17.1,1863.7,0,0,17.883,29.192,16.746,92.8,Burdekin,AyrDPI,Mulg,1958,Furrow,BareFallow,35,Surf1,200,110,LowFreq,0,P2R,15AprV1R4,T4,3416.9,2688.686,1932.971,2254.497,30.22,14.25,6.58109574714191,0.114020430821892,6.67716981132076,0.884725,30.698,999
2020,15/08/2020,228,2019,15-Apr,11,sugar,alive,1,396,2018,16/7/2019,106,1,0,319,2020,20,2039,7003.95,6222.12,5334.35,163.371,2914.45,,17966.987,7186.794,91.116,19.043,91.469,91.469,2.285,8576.804,8579.089,128084.194,0.649,19,2090,1063.1,120.62,1526.497,456.776,1216.815,296.855,1513.67,16.544,8560.573,1.21,8561.784,128063.623,200,271.425,317.574,18.404,0.236,9.089,3.918,6565.389,409.668,0.937,3949.5,14.5,1579.8,0,0,17.914,29.554,18.515,327.8,Burdekin,AyrDPI,Mulg,1958,Furrow,BareFallow,35,Surf1,200,110,LowFreq,0,P2R,15AprV1R4,T4,3153.1,2546.776,1647.117,1943.972,27.729,9.325,6.41481622254961,0.107930394339585,6.43192913385827,0.816855,29.144,999
2021,15/09/2021,258,2020,15-Apr,11,sugar,alive,2,396,2018,15/8/2020,106,1,0,319,2021,20,2039,6932.6,6183.38,5268.7,161.621,2776.33,,17548.651,7019.46,77.417,18.229,83.782,83.782,1.21,8560.573,8561.784,128063.623,0.65,20,2200,1075.5,351.312,1468.986,439.662,1154.594,270.279,1424.873,18.555,8567.817,1.357,8569.174,128253.914,200,248.17,302.847,22.462,0.066,7.562,4.541,6843.108,412.327,0.933,3854.8,14.1,1541.9,0,0,18.813,29.303,17.235,132.4,Burdekin,AyrDPI,Mulg,1958,Furrow,BareFallow,35,Surf1,200,110,LowFreq,0,P2R,15AprV1R4,T4,3275.5,2639.662,1820.298,2090.577,30.09,7.628,6.12279147860597,0.113428354667398,6.09890566037736,0.808105,27.763,999
