year,today,day,SowYear,SowDate,cropCycle,currentCrop,sugarStatus,ratoon_no,sugarDAS,sugarPlantYear,sugarPlantDate,sugarPlantingDAY,sugarPlantDelay,sugarHarvDelay,sugarLastHarvDAY,sugarHarvYear,realDelayForKill,totCycle,biomass,green_biomass,cane_wt,canefw,sucrose_wt,residue_wt,burntDM,burntOrgC,burntOrgN,ccs,totalNGCane,totalInitTAW,totalInitPAW,totalInitInorgN,totalInitOrgN,totalInitSoilN,totalInitSoilC,meanInitOC2,irrigNum,totalIrrig,totalRain,totalDrain,totalRunoff,totalEffRain,totalTransp,totalEvap,totalEvapTr,totalSediment,totalSoilOrgN,totalSoilInorgN,totalSoilN,totalSoilC,totalFert,totalNUptake,totalNit,totalDeNit,totalNO3Leach,totalNO3Runoff,totalN2O,totalCO2,CO2,surfaceom_cover,surfaceom_wt,surfaceom_n,surfaceom_c,surfaceom_no3,surfaceom_nh4,meanTMin,meanTMax,meanRadn,maxRain,Region,WStation,Soil,StartYear,IrrigSys,Fallow,DryOff,Fert,FertAmt,IrrigAmt,IrrigFreq,MillMudAmt,NRunOffModel,Planting,Tillage,totalWater,totalWaterEff,totalWaterLoss,totalWaterLossWithEvap,totalNLoss,totalNPol,GPWUI,CWUE,GPWUI_450,NUE,sucroseTH,IrrigAlloc
1957,15/05/1957,135,0,15-May,0,none,out,-1,0,-1,0.000,135,0,0,348,-1,21,2039,0,0,0,0,0,0,0,0,0,0,0,0,0,0,0,0,0,1.165,0,0,537.2,141.437,85.913,361.549,0,181.995,181.995,3.95,8901.216,256.605,9157.821,105113.672,0,0,300.202,29.79,25.054,1.266,5.779,3135.951,350,0.014,20.2,0.1,8.1,0,0,20.372,30.209,18.444,77.7,Burdekin,AyrDPI,Kala,1957,Furrow,BareFallow,77,Surf1,200,140,LowFreq,0,P2R,15MayV1R4,T2,537.2,361.549,227.35,409.345,56.11,26.32,0,0,0,,0,999
1958,15/08/1958,227,1957,15-May,1,sugar,alive,0,457,1957,15/5/1957,135,0,0,348,1958,21,2039,7794.85,6896.97,6133.85,188.051,3144.58,16610,0,0,0,17.668,244.3,165.055,165.055,256.605,8901.216,9157.821,105113.672,1.129,18,2520,1058.9,892.852,1044.637,501.957,1407.205,333.23,1740.435,18.672,8557.285,7.156,8564.441,102568.981,200,470.717,599.178,71.732,277.488,16.553,14.194,6328.179,350,0.963,4705.9,17.2,1882.4,0,0,17.154,28.626,18.937,136.1,Burdekin,AyrDPI,Kala,1957,Furrow,BareFallow,77,Surf1,200,140,LowFreq,0,P2R,15MayV1R4,T2,3578.9,3021.957,1937.489,2270.719,365.773,294.041,6.22282183366607,0.1080482752875,6.3316835016835,0.940255,31.446,999
1959,15/09/1959,258,1958,15-May,1,sugar,alive,1,396,1957,15/8/1958,135,0,0,348,1959,21,2039,6688.32,5842.08,5197.15,157.871,2386.48,14911.7,18118.521,7247.41,99.692,15.693,138.5,66.032,1.992,7.156,8557.285,8564.441,102568.981,1.09,15,2100,875.3,807.412,778.031,526.067,1156.942,243.755,1400.698,3.636,8495.095,5.561,8500.655,102132.905,200,314.247,382.473,15.434,19.464,3.35,3.368,7064.144,350,0.961,4625.8,17,1850.3,0,0,16.929,28.362,19.656,162.8,Burdekin,AyrDPI,Kala,1957,Furrow,BareFallow,77,Surf1,200,140,LowFreq,0,P2R,15MayV1R4,T2,2975.3,2626.067,1585.443,1829.198,38.248,22.814,6.01168972459576,0.112708806609276,6.19101960784314,0.789355,23.865,999
1960,14/10/1960,288,1959,15-May,1,sugar,alive,2,395,1957,15/9/1959,135,0,0,348,1960,21,2039,6642.04,5809.92,5195.48,157.901,2494.98,14465.6,16606.92,6642.77,93.34,16.535,127.1,55.191,0,5.561,8495.095,8500.655,102132.905,1.081,16,2240,1112.7,968.832,1033.541,507.994,1101.685,254.687,1356.372,9.856,8429.34,6.858,8436.198,101350.854,200,309.354,384.444,17.811,23.134,3.36,3.755,7558.959,350,0.968,4900.2,18,1960.1,0,0,17.818,28.654,20.431,210.1,Burdekin,AyrDPI,Kala,1957,Furrow,BareFallow,77,Surf1,200,140,LowFreq,0,P2R,15MayV1R4,T2,3352.7,2747.994,2002.373,2257.06,44.305,26.494,5.74604602484576,0.116414228544971,5.86992565055762,0.789505,24.95,999
1961,14/11/1961,318,1960,15-May,1,sugar,alive,3,396,1957,14/10/1960,135,0,0,348,1961,21,2039,6804.93,6009.64,5353.51,164.46,2905.76,14514.1,16460.925,6584.37,91.168,18.832,133.5,49.145,0,6.858,8429.34,8436.198,101350.854,1.071,19,2660,502.8,829.749,769.676,277.495,1276.93,273.886,1550.817,4.788,8346.124,7.463,8353.587,100304.968,200,307.718,396.49,22.406,37.276,3.535,4.61,7710.818,350,0.953,4356.1,16,1742.4,0,0,16.991,29.225,21.175,63.2,Burdekin,AyrDPI,Kala,1957,Furrow,BareFallow,77,Surf1,200,140,LowFreq,0,P2R,15MayV1R4,T2,3162.8,2937.495,1599.425,1873.311,63.217,40.811,5.59864782748567,0.106047328601634,5.28810289389068,0.8223,29.058,999
1962,14/12/1962,348,1961,15-May,1,sugar,alive,4,395,1957,14/11/1961,135,0,0,348,1962,21,2039,7049.51,6123.41,5503.71,168.036,2948.13,15458,16039.701,6415.881,86.4,18.68,131.2,61.704,0,7.463,8346.124,8353.587,100304.968,1.059,16,2240,1004.6,879.868,770.747,592.996,1285.049,295.102,1580.151,5.643,8260.882,7.085,8267.967,99173.211,200,305.596,396.996,28.342,36.643,3.588,5.638,7975.335,350,0.938,3981.9,14.6,1592.8,0,0,18.116,29.723,20.509,102.1,Burdekin,AyrDPI,Kala,1957,Furrow,BareFallow,77,Surf1,200,140,LowFreq,0,P2R,15MayV1R4,T2,3244.6,2832.996,1650.615,1945.717,68.573,40.231,5.9313885370823,0.10634173569488,6.24669144981413,0.84018,29.481,999
1963,15/05/1963,135,0,15-May,1,none,out,-1,0,1957,0.000,135,0,0,348,-1,21,2039,0,0,0,0,0,0,16523.901,6609.56,86.066,0,0,75.537,11.497,7.085,8260.882,8267.967,99173.211,1.047,0,0,1011,541.848,159.716,426.616,0,215.488,215.488,0.588,8336.404,36.041,8372.445,100367.896,0,0,59.869,2.787,3.782,0.139,0.278,4944.171,350,0.421,779.9,4.1,312,0,0,21.056,30.393,17.379,91.9,Burdekin,AyrDPI,Kala,1957,Furrow,BareFallow,77,Surf1,200,140,LowFreq,0,P2R,15MayV1R4,T2,1011,426.616,701.564,917.052,6.708,3.921,0,0,0,,0,999
1964,14/08/1964,227,1963,15-May,2,sugar,alive,0,457,1963,15/5/1963,135,0,0,348,1964,21,2039,7752.71,6832.66,6116.37,186.952,3065.49,16363.4,0,0,0,17.269,203.9,169.486,169.486,36.041,8336.404,8372.445,100367.896,1.046,18,2520,617,705.513,804.207,490.322,1442.191,291.274,1733.466,7.87,8101.236,6.683,8107.919,97130.404,200,415.931,493.594,20.97,63.283,11.109,4.626,7318.949,350,0.974,5216.7,19.1,2086.7,0,0,16.45,28.736,19.049,92.7,Burdekin,AyrDPI,Kala,1957,Furrow,BareFallow,77,Surf1,200,140,LowFreq,0,P2R,15MayV1R4,T2,3137,3010.322,1509.72,1800.994,95.362,74.392,6.21036553564702,0.107848668505757,6.29468013468014,0.93476,30.655,999
1965,14/09/1965,257,1964,15-May,2,sugar,alive,1,396,1963,14/8/1964,135,0,0,348,1965,21,2039,6456.2,5656.33,5006.55,152.626,2571.79,14496.4,18343.1,7337.24,101.488,17.826,127.5,63.3,0,6.683,8101.236,8107.919,97130.404,1.027,16,2240,831.2,815.691,778.937,451.341,1209.522,276.39,1485.911,4.451,8029.782,4.549,8034.331,96518.863,200,303.18,378.852,18.044,31.675,3.674,3.837,6960.399,350,0.952,4324.4,15.9,1729.8,0,0,17.287,29.163,19.689,107.4,Burdekin,AyrDPI,Kala,1957,Furrow,BareFallow,77,Surf1,200,140,LowFreq,0,P2R,15MayV1R4,T2,3071.2,2691.341,1594.628,1871.018,53.393,35.349,5.67100192803513,0.102715438542416,5.67382899628253,0.76313,25.718,999
1966,14/10/1966,287,1965,15-May,2,sugar,alive,2,395,1963,14/9/1965,135,0,0,348,1966,21,2039,6753.4,5901.81,5234.68,159.087,2624.29,15187.1,15997.699,6399.08,87.496,17.39,120.1,53.961,0,4.549,8029.782,8034.331,96518.863,1.02,18,2520,392.1,697.576,761.599,281.217,1211.027,242.898,1453.924,4.139,7974.585,5.461,7980.046,95897.299,200,296.115,371.678,17.313,25.104,3.235,3.688,7358.338,350,0.959,4559.9,16.8,1824,0,0,17.785,28.871,19.833,102.9,Burdekin,AyrDPI,Kala,1957,Furrow,BareFallow,77,Surf1,200,140,LowFreq,0,P2R,15MayV1R4,T2,2912.1,2801.217,1459.175,1702.073,45.652,28.339,5.67921014330557,0.109419061794152,5.35646464646465,0.795435,26.243,999
1967,14/11/1967,318,1966,15-May,2,sugar,alive,3,396,1963,14/10/1966,135,0,0,348,1967,21,2039,6512.04,5711.71,5088.04,155.183,2512.52,14239.9,16785.01,6714.005,86.506,17.015,121,52.961,0,5.461,7974.585,7980.046,95897.299,1.012,17,2380,821.8,885.547,889.073,424.372,1154.951,270.099,1425.051,5.398,7915.01,6.093,7921.103,95193.434,200,294.671,373.23,23.53,25.303,2.259,4.836,7402.796,350,0.962,4662.6,17.1,1865.1,0,0,18.229,28.885,20.191,154.9,Burdekin,AyrDPI,Kala,1957,Furrow,BareFallow,77,Surf1,200,140,LowFreq,0,P2R,15MayV1R4,T2,3201.8,2804.372,1774.62,2044.719,51.092,27.562,5.53360966376786,0.108896453530435,5.48349823321555,0.775915,25.125,999
1968,13/12/1968,348,1967,15-May,2,sugar,alive,4,395,1963,14/11/1967,135,0,0,348,1968,21,2039,6630.44,5829.76,5250.19,161.481,2920.07,13802.5,16067.165,6426.867,85.107,19.342,99.5,55.091,0,6.093,7915.01,7921.103,95193.434,1.003,18,2520,1470.5,1341.389,1204.621,472.233,1114.124,321.244,1435.368,7.521,7849.127,7.328,7856.455,94326.063,200,247.678,377.284,26.773,72.653,3.592,5.393,7427.791,350,0.925,3704.6,13.6,1481.8,0,0,18.169,29.151,20.572,187.9,Burdekin,AyrDPI,Kala,1957,Furrow,BareFallow,77,Surf1,200,140,LowFreq,0,P2R,15MayV1R4,T2,3990.5,2992.233,2546.01,2867.254,103.018,76.245,5.39667198376597,0.112501463039444,5.43707070707071,0.807405,29.201,999
1969,15/05/1969,135,0,15-May,2,none,out,-1,0,1963,0.000,135,0,0,348,-1,21,2039,0,0,0,0,0,0,14881.04,5952.417,73.902,0,0,64.212,0.172,7.328,7849.127,7856.455,94326.063,0.994,0,0,130.4,0,0,130.4,0,101.699,101.699,0,7929.184,20.712,7949.896,96206.628,0,0,26.189,0.063,0,0,0.053,3491.319,350,0.703,1733.2,8.6,693.3,0,0,20.795,31.584,20.044,46.5,Burdekin,AyrDPI,Kala,1957,Furrow,BareFallow,77,Surf1,200,140,LowFreq,0,P2R,15MayV1R4,T2,130.4,130.4,0,101.699,0.063,0,0,0,0,,0,999
1970,15/08/1970,227,1969,15-May,3,sugar,alive,0,457,1969,15/5/1969,135,0,0,348,1970,21,2039,7950.62,7055.73,6309.15,193.773,3375.56,16414.7,0,0,0,18.527,206.2,92.913,92.913,20.712,7929.184,7949.896,96206.628,0.995,18,2520,710.8,617.625,814.475,520.809,1471.378,321.621,1792.999,5.413,7731.506,4.661,7736.167,92789.243,200,413.096,464.856,15.295,28.56,8.392,3.495,7865.114,350,0.973,5182.4,19,2073,0,0,17.109,28.782,19.488,133.6,Burdekin,AyrDPI,Kala,1957,Furrow,BareFallow,77,Surf1,200,140,LowFreq,0,P2R,15MayV1R4,T2,3230.8,3040.809,1432.1,1753.721,52.247,36.952,6.37241602481445,0.108072006732854,6.52434343434343,0.968865,33.756,999
1971,15/09/1971,258,1970,15-May,3,sugar,alive,1,396,1969,15/8/1970,135,0,0,348,1971,21,2039,7223.69,6467.83,5565.04,171.125,2896.91,16586.4,18357.525,7343.011,97.713,17.922,120.9,98.614,34.574,4.661,7731.506,7736.167,92789.243,0.98,14,1960,1226,700.329,954.201,840.458,1283.709,255.095,1538.805,4.425,7680.998,2.023,7683.02,92369.203,200,294.85,361.439,12.22,25.263,8.196,2.77,7275.246,350,0.941,4041.7,14.9,1616.7,0,0,17.459,28.701,19.598,220,Burdekin,AyrDPI,Kala,1957,Furrow,BareFallow,77,Surf1,200,140,LowFreq,0,P2R,15MayV1R4,T2,3186,2800.458,1654.53,1909.625,45.679,33.459,6.11060762203897,0.111206423166028,7.100622406639,0.855625,28.969,999
1972,14/10/1972,288,1971,15-May,3,sugar,alive,2,395,1969,15/9/1971,135,0,0,348,1972,21,2039,6420.61,5632.67,4998.07,152.155,2511.43,14225.4,17533.901,7013.56,82.749,17.402,112,91.279,27.239,2.023,7680.998,7683.02,92369.203,0.976,16,2240,1328.3,1146.091,995.402,423.251,1201.213,261.782,1462.996,4.445,7638.818,4.51,7643.329,91960.291,200,290.966,356.273,14.691,15.943,5.225,3.16,7367.649,350,0.956,4452.1,16.4,1780.8,0,0,16.795,28.832,20.11,206.2,Burdekin,AyrDPI,Kala,1957,Furrow,BareFallow,77,Surf1,200,140,LowFreq,0,P2R,15MayV1R4,T2,3568.3,2663.251,2141.493,2403.275,35.859,21.168,5.71313030578042,0.104002334934614,5.65631970260223,0.760775,25.114,999
1973,16/11/1973,320,1972,15-May,3,sugar,alive,3,398,1969,14/10/1972,135,0,2,348,1973,19,2039,7351.97,6531.34,5624.92,172.637,2842.91,17270.5,15875.935,6350.374,84.749,17.355,127.4,55.091,0,4.51,7638.818,7643.329,91960.291,0.969,17,2380,1238.1,998.935,1027.61,722.58,1248.596,262.645,1511.24,6.087,7580.737,2.089,7582.826,91161.451,200,302.428,380.566,17.99,28.698,3.411,3.823,7969.026,350,0.921,3628.2,13.3,1451.3,0,0,18.855,29.246,19.775,108.5,Burdekin,AyrDPI,Kala,1957,Furrow,BareFallow,77,Surf1,200,140,LowFreq,0,P2R,15MayV1R4,T2,3618.1,3102.58,2026.545,2289.19,50.099,32.109,5.56430454653869,0.114235329927741,6.10024734982332,0.863185,28.429,999
1974,16/12/1974,350,1973,15-May,3,sugar,alive,4,395,1969,16/11/1973,135,0,2,350,1974,19,2041,5310.64,4703.87,4197.49,130.717,2614.97,11131.5,17763.938,7105.575,82.511,21.706,81.8,135.405,71.365,2.089,7580.737,7582.826,91161.451,0.961,15,2100,1871.5,1675.085,1089.921,622.149,888.324,393.636,1281.959,10.097,7521.539,6.052,7527.591,90365.331,200,195.51,363.983,30.989,100.731,8.944,6.105,7121.535,350,0.704,1739.7,6.4,695.9,0,0,17.935,28.577,19.049,152.9,Burdekin,AyrDPI,Kala,1957,Furrow,BareFallow,77,Surf1,200,140,LowFreq,0,P2R,15MayV1R4,T2,3971.5,2722.149,2765.006,3158.642,140.664,109.675,4.80197814300393,0.101966599555836,5.1261568627451,0.653585,26.15,999
1975,15/05/1975,135,0,15-May,3,none,out,-1,0,1969,0.000,135,0,2,350,-1,19,2041,0,0,0,0,0,0,10940.531,4376.213,51.079,0,0,59.94,0,6.052,7521.539,7527.591,90365.331,0.952,0,0,601.9,221.692,40.714,414.187,0,230.198,230.198,0.155,7574.678,43.908,7618.586,91140.2,0,0,53.01,1.662,0.981,0.064,0.245,4310.925,350,0.345,604.4,2.8,241.8,0,0,21.392,30.394,19.401,65,Burdekin,AyrDPI,Kala,1957,Furrow,BareFallow,77,Surf1,200,140,LowFreq,0,P2R,15MayV1R4,T2,601.9,414.187,262.406,492.604,2.707,1.045,0,0,0,,0,999
1976,14/08/1976,227,1975,15-May,4,sugar,alive,0,457,1975,15/5/1975,135,0,0,348,1976,21,2039,7697.24,6749.06,6104.07,186.233,2990.28,15931.6,0,0,0,16.85,156.5,169.236,169.236,43.908,7574.678,7618.586,91140.2,0.949,14,1960,2001.1,1476.785,1043.083,753.199,1248.22,301.565,1549.785,12.315,7394.134,5.144,7399.279,88842.933,200,343.582,429.986,22.119,84.496,12.524,4.792,6037.087,350,0.984,5932.3,21.8,2372.9,0,0,17.186,27.847,18.378,179.8,Burdekin,AyrDPI,Kala,1957,Furrow,BareFallow,77,Surf1,200,140,LowFreq,0,P2R,15MayV1R4,T2,3961.1,2713.199,2519.868,2821.433,119.139,97.02,6.86396390386404,0.12016699090519,7.72751037344398,0.931165,29.903,999
1977,14/09/1977,257,1976,15-May,4,sugar,alive,1,396,1975,14/8/1976,135,0,0,348,1977,21,2039,6623.83,5815.11,5171.72,157.411,2581.2,14521.1,18584.291,7433.717,97.563,17.269,103.4,60.683,0,5.144,7394.134,7399.279,88842.933,0.936,15,2100,1380,1021.384,1110.045,499.899,1097.78,250.232,1348.012,6.66,7366.853,3.315,7370.169,88700.888,200,276.518,337.908,11.467,19.244,2.939,2.593,6661.479,350,0.963,4705.6,17.3,1882.3,0,0,17.722,28.369,19.544,170.6,Burdekin,AyrDPI,Kala,1957,Furrow,BareFallow,77,Surf1,200,140,LowFreq,0,P2R,15MayV1R4,T2,3480,2599.899,2131.429,2381.661,33.65,22.183,6.05450442497959,0.116772699352825,6.17298039215686,0.787055,25.812,999
1978,14/10/1978,287,1977,15-May,4,sugar,alive,2,395,1975,14/9/1977,135,0,0,348,1978,21,2039,7656.04,6839.4,5998.51,184.744,3282.74,16575.2,16342.688,6537.075,78.814,18.956,110.3,61.243,0,3.315,7366.853,7370.169,88700.888,0.935,16,2240,953.7,784.165,881.207,611.333,1269.007,252.506,1521.514,5.12,7337.843,2.604,7340.447,88434.067,200,284.419,347.143,13.011,17.036,2.975,2.865,7330.302,350,0.955,4441.9,16.3,1776.8,0,0,17.755,28.363,20.718,150.6,Burdekin,AyrDPI,Kala,1957,Furrow,BareFallow,77,Surf1,200,140,LowFreq,0,P2R,15MayV1R4,T2,3193.7,2851.333,1665.372,1917.878,33.022,20.011,6.47921516006724,0.12142116339383,6.86780669144981,0.92372,32.827,999
1979,14/11/1979,318,1978,15-May,4,sugar,alive,3,396,1975,14/10/1978,135,0,0,348,1979,21,2039,6371.15,5603.61,4961.61,151.799,2635.41,14095.3,17864.604,7145.842,79.269,18.454,95.2,68.058,4.018,2.604,7337.843,7340.447,88434.067,0.93,16,2240,1489.5,1213.087,1189.394,500.44,1048.976,289.778,1338.754,6.551,7310.68,4.805,7315.485,88037.635,200,260.204,346.14,22.11,26.257,3.722,4.51,7478.883,350,0.934,3885.4,14.3,1554.2,0,0,18.32,28.53,19.539,350.7,Burdekin,AyrDPI,Kala,1957,Furrow,BareFallow,77,Surf1,200,140,LowFreq,0,P2R,15MayV1R4,T2,3729.5,2740.44,2402.481,2692.259,52.089,29.979,5.5392199792734,0.113388269988362,5.64308550185874,0.758995,26.354,999
1980,13/12/1980,348,1979,15-May,4,sugar,alive,4,395,1975,14/11/1979,135,0,0,348,1980,21,2039,7067.95,6197.98,5607.2,172.057,3129.58,14607.5,15283.649,6113.46,74.364,19.473,97.9,56.323,0,4.805,7310.68,7315.485,88037.635,0.925,18,2520,785.3,966.445,869.112,382.591,1179.961,280.783,1460.744,5.886,7259.058,5.304,7264.362,87398.165,200,255.27,365.129,20.114,59.404,2.881,4.207,7400.183,350,0.947,4184.2,15.4,1673.7,0,0,18.758,29.148,20.955,86.4,Burdekin,AyrDPI,Kala,1957,Furrow,BareFallow,77,Surf1,200,140,LowFreq,0,P2R,15MayV1R4,T2,3305.3,2902.591,1835.557,2116.34,82.399,62.285,5.92770390316789,0.11778723718872,5.79316498316498,0.860285,31.296,999
1981,15/05/1981,135,0,15-May,4,none,out,-1,0,1975,0.000,135,0,0,348,-1,21,2039,0,0,0,0,0,0,15972.958,6389.184,76.849,0,0,65.321,1.281,5.304,7259.058,7264.362,87398.165,0.917,0,0,908.6,511.486,75.738,426.718,0,217.465,217.465,0.132,7333.397,27.607,7361.004,89011.021,0,0,39.972,0.692,1.567,0.058,0.118,4369.203,350,0.529,1075,5.2,430,0,0,21.174,29.897,18.261,102.2,Burdekin,AyrDPI,Kala,1957,Furrow,BareFallow,77,Surf1,200,140,LowFreq,0,P2R,15MayV1R4,T2,908.6,426.718,587.224,804.689,2.317,1.625,0,0,0,,0,999
1982,15/08/1982,227,1981,15-May,5,sugar,alive,0,457,1981,15/5/1981,135,0,0,348,1982,21,2039,8077.83,7111.27,6409.51,196.12,3370.27,16683.1,0,0,0,18.237,177.6,169.232,169.232,27.607,7333.397,7361.004,89011.021,0.917,18,2520,772.8,808.283,800.305,552.189,1466.449,325.292,1791.741,6.198,7154.14,4.423,7158.563,86000.235,200,373.265,439.652,18.443,47.634,10.15,4.053,7088.886,350,0.983,5785.2,21.2,2314.1,0,0,16.915,28.432,18.854,104.8,Burdekin,AyrDPI,Kala,1957,Furrow,BareFallow,77,Surf1,200,140,LowFreq,0,P2R,15MayV1R4,T2,3292.8,3072.189,1608.588,1933.88,76.227,57.784,6.38372183482201,0.10945778435611,6.603367003367,0.9806,33.703,999
1983,15/09/1983,258,1982,15-May,5,sugar,alive,1,396,1981,15/8/1982,135,0,0,348,1983,21,2039,6790.89,5945.36,5316.04,161.756,2652.1,14748.5,19098.051,7639.22,97.513,17.267,108.7,61.704,0,4.423,7154.14,7158.563,86000.235,0.904,16,2240,637.3,735.212,723.475,410.748,1167.366,252.207,1419.573,2.372,7129.245,3.042,7132.287,85871.7,200,278.184,337.083,11.951,17.874,2.543,2.679,6882.728,350,0.965,4770.5,17.6,1908.2,0,0,17.927,28.652,19.859,95.4,Burdekin,AyrDPI,Kala,1957,Furrow,BareFallow,77,Surf1,200,140,LowFreq,0,P2R,15MayV1R4,T2,2877.3,2650.748,1458.687,1710.894,32.368,20.417,6.10227754580971,0.113946940382777,6.01323420074349,0.80878,26.521,999
1984,14/10/1984,288,1983,15-May,5,sugar,alive,2,395,1981,15/9/1983,135,0,0,348,1984,21,2039,7070.92,6296.98,5421.78,166.551,2866.07,16491.5,16591.164,6636.466,76.825,18.266,108.6,60.744,0,3.042,7129.245,7132.287,85871.7,0.903,18,2520,624.6,791.759,870.868,506.368,1206.655,260.843,1467.497,6.547,7099.573,3.454,7103.026,85525.922,200,282.523,345.301,14.386,15.525,3.166,3.107,7330.633,350,0.932,3844.6,14.1,1537.8,0,0,17.806,28.714,19.475,75.6,Burdekin,AyrDPI,Kala,1957,Furrow,BareFallow,77,Surf1,200,140,LowFreq,0,P2R,15MayV1R4,T2,3144.6,3026.368,1662.627,1923.47,33.077,18.691,5.50332940343012,0.11349324734565,5.60777777777778,0.832755,28.661,999
1985,14/11/1985,318,1984,15-May,5,sugar,alive,3,396,1981,14/10/1984,135,0,0,348,1985,21,2039,7113.09,6382.15,5539.79,171.229,2949.79,15733,17285.666,6914.266,80.105,18.289,97.4,75.22,11.18,3.454,7099.573,7103.026,85525.922,0.898,18,2520,872.5,939.129,943.762,612.086,1221.93,269.012,1490.942,4.657,7069.032,2.156,7071.187,85191.752,200,259.006,346.716,19.551,35.041,6.225,4.083,7352.873,350,0.938,3967.6,14.6,1587.1,0,0,17.771,28.767,19.562,111.4,Burdekin,AyrDPI,Kala,1957,Furrow,BareFallow,77,Surf1,200,140,LowFreq,0,P2R,15MayV1R4,T2,3392.5,3132.086,1882.891,2151.903,60.817,41.266,5.46693162320575,0.114846184492757,5.7652861952862,0.856145,29.498,999
1986,14/12/1986,348,1985,15-May,5,sugar,alive,4,395,1981,14/11/1985,135,0,0,348,1986,21,2039,7026.42,6213.33,5424.57,166.94,2860.52,16018.5,16745.513,6698.205,75.311,18.176,105.1,93.885,29.845,2.156,7069.032,7071.187,85191.752,0.893,18,2520,781.7,847.419,940.366,560.953,1239.588,294.105,1533.693,5.871,7023.791,4.105,7027.896,84560.371,200,268.173,360.754,24.008,32.047,6.79,4.858,7766.335,350,0.894,3209.9,11.8,1283.9,0,0,18.899,29.584,19.222,117.8,Burdekin,AyrDPI,Kala,1957,Furrow,BareFallow,77,Surf1,200,140,LowFreq,0,P2R,15MayV1R4,T2,3301.7,3080.953,1787.785,2081.89,62.845,38.837,5.4184533162304,0.108848380999326,5.62087542087542,0.8347,28.605,999
1987,15/05/1987,135,0,15-May,5,none,out,-1,0,1981,0.000,135,0,0,348,-1,21,2039,0,0,0,0,0,0,16344.117,6537.646,72.819,0,0,74.107,10.067,4.105,7023.791,7027.896,84560.371,0.887,0,0,211.2,0,6.671,204.529,0,147.748,147.748,0.01,7112.462,17.389,7129.851,86697.872,0,0,25.922,0.102,0,0.003,0.061,3783.025,350,0.701,1723,7.7,689.2,0,0,21.8,31.911,20.116,44,Burdekin,AyrDPI,Kala,1957,Furrow,BareFallow,77,Surf1,200,140,LowFreq,0,P2R,15MayV1R4,T2,211.2,204.529,6.671,154.419,0.105,0.003,0,0,0,,0,999
1988,14/08/1988,227,1987,15-May,6,sugar,alive,0,457,1987,15/5/1987,135,0,0,348,1988,21,2039,8048.33,7115.44,6348.74,194.169,3488.22,16996,0,0,0,19.197,176.8,130.888,130.888,17.389,7112.462,7129.851,86697.872,0.888,18,2520,987.5,763.639,1078.239,491.6,1437.16,293.906,1731.066,6.036,6949.224,4.421,6953.645,83472.239,200,373.46,430.536,14.048,31.092,8.332,3.224,7699.144,350,0.982,5704.3,20.9,2281.7,0,0,17.507,28.835,18.912,254,Burdekin,AyrDPI,Kala,1957,Furrow,BareFallow,77,Surf1,200,140,LowFreq,0,P2R,15MayV1R4,T2,3507.5,3011.6,1841.878,2135.784,53.472,39.424,6.4473701686811,0.112167300380228,6.53767676767677,0.970845,34.882,999
1989,14/09/1989,257,1988,15-May,6,sugar,alive,1,396,1987,14/8/1988,135,0,0,348,1989,21,2039,6852.98,6014.54,5320.53,161.951,2628.22,15324.5,19295.22,7718.089,97.411,17.061,104.1,65.444,1.404,4.421,6949.224,6953.645,83472.239,0.877,13,1820,1393,941.092,838.572,728.291,1184.131,247.376,1431.507,4.038,6925.773,2.534,6928.307,83447.588,200,280.889,332.404,10.655,15.092,3.273,2.446,6837.348,350,0.959,4563.7,16.8,1825.5,0,0,17.953,28.513,19.014,134.8,Burdekin,AyrDPI,Kala,1957,Furrow,BareFallow,77,Surf1,200,140,LowFreq,0,P2R,15MayV1R4,T2,3213,2548.291,1779.664,2027.04,29.02,18.365,6.35527889083311,0.113133222541001,7.13440528634361,0.809755,26.282,999
1990,14/10/1990,287,1989,15-May,6,sugar,alive,2,395,1987,14/9/1989,135,0,0,348,1990,21,2039,6679.22,5893.93,5293.82,162.242,2823.31,13854,16905.016,6762.006,82.943,18.504,102.5,67.273,3.233,2.534,6925.773,6928.307,83447.588,0.877,15,2100,1277.8,1079.427,876.716,536.556,1176.273,263.986,1440.26,4.305,6902.322,2.893,6905.215,83237.298,200,267.677,333.653,13.315,22.652,4.12,2.895,6922.333,350.839,0.958,4536.7,16.7,1814.7,0,0,17.407,28.757,20.276,103,Burdekin,AyrDPI,Kala,1957,Furrow,BareFallow,77,Surf1,200,140,LowFreq,0,P2R,15MayV1R4,T2,3377.8,2636.556,1956.143,2220.129,40.087,26.772,6.15355789901675,0.112647716384542,6.36243137254902,0.81121,28.233,999
1991,14/11/1991,318,1990,15-May,6,sugar,alive,3,396,1987,14/10/1990,135,0,0,348,1991,21,2039,6580.43,5747.01,5216.21,158.938,3011.89,13642.2,15632.063,6252.825,76.73,20.409,84.2,48.671,0,2.893,6902.322,6905.215,83237.298,0.873,17,2380,1681.6,1419.536,1253.64,378.988,1167.317,225.611,1392.928,4.297,6882.476,4.082,6886.557,82970.012,200,239.944,330.115,12.573,47.91,3.201,2.768,6938.475,352.513,0.966,4820.7,17.7,1928.3,0,0,17.718,29.034,19.738,204.4,Burdekin,AyrDPI,Kala,1957,Furrow,BareFallow,77,Surf1,200,140,LowFreq,0,P2R,15MayV1R4,T2,4061.6,2758.988,2673.176,2898.787,63.684,51.111,5.76073545807376,0.114103528682028,5.61618374558304,0.79469,30.119,999
1992,13/12/1992,348,1991,15-May,6,sugar,alive,4,395,1987,14/11/1991,135,0,0,348,1992,21,2039,7599.68,6651.27,6026.12,184.578,3353.28,15735.6,15693.454,6277.381,75.998,19.446,108.3,44.167,0,4.082,6882.476,6886.557,82970.012,0.869,18,2520,757.1,762.273,817.287,506.807,1350.773,289.334,1640.106,4.86,6847.584,2.413,6849.997,82522.484,200,284.527,345.065,18.12,17.818,2.759,3.767,7422.452,354.216,0.96,4611.1,16.9,1844.4,0,0,18.559,29.657,20.888,122.8,Burdekin,AyrDPI,Kala,1957,Furrow,BareFallow,77,Surf1,200,140,LowFreq,0,P2R,15MayV1R4,T2,3277.1,3026.807,1579.56,1868.894,38.697,20.577,6.09810932775033,0.112540287030229,6.21474747474748,0.92289,33.533,999
1993,15/05/1993,135,0,15-May,6,none,out,-1,0,1987,0.000,135,0,0,348,-1,21,2039,0,0,0,0,0,0,17294.672,6917.869,82.788,0,0,101.6,37.56,2.413,6847.584,6849.997,82522.484,0.864,0,0,311.1,82.333,20.701,249.992,0,149.718,149.718,0.027,6916.811,31.385,6948.196,84264.216,0,0,41.469,0.182,0.37,0.008,0.087,4296.375,354.89,0.713,1785.2,8.5,714.1,0,0,20.264,30.536,20.512,59,Burdekin,AyrDPI,Kala,1957,Furrow,BareFallow,77,Surf1,200,140,LowFreq,0,P2R,15MayV1R4,T2,311.1,249.992,103.034,252.752,0.56,0.378,0,0,0,,0,999
1994,15/08/1994,227,1993,15-May,7,sugar,alive,0,457,1993,15/5/1993,135,0,0,348,1994,21,2039,8770.81,7739.9,7029.76,215.721,3729.83,17410.5,0,0,0,18.367,177.5,159.948,159.948,31.385,6916.811,6948.196,84264.216,0.862,20,2800,457.7,734.731,794.026,384.229,1504.964,324.035,1828.999,5.984,6774.122,3.799,6777.921,81542.46,200,369.773,411.975,16.576,30.656,6.791,3.682,7348.614,356.916,0.986,6119.6,22.5,2447.8,0,0,17.48,28.617,19.366,46.8,Burdekin,AyrDPI,Kala,1957,Furrow,BareFallow,77,Surf1,200,140,LowFreq,0,P2R,15MayV1R4,T2,3257.7,3184.229,1528.757,1852.792,54.023,37.447,6.77466978662653,0.117944843053495,6.63756923076923,1.078605,37.298,999
1995,15/09/1995,258,1994,15-May,7,sugar,alive,1,396,1993,15/8/1994,135,0,0,348,1995,21,2039,8101.23,7234.06,6399.61,197.294,3696.77,17016.2,20000.59,8000.236,94.762,20.147,108,59.892,0,3.799,6774.122,6777.921,81542.46,0.854,17,2380,508.6,550.618,669.084,441.299,1392.455,255.066,1647.521,2.043,6762.372,1.449,6763.821,81579.137,200,283.08,335.537,7.668,10.831,2.206,1.9,7413.597,358.708,0.957,4481.6,16.5,1792.7,0,0,18.529,29.133,20.466,55.2,Burdekin,AyrDPI,Kala,1957,Furrow,BareFallow,77,Surf1,200,140,LowFreq,0,P2R,15MayV1R4,T2,2888.6,2821.299,1219.702,1474.768,20.705,13.037,6.99301988197635,0.119752039579465,6.97151943462898,0.98647,36.968,999
1996,14/10/1996,288,1995,15-May,7,sugar,alive,2,395,1993,15/9/1995,135,0,0,348,1996,21,2039,7480.51,6622.69,5979.21,183.383,3548.03,15013,18273.141,7309.256,72.628,20.898,100.5,81.269,17.229,1.449,6762.372,6763.821,81579.137,0.855,19,2660,547.9,805.733,839.468,309.881,1320.934,257.452,1578.386,2.659,6753.89,2.927,6756.817,81559.198,200,275.774,337.547,10.441,10.128,3.786,2.378,7844.736,360.529,0.963,4694.3,17.2,1877.7,0,0,19.266,29.673,20.78,107,Burdekin,AyrDPI,Kala,1957,Furrow,BareFallow,77,Surf1,200,140,LowFreq,0,P2R,15MayV1R4,T2,3207.9,2969.881,1645.201,1902.653,24.355,13.914,6.17475919068811,0.116183873906636,5.89655948553055,0.916915,35.48,999
1997,14/11/1997,318,1996,15-May,7,sugar,alive,3,396,1993,14/10/1996,135,0,0,348,1997,21,2039,8087.47,7157.33,6494.72,200.006,3819.81,15927.4,16751.198,6700.48,71.712,20.591,100.2,65.582,1.542,2.927,6753.89,6756.817,81559.198,0.852,18,2520,954.2,1004.679,1006.697,433.551,1213.785,256.497,1470.282,5.215,6748.175,2.717,6750.892,81556.015,200,271.87,330.056,13.932,11.486,3.542,3,7684.886,362.389,0.967,4852.7,17.8,1941.1,0,0,19.541,28.549,20.726,116.8,Burdekin,AyrDPI,Kala,1957,Furrow,BareFallow,77,Surf1,200,140,LowFreq,0,P2R,15MayV1R4,T2,3474.2,2953.551,2011.376,2267.873,28.96,15.028,6.77171310060331,0.136032407388515,6.73420875420875,1.00003,38.198,999
1998,15/12/1998,349,1997,15-May,7,sugar,alive,4,396,1993,14/11/1997,135,0,1,348,1998,20,2039,7607.66,6749.79,6032.07,186.773,3726.17,15755.9,17663.163,7065.265,77.341,21.639,99.5,58.124,0,2.717,6748.175,6750.892,81556.015,0.85,18,2520,1416.3,1183.541,1208.904,768.283,1126.274,304.13,1430.404,7.112,6715.298,1.16,6716.458,81008.13,200,253.161,362.008,19.137,52.611,3.207,3.993,8196.68,364.288,0.885,3086.7,11.3,1234.7,0,0,20.835,29.136,19.14,189.6,Burdekin,AyrDPI,Kala,1957,Furrow,BareFallow,77,Surf1,200,140,LowFreq,0,P2R,15MayV1R4,T2,3936.3,3288.283,2392.445,2696.575,74.955,55.818,5.67995516201008,0.130573600185682,6.2886531986532,0.933865,37.262,999
1999,15/05/1999,135,0,15-May,7,none,out,-1,0,1993,0.000,135,0,1,349,-1,20,2040,0,0,0,0,0,0,16016.225,6406.49,61.125,0,0,171.575,107.535,1.16,6715.298,6716.458,81008.13,0.845,0,0,601.8,270.729,73.976,364.893,0,248.267,248.267,0.201,6807.799,15.093,6822.892,83197.719,0,0,31.945,0.449,1.282,0.062,0.085,4556.425,365.026,0.424,789.1,3,315.6,0,0,22.633,30.546,18.828,98.7,Burdekin,AyrDPI,Kala,1957,Furrow,BareFallow,77,Surf1,200,140,LowFreq,0,P2R,15MayV1R4,T2,601.8,364.893,344.705,592.972,1.793,1.344,0,0,0,,0,999
2000,14/08/2000,227,1999,15-May,8,sugar,alive,0,457,1999,15/5/1999,135,0,0,348,2000,21,2039,9519,8429.39,7692.71,236.498,3787.79,18262.9,0,0,0,16.8,177.3,180.403,180.403,15.093,6807.799,6822.892,83197.719,0.846,16,2240,1525.8,1144.459,1106.09,662.991,1344.909,285.872,1630.78,9.475,6660.75,3.579,6664.33,80292.538,200,372.311,404.643,9.691,17.944,8.744,2.381,7256.953,367.264,0.993,7100.8,26,2840.3,0,0,18.098,27.667,18.809,136,Burdekin,AyrDPI,Kala,1957,Furrow,BareFallow,77,Surf1,200,140,LowFreq,0,P2R,15MayV1R4,T2,3765.8,2902.991,2250.549,2536.421,36.379,26.688,8.14670110930416,0.14502140080207,8.79174721189591,1.18249,37.878,999
2001,14/09/2001,257,2000,15-May,8,sugar,alive,1,396,1999,14/8/2000,135,0,0,348,2001,21,2039,7201.8,6358.32,5715.77,175.156,3320.11,14860.2,21559.17,8623.667,97.813,20.415,94.2,64.874,0.834,3.579,6660.75,6664.33,80292.538,0.836,17,2380,561.3,703.288,757.333,450.212,1246.52,244.247,1490.767,1.928,6659.025,2.677,6661.702,80363.025,200,268.157,324.62,7.977,12.452,2.749,1.916,7415.767,369.246,0.957,4511.4,16.6,1804.6,0,0,17.804,29.071,20.13,52,Burdekin,AyrDPI,Kala,1957,Furrow,BareFallow,77,Surf1,200,140,LowFreq,0,P2R,15MayV1R4,T2,2941.3,2830.212,1460.621,1704.868,23.178,15.201,6.18879433766799,0.117493880666798,6.18925795053004,0.87578,33.201,999
2002,14/10/2002,287,2001,15-May,8,sugar,alive,2,395,1999,14/9/2001,135,0,0,348,2002,21,2039,7410.74,6529.01,5861.25,179.087,3407.8,15494.9,16465.89,6586.355,70.305,20.505,108.1,54.786,0,2.677,6659.025,6661.702,80363.025,0.839,17,2380,810.6,634.959,908.887,363.339,1402.214,245.331,1647.545,4.988,6636.005,2.622,6638.627,80134.299,200,291.459,344.075,9.253,9.676,2.746,2.181,7630.336,371.263,0.969,4973.5,18.3,1989.4,0,0,18.325,30.193,21.2,206,Burdekin,AyrDPI,Kala,1957,Furrow,BareFallow,77,Surf1,200,140,LowFreq,0,P2R,15MayV1R4,T2,3190.6,2743.339,1543.846,1789.177,21.675,12.422,6.52806670994726,0.108699307150943,6.32816254416961,0.895435,34.078,999
2003,14/11/2003,318,2002,15-May,8,sugar,alive,3,396,1999,14/10/2002,135,0,0,348,2003,21,2039,7568.26,6621.73,6045.12,184.501,3459.62,15231.4,17398.127,6959.252,82.046,20.164,104.6,53.994,0,2.622,6636.005,6638.627,80134.299,0.836,19,2660,463.2,745.204,738.374,273.487,1387.972,247.495,1635.467,2.922,6623.98,3.309,6627.289,79945.433,200,279.463,340.998,10.109,14.69,2.811,2.331,7844.075,373.315,0.97,4991.6,18.3,1996.6,0,0,18.628,30.091,21.304,51,Burdekin,AyrDPI,Kala,1957,Furrow,BareFallow,77,Surf1,200,140,LowFreq,0,P2R,15MayV1R4,T2,3123.2,2933.487,1483.578,1731.073,27.61,17.501,6.28947733533505,0.112812426053231,5.93250803858521,0.922505,34.596,999
2004,13/12/2004,348,2003,15-May,8,sugar,alive,4,395,1999,14/11/2003,135,0,0,348,2004,21,2039,7418.56,6481.88,5948.06,182.276,3430.53,14705,17189.524,6875.808,80.16,20.249,95.1,58.15,0,3.309,6623.98,6627.289,79945.433,0.833,19,2660,761.4,762.602,1035.341,558.433,1320.614,281.638,1602.252,4.617,6603.442,3.911,6607.353,79702.716,200,263.908,342.499,15.996,27.767,4.487,3.391,7583.018,375.396,0.962,4664.8,17.1,1865.9,0,0,18.577,29.903,20.734,173.2,Burdekin,AyrDPI,Kala,1957,Furrow,BareFallow,77,Surf1,200,140,LowFreq,0,P2R,15MayV1R4,T2,3421.4,3218.433,1797.943,2079.581,48.25,32.254,5.66350146173619,0.113762379450923,5.86096463022508,0.91138,34.305,999
2005,15/05/2005,135,0,15-May,8,none,out,-1,0,1999,0.000,135,0,0,348,-1,21,2039,0,0,0,0,0,0,16464.341,6585.736,78.917,0,0,79.354,15.314,3.911,6603.442,6607.353,79702.716,0.83,0,0,600,184.43,215.14,232.623,0,120.742,120.742,0.319,6671.039,36.606,6707.645,81306.281,0,0,44.398,0.13,0.467,0.063,0.09,4419.484,376.22,0.748,1970,9.4,788,0,0,21.43,31.782,20.982,143.4,Burdekin,AyrDPI,Kala,1957,Furrow,BareFallow,77,Surf1,200,140,LowFreq,0,P2R,15MayV1R4,T2,600,232.623,399.57,520.312,0.66,0.53,0,0,0,,0,999
2006,15/08/2006,227,2005,15-May,9,sugar,alive,0,457,2005,15/5/2005,135,0,0,348,2006,21,2039,8477.32,7536.03,6700.04,205.889,3729,17772.8,0,0,0,19.377,172.1,159.043,159.043,36.606,6671.039,6707.645,81306.281,0.827,18,2520,995.7,876.838,994.452,628.363,1425.494,308.347,1733.841,5.218,6526.566,3.061,6529.627,78527.446,200,365.388,412.624,16.888,37.021,11.115,3.741,7313.013,378.688,0.983,5785,21.2,2314,0,0,18.17,28.784,18.723,178.4,Burdekin,AyrDPI,Kala,1957,Furrow,BareFallow,77,Surf1,200,140,LowFreq,0,P2R,15MayV1R4,T2,3515.7,3148.363,1871.29,2179.637,65.024,48.136,6.53955722386523,0.118747336116749,6.93228956228956,1.029445,37.29,999
2007,15/09/2007,258,2006,15-May,9,sugar,alive,1,396,2005,15/8/2006,135,0,0,348,2007,21,2039,7069.44,6286.21,5600.64,172.167,3045.56,14687.9,20024.108,8009.642,96.412,18.858,95.8,69.612,5.572,3.061,6526.566,6529.627,78527.446,0.82,16,2240,940.5,923.337,783.961,431.29,1225.425,250.267,1475.692,3.043,6530.514,2.124,6532.638,78817.838,200,259.609,313.275,8.166,11.612,3.712,1.959,6767.757,380.866,0.951,4322.1,15.9,1728.9,0,0,17.498,28.527,19.722,130.2,Burdekin,AyrDPI,Kala,1957,Furrow,BareFallow,77,Surf1,200,140,LowFreq,0,P2R,15MayV1R4,T2,3180.5,2671.29,1707.298,1957.565,23.49,15.324,6.44508832811114,0.116668654434665,6.40026022304833,0.860835,30.456,999
2008,14/10/2008,288,2007,15-May,9,sugar,alive,2,395,2005,15/9/2007,135,0,0,348,2008,21,2039,7262.63,6432.94,5752.17,176.473,3331.93,15104.6,16158.56,6463.424,70.666,20.323,94.8,67.122,3.082,2.124,6530.514,6532.638,78817.838,0.823,16,2240,1330.4,1124.653,960.513,541.825,1244.516,244.107,1488.623,6.464,6527.771,2.444,6530.216,78847.304,200,265.916,318.102,11.623,8.176,3.844,2.595,7119.063,383.074,0.961,4618.8,17,1847.5,0,0,18.056,28.888,19.529,108.2,Burdekin,AyrDPI,Kala,1957,Furrow,BareFallow,77,Surf1,200,140,LowFreq,0,P2R,15MayV1R4,T2,3570.4,2781.825,2085.166,2329.273,23.643,12.02,6.34378510510187,0.118547812307078,6.56033457249071,0.882365,33.319,999
2009,14/11/2009,318,2008,15-May,9,sugar,alive,3,396,2005,14/10/2008,135,0,0,348,2009,21,2039,6945.28,6094.48,5450.06,166.382,3067.96,14952.2,16764.806,6705.923,76.383,19.78,92.6,63.733,0,2.444,6527.771,6530.216,78847.304,0.821,15,2100,1794.7,1309.146,1110.462,582.337,1215.157,262.982,1478.139,4.439,6513.86,3.245,6517.105,78602.238,200,260.787,332.11,14.512,22.159,3.837,3.096,7353.748,385.324,0.961,4649.8,17.1,1859.9,0,0,18.56,29.611,19.509,197.2,Burdekin,AyrDPI,Kala,1957,Furrow,BareFallow,77,Surf1,200,140,LowFreq,0,P2R,15MayV1R4,T2,3894.7,2682.337,2419.608,2682.59,40.508,25.996,6.20287458287307,0.112561809139736,6.52478431372549,0.83191,30.68,999
2010,16/12/2010,350,2009,15-May,9,sugar,alive,4,397,2005,14/11/2009,135,0,2,348,2010,19,2039,7440.17,6574.79,5796.52,178.418,3384.99,16436.6,16661.712,6664.685,77.644,20.436,90.4,60.685,0,3.245,6513.86,6517.105,78602.238,0.819,17,2380,1603.7,1309.177,1105.583,800.597,1185.879,255.743,1441.622,6.271,6488.127,1.028,6489.155,78266.621,200,240.672,343.008,17.159,56.326,3.107,3.637,7508.794,387.623,0.915,3517.6,12.9,1407,0,0,19.701,29.166,17.825,135.2,Burdekin,AyrDPI,Kala,1957,Furrow,BareFallow,77,Surf1,200,140,LowFreq,0,P2R,15MayV1R4,T2,3983.7,3180.597,2414.76,2670.503,76.592,59.433,5.60957581233963,0.123761984764383,6.30452296819788,0.89209,33.85,999
2011,15/05/2011,135,0,15-May,9,none,out,-1,0,2005,0.000,135,0,2,350,-1,19,2041,0,0,0,0,0,0,16961.002,6784.401,66.428,0,0,188.004,123.964,1.028,6488.127,6489.155,78266.621,0.815,0,0,895.5,573.928,88.376,413.292,0,249.434,249.434,0.123,6573.359,11.949,6585.307,80785.239,0,0,29.585,0.386,2.233,0.035,0.072,3911.746,388.506,0.511,1021.1,4,408.4,0,0,21.619,30.26,17.661,75.6,Burdekin,AyrDPI,Kala,1957,Furrow,BareFallow,77,Surf1,200,140,LowFreq,0,P2R,15MayV1R4,T2,895.5,413.292,662.304,911.738,2.654,2.268,0,0,0,,0,999
2012,14/08/2012,227,2011,15-May,10,sugar,alive,0,457,2011,15/5/2011,135,0,0,348,2012,21,2039,9180.2,8269.49,7252.75,224.612,3908.93,19274.5,0,0,0,18.506,163.8,171.766,171.766,11.949,6573.359,6585.307,80785.239,0.817,17,2380,1170.2,967.545,834.651,648.035,1536.289,289.587,1825.877,5.539,6438.19,1.367,6439.556,77583.42,200,352.159,393.001,10.047,22.068,7.952,2.426,7309.663,391.2,0.985,6041.1,22.1,2416.4,0,0,16.72,28.147,18.583,197.4,Burdekin,AyrDPI,Kala,1957,Furrow,BareFallow,77,Surf1,200,140,LowFreq,0,P2R,15MayV1R4,T2,3550.2,3028.035,1802.196,2091.783,40.067,30.02,7.4177478133509,0.123015953429503,7.93681978798587,1.12306,39.089,999
2013,14/09/2013,257,2012,15-May,10,sugar,alive,1,396,2011,14/8/2012,135,0,0,348,2013,21,2039,6777.7,5966.48,5378.37,164.498,2976.72,13993.3,21518.249,8607.299,95.248,19.358,91.7,93.894,29.854,1.367,6438.19,6439.556,77583.42,0.808,17,2380,535.4,715.104,802.767,355.249,1187.833,247.923,1435.756,2.091,6446.964,2.112,6449.076,77850.229,200,258.065,309.85,6.88,8.54,3.675,1.726,7060.025,393.58,0.957,4506.9,16.6,1802.8,0,0,18.05,29.079,20.08,178.6,Burdekin,AyrDPI,Kala,1957,Furrow,BareFallow,77,Surf1,200,140,LowFreq,0,P2R,15MayV1R4,T2,2915.4,2735.249,1517.871,1765.794,19.095,12.215,6.01400457508622,0.114572392523521,5.81265017667845,0.82249,29.767,999
2014,14/10/2014,287,2013,15-May,10,sugar,alive,2,395,2011,14/9/2013,135,0,0,348,2014,21,2039,7251.43,6409.72,5760.38,176.437,3147.38,14910.5,15725.21,6290.084,65.956,19.041,99.6,55.667,0,2.112,6446.964,6449.076,77850.229,0.811,18,2520,730.4,844.428,933.808,412.213,1224.814,247.891,1472.705,5.217,6438.943,2.27,6441.213,77799.391,200,269.424,322.78,11.338,11.391,2.774,2.516,7169.018,395.998,0.967,4881.7,17.9,1952.7,0,0,18.127,29.166,20.069,86.2,Burdekin,AyrDPI,Kala,1957,Furrow,BareFallow,77,Surf1,200,140,LowFreq,0,P2R,15MayV1R4,T2,3250.4,2932.213,1778.236,2026.127,25.503,14.165,6.01719588583776,0.11980471309597,5.94063973063973,0.882185,31.474,999
2015,14/11/2015,318,2014,15-May,10,sugar,alive,3,396,2011,14/10/2014,135,0,0,348,2015,21,2039,7095.63,6201.08,5676.28,172.817,3250.57,14193.5,16823.3,6729.321,76.87,20.236,99.7,55.125,0,2.27,6438.943,6441.213,77799.391,0.809,19,2660,382.4,707.344,754.597,234.739,1331.419,250.264,1581.683,2.935,6425.333,2.779,6428.111,77628.306,200,271.81,334.977,10.203,18.389,2.923,2.333,7413.747,398.452,0.978,5434.4,20,2173.8,0,0,18.652,30.213,20.932,83.4,Burdekin,AyrDPI,Kala,1957,Furrow,BareFallow,77,Surf1,200,140,LowFreq,0,P2R,15MayV1R4,T2,3042.4,2894.739,1461.941,1712.205,31.515,21.312,5.97003736779033,0.109261463896369,5.55681672025724,0.864085,32.506,999
2016,13/12/2016,348,2015,15-May,10,sugar,alive,4,395,2011,14/11/2015,135,0,0,348,2016,21,2039,6768.16,5871.13,5298.88,160.986,2653.25,14692.8,16683.739,6673.495,79.102,17.372,102,53.902,0,2.779,6425.333,6428.111,77628.306,0.807,18,2520,606.4,828.058,808.772,447.063,1203.587,269.917,1473.504,4.496,6407.125,3.916,6411.041,77239.249,200,270.551,344.278,16.556,18.706,2.765,3.519,7723.06,400.938,0.935,3897.2,14.3,1558.9,0,0,19.777,30.41,19.159,43.6,Burdekin,AyrDPI,Kala,1957,Furrow,BareFallow,77,Surf1,200,140,LowFreq,0,P2R,15MayV1R4,T2,3126.4,2967.063,1636.83,1906.747,38.027,21.471,5.4257695235996,0.109253860186331,5.42040404040404,0.80493,26.532,999
2017,15/05/2017,135,0,15-May,10,none,out,-1,0,2011,0.000,135,0,0,348,-1,21,2039,0,0,0,0,0,0,15801.532,6320.613,77.166,0,0,69.967,5.927,3.916,6407.125,6411.041,77239.249,0.804,0,0,605.4,227.769,85.509,398.771,0,192.705,192.705,0.204,6494.983,19.804,6514.786,78887.625,0,0,36.771,0.432,1.244,0.085,0.088,4367.143,401.919,0.473,916.2,4.5,366.5,0,0,21.92,31.516,17.935,106.2,Burdekin,AyrDPI,Kala,1957,Furrow,BareFallow,77,Surf1,200,140,LowFreq,0,P2R,15MayV1R4,T2,605.4,398.771,313.278,505.983,1.761,1.329,0,0,0,,0,999
2018,15/08/2018,227,2017,15-May,11,sugar,alive,0,457,2017,15/5/2017,135,0,0,348,2018,21,2039,7395.89,6463.27,5887.85,179.206,3128.6,15080.4,0,0,0,18.574,157.3,169.385,169.385,19.804,6494.983,6514.786,78887.625,0.805,18,2520,862.3,966.924,921.439,383.901,1332.451,273.36,1605.811,7.78,6337.167,3.635,6340.802,76231.405,200,342.924,409.495,15.268,48.908,10.352,3.441,6454.997,404.859,0.984,5911.3,21.7,2364.5,0,0,17.386,29.082,17.25,130.4,Burdekin,AyrDPI,Kala,1957,Furrow,BareFallow,77,Surf1,200,140,LowFreq,0,P2R,15MayV1R4,T2,3382.3,2903.901,1888.363,2161.723,74.528,59.26,6.17121589200183,0.111598438421458,6.03387205387205,0.89603,31.286,999
2019,15/09/2019,258,2018,15-May,11,sugar,alive,1,396,2017,15/8/2018,135,0,0,348,2019,21,2039,5942.12,5141.25,4621.46,139.234,2202.72,13206.6,17842.946,7137.179,96.642,16.559,93.2,57.511,0,3.635,6337.167,6340.802,76231.405,0.796,14,1960,1209.8,1016.684,867.625,506.741,1050.69,240.13,1290.82,5.559,6331.369,2.094,6333.463,76293.151,200,257.516,309.361,11.82,14.707,2.131,2.62,6206.833,407.447,0.959,4574.8,16.8,1829.9,0,0,18.153,29.445,17.39,92.8,Burdekin,AyrDPI,Kala,1957,Furrow,BareFallow,77,Surf1,200,140,LowFreq,0,P2R,15MayV1R4,T2,3169.8,2466.741,1884.309,2124.439,28.658,16.838,5.64445152531214,0.107864768131885,5.77734439834025,0.69617,22.027,999
2020,14/10/2020,288,2019,15-May,11,sugar,alive,2,395,2017,15/9/2019,135,0,0,348,2020,21,2039,6737.19,5907.6,5282.31,160.727,2588.78,14548.8,15114.163,6045.665,77.346,16.911,97.8,52.182,0,2.094,6331.369,6333.463,76293.151,0.798,16,2240,1063.7,842.434,1011.721,404.917,1215.435,232.833,1448.267,7.487,6318.42,1.875,6320.295,76232.825,200,266.664,320.41,10.153,14.192,3.057,2.341,6451.125,410.067,0.969,4951.8,18.2,1980.7,0,0,18.555,29.802,18.842,327.8,Burdekin,AyrDPI,Kala,1957,Furrow,BareFallow,77,Surf1,200,140,LowFreq,0,P2R,15MayV1R4,T2,3303.7,2644.917,1854.155,2086.988,27.402,17.249,6.07682585124599,0.110978845751509,5.97498141263941,0.803635,25.888,999
2021,15/11/2021,319,2020,15-May,11,sugar,alive,3,397,2017,14/10/2020,135,0,1,348,2021,20,2039,6463.51,5670.08,5047.6,154.24,2683.81,14159.1,16575.548,6630.219,82.789,18.502,77.8,53.459,0,1.875,6318.42,6320.295,76232.825,0.796,17,2380,1117.3,1122.318,1032.691,475.849,1065.249,241.809,1307.058,5.628,6310.022,2.732,6312.754,76072.953,200,223.973,321.235,13.398,50.749,3.164,2.921,6826.212,412.74,0.932,3842,14.1,1536.8,0,0,19.446,29.65,17.425,132.4,Burdekin,AyrDPI,Kala,1957,Furrow,BareFallow,77,Surf1,200,140,LowFreq,0,P2R,15MayV1R4,T2,3497.3,2855.849,2155.009,2396.818,67.311,53.913,5.40084577300831,0.118005474890938,5.45017667844523,0.7712,26.838,999
1958,15/05/1958,135,0,15-May,0,none,out,-1,0,-1,0.000,135,0,0,348,-1,21,2039,0,0,0,0,0,0,0,0,0,0,0,0,0,0,0,0,0,1.165,0,0,890.5,244.918,295.171,414.703,0,216.55,216.55,13.711,8911.035,214.438,9125.473,105207.118,0,0,290.013,30.792,55.19,2.514,6.036,3045.379,350,0.009,13.2,0.1,5.3,0,0,21.701,30.742,17.773,136.1,Burdekin,AyrDPI,Kala,1958,Furrow,BareFallow,77,Surf1,200,140,LowFreq,0,P2R,15MayV1R4,T2,890.5,414.703,540.089,756.639,88.496,57.704,0,0,0,,0,999
1959,15/08/1959,227,1958,15-May,1,sugar,alive,0,457,1958,15/5/1958,135,0,0,348,1959,21,2039,8113.61,7170.75,6440.59,197.487,3149.17,16730.2,0,0,0,16.714,255,171.061,171.061,214.438,8911.035,9125.473,105207.118,1.129,17,2380,941.6,818.31,882.933,575.615,1399.318,328.459,1727.778,16.664,8576,8.665,8584.665,102864.303,200,482.133,591.242,67.273,224.208,11.898,13.285,6240.763,350,0.973,5183.9,19,2073.6,0,0,16.568,28.135,18.952,162.8,Burdekin,AyrDPI,Kala,1958,Furrow,BareFallow,77,Surf1,200,140,LowFreq,0,P2R,15MayV1R4,T2,3321.6,2955.615,1701.243,2029.702,303.379,236.106,6.68175658873027,0.114301142855158,6.97833922261484,0.987435,31.492,999
1960,14/09/1960,258,1959,15-May,1,sugar,alive,1,396,1958,15/8/1959,135,0,0,348,1960,21,2039,6799.4,5932.89,5285.8,160.511,2511.39,15136,18626.966,7450.786,98.701,16.345,139.7,63.641,0,8.665,8576,8584.665,102864.303,1.091,16,2240,1107.6,936.565,1024.02,510.898,1149.333,246.227,1395.56,6.536,8510.106,6.223,8516.329,102291.547,200,319.578,391.576,16.393,18.477,3.311,3.554,7326.947,350,0.961,4620.7,17,1848.3,0,0,17.494,28.356,20.039,210.1,Burdekin,AyrDPI,Kala,1958,Furrow,BareFallow,77,Surf1,200,140,LowFreq,0,P2R,15MayV1R4,T2,3347.6,2750.898,1960.585,2206.812,38.181,21.788,5.83485828991115,0.115015477657714,5.96695167286245,0.802555,25.114,999
1961,14/10/1961,287,1960,15-May,1,sugar,alive,2,395,1958,14/9/1960,135,0,0,348,1961,21,2039,7147.27,6321.14,5583.76,171.254,3020.94,15635.1,16793.226,6717.291,95.209,18.797,144.5,55.095,0,6.223,8510.106,8516.329,102291.547,1.082,18,2520,490.9,713.027,701.921,314.014,1333.158,266.444,1599.602,4.066,8430.987,5.905,8436.892,101368.204,200,334.984,399.54,15.128,17.017,3.239,3.264,7831.303,350,0.955,4434.3,16.3,1773.7,0,0,16.939,29.173,21.112,63.2,Burdekin,AyrDPI,Kala,1958,Furrow,BareFallow,77,Surf1,200,140,LowFreq,0,P2R,15MayV1R4,T2,3010.9,2834.014,1414.948,1681.392,35.384,20.256,6.04280712798173,0.107060381269841,5.76612794612795,0.85627,30.209,999
1962,14/11/1962,318,1961,15-May,1,sugar,alive,3,396,1958,14/10/1961,135,0,0,348,1962,21,2039,6860.35,5994.19,5357.52,163.457,2718.85,15028.3,17058.992,6823.598,94.116,17.559,132.1,51.445,0,5.905,8430.987,8436.892,101368.204,1.07,16,2240,942.7,841.842,795.155,508.514,1268.458,276.233,1544.691,6.978,8354.376,7.551,8361.927,100380.49,200,311.375,400.398,22.3,29.957,4.041,4.581,8025.028,350,0.953,4366,16,1746.4,0,0,17.883,29.608,20.496,102.1,Burdekin,AyrDPI,Kala,1958,Furrow,BareFallow,77,Surf1,200,140,LowFreq,0,P2R,15MayV1R4,T2,3182.7,2748.514,1636.997,1913.23,56.298,33.998,5.94710450810875,0.10581857471818,6.07646840148699,0.817285,27.188,999
1963,14/12/1963,348,1962,15-May,1,sugar,alive,4,395,1958,14/11/1962,135,0,0,348,1963,21,2039,5976.64,5212.57,4688,143.705,2480.34,12886.5,16485.125,6594.05,88.789,18.33,114.2,52.457,0,7.551,8354.376,8361.927,100380.49,1.059,15,2100,1159,1063.07,830.555,552.84,1067.971,304.367,1372.338,9.022,8271.986,9.198,8281.184,99346.718,200,266.086,387.985,38.716,57.507,2.836,7.527,7335.544,350,0.929,3780.1,13.9,1512,0,0,17.523,29.03,19.693,91.9,Burdekin,AyrDPI,Kala,1958,Furrow,BareFallow,77,Surf1,200,140,LowFreq,0,P2R,15MayV1R4,T2,3259,2652.84,1893.625,2197.992,99.059,60.343,5.41702477345034,0.104715456396311,5.63549019607843,0.718525,24.803,999
1964,14/05/1964,135,0,15-May,1,none,out,-1,0,1958,0.000,135,0,0,348,-1,21,2039,0,0,0,0,0,0,14166.589,5666.636,77.498,0,0,45.495,0,9.198,8271.986,8281.184,99346.718,1.048,0,0,453.9,118.343,41.247,360.685,0,169.342,169.342,0.103,8320.836,61.93,8382.766,100047.117,0,0,75.356,2.943,0.537,0.024,0.474,4733.196,350,0.457,872.1,4.8,348.8,0,0,21.305,31.506,19.237,92.7,Burdekin,AyrDPI,Kala,1958,Furrow,BareFallow,77,Surf1,200,140,LowFreq,0,P2R,15MayV1R4,T2,453.9,360.685,159.59,328.932,3.504,0.561,0,0,0,,0,999
1965,14/08/1965,226,1964,15-May,2,sugar,alive,0,457,1964,14/5/1964,135,0,0,348,1965,21,2039,7681.7,6737.51,6032.55,183.638,3356.5,16491.5,0,0,0,19.582,203.5,170.462,170.462,61.93,8320.836,8382.766,100047.117,1.044,18,2520,923.9,897.349,864.822,542.053,1460.836,330.094,1790.93,7.864,8095.02,5.233,8100.253,97131.016,200,413.85,483.616,31.164,74.733,8.985,6.484,6878.895,350,0.982,5769.7,21.2,2307.9,0,0,16.633,28.818,18.791,107.4,Burdekin,AyrDPI,Kala,1958,Furrow,BareFallow,77,Surf1,200,140,LowFreq,0,P2R,15MayV1R4,T2,3443.9,3062.053,1762.171,2092.265,114.882,83.718,5.99721820621655,0.102537787629891,6.18309764309764,0.91819,33.565,999
1966,14/09/1966,257,1965,15-May,2,sugar,alive,1,396,1964,14/8/1965,135,0,0,348,1966,21,2039,7149.47,6295.93,5487.36,167.388,2852.71,16621.1,18921.995,7568.798,101.084,18.062,124.4,61.261,0,5.233,8095.02,8100.253,97131.016,1.027,18,2520,392.1,654.712,735.743,277.659,1280.097,238.189,1518.286,2.923,8044.372,4.722,8049.094,96685.657,200,301.116,367.153,12.45,22.604,2.737,2.821,7287.676,350,0.949,4239.4,15.6,1695.7,0,0,17.613,28.709,19.595,102.9,Burdekin,AyrDPI,Kala,1958,Furrow,BareFallow,77,Surf1,200,140,LowFreq,0,P2R,15MayV1R4,T2,2912.1,2797.659,1390.455,1628.644,37.791,25.341,5.98314519389247,0.110248003340609,5.6359595959596,0.83694,28.527,999
1967,14/10/1967,287,1966,15-May,2,sugar,alive,2,395,1964,14/9/1966,135,0,0,348,1967,21,2039,6727.12,5932.93,5265.74,161.066,2643.54,14613.8,17731.409,7092.564,86.365,17.288,122.4,64.62,0.58,4.722,8044.372,8049.094,96685.657,1.022,16,2240,809.7,812.737,810.397,440.595,1180.123,259.93,1440.052,4.395,7990.208,5.034,7995.242,96143.986,200,298.467,370.14,20.184,19.765,3.31,4.205,7506.531,350,0.955,4428.2,16.3,1771.3,0,0,17.992,28.818,20.041,154.9,Burdekin,AyrDPI,Kala,1958,Furrow,BareFallow,77,Surf1,200,140,LowFreq,0,P2R,15MayV1R4,T2,3049.7,2680.595,1623.134,1883.064,43.259,23.075,6.00859137616835,0.111847349956807,5.98758364312268,0.80533,26.435,999
1968,13/11/1968,318,1967,15-May,2,sugar,alive,3,396,1964,14/10/1967,135,0,0,348,1968,21,2039,6872.6,6061.33,5392.23,165.105,2747.71,14803.7,16185.664,6474.267,81.05,17.57,121.8,51.134,0,5.034,7990.208,7995.242,96143.986,1.014,17,2380,1461.8,1213.475,1179.297,492.165,1158.942,286.887,1445.829,8.394,7931.32,5.817,7937.137,95405.873,200,295.124,373.487,19.596,28.864,3.737,4.056,7666.138,350,0.954,4400,16.2,1760,0,0,18.116,28.915,20.428,187.9,Burdekin,AyrDPI,Kala,1958,Furrow,BareFallow,77,Surf1,200,140,LowFreq,0,P2R,15MayV1R4,T2,3841.8,2872.165,2392.772,2679.659,52.197,32.601,5.74845108132715,0.11419400219528,5.83409893992933,0.825525,27.477,999
1969,13/12/1969,347,1968,15-May,2,sugar,alive,4,395,1964,13/11/1968,135,0,0,348,1969,21,2039,6707.93,5863.09,5227.39,160.056,2735.33,14805.4,16323.1,6529.24,84.071,18.12,132,54.333,0,5.817,7931.32,7937.137,95405.873,1.005,20,2800,258,710.668,857.79,225.504,1209.347,278.4,1487.746,4.899,7855.161,6.641,7861.802,94362.43,200,305.994,392.922,19.292,34.419,4.226,4.055,7898.673,350,0.918,3574.3,13.2,1429.7,0,0,18.235,29.838,20.84,46.5,Burdekin,AyrDPI,Kala,1958,Furrow,BareFallow,77,Surf1,200,140,LowFreq,0,P2R,15MayV1R4,T2,3058,3025.504,1568.458,1846.858,57.937,38.645,5.29022602515151,0.107582880411038,4.9248,0.80028,27.353,999
1970,15/05/1970,135,0,15-May,2,none,out,-1,0,1964,0.000,135,0,0,348,-1,21,2039,0,0,0,0,0,0,15622.746,6249.099,83.885,0,0,56.129,0,6.641,7855.161,7861.802,94362.43,0.995,0,0,544.4,168.705,104.02,332.168,0,156.013,156.013,0.195,7927.608,42.613,7970.221,95529.622,0,0,54.407,0.889,0.749,0.17,0.151,4637.02,350,0.558,1165,6.3,466,0,0,21.018,31.292,20.188,133.6,Burdekin,AyrDPI,Kala,1958,Furrow,BareFallow,77,Surf1,200,140,LowFreq,0,P2R,15MayV1R4,T2,544.4,332.168,272.725,428.738,1.808,0.919,0,0,0,,0,999
1971,15/08/1971,227,1970,15-May,3,sugar,alive,0,457,1970,15/5/1970,135,0,0,348,1971,21,2039,8037.87,7134.35,6335.61,194.122,3278.84,17022.6,0,0,0,17.875,191.9,171.791,171.791,42.613,7927.608,7970.221,95529.622,0.993,16,2240,1178,861.51,963.204,770.465,1406.712,291.197,1697.909,6.239,7723.922,5.523,7729.446,92684.508,200,399.271,463.289,21.197,58.465,11.64,4.627,7122.294,350,0.98,5575.2,20.5,2230.1,0,0,16.806,28.315,18.842,220,Burdekin,AyrDPI,Kala,1958,Furrow,BareFallow,77,Surf1,200,140,LowFreq,0,P2R,15MayV1R4,T2,3418,3010.465,1824.714,2115.911,91.302,70.105,6.44823972376361,0.114330037711091,7.2164312267658,0.97061,32.788,999
1972,14/09/1972,258,1971,15-May,3,sugar,alive,1,396,1970,15/8/1971,135,0,0,348,1972,21,2039,6416.08,5599.71,4980.61,151.156,2453.86,14354.8,19208.063,7683.225,101.625,17.068,114.7,67.169,3.129,5.523,7723.922,7729.446,92684.508,0.978,15,2100,1435.2,1075.107,990.629,488.139,1211.616,265.96,1477.576,7.47,7677.966,4.24,7682.206,92348.578,200,290.402,351.494,16.94,19.565,4.611,3.626,6965.468,350,0.958,4539.5,16.7,1815.8,0,0,16.759,28.732,19.826,206.2,Burdekin,AyrDPI,Kala,1958,Furrow,BareFallow,77,Surf1,200,140,LowFreq,0,P2R,15MayV1R4,T2,3535.2,2588.139,2065.736,2331.696,41.116,24.176,5.8403354688446,0.102299983215753,5.9276862745098,0.75578,24.539,999
1973,14/10/1973,287,1972,15-May,3,sugar,alive,2,395,1970,14/9/1972,135,0,0,348,1973,21,2039,7055.56,6252.79,5394.26,164.877,2657.87,16613,16060.15,6424.059,84.011,16.928,125.8,59.057,0,4.24,7677.966,7682.206,92348.578,0.975,16,2240,1125.6,971.828,905.902,578.318,1206.612,249.814,1456.427,4.991,7629.868,4.009,7633.878,91746.731,200,303.606,365.739,14.97,15.452,3.191,3.254,7610.171,350,0.936,3933.6,14.5,1573.4,0,0,18.389,29.085,19.8,108.5,Burdekin,AyrDPI,Kala,1958,Furrow,BareFallow,77,Surf1,200,140,LowFreq,0,P2R,15MayV1R4,T2,3365.6,2818.318,1877.73,2127.544,33.613,18.643,5.85019149719797,0.113206497819664,6.12925650557621,0.824385,26.579,999
1974,14/11/1974,318,1973,15-May,3,sugar,alive,3,396,1970,14/10/1973,135,0,0,348,1974,21,2039,6116.74,5445.07,4778.38,147.705,2802.66,13383.7,17464.667,6985.865,82.595,20.439,85.3,90.5,26.46,4.009,7629.868,7633.878,91746.731,0.968,14,1960,1952.2,1596.432,1032.038,773.865,1006.573,300.764,1307.337,5.271,7581.906,5.259,7587.165,91190.06,200,222.23,359.746,31.717,70.634,6.395,6.271,7158.399,350,0.884,3081.6,11.3,1232.6,0,0,17.922,28.466,18.8,152.9,Burdekin,AyrDPI,Kala,1958,Furrow,BareFallow,77,Surf1,200,140,LowFreq,0,P2R,15MayV1R4,T2,3912.2,2733.865,2628.47,2929.234,108.746,77.029,5.40279055476404,0.112981580112855,6.12883817427386,0.738525,28.027,999
1975,17/12/1975,351,1974,15-May,3,sugar,alive,4,398,1970,14/11/1974,135,0,3,348,1975,18,2039,7797.05,6916.18,6050.7,186.787,3420.32,17463.5,13995.433,5598.173,65.156,19.623,109.8,66.893,2.853,5.259,7581.906,7587.165,91190.06,0.96,17,2380,1304,1039.799,945.936,818.587,1278.201,303.507,1581.708,6.095,7517.159,1.192,7518.352,90479.321,200,273.194,374.348,28.698,42.933,8.154,5.812,7437.459,350,0.92,3603.5,13.2,1441.4,0,0,18.667,28.814,19.745,179.8,Burdekin,AyrDPI,Kala,1958,Furrow,BareFallow,77,Surf1,200,140,LowFreq,0,P2R,15MayV1R4,T2,3684,3198.587,1985.735,2289.242,79.785,51.087,5.83967233031336,0.118091961348112,6.60024734982332,0.933935,34.203,999
1976,14/05/1976,135,0,15-May,3,none,out,-1,0,1970,0.000,135,0,3,351,-1,18,2042,0,0,0,0,0,0,17906.967,7162.787,75.982,0,0,183.45,119.41,1.192,7517.159,7518.352,90479.321,0.951,0,0,1322.6,856.02,255.1,372.141,0,218.791,218.791,0.401,7595.937,18.665,7614.602,92621.97,0,0,35.044,0.486,2.391,0.086,0.086,4287.17,350,0.549,1139,4.8,455.6,0,0,21.45,30.103,18.446,139.2,Burdekin,AyrDPI,Kala,1958,Furrow,BareFallow,77,Surf1,200,140,LowFreq,0,P2R,15MayV1R4,T2,1322.6,372.141,1111.12,1329.911,2.963,2.477,0,0,0,,0,999
1977,14/08/1977,226,1976,15-May,4,sugar,alive,0,457,1976,14/5/1976,135,0,0,348,1977,21,2039,7686.26,6740.66,6115.9,186.317,2907.7,15703.6,0,0,0,16.296,179,176.139,176.139,18.665,7595.937,7614.602,92621.97,0.952,17,2380,1385,1137.648,1178.322,529.223,1283.748,279.835,1563.583,7.643,7423.742,5.252,7428.995,89232.473,200,378.008,432.622,15.131,30.046,8.345,3.408,7428.17,350,0.986,6145.8,22.5,2458.3,0,0,16.827,27.939,18.966,170.6,Burdekin,AyrDPI,Kala,1958,Furrow,BareFallow,77,Surf1,200,140,LowFreq,0,P2R,15MayV1R4,T2,3765,2909.223,2315.97,2595.805,53.522,38.391,6.40435607720687,0.119160287621444,6.58363957597173,0.931585,29.077,999
1978,14/09/1978,257,1977,15-May,4,sugar,alive,1,396,1976,14/8/1977,135,0,0,348,1978,21,2039,7657.99,6836.55,5954.18,183.348,3162.1,17038.1,18572.017,7428.807,99.72,18.313,116.1,61.586,0,5.252,7423.742,7428.995,89232.473,0.938,16,2240,956.1,764.956,861.287,600.159,1267.051,251.598,1518.649,4.756,7386.325,1.764,7388.089,88928.407,200,290.598,350.463,10.72,22.592,3.341,2.474,7150.125,350,0.951,4311.6,15.9,1724.6,0,0,17.622,28.221,20.415,150.6,Burdekin,AyrDPI,Kala,1958,Furrow,BareFallow,77,Surf1,200,140,LowFreq,0,P2R,15MayV1R4,T2,3196.1,2840.159,1626.243,1877.841,36.653,25.933,6.45555407285296,0.120730991822337,6.81591078066915,0.91674,31.621,999
1979,14/10/1979,287,1978,15-May,4,sugar,alive,2,395,1976,14/9/1978,135,0,0,348,1979,21,2039,6518.2,5768.46,5075.68,155.565,2623.25,14425.3,18147.185,7258.875,80.486,17.841,100.8,112.793,48.753,1.764,7386.325,7388.089,88928.407,0.936,16,2240,1484.7,1183.557,1251.658,527.88,1080.123,263.04,1343.163,8.935,7359.74,3.944,7363.684,88667.479,200,269.023,339.359,14.738,18.436,8.699,3.175,7323.754,350,0.942,4056.1,14.9,1622.5,0,0,18.01,28.393,19.377,350.7,Burdekin,AyrDPI,Kala,1958,Furrow,BareFallow,77,Surf1,200,140,LowFreq,0,P2R,15MayV1R4,T2,3724.7,2767.88,2435.215,2698.255,41.873,27.135,5.62036648987673,0.115819896766066,5.78308550185874,0.777825,26.233,999
1980,13/11/1980,318,1979,15-May,4,sugar,alive,3,396,1976,14/10/1979,135,0,0,348,1980,21,2039,7222.44,6390.84,5688.46,174.407,3025.7,15339.7,15709.174,6283.67,73.835,18.439,111.3,59.116,0,3.944,7359.74,7363.684,88667.479,0.931,18,2520,768.9,922.71,898.496,401.7,1216.559,259.165,1475.724,5.392,7313.56,4.246,7317.806,88133.299,200,282.197,358.585,14.063,34.442,3.437,3.071,7490.955,350,0.966,4849.2,17.8,1939.7,0,0,18.675,29.043,20.995,86.4,Burdekin,AyrDPI,Kala,1958,Furrow,BareFallow,77,Surf1,200,140,LowFreq,0,P2R,15MayV1R4,T2,3288.9,2921.7,1821.206,2080.371,51.942,37.879,5.96936714926242,0.118184023570803,5.87228956228956,0.872035,30.257,999
1981,13/12/1981,347,1980,15-May,4,sugar,alive,4,395,1976,13/11/1980,135,0,0,348,1981,21,2039,6398.85,5688.43,4983.84,154.602,3005.51,14150.1,17160.569,6864.227,81.937,21.012,89.9,51.086,0,4.246,7313.56,7317.806,88133.299,0.924,16,2240,1322.5,1155.198,923.062,705.782,1081.975,323.597,1405.572,7.687,7262.785,1.849,7264.633,87375.243,200,222.88,362.852,27.554,84.11,3.042,5.516,7397.656,350,0.835,2573.2,9.5,1029.3,0,0,18.284,28.692,19.048,104.8,Burdekin,AyrDPI,Kala,1958,Furrow,BareFallow,77,Surf1,200,140,LowFreq,0,P2R,15MayV1R4,T2,3562.5,2945.782,2078.26,2401.857,114.706,87.152,5.24824987049279,0.109992230920935,5.74728624535316,0.77301,30.055,999
1982,15/05/1982,135,0,15-May,4,none,out,-1,0,1976,0.000,135,0,0,348,-1,21,2039,0,0,0,0,0,0,14214.806,5685.923,59.216,0,0,129.754,65.714,1.849,7262.785,7264.633,87375.243,0.918,0,0,367.7,124.967,15.222,278.435,0,182.901,182.901,0.039,7320.496,38.824,7359.321,88361.041,0,0,51.495,1.349,0.668,0.064,0.187,4761.499,350,0.501,992.6,4.1,397,0,0,21.68,31.48,20.428,47.4,Burdekin,AyrDPI,Kala,1958,Furrow,BareFallow,77,Surf1,200,140,LowFreq,0,P2R,15MayV1R4,T2,367.7,278.435,140.189,323.09,2.081,0.732,0,0,0,,0,999
1983,15/08/1983,227,1982,15-May,5,sugar,alive,0,457,1982,15/5/1982,135,0,0,348,1983,21,2039,8329.97,7350.99,6604.36,202.37,3230.46,17256.1,0,0,0,16.735,177.7,174.364,174.364,38.824,7320.496,7359.321,88361.041,0.914,19,2660,648.7,861.933,852.302,394.411,1405.906,293.975,1699.881,5.93,7143.905,3.257,7147.162,85917.153,200,374.737,432.306,16.681,58.027,8.795,3.759,6493.151,350,0.985,6045.8,22.2,2418.3,0,0,16.847,28.122,19.134,95.4,Burdekin,AyrDPI,Kala,1958,Furrow,BareFallow,77,Surf1,200,140,LowFreq,0,P2R,15MayV1R4,T2,3308.7,3054.411,1714.235,2008.21,83.503,66.822,6.62549997364467,0.119049509936284,6.50707395498392,1.01185,32.305,999
1984,14/09/1984,258,1983,15-May,5,sugar,alive,1,396,1982,15/8/1983,135,0,0,348,1984,21,2039,7138.74,6352.39,5516.61,169.422,2965.91,16221.3,19806.621,7922.648,98.969,18.632,101.3,68.948,4.908,3.257,7143.905,7147.162,85917.153,0.902,18,2520,591.2,785.251,834.206,457.423,1238.171,246.594,1484.765,4.039,7129.472,2.967,7132.439,85865.687,200,273.089,331.269,10.097,14.744,3.324,2.336,7095.556,350,0.938,3963.6,14.6,1585.4,0,0,17.66,28.64,19.333,75.6,Burdekin,AyrDPI,Kala,1958,Furrow,BareFallow,77,Surf1,200,140,LowFreq,0,P2R,15MayV1R4,T2,3111.2,2977.423,1619.457,1866.051,28.165,18.068,5.69022271944564,0.114106946217078,5.70444444444444,0.84711,29.659,999
1985,14/10/1985,287,1984,15-May,5,sugar,alive,2,395,1982,14/9/1984,135,0,0,348,1985,21,2039,6683.09,5895.44,5238.93,160.166,2573.82,14441.6,17157.181,6862.872,76.163,16.866,101.6,75.926,11.886,2.967,7129.472,7132.439,85865.687,0.903,16,2240,788.1,761.851,836.374,583.395,1180.447,271.298,1451.745,3.865,7105.067,3.243,7108.31,85676.914,200,275.868,334.048,15.492,12.767,5.634,3.316,7141.662,350,0.959,4554.3,16.7,1821.7,0,0,17.489,28.667,19.694,111.4,Burdekin,AyrDPI,Kala,1958,Furrow,BareFallow,77,Surf1,200,140,LowFreq,0,P2R,15MayV1R4,T2,3028.1,2823.395,1598.225,1869.523,33.893,18.401,5.6728158830061,0.110326538062814,5.95412639405204,0.80083,25.738,999
1986,14/11/1986,318,1985,15-May,5,sugar,alive,3,396,1982,14/10/1985,135,0,0,348,1986,21,2039,7079.4,6282.14,5422.73,166.565,2827.33,16566.7,16146.482,6458.594,80.412,17.978,111.9,54.056,0,3.243,7105.067,7108.31,85676.914,0.898,17,2380,879.6,811.496,866.812,631.29,1252.116,297.044,1549.16,5.971,7058.421,3.334,7061.755,84971.522,200,278.779,362.408,21.176,32.294,2.759,4.38,7722.998,350,0.919,3596.3,13.2,1438.5,0,0,18.869,29.426,18.897,117.8,Burdekin,AyrDPI,Kala,1958,Furrow,BareFallow,77,Surf1,200,140,LowFreq,0,P2R,15MayV1R4,T2,3259.6,3011.29,1678.308,1975.352,56.229,35.053,5.53135035151048,0.107519558986806,5.8856890459364,0.832825,28.273,999
1987,14/12/1987,348,1986,15-May,5,sugar,alive,4,395,1982,14/11/1986,135,0,0,348,1987,21,2039,7151.41,6272.72,5533.56,169.27,2925.38,16178.5,17138.612,6855.445,77.546,18.357,115.2,86.189,22.149,3.334,7058.421,7061.755,84971.522,0.891,20,2800,383.2,630.785,948.057,367.577,1326.831,275.565,1602.396,5.109,7017.016,3.126,7020.142,84458.089,200,292.708,362.237,14.959,15.968,8.18,3.264,7756.949,350,0.931,3817,14,1526.8,0,0,18.845,30.042,20.152,46,Burdekin,AyrDPI,Kala,1958,Furrow,BareFallow,77,Surf1,200,140,LowFreq,0,P2R,15MayV1R4,T2,3183.2,3167.577,1578.842,1854.407,39.107,24.148,5.34383220991944,0.10563556074778,5.20830769230769,0.84635,29.254,999
1988,14/05/1988,135,0,15-May,5,none,out,-1,0,1982,0.000,135,0,0,348,-1,21,2039,0,0,0,0,0,0,16996.142,6798.456,83.552,0,0,88.151,24.111,3.126,7017.016,7020.142,84458.089,0.885,0,0,734.6,238.365,264.332,306.286,0,147.475,147.475,0.479,7099.409,27.949,7127.358,86027.757,0,0,42.611,0.41,0.837,0.118,0.116,4617.06,350,0.595,1290.9,6.3,516.4,0,0,21.278,31.055,20.053,254,Burdekin,AyrDPI,Kala,1958,Furrow,BareFallow,77,Surf1,200,140,LowFreq,0,P2R,15MayV1R4,T2,734.6,306.286,502.697,650.172,1.365,0.955,0,0,0,,0,999
1989,14/08/1989,226,1988,15-May,6,sugar,alive,0,457,1988,14/5/1988,135,0,0,348,1989,21,2039,8490.8,7595.06,6662.98,205.566,3482.48,18278.2,0,0,0,17.937,172.7,172.58,172.58,27.949,7099.409,7127.358,86027.757,0.885,16,2240,1486.8,1077.602,979.354,842.242,1453.033,309.639,1762.672,7.767,6925.221,2.062,6927.283,83278.697,200,365.537,430.775,19.452,52.945,9.605,4.247,6852.774,350,0.978,5479,20.1,2191.6,0,0,17.375,28.149,18.334,134.8,Burdekin,AyrDPI,Kala,1958,Furrow,BareFallow,77,Surf1,200,140,LowFreq,0,P2R,15MayV1R4,T2,3726.8,3082.242,2056.956,2366.595,82.002,62.55,6.6693660004633,0.116621810524023,7.64185873605948,1.02783,34.825,999
1990,14/09/1990,257,1989,15-May,6,sugar,alive,1,396,1988,14/8/1989,135,0,0,348,1990,21,2039,6577.61,5777.8,5157.33,157.391,2787.94,14202.8,20193.628,8077.451,96.99,18.888,94.9,79.752,15.712,2.062,6925.221,6927.283,83278.697,0.874,15,2100,1288.6,1213.505,794.252,480.734,1152.876,252.642,1405.518,2.427,6912.993,2.589,6915.582,83313.531,200,262.484,322.12,10.039,17.981,4.024,2.303,6713.173,350.712,0.961,4621.2,17,1848.5,0,0,17.279,28.597,19.939,103,Burdekin,AyrDPI,Kala,1958,Furrow,BareFallow,77,Surf1,200,140,LowFreq,0,P2R,15MayV1R4,T2,3388.6,2580.734,2007.757,2260.399,32.044,22.005,6.09869130255191,0.111980778616852,6.17219607843137,0.786955,27.879,999
1991,14/10/1991,287,1990,15-May,6,sugar,alive,2,395,1988,14/9/1990,135,0,0,348,1991,21,2039,6760.54,5922.96,5257.61,160.067,2831.14,15029.3,16000.422,6400.169,75.846,18.855,101.9,55.077,0,2.589,6912.993,6915.582,83313.531,0.874,16,2240,1680.4,1313.516,1202.922,392.671,1188.066,225.301,1413.366,4.712,6897.201,3.42,6900.621,83140.083,200,275.242,326.112,9.415,11.361,2.955,2.197,6894.209,352.383,0.966,4812.4,17.7,1925,0,0,17.386,28.895,19.58,204.4,Burdekin,AyrDPI,Kala,1958,Furrow,BareFallow,77,Surf1,200,140,LowFreq,0,P2R,15MayV1R4,T2,3920.4,2632.671,2516.438,2741.739,23.731,14.316,6.08002291209194,0.11325233520546,5.95044609665428,0.800335,28.311,999
1992,13/11/1992,318,1991,15-May,6,sugar,alive,3,396,1988,14/10/1991,135,0,0,348,1992,21,2039,7464.2,6590.11,5904.82,180.993,3317.5,15593.9,16865.438,6746.175,82.404,19.645,107.6,45.673,0,3.42,6897.201,6900.621,83140.083,0.871,19,2660,659.3,830.985,874.188,396.731,1328.74,275.732,1604.472,5.769,6870.41,3.388,6873.798,82856.873,200,281.328,348.789,14.475,18.611,3.142,3.133,7482.67,354.083,0.964,4749.7,17.4,1899.9,0,0,18.342,29.501,20.919,122.8,Burdekin,AyrDPI,Kala,1958,Furrow,BareFallow,77,Surf1,200,140,LowFreq,0,P2R,15MayV1R4,T2,3319.3,3056.731,1705.173,1980.905,36.228,21.753,5.92112946804936,0.112805334091215,5.81971061093248,0.904965,33.175,999
1993,13/12/1993,347,1992,15-May,6,sugar,alive,4,395,1988,13/11/1992,135,0,0,348,1993,21,2039,7363.07,6445.19,5846.09,179.567,3470.42,15169.8,17292.054,6916.821,81.581,20.872,95.9,55.329,0,3.388,6870.41,6873.798,82856.873,0.867,19,2660,597.5,791.329,885.581,433.986,1251.178,306.995,1558.173,5.079,6847.874,4.08,6851.954,82542.153,200,259.686,346.431,21.715,28.766,3.214,4.458,7649.637,355.821,0.927,3730.3,13.7,1492.1,0,0,18.53,29.19,20.484,72,Burdekin,AyrDPI,Kala,1958,Furrow,BareFallow,77,Surf1,200,140,LowFreq,0,P2R,15MayV1R4,T2,3257.5,3093.986,1676.91,1983.905,53.695,31.98,5.80374313264507,0.115242017413984,5.77385852090032,0.897835,34.704,999
1994,15/05/1994,135,0,15-May,6,none,out,-1,0,1988,0.000,135,0,0,348,-1,21,2039,0,0,0,0,0,0,16065.13,6426.051,74.7,0,0,77.746,13.706,4.08,6847.874,6851.954,82542.153,0.863,0,0,256.4,9.142,14.582,240.021,0,148.256,148.256,0.034,6923.062,29.233,6952.295,84426.508,0,0,43.397,0.25,0.054,0.011,0.094,4292.88,356.507,0.603,1321.1,6.1,528.5,0,0,21.403,31.292,20.384,46.8,Burdekin,AyrDPI,Kala,1958,Furrow,BareFallow,77,Surf1,200,140,LowFreq,0,P2R,15MayV1R4,T2,256.4,240.021,23.724,171.98,0.315,0.065,0,0,0,,0,999
1995,15/08/1995,227,1994,15-May,7,sugar,alive,0,457,1994,15/5/1994,135,0,0,348,1995,21,2039,9131.73,8143.14,7261.71,223.695,3906.42,18700.2,0,0,0,18.58,186.6,162.167,162.167,29.233,6923.062,6952.295,84426.508,0.861,20,2800,496.1,800.358,717.927,366.375,1541.473,289.148,1830.62,4.175,6767.069,2.03,6769.099,81438.323,200,386.002,422.791,12.889,28.03,7.505,2.996,7445.026,358.569,0.987,6215.3,22.8,2486.1,0,0,17.467,28.725,19.877,55.2,Burdekin,AyrDPI,Kala,1958,Furrow,BareFallow,77,Surf1,200,140,LowFreq,0,P2R,15MayV1R4,T2,3296.1,3166.375,1518.285,1807.433,48.424,35.535,7.0647033279381,0.122196305076968,6.88292307692308,1.118475,39.064,999
1996,14/09/1996,258,1995,15-May,7,sugar,alive,1,396,1994,15/8/1995,135,0,0,348,1996,21,2039,7401.83,6540.64,5896.76,180.691,3413.05,15050.7,21178.215,8471.288,96.999,20.333,103.2,109.362,45.322,2.03,6767.069,6769.099,81438.323,0.852,18,2520,564.9,666.207,895.018,367.034,1305.858,261.587,1567.445,3.397,6759.491,2.581,6762.072,81546.352,200,272.275,327.713,8.745,6.203,10.839,2.096,7467.008,360.388,0.959,4548.6,16.7,1819.4,0,0,19.055,29.44,20.405,107,Burdekin,AyrDPI,Kala,1958,Furrow,BareFallow,77,Surf1,200,140,LowFreq,0,P2R,15MayV1R4,T2,3084.9,2887.034,1561.225,1822.812,25.787,17.042,6.25870703289258,0.115277410052665,6.08387205387205,0.903455,34.131,999
1997,14/10/1997,287,1996,15-May,7,sugar,alive,2,395,1994,14/9/1996,135,0,0,348,1997,21,2039,7795.08,6914.92,6200.37,190.673,3537.93,15947.1,16659.433,6663.773,68.766,19.923,100.3,65.593,1.553,2.581,6759.491,6762.072,81546.352,0.853,17,2380,962.4,963.107,948.242,404.823,1176.263,256.249,1432.512,4.989,6754.587,2.704,6757.292,81610.33,200,273.617,325.492,9.335,9.133,3.91,2.159,7449.074,362.245,0.963,4726.1,17.3,1890.4,0,0,19.379,28.509,20.519,116.8,Burdekin,AyrDPI,Kala,1958,Furrow,BareFallow,77,Surf1,200,140,LowFreq,0,P2R,15MayV1R4,T2,3342.4,2784.823,1911.349,2167.598,22.378,13.043,6.84686243973136,0.133103946075146,6.73756183745583,0.953365,35.379,999
1998,14/11/1998,318,1997,15-May,7,sugar,alive,3,396,1994,14/10/1997,135,0,0,348,1998,21,2039,8402.1,7461.95,6608.74,203.64,3752.61,17933.7,17572.225,7028.891,76.342,19.766,100.8,64.132,0.092,2.704,6754.587,6757.292,81610.33,0.851,17,2380,1241.5,934.342,1123.56,700.008,1227.663,239.269,1466.932,4.113,6737.592,1.148,6738.74,81342.355,200,274.37,348.303,12.473,23.398,4.024,2.754,8126.81,364.136,0.953,4354,16,1741.6,0,0,20.755,29.053,19.326,189.6,Burdekin,AyrDPI,Kala,1958,Furrow,BareFallow,77,Surf1,200,140,LowFreq,0,P2R,15MayV1R4,T2,3621.5,3080.008,2057.902,2297.171,39.895,27.422,6.61167113851652,0.138820340683822,7.19575971731449,1.0182,37.526,999
1999,14/12/1999,348,1998,15-May,7,sugar,alive,4,395,1994,14/11/1998,135,0,0,348,1999,21,2039,7648.66,6773.63,6081.74,187.796,3671.3,15669.2,18944.543,7577.817,74.559,21.146,90.7,160.799,96.759,1.148,6737.592,6738.74,81342.355,0.848,18,2520,892.6,1022.298,1035.918,556.049,1139.64,302.055,1441.695,5.918,6730.454,3.317,6733.771,81278.762,200,255.602,328.513,22.7,12.419,9.487,4.577,8008.096,366.062,0.925,3700.5,13.6,1480.2,0,0,19.683,28.745,19.69,98.7,Burdekin,AyrDPI,Kala,1958,Furrow,BareFallow,77,Surf1,200,140,LowFreq,0,P2R,15MayV1R4,T2,3412.6,3076.049,2058.216,2360.271,44.606,21.906,6.10510430750616,0.13026056135313,6.32309764309764,0.93898,36.713,999
2000,14/05/2000,135,0,15-May,7,none,out,-1,0,1994,0.000,135,0,0,348,-1,21,2039,0,0,0,0,0,0,16464.215,6585.686,68.471,0,0,73.486,9.446,3.317,6730.454,6733.771,81278.762,0.845,0,0,1369.5,710.296,347.557,520.977,0,206.631,206.631,0.693,6827.275,12.139,6839.414,83470.785,0,0,31.837,0.979,2.856,0.285,0.115,4601.381,366.812,0.49,960.8,4,384.3,0,0,22.566,30.024,19.304,136,Burdekin,AyrDPI,Kala,1958,Furrow,BareFallow,77,Surf1,200,140,LowFreq,0,P2R,15MayV1R4,T2,1369.5,520.977,1057.853,1264.484,4.12,3.141,0,0,0,,0,999
2001,14/08/2001,226,2000,15-May,8,sugar,alive,0,457,2000,14/5/2000,135,0,0,348,2001,21,2039,8958.91,7886.94,7133.37,218.534,3770.75,18255.4,0,0,0,18.323,176.9,178.502,178.502,12.139,6827.275,6839.414,83470.785,0.847,19,2660,602.8,747.308,851.184,483.873,1488.387,288.636,1777.023,6.803,6665.157,4.191,6669.348,80220.954,200,373.914,423.817,12.757,24.813,8.213,2.977,7601.446,369.092,0.987,6209.3,22.8,2483.7,0,0,17.084,28.268,19.108,52,Burdekin,AyrDPI,Kala,1958,Furrow,BareFallow,77,Surf1,200,140,LowFreq,0,P2R,15MayV1R4,T2,3262.8,3143.873,1598.492,1887.128,45.783,33.026,6.95110775785154,0.122977586671641,7.02681672025723,1.09267,37.708,999
2002,14/09/2002,257,2001,15-May,8,sugar,alive,1,396,2000,14/8/2001,135,0,0,348,2002,21,2039,7370.03,6467.76,5807.43,176.962,3457.24,15625.9,20795,8317.998,97.748,21.13,103.1,65.787,1.747,4.191,6665.157,6669.348,80220.954,0.837,17,2380,810.4,665.646,883.331,328.913,1400.458,242.909,1643.367,2.988,6647.8,2.701,6650.502,80200.402,200,285.964,341.665,8.122,10.736,3.18,1.984,7429.7,371.106,0.97,4989.1,18.3,1995.7,0,0,18.187,30.127,20.983,206,Burdekin,AyrDPI,Kala,1958,Furrow,BareFallow,77,Surf1,200,140,LowFreq,0,P2R,15MayV1R4,T2,3190.4,2708.913,1548.977,1791.886,22.038,13.916,6.53258336461895,0.107682580945096,6.253074204947,0.88481,34.572,999
2003,14/10/2003,287,2002,15-May,8,sugar,alive,2,395,2000,14/9/2002,135,0,0,348,2003,21,2039,7520.76,6623.38,5959.27,182.218,3408.52,15615,17522.797,7009.119,78.919,20.108,105,63.842,0,2.701,6647.8,6650.502,80200.402,0.838,18,2520,462,669.867,686.066,291.3,1380.229,241.367,1621.596,2.221,6636.032,3.097,6639.129,80121.907,200,282.711,334.09,8.724,7.972,3.416,2.069,7500.15,373.156,0.973,5152.3,18.9,2060.9,0,0,18.19,29.917,21.248,51,Burdekin,AyrDPI,Kala,1958,Furrow,BareFallow,77,Surf1,200,140,LowFreq,0,P2R,15MayV1R4,T2,2982,2811.3,1355.933,1597.3,20.112,11.388,6.48162771671469,0.112369542105432,6.1352861952862,0.91109,34.085,999
2004,13/11/2004,318,2003,15-May,8,sugar,alive,3,396,2000,14/10/2003,135,0,0,348,2004,21,2039,7651.97,6772.5,6104.58,187.382,3461.86,15474,17652.196,7060.879,80.306,19.824,103.9,68.314,4.274,3.097,6636.032,6639.129,80121.907,0.835,18,2520,725.2,728.968,896.072,400.984,1377.435,256.616,1634.051,4.847,6622.298,2.8,6625.098,79985.576,200,280.307,340.758,11.101,11.828,5.033,2.512,7720.327,375.235,0.97,5015.6,18.4,2006.2,0,0,18.512,29.868,20.87,173.2,Burdekin,AyrDPI,Kala,1958,Furrow,BareFallow,77,Surf1,200,140,LowFreq,0,P2R,15MayV1R4,T2,3245.2,2920.984,1625.04,1881.656,27.962,16.861,6.41503000358783,0.114673287431053,6.30915824915825,0.93691,34.619,999
2005,13/12/2005,347,2004,15-May,8,sugar,alive,4,395,2000,13/11/2004,135,0,0,348,2005,21,2039,6977.89,6079.74,5616.37,171.953,3318.58,13615.1,17416.099,6966.44,80.301,20.838,91,54.422,0,2.8,6622.298,6625.098,79985.576,0.832,19,2660,749.3,852.443,1017.228,291.451,1258.403,281.8,1540.203,4.272,6603.268,3.758,6607.026,79657.619,200,248.328,340.64,18.532,40.87,2.5,3.88,7689.793,377.355,0.947,4185.9,15.4,1674.3,0,0,19.044,30.031,20.58,143.4,Burdekin,AyrDPI,Kala,1958,Furrow,BareFallow,77,Surf1,200,140,LowFreq,0,P2R,15MayV1R4,T2,3409.3,2951.451,1869.671,2151.471,61.902,43.37,5.82604962779325,0.111643075620551,5.52903536977492,0.859765,33.186,999
2006,15/05/2006,135,0,15-May,8,none,out,-1,0,2000,0.000,135,0,0,348,-1,21,2039,0,0,0,0,0,0,15130.834,6052.334,70.491,0,0,53.849,0,3.758,6603.268,6607.026,79657.619,0.829,0,0,800.6,298.856,209.908,412.715,0,167.578,167.578,0.307,6696.513,11.526,6708.039,81424.662,0,0,27.957,0.816,1.431,0.114,0.092,4338.616,378.19,0.531,1081.9,5,432.8,0,0,22.548,31.314,19.25,178.4,Burdekin,AyrDPI,Kala,1958,Furrow,BareFallow,77,Surf1,200,140,LowFreq,0,P2R,15MayV1R4,T2,800.6,412.715,508.764,676.342,2.361,1.545,0,0,0,,0,999
2007,15/08/2007,227,2006,15-May,9,sugar,alive,0,457,2006,15/5/2006,135,0,0,348,2007,21,2039,9208.17,8285.35,7320.46,226.853,3992.92,18877.2,0,0,0,18.75,174,178.107,178.107,11.526,6696.513,6708.039,81424.662,0.831,19,2660,1012,961.233,943.303,550.486,1550.918,317.789,1868.707,7.501,6538.506,2.183,6540.689,78750.162,200,364.531,415.183,13.452,30.336,8.443,3.105,6952.062,380.697,0.983,5797.4,21.3,2319,0,0,16.903,27.983,18.891,130.2,Burdekin,AyrDPI,Kala,1958,Furrow,BareFallow,77,Surf1,200,140,LowFreq,0,P2R,15MayV1R4,T2,3672,3210.486,1904.536,2222.325,52.231,38.779,7.0660018452035,0.121395703018183,7.29430868167203,1.134265,39.929,999
2008,14/09/2008,258,2007,15-May,9,sugar,alive,1,396,2006,15/8/2007,135,0,0,348,2008,21,2039,7299.48,6541.13,5758.3,177.612,3328.61,15411.8,20973.404,8389.361,94.673,20.151,90.7,76.864,12.824,2.183,6538.506,6540.689,78750.162,0.821,16,2240,1334.1,1117.396,949.957,546.542,1259.94,253.051,1512.992,4.417,6546.121,1.701,6547.822,79024.673,200,259.646,311.332,9.335,8.571,3.633,2.168,7165.861,382.903,0.945,4139.6,15.2,1655.8,0,0,17.841,28.663,19.218,108.2,Burdekin,AyrDPI,Kala,1958,Furrow,BareFallow,77,Surf1,200,140,LowFreq,0,P2R,15MayV1R4,T2,3574.1,2786.542,2067.353,2320.404,21.539,12.204,6.37392151275667,0.117391235379962,6.60267657992565,0.88806,33.286,999
2009,14/10/2009,287,2008,15-May,9,sugar,alive,2,395,2006,14/9/2008,135,0,0,348,2009,21,2039,6528.92,5699.61,5145.89,156.193,2658.74,13830.2,16618.632,6647.453,68.381,18.037,97.4,70.62,6.58,1.701,6546.121,6547.822,79024.673,0.825,13,1820,1789.1,1152.089,1096.633,578.602,1143.674,240.554,1384.228,7.254,6538.544,3.143,6541.687,78929.86,200,271.766,320.157,8.261,8.047,3.885,1.964,7161.978,385.15,0.971,5066,18.6,2026.4,0,0,18.502,29.563,19.422,197.2,Burdekin,AyrDPI,Kala,1958,Furrow,BareFallow,77,Surf1,200,140,LowFreq,0,P2R,15MayV1R4,T2,3609.1,2398.602,2248.722,2489.276,20.193,11.932,6.51183481044375,0.112837625015532,6.88074889867841,0.780965,26.587,999
2010,24/11/2010,328,2009,15-May,9,sugar,alive,3,406,2006,14/10/2009,135,0,10,348,2010,14,2039,8096.47,7197.81,6265.26,192.581,3291.06,18312,16061.836,6424.735,77.999,18.12,113.3,46.77,0,3.143,6538.544,6541.687,78929.86,0.822,17,2380,1501.1,1114.021,1087.103,784.059,1289.658,244.945,1534.603,4.997,6516.81,0.887,6517.697,78632.645,200,285.214,344.99,11.545,16.886,3.946,2.591,7749.304,387.493,0.949,4250.1,15.6,1700,0,0,19.477,29.171,18.163,135.2,Burdekin,AyrDPI,Kala,1958,Furrow,BareFallow,77,Surf1,200,140,LowFreq,0,P2R,15MayV1R4,T2,3881.1,3164.059,2201.124,2446.069,32.377,20.832,6.08651735002413,0.125492391191728,6.80498233215548,0.962905,32.911,999
2011,24/12/2011,358,2010,15-May,9,sugar,alive,4,395,2006,24/11/2010,135,0,10,358,2011,14,2049,5807.09,5077.28,4692.52,144.773,2931.89,11145.7,19177.795,7671.118,79.553,22.009,73.2,192.143,128.103,0.887,6516.81,6517.697,78632.645,0.819,16,2240,1102.3,1216.528,906.645,576.84,981.417,365.619,1347.037,6.521,6508.051,4.075,6512.125,78413.422,200,204.115,324.538,28.508,49.268,9.023,5.605,7243.155,389.814,0.841,2626.9,9.6,1050.8,0,0,18.182,28.996,18.965,75.6,Burdekin,AyrDPI,Kala,1958,Furrow,BareFallow,77,Surf1,200,140,LowFreq,0,P2R,15MayV1R4,T2,3342.3,2816.84,2123.173,2488.792,86.799,58.291,5.13955354226722,0.107475147304788,5.38189591078067,0.723865,29.319,999
2012,14/05/2012,135,0,15-May,9,none,out,-1,0,2006,0.000,135,0,10,358,-1,14,2049,0,0,0,0,0,0,11706.743,4682.698,54.346,0,0,64.233,0.193,4.075,6508.051,6512.125,78413.422,0.817,0,0,896,410.133,193.818,373.05,0,183.88,183.88,0.693,6588.122,19.11,6607.232,79975.646,0,0,29.846,0.28,1.539,0.078,0.068,3860.193,390.656,0.441,831.8,3.9,332.7,0,0,21.416,30.813,19.135,197.4,Burdekin,AyrDPI,Kala,1958,Furrow,BareFallow,77,Surf1,200,140,LowFreq,0,P2R,15MayV1R4,T2,896,373.05,603.951,787.831,1.897,1.617,0,0,0,,0,999
2013,14/08/2013,226,2012,15-May,10,sugar,alive,0,457,2012,14/5/2012,135,0,0,348,2013,21,2039,8716.78,7695.94,6943.63,213.228,3591.41,17731.5,0,0,0,17.817,162,172.402,172.402,19.11,6588.122,6607.232,79975.646,0.817,20,2800,719,835.715,1012.074,461.489,1458.318,322.118,1780.436,9.744,6436.401,3.067,6439.468,77517.908,200,345.072,405.305,15.027,45.323,9.194,3.397,6490.669,393.396,0.987,6213.6,22.8,2485.4,0,0,17.168,28.188,18.968,178.6,Burdekin,AyrDPI,Kala,1958,Furrow,BareFallow,77,Surf1,200,140,LowFreq,0,P2R,15MayV1R4,T2,3519,3261.489,1847.789,2169.907,69.544,54.517,6.5377500889931,0.119761676353433,6.56086153846154,1.06614,35.914,999
2014,14/09/2014,257,2013,15-May,10,sugar,alive,1,396,2012,14/8/2013,135,0,0,348,2014,21,2039,7224.15,6409.15,5693.8,174.596,3218.6,15303.5,20353.347,8141.339,93.094,19.775,90.3,63.177,0,3.067,6436.401,6439.468,77517.908,0.808,17,2380,729,805.576,838.561,407.262,1229.698,231.53,1461.227,2.121,6443.661,1.926,6445.586,77783.477,200,260.901,311.714,7.391,8.642,2.315,1.815,6907.194,395.81,0.963,4719.7,17.4,1887.9,0,0,17.98,29.12,19.93,86.2,Burdekin,AyrDPI,Kala,1958,Furrow,BareFallow,77,Surf1,200,140,LowFreq,0,P2R,15MayV1R4,T2,3109,2787.262,1644.137,1875.667,18.348,10.957,6.264068465756,0.119485884123411,6.16946996466431,0.87298,32.186,999
2015,14/10/2015,287,2014,15-May,10,sugar,alive,2,395,2012,14/9/2014,135,0,0,348,2015,21,2039,7278.61,6394.99,5768.61,175.909,3371.47,15100,17019.745,6807.899,71.369,20.674,100.5,66.813,2.773,1.926,6443.661,6445.586,77783.477,0.811,18,2520,372,618.888,686.268,232.538,1358.609,242.786,1601.395,1.768,6436.595,2.208,6438.803,77754.715,200,276.513,328.595,7.835,7.69,3.134,1.903,7350.002,398.262,0.974,5196.6,19.1,2078.6,0,0,18.394,30.097,20.846,83.4,Burdekin,AyrDPI,Kala,1958,Furrow,BareFallow,77,Surf1,200,140,LowFreq,0,P2R,15MayV1R4,T2,2892,2752.538,1305.156,1547.942,18.659,10.824,6.39079278832844,0.109847351840114,5.92286195286195,0.879545,33.715,999
2016,13/11/2016,318,2015,15-May,10,sugar,alive,3,396,2012,14/10/2015,135,0,0,348,2016,21,2039,7214.12,6353.56,5670.93,173.404,3049.7,15431.9,17252.127,6900.85,76.847,18.732,102.8,52.262,0,2.208,6436.595,6438.803,77754.715,0.81,18,2520,588.4,758.832,798.278,473.773,1279.318,257.322,1536.64,3.605,6424.674,2.939,6427.613,77526.035,200,270.686,340.772,13.218,17.803,2.751,2.904,7827.94,400.745,0.943,4084.5,15,1633.8,0,0,19.711,30.246,19.211,43.6,Burdekin,AyrDPI,Kala,1958,Furrow,BareFallow,77,Surf1,200,140,LowFreq,0,P2R,15MayV1R4,T2,3108.4,2993.773,1557.11,1814.432,33.772,20.554,5.79215591830109,0.112846209912536,5.83851851851852,0.86702,30.497,999
2017,13/12/2017,347,2016,15-May,10,sugar,alive,4,395,2012,13/11/2016,135,0,0,348,2017,21,2039,6862.06,5999.23,5353.54,163.801,2874.09,15085.2,16588.961,6635.584,72.921,18.682,94.1,66.913,2.873,2.939,6424.674,6427.613,77526.035,0.807,16,2240,910,743.087,928.115,616.178,1216.377,264.672,1481.049,5.091,6406.16,3.019,6409.179,77270.602,200,254.175,340.802,19.653,23.427,9.949,4.108,7395.292,403.272,0.926,3725,13.7,1490,0,0,18.942,30.06,18.314,107.8,Burdekin,AyrDPI,Kala,1958,Furrow,BareFallow,77,Surf1,200,140,LowFreq,0,P2R,15MayV1R4,T2,3150,2856.178,1671.202,1935.874,53.029,33.376,5.73497169994307,0.110597961309855,6.08925650557621,0.819005,28.741,999
2018,15/05/2018,135,0,15-May,10,none,out,-1,0,2012,0.000,135,0,0,348,-1,21,2039,0,0,0,0,0,0,15988.633,6395.453,74.032,0,0,64.662,0.622,3.019,6406.16,6409.179,77270.602,0.804,0,0,580.7,212.796,111.716,320.156,0,151.35,151.35,0.224,6494.022,15.888,6509.91,79262.485,0,0,29.428,0.228,0.803,0.101,0.067,3972.551,404.267,0.608,1338,6.2,535.2,0,0,21.345,31.19,17.856,130.4,Burdekin,AyrDPI,Kala,1958,Furrow,BareFallow,77,Surf1,200,140,LowFreq,0,P2R,15MayV1R4,T2,580.7,320.156,324.512,475.862,1.132,0.904,0,0,0,,0,999
2019,15/08/2019,227,2018,15-May,11,sugar,alive,0,457,2018,15/5/2018,135,0,0,348,2019,21,2039,7284.47,6411.86,5742.44,175.067,2807.35,15420.3,0,0,0,16.824,162.2,169.5,169.5,15.888,6494.022,6509.91,79262.485,0.805,17,2380,1216.6,1246.118,923.592,475.132,1261.632,269.037,1530.669,5.871,6347.177,3.288,6350.465,76325.076,200,350.714,403.874,12.277,34.937,7.369,2.89,6972.298,407.247,0.979,5504.5,20.2,2201.8,0,0,17.501,28.959,16.641,92.8,Burdekin,AyrDPI,Kala,1958,Furrow,BareFallow,77,Surf1,200,140,LowFreq,0,P2R,15MayV1R4,T2,3596.6,2855.132,2169.71,2438.747,54.583,42.306,6.1316604626336,0.114372865720806,6.18611307420495,0.875335,28.073,999
2020,14/09/2020,258,2019,15-May,11,sugar,alive,1,396,2018,15/8/2019,135,0,0,348,2020,21,2039,7091.31,6240.7,5536.09,168.853,2859.37,15552.2,17786.104,7114.442,95.829,17.929,100.5,65.721,1.681,3.288,6347.177,6350.465,76325.076,0.797,16,2240,1063.1,834.239,953.049,400.104,1279.933,239.48,1519.412,7.001,6337.206,1.562,6338.768,76418.323,200,267.522,321.964,8.888,15.346,3.287,2.117,6545.959,409.864,0.959,4558.8,16.8,1823.5,0,0,18.062,29.688,18.83,327.8,Burdekin,AyrDPI,Kala,1958,Furrow,BareFallow,77,Surf1,200,140,LowFreq,0,P2R,15MayV1R4,T2,3303.1,2640.104,1787.288,2026.768,27.521,18.633,6.39569501807505,0.111130489952692,6.27706319702602,0.844265,28.594,999
2021,14/10/2021,287,2020,15-May,11,sugar,alive,2,395,2018,14/9/2020,135,0,0,348,2021,21,2039,6781.1,5972.71,5201.7,158.515,2572.8,15794,17094.324,6837.729,77.588,17.064,90.6,62.12,0,1.562,6337.206,6338.768,76418.323,0.799,17,2380,1075.7,1058.475,1041.981,497.137,1130.151,223.013,1353.164,4.107,6336.813,1.78,6338.593,76437.638,200,260.485,316.687,9.134,12.546,2.823,2.137,6955.402,412.526,0.947,4200,15.4,1680,0,0,19.13,29.427,17.353,132.4,Burdekin,AyrDPI,Kala,1958,Furrow,BareFallow,77,Surf1,200,140,LowFreq,0,P2R,15MayV1R4,T2,3455.7,2877.137,2100.456,2323.469,24.503,15.369,5.50947000438283,0.117143967767396,5.60123674911661,0.792575,25.728,999
1959,15/05/1959,135,0,15-May,0,none,out,-1,0,-1,0.000,135,0,0,348,-1,21,2039,0,0,0,0,0,0,0,0,0,0,0,0,0,0,0,0,0,1.165,0,0,684.7,184.909,153.274,435.108,0,214.113,214.113,7.045,8910.861,243.405,9154.266,105190.277,0,0,290.18,34.492,23.271,1.919,6.427,3060.821,350,0.011,16.5,0.1,6.6,0,0,20.794,29.659,18.306,162.8,Burdekin,AyrDPI,Kala,1959,Furrow,BareFallow,77,Surf1,200,140,LowFreq,0,P2R,15MayV1R4,T2,684.7,435.108,338.183,552.296,59.682,25.19,0,0,0,,0,999
1960,14/08/1960,227,1959,15-May,1,sugar,alive,0,457,1959,15/5/1959,135,0,0,348,1960,21,2039,7958.26,7018.17,6305.84,193.141,2986.92,16524.1,0,0,0,16.122,241.5,169.604,169.604,243.405,8910.861,9154.266,105190.277,1.13,18,2520,1156.1,965.833,1147.204,550.92,1355.838,312.469,1668.306,19.992,8576.51,9.382,8585.892,102867.438,200,467.38,589.509,68.666,261.399,14.862,13.474,6165.429,350,0.97,5019.4,18.4,2007.8,0,0,16.62,27.834,19.017,210.1,Burdekin,AyrDPI,Kala,1959,Furrow,BareFallow,77,Surf1,200,140,LowFreq,0,P2R,15MayV1R4,T2,3676.1,3070.92,2113.037,2425.506,344.927,276.261,6.28935302775715,0.115770727912026,6.50306397306397,0.965705,29.869,999
1961,14/09/1961,257,1960,15-May,1,sugar,alive,1,396,1959,14/8/1960,135,0,0,348,1961,21,2039,7213.13,6366.7,5571.23,170.341,3033.02,16419.1,18312.04,7324.816,101.094,19.001,147.1,64.36,0.32,9.382,8576.51,8585.892,102867.438,1.092,18,2520,490.9,748.003,676.462,257.698,1334.771,255.505,1590.277,3.085,8503.168,5.877,8509.045,102215.556,200,331.497,401.833,15.876,16.547,4.166,3.477,7580.16,350,0.945,4152.1,15.3,1660.8,0,0,16.81,28.924,20.946,63.2,Burdekin,AyrDPI,Kala,1959,Furrow,BareFallow,77,Surf1,200,140,LowFreq,0,P2R,15MayV1R4,T2,3010.9,2777.698,1424.465,1679.97,36.589,20.713,6.132452124025,0.10711404365403,5.73538720538721,0.851705,30.33,999
1962,14/10/1962,287,1961,15-May,1,sugar,alive,2,395,1959,14/9/1961,135,0,0,348,1962,21,2039,6942.31,6094.27,5383.07,164.131,2693.12,15592.4,17485.482,6994.192,93.316,17.282,134.6,60.518,0,5.877,8503.168,8509.045,102215.556,1.082,16,2240,938.4,818.089,820.566,521.799,1286.478,258.751,1545.229,6.068,8433.001,6.407,8439.408,101402.733,200,318.667,396.426,19.291,21.176,3.167,4.04,7959.017,350,0.956,4470.4,16.4,1788.2,0,0,17.583,29.38,20.364,102.1,Burdekin,AyrDPI,Kala,1959,Furrow,BareFallow,77,Surf1,200,140,LowFreq,0,P2R,15MayV1R4,T2,3178.4,2761.799,1638.655,1897.406,43.634,24.343,5.942901710081,0.10621791333194,6.10152416356877,0.820655,26.931,999
1963,14/11/1963,318,1962,15-May,1,sugar,alive,3,396,1959,14/10/1962,135,0,0,348,1963,21,2039,6146.21,5372.13,4791.2,145.585,2360.2,13550.1,17053.346,6821.339,88.411,17.041,131.4,55.035,0,6.407,8433.001,8439.408,101402.733,1.071,15,2100,1160.5,1054.217,827.806,601.76,1119.131,268.419,1387.55,5.326,8356.602,7.588,8364.189,100410.995,200,309.862,392.291,22.801,28.356,3.062,4.621,7759.996,350,0.961,4630.5,17,1852.2,0,0,17.404,29.102,19.769,91.9,Burdekin,AyrDPI,Kala,1959,Furrow,BareFallow,77,Surf1,200,140,LowFreq,0,P2R,15MayV1R4,T2,3260.5,2701.76,1882.023,2150.442,54.219,31.418,5.38852451735165,0.104922345140716,5.70921568627451,0.727925,23.602,999
1964,13/12/1964,348,1963,15-May,1,sugar,alive,4,395,1959,14/11/1963,135,0,0,348,1964,21,2039,6766.67,5926.88,5194.46,158.987,2783.35,15722.1,15453.545,6181.419,90.514,18.633,146.6,45.962,0,7.588,8356.602,8364.189,100410.995,1.06,18,2520,773.7,703.141,903.611,598.517,1299.565,285.399,1584.964,5.76,8253.553,2.227,8255.78,99018.732,200,312.035,425.332,32.409,51.075,3.409,6.484,8210.136,350,0.868,2894.3,10.6,1157.7,0,0,18.392,30.105,19.376,99.6,Burdekin,AyrDPI,Kala,1959,Furrow,BareFallow,77,Surf1,200,140,LowFreq,0,P2R,15MayV1R4,T2,3293.7,3118.517,1606.752,1892.151,86.893,54.484,5.09816043972183,0.100309533844302,5.35309764309764,0.794935,27.834,999
1965,15/05/1965,135,0,15-May,1,none,out,-1,0,1959,0.000,135,0,0,348,-1,21,2039,0,0,0,0,0,0,15823.972,6329.589,78.931,0,0,147.945,83.905,2.227,8253.553,8255.78,99018.732,1.047,0,0,601.5,312.567,107.291,279.208,0,152.809,152.809,0.214,8311.457,47.493,8358.95,99794.413,0,0,72.33,5.643,2.184,0.259,0.945,5052.368,350,0.526,1065.3,5.3,426.1,0,0,20.3,30.965,20.015,107.4,Burdekin,AyrDPI,Kala,1959,Furrow,BareFallow,77,Surf1,200,140,LowFreq,0,P2R,15MayV1R4,T2,601.5,279.208,419.858,572.667,8.086,2.443,0,0,0,,0,999
1966,15/08/1966,227,1965,15-May,2,sugar,alive,0,457,1965,15/5/1965,135,0,0,348,1966,21,2039,8346.74,7392.26,6581.05,201.87,3177.22,17656.8,0,0,0,16.459,199.8,176.778,176.778,47.493,8311.457,8358.95,99794.413,1.043,20,2800,384.7,719.782,810.819,283.211,1474.33,284.735,1759.065,6.741,8096.054,5.668,8101.722,97150.888,200,411.774,478.457,17.417,69.937,7.678,3.969,6976.192,350,0.978,5432.2,19.9,2172.9,0,0,16.651,28.096,19.105,102.9,Burdekin,AyrDPI,Kala,1959,Furrow,BareFallow,77,Surf1,200,140,LowFreq,0,P2R,15MayV1R4,T2,3184.7,3083.211,1530.601,1815.336,95.032,77.615,6.547394907452,0.114759829795943,6.21138461538462,1.00935,31.772,999
1967,15/09/1967,258,1966,15-May,2,sugar,alive,1,396,1965,15/8/1966,135,0,0,348,1967,21,2039,6947.28,6096.3,5429.18,165.426,2725.62,15180.9,19625.722,7850.289,102.514,17.366,125.6,71.812,7.772,5.668,8096.054,8101.722,97150.888,1.027,16,2240,822.5,759.256,831.315,437.311,1239.496,247.302,1486.798,3.968,8047.107,4.554,8051.661,96793.927,200,306.862,361.831,13.149,13.05,5.415,2.93,7350.446,350,0.961,4650.6,17.1,1860.3,0,0,17.865,28.641,19.674,154.9,Burdekin,AyrDPI,Kala,1959,Furrow,BareFallow,77,Surf1,200,140,LowFreq,0,P2R,15MayV1R4,T2,3062.5,2677.311,1590.571,1837.873,31.614,18.465,6.17881150154016,0.111263265083757,6.14966542750929,0.82713,27.256,999
1968,14/10/1968,288,1967,15-May,2,sugar,alive,2,395,1965,15/9/1967,135,0,0,348,1968,21,2039,6830.42,6001.5,5367.15,163.673,2642.44,14632.7,16856.827,6742.731,83.666,16.958,127.9,56.943,0,4.554,8047.107,8051.661,96793.927,1.023,16,2240,1460.8,1129.155,1157.797,502.534,1157.153,259.099,1416.251,11.076,7993.606,5.291,7998.897,96193.919,200,311.587,370.772,13.502,13.853,3.258,2.96,7624.217,350,0.964,4747.1,17.4,1898.8,0,0,18.084,28.759,20.263,187.9,Burdekin,AyrDPI,Kala,1959,Furrow,BareFallow,77,Surf1,200,140,LowFreq,0,P2R,15MayV1R4,T2,3700.8,2742.534,2286.952,2546.051,30.613,17.111,5.96794789052752,0.11556779130253,6.08449814126394,0.818365,26.424,999
1969,14/11/1969,318,1968,15-May,2,sugar,alive,3,396,1965,14/10/1968,135,0,0,348,1969,21,2039,6586.93,5778.94,5122.32,156.085,2626.6,14646.1,16472.839,6589.136,87.333,17.798,129.7,54.539,0,5.291,7993.606,7998.897,96193.919,1.014,20,2800,250.5,729.639,839.9,221.377,1217.989,254.077,1472.066,3.944,7920.558,5.885,7926.443,95194.486,200,308.043,393.829,17.852,33.893,3.275,3.823,7964.075,350,0.951,4311.2,15.9,1724.5,0,0,17.843,29.662,20.842,46.5,Burdekin,AyrDPI,Kala,1959,Furrow,BareFallow,77,Surf1,200,140,LowFreq,0,P2R,15MayV1R4,T2,3050.5,3021.377,1569.539,1823.616,55.02,37.168,5.166021982692,0.106031251316177,4.80261538461539,0.780425,26.266,999
1970,14/12/1970,348,1969,15-May,2,sugar,alive,4,395,1965,14/11/1969,135,0,0,348,1970,21,2039,7099.29,6208.96,5513.32,168.75,3043.76,15859.7,16113.671,6445.469,87.293,19.286,120.1,63.434,0,5.885,7920.558,7926.443,95194.486,1.004,18,2520,767.8,848.272,848.31,484.881,1285.256,285.758,1571.014,6.179,7844.458,5.323,7849.781,94259.262,200,284.806,395.846,19.412,60.275,3.7,4.103,7950.915,350,0.915,3524.6,13,1409.8,0,0,18.39,29.744,20.506,133.6,Burdekin,AyrDPI,Kala,1959,Furrow,BareFallow,77,Surf1,200,140,LowFreq,0,P2R,15MayV1R4,T2,3287.8,3004.881,1696.582,1982.34,83.387,63.975,5.61586299091378,0.107414701587637,5.68181818181818,0.84375,30.438,999
1971,15/05/1971,135,0,15-May,2,none,out,-1,0,1965,0.000,135,0,0,348,-1,21,2039,0,0,0,0,0,0,16476.658,6590.664,80.105,0,0,83.639,19.599,5.323,7844.458,7849.781,94259.262,0.994,0,0,882.6,349.869,196.251,465.198,0,246.238,246.238,0.573,7917.37,37.36,7954.73,95680.808,0,0,52.687,1.478,1.438,0.175,0.251,4780.454,350,0.418,774,3.8,309.6,0,0,21,30.474,18.737,220,Burdekin,AyrDPI,Kala,1959,Furrow,BareFallow,77,Surf1,200,140,LowFreq,0,P2R,15MayV1R4,T2,882.6,465.198,546.12,792.358,3.091,1.613,0,0,0,,0,999
1972,14/08/1972,227,1971,15-May,3,sugar,alive,0,457,1971,15/5/1971,135,0,0,348,1972,21,2039,7582.96,6703.23,5966.75,182.699,3059.99,16162,0,0,0,17.701,192.9,173.881,173.881,37.36,7917.37,7954.73,95680.808,0.993,17,2380,1508.3,1163.174,1127.927,536.913,1380.07,326.107,1706.177,13.116,7710.968,5.006,7715.974,92551.458,200,395.071,463.179,27.211,49.783,11.078,5.748,6979.796,350,0.974,5231.2,19.2,2092.5,0,0,16.095,28.169,19.031,206.2,Burdekin,AyrDPI,Kala,1959,Furrow,BareFallow,77,Surf1,200,140,LowFreq,0,P2R,15MayV1R4,T2,3888.3,2916.913,2291.101,2617.208,88.072,60.861,6.26343672231568,0.107080918333795,6.45579505300353,0.913495,30.6,999
1973,14/09/1973,257,1972,15-May,3,sugar,alive,1,396,1971,14/8/1972,135,0,0,348,1973,21,2039,7033.77,6183.06,5409.06,164.661,2550.48,16247.1,18184.235,7273.694,98.475,16.152,122.5,64.903,0.863,5.006,7710.968,7715.974,92551.458,0.977,15,2100,1060.9,850.275,819.85,583.54,1228.76,247.335,1476.095,3.753,7665.872,3.916,7669.788,92146.676,200,298.798,360.73,11.74,19.383,3.212,2.675,7240.175,350,0.948,4227,15.5,1690.8,0,0,18.042,28.91,19.726,108.5,Burdekin,AyrDPI,Kala,1959,Furrow,BareFallow,77,Surf1,200,140,LowFreq,0,P2R,15MayV1R4,T2,3160.9,2683.54,1670.125,1917.46,34.335,22.595,6.13596219918466,0.111551763267269,6.45729411764706,0.823305,25.505,999
1974,14/10/1974,287,1973,15-May,3,sugar,alive,2,395,1971,14/9/1973,135,0,0,348,1974,21,2039,6401.82,5671.12,4929.98,151.054,2523.84,14718.4,17403.007,6961.203,83.321,17.651,102,79.582,15.542,3.916,7665.872,7669.788,92146.676,0.974,12,1680,2007.7,1470.081,905.187,757.974,1052.541,277.922,1330.463,3.571,7630.684,4.681,7635.365,91787.075,200,266.074,350.066,24.407,22.288,8.183,4.963,7285.583,350,0.911,3450.6,12.7,1380.2,0,0,17.752,28.355,18.545,152.9,Burdekin,AyrDPI,Kala,1959,Furrow,BareFallow,77,Surf1,200,140,LowFreq,0,P2R,15MayV1R4,T2,3687.7,2437.974,2375.268,2653.19,54.878,30.471,6.19588231867936,0.113534912282416,7.09173708920188,0.75527,25.238,999
1975,14/11/1975,318,1974,15-May,3,sugar,alive,3,396,1971,14/10/1974,135,0,0,348,1975,21,2039,8192.51,7351.98,6307.31,195.17,3374.83,18852,15443.632,6177.454,75.661,18.369,122.2,61.552,0,4.681,7630.684,7635.365,91787.075,0.968,17,2380,1160.2,974.024,847.31,726.831,1370.717,269.74,1640.457,5.076,7568.991,1.546,7570.537,91133.389,200,297.87,378.543,20.689,31.773,4.009,4.292,7749.191,350,0.935,3908.2,14.4,1563.3,0,0,18.497,28.821,19.89,179.8,Burdekin,AyrDPI,Kala,1959,Furrow,BareFallow,77,Surf1,200,140,LowFreq,0,P2R,15MayV1R4,T2,3540.2,3106.831,1821.334,2091.074,56.471,35.782,6.28196384032475,0.118972944734303,6.89646643109541,0.97585,33.748,999
1976,13/12/1976,348,1975,15-May,3,sugar,alive,4,395,1971,14/11/1975,135,0,0,348,1976,21,2039,6630.59,5860.32,5217.79,161.276,3212.27,14128,19346.13,7738.453,81.868,21.599,88,139.961,75.921,1.546,7568.991,7570.537,91133.389,0.959,15,2100,1608,1409.536,934.985,595.474,1128.682,303.044,1431.726,4.138,7532.087,4.496,7536.584,90586.848,200,235.697,362.999,21.316,58.986,8.959,4.362,8008.293,350,0.832,2548.4,9.4,1019.3,0,0,17.994,28.811,19.985,139.2,Burdekin,AyrDPI,Kala,1959,Furrow,BareFallow,77,Surf1,200,140,LowFreq,0,P2R,15MayV1R4,T2,3708,2695.474,2344.521,2647.565,89.261,67.945,5.98321482603802,0.112644458506725,6.32454901960784,0.80638,32.123,999
1977,15/05/1977,135,0,15-May,3,none,out,-1,0,1971,0.000,135,0,0,348,-1,21,2039,0,0,0,0,0,0,14174.922,5669.969,61.805,0,0,71.714,7.674,4.496,7532.087,7536.584,90586.848,0.953,0,0,1111.4,433.897,366.837,434.684,0,202.571,202.571,0.905,7600.837,36.859,7637.696,91907.85,0,0,52.499,1.316,1.729,0.184,0.222,4807.77,350,0.403,736.1,3.2,294.4,0,0,22.058,30.301,18.219,170.6,Burdekin,AyrDPI,Kala,1959,Furrow,BareFallow,77,Surf1,200,140,LowFreq,0,P2R,15MayV1R4,T2,1111.4,434.684,800.734,1003.305,3.229,1.913,0,0,0,,0,999
1978,15/08/1978,227,1977,15-May,4,sugar,alive,0,457,1977,15/5/1977,135,0,0,348,1978,21,2039,8851.69,7880,6986.88,215.172,3459.62,18648,0,0,0,16.876,188.5,179.81,179.81,36.859,7600.837,7637.696,91907.85,0.951,17,2380,1001.3,819.857,911.533,581.491,1454.374,305.373,1759.747,8.723,7411.36,4.422,7415.782,89080.383,200,392.457,451.609,17.401,50.332,9.357,3.921,6938.68,350,0.984,5884.9,21.6,2354,0,0,16.639,27.626,19.767,150.6,Burdekin,AyrDPI,Kala,1959,Furrow,BareFallow,77,Surf1,200,140,LowFreq,0,P2R,15MayV1R4,T2,3381.3,2961.491,1731.39,2036.763,77.09,59.689,7.26566449129847,0.122274395126118,7.60325088339223,1.07586,34.596,999
1979,15/09/1979,258,1978,15-May,4,sugar,alive,1,396,1977,15/8/1978,135,0,0,348,1979,21,2039,6439.11,5695,5027.7,154.013,2581.08,14114.2,20853.023,8341.208,100.88,17.713,100.4,69.973,5.933,4.422,7411.36,7415.782,89080.383,0.936,15,2100,1578.5,1204.193,1146.205,577.773,1067.162,272.915,1340.077,8.231,7390.571,3.694,7394.265,88965.911,200,261.757,335.838,19.568,23.051,3.562,4.096,7165.264,350,0.93,3802.4,14,1521,0,0,17.887,28.189,19.067,350.7,Burdekin,AyrDPI,Kala,1959,Furrow,BareFallow,77,Surf1,200,140,LowFreq,0,P2R,15MayV1R4,T2,3678.5,2677.773,2350.398,2623.313,46.181,26.613,5.75153308364824,0.114928470528186,6.03972549019608,0.770065,25.811,999
1980,14/10/1980,288,1979,15-May,4,sugar,alive,2,395,1977,15/9/1979,135,0,0,348,1980,21,2039,6868.74,6013.72,5368.63,163.318,2682.97,15001.1,15229.047,6091.62,67.845,17.306,117.6,57.998,0,3.694,7390.571,7394.265,88965.911,0.936,16,2240,777.5,810.553,793.574,418.624,1168.29,253.133,1421.423,3.936,7346.441,4.098,7350.539,88511.405,200,299.329,351.533,11.063,14.936,3.157,2.519,7252.957,350,0.969,4973.4,18.3,1989.4,0,0,18.429,28.881,20.84,86.4,Burdekin,AyrDPI,Kala,1959,Furrow,BareFallow,77,Surf1,200,140,LowFreq,0,P2R,15MayV1R4,T2,3017.5,2658.624,1604.127,1857.26,29.156,18.093,6.1429521436653,0.114897535779286,6.07130111524164,0.81659,26.83,999
1981,14/11/1981,318,1980,15-May,4,sugar,alive,3,396,1977,14/10/1980,135,0,0,348,1981,21,2039,6534.89,5759.4,5086.57,155.687,2701.83,14483.3,16978.352,6791.341,86.772,18.446,98.3,49.949,0,4.098,7346.441,7350.539,88511.405,0.93,16,2240,1127,1100.669,909.456,566.812,1091.189,261.337,1352.527,6.099,7311.287,4.531,7315.817,88014.528,200,255.876,352.223,16.879,46.673,3.298,3.564,7326.352,350,0.942,4074.1,15,1629.6,0,0,18.091,28.646,19.291,104.8,Burdekin,AyrDPI,Kala,1959,Furrow,BareFallow,77,Surf1,200,140,LowFreq,0,P2R,15MayV1R4,T2,3367,2806.812,2010.125,2271.462,66.85,49.971,5.54675553617414,0.115108238134987,5.78762081784387,0.778435,27.018,999
1982,14/12/1982,348,1981,15-May,4,sugar,alive,4,395,1977,14/11/1981,135,0,0,348,1982,21,2039,6840.55,6011.57,5367.8,164.706,2830.69,14727.4,15773.721,6309.488,76.769,18.239,106.2,54.298,0,4.531,7311.287,7315.817,88014.528,0.924,19,2660,602.8,812.165,914.75,487.438,1247.14,289.438,1536.578,5.895,7258.213,4.809,7263.021,87396.176,200,274.244,362.53,26.975,28.888,6.75,5.556,7188.592,350,0.951,4294,15.8,1717.6,0,0,17.766,29.327,20.433,47.4,Burdekin,AyrDPI,Kala,1959,Furrow,BareFallow,77,Surf1,200,140,LowFreq,0,P2R,15MayV1R4,T2,3262.8,3147.438,1726.915,2016.353,62.613,35.638,5.23301809281072,0.107190132879685,5.29601286173633,0.82353,28.307,999
1983,15/05/1983,135,0,15-May,4,none,out,-1,0,1977,0.000,135,0,0,348,-1,21,2039,0,0,0,0,0,0,16168.26,6467.304,83.015,0,0,53.605,0,4.809,7258.213,7263.021,87396.176,0.917,0,0,544.4,205.38,65.591,365.728,0,148.008,148.008,0.178,7339.195,21.892,7361.087,88627.112,0,0,39.629,2.327,1.287,0.154,0.352,4608.669,350,0.535,1094.6,5.6,437.8,0,0,22.142,30.787,20.024,95.4,Burdekin,AyrDPI,Kala,1959,Furrow,BareFallow,77,Surf1,200,140,LowFreq,0,P2R,15MayV1R4,T2,544.4,365.728,270.971,418.979,3.768,1.441,0,0,0,,0,999
1984,14/08/1984,227,1983,15-May,5,sugar,alive,0,457,1983,15/5/1983,135,0,0,348,1984,21,2039,8315.18,7379.42,6523.65,200.07,3421.61,17915.3,0,0,0,18.136,178.4,179.025,179.025,21.892,7339.195,7361.087,88627.112,0.917,20,2800,627.1,812.033,972.168,503.524,1435.246,310.206,1745.452,9.129,7157.625,3.706,7161.331,85997.793,200,378.719,440.007,17.615,43.172,8.88,3.925,6818.354,350,0.982,5739.4,21.1,2295.8,0,0,17.208,28.072,18.429,75.6,Burdekin,AyrDPI,Kala,1959,Furrow,BareFallow,77,Surf1,200,140,LowFreq,0,P2R,15MayV1R4,T2,3427.1,3303.524,1784.201,2094.407,69.667,52.052,6.05625992122352,0.114623604659423,6.156,1.00035,34.216,999
1985,14/09/1985,257,1984,15-May,5,sugar,alive,1,396,1983,14/8/1984,135,0,0,348,1985,21,2039,6909.7,6118.41,5393.63,165.224,2763.76,15160.7,20106.511,8042.603,100.479,17.675,104.9,76.472,12.432,3.706,7157.625,7161.331,85997.793,0.905,16,2240,817.5,736.179,840.145,598.008,1221.922,272.911,1494.833,3.951,7134.631,2.572,7137.203,85955.607,200,276.88,332.77,11.76,15.628,5.01,2.656,6919.615,350,0.953,4358.6,16,1743.4,0,0,17.387,28.523,19.502,111.4,Burdekin,AyrDPI,Kala,1959,Furrow,BareFallow,77,Surf1,200,140,LowFreq,0,P2R,15MayV1R4,T2,3057.5,2838.008,1576.324,1849.235,32.398,20.638,5.82182995960547,0.110530072590049,6.142156133829,0.82612,27.638,999
1986,14/10/1986,287,1985,15-May,5,sugar,alive,2,395,1983,14/9/1985,135,0,0,348,1986,21,2039,7166.98,6403.76,5515.53,169.822,2953.45,16514.6,16591.449,6636.579,77.7,18.492,108.4,62.815,0,2.572,7134.631,7137.203,85955.607,0.904,17,2380,802.8,787.125,807.168,546.334,1285.195,274.234,1559.429,4.549,7095.899,2.811,7098.71,85456.733,200,275.855,358.146,17.97,28.541,3.181,3.778,7537.819,350,0.927,3732.4,13.7,1493,0,0,18.476,29.285,18.879,117.8,Burdekin,AyrDPI,Kala,1959,Furrow,BareFallow,77,Surf1,200,140,LowFreq,0,P2R,15MayV1R4,T2,3182.8,2926.334,1594.293,1868.527,49.692,31.722,5.80323367052428,0.108900116645259,6.00077738515901,0.84911,29.534,999
1987,14/11/1987,318,1986,15-May,5,sugar,alive,3,396,1983,14/10/1986,135,0,0,348,1987,21,2039,6359.38,5533.42,5007.74,151.766,2468.21,13516.5,17209.892,6883.957,74.025,17.104,107.6,91.893,27.853,2.811,7095.899,7098.71,85456.733,0.898,19,2660,371,654.347,890.197,335.405,1222.36,289.253,1511.613,4.495,7062.166,4.929,7067.095,85089.173,200,282.833,344.337,16.586,12.877,7.47,3.533,7478.416,350,0.966,4836,17.7,1934.4,0,0,18.663,29.934,20.137,44,Burdekin,AyrDPI,Kala,1959,Furrow,BareFallow,77,Surf1,200,140,LowFreq,0,P2R,15MayV1R4,T2,3031,2995.405,1544.544,1833.797,36.933,20.347,5.06662705043225,0.100400036252665,4.87993569131833,0.75883,24.682,999
1988,17/12/1988,352,1987,15-May,5,sugar,alive,4,399,1983,14/11/1987,135,0,4,348,1988,17,2039,6812.8,5917.98,5305.73,161.598,2677.7,15070.7,15599.577,6239.833,82.291,17.481,109.5,66.735,2.695,4.929,7062.166,7067.095,85089.173,0.892,18,2520,1142.5,965.274,1074.431,544.531,1219.001,289.823,1508.824,6.267,7019.709,1.303,7021.012,84449.341,200,272.808,358.657,20.718,36.245,5.42,4.294,7515.002,350,0.934,3890.7,14.3,1556.3,0,0,18.736,29.636,19.953,254,Burdekin,AyrDPI,Kala,1959,Furrow,BareFallow,77,Surf1,200,140,LowFreq,0,P2R,15MayV1R4,T2,3662.5,3064.531,2039.705,2329.528,62.383,41.665,5.27317230597439,0.107101954899975,5.4410101010101,0.80799,26.777,999
1989,15/05/1989,135,0,15-May,5,none,out,-1,0,1983,0.000,135,0,4,352,-1,17,2043,0,0,0,0,0,0,16117.221,6446.888,80.787,0,0,180.707,116.667,1.303,7019.709,7021.012,84449.341,0.886,0,0,979.9,548.605,212.378,396.914,0,217.601,217.601,0.542,7103.671,17.48,7121.151,86019.613,0,0,37.167,1.485,2.27,0.18,0.165,4408.383,350,0.42,778.8,3.9,311.5,0,0,21.399,30.389,19.214,134.8,Burdekin,AyrDPI,Kala,1959,Furrow,BareFallow,77,Surf1,200,140,LowFreq,0,P2R,15MayV1R4,T2,979.9,396.914,760.983,978.584,3.935,2.45,0,0,0,,0,999
1990,15/08/1990,227,1989,15-May,6,sugar,alive,0,457,1989,15/5/1989,135,0,0,348,1990,21,2039,8178.24,7243.62,6454.61,198.057,3501.01,17236.4,0,0,0,18.842,168,182.022,182.022,17.48,7103.671,7121.151,86019.613,0.887,16,2240,1477,1157.235,904.311,743.781,1426.653,341.944,1768.597,8.761,6930.188,3.224,6933.412,83326.47,200,361.43,429.543,20.241,41.602,9.88,4.361,6577.093,350.589,0.982,5754.1,21.1,2301.7,0,0,16.885,27.829,18.656,103,Burdekin,AyrDPI,Kala,1959,Furrow,BareFallow,77,Surf1,200,140,LowFreq,0,P2R,15MayV1R4,T2,3717,2983.781,2061.546,2403.49,71.723,51.482,6.63778608416636,0.111985375978813,7.36271375464684,0.990285,35.01,999
1991,15/09/1991,258,1990,15-May,6,sugar,alive,1,396,1989,15/8/1990,135,0,0,348,1991,21,2039,6585.53,5789.62,5130.33,156.438,2706.54,14552,19541.927,7816.77,98.923,18.38,99.2,68.879,4.839,3.224,6930.188,6933.412,83326.47,0.875,16,2240,1680.4,1352.918,1197.766,347.16,1156.898,230.475,1387.373,4.057,6923.758,2.923,6926.681,83413.028,200,264.892,320.853,8.908,13.368,3.118,2.102,6675.557,352.258,0.955,4430.6,16.3,1772.3,0,0,16.971,28.6,19.402,204.4,Burdekin,AyrDPI,Kala,1959,Furrow,BareFallow,77,Surf1,200,140,LowFreq,0,P2R,15MayV1R4,T2,3920.4,2587.16,2550.684,2781.159,25.394,16.486,6.04670758669738,0.112758429059813,5.81553903345725,0.78219,27.065,999
1992,14/10/1992,288,1991,15-May,6,sugar,alive,2,395,1989,15/9/1991,135,0,0,348,1992,21,2039,7636.61,6765.88,6056.71,185.81,3429.23,15798.9,16135.21,6454.085,72.906,19.8,110.5,51.221,0,2.923,6923.758,6926.681,83413.028,0.876,18,2520,654.1,777.184,777.923,360.005,1358.105,249.878,1607.983,3.613,6899.935,3.06,6902.995,83213.451,200,285.995,343.763,11.832,11.951,2.848,2.64,7442.229,353.955,0.962,4654.4,17.1,1861.8,0,0,18.264,29.527,20.819,122.8,Burdekin,AyrDPI,Kala,1959,Furrow,BareFallow,77,Surf1,200,140,LowFreq,0,P2R,15MayV1R4,T2,3174.1,2880.005,1555.107,1804.985,26.631,14.799,6.45172491019981,0.115554704247495,6.25622895622896,0.92905,34.292,999
1993,14/11/1993,318,1992,15-May,6,sugar,alive,3,396,1989,14/10/1992,135,0,0,348,1993,21,2039,7435.82,6553.72,5907.35,181.389,3545.72,15284.7,17385.329,6954.132,78.87,21.144,98.1,62.232,0,3.06,6899.935,6902.995,83213.451,0.872,19,2660,548.9,803.695,847.231,421.945,1288.108,270.522,1558.63,3.333,6883.684,3.605,6887.289,83025.064,200,264.208,344.212,13.015,29.013,3.151,2.857,7817.635,355.691,0.935,3909.1,14.4,1563.7,0,0,18.209,29.114,20.539,72,Burdekin,AyrDPI,Kala,1959,Furrow,BareFallow,77,Surf1,200,140,LowFreq,0,P2R,15MayV1R4,T2,3208.9,3081.945,1650.926,1921.448,45.179,32.164,5.88553656862793,0.11637720305653,5.83244372990354,0.906945,35.457,999
1994,14/12/1994,348,1993,15-May,6,sugar,alive,4,395,1989,14/11/1993,135,0,0,348,1994,21,2039,7456.17,6536.35,5948.5,182.524,3431.14,15076.6,16314.721,6525.888,71.806,20.222,101.3,61.576,0,3.605,6883.684,6887.289,83025.064,0.868,19,2660,360.8,678.234,717.707,306.912,1332.17,286.529,1618.7,4.533,6858.458,4.591,6863.049,82730.641,200,277.624,343.458,18.947,16.079,2.275,3.925,7608.908,357.459,0.958,4519.7,16.6,1807.9,0,0,18.134,29.468,20.857,46.8,Burdekin,AyrDPI,Kala,1959,Furrow,BareFallow,77,Surf1,200,140,LowFreq,0,P2R,15MayV1R4,T2,3020.8,2966.912,1395.941,1682.47,37.301,18.354,6.15198563354761,0.112759621918824,5.86893890675241,0.91262,34.311,999
1995,15/05/1995,135,0,15-May,6,none,out,-1,0,1989,0.000,135,0,0,348,-1,21,2039,0,0,0,0,0,0,16656.881,6662.753,81.878,0,0,67.736,3.696,4.591,6858.458,6863.049,82730.641,0.864,0,0,357.1,69.445,16.892,316.144,0,157.529,157.529,0.026,6943.516,23.958,6967.474,84538.613,0,0,36.128,0.318,0.383,0.011,0.105,4455.206,358.153,0.627,1407.9,6.9,563.2,0,0,22.355,31.422,21.087,55.2,Burdekin,AyrDPI,Kala,1959,Furrow,BareFallow,77,Surf1,200,140,LowFreq,0,P2R,15MayV1R4,T2,357.1,316.144,86.337,243.866,0.712,0.394,0,0,0,,0,999
1996,14/08/1996,227,1995,15-May,7,sugar,alive,0,457,1995,15/5/1995,135,0,0,348,1996,21,2039,8680.16,7610.49,7013.03,214.293,3785.84,16671.4,0,0,0,18.83,185.6,180.971,180.971,23.958,6943.516,6967.474,84538.613,0.864,19,2660,644.3,754.014,908.602,404.521,1455.116,306.403,1761.52,6.781,6781.278,4.839,6786.116,81561.138,200,380.982,427.461,14.642,28.344,10.953,3.337,7623.893,360.246,0.988,6278.9,23,2511.6,0,0,18.409,28.888,19.424,107,Burdekin,AyrDPI,Kala,1959,Furrow,BareFallow,77,Surf1,200,140,LowFreq,0,P2R,15MayV1R4,T2,3304.3,3064.521,1662.616,1969.019,53.939,39.297,6.99270783264334,0.121652322993778,6.89045016077171,1.071465,37.858,999
1997,14/09/1997,257,1996,15-May,7,sugar,alive,1,396,1995,14/8/1996,135,0,0,348,1997,21,2039,8072.86,7238.92,6384.84,197.179,3669.12,16880.2,19507.733,7803.093,93.714,19.988,104.3,61.135,0,4.839,6781.278,6786.116,81561.138,0.854,16,2240,964.3,843.604,859.732,454.133,1226.327,259.387,1485.714,3.506,6772.835,2.16,6774.994,81742.96,200,277.134,325.216,8.25,11.468,3.348,1.979,7124.06,362.101,0.962,4689.6,17.2,1875.8,0,0,18.946,28.468,20.444,116.8,Burdekin,AyrDPI,Kala,1959,Furrow,BareFallow,77,Surf1,200,140,LowFreq,0,P2R,15MayV1R4,T2,3204.3,2694.133,1703.336,1962.723,23.066,14.816,7.3188294712993,0.132716660137819,7.33007434944238,0.985895,36.691,999
1998,14/10/1998,287,1997,15-May,7,sugar,alive,2,395,1995,14/9/1997,135,0,0,348,1998,21,2039,7890.24,6982.57,6209.19,190.295,3590.59,16810.6,18334.303,7333.721,75.072,20.308,98.5,76.385,12.345,2.16,6772.835,6774.994,81742.96,0.855,16,2240,959.5,779.819,1030.992,521.139,1167.072,228.268,1395.341,2.689,6769.105,2.611,6771.716,81738.248,200,276.651,332.751,8.137,6.586,5.498,1.97,7877.16,363.989,0.962,4678.4,17.2,1871.4,0,0,20.543,28.902,19.59,189.6,Burdekin,AyrDPI,Kala,1959,Furrow,BareFallow,77,Surf1,200,140,LowFreq,0,P2R,15MayV1R4,T2,3199.5,2761.139,1810.811,2039.079,20.221,12.084,6.89190221861341,0.13637884932787,7.07416356877323,0.951475,35.906,999
1999,14/11/1999,318,1998,15-May,7,sugar,alive,3,396,1995,14/10/1998,135,0,0,348,1999,21,2039,7018.09,6224.06,5607.89,172.975,3281.58,14102,18265.604,7306.242,73.507,20.435,92.6,69.733,5.693,2.611,6769.105,6771.716,81738.248,0.854,16,2240,1137.3,979.603,984.503,664.309,1090.248,319.834,1410.083,6.986,6750.569,3.666,6754.235,81497.148,200,248.489,339.095,23.777,31.562,4.283,4.734,7743.325,365.913,0.935,3908.3,14.3,1563.3,0,0,19.787,28.829,19.555,112,Burdekin,AyrDPI,Kala,1959,Furrow,BareFallow,77,Surf1,200,140,LowFreq,0,P2R,15MayV1R4,T2,3377.3,2904.309,1964.106,2283.94,59.622,35.845,5.95580566668354,0.122670083959597,6.43029739776952,0.864875,32.816,999
2000,13/12/2000,348,1999,15-May,7,sugar,alive,4,395,1995,14/11/1999,135,0,0,348,2000,21,2039,7916.64,7072.8,6219.76,193.014,3722.63,16968.8,15308.728,6123.491,65.6,20.823,99.3,72.845,8.805,3.666,6750.569,6754.235,81497.148,0.85,15,2100,1689.7,1227.007,1001.517,763.89,1209.213,295.213,1504.426,6.497,6725.641,1.433,6727.074,81120.432,200,257.402,342.57,21.271,33.44,4.902,4.377,7627.595,367.865,0.904,3342.3,12.3,1336.9,0,0,18.96,28.418,19.342,136,Burdekin,AyrDPI,Kala,1959,Furrow,BareFallow,77,Surf1,200,140,LowFreq,0,P2R,15MayV1R4,T2,3789.7,2863.89,2228.524,2523.737,59.613,38.342,6.73957449483046,0.128297437029139,7.56917647058824,0.96507,37.226,999
2001,15/05/2001,135,0,15-May,7,none,out,-1,0,1995,0.000,135,0,0,348,-1,21,2039,0,0,0,0,0,0,17264.452,6905.78,70.816,0,0,129.595,65.555,1.433,6725.641,6727.074,81120.432,0.846,0,0,311.5,87.109,3.142,278.097,0,180.414,180.414,0.003,6804.827,24.172,6828.999,83204.697,0,0,37.763,0.19,0.427,0.001,0.08,4529.83,368.638,0.626,1404.5,5.8,561.8,0,0,21.127,30.743,20.414,39.4,Burdekin,AyrDPI,Kala,1959,Furrow,BareFallow,77,Surf1,200,140,LowFreq,0,P2R,15MayV1R4,T2,311.5,278.097,90.251,270.665,0.618,0.428,0,0,0,,0,999
2002,15/08/2002,227,2001,15-May,8,sugar,alive,0,457,2001,15/5/2001,135,0,0,348,2002,21,2039,8753.25,7739.16,6982.89,214.299,4092.71,17703.6,0,0,0,20.591,186.6,170.429,170.429,24.172,6804.827,6828.999,83204.697,0.845,20,2800,796.9,794.032,989.057,351.486,1627.127,293.583,1920.709,4.007,6643.9,3.254,6647.154,79973.556,200,383.565,427.33,12.729,28.498,7.305,2.976,7684.239,370.955,0.985,6002.5,22,2401,0,0,17.333,29.63,20.298,206,Burdekin,AyrDPI,Kala,1959,Furrow,BareFallow,77,Surf1,200,140,LowFreq,0,P2R,15MayV1R4,T2,3596.9,3151.486,1783.089,2076.672,48.532,35.803,6.7999350147835,0.11157286189631,6.59381538461539,1.071495,40.927,999
2003,15/09/2003,258,2002,15-May,8,sugar,alive,1,396,2001,15/8/2002,135,0,0,348,2003,21,2039,7412.97,6534.31,5853.24,179.018,3298.56,15597.3,20150.247,8060.098,94.697,19.764,100.7,63.53,0,3.254,6643.9,6647.154,79973.556,0.836,18,2520,472.6,743.244,639.814,242.825,1373.266,243.879,1617.145,1.691,6639.492,2.236,6641.728,80106.47,200,270.652,324.933,10.417,10.849,2.064,2.388,7133.052,373.002,0.966,4825.1,17.8,1930.1,0,0,17.973,29.621,20.9,51,Burdekin,AyrDPI,Kala,1959,Furrow,BareFallow,77,Surf1,200,140,LowFreq,0,P2R,15MayV1R4,T2,2992.6,2762.825,1383.058,1626.937,23.33,12.913,6.47952729543131,0.110700029991126,6.02754208754209,0.89509,32.986,999
2004,14/10/2004,288,2003,15-May,8,sugar,alive,2,395,2001,15/9/2003,135,0,0,348,2004,21,2039,7703.94,6845.45,6114,187.873,3475.98,15899.5,17359.092,6943.637,74.545,19.857,103.9,55.928,0,2.236,6639.492,6641.728,80106.47,0.838,17,2380,740.2,660.913,827.286,422.058,1384.587,244.778,1629.365,3.739,6628.467,2.244,6630.711,80059.571,200,283.06,334.297,8.945,7.096,3.132,2.111,7572.82,375.078,0.964,4745.1,17.4,1898,0,0,18.287,29.817,20.809,173.2,Burdekin,AyrDPI,Kala,1959,Furrow,BareFallow,77,Surf1,200,140,LowFreq,0,P2R,15MayV1R4,T2,3120.2,2802.058,1488.199,1732.977,19.173,10.228,6.70482195586244,0.115304428412296,6.63862190812721,0.939365,34.76,999
2005,14/11/2005,318,2004,15-May,8,sugar,alive,3,396,2001,14/10/2004,135,0,0,348,2005,21,2039,7304.06,6410.33,5845.02,178.988,3412.43,14590.4,17547.852,7019.142,78.565,20.55,102.9,58.565,0,2.244,6628.467,6630.711,80059.571,0.835,19,2660,746.3,834.19,989.767,311.306,1317.89,261.358,1579.249,3.997,6613.967,3.166,6617.133,79850.788,200,273.664,341.301,13.472,17.068,2.882,2.927,7774.505,377.196,0.959,4575.7,16.8,1830.3,0,0,18.885,29.918,20.56,143.4,Burdekin,AyrDPI,Kala,1959,Furrow,BareFallow,77,Surf1,200,140,LowFreq,0,P2R,15MayV1R4,T2,3406.3,2971.306,1823.957,2085.315,33.422,19.95,6.02388310056251,0.113337415442403,5.75524115755627,0.89494,34.124,999
2006,14/12/2006,348,2005,15-May,8,sugar,alive,4,395,2001,14/11/2005,135,0,0,348,2006,21,2039,6502.29,5701.75,5194.97,158.864,2746.33,13073.2,16291.212,6516.484,75.093,18.363,89,61.659,0,3.166,6613.967,6617.133,79850.788,0.832,18,2520,934.8,1008.267,1086.99,477.33,1095.514,257.278,1352.792,6.778,6597.882,4.101,6601.983,79642.955,200,245.741,328.311,14.112,40.159,3.433,3.015,7172.578,379.349,0.962,4665.9,17.1,1866.4,0,0,18.812,29.373,20.012,178.4,Burdekin,AyrDPI,Kala,1959,Furrow,BareFallow,77,Surf1,200,140,LowFreq,0,P2R,15MayV1R4,T2,3454.8,2997.33,2095.257,2352.535,57.704,43.592,5.30018383027561,0.11743416578454,5.34895622895623,0.79432,27.463,999
2007,15/05/2007,135,0,15-May,8,none,out,-1,0,2001,0.000,135,0,0,348,-1,21,2039,0,0,0,0,0,0,15078.232,6031.294,73.871,0,0,68.409,4.369,4.101,6597.882,6601.983,79642.955,0.829,0,0,721.2,303.77,155.755,347.282,0,162.926,162.926,0.262,6676.006,25.666,6701.672,81140.232,0,0,36.606,0.363,1.044,0.062,0.087,4205.399,380.192,0.619,1378.3,6.8,551.3,0,0,21.218,30.77,19.746,130.2,Burdekin,AyrDPI,Kala,1959,Furrow,BareFallow,77,Surf1,200,140,LowFreq,0,P2R,15MayV1R4,T2,721.2,347.282,459.525,622.451,1.469,1.106,0,0,0,,0,999
2008,14/08/2008,227,2007,15-May,9,sugar,alive,0,457,2007,15/5/2007,135,0,0,348,2008,21,2039,8835.31,7925.39,7006.08,216.233,3717.6,18292.3,0,0,0,18.247,164,167.157,167.157,25.666,6676.006,6701.672,81140.232,0.828,18,2520,1492.9,1303.053,1019.313,669.012,1469.196,306.491,1775.687,7.914,6532.166,2.169,6534.335,78612.039,200,350.433,406.31,19.79,40.677,7.301,4.252,6885.057,382.731,0.986,6092,22.4,2436.8,0,0,17.063,28.008,18.545,108.2,Burdekin,AyrDPI,Kala,1959,Furrow,BareFallow,77,Surf1,200,140,LowFreq,0,P2R,15MayV1R4,T2,4012.9,3189.012,2322.366,2628.857,67.768,47.978,6.78056401167509,0.121774276660245,7.28057239057239,1.081165,37.176,999
2009,14/09/2009,257,2008,15-May,9,sugar,alive,1,396,2007,14/8/2008,135,0,0,348,2009,21,2039,6319.55,5520.53,4969.96,151.052,2581.58,13495.8,20726.623,8290.648,93.73,18.122,88.4,82.004,17.964,2.169,6532.166,6534.335,78612.039,0.821,13,1820,1792.3,1224.095,1079.619,544.879,1105.763,237.047,1342.809,3.826,6532.765,2.807,6535.572,78783.59,200,256.444,312.649,8.422,11.401,4.882,2.009,6725.45,384.976,0.963,4709.2,17.3,1883.7,0,0,18.267,29.263,18.871,197.2,Burdekin,AyrDPI,Kala,1959,Furrow,BareFallow,77,Surf1,200,140,LowFreq,0,P2R,15MayV1R4,T2,3612.3,2364.879,2303.714,2540.761,24.705,16.283,6.38730353646001,0.112489564785461,6.6542731277533,0.75526,25.816,999
2010,14/10/2010,287,2009,15-May,9,sugar,alive,2,395,2007,14/9/2009,135,0,0,348,2010,21,2039,7907.15,7076.13,6116.64,188.455,3206.03,17905.1,15474.288,6189.716,71.372,18.025,110.1,47.78,0,2.807,6532.765,6535.572,78783.59,0.824,16,2240,1233.5,996.638,896.875,563.475,1298.397,234.066,1532.463,5.149,6515.616,1.7,6517.316,78585.184,200,282.026,334.018,9.796,11.83,2.809,2.281,7371.716,387.257,0.942,4061.4,14.9,1624.6,0,0,19.228,29.317,18.617,135.2,Burdekin,AyrDPI,Kala,1959,Furrow,BareFallow,77,Surf1,200,140,LowFreq,0,P2R,15MayV1R4,T2,3473.5,2803.475,1893.513,2127.579,24.435,14.639,6.72219299262522,0.122975236596251,7.00576208178439,0.942275,32.06,999
2011,14/11/2011,318,2010,15-May,9,sugar,alive,3,396,2007,14/10/2010,135,0,0,348,2011,21,2039,5916.49,5275.51,4748.33,147.243,2912.7,11681.6,18671.511,7468.604,76.609,21.431,76.4,95.303,31.263,1.7,6515.616,6517.316,78585.184,0.821,15,2100,1310.7,1214.042,920.942,712.297,985.439,326.285,1311.724,6.865,6508.48,2.995,6511.475,78514.144,200,210.143,320.601,26.192,45.802,8.104,5.209,6970.19,389.574,0.884,3079.7,11.3,1231.9,0,0,17.965,28.621,18.554,81.4,Burdekin,AyrDPI,Kala,1959,Furrow,BareFallow,77,Surf1,200,140,LowFreq,0,P2R,15MayV1R4,T2,3410.7,2812.297,2134.984,2461.269,80.098,53.906,5.23568456674384,0.112251510226237,5.77423529411765,0.736215,29.127,999
2012,13/12/2012,348,2011,15-May,9,sugar,alive,4,395,2007,14/11/2011,135,0,0,348,2012,21,2039,6586.22,5774.6,5284.96,162.192,2977.14,13012.6,12547.104,5018.842,55.029,19.677,82,59.296,0,2.995,6508.48,6511.475,78514.144,0.818,16,2240,1153.6,1067.474,974.426,486.884,1083.732,279.616,1363.348,8.658,6483.314,3.502,6486.816,78243.494,200,231.506,321.468,22.803,45.556,2.695,4.632,6375.597,391.923,0.961,4618.1,17,1847.3,0,0,18.286,28.899,19.813,197.4,Burdekin,AyrDPI,Kala,1959,Furrow,BareFallow,77,Surf1,200,140,LowFreq,0,P2R,15MayV1R4,T2,3393.6,2726.884,2041.9,2321.516,71.054,48.251,5.94788777227047,0.118965957334444,6.02944237918216,0.81096,29.771,999
2013,15/05/2013,135,0,15-May,9,none,out,-1,0,2007,0.000,135,0,0,348,-1,21,2039,0,0,0,0,0,0,14986.13,5994.452,75.858,0,0,47.649,0,3.502,6483.314,6486.816,78243.494,0.814,0,0,505.6,87.345,110.403,364.531,0,180.366,180.366,0.174,6562.553,16.188,6578.74,79806.671,0,0,29.306,0.385,0.481,0.036,0.082,4076.301,392.85,0.492,967.9,4.9,387.2,0,0,21.461,30.863,19.951,178.6,Burdekin,AyrDPI,Kala,1959,Furrow,BareFallow,77,Surf1,200,140,LowFreq,0,P2R,15MayV1R4,T2,505.6,364.531,197.748,378.114,0.902,0.517,0,0,0,,0,999
2014,15/08/2014,227,2013,15-May,10,sugar,alive,0,457,2013,15/5/2013,135,0,0,348,2014,21,2039,8601.03,7597.88,6849.38,209.934,3625.13,17516.5,0,0,0,18.34,167.1,175.136,175.136,16.188,6562.553,6578.74,79806.671,0.815,19,2660,698.4,859.487,884.561,388.054,1448.701,276.402,1725.102,6.244,6418.311,2.893,6421.203,77296.469,200,359.452,401.89,10.939,27.904,7.704,2.622,6690.565,395.63,0.988,6263.7,23,2505.5,0,0,17.559,28.746,18.947,86.2,Burdekin,AyrDPI,Kala,1959,Furrow,BareFallow,77,Surf1,200,140,LowFreq,0,P2R,15MayV1R4,T2,3358.4,3048.054,1744.048,2020.45,46.547,35.608,6.88747640297711,0.121693673765377,6.75028938906752,1.04967,36.251,999
2015,15/09/2015,258,2014,15-May,10,sugar,alive,1,396,2013,15/8/2014,135,0,0,348,2015,21,2039,7085.98,6239.77,5646.03,172.598,3178.63,14399.5,20213.16,8085.263,97.585,19.752,97.9,64.385,0.345,2.893,6418.311,6421.203,77296.469,0.807,18,2520,418.6,615.386,728.601,307.159,1349.203,253.979,1603.182,1.817,6420.192,1.927,6422.119,77489.919,200,262.752,320.412,8.82,6.611,7.487,2.121,6948.866,398.079,0.964,4764.1,17.5,1905.6,0,0,18.093,29.915,20.724,83.4,Burdekin,AyrDPI,Kala,1959,Furrow,BareFallow,77,Surf1,200,140,LowFreq,0,P2R,15MayV1R4,T2,2938.6,2827.159,1343.987,1597.966,22.918,14.098,6.10499798561029,0.107659641887197,5.81138047138047,0.86299,31.786,999
2016,14/10/2016,288,2015,15-May,10,sugar,alive,2,395,2013,15/9/2015,135,0,0,348,2016,21,2039,7086.56,6218.39,5576.38,169.82,2978.14,15101.8,16289.078,6515.631,68.342,18.671,99.9,55.816,0,1.927,6420.192,6422.119,77489.919,0.809,17,2380,554.6,681.144,738.47,478.036,1265.762,238.165,1503.927,2.428,6414.424,2.573,6416.997,77434.128,200,271.871,328.767,8.956,9.907,2.691,2.111,7383.682,400.559,0.959,4568,16.8,1827.2,0,0,19.416,30.075,19.216,43.6,Burdekin,AyrDPI,Kala,1959,Furrow,BareFallow,77,Surf1,200,140,LowFreq,0,P2R,15MayV1R4,T2,2934.6,2858.036,1419.614,1657.779,21.554,12.598,5.94184258000949,0.112917714756102,6.00070671378092,0.8491,29.781,999
2017,14/11/2017,318,2016,15-May,10,sugar,alive,3,396,2013,14/10/2016,135,0,0,348,2017,21,2039,7087.97,6234.03,5505.55,168.039,2885.02,15824.2,16719.35,6687.74,74.428,18.218,94.9,66.875,2.835,2.573,6414.424,6416.997,77434.128,0.808,16,2240,933.4,768.8,874.045,637.231,1270.223,251.42,1521.644,4.919,6401.367,2.102,6403.469,77251.07,200,263.203,331.356,16.236,14.312,8.944,3.456,7386.169,403.083,0.959,4562.6,16.7,1825,0,0,18.878,30.031,18.424,107.8,Burdekin,AyrDPI,Kala,1959,Furrow,BareFallow,77,Surf1,200,140,LowFreq,0,P2R,15MayV1R4,T2,3173.4,2877.231,1642.845,1894.265,39.492,23.256,5.84030270770752,0.110432532182298,6.2468029739777,0.840195,28.85,999
2018,20/12/2018,354,2017,15-May,10,sugar,alive,4,401,2013,14/11/2017,135,0,6,348,2018,15,2039,6968.06,6079.49,5470.9,167.402,3034.28,14971.6,17328.778,6931.511,77.949,19.395,95.8,75.786,11.746,2.102,6401.367,6403.469,77251.07,0.805,19,2660,857.9,928.277,966.594,519.294,1248.611,263.636,1512.248,4.772,6386.496,1.119,6387.615,76974.275,200,255.69,338.062,15.359,28.581,6.184,3.284,7541.895,405.684,0.917,3564.2,13.1,1425.7,0,0,18.524,30.013,18.525,130.4,Burdekin,AyrDPI,Kala,1959,Furrow,BareFallow,77,Surf1,200,140,LowFreq,0,P2R,15MayV1R4,T2,3517.9,3179.294,1894.871,2158.507,50.124,34.765,5.26538281769475,0.11069745174072,5.38270096463023,0.83701,30.343,999
2019,15/05/2019,135,0,15-May,10,none,out,-1,0,2013,0.000,135,0,6,354,-1,15,2045,0,0,0,0,0,0,15755.396,6302.159,72.327,0,0,186.568,122.528,1.119,6386.496,6387.615,76974.275,0.802,0,0,921,588.398,185.627,247.864,0,163.216,163.216,0.306,6472.27,15.191,6487.46,79012.35,0,0,32.487,0.33,1.639,0.073,0.077,4055.631,406.647,0.498,983.4,4.5,393.3,0,0,21.848,30.758,16.151,92.8,Burdekin,AyrDPI,Kala,1959,Furrow,BareFallow,77,Surf1,200,140,LowFreq,0,P2R,15MayV1R4,T2,921,247.864,774.025,937.241,2.042,1.712,0,0,0,,0,999
2020,14/08/2020,227,2019,15-May,11,sugar,alive,0,457,2019,15/5/2019,135,0,0,348,2020,21,2039,8524.6,7613.78,6719.43,207.087,3595.44,18051.7,0,0,0,18.455,169.5,170.327,170.327,15.191,6472.27,6487.46,79012.35,0.804,18,2520,1091.9,857.99,1046.969,477.395,1511.903,284.474,1796.376,7.908,6324.006,2.04,6326.046,76127.23,200,358.013,405.281,13.349,28.61,8.264,3.077,6953.992,409.661,0.981,5687.5,20.9,2275,0,0,17.501,29.097,17.551,327.8,Burdekin,AyrDPI,Kala,1959,Furrow,BareFallow,77,Surf1,200,140,LowFreq,0,P2R,15MayV1R4,T2,3611.9,2997.395,1904.959,2189.433,50.223,36.874,6.90889922749588,0.115280431268287,6.97262626262626,1.035435,35.954,999
2021,14/09/2021,257,2020,15-May,11,sugar,alive,1,396,2019,14/8/2020,135,0,0,348,2021,21,2039,6691.51,5924.08,5138.89,157.03,2601.15,15526.3,20178.33,8071.331,94.098,17.474,88.9,80.891,16.851,2.04,6324.006,6326.046,76127.23,0.794,16,2240,1075.5,1018.979,935.329,444.323,1123.768,226.793,1350.561,4.01,6327.906,1.454,6329.359,76309.246,200,252.785,313.129,8.76,13.513,5.098,2.074,6740.813,412.32,0.945,4131.6,15.2,1652.7,0,0,18.804,29.286,17.22,132.4,Burdekin,AyrDPI,Kala,1959,Furrow,BareFallow,77,Surf1,200,140,LowFreq,0,P2R,15MayV1R4,T2,3315.5,2684.323,1954.308,2181.101,27.371,18.611,5.84989213295121,0.116270201790219,5.83754646840149,0.78515,26.012,999
1960,16/05/1960,137,0,15-May,0,none,out,-1,0,-1,0.000,137,2,0,350,-1,20,2039,0,0,0,0,0,0,0,0,0,0,0,0,0,0,0,0,0,1.165,0,0,826,165.849,302.209,405.205,0,205.333,205.333,14.136,8906.872,242.202,9149.074,105171.556,0,0,294.315,25.727,36.065,3.087,5.118,3079.835,350,0.011,15.8,0.1,6.3,0,0,21.706,29.949,18.667,210.1,Burdekin,AyrDPI,Kala,1960,Furrow,BareFallow,77,Surf1,200,140,LowFreq,0,P2R,15MayV1R4,T2,826,405.205,468.058,673.391,64.879,39.152,0,0,0,,0,999
1961,16/08/1961,228,1960,15-May,1,sugar,alive,0,457,1960,16/5/1960,137,2,0,350,1961,19,2039,7754.44,6788.68,6154.59,187.269,3287.93,15998.5,0,0,0,18.695,248.4,189.81,189.81,242.202,8906.872,9149.074,105171.556,1.129,19,2660,538.2,768.248,842.342,321.944,1401.396,311.305,1712.701,18.425,8577.162,13.448,8590.609,102843.218,200,480.478,585.77,65.082,241.495,15.769,12.88,6206.111,350,0.98,5618.8,20.6,2247.5,0,0,16.27,28.108,20.08,63.2,Burdekin,AyrDPI,Kala,1960,Furrow,BareFallow,77,Surf1,200,140,LowFreq,0,P2R,15MayV1R4,T2,3198.2,2981.944,1610.59,1921.895,322.346,257.264,6.28009781538486,0.109341326944983,6.02151125401929,0.936345,32.879,999
1962,16/09/1962,259,1961,15-May,1,sugar,alive,1,396,1960,16/8/1961,137,2,0,350,1962,19,2039,6934.61,6066.05,5325.46,161.739,2611.52,16091.5,18374.666,7349.866,104.076,16.96,142.6,64.719,0.679,13.448,8577.162,8590.609,102843.218,1.092,15,2100,937.4,795.033,698.578,498.76,1298.903,250.881,1549.784,3.772,8501.439,5.874,8507.313,102170.341,200,324.59,401.283,20.909,22.929,5.072,4.378,7404.999,350,0.958,4544,16.7,1817.6,0,0,17.144,29.15,20.286,102.1,Burdekin,AyrDPI,Kala,1960,Furrow,BareFallow,77,Surf1,200,140,LowFreq,0,P2R,15MayV1R4,T2,3037.4,2598.76,1493.611,1744.492,48.91,28.001,6.22369899490526,0.104362285324923,6.34270588235294,0.808695,26.115,999
1963,16/10/1963,289,1962,15-May,1,sugar,alive,2,395,1960,16/9/1962,137,2,0,350,1963,19,2039,6679.06,5895.71,5196.81,158.773,2558.94,14822.4,17540.194,7016.079,96.347,16.924,142.3,58.724,0,5.874,8501.439,8507.313,102170.341,1.082,15,2100,1159.2,924.193,861.996,661.246,1225.681,253.213,1478.894,7.231,8425.944,5.38,8431.324,101284.342,200,327.973,396.556,17.926,17.872,3.081,3.795,7854.234,350,0.948,4211.6,15.5,1684.6,0,0,17.257,29.174,19.63,91.9,Burdekin,AyrDPI,Kala,1960,Furrow,BareFallow,77,Surf1,200,140,LowFreq,0,P2R,15MayV1R4,T2,3259.2,2761.246,1786.189,2039.402,38.879,20.953,5.75004907204936,0.107359283356346,6.22639215686275,0.793865,25.589,999
1964,15/11/1964,320,1963,15-May,1,sugar,alive,3,396,1960,16/10/1963,137,2,0,350,1964,19,2039,6590.56,5783.44,5075.83,154.539,2637.55,15147.3,16178.902,6471.561,89.741,18.093,149.8,52.841,0,5.38,8425.944,8431.324,101284.342,1.071,18,2520,609.9,645.514,932.966,497.154,1281.973,255.191,1537.164,4.672,8337.787,6.951,8344.738,100066.679,200,335.454,414.727,17.122,23.169,3.787,3.687,8328.821,350,0.923,3665.8,13.5,1466.3,0,0,18.245,29.96,19.603,92.7,Burdekin,AyrDPI,Kala,1960,Furrow,BareFallow,77,Surf1,200,140,LowFreq,0,P2R,15MayV1R4,T2,3129.9,3017.154,1578.48,1833.671,44.078,26.956,5.12201233347718,0.100535141338205,5.20333333333333,0.772695,26.376,999
1965,20/12/1965,354,1964,15-May,1,sugar,alive,4,400,1960,15/11/1964,137,2,5,350,1965,14,2039,6543.8,5694.7,5124.22,156.478,2567.93,14195.8,15991.078,6396.432,90.418,17.285,129.2,67.097,3.057,6.951,8337.787,8344.738,100066.679,1.059,17,2380,956.2,949.161,860.884,508.25,1147.149,276.721,1423.87,5.536,8256.945,1.714,8258.659,99165.426,200,296.723,391.062,29.467,44.648,4.035,5.923,7478.392,350,0.948,4219.6,15.5,1687.8,0,0,17.622,29.053,20.189,107.4,Burdekin,AyrDPI,Kala,1960,Furrow,BareFallow,77,Surf1,200,140,LowFreq,0,P2R,15MayV1R4,T2,3336.2,2888.25,1810.045,2086.766,78.15,48.683,5.41774430883753,0.109896268620029,5.52925795053004,0.78239,25.679,999
1966,15/05/1966,135,0,15-May,1,none,out,-1,0,1960,0.000,135,0,5,355,-1,14,2044,0,0,0,0,0,0,15653.089,6261.236,88.152,0,0,169.382,105.342,1.714,8256.945,8258.659,99165.426,1.047,0,0,163,18.738,0.696,161.439,0,137.861,137.861,0.001,8303.445,61.797,8365.242,100014.861,0,0,71.847,0.956,0.075,0.001,0.285,4774.663,350,0.581,1243.9,7,497.6,0,0,20.568,30.845,20.163,39.9,Burdekin,AyrDPI,Kala,1960,Furrow,BareFallow,77,Surf1,200,140,LowFreq,0,P2R,15MayV1R4,T2,163,161.439,19.434,157.295,1.032,0.076,0,0,0,,0,999
1967,15/08/1967,227,1966,15-May,2,sugar,alive,0,457,1966,15/5/1966,135,0,0,348,1967,21,2039,8673.58,7755.84,6825.16,210.706,3651.36,18484.1,0,0,0,18.415,202.3,175.086,175.086,61.797,8303.445,8365.242,100014.861,1.042,19,2660,852.9,856.563,932.099,483.007,1503.497,321.485,1824.981,8.021,8088.523,3.493,8092.016,97102.432,200,411.013,475.895,23.733,77.349,10.822,5.11,7148.764,350,0.976,5308.4,19.5,2123.4,0,0,17.26,28.132,18.681,154.9,Burdekin,AyrDPI,Kala,1960,Furrow,BareFallow,77,Surf1,200,140,LowFreq,0,P2R,15MayV1R4,T2,3512.9,3143.007,1788.662,2110.147,111.904,88.171,6.70396216107696,0.115456544479093,6.77511254019293,1.05353,36.514,999
1968,14/09/1968,258,1967,15-May,2,sugar,alive,1,396,1966,15/8/1967,135,0,0,348,1968,21,2039,7013.46,6146.91,5508.58,167.713,2735.95,15048.7,20223.675,8089.47,100.75,17.165,116.3,74.343,10.303,3.493,8088.523,8092.016,97102.432,1.026,15,2100,1458.4,1101.114,1037.198,495.606,1197.096,240.145,1437.241,5.857,8052.734,4.991,8057.725,96872.18,200,295.818,356.954,11.181,13.673,4.131,2.558,7498.878,350,0.961,4628.9,17,1851.5,0,0,17.894,28.57,20.086,187.9,Burdekin,AyrDPI,Kala,1960,Furrow,BareFallow,77,Surf1,200,140,LowFreq,0,P2R,15MayV1R4,T2,3558.4,2595.606,2138.312,2378.457,28.985,17.804,6.46141979946109,0.116690937706342,6.57698039215686,0.838565,27.359,999
1969,14/10/1969,287,1968,15-May,2,sugar,alive,2,395,1966,14/9/1968,135,0,0,348,1969,21,2039,6496.88,5658.73,5041.28,152.728,2532.7,14556,16725.96,6690.385,81.759,17.497,135.4,57.19,0,4.991,8052.734,8057.725,96872.18,1.023,19,2660,202.9,620.589,756.725,185.167,1244.827,250.792,1495.619,3.206,7982.379,5.57,7987.949,96009.7,200,326.528,385.489,13.199,14.794,3.071,2.931,7798.515,350,0.966,4820.4,17.7,1928.2,0,0,17.557,29.56,20.698,46.5,Burdekin,AyrDPI,Kala,1960,Furrow,BareFallow,77,Surf1,200,140,LowFreq,0,P2R,15MayV1R4,T2,2862.9,2845.167,1377.314,1628.106,31.064,17.865,5.36798015722803,0.102116916139739,4.91086816720257,0.76364,25.327,999
1970,14/11/1970,318,1969,15-May,2,sugar,alive,3,396,1966,14/10/1969,135,0,0,348,1970,21,2039,6883.76,6048.54,5338.87,162.88,2801.7,15448.9,16469.936,6587.974,90.499,18.257,134.3,47.157,0,5.57,7982.379,7987.949,96009.7,1.013,18,2520,761.7,850.939,854.702,522.167,1284.496,261.25,1545.747,5.703,7908.73,4.307,7913.038,95060.912,200,312.886,388.93,18.019,32.444,2.927,3.798,7900.699,350,0.955,4416.6,16.2,1766.6,0,0,18.289,29.657,20.574,133.6,Burdekin,AyrDPI,Kala,1960,Furrow,BareFallow,77,Surf1,200,140,LowFreq,0,P2R,15MayV1R4,T2,3281.7,3042.167,1705.641,1966.891,53.39,35.371,5.35407819491829,0.105373000885656,5.48417508417508,0.8144,28.017,999
1971,14/12/1971,348,1970,15-May,2,sugar,alive,4,395,1966,14/11/1970,135,0,0,348,1971,21,2039,6439.27,5576.27,5025.68,153.13,2588.05,14135.8,16885.619,6754.248,90.237,17.888,108.2,77.469,13.429,4.307,7908.73,7913.038,95060.912,1.003,15,2100,1187.9,888.761,992.157,701.889,1126.164,296.019,1422.183,8.305,7852.137,8.151,7860.288,94296.553,200,269.249,378.226,29.614,37.38,7.402,5.901,7742.272,350,0.902,3320.8,12.2,1328.3,0,0,17.948,29.203,20.083,220,Burdekin,AyrDPI,Kala,1960,Furrow,BareFallow,77,Surf1,200,140,LowFreq,0,P2R,15MayV1R4,T2,3287.9,2801.889,1880.918,2176.937,74.396,44.782,5.46524148529795,0.107672500655682,6.00509803921569,0.76565,25.881,999
1972,14/05/1972,135,0,15-May,2,none,out,-1,0,1966,0.000,135,0,0,348,-1,21,2039,0,0,0,0,0,0,14838.125,5935.25,79.865,0,0,62.268,0,8.151,7852.137,7860.288,94296.553,0.995,0,0,1244.5,684.389,278.746,414.888,0,178.968,178.968,0.483,7914.82,47.239,7962.059,95396.98,0,0,61.363,1.119,2.01,0.119,0.167,4652.944,350,0.435,815.2,4.4,326.1,0,0,20.509,30.311,18.726,206.2,Burdekin,AyrDPI,Kala,1960,Furrow,BareFallow,77,Surf1,200,140,LowFreq,0,P2R,15MayV1R4,T2,1244.5,414.888,963.135,1142.103,3.248,2.129,0,0,0,,0,999
1973,14/08/1973,226,1972,15-May,3,sugar,alive,0,457,1972,14/5/1972,135,0,0,348,1973,21,2039,8211.21,7272.92,6412.69,196.459,3111.06,17985.2,0,0,0,16.578,195.4,164.666,164.666,47.239,7914.82,7962.059,95396.98,0.993,18,2520,1056.1,978.326,975.102,539.964,1414.963,293.932,1708.895,8.976,7708.432,4.234,7712.667,92506.56,200,405.645,465.517,19.013,61.998,9.457,4.236,6937.764,350,0.98,5617.7,20.6,2247.1,0,0,16.737,28.293,19.139,108.5,Burdekin,AyrDPI,Kala,1960,Furrow,BareFallow,77,Surf1,200,140,LowFreq,0,P2R,15MayV1R4,T2,3576.1,3059.964,1953.428,2247.36,90.468,71.455,6.4203042911616,0.114962592786567,6.61478114478115,0.982295,31.111,999
1974,14/09/1974,257,1973,15-May,3,sugar,alive,1,396,1972,14/8/1973,135,0,0,348,1974,21,2039,5958.72,5201,4618.3,140.167,2198.78,13404.3,20062.451,8024.98,102.899,16.395,101.5,78.442,14.402,4.234,7708.432,7712.667,92506.56,0.977,11,1540,2022,1430.078,899.326,780.462,977.362,271.298,1248.66,7.167,7680.301,5.184,7685.485,92319.701,200,261.959,339.817,20.506,24.775,4.785,4.232,6903.967,350,0.936,3928.7,14.4,1571.5,0,0,17.679,28.244,18.189,152.9,Burdekin,AyrDPI,Kala,1960,Furrow,BareFallow,77,Surf1,200,140,LowFreq,0,P2R,15MayV1R4,T2,3562,2320.462,2329.404,2600.702,50.066,29.56,6.04047814616227,0.112253936219627,7.04356783919598,0.700835,21.988,999
1975,14/10/1975,287,1974,15-May,3,sugar,alive,2,395,1972,14/9/1974,135,0,0,348,1975,21,2039,7692.58,6860.15,5888.92,181.001,3043.22,18036.6,14733.011,5893.204,74.276,17.78,126.4,62.379,0,5.184,7680.301,7685.485,92319.701,0.975,16,2240,780.5,723.891,713.085,557.392,1309.365,265.007,1574.372,5.041,7620.743,3.173,7623.916,91716.141,200,308.298,370.206,17.543,17.986,4.435,3.736,7466.76,350,0.944,4122.5,15.1,1649,0,0,18.147,28.754,19.953,65,Burdekin,AyrDPI,Kala,1960,Furrow,BareFallow,77,Surf1,200,140,LowFreq,0,P2R,15MayV1R4,T2,3020.5,2797.392,1436.976,1701.983,39.964,22.421,6.47034809565481,0.114967110695566,6.72866171003718,0.905005,30.432,999
1976,13/11/1976,318,1975,15-May,3,sugar,alive,3,396,1972,14/10/1975,135,0,0,348,1976,21,2039,6407.15,5694.53,5044.54,155.634,3015.62,13626.1,18835.249,7534.098,86.811,20.933,90,71.531,7.491,3.173,7620.743,7623.916,91716.141,0.967,15,2100,1934.3,1637.223,1025.229,728.228,1086.308,285.283,1371.592,4.494,7582.522,4.753,7587.276,91230.666,200,235.451,357.298,23.134,61.292,5.13,4.762,7557.445,350,0.904,3346.4,12.3,1338.6,0,0,17.87,28.574,19.684,179.8,Burdekin,AyrDPI,Kala,1960,Furrow,BareFallow,77,Surf1,200,140,LowFreq,0,P2R,15MayV1R4,T2,4034.3,2828.228,2662.452,2947.735,89.556,66.422,5.50288024869282,0.113469603205618,6.10329411764706,0.77817,30.156,999
1977,13/12/1977,347,1976,15-May,3,sugar,alive,4,395,1972,13/11/1976,135,0,0,348,1977,21,2039,6471.73,5698.6,5036.07,154.352,2587.08,14356.6,14426.642,5770.656,63.942,17.716,100.3,71.788,7.748,4.753,7582.522,7587.276,91230.666,0.96,15,2100,1399.8,1117.516,1087.174,513.857,1031.06,264.812,1295.872,6.063,7527.058,5.123,7532.18,90546.34,200,264.024,357.815,21.917,46.17,3.954,4.529,7106.443,350,0.942,4075.5,15,1630.2,0,0,18.177,28.478,20.105,170.6,Burdekin,AyrDPI,Kala,1960,Furrow,BareFallow,77,Surf1,200,140,LowFreq,0,P2R,15MayV1R4,T2,3499.8,2613.857,2204.69,2469.502,72.041,50.124,5.90514324234264,0.119110529435006,6.05301960784314,0.77176,25.871,999
1978,15/05/1978,135,0,15-May,3,none,out,-1,0,1972,0.000,135,0,0,348,-1,21,2039,0,0,0,0,0,0,15667.304,6266.921,80.924,0,0,71.026,6.986,5.123,7527.058,7532.18,90546.34,0.952,0,0,682.5,210.895,167.687,390.715,0,185,185,0.32,7591.904,38.116,7630.02,91610.735,0,0,54.534,2.739,0.963,0.173,0.462,4686.802,350,0.495,974.6,5,389.8,0,0,21.465,30.524,20.834,150.6,Burdekin,AyrDPI,Kala,1960,Furrow,BareFallow,77,Surf1,200,140,LowFreq,0,P2R,15MayV1R4,T2,682.5,390.715,378.582,563.582,3.875,1.136,0,0,0,,0,999
1979,15/08/1979,227,1978,15-May,4,sugar,alive,0,457,1978,15/5/1978,135,0,0,348,1979,21,2039,8371.11,7468.1,6579.13,202.536,3213.08,17919.8,0,0,0,16.613,177.5,189.944,189.944,38.116,7591.904,7630.02,91610.735,0.951,17,2380,1669.1,1225.232,1268.932,709.24,1351.712,323.355,1675.067,11.579,7409.214,4.199,7413.414,89008.544,200,373.338,439.628,29.451,52.527,9.077,6.148,6712.866,350,0.98,5557.5,20.4,2223,0,0,17.123,27.64,18.328,350.7,Burdekin,AyrDPI,Kala,1960,Furrow,BareFallow,77,Surf1,200,140,LowFreq,0,P2R,15MayV1R4,T2,4049.1,3089.24,2494.164,2817.519,91.055,61.604,6.55617562895729,0.120912178438236,7.15674911660778,1.01268,32.131,999
1980,14/09/1980,258,1979,15-May,4,sugar,alive,1,396,1978,15/8/1979,135,0,0,348,1980,21,2039,6885.77,6024.3,5401.9,164.463,2804.7,14838.7,19955.698,7982.279,97.435,18.076,111.2,69.814,5.774,4.199,7409.214,7413.414,89008.544,0.937,16,2240,778.5,807.369,782.53,399.472,1181.886,263.372,1445.258,3.526,7380.793,3.736,7384.529,88897.374,200,286.371,342.288,9.795,13.468,4.693,2.295,7051.404,350,0.966,4833.3,17.8,1933.3,0,0,18.321,28.783,20.553,86.4,Burdekin,AyrDPI,Kala,1960,Furrow,BareFallow,77,Surf1,200,140,LowFreq,0,P2R,15MayV1R4,T2,3018.5,2639.472,1589.899,1853.271,27.956,18.161,6.23090527196349,0.113794907206879,6.11386617100372,0.822315,28.047,999
1981,14/10/1981,287,1980,15-May,4,sugar,alive,2,395,1978,14/9/1980,135,0,0,348,1981,21,2039,6470.99,5654.92,5030.81,152.797,2456.3,14401.8,16721.194,6688.479,77.416,16.873,111.1,53.158,0,3.736,7380.793,7384.529,88897.374,0.936,14,1960,1125.6,982.873,783.229,567.401,1083.6,232.356,1315.956,3.568,7352.175,4.221,7356.396,88533.056,200,286.521,341.98,11.423,13.045,2.834,2.57,7221.998,350,0.96,4590.6,16.9,1836.2,0,0,17.855,28.507,19.328,104.8,Burdekin,AyrDPI,Kala,1960,Furrow,BareFallow,77,Surf1,200,140,LowFreq,0,P2R,15MayV1R4,T2,3085.6,2527.401,1766.102,1998.458,27.302,15.879,6.04561761271757,0.116111024988677,6.3401244813278,0.763985,24.563,999
1982,14/11/1982,318,1981,15-May,4,sugar,alive,3,396,1978,14/10/1981,135,0,0,348,1982,21,2039,6948.13,6169.63,5436.61,167.31,2891.73,15115.2,16143.539,6457.416,82.887,18.359,108,56.7,0,4.221,7352.175,7356.396,88533.056,0.931,19,2660,594.4,856.61,847.02,404.171,1263.771,293.359,1557.13,6.299,7297.37,4.179,7301.549,87870.151,200,270.992,372.051,25.736,42.517,2.747,5.22,7403.525,350,0.943,4097,15.1,1638.8,0,0,17.665,29.241,20.364,47.4,Burdekin,AyrDPI,Kala,1960,Furrow,BareFallow,77,Surf1,200,140,LowFreq,0,P2R,15MayV1R4,T2,3254.4,3064.171,1703.63,1996.989,71,45.264,5.46020440765218,0.107447676173473,5.37974276527331,0.83655,28.917,999
1983,14/12/1983,348,1982,15-May,4,sugar,alive,4,395,1978,14/11/1982,135,0,0,348,1983,21,2039,6585.79,5739.13,5123.74,156.02,2567.67,14620.4,16330.39,6532.156,80.165,17.343,107.1,50.34,0,4.179,7297.37,7301.549,87870.151,0.923,18,2520,716.9,934.917,917.119,443.729,1089.072,270.453,1359.525,5.996,7257.174,5.089,7262.263,87280.364,200,275.566,355.121,19.143,28.985,2.952,4.005,7499.582,350,0.938,3976.1,14.6,1590.4,0,0,19.034,29.19,19.976,95.4,Burdekin,AyrDPI,Kala,1960,Furrow,BareFallow,77,Surf1,200,140,LowFreq,0,P2R,15MayV1R4,T2,3236.9,2963.729,1852.036,2122.489,51.08,31.937,5.26431397742506,0.114760670086979,5.25319865319865,0.7801,25.677,999
1984,14/05/1984,135,0,15-May,4,none,out,-1,0,1978,0.000,135,0,0,348,-1,21,2039,0,0,0,0,0,0,15807.045,6322.818,79.57,0,0,75.68,11.64,5.089,7257.174,7262.263,87280.364,0.917,0,0,414,111.372,24.796,339.826,0,181.909,181.909,0.036,7334.703,29.759,7364.461,88749.304,0,0,38.334,0.393,0.495,0.011,0.099,4285.333,350,0.587,1262.1,6.4,504.8,0,0,20.58,30.063,19.116,75.6,Burdekin,AyrDPI,Kala,1960,Furrow,BareFallow,77,Surf1,200,140,LowFreq,0,P2R,15MayV1R4,T2,414,339.826,136.168,318.077,0.899,0.506,0,0,0,,0,999
1985,14/08/1985,226,1984,15-May,5,sugar,alive,0,457,1984,14/5/1984,135,0,0,348,1985,21,2039,8437.81,7537.57,6664.64,205.443,3363.88,17731.7,0,0,0,17.24,185.5,171.602,171.602,29.759,7334.703,7364.461,88749.304,0.917,18,2520,864.3,779.938,934.523,739.375,1460.886,309.611,1770.497,8.643,7153.563,3.076,7156.639,85993.257,200,388.714,438.203,17.497,39.924,10.323,3.914,6935.918,350,0.98,5610.7,20.6,2244.3,0,0,16.756,28.057,18.639,111.4,Burdekin,AyrDPI,Kala,1960,Furrow,BareFallow,77,Surf1,200,140,LowFreq,0,P2R,15MayV1R4,T2,3384.3,3259.375,1714.461,2024.072,67.744,50.247,6.30314093959732,0.116036909410183,6.91727272727273,1.027215,33.639,999
1986,14/09/1986,257,1985,15-May,5,sugar,alive,1,396,1984,14/8/1985,135,0,0,348,1986,21,2039,6955.33,6183.34,5353.66,164.165,2974.93,16016.7,19841.066,7936.427,101.394,19.39,101.3,70.945,6.905,3.076,7153.563,7156.639,85993.257,0.904,16,2240,746.3,711.697,764.144,528.021,1253.217,252.581,1505.798,3.208,7127.801,3.089,7130.889,85797.327,200,264.406,343.641,14.587,30.266,3.904,3.159,7249.929,350,0.932,3833.2,14.1,1533.3,0,0,18.093,29,18.824,117.8,Burdekin,AyrDPI,Kala,1960,Furrow,BareFallow,77,Surf1,200,140,LowFreq,0,P2R,15MayV1R4,T2,2986.3,2768.021,1475.841,1728.422,48.757,34.17,5.93077147897361,0.109021927243893,6.10278810408922,0.820825,29.749,999
1987,14/10/1987,287,1986,15-May,5,sugar,alive,2,395,1984,14/9/1986,135,0,0,348,1987,21,2039,6553.31,5749.25,5133.57,156.406,2609.58,14197.5,16872.413,6748.965,70.672,17.622,110.2,75.606,11.566,3.089,7127.801,7130.889,85797.327,0.903,19,2660,411.5,729.695,812.337,317.581,1244.463,300.343,1544.806,4.419,7088.943,3.595,7092.538,85405.469,200,283.682,350.558,18.014,16.493,5.188,3.771,7358.79,350,0.955,4445,16.3,1778,0,0,18.427,29.81,19.937,44,Burdekin,AyrDPI,Kala,1960,Furrow,BareFallow,77,Surf1,200,140,LowFreq,0,P2R,15MayV1R4,T2,3071.5,2977.581,1542.032,1842.375,39.695,21.681,5.25278741367573,0.101246370094368,5.02913183279743,0.78203,26.096,999
1988,13/11/1988,318,1987,15-May,5,sugar,alive,3,396,1984,14/10/1987,135,0,0,348,1988,21,2039,6550.17,5756.74,5139.33,157.308,2583.18,14108.4,15846.059,6338.424,78.216,17.298,103.8,60.268,0,3.595,7088.943,7092.538,85405.469,0.897,18,2520,978.8,911.071,1117.626,403.828,1172.649,293.079,1465.728,10.105,7048.421,4.384,7052.806,84893.811,200,260.271,351.535,20.846,39.876,4.336,4.304,7156.55,350,0.948,4236.3,15.6,1694.5,0,0,18.747,29.6,20.015,254,Burdekin,AyrDPI,Kala,1960,Furrow,BareFallow,77,Surf1,200,140,LowFreq,0,P2R,15MayV1R4,T2,3498.8,2923.828,2028.697,2321.776,65.058,44.212,5.38020704364279,0.107324141996332,5.29656565656566,0.78654,25.832,999
1989,13/12/1989,347,1988,15-May,5,sugar,alive,4,395,1984,13/11/1988,135,0,0,348,1989,21,2039,6435.89,5721.75,5020.31,155.099,2787.99,14155.7,15592.953,6237.182,75.848,19.21,86,64.643,0.603,4.384,7048.421,7052.806,84893.811,0.891,15,2100,1480.8,1177.725,991.877,727.422,1057.132,328.784,1385.916,8.499,7012.846,2.387,7015.233,84402.727,200,225.188,344.459,32.37,60.112,2.601,6.398,6971.195,350,0.886,3098.4,11.4,1239.4,0,0,18.293,28.663,19.152,134.8,Burdekin,AyrDPI,Kala,1960,Furrow,BareFallow,77,Surf1,200,140,LowFreq,0,P2R,15MayV1R4,T2,3580.8,2827.422,2169.602,2498.386,95.083,62.713,5.48552709853711,0.111910822878154,6.0823137254902,0.775495,27.88,999
1990,15/05/1990,135,0,15-May,5,none,out,-1,0,1984,0.000,135,0,0,348,-1,21,2039,0,0,0,0,0,0,14666.05,5866.419,65.723,0,0,89.925,25.885,2.387,7012.846,7015.233,84402.727,0.886,0,0,902.4,448.811,205.396,371.945,0,163.613,163.613,0.584,7084.952,17.648,7102.6,85535.251,0,0,41.953,2.564,3.052,0.236,0.259,4498.783,350.208,0.521,1050.3,4.7,420.1,0,0,20.831,30.983,20.923,103,Burdekin,AyrDPI,Kala,1960,Furrow,BareFallow,77,Surf1,200,140,LowFreq,0,P2R,15MayV1R4,T2,902.4,371.945,654.207,817.82,5.852,3.288,0,0,0,,0,999
1991,15/08/1991,227,1990,15-May,6,sugar,alive,0,457,1990,15/5/1990,135,0,0,348,1991,21,2039,7916.36,7009.3,6272.2,192.516,2980.81,16441.6,0,0,0,16.145,171.2,174.504,174.504,17.648,7084.952,7102.6,85535.251,0.885,17,2380,1937.4,1458.213,1331.492,488.112,1352.801,287.522,1640.323,11.586,6925.215,4.136,6929.352,83244.982,200,360.045,420.502,15.199,39.895,5.192,3.451,6367.12,352.128,0.977,5412.9,19.9,2165.2,0,0,16.447,27.894,18.428,204.4,Burdekin,AyrDPI,Kala,1960,Furrow,BareFallow,77,Surf1,200,140,LowFreq,0,P2R,15MayV1R4,T2,4317.4,2868.112,2789.705,3077.227,60.286,45.087,6.712290175558,0.117364689759273,6.80268551236749,0.96258,29.808,999
1992,14/09/1992,258,1991,15-May,6,sugar,alive,1,396,1990,15/8/1991,135,0,0,348,1992,21,2039,7674.1,6809.91,6104.57,187.604,3386.41,15695.3,18576.325,7430.53,94.352,19.303,108.9,61.876,0,4.136,6925.215,6929.352,83244.982,0.875,17,2380,643.5,713.613,687.543,388.551,1375.878,244.907,1620.785,2.229,6908.466,2.636,6911.102,83303.336,200,281.423,332.553,9.356,11.372,2.435,2.206,6931.786,353.823,0.965,4792.1,17.6,1916.8,0,0,17.978,29.375,20.6,122.8,Burdekin,AyrDPI,Kala,1960,Furrow,BareFallow,77,Surf1,200,140,LowFreq,0,P2R,15MayV1R4,T2,3023.5,2768.551,1401.156,1646.063,23.163,13.807,6.77625227059209,0.115748850094244,6.62911660777385,0.93802,33.864,999
1993,14/10/1993,287,1992,15-May,6,sugar,alive,2,395,1990,14/9/1992,135,0,0,348,1993,21,2039,7540.08,6678.88,5917.55,181.576,3500.35,16225.2,17414.284,6965.714,76.19,20.811,101,63.436,0,2.636,6908.466,6911.102,83303.336,0.875,18,2520,531.1,741.01,732.953,350.997,1321.016,251.455,1572.47,2.596,6898.958,3.158,6902.116,83236.638,200,276.441,333.631,9.039,11.64,3.133,2.118,7631.564,355.556,0.95,4269.7,15.7,1707.9,0,0,17.951,29.038,20.484,72,Burdekin,AyrDPI,Kala,1960,Furrow,BareFallow,77,Surf1,200,140,LowFreq,0,P2R,15MayV1R4,T2,3051.1,2870.997,1473.963,1725.418,23.812,14.773,6.32449285039309,0.115471837300553,6.11367003367003,0.90788,35.004,999
1994,14/11/1994,318,1993,15-May,6,sugar,alive,3,396,1990,14/10/1993,135,0,0,348,1994,21,2039,7060.5,6223.59,5661.45,173.458,3181.46,13990.5,17420.723,6968.29,74.722,19.66,99.8,68.102,4.062,3.158,6898.958,6902.116,83236.638,0.872,19,2660,365.6,684.747,823.084,307.252,1266.715,265.939,1532.653,4.059,6880.946,3.86,6884.806,83067.531,200,272.095,334.168,17.634,11.299,6.848,3.674,7498.929,357.322,0.971,5064,18.6,2025.6,0,0,18.061,29.441,20.865,46.8,Burdekin,AyrDPI,Kala,1960,Furrow,BareFallow,77,Surf1,200,140,LowFreq,0,P2R,15MayV1R4,T2,3025.6,2967.252,1507.831,1773.77,35.781,18.147,5.84574549111434,0.113174997863182,5.57742765273312,0.86729,31.815,999
1995,14/12/1995,348,1994,15-May,6,sugar,alive,4,395,1990,14/11/1994,135,0,0,348,1995,21,2039,7932.64,6969.55,6278.18,192.746,3604.83,16544.7,16196.36,6478.544,78.354,20.104,114,53.218,0,3.86,6880.946,6884.806,83067.531,0.867,18,2520,581.9,707.033,780.454,478.467,1316.055,280.839,1596.894,5.181,6850.479,3.956,6854.435,82584,200,288.168,356.991,18.032,16.067,2.687,3.79,8019.747,359.122,0.943,4081.7,15,1632.7,0,0,19.554,29.457,20.605,55.2,Burdekin,AyrDPI,Kala,1960,Furrow,BareFallow,77,Surf1,200,140,LowFreq,0,P2R,15MayV1R4,T2,3101.9,2998.467,1487.487,1768.326,36.786,18.754,6.42815145205867,0.120700559962026,6.48976430976431,0.96373,36.048,999
1996,14/05/1996,135,0,15-May,6,none,out,-1,0,1990,0.000,135,0,0,348,-1,21,2039,0,0,0,0,0,0,17532.378,7012.951,79.188,0,0,70.737,6.697,3.956,6850.479,6854.435,82584,0.863,0,0,427.8,106.37,81.215,298.023,0,134.943,134.943,0.086,6931.969,27.342,6959.311,84400.048,0,0,37.761,0.214,0.482,0.028,0.096,4631.197,359.823,0.681,1633.5,7.4,653.4,0,0,22.536,31.718,20.786,107,Burdekin,AyrDPI,Kala,1960,Furrow,BareFallow,77,Surf1,200,140,LowFreq,0,P2R,15MayV1R4,T2,427.8,298.023,187.585,322.528,0.724,0.51,0,0,0,,0,999
1997,14/08/1997,226,1996,15-May,7,sugar,alive,0,457,1996,14/5/1996,135,0,0,348,1997,21,2039,9686.08,8643.64,7779.88,240.077,4160.46,19062,0,0,0,18.416,183.7,176.009,176.009,27.342,6931.969,6959.311,84400.048,0.863,18,2520,946.3,951.625,871.475,445.822,1466.561,288.227,1754.788,4.824,6781.611,3.673,6785.284,81686.107,200,382.778,418.774,11.721,27.32,7.224,2.791,7516.887,361.957,0.989,6504,23.9,2601.6,0,0,18.168,28.24,19.719,116.8,Burdekin,AyrDPI,Kala,1960,Furrow,BareFallow,77,Surf1,200,140,LowFreq,0,P2R,15MayV1R4,T2,3466.3,2965.822,1823.1,2111.327,46.265,34.544,8.09478788679833,0.136812538038783,8.08340067340067,1.200385,41.605,999
1998,14/09/1998,257,1997,15-May,7,sugar,alive,1,396,1996,14/8/1997,135,0,0,348,1998,21,2039,7568.99,6723.52,5997.35,184.484,3387.69,15716.4,21731.121,8692.448,97.493,19.687,104.3,64.421,0.381,3.673,6781.611,6785.284,81686.107,0.854,16,2240,988.6,829.884,990.94,521.077,1123.957,255.232,1379.188,3.057,6777.067,2.072,6779.139,81745.365,200,275.2,331.355,9.986,9.843,2.848,2.313,7707.413,363.843,0.94,4007.4,14.7,1603,0,0,20.231,28.713,19.364,189.6,Burdekin,AyrDPI,Kala,1960,Furrow,BareFallow,77,Surf1,200,140,LowFreq,0,P2R,15MayV1R4,T2,3228.6,2761.077,1820.824,2076.056,22.677,12.691,6.68159562373668,0.133762764757234,6.85814126394052,0.92242,33.877,999
1999,14/10/1999,287,1998,15-May,7,sugar,alive,2,395,1996,14/9/1998,135,0,0,348,1999,21,2039,6888.85,6148.19,5489.84,169.358,3202.5,13990,16765.268,6706.108,64.494,20.359,93.9,93.01,28.97,2.072,6777.067,6779.139,81745.365,0.856,16,2240,1114.4,978.456,1023.717,665.586,1082.222,305.794,1388.017,6.185,6759.228,2.644,6761.872,81609.513,200,247.039,336.625,19.739,31.305,7.353,4.051,7449.548,365.763,0.935,3901.4,14.3,1560.5,0,0,19.63,28.738,19.443,112,Burdekin,AyrDPI,Kala,1960,Furrow,BareFallow,77,Surf1,200,140,LowFreq,0,P2R,15MayV1R4,T2,3354.4,2905.586,2002.173,2307.967,58.397,38.658,5.82870374513093,0.122014355731954,6.29583643122677,0.84679,32.025,999
2000,15/11/2000,320,1999,15-May,7,sugar,alive,3,398,1996,14/10/1999,135,0,2,348,2000,19,2039,6905.43,6126.37,5543.16,170.653,3114.52,13622.6,15207.707,6083.083,62.69,19.548,96.5,57.221,0,2.644,6759.228,6761.872,81609.513,0.852,15,2100,1623.3,1214.705,1104.114,717.03,1028.683,288.642,1317.326,8.057,6742.742,1.757,6744.499,81350.465,200,250.079,327.179,14.511,35.274,3.534,3.124,7178.747,367.723,0.957,4495.4,16.5,1798.2,0,0,19.013,28.447,19.619,136,Burdekin,AyrDPI,Kala,1960,Furrow,BareFallow,77,Surf1,200,140,LowFreq,0,P2R,15MayV1R4,T2,3723.3,2817.03,2318.819,2607.461,53.319,38.808,6.05790495663873,0.129545002527848,6.69227450980392,0.853265,31.145,999
2001,15/12/2001,349,2000,15-May,7,sugar,alive,4,395,1996,15/11/2000,135,0,2,350,2001,19,2041,7022.79,6039.39,5664.82,172.57,3284.25,13579.6,15400.333,6160.134,69.66,20.509,96.3,144.377,80.337,1.757,6742.742,6744.499,81350.465,0.848,19,2660,421.1,759.469,841.98,329.187,1284.003,296.452,1580.455,5.007,6714.086,4.611,6718.697,80974.028,200,259.857,332.952,21.407,19.975,9.469,4.405,7137.238,369.713,0.968,4932.6,18.1,1973,0,0,18.516,29.74,20.553,39.4,Burdekin,AyrDPI,Kala,1960,Furrow,BareFallow,77,Surf1,200,140,LowFreq,0,P2R,15MayV1R4,T2,3081.1,2989.187,1601.449,1897.901,50.851,29.444,5.77314166025746,0.109190075010045,5.54887459807074,0.86285,32.842,999
2002,15/05/2002,135,0,15-May,7,none,out,-1,0,1996,0.000,135,0,2,350,-1,19,2041,0,0,0,0,0,0,15735.42,6294.168,78.707,0,0,43.573,0,4.611,6714.086,6718.697,80974.028,0.844,0,0,714,175.212,284.107,308.341,0,134.658,134.658,0.507,6788.261,26.823,6815.084,82537.877,0,0,35.824,0.14,0.734,0.098,0.074,4195.267,370.488,0.684,1644,8.2,657.6,0,0,21.744,32.322,21.739,206,Burdekin,AyrDPI,Kala,1960,Furrow,BareFallow,77,Surf1,200,140,LowFreq,0,P2R,15MayV1R4,T2,714,308.341,459.319,593.977,0.972,0.832,0,0,0,,0,999
2003,15/08/2003,227,2002,15-May,8,sugar,alive,0,457,2002,15/5/2002,135,0,0,348,2003,21,2039,8816.07,7789.27,7013.27,215.203,3883.43,18028,0,0,0,19.296,179,163.596,163.596,26.823,6788.261,6815.084,82537.877,0.843,20,2800,538.6,841.137,714.353,311.388,1575.523,305.697,1881.22,3.931,6636.781,3.402,6640.184,79855.669,200,373.47,420.771,16.582,32.285,6.219,3.695,7303.716,372.843,0.984,5920.5,21.8,2368.2,0,0,17.109,29.089,20.104,51,Burdekin,AyrDPI,Kala,1960,Furrow,BareFallow,77,Surf1,200,140,LowFreq,0,P2R,15MayV1R4,T2,3338.6,3111.388,1555.49,1861.187,55.086,38.504,6.91662370620443,0.114395445508766,6.62163076923077,1.076015,38.834,999
2004,14/09/2004,258,2003,15-May,8,sugar,alive,1,396,2002,15/8/2003,135,0,0,348,2004,21,2039,7152.12,6271.22,5686.76,173.353,3149.25,14653.6,20356.272,8142.51,95.066,19.445,100.8,65.487,1.447,3.402,6636.781,6640.184,79855.669,0.836,16,2240,741,663.401,777.633,387.25,1290.26,252.062,1542.323,3.428,6631.905,2.711,6634.616,80017.068,200,274.765,326.446,7.85,8.437,2.817,1.905,7151.636,374.917,0.967,4862,17.9,1944.8,0,0,18.222,29.742,20.529,173.2,Burdekin,AyrDPI,Kala,1960,Furrow,BareFallow,77,Surf1,200,140,LowFreq,0,P2R,15MayV1R4,T2,2981,2627.25,1441.034,1693.096,19.104,11.254,6.59826815110858,0.112397338300732,6.44434944237918,0.866765,31.492,999
2005,14/10/2005,287,2004,15-May,8,sugar,alive,2,395,2002,14/9/2004,135,0,0,348,2005,21,2039,7605.13,6740.42,5985.41,183.565,3480.3,16197.2,16588.225,6635.289,74.369,20.42,107.1,63.131,0,2.711,6631.905,6634.616,80017.068,0.837,18,2520,728.7,718.019,923.504,308.64,1369.664,240.296,1609.961,4.362,6616.49,2.134,6618.625,79881.531,200,284.731,337.033,8.935,8.172,4.056,2.124,7467.115,377.032,0.963,4728.6,17.4,1891.4,0,0,18.444,29.715,20.552,143.4,Burdekin,AyrDPI,Kala,1960,Furrow,BareFallow,77,Surf1,200,140,LowFreq,0,P2R,15MayV1R4,T2,3248.7,2828.64,1641.523,1881.819,21.163,12.228,6.48951439561061,0.114018289884041,6.18063973063973,0.917825,34.803,999
2006,14/11/2006,318,2005,15-May,8,sugar,alive,3,396,2002,14/10/2005,135,0,0,348,2006,21,2039,6669.62,5858.88,5307.92,161.884,2744.86,13617,17786.91,7114.763,79.368,17.955,98.8,60.347,0,2.134,6616.49,6618.625,79881.531,0.834,17,2380,923.4,902.285,1011.952,525.722,1144.057,257.675,1401.732,4.77,6608.635,3.024,6611.659,79808.545,200,269.393,326.896,11.806,14.243,2.602,2.605,7407.615,379.182,0.968,4908.4,18,1963.4,0,0,18.902,29.43,19.985,178.4,Burdekin,AyrDPI,Kala,1960,Furrow,BareFallow,77,Surf1,200,140,LowFreq,0,P2R,15MayV1R4,T2,3303.4,2905.722,1914.237,2171.912,28.651,16.845,5.57121431437694,0.115488552733333,5.72028268551237,0.80942,27.449,999
2007,14/12/2007,348,2006,15-May,8,sugar,alive,4,395,2002,14/11/2006,135,0,0,348,2007,21,2039,7308.68,6415.63,5841.44,179.538,3498.62,14672.4,15746.551,6298.62,77.869,21.069,85.8,47.779,0,3.024,6608.635,6611.659,79808.545,0.832,17,2380,988.9,989.02,850.851,478.083,1231.266,274.849,1506.115,4.239,6589.427,4.046,6593.474,79471.037,200,237.807,336.861,18.556,47.85,3.033,3.873,7295.178,381.368,0.945,4152.1,15.3,1660.8,0,0,18.389,28.958,19.987,130.2,Burdekin,AyrDPI,Kala,1960,Furrow,BareFallow,77,Surf1,200,140,LowFreq,0,P2R,15MayV1R4,T2,3368.9,2858.083,1839.871,2114.72,69.439,50.883,6.28176298588949,0.119206036723623,6.34409893992933,0.89769,34.986,999
2008,14/05/2008,135,0,15-May,8,none,out,-1,0,2002,0.000,135,0,0,348,-1,21,2039,0,0,0,0,0,0,16000.807,6400.322,74.056,0,0,70.694,6.654,4.046,6589.427,6593.474,79471.037,0.828,0,0,1146.2,645.059,219.798,412.276,0,184.727,184.727,0.384,6665.52,20.495,6686.015,81445.06,0,0,32.517,0.378,2.093,0.083,0.08,4068.339,382.218,0.622,1388.5,6.4,555.4,0,0,20.861,30.441,19.055,108.2,Burdekin,AyrDPI,Kala,1960,Furrow,BareFallow,77,Surf1,200,140,LowFreq,0,P2R,15MayV1R4,T2,1146.2,412.276,864.857,1049.584,2.554,2.176,0,0,0,,0,999
2009,14/08/2009,226,2008,15-May,9,sugar,alive,0,457,2008,14/5/2008,135,0,0,348,2009,21,2039,7824.15,6876.07,6229.76,190.116,3047.25,15943.9,0,0,0,16.815,161.2,167.31,167.31,20.495,6665.52,6686.015,81445.06,0.828,15,2100,1896.9,1373.817,1115.761,631.823,1327.476,288.572,1616.048,7.056,6525.275,3.913,6529.188,78530.819,200,344.924,400.076,14.822,36.192,8.754,3.332,7074.918,384.802,0.986,6088.1,22.3,2435.2,0,0,17.397,28.514,18.07,197.2,Burdekin,AyrDPI,Kala,1960,Furrow,BareFallow,77,Surf1,200,140,LowFreq,0,P2R,15MayV1R4,T2,3996.9,2731.823,2489.578,2778.15,59.768,44.946,6.95930885712581,0.117642545270933,7.45552941176471,0.95058,30.472,999
2010,14/09/2010,257,2009,15-May,9,sugar,alive,1,396,2008,14/8/2009,135,0,0,348,2010,21,2039,7563.73,6760.45,5897.51,181.524,3042.5,16662.1,18727.187,7490.875,92.61,17.716,103.1,58.584,0,3.913,6525.275,6529.188,78530.819,0.82,16,2240,1138.9,996.426,866.444,437.682,1267.967,229.783,1497.75,3.485,6515.616,1.986,6517.602,78559.326,200,271.708,325.784,9.199,13.406,2.347,2.163,6959.642,387.08,0.946,4168.2,15.3,1667.3,0,0,18.842,29.312,18.819,135.2,Burdekin,AyrDPI,Kala,1960,Furrow,BareFallow,77,Surf1,200,140,LowFreq,0,P2R,15MayV1R4,T2,3378.9,2677.682,1862.87,2092.653,24.952,15.753,6.77914703837125,0.121197796695043,6.74810408921933,0.90762,30.425,999
2011,14/10/2011,287,2010,15-May,9,sugar,alive,2,395,2008,14/9/2010,135,0,0,348,2011,21,2039,6087.28,5385.68,4850.06,148.944,2764.01,12372.3,17705.766,7082.307,72.703,19.925,76.3,76.863,12.823,1.986,6515.616,6517.602,78559.326,0.822,13,1820,1399.5,1065.018,881.394,844.772,995.955,307.418,1303.373,6.068,6512.648,2.791,6515.439,78622.952,200,224.389,307.924,24.378,30.123,4.314,4.875,6646.34,389.395,0.945,4145.1,15.2,1658,0,0,17.983,28.537,18.315,81.4,Burdekin,AyrDPI,Kala,1960,Furrow,BareFallow,77,Surf1,200,140,LowFreq,0,P2R,15MayV1R4,T2,3219.5,2664.772,1946.412,2253.83,58.815,34.437,5.5893712482719,0.114275805928157,6.56140969162996,0.74472,27.64,999
2012,13/11/2012,318,2011,15-May,9,sugar,alive,3,396,2008,14/10/2011,135,0,0,348,2012,21,2039,6813.67,6002.34,5415.91,165.685,2869.17,13977.6,14039.709,5615.885,64.161,18.4,95.5,46.579,0,2.791,6512.648,6515.439,78622.952,0.82,15,2100,1162.2,977.646,862.433,544.219,1147.681,269.928,1417.609,6.474,6494.351,2.849,6497.2,78425.601,200,261.903,320.406,14.707,20.095,2.837,3.128,6638.406,391.74,0.972,5103.9,18.7,2041.6,0,0,18.232,28.806,19.444,197.4,Burdekin,AyrDPI,Kala,1960,Furrow,BareFallow,77,Surf1,200,140,LowFreq,0,P2R,15MayV1R4,T2,3262.2,2644.219,1840.079,2110.007,37.639,22.932,6.26593334364514,0.116876374232951,6.49745098039216,0.828425,28.692,999
2013,13/12/2013,347,2012,15-May,9,sugar,alive,4,395,2008,13/11/2012,135,0,0,348,2013,21,2039,7249.39,6295.09,5761.17,175.733,3200.2,14882.1,16219.252,6487.701,82.106,19.499,96.8,51.091,0,2.849,6494.351,6497.2,78425.601,0.817,18,2520,605.4,702.08,890.583,426.133,1255.16,257.275,1512.435,5.604,6480.608,3.36,6483.968,78134.06,200,263.632,332.609,15.811,19.272,2.677,3.375,7266.535,394.129,0.959,4552.7,16.7,1821.1,0,0,18.809,29.727,20.452,178.6,Burdekin,AyrDPI,Kala,1960,Furrow,BareFallow,77,Surf1,200,140,LowFreq,0,P2R,15MayV1R4,T2,3125.4,2946.133,1592.663,1849.938,37.76,21.949,5.96486988197749,0.116192100817556,5.91693602693603,0.878665,32.002,999
2014,15/05/2014,135,0,15-May,9,none,out,-1,0,2008,0.000,135,0,0,348,-1,21,2039,0,0,0,0,0,0,16519.608,6607.844,78.685,0,0,71.393,7.353,3.36,6480.608,6483.968,78134.06,0.815,0,0,569.2,229.213,76.919,331.416,0,161.895,161.895,0.157,6565.789,12.805,6578.593,80173.064,0,0,28.294,0.539,1.031,0.124,0.08,3897.225,395.07,0.647,1486.3,7.1,594.5,0,0,21.188,30.542,19.544,86.2,Burdekin,AyrDPI,Kala,1960,Furrow,BareFallow,77,Surf1,200,140,LowFreq,0,P2R,15MayV1R4,T2,569.2,331.416,306.132,468.027,1.694,1.155,0,0,0,,0,999
2015,15/08/2015,227,2014,15-May,10,sugar,alive,0,457,2014,15/5/2014,135,0,0,348,2015,21,2039,8699.91,7670.86,6959.37,213.344,3823.54,17405.4,0,0,0,19.144,175,172.565,172.565,12.805,6565.789,6578.593,80173.064,0.816,20,2800,446.2,729.124,748.176,300.517,1572.546,306.593,1879.139,4.335,6424.153,3.111,6427.264,77339.472,200,362.332,409.334,11.767,22.687,6.605,2.781,7404.958,397.889,0.984,5936.6,21.8,2374.6,0,0,17.421,29.234,19.713,83.4,Burdekin,AyrDPI,Kala,1960,Furrow,BareFallow,77,Surf1,200,140,LowFreq,0,P2R,15MayV1R4,T2,3246.2,3100.517,1477.3,1783.893,41.059,29.292,6.8809169567527,0.113532846692022,6.56443076923077,1.06672,38.235,999
2016,14/09/2016,258,2015,15-May,10,sugar,alive,1,396,2014,15/8/2015,135,0,0,348,2016,21,2039,7469,6599.99,5871.5,179.656,3291.71,15975,19840.709,7936.283,90.499,19.636,98.4,62.325,0,3.111,6424.153,6427.264,77339.472,0.808,17,2380,538,705.144,629.754,404.192,1338.895,235.179,1574.074,1.537,6421.254,1.852,6423.106,77491.241,200,269.158,325.704,8.496,11.989,2.246,2.042,7195.325,400.366,0.958,4530.3,16.7,1812.1,0,0,19.103,29.867,19.185,43.6,Burdekin,AyrDPI,Kala,1960,Furrow,BareFallow,77,Surf1,200,140,LowFreq,0,P2R,15MayV1R4,T2,2918,2784.192,1334.898,1570.077,22.731,14.235,6.45271590465025,0.114134405371031,6.34826855123675,0.89828,32.917,999
2017,14/10/2017,287,2016,15-May,10,sugar,alive,2,395,2014,14/9/2016,135,0,0,348,2017,21,2039,6759.33,5895.19,5300.59,160.746,2670.94,14587.4,17429.45,6971.779,71.108,17.538,95.3,71.353,7.313,1.852,6421.254,6423.106,77491.241,0.81,16,2240,860,769.443,854.638,515.93,1243.109,251.808,1494.917,3.657,6416.201,2.366,6418.567,77488.851,200,269.799,319.997,11.582,5.54,4.755,2.576,7225.534,402.887,0.972,5125.6,18.8,2050.3,0,0,18.783,30.109,18.59,107.8,Burdekin,AyrDPI,Kala,1960,Furrow,BareFallow,77,Surf1,200,140,LowFreq,0,P2R,15MayV1R4,T2,3100,2755.93,1624.081,1875.889,21.877,10.295,5.83273160058492,0.107528377829672,5.97568773234201,0.80373,26.709,999
2018,14/11/2018,318,2017,15-May,10,sugar,alive,3,396,2014,14/10/2017,135,0,0,348,2018,21,2039,6655.47,5850.01,5210.74,159.353,2749.13,14447.4,16756.079,6702.432,77.782,18.32,96.6,52.355,0,2.366,6416.201,6418.567,77488.851,0.808,18,2520,742.1,915.232,867.512,367.509,1215.987,252.229,1468.216,6.061,6402.162,3.128,6405.29,77212.758,200,257.288,327.608,15.051,24.675,2.386,3.201,7274.748,405.446,0.941,4034.2,14.8,1613.7,0,0,18.275,29.723,18.447,130.4,Burdekin,AyrDPI,Kala,1960,Furrow,BareFallow,77,Surf1,200,140,LowFreq,0,P2R,15MayV1R4,T2,3262.1,2887.509,1782.744,2034.973,42.112,27.061,5.51870141357135,0.108535120173054,5.36542087542088,0.796765,27.491,999
2019,14/12/2019,348,2018,15-May,10,sugar,alive,4,395,2014,14/11/2018,135,0,0,348,2019,21,2039,5293.45,4650.75,4170.85,128.393,2396.75,11226,15709.344,6283.738,75.779,20.061,72.5,63.495,0,3.128,6402.162,6405.29,77212.758,0.806,17,2380,1162.8,1324.293,1000.89,386.252,927.009,301.287,1228.296,8.439,6367.708,5.54,6373.248,76681.88,200,190.863,334.08,30.356,86.166,1.928,6.035,6512.397,408.043,0.883,3067.7,11.3,1227.1,0,0,18.589,29.789,17.739,92.8,Burdekin,AyrDPI,Kala,1960,Furrow,BareFallow,77,Surf1,200,140,LowFreq,0,P2R,15MayV1R4,T2,3542.8,2766.252,2325.183,2626.47,118.45,88.094,4.64140649514216,0.104529364257475,4.53685512367491,0.641965,23.968,999
2020,14/05/2020,135,0,15-May,10,none,out,-1,0,2014,0.000,135,0,0,348,-1,21,2039,0,0,0,0,0,0,12149.643,4859.857,55.184,0,0,52.816,0,5.54,6367.708,6373.248,76681.88,0.801,0,0,927.2,311.841,323.144,370.767,0,170.561,170.561,0.796,6438.434,21.524,6459.958,77743.761,0,0,33.875,0.62,1.274,0.288,0.104,3890.543,409.053,0.476,922.9,4.2,369.2,0,0,22.195,31.868,18.943,327.8,Burdekin,AyrDPI,Kala,1960,Furrow,BareFallow,77,Surf1,200,140,LowFreq,0,P2R,15MayV1R4,T2,927.2,370.767,634.985,805.546,2.182,1.562,0,0,0,,0,999
2021,14/08/2021,226,2020,15-May,11,sugar,alive,0,457,2020,14/5/2020,135,0,0,348,2021,21,2039,7532.82,6604.64,5952.67,181.351,3023.64,15801.5,0,0,0,17.608,144.1,174.47,174.47,21.524,6438.434,6459.958,77743.761,0.8,17,2380,1143.8,1104.659,971.762,478.133,1280.077,278.546,1558.623,8.356,6299.353,3.256,6302.61,75787.389,200,324.518,390.038,15.754,51.709,9.489,3.528,5779.721,412.114,0.985,5955.4,21.8,2382.1,0,0,18.007,28.72,16.5,132.4,Burdekin,AyrDPI,Kala,1960,Furrow,BareFallow,77,Surf1,200,140,LowFreq,0,P2R,15MayV1R4,T2,3523.8,2858.133,2076.421,2354.967,76.952,61.198,6.34508611040844,0.116353345228448,6.40816254416961,0.906755,30.236,999
1961,15/05/1961,135,0,15-May,0,none,out,-1,0,-1,0.000,135,0,0,348,-1,21,2039,0,0,0,0,0,0,0,0,0,0,0,0,0,0,0,0,0,1.165,0,0,362.2,33.174,64.9,284.298,0,140.661,140.661,2.945,8910.178,277.934,9188.111,105203.304,0,0,291.186,18.426,6.37,0.988,3.814,3043.47,350,0.019,27.4,0.1,11,0,0,19.325,30.363,21.413,63.2,Burdekin,AyrDPI,Kala,1961,Furrow,BareFallow,77,Surf1,200,140,LowFreq,0,P2R,15MayV1R4,T2,362.2,284.298,98.074,238.735,25.784,7.358,0,0,0,,0,999
1962,15/08/1962,227,1961,15-May,1,sugar,alive,0,457,1961,15/5/1961,135,0,0,348,1962,21,2039,7732.55,6781.11,6104.17,186.247,3118.63,16283.8,0,0,0,17.696,243.4,160.666,160.666,277.934,8910.178,9188.111,105203.304,1.129,16,2240,964.5,748.99,805.623,580.604,1431.038,320.472,1751.509,16.766,8570.104,11.846,8581.95,102736.819,200,472.957,597.249,73.111,288.325,16.017,14.367,6360.89,350,0.968,4915.1,18,1966.1,0,0,16.219,28.63,19.583,102.1,Burdekin,AyrDPI,Kala,1961,Furrow,BareFallow,77,Surf1,200,140,LowFreq,0,P2R,15MayV1R4,T2,3204.5,2820.604,1554.613,1875.085,377.453,304.342,6.60308926740514,0.10633516584842,6.92368029739777,0.931235,31.186,999
1963,15/09/1963,258,1962,15-May,1,sugar,alive,1,396,1961,15/8/1962,135,0,0,348,1963,21,2039,6636.38,5881.27,5105.92,156.207,2530.88,15304.5,18019.087,7207.635,102.909,17.029,150.6,59.044,0,11.846,8570.104,8581.95,102736.819,1.091,14,1960,1162.3,879.601,757.098,628.329,1223.69,254.677,1478.367,5.056,8489.694,4.292,8493.986,101950.871,200,332.545,404.591,17.687,23.06,3.321,3.808,7410.399,350,0.928,3765.5,13.8,1506.2,0,0,17.17,29.04,19.287,91.9,Burdekin,AyrDPI,Kala,1961,Furrow,BareFallow,77,Surf1,200,140,LowFreq,0,P2R,15MayV1R4,T2,3122.3,2588.329,1636.699,1891.376,44.068,26.381,6.03505195823251,0.105661855276802,6.48161825726141,0.781035,25.309,999
1964,14/10/1964,288,1963,15-May,1,sugar,alive,2,395,1961,15/9/1963,135,0,0,348,1964,21,2039,5942.21,5139.24,4629.88,139.418,2255.91,13123.3,16209.505,6483.802,94.838,17.002,140.2,66.278,2.238,4.292,8489.694,8493.986,101950.871,1.08,16,2240,564.7,639.924,776.307,438.447,1156.698,243.814,1400.512,3.865,8412.235,7.922,8420.157,101012.913,200,322.539,394.032,14.812,21.363,3.481,3.242,7550.192,350,0.966,4833.3,17.8,1933.3,0,0,17.853,29.757,19.759,92.7,Burdekin,AyrDPI,Kala,1961,Furrow,BareFallow,77,Surf1,200,140,LowFreq,0,P2R,15MayV1R4,T2,2804.7,2678.447,1416.231,1660.045,39.656,24.844,5.20518046464985,0.0995478796325915,5.18282527881041,0.69709,22.559,999
1965,14/11/1965,318,1964,15-May,1,sugar,alive,3,396,1961,14/10/1964,135,0,0,348,1965,21,2039,6471.53,5715.74,5069.93,155.546,2559.82,14016,15263.082,6105.232,91.453,17.342,131.4,54.235,0,7.922,8412.235,8420.157,101012.913,1.069,17,2380,827.8,888.272,855.587,432.738,1177.251,290.09,1467.34,7,8323.263,6.873,8330.137,99996.721,200,298.965,393.095,27.89,44.964,3.97,5.653,7277.699,350,0.949,4247.2,15.6,1698.9,0,0,17.49,29.079,20.228,107.4,Burdekin,AyrDPI,Kala,1961,Furrow,BareFallow,77,Surf1,200,140,LowFreq,0,P2R,15MayV1R4,T2,3207.8,2812.738,1743.859,2033.949,76.824,48.934,5.5300564787762,0.106005424782259,5.49632508833922,0.77773,25.598,999
1966,14/12/1966,348,1965,15-May,1,sugar,alive,4,395,1961,14/11/1965,135,0,0,348,1966,21,2039,6496.03,5645.19,5059.29,154.798,2631.64,14367.4,15523.776,6209.511,89.701,18.011,117.8,50.836,0,6.873,8323.263,8330.137,99996.721,1.056,19,2660,475,819.881,863.629,336.55,1117.264,314.525,1431.789,7.334,8240.604,7.228,8247.832,98923.862,200,275.455,395.837,34.886,54.182,2.61,6.932,7431.061,350,0.914,3507.9,12.9,1403.2,0,0,18.277,29.054,19.682,102.9,Burdekin,AyrDPI,Kala,1961,Furrow,BareFallow,77,Surf1,200,140,LowFreq,0,P2R,15MayV1R4,T2,3135,2996.55,1683.51,1998.035,91.678,56.792,5.16587408853515,0.108115092377438,4.97742765273312,0.77399,26.316,999
1967,15/05/1967,135,0,15-May,1,none,out,-1,0,1961,0.000,135,0,0,348,-1,21,2039,0,0,0,0,0,0,15193.98,6077.591,79.044,0,0,70.538,6.498,7.228,8240.604,8247.832,98923.862,1.044,0,0,488.3,114.548,130.289,265.762,0,151.04,151.04,0.232,8291.412,54.616,8346.028,99947.588,0,0,66.28,1.164,0.552,0.111,0.186,4449.737,350,0.603,1321,6.9,528.4,0,0,20.819,30.991,20.168,154.9,Burdekin,AyrDPI,Kala,1961,Furrow,BareFallow,77,Surf1,200,140,LowFreq,0,P2R,15MayV1R4,T2,488.3,265.762,244.837,395.877,1.827,0.663,0,0,0,,0,999
1968,14/08/1968,227,1967,15-May,2,sugar,alive,0,457,1967,15/5/1967,135,0,0,348,1968,21,2039,8114.29,7146.62,6448.99,197.283,3325.62,16653.1,0,0,0,17.834,188,162.959,162.959,54.616,8291.412,8346.028,99947.588,1.041,16,2240,1683.8,1271.875,1094.353,600.002,1355.3,298.693,1653.994,8.512,8093.482,6.336,8099.817,97135.691,200,390.878,468.731,24.884,74.771,5.589,5.326,7075.348,350,0.983,5783.9,21.2,2313.6,0,0,17.428,27.946,19.036,187.9,Burdekin,AyrDPI,Kala,1961,Furrow,BareFallow,77,Surf1,200,140,LowFreq,0,P2R,15MayV1R4,T2,3923.8,2840.002,2366.228,2664.921,105.244,80.36,6.94657961508478,0.119276732563722,7.3339405204461,0.986415,33.256,999
1969,14/09/1969,257,1968,15-May,2,sugar,alive,1,396,1967,14/8/1968,135,0,0,348,1969,21,2039,6676.29,5839.16,5120.39,155.639,2592.69,15559,19071.427,7628.572,100.119,17.59,131.6,66.537,2.497,6.336,8093.482,8099.817,97135.691,1.026,19,2660,202.9,581.383,759.268,168.765,1275.421,257.157,1532.578,2.754,8025.881,4.377,8030.258,96468.56,200,318.464,380.68,12.637,18.28,4.439,2.873,7346.194,350,0.953,4374,16.1,1749.6,0,0,17.462,29.388,20.407,46.5,Burdekin,AyrDPI,Kala,1961,Furrow,BareFallow,77,Surf1,200,140,LowFreq,0,P2R,15MayV1R4,T2,2862.9,2828.765,1340.651,1597.808,35.356,22.719,5.50201236228531,0.101553721898657,5.00446945337621,0.778195,25.927,999
1970,14/10/1970,287,1969,15-May,2,sugar,alive,2,395,1967,14/9/1969,135,0,0,348,1970,21,2039,6765.46,5933.81,5244.96,159.592,2656.09,15205,16943.069,6777.227,86.877,17.571,130.8,56.208,0,4.377,8025.881,8030.258,96468.56,1.02,17,2380,674.6,718.934,781.236,414.336,1286.931,267.057,1553.988,4.658,7962.437,4.877,7967.314,95757.119,200,313.39,384.212,16.927,19.164,2.915,3.631,7683.232,350,0.956,4461.8,16.4,1784.7,0,0,17.812,29.536,20.631,133.6,Burdekin,AyrDPI,Kala,1961,Furrow,BareFallow,77,Surf1,200,140,LowFreq,0,P2R,15MayV1R4,T2,3054.6,2794.336,1500.17,1767.227,39.006,22.079,5.7112673636957,0.102698347734989,5.63929328621908,0.79796,26.561,999
1971,14/11/1971,318,1970,15-May,2,sugar,alive,3,396,1967,14/10/1970,135,0,0,348,1971,21,2039,6754.31,5965.9,5262.01,161.302,2646.25,14923.1,16716.766,6686.707,88.292,17.279,119.8,56.65,0,4.877,7962.437,7967.314,95757.119,1.011,15,2100,1243.3,842.952,1004.49,811.477,1194.533,293.76,1488.293,10.771,7904.597,6.153,7910.75,95034.045,200,290.891,374.257,22.954,28.838,3.814,4.696,7676,350,0.935,3895.8,14.3,1558.3,0,0,17.821,28.99,19.978,220,Burdekin,AyrDPI,Kala,1961,Furrow,BareFallow,77,Surf1,200,140,LowFreq,0,P2R,15MayV1R4,T2,3343.3,2911.477,1847.442,2141.202,55.606,32.652,5.54021206418598,0.108380540659668,6.32556862745098,0.80651,26.462,999
1972,13/12/1972,348,1971,15-May,2,sugar,alive,4,395,1967,14/11/1971,135,0,0,348,1972,21,2039,5615.67,4934.68,4456.7,137.422,2678.9,11589.7,15996.008,6398.404,84.439,21.078,82.2,64.216,0.176,6.153,7904.597,7910.75,95034.045,1.002,17,2380,1357,1306,1095.846,423.411,1014.358,316.88,1331.237,7.088,7834.445,7.369,7841.814,94115.075,200,207.146,373.935,24.07,115.164,4.889,4.886,7170.728,350,0.862,2829.9,10.4,1131.9,0,0,17.058,28.895,20.127,206.2,Burdekin,AyrDPI,Kala,1961,Furrow,BareFallow,77,Surf1,200,140,LowFreq,0,P2R,15MayV1R4,T2,3737,2803.411,2401.846,2718.726,144.123,120.053,4.9019569374594,0.103228801483132,4.85590106007067,0.68711,26.789,999
1973,15/05/1973,135,0,15-May,2,none,out,-1,0,1967,0.000,135,0,0,348,-1,21,2039,0,0,0,0,0,0,12256.638,4902.656,60.273,0,0,68.132,4.092,7.369,7834.445,7841.814,94115.075,0.992,0,0,905.3,447.981,134.005,436.713,0,216.455,216.455,0.29,7896.606,34.002,7930.608,95114.616,0,0,44.956,1.943,1.718,0.066,0.256,4140.953,350,0.425,791.2,3.9,316.5,0,0,21.55,30.636,19.418,108.5,Burdekin,AyrDPI,Kala,1961,Furrow,BareFallow,77,Surf1,200,140,LowFreq,0,P2R,15MayV1R4,T2,905.3,436.713,581.986,798.441,3.727,1.784,0,0,0,,0,999
1974,15/08/1974,227,1973,15-May,3,sugar,alive,0,457,1973,15/5/1973,135,0,0,348,1974,21,2039,7551.62,6667.12,6028.09,184.496,2877.18,15235.3,0,0,0,16.282,180.5,174.99,174.99,34.002,7896.606,7930.608,95114.616,0.991,13,1820,2074.3,1485.317,990.66,810.132,1231.06,300.044,1531.105,12.656,7704.661,5.907,7710.567,92493.654,200,376.362,445.659,23.371,55.603,9.78,4.983,6515.986,350,0.979,5522.1,20.3,2208.8,0,0,17.369,28.049,17.712,152.9,Burdekin,AyrDPI,Kala,1961,Furrow,BareFallow,77,Surf1,200,140,LowFreq,0,P2R,15MayV1R4,T2,3894.3,2630.132,2475.977,2776.021,88.754,65.383,7.01470496537816,0.120498594152589,8.12757709251101,0.92248,28.772,999
1975,15/09/1975,258,1974,15-May,3,sugar,alive,1,396,1973,15/8/1974,135,0,0,348,1975,21,2039,7391.8,6600.98,5660.59,174.121,2922.32,17312.2,17643.812,7057.524,97.802,17.743,121.3,62.209,0,5.907,7704.661,7710.567,92493.654,0.976,16,2240,790.6,726.219,724.347,524.854,1265.959,274.877,1540.837,4.794,7655.752,3.099,7658.851,92066.265,200,296.385,356.263,15.273,20.943,3.475,3.333,7069.999,350,0.937,3942.6,14.5,1577,0,0,17.942,28.649,19.642,65,Burdekin,AyrDPI,Kala,1961,Furrow,BareFallow,77,Surf1,200,140,LowFreq,0,P2R,15MayV1R4,T2,3030.6,2764.854,1450.566,1725.443,39.691,24.418,6.29765622343892,0.113004165917615,6.47289962825279,0.870605,29.223,999
1976,14/10/1976,288,1975,15-May,3,sugar,alive,2,395,1973,15/9/1975,135,0,0,348,1976,21,2039,6152.28,5428.62,4860.64,148.931,2621.92,12916.4,18066.55,7226.62,81.11,18.754,95.9,101.406,37.366,3.099,7655.752,7658.851,92066.265,0.972,13,1820,1890.9,1479.352,978.921,616.436,1031.674,274.362,1306.036,5.781,7622.317,5.009,7627.326,91760.064,200,249.097,341.864,17.3,39.205,9.658,3.617,7045.166,350,0.946,4178.3,15.3,1671.3,0,0,17.632,28.358,19.627,179.8,Burdekin,AyrDPI,Kala,1961,Furrow,BareFallow,77,Surf1,200,140,LowFreq,0,P2R,15MayV1R4,T2,3710.9,2436.436,2458.273,2732.635,66.163,48.863,6.11265799717292,0.11403284442389,6.56083700440529,0.744655,26.219,999
1977,14/11/1977,318,1976,15-May,3,sugar,alive,3,396,1973,14/10/1976,135,0,0,348,1977,21,2039,6203.43,5465.15,4906.57,150.212,2455.94,12968.6,14530.463,5812.185,68.135,17.21,102.4,47.997,0,5.009,7622.317,7627.326,91760.064,0.966,16,2240,1378.2,1159.478,1178.089,468.64,1002.535,279.567,1282.102,8.621,7567.746,5.422,7573.168,91082.532,200,258.466,357.102,24.4,48.87,2.838,4.951,6968.275,350,0.952,4324.2,15.9,1729.7,0,0,18.13,28.51,19.993,170.6,Burdekin,AyrDPI,Kala,1961,Furrow,BareFallow,77,Surf1,200,140,LowFreq,0,P2R,15MayV1R4,T2,3618.2,2708.64,2337.567,2617.134,76.108,51.708,5.54566129127533,0.117160725121714,5.58408921933085,0.75106,24.559,999
1978,14/12/1978,348,1977,15-May,3,sugar,alive,4,395,1973,14/11/1977,135,0,0,348,1978,21,2039,7388,6537.34,5776.18,177.904,3125.46,16118.2,14698.875,5879.551,76.409,18.709,109.1,46.527,0,5.422,7567.746,7573.168,91082.532,0.958,16,2240,1119.5,913.441,876.429,692.65,1200.015,283.413,1483.428,5.292,7513.903,2.012,7515.915,90403.52,200,273.291,361.699,21.634,44.807,2.463,4.439,7301.074,350,0.934,3872.5,14.2,1549,0,0,18.352,28.532,20.279,150.6,Burdekin,AyrDPI,Kala,1961,Furrow,BareFallow,77,Surf1,200,140,LowFreq,0,P2R,15MayV1R4,T2,3359.5,2932.65,1789.87,2073.283,68.904,47.27,6.06632226825567,0.119927627090765,6.61353159851301,0.88952,31.255,999
1979,15/05/1979,135,0,15-May,3,none,out,-1,0,1973,0.000,135,0,0,348,-1,21,2039,0,0,0,0,0,0,16992.171,6796.869,79.688,0,0,132.73,68.69,2.012,7513.903,7515.915,90403.52,0.95,0,0,1203.7,578.247,421.604,320.134,0,161.43,161.43,0.683,7582.515,27.99,7610.505,91938.189,0,0,44.191,1.217,1.825,0.188,0.185,4502.332,350,0.602,1314.8,6.2,525.9,0,0,21.538,30.242,18.395,350.7,Burdekin,AyrDPI,Kala,1961,Furrow,BareFallow,77,Surf1,200,140,LowFreq,0,P2R,15MayV1R4,T2,1203.7,320.134,999.851,1161.281,3.23,2.013,0,0,0,,0,999
1980,14/08/1980,227,1979,15-May,4,sugar,alive,0,457,1979,15/5/1979,135,0,0,348,1980,21,2039,8528.75,7526.13,6765.65,207.225,3461.55,17631,0,0,0,17.646,185.5,175.149,175.149,27.99,7582.515,7610.505,91938.189,0.949,18,2520,876.5,876.427,871.765,562.693,1438.519,320.545,1759.064,5.99,7404.15,4.386,7408.536,88997.656,200,385.863,444.513,19.799,37.641,9.029,4.332,7308.795,350,0.985,6032.4,22.1,2413,0,0,17.58,28.257,19.642,86.4,Burdekin,AyrDPI,Kala,1961,Furrow,BareFallow,77,Surf1,200,140,LowFreq,0,P2R,15MayV1R4,T2,3396.5,3082.693,1748.192,2068.737,66.469,46.67,6.72220684966035,0.117804127649705,6.97727272727273,1.036125,34.616,999
1981,14/09/1981,257,1980,15-May,4,sugar,alive,1,396,1979,14/8/1980,135,0,0,348,1981,21,2039,6565.93,5742.86,5108.86,155.231,2478.13,14570.7,20113.859,8045.543,98.139,16.736,104.8,64.393,0.353,4.386,7404.15,7408.536,88997.656,0.936,14,1960,1123.2,991.919,758.524,550.933,1107.365,233.395,1340.759,2.568,7385.929,4.084,7390.013,88907.318,200,278.327,334.793,9.551,14.411,2.7,2.236,7120.71,350,0.953,4370.8,16.1,1748.3,0,0,17.727,28.314,19.26,104.8,Burdekin,AyrDPI,Kala,1961,Furrow,BareFallow,77,Surf1,200,140,LowFreq,0,P2R,15MayV1R4,T2,3083.2,2510.933,1750.443,1983.838,26.662,17.111,6.18220398553048,0.115778450862534,6.44112033195021,0.776155,24.781,999
1982,14/10/1982,287,1981,15-May,4,sugar,alive,2,395,1979,14/9/1981,135,0,0,348,1982,21,2039,6477.02,5692.38,5104.5,155.794,2698.06,13725.2,16100.28,6440.112,77.612,18.401,103.3,56.391,0,4.084,7385.929,7390.013,88907.318,0.936,18,2520,600.6,868.136,798.928,397.566,1183.854,269.916,1453.77,4.349,7336.963,4.341,7341.304,88362.194,200,265.123,360.432,21.594,43.381,3.117,4.418,7236.337,350,0.957,4496.3,16.5,1798.5,0,0,17.546,29.118,20.049,47.4,Burdekin,AyrDPI,Kala,1961,Furrow,BareFallow,77,Surf1,200,140,LowFreq,0,P2R,15MayV1R4,T2,3120.6,2917.566,1667.064,1936.98,68.092,46.498,5.33986206310329,0.107165507611245,5.24558922558923,0.77897,26.981,999
1983,14/11/1983,318,1982,15-May,4,sugar,alive,3,396,1979,14/10/1982,135,0,0,348,1983,21,2039,6549.63,5741.56,5155.46,156.991,2550.01,13941.7,15488.202,6195.282,75.499,17.079,107.4,56.157,0,4.341,7336.963,7341.304,88362.194,0.929,18,2520,641.3,919.189,875.069,388.084,1102.129,258.631,1360.76,4.226,7294.037,5.024,7299.062,87807.691,200,273.668,355.182,13.686,36.717,3.679,3.01,7278.111,350,0.963,4696.2,17.3,1878.5,0,0,18.667,29.098,20.164,95.4,Burdekin,AyrDPI,Kala,1961,Furrow,BareFallow,77,Surf1,200,140,LowFreq,0,P2R,15MayV1R4,T2,3161.3,2908.084,1794.258,2052.889,54.082,40.396,5.39843415802295,0.115370087304154,5.28589225589226,0.784955,25.5,999
1984,14/12/1984,349,1983,15-May,4,sugar,alive,4,396,1979,14/11/1983,135,0,1,348,1984,20,2039,6647.65,5811.82,5192.18,159.099,2865.87,14554.6,15842.169,6336.866,79.646,19.256,92.2,62.44,0,5.024,7294.037,7299.062,87807.691,0.923,19,2660,755.3,958.626,930.601,530.488,1130.619,303.695,1434.314,5.81,7250.186,2.287,7252.473,87216.105,200,245.668,353.627,27.642,52.023,6.575,5.54,7265.39,350,0.91,3435.7,12.6,1374.3,0,0,17.983,28.825,19.555,111.4,Burdekin,AyrDPI,Kala,1961,Furrow,BareFallow,77,Surf1,200,140,LowFreq,0,P2R,15MayV1R4,T2,3415.3,3190.488,1889.227,2192.922,86.24,58.598,4.9866666165176,0.110923410076176,5.11572347266881,0.795495,28.659,999
1985,15/05/1985,135,0,15-May,4,none,out,-1,0,1979,0.000,135,0,1,349,-1,20,2040,0,0,0,0,0,0,15291.826,6116.73,75.069,0,0,154.199,90.159,2.287,7250.186,7252.473,87216.105,0.916,0,0,500.9,248.492,24.36,333.839,0,203.403,203.403,0.074,7318.02,29.738,7347.758,88444.176,0,0,45.9,1.112,1.106,0.033,0.139,4635.42,350,0.378,678.9,3.3,271.5,0,0,21.322,30.767,19.311,42.6,Burdekin,AyrDPI,Kala,1961,Furrow,BareFallow,77,Surf1,200,140,LowFreq,0,P2R,15MayV1R4,T2,500.9,333.839,272.852,476.255,2.251,1.139,0,0,0,,0,999
1986,17/08/1986,229,1985,15-May,5,sugar,alive,0,459,1985,15/5/1985,135,0,2,348,1986,19,2039,7858.55,6925.99,6201.73,189.043,3138.71,16568.2,0,0,0,17.522,177.9,178.845,178.845,29.738,7318.02,7347.758,88444.176,0.915,18,2520,810.6,717.978,955.405,687.426,1426.813,311.961,1738.774,11.449,7139.667,4.34,7144.007,85777.59,200,378.66,435.339,18.856,42.769,9.837,4.161,6680.591,350,0.986,6129.1,22.5,2451.6,0,0,17.057,28.309,18.222,117.8,Burdekin,AyrDPI,Kala,1961,Furrow,BareFallow,77,Surf1,200,140,LowFreq,0,P2R,15MayV1R4,T2,3330.6,3207.426,1673.383,1985.344,71.462,52.606,5.89391618076302,0.108722007575453,6.36508417508418,0.945215,31.387,999
1987,17/09/1987,260,1986,15-May,5,sugar,alive,1,396,1985,17/8/1986,135,0,2,350,1987,19,2041,6624.6,5794.69,5162,157.129,2659.26,14626,19292.726,7717.092,100.609,17.917,111.5,97.288,33.248,4.34,7139.667,7144.007,85777.59,0.902,18,2520,436.7,629.248,806.123,353.942,1249.912,308.667,1558.579,5.25,7104.026,3.376,7107.402,85513.054,200,281.05,348.994,20.777,15.126,3.862,4.354,6981.402,350,0.948,4210.3,15.5,1684.1,0,0,18.221,29.577,19.655,44,Burdekin,AyrDPI,Kala,1961,Furrow,BareFallow,77,Surf1,200,140,LowFreq,0,P2R,15MayV1R4,T2,2956.7,2873.942,1435.371,1744.038,39.765,18.988,5.46736851335204,0.100815550575236,5.29053872053872,0.785645,26.593,999
1988,16/10/1988,290,1987,15-May,5,sugar,alive,2,395,1985,17/9/1987,135,0,2,350,1988,19,2041,6729.81,5933.88,5234.11,160.073,2620.35,14957,16010.886,6404.355,77.05,17.235,110.1,60.037,0,3.376,7104.026,7107.402,85513.054,0.9,17,2380,967.6,825.892,1047.607,444.274,1204.407,276.651,1481.058,8.19,7068.623,3.371,7071.994,85143.05,200,280.38,347.061,16.281,18.853,3.847,3.461,7039.142,350,0.95,4270.4,15.7,1708.2,0,0,18.59,29.453,19.924,254,Burdekin,AyrDPI,Kala,1961,Furrow,BareFallow,77,Surf1,200,140,LowFreq,0,P2R,15MayV1R4,T2,3347.6,2824.274,1873.499,2150.15,38.981,22.7,5.66775744846286,0.108080169716513,5.65628975265018,0.800365,26.203,999
1989,16/11/1989,320,1988,15-May,5,sugar,alive,3,396,1985,16/10/1988,135,0,2,350,1989,19,2041,6108.17,5420.33,4832.33,148.629,2668.55,12758.5,16343.352,6537.341,80.957,19.184,81.7,53.081,0,3.371,7068.623,7071.994,85143.05,0.895,16,2240,1397.6,1244.134,1058.963,662.248,1019.141,306.668,1325.809,8.593,7039.882,4.092,7043.973,84791.683,200,219.063,340.023,20.571,68.376,3.435,4.218,6858.83,350,0.93,3800.3,14,1520.1,0,0,18.222,28.766,19.395,134.8,Burdekin,AyrDPI,Kala,1961,Furrow,BareFallow,77,Surf1,200,140,LowFreq,0,P2R,15MayV1R4,T2,3637.6,2902.248,2303.097,2609.765,92.382,71.811,5.12116814276382,0.112104383059702,5.52524163568773,0.743145,26.686,999
1990,16/12/1990,350,1989,15-May,5,sugar,alive,4,395,1985,16/11/1989,135,0,2,350,1990,19,2041,6585.21,5772.52,5185.69,158.864,2768.25,13995.2,14074.983,5629.992,64.55,18.533,96.4,61.775,0,4.092,7039.882,7043.973,84791.683,0.89,15,2100,1268,1061.458,888.759,524.95,1167.713,259.753,1427.466,6.45,7002.667,4.631,7007.299,84324.674,200,263.529,334.456,19.056,29.303,2.304,3.974,6629.346,351.103,0.955,4445.9,16.4,1778.3,0,0,17.662,28.865,20.561,103,Burdekin,AyrDPI,Kala,1961,Furrow,BareFallow,77,Surf1,200,140,LowFreq,0,P2R,15MayV1R4,T2,3368,2624.95,1950.217,2209.97,50.663,31.607,6.05207718242252,0.111290916911506,6.22996078431373,0.79432,27.683,999
1991,15/05/1991,135,0,15-May,5,none,out,-1,0,1985,0.000,135,0,2,350,-1,19,2041,0,0,0,0,0,0,15674.915,6269.967,84.34,0,0,52.092,0,4.631,7002.667,7007.299,84324.674,0.884,0,0,1624.9,820.033,547.528,406.106,0,143.886,143.886,0.726,7074.615,24.845,7099.461,85853.754,0,0,33.442,0.216,1.997,0.149,0.073,3946.116,351.741,0.642,1468.6,7.9,587.4,0,0,20.85,29.925,16.819,204.4,Burdekin,AyrDPI,Kala,1961,Furrow,BareFallow,77,Surf1,200,140,LowFreq,0,P2R,15MayV1R4,T2,1624.9,406.106,1367.561,1511.447,2.362,2.146,0,0,0,,0,999
1992,14/08/1992,227,1991,15-May,6,sugar,alive,0,457,1991,15/5/1991,135,0,0,348,1992,21,2039,8920.87,7884.06,7110.03,218.167,3893.83,18108.4,0,0,0,19.053,180.6,165.545,165.545,24.845,7074.615,7099.461,85853.754,0.884,19,2660,687.6,781.459,790.144,452.906,1571.543,305.842,1877.385,5.024,6919.702,3.757,6923.459,83232.801,200,377.844,423.006,14.228,30.402,7.445,3.274,7225.792,353.691,0.985,6016,22.1,2406.4,0,0,16.996,28.831,19.948,122.8,Burdekin,AyrDPI,Kala,1961,Furrow,BareFallow,77,Surf1,200,140,LowFreq,0,P2R,15MayV1R4,T2,3347.6,3112.906,1571.603,1877.445,52.075,37.847,7.00846732924155,0.116207916863084,7.01501607717042,1.090835,38.938,999
1993,14/09/1993,257,1992,15-May,6,sugar,alive,1,396,1991,14/8/1992,135,0,0,348,1993,21,2039,7427.49,6598.35,5846.27,179.906,3396.05,15812.2,20505.698,8202.279,96.657,20.319,105.1,64.158,0.118,3.757,6919.702,6923.459,83232.801,0.874,17,2380,509.4,633.059,675.756,362.992,1313.599,261.403,1575.002,2.331,6909.734,3.023,6912.757,83299.096,200,277.796,328.863,8.578,9.006,3.615,2.041,7235.858,355.421,0.946,4178.1,15.4,1671.2,0,0,17.925,29.002,20.185,72,Burdekin,AyrDPI,Kala,1961,Furrow,BareFallow,77,Surf1,200,140,LowFreq,0,P2R,15MayV1R4,T2,2889.4,2742.992,1308.815,1570.218,21.199,12.621,6.5587504447698,0.114225886697287,6.35710247349823,0.89953,33.961,999
1994,14/10/1994,287,1993,15-May,6,sugar,alive,2,395,1991,14/9/1993,135,0,0,348,1994,21,2039,7094.68,6257.36,5668.27,173.537,3125.61,14264.1,16991.728,6796.692,72.868,19.254,104.4,69.741,5.701,3.023,6909.734,6912.757,83299.096,0.875,18,2520,381.5,587.921,791.057,301.496,1279.293,265.229,1544.522,2.907,6893.867,3.24,6897.108,83245.553,200,277.107,328.076,11.49,4.133,11.307,2.562,7254.971,357.185,0.972,5127.4,18.8,2051,0,0,17.917,29.25,20.662,46.8,Burdekin,AyrDPI,Kala,1961,Furrow,BareFallow,77,Surf1,200,140,LowFreq,0,P2R,15MayV1R4,T2,2901.5,2821.496,1378.978,1644.207,26.93,15.44,6.1505314910955,0.11235644425913,5.84299663299663,0.867685,31.256,999
1995,14/11/1995,318,1994,15-May,6,sugar,alive,3,396,1991,14/10/1994,135,0,0,348,1995,21,2039,7556.99,6692.02,6036.37,185.545,3442.59,15206.2,16482.847,6593.138,76.828,19.921,111.7,47.742,0,3.24,6893.867,6897.108,83245.553,0.871,18,2520,544.9,792.56,725.979,343.749,1265.853,264.414,1530.267,3.493,6869.672,3.656,6873.329,82882.314,200,280.111,347.253,13.662,19.81,3.123,2.986,7795.521,358.982,0.958,4518.1,16.6,1807.2,0,0,19.239,29.375,20.713,55.2,Burdekin,AyrDPI,Kala,1961,Furrow,BareFallow,77,Surf1,200,140,LowFreq,0,P2R,15MayV1R4,T2,3064.9,2863.749,1518.539,1782.953,36.595,22.933,6.47909436197097,0.121250082501942,6.2473063973064,0.927725,34.426,999
1996,13/12/1996,348,1995,15-May,6,sugar,alive,4,395,1991,14/11/1995,135,0,0,348,1996,21,2039,7573.55,6637.76,6121.96,188.133,3606.4,14515.9,16765.671,6706.268,74.903,20.678,102.8,63.835,0,3.656,6869.672,6873.329,82882.314,0.866,19,2660,556.4,748.263,862.931,338.713,1297.949,300.913,1598.863,4.62,6839.93,4.484,6844.414,82478.784,200,266.097,353.017,18.768,34.543,2.522,3.931,7898.629,360.808,0.944,4125.1,15.1,1650.1,0,0,19.733,29.865,21,107,Burdekin,AyrDPI,Kala,1961,Furrow,BareFallow,77,Surf1,200,140,LowFreq,0,P2R,15MayV1R4,T2,3216.4,2998.713,1611.194,1912.107,55.833,37.065,6.27379145653485,0.117666741928483,6.04929260450161,0.940665,36.064,999
1997,15/05/1997,135,0,15-May,6,none,out,-1,0,1991,0.000,135,0,0,348,-1,21,2039,0,0,0,0,0,0,15844.9,6337.961,71.787,0,0,70.178,6.138,4.484,6839.93,6844.414,82478.784,0.862,0,0,780,328.478,179.478,370.373,0,165.451,165.451,0.325,6930.847,15.309,6946.156,84764.097,0,0,26.163,0.239,1.316,0.092,0.06,3965.389,361.531,0.644,1474,6.7,589.6,0,0,21.725,30.299,20.691,116.8,Burdekin,AyrDPI,Kala,1961,Furrow,BareFallow,77,Surf1,200,140,LowFreq,0,P2R,15MayV1R4,T2,780,370.373,507.956,673.407,1.647,1.408,0,0,0,,0,999
1998,15/08/1998,227,1997,15-May,7,sugar,alive,0,457,1997,15/5/1997,135,0,0,348,1998,21,2039,9355.47,8303.9,7517.64,231.309,3700.67,18378.3,0,0,0,16.779,179.9,176.771,176.771,15.309,6930.847,6946.156,84764.097,0.863,17,2380,1028.7,823.446,1047.932,608.855,1345.376,304.333,1649.709,7.59,6786.132,4.492,6790.624,81682.917,200,369.956,412.982,12.586,17.997,9.57,2.935,7834.003,363.701,0.988,6280.1,23,2512,0,0,19.137,28.04,18.73,189.6,Burdekin,AyrDPI,Kala,1961,Furrow,BareFallow,77,Surf1,200,140,LowFreq,0,P2R,15MayV1R4,T2,3408.7,2988.855,1871.378,2175.711,40.153,27.567,7.73905057287824,0.140212001025635,8.1734628975265,1.156545,37.007,999
1999,15/09/1999,258,1998,15-May,7,sugar,alive,1,396,1997,15/8/1998,135,0,0,348,1999,21,2039,7006.94,6240.03,5555.52,170.988,3289.79,14514.3,20959.596,8383.838,90.972,20.765,91.6,64.384,0.344,4.492,6786.132,6790.624,81682.917,0.854,16,2240,1157.8,976.313,1048.45,775.677,1089.867,280.729,1370.596,4.682,6772.936,2.492,6775.429,81695.856,200,252.971,331.73,16.3,29.978,3.394,3.471,7415.57,365.619,0.93,3799.9,13.9,1520,0,0,19.667,28.669,19.06,112,Burdekin,AyrDPI,Kala,1961,Furrow,BareFallow,77,Surf1,200,140,LowFreq,0,P2R,15MayV1R4,T2,3397.8,3015.677,2024.763,2305.492,49.672,33.372,5.66997062351174,0.124754486369433,6.3564312267658,0.85494,32.898,999
2000,14/10/2000,288,1999,15-May,7,sugar,alive,2,395,1997,15/9/1999,135,0,0,348,2000,21,2039,6886.59,6071.1,5526.52,169.271,2958.76,13600.7,15567.058,6226.825,62.273,18.6,99,66.825,2.785,2.492,6772.936,6775.429,81695.856,0.856,14,1960,1485.1,1179.61,1014.578,562.168,1015.034,258.74,1273.773,5.435,6762.601,3.383,6765.984,81651.871,200,265.301,319.311,10.025,14.722,3.33,2.267,6907.282,367.567,0.972,5085.6,18.7,2034.2,0,0,18.822,28.308,19.741,136,Burdekin,AyrDPI,Kala,1961,Furrow,BareFallow,77,Surf1,200,140,LowFreq,0,P2R,15MayV1R4,T2,3445.1,2522.168,2194.188,2452.928,28.077,18.052,6.71132930082374,0.1328894551855,7.02369294605809,0.846355,29.588,999
2001,14/11/2001,318,2000,15-May,7,sugar,alive,3,396,1997,14/10/2000,135,0,0,348,2001,21,2039,6736.47,5919.55,5425.3,166.984,3271.94,13111.6,15883.373,6353.349,75.542,21.201,97,43.964,0,3.383,6762.601,6765.984,81651.871,0.852,19,2660,561.7,781.414,891.215,425.285,1208.485,335.385,1543.87,7.698,6727.793,4.067,6731.86,81120.72,200,245.564,345.545,29.065,43.092,1.375,5.782,7225.301,369.554,0.943,4093.1,15,1637.3,0,0,18.331,29.461,20.36,52,Burdekin,AyrDPI,Kala,1961,Furrow,BareFallow,77,Surf1,200,140,LowFreq,0,P2R,15MayV1R4,T2,3221.7,3085.285,1672.629,2008.014,73.532,44.467,5.41227147573077,0.108159365749707,5.36926045016077,0.83492,32.719,999
2002,14/12/2002,348,2001,15-May,7,sugar,alive,4,395,1997,14/11/2001,135,0,0,348,2002,21,2039,7077.71,6139.72,5703.21,173.979,3168.36,13745,14624.075,5849.63,67.361,19.5,104.2,49.165,0,4.067,6727.793,6731.86,81120.72,0.847,18,2520,814.6,770.102,983.673,332.436,1332.417,252.502,1584.919,4.653,6695.918,3.973,6699.891,80788.251,200,275.695,341.084,15.829,21.525,3.122,3.362,6985.951,371.576,0.975,5279.8,19.4,2111.9,0,0,18.504,30.323,21.575,206,Burdekin,AyrDPI,Kala,1961,Furrow,BareFallow,77,Surf1,200,140,LowFreq,0,P2R,15MayV1R4,T2,3334.6,2852.436,1753.775,2006.277,40.476,24.647,6.09931300824979,0.109771540375249,5.85787878787879,0.869895,31.684,999
2003,15/05/2003,135,0,15-May,7,none,out,-1,0,1997,0.000,135,0,0,348,-1,21,2039,0,0,0,0,0,0,16171.073,6468.43,83.452,0,0,45.071,0,3.973,6695.918,6699.891,80788.251,0.843,0,0,415.2,158.776,31.686,277.396,0,108.611,108.611,0.036,6776.294,18.212,6794.506,82674.273,0,0,21.906,0.11,0.656,0.01,0.046,3581.71,372.368,0.799,2295.3,11.8,918.1,0,0,21.229,31.211,20.584,51,Burdekin,AyrDPI,Kala,1961,Furrow,BareFallow,77,Surf1,200,140,LowFreq,0,P2R,15MayV1R4,T2,415.2,277.396,190.462,299.073,0.776,0.666,0,0,0,,0,999
2004,14/08/2004,227,2003,15-May,8,sugar,alive,0,457,2003,15/5/2003,135,0,0,348,2004,21,2039,8455.37,7415.14,6800.12,207.584,3729.57,16552.6,0,0,0,19.199,176.3,161.198,161.198,18.212,6776.294,6794.506,82674.273,0.843,18,2520,751,763.139,802.976,435.884,1506.518,297.186,1803.703,3.88,6638.108,4.129,6642.237,79849.821,200,369.365,416.989,10.425,24.161,5.617,2.537,7751.091,374.756,0.987,6169.4,22.7,2467.7,0,0,17.719,29.365,19.822,173.2,Burdekin,AyrDPI,Kala,1961,Furrow,BareFallow,77,Surf1,200,140,LowFreq,0,P2R,15MayV1R4,T2,3271,2955.884,1566.115,1863.301,40.203,29.778,7.02273837538956,0.115087683504435,6.98936026936027,1.03792,37.296,999
2005,14/09/2005,257,2004,15-May,8,sugar,alive,1,396,2003,14/8/2004,135,0,0,348,2005,21,2039,7808.75,6962.08,6073.33,186.638,3605.38,17354.2,19313.667,7725.467,94.178,20.861,105.1,62.38,0,4.129,6638.108,6642.237,79849.821,0.837,18,2520,741.5,724.324,863.262,276.56,1412.237,251.166,1663.404,4.101,6623.003,1.786,6624.789,79860.826,200,281.863,336.387,9.194,10.775,3.566,2.167,7233.254,376.868,0.953,4354.6,16,1741.8,0,0,18.136,29.487,20.28,143.4,Burdekin,AyrDPI,Kala,1961,Furrow,BareFallow,77,Surf1,200,140,LowFreq,0,P2R,15MayV1R4,T2,3261.5,2796.56,1587.586,1838.752,23.535,14.341,6.67384214892582,0.112202447511248,6.28410774410775,0.93319,36.054,999
2006,14/10/2006,287,2005,15-May,8,sugar,alive,2,395,2003,14/9/2005,135,0,0,348,2006,21,2039,6755.71,5931.5,5328.88,162.237,2755.72,14268.4,18452.47,7380.989,76.945,17.992,95.8,72.89,8.85,1.786,6623.003,6624.789,79860.826,0.838,16,2240,921,834.804,933.821,529.142,1159.338,248.659,1407.997,4.082,6619.037,2.415,6621.453,79930.326,200,271.754,327.088,9.788,7.639,3.795,2.251,7372.624,379.015,0.966,4823.6,17.7,1929.4,0,0,18.775,29.419,19.891,178.4,Burdekin,AyrDPI,Kala,1961,Furrow,BareFallow,77,Surf1,200,140,LowFreq,0,P2R,15MayV1R4,T2,3161,2769.142,1768.625,2017.284,21.222,11.434,5.85874613869567,0.115225387554093,6.03111524163569,0.811185,27.557,999
2007,14/11/2007,318,2006,15-May,8,sugar,alive,3,396,2003,14/10/2006,135,0,0,348,2007,21,2039,7563.79,6697.9,6030.93,185.488,3557.92,15328.6,16228.134,6491.254,76.695,20.693,103.4,57.269,0,2.415,6619.037,6621.453,79930.326,0.835,18,2520,955.1,1018.44,924.605,413.962,1284.165,245.97,1530.135,4.814,6608.661,2.787,6611.448,79766.061,200,268.879,333.962,12.212,17.895,3.011,2.708,7475.942,381.199,0.954,4407,16.2,1762.8,0,0,18.14,28.848,20.087,130.2,Burdekin,AyrDPI,Kala,1961,Furrow,BareFallow,77,Surf1,200,140,LowFreq,0,P2R,15MayV1R4,T2,3475.1,2933.962,1943.045,2189.015,33.118,20.906,6.32209960456202,0.121223290755391,6.24538720538721,0.92744,35.579,999
2008,13/12/2008,348,2007,15-May,8,sugar,alive,4,395,2003,14/11/2007,135,0,0,348,2008,21,2039,6343.16,5515.04,5100.11,156.306,3098.78,12430.6,16775.194,6710.079,76.71,21.485,80.4,59.189,0,2.787,6608.661,6611.448,79766.061,0.833,16,2240,1343.4,1265.371,934.652,554.34,1075.467,306.004,1381.471,5.356,6590.747,4.616,6595.363,79451.131,200,226.252,333.987,18.215,55.723,2.669,3.779,7249.042,383.412,0.922,3652.3,13.4,1460.9,0,0,18.424,29.173,19.522,108.2,Burdekin,AyrDPI,Kala,1961,Furrow,BareFallow,77,Surf1,200,140,LowFreq,0,P2R,15MayV1R4,T2,3583.4,2794.34,2200.023,2506.027,76.607,58.392,5.59366433576444,0.11314461179424,5.81063197026022,0.78153,30.988,999
2009,15/05/2009,135,0,15-May,8,none,out,-1,0,2003,0.000,135,0,0,348,-1,21,2039,0,0,0,0,0,0,13670.424,5468.169,65.429,0,0,61.095,0,4.616,6590.747,6595.363,79451.131,0.829,0,0,1726.7,890.48,519.759,508.661,0,207.157,207.157,1.214,6667.827,21.906,6689.733,80925.463,0,0,35.512,0.813,2.934,0.222,0.126,4237.103,384.287,0.45,854.9,4.1,341.9,0,0,21.918,30.492,17.027,197.2,Burdekin,AyrDPI,Kala,1961,Furrow,BareFallow,77,Surf1,200,140,LowFreq,0,P2R,15MayV1R4,T2,1726.7,508.661,1410.239,1617.396,3.969,3.156,0,0,0,,0,999
2010,15/08/2010,227,2009,15-May,9,sugar,alive,0,457,2009,15/5/2009,135,0,0,348,2010,21,2039,8434.08,7477.36,6725.75,206.26,3493.8,17083.3,0,0,0,17.935,177.6,170.4,170.4,21.906,6667.827,6689.733,80925.463,0.829,18,2520,1131.9,1016.955,992.363,487.805,1430.909,276.041,1706.95,6.962,6507.516,2.778,6510.294,78323.868,200,373.144,415.884,11.837,34.253,7.149,2.832,6669.481,386.909,0.988,6369.3,23.4,2547.7,0,0,17.669,28.903,18.619,135.2,Burdekin,AyrDPI,Kala,1961,Furrow,BareFallow,77,Surf1,200,140,LowFreq,0,P2R,15MayV1R4,T2,3651.9,3007.805,2009.318,2285.359,53.239,41.402,6.85749242387721,0.120835408184188,6.94478114478114,1.0313,34.938,999
2011,15/09/2011,258,2010,15-May,9,sugar,alive,1,396,2009,15/8/2010,135,0,0,348,2011,21,2039,6356.53,5603.36,5042.91,154.602,2840.25,13136.2,19934.732,7973.894,97.443,19.697,79,106.032,41.992,2.778,6507.516,6510.294,78323.868,0.819,12,1680,1415.7,1014.855,825.908,847.074,1017.398,294.66,1312.058,6.065,6510.42,2.452,6512.872,78535.73,200,227.22,300.693,15.59,28.128,7.734,3.291,6348.915,389.221,0.946,4167.9,15.3,1667.2,0,0,18.099,28.358,17.742,81.4,Burdekin,AyrDPI,Kala,1961,Furrow,BareFallow,77,Surf1,200,140,LowFreq,0,P2R,15MayV1R4,T2,3095.7,2527.074,1840.763,2135.423,51.452,35.862,6.11782638735549,0.117831681221409,7.25830985915493,0.77301,28.402,999
2012,14/10/2012,288,2011,15-May,9,sugar,alive,2,395,2009,15/9/2011,135,0,0,348,2012,21,2039,6847.86,6020.16,5419.68,165.415,2840.65,14281.8,14708.56,5883.424,66.566,18.223,93.8,48.911,0,2.452,6510.42,6512.872,78535.73,0.822,14,1960,1154.8,913.887,790.098,564.033,1159.049,249.242,1408.291,3.741,6498.369,2.261,6500.63,78472.496,200,264.854,318.37,10.79,14.503,2.803,2.434,6601.176,391.564,0.971,5036.1,18.5,2014.5,0,0,18.088,28.804,19.379,197.4,Burdekin,AyrDPI,Kala,1961,Furrow,BareFallow,77,Surf1,200,140,LowFreq,0,P2R,15MayV1R4,T2,3114.8,2524.033,1703.985,1953.227,28.096,17.306,6.55359894264457,0.117457968559055,6.86369294605809,0.827075,28.407,999
2013,14/11/2013,318,2012,15-May,9,sugar,alive,3,396,2009,14/10/2012,135,0,0,348,2013,21,2039,6978.17,6086.59,5605.37,170.871,3043.59,13728,16420.226,6568.09,81.006,19.009,98.9,51.436,0,2.261,6498.369,6500.63,78472.496,0.819,18,2520,546.6,678.198,909.06,395.463,1226.864,245.768,1472.632,4.872,6491.801,3.345,6495.146,78370.475,200,265.24,323.197,10.499,13.812,3.277,2.385,7030.461,393.95,0.974,5195,19.1,2078,0,0,18.53,29.572,20.609,178.6,Burdekin,AyrDPI,Kala,1961,Furrow,BareFallow,77,Surf1,200,140,LowFreq,0,P2R,15MayV1R4,T2,3066.6,2915.463,1587.258,1833.026,27.588,17.089,5.86085297601101,0.116031024723081,5.75323232323232,0.854355,30.436,999
2014,14/12/2014,348,2013,15-May,9,sugar,alive,4,395,2009,14/11/2013,135,0,0,348,2014,21,2039,6820.28,5923.11,5443.06,166.046,2925.41,13772.2,16084.522,6433.81,76.913,18.77,91.3,58.146,0,3.345,6491.801,6495.146,78370.475,0.817,18,2520,731.8,909.32,940.163,390.409,1148.187,253.881,1402.068,5.751,6479.852,3.712,6483.564,78205.5,200,259.318,316.646,16.556,17.904,2.744,3.466,6873.963,396.373,0.968,4921.7,18.1,1968.7,0,0,18.337,29.266,20.212,86.2,Burdekin,AyrDPI,Kala,1961,Furrow,BareFallow,77,Surf1,200,140,LowFreq,0,P2R,15MayV1R4,T2,3251.8,2910.409,1849.483,2103.364,37.204,20.648,5.70524623858709,0.118429348647854,5.59077441077441,0.83023,29.254,999
2015,15/05/2015,135,0,15-May,9,none,out,-1,0,2009,0.000,135,0,0,348,-1,21,2039,0,0,0,0,0,0,15889.859,6355.944,82.39,0,0,58.396,0,3.712,6479.852,6483.564,78205.5,0.815,0,0,341,72.922,39.219,262.344,0,120.745,120.745,0.05,6553.705,26.666,6580.371,79552.146,0,0,36.884,0.131,0.317,0.015,0.076,4371.119,397.321,0.644,1473.6,7.6,589.4,0,0,21.621,32.306,21.289,83.4,Burdekin,AyrDPI,Kala,1961,Furrow,BareFallow,77,Surf1,200,140,LowFreq,0,P2R,15MayV1R4,T2,341,262.344,112.141,232.886,0.463,0.332,0,0,0,,0,999
2016,14/08/2016,227,2015,15-May,10,sugar,alive,0,457,2015,15/5/2015,135,0,0,348,2016,21,2039,9077.49,8081.98,7196.88,221.42,3936.61,18806.1,0,0,0,18.968,176.5,166.51,166.51,26.666,6553.705,6580.371,79552.146,0.814,19,2660,532.2,689.154,739.026,478.534,1573.158,285.883,1859.04,4.257,6405.323,2.442,6407.765,77093.613,200,371.408,416.732,12.366,35.506,6.712,2.926,7064.251,400.174,0.985,6029.1,22.1,2411.6,0,0,18.319,29.471,18.751,43.6,Burdekin,AyrDPI,Kala,1961,Furrow,BareFallow,77,Surf1,200,140,LowFreq,0,P2R,15MayV1R4,T2,3192.2,3138.534,1428.18,1714.063,54.584,42.218,7.05488613473679,0.119104484034771,7.11961414790997,1.1071,39.366,999
2017,14/09/2017,257,2016,15-May,10,sugar,alive,1,396,2015,14/8/2016,135,0,0,348,2017,21,2039,6770.94,5942.69,5311.4,162.127,2857.66,14595.4,21109.902,8443.962,95.558,18.78,91.2,71.49,7.45,2.442,6405.323,6407.765,77093.613,0.807,15,2100,873.2,721.006,759.974,572.588,1238.638,269.331,1507.969,4.085,6406.336,1.899,6408.235,77300.236,200,257.226,313.204,11.483,12.089,4.282,2.554,6933.519,402.692,0.953,4365.7,16,1746.3,0,0,18.664,29.854,18.086,107.8,Burdekin,AyrDPI,Kala,1961,Furrow,BareFallow,77,Surf1,200,140,LowFreq,0,P2R,15MayV1R4,T2,2973.2,2672.588,1480.98,1750.311,27.854,16.371,6.0662922979524,0.107513483367364,6.35792156862745,0.810635,28.577,999
2018,14/10/2018,287,2017,15-May,10,sugar,alive,2,395,2015,14/9/2017,135,0,0,348,2018,21,2039,6511.99,5735.92,5088.87,155.562,2686.95,14231.2,16116.932,6446.773,69.975,18.345,90.2,55.741,0,1.899,6406.336,6408.235,77300.236,0.809,18,2520,722.5,931.829,877.305,348.117,1183.243,246.819,1430.062,4.861,6396.006,2.349,6398.355,77155.375,200,247.663,326.093,16.469,26.943,2.582,3.493,6964.795,405.248,0.941,4041.6,14.8,1616.6,0,0,18.046,29.628,18.369,130.4,Burdekin,AyrDPI,Kala,1961,Furrow,BareFallow,77,Surf1,200,140,LowFreq,0,P2R,15MayV1R4,T2,3242.5,2868.117,1809.134,2055.953,45.994,29.525,5.42383731207618,0.108779899053328,5.23777777777778,0.77781,26.869,999
2019,14/11/2019,318,2018,15-May,10,sugar,alive,3,396,2015,14/10/2018,135,0,0,348,2019,21,2039,5909.71,5181.23,4601.93,140.161,2324.66,13077.8,15531.905,6212.761,71.322,17.5,85.5,59.045,0,2.349,6396.006,6398.355,77155.375,0.806,17,2380,1183.8,1285.222,999.712,442.123,1027.443,259.629,1287.072,5.123,6378.748,2.9,6381.648,76910.992,200,234.577,322.796,21.097,39.415,2.327,4.306,6654.295,407.842,0.947,4203.1,15.4,1681.2,0,0,18.562,29.681,17.56,92.8,Burdekin,AyrDPI,Kala,1961,Furrow,BareFallow,77,Surf1,200,140,LowFreq,0,P2R,15MayV1R4,T2,3563.8,2822.123,2284.934,2544.563,62.839,41.742,4.96650925562068,0.1088991136471,4.95268551236749,0.700805,23.247,999
2020,13/12/2020,348,2019,15-May,10,sugar,alive,4,395,2015,14/11/2019,135,0,0,348,2020,21,2039,6692.81,5858.68,5309.06,162.425,2929.69,13837.5,14688.774,5875.509,70.906,19.286,81.1,50.839,0,2.9,6378.748,6381.648,76910.992,0.804,18,2520,1072.1,1060.985,1099.104,369.286,1175.738,253.342,1429.08,6.343,6357.06,2.912,6359.972,76643.778,200,225.454,330.59,17.221,57.39,3.273,3.653,6696.811,410.468,0.946,4172.5,15.3,1669,0,0,19.013,30.034,18.868,327.8,Burdekin,AyrDPI,Kala,1961,Furrow,BareFallow,77,Surf1,200,140,LowFreq,0,P2R,15MayV1R4,T2,3592.1,2889.286,2160.089,2413.431,77.884,60.663,5.62163108809581,0.113657038094438,5.46885521885522,0.812125,29.297,999
2021,15/05/2021,135,0,15-May,10,none,out,-1,0,2015,0.000,135,0,0,348,-1,21,2039,0,0,0,0,0,0,15308.507,6123.403,70.053,0,0,53.77,0,2.912,6357.06,6359.972,76643.778,0.801,0,0,973,448.368,216.593,440.601,0,189.11,189.11,0.333,6437.793,9.297,6447.09,78571.497,0,0,24.285,0.529,1.422,0.069,0.075,3729.892,411.505,0.506,1006.5,4.6,402.6,0,0,22.069,30.6,15.984,132.4,Burdekin,AyrDPI,Kala,1961,Furrow,BareFallow,77,Surf1,200,140,LowFreq,0,P2R,15MayV1R4,T2,973,440.601,664.961,854.071,2.02,1.491,0,0,0,,0,999
1956,14/05/1956,135,0,15-May,0,none,out,-1,0,-1,0.000,135,0,0,348,-1,21,2039,0,0,0,0,0,0,0,0,0,0,0,0,0,0,0,0,0,1.165,0,0,1107.4,437.763,198.2,623.852,0,313.566,313.566,9.348,8922.433,151.162,9073.595,105291.211,0,0,278.857,58.149,80.237,2.007,10.587,2963.416,350,0.005,7.6,0,3,0,0,21.666,29.912,16.328,67.8,Burdekin,AyrDPI,Kala,1956,Furrow,BareFallow,77,Surf1,200,140,LowFreq,0,P2R,15MayV1R4,T2,1107.4,623.852,635.963,949.529,140.393,82.244,0,0,0,,0,999
1957,14/08/1957,226,1956,15-May,1,sugar,alive,0,457,1956,14/5/1956,135,0,0,348,1957,21,2039,7803.42,6934.77,6114.43,187.915,3015.53,16889.8,0,0,0,16.838,235.5,195.071,195.071,151.162,8922.433,9073.595,105291.211,1.131,17,2380,1015,887.389,908.391,671.939,1369.842,357.649,1727.49,22.554,8579.169,9.416,8588.585,102851.294,200,460.483,596.418,65.456,187.839,14.469,12.882,6218.503,350,0.959,4558,16.7,1823.2,0,0,16.566,27.821,18.379,77.7,Burdekin,AyrDPI,Kala,1956,Furrow,BareFallow,77,Surf1,200,140,LowFreq,0,P2R,15MayV1R4,T2,3395,3051.939,1795.78,2153.429,267.764,202.308,6.15723315570855,0.108779211457085,6.64010600706714,0.939575,30.155,999
1958,14/09/1958,257,1957,15-May,1,sugar,alive,1,396,1956,14/8/1957,135,0,0,348,1958,21,2039,6541.09,5693.46,5082.86,153.708,2369.62,14582.3,18230.668,7292.268,102.729,16.062,150.4,66.8,2.76,9.416,8579.169,8588.585,102851.294,1.092,16,2240,1018.3,889.814,911.706,461.165,1212.879,249.759,1462.638,4.826,8500.802,6.457,8507.259,102181.021,200,337.717,403.102,14.974,13.077,5.181,3.324,7442.865,350,0.961,4619.9,17,1848,0,0,17.747,29.273,19.931,136.1,Burdekin,AyrDPI,Kala,1956,Furrow,BareFallow,77,Surf1,200,140,LowFreq,0,P2R,15MayV1R4,T2,3258.3,2701.165,1801.52,2051.279,33.232,18.258,5.69043357218089,0.105089571035348,5.71405204460967,0.76854,23.696,999
1959,14/10/1959,287,1958,15-May,1,sugar,alive,2,395,1956,14/9/1958,135,0,0,348,1959,21,2039,6483.5,5660.81,5053.27,153.296,2395.77,14302.4,16321.853,6528.74,94.504,16.323,133.4,60.942,0,6.457,8500.802,8507.259,102181.021,1.082,16,2240,867.2,919.267,839.206,478.481,1115.531,247.607,1363.138,6.044,8436.369,6.485,8442.853,101426.717,200,314.75,381.598,15.549,20.354,3.456,3.353,7465.353,350,0.967,4857.2,17.9,1942.9,0,0,17.014,28.534,19.945,162.8,Burdekin,AyrDPI,Kala,1956,Furrow,BareFallow,77,Surf1,200,140,LowFreq,0,P2R,15MayV1R4,T2,3107.2,2718.481,1758.473,2006.08,39.359,23.81,5.63903150325494,0.112458166377872,5.69873605947955,0.76648,23.958,999
1960,13/11/1960,318,1959,15-May,1,sugar,alive,3,396,1956,14/10/1959,135,0,0,348,1960,21,2039,7051.19,6226.07,5554.95,170.481,2874.82,14962.5,16285.599,6514.239,92.982,17.841,120.8,46.531,0,6.485,8436.369,8442.853,101426.717,1.072,18,2520,1117,1065.204,1156.453,514.962,1136.343,270.212,1406.555,12.284,8360.162,7.054,8367.215,100469.931,200,287.294,394.615,26.288,48.776,3.688,5.324,7764.898,350,0.951,4312.5,15.8,1725,0,0,18.319,28.776,20.444,210.1,Burdekin,AyrDPI,Kala,1956,Furrow,BareFallow,77,Surf1,200,140,LowFreq,0,P2R,15MayV1R4,T2,3637,3034.962,2221.657,2491.869,78.752,52.464,5.61723672322751,0.121204645392466,5.74010101010101,0.852405,28.748,999
1961,13/12/1961,347,1960,15-May,1,sugar,alive,4,395,1956,13/11/1960,135,0,0,348,1961,21,2039,7022.85,6136.73,5486.52,168.35,3149.4,15363.3,16383.694,6553.478,83.037,20.11,122.2,55.32,0,7.054,8360.162,8367.215,100469.931,1.061,19,2660,562.3,862.841,741.859,312.389,1317.556,286.164,1603.72,4.549,8276.132,5.947,8282.079,99393.304,200,295.986,398.678,29.475,45.117,2.531,5.893,7928.068,350,0.924,3674.4,13.5,1469.8,0,0,17.069,29.303,21.213,63.2,Burdekin,AyrDPI,Kala,1956,Furrow,BareFallow,77,Surf1,200,140,LowFreq,0,P2R,15MayV1R4,T2,3222.3,2972.389,1604.7,1890.864,77.123,47.648,5.66379434185768,0.104974683860025,5.41318327974277,0.84175,31.494,999
1962,15/05/1962,135,0,15-May,1,none,out,-1,0,1956,0.000,135,0,0,348,-1,21,2039,0,0,0,0,0,0,16182.051,6472.821,84.099,0,0,69.2,5.16,5.947,8276.132,8282.079,99393.304,1.049,0,0,808.2,350.004,135.036,408.28,0,222.411,222.411,0.337,8341.555,46.579,8388.134,100700.414,0,0,60.63,1.164,1.34,0.061,0.175,4785.769,350,0.476,923.5,4.8,369.4,0,0,20.644,30.729,20.129,102.1,Burdekin,AyrDPI,Kala,1956,Furrow,BareFallow,77,Surf1,200,140,LowFreq,0,P2R,15MayV1R4,T2,808.2,408.28,485.04,707.451,2.565,1.401,0,0,0,,0,999
1963,15/08/1963,227,1962,15-May,2,sugar,alive,0,457,1962,15/5/1962,135,0,0,348,1963,21,2039,7477.8,6579.51,5898.45,179.882,3070.26,15793.6,0,0,0,18.094,206.8,169.948,169.948,46.579,8341.555,8388.134,100700.414,1.047,17,2380,1207.6,1044.997,924.684,670.827,1371.398,304.679,1676.077,7.833,8115.571,4.862,8120.433,97323.337,200,414.931,486.416,24.545,65.53,9.039,5.255,7393.956,350,0.976,5346.9,19.6,2138.8,0,0,16.691,28.627,18.422,91.9,Burdekin,AyrDPI,Kala,1956,Furrow,BareFallow,77,Surf1,200,140,LowFreq,0,P2R,15MayV1R4,T2,3587.6,3050.827,1969.681,2274.36,99.114,74.569,5.89617175932952,0.10732323156991,6.35625441696113,0.89941,30.703,999
1964,14/09/1964,258,1963,15-May,2,sugar,alive,1,396,1962,15/8/1963,135,0,0,348,1964,21,2039,6423.64,5564.65,5022.35,151.603,2384.38,14013,17969.43,7187.773,98.069,16.445,134.4,111.791,47.751,4.862,8115.571,8120.433,97323.337,1.029,16,2240,554.3,591.434,778.056,411.109,1243.754,240.294,1484.047,3.399,8050.201,5.588,8055.789,96688.035,200,312.317,372.56,12.308,15.792,10.036,2.797,7246.119,350,0.962,4669.7,17.2,1867.9,0,0,17.311,29.447,19.772,92.7,Burdekin,AyrDPI,Kala,1956,Furrow,BareFallow,77,Surf1,200,140,LowFreq,0,P2R,15MayV1R4,T2,2794.3,2651.109,1369.49,1609.784,38.136,25.828,5.71847479677373,0.102155120424084,5.63579925650558,0.758015,23.844,999
1965,14/10/1965,287,1964,15-May,2,sugar,alive,2,395,1962,14/9/1964,135,0,0,348,1965,21,2039,6497,5749.17,5079.44,155.849,2567.14,14175.6,15880.228,6352.092,87.198,17.361,123.5,52.553,0,5.588,8050.201,8055.789,96688.035,1.023,17,2380,829.9,906.111,827.351,385.43,1192.244,284.555,1476.798,5.952,7975.843,5.03,7980.873,95909.947,200,291.623,381.637,22.788,40.938,3.3,4.698,7135.52,350,0.946,4181.8,15.4,1672.7,0,0,17.479,29.124,19.962,107.4,Burdekin,AyrDPI,Kala,1956,Furrow,BareFallow,77,Surf1,200,140,LowFreq,0,P2R,15MayV1R4,T2,3209.9,2765.43,1733.462,2018.017,67.026,44.238,5.63561543774386,0.10553169763231,5.50703180212014,0.779245,25.671,999
1966,14/11/1966,318,1965,15-May,2,sugar,alive,3,396,1962,14/10/1965,135,0,0,348,1966,21,2039,6611.37,5802.15,5157.88,157.734,2790.71,14534.9,15603.824,6241.529,83.978,18.862,107.2,52.193,0,5.03,7975.843,7980.873,95909.947,1.013,20,2800,438.9,881.579,897.545,296.843,1154.879,274.757,1429.636,5.397,7912.38,5.455,7917.835,95138.378,200,264.252,374.97,24.291,55.985,3.439,4.956,7249.471,350,0.952,4337.2,15.9,1734.9,0,0,18.164,29.048,19.859,102.9,Burdekin,AyrDPI,Kala,1956,Furrow,BareFallow,77,Surf1,200,140,LowFreq,0,P2R,15MayV1R4,T2,3238.9,3096.843,1779.124,2053.881,83.715,59.424,5.09338058145021,0.110331580905909,4.85335384615385,0.78867,27.907,999
1967,14/12/1967,348,1966,15-May,2,sugar,alive,4,395,1962,14/11/1966,135,0,0,348,1967,21,2039,6471.9,5589.48,5040.11,152.933,2552.8,14317.9,16041.267,6416.506,77.749,17.631,110.8,82.333,18.293,5.455,7912.38,7917.835,95138.378,1.003,17,2380,829.3,863.882,943.136,447.282,1131.004,275.726,1406.73,5.003,7854.409,7.036,7861.445,94388.523,200,284.672,365.853,20.249,24.901,10.599,4.263,7354.144,350,0.953,4358.3,16,1743.3,0,0,18.397,29.023,20.288,154.9,Burdekin,AyrDPI,Kala,1956,Furrow,BareFallow,77,Surf1,200,140,LowFreq,0,P2R,15MayV1R4,T2,3209.3,2827.282,1807.018,2082.744,55.749,35.5,5.40918804703599,0.10871524741777,5.40399293286219,0.764665,25.528,999
1968,14/05/1968,135,0,15-May,2,none,out,-1,0,1962,0.000,135,0,0,348,-1,21,2039,0,0,0,0,0,0,15874.765,6349.907,86.051,0,0,77.886,13.846,7.036,7854.409,7861.445,94388.523,0.995,0,0,1345,646.643,371.836,413.974,0,215.763,215.763,0.67,7914.525,47.754,7962.279,95376.626,0,0,63.816,1.765,2.203,0.16,0.262,4786.677,350,0.438,823.5,4.5,329.4,0,0,21.878,30.539,19.818,187.9,Burdekin,AyrDPI,Kala,1956,Furrow,BareFallow,77,Surf1,200,140,LowFreq,0,P2R,15MayV1R4,T2,1345,413.974,1018.479,1234.242,4.128,2.363,0,0,0,,0,999
1969,14/08/1969,226,1968,15-May,3,sugar,alive,0,457,1968,14/5/1968,135,0,0,348,1969,21,2039,7814.83,6918.36,6118.81,187.718,3202.75,16960.2,0,0,0,18.086,195,188.644,188.644,47.754,7914.525,7962.279,95376.626,0.993,21,2940,245.1,713.013,813.032,215.37,1470.06,312.609,1782.669,7.722,7699.456,4.639,7704.095,92409.837,200,399.785,470.911,22.135,69.395,12.213,4.81,6862.824,350,0.971,5043.3,18.5,2017.3,0,0,16.71,28.613,19.326,46.5,Burdekin,AyrDPI,Kala,1956,Furrow,BareFallow,77,Surf1,200,140,LowFreq,0,P2R,15MayV1R4,T2,3185.1,3155.37,1526.045,1838.654,103.743,81.608,5.94915968650269,0.105301657234181,5.53740412979351,0.93859,32.028,999
1970,14/09/1970,257,1969,15-May,3,sugar,alive,1,396,1968,14/8/1969,135,0,0,348,1970,21,2039,6901.54,6057.21,5320.95,161.701,2794.95,15805.9,18702.969,7481.187,99.549,18.36,122.4,65.029,0.989,4.639,7699.456,7704.095,92409.837,0.976,17,2380,670.4,700.676,794.538,430.444,1302.469,251.677,1554.146,3.519,7656.359,3.424,7659.784,92070.123,200,301.118,361.148,11.96,15.857,2.918,2.711,7238.74,350,0.956,4464.8,16.4,1785.9,0,0,17.523,29.383,20.581,133.6,Burdekin,AyrDPI,Kala,1956,Furrow,BareFallow,77,Surf1,200,140,LowFreq,0,P2R,15MayV1R4,T2,3050.4,2810.444,1495.214,1746.891,30.735,18.775,5.75357487998338,0.104044922420416,5.71381625441696,0.808505,27.949,999
1971,14/10/1971,287,1970,15-May,3,sugar,alive,2,395,1968,14/9/1970,135,0,0,348,1971,21,2039,7113.29,6341.5,5501.34,169.053,2818.11,16119.4,17230.098,6892.039,84.14,17.604,116.6,66.069,2.029,3.424,7656.359,7659.784,92070.123,0.973,15,2100,1222.9,815.162,984.191,786.385,1254.979,271.126,1526.105,6.116,7613.111,2.992,7616.102,91635.381,200,294.122,361.834,15.623,18.521,4.31,3.335,7493.726,350,0.942,4063.7,14.9,1625.5,0,0,17.746,28.818,19.76,220,Burdekin,AyrDPI,Kala,1956,Furrow,BareFallow,77,Surf1,200,140,LowFreq,0,P2R,15MayV1R4,T2,3322.9,2886.385,1799.353,2070.479,38.454,22.831,5.85691098034392,0.110774160362491,6.62952941176471,0.845265,28.181,999
1972,13/11/1972,318,1971,15-May,3,sugar,alive,3,396,1968,14/10/1971,135,0,0,348,1972,21,2039,6239.62,5507.01,4903.75,150.229,2610.66,13358.8,17155.626,6862.252,84.045,18.475,94.2,63.511,0,2.992,7613.111,7616.102,91635.381,0.966,17,2380,1329.1,1232.504,1074.132,395.936,1142.505,275.934,1418.439,5.11,7570.306,5.517,7575.822,91123.441,200,251.252,355.007,19.266,53.89,3.208,3.985,7334.497,350,0.946,4172.9,15.3,1669.1,0,0,16.944,28.986,20.231,206.2,Burdekin,AyrDPI,Kala,1956,Furrow,BareFallow,77,Surf1,200,140,LowFreq,0,P2R,15MayV1R4,T2,3709.1,2775.936,2306.636,2582.57,76.364,57.098,5.41183226126251,0.105911498485307,5.30844522968198,0.751145,26.107,999
1973,17/12/1973,351,1972,15-May,3,sugar,alive,4,399,1968,13/11/1972,135,0,4,348,1973,17,2039,7640.53,6758.39,5856.69,180.023,3129.26,17838.4,14901.868,5960.747,75.601,18.481,112.9,47.536,0,5.517,7570.306,7575.822,91123.441,0.959,16,2240,1345,1002.674,951.668,823.407,1270.57,267.119,1537.689,6.389,7505.284,2.162,7507.445,90261.115,200,278.833,382.626,22.862,51.854,3.116,4.686,7827.716,350,0.913,3481.4,12.8,1392.6,0,0,19.048,29.204,19.415,108.5,Burdekin,AyrDPI,Kala,1956,Furrow,BareFallow,77,Surf1,200,140,LowFreq,0,P2R,15MayV1R4,T2,3585,3063.407,1954.342,2221.461,77.832,54.97,5.87656161913843,0.117073738577827,6.69230483271375,0.900115,31.293,999
1974,15/05/1974,135,0,15-May,3,none,out,-1,0,1968,0.000,135,0,4,352,-1,17,2043,0,0,0,0,0,0,18121.818,7248.728,77.849,0,0,140.505,76.465,2.162,7505.284,7507.445,90261.115,0.95,0,0,1650.1,1075.975,318.853,439.228,0,215.875,215.875,0.342,7587.809,17.494,7605.303,92473.563,0,0,31.671,0.579,3.006,0.107,0.089,4132.106,350,0.612,1352.5,5.8,541,0,0,21.576,29.697,16.568,152.9,Burdekin,AyrDPI,Kala,1956,Furrow,BareFallow,77,Surf1,200,140,LowFreq,0,P2R,15MayV1R4,T2,1650.1,439.228,1394.828,1610.703,3.692,3.113,0,0,0,,0,999
1975,15/08/1975,227,1974,15-May,4,sugar,alive,0,457,1974,15/5/1974,135,0,0,348,1975,21,2039,7819.03,6857.03,6196.92,189.046,3028.46,16221,0,0,0,16.804,178.8,179.903,179.903,17.494,7587.809,7605.303,92473.563,0.951,17,2380,755,821.89,763.632,507.488,1339.678,315.19,1654.868,5.327,7414.973,6.374,7421.347,89044.197,200,375.151,435.707,14.857,33.044,8.906,3.377,7647.257,350,0.982,5742.7,21.1,2297.1,0,0,16.791,28.163,19.218,65,Burdekin,AyrDPI,Kala,1956,Furrow,BareFallow,77,Surf1,200,140,LowFreq,0,P2R,15MayV1R4,T2,3135,2887.488,1585.522,1900.712,56.807,41.95,6.54707482767028,0.114236301626474,6.68007067137809,0.94523,30.285,999
1976,14/09/1976,258,1975,15-May,4,sugar,alive,1,396,1974,15/8/1975,135,0,0,348,1976,21,2039,6132.7,5389.78,4818.46,147.316,2566.36,13142.4,18669.205,7467.682,97.38,18.528,97.3,74.512,10.472,6.374,7414.973,7421.347,89044.197,0.937,12,1680,1963.5,1371.029,986.943,734.121,1025.401,285.623,1311.024,7.204,7373.726,4.28,7378.006,88725.69,200,246.013,340.238,18.64,48.46,10.283,3.939,6636.952,350,0.94,4017.4,14.8,1607,0,0,17.532,28.198,19.227,179.8,Burdekin,AyrDPI,Kala,1956,Furrow,BareFallow,77,Surf1,200,140,LowFreq,0,P2R,15MayV1R4,T2,3643.5,2414.121,2357.972,2643.595,77.383,58.743,6.10226247980114,0.112367126765033,6.9162441314554,0.73658,25.664,999
1977,14/10/1977,287,1976,15-May,4,sugar,alive,2,395,1974,14/9/1976,135,0,0,348,1977,21,2039,6461.52,5708.56,5064.48,154.806,2443.58,13970.4,14585.791,5834.316,67.037,16.515,105.9,49.015,0,4.28,7373.726,7378.006,88725.69,0.935,16,2240,1378.2,1131.476,1151.047,490.199,1057.597,273.313,1330.91,7.918,7328.771,3.817,7332.588,88262.541,200,273.966,348.02,18.002,29.315,3.163,3.773,6790.19,350,0.956,4476.3,16.4,1790.5,0,0,17.938,28.404,19.747,170.6,Burdekin,AyrDPI,Kala,1956,Furrow,BareFallow,77,Surf1,200,140,LowFreq,0,P2R,15MayV1R4,T2,3618.2,2730.199,2282.523,2555.836,50.48,32.478,5.6701361329339,0.116315904155803,5.75486988847584,0.77403,24.436,999
1978,14/11/1978,318,1977,15-May,4,sugar,alive,3,396,1974,14/10/1977,135,0,0,348,1978,21,2039,7613.82,6797.85,5974.08,184.31,3276.17,16397.4,15679.697,6271.879,80.44,18.964,109,53.782,0,3.817,7328.771,7332.588,88262.541,0.929,17,2380,1000.1,907.452,916.393,583.492,1252.609,271.342,1523.951,5.086,7290.352,3.394,7293.747,87837.162,200,278.342,353.832,18.827,25.928,2.946,3.925,7272.536,350,0.953,4373.3,16.1,1749.3,0,0,18.195,28.503,20.521,150.6,Burdekin,AyrDPI,Kala,1956,Furrow,BareFallow,77,Surf1,200,140,LowFreq,0,P2R,15MayV1R4,T2,3380.1,2963.492,1823.845,2095.187,47.701,28.874,6.21935203469421,0.120942208771804,6.51272084805654,0.92155,32.762,999
1979,14/12/1979,348,1978,15-May,4,sugar,alive,4,395,1974,14/11/1978,135,0,0,348,1979,21,2039,6152.88,5332.61,4868.93,148.803,2744.29,12839.5,17655.138,7062.055,80.854,19.784,81.3,86.087,22.047,3.394,7290.352,7293.747,87837.162,0.922,16,2240,1458.1,1232.031,1179.886,483.125,1014.316,301.278,1315.594,5.545,7259.652,5.757,7265.409,87383.554,200,231.937,342.084,27.712,46.348,7.016,5.521,7237.821,350,0.923,3664.3,13.5,1465.7,0,0,18.46,28.741,19.932,350.7,Burdekin,AyrDPI,Kala,1956,Furrow,BareFallow,77,Surf1,200,140,LowFreq,0,P2R,15MayV1R4,T2,3698.1,2723.125,2411.917,2713.195,81.076,53.364,5.46442047280239,0.113107083188278,5.53171003717472,0.744015,27.443,999
1980,14/05/1980,135,0,15-May,4,none,out,-1,0,1974,0.000,135,0,0,348,-1,21,2039,0,0,0,0,0,0,14028.209,5611.284,69.243,0,0,56.676,0,5.757,7259.652,7265.409,87383.554,0.917,0,0,632.9,252.455,88.456,378.271,0,177.791,177.791,0.178,7323.881,37.733,7361.614,88417.241,0,0,48.988,0.568,1.02,0.038,0.118,4556.027,350,0.48,933.3,4.6,373.3,0,0,21.876,30.996,20.401,86.4,Burdekin,AyrDPI,Kala,1956,Furrow,BareFallow,77,Surf1,200,140,LowFreq,0,P2R,15MayV1R4,T2,632.9,378.271,340.911,518.702,1.626,1.058,0,0,0,,0,999
1981,14/08/1981,226,1980,15-May,5,sugar,alive,0,457,1980,14/5/1980,135,0,0,348,1981,21,2039,8526.2,7623.72,6734.42,207.619,3306.76,17917.8,0,0,0,16.69,181.3,170.874,170.874,37.733,7323.881,7361.614,88417.241,0.916,16,2240,1229.6,1044.525,834.91,684.557,1401.295,290.077,1691.372,7.206,7149.255,3.668,7152.923,85952.339,200,381.655,432.754,18.332,47.609,9.122,4.052,6608.712,350,0.981,5678.7,20.8,2271.5,0,0,17.252,27.809,18.667,104.8,Burdekin,AyrDPI,Kala,1956,Furrow,BareFallow,77,Surf1,200,140,LowFreq,0,P2R,15MayV1R4,T2,3469.6,2924.557,1879.435,2169.512,75.063,56.731,7.09916065920411,0.122751825145503,7.71817843866171,1.038095,33.068,999
1982,14/09/1982,257,1981,15-May,5,sugar,alive,1,396,1980,14/8/1981,135,0,0,348,1982,21,2039,6564.12,5724.6,5140.5,156.088,2690.95,14236.2,20057.002,8022.802,100.157,18.305,98.9,69.667,5.627,3.668,7149.255,7152.923,85952.339,0.904,16,2240,592.4,713.252,672.376,413.731,1212.327,252.487,1464.814,2.618,7127.772,3.411,7131.183,85880.512,200,270.613,333.534,12.496,19.16,3.937,2.749,6880.11,350,0.968,4896.6,18,1958.6,0,0,17.498,29.04,19.771,47.4,Burdekin,AyrDPI,Kala,1956,Furrow,BareFallow,77,Surf1,200,140,LowFreq,0,P2R,15MayV1R4,T2,2832.4,2653.731,1385.628,1638.115,35.593,23.097,5.88183203195803,0.106558238793458,5.80252788104089,0.78044,26.909,999
1983,14/10/1983,287,1982,15-May,5,sugar,alive,2,395,1980,14/9/1982,135,0,0,348,1983,21,2039,6771.52,5931.17,5300.16,161.022,2626.89,14713.7,16262.853,6505.141,78.408,17.166,109.9,51.625,0,3.411,7127.772,7131.183,85880.512,0.903,17,2380,636.3,843.756,770.376,360.295,1146.273,250.083,1396.355,3.184,7099.191,3.365,7102.556,85546.548,200,286.158,340.738,10.719,15.355,2.739,2.453,7224.358,350,0.969,4972.2,18.3,1988.9,0,0,18.225,28.877,20.095,95.4,Burdekin,AyrDPI,Kala,1956,Furrow,BareFallow,77,Surf1,200,140,LowFreq,0,P2R,15MayV1R4,T2,3016.3,2740.295,1614.132,1864.215,28.813,18.094,5.87608268452849,0.115315947592124,5.68982332155477,0.80511,26.269,999
1984,13/11/1984,318,1983,15-May,5,sugar,alive,3,396,1980,14/10/1983,135,0,0,348,1984,21,2039,6822.61,6019.82,5281.48,161.871,2856.63,15411.3,16733.014,6693.205,83.008,18.806,103.1,57.437,0,3.365,7099.191,7102.556,85546.548,0.898,19,2660,650.1,926.714,920.605,482.535,1163.662,288.036,1451.698,6.366,7067.244,4.578,7071.822,85106.988,200,267.501,349.877,19.774,29.292,3.291,4.085,7486.909,350,0.92,3609.5,13.3,1443.8,0,0,17.932,28.78,19.555,75.6,Burdekin,AyrDPI,Kala,1956,Furrow,BareFallow,77,Surf1,200,140,LowFreq,0,P2R,15MayV1R4,T2,3310.1,3142.535,1847.319,2135.355,52.357,32.583,5.15096888340146,0.111504596686088,5.20485530546624,0.809355,28.566,999
1985,13/12/1985,347,1984,15-May,5,sugar,alive,4,395,1980,13/11/1984,135,0,0,348,1985,21,2039,7804.68,6976.33,5988.12,185.405,3229.63,18165.6,16167.679,6467.072,77.232,18.526,107.7,68.519,4.479,4.578,7067.244,7071.822,85106.988,0.893,17,2380,994.6,854.655,875.142,715.113,1328.943,270.669,1599.611,5.614,7026.757,1.824,7028.581,84619.667,200,280.5,358.188,20.622,25.623,4.632,4.281,7502.283,350,0.909,3426.7,12.6,1370.7,0,0,18.003,28.875,19.505,117.8,Burdekin,AyrDPI,Kala,1956,Furrow,BareFallow,77,Surf1,200,140,LowFreq,0,P2R,15MayV1R4,T2,3374.6,3095.113,1729.797,2000.466,50.877,30.255,5.99024979055692,0.115906304720335,6.55141342756184,0.927025,32.296,999
1986,15/05/1986,135,0,15-May,5,none,out,-1,0,1980,0.000,135,0,0,348,-1,21,2039,0,0,0,0,0,0,18353.481,7341.394,82.558,0,0,113.712,49.672,1.824,7026.757,7028.581,84619.667,0.887,0,0,364.4,103.133,13.986,296.854,0,169.702,169.702,0.019,7106.768,23.367,7130.136,86497.79,0,0,39.756,1.698,0.472,0.018,0.339,4659.935,350,0.624,1399.1,6.3,559.6,0,0,21.488,31.323,19.377,46.4,Burdekin,AyrDPI,Kala,1956,Furrow,BareFallow,77,Surf1,200,140,LowFreq,0,P2R,15MayV1R4,T2,364.4,296.854,117.119,286.821,2.188,0.49,0,0,0,,0,999
1987,15/08/1987,227,1986,15-May,6,sugar,alive,0,457,1986,15/5/1986,135,0,0,348,1987,21,2039,8114.01,7159.32,6403.95,196.04,3489.77,17100.6,0,0,0,18.996,176.5,191.29,191.29,23.367,7106.768,7130.136,86497.79,0.887,20,2800,504.8,723.087,888.816,442.586,1494.881,320.238,1815.119,6.427,6934.06,3.951,6938.011,83341.977,200,371.286,433.206,19.597,37.262,13.291,4.294,7461.85,350,0.978,5480.3,20.1,2192.1,0,0,17.703,28.98,18.471,44,Burdekin,AyrDPI,Kala,1956,Furrow,BareFallow,77,Surf1,200,140,LowFreq,0,P2R,15MayV1R4,T2,3304.8,3242.586,1611.903,1932.141,70.15,50.553,6.04579184638434,0.108003938033815,6.032,0.9802,34.898,999
1988,14/09/1988,258,1987,15-May,6,sugar,alive,1,396,1986,15/8/1987,135,0,0,348,1988,21,2039,7110.4,6286.74,5490.56,167.692,2862.2,16198.4,19193.812,7677.526,96.085,18.094,105.1,69.068,5.028,3.951,6934.06,6938.011,83341.977,0.876,17,2380,972.6,810.965,1012.231,447.458,1281.144,248.289,1529.433,4.313,6910.55,2.449,6912.999,83256.765,200,281.417,338.75,10.329,14.051,4.915,2.387,7030.94,350,0.954,4406.7,16.2,1762.7,0,0,18.304,29.273,19.691,254,Burdekin,AyrDPI,Kala,1956,Furrow,BareFallow,77,Surf1,200,140,LowFreq,0,P2R,15MayV1R4,T2,3352.6,2827.458,1823.196,2071.485,29.295,18.966,5.93083964465608,0.109643246876457,5.92551236749117,0.83846,28.622,999
1989,14/10/1989,287,1988,15-May,6,sugar,alive,2,395,1986,14/9/1988,135,0,0,348,1989,21,2039,6276.77,5488.11,4912.36,149.209,2390.03,13644.1,17514.302,7005.722,80.801,16.802,95.2,69.04,5,2.449,6910.55,6912.999,83256.765,0.875,13,1820,1381.8,1003.292,886.633,724.801,1067.156,260.934,1328.09,5.066,6895.256,3.072,6898.329,83144.287,200,264.418,330.995,12.225,19.934,3.65,2.704,7007.308,350,0.961,4618.4,17,1847.3,0,0,17.968,28.729,19.436,134.8,Burdekin,AyrDPI,Kala,1956,Furrow,BareFallow,77,Surf1,200,140,LowFreq,0,P2R,15MayV1R4,T2,3201.8,2544.801,1889.925,2150.859,35.809,23.584,5.86328754193353,0.112348560715012,6.57308370044053,0.746045,23.9,999
1990,14/11/1990,318,1989,15-May,6,sugar,alive,3,396,1986,14/10/1989,135,0,0,348,1990,21,2039,6460.31,5734.29,5119.18,157.577,2708.66,13411.4,15523.091,6209.236,79.112,18.243,98,52.824,0,3.072,6895.256,6898.329,83144.287,0.871,16,2240,1278.8,1198.631,917.866,477.057,1138.025,269.829,1407.854,6.204,6863.544,3.656,6867.2,82720.568,200,252.033,338.022,16.088,42.398,3.32,3.408,6807.911,350.967,0.949,4256.8,15.7,1702.7,0,0,17.621,28.801,20.391,103,Burdekin,AyrDPI,Kala,1956,Furrow,BareFallow,77,Surf1,200,140,LowFreq,0,P2R,15MayV1R4,T2,3518.8,2717.057,2116.497,2386.326,61.806,45.718,5.7995470834804,0.111927089030539,5.85788104089219,0.787885,27.087,999
1991,14/12/1991,348,1990,15-May,6,sugar,alive,4,395,1986,14/11/1990,135,0,0,348,1991,21,2039,5199.11,4580.97,4093.51,126.46,2612.91,11056.1,15017.95,6007.18,75.585,22.514,71.6,47.274,0,3.656,6863.544,6867.2,82720.568,0.867,18,2520,1811.2,1619.853,1428.204,547.026,924.205,305.298,1229.503,7.191,6814.22,4.45,6818.67,81943.836,200,180.268,345.569,17.941,121.414,3.733,3.781,6542.739,352.643,0.834,2561.2,9.5,1024.5,0,0,17.89,29.06,19.578,204.4,Burdekin,AyrDPI,Kala,1956,Furrow,BareFallow,77,Surf1,200,140,LowFreq,0,P2R,15MayV1R4,T2,4331.2,3067.026,3048.057,3353.355,143.088,125.147,4.12321251922872,0.102854568065308,4.25791245791246,0.6323,26.129,999
1992,16/05/1992,137,0,15-May,6,none,out,-1,0,1986,0.000,137,2,0,350,-1,20,2039,0,0,0,0,0,0,11574.689,4629.876,48.917,0,0,100.914,36.874,4.45,6814.22,6818.67,81943.836,0.86,0,0,434.2,136.627,65.632,288.444,0,137.844,137.844,0.195,6863.007,37.184,6900.191,82679.172,0,0,48.576,1.676,0.665,0.171,0.316,4023.692,353.306,0.509,1017.3,4.3,406.9,0,0,21.536,31.562,21.281,122.8,Burdekin,AyrDPI,Kala,1956,Furrow,BareFallow,77,Surf1,200,140,LowFreq,0,P2R,15MayV1R4,T2,434.2,288.444,202.259,340.103,2.512,0.836,0,0,0,,0,999
1993,16/08/1993,228,1992,15-May,7,sugar,alive,0,457,1992,16/5/1992,137,2,0,350,1993,19,2039,9012.34,8014.26,7170.8,220.923,3892.09,18415.5,0,0,0,18.769,164.4,195.011,195.011,37.184,6863.007,6900.191,82679.172,0.856,19,2660,553.1,703.305,775.339,423.416,1547.499,317.158,1864.657,5.693,6720.674,3.036,6723.711,80911.922,200,353,401.58,16.33,47.683,8.264,3.656,6010.941,355.296,0.986,6108.4,22.4,2443.3,0,0,17.097,28.547,19.492,72,Burdekin,AyrDPI,Kala,1956,Furrow,BareFallow,77,Surf1,200,140,LowFreq,0,P2R,15MayV1R4,T2,3213.1,3083.416,1478.644,1795.802,72.277,55.947,7.16487817407706,0.118479162655652,7.10363344051447,1.104615,38.921,999
1994,16/09/1994,259,1993,15-May,7,sugar,alive,1,396,1992,16/8/1993,137,2,0,350,1994,19,2039,6763.34,5946.96,5387.57,164.775,2988.69,13757.7,20845.24,8338.097,96.029,19.41,90.5,64.81,0.77,3.036,6720.674,6723.711,80911.922,0.848,17,2380,409.4,537.775,763.628,355.24,1212.986,293.357,1506.343,3.15,6726.85,2.562,6729.412,81190.719,200,258.277,308.707,10.378,7.208,2.756,2.359,6763.036,357.057,0.964,4747.1,17.4,1898.8,0,0,17.915,29.044,20.271,46.8,Burdekin,AyrDPI,Kala,1956,Furrow,BareFallow,77,Surf1,200,140,LowFreq,0,P2R,15MayV1R4,T2,2789.4,2735.24,1301.403,1594.76,20.342,9.964,6.02415144557699,0.109387436991442,5.82243816254417,0.823875,29.887,999
1995,16/10/1995,289,1994,15-May,7,sugar,alive,2,395,1992,16/9/1994,137,2,0,350,1995,19,2039,8038.55,7178.46,6361.98,196.203,3643.98,16765.7,15729.086,6291.635,69.596,19.944,107.6,46.463,0,2.562,6726.85,6729.412,81190.719,0.85,18,2520,510.2,725.139,679.209,365.129,1354.424,249.071,1603.494,2.485,6711.358,1.992,6713.35,81034.224,200,281.923,334.337,9.759,10.032,2.753,2.248,7378.119,358.852,0.963,4710.7,17.3,1884.3,0,0,18.877,29.298,20.674,55.2,Burdekin,AyrDPI,Kala,1956,Furrow,BareFallow,77,Surf1,200,140,LowFreq,0,P2R,15MayV1R4,T2,3030.2,2885.129,1404.348,1653.419,22.544,12.785,6.80049314952642,0.122359672066126,6.60616161616162,0.981015,36.44,999
1996,15/11/1996,320,1995,15-May,7,sugar,alive,3,396,1992,16/10/1995,137,2,0,350,1996,19,2039,7464.36,6587.89,6015.65,184.798,3543.66,14487,18255.009,7302.004,77.394,20.686,97.6,68.821,4.781,1.992,6711.358,6713.35,81034.224,0.847,19,2660,547.9,745.13,890.458,327.732,1305.698,280.801,1586.498,3.588,6702.591,3.14,6705.731,80952.393,200,268.35,336.861,14.303,10.282,8.933,3.087,7839.941,360.676,0.958,4540.6,16.7,1816.2,0,0,19.521,29.761,20.901,107,Burdekin,AyrDPI,Kala,1956,Furrow,BareFallow,77,Surf1,200,140,LowFreq,0,P2R,15MayV1R4,T2,3207.9,2987.732,1635.588,1916.389,33.518,19.215,6.18522678740931,0.11648171003052,5.94205787781351,0.92399,35.437,999
1997,15/12/1997,349,1996,15-May,7,sugar,alive,4,395,1992,15/11/1996,137,2,0,350,1997,19,2039,7401.52,6412.35,5994.91,183.147,3480.17,14066,16173.457,6469.382,72.33,20.473,91.2,54.635,0,3.14,6702.591,6705.731,80952.393,0.844,17,2380,959.5,997.428,991.631,426.52,1093.34,258.99,1352.33,5.78,6696.122,3.863,6699.985,80889.367,200,258.128,321.676,15.84,20.313,2.33,3.305,7298.254,362.538,0.973,5143.3,18.9,2057.3,0,0,19.78,28.657,20.673,116.8,Burdekin,AyrDPI,Kala,1956,Furrow,BareFallow,77,Surf1,200,140,LowFreq,0,P2R,15MayV1R4,T2,3339.5,2806.52,1989.059,2248.049,38.483,22.643,6.52576856747858,0.135430701086273,6.47162544169611,0.915735,34.802,999
1998,15/05/1998,135,0,15-May,7,none,out,-1,0,1992,0.000,135,0,0,350,-1,19,2039,0,0,0,0,0,0,16327.929,6531.173,78.929,0,0,52.746,0,3.863,6696.122,6699.985,80889.367,0.841,0,0,807.6,278.128,198.492,445.896,0,204.83,204.83,0.288,6780.871,21.437,6802.307,82569.183,0,0,36.708,0.723,1.257,0.091,0.121,4704.321,363.264,0.502,996.3,4.8,398.5,0,0,23.095,30.846,18.639,189.6,Burdekin,AyrDPI,Kala,1956,Furrow,BareFallow,77,Surf1,200,140,LowFreq,0,P2R,15MayV1R4,T2,807.6,445.896,476.62,681.45,2.071,1.348,0,0,0,,0,999
1999,15/08/1999,227,1998,15-May,8,sugar,alive,0,457,1998,15/5/1998,135,0,0,348,1999,21,2039,8892.5,7833.5,7144.43,218.506,3635.75,17480.7,0,0,0,17.566,174.7,178.896,178.896,21.437,6780.871,6802.307,82569.183,0.842,16,2240,1234.5,975.784,1003.128,763.685,1310.143,300.209,1610.352,9.683,6623.517,4.471,6627.988,79739.363,200,370.241,419.65,15.496,30.622,9.053,3.509,7235.222,365.471,0.991,6765.2,24.8,2706.1,0,0,19.165,28.24,18.322,112,Burdekin,AyrDPI,Kala,1956,Furrow,BareFallow,77,Surf1,200,140,LowFreq,0,P2R,15MayV1R4,T2,3474.5,3003.685,1978.912,2279.121,55.171,39.675,7.27459770248878,0.1356883463988,8.12289962825279,1.09253,36.358,999
2000,14/09/2000,258,1999,15-May,8,sugar,alive,1,396,1998,15/8/1999,135,0,0,348,2000,21,2039,7091.71,6245.67,5655.92,172.923,3079.98,14358,20609.011,8243.605,97.239,19.008,93.6,64.133,0.093,4.471,6623.517,6627.988,79739.363,0.832,13,1820,1493.5,1121.305,935.428,571.024,1028.492,241.301,1269.793,3.151,6628.418,2.551,6630.97,80019.786,200,260.672,308.728,7.589,10.946,3.904,1.852,6815.355,367.415,0.972,5104.2,18.8,2041.7,0,0,18.677,28.119,19.581,136,Burdekin,AyrDPI,Kala,1956,Furrow,BareFallow,77,Surf1,200,140,LowFreq,0,P2R,15MayV1R4,T2,3313.5,2391.024,2056.733,2298.034,22.439,14.85,7.23217332824765,0.136182039119762,7.61775330396476,0.864615,30.8,999
2001,14/10/2001,287,2000,15-May,8,sugar,alive,2,395,1998,14/9/2000,135,0,0,348,2001,21,2039,7118.95,6311.23,5674.25,174.559,3344.85,14447,16542.882,6617.152,71.988,20.669,96.9,51.108,0,2.551,6628.418,6630.97,80019.786,0.835,17,2380,561.9,671.265,751.38,424.919,1237.244,283.572,1520.816,4.96,6609.788,2.949,6612.737,79785.59,200,260.731,332.451,19.677,20.738,2.505,4.051,7211.617,369.4,0.958,4542.1,16.7,1816.9,0,0,17.987,29.181,20.23,52,Burdekin,AyrDPI,Kala,1956,Furrow,BareFallow,77,Surf1,200,140,LowFreq,0,P2R,15MayV1R4,T2,2941.9,2804.919,1422.645,1706.217,42.92,23.243,6.22331696565926,0.114779828723527,6.16816254416961,0.872795,33.448,999
2002,14/11/2002,318,2001,15-May,8,sugar,alive,3,396,1998,14/10/2001,135,0,0,348,2002,21,2039,7369.57,6506.35,5908.22,181.25,3385.03,14613.6,16140.748,6456.301,72.237,20.072,104,49.547,0,2.949,6609.788,6612.737,79785.59,0.832,18,2520,810.4,701.768,990.086,347.993,1394.33,247.469,1641.799,7.008,6585.294,3.04,6588.334,79538.583,200,280.309,340.295,11.374,18.063,3.134,2.557,7361.714,371.419,0.974,5193.3,19.1,2077.3,0,0,18.495,30.339,21.474,206,Burdekin,AyrDPI,Kala,1956,Furrow,BareFallow,77,Surf1,200,140,LowFreq,0,P2R,15MayV1R4,T2,3330.4,2867.993,1691.854,1939.323,32.571,21.197,6.31975043174792,0.11039719234815,6.1026936026936,0.90625,33.85,999
2003,14/12/2003,348,2002,15-May,8,sugar,alive,4,395,1998,14/11/2002,135,0,0,348,2003,21,2039,7180.85,6189.74,5766.78,175.399,3316.12,14140.8,16835.826,6734.331,81.943,20.355,96.9,46.294,0,3.04,6585.294,6588.334,79538.583,0.828,19,2660,486,786.559,764.256,271.87,1315.789,260.149,1575.938,3.772,6572.907,4.293,6577.2,79293.676,200,265.588,334.995,11.599,22.61,3.046,2.579,7506.794,373.474,0.966,4843.8,17.8,1937.5,0,0,18.803,30.125,21.15,51,Burdekin,AyrDPI,Kala,1956,Furrow,BareFallow,77,Surf1,200,140,LowFreq,0,P2R,15MayV1R4,T2,3146,2931.87,1550.815,1810.964,37.255,25.656,5.98249581325229,0.11129816020681,5.63983922829582,0.876995,33.161,999
2004,14/05/2004,135,0,15-May,8,none,out,-1,0,1998,0.000,135,0,0,348,-1,21,2039,0,0,0,0,0,0,16136.854,6454.742,79.293,0,0,65.541,1.501,4.293,6572.907,6577.2,79293.676,0.826,0,0,670,211.894,161.827,388.433,0,186.243,186.243,0.3,6655.432,22.288,6677.721,81011.963,0,0,36.825,0.746,1.044,0.082,0.159,4386,374.274,0.568,1199,5.9,479.6,0,0,22.089,31.576,20.056,173.2,Burdekin,AyrDPI,Kala,1956,Furrow,BareFallow,77,Surf1,200,140,LowFreq,0,P2R,15MayV1R4,T2,670,388.433,373.721,559.964,1.872,1.126,0,0,0,,0,999
2005,14/08/2005,226,2004,15-May,9,sugar,alive,0,457,2004,14/5/2004,135,0,0,348,2005,21,2039,9098.34,8144.96,7168.34,220.927,4006.23,19300,0,0,0,19.404,183.9,175.576,175.576,22.288,6655.432,6677.721,81011.963,0.826,20,2800,752.3,774.907,936.405,337.593,1623.744,294.9,1918.644,5.612,6499.893,2.744,6502.637,78225.763,200,383.387,421.176,11.346,25.034,7.008,2.716,7275.11,376.704,0.985,5989.1,22,2395.7,0,0,17.349,29.075,19.629,143.4,Burdekin,AyrDPI,Kala,1956,Furrow,BareFallow,77,Surf1,200,140,LowFreq,0,P2R,15MayV1R4,T2,3552.3,3137.593,1711.312,2006.212,43.388,32.042,7.04128929405439,0.115147468733126,6.79775384615385,1.104635,40.062,999
2006,14/09/2006,257,2005,15-May,9,sugar,alive,1,396,2004,14/8/2005,135,0,0,348,2006,21,2039,7146.58,6304.93,5646.62,172.452,3212.32,14999.6,21495.792,8598.316,96.985,20.012,92,97.92,33.88,2.744,6499.893,6502.637,78225.763,0.817,16,2240,922.8,813.996,908.82,529.399,1236.469,233.687,1470.157,2.457,6505.999,2.06,6508.059,78529.983,200,260.488,317.796,8.679,7.081,7.7,2.062,7155.019,378.849,0.964,4753.6,17.5,1901.4,0,0,18.681,29.288,19.698,178.4,Burdekin,AyrDPI,Kala,1956,Furrow,BareFallow,77,Surf1,200,140,LowFreq,0,P2R,15MayV1R4,T2,3162.8,2769.399,1722.816,1956.503,23.46,14.781,6.22705503973967,0.117301757567389,6.41085501858736,0.86226,32.123,999
2007,14/10/2007,287,2006,15-May,9,sugar,alive,2,395,2004,14/9/2006,135,0,0,348,2007,21,2039,7000.63,6192.99,5555.87,170.322,3074.1,14447.6,16790.213,6716.084,71.115,19.3,96.2,67.747,3.707,2.06,6505.999,6508.059,78529.983,0.82,16,2240,956.9,943.967,820.714,413.126,1196.031,235.013,1431.045,2.873,6507.995,2.93,6510.926,78598.681,200,264.218,318.089,8.646,8.715,4.015,2.033,7204.635,381.029,0.954,4399.3,16.2,1759.7,0,0,17.777,28.657,19.94,130.2,Burdekin,AyrDPI,Kala,1956,Furrow,BareFallow,77,Surf1,200,140,LowFreq,0,P2R,15MayV1R4,T2,3196.9,2653.126,1764.681,1999.694,21.376,12.73,6.41967249199623,0.119019318050795,6.33167286245353,0.85161,30.741,999
2008,13/11/2008,318,2007,15-May,9,sugar,alive,3,396,2004,14/10/2007,135,0,0,348,2008,21,2039,6912.74,6049.69,5525.21,169.048,3168.58,13875.3,16019.859,6407.943,73.906,20.155,91.7,68.922,4.882,2.93,6507.995,6510.926,78598.681,0.819,17,2380,1306.2,1200.308,1065.075,543.454,1175.486,261.136,1436.623,6.323,6496.652,3.163,6499.815,78442.204,200,256.1,328.052,14.695,22.1,5.995,3.132,7154.578,383.24,0.96,4595.6,16.9,1838.3,0,0,18.182,29.014,19.643,108.2,Burdekin,AyrDPI,Kala,1956,Furrow,BareFallow,77,Surf1,200,140,LowFreq,0,P2R,15MayV1R4,T2,3686.2,2923.454,2265.383,2526.519,42.79,28.095,5.78247511334196,0.117670397870562,5.97342756183746,0.84524,31.686,999
2009,13/12/2009,347,2008,15-May,9,sugar,alive,4,395,2004,13/11/2008,135,0,0,348,2009,21,2039,6119.94,5361.24,4896.44,150.828,3023.62,12235,15700.276,6280.11,77.725,21.758,78.2,53.117,0,3.163,6496.652,6499.815,78442.204,0.816,16,2240,1801.5,1452.973,1187.371,528.514,1082.28,311.04,1393.32,7.186,6463.407,3.913,6467.321,77864.298,200,208.484,343.36,21.042,82.744,3.213,4.293,7090.605,385.493,0.88,3025.7,11.1,1210.3,0,0,18.69,29.68,19.615,197.2,Burdekin,AyrDPI,Kala,1956,Furrow,BareFallow,77,Surf1,200,140,LowFreq,0,P2R,15MayV1R4,T2,4041.5,2768.514,2640.344,2951.384,106.999,85.957,5.44797678465776,0.108250796658341,5.60698884758364,0.75414,30.236,999
2010,15/05/2010,135,0,15-May,9,none,out,-1,0,2004,0.000,135,0,0,348,-1,21,2039,0,0,0,0,0,0,12971.556,5188.622,58.252,0,0,60.954,0,3.913,6463.407,6467.321,77864.298,0.812,0,0,1026,495.828,228.848,411.11,0,192.501,192.501,0.511,6536.375,20.187,6556.563,79421.157,0,0,30.746,0.251,1.696,0.097,0.069,3830.251,386.381,0.492,968.9,4.4,387.6,0,0,22.148,30.79,17.413,135.2,Burdekin,AyrDPI,Kala,1956,Furrow,BareFallow,77,Surf1,200,140,LowFreq,0,P2R,15MayV1R4,T2,1026,411.11,724.676,917.177,2.044,1.793,0,0,0,,0,999
2011,15/08/2011,227,2010,15-May,10,sugar,alive,0,457,2010,15/5/2010,135,0,0,348,2011,21,2039,8290.09,7336.38,6633.13,203.794,3328.16,16569.5,0,0,0,17.187,153.2,169.776,169.776,20.187,6536.375,6556.563,79421.157,0.812,13,1820,1483,964.786,869.659,1011.756,1288.114,287.752,1575.866,8.275,6400.307,3.155,6403.462,77084.186,200,334.931,388.043,17.022,38.632,7.651,3.713,6285.829,389.042,0.985,5962.1,21.9,2384.8,0,0,17.737,28.056,17.095,81.4,Burdekin,AyrDPI,Kala,1956,Furrow,BareFallow,77,Surf1,200,140,LowFreq,0,P2R,15MayV1R4,T2,3303,2831.756,1834.445,2122.197,63.305,46.283,7.19673587696115,0.12932190935016,8.97770925110132,1.01897,33.282,999
2012,14/09/2012,258,2011,15-May,10,sugar,alive,1,396,2010,15/8/2011,135,0,0,348,2012,21,2039,7383.73,6603.77,5830.18,179.706,3388.41,15535.5,19151.859,7660.744,94.376,20.292,89,62.465,0,3.155,6400.307,6403.462,77084.186,0.804,15,2100,1155.4,943.591,815.64,528.886,1256.42,232.852,1489.272,2.094,6405.838,1.419,6407.257,77336.329,200,255.693,309.762,8.599,12.611,2.685,2.027,6635.041,391.382,0.955,4445.6,16.4,1778.2,0,0,17.829,28.661,19.127,197.4,Burdekin,AyrDPI,Kala,1956,Furrow,BareFallow,77,Surf1,200,140,LowFreq,0,P2R,15MayV1R4,T2,3255.4,2628.886,1759.231,1992.083,23.895,15.296,6.83582323463246,0.120667010458801,7.04729411764706,0.89853,33.884,999
2013,14/10/2013,287,2012,15-May,10,sugar,alive,2,395,2010,14/9/2012,135,0,0,348,2013,21,2039,7093.7,6238.31,5668.36,173.336,3070.92,14253.4,16983.953,6793.582,71.804,18.891,93.7,69.363,5.323,1.419,6405.838,6407.257,77336.329,0.807,18,2520,530.8,721.326,866.992,326.613,1241.699,239.168,1480.867,2.95,6410.289,2.351,6412.639,77445.377,200,262.82,313.203,7.478,8.352,2.783,1.825,7099.03,393.765,0.969,4946.1,18.2,1978.4,0,0,18.281,29.412,20.455,178.6,Burdekin,AyrDPI,Kala,1956,Furrow,BareFallow,77,Surf1,200,140,LowFreq,0,P2R,15MayV1R4,T2,3050.8,2846.613,1588.318,1827.486,18.613,11.135,6.0892014474746,0.117050349558738,5.83622895622896,0.86668,30.709,999
2014,14/11/2014,318,2013,15-May,10,sugar,alive,3,396,2010,14/10/2013,135,0,0,348,2014,21,2039,6935.72,6121.75,5524.95,169.344,3058.28,14107.6,16319.564,6527.825,72.025,19.313,92.2,50.978,0,2.351,6410.289,6412.639,77445.377,0.806,18,2520,733,911.683,906.725,391.846,1175.71,260.615,1436.325,5.714,6402.852,2.77,6405.622,77366.052,200,257.524,321.775,17.58,15.708,2.981,3.661,7056.976,396.185,0.969,4946.2,18.2,1978.5,0,0,18.162,29.13,20.224,86.2,Burdekin,AyrDPI,Kala,1956,Furrow,BareFallow,77,Surf1,200,140,LowFreq,0,P2R,15MayV1R4,T2,3253,2911.846,1818.408,2079.023,36.269,18.689,5.81569217602854,0.117900892903765,5.70181818181818,0.84672,30.583,999
2015,14/12/2015,348,2014,15-May,10,sugar,alive,4,395,2010,14/11/2014,135,0,0,348,2015,21,2039,6938.7,6020,5580.6,170.273,3219.61,13581.1,16195.788,6478.315,76.93,20.357,93.1,49.245,0,2.77,6402.852,6405.622,77366.052,0.804,19,2660,395.2,718.057,775.787,259.167,1287.37,261.318,1548.689,4.198,6382.036,3.585,6385.621,77045.568,200,254.9,336.978,16.426,32.421,3.588,3.477,7232.095,398.643,0.966,4819.6,17.7,1927.8,0,0,18.972,30.362,20.848,83.4,Burdekin,AyrDPI,Kala,1956,Furrow,BareFallow,77,Surf1,200,140,LowFreq,0,P2R,15MayV1R4,T2,3055.2,2919.167,1493.844,1755.162,52.435,36.009,5.8329311067164,0.109946541881553,5.47501607717042,0.851365,32.196,999
2016,14/05/2016,135,0,15-May,10,none,out,-1,0,2010,0.000,135,0,0,348,-1,21,2039,0,0,0,0,0,0,15640.543,6256.217,76.494,0,0,61.913,0,3.585,6382.036,6385.621,77045.568,0.801,0,0,372.2,97.735,10.772,315.779,0,155.023,155.023,0.023,6463.135,20.736,6483.871,78658.954,0,0,36.772,0.441,0.537,0.017,0.093,4286.683,399.598,0.556,1159.7,5.7,463.9,0,0,22.418,32.151,19.966,43.6,Burdekin,AyrDPI,Kala,1956,Furrow,BareFallow,77,Surf1,200,140,LowFreq,0,P2R,15MayV1R4,T2,372.2,315.779,108.507,263.53,0.995,0.554,0,0,0,,0,999
2017,14/08/2017,226,2016,15-May,11,sugar,alive,0,457,2016,14/5/2016,135,0,0,348,2017,21,2039,8050.02,7079.98,6402.5,195.837,3454.21,16475.1,0,0,0,18.795,165.8,170.584,170.584,20.736,6463.135,6483.871,78658.954,0.801,17,2380,994,844.724,875.101,663.004,1438.026,324.199,1762.225,8.195,6312.398,3.143,6315.541,75983.787,200,351.237,408.439,16.727,39.311,8.317,3.708,6752.414,402.497,0.984,5871.9,21.5,2348.7,0,0,18.366,29.339,17.054,107.8,Burdekin,AyrDPI,Kala,1956,Furrow,BareFallow,77,Surf1,200,140,LowFreq,0,P2R,15MayV1R4,T2,3374,3043.004,1719.825,2044.024,64.355,47.628,6.43564714341486,0.111130531004838,6.92003533568905,0.979185,34.542,999
2018,14/09/2018,257,2017,15-May,11,sugar,alive,1,396,2016,14/8/2017,135,0,0,348,2018,21,2039,6800.06,6002.4,5321.26,162.844,2875.17,14788,18994.955,7597.982,93.316,18.817,88.8,62.534,0,3.143,6312.398,6315.541,75983.787,0.792,17,2380,718.7,788.4,843.574,412.587,1229.66,231.339,1460.999,3.32,6311.631,2.037,6313.669,76105.848,200,247.963,313.643,11.871,19.977,3.927,2.642,6558.807,405.05,0.946,4164.5,15.3,1665.8,0,0,17.808,29.585,18.303,130.4,Burdekin,AyrDPI,Kala,1956,Furrow,BareFallow,77,Surf1,200,140,LowFreq,0,P2R,15MayV1R4,T2,3098.7,2792.587,1631.974,1863.313,35.775,23.904,5.83129549768727,0.11146071968564,5.75420494699647,0.81422,28.752,999
2019,14/10/2019,287,2018,15-May,11,sugar,alive,2,395,2016,14/9/2018,135,0,0,348,2019,21,2039,5630.53,4861.24,4406.86,132.577,2055.89,12236.7,16109.625,6443.851,71.138,16.174,84.2,68.262,4.222,2.037,6311.631,6313.669,76105.848,0.795,15,2100,1183,1133.912,937.822,434.862,995.357,238.413,1233.77,5.974,6307.955,2.434,6310.389,76108.821,200,246.599,310.62,14.062,17.986,3.704,3.017,6450.279,407.641,0.966,4816.1,17.7,1926.4,0,0,18.354,29.528,17.422,92.8,Burdekin,AyrDPI,Kala,1956,Furrow,BareFallow,77,Surf1,200,140,LowFreq,0,P2R,15MayV1R4,T2,3283,2534.862,2071.734,2310.147,35.752,21.69,5.2301466509814,0.107456819342341,5.19909803921569,0.662885,20.559,999
2020,13/11/2020,318,2019,15-May,11,sugar,alive,3,396,2016,14/10/2019,135,0,0,348,2020,21,2039,6439.7,5588.62,5095.37,154.15,2490.43,13443.2,14494.911,5797.965,75.326,16.972,98.6,45.758,0,2.434,6307.955,6310.389,76108.821,0.793,17,2380,1074.7,958.828,1090.344,377.723,1162.384,234.359,1396.743,5.699,6291.249,2.589,6293.839,75913.13,200,264.794,323.921,11.667,18.79,3.363,2.608,6547.673,410.264,0.976,5354.1,19.7,2141.6,0,0,18.85,29.943,18.904,327.8,Burdekin,AyrDPI,Kala,1956,Furrow,BareFallow,77,Surf1,200,140,LowFreq,0,P2R,15MayV1R4,T2,3454.7,2757.723,2049.172,2283.531,33.82,22.153,5.58975647662945,0.110363896579399,5.4469964664311,0.77075,24.904,999
2021,13/12/2021,347,2020,15-May,11,sugar,alive,4,395,2016,13/11/2020,135,0,0,348,2021,21,2039,5957.07,5234.13,4619.85,142.167,2747.63,13372.2,15977.749,6391.099,84.444,20.872,73.5,54.544,0,2.589,6291.249,6293.839,75913.13,0.791,18,2520,1222.9,1299.633,1132.489,500.121,978.064,289.456,1267.52,8.158,6265.384,2.152,6267.536,75412.14,200,192.958,336.243,17.903,92.272,3.153,3.772,6739.988,412.932,0.812,2388.8,8.8,955.5,0,0,19.605,29.638,17.255,132.4,Burdekin,AyrDPI,Kala,1956,Furrow,BareFallow,77,Surf1,200,140,LowFreq,0,P2R,15MayV1R4,T2,3742.9,3020.121,2432.122,2721.578,113.328,95.425,4.70732795142976,0.11216154380207,4.78676767676768,0.710835,27.476,999
