year,today,day,SowYear,SowDate,cropCycle,currentCrop,sugarStatus,ratoon_no,sugarDAS,sugarPlantYear,sugarPlantDate,sugarPlantingDAY,sugarPlantDelay,sugarHarvDelay,sugarLastHarvDAY,sugarHarvYear,realDelayForKill,totCycle,biomass,green_biomass,cane_wt,canefw,sucrose_wt,residue_wt,burntDM,burntOrgC,burntOrgN,ccs,totalNGCane,totalInitTAW,totalInitPAW,totalInitInorgN,totalInitOrgN,totalInitSoilN,totalInitSoilC,meanInitOC2,irrigNum,totalIrrig,totalRain,totalDrain,totalRunoff,totalEffRain,totalTransp,totalEvap,totalEvapTr,totalSediment,totalSoilOrgN,totalSoilInorgN,totalSoilN,totalSoilC,totalFert,totalNUptake,totalNit,totalDeNit,totalNO3Leach,totalNO3Runoff,totalN2O,totalCO2,CO2,surfaceom_cover,surfaceom_wt,surfaceom_n,surfaceom_c,surfaceom_no3,surfaceom_nh4,meanTMin,meanTMax,meanRadn,maxRain,Region,WStation,Soil,StartYear,IrrigSys,Fallow,DryOff,Fert,FertAmt,IrrigAmt,IrrigFreq,MillMudAmt,NRunOffModel,Planting,Tillage,totalWater,totalWaterEff,totalWaterLoss,totalWaterLossWithEvap,totalNLoss,totalNPol,GPWUI,CWUE,GPWUI_450,NUE,sucroseTH,IrrigAlloc
1956,14/04/1956,105,0,15-Apr,0,none,out,-1,0,-1,0.000,105,0,0,318,-1,21,2039,0,0,0,0,0,0,0,0,0,0,0,0,0,0,0,0,0,0.89,0,0,908.8,24.993,440.807,459.959,0,277.705,277.705,20.633,9506.478,28.49,9534.968,141792.453,0,0,34.644,7.699,0.206,1.19,1.16,1030.319,350,0,0.1,0,0,0,0,22.406,30.649,17.187,67.8,Burdekin,AyrDPI,Mulg,1956,Furrow,BareFallow,35,Surf1,200,110,LowFreq,0,P2R,15AprV1R4,T5,908.8,459.959,465.8,743.505,9.095,1.396,0,0,0,,0,999
1957,14/07/1957,195,1956,15-Apr,1,sugar,alive,0,456,1956,14/4/1956,105,0,0,318,1957,21,2039,7886.93,7112.84,6101.93,189.319,3249.78,17850,0,0,0,18.214,128.4,194.845,194.845,28.49,9506.478,9534.968,141792.453,0.884,19,2090,1202.9,190.646,1503.594,692.957,1300.457,416.088,1716.544,32.631,9421.644,0.821,9422.465,141372.963,200,292.136,324.905,39.575,0.581,16.346,8.358,3469.407,350,0.972,5097.6,18.7,2039,0,0,16.955,27.951,18.212,77.7,Burdekin,AyrDPI,Mulg,1956,Furrow,BareFallow,35,Surf1,200,110,LowFreq,0,P2R,15AprV1R4,T5,3292.9,2782.957,1694.24,2110.328,56.502,16.927,6.80280004326334,0.110290793594571,7.45350393700787,0.946595,32.498,999
1958,14/08/1958,226,1957,15-Apr,1,sugar,alive,1,396,1956,14/7/1957,105,0,0,318,1958,21,2039,6156.73,5448.6,4747.92,145.24,2611.9,14088.1,19505.492,7802.196,90.065,19.219,79.7,76.962,76.962,0.821,9421.644,9422.465,141372.963,0.868,18,1980,1020.9,397.687,1163.084,487.515,1136.08,318.138,1454.219,7.681,9434.833,0.958,9435.791,142354.376,200,233.232,291.718,28.084,0.001,1.609,5.569,5466.328,350,0.935,3912.2,14.4,1564.9,0,0,17.772,29.136,19.572,136.1,Burdekin,AyrDPI,Mulg,1956,Furrow,BareFallow,35,Surf1,200,110,LowFreq,0,P2R,15AprV1R4,T5,3000.9,2467.515,1560.771,1878.909,29.694,1.61,5.88608377254039,0.0998749156763871,5.97695473251029,0.7262,26.119,999
1959,14/09/1959,257,1958,15-Apr,1,sugar,alive,2,396,1956,14/8/1958,105,0,0,318,1959,21,2039,7090.78,6360.12,5462.81,168.306,3044.82,16279.8,15300.309,6120.125,61.51,19.352,89.4,62.871,62.871,0.958,9434.833,9435.791,142354.376,0.865,19,2090,875.3,327.858,1130.557,476.002,1211.114,289.325,1500.438,10.076,9426.149,1.141,9427.29,143272.366,200,252.542,309.615,32.845,0.001,2.32,6.392,5642.953,350,0.951,4314.1,15.8,1725.6,0,0,16.929,28.362,19.643,162.8,Burdekin,AyrDPI,Mulg,1956,Furrow,BareFallow,35,Surf1,200,110,LowFreq,0,P2R,15AprV1R4,T5,2965.3,2566.002,1458.415,1747.74,35.166,2.321,6.55907516829683,0.112171245996169,6.62622047244095,0.84153,30.448,999
1960,13/10/1960,287,1959,15-Apr,1,sugar,alive,3,395,1956,14/9/1959,105,0,0,318,1960,21,2039,7257.33,6506.31,5658.51,174.582,3240.36,15988.2,17504.778,7001.912,75.154,19.93,90.5,69.317,69.317,1.141,9426.149,9427.29,143272.366,0.858,20,2200,1112.7,333.57,1521.445,489.222,1178.38,288.332,1466.712,17.565,9412.012,1.42,9413.432,144277.334,200,258.913,323.827,38.06,0.002,2.768,7.212,6038.426,350,0.957,4484.1,16.4,1793.6,0,0,17.803,28.647,20.438,210.1,Burdekin,AyrDPI,Mulg,1956,Furrow,BareFallow,35,Surf1,200,110,LowFreq,0,P2R,15AprV1R4,T5,3312.7,2689.222,1855.015,2143.347,40.83,2.77,6.49191476196461,0.119029502724461,6.588,0.87291,32.404,999
1961,13/11/1961,317,1960,15-Apr,1,sugar,alive,4,396,1956,13/10/1960,105,0,0,318,1961,21,2039,7280.34,6538.8,5640.91,174.826,3527.51,16394.3,17401.441,6960.576,76.007,21.918,98.5,60.291,60.291,1.42,9412.012,9413.432,144277.334,0.85,22,2420,499,208.443,1057.119,292.029,1325.489,314.707,1640.197,11.024,9389.207,2.021,9391.228,144991.432,200,264.795,332.27,42.596,0.002,2.516,8.035,6389.393,350,0.929,3788.4,13.9,1515.4,0,0,16.991,29.222,21.178,63.2,Burdekin,AyrDPI,Mulg,1956,Furrow,BareFallow,35,Surf1,200,110,LowFreq,0,P2R,15AprV1R4,T5,2919,2712.029,1265.562,1580.269,45.114,2.518,6.44631749881731,0.106588415903699,6.09149825783972,0.87413,35.275,999
1962,15/04/1962,105,0,15-Apr,1,none,out,-1,0,1956,0.000,105,0,0,318,-1,21,2039,0,0,0,0,0,0,17155.355,6862.142,75.248,0,0,73.533,73.533,2.021,9389.207,9391.228,144991.432,0.842,0,0,875.8,93.516,371.686,476.291,0,320.437,320.437,17.521,9477.083,20.52,9497.603,147706.874,0,0,27.803,2.274,0.001,1.176,0.191,4116.033,350,0,0.1,0,0,0,0,21.944,31.478,21.317,102.1,Burdekin,AyrDPI,Mulg,1956,Furrow,BareFallow,35,Surf1,200,110,LowFreq,0,P2R,15AprV1R4,T5,875.8,476.291,465.202,785.639,3.451,1.177,0,0,0,,0,999
1963,15/07/1963,196,1962,15-Apr,2,sugar,alive,0,456,1962,15/4/1962,105,0,0,318,1963,21,2039,7057.56,6258.92,5479.78,168.145,3116.37,15777.8,0,0,0,19.897,176.1,163.695,163.695,20.52,9477.083,9497.603,147706.874,0.841,19,2090,1147.9,218.013,1524.518,666.097,1229.575,368.338,1597.913,24.971,9313.564,1.756,9315.32,145167.257,200,360.247,401.426,39.023,0.002,19.552,8.142,5677.893,350,0.964,4762,17.4,1904.8,0,0,16.968,28.851,18.604,91.9,Burdekin,AyrDPI,Mulg,1956,Furrow,BareFallow,35,Surf1,200,110,LowFreq,0,P2R,15AprV1R4,T5,3237.9,2756.097,1742.531,2110.869,58.577,19.554,6.10083752494923,0.105227881618086,6.61988188976378,0.840725,31.164,999
1964,14/08/1964,227,1963,15-Apr,2,sugar,alive,1,396,1962,15/7/1963,105,0,0,318,1964,21,2039,6627.66,5852.17,5099.33,155.921,2707.24,15283.3,17458.792,6983.517,90.684,18.456,103.5,61.152,61.152,1.756,9313.564,9315.32,145167.257,0.824,19,2090,612.7,180.2,964.839,476.607,1238.571,318.095,1556.666,8.473,9294.378,1.291,9295.668,145400.867,200,254.496,320.574,41.183,0.002,3.237,8.071,5998.339,350,0.94,4011.4,14.7,1604.6,0,0,17.172,29.171,19.499,92.7,Burdekin,AyrDPI,Mulg,1956,Furrow,BareFallow,35,Surf1,200,110,LowFreq,0,P2R,15AprV1R4,T5,2702.7,2566.607,1145.039,1463.134,44.422,3.239,6.07498537953025,0.100163426194187,6.13862204724409,0.779605,27.072,999
1965,14/09/1965,257,1964,15-Apr,2,sugar,alive,2,396,1962,14/8/1964,105,0,0,318,1965,21,2039,6882.6,6214.03,5247.65,162.351,2984.21,16349.5,16400.486,6560.195,71.21,19.709,94.2,62.147,62.147,1.291,9294.378,9295.668,145400.867,0.819,20,2200,831.2,269,1188.089,441.13,1230.737,331.71,1562.447,10.52,9271.996,1.161,9273.157,145806.285,200,257.842,324.18,41.605,0.003,2.6,8.011,6099.309,350,0.93,3796.5,13.9,1518.6,0,0,17.287,29.163,19.689,107.4,Burdekin,AyrDPI,Mulg,1956,Furrow,BareFallow,35,Surf1,200,110,LowFreq,0,P2R,15AprV1R4,T5,3031.2,2641.13,1457.089,1788.799,44.208,2.603,6.1470279766615,0.103908164564942,6.12645283018868,0.811755,29.842,999
1966,14/10/1966,287,1965,15-Apr,2,sugar,alive,3,395,1962,14/9/1965,105,0,0,318,1966,21,2039,6910.38,6160.88,5299.11,162.699,3033.18,16112.7,17124.094,6849.638,75.87,20.031,90.5,73.811,73.811,1.161,9271.996,9273.157,145806.285,0.812,22,2420,392.1,227.966,1109.881,275.632,1195.557,291.636,1487.193,8.367,9259.869,1.305,9261.174,146350.914,200,254.064,321.849,40.45,0.004,2.616,7.683,6340.844,350,0.955,4436,16.3,1774.4,0,0,17.785,28.871,19.833,102.9,Burdekin,AyrDPI,Mulg,1956,Furrow,BareFallow,35,Surf1,200,110,LowFreq,0,P2R,15AprV1R4,T5,2812.1,2695.632,1337.847,1629.483,43.07,2.62,6.03565323456614,0.109400057692579,5.66895470383275,0.813495,30.332,999
1967,14/11/1967,318,1966,15-Apr,2,sugar,alive,4,396,1962,14/10/1966,105,0,0,318,1967,21,2039,7109.48,6366.86,5490.82,169.602,3215.47,16186.6,17466.355,6986.542,75.897,20.42,91.7,60.872,60.872,1.305,9259.869,9261.174,146350.914,0.805,20,2200,821.8,283.002,1200.729,429.871,1218.228,313.282,1531.51,10.618,9247.581,1.543,9249.123,146610.237,200,249.926,325.141,46.312,0.006,2.192,9.012,6728.83,350,0.937,3949,14.5,1579.6,0,0,18.229,28.885,20.191,154.9,Burdekin,AyrDPI,Mulg,1956,Furrow,BareFallow,35,Surf1,200,110,LowFreq,0,P2R,15AprV1R4,T5,3021.8,2629.871,1483.731,1797.013,48.51,2.198,6.44906156994012,0.11074168630959,6.40007547169811,0.84801,32.155,999
1968,14/04/1968,105,0,15-Apr,2,none,out,-1,0,1962,0.000,105,0,0,318,-1,21,2039,0,0,0,0,0,0,17115.283,6846.114,72.116,0,0,67.431,67.431,1.543,9247.581,9249.123,146610.237,0.798,0,0,1341.7,158.776,825.666,456.586,0,278.071,278.071,38.756,9345.158,8.572,9353.73,149783.434,0,0,12.393,0.527,0.007,0.586,0.045,3547.421,350,0,0.1,0,0,0,0,22.329,31.086,21.557,187.9,Burdekin,AyrDPI,Mulg,1956,Furrow,BareFallow,35,Surf1,200,110,LowFreq,0,P2R,15AprV1R4,T5,1341.7,456.586,984.442,1262.513,1.12,0.593,0,0,0,,0,999
1969,14/07/1969,195,1968,15-Apr,3,sugar,alive,0,456,1968,14/4/1968,105,0,0,318,1969,21,2039,7560.06,6804.97,5841.62,180.8,3359.6,17184.4,0,0,0,19.956,166.4,146.618,146.618,8.572,9345.158,9353.73,149783.434,0.799,24,2640,302.7,37.492,1241.469,251.308,1320.908,410.111,1731.02,25.034,9197.766,2.022,9199.788,145704.74,200,348.01,389.494,28.928,0.002,15.643,6.206,7427.521,350,0.947,4207.2,15.4,1682.9,0,0,17.239,28.858,19.267,46.5,Burdekin,AyrDPI,Mulg,1956,Furrow,BareFallow,35,Surf1,200,110,LowFreq,0,P2R,15AprV1R4,T5,2942.7,2891.308,1278.961,1689.072,44.573,15.645,6.25322518389601,0.104447088999549,5.85113268608414,0.904,33.596,999
1970,14/08/1970,226,1969,15-Apr,3,sugar,alive,1,396,1968,14/7/1969,105,0,0,318,1970,21,2039,6985.75,6237.19,5360.03,164.832,3083.26,16257.1,18182.852,7273.141,90.191,20.108,104.9,79.339,79.339,2.022,9197.766,9199.788,145704.74,0.785,19,2090,667.3,173.541,942.46,411.02,1289.56,311.111,1600.671,7.098,9179.999,1.424,9181.424,144995.707,200,265.182,323.325,32.232,0.006,2.107,6.372,7274.869,350,0.933,3871.1,14.2,1548.4,0,0,17.457,29.272,20.242,133.6,Burdekin,AyrDPI,Mulg,1956,Furrow,BareFallow,35,Surf1,200,110,LowFreq,0,P2R,15AprV1R4,T5,2757.3,2501.02,1116.001,1427.112,34.345,2.113,6.59059103885615,0.102976814098587,6.48944881889764,0.82416,30.833,999
1971,14/09/1971,257,1970,15-Apr,3,sugar,alive,2,396,1968,14/8/1970,105,0,0,318,1971,21,2039,7222.52,6519.43,5598.3,173.219,3229.05,16242.2,17109,6843.6,70.627,20.029,93.2,119.967,119.967,1.424,9179.999,9181.424,144995.707,0.781,18,1980,1226,247.519,1403.498,719.32,1262.104,306.208,1568.312,12.324,9167.04,1.46,9168.5,144472.883,200,254.717,318.538,35.003,0.009,7.674,6.698,7507.426,350,0.938,3970.8,14.6,1588.3,0,0,17.442,28.692,19.601,220,Burdekin,AyrDPI,Mulg,1956,Furrow,BareFallow,35,Surf1,200,110,LowFreq,0,P2R,15AprV1R4,T5,3206,2699.32,1651.017,1957.225,42.686,7.683,6.41713468577271,0.110449323859028,7.12835390946502,0.866095,32.291,999
1972,13/10/1972,287,1971,15-Apr,3,sugar,alive,3,395,1968,14/9/1971,105,0,0,318,1972,21,2039,7014.03,6342.25,5412.61,167.649,3170.05,16014.2,17181.063,6872.427,71.307,20.358,91.8,106.637,106.637,1.46,9167.04,9168.5,144472.883,0.775,20,2200,1328.3,450.272,1534.716,445.894,1276.762,306.118,1582.88,11.282,9154.911,1.722,9156.633,143960.618,200,255.964,321.797,38.649,0.016,3.467,7.302,7582.586,350,0.935,3900.9,14.3,1560.4,0,0,16.804,28.821,20.091,206.2,Burdekin,AyrDPI,Mulg,1956,Furrow,BareFallow,35,Surf1,200,110,LowFreq,0,P2R,15AprV1R4,T5,3528.3,2645.894,1984.988,2291.106,42.132,3.483,6.3361948740199,0.105913903770343,6.32637735849057,0.838245,31.701,999
1973,17/11/1973,321,1972,15-Apr,3,sugar,alive,4,400,1968,13/10/1972,105,0,4,318,1973,17,2039,7456.36,6676.65,5677.53,175.026,3194.03,17788.3,16927.857,6771.143,73.602,19.546,110.2,67.07,67.07,1.722,9154.911,9156.633,143960.618,0.77,20,2200,1238.1,377.972,1431.166,662.147,1256.303,299.897,1556.199,10.564,9120.593,2.135,9122.728,143704.9,200,280.385,348.373,40.448,0.032,2.723,7.705,7532.425,350,0.933,3868,14.2,1547.2,0,0,18.843,29.254,19.804,108.5,Burdekin,AyrDPI,Mulg,1956,Furrow,BareFallow,35,Surf1,200,110,LowFreq,0,P2R,15AprV1R4,T5,3438.1,2862.147,1809.138,2109.035,43.203,2.755,6.11519953377657,0.112470191794237,6.60475471698113,0.87513,31.94,999
1974,15/04/1974,105,0,15-Apr,3,none,out,-1,0,1968,0.000,105,0,4,322,-1,17,2043,0,0,0,0,0,0,18407.792,7363.117,76.067,0,0,139.833,139.833,2.135,9120.593,9122.728,143704.9,0.764,0,0,1721.8,383.851,947.965,519.292,0,363.425,363.425,44.704,9225.031,9.041,9234.072,147001.233,0,0,16.869,1.343,0.042,0.807,0.09,3766.121,350,0,0,0,0,0,0,22.293,30.139,17.364,152.9,Burdekin,AyrDPI,Mulg,1956,Furrow,BareFallow,35,Surf1,200,110,LowFreq,0,P2R,15AprV1R4,T5,1721.8,519.292,1331.816,1695.241,2.192,0.849,0,0,0,,0,999
1975,15/07/1975,196,1974,15-Apr,4,sugar,alive,0,456,1974,15/4/1974,105,0,0,318,1975,21,2039,8128.79,7243.19,6293.62,193.818,3433.1,18351.7,0,0,0,18.887,174.1,166.391,166.391,9.041,9225.031,9234.072,147001.233,0.766,20,2200,763.6,94.923,1269.386,545.974,1330.04,368.822,1698.862,24.554,9064.738,2.146,9066.884,143271.474,200,366.493,402.753,24.775,0.01,16.29,5.342,7204.663,350,0.972,5104.2,18.7,2041.7,0,0,17.001,28.293,19.228,65,Burdekin,AyrDPI,Mulg,1956,Furrow,BareFallow,35,Surf1,200,110,LowFreq,0,P2R,15AprV1R4,T5,2963.6,2745.974,1364.309,1733.131,41.075,16.3,7.05826056619618,0.114086959388108,7.31388679245283,0.96909,34.331,999
1976,14/08/1976,227,1975,15-Apr,4,sugar,alive,1,396,1974,15/7/1975,105,0,0,318,1976,21,2039,6607.2,5922.81,5086.55,157.128,2853.58,15206.5,19937.461,7974.983,96.209,19.438,86,66.821,66.821,2.146,9064.738,9066.884,143271.474,0.753,16,1760,1989.1,603.146,1720.261,753.867,1075.811,344.232,1420.043,22.675,9061.971,1.345,9063.316,143484.007,200,234.192,307.986,48.123,0.13,2.61,9.335,6402.654,350,0.906,3374,12.4,1349.6,0,0,17.81,28.163,18.823,179.8,Burdekin,AyrDPI,Mulg,1956,Furrow,BareFallow,35,Surf1,200,110,LowFreq,0,P2R,15AprV1R4,T5,3749.1,2513.867,2323.407,2667.639,50.863,2.74,6.25045000391827,0.110650170452585,7.10986425339367,0.78564,28.536,999
1977,14/09/1977,257,1976,15-Apr,4,sugar,alive,2,396,1974,14/8/1976,105,0,0,318,1977,21,2039,7074.29,6361.69,5451.56,168.013,2921.66,16227.2,15793.421,6317.368,65.052,18.489,94.5,72.472,72.472,1.345,9061.971,9063.316,143484.007,0.753,18,1980,1380,277.223,1641.916,552.708,1141.816,297.46,1439.277,18.118,9048.689,1.287,9049.976,143664.271,200,262.165,317.75,30.26,0.03,2.823,5.892,6597.658,350,0.95,4275,15.7,1710,0,0,17.722,28.369,19.544,170.6,Burdekin,AyrDPI,Mulg,1956,Furrow,BareFallow,35,Surf1,200,110,LowFreq,0,P2R,15AprV1R4,T5,3360,2532.708,1919.139,2216.599,33.113,2.853,6.63372958904066,0.116734304793309,6.91411522633745,0.840065,29.217,999
1978,14/10/1978,287,1977,15-Apr,4,sugar,alive,3,395,1974,14/9/1977,105,0,0,318,1978,21,2039,7382.62,6636.09,5763.44,178.031,3443.11,16191.8,17426.911,6970.766,75.649,20.888,92.9,74.056,74.056,1.287,9048.689,9049.976,143664.271,0.748,19,2090,953.7,264.731,1271.591,520.796,1203.59,299.531,1503.121,15.23,9042.801,1.342,9044.143,143947.456,200,255.547,319.686,36.233,0.033,2.665,6.888,6941.148,350,0.951,4316.9,15.8,1726.7,0,0,17.755,28.363,20.718,150.6,Burdekin,AyrDPI,Mulg,1956,Furrow,BareFallow,35,Surf1,200,110,LowFreq,0,P2R,15AprV1R4,T5,3043.7,2610.796,1536.322,1835.853,38.931,2.698,6.81903143715557,0.118440897306338,7.00909448818898,0.890155,34.431,999
1979,14/11/1979,318,1978,15-Apr,4,sugar,alive,4,396,1974,14/10/1978,105,0,0,318,1979,21,2039,6967.86,6232.63,5367.01,165.922,3175.94,16008.5,17432.385,6972.954,72.128,20.644,85.2,78.314,78.314,1.342,9042.801,9044.143,143947.456,0.744,19,2090,1489.5,397.786,1715.346,566.671,1140.651,337.694,1478.345,15.594,9035.585,1.669,9037.254,144095.124,200,241.947,319.831,48.829,0.053,2.83,9.21,6949.428,350,0.917,3552.8,13,1421.1,0,0,18.32,28.53,19.539,350.7,Burdekin,AyrDPI,Mulg,1956,Furrow,BareFallow,35,Surf1,200,110,LowFreq,0,P2R,15AprV1R4,T5,3579.5,2656.671,2113.132,2450.826,51.712,2.883,6.2454854214165,0.112234965451231,6.53236220472441,0.82961,31.759,999
1980,14/04/1980,105,0,15-Apr,4,none,out,-1,0,1974,0.000,105,0,0,318,-1,21,2039,0,0,0,0,0,0,16627.06,6650.823,70.049,0,0,66.338,66.338,1.669,9035.585,9037.254,144095.124,0.739,0,0,636.1,42.169,282.116,341.199,0,231.158,231.158,13.145,9136.049,7.548,9143.597,147003.69,0,0,10.197,0.418,0.02,0.305,0.038,3816.463,350,0,0.1,0,0,0,0,22.487,31.511,22.411,86.4,Burdekin,AyrDPI,Mulg,1956,Furrow,BareFallow,35,Surf1,200,110,LowFreq,0,P2R,15AprV1R4,T5,636.1,341.199,324.285,555.443,0.743,0.325,0,0,0,,0,999
1981,14/07/1981,195,1980,15-Apr,5,sugar,alive,0,456,1980,14/4/1980,105,0,0,318,1981,21,2039,8062.38,7262.34,6284.27,194.772,3434.9,17781.1,0,0,0,18.792,169.9,146.995,146.995,7.548,9136.049,9143.597,147003.69,0.741,19,2090,1226.2,274.613,1490.574,669.115,1258.307,363.211,1621.518,27.076,8986.315,1.89,8988.205,143327.574,200,354.973,391.575,22.742,0.036,17.151,4.926,7069.654,350,0.965,4788.8,17.5,1915.5,0,0,17.555,28.055,18.773,104.8,Burdekin,AyrDPI,Mulg,1956,Furrow,BareFallow,35,Surf1,200,110,LowFreq,0,P2R,15AprV1R4,T5,3316.2,2759.115,1765.187,2128.398,39.929,17.187,7.05922007600263,0.120117075481123,7.66818897637795,0.97386,34.349,999
1982,14/08/1982,226,1981,15-Apr,5,sugar,alive,1,396,1980,14/7/1981,105,0,0,318,1982,21,2039,6915.03,6203.79,5346.16,164.912,3173.77,15688.7,19184.393,7673.757,92.752,20.772,100.5,76.491,76.491,1.89,8986.315,8988.205,143327.574,0.73,19,2090,604.4,215.118,933.595,429.458,1233.572,317.6,1551.173,9.489,8971.693,1.221,8972.915,143186.429,200,259.828,318.634,35.129,0.064,1.801,6.929,6787.498,350,0.935,3896.1,14.3,1558.4,0,0,17.532,28.965,19.448,47.4,Burdekin,AyrDPI,Mulg,1956,Furrow,BareFallow,35,Surf1,200,110,LowFreq,0,P2R,15AprV1R4,T5,2694.4,2519.458,1148.713,1466.313,36.994,1.865,6.5455347935945,0.106314382728426,6.49259842519685,0.82456,31.738,999
1983,14/09/1983,257,1982,15-Apr,5,sugar,alive,2,396,1980,14/8/1982,105,0,0,318,1983,21,2039,7050.71,6305.26,5473.13,168.441,3048.49,15775.8,16647.036,6658.816,68.874,19.361,95.6,71.006,71.006,1.221,8971.693,8972.915,143186.429,0.729,20,2200,637.3,304.031,1039.628,373.544,1179.778,306.584,1486.362,8.004,8968.048,1.151,8969.199,143313.954,200,255.67,312.985,30.255,0.059,2.109,5.923,6824.687,350,0.949,4249.2,15.6,1699.7,0,0,17.915,28.646,19.857,95.4,Burdekin,AyrDPI,Mulg,1956,Furrow,BareFallow,35,Surf1,200,110,LowFreq,0,P2R,15AprV1R4,T5,2837.3,2573.544,1343.659,1650.243,32.423,2.168,6.54509889863939,0.113324344944233,6.3562641509434,0.842205,30.485,999
1984,13/10/1984,287,1983,15-Apr,5,sugar,alive,3,395,1980,14/9/1983,105,0,0,318,1984,21,2039,7332.42,6603.96,5652.24,174.962,3331.44,16801.9,17021.265,6808.506,70.157,20.52,91.3,78.285,78.285,1.151,8968.048,8969.199,143313.954,0.725,22,2420,624.6,259.572,1224.526,458.125,1248.626,303.089,1551.715,13.207,8961.458,1.703,8963.16,143301.068,200,253.43,319.069,36.601,0.065,3.068,6.953,7168.068,350,0.929,3781.8,13.9,1512.7,0,0,17.81,28.719,19.464,75.6,Burdekin,AyrDPI,Mulg,1956,Furrow,BareFallow,35,Surf1,200,110,LowFreq,0,P2R,15AprV1R4,T5,3044.6,2878.125,1484.098,1787.187,39.734,3.133,6.07902714440825,0.112753952884389,6.09623693379791,0.87481,33.314,999
1985,13/11/1985,317,1984,15-Apr,5,sugar,alive,4,396,1980,13/10/1984,105,0,0,318,1985,21,2039,7457.25,6751.44,5782.2,179.833,3366.26,16750.5,17496.095,6998.439,72.424,20.124,89.2,87.072,87.072,1.703,8961.458,8963.16,143301.068,0.72,21,2310,872.5,217.45,1347.381,552.771,1276.892,313.943,1590.835,11.283,8950.714,1.879,8952.593,143200.878,200,250.29,324.163,44.546,0.078,4.36,8.442,7368.738,350,0.916,3530.4,12.9,1412.2,0,0,17.761,28.762,19.57,111.4,Burdekin,AyrDPI,Mulg,1956,Furrow,BareFallow,35,Surf1,200,110,LowFreq,0,P2R,15AprV1R4,T5,3182.5,2862.771,1564.831,1878.774,48.984,4.438,6.2817808340241,0.113043150295285,6.5156884057971,0.899165,33.663,999
1986,15/04/1986,105,0,15-Apr,5,none,out,-1,0,1980,0.000,105,0,0,318,-1,21,2039,0,0,0,0,0,0,17238.781,6895.512,71.775,0,0,113.905,113.905,1.879,8950.714,8952.593,143200.878,0.716,0,0,420.5,90.816,102.086,299.597,0,207.633,207.633,3.554,9043.06,17.067,9060.127,145609.76,0,0,21.019,0.51,0.072,0.181,0.064,4607.363,350,0,0.1,0,0,0,0,22.125,31.888,20.927,117.8,Burdekin,AyrDPI,Mulg,1956,Furrow,BareFallow,35,Surf1,200,110,LowFreq,0,P2R,15AprV1R4,T5,420.5,299.597,192.902,400.535,0.763,0.253,0,0,0,,0,999
1987,15/07/1987,196,1986,15-Apr,6,sugar,alive,0,456,1986,15/4/1986,105,0,0,318,1987,21,2039,7819.07,6989.31,6071.53,187.336,3693.84,17475.4,0,0,0,21.353,177.5,133.871,133.871,17.067,9043.06,9060.127,145609.76,0.717,23,2530,585.4,37.698,1380.81,480.463,1347.271,397.297,1744.567,26.832,8878.766,2.039,8880.805,141472.646,200,362.156,405.668,35.119,0.029,20.437,7.478,7448.167,350,0.965,4795.2,17.6,1918.1,0,0,18.179,29.194,18.291,44,Burdekin,AyrDPI,Mulg,1956,Furrow,BareFallow,35,Surf1,200,110,LowFreq,0,P2R,15AprV1R4,T5,3115.4,3010.463,1418.508,1815.805,55.585,20.466,6.22283017595632,0.107382519559295,6.28644295302013,0.93668,36.938,999
1988,14/08/1988,227,1987,15-Apr,6,sugar,alive,1,396,1986,15/7/1987,105,0,0,318,1988,21,2039,7032.65,6255.5,5370.67,164.588,3040.56,16619.7,18929.937,7571.974,89.709,19.823,92.2,86.196,86.196,2.039,8878.766,8880.805,141472.646,0.704,19,2090,974.5,227.33,1293.811,409.139,1242.137,310.242,1552.38,10.491,8873.532,1.138,8874.67,141121.485,200,251.002,311.588,34.665,0.115,1.962,6.81,6960.075,350,0.951,4309.9,15.8,1724,0,0,17.994,29.174,19.627,254,Burdekin,AyrDPI,Mulg,1956,Furrow,BareFallow,35,Surf1,200,110,LowFreq,0,P2R,15AprV1R4,T5,3064.5,2499.139,1521.141,1831.383,36.742,2.077,6.58578814543729,0.106023009830067,6.47984251968504,0.82294,30.406,999
1989,14/09/1989,257,1988,15-Apr,6,sugar,alive,2,396,1986,14/8/1988,105,0,0,318,1989,21,2039,6817.22,6079.41,5266.69,161.656,2931.36,15505.2,17790.183,7116.074,74.14,19.404,83.4,77.175,77.175,1.138,8873.532,8874.67,141121.485,0.704,16,1760,1393,364.265,1363.831,734.683,1144.53,289.889,1434.419,12.211,8878.597,0.945,8879.542,141089.11,200,245.387,302.496,31.354,0.123,2.011,6.054,6966.113,350,0.955,4433.1,16.2,1773.2,0,0,17.953,28.513,19.014,134.8,Burdekin,AyrDPI,Mulg,1956,Furrow,BareFallow,35,Surf1,200,110,LowFreq,0,P2R,15AprV1R4,T5,3153,2494.683,1728.096,2017.985,33.488,2.134,6.4800217101732,0.11269789371167,7.31475113122172,0.80828,29.314,999
1990,14/10/1990,287,1989,15-Apr,6,sugar,alive,3,395,1986,14/9/1989,105,0,0,318,1990,21,2039,6843.94,6205.78,5317.91,165.065,3102.53,15260.4,16947.601,6779.041,72.581,20.219,86,67.66,67.66,0.945,8878.597,8879.542,141089.11,0.702,19,2090,1277.8,445.973,1440.019,520.443,1173.368,308.143,1481.511,11.37,8880.41,1.385,8881.795,140701.565,200,239.593,308.577,39.248,0.159,2.719,7.36,7221.002,350.839,0.929,3769.9,13.8,1507.9,0,0,17.407,28.757,20.276,103,Burdekin,AyrDPI,Mulg,1956,Furrow,BareFallow,35,Surf1,200,110,LowFreq,0,P2R,15AprV1R4,T5,3367.8,2610.443,1885.992,2194.135,42.126,2.878,6.32325624424667,0.111416655023149,6.49862204724409,0.825325,31.025,999
1991,14/11/1991,318,1990,15-Apr,6,sugar,alive,4,396,1986,14/10/1990,105,0,0,318,1991,21,2039,7139.95,6349.04,5517.98,169.677,3416.99,16219.8,16175.688,6470.276,68.736,21.87,89.2,67.957,67.957,1.385,8880.41,8881.795,140701.565,0.699,20,2200,1681.6,556.716,1829.421,361.568,1241.767,268.92,1510.687,7.657,8872.567,1.617,8874.184,140038.924,200,254.32,318.089,35.024,0.705,3.031,6.528,7605.722,352.513,0.949,4259.5,15.6,1703.8,0,0,17.718,29.034,19.738,204.4,Burdekin,AyrDPI,Mulg,1956,Furrow,BareFallow,35,Surf1,200,110,LowFreq,0,P2R,15AprV1R4,T5,3881.6,2561.568,2386.137,2655.057,38.76,3.736,6.62395064273133,0.112317773304463,6.40290566037736,0.848385,34.17,999
1992,14/04/1992,105,0,15-Apr,6,none,out,-1,0,1986,0.000,105,0,0,318,-1,21,2039,0,0,0,0,0,0,17407.373,6962.95,77.128,0,0,52.734,52.734,1.617,8872.567,8874.184,140038.924,0.696,0,0,487.6,30.582,161.706,323.098,0,207.366,207.366,7.425,8963.559,15.612,8979.171,141991.458,0,0,22.528,0.704,0.058,0.58,0.076,4788.118,353.166,0,0.1,0,0,0,0,22.037,31.882,22.651,122.8,Burdekin,AyrDPI,Mulg,1956,Furrow,BareFallow,35,Surf1,200,110,LowFreq,0,P2R,15AprV1R4,T5,487.6,323.098,192.288,399.654,1.342,0.638,0,0,0,,0,999
1993,14/07/1993,195,1992,15-Apr,7,sugar,alive,0,456,1992,14/4/1992,105,0,0,318,1993,21,2039,8550.79,7665.78,6649.64,205.639,4077.69,19011.6,0,0,0,21.49,178.3,140.68,140.68,15.612,8963.559,8979.171,141991.458,0.697,22,2420,628.9,31.72,1314.217,476.384,1389.708,385.34,1775.048,26.112,8807.841,2.087,8809.928,137095.001,200,370.031,400.457,22.744,0.054,17.331,5.038,8407.517,355.153,0.974,5226.3,19.1,2090.5,0,0,17.504,28.743,19.448,72,Burdekin,AyrDPI,Mulg,1956,Furrow,BareFallow,35,Surf1,200,110,LowFreq,0,P2R,15AprV1R4,T5,3048.9,2896.384,1345.937,1731.277,40.129,17.385,7.09985278195156,0.115849824906143,7.16512195121951,1.028195,40.777,999
1994,14/08/1994,226,1993,15-Apr,7,sugar,alive,1,396,1992,14/7/1993,105,0,0,318,1994,21,2039,7164.22,6416.11,5610.39,173.224,3309.93,15538.3,20602.214,8240.885,95.35,20.603,100.2,68.597,68.597,2.087,8807.841,8809.928,137095.001,0.686,21,2310,409.4,135.499,983.463,305.579,1239.605,347.435,1587.04,7.91,8807.1,1.151,8808.251,135932.905,200,258.113,314.255,26.069,0.138,2.798,5.234,8204.21,356.911,0.935,3907.7,14.3,1563.1,0,0,17.871,29.003,19.967,46.8,Burdekin,AyrDPI,Mulg,1956,Furrow,BareFallow,35,Surf1,200,110,LowFreq,0,P2R,15AprV1R4,T5,2719.4,2615.579,1118.962,1466.397,29.005,2.936,6.62277835997307,0.109149107772961,6.27623188405797,0.86612,33.099,999
1995,14/09/1995,257,1994,15-Apr,7,sugar,alive,2,396,1992,14/8/1994,105,0,0,318,1995,21,2039,7789.98,6979.37,6142.94,189.571,3683.23,16470.5,16529.079,6611.632,65.723,20.998,101.4,81.996,81.996,1.151,8807.1,8808.251,135932.905,0.688,21,2310,508.6,228.436,943.45,346.836,1317.959,305.973,1623.932,6.413,8801.108,1.19,8802.298,134729.396,200,267.731,323.549,25.026,0.191,1.87,4.921,8617.488,358.703,0.952,4333.8,15.9,1733.5,0,0,18.519,29.133,20.465,55.2,Burdekin,AyrDPI,Mulg,1956,Furrow,BareFallow,35,Surf1,200,110,LowFreq,0,P2R,15AprV1R4,T5,2818.6,2656.836,1171.886,1477.859,27.087,2.061,7.13521647553707,0.116735799282236,6.86851449275362,0.947855,36.832,999
1996,13/10/1996,287,1995,15-Apr,7,sugar,alive,3,395,1992,14/9/1995,105,0,0,318,1996,21,2039,7580.64,6797.3,5990.43,185.001,3778.32,15902.1,17683.672,7073.469,69.641,22.221,100.9,104.778,104.778,1.19,8801.108,8802.298,134729.396,0.685,23,2530,547.9,281.519,1224.961,292.586,1291.216,313.02,1604.236,13.722,8791.373,1.642,8793.015,133378.469,200,266.396,331.829,32.799,0.24,2.003,6.233,9010.31,360.524,0.951,4307.6,15.8,1723.1,0,0,19.245,29.663,20.779,107,Burdekin,AyrDPI,Mulg,1956,Furrow,BareFallow,35,Surf1,200,110,LowFreq,0,P2R,15AprV1R4,T5,3077.9,2822.586,1506.48,1819.5,35.042,2.243,6.55430870839719,0.115320314467447,6.20808724832215,0.925005,37.783,999
1997,13/11/1997,317,1996,15-Apr,7,sugar,alive,4,396,1992,13/10/1996,105,0,0,318,1997,21,2039,8091.56,7209.74,6436.55,198.8,3969.91,16550.1,17178.308,6871.323,67.557,21.662,94.9,71.963,71.963,1.642,8791.373,8793.015,133378.469,0.682,20,2200,954.2,288.81,1390.61,435.194,1188.71,295.074,1483.783,16.685,8792.704,1.567,8794.271,132313.009,200,260.008,316.896,30.225,0.231,1.991,5.868,8720.039,362.384,0.964,4748.2,17.4,1899.3,0,0,19.539,28.549,20.723,116.8,Burdekin,AyrDPI,Mulg,1956,Furrow,BareFallow,35,Surf1,200,110,LowFreq,0,P2R,15AprV1R4,T5,3154.2,2635.194,1679.42,1974.494,32.447,2.222,7.54403660603356,0.13398185583741,7.50188679245283,0.994,39.699,999
1998,15/04/1998,105,0,15-Apr,7,none,out,-1,0,1992,0.000,105,0,0,318,-1,21,2039,0,0,0,0,0,0,18103.526,7241.41,73.135,0,0,62.959,62.959,1.567,8792.704,8794.271,132313.009,0.68,0,0,769.5,25.971,424.943,339.258,0,229.425,229.425,19.636,8893.641,10.916,8904.558,135015.616,0,0,14.358,0.679,0.654,0.321,0.062,4706.267,363.118,0,0.1,0,0,0,0,23.737,31.276,20.298,189.6,Burdekin,AyrDPI,Mulg,1956,Furrow,BareFallow,35,Surf1,200,110,LowFreq,0,P2R,15AprV1R4,T5,769.5,339.258,450.914,680.339,1.654,0.975,0,0,0,,0,999
1999,15/07/1999,196,1998,15-Apr,8,sugar,alive,0,456,1998,15/4/1998,105,0,0,318,1999,21,2039,9453.36,8452.68,7450.29,230.066,4130.51,20030.8,0,0,0,19.183,199.5,152.12,152.12,10.916,8893.641,8904.558,135015.616,0.682,19,2090,1269.3,110.893,1635.32,775.324,1329.39,368.135,1697.525,29.294,8706.82,2.228,8709.047,130198.9,200,400.733,440.027,20.282,4.353,15.33,4.497,8707.78,365.322,0.985,6012.1,22,2404.8,0,0,19.763,28.54,18.249,112,Burdekin,AyrDPI,Mulg,1956,Furrow,BareFallow,35,Surf1,200,110,LowFreq,0,P2R,15AprV1R4,T5,3359.3,2865.324,1746.213,2114.348,39.965,19.683,8.02931884840946,0.135530257286343,9.05771653543307,1.15033,41.305,999
2000,14/08/2000,227,1999,15-Apr,8,sugar,alive,1,396,1998,15/7/1999,105,0,0,318,2000,21,2039,7129.58,6352.92,5629.38,173.388,3164.5,15002,22136.409,8854.566,94.281,19.549,93.8,67.682,67.682,2.228,8706.82,8709.047,130198.9,0.674,17,1870,1505.1,493.853,1543.763,633.198,1027.872,307.203,1335.075,13.861,8717.337,1.16,8718.498,130616.039,200,249.555,305.244,26.448,1.084,1.832,5.198,6937.693,367.264,0.95,4292.8,15.7,1717.1,0,0,18.484,27.841,19.228,136,Burdekin,AyrDPI,Mulg,1956,Furrow,BareFallow,35,Surf1,200,110,LowFreq,0,P2R,15AprV1R4,T5,3375.1,2503.198,2037.616,2344.819,29.364,2.916,6.92665941727343,0.129871355541824,7.47362068965517,0.86694,31.645,999
2001,14/09/2001,257,2000,15-Apr,8,sugar,alive,2,396,1998,14/8/2000,105,0,0,318,2001,21,2039,7639.49,6849.51,5962.14,183.933,3681.66,16773.6,16400.58,6560.232,65.055,21.72,103.3,70.092,70.092,1.16,8717.337,8718.498,130616.039,0.677,20,2200,561.3,147.401,1052.452,417.028,1263.388,300.754,1564.143,10.359,8702.885,1.428,8704.313,130334.544,200,274.589,329.478,25.792,0.12,2.169,5.07,7634.341,369.246,0.953,4369.4,16,1747.7,0,0,17.804,29.071,20.13,52,Burdekin,AyrDPI,Mulg,1956,Furrow,BareFallow,35,Surf1,200,110,LowFreq,0,P2R,15AprV1R4,T5,2761.3,2617.028,1199.853,1500.607,28.081,2.289,7.0283160898546,0.117593468116406,6.9408679245283,0.919665,36.817,999
2002,14/10/2002,287,2001,15-Apr,8,sugar,alive,3,395,1998,14/9/2001,105,0,0,318,2002,21,2039,7616.39,6824.43,6004.95,185.208,3819.45,16114.4,17971.489,7188.595,73.691,22.466,101.4,67.397,67.397,1.428,8702.885,8704.313,130334.544,0.674,21,2310,810.6,194.699,1235.278,327.835,1399.506,298.38,1697.886,13.867,8692.024,1.313,8693.337,130251.411,200,271.59,329.855,29.804,0.09,2.247,5.731,7692.788,371.263,0.963,4705.5,17.2,1882.2,0,0,18.325,30.193,21.2,206,Burdekin,AyrDPI,Mulg,1956,Furrow,BareFallow,35,Surf1,200,110,LowFreq,0,P2R,15AprV1R4,T5,3120.6,2637.835,1429.977,1728.357,32.141,2.337,7.02121247159129,0.109081528441839,6.7104347826087,0.92604,38.194,999
2003,14/11/2003,318,2002,15-Apr,8,sugar,alive,4,396,1998,14/10/2002,105,0,0,318,2003,21,2039,7917.21,7034.12,6203.6,190.745,3872.3,17136.1,17696.94,7078.776,73.6,22.07,100.5,60.135,60.135,1.313,8692.024,8693.337,130251.411,0.672,22,2420,463.2,191.178,982.242,264.977,1420.004,284.9,1704.904,9.119,8687.154,1.631,8688.785,130107.591,200,271.412,327.827,26.681,0.071,1.99,5.178,7940.377,373.315,0.961,4626.4,17,1850.5,0,0,18.628,30.091,21.304,51,Burdekin,AyrDPI,Mulg,1956,Furrow,BareFallow,35,Surf1,200,110,LowFreq,0,P2R,15AprV1R4,T5,2883.2,2684.977,1173.42,1458.32,28.742,2.061,7.1041576892465,0.111880199706259,6.64616724738676,0.953725,38.723,999
2004,14/04/2004,105,0,15-Apr,8,none,out,-1,0,1998,0.000,105,0,0,318,-1,21,2039,0,0,0,0,0,0,18498.086,7399.234,75.382,0,0,65.012,65.012,1.631,8687.154,8688.785,130107.591,0.67,0,0,652.6,3.8,334.399,317.581,0,242.081,242.081,15.612,8797.371,5.702,8803.073,133723.669,0,0,6.635,0.14,0.006,0.168,0.019,3761.555,374.113,0,0.1,0,0,0,0,22.629,32.241,21.923,173.2,Burdekin,AyrDPI,Mulg,1956,Furrow,BareFallow,35,Surf1,200,110,LowFreq,0,P2R,15AprV1R4,T5,652.6,317.581,338.199,580.28,0.314,0.174,0,0,0,,0,999
2005,14/07/2005,195,2004,15-Apr,9,sugar,alive,0,456,2004,14/4/2004,105,0,0,318,2005,21,2039,8022.08,7158.53,6285.98,193.83,3868.16,17361,0,0,0,21.646,189.3,137.333,137.333,5.702,8797.371,8803.073,133723.669,0.671,22,2420,719.2,27.462,1448.546,304.377,1362.427,375.003,1737.43,23.385,8640.294,2.227,8642.521,129069.153,200,377.444,412.12,13.513,0.097,10.991,3.185,8250.81,376.54,0.964,4756.1,17.4,1902.5,0,0,17.68,29.343,19.68,143.4,Burdekin,AyrDPI,Mulg,1956,Furrow,BareFallow,35,Surf1,200,110,LowFreq,0,P2R,15AprV1R4,T5,3139.2,2724.377,1476.008,1851.011,24.601,11.088,7.11465410257097,0.111561329089517,6.75365853658537,0.96915,38.682,999
2006,14/08/2006,226,2005,15-Apr,9,sugar,alive,1,396,2004,14/7/2005,105,0,0,318,2006,21,2039,7370.44,6580.11,5722.17,176.079,3364.12,16482.7,18799.565,7519.827,87.462,20.6,97.9,63.097,63.097,2.227,8640.294,8642.521,129069.153,0.665,19,2090,985.3,268.445,1209.277,535.787,1250.729,320.99,1571.719,8.837,8632.724,1.028,8633.752,129193.506,200,254.444,315.353,34.043,0.416,3.738,6.706,6681.858,378.682,0.947,4203.4,15.4,1681.4,0,0,18.705,29.095,19.266,178.4,Burdekin,AyrDPI,Mulg,1956,Furrow,BareFallow,35,Surf1,200,110,LowFreq,0,P2R,15AprV1R4,T5,3075.3,2625.787,1477.722,1798.712,38.197,4.154,6.70576097756596,0.112029567626274,6.93224409448819,0.880395,33.641,999
2007,14/09/2007,257,2006,15-Apr,9,sugar,alive,2,396,2004,14/8/2006,105,0,0,318,2007,21,2039,7028.21,6317.51,5499.76,169.919,3242.78,15284.5,17583.154,7033.262,70.992,20.574,86.4,88.956,88.956,1.028,8632.724,8633.752,129193.506,0.666,19,2090,940.5,401.236,1161.44,435.352,1184.615,300.16,1484.775,14.042,8645.248,1.099,8646.347,129536.543,200,244.607,300.607,26.634,0.071,2.161,5.177,6835.169,380.86,0.939,3989.8,14.6,1595.9,0,0,17.489,28.522,19.714,130.2,Burdekin,AyrDPI,Mulg,1956,Furrow,BareFallow,35,Surf1,200,110,LowFreq,0,P2R,15AprV1R4,T5,3030.5,2525.352,1562.676,1862.836,28.866,2.232,6.72852734985064,0.114440908555168,6.68972440944882,0.849595,32.428,999
2008,13/10/2008,287,2007,15-Apr,9,sugar,alive,3,395,2004,14/9/2007,105,0,0,318,2008,21,2039,7428.14,6657.86,5832.85,180.085,3595.58,15952.8,16383.091,6553.237,66.686,21.658,88.7,72.006,72.006,1.099,8645.248,8646.347,129536.543,0.665,20,2200,1328.4,402.215,1575.721,588.143,1256.643,292.726,1549.37,24.391,8650.246,1.341,8651.587,129596.254,200,249.564,307.761,30.922,0.092,2.477,5.97,7205.219,383.068,0.95,4270.7,15.7,1708.3,0,0,18.038,28.883,19.535,108.2,Burdekin,AyrDPI,Mulg,1956,Furrow,BareFallow,35,Surf1,200,110,LowFreq,0,P2R,15AprV1R4,T5,3528.4,2788.143,1977.936,2270.662,33.491,2.569,6.45895852544149,0.116231113291209,6.79566037735849,0.900425,35.956,999
2009,13/11/2009,317,2008,15-Apr,9,sugar,alive,4,396,2004,13/10/2008,105,0,0,318,2009,21,2039,7401.78,6608.97,5686.72,175.214,3501.89,17150.6,17190.057,6876.024,70.221,21.683,94,73.101,73.101,1.341,8650.246,8651.587,129596.254,0.663,18,1980,1796.7,496.979,1703.163,537.813,1270.73,298.803,1569.533,9.252,8640.745,1.99,8642.735,129338.514,200,261.639,325.29,33.334,0.117,2.825,6.364,7597.283,385.319,0.938,3969.1,14.5,1587.6,0,0,18.57,29.61,19.499,197.2,Burdekin,AyrDPI,Mulg,1956,Furrow,BareFallow,35,Surf1,200,110,LowFreq,0,P2R,15AprV1R4,T5,3776.7,2517.813,2200.142,2498.945,36.276,2.942,6.95897590488253,0.111634479810237,7.21045267489712,0.87607,35.019,999
2010,15/04/2010,105,0,15-Apr,9,none,out,-1,0,2004,0.000,105,0,0,318,-1,21,2039,0,0,0,0,0,0,17951.732,7180.692,74.028,0,0,80.126,80.126,1.99,8640.745,8642.735,129338.514,0.661,0,0,1032,112.432,578.929,420.505,0,261.988,261.988,27.058,8748.49,4.397,8752.887,133081.217,0,0,6.607,0.4,0.095,0.241,0.028,3300.379,386.205,0,0.1,0,0,0,0,22.504,31.313,19.606,135.2,Burdekin,AyrDPI,Mulg,1956,Furrow,BareFallow,35,Surf1,200,110,LowFreq,0,P2R,15AprV1R4,T5,1032,420.505,691.361,953.349,0.736,0.336,0,0,0,,0,999
2011,15/07/2011,196,2010,15-Apr,10,sugar,alive,0,456,2010,15/4/2010,105,0,0,318,2011,21,2039,8942.91,8021.18,7020.1,217.194,3961.9,19228.1,0,0,0,19.537,165.6,158.779,158.779,4.397,8748.49,8752.887,133081.217,0.662,17,1870,1485.4,179.699,1617.924,906.065,1343.538,298.101,1641.639,28.844,8609.665,2.031,8611.696,128656.218,200,350.694,389.975,17.844,0.879,14.286,3.813,8092.594,388.863,0.977,5397.2,19.8,2158.9,0,0,18.293,28.267,16.9,81.4,Burdekin,AyrDPI,Mulg,1956,Furrow,BareFallow,35,Surf1,200,110,LowFreq,0,P2R,15AprV1R4,T5,3355.4,2776.065,1797.623,2095.724,33.009,15.165,7.82380816011153,0.132303143382924,9.36181034482759,1.08597,39.619,999
2012,14/08/2012,227,2011,15-Apr,10,sugar,alive,1,396,2010,15/7/2011,105,0,0,318,2012,21,2039,7199.68,6438.78,5629.9,173.486,3297.35,15697.8,20931.506,8372.602,92.146,20.478,88.9,74.916,74.916,2.031,8609.665,8611.696,128656.218,0.657,17,1870,1152,408.531,1069.284,586.356,1225.364,290.371,1515.736,6.964,8613.13,0.969,8614.099,128986.652,200,254.407,310.217,25.867,0.558,1.775,5.082,6843.323,391.2,0.943,4090.6,15,1636.2,0,0,17.522,28.612,19.036,197.4,Burdekin,AyrDPI,Mulg,1956,Furrow,BareFallow,35,Surf1,200,110,LowFreq,0,P2R,15AprV1R4,T5,3022,2456.356,1477.815,1768.186,28.2,2.333,7.06273846299152,0.114456607219199,7.47784482758621,0.86743,32.974,999
2013,14/09/2013,257,2012,15-Apr,10,sugar,alive,2,396,2010,14/8/2012,105,0,0,318,2013,21,2039,7187.84,6407.54,5647.43,173.9,3326.39,15404,16820.071,6728.028,68.598,20.628,96.2,103.366,103.366,0.969,8613.13,8614.099,128986.652,0.659,21,2310,535.4,259.542,1079.8,301.719,1237.411,303.186,1540.597,9.572,8617.41,1.28,8618.691,129053.586,200,256.805,308.761,24.492,0.076,1.925,4.78,7244.135,393.58,0.942,4062.2,14.9,1624.9,0,0,18.05,29.079,20.08,178.6,Burdekin,AyrDPI,Mulg,1956,Furrow,BareFallow,35,Surf1,200,110,LowFreq,0,P2R,15AprV1R4,T5,2845.4,2611.719,1339.342,1642.528,26.493,2.001,6.65844985620582,0.112878319248966,6.30072463768116,0.8695,33.264,999
2014,14/10/2014,287,2013,15-Apr,10,sugar,alive,3,395,2010,14/9/2013,105,0,0,318,2014,21,2039,7496.33,6724.96,5895.58,181.935,3504.62,16007.5,16546.345,6618.538,65.913,20.793,90.6,68.827,68.827,1.28,8617.41,8618.691,129053.586,0.658,21,2310,730.4,305.524,1202.439,391.108,1252.72,289.01,1541.73,9.471,8617.135,1.275,8618.41,129154.411,200,254.072,313.056,32.568,0.118,2.345,6.178,7182.787,395.998,0.962,4676.6,17.1,1870.7,0,0,18.127,29.166,20.069,86.2,Burdekin,AyrDPI,Mulg,1956,Furrow,BareFallow,35,Surf1,200,110,LowFreq,0,P2R,15AprV1R4,T5,3040.4,2701.108,1507.963,1796.973,35.031,2.463,6.73556925528339,0.118007044034948,6.59184782608696,0.909675,35.046,999
2015,14/11/2015,318,2014,15-Apr,10,sugar,alive,4,396,2010,14/10/2014,105,0,0,318,2015,21,2039,7521.51,6702.93,5859.39,180.06,3648.9,16621.2,17581.532,7032.613,73.059,22.026,101,59.534,59.534,1.275,8617.135,8618.41,129154.411,0.656,22,2420,382.4,166.588,998.356,232.214,1343.395,289.81,1633.206,6.829,8605.819,1.474,8607.293,128925.682,200,273.8,330.695,26.941,0.076,2.128,5.177,7760.115,398.452,0.962,4668.8,17.1,1867.5,0,0,18.652,30.213,20.932,83.4,Burdekin,AyrDPI,Mulg,1956,Furrow,BareFallow,35,Surf1,200,110,LowFreq,0,P2R,15AprV1R4,T5,2802.4,2652.214,1164.944,1454.754,29.145,2.204,6.78904492623898,0.110249411280635,6.27386759581882,0.9003,36.489,999
2016,14/04/2016,105,0,15-Apr,10,none,out,-1,0,2010,0.000,105,0,0,318,-1,21,2039,0,0,0,0,0,0,18096.507,7238.603,75.57,0,0,63.785,63.785,1.474,8605.819,8607.293,128925.682,0.654,0,0,369.6,0.002,100.802,268.798,0,197.434,197.434,4.703,8713.683,7.036,8720.72,132201.964,0,0,9.55,0.29,0,0.217,0.032,3845.38,399.406,0,0.1,0,0,0,0,22.856,32.574,21.881,43.6,Burdekin,AyrDPI,Mulg,1956,Furrow,BareFallow,35,Surf1,200,110,LowFreq,0,P2R,15AprV1R4,T5,369.6,268.798,100.804,298.238,0.507,0.217,0,0,0,,0,999
2017,14/07/2017,195,2016,15-Apr,11,sugar,alive,0,456,2016,14/4/2016,105,0,0,318,2017,21,2039,7855.92,6986.25,6113.64,188.161,3675.17,17422.7,0,0,0,21.124,178.7,135.149,135.149,7.036,8713.683,8720.72,132201.964,0.656,19,2090,1011.6,69.164,1436.775,617.317,1315.564,346.477,1662.041,23.681,8548.748,1.958,8550.707,127742.636,200,363.33,409.926,26.378,0.913,18.242,5.575,7806.562,402.302,0.969,4970.1,18.2,1988.1,0,0,18.795,29.534,17.004,107.8,Burdekin,AyrDPI,Mulg,1956,Furrow,BareFallow,35,Surf1,200,110,LowFreq,0,P2R,15AprV1R4,T5,3101.6,2707.317,1505.939,1852.416,45.533,19.155,6.95009117883129,0.113210805268943,7.40791338582677,0.940805,36.752,999
2018,14/08/2018,226,2017,15-Apr,11,sugar,alive,1,396,2016,14/7/2017,105,0,0,318,2018,21,2039,6867.39,6079.5,5289.06,161.862,2948.41,15783.3,19033.918,7613.566,89.186,19.505,93.4,68.77,68.77,1.958,8548.748,8550.707,127742.636,0.648,19,2090,692.9,277.419,1015.469,363.947,1217.542,275.552,1493.094,7.408,8546.779,1.099,8547.879,127919.957,200,248.919,308.074,32.844,0.568,1.699,6.4,6395.884,404.852,0.95,4271.9,15.7,1708.7,0,0,17.825,29.496,17.917,130.4,Burdekin,AyrDPI,Mulg,1956,Furrow,BareFallow,35,Surf1,200,110,LowFreq,0,P2R,15AprV1R4,T5,2782.9,2453.947,1292.888,1568.44,35.111,2.267,6.59598597687725,0.108407106317486,6.37251968503937,0.80931,29.484,999
2019,14/09/2019,257,2018,15-Apr,11,sugar,alive,2,396,2016,14/8/2018,105,0,0,318,2019,21,2039,6224.94,5488.91,4772.23,145.236,2465.75,14527.2,17046.923,6818.77,72.414,17.982,84.9,65.687,65.687,1.099,8546.779,8547.879,127919.957,0.649,18,1980,1209.8,436.692,1395.813,520.956,1077.859,284.532,1362.392,15.112,8551.888,1.151,8553.039,128054.773,200,242.585,301.657,31.812,0.083,2.183,6.193,6623.562,407.441,0.948,4216.5,15.5,1686.6,0,0,18.144,29.437,17.384,92.8,Burdekin,AyrDPI,Mulg,1956,Furrow,BareFallow,35,Surf1,200,110,LowFreq,0,P2R,15AprV1R4,T5,3189.8,2500.956,1832.505,2117.037,34.078,2.266,5.80721931933229,0.106603679410918,5.97679012345679,0.72618,24.657,999
2020,13/10/2020,287,2019,15-Apr,11,sugar,alive,3,395,2016,14/9/2019,105,0,0,318,2020,21,2039,7089.76,6307.66,5505.19,168.85,3082.05,15845.7,15932.158,6372.863,69.784,19.551,92.3,60.59,60.59,1.151,8551.888,8553.039,128054.773,0.648,20,2200,1063.7,285.431,1445.23,412.85,1253.899,280.375,1534.274,20.28,8546.475,1.17,8547.645,128020.995,200,252.159,312.43,34.118,0.101,3.014,6.553,6801.185,410.061,0.962,4689.4,17.2,1875.8,0,0,18.534,29.796,18.848,327.8,Burdekin,AyrDPI,Mulg,1956,Furrow,BareFallow,35,Surf1,200,110,LowFreq,0,P2R,15AprV1R4,T5,3263.7,2612.85,1730.661,2011.036,37.233,3.115,6.46229213311135,0.110052050676737,6.37169811320755,0.84425,30.821,999
2021,13/11/2021,317,2020,15-Apr,11,sugar,alive,4,396,2016,13/10/2020,105,0,0,318,2021,21,2039,7044.57,6261.66,5389.59,165.797,2973.76,16549.8,17454.817,6981.926,75.056,19.162,88.4,59.354,59.354,1.17,8546.475,8547.645,128020.995,0.646,20,2200,1089.1,370.544,1484.912,432.518,1146.638,271.321,1417.959,11.216,8542.256,1.641,8543.896,127853.985,200,247.682,315.678,38.382,0.786,2.965,7.225,7208.649,412.726,0.921,3630.9,13.3,1452.3,0,0,19.439,29.644,17.39,132.4,Burdekin,AyrDPI,Mulg,1956,Furrow,BareFallow,35,Surf1,200,110,LowFreq,0,P2R,15AprV1R4,T5,3289.1,2632.518,1855.456,2126.777,42.133,3.751,6.29803860790316,0.116926511979542,6.25649056603774,0.828985,29.738,999
1957,15/04/1957,105,0,15-Apr,0,none,out,-1,0,-1,0.000,105,0,0,318,-1,21,2039,0,0,0,0,0,0,0,0,0,0,0,0,0,0,0,0,0,0.89,0,0,534.4,0,252.969,281.431,0,194.312,194.312,11.636,9502.442,36.277,9538.72,141769.748,0,0,38.334,4.39,0,0.953,0.776,1052.998,350,0,0.1,0,0,0,0,21.346,30.448,18.588,77.7,Burdekin,AyrDPI,Mulg,1957,Furrow,BareFallow,35,Surf1,200,110,LowFreq,0,P2R,15AprV1R4,T5,534.4,281.431,252.969,447.281,5.343,0.953,0,0,0,,0,999
1958,15/07/1958,196,1957,15-Apr,1,sugar,alive,0,456,1957,15/4/1957,105,0,0,318,1958,21,2039,7417.89,6656.9,5745.8,177.543,3153.32,16720.9,0,0,0,18.946,138.3,116.669,116.669,36.277,9502.442,9538.72,141769.748,0.884,20,2200,1061.7,149.524,1519.363,569.76,1258.795,371.103,1629.898,24.105,9413.257,0.82,9414.076,141197.829,200,306.291,326.262,35.042,0,18.441,7.362,3548.6,350,0.971,5068.1,18.6,2027.2,0,0,17.416,28.757,18.932,136.1,Burdekin,AyrDPI,Mulg,1957,Furrow,BareFallow,35,Surf1,200,110,LowFreq,0,P2R,15AprV1R4,T5,3261.7,2769.76,1668.887,2039.99,53.483,18.441,6.4100499682283,0.108928902299408,6.6997358490566,0.887715,31.533,999
1959,15/08/1959,227,1958,15-Apr,1,sugar,alive,1,396,1957,15/7/1958,105,0,0,318,1959,21,2039,6612.36,5894.87,5115.07,157.266,2891.03,14972.9,18520.682,7408.272,90.469,19.711,77.9,79.584,79.584,0.82,9413.257,9414.076,141197.829,0.867,18,1980,875.3,326.439,1062.19,487.289,1156.13,305.631,1461.761,8.143,9429.648,0.861,9430.509,142220.71,200,228.445,289.409,30.366,0.002,1.704,5.979,5308.045,350,0.939,4002,14.7,1600.8,0,0,16.869,28.466,19.548,162.8,Burdekin,AyrDPI,Mulg,1957,Furrow,BareFallow,35,Surf1,200,110,LowFreq,0,P2R,15AprV1R4,T5,2855.3,2467.289,1388.629,1694.26,32.072,1.706,6.37404049545878,0.107586671145283,6.47185185185185,0.78633,28.91,999
1960,14/09/1960,258,1959,15-Apr,1,sugar,alive,2,396,1957,15/8/1959,105,0,0,318,1960,21,2039,7188,6461.39,5577.22,172.185,3190.41,16107.8,16128.672,6451.47,65.594,19.891,90.5,84.494,84.494,0.861,9429.648,9430.509,142220.71,0.864,19,2090,1107.6,327.378,1420.526,509.214,1186.363,284.491,1470.854,14.615,9418.727,1.092,9419.819,143142.829,200,256.739,315.45,31.597,0.002,2.352,6.104,5773.579,350,0.951,4317.3,15.8,1726.9,0,0,17.494,28.356,20.039,210.1,Burdekin,AyrDPI,Mulg,1957,Furrow,BareFallow,35,Surf1,200,110,LowFreq,0,P2R,15AprV1R4,T5,3197.6,2599.214,1747.904,2032.395,33.951,2.354,6.62450263810521,0.117064644077522,6.77893700787402,0.860925,31.904,999
1961,14/10/1961,287,1960,15-Apr,1,sugar,alive,3,395,1957,14/9/1960,105,0,0,318,1961,21,2039,7356.04,6625.49,5711.67,176.818,3562.75,16443.7,17361.313,6944.526,73.285,21.884,94.8,63.336,63.336,1.092,9418.727,9419.819,143142.829,0.856,22,2420,490.9,217.729,1042.904,295.267,1340.591,305.187,1645.778,8.985,9402.169,1.479,9403.647,144013.447,200,264.047,327.589,36.034,0.002,2.578,6.892,6238.531,350,0.944,4110.4,15.1,1644.2,0,0,16.939,29.173,21.112,63.2,Burdekin,AyrDPI,Mulg,1957,Furrow,BareFallow,35,Surf1,200,110,LowFreq,0,P2R,15AprV1R4,T5,2910.9,2715.267,1260.633,1565.82,38.614,2.58,6.51199311154299,0.107437333589342,6.16090592334495,0.88409,35.627,999
1962,14/11/1962,318,1961,15-Apr,1,sugar,alive,4,396,1957,14/10/1961,105,0,0,318,1962,21,2039,7211.54,6403.47,5559.66,171.075,3332.48,16518.8,17471.017,6988.406,75.745,21.06,94.8,67.826,67.826,1.479,9402.169,9403.647,144013.447,0.848,19,2090,942.7,283.117,1131.005,517.443,1310.518,311.38,1621.898,15.316,9378.721,1.854,9380.575,144606.372,200,262.182,340.687,47.544,0.004,2.374,9.056,6629.186,350,0.939,3990,14.6,1596,0,0,17.883,29.608,20.496,102.1,Burdekin,AyrDPI,Mulg,1957,Furrow,BareFallow,35,Surf1,200,110,LowFreq,0,P2R,15AprV1R4,T5,3032.7,2607.443,1414.122,1725.502,49.922,2.378,6.56102549509232,0.105478272986341,6.73523622047244,0.855375,33.325,999
1963,15/04/1963,105,0,15-Apr,1,none,out,-1,0,1957,0.000,105,0,0,318,-1,21,2039,0,0,0,0,0,0,17432.507,6973.003,76.514,0,0,64.506,64.506,1.854,9378.721,9380.575,144606.372,0.84,0,0,1086.4,87.221,515.975,538.286,0,313.893,313.893,24.622,9474.352,11.462,9485.814,147566.089,0,0,20.011,3.331,0.002,1.603,0.242,3881.181,350,0,0,0,0,0,0,22.247,31.071,18.839,91.9,Burdekin,AyrDPI,Mulg,1957,Furrow,BareFallow,35,Surf1,200,110,LowFreq,0,P2R,15AprV1R4,T5,1086.4,538.286,603.196,917.089,4.936,1.605,0,0,0,,0,999
1964,14/07/1964,196,1963,15-Apr,2,sugar,alive,0,456,1963,15/4/1963,105,0,0,318,1964,21,2039,7690.83,6870.63,5975.72,184.148,3297.55,17151.1,0,0,0,19.126,171.2,233.818,233.818,11.462,9474.352,9485.814,147566.089,0.84,21,2310,620,142.815,1211.687,452.154,1364.936,351.499,1716.435,22.701,9313.182,2.175,9315.357,144656.923,200,360.266,404.865,33.411,0.003,16.239,6.931,6324.31,350,0.962,4686.7,17.2,1874.7,0,0,16.75,28.855,19.018,92.7,Burdekin,AyrDPI,Mulg,1957,Furrow,BareFallow,35,Surf1,200,110,LowFreq,0,P2R,15AprV1R4,T5,2930,2762.154,1354.502,1706.001,49.653,16.242,6.66682596263641,0.10728515789995,6.67202898550725,0.92074,32.976,999
1965,14/08/1965,226,1964,15-Apr,2,sugar,alive,1,396,1963,14/7/1964,105,0,0,318,1965,21,2039,6775.2,6046.62,5137.43,157.609,2906.13,16377.7,18562.129,7424.852,94.442,19.78,94.9,92.881,92.881,2.175,9313.182,9315.357,144656.923,0.823,19,2090,830.4,283.829,1117.554,447.717,1234.449,300.532,1534.981,8.375,9294.775,1.151,9295.926,144830.29,200,259.736,321.272,35.819,0.004,4.527,7.027,6288.747,350,0.942,4068.7,14.9,1627.5,0,0,17.025,29.153,19.583,107.4,Burdekin,AyrDPI,Mulg,1957,Furrow,BareFallow,35,Surf1,200,110,LowFreq,0,P2R,15AprV1R4,T5,2920.4,2537.717,1401.383,1701.915,40.35,4.531,6.21066099963077,0.10267814389885,6.20507874015748,0.788045,29.061,999
1966,14/09/1966,257,1965,15-Apr,2,sugar,alive,2,396,1963,14/8/1965,105,0,0,318,1966,21,2039,7139.91,6400.24,5469.54,168.463,3175.55,16703.7,17379.431,6951.772,77.048,20.286,100.3,76.917,76.917,1.151,9294.775,9295.926,144830.29,0.819,21,2310,392.1,224.779,940.385,272.061,1235.755,291.259,1527.014,8.099,9280.062,1.282,9281.343,145151.475,200,266.195,324.998,31.932,0.004,2.11,6.212,6694.596,350,0.937,3947.3,14.5,1578.9,0,0,17.613,28.709,19.595,102.9,Burdekin,AyrDPI,Mulg,1957,Furrow,BareFallow,35,Surf1,200,110,LowFreq,0,P2R,15AprV1R4,T5,2702.1,2582.061,1165.164,1456.423,34.046,2.114,6.5243617404856,0.110321843807588,6.10373188405797,0.842315,31.756,999
1967,14/10/1967,287,1966,15-Apr,2,sugar,alive,3,395,1963,14/9/1966,105,0,0,318,1967,21,2039,6959.61,6258.54,5397.59,166.883,3157.13,15620.2,17553.36,7021.344,73.302,20.369,93.9,86.841,86.841,1.282,9280.062,9281.343,145151.475,0.812,20,2200,809.7,288.434,1235.343,394.849,1192.616,313.609,1506.225,11.447,9267.118,1.399,9268.517,145482.172,200,251.181,324.122,45.61,0.006,2.843,8.563,6749.189,350,0.935,3910,14.3,1564,0,0,17.992,28.818,20.041,154.9,Burdekin,AyrDPI,Mulg,1957,Furrow,BareFallow,35,Surf1,200,110,LowFreq,0,P2R,15AprV1R4,T5,3009.7,2594.849,1523.777,1837.386,48.459,2.849,6.43131835417013,0.110795531876048,6.29747169811321,0.834415,31.571,999
1968,13/11/1968,318,1967,15-Apr,2,sugar,alive,4,396,1963,14/10/1967,105,0,0,318,1968,21,2039,7416.68,6664.43,5706.86,176.375,3276.54,17098.1,16600.665,6640.266,69.454,19.95,98.7,66.539,66.539,1.399,9267.118,9268.517,145482.172,0.805,20,2200,1461.8,343.212,1749.733,541.201,1240.784,327.729,1568.513,17.564,9250.95,1.655,9252.606,145580.83,200,268.55,325.961,31.787,0.006,3.861,6.15,7073.866,350,0.94,4026.2,14.8,1610.5,0,0,18.116,28.915,20.428,187.9,Burdekin,AyrDPI,Mulg,1957,Furrow,BareFallow,35,Surf1,200,110,LowFreq,0,P2R,15AprV1R4,T5,3661.8,2741.201,2092.945,2420.674,35.654,3.867,6.4342235392443,0.112447266933714,6.65566037735849,0.881875,32.765,999
1969,15/04/1969,105,0,15-Apr,2,none,out,-1,0,1963,0.000,105,0,0,318,-1,21,2039,0,0,0,0,0,0,17955.704,7182.282,78.828,0,0,66.881,66.881,1.655,9250.95,9252.606,145580.83,0.799,0,0,145.4,0.005,0.329,145.07,0,129.682,129.682,0.015,9362.399,0.888,9363.287,150471.737,0,0,0.983,0.003,0,0,0.002,2073.108,350,0,0.2,0,0.1,0,0,21.46,32.39,21.894,46.5,Burdekin,AyrDPI,Mulg,1957,Furrow,BareFallow,35,Surf1,200,110,LowFreq,0,P2R,15AprV1R4,T5,145.4,145.07,0.334,130.016,0.003,0,0,0,0,,0,999
1970,15/07/1970,196,1969,15-Apr,3,sugar,alive,0,456,1969,15/4/1969,105,0,0,318,1970,21,2039,7455.17,6679.11,5767.98,178.177,3401.23,16871.9,0,0,0,20.579,164.4,82.266,82.266,0.888,9362.399,9363.287,150471.737,0.799,22,2420,660,16.195,1383.919,412.394,1288.291,402.498,1690.789,23.161,9234.387,2.145,9236.533,144614.205,200,338.327,382.734,15.501,0,12.589,3.525,9325.922,350,0.931,3812.5,14,1525,0,0,17.51,29.042,19.564,133.6,Burdekin,AyrDPI,Mulg,1957,Furrow,BareFallow,35,Surf1,200,110,LowFreq,0,P2R,15AprV1R4,T5,3080,2832.394,1400.114,1802.612,28.09,12.589,6.29068554727909,0.105380978939418,6.20825783972125,0.890885,34.012,999
1971,15/08/1971,227,1970,15-Apr,3,sugar,alive,1,396,1969,15/7/1970,105,0,0,318,1971,21,2039,7129.56,6387.97,5500.78,169.571,3036.68,16287.8,17581.719,7032.689,83.107,19.127,103.1,71.365,71.365,2.145,9234.387,9236.533,144614.205,0.793,17,1870,1175,209.618,1268.675,705.407,1249.431,313.041,1562.472,11.032,9204.054,1.612,9205.666,143641.184,200,264.887,330.842,42.413,0.007,3.32,8.21,7477.174,350,0.934,3874.8,14.2,1549.9,0,0,17.251,28.573,19.344,220,Burdekin,AyrDPI,Mulg,1957,Furrow,BareFallow,35,Surf1,200,110,LowFreq,0,P2R,15AprV1R4,T5,3045,2575.407,1478.293,1791.334,45.74,3.327,6.5842408597942,0.108527384810736,7.30909482758621,0.847855,30.367,999
1972,14/09/1972,258,1971,15-Apr,3,sugar,alive,2,396,1969,15/8/1971,105,0,0,318,1972,21,2039,6869.03,6182.46,5250.31,161.924,2953.05,16187.3,17138.188,6855.276,73.077,19.532,100.7,75.6,75.6,1.612,9204.054,9205.666,143641.184,0.788,19,2090,1435.2,393.977,1575.169,499.594,1251.998,307.745,1559.742,22.192,9174.008,1.51,9175.518,143534.734,200,270.673,333.507,36.853,0.03,6.235,7.114,7008.594,350,0.936,3924.2,14.4,1569.7,0,0,16.759,28.732,19.826,206.2,Burdekin,AyrDPI,Mulg,1957,Furrow,BareFallow,35,Surf1,200,110,LowFreq,0,P2R,15AprV1R4,T5,3525.2,2589.594,1969.146,2276.891,43.118,6.265,6.25287207183829,0.103814605235994,6.37496062992126,0.80962,29.531,999
1973,14/10/1973,287,1972,15-Apr,3,sugar,alive,3,395,1969,14/9/1972,105,0,0,318,1973,21,2039,7250.77,6505.18,5547.65,170.991,3038.88,17031.2,17094.694,6837.878,75.192,18.96,107.6,71.912,71.912,1.51,9174.008,9175.518,143534.734,0.782,20,2200,1125.6,341.529,1399.669,585.207,1236.992,303.216,1540.209,16.168,9152.554,1.969,9154.523,143593.725,200,272.015,335.68,35.459,0.022,2.85,6.781,7186.84,350,0.927,3748.5,13.7,1499.4,0,0,18.389,29.085,19.8,108.5,Burdekin,AyrDPI,Mulg,1957,Furrow,BareFallow,35,Surf1,200,110,LowFreq,0,P2R,15AprV1R4,T5,3325.6,2785.207,1741.198,2044.414,38.331,2.872,6.13925643587712,0.11101805014774,6.45249056603774,0.854955,30.389,999
1974,14/11/1974,318,1973,15-Apr,3,sugar,alive,4,396,1969,14/10/1973,105,0,0,318,1974,21,2039,6431.2,5814.05,4958.11,154.804,3013.7,14730.9,17662.756,7065.103,72.498,21.045,82.1,116.105,116.105,1.969,9152.554,9154.523,143593.725,0.776,17,1870,1952.2,703.035,1754.94,811.428,1054.627,354.476,1409.103,11.928,9136.942,2.128,9139.069,143593.194,200,219.898,323.295,70.492,0.512,7.867,12.855,6719.208,350,0.836,2587,9.5,1034.8,0,0,17.922,28.466,18.8,152.9,Burdekin,AyrDPI,Mulg,1957,Furrow,BareFallow,35,Surf1,200,110,LowFreq,0,P2R,15AprV1R4,T5,3822.2,2681.428,2457.975,2812.451,78.871,8.379,5.77319249295525,0.109859960556467,6.67258620689655,0.77402,30.137,999
1975,15/04/1975,105,0,15-Apr,3,none,out,-1,0,1969,0.000,105,0,0,318,-1,21,2039,0,0,0,0,0,0,14720.236,5888.095,63.459,0,0,71.227,71.227,2.128,9136.942,9139.069,143593.194,0.77,0,0,630.3,29.812,200.905,414.628,0,297.001,297.001,9.527,9230.053,10.397,9240.45,145846.374,0,0,14.067,0.959,0.013,0.419,0.081,4013.852,350,0,0.1,0,0,0,0,21.936,30.98,21.26,65,Burdekin,AyrDPI,Mulg,1957,Furrow,BareFallow,35,Surf1,200,110,LowFreq,0,P2R,15AprV1R4,T5,630.3,414.628,230.717,527.718,1.391,0.432,0,0,0,,0,999
1976,14/07/1976,196,1975,15-Apr,4,sugar,alive,0,456,1975,15/4/1975,105,0,0,318,1976,21,2039,8477.39,7596.74,6591.64,203.473,3569.45,18857.5,0,0,0,18.677,165.5,173.81,173.81,10.397,9230.053,9240.45,145846.374,0.771,17,1870,2004.7,439.154,1873.34,819.342,1334.736,326.77,1661.506,33.042,9075.016,1.856,9076.872,142747.508,200,359.044,397.204,27.671,0.045,17.613,5.905,6599.151,350,0.979,5519.1,20.2,2207.6,0,0,17.666,28.095,18.294,179.8,Burdekin,AyrDPI,Mulg,1957,Furrow,BareFallow,35,Surf1,200,110,LowFreq,0,P2R,15AprV1R4,T5,3874.7,2689.342,2312.494,2639.264,45.329,17.658,7.56590273754695,0.122462994415909,8.77038793103448,1.017365,35.694,999
1977,14/08/1977,226,1976,15-Apr,4,sugar,alive,1,396,1975,14/7/1976,105,0,0,318,1977,21,2039,6893.47,6170.62,5327.75,163.856,2878.06,15657.3,20720.133,8288.055,100.238,18.704,90.1,74.511,74.511,1.856,9075.016,9076.872,142747.508,0.758,18,1980,1376.6,366.91,1553.144,544.809,1135.732,292.472,1428.205,15.107,9076.866,1.137,9078.003,142961.888,200,252.846,310.254,28.542,0.06,1.883,5.598,6741.185,350,0.943,4080.5,15,1632.2,0,0,17.488,28.286,19.446,170.6,Burdekin,AyrDPI,Mulg,1957,Furrow,BareFallow,35,Surf1,200,110,LowFreq,0,P2R,15AprV1R4,T5,3356.6,2524.809,1920.054,2212.526,30.485,1.943,6.48983744909021,0.114728627893055,6.74304526748971,0.81928,28.781,999
1978,14/09/1978,257,1977,15-Apr,4,sugar,alive,2,396,1975,14/8/1977,105,0,0,318,1978,21,2039,7481.85,6735.49,5845.98,180.96,3415.77,16358.7,16777.126,6710.851,69.394,20.317,98.7,82.852,82.852,1.137,9076.866,9078.003,142961.888,0.758,19,2090,956.1,256.825,1190.496,543.221,1225.586,304.58,1530.166,13.518,9067.348,1.346,9068.694,143026.442,200,263.693,320.893,29.43,0.048,2.462,5.712,7086.888,350,0.938,3976.8,14.6,1590.7,0,0,17.622,28.221,20.415,150.6,Burdekin,AyrDPI,Mulg,1957,Furrow,BareFallow,35,Surf1,200,110,LowFreq,0,P2R,15AprV1R4,T5,3046.1,2633.221,1447.321,1751.901,31.94,2.51,6.87219188970466,0.118261678798248,7.1244094488189,0.9048,34.158,999
1979,14/10/1979,287,1978,15-Apr,4,sugar,alive,3,395,1975,14/9/1978,105,0,0,318,1979,21,2039,6843.13,6158.51,5271.98,163.128,3033.81,15711.5,17285.205,6914.082,71.048,19.975,87.5,151.466,151.466,1.346,9067.348,9068.694,143026.442,0.753,20,2200,1484.7,439.061,1882.349,573.787,1122.472,317.413,1439.885,29.255,9061.927,1.568,9063.496,143139.338,200,244.693,316.827,38.609,0.081,9.018,7.205,7056.882,350,0.916,3530.1,12.9,1412,0,0,18.01,28.393,19.377,350.7,Burdekin,AyrDPI,Mulg,1957,Furrow,BareFallow,35,Surf1,200,110,LowFreq,0,P2R,15AprV1R4,T5,3684.7,2773.787,2321.41,2638.823,47.708,9.099,5.88105719725415,0.11329238098876,6.15577358490566,0.81564,30.338,999
1980,13/11/1980,318,1979,15-Apr,4,sugar,alive,4,396,1975,14/10/1979,105,0,0,318,1980,21,2039,7808.05,7021.73,6053.54,187.236,3584.23,17545.2,16355.384,6542.152,68.014,20.646,102.1,74.871,74.871,1.568,9061.927,9063.496,143139.338,0.748,21,2310,768.9,230.848,1271.649,421.92,1284.024,297.684,1581.708,10.983,9041.221,1.646,9042.868,142973.697,200,272.924,331.854,34.138,0.074,2.797,6.488,7415.24,350,0.954,4387,16.1,1754.8,0,0,18.675,29.043,20.995,86.4,Burdekin,AyrDPI,Mulg,1957,Furrow,BareFallow,35,Surf1,200,110,LowFreq,0,P2R,15AprV1R4,T5,3078.9,2731.92,1502.497,1800.181,37.009,2.871,6.85364139506281,0.118375831695863,6.78391304347826,0.93618,35.842,999
1981,15/04/1981,105,0,15-Apr,4,none,out,-1,0,1975,0.000,105,0,0,318,-1,21,2039,0,0,0,0,0,0,18642.33,7456.932,78.533,0,0,69.566,69.566,1.646,9041.221,9042.868,142973.697,0.743,0,0,929,174.486,350.215,504.735,0,308.257,308.257,16.42,9149.39,4.555,9153.945,146789.927,0,0,7.408,0.522,0.082,0.151,0.036,3408.028,350,0,0.1,0,0,0,0,21.829,30.388,19.918,102.2,Burdekin,AyrDPI,Mulg,1957,Furrow,BareFallow,35,Surf1,200,110,LowFreq,0,P2R,15AprV1R4,T5,929,504.735,524.701,832.958,0.755,0.233,0,0,0,,0,999
1982,15/07/1982,196,1981,15-Apr,5,sugar,alive,0,456,1981,15/4/1981,105,0,0,318,1982,21,2039,8093.42,7256.32,6295.44,194.61,3674.18,17979.7,0,0,0,20.322,166.5,165.609,165.609,4.555,9149.39,9153.945,146789.927,0.745,21,2310,774.6,74.212,1334.059,475.24,1383.148,381.849,1764.997,28.036,9001.083,2.047,9003.129,141982.819,200,346.462,394.592,24.831,0.039,19.333,5.331,8250.675,350,0.964,4749.4,17.4,1899.8,0,0,17.319,28.644,18.818,104.8,Burdekin,AyrDPI,Mulg,1957,Furrow,BareFallow,35,Surf1,200,110,LowFreq,0,P2R,15AprV1R4,T5,3084.6,2785.24,1408.271,1790.12,44.203,19.372,6.98718961382143,0.110260810641604,7.05108695652174,0.97305,36.742,999
1983,15/08/1983,227,1982,15-Apr,5,sugar,alive,1,396,1981,15/7/1982,105,0,0,318,1983,21,2039,6943.76,6200.72,5371.74,165.525,3007.59,15720.3,19319.803,7727.921,88.355,19.449,99.3,76.941,76.941,2.047,9001.083,9003.129,141982.819,0.735,20,2200,635.3,362.54,970.633,367.463,1171.85,319.989,1491.839,7.964,8988.406,1.174,8989.58,141736.312,200,257.929,319.953,34.294,0.109,1.928,6.71,6901.776,350,0.934,3886.4,14.3,1554.6,0,0,17.679,28.512,19.609,95.4,Burdekin,AyrDPI,Mulg,1957,Furrow,BareFallow,35,Surf1,200,110,LowFreq,0,P2R,15AprV1R4,T5,2835.3,2567.463,1333.173,1653.162,36.331,2.037,6.44702572150017,0.110953661889788,6.24622641509434,0.827625,30.076,999
1984,14/09/1984,258,1983,15-Apr,5,sugar,alive,2,396,1981,15/8/1983,105,0,0,318,1984,21,2039,7302.9,6568.64,5640.42,174.303,3249.31,16624.8,16665.713,6666.286,68.603,20.029,94.6,87.23,87.23,1.174,8988.406,8989.58,141736.312,0.733,21,2310,591.2,226.858,1130.472,443.831,1253.449,292.468,1545.917,10.617,8979.39,1.568,8980.958,141492.869,200,259.722,319.255,31.813,0.089,2.274,6.131,7311.642,350,0.933,3868.7,14.2,1547.5,0,0,17.66,28.64,19.333,75.6,Burdekin,AyrDPI,Mulg,1957,Furrow,BareFallow,35,Surf1,200,110,LowFreq,0,P2R,15AprV1R4,T5,2901.2,2753.831,1357.33,1649.798,34.176,2.363,6.3294733772697,0.112750555172108,6.31532608695652,0.871515,32.493,999
1985,14/10/1985,287,1984,15-Apr,5,sugar,alive,3,395,1981,14/9/1984,105,0,0,318,1985,21,2039,7127.12,6447.45,5495.82,170.214,3119.53,16313,17419.495,6967.799,72.46,19.642,92.3,85.182,85.182,1.568,8979.39,8980.958,141492.869,0.729,20,2200,788.1,229.446,1219.585,523.924,1227.25,322.054,1549.303,10.082,8969.97,1.328,8971.298,141207.775,200,257.242,320.117,35.839,0.09,3.882,6.893,7449.165,350,0.938,3971.1,14.6,1588.4,0,0,17.489,28.667,19.694,111.4,Burdekin,AyrDPI,Mulg,1957,Furrow,BareFallow,35,Surf1,200,110,LowFreq,0,P2R,15AprV1R4,T5,2988.1,2723.924,1449.031,1771.085,39.811,3.972,6.24885275800646,0.109864887630115,6.42316981132075,0.85107,31.195,999
1986,14/11/1986,318,1985,15-Apr,5,sugar,alive,4,396,1981,14/10/1985,105,0,0,318,1986,21,2039,7066.27,6333.23,5392.64,166.598,3101.04,16736.3,17241.513,6896.605,73.592,19.995,97.1,74.948,74.948,1.328,8969.97,8971.298,141207.775,0.725,20,2200,879.6,248.563,1241.699,663.288,1240.272,331.309,1571.581,10.158,8945.502,2.141,8947.642,140507.855,200,255.197,335.181,50.82,0.133,5.906,9.613,7887.413,350,0.905,3365.3,12.3,1346.1,0,0,18.869,29.426,18.897,117.8,Burdekin,AyrDPI,Mulg,1957,Furrow,BareFallow,35,Surf1,200,110,LowFreq,0,P2R,15AprV1R4,T5,3079.6,2863.288,1490.262,1821.571,56.859,6.039,5.81841575140189,0.106006626448144,6.28671698113208,0.83299,31.01,999
1987,15/04/1987,105,0,15-Apr,5,none,out,-1,0,1981,0.000,105,0,0,318,-1,21,2039,0,0,0,0,0,0,17086.347,6834.539,69.957,0,0,92.706,92.706,2.141,8945.502,8947.642,140507.855,0.72,0,0,212.7,0.014,23.89,188.808,0,178.035,178.035,1.113,9055.539,1.985,9057.524,144061.021,0,0,2.69,0.011,0,0.008,0.006,3260.658,350,0,0.1,0,0.1,0,0,21.95,32.242,21.983,44,Burdekin,AyrDPI,Mulg,1957,Furrow,BareFallow,35,Surf1,200,110,LowFreq,0,P2R,15AprV1R4,T5,212.7,188.808,23.904,201.939,0.019,0.008,0,0,0,,0,999
1988,14/07/1988,196,1987,15-Apr,6,sugar,alive,0,456,1987,15/4/1987,105,0,0,318,1988,21,2039,7750.12,6924.1,6022.46,185.62,3603.12,17276.6,0,0,0,20.976,173.4,103.468,103.468,1.985,9055.539,9057.524,144061.021,0.721,21,2310,1008.5,27.92,1609.467,480.719,1311.503,374.886,1686.389,24.603,8904.777,2.115,8906.892,138573.709,200,357.222,397.965,19.844,0.009,13.09,4.426,8909.598,350,0.963,4708.3,17.2,1883.3,0,0,17.995,29.116,18.802,254,Burdekin,AyrDPI,Mulg,1957,Furrow,BareFallow,35,Surf1,200,110,LowFreq,0,P2R,15AprV1R4,T5,3318.5,2790.719,1637.387,2012.273,32.943,13.099,6.65133250606743,0.110069503536847,6.72536231884058,0.9281,36.031,999
1989,14/08/1989,226,1988,15-Apr,6,sugar,alive,1,396,1987,14/7/1988,105,0,0,318,1989,21,2039,7035.77,6252.15,5390.09,165.223,2929.36,16456.9,18687.154,7474.862,89.503,18.908,92.5,98.195,98.195,2.115,8904.777,8906.892,138573.709,0.714,16,1760,1383.4,372.289,1292.936,727.65,1199.048,292.675,1491.724,11.48,8894.334,0.986,8895.321,137856.958,200,253.21,312.723,33.058,0.183,5.975,6.509,7260.366,350,0.951,4300.4,15.8,1720.2,0,0,17.87,28.468,18.868,134.8,Burdekin,AyrDPI,Mulg,1957,Furrow,BareFallow,35,Surf1,200,110,LowFreq,0,P2R,15AprV1R4,T5,3143.4,2487.65,1665.225,1957.9,39.216,6.158,6.64173014692582,0.110759765211259,7.47615384615385,0.826115,29.294,999
1990,14/09/1990,257,1989,15-Apr,6,sugar,alive,2,396,1987,14/8/1989,105,0,0,318,1990,21,2039,6417.32,5691.39,4952.7,151.594,2701.7,14646.2,17643.721,7057.487,75.624,19.021,86,84.646,84.646,0.986,8894.334,8895.321,137856.958,0.713,17,1870,1288.6,482.404,1302.169,550.112,1096.058,305.68,1401.738,7.931,8895.388,1.143,8896.531,137217.437,200,248.196,304.423,30.041,0.186,2.289,5.774,7381.275,350.712,0.951,4312.7,15.8,1725.1,0,0,17.279,28.597,19.939,103,Burdekin,AyrDPI,Mulg,1957,Furrow,BareFallow,35,Surf1,200,110,LowFreq,0,P2R,15AprV1R4,T5,3158.6,2420.112,1784.573,2090.253,32.516,2.475,6.26392497537304,0.108147171582707,6.53422413793104,0.75797,27.017,999
1991,14/10/1991,287,1990,15-Apr,6,sugar,alive,3,395,1987,14/9/1990,105,0,0,318,1991,21,2039,7147.21,6399.6,5530.24,170.409,3338.2,16169.8,16115.071,6446.028,73.368,21.195,98.4,56.935,56.935,1.143,8895.388,8896.531,137217.437,0.71,20,2200,1680.4,487.054,1865.655,375.155,1249.838,272.153,1521.991,19,8884.871,1.606,8886.477,136150.993,200,260.782,318.31,31.405,0.15,3.095,6.058,7932.964,352.383,0.946,4170.8,15.3,1668.3,0,0,17.386,28.895,19.58,204.4,Burdekin,AyrDPI,Mulg,1957,Furrow,BareFallow,35,Surf1,200,110,LowFreq,0,P2R,15AprV1R4,T5,3880.4,2575.155,2352.709,2624.862,34.65,3.245,6.61742691216645,0.111964525414408,6.43052830188679,0.852045,33.382,999
1992,13/11/1992,318,1991,15-Apr,6,sugar,alive,4,396,1987,14/10/1991,105,0,0,318,1992,21,2039,7794.46,6983.58,6083.48,187.96,3743.92,17109.8,17289.496,6915.797,74.426,21.6,100.7,62.636,62.636,1.606,8884.871,8886.477,136150.993,0.707,22,2420,659.3,250.371,1146.779,391.215,1358.128,317.959,1676.086,11.54,8866.939,1.571,8868.51,134948.176,200,269.876,334.148,35.557,0.191,2.2,6.884,8508.738,354.083,0.954,4404.7,16.1,1761.9,0,0,18.342,29.501,20.919,122.8,Burdekin,AyrDPI,Mulg,1957,Furrow,BareFallow,35,Surf1,200,110,LowFreq,0,P2R,15AprV1R4,T5,3079.3,2811.215,1397.15,1715.109,37.948,2.391,6.68607701652133,0.112142217046142,6.54912891986063,0.9398,37.439,999
1993,15/04/1993,105,0,15-Apr,6,none,out,-1,0,1987,0.000,105,0,0,318,-1,21,2039,0,0,0,0,0,0,18287.375,7314.951,76.182,0,0,68.7,68.7,1.571,8866.939,8868.51,134948.176,0.703,0,0,402.2,30.69,86.502,307.525,0,222.378,222.378,4.023,8965.812,11.763,8977.576,137206.188,0,0,14.366,0.299,0.083,0.107,0.041,4882.306,354.757,0,0.1,0,0,0,0,21.276,31.26,21.924,72,Burdekin,AyrDPI,Mulg,1957,Furrow,BareFallow,35,Surf1,200,110,LowFreq,0,P2R,15AprV1R4,T5,402.2,307.525,117.192,339.57,0.489,0.19,0,0,0,,0,999
1994,15/07/1994,196,1993,15-Apr,7,sugar,alive,0,456,1993,15/4/1993,105,0,0,318,1994,21,2039,8581.05,7714.32,6707.86,207.794,4002.84,18731.9,0,0,0,20.794,193.5,131.329,131.329,11.763,8965.812,8977.576,137206.188,0.705,23,2530,465.6,5.943,1289.849,369.331,1375.444,377.93,1753.374,24.655,8790.646,2.38,8793.025,131621.899,200,389.161,421.878,20.327,0.016,16.264,4.627,9123.332,356.78,0.973,5158.2,18.9,2063.3,0,0,17.896,28.846,19.367,46.8,Burdekin,AyrDPI,Mulg,1957,Furrow,BareFallow,35,Surf1,200,110,LowFreq,0,P2R,15AprV1R4,T5,2995.6,2899.331,1295.792,1673.722,36.607,16.28,7.16696368920968,0.118510939480111,6.97295302013423,1.03897,40.028,999
1995,15/08/1995,227,1994,15-Apr,7,sugar,alive,1,396,1993,15/7/1994,105,0,0,318,1995,21,2039,7694.41,6866.73,6015.61,185.383,3532.57,16788,20306.527,8122.61,93.275,20.538,107.9,77.764,77.764,2.38,8790.646,8793.025,131621.899,0.694,21,2310,482.2,311.392,810.423,313.736,1319.163,304.055,1623.218,4.856,8775.112,1.447,8776.558,131432.466,200,272.489,334.399,28.559,2.221,1.575,5.578,7430.569,358.569,0.946,4164.2,15.3,1665.7,0,0,18.082,29.062,20.474,55.2,Burdekin,AyrDPI,Mulg,1957,Furrow,BareFallow,35,Surf1,200,110,LowFreq,0,P2R,15AprV1R4,T5,2792.2,2623.736,1121.815,1425.87,32.355,3.796,7.06561178411243,0.114207087402924,6.71677536231884,0.926915,35.326,999
1996,14/09/1996,258,1995,15-Apr,7,sugar,alive,2,396,1993,15/8/1995,105,0,0,318,1996,21,2039,7505.36,6720.47,5910.21,182.21,3708.52,15951.5,17809.373,7123.75,71.294,22.134,100.9,124.931,124.931,1.447,8775.112,8776.558,131432.466,0.696,22,2420,564.9,263.221,1165.937,301.761,1287.52,310.611,1598.131,11.278,8766.498,1.327,8767.825,131324.682,200,266.191,324.908,22.953,0.422,10.903,4.527,7786.925,360.388,0.943,4094.1,15,1637.6,0,0,19.055,29.44,20.405,107,Burdekin,AyrDPI,Mulg,1957,Furrow,BareFallow,35,Surf1,200,110,LowFreq,0,P2R,15AprV1R4,T5,2984.9,2721.761,1429.158,1739.769,34.278,11.325,6.69456282164378,0.114014433109676,6.34878048780488,0.91105,37.085,999
1997,14/10/1997,287,1996,15-Apr,7,sugar,alive,3,395,1993,14/9/1996,105,0,0,318,1997,21,2039,7860.33,7035.97,6234.2,192.721,3852.73,16261.3,17038.727,6815.491,66.135,21.689,91.7,82.542,82.542,1.327,8766.498,8767.825,131324.682,0.693,20,2200,962.4,364.156,1331.295,452.027,1173.977,302.636,1476.613,12.43,8771.658,1.271,8772.929,131497.512,200,252.805,312.034,31.804,0.167,2.517,6.005,7426.109,362.245,0.957,4489.3,16.4,1795.7,0,0,19.379,28.509,20.519,116.8,Burdekin,AyrDPI,Mulg,1957,Furrow,BareFallow,35,Surf1,200,110,LowFreq,0,P2R,15AprV1R4,T5,3162.4,2652.027,1695.451,1998.087,34.488,2.684,7.2669320485802,0.130515578557144,7.27249056603774,0.963605,38.527,999
1998,18/11/1998,322,1997,15-Apr,7,sugar,alive,4,400,1993,14/10/1997,105,0,4,318,1998,17,2039,8381.9,7463.92,6574.41,202.811,3945.48,18074.9,17638.03,7055.212,69.907,21.028,100.2,72.877,72.877,1.271,8771.658,8772.929,131497.512,0.691,20,2200,1256.5,257.126,1606.143,662.963,1208.955,277.438,1486.394,10.01,8758.892,1.645,8760.537,131232.033,200,273.804,336.445,31.327,0.128,2.773,5.898,8206.305,364.156,0.953,4362.3,16,1744.9,0,0,20.779,29.076,19.406,189.6,Burdekin,AyrDPI,Mulg,1957,Furrow,BareFallow,35,Surf1,200,110,LowFreq,0,P2R,15AprV1R4,T5,3456.5,2862.963,1863.269,2140.707,34.228,2.901,7.08395463022051,0.136444980267681,7.65324528301887,1.014055,39.455,999
1999,15/04/1999,105,0,15-Apr,7,none,out,-1,0,1993,0.000,105,0,4,322,-1,17,2043,0,0,0,0,0,0,19071.656,7628.663,73.494,0,0,179.716,179.716,1.645,8758.892,8760.537,131232.033,0.687,0,0,719.4,150.984,256.88,402.841,0,321.754,321.754,10.011,8864.273,9.124,8873.397,134443.978,0,0,17.365,1.027,0.148,0.677,0.083,4470.176,364.878,0,0.1,0,0,0,0,23.424,31.174,20.301,98.7,Burdekin,AyrDPI,Mulg,1957,Furrow,BareFallow,35,Surf1,200,110,LowFreq,0,P2R,15AprV1R4,T5,719.4,402.841,407.864,729.618,1.852,0.825,0,0,0,,0,999
2000,14/07/2000,196,1999,15-Apr,8,sugar,alive,0,456,1999,15/4/1999,105,0,0,318,2000,21,2039,9632.28,8645.71,7643.38,237.129,4137.8,19889,0,0,0,18.563,178.6,169.498,169.498,9.124,8864.273,8873.397,134443.978,0.69,19,2090,1568.6,286.385,1769.104,718.061,1317.119,364.911,1682.031,27.757,8719.923,2.079,8722.002,130414.608,200,365.258,391.716,16.518,0.201,13.384,3.743,7781.341,367.113,0.984,5903.1,21.6,2361.2,0,0,18.528,27.801,18.606,136,Burdekin,AyrDPI,Mulg,1957,Furrow,BareFallow,35,Surf1,200,110,LowFreq,0,P2R,15AprV1R4,T5,3658.6,2808.061,2055.489,2420.4,30.103,13.585,8.4445815101595,0.140977782216856,9.3357874015748,1.185645,41.378,999
2001,14/08/2001,226,2000,15-Apr,8,sugar,alive,1,396,1999,14/7/2000,105,0,0,318,2001,21,2039,7123.43,6344.82,5569.65,171.494,3367.45,15537.8,21923.265,8769.308,91.306,21.252,97.8,90.579,90.579,2.079,8719.923,8722.002,130414.608,0.68,20,2200,561.9,253.437,1017.568,404.569,1200.92,299.366,1500.286,9.222,8716.633,1.487,8718.121,130476.612,200,266.449,323.012,22.754,0.56,1.586,4.475,7444.634,369.092,0.929,3779.8,13.9,1511.9,0,0,17.687,28.838,19.812,52,Burdekin,AyrDPI,Mulg,1957,Furrow,BareFallow,35,Surf1,200,110,LowFreq,0,P2R,15AprV1R4,T5,2761.9,2604.569,1271.005,1570.371,24.9,2.146,6.58435234390028,0.114307538695955,6.47147169811321,0.85747,33.674,999
2002,14/09/2002,257,2001,15-Apr,8,sugar,alive,2,396,1999,14/8/2001,105,0,0,318,2002,21,2039,7648.83,6848.4,5952.05,183.252,3791.19,16967.8,16420.02,6568.007,65.03,22.547,103.7,81.188,81.188,1.487,8716.633,8718.121,130476.612,0.682,20,2200,810.4,177.774,1155.225,356.57,1393.134,297.439,1690.573,8.73,8701.839,1.26,8703.098,130321.574,200,275.748,330.99,26.842,0.07,1.985,5.249,7580.93,371.106,0.956,4450.9,16.3,1780.4,0,0,18.187,30.127,20.983,206,Burdekin,AyrDPI,Mulg,1957,Furrow,BareFallow,35,Surf1,200,110,LowFreq,0,P2R,15AprV1R4,T5,3010.4,2556.57,1332.999,1630.438,28.897,2.055,7.16788509604666,0.108396383947928,6.91516981132076,0.91626,37.912,999
2003,14/10/2003,287,2002,15-Apr,8,sugar,alive,3,395,1999,14/9/2002,105,0,0,318,2003,21,2039,7679.28,6851.16,6043.4,186.114,3781.49,16358.8,18205.926,7282.37,74.61,22.091,98.7,68.018,68.018,1.26,8701.839,8703.098,130321.574,0.679,22,2420,462,220.45,963.133,281.153,1390.547,293.867,1684.413,7.382,8701.916,1.853,8703.77,130354.272,200,264.548,322.182,27.15,0.068,1.969,5.253,7707.921,373.156,0.958,4537.5,16.6,1815,0,0,18.19,29.917,21.248,51,Burdekin,AyrDPI,Mulg,1957,Furrow,BareFallow,35,Surf1,200,110,LowFreq,0,P2R,15AprV1R4,T5,2882,2701.153,1183.583,1477.45,29.187,2.037,6.89016875386178,0.11049190430138,6.48480836236934,0.93057,37.815,999
2004,13/11/2004,318,2003,15-Apr,8,sugar,alive,4,396,1999,14/10/2003,105,0,0,318,2004,21,2039,7966.41,7153.04,6265.41,193.825,3913.11,17010,17761.884,7104.754,71.331,21.932,100.3,82.022,82.022,1.853,8701.916,8703.77,130354.272,0.677,21,2310,725.2,132.613,1218.872,357.91,1399.882,298.244,1698.126,14.039,8693.357,1.543,8694.9,130235.061,200,272.023,329.011,26.581,0.064,4.712,5.163,7869.739,375.235,0.956,4457.5,16.3,1783,0,0,18.512,29.868,20.87,173.2,Burdekin,AyrDPI,Mulg,1957,Furrow,BareFallow,35,Surf1,200,110,LowFreq,0,P2R,15AprV1R4,T5,3035.2,2667.91,1351.485,1649.729,31.357,4.776,7.26505017035807,0.114140529030237,7.02264492753623,0.969125,39.131,999
2005,15/04/2005,105,0,15-Apr,8,none,out,-1,0,1999,0.000,105,0,0,318,-1,21,2039,0,0,0,0,0,0,18247.387,7298.955,75.265,0,0,67.612,67.612,1.543,8693.357,8694.9,130235.061,0.674,0,0,632.4,22.203,382.321,246.248,0,166.89,166.89,17.658,8803.077,6.88,8809.957,133724.364,0,0,7.548,0.124,0.029,0.098,0.02,3907.511,376.057,0,0.2,0,0.1,0,0,22.275,32.232,22.042,143.4,Burdekin,AyrDPI,Mulg,1957,Furrow,BareFallow,35,Surf1,200,110,LowFreq,0,P2R,15AprV1R4,T5,632.4,246.248,404.524,571.414,0.251,0.127,0,0,0,,0,999
2006,15/07/2006,196,2005,15-Apr,9,sugar,alive,0,456,2005,15/4/2005,105,0,0,318,2006,21,2039,8197.02,7373.36,6414.43,198.651,3683.4,17826,0,0,0,19.907,186.1,128.599,128.599,6.88,8803.077,8809.957,133724.364,0.676,21,2310,961.7,98.282,1554.07,533.129,1296.14,367.987,1664.127,24.221,8643.712,2.151,8645.863,129132.615,200,373.921,409.847,17.511,0.12,13.297,4.016,8116.31,378.522,0.963,4725.1,17.3,1890,0,0,18.53,29.09,18.768,178.4,Burdekin,AyrDPI,Mulg,1957,Furrow,BareFallow,35,Surf1,200,110,LowFreq,0,P2R,15AprV1R4,T5,3271.7,2843.129,1652.352,2020.339,30.928,13.417,6.98705545896792,0.119372499815218,7.1975,0.993255,36.834,999
2007,15/08/2007,227,2006,15-Apr,9,sugar,alive,1,396,2005,15/7/2006,105,0,0,318,2007,21,2039,7021.28,6296.29,5498.12,169.748,3103.1,15231.5,19168.367,7667.347,88.443,19.585,95.3,83.821,83.821,2.151,8643.712,8645.863,129132.615,0.668,18,1980,967.8,362.37,1085.087,500.409,1202.879,307.781,1510.661,9.643,8646.769,1.019,8647.788,129472.124,200,245.432,301.858,26.229,0.468,9.35,5.218,6430.936,380.697,0.941,4055.2,14.9,1622.1,0,0,17.271,28.395,19.639,130.2,Burdekin,AyrDPI,Mulg,1957,Furrow,BareFallow,35,Surf1,200,110,LowFreq,0,P2R,15AprV1R4,T5,2947.8,2480.409,1447.457,1755.238,36.047,9.818,6.84354878570429,0.112366705700352,6.98551440329218,0.84874,31.031,999
2008,14/09/2008,258,2007,15-Apr,9,sugar,alive,2,396,2005,15/8/2007,105,0,0,318,2008,21,2039,7283.83,6552.22,5702.15,176.077,3353.17,15816.9,16393.743,6557.497,66.526,20.524,88.3,73.503,73.503,1.019,8646.769,8647.788,129472.124,0.67,19,2090,1334.1,400.271,1490.509,582.113,1234.156,301.278,1535.434,17.919,8655.004,1.002,8656.006,129699.674,200,250.209,300.417,24.31,0.072,2.225,4.759,6835.92,382.903,0.954,4390.8,16.1,1756.3,0,0,17.841,28.663,19.218,108.2,Burdekin,AyrDPI,Mulg,1957,Furrow,BareFallow,35,Surf1,200,110,LowFreq,0,P2R,15AprV1R4,T5,3424.1,2672.113,1890.78,2192.058,26.607,2.297,6.58942941410038,0.114675720350077,6.93216535433071,0.880385,33.532,999
2009,14/10/2009,287,2008,15-Apr,9,sugar,alive,3,395,2005,14/9/2008,105,0,0,318,2009,21,2039,6965.22,6212.15,5422.43,166.625,3149.87,15427.9,17176.523,6870.609,70.228,20.352,91.2,71.389,71.389,1.002,8655.004,8656.006,129699.674,0.668,17,1870,1789.1,422.348,1754.32,517.414,1207.06,292.55,1499.61,28.094,8654.038,1.522,8655.56,129605.206,200,254.375,312.502,30.599,0.085,2.798,5.822,7315.365,385.15,0.95,4276.1,15.7,1710.5,0,0,18.502,29.563,19.422,197.2,Burdekin,AyrDPI,Mulg,1957,Furrow,BareFallow,35,Surf1,200,110,LowFreq,0,P2R,15AprV1R4,T5,3659.1,2387.414,2176.668,2469.218,33.482,2.883,6.97930899291032,0.111112222511186,7.18211206896552,0.833125,31.499,999
2010,27/11/2010,331,2009,15-Apr,9,sugar,alive,4,409,2005,14/10/2009,105,0,13,318,2010,14,2039,7981.85,7105.77,6195.76,190.574,3538.82,17860.9,16748.414,6699.364,70.247,19.94,103.2,54.211,54.211,1.522,8654.038,8655.56,129605.206,0.666,19,2090,1502.3,330.255,1594.421,716.904,1272.793,274.751,1547.543,12.698,8643.179,1.674,8644.853,129423.729,200,271.446,328.994,29.092,0.119,3.022,5.62,7783.119,387.51,0.952,4351.1,15.9,1740.4,0,0,19.486,29.17,18.173,135.2,Burdekin,AyrDPI,Mulg,1957,Furrow,BareFallow,35,Surf1,200,110,LowFreq,0,P2R,15AprV1R4,T5,3592.3,2806.904,1924.676,2199.427,32.233,3.141,6.78947338419839,0.123146174290472,7.50291338582677,0.95287,35.388,999
2011,15/04/2011,105,0,15-Apr,9,none,out,-1,0,2005,0.000,105,0,13,331,-1,14,2052,0,0,0,0,0,0,18880.204,7552.081,74.68,0,0,174.291,174.291,1.674,8643.179,8644.853,129423.729,0.663,0,0,1001.9,225.164,398.539,476.957,0,366.5,366.5,17.469,8746.294,5.975,8752.269,133039.583,0,0,14.379,1.178,0.157,0.495,0.084,3628.655,388.328,0,0,0,0,0,0,22.909,30.777,17.896,75.6,Burdekin,AyrDPI,Mulg,1957,Furrow,BareFallow,35,Surf1,200,110,LowFreq,0,P2R,15AprV1R4,T5,1001.9,476.957,623.703,990.203,1.83,0.652,0,0,0,,0,999
2012,21/07/2012,203,2011,15-Apr,10,sugar,alive,0,463,2011,15/4/2011,105,0,7,318,2012,14,2039,8517.74,7654.95,6667.46,206.17,3743.39,18502.7,0,0,0,19.433,172.4,185.988,185.988,5.975,8746.294,8752.269,133039.583,0.666,19,2090,1178.8,205.015,1373.724,683.456,1360.985,353.342,1714.327,23.301,8609.534,2.052,8611.586,128695.009,200,354.114,384.449,16.169,0.134,12.338,3.663,7968.027,391.061,0.976,5326.3,19.5,2130.5,0,0,17.116,28.352,18.479,197.4,Burdekin,AyrDPI,Mulg,1957,Furrow,BareFallow,35,Surf1,200,110,LowFreq,0,P2R,15AprV1R4,T5,3268.8,2773.456,1578.739,1932.081,28.641,12.472,7.43368562544349,0.120262937000934,8.11692913385827,1.03085,37.434,999
2013,21/08/2013,233,2012,15-Apr,10,sugar,alive,1,396,2011,21/7/2012,105,0,7,325,2013,14,2046,6936.25,6149.72,5437.04,166.962,3039.38,14992,20254.692,8101.877,87.699,19.491,96.1,161.723,161.723,2.052,8609.534,8611.586,128695.009,0.658,20,2200,535.4,305.73,1027.082,312.65,1188.336,308.729,1497.066,6.589,8611.738,1.348,8613.086,128905.145,200,253.192,309.726,21.523,0.584,7.195,4.229,6833.733,393.439,0.939,3992.6,14.6,1597,0,0,17.687,28.853,19.998,178.6,Burdekin,AyrDPI,Mulg,1957,Furrow,BareFallow,35,Surf1,200,110,LowFreq,0,P2R,15AprV1R4,T5,2735.4,2512.65,1332.812,1641.541,29.302,7.779,6.64485702346129,0.111526145139894,6.30045283018868,0.83481,30.394,999
2014,21/09/2014,264,2013,15-Apr,10,sugar,alive,2,396,2011,21/8/2013,105,0,7,325,2014,14,2046,7742.9,6977.38,6050.04,187.158,3582.66,16928.6,16136.879,6454.751,64.461,20.645,94.7,67.245,67.245,1.348,8611.738,8613.086,128905.145,0.66,21,2310,729,223.48,1234.637,441.251,1282.89,284.04,1566.93,9.194,8608.814,1.099,8609.912,128967.467,200,262.573,313.606,24.308,0.073,2.139,4.803,7072.468,395.854,0.955,4417.7,16.2,1767.1,0,0,17.964,29.112,19.977,86.2,Burdekin,AyrDPI,Mulg,1957,Furrow,BareFallow,35,Surf1,200,110,LowFreq,0,P2R,15AprV1R4,T5,3039,2751.251,1458.117,1742.157,26.52,2.212,6.80265086682385,0.119442476690088,6.78108695652174,0.93579,35.827,999
2015,21/10/2015,294,2014,15-Apr,10,sugar,alive,3,395,2011,21/9/2014,105,0,7,325,2015,14,2046,7588.55,6801.22,5954.62,183.582,3772.77,16339.3,18144.348,7257.739,74.095,22.378,99.2,81.198,81.198,1.099,8608.814,8609.912,128967.467,0.658,22,2420,380.2,164.671,958.905,233.325,1378.738,297.417,1676.155,7.706,8605.306,1.552,8606.857,128913.81,200,268.269,324.495,25.381,0.062,1.995,4.911,7753.471,398.306,0.954,4394.9,16.1,1758,0,0,18.451,30.095,20.857,83.4,Burdekin,AyrDPI,Mulg,1957,Furrow,BareFallow,35,Surf1,200,110,LowFreq,0,P2R,15AprV1R4,T5,2800.2,2653.325,1123.576,1420.993,27.438,2.057,6.91894132833332,0.109525670358648,6.39658536585366,0.91791,37.728,999
2016,20/11/2016,325,2015,15-Apr,10,sugar,alive,4,396,2011,21/10/2015,105,0,7,325,2016,14,2046,7328.47,6498.1,5659.53,173.515,3219.41,16689.4,17624.073,7049.63,69.516,19.921,98,81.667,81.667,1.552,8605.306,8606.857,128913.81,0.657,21,2310,596.6,236.011,1113.153,423.933,1277.198,290.796,1567.994,8.785,8598.744,1.964,8600.708,128809.864,200,264.789,328.586,32.196,0.116,2.346,6.092,7792.179,400.79,0.946,4158,15.2,1663.2,0,0,19.739,30.3,19.206,43.6,Burdekin,AyrDPI,Mulg,1957,Furrow,BareFallow,35,Surf1,200,110,LowFreq,0,P2R,15AprV1R4,T5,2906.6,2733.933,1349.164,1639.96,34.658,2.462,6.34671734823055,0.110660499976403,6.28677536231884,0.867575,32.194,999
2017,15/04/2017,105,0,15-Apr,10,none,out,-1,0,2011,0.000,105,0,7,325,-1,14,2046,0,0,0,0,0,0,17720.238,7088.095,72.122,0,0,71.11,71.11,1.964,8598.744,8600.708,128809.864,0.654,0,0,617.6,6.141,259.875,357.295,0,256.911,256.911,12.2,8708.511,5.821,8714.332,132110.548,0,0,8.977,0.375,0.008,0.443,0.035,3759.388,401.725,0,0.1,0,0,0,0,22.783,32.223,19.61,106.2,Burdekin,AyrDPI,Mulg,1957,Furrow,BareFallow,35,Surf1,200,110,LowFreq,0,P2R,15AprV1R4,T5,617.6,357.295,266.016,522.927,0.826,0.451,0,0,0,,0,999
2018,15/07/2018,196,2017,15-Apr,11,sugar,alive,0,456,2017,15/4/2017,105,0,0,318,2018,21,2039,7504.15,6675.37,5840.52,179.631,3432.11,16636.4,0,0,0,20.601,176.4,165.784,165.784,5.821,8708.511,8714.332,132110.548,0.656,21,2310,863.5,168.337,1492.442,441.795,1276.277,335.686,1611.963,26.792,8550.5,2.024,8552.523,127727.351,200,359.59,406.063,21.727,0.268,18.222,4.686,7659.391,404.661,0.966,4822,17.7,1928.8,0,0,17.714,29.216,17.024,130.4,Burdekin,AyrDPI,Mulg,1957,Furrow,BareFallow,35,Surf1,200,110,LowFreq,0,P2R,15AprV1R4,T5,3173.5,2751.795,1660.779,1996.465,40.217,18.49,6.52777550653301,0.111436180607123,6.50836956521739,0.898155,34.321,999
2019,15/08/2019,227,2018,15-Apr,11,sugar,alive,1,396,2017,15/7/2018,105,0,0,318,2019,21,2039,6456.02,5710.37,4949.07,150.976,2507.17,15069.5,18239.596,7295.839,89.012,17.526,94.1,66.542,66.542,2.024,8550.5,8552.523,127727.351,0.649,18,1980,1209.8,467.413,1323.411,454.443,1119.251,276.165,1395.416,12.099,8546.238,1.117,8547.355,127866.261,200,246.481,307.672,36.341,0.707,1.639,7.081,6278.847,407.247,0.945,4138.7,15.2,1655.5,0,0,18.203,29.367,17.12,92.8,Burdekin,AyrDPI,Mulg,1957,Furrow,BareFallow,35,Surf1,200,110,LowFreq,0,P2R,15AprV1R4,T5,3189.8,2434.443,1790.824,2066.989,38.687,2.346,6.20166502152648,0.108194258916337,6.21300411522634,0.75488,25.072,999
2020,14/09/2020,258,2019,15-Apr,11,sugar,alive,2,396,2017,15/8/2019,105,0,0,318,2020,21,2039,7050.06,6258.33,5455.9,166.984,3094.81,15941.5,16327.008,6530.804,70.858,19.896,89.9,70.101,70.101,1.117,8546.238,8547.355,127866.261,0.651,19,2090,1063.1,338.864,1290.634,413.205,1248.455,279.138,1527.594,13.269,8548.532,0.99,8549.522,128026.85,200,250.841,305.536,27.781,0.083,2.193,5.433,6659.06,409.864,0.958,4528.5,16.6,1811.4,0,0,18.062,29.688,18.83,327.8,Burdekin,AyrDPI,Mulg,1957,Furrow,BareFallow,35,Surf1,200,110,LowFreq,0,P2R,15AprV1R4,T5,3153.1,2503.205,1629.498,1908.636,30.057,2.276,6.67080802411309,0.109311767393692,6.57417322834646,0.83492,30.948,999
2021,14/10/2021,287,2020,15-Apr,11,sugar,alive,3,395,2017,14/9/2020,105,0,0,318,2021,21,2039,6877.6,6123.69,5244.7,160.736,2843.92,16329.1,17399.562,6959.825,72.721,18.862,86.6,66.11,66.11,0.99,8548.532,8549.522,128026.85,0.649,20,2200,1075.7,404.962,1463.353,462.115,1138.264,266.915,1405.179,11.003,8550.804,1.336,8552.14,128036.627,200,248.075,308.908,31.841,0.088,2.628,6.116,7026.78,412.526,0.946,4165.5,15.3,1666.2,0,0,19.13,29.427,17.353,132.4,Burdekin,AyrDPI,Mulg,1957,Furrow,BareFallow,35,Surf1,200,110,LowFreq,0,P2R,15AprV1R4,T5,3275.7,2662.115,1868.315,2135.23,34.557,2.716,6.03790595071964,0.114388273664779,6.06550943396226,0.80368,28.439,999
1958,15/04/1958,105,0,15-Apr,0,none,out,-1,0,-1,0.000,105,0,0,318,-1,21,2039,0,0,0,0,0,0,0,0,0,0,0,0,0,0,0,0,0,0.89,0,0,873.2,0,526.966,346.234,0,207.911,207.911,24.509,9505.957,29.86,9535.817,141810.107,0,0,35.269,6.619,0,1.624,1.089,1012.619,350,0,0.1,0,0,0,0,22.648,31.427,18.114,136.1,Burdekin,AyrDPI,Mulg,1958,Furrow,BareFallow,35,Surf1,200,110,LowFreq,0,P2R,15AprV1R4,T5,873.2,346.234,526.966,734.877,8.243,1.624,0,0,0,,0,999
1959,15/07/1959,196,1958,15-Apr,1,sugar,alive,0,456,1958,15/4/1958,105,0,0,318,1959,21,2039,7857.76,7042.52,6088.08,188.223,3411.74,17696.7,0,0,0,19.395,133.5,167.873,167.873,29.86,9505.957,9535.817,141810.107,0.884,20,2200,956.1,187.836,1411.305,581.198,1290.909,363.157,1654.066,24.537,9422.435,0.685,9423.121,141437.666,200,298.687,319.961,31.85,0.291,17.674,6.735,3387.032,350,0.977,5419.3,19.9,2167.7,0,0,17.24,28.305,18.8,162.8,Burdekin,AyrDPI,Mulg,1958,Furrow,BareFallow,35,Surf1,200,110,LowFreq,0,P2R,15AprV1R4,T5,3156.1,2781.198,1599.141,1962.298,49.815,17.965,6.76769507241124,0.113794129133904,7.10275471698113,0.941115,34.117,999
1960,14/08/1960,227,1959,15-Apr,1,sugar,alive,1,396,1958,15/7/1959,105,0,0,318,1960,21,2039,6358.39,5679.6,4927.66,151.586,2834.57,14307.4,19648.668,7859.468,90.247,20.1,78.3,70.766,70.766,0.685,9422.435,9423.121,141437.666,0.868,19,2090,1110.4,412.347,1369.034,496.956,1094.981,309.863,1404.844,11.046,9440.928,0.901,9441.829,142425.218,200,228.45,290.34,28.203,0.001,1.721,5.55,5524.403,350,0.922,3640.5,13.4,1456.2,0,0,17.103,28.347,19.812,210.1,Burdekin,AyrDPI,Mulg,1958,Furrow,BareFallow,35,Surf1,200,110,LowFreq,0,P2R,15AprV1R4,T5,3200.4,2586.956,1781.381,2091.244,29.925,1.722,5.85962807253003,0.107902372078323,5.96795275590551,0.75793,28.346,999
1961,14/09/1961,257,1960,15-Apr,1,sugar,alive,2,396,1958,14/8/1960,105,0,0,318,1961,21,2039,7335.13,6588.26,5665.97,174.83,3454.77,16691.6,15255.708,6102.282,60.657,21.406,92.5,84.941,84.941,0.901,9440.928,9441.829,142425.218,0.866,21,2310,490.9,252.46,932.911,312.11,1326.496,301.47,1627.966,7.204,9424.892,1.27,9426.162,143211.494,200,262.405,321.108,31.501,0.001,2.068,6.084,5929.988,350,0.948,4213.9,15.4,1685.5,0,0,16.81,28.924,20.946,63.2,Burdekin,AyrDPI,Mulg,1958,Furrow,BareFallow,35,Surf1,200,110,LowFreq,0,P2R,15AprV1R4,T5,2800.9,2622.11,1185.371,1486.841,33.57,2.069,6.66753111044159,0.107391677713171,6.33442028985507,0.87415,34.548,999
1962,14/10/1962,287,1961,15-Apr,1,sugar,alive,3,395,1958,14/9/1961,105,0,0,318,1962,21,2039,7287.77,6517.85,5634.77,173.705,3318.3,16530.1,17769.664,7107.865,76.585,20.597,95.7,72.505,72.505,1.27,9424.892,9426.162,143211.494,0.857,20,2200,938.4,245.29,1254.515,527.788,1328.712,306.212,1634.924,13.192,9406.779,1.602,9408.382,144120.903,200,264.745,331.774,38.723,0.002,2.721,7.359,6368.404,350,0.939,3995.7,14.6,1598.3,0,0,17.583,29.38,20.364,102.1,Burdekin,AyrDPI,Mulg,1958,Furrow,BareFallow,35,Surf1,200,110,LowFreq,0,P2R,15AprV1R4,T5,3138.4,2727.788,1499.805,1806.017,41.446,2.723,6.36798020960573,0.10624652889064,6.55490566037736,0.868525,33.183,999
1963,14/11/1963,318,1962,15-Apr,1,sugar,alive,4,396,1958,14/10/1962,105,0,0,318,1963,21,2039,6971.39,6268.47,5323.05,164.399,3125.42,16483.5,17446.911,6978.765,73.809,20.484,93.2,76.175,76.175,1.602,9406.779,9408.382,144120.903,0.849,18,1980,1160.5,345.285,1267.434,624.09,1235.511,306.602,1542.113,11.48,9386.591,1.634,9388.225,144944.068,200,259.334,331.072,46.121,0.003,2.18,8.763,6271.888,350,0.937,3957.2,14.5,1582.9,0,0,17.404,29.102,19.769,91.9,Burdekin,AyrDPI,Mulg,1958,Furrow,BareFallow,35,Surf1,200,110,LowFreq,0,P2R,15AprV1R4,T5,3140.5,2604.09,1612.719,1919.321,48.304,2.183,6.31310745788356,0.106606325217413,6.76539094650206,0.821995,31.254,999
1964,14/04/1964,105,0,15-Apr,1,none,out,-1,0,1958,0.000,105,0,0,318,-1,21,2039,0,0,0,0,0,0,17374.592,6949.837,77.293,0,0,61.842,61.842,1.634,9386.591,9388.225,144944.068,0.841,0,0,454.9,1.866,137.804,316.931,0,223.606,223.606,6.488,9492.856,5.553,9498.409,148672.642,0,0,7.969,0.273,0,0.118,0.028,3029.331,350,0,0.1,0,0,0,0,21.751,31.679,20.739,92.7,Burdekin,AyrDPI,Mulg,1958,Furrow,BareFallow,35,Surf1,200,110,LowFreq,0,P2R,15AprV1R4,T5,454.9,316.931,139.67,363.276,0.391,0.118,0,0,0,,0,999
1965,14/07/1965,195,1964,15-Apr,2,sugar,alive,0,456,1964,14/4/1964,105,0,0,318,1965,21,2039,7190.42,6389.15,5549.89,170.495,3323.7,16405.3,0,0,0,21.078,170.8,153.467,153.467,5.553,9492.856,9498.409,148672.642,0.843,20,2200,925.7,138.428,1405.829,536.071,1285.762,385.271,1671.033,25.082,9333.25,1.768,9335.018,145263.471,200,352.975,399.288,28.571,0.001,19.346,6.057,6655.191,350,0.955,4442.3,16.3,1776.9,0,0,17.254,29.269,18.671,107.4,Burdekin,AyrDPI,Mulg,1958,Furrow,BareFallow,35,Surf1,200,110,LowFreq,0,P2R,15AprV1R4,T5,3125.7,2736.071,1544.257,1929.528,47.918,19.347,6.23138069150983,0.102029702585167,6.43377358490566,0.852475,33.237,999
1966,14/08/1966,226,1965,15-Apr,2,sugar,alive,1,396,1964,14/7/1965,105,0,0,318,1966,21,2039,7005.91,6237.53,5334.17,163.929,3058.65,16717.4,17720.469,7088.188,89.849,20.05,103.2,63.878,63.878,1.768,9333.25,9335.018,145263.471,0.828,21,2310,379.3,208.099,939.027,258.906,1224.094,303.996,1528.091,9.985,9310.114,1.516,9311.63,145407.982,200,260.649,326.666,39.463,0.003,2.291,7.748,6136.502,350,0.933,3859.2,14.2,1543.7,0,0,17.151,28.492,19.616,102.9,Burdekin,AyrDPI,Mulg,1958,Furrow,BareFallow,35,Surf1,200,110,LowFreq,0,P2R,15AprV1R4,T5,2689.3,2568.906,1147.126,1451.122,41.757,2.294,6.38127669910849,0.107276988085134,5.93945652173913,0.819645,30.587,999
1967,14/09/1967,257,1966,15-Apr,2,sugar,alive,2,396,1964,14/8/1966,105,0,0,318,1967,21,2039,7131.48,6415.13,5491,169.455,3164.84,16404.8,17490.177,6996.07,74.424,20.072,97.2,77.962,77.962,1.516,9310.114,9311.63,145407.982,0.822,19,2090,822.5,222.442,1174.526,445.044,1218.094,297.821,1515.916,10.509,9295.835,1.17,9297.005,145955,200,263.659,321.125,32.258,0.003,3.327,6.291,6458.851,350,0.939,3993.5,14.6,1597.4,0,0,17.866,28.633,19.652,154.9,Burdekin,AyrDPI,Mulg,1958,Furrow,BareFallow,35,Surf1,200,110,LowFreq,0,P2R,15AprV1R4,T5,2912.5,2535.044,1396.968,1694.789,35.588,3.33,6.68449936174678,0.111783898316266,6.67145669291339,0.847275,31.648,999
1968,13/10/1968,287,1967,15-Apr,2,sugar,alive,3,395,1964,14/9/1967,105,0,0,318,1968,21,2039,7194.2,6436.47,5627.72,173.368,3175.49,15664.7,17338.551,6935.42,72.802,19.629,93.5,77.578,77.578,1.17,9295.835,9297.005,145955,0.816,19,2090,1460.8,351.637,1708.359,544.213,1201.15,305.668,1506.819,28.93,9287.157,1.29,9288.447,146599.171,200,258.439,320.846,35.241,0.005,2.871,6.741,6540.124,350,0.957,4507.5,16.5,1803,0,0,18.074,28.752,20.257,187.9,Burdekin,AyrDPI,Mulg,1958,Furrow,BareFallow,35,Surf1,200,110,LowFreq,0,P2R,15AprV1R4,T5,3550.8,2634.213,2059.996,2365.664,38.117,2.876,6.5813964170703,0.115055623800868,6.82551181102362,0.86684,31.755,999
1969,13/11/1969,317,1968,15-Apr,2,sugar,alive,4,396,1964,13/10/1968,105,0,0,318,1969,21,2039,7362.62,6584.77,5644.81,174.027,3329.04,17178.1,17146.433,6858.573,74.178,20.629,96.6,61.562,61.562,1.29,9287.157,9288.447,146599.171,0.809,23,2530,250.5,249.845,900.965,208.406,1329.455,294.027,1623.481,5.292,9266.841,1.679,9268.52,146741.865,200,266.294,334.997,40.922,0.005,2.047,7.727,7113.585,350,0.938,3977.9,14.6,1591.1,0,0,17.834,29.659,20.835,46.5,Burdekin,AyrDPI,Mulg,1958,Furrow,BareFallow,35,Surf1,200,110,LowFreq,0,P2R,15AprV1R4,T5,2780.5,2738.406,1150.81,1444.837,42.974,2.052,6.35504742540003,0.107193739871301,5.8398322147651,0.870135,33.29,999
1970,15/04/1970,105,0,15-Apr,2,none,out,-1,0,1964,0.000,105,0,0,318,-1,21,2039,0,0,0,0,0,0,17982.562,7193.024,77.693,0,0,67.771,67.771,1.679,9266.841,9268.52,146741.865,0.801,0,0,539.4,0.607,266.808,272.592,0,195.661,195.661,12.361,9374.485,4.712,9379.197,150440.369,0,0,5.86,0.159,0,0.221,0.018,3292.888,350,0,0.1,0,0,0,0,22.057,32.151,21.774,133.6,Burdekin,AyrDPI,Mulg,1958,Furrow,BareFallow,35,Surf1,200,110,LowFreq,0,P2R,15AprV1R4,T5,539.4,272.592,267.415,463.076,0.38,0.221,0,0,0,,0,999
1971,15/07/1971,196,1970,15-Apr,3,sugar,alive,0,456,1970,15/4/1970,105,0,0,318,1971,21,2039,7876.91,7075.82,6107.3,188.748,3486.26,17696.1,0,0,0,19.819,164.3,144.096,144.096,4.712,9374.485,9379.197,150440.369,0.803,19,2090,1166.1,68.131,1583.339,709.449,1320.55,355.246,1675.795,26.07,9231.523,1.93,9233.453,146062.978,200,350.339,387.529,21.685,0.001,13.722,4.753,7841.477,350,0.96,4614.2,16.9,1845.7,0,0,17.179,28.576,18.844,220,Burdekin,AyrDPI,Mulg,1958,Furrow,BareFallow,35,Surf1,200,110,LowFreq,0,P2R,15AprV1R4,T5,3256.1,2799.449,1651.47,2006.716,35.408,13.723,6.74232679359403,0.112631915001537,7.43102362204724,0.94374,34.863,999
1972,14/08/1972,227,1971,15-Apr,3,sugar,alive,1,396,1970,15/7/1971,105,0,0,318,1972,21,2039,6487.2,5821.52,4988.51,153.804,2849.17,14986.9,18963.766,7585.506,94.009,19.885,87.4,72.932,72.932,1.93,9231.523,9233.453,146062.978,0.791,19,2090,1453.2,518.274,1500.596,500.212,1198.864,322.608,1521.472,22.009,9224.661,1.348,9226.009,145018.566,200,237.894,313.031,46.217,0.369,2.691,8.927,7503.402,350,0.92,3607,13.2,1442.8,0,0,16.729,28.625,19.565,206.2,Burdekin,AyrDPI,Mulg,1958,Furrow,BareFallow,35,Surf1,200,110,LowFreq,0,P2R,15AprV1R4,T5,3543.2,2590.212,2018.87,2341.478,49.277,3.06,5.93789234240286,0.101088945442309,6.05527559055118,0.76902,28.492,999
1973,14/09/1973,257,1972,15-Apr,3,sugar,alive,2,396,1970,14/8/1972,105,0,0,318,1973,21,2039,7072.03,6322.94,5391.72,165.545,2839.78,16803.1,15804.766,6321.907,66.106,18.2,102.1,75.791,75.791,1.348,9224.661,9226.009,145018.566,0.787,19,2090,1060.9,382.212,1229.703,542.555,1217.766,299.059,1516.825,10.567,9205.387,2.073,9207.461,144016.112,200,269.491,325.815,29.654,0.016,2.487,5.819,7906.016,350,0.936,3927.1,14.4,1570.8,0,0,18.042,28.91,19.726,108.5,Burdekin,AyrDPI,Mulg,1958,Furrow,BareFallow,35,Surf1,200,110,LowFreq,0,P2R,15AprV1R4,T5,3150.9,2632.555,1611.915,1910.974,32.157,2.503,6.28837764073305,0.109139155802416,6.51751968503937,0.827725,28.398,999
1974,14/10/1974,287,1973,15-Apr,3,sugar,alive,3,395,1970,14/9/1973,105,0,0,318,1974,21,2039,6747.69,6093.2,5143.36,159.337,2932.14,16043.3,17620.721,7048.288,72.806,19.735,95.8,97.95,97.95,2.073,9205.387,9207.461,144016.112,0.782,16,1760,2007.7,705.141,1654.961,706.517,1112.12,319.694,1431.813,9.245,9177.529,1.848,9179.377,143890.639,200,254.59,333.263,47.507,0.073,10.858,8.965,7092.992,350,0.896,3229.8,11.8,1291.9,0,0,17.752,28.355,18.545,152.9,Burdekin,AyrDPI,Mulg,1958,Furrow,BareFallow,35,Surf1,200,110,LowFreq,0,P2R,15AprV1R4,T5,3767.7,2466.517,2360.102,2679.796,58.438,10.931,6.4600000729774,0.11128338686686,7.20981900452489,0.796685,29.321,999
1975,14/11/1975,318,1974,15-Apr,3,sugar,alive,4,396,1970,14/10/1974,105,0,0,318,1975,21,2039,7887.35,7081.92,6058.06,187.443,3450.5,18292.9,16382.089,6552.835,70.924,19.742,107.3,73.735,73.735,1.848,9177.529,9179.377,143890.639,0.777,19,2090,1160.2,303.11,1253.741,743.94,1303.02,300.2,1603.22,10.108,9142.224,1.743,9143.967,143760.408,200,277.437,347.675,44.466,0.056,2.496,8.384,7321.951,350,0.938,3963.9,14.5,1585.6,0,0,18.497,28.821,19.89,179.8,Burdekin,AyrDPI,Mulg,1958,Furrow,BareFallow,35,Surf1,200,110,LowFreq,0,P2R,15AprV1R4,T5,3250.2,2833.94,1556.851,1857.051,47.018,2.552,6.61421907309259,0.116916580381981,7.37964566929134,0.937215,34.505,999
1976,14/04/1976,105,0,15-Apr,3,none,out,-1,0,1970,0.000,105,0,0,318,-1,21,2039,0,0,0,0,0,0,18918.265,7567.305,78.394,0,0,163.864,163.864,1.743,9142.224,9143.967,143760.408,0.77,0,0,1465.2,307.12,801.714,534.806,0,326.424,326.424,37.012,9243.694,9.039,9252.733,147022.389,0,0,17.479,1.563,0.066,1.175,0.106,4011.97,350,0,0.1,0,0,0,0,22.163,30.457,19.717,139.2,Burdekin,AyrDPI,Mulg,1958,Furrow,BareFallow,35,Surf1,200,110,LowFreq,0,P2R,15AprV1R4,T5,1465.2,534.806,1108.834,1435.258,2.804,1.241,0,0,0,,0,999
1977,14/07/1977,195,1976,15-Apr,4,sugar,alive,0,456,1976,14/4/1976,105,0,0,318,1977,21,2039,7991.32,7182.09,6239.21,192.997,3281.82,17521.1,0,0,0,18.016,172.8,193.806,193.806,9.039,9243.694,9252.733,147022.389,0.771,20,2200,1401.4,227.019,1867.939,575.831,1263.55,356.126,1619.676,29.25,9089.271,2.091,9091.363,143184.248,200,361.367,393.855,22.118,0.028,16.899,4.857,7189.863,350,0.97,5015.6,18.4,2006.2,0,0,17.235,28.184,18.917,170.6,Burdekin,AyrDPI,Mulg,1958,Furrow,BareFallow,35,Surf1,200,110,LowFreq,0,P2R,15AprV1R4,T5,3601.4,2775.831,2094.958,2451.084,39.045,16.927,6.95276477566538,0.119157782173719,7.28290566037736,0.964985,32.818,999
1978,14/08/1978,226,1977,15-Apr,4,sugar,alive,1,396,1976,14/7/1977,105,0,0,318,1978,21,2039,7127.52,6372.68,5554.48,171.49,3136.34,15730.4,19156.124,7662.449,94.487,19.595,102.4,80.572,80.572,2.091,9089.271,9091.363,143184.248,0.758,19,2090,854.1,312.438,1121.45,438.279,1179.377,317.843,1497.219,11.79,9079.683,1.452,9081.135,143270.626,200,259.668,318.453,31.747,0.052,1.988,6.239,6646.72,350,0.931,3816.9,14,1526.8,0,0,17.283,28.125,20.382,150.6,Burdekin,AyrDPI,Mulg,1958,Furrow,BareFallow,35,Surf1,200,110,LowFreq,0,P2R,15AprV1R4,T5,2944.1,2528.279,1433.888,1751.731,33.787,2.04,6.7828748330386,0.11453902201348,6.75157480314961,0.85745,31.363,999
1979,14/09/1979,257,1978,15-Apr,4,sugar,alive,2,396,1976,14/8/1978,105,0,0,318,1979,21,2039,6510.75,5862.37,5018.04,155.104,2852.52,14927.1,16615.238,6646.094,68.192,19.721,86.3,93.565,93.565,1.452,9079.683,9081.135,143270.626,0.757,19,2090,1578.5,522.448,1766.811,685.558,1072.348,326.741,1399.089,24.393,9072.837,1.413,9074.251,143413.237,200,237.343,311.026,49.343,0.095,2.41,9.427,6664.278,350,0.915,3525.4,12.9,1410.2,0,0,17.891,28.175,19.058,350.7,Burdekin,AyrDPI,Mulg,1958,Furrow,BareFallow,35,Surf1,200,110,LowFreq,0,P2R,15AprV1R4,T5,3668.5,2775.558,2289.259,2616,51.848,2.505,5.58820965009558,0.110860710076343,6.10645669291339,0.77552,28.525,999
1980,13/10/1980,287,1979,15-Apr,4,sugar,alive,3,395,1976,14/9/1979,105,0,0,318,1980,21,2039,7337.45,6568.18,5711.29,176.004,3325.4,16261.5,15684.63,6273.853,64.197,20.34,100.6,73.716,73.716,1.413,9072.837,9074.251,143413.237,0.752,20,2200,777.5,243.053,1233.039,432.757,1207.431,309.335,1516.766,11.203,9054.077,1.304,9055.381,143408.73,200,266.106,324.699,34.814,0.047,2.972,6.678,6932.992,350,0.958,4545,16.7,1818,0,0,18.422,28.882,20.834,86.4,Burdekin,AyrDPI,Mulg,1958,Furrow,BareFallow,35,Surf1,200,110,LowFreq,0,P2R,15AprV1R4,T5,2977.5,2632.757,1476.092,1785.427,37.833,3.019,6.6851593215781,0.116038993490097,6.64166037735849,0.88002,33.254,999
1981,13/11/1981,317,1980,15-Apr,4,sugar,alive,4,396,1976,13/10/1980,105,0,0,318,1981,21,2039,7065.93,6332.38,5415,167.266,3138.38,16509.2,17685.55,7074.22,75.545,20.178,92.2,58.358,58.358,1.304,9054.077,9055.381,143408.73,0.746,19,2090,1127,410.968,1326.737,542.312,1165.454,301.043,1466.497,10.338,9047.224,1.676,9048.9,143372.668,200,253.842,320.103,37.257,0.219,2.79,6.978,7157.63,350,0.925,3706.4,13.6,1482.6,0,0,18.071,28.636,19.295,104.8,Burdekin,AyrDPI,Mulg,1958,Furrow,BareFallow,35,Surf1,200,110,LowFreq,0,P2R,15AprV1R4,T5,3217,2632.312,1737.705,2038.748,40.266,3.009,6.35433793562465,0.114058194459314,6.58527559055118,0.83633,31.384,999
1982,15/04/1982,105,0,15-Apr,4,none,out,-1,0,1976,0.000,105,0,0,318,-1,21,2039,0,0,0,0,0,0,17183.285,6873.314,73.916,0,0,71.156,71.156,1.676,9047.224,9048.9,143372.668,0.742,0,0,547.1,58.592,155.322,376.744,0,248.051,248.051,5.28,9136.135,19.089,9155.224,145352.749,0,0,24.491,1.25,0.041,0.638,0.12,4784.599,350,0,0.1,0,0,0,0,22.919,32.09,21.333,47.4,Burdekin,AyrDPI,Mulg,1958,Furrow,BareFallow,35,Surf1,200,110,LowFreq,0,P2R,15AprV1R4,T5,547.1,376.744,213.914,461.965,1.929,0.679,0,0,0,,0,999
1983,15/07/1983,196,1982,15-Apr,5,sugar,alive,0,456,1982,15/4/1982,105,0,0,318,1983,21,2039,8098.37,7219.84,6313.49,194.627,3450.62,17848.8,0,0,0,18.907,176.2,156.291,156.291,19.089,9136.135,9155.224,145352.749,0.743,22,2420,663.4,132.43,1344.746,406.174,1305.155,362.898,1668.053,23.943,8974.546,1.742,8976.289,141957.781,200,369.918,403.658,31.642,0.036,16.8,6.735,6782.498,350,0.973,5162.5,18.9,2065,0,0,17.149,28.361,19.179,95.4,Burdekin,AyrDPI,Mulg,1958,Furrow,BareFallow,35,Surf1,200,110,LowFreq,0,P2R,15AprV1R4,T5,3083.4,2826.174,1477.176,1840.074,48.478,16.836,6.88658943150705,0.116679146286119,6.78142857142857,0.973135,34.506,999
1984,14/08/1984,227,1983,15-Apr,5,sugar,alive,1,396,1982,15/7/1983,105,0,0,318,1984,21,2039,7094.75,6358.04,5447.39,168.088,3124.13,16473.6,19559.628,7823.852,97.947,19.961,90.4,94.462,94.462,1.742,8974.546,8976.289,141957.781,0.73,21,2310,563.8,263.706,1072.934,411.062,1229.875,300.357,1530.232,9.964,8973.933,1.403,8975.337,141822.75,200,249.025,311.489,33.845,0.1,1.996,6.594,6925.776,350,0.924,3688.5,13.5,1475.4,0,0,17.537,28.492,19.07,75.6,Burdekin,AyrDPI,Mulg,1958,Furrow,BareFallow,35,Surf1,200,110,LowFreq,0,P2R,15AprV1R4,T5,2873.8,2721.062,1336.64,1636.997,35.941,2.096,6.17729401241133,0.109844781706303,6.09014492753623,0.84044,31.241,999
1985,14/09/1985,257,1984,15-Apr,5,sugar,alive,2,396,1982,14/8/1984,105,0,0,318,1985,21,2039,6689.15,5987.36,5185.53,159.659,2898.12,15036.3,17137.757,6855.102,71.047,19.427,90.9,101.39,101.39,1.403,8973.933,8975.337,141822.75,0.729,18,1980,817.5,231.068,1124.632,589.697,1148.317,333.39,1481.707,9.475,8967.889,1.099,8968.988,141731.694,200,253.32,312.191,33.151,0.086,2.742,6.487,6950.755,350,0.946,4171.9,15.3,1668.8,0,0,17.387,28.523,19.502,111.4,Burdekin,AyrDPI,Mulg,1958,Furrow,BareFallow,35,Surf1,200,110,LowFreq,0,P2R,15AprV1R4,T5,2797.5,2569.697,1355.7,1689.09,35.979,2.828,6.21314497390159,0.1077534222353,6.570329218107,0.798295,28.981,999
1986,14/10/1986,287,1985,15-Apr,5,sugar,alive,3,395,1982,14/9/1985,105,0,0,318,1986,21,2039,6795.65,6096.67,5202.59,160.456,2983.35,15930.7,16326.952,6530.781,71.034,19.969,95.6,61.483,61.483,1.099,8967.889,8968.988,141731.694,0.726,20,2200,802.8,246.476,1208.471,550.327,1191.094,324.987,1516.082,11.132,8947.421,1.846,8949.267,141058.877,200,249.762,332.419,52.185,0.193,2.187,9.926,7510.634,350,0.926,3722,13.6,1488.8,0,0,18.476,29.285,18.879,117.8,Burdekin,AyrDPI,Mulg,1958,Furrow,BareFallow,35,Surf1,200,110,LowFreq,0,P2R,15AprV1R4,T5,3002.8,2750.327,1454.947,1779.934,54.565,2.38,5.83406991241405,0.105835964017777,6.05494339622642,0.80228,29.834,999
1987,14/11/1987,318,1986,15-Apr,5,sugar,alive,4,396,1982,14/10/1986,105,0,0,318,1987,21,2039,7039.84,6260.39,5419.17,166.29,3104.26,16206.7,16704.724,6681.889,68.889,20.061,100.7,93.254,93.254,1.846,8947.421,8949.267,141058.877,0.721,22,2420,371,157.27,1035.286,297.742,1293.704,326.948,1620.652,8.227,8924.314,1.919,8926.232,140492.204,200,266.93,328.377,35.483,0.089,6.995,6.871,7590.894,350,0.953,4368.8,16,1747.5,0,0,18.663,29.934,20.137,44,Burdekin,AyrDPI,Mulg,1958,Furrow,BareFallow,35,Surf1,200,110,LowFreq,0,P2R,15AprV1R4,T5,2791,2717.742,1192.556,1519.504,42.567,7.084,6.11868234733098,0.102606852057073,5.79407665505226,0.83145,31.043,999
1988,14/04/1988,105,0,15-Apr,5,none,out,-1,0,1982,0.000,105,0,0,318,-1,21,2039,0,0,0,0,0,0,17489.156,6995.662,76.937,0,0,71.046,71.046,1.919,8924.314,8926.232,140492.204,0.715,0,0,798.4,44.71,474.1,313.648,0,199.84,199.84,21.899,9021.418,12.564,9033.982,142785.049,0,0,19.371,0.614,0.062,1.271,0.069,4406.779,350,0,0.1,0,0,0,0,22.049,31.616,21.499,254,Burdekin,AyrDPI,Mulg,1958,Furrow,BareFallow,35,Surf1,200,110,LowFreq,0,P2R,15AprV1R4,T5,798.4,313.648,518.81,718.65,1.947,1.333,0,0,0,,0,999
1989,14/07/1989,195,1988,15-Apr,6,sugar,alive,0,456,1988,14/4/1988,105,0,0,318,1989,21,2039,8124.38,7265.04,6322.61,195.236,3546.87,18017.6,0,0,0,19.445,169.3,150.796,150.796,12.564,9021.418,9033.982,142785.049,0.717,18,1980,1506.2,176.759,1626.543,867.982,1330.601,376.39,1706.992,26.134,8871.765,1.758,8873.523,138412.638,200,352.721,388.578,24.23,0.071,22.426,5.283,7721.995,350,0.971,5043.8,18.5,2017.5,0,0,17.981,28.521,18.221,134.8,Burdekin,AyrDPI,Mulg,1958,Furrow,BareFallow,35,Surf1,200,110,LowFreq,0,P2R,15AprV1R4,T5,3486.2,2847.982,1803.302,2179.692,46.727,22.497,6.85523995587051,0.114374291150749,8.03440329218107,0.97618,35.469,999
1990,14/08/1990,226,1989,15-Apr,6,sugar,alive,1,396,1988,14/7/1989,105,0,0,318,1990,21,2039,6412.46,5690.39,4926.16,150.945,2802.5,14863,19602.211,7840.885,91.559,19.937,85.4,126.704,126.704,1.758,8871.765,8873.523,138412.638,0.705,17,1870,1294.8,533.989,1272.025,540.69,1110.197,307.664,1417.861,7.754,8877.958,1.141,8879.1,137893.882,200,237.474,296.881,27.81,0.182,8.01,5.455,6973.059,350.585,0.945,4140.8,15.2,1656.3,0,0,17.212,28.363,19.579,103,Burdekin,AyrDPI,Mulg,1958,Furrow,BareFallow,35,Surf1,200,110,LowFreq,0,P2R,15AprV1R4,T5,3164.8,2410.69,1806.014,2113.678,36.002,8.192,6.26148530088896,0.106459660008985,6.50625,0.754725,28.025,999
1991,14/09/1991,257,1990,15-Apr,6,sugar,alive,2,396,1988,14/8/1990,105,0,0,318,1991,21,2039,6866.32,6158.03,5306.26,163.48,3061.24,15600.6,16153.209,6461.284,68.19,20.132,95.4,67.629,67.629,1.141,8877.958,8879.1,137893.882,0.706,19,2090,1680.4,494.784,1798.017,393.028,1195.243,278.86,1474.103,28.633,8876.607,1.348,8877.955,137075.6,200,253.994,307.769,26.651,0.152,2.632,5.223,7608.405,352.253,0.935,3896.2,14.3,1558.5,0,0,16.979,28.601,19.393,204.4,Burdekin,AyrDPI,Mulg,1958,Furrow,BareFallow,35,Surf1,200,110,LowFreq,0,P2R,15AprV1R4,T5,3770.4,2483.028,2292.801,2571.661,29.435,2.784,6.58389675831283,0.1109013413581,6.43622047244094,0.8174,30.612,999
1992,13/10/1992,287,1991,15-Apr,6,sugar,alive,3,395,1988,14/9/1991,105,0,0,318,1992,21,2039,7921.84,7110.18,6227.85,192.431,3863.04,16940,16572.249,6628.9,68.863,21.792,104.5,71.125,71.125,1.348,8876.607,8877.955,137075.6,0.704,22,2420,654.1,211.614,1173.286,379.339,1382.676,300.767,1683.442,10.214,8859.435,1.411,8860.846,135986.181,200,273.098,330.375,30.359,0.154,2.568,5.867,8407.741,353.951,0.957,4506.8,16.5,1802.7,0,0,18.241,29.523,20.826,122.8,Burdekin,AyrDPI,Mulg,1958,Furrow,BareFallow,35,Surf1,200,110,LowFreq,0,P2R,15AprV1R4,T5,3074.1,2799.339,1384.9,1685.667,33.081,2.722,6.87415850670462,0.114308066449572,6.70491289198606,0.962155,38.63,999
1993,13/11/1993,317,1992,15-Apr,6,sugar,alive,4,396,1988,13/10/1992,105,0,0,318,1993,21,2039,7621.32,6801.25,5981.58,184.813,3787.35,16397.3,18229.751,7291.901,73.586,22.306,95.2,76.883,76.883,1.411,8859.435,8860.846,135986.181,0.7,22,2420,548.9,239.808,1137.291,361.105,1286.996,310.402,1597.398,8.708,8850.966,1.616,8852.582,134933.745,200,260.417,329.865,37.762,0.23,2.186,7.126,8683.831,355.686,0.937,3955.2,14.5,1582.1,0,0,18.204,29.109,20.548,72,Burdekin,AyrDPI,Mulg,1958,Furrow,BareFallow,35,Surf1,200,110,LowFreq,0,P2R,15AprV1R4,T5,2968.9,2781.105,1377.099,1687.501,40.178,2.416,6.64530824977842,0.115696276068957,6.43947735191638,0.924065,37.874,999
1994,15/04/1994,105,0,15-Apr,6,none,out,-1,0,1988,0.000,105,0,0,318,-1,21,2039,0,0,0,0,0,0,17299.623,6919.849,70.219,0,0,71.286,71.286,1.616,8850.966,8852.582,134933.745,0.697,0,0,309.7,0.017,67.049,242.65,0,206.293,206.293,3.147,8956.904,7.018,8963.922,137739.698,0,0,9.056,0.082,0,0.079,0.021,4364.729,356.371,0,0.1,0,0,0,0,21.943,31.765,22.341,46.8,Burdekin,AyrDPI,Mulg,1958,Furrow,BareFallow,35,Surf1,200,110,LowFreq,0,P2R,15AprV1R4,T5,309.7,242.65,67.066,273.359,0.161,0.079,0,0,0,,0,999
1995,15/07/1995,196,1994,15-Apr,7,sugar,alive,0,456,1994,15/4/1994,105,0,0,318,1995,21,2039,8385.66,7465.27,6588.32,203.329,3892.18,17973.4,0,0,0,20.645,194.5,107.628,107.628,7.018,8956.904,8963.922,137739.698,0.699,22,2420,419.6,32.887,1152.072,294.504,1338.151,359.261,1697.412,22.064,8792.259,2.564,8794.823,131612.213,200,385.33,415.511,14.332,0.051,11.255,3.386,9745.028,358.43,0.967,4858.5,17.8,1943.4,0,0,17.873,28.981,19.784,55.2,Burdekin,AyrDPI,Mulg,1958,Furrow,BareFallow,35,Surf1,200,110,LowFreq,0,P2R,15AprV1R4,T5,2839.6,2714.504,1184.959,1544.22,25.638,11.306,7.49046602988981,0.119787653203819,7.08463414634146,1.016645,38.922,999
1996,14/08/1996,227,1995,15-Apr,7,sugar,alive,1,396,1994,15/7/1995,105,0,0,318,1996,21,2039,7288.5,6475.35,5684.46,174.862,3378.2,16040.4,19407.089,7762.835,88.278,20.863,115.8,64.859,64.859,2.564,8792.259,8794.823,131612.213,0.691,20,2200,632.9,181.908,1085.885,395.894,1228.721,337.547,1566.269,12.421,8750.648,1.384,8752.032,131087.191,200,276.558,351.93,45.725,2.568,2.386,8.859,7383.49,360.246,0.95,4284.9,15.7,1713.9,0,0,18.911,29.224,19.946,107,Burdekin,AyrDPI,Mulg,1958,Furrow,BareFallow,35,Surf1,200,110,LowFreq,0,P2R,15AprV1R4,T5,2832.9,2595.894,1267.793,1605.34,50.679,4.954,6.73609939388896,0.111642380714935,6.59856603773585,0.87431,33.782,999
1997,14/09/1997,257,1996,15-Apr,7,sugar,alive,2,396,1994,14/8/1996,105,0,0,318,1997,21,2039,7862.56,7083.31,6201.67,191.941,3695.27,16609,17276.469,6910.589,69.776,20.78,95.1,63.697,63.697,1.384,8750.648,8752.032,131087.191,0.69,20,2200,964.3,388.258,1269.84,441.911,1179.416,305.285,1484.701,9.676,8755.736,1.355,8757.091,131276.852,200,256.836,310.058,25.344,0.532,2.192,4.949,7224.787,362.101,0.957,4497.2,16.5,1798.9,0,0,18.946,28.468,20.444,116.8,Burdekin,AyrDPI,Mulg,1958,Furrow,BareFallow,35,Surf1,200,110,LowFreq,0,P2R,15AprV1R4,T5,3164.3,2641.911,1658.098,1963.383,28.068,2.724,7.26523338598462,0.12927922861236,7.24305660377358,0.959705,36.953,999
1998,14/10/1998,287,1997,15-Apr,7,sugar,alive,3,395,1994,14/9/1997,105,0,0,318,1998,21,2039,7696.57,6849.84,6044.63,185.874,3708.87,16519.4,17940.203,7176.081,70.627,21.643,98.9,85.199,85.199,1.355,8755.736,8757.091,131276.852,0.688,19,2090,959.5,230.364,1418.648,492.09,1122.462,284.855,1407.317,14.281,8750.879,1.528,8752.407,131140.787,200,267.734,325.513,25.903,0.11,3.509,5.008,7863.672,363.989,0.959,4564.9,16.7,1825.9,0,0,20.543,28.902,19.59,189.6,Burdekin,AyrDPI,Mulg,1958,Furrow,BareFallow,35,Surf1,200,110,LowFreq,0,P2R,15AprV1R4,T5,3049.5,2582.09,1649.012,1933.867,29.522,3.619,7.19858719099644,0.13207685262098,7.31787401574803,0.92937,37.089,999
1999,14/11/1999,318,1998,15-Apr,7,sugar,alive,4,396,1994,14/10/1998,105,0,0,318,1999,21,2039,7722.5,6931.87,6124,190.214,3802.49,15985,17921.588,7168.635,68.987,21.688,91.1,78.371,78.371,1.528,8750.879,8752.407,131140.787,0.685,19,2090,1137.3,209.265,1474.853,659.09,1176.599,355.571,1532.171,15.913,8739.904,1.929,8741.833,130945.967,200,245.091,321.911,46.916,0.109,10.383,8.966,7760.382,365.913,0.926,3724,13.6,1489.6,0,0,19.787,28.829,19.555,112,Burdekin,AyrDPI,Mulg,1958,Furrow,BareFallow,35,Surf1,200,110,LowFreq,0,P2R,15AprV1R4,T5,3227.3,2749.09,1684.118,2039.689,57.408,10.492,6.91916234099284,0.124146717305053,7.48874015748032,0.95107,38.025,999
2000,14/04/2000,105,0,15-Apr,7,none,out,-1,0,1994,0.000,105,0,0,318,-1,21,2039,0,0,0,0,0,0,16752.592,6701.037,65.483,0,0,89.383,89.383,1.929,8739.904,8741.833,130945.967,0.682,0,0,1336.8,124.479,840.948,463.122,0,277.548,277.548,39.623,8842.859,6.255,8849.114,134153.834,0,0,14.304,0.969,0.098,1.63,0.071,3967.684,366.661,0,0.1,0,0,0,0,22.776,30.122,20.568,136,Burdekin,AyrDPI,Mulg,1958,Furrow,BareFallow,35,Surf1,200,110,LowFreq,0,P2R,15AprV1R4,T5,1336.8,463.122,965.427,1242.975,2.697,1.728,0,0,0,,0,999
2001,14/07/2001,195,2000,15-Apr,8,sugar,alive,0,456,2000,14/4/2000,105,0,0,318,2001,21,2039,8647.99,7647.45,6823.31,209.901,3931.82,18246.8,0,0,0,20.14,179.5,183.208,183.208,6.255,8842.859,8849.114,134153.834,0.684,21,2310,673.5,71.473,1330.108,480.748,1351.717,360.054,1711.771,27.657,8691.259,1.958,8693.217,129928.158,200,366.033,401.097,17.533,0.115,14.798,3.98,7885.662,368.939,0.978,5480.2,20.1,2192.1,0,0,17.62,28.396,18.917,52,Burdekin,AyrDPI,Mulg,1958,Furrow,BareFallow,35,Surf1,200,110,LowFreq,0,P2R,15AprV1R4,T5,2983.5,2790.748,1401.581,1761.635,32.446,14.913,7.52131686558586,0.122622126440978,7.60510869565217,1.049505,39.318,999
2002,14/08/2002,226,2001,15-Apr,8,sugar,alive,1,396,2000,14/7/2001,105,0,0,318,2002,21,2039,7414.6,6597.51,5781.06,177.609,3656.98,16335.4,20167.926,8067.173,90.249,22.426,101.1,53.358,53.358,1.958,8691.259,8693.217,129928.158,0.676,20,2200,787.8,225.118,1045.902,319.19,1382.484,314.654,1697.138,5.271,8682.96,1.272,8684.231,129944.955,200,267.492,322.461,25.514,0.451,1.557,5.046,7159.999,370.95,0.949,4237.5,15.5,1695,0,0,18.013,30.094,20.88,206,Burdekin,AyrDPI,Mulg,1958,Furrow,BareFallow,35,Surf1,200,110,LowFreq,0,P2R,15AprV1R4,T5,2987.8,2519.19,1271.02,1585.674,27.522,2.008,7.0502423397997,0.104652067186051,6.70222641509434,0.888045,36.57,999
2003,14/09/2003,257,2002,15-Apr,8,sugar,alive,2,396,2000,14/8/2002,105,0,0,318,2003,21,2039,7413.94,6614.85,5808.66,178.763,3552.33,16052.7,17486.974,6994.79,69.723,21.542,95,73,73,1.272,8682.96,8684.231,129944.955,0.677,21,2310,472.6,252.796,888.267,298.851,1340.399,299.812,1640.211,5.342,8685.978,1.228,8687.206,130077.014,200,258.132,313.181,26.05,0.066,2.212,5.176,7332.079,372.997,0.947,4198.8,15.4,1679.5,0,0,17.961,29.61,20.889,51,Burdekin,AyrDPI,Mulg,1958,Furrow,BareFallow,35,Surf1,200,110,LowFreq,0,P2R,15AprV1R4,T5,2782.6,2608.851,1141.063,1440.875,28.328,2.278,6.85217361972761,0.108987807056531,6.47692028985507,0.893815,35.523,999
2004,13/10/2004,287,2003,15-Apr,8,sugar,alive,3,395,2000,14/9/2003,105,0,0,318,2004,21,2039,7608.31,6833.21,6014.74,185.788,3675.3,15935.7,17213.852,6885.541,68.028,21.432,99.5,74.326,74.326,1.228,8685.978,8687.206,130077.014,0.676,20,2200,740.2,167.507,1144.712,377.362,1346.92,298.816,1645.736,13.547,8677.732,1.236,8678.968,130053.517,200,267.193,325.184,29.671,0.069,2.409,5.769,7540.819,375.073,0.96,4587.7,16.8,1835.1,0,0,18.289,29.817,20.803,173.2,Burdekin,AyrDPI,Mulg,1958,Furrow,BareFallow,35,Surf1,200,110,LowFreq,0,P2R,15AprV1R4,T5,2940.2,2577.362,1312.219,1611.035,32.149,2.478,7.20845577765172,0.112890524361137,7.0108679245283,0.92894,36.753,999
2005,13/11/2005,317,2004,15-Apr,8,sugar,alive,4,396,2000,13/10/2004,105,0,0,318,2005,21,2039,7607.12,6796.11,5953.74,183.764,3709.22,16533.8,17444.909,6977.963,72.142,21.927,102.4,56.572,56.572,1.236,8677.732,8678.968,130053.517,0.672,22,2420,746.3,160.33,1359.716,331.366,1324.151,306.887,1631.037,11.121,8668.999,1.613,8670.612,129826.031,200,268.502,329.159,30.123,0.064,2.392,5.795,7804.178,377.19,0.944,4107.6,15.1,1643.1,0,0,18.873,29.912,20.558,143.4,Burdekin,AyrDPI,Mulg,1958,Furrow,BareFallow,35,Surf1,200,110,LowFreq,0,P2R,15AprV1R4,T5,3166.3,2751.366,1520.046,1826.933,32.579,2.456,6.67900962649099,0.112666971993891,6.40292682926829,0.91882,37.092,999
2006,15/04/2006,105,0,15-Apr,8,none,out,-1,0,2000,0.000,105,0,0,318,-1,21,2039,0,0,0,0,0,0,17545.241,7018.096,71.496,0,0,71.789,71.789,1.613,8668.999,8670.612,129826.031,0.669,0,0,756,10.097,408.826,341.785,0,200.707,200.707,18.923,8780.528,3.379,8783.907,133230.574,0,0,7.122,0.457,0.013,0.339,0.034,3759.236,378.025,0,0.1,0,0,0,0,23.05,32.354,21.641,178.4,Burdekin,AyrDPI,Mulg,1958,Furrow,BareFallow,35,Surf1,200,110,LowFreq,0,P2R,15AprV1R4,T5,756,341.785,418.923,619.63,0.809,0.352,0,0,0,,0,999
2007,15/07/2007,196,2006,15-Apr,9,sugar,alive,0,456,2006,15/4/2006,105,0,0,318,2007,21,2039,8520.12,7710.15,6689.79,208.205,3982.18,18303.3,0,0,0,20.625,174.1,208.161,208.161,3.379,8780.528,8783.907,133230.574,0.671,22,2420,1059.4,238.395,1567.814,572.469,1361.691,380.346,1742.037,26.859,8635.122,1.719,8636.84,129006.83,200,352.637,392.222,18.294,0.398,16.401,3.941,7731.811,380.529,0.959,4567.8,16.7,1827.1,0,0,17.476,28.166,18.606,130.2,Burdekin,AyrDPI,Mulg,1958,Furrow,BareFallow,35,Surf1,200,110,LowFreq,0,P2R,15AprV1R4,T5,3479.4,2992.469,1806.209,2186.555,35.093,16.799,6.95763264381352,0.119518127341727,7.25452961672474,1.041025,39.822,999
2008,14/08/2008,227,2007,15-Apr,9,sugar,alive,1,396,2006,15/7/2007,105,0,0,318,2008,21,2039,7239.3,6518.82,5670.6,175.584,3283.36,15687,19440.427,7776.171,85.686,20.101,94,139.315,139.315,1.719,8635.122,8636.84,129006.83,0.665,19,2090,1333.5,466.601,1436.526,579.904,1241.381,313.55,1554.931,15.413,8636.985,1.25,8638.235,129275.599,200,252.782,309.43,26.353,0.52,2.818,5.142,6740.829,382.731,0.925,3691.8,13.5,1476.7,0,0,17.627,28.579,19.221,108.2,Burdekin,AyrDPI,Mulg,1958,Furrow,BareFallow,35,Surf1,200,110,LowFreq,0,P2R,15AprV1R4,T5,3423.5,2669.904,1903.127,2216.677,29.691,3.338,6.57641623069593,0.112920766259082,6.91275590551181,0.87792,32.834,999
2009,14/09/2009,257,2008,15-Apr,9,sugar,alive,2,396,2006,14/8/2008,105,0,0,318,2009,21,2039,6774.56,6055.87,5241.01,161.246,2942.13,15335.5,16471.993,6588.798,66.163,19.543,90,104.757,104.757,1.25,8636.985,8638.235,129275.599,0.666,17,1870,1792.3,487.594,1759.888,533.352,1164.166,295.074,1459.24,25.993,8638.945,1.396,8640.342,129352.99,200,251.348,307.698,27.737,0.093,2.877,5.335,6924.625,384.976,0.939,3996.6,14.6,1598.6,0,0,18.267,29.263,18.871,197.2,Burdekin,AyrDPI,Mulg,1958,Furrow,BareFallow,35,Surf1,200,110,LowFreq,0,P2R,15AprV1R4,T5,3662.3,2403.352,2247.482,2542.556,30.707,2.97,6.70921279945676,0.110499986294235,6.95025862068966,0.80623,29.421,999
2010,14/10/2010,287,2009,15-Apr,9,sugar,alive,3,395,2006,14/9/2009,105,0,0,318,2010,21,2039,7471.63,6687.47,5804.35,178.828,3281.59,16672.8,16432.307,6572.923,68.965,19.671,100.6,60.335,60.335,1.396,8638.945,8640.342,129352.99,0.665,20,2200,1233.5,366.101,1474,554.993,1235.432,286.194,1521.627,17.911,8634.381,1.714,8636.095,129266.427,200,261.554,319.403,30.027,0.097,2.517,5.805,7454.604,387.257,0.937,3956.8,14.5,1582.7,0,0,19.228,29.317,18.617,135.2,Burdekin,AyrDPI,Mulg,1958,Furrow,BareFallow,35,Surf1,200,110,LowFreq,0,P2R,15AprV1R4,T5,3433.5,2754.993,1840.101,2126.295,32.641,2.614,6.49105097544713,0.117524202711966,6.74822641509434,0.89414,32.816,999
2011,14/11/2011,318,2010,15-Apr,9,sugar,alive,4,396,2006,14/10/2010,105,0,0,318,2011,21,2039,6716.11,6057.55,5303.42,165.598,3420.12,14126.8,17535.144,7014.057,69.126,22.503,78.9,132.108,132.108,1.714,8634.381,8636.095,129266.427,0.662,18,1980,1310.7,449.453,1404.293,715.531,1114.842,375.742,1490.584,15.115,8626.972,1.778,8628.75,129154.378,200,215.77,313.833,65.799,1.001,9.368,12.147,7029.56,389.574,0.859,2795.6,10.2,1118.2,0,0,17.965,28.621,18.554,81.4,Burdekin,AyrDPI,Mulg,1958,Furrow,BareFallow,35,Surf1,200,110,LowFreq,0,P2R,15AprV1R4,T5,3290.7,2695.531,1853.746,2229.488,76.168,10.369,6.14342776989024,0.111096053627303,6.81473251028807,0.82799,34.201,999
2012,14/04/2012,105,0,15-Apr,9,none,out,-1,0,2006,0.000,105,0,0,318,-1,21,2039,0,0,0,0,0,0,14384.041,5753.616,59.013,0,0,78.478,78.478,1.778,8626.972,8628.75,129154.378,0.659,0,0,941.8,108.034,462.735,445.243,0,268.453,268.453,22.054,8723.908,5.448,8729.356,131903.983,0,0,10.288,0.688,0.096,0.617,0.048,3659.923,390.476,0,0.1,0,0,0,0,22.449,31.533,20.42,197.4,Burdekin,AyrDPI,Mulg,1958,Furrow,BareFallow,35,Surf1,200,110,LowFreq,0,P2R,15AprV1R4,T5,941.8,445.243,570.769,839.222,1.401,0.713,0,0,0,,0,999
2013,14/07/2013,195,2012,15-Apr,10,sugar,alive,0,456,2012,14/4/2012,105,0,0,318,2013,21,2039,8524.46,7672.98,6649.19,206.457,3811.29,18752.7,0,0,0,19.806,175.7,181.056,181.056,5.448,8723.908,8729.356,131903.983,0.661,23,2530,732,102.506,1527.893,445.755,1338.175,394.206,1732.382,28.333,8574.243,2.01,8576.253,128137.991,200,357.518,397.078,21.689,0.696,13.357,4.673,7209.785,393.212,0.965,4776.1,17.5,1910.5,0,0,17.447,28.351,18.992,178.6,Burdekin,AyrDPI,Mulg,1958,Furrow,BareFallow,35,Surf1,200,110,LowFreq,0,P2R,15AprV1R4,T5,3262,2975.755,1630.399,2024.605,35.742,14.053,6.93797036382363,0.119175216551546,6.92808724832215,1.032285,38.113,999
2014,14/08/2014,226,2013,15-Apr,10,sugar,alive,1,396,2012,14/7/2013,105,0,0,318,2014,21,2039,7271.25,6474.22,5663.41,174.045,3352.18,16078.3,19999.501,7999.802,88.472,20.79,87.8,80.276,80.276,2.01,8574.243,8576.253,128137.991,0.654,20,2200,683.8,301.067,1070.313,410.808,1229.774,289.323,1519.096,6.981,8584.836,1.027,8585.862,128563.689,200,248.604,301.344,24.475,0.438,1.512,4.847,6629.941,395.623,0.953,4361.2,16,1744.5,0,0,18.053,29.107,19.596,86.2,Burdekin,AyrDPI,Mulg,1958,Furrow,BareFallow,35,Surf1,200,110,LowFreq,0,P2R,15AprV1R4,T5,2883.8,2610.808,1371.38,1660.703,26.425,1.95,6.66632705277447,0.114571429323756,6.5677358490566,0.870225,33.522,999
2015,14/09/2015,257,2014,15-Apr,10,sugar,alive,2,396,2012,14/8/2014,105,0,0,318,2015,21,2039,7105.62,6335.18,5562.98,170.965,3439.44,15426.5,17373.634,6949.454,69.071,21.845,96.8,73.599,73.599,1.027,8584.836,8585.862,128563.689,0.656,21,2310,418.6,195.636,936.715,259.893,1294.958,303.24,1598.198,7.099,8585.507,1.259,8586.766,128561.342,200,259.236,314.837,23.926,0.059,3.296,4.7,7345.66,398.072,0.944,4129.3,15.1,1651.7,0,0,18.088,29.909,20.707,83.4,Burdekin,AyrDPI,Mulg,1958,Furrow,BareFallow,35,Surf1,200,110,LowFreq,0,P2R,15AprV1R4,T5,2728.6,2569.893,1132.351,1435.591,27.281,3.355,6.65261160678674,0.106973604021529,6.19438405797102,0.854825,34.394,999
2016,13/10/2016,287,2015,15-Apr,10,sugar,alive,3,395,2012,14/9/2015,105,0,0,318,2016,21,2039,7342.42,6531.2,5720.54,175.542,3298.41,16218.8,16622.393,6648.958,65.638,20.212,99.7,71.65,71.65,1.259,8585.507,8586.766,128561.342,0.655,21,2310,554.6,211.127,1066.863,412.515,1282.229,297.474,1579.704,8.287,8580.092,1.515,8581.608,128498.659,200,262.764,323.877,30.455,0.076,2.281,5.879,7535.872,400.552,0.949,4244.6,15.6,1697.8,0,0,19.408,30.07,19.21,43.6,Burdekin,AyrDPI,Mulg,1958,Furrow,BareFallow,35,Surf1,200,110,LowFreq,0,P2R,15AprV1R4,T5,2864.6,2722.515,1277.99,1575.464,32.812,2.357,6.44778816645638,0.111123349690828,6.36021739130435,0.87771,32.984,999
2017,13/11/2017,317,2016,15-Apr,10,sugar,alive,4,396,2012,13/10/2016,105,0,0,318,2017,21,2039,7521.39,6708.2,5771.57,177.543,3331.93,17498.1,17393.894,6957.558,69.293,20.183,94.5,78.557,78.557,1.515,8580.092,8581.608,128498.659,0.653,19,2090,933.4,188.971,1205.998,556.846,1328.484,284.616,1613.101,10.76,8571.327,1.705,8573.032,128324.188,200,261.043,325.679,35.942,0.095,2.582,6.849,7664.158,403.076,0.943,4097.8,15,1639.1,0,0,18.877,30.034,18.44,107.8,Burdekin,AyrDPI,Mulg,1958,Furrow,BareFallow,35,Surf1,200,110,LowFreq,0,P2R,15AprV1R4,T5,3023.4,2646.846,1394.969,1679.585,38.619,2.677,6.70771930063177,0.110063164054824,6.98988188976378,0.887715,33.319,999
2018,16/04/2018,106,0,15-Apr,10,none,out,-1,0,2012,0.000,106,1,0,319,-1,21,2039,0,0,0,0,0,0,18356.526,7342.611,74.618,0,0,93.888,93.888,1.705,8571.327,8573.032,128324.188,0.65,0,0,590.8,38.187,281.71,297.067,0,204.198,204.198,13.083,8680.113,3.979,8684.092,131851.077,0,0,5.589,0.252,0.042,0.173,0.021,3629.546,404.077,0,0.1,0,0.1,0,0,22.086,31.595,18.671,130.4,Burdekin,AyrDPI,Mulg,1958,Furrow,BareFallow,35,Surf1,200,110,LowFreq,0,P2R,15AprV1R4,T5,590.8,297.067,319.897,524.095,0.467,0.215,0,0,0,,0,999
2019,16/07/2019,197,2018,15-Apr,11,sugar,alive,0,456,2018,16/4/2018,106,1,0,319,2019,20,2039,7402.73,6602.94,5755.15,176.924,3069.35,16475.8,0,0,0,18.439,172.1,160.593,160.593,3.979,8680.113,8684.092,131851.077,0.652,20,2200,1216.9,303.897,1629.779,488.729,1230.186,322.186,1552.372,24.336,8534.572,2.249,8536.821,127466.006,200,357.324,392.791,15.475,0.179,13.909,3.528,7827.419,407.053,0.961,4627.5,17,1851,0,0,17.883,29.192,16.746,92.8,Burdekin,AyrDPI,Mulg,1958,Furrow,BareFallow,35,Surf1,200,110,LowFreq,0,P2R,15AprV1R4,T5,3416.9,2688.729,1933.676,2255.862,29.563,14.088,6.58020945956249,0.113970105103674,6.67637735849057,0.88462,30.694,999
2020,15/08/2020,228,2019,15-Apr,11,sugar,alive,1,396,2018,16/7/2019,106,1,0,319,2020,20,2039,7248.31,6451.12,5589,171.606,3117.1,16593.1,17937.768,7175.108,90.132,19.442,97.8,91.446,91.446,2.249,8534.572,8536.821,127466.006,0.647,19,2090,1063.1,348.805,1236.555,450.405,1283.478,290.367,1573.844,10.583,8526.546,1.247,8527.793,127575.608,200,255.418,314.098,31.476,0.719,3.806,6.173,6503.715,409.668,0.942,4060.1,14.9,1624.1,0,0,17.914,29.554,18.515,327.8,Burdekin,AyrDPI,Mulg,1958,Furrow,BareFallow,35,Surf1,200,110,LowFreq,0,P2R,15AprV1R4,T5,3153.1,2540.405,1585.36,1875.727,36.001,4.525,6.75506464520421,0.10903621959991,6.75614173228346,0.85803,31.171,999
2021,15/09/2021,258,2020,15-Apr,11,sugar,alive,2,396,2018,15/8/2020,106,1,0,319,2021,20,2039,6819.64,6082.3,5206.32,159.788,2803.35,16133.2,17555.233,7022.093,72.679,18.679,85.6,85.341,85.341,1.247,8526.546,8527.793,127575.608,0.648,20,2200,1075.5,417.597,1409.28,436.456,1140.145,272.259,1412.404,18.18,8533.225,1.408,8534.633,127743.854,200,246.169,305.917,28.768,0.082,2.572,5.554,6904.555,412.327,0.928,3751.9,13.7,1500.8,0,0,18.813,29.303,17.235,132.4,Burdekin,AyrDPI,Mulg,1958,Furrow,BareFallow,35,Surf1,200,110,LowFreq,0,P2R,15AprV1R4,T5,3275.5,2636.456,1826.877,2099.136,31.422,2.654,6.06071180402783,0.11313193675464,6.0297358490566,0.79894,28.034,999
1959,15/04/1959,105,0,15-Apr,0,none,out,-1,0,-1,0.000,105,0,0,318,-1,21,2039,0,0,0,0,0,0,0,0,0,0,0,0,0,0,0,0,0,0.89,0,0,680.2,0,344.03,336.17,0,225.065,225.065,15.793,9503.118,35.821,9538.939,141750.868,0,0,37.743,4.124,0,0.996,0.67,1071.826,350,0,0.1,0,0,0,0,21.816,30.221,18.76,162.8,Burdekin,AyrDPI,Mulg,1959,Furrow,BareFallow,35,Surf1,200,110,LowFreq,0,P2R,15AprV1R4,T5,680.2,336.17,344.03,569.095,5.12,0.996,0,0,0,,0,999
1960,14/07/1960,196,1959,15-Apr,1,sugar,alive,0,456,1959,15/4/1959,105,0,0,318,1960,21,2039,7970.95,7161.91,6176.94,191.483,3391.43,17940.1,0,0,0,18.885,132.5,140.656,140.656,35.821,9503.118,9538.939,141750.868,0.884,21,2310,1153.2,150.467,1728.922,583.165,1287.124,366.112,1653.237,27.146,9418.805,0.68,9419.485,141366.897,200,298.906,320.395,35.844,0.113,20.045,7.507,3372.199,350,0.973,5160.4,18.9,2064.2,0,0,17.069,28.071,18.912,210.1,Burdekin,AyrDPI,Mulg,1959,Furrow,BareFallow,35,Surf1,200,110,LowFreq,0,P2R,15AprV1R4,T5,3463.2,2893.165,1879.389,2245.501,56.002,20.158,6.618461097103,0.115823079207639,6.93778985507246,0.957415,33.914,999
1961,14/08/1961,226,1960,15-Apr,1,sugar,alive,1,396,1959,14/7/1960,105,0,0,318,1961,21,2039,6539.84,5836.27,5066.08,155.748,3072.26,14737.6,19635.477,7854.192,91.343,21.363,75.3,71.231,71.231,0.68,9418.805,9419.485,141366.897,0.868,20,2200,498.3,306.951,849.451,304.513,1216.596,317.293,1533.89,5.628,9439.256,1.061,9440.317,142446.618,200,229.89,292.905,26.46,0.001,1.598,5.208,5572.979,350,0.93,3807.8,14,1523.1,0,0,16.793,28.667,20.656,63.2,Burdekin,AyrDPI,Mulg,1959,Furrow,BareFallow,35,Surf1,200,110,LowFreq,0,P2R,15AprV1R4,T5,2698.3,2504.513,1156.402,1473.695,28.059,1.599,6.21869401356671,0.101537919929069,5.87728301886792,0.77874,30.723,999
1962,14/09/1962,257,1961,15-Apr,1,sugar,alive,2,396,1959,14/8/1961,105,0,0,318,1962,21,2039,6920.11,6174.48,5302.85,162.704,3008.6,16172.6,15763.65,6305.461,62.955,19.844,91.7,79.239,79.239,1.061,9439.256,9440.317,142446.618,0.866,18,1980,937.4,307.036,1070.025,520.507,1261.676,295.954,1557.63,8.679,9425.507,1.162,9426.668,143337.195,200,260.322,318.815,31.434,0.001,2.514,6.076,5855.548,350,0.952,4340.8,15.9,1736.3,0,0,17.109,29.133,20.274,102.1,Burdekin,AyrDPI,Mulg,1959,Furrow,BareFallow,35,Surf1,200,110,LowFreq,0,P2R,15AprV1R4,T5,2917.4,2500.507,1377.061,1673.015,33.949,2.515,6.50684041276429,0.104456128862438,6.69563786008231,0.81352,30.086,999
1963,14/10/1963,287,1962,15-Apr,1,sugar,alive,3,395,1959,14/9/1962,105,0,0,318,1963,21,2039,6924.56,6234.7,5311.26,163.792,2985.65,16133,17436.374,6974.551,74.877,19.521,96.2,61.948,61.948,1.162,9425.507,9426.668,143337.195,0.858,19,2090,1159.2,348.138,1361.609,647.299,1247.515,287.146,1534.661,13.723,9405.073,1.421,9406.494,144119.539,200,262.366,329.727,40.984,0.002,2.608,7.779,6224.063,350,0.942,4077.3,14.9,1630.9,0,0,17.278,29.174,19.607,91.9,Burdekin,AyrDPI,Mulg,1959,Furrow,BareFallow,35,Surf1,200,110,LowFreq,0,P2R,15AprV1R4,T5,3249.2,2737.299,1709.747,1996.893,43.594,2.61,5.98370875815905,0.106728456642868,6.44850393700787,0.81896,29.856,999
1964,13/11/1964,318,1963,15-Apr,1,sugar,alive,4,396,1959,14/10/1963,105,0,0,318,1964,21,2039,6680.18,5918.55,5038.4,153.847,2935.78,16417.8,17178.735,6871.494,75.216,20.572,104.9,66.74,66.74,1.421,9405.073,9406.494,144119.539,0.85,20,2200,609.9,204.385,1068.393,462.645,1258.481,280.311,1538.793,7.215,9374.878,1.853,9376.732,144625.697,200,275.807,346.076,39.966,0.002,2.585,7.636,6690.299,350,0.928,3761.2,13.8,1504.5,0,0,18.207,29.941,19.626,92.7,Burdekin,AyrDPI,Mulg,1959,Furrow,BareFallow,35,Surf1,200,110,LowFreq,0,P2R,15AprV1R4,T5,2809.9,2662.645,1272.778,1553.089,42.553,2.587,5.77797641067435,0.0999790095223984,5.80554716981132,0.769235,29.358,999
1965,15/04/1965,105,0,15-Apr,1,none,out,-1,0,1959,0.000,105,0,0,318,-1,21,2039,0,0,0,0,0,0,17152.207,6860.883,78.274,0,0,65.071,65.071,1.853,9374.878,9376.732,144625.697,0.841,0,0,672.7,54.916,322.945,340.801,0,195.082,195.082,14.152,9467.817,18.644,9486.461,147215.454,0,0,23.862,1.65,0.001,1.137,0.14,3969.799,350,0,0.1,0,0,0,0,20.666,31.784,21.473,107.4,Burdekin,AyrDPI,Mulg,1959,Furrow,BareFallow,35,Surf1,200,110,LowFreq,0,P2R,15AprV1R4,T5,672.7,340.801,377.861,572.943,2.788,1.138,0,0,0,,0,999
1966,15/07/1966,196,1965,15-Apr,2,sugar,alive,0,456,1965,15/4/1965,105,0,0,318,1966,21,2039,8137.14,7298.45,6325.64,195.707,3493.16,18115,0,0,0,19.054,170.8,164.83,164.83,18.644,9467.817,9486.461,147215.454,0.841,23,2530,465.4,71.334,1287.66,322.794,1354.245,372.032,1726.276,26.745,9311.249,1.806,9313.055,144882.676,200,362.192,400.381,34.895,0.001,16.618,7.322,5808.413,350,0.962,4671.1,17.1,1868.4,0,0,17.033,28.275,19.056,102.9,Burdekin,AyrDPI,Mulg,1959,Furrow,BareFallow,35,Surf1,200,110,LowFreq,0,P2R,15AprV1R4,T5,2995.4,2852.794,1358.994,1731.026,51.514,16.619,6.86018689046598,0.11336947278419,6.56734899328859,0.978535,34.932,999
1967,15/08/1967,227,1966,15-Apr,2,sugar,alive,1,396,1965,15/7/1966,105,0,0,318,1967,21,2039,6954.36,6226.14,5358.79,165.42,3126.76,15955.7,19368.168,7747.269,97.022,20.349,95,74.961,74.961,1.806,9311.249,9313.055,144882.676,0.824,19,2090,834,312.131,1086.027,436.134,1201.877,319.067,1520.944,10.136,9301.324,1.179,9302.503,145288.268,200,253.715,320.349,36.918,0.004,2.277,7.24,6257.97,350,0.925,3700.5,13.6,1480.2,0,0,17.814,28.509,19.254,154.9,Burdekin,AyrDPI,Mulg,1959,Furrow,BareFallow,35,Surf1,200,110,LowFreq,0,P2R,15AprV1R4,T5,2924,2526.134,1398.158,1717.225,39.199,2.281,6.54834620807922,0.108761400814231,6.51259842519685,0.8271,31.268,999
1968,14/09/1968,258,1967,15-Apr,2,sugar,alive,2,396,1965,15/8/1967,105,0,0,318,1968,21,2039,7195.61,6429.13,5595.23,172.054,3141.92,16003.8,16707.762,6683.105,69.667,19.561,94.6,79.858,79.858,1.179,9301.324,9302.503,145288.268,0.82,19,2090,1458.4,396.834,1683.771,523.192,1190.618,292.79,1483.408,23.851,9292.276,1.144,9293.42,145939.763,200,262.413,318.528,29.651,0.005,2.402,5.754,6397.764,350,0.957,4499.7,16.5,1799.9,0,0,17.894,28.57,20.086,187.9,Burdekin,AyrDPI,Mulg,1959,Furrow,BareFallow,35,Surf1,200,110,LowFreq,0,P2R,15AprV1R4,T5,3548.4,2613.192,2080.605,2373.395,32.058,2.407,6.58405505603875,0.115985622296765,6.77377952755906,0.86027,31.419,999
1969,14/10/1969,287,1968,15-Apr,2,sugar,alive,3,395,1965,14/9/1968,105,0,0,318,1969,21,2039,7060.33,6301.08,5430.57,166.806,3124.29,16297.6,17427.975,6971.189,74.481,20.138,98.6,64.246,64.246,1.144,9292.276,9293.42,145939.763,0.813,23,2530,202.9,263.485,860.81,165.059,1310.733,298.064,1608.797,5.099,9275.325,1.428,9276.753,146272.76,200,267.375,329.504,35.258,0.004,2.149,6.744,6857.111,350,0.953,4367,16,1746.8,0,0,17.557,29.56,20.698,46.5,Burdekin,AyrDPI,Mulg,1959,Furrow,BareFallow,35,Surf1,200,110,LowFreq,0,P2R,15AprV1R4,T5,2732.9,2695.059,1124.295,1422.359,37.411,2.153,6.18932646743541,0.103683684144115,5.59751677852349,0.83403,31.243,999
1970,14/11/1970,318,1969,15-Apr,2,sugar,alive,4,396,1965,14/10/1969,105,0,0,318,1970,21,2039,7473,6696.66,5686.15,175.388,3421.5,17868.5,17564.837,7025.937,75.588,21.095,101.5,64.053,64.053,1.428,9275.325,9276.753,146272.76,0.806,21,2310,761.7,282.741,1131.278,461.722,1344.692,295.699,1640.391,9.401,9250.988,2.152,9253.14,146319.939,200,271.342,337.019,39.594,0.006,3.065,7.455,7277.952,350,0.933,3854.6,14.1,1541.8,0,0,18.289,29.657,20.574,133.6,Burdekin,AyrDPI,Mulg,1959,Furrow,BareFallow,35,Surf1,200,110,LowFreq,0,P2R,15AprV1R4,T5,3071.7,2771.722,1414.019,1709.718,42.665,3.071,6.32776302962563,0.106918411525057,6.35463768115942,0.87694,34.215,999
1971,15/04/1971,105,0,15-Apr,2,none,out,-1,0,1965,0.000,105,0,0,318,-1,21,2039,0,0,0,0,0,0,18464.663,7385.866,78.534,0,0,81.343,81.343,2.152,9250.988,9253.14,146319.939,0.798,0,0,891.5,70.033,425.324,440.953,0,323.288,323.288,20.137,9350.93,12.571,9363.502,149274.271,0,0,18.401,1.012,0.004,1.125,0.085,4121.907,350,0,0.1,0,0,0,0,21.951,31.08,20.37,220,Burdekin,AyrDPI,Mulg,1959,Furrow,BareFallow,35,Surf1,200,110,LowFreq,0,P2R,15AprV1R4,T5,891.5,440.953,495.357,818.645,2.141,1.129,0,0,0,,0,999
1972,14/07/1972,196,1971,15-Apr,3,sugar,alive,0,456,1971,15/4/1971,105,0,0,318,1972,21,2039,7635.27,6878.85,5899.34,182.392,3188.38,17359.2,0,0,0,18.602,159.2,154.198,154.198,12.571,9350.93,9363.502,149274.271,0.8,20,2200,1556.2,255.019,1866.043,676.221,1310.505,389.956,1700.461,31.533,9205.07,1.862,9206.932,145524.072,200,344.161,384.254,32.427,0.005,18.373,6.832,7055.358,350,0.964,4754.9,17.4,1902,0,0,16.519,28.374,18.892,206.2,Burdekin,AyrDPI,Mulg,1959,Furrow,BareFallow,35,Surf1,200,110,LowFreq,0,P2R,15AprV1R4,T5,3756.2,2876.221,2121.062,2511.018,50.805,18.378,6.34137641022717,0.10726032528826,6.88271698113208,0.91196,31.884,999
1973,14/08/1973,226,1972,15-Apr,3,sugar,alive,1,396,1971,14/7/1972,105,0,0,318,1973,21,2039,6906.14,6138.82,5286.27,162.201,2722.44,16198.6,18797.03,7518.811,95.192,17.745,96.7,88.875,88.875,1.862,9205.07,9206.932,145524.072,0.784,19,2090,1040.8,402.053,1208.959,529.069,1204.217,309.749,1513.967,10.458,9197.088,1.672,9198.76,144843.167,200,255.14,316.59,33.258,0.01,1.954,6.551,7358.72,350,0.924,3689.2,13.5,1475.7,0,0,17.642,28.812,19.734,108.5,Burdekin,AyrDPI,Mulg,1959,Furrow,BareFallow,35,Surf1,200,110,LowFreq,0,P2R,15AprV1R4,T5,3130.8,2619.069,1611.012,1920.761,35.222,1.964,6.19307853286798,0.107136417108167,6.38586614173228,0.811005,27.224,999
1974,14/09/1974,257,1973,15-Apr,3,sugar,alive,2,396,1971,14/8/1973,105,0,0,318,1974,21,2039,6278.92,5654.63,4779.25,147.378,2560.12,14996.7,16904.625,6761.85,68.699,18.467,83.6,94.697,94.697,1.672,9197.088,9198.76,144843.167,0.782,15,1650,2022,713.255,1643.864,726.888,1033.35,310.321,1343.671,23.003,9194.772,1.396,9196.168,144304.052,200,237.438,308.984,42.585,0.027,3.427,8.136,7264.335,350,0.909,3428.8,12.6,1371.5,0,0,17.679,28.244,18.189,152.9,Burdekin,AyrDPI,Mulg,1959,Furrow,BareFallow,35,Surf1,200,110,LowFreq,0,P2R,15AprV1R4,T5,3672,2376.888,2357.119,2667.44,46.039,3.454,6.20046043397922,0.109683099508734,7.018,0.73689,25.601,999
1975,14/10/1975,287,1974,15-Apr,3,sugar,alive,3,395,1971,14/9/1974,105,0,0,318,1975,21,2039,7612.22,6841.43,5828.93,179.923,3315.38,17832.9,15661.664,6264.666,67.111,19.765,116,65.907,65.907,1.396,9194.772,9196.168,144304.052,0.778,20,2200,780.5,208.217,1161.963,521.018,1274.915,312.073,1586.988,10.747,9150.509,1.681,9152.19,143729.61,200,289.81,350.49,36.635,0.014,3.104,7.066,7526.295,350,0.947,4202.1,15.4,1680.8,0,0,18.147,28.754,19.953,65,Burdekin,AyrDPI,Mulg,1959,Furrow,BareFallow,35,Surf1,200,110,LowFreq,0,P2R,15AprV1R4,T5,2980.5,2721.018,1370.18,1682.253,39.753,3.118,6.61234141045741,0.113373888145342,6.78954716981132,0.899615,33.154,999
1976,13/11/1976,318,1975,15-Apr,3,sugar,alive,4,396,1971,14/10/1975,105,0,0,318,1976,21,2039,7289.69,6567.22,5659.06,176.042,3492.96,16306.2,18729.755,7491.903,79.143,21.505,91.3,89.239,89.239,1.681,9150.509,9152.19,143729.61,0.771,18,1980,1934.3,685.479,1680.966,744.209,1228.538,321.912,1550.45,11.99,9133.168,2.266,9135.434,143707.26,200,245.016,330.884,50.932,0.439,9.587,9.322,7280.292,350,0.887,3108.6,11.4,1243.4,0,0,17.87,28.574,19.684,179.8,Burdekin,AyrDPI,Mulg,1959,Furrow,BareFallow,35,Surf1,200,110,LowFreq,0,P2R,15AprV1R4,T5,3914.3,2724.209,2366.445,2688.357,60.958,10.026,6.46213267777913,0.113542519913573,7.24452674897119,0.88021,34.93,999
1977,15/04/1977,105,0,15-Apr,3,none,out,-1,0,1971,0.000,105,0,0,318,-1,21,2039,0,0,0,0,0,0,16502.596,6601.039,68.725,0,0,86.644,86.644,2.266,9133.168,9135.434,143707.26,0.765,0,0,1139.4,102.428,704.656,399.973,0,257.883,257.883,32.836,9225.075,14.838,9239.913,146057.926,0,0,21.645,1.443,0.032,1.508,0.119,4504.149,350,0,0.1,0,0,0,0,22.735,31.161,20.49,170.6,Burdekin,AyrDPI,Mulg,1959,Furrow,BareFallow,35,Surf1,200,110,LowFreq,0,P2R,15AprV1R4,T5,1139.4,399.973,807.084,1064.967,2.983,1.54,0,0,0,,0,999
1978,15/07/1978,196,1977,15-Apr,4,sugar,alive,0,456,1977,15/4/1977,105,0,0,318,1978,21,2039,8479.93,7627.9,6617.4,205.203,3613.77,18625.3,0,0,0,18.761,180.1,161.078,161.078,14.838,9225.075,9239.913,146057.926,0.766,20,2200,1025.3,83.779,1507.811,553.051,1314.267,380.781,1695.047,29.056,9062.648,2.046,9064.694,142845.144,200,372.071,406.166,24.874,0.019,18.583,5.424,6671.066,350,0.969,4959.6,18.2,1983.9,0,0,17.081,27.79,19.578,150.6,Burdekin,AyrDPI,Mulg,1959,Furrow,BareFallow,35,Surf1,200,110,LowFreq,0,P2R,15AprV1R4,T5,3225.3,2753.051,1591.59,1972.371,43.476,18.602,7.45365777822496,0.121060359978219,7.74350943396227,1.026015,36.138,999
1979,15/08/1979,227,1978,15-Apr,4,sugar,alive,1,396,1977,15/7/1978,105,0,0,318,1979,21,2039,6583.07,5921.02,5079.83,156.953,2753.07,15032.4,20047.179,8018.871,95.365,18.675,90,99.741,99.741,2.046,9062.648,9064.694,142845.144,0.753,18,1980,1586.7,406.924,1740.185,669.844,1087.662,334.462,1422.125,19,9061.802,1.475,9063.277,143051.444,200,240.724,309.242,39.849,0.055,4.087,7.643,6609.551,350,0.909,3417.8,12.5,1367.1,0,0,17.732,28.057,18.794,350.7,Burdekin,AyrDPI,Mulg,1959,Furrow,BareFallow,35,Surf1,200,110,LowFreq,0,P2R,15AprV1R4,T5,3566.7,2649.844,2147.109,2481.571,43.991,4.142,5.92310339778493,0.110365122615804,6.45897119341564,0.784765,27.531,999
1980,14/09/1980,258,1979,15-Apr,4,sugar,alive,2,396,1977,15/8/1979,105,0,0,318,1980,21,2039,7299.79,6536.92,5677.49,175.044,3326.4,16223,15682.685,6273.074,63.496,20.474,100.4,97.207,97.207,1.475,9061.802,9063.277,143051.444,0.752,20,2200,778.5,275.566,1214.06,437.855,1205.816,311.463,1517.279,13.336,9048.77,1.171,9049.941,143131.813,200,263.621,321.31,31.151,0.048,2.452,6.046,6852.973,350,0.948,4209.9,15.4,1684,0,0,18.321,28.783,20.553,86.4,Burdekin,AyrDPI,Mulg,1959,Furrow,BareFallow,35,Surf1,200,110,LowFreq,0,P2R,15AprV1R4,T5,2978.5,2637.855,1489.626,1801.089,33.651,2.5,6.63584617046805,0.115367048512502,6.60543396226415,0.87522,33.264,999
1981,14/10/1981,287,1980,15-Apr,4,sugar,alive,3,395,1977,14/9/1980,105,0,0,318,1981,21,2039,6835.94,6101.37,5287.34,162.534,3016.37,15486,17367.981,6947.192,71.252,19.927,92.3,68.802,68.802,1.171,9048.77,9049.941,143131.813,0.747,18,1980,1125.6,399.825,1286.551,537.93,1139.848,284.622,1424.47,12.378,9046.873,1.365,9048.237,143360,200,253.82,313.254,32.161,0.047,2.566,6.171,6889.379,350,0.949,4251.1,15.6,1700.4,0,0,17.855,28.507,19.328,104.8,Burdekin,AyrDPI,Mulg,1959,Furrow,BareFallow,35,Surf1,200,110,LowFreq,0,P2R,15AprV1R4,T5,3105.6,2517.93,1686.376,1970.998,34.774,2.613,6.45506427899108,0.114101385076555,6.68864197530864,0.81267,30.164,999
1982,14/11/1982,318,1981,15-Apr,4,sugar,alive,4,396,1977,14/10/1981,105,0,0,318,1982,21,2039,7273.4,6573.29,5611.62,174.37,3377.23,16617.7,16776.535,6710.614,72.018,20.923,94.3,63.557,63.557,1.365,9046.873,9048.237,143360,0.743,22,2420,594.4,218.226,1159.561,427.765,1299.646,332.759,1632.405,12.001,9020.629,1.618,9022.246,142977.978,200,252.436,335.989,57.359,0.154,1.994,10.852,7292.587,350,0.925,3700.8,13.6,1480.3,0,0,17.665,29.241,20.364,47.4,Burdekin,AyrDPI,Mulg,1959,Furrow,BareFallow,35,Surf1,200,110,LowFreq,0,P2R,15AprV1R4,T5,3014.4,2847.765,1377.787,1710.546,59.507,2.148,6.12304737223753,0.106817854637789,6.07560975609756,0.87185,33.772,999
1983,18/04/1983,108,0,15-Apr,4,none,out,-1,0,1977,0.000,108,3,0,321,-1,19,2039,0,0,0,0,0,0,17270.725,6908.291,74.003,0,0,67.764,67.764,1.618,9020.629,9022.246,142977.978,0.737,0,0,364.4,0.604,101.282,262.994,0,179.449,179.449,4.691,9121.797,6.892,9128.688,145780.914,0,0,8.719,0.304,0.001,0.139,0.033,3986.353,350,0,0.1,0,0,0,0,22.105,31.473,22.354,73,Burdekin,AyrDPI,Mulg,1959,Furrow,BareFallow,35,Surf1,200,110,LowFreq,0,P2R,15AprV1R4,T5,364.4,262.994,101.886,281.335,0.444,0.14,0,0,0,,0,999
1984,17/07/1984,199,1983,15-Apr,5,sugar,alive,0,456,1983,18/4/1983,108,3,0,321,1984,18,2039,7833.81,7010.25,6032.18,186.06,3565.61,18016.4,0,0,0,20.671,164.8,150.831,150.831,6.892,9121.797,9128.688,145780.914,0.739,22,2420,771.9,107.541,1484.256,516.488,1286.917,384.418,1671.335,29.829,8974.177,1.977,8976.154,141820.676,200,350.676,393.835,24.253,0.046,16.211,5.19,7295.833,350,0.964,4767.3,17.5,1906.9,0,0,17.649,28.237,18.184,95.4,Burdekin,AyrDPI,Mulg,1959,Furrow,BareFallow,35,Surf1,200,110,LowFreq,0,P2R,15AprV1R4,T5,3191.9,2936.488,1591.797,1976.215,40.51,16.257,6.33614031455262,0.111324180969106,6.48292682926829,0.9303,35.656,999
1985,17/08/1985,229,1984,15-Apr,5,sugar,alive,1,396,1983,17/7/1984,108,3,0,321,1985,18,2039,6714.36,6007.33,5190.23,159.816,2925.54,15241.3,19366.151,7746.461,94.394,19.616,94.8,79.6,79.6,1.977,8974.177,8976.154,141820.676,0.728,18,1980,859.7,246.05,1108.614,581.62,1159.893,336.222,1496.115,11.567,8964.714,1.134,8965.849,141597.66,200,249.918,311.941,38.149,0.1,2.636,7.432,6749.314,350,0.937,3957.5,14.5,1583,0,0,17.354,28.395,19.214,111.4,Burdekin,AyrDPI,Mulg,1959,Furrow,BareFallow,35,Surf1,200,110,LowFreq,0,P2R,15AprV1R4,T5,2839.7,2561.62,1354.664,1690.886,40.885,2.736,6.23886446857848,0.106820665523706,6.57679012345679,0.79908,29.255,999
1986,17/09/1986,260,1985,15-Apr,5,sugar,alive,2,396,1983,17/8/1985,108,3,0,321,1986,18,2039,6857.63,6139.81,5242.28,161.286,2983.8,16153.5,16319.006,6527.602,68.66,19.855,95.2,68.521,68.521,1.134,8964.714,8965.849,141597.66,0.728,20,2200,745.7,208.057,1209.086,474.354,1200.457,311.031,1511.488,9.457,8946.892,1.451,8948.343,141121.315,200,255.981,326.033,41.087,0.089,2.898,7.79,7304.326,350,0.927,3747.3,13.7,1498.9,0,0,18.107,29.036,18.861,117.8,Burdekin,AyrDPI,Mulg,1959,Furrow,BareFallow,35,Surf1,200,110,LowFreq,0,P2R,15AprV1R4,T5,2945.7,2674.354,1417.143,1728.174,44.074,2.987,6.03083959715131,0.106706768429521,6.0862641509434,0.80643,29.838,999
1987,17/10/1987,290,1986,15-Apr,5,sugar,alive,3,395,1983,17/9/1986,108,3,0,321,1987,18,2039,6807.04,6075.94,5266.74,161.99,3032.31,15402.9,16915.724,6766.29,70.064,20.125,92.6,85.591,85.591,1.451,8946.892,8948.343,141121.315,0.723,22,2420,411.3,291.519,945.073,316.113,1264.557,352.841,1617.397,7.819,8932.31,1.364,8933.675,140739.355,200,248.745,323.087,48.762,0.145,1.956,9.365,7312.474,350,0.944,4126.7,15.1,1650.7,0,0,18.472,29.811,19.953,44,Burdekin,AyrDPI,Mulg,1959,Furrow,BareFallow,35,Surf1,200,110,LowFreq,0,P2R,15AprV1R4,T5,2831.3,2736.113,1236.592,1589.433,50.863,2.101,5.9204426132985,0.100154754831374,5.64425087108014,0.80995,30.323,999
1988,16/11/1988,321,1987,15-Apr,5,sugar,alive,4,396,1983,17/10/1987,108,3,0,321,1988,18,2039,7049.64,6283.94,5419.18,167.2,3130.97,16304.6,16600.172,6640.069,69.834,20.133,96.4,62.902,62.902,1.364,8932.31,8933.675,140739.355,0.718,21,2310,981.3,237.953,1474.073,395.735,1234.34,334.072,1568.412,19.73,8913.623,1.932,8915.555,140070.938,200,253.772,329.87,46.186,0.197,2.917,8.785,7546.957,350,0.923,3668.5,13.4,1467.4,0,0,18.75,29.606,19.987,254,Burdekin,AyrDPI,Mulg,1959,Furrow,BareFallow,35,Surf1,200,110,LowFreq,0,P2R,15AprV1R4,T5,3291.3,2705.735,1712.026,2046.098,49.3,3.114,6.17946694705875,0.106604642147599,6.05797101449275,0.836,31.31,999
1989,15/04/1989,105,0,15-Apr,5,none,out,-1,0,1983,0.000,105,0,0,321,-1,18,2039,0,0,0,0,0,0,16977.171,6790.868,72.062,0,0,73.764,73.764,1.932,8913.623,8915.555,140070.938,0.713,0,0,1075.1,89.302,532.215,515.521,0,320.787,320.787,25.024,9013.835,5.956,9019.791,142769.445,0,0,11.954,1.013,0.102,1.139,0.072,3952.606,350,0,0.1,0,0,0,0,21.811,31.067,20.611,134.8,Burdekin,AyrDPI,Mulg,1959,Furrow,BareFallow,35,Surf1,200,110,LowFreq,0,P2R,15AprV1R4,T5,1075.1,515.521,621.517,942.304,2.254,1.241,0,0,0,,0,999
1990,15/07/1990,196,1989,15-Apr,6,sugar,alive,0,456,1989,15/4/1989,105,0,0,318,1990,21,2039,7448.18,6675.34,5764.56,178.154,3388.18,16836.2,0,0,0,20.492,154.5,206.56,206.56,5.956,9013.835,9019.791,142769.445,0.715,19,2090,1562.6,419.408,1682.578,703.841,1220.36,443.705,1664.065,29.106,8876.052,2.017,8878.069,138349.134,200,329.727,376.907,27.796,0.188,19.817,5.888,7483.965,350.462,0.962,4657.8,17.1,1863.1,0,0,17.385,28.018,18.506,103,Burdekin,AyrDPI,Mulg,1959,Furrow,BareFallow,35,Surf1,200,110,LowFreq,0,P2R,15AprV1R4,T5,3652.6,2793.841,2101.986,2545.691,47.801,20.005,6.37666925211564,0.10705951991058,7.01393700787402,0.89077,33.882,999
1991,15/08/1991,227,1990,15-Apr,6,sugar,alive,1,396,1989,15/7/1990,105,0,0,318,1991,21,2039,6762.02,6089.93,5229.69,161.562,2716.9,15323.3,18269.932,7307.972,90.789,17.784,96.6,93.11,93.11,2.017,8876.052,8878.069,138349.134,0.704,19,2090,1680.4,574.608,1737.688,362.514,1181.464,292.845,1474.308,23.721,8876.489,1.337,8877.826,137662.651,200,249.853,302.068,26.414,0.173,3.714,5.23,7188.663,352.128,0.92,3609.6,13.2,1443.8,0,0,16.827,28.484,19.182,204.4,Burdekin,AyrDPI,Mulg,1959,Furrow,BareFallow,35,Surf1,200,110,LowFreq,0,P2R,15AprV1R4,T5,3770.4,2452.514,2312.296,2605.141,30.301,3.887,6.58760765483908,0.109584971389967,6.36070866141732,0.80781,27.169,999
1992,14/09/1992,258,1991,15-Apr,6,sugar,alive,2,396,1989,15/8/1991,105,0,0,318,1992,21,2039,7741.71,6945.45,6086.9,188.045,3671.45,16548.1,16092.979,6437.192,65.749,21.115,102.1,76.906,76.906,1.337,8876.489,8877.826,137662.651,0.706,21,2310,643.5,262.092,1040.954,351.242,1351.476,294.826,1646.302,8.088,8863.675,1.375,8865.05,136751.501,200,269.962,322.051,25.936,0.158,1.918,5.08,8007.65,353.823,0.952,4350,15.9,1740,0,0,17.978,29.375,20.6,122.8,Burdekin,AyrDPI,Mulg,1959,Furrow,BareFallow,35,Surf1,200,110,LowFreq,0,P2R,15AprV1R4,T5,2953.5,2661.242,1303.046,1597.872,28.012,2.076,7.06606163588279,0.114222663885484,6.81322463768116,0.940225,36.714,999
1993,14/10/1993,287,1992,15-Apr,6,sugar,alive,3,395,1989,14/9/1992,105,0,0,318,1993,21,2039,7494.24,6706.92,5858.89,180.758,3675.99,16353.5,17763.334,7105.334,71.691,22.114,97.4,81.058,81.058,1.375,8863.675,8865.05,136751.501,0.702,22,2420,531.1,227.786,1142.552,353.087,1284.642,305.723,1590.364,9.749,8858.153,1.497,8859.65,135853.579,200,265.506,323.442,28.38,0.152,2.49,5.431,8472.558,355.556,0.944,4111.7,15.1,1644.7,0,0,17.951,29.038,20.484,72,Burdekin,AyrDPI,Mulg,1959,Furrow,BareFallow,35,Surf1,200,110,LowFreq,0,P2R,15AprV1R4,T5,2951.1,2773.087,1370.338,1676.061,31.022,2.642,6.51829531493242,0.113658256851891,6.29818815331011,0.90379,36.76,999
1994,14/11/1994,318,1993,15-Apr,6,sugar,alive,4,396,1989,14/10/1993,105,0,0,318,1994,21,2039,7608.13,6826.29,6018.35,186.25,3714.06,15897.8,17395.398,6958.159,70.465,21.628,98,71.456,71.456,1.497,8858.153,8859.65,135853.579,0.699,22,2420,365.6,138.122,1015.072,272.141,1331.331,311.627,1642.958,9.721,8846.301,1.547,8847.848,134760.501,200,264.112,325.131,33.899,0.129,5.484,6.614,8586.241,357.322,0.954,4400.2,16.1,1760.1,0,0,18.061,29.441,20.865,46.8,Burdekin,AyrDPI,Mulg,1959,Furrow,BareFallow,35,Surf1,200,110,LowFreq,0,P2R,15AprV1R4,T5,2785.6,2692.141,1153.194,1464.821,39.512,5.613,6.91828548356123,0.113362605739161,6.48954703832753,0.93125,37.141,999
1995,15/04/1995,105,0,15-Apr,6,none,out,-1,0,1989,0.000,105,0,0,318,-1,21,2039,0,0,0,0,0,0,17253.261,6901.304,73.408,0,0,60.905,60.905,1.547,8846.301,8847.848,134760.501,0.696,0,0,352.3,0.005,95.908,256.392,0,196.122,196.122,4.441,8954.448,5.801,8960.248,137858.189,0,0,6.386,0.072,0,0.039,0.015,3991.977,358.015,0,0.1,0,0.1,0,0,22.668,31.676,22.661,55.2,Burdekin,AyrDPI,Mulg,1959,Furrow,BareFallow,35,Surf1,200,110,LowFreq,0,P2R,15AprV1R4,T5,352.3,256.392,95.913,292.035,0.111,0.039,0,0,0,,0,999
1996,14/07/1996,196,1995,15-Apr,7,sugar,alive,0,456,1995,15/4/1995,105,0,0,318,1996,21,2039,8653.12,7695.56,6810.54,209.893,4139.79,18425.9,0,0,0,21.36,197.9,121.172,121.172,5.801,8954.448,8960.248,137858.189,0.698,22,2420,667.7,9.446,1412.158,407.544,1356.138,367.436,1723.574,23.942,8781.914,2.512,8784.426,131425.527,200,391.068,428.85,14.211,0.015,14.009,3.429,10203.402,360.105,0.972,5121.8,18.8,2048.7,0,0,18.934,29.127,19.288,107,Burdekin,AyrDPI,Mulg,1959,Furrow,BareFallow,35,Surf1,200,110,LowFreq,0,P2R,15AprV1R4,T5,3087.7,2827.544,1421.604,1789.04,28.235,14.024,7.42315592613236,0.121777771073363,7.31334494773519,1.049465,41.398,999
1997,14/08/1997,226,1996,15-Apr,7,sugar,alive,1,396,1995,14/7/1996,105,0,0,318,1997,21,2039,8000.4,7182.64,6295.59,194.597,3653.86,17048.1,20015.538,8006.217,87.713,20.195,104.3,63.697,63.697,2.512,8781.914,8784.426,131425.527,0.69,19,2090,936,377.233,1101.588,449.792,1213.183,310.371,1523.554,6.36,8771.281,1.094,8772.376,131461.406,200,268.415,326.196,28.55,2.078,1.659,5.57,7252.767,361.957,0.956,4462.9,16.4,1785.1,0,0,18.617,28.449,20.38,116.8,Burdekin,AyrDPI,Mulg,1959,Furrow,BareFallow,35,Surf1,200,110,LowFreq,0,P2R,15AprV1R4,T5,3026,2539.792,1478.821,1789.192,32.287,3.737,7.66192664596156,0.127725699253194,7.66129921259843,0.972985,36.539,999
1998,14/09/1998,257,1997,15-Apr,7,sugar,alive,2,396,1995,14/8/1997,105,0,0,318,1998,21,2039,7303.13,6501.51,5764.14,177.446,3421,15389.9,18284.312,7313.726,72.687,20.813,105.1,87.324,87.324,1.094,8771.281,8772.376,131461.406,0.692,19,2090,988.6,303.314,1348.859,503.489,1069.298,308.814,1378.113,14.177,8763.724,1.592,8765.316,131279.729,200,269.816,327.973,26.901,0.43,2.025,5.271,7950.226,363.843,0.929,3773.1,13.8,1509.2,0,0,20.231,28.713,19.364,189.6,Burdekin,AyrDPI,Mulg,1959,Furrow,BareFallow,35,Surf1,200,110,LowFreq,0,P2R,15AprV1R4,T5,3078.6,2593.489,1652.173,1960.987,29.356,2.455,6.84198005081186,0.128760123444159,6.98606299212598,0.88723,34.21,999
1999,14/10/1999,287,1998,15-Apr,7,sugar,alive,3,395,1995,14/9/1998,105,0,0,318,1999,21,2039,6900.82,6200.59,5438.49,168.475,3347.69,14623.3,16288.489,6515.395,62.312,21.541,85,135.638,135.638,1.592,8763.724,8765.316,131279.729,0.689,20,2200,1114.4,820.86,1158.135,564.177,1071.847,324.407,1396.254,6.344,8756.114,1.583,8757.697,131068.37,200,225.419,324.553,56.457,6.9,6.709,10.34,7400.837,365.763,0.913,3494.1,12.8,1397.7,0,0,19.63,28.738,19.443,112,Burdekin,AyrDPI,Mulg,1959,Furrow,BareFallow,35,Surf1,200,110,LowFreq,0,P2R,15AprV1R4,T5,3314.4,2764.177,1978.995,2303.402,70.066,13.609,6.09494254528563,0.120662143134415,6.35754716981132,0.842375,33.477,999
2000,23/11/2000,328,1999,15-Apr,7,sugar,alive,4,406,1995,14/10/1999,105,0,10,318,2000,14,2039,7940.94,7139.98,6281.22,194.827,3741.68,16597.2,15399.832,6159.934,59.471,20.722,99.2,74.789,74.789,1.583,8756.114,8757.697,131068.37,0.686,18,1980,1679.8,361.719,1702.042,779.627,1184.198,327.705,1511.903,25.913,8744.148,1.864,8746.011,130952.562,200,259.699,325.021,37.254,0.374,3.498,7.077,7426.08,367.764,0.947,4191.7,15.4,1676.7,0,0,19.105,28.464,19.618,136,Burdekin,AyrDPI,Mulg,1959,Furrow,BareFallow,35,Surf1,200,110,LowFreq,0,P2R,15AprV1R4,T5,3659.8,2759.627,2063.761,2391.466,41.126,3.872,7.05990338549376,0.128862102925915,8.01757201646091,0.974135,37.417,999
2001,15/04/2001,105,0,15-Apr,7,none,out,-1,0,1995,0.000,105,0,10,328,-1,14,2049,0,0,0,0,0,0,17670.508,7068.203,70.673,0,0,158.926,158.926,1.864,8744.148,8746.011,130952.562,0.682,0,0,332.9,74.543,51.301,254.835,0,235.035,235.035,2.156,8840.552,11.547,8852.099,133774.139,0,0,14.387,0.31,0.077,0.05,0.041,4297.458,368.485,0,0.1,0,0,0,0,21.794,30.767,20.73,39.4,Burdekin,AyrDPI,Mulg,1959,Furrow,BareFallow,35,Surf1,200,110,LowFreq,0,P2R,15AprV1R4,T5,332.9,254.835,125.844,360.879,0.437,0.127,0,0,0,,0,999
2002,15/07/2002,196,2001,15-Apr,8,sugar,alive,0,456,2001,15/4/2001,105,0,0,318,2002,21,2039,8311.52,7438.66,6494.71,200.453,4073.81,18168.2,0,0,0,22.097,195.6,130.947,130.947,11.547,8840.552,8852.099,133774.139,0.684,22,2420,812.3,27.991,1450.1,355.338,1449.984,367.817,1817.801,20.007,8669.813,2.086,8671.899,129541.449,200,391.566,420.445,17.993,0.097,11.914,4.108,7809.474,370.799,0.972,5092.3,18.7,2036.9,0,0,17.741,29.868,20.336,206,Burdekin,AyrDPI,Mulg,1959,Furrow,BareFallow,35,Surf1,200,110,LowFreq,0,P2R,15AprV1R4,T5,3232.3,2775.338,1478.091,1845.908,30.004,12.011,7.22265179952856,0.110272246522034,6.98442508710801,1.002265,40.738,999
2003,15/08/2003,227,2002,15-Apr,8,sugar,alive,1,396,2001,15/7/2002,105,0,0,318,2003,21,2039,7437.05,6626.63,5789.75,178.246,3460.82,16473,19771.414,7908.566,91.399,20.982,95.8,67.356,67.356,2.086,8669.813,8671.899,129541.449,0.674,21,2310,472,331.542,777.706,280.005,1351.318,305.759,1657.077,4.033,8673.448,1.173,8674.621,129795.52,200,249.427,310.67,32.405,0.649,1.549,6.349,6783.382,372.843,0.941,4040.2,14.8,1616.1,0,0,17.729,29.464,20.693,51,Burdekin,AyrDPI,Mulg,1959,Furrow,BareFallow,35,Surf1,200,110,LowFreq,0,P2R,15AprV1R4,T5,2782,2590.005,1109.248,1415.007,34.603,2.198,6.88207165623232,0.107566516221033,6.4581884057971,0.89123,34.608,999
2004,14/09/2004,258,2003,15-Apr,8,sugar,alive,2,396,2001,15/8/2003,105,0,0,318,2004,21,2039,7416.12,6651.99,5828.1,179.766,3573.02,15880.2,17436.238,6974.496,69.227,21.547,93.5,83.032,83.032,1.173,8673.448,8674.621,129795.52,0.676,20,2200,741,244.137,1119.033,379.356,1300.005,292.554,1592.56,11.303,8676.524,1.16,8677.684,130001.008,200,258.952,312.653,24.338,0.067,1.982,4.775,7212.227,374.917,0.951,4303.3,15.8,1721.3,0,0,18.222,29.742,20.529,173.2,Burdekin,AyrDPI,Mulg,1959,Furrow,BareFallow,35,Surf1,200,110,LowFreq,0,P2R,15AprV1R4,T5,2941,2579.356,1363.17,1655.724,26.387,2.049,6.96941407079907,0.112878635655799,6.78362264150943,0.89883,35.73,999
2005,14/10/2005,287,2004,15-Apr,8,sugar,alive,3,395,2001,14/9/2004,105,0,0,318,2005,21,2039,7439.18,6673.47,5812.41,179.242,3630.95,16267.8,17155.977,6862.391,68.349,22.016,97.7,68.303,68.303,1.16,8676.524,8677.684,130001.008,0.674,22,2420,728.7,219.138,1315.353,282.084,1310.817,295.323,1606.14,17.124,8672.196,1.371,8673.567,129910.559,200,262.714,322.13,29.396,0.071,2.259,5.65,7547.336,377.032,0.954,4393.6,16.1,1757.4,0,0,18.444,29.715,20.552,143.4,Burdekin,AyrDPI,Mulg,1959,Furrow,BareFallow,35,Surf1,200,110,LowFreq,0,P2R,15AprV1R4,T5,3148.7,2702.084,1534.491,1829.814,31.726,2.33,6.63347253453261,0.111597992703002,6.24536585365854,0.89621,36.31,999
2006,14/11/2006,318,2005,15-Apr,8,sugar,alive,4,396,2001,14/10/2005,105,0,0,318,2006,21,2039,7294.97,6545.91,5687.86,175.505,3274.01,16071.1,17562.149,7024.86,70.476,20.045,94,76.372,76.372,1.371,8672.196,8673.567,129910.559,0.671,20,2200,923.4,244.327,1388.322,478.944,1216.141,296.717,1512.858,10.788,8670.494,1.335,8671.829,129932.35,200,259.765,315.232,30.137,0.101,2.402,5.8,7381.74,379.182,0.956,4459.6,16.3,1783.9,0,0,18.902,29.43,19.985,178.4,Burdekin,AyrDPI,Mulg,1959,Furrow,BareFallow,35,Surf1,200,110,LowFreq,0,P2R,15AprV1R4,T5,3123.4,2678.944,1632.649,1929.366,32.64,2.503,6.55127542792981,0.116008904999676,6.62283018867925,0.877525,32.74,999
2007,15/04/2007,105,0,15-Apr,8,none,out,-1,0,2001,0.000,105,0,0,318,-1,21,2039,0,0,0,0,0,0,17451.16,6980.464,74.717,0,0,54.265,54.265,1.335,8670.494,8671.829,129932.35,0.669,0,0,748.4,53.465,394.324,344.739,0,215.909,215.909,18.429,8778.447,4.992,8783.439,133603.062,0,0,6.331,0.234,0.059,0.147,0.022,3277.792,380.024,0,0.1,0,0,0,0,21.774,31.068,20.952,130.2,Burdekin,AyrDPI,Mulg,1959,Furrow,BareFallow,35,Surf1,200,110,LowFreq,0,P2R,15AprV1R4,T5,748.4,344.739,447.789,663.698,0.44,0.206,0,0,0,,0,999
2008,14/07/2008,196,2007,15-Apr,9,sugar,alive,0,456,2007,15/4/2007,105,0,0,318,2008,21,2039,8387.63,7517.86,6521.8,201.689,3777.48,18658.3,0,0,0,20.137,166.8,138.968,138.968,4.992,8778.447,8783.439,133603.062,0.671,21,2310,1389.5,287.394,1777.863,657.233,1338.251,360.764,1699.015,28.247,8639.506,2.213,8641.719,129050.609,200,345.584,388.816,19.865,0.629,16.426,4.237,8068.046,382.56,0.968,4921.4,18,1968.6,0,0,17.421,28.372,18.704,108.2,Burdekin,AyrDPI,Mulg,1959,Furrow,BareFallow,35,Surf1,200,110,LowFreq,0,P2R,15AprV1R4,T5,3699.5,2967.233,2065.257,2426.021,36.92,17.055,6.79720803860027,0.118709369840761,7.30757246376812,1.008445,37.775,999
2009,14/08/2009,226,2008,15-Apr,9,sugar,alive,1,396,2007,14/7/2008,105,0,0,318,2009,21,2039,6736.73,6022.15,5197.9,159.754,2827.33,15388.3,20042.75,8017.101,87.273,18.869,92.6,74.197,74.197,2.213,8639.506,8641.719,129050.609,0.665,16,1760,1894.1,540.84,1659.536,562.142,1164.878,294.888,1459.766,16.159,8638.747,1.356,8640.102,129252.026,200,251.751,307.97,26.615,0.424,5.093,5.202,6710.216,384.802,0.933,3850.9,14.1,1540.4,0,0,18.009,28.88,18.524,197.2,Burdekin,AyrDPI,Mulg,1959,Furrow,BareFallow,35,Surf1,200,110,LowFreq,0,P2R,15AprV1R4,T5,3654.1,2322.142,2200.376,2495.264,32.132,5.517,6.87959651046319,0.109438088022327,7.22868778280543,0.79877,28.273,999
2010,14/09/2010,257,2009,15-Apr,9,sugar,alive,2,396,2007,14/8/2009,105,0,0,318,2010,21,2039,7496.65,6723.92,5839.94,180.083,3209.42,16567.1,16353.343,6541.338,66.39,19.021,99.7,68.154,68.154,1.356,8638.747,8640.102,129252.026,0.667,19,2090,1138.9,338.808,1314.562,487.903,1259.621,283.324,1542.945,12.144,8635.127,1.6,8636.727,129279.729,200,263.259,315.483,25.374,0.083,2.096,5.004,7253.686,387.08,0.936,3917.7,14.4,1567.1,0,0,18.842,29.312,18.819,135.2,Burdekin,AyrDPI,Mulg,1959,Furrow,BareFallow,35,Surf1,200,110,LowFreq,0,P2R,15AprV1R4,T5,3228.9,2577.903,1653.37,1936.694,27.553,2.179,6.98563910279014,0.116713816759509,7.08988188976378,0.900415,32.094,999
2011,14/10/2011,287,2010,15-Apr,9,sugar,alive,3,395,2007,14/9/2010,105,0,0,318,2011,21,2039,6952.02,6279.18,5470.95,169.968,3352.27,14810.7,17412.123,6964.849,69.128,21.359,79.1,100.739,100.739,1.6,8635.127,8636.727,129279.729,0.665,17,1870,1399.5,314.548,1524.173,790.676,1128.611,347.817,1476.428,14.085,8637.906,1.363,8639.27,129415.044,200,229.408,300.777,43.415,0.087,10.399,8.265,6927.953,389.395,0.927,3740.6,13.7,1496.2,0,0,17.983,28.537,18.315,81.4,Burdekin,AyrDPI,Mulg,1959,Furrow,BareFallow,35,Surf1,200,110,LowFreq,0,P2R,15AprV1R4,T5,3269.5,2660.676,1838.721,2186.538,53.901,10.486,6.38815098117922,0.115121089548559,7.32620689655172,0.84984,33.523,999
2012,13/11/2012,318,2011,15-Apr,9,sugar,alive,4,396,2007,14/10/2011,105,0,0,318,2012,21,2039,7495.2,6726.37,5890.88,182.191,3511.02,16043.2,15768.545,6307.419,66.133,20.803,90.7,55.09,55.09,1.363,8637.906,8639.27,129415.044,0.662,18,1980,1162.2,298.656,1301.971,588.36,1228.017,306.689,1534.707,13.985,8634.383,1.39,8635.773,129377.472,200,255.895,311.44,31.271,0.111,2.551,6.054,7041.195,391.74,0.959,4568.1,16.7,1827.2,0,0,18.232,28.806,19.444,197.4,Burdekin,AyrDPI,Mulg,1959,Furrow,BareFallow,35,Surf1,200,110,LowFreq,0,P2R,15AprV1R4,T5,3142.2,2568.36,1600.627,1907.316,33.933,2.662,7.09367066922083,0.118713865252455,7.49757201646091,0.910955,35.11,999
2013,15/04/2013,105,0,15-Apr,9,none,out,-1,0,2007,0.000,105,0,0,318,-1,21,2039,0,0,0,0,0,0,17519.641,7007.857,76.094,0,0,61.956,61.956,1.39,8634.383,8635.773,129377.472,0.66,0,0,494.4,0.002,192.118,302.282,0,218.164,218.164,8.905,8737.136,5.395,8742.531,132629.002,0,0,7.523,0.274,0,0.122,0.03,3690.397,392.667,0,0.1,0,0,0,0,21.942,31.348,21.742,178.6,Burdekin,AyrDPI,Mulg,1959,Furrow,BareFallow,35,Surf1,200,110,LowFreq,0,P2R,15AprV1R4,T5,494.4,302.282,192.12,410.284,0.396,0.122,0,0,0,,0,999
2014,15/07/2014,196,2013,15-Apr,10,sugar,alive,0,456,2013,15/4/2013,105,0,0,318,2014,21,2039,8572.87,7697.81,6686.13,206.931,3946.5,18867.4,0,0,0,20.558,179.9,146.073,146.073,5.395,8737.136,8742.531,132629.002,0.662,22,2420,709.2,145.401,1320.018,417.167,1367.888,356.746,1724.633,22.172,8588.666,1.964,8590.63,128326.424,200,365.45,399.257,15.086,0.152,12.561,3.478,7875.034,395.443,0.97,4996,18.3,1998.4,0,0,17.96,28.94,18.948,86.2,Burdekin,AyrDPI,Mulg,1959,Furrow,BareFallow,35,Surf1,200,110,LowFreq,0,P2R,15AprV1R4,T5,3129.2,2837.167,1465.419,1822.165,27.799,12.713,7.2935784181897,0.119985527355675,7.2101393728223,1.034655,39.465,999
2015,15/08/2015,227,2014,15-Apr,10,sugar,alive,1,396,2013,15/7/2014,105,0,0,318,2015,21,2039,7007.85,6230.78,5478.21,168.383,3229.79,15296.4,20283.874,8113.551,88.881,20.693,98.6,85.223,85.223,1.964,8588.666,8590.63,128326.424,0.656,21,2310,417.2,291.823,830.901,255.493,1284.791,324.591,1609.382,5.791,8585.667,1.258,8586.925,128474.891,200,253.876,316.905,32.892,0.69,1.474,6.448,6957.73,397.889,0.932,3835.9,14.1,1534.4,0,0,17.894,29.752,20.482,83.4,Burdekin,AyrDPI,Mulg,1959,Furrow,BareFallow,35,Surf1,200,110,LowFreq,0,P2R,15AprV1R4,T5,2727.2,2565.493,1122.724,1447.315,35.056,2.164,6.5633778770786,0.10462587502532,6.10083333333333,0.841915,32.298,999
2016,14/09/2016,258,2015,15-Apr,10,sugar,alive,2,396,2013,15/8/2015,105,0,0,318,2016,21,2039,7481.42,6665.69,5840.79,179.444,3381.31,16406.3,16262.476,6504.99,63.585,20.277,97,80.317,80.317,1.258,8585.667,8586.925,128474.891,0.657,21,2310,538,296.545,943.178,387.811,1303.137,296.426,1599.563,6.725,8585.19,1.228,8586.418,128593.88,200,261.298,315.504,24.842,0.076,1.958,4.872,7210.526,400.366,0.949,4263.4,15.6,1705.4,0,0,19.103,29.867,19.185,43.6,Burdekin,AyrDPI,Mulg,1959,Furrow,BareFallow,35,Surf1,200,110,LowFreq,0,P2R,15AprV1R4,T5,2848,2697.811,1239.723,1536.149,26.876,2.034,6.65146668910461,0.112183140020118,6.50159420289855,0.89722,33.813,999
2017,14/10/2017,287,2016,15-Apr,10,sugar,alive,3,395,2013,14/9/2016,105,0,0,318,2017,21,2039,7094.35,6316.07,5482.6,168.192,3157.55,16117.6,17569.247,7027.698,69.368,20.191,92,89.032,89.032,1.228,8585.19,8586.418,128593.88,0.655,19,2090,860,236.799,1148.768,489.957,1281.935,305.306,1587.241,9.841,8582.79,1.416,8584.206,128549.631,200,255.728,318.121,33.333,0.084,2.194,6.423,7423.464,402.887,0.954,4404.6,16.1,1761.8,0,0,18.783,30.109,18.59,107.8,Burdekin,AyrDPI,Mulg,1959,Furrow,BareFallow,35,Surf1,200,110,LowFreq,0,P2R,15AprV1R4,T5,2950,2579.957,1385.567,1690.873,35.611,2.278,6.51917842041554,0.105965004684229,6.62173228346457,0.84096,31.576,999
2018,14/11/2018,318,2017,15-Apr,10,sugar,alive,4,396,2013,14/10/2017,105,0,0,318,2018,21,2039,7232.99,6457.59,5563.67,171.65,3290.55,16693.2,17443.815,6977.526,70.866,20.679,94.7,66.224,66.224,1.416,8582.79,8584.206,128549.631,0.653,21,2310,742.1,276.136,1194.491,393.14,1290.57,286.003,1576.573,14.114,8575.507,1.722,8577.229,128368.474,200,254.515,319.448,37.327,0.12,3.685,7.018,7412.639,405.446,0.927,3741.7,13.7,1496.7,0,0,18.275,29.723,18.447,130.4,Burdekin,AyrDPI,Mulg,1959,Furrow,BareFallow,35,Surf1,200,110,LowFreq,0,P2R,15AprV1R4,T5,3052.1,2703.14,1470.627,1756.63,41.132,3.805,6.35002256634876,0.108875389848742,6.21920289855073,0.85825,32.906,999
2019,15/04/2019,105,0,15-Apr,10,none,out,-1,0,2013,0.000,105,0,0,318,-1,21,2039,0,0,0,0,0,0,17369.706,6947.882,72.304,0,0,71.125,71.125,1.722,8575.507,8577.229,128368.474,0.651,0,0,1111,185.831,589.599,441.739,0,249.089,249.089,18.539,8677.638,7.394,8685.032,131205.595,0,0,15.563,0.854,0.124,0.637,0.072,4053.362,406.447,0,0.7,0,0.3,0,0,22.704,31.656,17.334,92.8,Burdekin,AyrDPI,Mulg,1959,Furrow,BareFallow,35,Surf1,200,110,LowFreq,0,P2R,15AprV1R4,T5,1111,441.739,775.43,1024.519,1.615,0.761,0,0,0,,0,999
2020,14/07/2020,196,2019,15-Apr,11,sugar,alive,0,456,2019,15/4/2019,105,0,0,318,2020,21,2039,7635.56,6831.91,5934.78,183.534,3566.55,17007.8,0,0,0,21.002,177.6,157.606,157.606,7.394,8677.638,8685.032,131205.595,0.653,21,2310,1041.6,119.094,1641.672,456.465,1296.79,377.829,1674.619,25.956,8518.5,1.924,8520.424,127284.576,200,358.621,398.472,22.245,0.124,20.74,4.91,7109.395,409.458,0.956,4466.8,16.4,1786.7,0,0,17.927,29.324,17.481,327.8,Burdekin,AyrDPI,Mulg,1959,Furrow,BareFallow,35,Surf1,200,110,LowFreq,0,P2R,15AprV1R4,T5,3351.6,2766.465,1760.766,2138.595,43.109,20.864,6.63424261647988,0.109597466647637,6.64978260869565,0.91767,35.666,999
2021,14/08/2021,226,2020,15-Apr,11,sugar,alive,1,396,2019,14/7/2020,105,0,0,318,2021,21,2039,6673.56,5901.55,5100.81,155.933,2680.52,15727.5,18253.45,7301.38,87.829,18.244,89.5,73.821,73.821,1.924,8518.5,8520.424,127284.576,0.644,18,1980,1081.2,404.677,1256.709,449.683,1122.233,280.678,1402.911,13.266,8520.959,1.108,8522.066,127521.067,200,240.568,299.017,30.625,0.465,6.534,5.962,6183.386,412.114,0.944,4110.6,15.1,1644.2,0,0,18.484,29.171,17.224,132.4,Burdekin,AyrDPI,Mulg,1959,Furrow,BareFallow,35,Surf1,200,110,LowFreq,0,P2R,15AprV1R4,T5,3061.2,2429.683,1661.386,1942.064,37.624,6.999,6.41783310826968,0.111149602505077,6.41699588477366,0.779665,26.805,999
1960,14/04/1960,105,0,15-Apr,0,none,out,-1,0,-1,0.000,105,0,0,318,-1,21,2039,0,0,0,0,0,0,0,0,0,0,0,0,0,0,0,0,0,0.89,0,0,778.8,0,483.366,295.434,0,204.631,204.631,22.612,9505.153,33.501,9538.653,141811.032,0,0,35.911,3.757,0,1.649,0.596,1011.671,350,0,0.1,0,0,0,0,22.318,30.437,19.329,210.1,Burdekin,AyrDPI,Mulg,1960,Furrow,BareFallow,35,Surf1,200,110,LowFreq,0,P2R,15AprV1R4,T5,778.8,295.434,483.366,687.997,5.406,1.649,0,0,0,,0,999
1961,14/07/1961,195,1960,15-Apr,1,sugar,alive,0,456,1960,14/4/1960,105,0,0,318,1961,21,2039,7996.59,7153.62,6231.37,192.275,3611.81,17652.2,0,0,0,20.205,133.4,120.353,120.353,33.501,9505.153,9538.653,141811.032,0.884,22,2420,561.3,38.304,1269.19,394.023,1352.221,377.027,1729.248,24.716,9422.484,0.757,9423.241,141437.27,200,308.372,322.359,26.991,0,17.481,5.808,3527.751,350,0.983,5794.3,21.2,2317.7,0,0,16.784,28.349,20.095,63.2,Burdekin,AyrDPI,Mulg,1960,Furrow,BareFallow,35,Surf1,200,110,LowFreq,0,P2R,15AprV1R4,T5,2981.3,2814.023,1307.494,1684.521,44.472,17.481,6.8327444374122,0.111189950776291,6.69947735191638,0.961375,36.118,999
1962,14/08/1962,226,1961,15-Apr,1,sugar,alive,1,396,1960,14/7/1961,105,0,0,318,1962,21,2039,6340.84,5651.29,4881.51,149.838,2765.82,14593.4,19929.572,7971.829,97.032,19.804,80.3,64.912,64.912,0.757,9422.484,9423.241,141437.27,0.868,17,1870,958.4,333.776,971.049,547.721,1191.297,327.198,1518.494,7.679,9438.017,0.898,9438.915,142393.792,200,234.472,294.09,27.52,0.001,1.558,5.492,5663.296,350,0.927,3734.6,13.7,1493.8,0,0,17.008,28.972,20.048,102.1,Burdekin,AyrDPI,Mulg,1960,Furrow,BareFallow,35,Surf1,200,110,LowFreq,0,P2R,15AprV1R4,T5,2828.4,2417.721,1304.825,1632.023,29.079,1.559,6.19748928846629,0.0986753981247209,6.45853448275862,0.74919,27.658,999
1963,14/09/1963,257,1962,15-Apr,1,sugar,alive,2,396,1960,14/8/1962,105,0,0,318,1963,21,2039,6929.02,6221.47,5296.86,163.181,2889.98,16321.6,15578.737,6231.495,61.991,18.884,95,69.992,69.992,0.898,9438.017,9438.915,142393.792,0.865,18,1980,1162.3,329.674,1258.269,661.95,1252.27,288.962,1541.231,11.2,9416.403,1.246,9417.649,143056.02,200,261.383,324.712,36.567,0.002,2.44,7.068,5938.979,350,0.937,3949.6,14.5,1579.8,0,0,17.169,29.038,19.278,91.9,Burdekin,AyrDPI,Mulg,1960,Furrow,BareFallow,35,Surf1,200,110,LowFreq,0,P2R,15AprV1R4,T5,3142.3,2641.95,1587.943,1876.905,39.009,2.442,6.17653627055773,0.105877055418688,6.71526748971194,0.815905,28.9,999
1964,13/10/1964,287,1963,15-Apr,1,sugar,alive,3,395,1960,14/9/1963,105,0,0,318,1964,21,2039,6519.21,5778.91,4995.66,152.658,2816.1,15235.5,17230.526,6892.21,75.06,19.79,101.1,83.117,83.117,1.246,9416.403,9417.649,143056.02,0.857,20,2200,564.7,228.331,1027.347,404.417,1238.447,290.705,1529.152,8.28,9395.092,1.656,9396.748,143842.601,200,265.827,331.547,38.088,0.002,2.572,7.262,6179.968,350,0.948,4228.9,15.5,1691.5,0,0,17.833,29.736,19.754,92.7,Burdekin,AyrDPI,Mulg,1960,Furrow,BareFallow,35,Surf1,200,110,LowFreq,0,P2R,15AprV1R4,T5,2764.7,2604.417,1255.678,1546.383,40.662,2.574,5.86150374536797,0.0998318022014816,5.76067924528302,0.76329,28.161,999
1965,13/11/1965,317,1964,15-Apr,1,sugar,alive,4,396,1960,13/10/1964,105,0,0,318,1965,21,2039,7166.01,6471.6,5489.61,170.474,3188.07,16764,16544.731,6617.892,73.223,20.103,94.2,62.989,62.989,1.656,9395.092,9396.748,143842.601,0.849,20,2200,827.8,208.622,1244.347,447.001,1245.291,330.049,1575.339,13.681,9367.785,1.553,9369.337,144445.241,200,252.639,330.002,56.184,0.002,3.309,10.634,6130.957,350,0.919,3593.4,13.2,1437.3,0,0,17.495,29.085,20.224,107.4,Burdekin,AyrDPI,Mulg,1960,Furrow,BareFallow,35,Surf1,200,110,LowFreq,0,P2R,15AprV1R4,T5,3027.8,2647.001,1452.969,1783.018,59.495,3.311,6.44026957299978,0.108214168505953,6.43298113207547,0.85237,31.881,999
1966,15/04/1966,105,0,15-Apr,1,none,out,-1,0,1960,0.000,105,0,0,318,-1,21,2039,0,0,0,0,0,0,17303.761,6921.504,77.682,0,0,62.48,62.48,1.553,9367.785,9369.337,144445.241,0.839,0,0,295,9.091,29.939,263.282,0,190.323,190.323,1.386,9459.8,14.993,9474.793,147361.309,0,0,15.267,0.112,0,0.014,0.034,3780.018,350,0,0.1,0,0,0,0,21.412,31.333,20.942,102.9,Burdekin,AyrDPI,Mulg,1960,Furrow,BareFallow,35,Surf1,200,110,LowFreq,0,P2R,15AprV1R4,T5,295,263.282,39.03,229.353,0.126,0.014,0,0,0,,0,999
1967,15/07/1967,196,1966,15-Apr,2,sugar,alive,0,456,1966,15/4/1966,105,0,0,318,1967,21,2039,8167.44,7340.21,6348.03,196.361,3677.66,18194.1,0,0,0,20.137,166.1,128.128,128.128,14.993,9459.8,9474.793,147361.309,0.84,21,2310,894.1,51.581,1438.472,517.292,1348.74,376.644,1725.383,23.618,9306.656,1.69,9308.345,144734.447,200,356.025,395.319,30.324,0,19.897,6.527,6064.418,350,0.967,4867.9,17.8,1947.1,0,0,17.479,28.371,18.716,154.9,Burdekin,AyrDPI,Mulg,1960,Furrow,BareFallow,35,Surf1,200,110,LowFreq,0,P2R,15AprV1R4,T5,3204.1,2827.292,1490.053,1866.697,50.221,19.897,6.94519702952507,0.113807195272006,7.11452898550725,0.981805,36.777,999
1968,14/08/1968,227,1967,15-Apr,2,sugar,alive,1,396,1966,15/7/1967,105,0,0,318,1968,21,2039,7187.54,6440.03,5583.79,172.285,3219.03,16037.5,19602.704,7841.081,97.001,20.082,94.4,116.792,116.792,1.69,9306.656,9308.345,144734.447,0.824,18,1980,1458,452.527,1509.978,540.296,1199.579,300.541,1500.119,17.338,9302.068,1.376,9303.445,145300.689,200,255.429,315.161,30.976,0.005,2.918,6.073,6327.098,350,0.933,3860.9,14.2,1544.4,0,0,17.986,28.436,19.767,187.9,Burdekin,AyrDPI,Mulg,1960,Furrow,BareFallow,35,Surf1,200,110,LowFreq,0,P2R,15AprV1R4,T5,3438,2520.296,1962.505,2263.046,33.899,2.923,6.83590340182264,0.114847555427269,7.08991769547325,0.861425,32.19,999
1969,14/09/1969,257,1968,15-Apr,2,sugar,alive,2,396,1966,14/8/1968,105,0,0,318,1969,21,2039,6727.3,5976.62,5142.16,157.627,2937.46,15851.4,16913.608,6765.442,69.213,20.022,99.9,92.167,92.167,1.376,9302.068,9303.445,145300.689,0.82,22,2420,202.9,243.053,858.129,170.668,1249.941,305.111,1555.052,5.522,9281.152,1.278,9282.43,145715.323,200,269.303,329.13,32.648,0.004,2.235,6.31,6477.177,350,0.947,4204.6,15.4,1681.8,0,0,17.462,29.388,20.407,46.5,Burdekin,AyrDPI,Mulg,1960,Furrow,BareFallow,35,Surf1,200,110,LowFreq,0,P2R,15AprV1R4,T5,2622.9,2590.668,1101.182,1406.293,34.887,2.239,6.08441529366171,0.101364455979607,5.4922299651568,0.788135,29.375,999
1970,14/10/1970,287,1969,15-Apr,2,sugar,alive,3,395,1966,14/9/1969,105,0,0,318,1970,21,2039,7013.03,6271.13,5388.27,165.702,3133.56,16247.6,17047.616,6819.046,74.353,20.36,98.2,58.834,58.834,1.278,9281.152,9282.43,145715.323,0.813,21,2310,674.6,267.685,1119.039,378.257,1290.108,302.177,1592.285,11.086,9262.77,1.404,9264.174,145978.607,200,260.581,331.502,42.919,0.005,2.134,8.295,6759.835,350,0.95,4272,15.7,1708.8,0,0,17.812,29.536,20.631,133.6,Burdekin,AyrDPI,Mulg,1960,Furrow,BareFallow,35,Surf1,200,110,LowFreq,0,P2R,15AprV1R4,T5,2984.6,2688.257,1386.724,1688.901,45.058,2.139,6.1639195954851,0.104065541030657,6.00369565217391,0.82851,31.336,999
1971,14/11/1971,318,1970,15-Apr,2,sugar,alive,4,396,1966,14/10/1970,105,0,0,318,1971,21,2039,7352.7,6614.15,5662.67,175.419,3288.05,16900.4,17441.645,6976.658,75.556,20.155,94.7,64.425,64.425,1.404,9262.77,9264.174,145978.607,0.805,18,1980,1243.3,192.317,1429.935,699.298,1269.355,323.996,1593.351,17.729,9246.296,1.625,9247.921,146151.349,200,258.018,327.93,41.043,0.005,6.011,7.859,7008.757,350,0.92,3614.7,13.2,1445.9,0,0,17.821,28.99,19.978,220,Burdekin,AyrDPI,Mulg,1960,Furrow,BareFallow,35,Surf1,200,110,LowFreq,0,P2R,15AprV1R4,T5,3223.3,2679.298,1622.252,1946.248,47.059,6.016,6.54720005016239,0.11009438598275,7.21888888888889,0.877095,32.881,999
1972,14/04/1972,105,0,15-Apr,2,none,out,-1,0,1966,0.000,105,0,0,318,-1,21,2039,0,0,0,0,0,0,17437.838,6975.136,75.682,0,0,72.121,72.121,1.625,9246.296,9247.921,146151.349,0.799,0,0,1271,211.885,711.321,475.422,0,261.941,261.941,33.104,9347.718,7.456,9355.175,149539.32,0,0,11.316,0.672,0.011,0.44,0.049,3498.585,350,0,0.1,0,0,0,0,21.501,31.47,20.724,206.2,Burdekin,AyrDPI,Mulg,1960,Furrow,BareFallow,35,Surf1,200,110,LowFreq,0,P2R,15AprV1R4,T5,1271,475.422,923.206,1185.147,1.123,0.451,0,0,0,,0,999
1973,14/07/1973,195,1972,15-Apr,3,sugar,alive,0,456,1972,14/4/1972,105,0,0,318,1973,21,2039,7685.1,6856.86,5937.28,183.001,3042.46,17478.2,0,0,0,17.549,162.5,157.975,157.975,7.456,9347.718,9355.175,149539.32,0.8,21,2310,1009.2,200.839,1561.83,551.189,1270.359,366.235,1636.594,26.062,9211.691,2.165,9213.855,145470.72,200,343.201,376.868,21.047,0.003,15.872,4.633,7416.937,350,0.96,4609.4,16.9,1843.8,0,0,16.939,28.363,18.968,108.5,Burdekin,AyrDPI,Mulg,1960,Furrow,BareFallow,35,Surf1,200,110,LowFreq,0,P2R,15AprV1R4,T5,3319.2,2861.189,1762.669,2128.904,36.922,15.875,6.39597733669464,0.111818202926321,6.63047101449275,0.915005,30.425,999
1974,14/08/1974,226,1973,15-Apr,3,sugar,alive,1,396,1972,14/7/1973,105,0,0,318,1974,21,2039,6272.86,5588.93,4798.48,147.407,2396.24,14743.8,18774.442,7509.777,90.618,17.095,89.4,77.912,77.912,2.165,9211.691,9213.855,145470.72,0.787,14,1540,2056.4,585.384,1667.439,764.558,1028.216,328.57,1356.786,28.818,9204.463,1.368,9205.831,145073.11,200,245.526,304.902,33.724,0.009,6.837,6.622,6746.871,350,0.919,3594.1,13.2,1437.7,0,0,17.6,28.224,18.172,152.9,Burdekin,AyrDPI,Mulg,1960,Furrow,BareFallow,35,Surf1,200,110,LowFreq,0,P2R,15AprV1R4,T5,3596.4,2304.558,2252.823,2581.393,40.57,6.846,6.39632415413281,0.108644251930666,7.40738693467337,0.737035,23.962,999
1975,14/09/1975,257,1974,15-Apr,3,sugar,alive,2,396,1972,14/8/1974,105,0,0,318,1975,21,2039,7470.24,6724.74,5742.77,177.656,3242.73,17274.7,15587.275,6234.911,70.706,19.551,104.2,64.704,64.704,1.368,9204.463,9205.831,145073.11,0.785,19,2090,790.6,209.863,1014.62,550.434,1268.042,322.939,1590.981,9.662,9179.495,1.491,9180.986,144163.514,200,270.462,327.824,35.111,0.008,2.387,6.931,7675.741,350,0.93,3799,13.9,1519.6,0,0,17.927,28.646,19.636,65,Burdekin,AyrDPI,Mulg,1960,Furrow,BareFallow,35,Surf1,200,110,LowFreq,0,P2R,15AprV1R4,T5,2880.6,2640.434,1224.483,1547.422,37.506,2.395,6.72828784964896,0.111664438481666,6.99433070866142,0.88828,32.427,999
1976,13/10/1976,287,1975,15-Apr,3,sugar,alive,3,395,1972,14/9/1975,105,0,0,318,1976,21,2039,6323.76,5696.06,4937.96,152.994,2946.63,13858.1,17912.691,7165.077,74.756,20.79,90,129.84,129.84,1.491,9179.495,9180.986,144163.514,0.778,17,1870,1890.9,766.396,1678.278,782.938,1063.194,328.925,1392.119,20.807,9169.317,1.867,9171.183,143464.563,200,236.931,323.64,44.607,2.435,9.819,8.322,7561.193,350,0.916,3538.3,13,1415.3,0,0,17.616,28.354,19.634,179.8,Burdekin,AyrDPI,Mulg,1960,Furrow,BareFallow,35,Surf1,200,110,LowFreq,0,P2R,15AprV1R4,T5,3760.9,2652.938,2444.674,2773.599,56.861,12.254,5.76696477641015,0.109900087564353,6.59456896551724,0.76497,29.466,999
1977,13/11/1977,317,1976,15-Apr,3,sugar,alive,4,396,1972,13/10/1976,105,0,0,318,1977,21,2039,6989,6307.58,5416.16,168.076,3032.49,15728.4,14786.886,5914.754,62.337,19.292,102.5,53.947,53.947,1.867,9169.317,9171.183,143464.563,0.773,19,2090,1378.2,346.466,1694.849,556.691,1107.274,321.846,1429.12,18.482,9132.812,1.705,9134.517,142807.23,200,261.03,337.336,53.878,0.232,3.006,10.236,7162.968,350,0.932,3844.4,14.1,1537.7,0,0,18.128,28.505,19.974,170.6,Burdekin,AyrDPI,Mulg,1960,Furrow,BareFallow,35,Surf1,200,110,LowFreq,0,P2R,15AprV1R4,T5,3468.2,2646.691,2041.315,2363.161,57.116,3.238,6.35042020394523,0.117608038513211,6.61716535433071,0.84038,30.325,999
1978,15/04/1978,105,0,15-Apr,3,none,out,-1,0,1972,0.000,105,0,0,318,-1,21,2039,0,0,0,0,0,0,16636.862,6654.744,75.895,0,0,51.711,51.711,1.705,9132.812,9134.517,142807.23,0.767,0,0,718.5,10.848,340.367,375.194,0,238.259,238.259,15.888,9225.96,12.91,9238.87,144817.146,0,0,18.076,1.295,0.011,0.906,0.131,4500.578,350,0,0.1,0,0,0,0,22.05,31.035,22.427,150.6,Burdekin,AyrDPI,Mulg,1960,Furrow,BareFallow,35,Surf1,200,110,LowFreq,0,P2R,15AprV1R4,T5,718.5,375.194,351.215,589.474,2.212,0.917,0,0,0,,0,999
1979,15/07/1979,196,1978,15-Apr,4,sugar,alive,0,456,1978,15/4/1978,105,0,0,318,1979,21,2039,8259.58,7423.56,6405.15,198.101,3422.2,18544.3,0,0,0,18.348,166.8,180.737,180.737,12.91,9225.96,9238.87,144817.146,0.768,20,2200,1684.5,320.263,1984.505,758.868,1285.47,384.358,1669.828,29.658,9065.558,2.045,9067.603,141144.756,200,354.578,399.68,34.626,0.095,21.662,7.245,7075.87,350,0.973,5185.1,19,2074.1,0,0,17.592,27.843,18.241,350.7,Burdekin,AyrDPI,Mulg,1960,Furrow,BareFallow,35,Surf1,200,110,LowFreq,0,P2R,15AprV1R4,T5,3884.5,2958.868,2304.768,2689.126,56.383,21.757,6.69516179836343,0.118635572046941,7.47550943396226,0.990505,34.222,999
1980,14/08/1980,227,1979,15-Apr,4,sugar,alive,1,396,1978,15/7/1979,105,0,0,318,1980,21,2039,7127.81,6363.67,5529.7,170.288,3137.11,15981.1,20170.036,8068.013,95.714,19.76,97.2,90.642,90.642,2.045,9065.558,9067.603,141144.756,0.754,19,2090,796.7,313.729,1053.912,434.647,1201.716,329.153,1530.869,9.385,9058.473,1.237,9059.709,140825.488,200,258.174,318.082,32.282,0.125,1.796,6.365,7286.789,350,0.936,3920.3,14.4,1568.1,0,0,18.142,28.702,20.355,86.4,Burdekin,AyrDPI,Mulg,1960,Furrow,BareFallow,35,Surf1,200,110,LowFreq,0,P2R,15AprV1R4,T5,2886.7,2524.647,1367.641,1696.794,34.203,1.921,6.74502217537739,0.111236167170411,6.70425196850394,0.85144,31.371,999
1981,14/09/1981,257,1980,15-Apr,4,sugar,alive,2,396,1978,14/8/1980,105,0,0,318,1981,21,2039,6757.01,6034.69,5200.59,159.712,2835.73,15564.2,16916.184,6766.473,67.485,18.939,92.6,78.832,78.832,1.237,9058.473,9059.709,140825.488,0.753,18,1980,1123.2,463.394,1249.704,500.556,1120.724,284.128,1404.852,12.391,9056.593,1.283,9057.876,140646.733,200,256.851,310.361,27.173,0.105,2.132,5.29,7195.984,350,0.946,4173.1,15.3,1669.2,0,0,17.727,28.314,19.26,104.8,Burdekin,AyrDPI,Mulg,1960,Furrow,BareFallow,35,Surf1,200,110,LowFreq,0,P2R,15AprV1R4,T5,3103.2,2480.556,1713.098,1997.226,29.41,2.237,6.43855651716793,0.113685996816747,6.57251028806584,0.79856,28.357,999
1982,14/10/1982,287,1981,15-Apr,4,sugar,alive,3,395,1978,14/9/1981,105,0,0,318,1982,21,2039,6978.65,6281.25,5387.89,166.422,3142.15,15907.6,16776.714,6710.687,71.626,20.323,100.6,64.082,64.082,1.283,9056.593,9057.876,140646.733,0.75,20,2200,600.6,164.245,1088.419,430.867,1227.463,320.542,1548.005,9.984,9029.945,1.419,9031.364,139915.43,200,263.315,336.169,46.337,0.098,2.891,8.698,7700.636,350,0.941,4043.6,14.8,1617.4,0,0,17.546,29.118,20.049,47.4,Burdekin,AyrDPI,Mulg,1960,Furrow,BareFallow,35,Surf1,200,110,LowFreq,0,P2R,15AprV1R4,T5,2800.6,2630.867,1252.664,1573.206,49.326,2.989,6.32574736769286,0.107507404691845,6.28007547169811,0.83211,31.422,999
1983,14/11/1983,318,1982,15-Apr,4,sugar,alive,4,396,1978,14/10/1982,105,0,0,318,1983,21,2039,7162.96,6412.49,5485.75,168.836,3037.07,16772.1,16958.513,6783.405,73.966,19.226,98.9,64.014,64.014,1.419,9029.945,9031.364,139915.43,0.744,21,2310,641.3,270.094,1195.291,367.212,1180.195,299.495,1479.69,8.921,9014.489,1.869,9016.358,139293.87,200,264.525,330.262,36.694,0.162,2.7,6.995,7805.88,350,0.944,4117.7,15.1,1647.1,0,0,18.667,29.098,20.164,95.4,Burdekin,AyrDPI,Mulg,1960,Furrow,BareFallow,35,Surf1,200,110,LowFreq,0,P2R,15AprV1R4,T5,2951.3,2677.212,1465.385,1764.88,39.556,2.862,6.30641129652788,0.114102278179889,6.1172463768116,0.84418,30.371,999
1984,14/04/1984,105,0,15-Apr,4,none,out,-1,0,1978,0.000,105,0,0,318,-1,21,2039,0,0,0,0,0,0,17756.298,7102.52,76.393,0,0,70.239,70.239,1.869,9014.489,9016.358,139293.87,0.74,0,0,466.6,25.741,112.417,345.303,0,259.93,259.93,5.27,9115.374,10.52,9125.895,141847.639,0,0,15.096,0.336,0.039,0.177,0.045,4289.87,350,0,0.1,0,0,0,0,21.332,30.547,20.201,75.6,Burdekin,AyrDPI,Mulg,1960,Furrow,BareFallow,35,Surf1,200,110,LowFreq,0,P2R,15AprV1R4,T5,466.6,345.303,138.158,398.088,0.552,0.216,0,0,0,,0,999
1985,14/07/1985,195,1984,15-Apr,5,sugar,alive,0,456,1984,14/4/1984,105,0,0,318,1985,21,2039,7866.63,7085.67,6131.53,189.926,3407.49,17351,0,0,0,19.168,176.2,138.75,138.75,10.52,9115.374,9125.895,141847.639,0.742,19,2090,887.3,43.638,1341.941,659.138,1281.662,352.531,1634.194,25.911,8953.177,2.067,8955.244,136878.084,200,365.496,400.423,24.307,0.03,19.171,5.352,8256.74,350,0.967,4857.1,17.8,1942.8,0,0,17.323,28.325,18.585,111.4,Burdekin,AyrDPI,Mulg,1960,Furrow,BareFallow,35,Surf1,200,110,LowFreq,0,P2R,15AprV1R4,T5,2977.3,2749.138,1385.579,1738.11,43.508,19.201,6.90856552126521,0.116219983673909,7.47740157480315,0.94963,34.075,999
1986,21/08/1986,233,1985,15-Apr,5,sugar,alive,1,403,1984,14/7/1985,105,0,7,318,1986,14,2039,6774.16,6016.59,5187.32,158.793,2918.09,15868.3,18876.879,7550.752,94.545,19.703,104.7,96.278,96.278,2.067,8953.177,8955.244,136878.084,0.728,19,2090,721.3,209.433,1095.025,522.421,1197.789,305.325,1503.114,9.46,8934.536,1.517,8936.053,135659.473,200,264.701,326.596,31.958,0.171,5.649,6.302,7928.447,350,0.941,4036,14.8,1614.4,0,0,17.642,28.851,18.769,117.8,Burdekin,AyrDPI,Mulg,1960,Furrow,BareFallow,35,Surf1,200,110,LowFreq,0,P2R,15AprV1R4,T5,2811.3,2612.421,1304.458,1609.783,37.778,5.82,6.07838476263971,0.105642685784312,6.25169291338583,0.793965,29.181,999
1987,21/09/1987,264,1986,15-Apr,5,sugar,alive,2,396,1984,21/8/1986,105,0,7,325,1987,14,2046,6737.21,5991.66,5211.52,160.024,2972.34,15256.9,16918.663,6767.466,70.628,19.946,102.8,100.007,100.007,1.517,8934.536,8936.053,135659.473,0.727,21,2310,428.3,151.76,1024.726,351.851,1235.888,363.082,1598.97,8.81,8907.38,1.282,8908.662,134323.308,200,262.523,330.85,40.578,0.151,6.645,7.953,8090.748,350,0.944,4122.6,15.1,1649,0,0,18.229,29.611,19.722,44,Burdekin,AyrDPI,Mulg,1960,Furrow,BareFallow,35,Surf1,200,110,LowFreq,0,P2R,15AprV1R4,T5,2738.3,2661.851,1176.486,1539.568,47.374,6.796,6.01175648073465,0.100079426130572,5.79797101449275,0.80012,29.723,999
1988,20/10/1988,294,1987,15-Apr,5,sugar,alive,3,395,1984,21/9/1987,105,0,7,325,1988,14,2046,6969.13,6251.8,5341.87,164.867,3053.98,16272.6,16472.632,6589.052,70.753,19.884,102.3,62.852,62.852,1.282,8907.38,8908.662,134323.308,0.722,20,2200,967.6,217.688,1404.874,436.408,1213.42,328.585,1542.006,16.923,8882.463,1.652,8884.115,133160.729,200,261.755,331.589,43.541,0.205,3.346,8.313,7949.209,350,0.937,3944.9,14.5,1578,0,0,18.625,29.486,19.945,254,Burdekin,AyrDPI,Mulg,1960,Furrow,BareFallow,35,Surf1,200,110,LowFreq,0,P2R,15AprV1R4,T5,3167.6,2636.408,1622.562,1951.147,47.092,3.551,6.25347063125283,0.106917223408988,6.22139622641509,0.824335,30.54,999
1989,20/11/1989,324,1988,15-Apr,5,sugar,alive,4,396,1984,20/10/1988,105,0,7,325,1989,14,2046,6860.7,6150.12,5289.7,163.641,2978.27,15710,17184.912,6873.965,73.526,19.486,92.5,65.885,65.885,1.652,8882.463,8884.115,133160.729,0.718,18,1980,1397.6,315.619,1596.573,714.92,1124.15,342.074,1466.224,17.725,8860.632,1.721,8862.352,132732.448,200,245.925,331.892,56.376,1.501,3.122,10.457,7282.645,350,0.92,3605.4,13.2,1442.1,0,0,18.243,28.763,19.394,134.8,Burdekin,AyrDPI,Mulg,1960,Furrow,BareFallow,35,Surf1,200,110,LowFreq,0,P2R,15AprV1R4,T5,3377.6,2694.92,1912.192,2254.266,60.999,4.623,6.07220251436035,0.111607094141141,6.7341975308642,0.818205,29.783,999
1990,15/04/1990,105,0,15-Apr,5,none,out,-1,0,1984,0.000,105,0,7,325,-1,14,2046,0,0,0,0,0,0,16418.071,6567.229,71.193,0,0,65.069,65.069,1.721,8860.632,8862.352,132732.448,0.714,0,0,834,97.702,351.95,410.328,0,192.595,192.595,15.437,8954.901,9.217,8964.118,134726.878,0,0,16.995,2.095,0.273,1.263,0.155,4532.003,350.082,0,0.1,0,0,0,0,21.475,31.303,21.741,97.8,Burdekin,AyrDPI,Mulg,1960,Furrow,BareFallow,35,Surf1,200,110,LowFreq,0,P2R,15AprV1R4,T5,834,410.328,449.652,642.247,3.631,1.536,0,0,0,,0,999
1991,15/07/1991,196,1990,15-Apr,6,sugar,alive,0,456,1990,15/4/1990,105,0,0,318,1991,21,2039,7878.48,7120.73,6106.25,189.713,3348.91,17722.3,0,0,0,18.813,177.9,256.823,256.823,9.217,8954.901,8964.118,134726.878,0.715,20,2200,2108.4,502.678,2330.909,567.55,1288.924,366.051,1654.975,44.499,8791.555,2.322,8793.877,131318.426,200,362.329,402.693,25.935,1.695,18.533,5.288,6696.253,351.999,0.953,4365.3,16,1746.1,0,0,16.949,28.084,18.281,204.4,Burdekin,AyrDPI,Mulg,1960,Furrow,BareFallow,35,Surf1,200,110,LowFreq,0,P2R,15AprV1R4,T5,4308.4,2767.55,2833.587,3199.638,46.163,20.228,6.85490777041065,0.114631943080711,7.15898113207547,0.948565,33.489,999
1992,14/08/1992,227,1991,15-Apr,6,sugar,alive,1,396,1990,15/7/1991,105,0,0,318,1992,21,2039,7400.69,6589.95,5785.72,178.063,3326.31,16149.7,18774.465,7509.787,90.341,20.077,102.3,76.66,76.66,2.322,8791.555,8793.877,131318.426,0.705,19,2090,638.1,215.453,913.088,394,1306.135,306.314,1612.449,7.443,8782.149,1.101,8783.251,131477.196,200,263.001,319.879,29.401,0.658,1.614,5.83,6646.873,353.691,0.953,4378,16.1,1751.2,0,0,17.478,29.202,20.58,122.8,Burdekin,AyrDPI,Mulg,1960,Furrow,BareFallow,35,Surf1,200,110,LowFreq,0,P2R,15AprV1R4,T5,2728.1,2484,1128.541,1434.855,31.673,2.272,7.16839774557166,0.110430159341474,7.01035433070866,0.890315,33.263,999
1993,14/09/1993,257,1992,15-Apr,6,sugar,alive,2,396,1990,14/8/1992,105,0,0,318,1993,21,2039,7254,6507.38,5672.02,175.379,3535.07,15819.8,17448.478,6979.392,71.463,21.893,95.6,63.771,63.771,1.101,8782.149,8783.251,131477.196,0.705,21,2310,509.4,202.479,1023.545,354.374,1256.663,314.997,1571.66,10.257,8782.764,1.396,8784.16,131509.368,200,255.898,313.839,28.261,0.054,1.964,5.537,7233.821,355.421,0.925,3703.4,13.6,1481.4,0,0,17.925,29.002,20.185,72,Burdekin,AyrDPI,Mulg,1960,Furrow,BareFallow,35,Surf1,200,110,LowFreq,0,P2R,15AprV1R4,T5,2819.4,2664.374,1226.024,1541.021,30.279,2.018,6.58237169406397,0.111588384256137,6.3543115942029,0.876895,35.351,999
1994,14/10/1994,287,1993,15-Apr,6,sugar,alive,3,395,1990,14/9/1993,105,0,0,318,1994,21,2039,7501.13,6743.51,5935.54,183.689,3692.62,15655.9,16594.69,6637.876,65.886,21.826,95.7,85.486,85.486,1.396,8782.764,8784.16,131509.368,0.702,22,2420,381.5,152.991,1033.79,288.949,1312.785,320.925,1633.709,8.356,8776.719,1.33,8778.049,131494.703,200,256.612,316.995,29.67,0.053,8.671,5.821,7325.148,357.185,0.953,4355,16,1742,0,0,17.917,29.25,20.662,46.8,Burdekin,AyrDPI,Mulg,1960,Furrow,BareFallow,35,Surf1,200,110,LowFreq,0,P2R,15AprV1R4,T5,2801.5,2708.949,1186.781,1507.706,38.394,8.724,6.78082163968388,0.112436792598927,6.40031358885017,0.918445,36.926,999
1995,14/11/1995,318,1994,15-Apr,6,sugar,alive,4,396,1990,14/10/1994,105,0,0,318,1995,21,2039,7656.56,6850.87,6052.56,187.007,3736.58,16040,17009.221,6803.689,69.329,21.677,99.2,66.496,66.496,1.33,8776.719,8778.049,131494.703,0.699,21,2310,544.9,249.663,1042.394,353.816,1257.61,306.629,1564.24,8.739,8771.847,1.446,8773.293,131426.851,200,262.349,321.19,31.937,0.081,2.345,6.056,7614.724,358.982,0.949,4245.9,15.6,1698.4,0,0,19.239,29.375,20.713,55.2,Burdekin,AyrDPI,Mulg,1960,Furrow,BareFallow,35,Surf1,200,110,LowFreq,0,P2R,15AprV1R4,T5,2854.9,2663.816,1292.057,1598.686,34.363,2.426,7.02026716560003,0.119551347619291,6.77561594202899,0.935035,37.366,999
1996,14/04/1996,105,0,15-Apr,6,none,out,-1,0,1990,0.000,105,0,0,318,-1,21,2039,0,0,0,0,0,0,17243.032,6897.213,69.033,0,0,65.099,65.099,1.446,8771.847,8773.293,131426.851,0.695,0,0,439.4,7.562,198.759,240.071,0,171.788,171.788,9.255,8874.581,9.425,8884.006,134346.704,0,0,11.032,0.098,0.01,0.071,0.025,4189.325,359.682,0,0.1,0,0,0,0,22.931,32.053,22.1,107,Burdekin,AyrDPI,Mulg,1960,Furrow,BareFallow,35,Surf1,200,110,LowFreq,0,P2R,15AprV1R4,T5,439.4,240.071,206.321,378.109,0.179,0.081,0,0,0,,0,999
1997,14/07/1997,195,1996,15-Apr,7,sugar,alive,0,456,1996,14/4/1996,105,0,0,318,1997,21,2039,9491.9,8583.96,7471.01,232.47,4423.64,20208.8,0,0,0,20.506,185.2,126.391,126.391,9.425,8874.581,8884.006,134346.704,0.697,21,2310,982.2,140.254,1450.891,533.986,1376.76,369.395,1746.155,23.114,8719.92,2.104,8722.024,130342.165,200,377.438,405.411,15.367,0.109,12.612,3.561,7748.965,361.813,0.976,5339.7,19.6,2135.9,0,0,18.701,28.609,19.693,116.8,Burdekin,AyrDPI,Mulg,1960,Furrow,BareFallow,35,Surf1,200,110,LowFreq,0,P2R,15AprV1R4,T5,3292.2,2843.986,1591.145,1960.54,28.088,12.721,8.17409087105211,0.133132511145918,8.42282608695652,1.16235,44.236,999
1998,14/08/1998,226,1997,15-Apr,7,sugar,alive,1,396,1996,14/7/1997,105,0,0,318,1998,21,2039,6927.3,6145.52,5482.06,168.524,3090.36,14452.4,21716.241,8686.496,92.864,19.655,97.4,81.292,81.292,2.104,8719.92,8722.024,130342.165,0.688,18,1980,943.5,290.742,1282.454,459.961,1021.38,320.68,1342.06,12.192,8725.835,1.391,8727.226,130606.143,200,254.205,313.078,25.631,0.344,3.391,5.057,7255.085,363.697,0.924,3684.7,13.5,1473.9,0,0,19.78,28.54,19.348,189.6,Burdekin,AyrDPI,Mulg,1960,Furrow,BareFallow,35,Surf1,200,110,LowFreq,0,P2R,15AprV1R4,T5,2923.5,2439.961,1573.196,1893.876,29.366,3.735,6.90683170755598,0.125571136908931,6.93514403292181,0.84262,30.904,999
1999,14/09/1999,257,1998,15-Apr,7,sugar,alive,2,396,1996,14/8/1998,105,0,0,318,1999,21,2039,7502.96,6738.87,5901.42,182.596,3549.01,16015.3,15416.558,6166.623,58.669,21.007,90.3,89.536,89.536,1.391,8725.835,8727.226,130606.143,0.689,20,2200,1157.8,339.756,1555.065,688.463,1139.978,331.157,1471.136,13.175,8718.754,1.24,8719.994,130574.452,200,244.24,318.108,46.168,0.191,2.855,8.807,7184.783,365.614,0.934,3892.9,14.3,1557.1,0,0,19.672,28.665,19.051,112,Burdekin,AyrDPI,Mulg,1960,Furrow,BareFallow,35,Surf1,200,110,LowFreq,0,P2R,15AprV1R4,T5,3357.8,2888.463,1894.821,2225.978,49.214,3.046,6.32156271345695,0.12411904813695,6.89041509433962,0.91298,35.49,999
2000,13/10/2000,287,1999,15-Apr,7,sugar,alive,3,395,1996,14/9/1999,105,0,0,318,2000,21,2039,7092.27,6369.09,5632.99,174.34,3395.16,14592.8,16921.967,6768.786,65.846,21.053,85.9,81.379,81.379,1.24,8718.754,8719.994,130574.452,0.686,18,1980,1485.1,442.985,1683.295,609.65,1056.739,307.243,1363.982,19.666,8728.368,1.362,8729.73,130837.653,200,239.07,303.186,35.486,0.097,2.965,6.692,6953.347,367.562,0.948,4211.9,15.4,1684.8,0,0,18.806,28.308,19.755,136,Burdekin,AyrDPI,Mulg,1960,Furrow,BareFallow,35,Surf1,200,110,LowFreq,0,P2R,15AprV1R4,T5,3465.1,2589.65,2126.28,2433.523,38.548,3.062,6.7321838858533,0.127816936000622,7.17448559670782,0.8717,33.952,999
2001,13/11/2001,317,2000,15-Apr,7,sugar,alive,4,396,1996,13/10/2000,105,0,0,318,2001,21,2039,6805.75,6063.41,5383.38,166.581,3436.01,14223.6,15983.962,6393.584,64.727,22.471,94.9,56.216,56.216,1.362,8728.368,8729.73,130837.653,0.683,21,2310,561.7,207.508,1099.359,457.222,1180.889,390.816,1571.705,13.158,8705.642,1.823,8707.465,130358.435,200,243.142,329.062,61.19,0.132,2.13,11.579,7332.757,369.549,0.923,3662.6,13.4,1465,0,0,18.326,29.448,20.344,52,Burdekin,AyrDPI,Mulg,1960,Furrow,BareFallow,35,Surf1,200,110,LowFreq,0,P2R,15AprV1R4,T5,2871.7,2767.222,1306.867,1697.683,63.452,2.262,6.01979169000536,0.105987446753685,6.03554347826087,0.832905,34.36,999
2002,15/04/2002,105,0,15-Apr,7,none,out,-1,0,1996,0.000,105,0,0,318,-1,21,2039,0,0,0,0,0,0,15203.273,6081.309,63.704,0,0,49.345,49.345,1.823,8705.642,8707.465,130358.435,0.679,0,0,709.6,0.019,458.026,251.573,0,166.332,166.332,21.463,8806.949,6.267,8813.216,133270.94,0,0,6.704,0.094,0,0.166,0.017,3553.317,370.333,0,0.1,0,0,0,0,22.761,32.867,22.92,206,Burdekin,AyrDPI,Mulg,1960,Furrow,BareFallow,35,Surf1,200,110,LowFreq,0,P2R,15AprV1R4,T5,709.6,251.573,458.045,624.377,0.26,0.166,0,0,0,,0,999
2003,15/07/2003,196,2002,15-Apr,8,sugar,alive,0,456,2002,15/4/2002,105,0,0,318,2003,21,2039,8124.87,7252.88,6351.08,195.999,3821.21,17737.9,0,0,0,21.08,187.4,134.569,134.569,6.267,8806.949,8813.216,133270.94,0.681,22,2420,540.4,57.268,1238.513,344.952,1367.053,368.704,1735.757,22.18,8650.018,2.006,8652.024,129231.217,200,375.334,407.445,13.929,0.128,12.868,3.316,7586.078,372.685,0.966,4824.5,17.7,1929.8,0,0,17.497,29.369,20.058,51,Burdekin,AyrDPI,Mulg,1960,Furrow,BareFallow,35,Surf1,200,110,LowFreq,0,P2R,15AprV1R4,T5,2960.4,2764.952,1295.781,1664.485,26.925,12.996,7.08869448728224,0.112918455751583,6.82923344947735,0.979995,38.212,999
2004,14/08/2004,227,2003,15-Apr,8,sugar,alive,1,396,2002,15/7/2003,105,0,0,318,2004,21,2039,7556.29,6723.96,5905.45,181.546,3485.01,16508.4,19178.058,7671.223,88.555,20.711,98.5,63.432,63.432,2.006,8650.018,8652.024,129231.217,0.674,19,2090,730.8,213.448,964.517,380.038,1334.857,303.424,1638.281,7.318,8647.987,1.039,8649.026,129456.882,200,257.897,314.512,28.735,0.344,1.582,5.677,6753.229,374.756,0.954,4409.1,16.2,1763.6,0,0,18.173,29.68,20.405,173.2,Burdekin,AyrDPI,Mulg,1960,Furrow,BareFallow,35,Surf1,200,110,LowFreq,0,P2R,15AprV1R4,T5,2820.8,2470.038,1177.965,1481.389,30.661,1.926,7.34992741002365,0.110814933457691,7.14748031496063,0.90773,34.85,999
2005,14/09/2005,257,2004,15-Apr,8,sugar,alive,2,396,2002,14/8/2004,105,0,0,318,2005,21,2039,7336.45,6565.77,5708.26,175.601,3549.2,16281.9,17779.867,7111.948,71.38,21.961,92,67.986,67.986,1.039,8647.987,8649.026,129456.882,0.675,20,2200,741.5,173.091,1156.61,325.644,1301.017,302.624,1603.641,12.271,8650.638,1.133,8651.771,129581.85,200,259.47,315.644,24.085,0.046,2.07,4.77,7301.997,376.868,0.952,4325,15.8,1730,0,0,18.136,29.487,20.28,143.4,Burdekin,AyrDPI,Mulg,1960,Furrow,BareFallow,35,Surf1,200,110,LowFreq,0,P2R,15AprV1R4,T5,2941.5,2525.644,1329.701,1632.325,26.201,2.116,6.95272176126168,0.109501440783816,6.62645283018868,0.878005,35.492,999
2006,14/10/2006,287,2005,15-Apr,8,sugar,alive,3,395,2002,14/9/2005,105,0,0,318,2006,21,2039,7319.36,6592.45,5711.08,176.386,3339.51,16082.8,17515.848,7006.339,69.916,20.388,89.6,76.145,76.145,1.133,8650.638,8651.771,129581.85,0.673,20,2200,921,295.103,1302.106,465.19,1229.751,299.027,1528.778,13.536,8654.496,1.16,8655.656,129693.486,200,251.959,312.729,31.407,0.081,2.193,6.023,7268.548,379.015,0.954,4404,16.1,1761.6,0,0,18.775,29.419,19.891,178.4,Burdekin,AyrDPI,Mulg,1960,Furrow,BareFallow,35,Surf1,200,110,LowFreq,0,P2R,15AprV1R4,T5,3121,2665.19,1597.209,1896.236,33.681,2.274,6.61813979491143,0.115377118195055,6.65607547169811,0.88193,33.395,999
2007,14/11/2007,318,2006,15-Apr,8,sugar,alive,4,396,2002,14/10/2006,105,0,0,318,2007,21,2039,7413.12,6621.24,5861.91,180.943,3641.67,15512.1,17413.826,6965.53,70.711,21.855,93.4,71.158,71.158,1.16,8654.496,8655.656,129693.486,0.671,20,2200,955.1,344.007,1303.284,448.055,1237.346,285.822,1523.168,12.983,8658.145,1.426,8659.571,129759.879,200,254.912,312.423,29.108,0.084,2.24,5.576,7302.503,381.199,0.955,4415.9,16.2,1766.4,0,0,18.14,28.848,20.087,130.2,Burdekin,AyrDPI,Mulg,1960,Furrow,BareFallow,35,Surf1,200,110,LowFreq,0,P2R,15AprV1R4,T5,3155.1,2648.055,1647.291,1933.113,31.432,2.324,6.83305293885512,0.118793855963361,6.82803773584906,0.904715,36.417,999
2008,14/04/2008,105,0,15-Apr,8,none,out,-1,0,2002,0.000,105,0,0,318,-1,21,2039,0,0,0,0,0,0,16938.824,6775.53,71.435,0,0,55.799,55.799,1.426,8658.145,8659.571,129759.879,0.669,0,0,1182.4,165.04,638.344,491.714,0,283.305,283.305,30.058,8762.109,6.012,8768.121,133282.452,0,0,8.892,0.588,0.122,0.345,0.041,3432.399,382.048,0,0.1,0,0,0,0,22.044,31.03,20.031,108.2,Burdekin,AyrDPI,Mulg,1960,Furrow,BareFallow,35,Surf1,200,110,LowFreq,0,P2R,15AprV1R4,T5,1182.4,491.714,803.384,1086.689,1.055,0.467,0,0,0,,0,999
2009,14/07/2009,195,2008,15-Apr,9,sugar,alive,0,456,2008,14/4/2008,105,0,0,318,2009,21,2039,7709.13,6902.68,5996.63,185.103,3293.71,17125,0,0,0,18.987,169.2,151.51,151.51,6.012,8762.109,8768.121,133282.452,0.671,18,1980,1896.9,360.01,2040.093,650.794,1230.849,329.978,1560.827,29,8616.369,2.419,8618.788,128695.43,200,349.228,390.132,22.168,0.439,16.149,4.783,7914.638,384.628,0.965,4782.4,17.5,1913,0,0,17.681,28.658,18.107,197.2,Burdekin,AyrDPI,Mulg,1960,Furrow,BareFallow,35,Surf1,200,110,LowFreq,0,P2R,15AprV1R4,T5,3876.9,2630.794,2400.103,2730.081,38.756,16.588,7.03601270186872,0.118592899789663,7.61740740740741,0.925515,32.937,999
2010,16/08/2010,228,2009,15-Apr,9,sugar,alive,1,398,2008,14/7/2009,105,0,2,318,2010,19,2039,7451.39,6672.5,5801.68,178.951,3120.22,16497.2,18621.297,7448.519,87.964,18.547,103.4,67.481,67.481,2.419,8616.369,8618.788,128695.43,0.663,19,2090,1122.7,358.268,1248.513,513.989,1256.994,291.423,1548.417,10.726,8605.471,1.393,8606.864,128757.277,200,263.448,319.886,29.467,0.666,1.752,5.805,6761.299,386.915,0.939,3985.1,14.6,1594.1,0,0,18.353,29.247,18.959,135.2,Burdekin,AyrDPI,Mulg,1960,Furrow,BareFallow,35,Surf1,200,110,LowFreq,0,P2R,15AprV1R4,T5,3212.7,2603.989,1606.781,1898.204,31.885,2.418,6.87218724810281,0.115570288882129,7.04531496062992,0.894755,31.202,999
2011,16/09/2011,259,2010,15-Apr,9,sugar,alive,2,396,2008,16/8/2010,105,0,2,320,2011,19,2041,6930.81,6244.93,5432.93,168.493,3256.1,14978.9,17409.966,6963.988,69.923,20.869,78.8,124.983,124.983,1.393,8605.471,8606.864,128757.277,0.664,15,1650,1415.7,332.883,1358.388,794.064,1100.489,341.86,1442.349,14.666,8610.795,1.139,8611.934,128991.111,200,231.654,298.341,38.607,0.132,7.472,7.394,6661.95,389.227,0.93,3802.9,13.9,1521.2,0,0,18.1,28.358,17.748,81.4,Burdekin,AyrDPI,Mulg,1960,Furrow,BareFallow,35,Surf1,200,110,LowFreq,0,P2R,15AprV1R4,T5,3065.7,2444.064,1691.271,2033.131,46.211,7.604,6.8939684067193,0.11681846765242,8.02347619047619,0.842465,32.561,999
2012,15/10/2012,289,2011,15-Apr,9,sugar,alive,3,395,2008,16/9/2011,105,0,2,320,2012,19,2041,7323.41,6593,5765.21,178.408,3433.32,15581.9,15964.525,6385.809,66.348,20.77,85,57.064,57.064,1.139,8610.795,8611.934,128991.111,0.663,18,1980,1154.8,342.989,1290.286,567.491,1206.982,293.719,1500.701,11.227,8612.433,1.185,8613.618,129085.286,200,245.473,307.792,35.359,0.096,2.378,6.753,6851.356,391.57,0.957,4509.2,16.5,1803.7,0,0,18.092,28.805,19.387,197.4,Burdekin,AyrDPI,Mulg,1960,Furrow,BareFallow,35,Surf1,200,110,LowFreq,0,P2R,15AprV1R4,T5,3134.8,2547.491,1633.275,1926.994,37.833,2.474,7.00328283789815,0.118883108627235,7.34189300411523,0.89204,34.333,999
2013,15/11/2013,319,2012,15-Apr,9,sugar,alive,4,396,2008,15/10/2012,105,0,2,320,2013,19,2041,7511.6,6669.22,5924,182.319,3581.32,15876,17077.457,6830.983,72.42,21.261,99,57.888,57.888,1.185,8612.433,8613.618,129085.286,0.66,21,2310,546.6,116.334,1143.362,333.799,1296.048,293.935,1589.983,11.121,8606.881,1.597,8608.478,128941.062,200,265.552,322.202,27.222,0.055,2.314,5.305,7512.938,393.956,0.957,4499.7,16.5,1799.9,0,0,18.55,29.58,20.592,178.6,Burdekin,AyrDPI,Mulg,1960,Furrow,BareFallow,35,Surf1,200,110,LowFreq,0,P2R,15AprV1R4,T5,2856.6,2643.799,1259.696,1553.631,29.591,2.369,6.89609913612949,0.11466726373804,6.60576086956522,0.911595,35.813,999
2014,17/04/2014,107,0,15-Apr,9,none,out,-1,0,2008,0.000,107,2,2,322,-1,18,2041,0,0,0,0,0,0,17319.368,6927.747,71.789,0,0,64.809,64.809,1.597,8606.881,8608.478,128941.062,0.658,0,0,632.6,17.034,201.109,424.092,0,217.15,217.15,9.235,8707.711,8.107,8715.818,131687.506,0,0,17.159,1.105,0.017,0.797,0.097,4218.283,394.896,0,0.1,0,0,0,0,21.993,31.18,20.603,86.2,Burdekin,AyrDPI,Mulg,1960,Furrow,BareFallow,35,Surf1,200,110,LowFreq,0,P2R,15AprV1R4,T5,632.6,424.092,218.143,435.293,1.919,0.814,0,0,0,,0,999
2015,17/07/2015,198,2014,15-Apr,10,sugar,alive,0,456,2014,17/4/2014,107,2,0,320,2015,19,2039,8314.23,7439.9,6495.95,200.803,3949.69,18182.8,0,0,0,21.293,184,262.117,262.117,8.107,8707.711,8715.818,131687.506,0.66,23,2530,448.8,131.787,1249.07,267.77,1406.821,371.204,1778.025,23.508,8547.892,2.064,8549.956,127718.962,200,370.486,407.709,21.511,0.22,14.283,4.688,7472.164,397.712,0.968,4904.5,18,1961.8,0,0,17.752,29.33,19.661,83.4,Burdekin,AyrDPI,Mulg,1960,Furrow,BareFallow,35,Surf1,200,110,LowFreq,0,P2R,15AprV1R4,T5,2978.8,2797.77,1380.857,1752.061,36.014,14.503,7.17725188274948,0.112935982339956,6.73835570469799,1.004015,39.497,999
2016,16/08/2016,229,2015,15-Apr,10,sugar,alive,1,396,2014,17/7/2015,107,2,0,320,2016,19,2039,7300.33,6475.71,5708.44,175.138,3318.49,15919,19624.221,7849.688,88.501,20.406,99.1,82.036,82.036,2.064,8547.892,8549.956,127718.962,0.651,20,2200,523.6,265.943,848.676,384.538,1295.358,301.621,1596.979,4.958,8551.057,1.1,8552.157,127998.442,200,255.56,311.225,26.262,0.479,1.478,5.186,6809.136,400.186,0.948,4229.7,15.5,1691.9,0,0,18.819,29.827,19.384,43.6,Burdekin,AyrDPI,Mulg,1960,Furrow,BareFallow,35,Surf1,200,110,LowFreq,0,P2R,15AprV1R4,T5,2723.6,2584.538,1114.619,1416.24,28.219,1.957,6.77637550695714,0.109668317491965,6.60898113207547,0.87569,33.185,999
2017,16/09/2017,259,2016,15-Apr,10,sugar,alive,2,396,2014,16/8/2016,107,2,0,320,2017,19,2039,6999.11,6246.76,5397.74,166.053,3092.8,16013.7,17126.338,6850.535,66.666,20.009,91.5,94.037,94.037,1.1,8551.057,8552.157,127998.442,0.653,19,2090,873.2,231.626,1194.484,480.958,1247.612,314.635,1562.247,11.936,8549.537,1.195,8550.732,128036.612,200,253.072,311.149,29.289,0.07,3.569,5.64,7031.299,402.705,0.942,4068,14.9,1627.2,0,0,18.663,29.889,18.144,107.8,Burdekin,AyrDPI,Mulg,1960,Furrow,BareFallow,35,Surf1,200,110,LowFreq,0,P2R,15AprV1R4,T5,2963.2,2570.958,1426.11,1740.745,32.928,3.639,6.45879862681537,0.106291130659876,6.53751968503937,0.830265,30.928,999
2018,16/10/2018,289,2017,15-Apr,10,sugar,alive,3,395,2014,16/9/2017,107,2,0,320,2018,19,2039,6899.89,6204.59,5343.68,165.336,3155.97,15562.1,17069.481,6827.792,69.231,20.579,86.1,68.88,68.88,1.195,8549.537,8550.732,128036.612,0.651,21,2310,722.5,359.365,1138.144,363.343,1242.029,291.616,1533.645,12.428,8546.72,1.447,8548.167,127991.09,200,236.24,313.359,49.066,0.577,1.927,9.288,7012.217,405.261,0.925,3702.7,13.6,1481.1,0,0,18.071,29.621,18.354,130.4,Burdekin,AyrDPI,Mulg,1960,Furrow,BareFallow,35,Surf1,200,110,LowFreq,0,P2R,15AprV1R4,T5,3032.5,2673.343,1497.509,1789.125,51.57,2.504,6.18461604066519,0.107805913363262,5.9904347826087,0.82668,31.56,999
2019,16/11/2019,320,2018,15-Apr,10,sugar,alive,4,396,2014,16/10/2018,107,2,0,320,2019,19,2039,6500.99,5826.38,4975.04,153.607,2879.74,15259.5,16375.081,6550.033,66.743,20.159,86.1,70.226,70.226,1.447,8546.72,8548.167,127991.09,0.648,20,2200,1183.8,475.032,1498.473,445.937,1113.499,302.557,1416.056,9.214,8538.966,1.652,8540.617,127832.107,200,235.039,313.946,52.01,0.252,2.768,9.635,6879.505,407.856,0.915,3517.7,12.9,1407.1,0,0,18.556,29.691,17.571,92.8,Burdekin,AyrDPI,Mulg,1960,Furrow,BareFallow,35,Surf1,200,110,LowFreq,0,P2R,15AprV1R4,T5,3383.8,2645.937,1973.505,2276.062,55.03,3.02,5.80539143600169,0.108475229793172,5.79649056603774,0.768035,28.797,999
2020,14/04/2020,105,0,15-Apr,10,none,out,-1,0,2014,0.000,105,0,0,320,-1,19,2039,0,0,0,0,0,0,15960.669,6384.268,67.273,0,0,64.466,64.466,1.652,8538.966,8540.617,127832.107,0.646,0,0,828,44.996,507.161,307.889,0,199.923,199.923,23.737,8639.43,4.732,8644.162,130931.308,0,0,5.608,0.233,0.051,0.148,0.02,3259.289,408.85,0,0.1,0,0,0,0,22.748,32.54,20.701,327.8,Burdekin,AyrDPI,Mulg,1960,Furrow,BareFallow,35,Surf1,200,110,LowFreq,0,P2R,15AprV1R4,T5,828,307.889,552.157,752.08,0.432,0.199,0,0,0,,0,999
2021,14/07/2021,195,2020,15-Apr,11,sugar,alive,0,456,2020,14/4/2020,105,0,0,318,2021,21,2039,7597.91,6803.42,5881.18,181.694,3281.96,17167.2,0,0,0,19.318,163.7,140.387,140.387,4.732,8639.43,8644.162,130931.308,0.648,20,2200,1238.2,232.536,1680.892,536.687,1218.16,359.657,1577.817,31.643,8496.242,1.978,8498.219,126897.715,200,340.591,388.377,20.799,0.388,22.197,4.481,7328.693,411.908,0.95,4292.8,15.7,1717.1,0,0,18.324,28.888,16.427,132.4,Burdekin,AyrDPI,Mulg,1960,Furrow,BareFallow,35,Surf1,200,110,LowFreq,0,P2R,15AprV1R4,T5,3438.2,2736.687,1913.428,2273.085,43.384,22.585,6.63919549440619,0.115155306350483,6.85637735849057,0.90847,32.82,999
1961,15/04/1961,105,0,15-Apr,0,none,out,-1,0,-1,0.000,105,0,0,318,-1,21,2039,0,0,0,0,0,0,0,0,0,0,0,0,0,0,0,0,0,0.89,0,0,356.6,0,169.312,187.288,0,145.244,145.244,7.686,9503.068,38.664,9541.732,141817.737,0,0,36.952,1.807,0,0.521,0.325,1004.952,350,0,0.2,0,0.1,0,0,20.264,30.936,22.36,63.2,Burdekin,AyrDPI,Mulg,1961,Furrow,BareFallow,35,Surf1,200,110,LowFreq,0,P2R,15AprV1R4,T5,356.6,187.288,169.312,314.556,2.328,0.521,0,0,0,,0,999
1962,15/07/1962,196,1961,15-Apr,1,sugar,alive,0,456,1961,15/4/1961,105,0,0,318,1962,21,2039,7838.2,7040.62,6052.32,187.169,3382.16,17858.8,0,0,0,19.326,140.4,71.594,71.594,38.664,9503.068,9541.732,141817.737,0.884,20,2200,968.6,64.223,1373.542,666.107,1366.696,364.293,1730.989,22.755,9420.179,0.768,9420.947,141311.594,200,313.716,323.808,28.543,0,14.916,6.087,3584.332,350,0.975,5297.4,19.4,2119,0,0,16.561,28.834,19.605,102.1,Burdekin,AyrDPI,Mulg,1961,Furrow,BareFallow,35,Surf1,200,110,LowFreq,0,P2R,15AprV1R4,T5,3168.6,2866.107,1437.765,1802.058,43.459,14.916,6.53042611458679,0.10812835899015,7.06298113207547,0.935845,33.822,999
1963,18/08/1963,230,1962,15-Apr,1,sugar,alive,1,399,1961,15/7/1962,105,0,3,318,1963,18,2039,6501.47,5820.75,5020.53,154.469,2810.29,14809.4,19682.812,7873.124,93.903,19.478,79.6,71.44,71.44,0.768,9420.179,9420.947,141311.594,0.867,18,1980,1163.8,409.907,1185.6,658.214,1200.597,298.599,1499.196,9.431,9434.532,1.11,9435.641,142119.517,200,233.222,296.537,29.365,0.002,1.731,5.732,5785.706,350,0.926,3723.2,13.7,1489.3,0,0,17.096,28.908,18.959,91.9,Burdekin,AyrDPI,Mulg,1961,Furrow,BareFallow,35,Surf1,200,110,LowFreq,0,P2R,15AprV1R4,T5,3143.8,2638.214,1595.507,1894.106,31.098,1.733,5.85505952132769,0.103034559857417,6.35674897119342,0.772345,28.103,999
1964,17/09/1964,261,1963,15-Apr,1,sugar,alive,2,396,1961,18/8/1963,105,0,3,321,1964,18,2042,6492.5,5733.61,5010.31,152.687,2748.07,14821.9,15752.682,6301.073,63.746,19.238,98.8,120.538,120.538,1.11,9434.532,9435.641,142119.517,0.864,19,2090,554.3,234.15,967.954,399.393,1223.597,285.677,1509.275,5.675,9417.153,1.301,9418.454,142901.887,200,263.968,319.37,26.514,0.002,7.328,5.221,5934.68,350,0.955,4436.3,16.3,1774.5,0,0,17.294,29.464,19.826,92.7,Burdekin,AyrDPI,Mulg,1961,Furrow,BareFallow,35,Surf1,200,110,LowFreq,0,P2R,15AprV1R4,T5,2644.3,2489.393,1202.104,1487.781,33.844,7.33,6.13350322749361,0.10116579152242,6.01129921259843,0.763435,27.481,999
1965,17/10/1965,290,1964,15-Apr,1,sugar,alive,3,395,1961,17/9/1964,105,0,3,321,1965,18,2042,6971.52,6289.9,5355.1,166.042,3065.15,16164.2,16369.478,6547.793,71.59,19.806,98.2,53.46,53.46,1.301,9417.153,9418.454,142901.887,0.857,20,2200,832.9,210.854,1251.502,446.687,1226.222,333.516,1559.738,13.44,9387.734,1.373,9389.107,143482.788,200,258.032,334.478,50.54,0.002,3.068,9.724,6018.516,350,0.925,3708.9,13.6,1483.6,0,0,17.504,29.121,19.961,107.4,Burdekin,AyrDPI,Mulg,1961,Furrow,BareFallow,35,Surf1,200,110,LowFreq,0,P2R,15AprV1R4,T5,3032.9,2646.687,1462.356,1795.872,53.61,3.07,6.27357900650889,0.10645505847777,6.2657358490566,0.83021,30.652,999
1966,20/11/1966,324,1965,15-Apr,1,sugar,alive,4,399,1961,17/10/1965,105,0,6,321,1966,15,2042,6922.91,6172.73,5282.13,162.834,3124.14,16407.8,16892.192,6756.877,76.217,20.699,96,64.265,64.265,1.373,9387.734,9389.107,143482.788,0.847,23,2530,469.4,175.805,1312.864,331.11,1152.59,323.246,1475.835,10.078,9363.179,1.851,9365.03,144078.973,200,256.596,334.394,49.133,0.003,3.449,9.272,6225.761,350,0.929,3768.8,13.8,1507.5,0,0,18.203,29.07,19.83,102.9,Burdekin,AyrDPI,Mulg,1961,Furrow,BareFallow,35,Surf1,200,110,LowFreq,0,P2R,15AprV1R4,T5,2999.4,2861.11,1488.669,1811.915,52.585,3.452,5.691287647102,0.11033347223775,5.46422818791946,0.81417,31.241,999
1967,15/04/1967,105,0,15-Apr,1,none,out,-1,0,1961,0.000,105,0,6,324,-1,15,2045,0,0,0,0,0,0,17150.094,6860.038,74.908,0,0,99.162,99.162,1.851,9363.179,9365.03,144078.973,0.839,0,0,493.9,4.61,250.031,243.806,0,195.304,195.304,11.679,9458.632,12.017,9470.649,147121.939,0,0,14.298,0.492,0,0.436,0.051,3556.426,350,0,0.1,0,0,0,0,21.476,31.313,21.477,154.9,Burdekin,AyrDPI,Mulg,1961,Furrow,BareFallow,35,Surf1,200,110,LowFreq,0,P2R,15AprV1R4,T5,493.9,243.806,254.641,449.945,0.928,0.436,0,0,0,,0,999
1968,14/07/1968,196,1967,15-Apr,2,sugar,alive,0,456,1967,15/4/1967,105,0,0,318,1968,21,2039,8268.4,7424.84,6452.89,199.779,3688.57,18155.1,0,0,0,19.81,159.7,143.118,143.118,12.017,9458.632,9470.649,147121.939,0.84,20,2200,1672.1,301.383,1966.25,649.389,1304.386,368.284,1672.671,32.953,9311.608,1.777,9313.385,144385.198,200,340.631,387.811,35.156,0.004,21.358,7.218,6169.116,350,0.968,4897.4,17.9,1959,0,0,17.786,28.252,19.122,187.9,Burdekin,AyrDPI,Mulg,1961,Furrow,BareFallow,35,Surf1,200,110,LowFreq,0,P2R,15AprV1R4,T5,3872.1,2849.389,2267.633,2635.917,56.518,21.362,7.01129259641277,0.119437115846452,7.53883018867925,0.998895,36.886,999
1969,14/08/1969,226,1968,15-Apr,2,sugar,alive,1,396,1967,14/7/1968,105,0,0,318,1969,21,2039,6699.16,5968.49,5120.83,157.309,2930.87,15783.3,19594.625,7837.851,92.056,20.016,96,74.914,74.914,1.777,9311.608,9313.385,144385.198,0.823,22,2420,219.9,325.353,726.484,175.682,1264.836,315.227,1580.063,4.122,9298.943,1.322,9300.265,144645.308,200,258.231,320.828,34.531,0.005,1.642,6.791,6486.168,350,0.924,3680.3,13.5,1472.1,0,0,17.324,29.16,19.914,46.5,Burdekin,AyrDPI,Mulg,1961,Furrow,BareFallow,35,Surf1,200,110,LowFreq,0,P2R,15AprV1R4,T5,2639.9,2595.682,1051.837,1367.064,36.178,1.647,6.06041109812373,0.0995586884826744,5.48114982578397,0.786545,29.309,999
1970,14/09/1970,257,1969,15-Apr,2,sugar,alive,2,396,1967,14/8/1969,105,0,0,318,1970,21,2039,7193.86,6451.6,5524.65,169.908,3198.65,16692.1,16544.085,6617.634,68.008,20.256,102.4,82.914,82.914,1.322,9298.943,9300.265,144645.308,0.819,20,2200,670.4,190.543,1052.763,389.894,1326.748,310.573,1637.321,8.583,9275.187,1.31,9276.497,144872.371,200,271.365,334.4,35.594,0.004,2.181,6.869,6834.504,350,0.947,4202.6,15.4,1681.1,0,0,17.523,29.383,20.581,133.6,Burdekin,AyrDPI,Mulg,1961,Furrow,BareFallow,35,Surf1,200,110,LowFreq,0,P2R,15AprV1R4,T5,2870.4,2589.894,1243.306,1553.879,37.779,2.185,6.56042293622828,0.103771954308288,6.41162264150943,0.84954,31.986,999
1971,14/10/1971,287,1970,15-Apr,2,sugar,alive,3,395,1967,14/9/1970,105,0,0,318,1971,21,2039,7059.03,6355.12,5461.2,168.839,3124.97,15978.3,17760.503,7104.201,74.655,19.866,90.3,72.686,72.686,1.31,9275.187,9276.497,144872.371,0.812,18,1980,1222.9,269.365,1396.059,703.258,1225.482,319.125,1544.606,12.389,9264.222,1.365,9265.587,145106.489,200,249.995,324.983,46.203,0.018,2.194,8.822,6880.303,350,0.942,4061.5,14.9,1624.6,0,0,17.746,28.818,19.76,220,Burdekin,AyrDPI,Mulg,1961,Furrow,BareFallow,35,Surf1,200,110,LowFreq,0,P2R,15AprV1R4,T5,3202.9,2683.258,1665.424,1984.549,48.415,2.212,6.29231329972742,0.10930878165694,6.94810699588477,0.844195,31.25,999
1972,13/11/1972,318,1971,15-Apr,2,sugar,alive,4,396,1967,14/10/1971,105,0,0,318,1972,21,2039,6958.78,6252.6,5396.08,167.11,3189.93,15627,17033.798,6813.52,72.615,20.579,87.5,65.556,65.556,1.365,9264.222,9265.587,145106.489,0.805,20,2200,1329.1,416.034,1563.471,415.53,1243.922,317.811,1561.733,11.234,9255.122,1.614,9256.735,144885.072,200,246.938,322.274,44.545,0.123,3.35,8.424,7166.126,350,0.933,3851.2,14.1,1540.5,0,0,16.944,28.986,20.231,206.2,Burdekin,AyrDPI,Mulg,1961,Furrow,BareFallow,35,Surf1,200,110,LowFreq,0,P2R,15AprV1R4,T5,3529.1,2615.53,1979.505,2297.316,48.018,3.473,6.38914483871338,0.107002925596117,6.30603773584906,0.83555,31.899,999
1973,15/04/1973,105,0,15-Apr,2,none,out,-1,0,1967,0.000,105,0,0,318,-1,21,2039,0,0,0,0,0,0,16556.472,6622.588,74.733,0,0,53.418,53.418,1.614,9255.122,9256.735,144885.072,0.798,0,0,912.7,82.469,421.645,465.817,0,273.031,273.031,19.832,9358.757,4.093,9362.85,148334.153,0,0,7.391,0.589,0.008,0.257,0.038,3180.674,350,0,0.1,0,0,0,0,21.686,30.85,20.736,108.5,Burdekin,AyrDPI,Mulg,1961,Furrow,BareFallow,35,Surf1,200,110,LowFreq,0,P2R,15AprV1R4,T5,912.7,465.817,504.114,777.145,0.854,0.265,0,0,0,,0,999
1974,15/07/1974,196,1973,15-Apr,3,sugar,alive,0,456,1973,15/4/1973,105,0,0,318,1974,21,2039,7576.12,6790.65,5912.77,182.536,3216.11,16633.5,0,0,0,18.771,155.6,188.974,188.974,4.093,9358.757,9362.85,148334.153,0.8,16,1760,2113.6,548.852,1891.385,858.518,1187.844,366.938,1554.782,30.473,9226.895,2.17,9229.066,143344.062,200,332.836,372.427,22.181,0.015,16.951,4.778,8276.364,350,0.965,4802.3,17.6,1920.9,0,0,17.929,28.237,17.62,152.9,Burdekin,AyrDPI,Mulg,1961,Furrow,BareFallow,35,Surf1,200,110,LowFreq,0,P2R,15AprV1R4,T5,3873.6,2618.518,2440.237,2807.175,39.147,16.966,6.97096601971039,0.11740295424053,8.25954751131222,0.91268,32.161,999
1975,15/08/1975,227,1974,15-Apr,3,sugar,alive,1,396,1973,15/7/1974,105,0,0,318,1975,21,2039,7192.65,6410.87,5532.23,170.29,3031.26,16604.2,18220.435,7288.174,91.033,18.995,113.8,67.555,67.555,2.17,9226.895,9229.066,143344.062,0.788,18,1980,723.8,275.199,866.797,483.207,1222.596,326.168,1548.764,9.054,9181.556,1.935,9183.492,142774.658,200,282.953,348.18,40.708,0.044,1.715,7.96,7050.689,350,0.941,4031.1,14.8,1612.5,0,0,17.665,28.665,19.674,65,Burdekin,AyrDPI,Mulg,1961,Furrow,BareFallow,35,Surf1,200,110,LowFreq,0,P2R,15AprV1R4,T5,2703.8,2463.207,1141.996,1468.164,42.467,1.759,6.91334508224441,0.109952194136744,7.00781893004115,0.85145,30.313,999
1976,14/09/1976,258,1975,15-Apr,3,sugar,alive,2,396,1973,15/8/1975,105,0,0,318,1976,21,2039,6425.2,5765.12,4978.33,153.781,2848.89,14468.7,17540.01,7016.005,74.076,19.886,89.1,80.596,80.596,1.935,9181.556,9183.492,142774.658,0.785,16,1760,1963.5,568.255,1780.088,785.803,1057.003,338.953,1395.956,22.599,9166.225,1.45,9167.675,142900.09,200,237.798,318.784,48.676,0.128,11.413,9.295,6601.855,350,0.919,3586.9,13.1,1434.8,0,0,17.532,28.198,19.227,179.8,Burdekin,AyrDPI,Mulg,1961,Furrow,BareFallow,35,Surf1,200,110,LowFreq,0,P2R,15AprV1R4,T5,3723.5,2545.803,2348.343,2687.296,60.217,11.541,6.04056951775137,0.110161781603432,6.95841628959276,0.768905,28.489,999
1977,14/10/1977,287,1976,15-Apr,3,sugar,alive,3,395,1973,14/9/1976,105,0,0,318,1977,21,2039,7121.92,6417.5,5493.95,169.794,2957.25,16279.8,15347.262,6138.905,64.772,18.522,98.6,59.796,59.796,1.45,9166.225,9167.675,142900.09,0.78,19,2090,1378.2,299.113,1709.814,546.386,1140.636,311.151,1451.787,18.806,9143.518,1.392,9144.91,142858.226,200,263.053,327.895,39.593,0.036,3.298,7.551,6782.821,350,0.943,4081.2,15,1632.5,0,0,17.938,28.404,19.747,170.6,Burdekin,AyrDPI,Mulg,1961,Furrow,BareFallow,35,Surf1,200,110,LowFreq,0,P2R,15AprV1R4,T5,3468.2,2636.386,2008.927,2320.078,42.927,3.334,6.44040743654381,0.11695517317623,6.6848031496063,0.84897,29.573,999
1978,14/11/1978,318,1977,15-Apr,3,sugar,alive,4,396,1973,14/10/1977,105,0,0,318,1978,21,2039,7640.93,6887.2,5960.77,184.94,3570.19,16801.7,17306.766,6922.706,76.966,20.845,95.1,67.282,67.282,1.392,9143.518,9144.91,142858.226,0.774,20,2200,1000.1,340.592,1266.631,540.584,1241.501,312.713,1554.214,10.615,9128.247,1.946,9130.194,142972.534,200,256.034,328.415,45.646,0.047,2,8.719,7080.55,350,0.936,3926,14.4,1570.4,0,0,18.195,28.503,20.521,150.6,Burdekin,AyrDPI,Mulg,1961,Furrow,BareFallow,35,Surf1,200,110,LowFreq,0,P2R,15AprV1R4,T5,3200.1,2740.584,1607.223,1919.936,47.693,2.047,6.74819673471056,0.118992622637552,6.9788679245283,0.9247,35.702,999
1979,19/04/1979,109,0,15-Apr,3,none,out,-1,0,1973,0.000,109,4,0,322,-1,18,2039,0,0,0,0,0,0,17618.487,7047.394,72.197,0,0,105.945,105.945,1.946,9128.247,9130.194,142972.534,0.768,0,0,1313.5,184.867,796.915,472.189,0,247.585,247.585,36.836,9223.463,10.397,9233.86,145903.829,0,0,18.166,1.688,0.058,1.396,0.124,4114.037,350,0,0.1,0,0,0,0,21.979,30.478,19.448,350.7,Burdekin,AyrDPI,Mulg,1961,Furrow,BareFallow,35,Surf1,200,110,LowFreq,0,P2R,15AprV1R4,T5,1313.5,472.189,981.782,1229.367,3.142,1.454,0,0,0,,0,999
1980,18/07/1980,200,1979,15-Apr,4,sugar,alive,0,456,1979,19/4/1979,109,4,0,322,1980,17,2039,8296.19,7397.81,6467.47,199.445,3676.52,18287.1,0,0,0,19.774,171.6,190.078,190.078,10.397,9223.463,9233.86,145903.829,0.769,21,2310,884.3,117.813,1479.514,503.139,1330.501,386.816,1717.317,27.198,9067.832,2,9069.832,142158.914,200,360.025,397.445,25.24,0.029,19,5.494,7198.2,350,0.975,5270.5,19.3,2108.2,0,0,17.794,28.5,19.664,86.4,Burdekin,AyrDPI,Mulg,1961,Furrow,BareFallow,35,Surf1,200,110,LowFreq,0,P2R,15AprV1R4,T5,3194.3,2813.139,1597.327,1984.143,44.269,19.029,7.0897669827193,0.116137556432505,7.22626811594203,0.997225,36.765,999
1981,18/08/1981,230,1980,15-Apr,4,sugar,alive,1,396,1979,18/7/1980,109,4,0,322,1981,17,2039,6716.2,6003.18,5181.32,159.459,2779.36,15348.8,20024.01,8009.604,94.522,18.539,92.5,69.735,69.735,2,9067.832,9069.832,142158.914,0.756,17,1870,1122.8,486.553,1087.365,519.877,1123.338,293.194,1416.532,10.059,9070.506,1.295,9071.801,142346.351,200,249.66,306.182,29.626,0.063,1.679,5.819,6631.682,350,0.927,3737.9,13.7,1495.2,0,0,17.711,28.113,19.149,104.8,Burdekin,AyrDPI,Mulg,1961,Furrow,BareFallow,35,Surf1,200,110,LowFreq,0,P2R,15AprV1R4,T5,2992.8,2389.877,1573.918,1867.112,31.368,1.742,6.67226807069987,0.112569994888926,6.87323275862069,0.797295,27.794,999
1982,18/09/1982,261,1981,15-Apr,4,sugar,alive,2,396,1979,18/8/1981,109,4,0,322,1982,17,2039,6928.4,6196.65,5337.53,164.123,3071.42,15908.8,16223.68,6489.472,67.502,20.118,100.5,72.085,72.085,1.295,9070.506,9071.801,142346.351,0.756,19,2090,592.4,161.143,1005.058,435.939,1221.561,306.073,1527.634,9.042,9047.753,1.205,9048.957,142189.366,200,269.434,327.757,33.562,0.042,2.501,6.472,6956.253,350,0.952,4325.6,15.9,1730.2,0,0,17.492,29.026,19.782,47.4,Burdekin,AyrDPI,Mulg,1961,Furrow,BareFallow,35,Surf1,200,110,LowFreq,0,P2R,15AprV1R4,T5,2682.4,2525.939,1166.201,1472.274,36.105,2.543,6.49750449238877,0.107436074347651,6.46153543307087,0.820615,30.714,999
1983,18/10/1983,291,1982,15-Apr,4,sugar,alive,3,395,1979,18/9/1982,109,4,0,322,1983,17,2039,6981.36,6222.63,5389.34,165.247,2957.22,15920.2,17199.208,6879.683,76.137,19.112,96.2,60.651,60.651,1.205,9047.753,9048.957,142189.366,0.75,20,2200,637.7,259.153,1112.803,404.927,1156.781,304.035,1460.816,8.58,9039.899,1.415,9041.313,142207.648,200,258.374,319.293,35.033,0.052,2.357,6.742,7092.621,350,0.958,4539.6,16.6,1815.8,0,0,18.328,28.931,20.105,95.4,Burdekin,AyrDPI,Mulg,1961,Furrow,BareFallow,35,Surf1,200,110,LowFreq,0,P2R,15AprV1R4,T5,2837.7,2604.927,1371.956,1675.991,37.442,2.409,6.34363266225887,0.113119653673016,6.2357358490566,0.826235,29.572,999
1984,17/11/1984,322,1983,15-Apr,4,sugar,alive,4,396,1979,18/10/1983,109,4,0,322,1984,17,2039,7141.31,6372,5481.44,169.171,3250.97,16598.7,17390.806,6956.322,73.772,20.737,91,65.579,65.579,1.415,9039.899,9041.313,142207.648,0.746,22,2420,648.7,313.908,1232.313,468.01,1202.968,323.98,1526.948,10.119,9026.431,1.672,9028.103,142087.958,200,251.916,326.5,45.777,0.119,2.614,8.737,7190.67,350,0.923,3663.9,13.4,1465.6,0,0,17.924,28.788,19.569,75.6,Burdekin,AyrDPI,Mulg,1961,Furrow,BareFallow,35,Surf1,200,110,LowFreq,0,P2R,15AprV1R4,T5,3068.7,2888.01,1546.221,1870.201,48.51,2.733,5.85770132374888,0.110790282314787,5.89445993031359,0.845855,32.51,999
1985,15/04/1985,105,0,15-Apr,4,none,out,-1,0,1979,0.000,105,0,0,322,-1,17,2039,0,0,0,0,0,0,17223.207,6889.283,75.03,0,0,61.109,61.109,1.672,9026.431,9028.103,142087.958,0.74,0,0,588.9,39.642,182.046,395.717,0,258.409,258.409,8.55,9125.122,8.684,9133.806,144831.857,0,0,13.643,0.857,0.029,0.524,0.069,4019.286,350,0,0.1,0,0,0,0,21.977,31.383,20.654,111.4,Burdekin,AyrDPI,Mulg,1961,Furrow,BareFallow,35,Surf1,200,110,LowFreq,0,P2R,15AprV1R4,T5,588.9,395.717,221.688,480.097,1.41,0.553,0,0,0,,0,999
1986,15/07/1986,196,1985,15-Apr,5,sugar,alive,0,456,1985,15/4/1985,105,0,0,318,1986,21,2039,7635.1,6766.06,5934.26,182.094,3287.1,17008.5,0,0,0,19.304,169.7,169.913,169.913,8.684,9125.122,9133.806,144831.857,0.742,21,2310,777.1,50.09,1440.876,519.049,1305.314,391.213,1696.527,30.352,8966.457,2.062,8968.519,140694.287,200,359.054,399.346,25.368,0.036,20.156,5.516,7524.471,350,0.971,5052.7,18.5,2021.1,0,0,17.312,28.527,18.417,117.8,Burdekin,AyrDPI,Mulg,1961,Furrow,BareFallow,35,Surf1,200,110,LowFreq,0,P2R,15AprV1R4,T5,3087.1,2829.049,1490.966,1882.179,45.56,20.192,6.4365799249147,0.107333393456161,6.59760869565217,0.91047,32.871,999
1987,15/08/1987,227,1986,15-Apr,5,sugar,alive,1,396,1985,15/7/1986,105,0,0,318,1987,21,2039,6611.47,5900.11,5086.86,156.574,2996.78,15246.1,18751.975,7500.79,95.273,20.642,95.9,69.522,69.522,2.062,8966.457,8968.519,140694.287,0.73,21,2310,497.8,202.089,1023.777,416.724,1204.273,366.603,1570.876,10.409,8944.086,1.253,8945.339,140069.418,200,244.412,324.452,57.19,0.133,1.824,11.063,7071.036,350,0.914,3509.2,12.9,1403.7,0,0,18.256,29.363,19.045,44,Burdekin,AyrDPI,Mulg,1961,Furrow,BareFallow,35,Surf1,200,110,LowFreq,0,P2R,15AprV1R4,T5,2807.8,2726.724,1225.866,1592.469,59.147,1.957,5.74220199770861,0.0996730486683863,5.67297101449275,0.78287,29.968,999
1988,14/09/1988,258,1987,15-Apr,5,sugar,alive,2,396,1985,15/8/1987,105,0,0,318,1988,21,2039,6963.9,6200.77,5328.73,163.185,2980.08,16351.7,15942.036,6376.814,64.906,19.562,92.5,80.582,80.582,1.253,8944.086,8945.339,140069.418,0.728,19,2090,972.6,230.111,1332.144,429.836,1219.201,296.045,1515.246,10.529,8935.175,1.087,8936.262,139786.236,200,258.377,315.489,30.172,0.093,2.371,5.891,7057.584,350,0.957,4479.6,16.4,1791.8,0,0,18.304,29.273,19.691,254,Burdekin,AyrDPI,Mulg,1961,Furrow,BareFallow,35,Surf1,200,110,LowFreq,0,P2R,15AprV1R4,T5,3062.6,2519.836,1562.255,1858.3,32.636,2.464,6.47601669314987,0.107695384115847,6.4246062992126,0.815925,29.801,999
1989,14/10/1989,287,1988,15-Apr,5,sugar,alive,3,395,1985,14/9/1988,105,0,0,318,1989,21,2039,6743.57,6018.3,5235.43,160.95,2837.98,15081.4,17706.58,7082.632,75.759,18.788,83.5,65.681,65.681,1.087,8935.175,8936.262,139786.236,0.724,17,1870,1381.8,372.996,1461.274,719.475,1126.938,298.404,1425.342,11.472,8934.403,1.263,8935.666,139581.108,200,241.757,310.401,40.536,0.132,3.026,7.645,7103.886,350,0.954,4388.6,16.1,1755.4,0,0,17.968,28.729,19.436,134.8,Burdekin,AyrDPI,Mulg,1961,Furrow,BareFallow,35,Surf1,200,110,LowFreq,0,P2R,15AprV1R4,T5,3251.8,2589.475,1834.27,2132.674,43.694,3.158,6.2155456221821,0.112920267556839,6.9375,0.80475,28.38,999
1990,14/11/1990,318,1989,15-Apr,5,sugar,alive,4,396,1985,14/10/1989,105,0,0,318,1990,21,2039,7023.9,6352.66,5476.89,170.372,3239.18,15470.2,16549.51,6619.804,73.115,20.485,87.6,57.869,57.869,1.263,8934.403,8935.666,139581.108,0.72,19,2090,1278.8,468.916,1363.493,549.242,1215.554,316.872,1532.426,15.546,8927.792,1.686,8929.478,139010.004,200,239.32,314.405,48.145,0.26,2.16,9.078,7301.13,350.967,0.92,3608.4,13.2,1443.4,0,0,17.621,28.801,20.391,103,Burdekin,AyrDPI,Mulg,1961,Furrow,BareFallow,35,Surf1,200,110,LowFreq,0,P2R,15AprV1R4,T5,3368.8,2639.242,1832.409,2149.281,50.565,2.42,6.45533831304594,0.111177962263757,6.70755905511811,0.85186,32.392,999
1991,15/04/1991,105,0,15-Apr,5,none,out,-1,0,1985,0.000,105,0,0,318,-1,21,2039,0,0,0,0,0,0,16216.77,6486.708,69.392,0,0,61.835,61.835,1.686,8927.792,8929.478,139010.004,0.716,0,0,1629.3,236.155,1102.719,435.228,0,213.029,213.029,51.573,9024.619,6.508,9031.128,142124.245,0,0,8.611,0.51,0.194,0.334,0.036,3470.059,351.612,0,0.1,0,0,0,0,21.649,30.595,18.903,204.4,Burdekin,AyrDPI,Mulg,1961,Furrow,BareFallow,35,Surf1,200,110,LowFreq,0,P2R,15AprV1R4,T5,1629.3,435.228,1338.874,1551.903,1.038,0.528,0,0,0,,0,999
1992,14/07/1992,196,1991,15-Apr,6,sugar,alive,0,456,1991,15/4/1991,105,0,0,318,1992,21,2039,8348.56,7539.3,6497.31,201.678,3956.64,18512.5,0,0,0,21.231,174.1,139.234,139.234,6.508,9024.619,9031.128,142124.245,0.718,22,2420,687,45.1,1349.451,449.885,1385.47,379.369,1764.839,24.311,8881.869,2.118,8883.986,136776.225,200,355.613,390.481,17.472,0.025,14.947,3.966,8895.419,353.56,0.957,4507.4,16.5,1803,0,0,17.261,28.993,19.887,122.8,Burdekin,AyrDPI,Mulg,1961,Furrow,BareFallow,35,Surf1,200,110,LowFreq,0,P2R,15AprV1R4,T5,3107,2869.885,1394.551,1773.92,32.444,14.972,7.02738959923481,0.114275579812096,7.02710801393728,1.00839,39.566,999
1993,14/08/1993,226,1992,15-Apr,6,sugar,alive,1,396,1991,14/7/1992,105,0,0,318,1993,21,2039,7310.68,6538.07,5686.83,175.705,3419.86,16238.5,19566.889,7826.755,87.074,21.04,104.4,86.844,86.844,2.118,8881.869,8883.986,136776.225,0.709,21,2310,482.2,233.306,972.265,302.635,1267.453,319.361,1586.814,10.254,8869.295,1.307,8870.603,135775.521,200,266.348,323.28,28.321,0.171,2.06,5.636,7933.241,355.287,0.926,3717.9,13.6,1487.1,0,0,17.695,28.946,20.046,72,Burdekin,AyrDPI,Mulg,1961,Furrow,BareFallow,35,Surf1,200,110,LowFreq,0,P2R,15AprV1R4,T5,2792.2,2612.635,1205.571,1524.932,30.552,2.231,6.72520271679741,0.110728163477257,6.3661231884058,0.878525,34.199,999
1994,14/09/1994,257,1993,15-Apr,6,sugar,alive,2,396,1991,14/8/1993,105,0,0,318,1994,21,2039,7269.16,6536.36,5713.75,176.81,3412.23,15554.1,16962.928,6785.171,68.436,20.838,99.9,86.66,86.66,1.307,8869.295,8870.603,135775.521,0.708,21,2310,409.4,206.638,931.203,302.881,1262.988,343.207,1606.195,8.766,8858.119,1.216,8859.336,134794.62,200,261.984,322.737,33.836,0.179,1.836,6.611,8140.579,357.048,0.944,4121.7,15.1,1648.7,0,0,17.914,29.028,20.251,46.8,Burdekin,AyrDPI,Mulg,1961,Furrow,BareFallow,35,Surf1,200,110,LowFreq,0,P2R,15AprV1R4,T5,2719.4,2612.881,1137.841,1481.048,35.851,2.015,6.76686002921679,0.110080033868864,6.40615942028985,0.88405,34.122,999
1995,14/10/1995,287,1994,15-Apr,6,sugar,alive,3,395,1991,14/9/1994,105,0,0,318,1995,21,2039,7582.79,6788.59,5993.17,184.854,3574.69,15896.2,16724.393,6689.757,68.651,20.886,102.2,62.024,62.024,1.216,8858.119,8859.336,134794.62,0.705,21,2310,510.2,262.995,982.35,323.848,1264.096,306.449,1570.545,8.385,8850.915,1.279,8852.195,133770.39,200,266.041,324.628,29.197,0.175,2.35,5.658,8430.895,358.843,0.962,4666,17.1,1866.4,0,0,18.845,29.291,20.66,55.2,Burdekin,AyrDPI,Mulg,1961,Furrow,BareFallow,35,Surf1,200,110,LowFreq,0,P2R,15AprV1R4,T5,2820.2,2633.848,1245.345,1551.794,31.722,2.525,7.01840045439221,0.117700543441926,6.69760869565217,0.92427,35.747,999
1996,13/11/1996,318,1995,15-Apr,6,sugar,alive,4,396,1991,14/10/1995,105,0,0,318,1996,21,2039,7876.24,7072.73,6191.54,191.778,3909.68,16847,17477.837,6991.135,70.418,22.175,109.4,66.335,66.335,1.279,8850.915,8852.195,133770.39,0.702,23,2530,547.9,199.636,1247.721,335.443,1305.239,320.52,1625.759,9.201,8825.232,1.81,8827.041,132423.099,200,277.281,344.506,37.413,0.175,2.697,7.132,8934.607,360.666,0.943,4092.5,15,1637,0,0,19.503,29.755,20.901,107,Burdekin,AyrDPI,Mulg,1961,Furrow,BareFallow,35,Surf1,200,110,LowFreq,0,P2R,15AprV1R4,T5,3077.9,2865.443,1447.357,1767.877,40.285,2.872,6.69278711878059,0.117962133378933,6.4355033557047,0.95889,39.097,999
1997,15/04/1997,105,0,15-Apr,6,none,out,-1,0,1991,0.000,105,0,0,318,-1,21,2039,0,0,0,0,0,0,17798.519,7119.408,71.152,0,0,71.12,71.12,1.81,8825.232,8827.041,132423.099,0.698,0,0,812.5,47.107,424.185,379.422,0,247.926,247.926,19.939,8935.566,5.327,8940.893,136033.909,0,0,7.69,0.535,0.595,0.198,0.038,3680.977,361.388,0,0.1,0,0,0,0,23.067,31.083,22.078,116.8,Burdekin,AyrDPI,Mulg,1961,Furrow,BareFallow,35,Surf1,200,110,LowFreq,0,P2R,15AprV1R4,T5,812.5,379.422,471.292,719.218,1.328,0.793,0,0,0,,0,999
1998,15/07/1998,196,1997,15-Apr,7,sugar,alive,0,456,1997,15/4/1997,105,0,0,318,1998,21,2039,9303.56,8329.21,7349.84,227.435,4093.05,19537.1,0,0,0,19.236,189.7,164.402,164.402,5.327,8935.566,8940.893,136033.909,0.7,20,2200,1035.5,48.748,1625.377,547.012,1281.437,370.269,1651.706,27.056,8771.388,2.391,8773.779,131090.29,200,379.244,420.209,15.288,2.411,15.163,3.524,8826.922,363.555,0.978,5472.8,20,2189.1,0,0,19.202,28.19,18.842,189.6,Burdekin,AyrDPI,Mulg,1961,Furrow,BareFallow,35,Surf1,200,110,LowFreq,0,P2R,15AprV1R4,T5,3235.5,2747.012,1674.125,2044.394,32.862,17.574,8.27935953683493,0.137697023562305,8.58245283018868,1.137175,40.931,999
1999,15/08/1999,227,1998,15-Apr,7,sugar,alive,1,396,1997,15/7/1998,105,0,0,318,1999,21,2039,7359.5,6567.54,5738.25,176.737,3384.82,16212.6,21258.434,8503.374,88.009,20.657,97,74.072,74.072,2.391,8771.388,8773.779,131090.29,0.694,17,1870,1153.6,259.862,1352.923,685.846,1098,316.09,1414.09,12.556,8763.703,1.215,8764.918,131223.764,200,261.736,321.288,29.674,0.72,4.322,5.777,7283.773,365.471,0.939,3993.2,14.6,1597.3,0,0,19.752,28.624,18.776,112,Burdekin,AyrDPI,Mulg,1961,Furrow,BareFallow,35,Surf1,200,110,LowFreq,0,P2R,15AprV1R4,T5,3023.6,2555.846,1612.785,1928.875,34.716,5.042,6.91500974628362,0.124982851162232,7.61797413793103,0.883685,33.848,999
2000,14/09/2000,258,1999,15-Apr,7,sugar,alive,2,396,1997,15/8/1999,105,0,0,318,2000,21,2039,7489.67,6702.33,5935.02,183.037,3450.39,15546.5,17174.911,6869.965,67.192,20.286,89.3,70.797,70.797,1.215,8763.703,8764.918,131223.764,0.695,17,1870,1493.5,465.399,1528.679,624.81,1088.43,286.425,1374.855,14.511,8776.599,1.246,8777.846,131524.681,200,249.488,300.525,24.542,0.089,2.346,4.801,7116.851,367.415,0.959,4558.2,16.7,1823.3,0,0,18.677,28.119,19.581,136,Burdekin,AyrDPI,Mulg,1961,Furrow,BareFallow,35,Surf1,200,110,LowFreq,0,P2R,15AprV1R4,T5,3363.5,2494.81,1994.078,2280.503,26.977,2.435,7.33671101206104,0.133131857541341,7.88952586206897,0.915185,34.504,999
2001,14/10/2001,287,2000,15-Apr,7,sugar,alive,3,395,1997,14/9/2000,105,0,0,318,2001,21,2039,7145.51,6421.85,5595.53,173.237,3540.82,15499.8,17089.015,6835.605,68.804,22.24,97.8,65.364,65.364,1.246,8776.599,8777.846,131524.681,0.693,22,2420,561.9,225.728,1215.208,388.248,1205.007,341.012,1546.019,11.876,8758.836,1.719,8760.555,131162.271,200,258.421,333.55,43.971,0.262,2.911,8.214,7635.86,369.4,0.935,3900.8,14.3,1560.3,0,0,17.987,29.181,20.23,52,Burdekin,AyrDPI,Mulg,1961,Furrow,BareFallow,35,Surf1,200,110,LowFreq,0,P2R,15AprV1R4,T5,2981.9,2808.248,1440.936,1781.948,47.144,3.173,6.16886400346408,0.11205360348094,6.03613240418119,0.866185,35.408,999
2002,14/11/2002,318,2001,15-Apr,7,sugar,alive,4,396,1997,14/10/2001,105,0,0,318,2002,21,2039,7663.08,6863.43,6009.49,185.58,3788.7,16535.9,16490.503,6596.202,67.604,22.211,106.4,60.309,60.309,1.719,8758.836,8760.555,131162.271,0.689,21,2310,810.4,142.864,1300.47,318.668,1391.576,293.489,1685.065,20.312,8734.475,1.495,8735.97,130861.055,200,279.248,336.293,32.824,0.11,2.528,6.298,7596.687,371.419,0.962,4686.7,17.2,1874.7,0,0,18.495,30.339,21.474,206,Burdekin,AyrDPI,Mulg,1961,Furrow,BareFallow,35,Surf1,200,110,LowFreq,0,P2R,15AprV1R4,T5,3120.4,2628.668,1443.334,1736.823,35.462,2.638,7.05984932292705,0.110132250091243,6.72391304347826,0.9279,37.887,999
2003,15/04/2003,105,0,15-Apr,7,none,out,-1,0,1997,0.000,105,0,0,318,-1,21,2039,0,0,0,0,0,0,18039.238,7215.695,79.26,0,0,52.311,52.311,1.495,8734.475,8735.97,130861.055,0.685,0,0,414.2,14.032,159.122,255.069,0,152.791,152.791,7.321,8847.677,2.556,8850.233,134999.733,0,0,2.836,0.132,0.018,0.049,0.011,2959.739,372.211,0,0.1,0,0.1,0,0,21.861,31.873,22.582,51,Burdekin,AyrDPI,Mulg,1961,Furrow,BareFallow,35,Surf1,200,110,LowFreq,0,P2R,15AprV1R4,T5,414.2,255.069,173.154,325.945,0.199,0.067,0,0,0,,0,999
2004,14/07/2004,196,2003,15-Apr,8,sugar,alive,0,456,2003,15/4/2003,105,0,0,318,2004,21,2039,8377.12,7497.51,6554.18,202.426,4060.78,18229.4,0,0,0,21.775,184,140.568,140.568,2.556,8847.677,8850.233,134999.733,0.687,21,2310,747.8,22.61,1356.863,424.019,1379.315,369.646,1748.961,21.542,8699.317,2.168,8701.485,129918.576,200,369.685,404.878,11.663,0.051,9.995,2.807,8796.352,374.595,0.963,4704.2,17.2,1881.7,0,0,18.211,29.555,19.63,173.2,Burdekin,AyrDPI,Mulg,1961,Furrow,BareFallow,35,Surf1,200,110,LowFreq,0,P2R,15AprV1R4,T5,3057.8,2734.019,1379.473,1749.119,21.709,10.046,7.40397195484011,0.115740716917072,7.33427536231884,1.01213,40.608,999
2005,16/08/2005,228,2004,15-Apr,8,sugar,alive,1,398,2003,14/7/2004,105,0,2,318,2005,19,2039,7429.84,6631.19,5766.08,177.329,3472.9,16637.5,19493.512,7797.406,85.989,21.189,103.9,69.935,69.935,2.168,8699.317,8701.485,129918.576,0.682,21,2310,746.3,246.085,1092.492,316.491,1334.502,320.566,1655.068,8.434,8688.839,1.28,8690.119,129982.189,200,267.257,323.734,27.811,0.439,1.866,5.529,7071.354,376.715,0.939,4005.1,14.7,1602,0,0,17.846,29.429,20.165,143.4,Burdekin,AyrDPI,Mulg,1961,Furrow,BareFallow,35,Surf1,200,110,LowFreq,0,P2R,15AprV1R4,T5,3056.3,2626.491,1338.577,1659.143,30.116,2.305,6.75155559261387,0.107143029772795,6.42496376811594,0.886645,34.729,999
2006,16/09/2006,259,2005,15-Apr,8,sugar,alive,2,396,2003,16/8/2005,105,0,2,320,2006,19,2041,7187.24,6409.4,5596.17,171.677,3253.11,15910.7,17546.188,7018.475,70.367,20.407,88.1,132.591,132.591,1.28,8688.839,8690.119,129982.189,0.682,20,2200,922.8,342.231,1339.019,476.971,1209.796,294.443,1504.239,10.779,8695.287,1.019,8696.307,130304.76,200,253.343,306.423,21.773,0.072,6.785,4.311,7021.565,378.86,0.96,4595.1,16.8,1838,0,0,18.715,29.303,19.703,178.4,Burdekin,AyrDPI,Mulg,1961,Furrow,BareFallow,35,Surf1,200,110,LowFreq,0,P2R,15AprV1R4,T5,3122.8,2676.971,1681.25,1975.693,28.63,6.857,6.4131064550195,0.114128805329472,6.47837735849057,0.858385,32.531,999
2007,16/10/2007,289,2006,15-Apr,8,sugar,alive,3,395,2003,16/9/2006,105,0,2,320,2007,19,2041,7540.53,6796.58,5966.16,185.028,3639.77,15743.8,17429.883,6971.953,71.294,21.296,94.9,69.901,69.901,1.019,8695.287,8696.307,130304.76,0.68,21,2310,956.9,360.409,1331.66,461.082,1273.287,290.712,1563.999,18.88,8699.402,1.643,8701.045,130321.6,200,253.741,313.284,29.497,0.077,2.406,5.659,7417.381,381.041,0.937,3945.7,14.5,1578.3,0,0,17.785,28.667,19.979,130.2,Burdekin,AyrDPI,Mulg,1961,Furrow,BareFallow,35,Surf1,200,110,LowFreq,0,P2R,15AprV1R4,T5,3266.9,2771.082,1692.069,1982.781,31.98,2.483,6.67710302329559,0.118304423468301,6.70391304347826,0.92514,36.398,999
2008,15/11/2008,320,2007,15-Apr,8,sugar,alive,4,396,2003,16/10/2007,105,0,2,320,2008,19,2041,7338.65,6524.54,5764.14,177.811,3552.45,15745.1,16736.042,6694.417,67.622,21.674,87.2,80.733,80.733,1.643,8699.402,8701.045,130321.6,0.678,20,2200,1306.2,421.109,1592.723,545.208,1220.857,295.794,1516.651,13.231,8697.563,1.567,8699.13,130317.084,200,252.124,315.082,35.293,0.145,3.039,6.586,7249.624,383.252,0.95,4276.4,15.7,1710.6,0,0,18.198,29.03,19.647,108.2,Burdekin,AyrDPI,Mulg,1961,Furrow,BareFallow,35,Surf1,200,110,LowFreq,0,P2R,15AprV1R4,T5,3506.2,2745.208,2013.832,2309.626,38.477,3.184,6.47714125851302,0.117239233020649,6.70984905660377,0.889055,35.524,999
2009,17/04/2009,107,0,15-Apr,8,none,out,-1,0,2003,0.000,107,2,2,322,-1,18,2041,0,0,0,0,0,0,17018.234,6807.293,74.798,0,0,56.45,56.45,1.567,8697.563,8699.13,130317.084,0.675,0,0,1763,232.743,1076.666,570.375,0,297.911,297.911,50.94,8801.442,5.901,8807.343,133616.962,0,0,12.488,0.937,0.155,0.542,0.064,3640.673,384.125,0,0,0,0,0,0,22.859,31.281,18.354,197.2,Burdekin,AyrDPI,Mulg,1961,Furrow,BareFallow,35,Surf1,200,110,LowFreq,0,P2R,15AprV1R4,T5,1763,570.375,1309.409,1607.32,1.634,0.697,0,0,0,,0,999
2010,17/07/2010,198,2009,15-Apr,9,sugar,alive,0,456,2009,17/4/2009,107,2,0,320,2010,19,2039,8211.71,7361.3,6407.06,197.719,3658.73,18046.5,0,0,0,19.861,181.9,212.13,212.13,5.901,8801.442,8807.343,133616.962,0.677,21,2310,1076.8,240.042,1619.277,509.688,1330.21,334.768,1664.978,21.873,8649.872,2.402,8652.274,129196.683,200,370.431,400.486,13.966,0.187,11.541,3.254,7971.603,386.745,0.972,5132.2,18.8,2052.9,0,0,17.917,29.042,18.607,135.2,Burdekin,AyrDPI,Mulg,1961,Furrow,BareFallow,35,Surf1,200,110,LowFreq,0,P2R,15AprV1R4,T5,3386.8,2819.688,1859.319,2194.087,25.694,11.728,7.01208786220319,0.118751719241936,7.16373188405797,0.988595,36.587,999
2011,17/08/2011,229,2010,15-Apr,9,sugar,alive,1,396,2009,17/7/2010,107,2,0,320,2011,19,2039,7109.77,6363.94,5556.16,171.814,3231.28,15536.1,19701.923,7880.769,90.247,20.232,90.1,74.634,74.634,2.402,8649.872,8652.274,129196.683,0.669,14,1540,1470.7,279.399,1308.551,857.237,1113.118,319.941,1433.059,17.094,8643.515,1.22,8644.735,129387.687,200,241.509,309.971,44.494,0.996,2.189,8.631,6458.781,389.054,0.934,3873.3,14.2,1549.3,0,0,18.162,28.317,17.469,81.4,Burdekin,AyrDPI,Mulg,1961,Furrow,BareFallow,35,Surf1,200,110,LowFreq,0,P2R,15AprV1R4,T5,3010.7,2397.237,1587.95,1907.891,47.679,3.185,7.16716786867548,0.119893179555064,8.63386934673367,0.85907,32.313,999
2012,16/09/2012,260,2011,15-Apr,9,sugar,alive,2,396,2009,17/8/2011,107,2,0,320,2012,19,2039,7313.59,6576.7,5740.37,177.354,3460.33,15732.3,16498.001,6599.2,68.498,21.098,87.5,64.325,64.325,1.22,8643.515,8644.735,129387.687,0.67,17,1870,1155.4,374.622,1144.256,592.614,1216.777,287.196,1503.973,7.688,8648.975,0.982,8649.957,129618.941,200,250.4,304.521,26.927,0.078,1.99,5.24,6782.554,391.394,0.954,4396.1,16.1,1758.4,0,0,17.848,28.672,19.141,197.4,Burdekin,AyrDPI,Mulg,1961,Furrow,BareFallow,35,Surf1,200,110,LowFreq,0,P2R,15AprV1R4,T5,3025.4,2462.614,1518.878,1806.074,28.995,2.068,7.20185948752017,0.117923659533782,7.64456896551724,0.88677,34.603,999
2013,16/10/2013,289,2012,15-Apr,9,sugar,alive,3,395,2009,16/9/2012,107,2,0,320,2013,19,2039,7362.49,6555.69,5838.87,179.801,3429.3,15236.3,17109.113,6843.645,71.042,20.559,97.9,66.873,66.873,0.982,8648.975,8649.957,129618.941,0.668,21,2310,530.8,148.68,1138.932,319.702,1269.958,293.961,1563.919,11.388,8647.962,1.412,8649.375,129569.614,200,261.897,316.489,25.53,0.054,2.639,4.998,7423.362,393.777,0.957,4493.2,16.5,1797.3,0,0,18.317,29.434,20.455,178.6,Burdekin,AyrDPI,Mulg,1961,Furrow,BareFallow,35,Surf1,200,110,LowFreq,0,P2R,15AprV1R4,T5,2840.8,2629.702,1287.612,1581.573,28.223,2.693,6.83731464629832,0.114968230451833,6.51452898550725,0.899005,34.293,999
2014,16/11/2014,320,2013,15-Apr,9,sugar,alive,4,396,2009,16/10/2013,107,2,0,320,2014,19,2039,7335.25,6558.73,5779.45,178.561,3503.61,15558,16770.049,6708.019,68.992,21.234,88.8,56.144,56.144,1.412,8647.962,8649.375,129569.614,0.666,21,2310,733,270.561,1249.687,432.119,1224.163,298.443,1522.606,14.127,8647.278,1.474,8648.752,129551.533,200,247.689,314.741,39.581,0.109,2.067,7.593,7239.745,396.198,0.951,4305.7,15.8,1722.3,0,0,18.145,29.123,20.248,86.2,Burdekin,AyrDPI,Mulg,1961,Furrow,BareFallow,35,Surf1,200,110,LowFreq,0,P2R,15AprV1R4,T5,3043,2742.119,1520.248,1818.691,41.757,2.176,6.51178887568337,0.117273280152581,6.46960144927536,0.892805,35.036,999
2015,15/04/2015,105,0,15-Apr,9,none,out,-1,0,2009,0.000,105,0,0,320,-1,19,2039,0,0,0,0,0,0,16884.165,6753.665,71.353,0,0,56.29,56.29,1.474,8647.278,8648.752,129551.533,0.664,0,0,344,0.015,129.05,214.949,0,143.867,143.867,5.979,8748.045,8.219,8756.264,132449.38,0,0,8.719,0.071,0,0.058,0.02,3982.473,397.132,0,0.1,0,0.1,0,0,22.749,32.703,22.215,83.4,Burdekin,AyrDPI,Mulg,1961,Furrow,BareFallow,35,Surf1,200,110,LowFreq,0,P2R,15AprV1R4,T5,344,214.949,129.065,272.932,0.129,0.058,0,0,0,,0,999
2016,14/07/2016,196,2015,15-Apr,10,sugar,alive,0,456,2015,15/4/2015,105,0,0,318,2016,21,2039,8362.76,7495.87,6542.95,202.392,3943.09,18198,0,0,0,21.063,192.3,127.359,127.359,8.219,8748.045,8756.264,132449.38,0.666,22,2420,505.2,15.774,1201.014,397.745,1384.549,362.314,1746.862,22.019,8580.992,2.175,8583.167,128164.215,200,383.545,417.831,16.837,0.079,14.033,3.862,7875.126,399.981,0.963,4718.2,17.3,1887.3,0,0,18.496,29.812,19.085,43.6,Burdekin,AyrDPI,Mulg,1961,Furrow,BareFallow,35,Surf1,200,110,LowFreq,0,P2R,15AprV1R4,T5,2925.2,2817.745,1216.788,1579.102,30.949,14.112,7.18276494146915,0.115860325543746,7.05198606271777,1.01196,39.431,999
2017,14/08/2017,226,2016,15-Apr,10,sugar,alive,1,396,2015,14/7/2016,105,0,0,318,2017,21,2039,7039.22,6265.26,5428.78,167.065,3099.01,16104.5,19478.825,7791.529,89.341,19.916,96.9,88.911,88.911,2.175,8580.992,8583.167,128164.215,0.658,18,1980,912.2,243.103,1087.185,545.178,1251.781,317.745,1569.525,9.232,8575.266,1.148,8576.414,128321.576,200,250.001,313.044,36.096,0.575,3.601,6.993,6636.939,402.497,0.929,3774.1,13.8,1509.6,0,0,18.713,29.611,17.608,107.8,Burdekin,AyrDPI,Mulg,1961,Furrow,BareFallow,35,Surf1,200,110,LowFreq,0,P2R,15AprV1R4,T5,2892.2,2525.178,1330.288,1648.033,40.272,4.176,6.61596925048452,0.106443032127555,6.87510288065844,0.835325,30.99,999
2018,14/09/2018,257,2017,15-Apr,10,sugar,alive,2,396,2015,14/8/2017,105,0,0,318,2018,21,2039,6975.25,6280.57,5401.96,166.963,3139.73,15732.9,16896.79,6758.717,68.201,20.23,87.5,81.297,81.297,1.148,8575.266,8576.414,128321.576,0.659,21,2310,718.7,285.396,1202.783,369.854,1246.102,296.657,1542.759,10.723,8577.168,1.295,8578.463,128421.876,200,241.836,310.566,38.145,0.084,2.309,7.224,6909.996,405.05,0.924,3681.6,13.5,1472.7,0,0,17.808,29.585,18.303,130.4,Burdekin,AyrDPI,Mulg,1961,Furrow,BareFallow,35,Surf1,200,110,LowFreq,0,P2R,15AprV1R4,T5,3028.7,2679.854,1488.179,1784.836,40.538,2.393,6.23030209854716,0.10822364348547,6.04938405797102,0.834815,31.397,999
2019,14/10/2019,287,2018,15-Apr,10,sugar,alive,3,395,2015,14/9/2018,105,0,0,318,2019,21,2039,6189.72,5468.1,4748.83,144.748,2502.57,14408.9,16502.342,6600.937,66.409,18.366,82.5,79.058,79.058,1.295,8577.168,8578.463,128421.876,0.656,19,2090,1183,395.256,1543.968,502.409,1077.782,282.136,1359.918,20.502,8578.684,1.321,8580.005,128490.939,200,240.23,306.327,38.466,0.104,2.776,7.266,6754.53,407.641,0.951,4306.2,15.8,1722.5,0,0,18.354,29.528,17.422,92.8,Burdekin,AyrDPI,Mulg,1961,Furrow,BareFallow,35,Surf1,200,110,LowFreq,0,P2R,15AprV1R4,T5,3273,2592.409,1939.224,2221.36,41.346,2.88,5.58353253672549,0.106438770572932,5.69874015748031,0.72374,25.026,999
2020,13/11/2020,318,2019,15-Apr,10,sugar,alive,4,396,2015,14/10/2019,105,0,0,318,2020,21,2039,7198.26,6385.17,5566.58,170.481,3139.37,16316.8,15907.832,6363.132,71.857,19.75,96.5,52.917,52.917,1.321,8578.684,8580.005,128490.939,0.654,20,2200,1074.7,272.541,1468.119,416.698,1255.627,268.752,1524.38,11.095,8568.915,1.395,8570.31,128335.762,200,260.692,318.634,32.246,0.12,2.704,6.216,7023.089,410.264,0.964,4760.2,17.4,1904.1,0,0,18.85,29.943,18.904,327.8,Burdekin,AyrDPI,Mulg,1961,Furrow,BareFallow,35,Surf1,200,110,LowFreq,0,P2R,15AprV1R4,T5,3274.7,2616.698,1740.66,2009.412,35.07,2.824,6.51511943678636,0.111836287539852,6.43324528301887,0.852405,31.394,999
2021,15/04/2021,105,0,15-Apr,10,none,out,-1,0,2015,0.000,105,0,0,318,-1,21,2039,0,0,0,0,0,0,17915.392,7166.158,78.647,0,0,62.577,62.577,1.395,8568.915,8570.31,128335.762,0.652,0,0,902,77.546,491.933,386.084,0,238.263,238.263,22.914,8670.236,4.843,8675.079,131677.694,0,0,7.186,0.388,0.076,0.283,0.031,3356.359,411.3,0,0.1,0,0,0,0,22.604,31.422,17.953,132.4,Burdekin,AyrDPI,Mulg,1961,Furrow,BareFallow,35,Surf1,200,110,LowFreq,0,P2R,15AprV1R4,T5,902,386.084,569.479,807.742,0.747,0.359,0,0,0,,0,999
