year,today,day,SowYear,SowDate,cropCycle,currentCrop,sugarStatus,ratoon_no,sugarDAS,sugarPlantYear,sugarPlantDate,sugarPlantingDAY,sugarPlantDelay,sugarHarvDelay,sugarLastHarvDAY,sugarHarvYear,realDelayForKill,totCycle,biomass,green_biomass,cane_wt,canefw,sucrose_wt,residue_wt,burntDM,burntOrgC,burntOrgN,ccs,totalInitTAW,totalInitPAW,totalInitInorgN,totalInitOrgN,totalInitSoilN,totalInitSoilC,meanInitOC2,irrigNum,totalIrrig,totalRain,totalDrain,totalRunoff,totalEffRain,totalTransp,totalEvap,totalEvapTr,totalSediment,totalSoilOrgN,totalSoilInorgN,totalSoilN,totalSoilC,totalFert,totalNUptake,totalNit,totalDeNit,totalNO3Leach,totalNO3Runoff,totalN2O,totalCO2,CO2,surfaceom_cover,surfaceom_wt,surfaceom_n,surfaceom_c,surfaceom_no3,surfaceom_nh4,meanTMin,meanTMax,meanRadn,maxRain,Region,WStation,Soil,StartYear,IrrigSys,Fallow,DryOff,Fert,FertAmt,IrrigAmt,IrrigFreq,MillMudAmt,NRunOffModel,Planting,Tillage,totalWater,totalWaterEff,totalWaterLoss,totalWaterLossWithEvap,totalNLoss,totalNPol,GPWUI,CWUE,GPWUI_450,NUE,sucroseTH,IrrigAlloc
1956,14/04/1956,105,0,15-Apr,0,none,out,-1,0,-1,0.000,105,0,0,318,-1,21,2039,0,0,0,0,0,,0,0,0,0,0,0,0,0,0,0,0.89,0,0,908.8,24.993,440.807,459.959,0,277.705,277.705,20.633,9506.38,28.538,9534.918,141789.361,0,0,34.684,7.699,0.206,1.19,1.16,1029.471,350,0.007,9.9,0,4,0,0,22.406,30.649,17.187,67.8,Burdekin,AyrDPI,Mulg,1956,Furrow,BareFallow,35,Surf1,200,140,LowFreq,0,P2R,15AprV1R4,T2,908.8,459.959,465.8,743.505,9.095,1.396,0,0,0,,0,999
1957,14/07/1957,195,1956,15-Apr,1,sugar,alive,0,456,1956,14/4/1956,105,0,0,318,1957,21,2039,8048.3,7259.25,6239.04,193.649,3297.82,,0,0,0,18.047,194.845,194.845,28.538,9506.38,9534.918,141789.361,0.884,19,2660,1202.9,239.747,1986.552,681.023,1337.321,413.992,1751.313,41.951,9422.358,0.81,9423.168,141407.982,200,284.514,323.914,43.13,0.642,20.068,8.987,3467.395,350,0.974,5203.7,19.1,2081.5,0,0,16.955,27.951,18.212,77.7,Burdekin,AyrDPI,Mulg,1956,Furrow,BareFallow,35,Surf1,200,140,LowFreq,0,P2R,15AprV1R4,T2,3862.9,3341.023,2226.299,2640.291,63.84,20.71,5.79609897926473,0.11057360962889,6.22665594855306,0.968245,32.978,999
1958,14/08/1958,226,1957,15-Apr,1,sugar,alive,1,396,1956,14/7/1957,105,0,0,318,1958,21,2039,6065.61,5361.39,4675.68,142.871,2573.84,,19801.835,7920.734,87.691,19.259,80.134,80.134,0.81,9422.358,9423.168,141407.982,0.868,18,2520,1020.9,342.378,1812.338,490.359,1123.124,278.696,1401.821,4.086,9434.745,0.919,9435.664,142439.404,200,230.205,288.959,25.54,0.001,6.778,5.206,5399.251,350,0.943,4098.2,15.1,1639.3,0,0,17.772,29.136,19.572,136.1,Burdekin,AyrDPI,Mulg,1956,Furrow,BareFallow,35,Surf1,200,140,LowFreq,0,P2R,15AprV1R4,T2,3540.9,3010.359,2154.716,2433.412,32.319,6.779,4.74597880186383,0.101918147894774,4.81047138047138,0.714355,25.738,999
1959,14/09/1959,257,1958,15-Apr,1,sugar,alive,2,396,1956,14/8/1958,105,0,0,318,1959,21,2039,7133.87,6399.77,5498.83,169.44,3068.98,,15297.807,6119.123,60.983,19.378,64.497,64.497,0.919,9434.745,9435.664,142439.404,0.865,19,2660,875.3,289.558,1751.908,480.492,1218.793,266.879,1485.672,5.893,9427.577,0.958,9428.535,143466.467,200,246.289,302.57,28.229,0.001,11.516,5.707,5515.745,350,0.954,4385.1,16.1,1754,0,0,16.929,28.362,19.643,162.8,Burdekin,AyrDPI,Mulg,1956,Furrow,BareFallow,35,Surf1,200,140,LowFreq,0,P2R,15AprV1R4,T2,3535.3,3140.492,2041.466,2308.345,39.746,11.517,5.39533296056796,0.114049399867535,5.44823151125402,0.8472,30.69,999
1960,13/10/1960,287,1959,15-Apr,1,sugar,alive,3,395,1956,14/9/1959,105,0,0,318,1960,21,2039,7242.77,6492.43,5660.8,174.659,3283.19,,17625.167,7050.068,75.18,20.221,72.659,72.659,0.958,9427.577,9428.535,143466.467,0.858,20,2800,1112.7,320.705,2157.434,504.238,1182.908,262.41,1445.319,9.847,9417.89,1.329,9419.219,144568.301,200,250.57,315.978,32.727,0.001,12.018,6.467,5989.896,350,0.955,4437.8,16.3,1775.1,0,0,17.803,28.647,20.438,210.1,Burdekin,AyrDPI,Mulg,1956,Furrow,BareFallow,35,Surf1,200,140,LowFreq,0,P2R,15AprV1R4,T2,3912.7,3304.238,2478.139,2740.549,44.746,12.019,5.28590858164575,0.120844602471842,5.37412307692308,0.873295,32.832,999
1961,13/11/1961,317,1960,15-Apr,1,sugar,alive,4,396,1956,13/10/1960,105,0,0,318,1961,21,2039,7471.71,6717.28,5810.44,180.303,3622.57,,17218.919,6887.568,73.793,21.813,61.901,61.901,1.329,9417.89,9419.219,144568.301,0.85,22,3080,499,202.811,1694.766,296.793,1371.823,292.187,1664.01,6.956,9392.919,2.026,9394.945,145460.899,200,263.343,329.316,36.838,0.001,11.514,7.23,6229.303,350,0.932,3840.4,14.1,1536.2,0,0,16.991,29.222,21.178,63.2,Burdekin,AyrDPI,Mulg,1956,Furrow,BareFallow,35,Surf1,200,140,LowFreq,0,P2R,15AprV1R4,T2,3579,3376.793,1897.577,2189.764,48.353,11.515,5.33947446586154,0.108354517100258,5.10773371104816,0.901515,36.226,999
1962,15/04/1962,105,0,15-Apr,1,none,out,-1,0,1956,0.000,105,0,0,318,-1,21,2039,0,0,0,0,0,,17385.11,6954.044,75.495,0,79.315,79.315,2.026,9392.919,9394.945,145460.899,0.842,0,0,875.8,191.981,327.224,460.502,0,269.308,269.308,1.081,9474.728,22.883,9497.611,148146.038,0,0,43.614,2.774,0.002,0.4,0.251,3967.671,350,0.393,713.4,3.1,285.4,0,0,21.944,31.478,21.317,102.1,Burdekin,AyrDPI,Mulg,1956,Furrow,BareFallow,35,Surf1,200,140,LowFreq,0,P2R,15AprV1R4,T2,875.8,460.502,519.205,788.513,3.176,0.402,0,0,0,,0,999
1963,15/07/1963,196,1962,15-Apr,2,sugar,alive,0,456,1962,15/4/1962,105,0,0,318,1963,21,2039,7371.58,6540.79,5747.24,176.528,3238.05,,0,0,0,19.662,166.602,166.602,22.883,9474.728,9497.611,148146.038,0.84,19,2660,1147.9,306.568,1948.22,660.511,1300.778,356.184,1656.962,16.842,9322.313,1.764,9324.076,146067.706,200,340.623,394.84,50.946,0.002,22.674,10.217,5595.107,350,0.968,4938.9,18.1,1975.5,0,0,16.968,28.851,18.604,91.9,Burdekin,AyrDPI,Mulg,1956,Furrow,BareFallow,35,Surf1,200,140,LowFreq,0,P2R,15AprV1R4,T2,3807.9,3320.511,2254.788,2610.972,73.622,22.676,5.31629017341006,0.106537144484907,5.67614147909968,0.88264,32.381,999
1964,14/08/1964,227,1963,15-Apr,2,sugar,alive,1,396,1962,15/7/1963,105,0,0,318,1964,21,2039,6549.08,5798.01,5042.71,154.403,2701.14,,18004.901,7201.961,92.602,18.618,62.753,62.753,1.764,9322.313,9324.076,146067.706,0.824,19,2660,612.7,126.092,1623.205,453.454,1223.628,299.675,1523.303,6.867,9303.33,1.284,9304.614,146534.784,200,254.405,319.024,35.949,0.001,8.336,7.229,5901.346,350,0.93,3805.2,14,1522.1,0,0,17.172,29.171,19.499,92.7,Burdekin,AyrDPI,Mulg,1956,Furrow,BareFallow,35,Surf1,200,140,LowFreq,0,P2R,15AprV1R4,T2,3272.7,3113.454,1749.297,2048.972,44.286,8.337,4.95921892534786,0.101360661667442,4.96472668810289,0.772015,27.011,999
1965,14/09/1965,257,1964,15-Apr,2,sugar,alive,2,396,1962,14/8/1964,105,0,0,318,1965,21,2039,7034.81,6353.79,5375.61,166.393,3053.11,,16038.564,6415.425,68.001,19.669,62.853,62.853,1.284,9303.33,9304.614,146534.784,0.82,20,2800,831.2,256.655,1799.277,435.544,1268.186,292.837,1561.023,7.307,9280.598,1.063,9281.662,147304.146,200,253.256,320.946,37.019,0.001,12.241,7.417,5755.981,350,0.934,3885.3,14.3,1554.1,0,0,17.287,29.163,19.689,107.4,Burdekin,AyrDPI,Mulg,1956,Furrow,BareFallow,35,Surf1,200,140,LowFreq,0,P2R,15AprV1R4,T2,3631.2,3235.544,2055.932,2348.769,49.261,12.242,5.14265916334317,0.106592279550013,5.11978461538462,0.831965,30.531,999
1966,14/10/1966,287,1965,15-Apr,2,sugar,alive,3,395,1962,14/9/1965,105,0,0,318,1966,21,2039,7039.35,6273.6,5428.07,166.742,3146.41,,17405.686,6962.275,76.436,20.31,77.098,77.098,1.063,9280.598,9281.662,147304.146,0.812,22,3080,392.1,192.775,1797.112,264.477,1229.415,267.796,1497.211,6.188,9273.009,1.198,9274.207,148381.646,200,248.269,314.608,33.155,0.001,12.226,6.541,5942.087,350,0.956,4470.3,16.4,1788.1,0,0,17.785,28.871,19.833,102.9,Burdekin,AyrDPI,Mulg,1956,Furrow,BareFallow,35,Surf1,200,140,LowFreq,0,P2R,15AprV1R4,T2,3472.1,3344.477,1989.887,2257.683,45.382,12.227,4.9855926651611,0.111368404319765,4.72356940509915,0.83371,31.464,999
1967,14/11/1967,318,1966,15-Apr,2,sugar,alive,4,396,1962,14/10/1966,105,0,0,318,1967,21,2039,7299.53,6535.57,5636.34,174.062,3277.47,,17495.635,6998.254,74.622,20.26,62.1,62.1,1.198,9273.009,9274.207,148381.646,0.805,20,2800,821.8,229.422,1843.452,404.14,1254.009,285.238,1539.247,7.8,9260.787,1.442,9262.229,149313.716,200,253.69,320.026,35.774,0.001,9.656,7.147,6175.908,350,0.942,4058.2,14.9,1623.3,0,0,18.229,28.885,20.191,154.9,Burdekin,AyrDPI,Mulg,1956,Furrow,BareFallow,35,Surf1,200,140,LowFreq,0,P2R,15AprV1R4,T2,3621.8,3204.14,2072.874,2358.112,45.431,9.657,5.43240932044168,0.113082565696084,5.35575384615385,0.87031,32.775,999
1968,14/04/1968,105,0,15-Apr,2,none,out,-1,0,1962,0.000,105,0,0,318,-1,21,2039,0,0,0,0,0,,17586.6,7034.641,74.187,0,71.779,71.779,1.442,9260.787,9262.229,149313.716,0.799,0,0,1341.7,317.21,703.018,450.591,0,234.532,234.532,1.061,9347.922,13.902,9361.824,152397.056,0,0,27.737,0.811,0.009,0.311,0.087,3223.157,350,0.634,1435.3,6.1,574.1,0,0,22.329,31.086,21.557,187.9,Burdekin,AyrDPI,Mulg,1956,Furrow,BareFallow,35,Surf1,200,140,LowFreq,0,P2R,15AprV1R4,T2,1341.7,450.591,1020.228,1254.76,1.131,0.32,0,0,0,,0,999
1969,14/07/1969,195,1968,15-Apr,3,sugar,alive,0,456,1968,14/4/1968,105,0,0,318,1969,21,2039,8148.65,7335.21,6331.6,196.246,3577.7,,0,0,0,19.524,158.719,158.719,13.902,9347.922,9361.824,152397.056,0.799,24,3360,302.7,150.291,1747.917,246.906,1453.405,379.091,1832.496,11.342,9215.776,1.942,9217.718,149862.017,200,331.582,384.62,42.391,0.003,16.797,8.553,6629.581,350,0.955,4414.8,16.2,1765.9,0,0,17.239,28.858,19.267,46.5,Burdekin,AyrDPI,Mulg,1956,Furrow,BareFallow,35,Surf1,200,140,LowFreq,0,P2R,15AprV1R4,T2,3662.7,3606.906,1898.208,2277.299,59.191,16.8,5.44084043221531,0.107092184648698,5.15081364829396,0.98123,35.777,999
1970,14/08/1970,226,1969,15-Apr,3,sugar,alive,1,396,1968,14/7/1969,105,0,0,318,1970,21,2039,6845.27,6103.21,5276.65,162.146,3045.46,,19197.553,7679.021,85.54,20.202,90.715,90.715,1.942,9215.776,9217.718,149862.017,0.786,19,2660,667.3,136.559,1600.987,403.767,1276.197,278.134,1554.331,4.01,9204.689,1.276,9205.965,150378.108,200,258.111,318.242,25.466,0.002,9.4,5.189,6315.112,350,0.928,3758.5,13.8,1503.4,0,0,17.457,29.272,20.242,133.6,Burdekin,AyrDPI,Mulg,1956,Furrow,BareFallow,35,Surf1,200,140,LowFreq,0,P2R,15AprV1R4,T2,3327.3,3063.767,1737.546,2015.68,34.868,9.402,5.29237373468674,0.104318835563339,5.21369774919614,0.81073,30.455,999
1971,14/09/1971,257,1970,15-Apr,3,sugar,alive,2,396,1968,14/8/1970,105,0,0,318,1971,21,2039,7233.63,6523.62,5621.91,173.879,3261.21,,16527.99,6611.196,66.74,20.169,126.138,126.138,1.276,9204.689,9205.965,150378.108,0.783,18,2520,1226,215.37,2001.307,710.341,1272.072,274.531,1546.603,6.925,9195.091,1.305,9196.397,151129.66,200,244.392,308.5,28.333,0.002,21.196,5.694,6245.987,350,0.938,3972.6,14.6,1589,0,0,17.442,28.692,19.601,220,Burdekin,AyrDPI,Mulg,1956,Furrow,BareFallow,35,Surf1,200,140,LowFreq,0,P2R,15AprV1R4,T2,3746,3230.341,2216.677,2491.208,49.531,21.198,5.38268250936975,0.112426395138248,5.85451178451178,0.869395,32.612,999
1972,13/10/1972,287,1971,15-Apr,3,sugar,alive,3,395,1968,14/9/1971,105,0,0,318,1972,21,2039,7097.09,6417.52,5490.45,170.042,3240.08,,17076.266,6830.506,70.068,20.537,108.858,108.858,1.305,9195.091,9196.397,151129.66,0.776,20,2800,1328.3,435.478,2154.102,449.484,1299.312,276.123,1575.435,6.917,9192.644,1.223,9193.867,151968.058,200,244.709,308.507,30.651,0.005,13.432,6.06,6285.115,350,0.937,3959.1,14.5,1583.6,0,0,16.804,28.821,20.091,206.2,Burdekin,AyrDPI,Mulg,1956,Furrow,BareFallow,35,Surf1,200,140,LowFreq,0,P2R,15AprV1R4,T2,4128.3,3249.484,2589.58,2865.703,44.088,13.437,5.23289236075635,0.107933364435854,5.23206153846154,0.85021,32.401,999
1973,17/11/1973,321,1972,15-Apr,3,sugar,alive,4,400,1968,13/10/1972,105,0,4,318,1973,17,2039,7389.67,6605.55,5653.9,174.156,3193.18,,17021.677,6808.67,72.636,19.652,72.143,72.143,1.223,9192.644,9193.867,151968.058,0.771,20,2800,1238.1,353.217,2080.115,679.385,1254.825,275.213,1530.038,6.821,9182.116,1.736,9183.853,152514.078,200,255.262,321.527,32.114,0.003,12.349,6.441,6807.881,350,0.931,3824.4,14,1529.8,0,0,18.843,29.254,19.804,108.5,Burdekin,AyrDPI,Mulg,1956,Furrow,BareFallow,35,Surf1,200,140,LowFreq,0,P2R,15AprV1R4,T2,4038.1,3479.385,2433.332,2708.545,44.466,12.352,5.00536732784673,0.113824623963588,5.35864615384615,0.87078,31.932,999
1974,15/04/1974,105,0,15-Apr,3,none,out,-1,0,1968,0.000,105,0,4,322,-1,17,2043,0,0,0,0,0,,18004.838,7201.935,72.575,0,146.873,146.873,1.736,9182.116,9183.853,152514.078,0.766,0,0,1721.8,649.075,783.235,466.63,0,259.755,259.755,1.289,9273.376,12.608,9285.983,155815.854,0,0,25.244,1.054,0.033,0.355,0.097,3278.278,350,0.528,1074,4.3,429.6,0,0,22.293,30.139,17.364,152.9,Burdekin,AyrDPI,Mulg,1956,Furrow,BareFallow,35,Surf1,200,140,LowFreq,0,P2R,15AprV1R4,T2,1721.8,466.63,1432.31,1692.065,1.442,0.388,0,0,0,,0,999
1975,15/07/1975,196,1974,15-Apr,4,sugar,alive,0,456,1974,15/4/1974,105,0,0,318,1975,21,2039,8483.54,7565.64,6602.58,203.579,3552.83,,0,0,0,18.566,176.608,176.608,12.608,9273.376,9285.983,155815.854,0.766,20,2800,763.6,219.106,1701.852,535.176,1405.19,345.687,1750.877,11.854,9155.759,1.862,9157.621,152834.316,200,323.072,367.041,33.401,0.009,17.907,6.763,6998.45,350,0.975,5277,19.3,2110.8,0,0,17.001,28.293,19.228,65,Burdekin,AyrDPI,Mulg,1956,Furrow,BareFallow,35,Surf1,200,140,LowFreq,0,P2R,15AprV1R4,T2,3563.6,3335.176,1920.958,2266.645,51.317,17.916,6.10399571117087,0.116272587965917,6.26396923076923,1.017895,35.528,999
1976,14/08/1976,227,1975,15-Apr,4,sugar,alive,1,396,1974,15/7/1975,105,0,0,318,1976,21,2039,6366.86,5705.9,4914.13,151.706,2807.58,,20473.695,8189.479,89.732,19.863,68.374,68.374,1.862,9155.759,9157.621,152834.316,0.754,16,2240,1989.1,671.98,2184.512,701.259,1047.855,316.151,1364.007,10.125,9160.783,1.279,9162.062,152954.779,200,230.74,298.216,36.178,0.017,8.012,7.203,6648.071,350,0.893,3186.9,11.7,1274.7,0,0,17.81,28.163,18.823,179.8,Burdekin,AyrDPI,Mulg,1956,Furrow,BareFallow,35,Surf1,200,140,LowFreq,0,P2R,15AprV1R4,T2,4229.1,2941.259,2856.492,3172.643,44.207,8.029,5.15785927046887,0.111220836843213,5.6396282527881,0.75853,28.076,999
1977,14/09/1977,257,1976,15-Apr,4,sugar,alive,2,396,1974,14/8/1976,105,0,0,318,1977,21,2039,7160.25,6436.42,5513.5,169.869,2945.41,,15057.027,6022.811,60.585,18.427,76.976,76.976,1.279,9160.783,9162.062,152954.779,0.754,18,2520,1380,272.203,2198.045,545.333,1157.935,271.633,1429.568,8.592,9147.065,1.268,9148.333,152908.304,200,257.134,312.972,24.684,0.006,12.776,5.102,6750.909,350,0.953,4366.6,16,1746.6,0,0,17.722,28.369,19.544,170.6,Burdekin,AyrDPI,Mulg,1956,Furrow,BareFallow,35,Surf1,200,140,LowFreq,0,P2R,15AprV1R4,T2,3900,3065.333,2470.248,2741.881,37.466,12.782,5.54161652257683,0.118825407395801,5.71949494949495,0.849345,29.454,999
1978,14/10/1978,287,1977,15-Apr,4,sugar,alive,3,395,1974,14/9/1977,105,0,0,318,1978,21,2039,7391.59,6635.12,5795.59,178.958,3484.8,,17708.94,7083.577,76.956,21.051,77.159,77.159,1.268,9147.065,9148.333,152908.304,0.749,19,2660,953.7,230.566,1894.831,508.809,1215.306,270.019,1485.326,6.96,9144.431,1.266,9145.698,152944.59,200,249.838,314.313,30.069,0.007,11.894,5.962,7275.524,350,0.95,4289.5,15.8,1715.8,0,0,17.755,28.363,20.718,150.6,Burdekin,AyrDPI,Mulg,1956,Furrow,BareFallow,35,Surf1,200,140,LowFreq,0,P2R,15AprV1R4,T2,3613.7,3168.809,2125.397,2395.416,41.97,11.901,5.64748459121392,0.120483988026871,5.75427652733119,0.89479,34.848,999
1979,14/11/1979,318,1978,15-Apr,4,sugar,alive,4,396,1974,14/10/1978,105,0,0,318,1979,21,2039,7070.99,6324.18,5452.3,168.502,3209.53,,17212.006,6884.803,70.35,20.528,80.137,80.137,1.266,9144.431,9145.698,152944.59,0.745,19,2660,1489.5,407.818,2282.515,540.483,1165.074,304.031,1469.104,10.74,9139.211,1.566,9140.776,152750.263,200,239.681,313.029,42.08,0.012,10.017,8.203,7339.612,350,0.92,3616.3,13.3,1446.5,0,0,18.32,28.53,19.539,350.7,Burdekin,AyrDPI,Mulg,1956,Furrow,BareFallow,35,Surf1,200,140,LowFreq,0,P2R,15AprV1R4,T2,4149.5,3200.483,2690.333,2994.364,52.109,10.029,5.26489283023844,0.114697121510798,5.41807073954984,0.84251,32.095,999
1980,14/04/1980,105,0,15-Apr,4,none,out,-1,0,1974,0.000,105,0,0,318,-1,21,2039,0,0,0,0,0,,16832.708,6733.084,70.347,0,70.2,70.2,1.566,9139.211,9140.776,152750.263,0.74,0,0,636.1,120.391,233.113,372.01,0,197.578,197.578,0.349,9229.003,11.713,9240.716,155180.766,0,0,23.796,0.483,0.016,0.086,0.065,3813.484,350,0.619,1378.1,5.8,551.2,0,0,22.487,31.511,22.411,86.4,Burdekin,AyrDPI,Mulg,1956,Furrow,BareFallow,35,Surf1,200,140,LowFreq,0,P2R,15AprV1R4,T2,636.1,372.01,353.504,551.082,0.585,0.102,0,0,0,,0,999
1981,14/07/1981,195,1980,15-Apr,5,sugar,alive,0,456,1980,14/4/1980,105,0,0,318,1981,21,2039,8478.63,7634.22,6646.65,206.129,3591.88,,0,0,0,18.533,155.219,155.219,11.713,9229.003,9240.716,155180.766,0.741,19,2660,1226.2,408.339,1876.752,654.456,1344.366,335.135,1679.501,10.768,9112.043,1.795,9113.838,150869.064,200,321.72,366.637,33.706,0.023,18.239,6.78,8386.981,350,0.97,5030,18.5,2012,0,0,17.555,28.055,18.773,104.8,Burdekin,AyrDPI,Mulg,1956,Furrow,BareFallow,35,Surf1,200,140,LowFreq,0,P2R,15AprV1R4,T2,3886.2,3314.456,2285.091,2620.226,51.968,18.262,6.21908995020601,0.122732287744991,6.6279421221865,1.030645,35.919,999
1982,14/08/1982,226,1981,15-Apr,5,sugar,alive,1,396,1980,14/7/1981,105,0,0,318,1982,21,2039,6832.5,6118.25,5310.72,163.748,3199.52,,19847.333,7938.933,86.818,21.133,76.827,76.827,1.795,9112.043,9113.838,150869.064,0.731,19,2660,604.4,203.997,1527.988,425.589,1241.748,289.435,1531.183,4.955,9099.996,1.299,9101.294,149144.763,200,256.584,313.438,29.019,0.014,7.327,5.849,8573.968,350,0.927,3743.4,13.7,1497.4,0,0,17.532,28.965,19.448,47.4,Burdekin,AyrDPI,Mulg,1956,Furrow,BareFallow,35,Surf1,200,140,LowFreq,0,P2R,15AprV1R4,T2,3264.4,3085.589,1731.985,2021.42,36.36,7.341,5.30686361663851,0.106942148652382,5.26520900321543,0.81874,31.995,999
1983,14/09/1983,257,1982,15-Apr,5,sugar,alive,2,396,1980,14/8/1982,105,0,0,318,1983,21,2039,7174.75,6411.45,5565.71,171.237,3085.34,,16117.069,6446.828,64.987,19.262,78.058,78.058,1.299,9099.996,9101.294,149144.763,0.73,20,2800,637.3,246.596,1709.408,361.901,1201.663,277.207,1478.869,4.768,9078.962,1.831,9080.793,147614.236,200,267.778,323.804,25.691,0.014,10.981,5.246,8477.769,350,0.953,4360.4,16,1744.1,0,0,17.915,28.646,19.857,95.4,Burdekin,AyrDPI,Mulg,1956,Furrow,BareFallow,35,Surf1,200,140,LowFreq,0,P2R,15AprV1R4,T2,3437.3,3161.901,1956.004,2233.211,36.686,10.995,5.41563445534822,0.115789160500355,5.26883076923077,0.856185,30.853,999
1984,13/10/1984,287,1983,15-Apr,5,sugar,alive,3,395,1980,14/9/1983,105,0,0,318,1984,21,2039,7564.56,6815,5789.6,179.152,3306.66,,17383.145,6953.258,72.321,19.802,80.485,80.485,1.831,9078.962,9080.793,147614.236,0.726,22,3080,624.6,239.985,1904.636,463.266,1283.16,269.734,1552.894,8.626,9040.822,2.043,9042.866,147201.435,200,285.189,350.369,28.443,0.024,13.237,5.73,7702.218,350,0.934,3885.4,14.3,1554.2,0,0,17.81,28.719,19.464,75.6,Burdekin,AyrDPI,Mulg,1956,Furrow,BareFallow,35,Surf1,200,140,LowFreq,0,P2R,15AprV1R4,T2,3704.6,3543.266,2144.621,2414.355,41.704,13.261,5.05612618414762,0.115366534998525,5.07512747875354,0.89576,33.067,999
1985,13/11/1985,317,1984,15-Apr,5,sugar,alive,4,396,1980,13/10/1984,105,0,0,318,1985,21,2039,7618.56,6900.15,5908.95,183.787,3406.16,,18389.712,7355.885,78.824,19.896,87.57,87.57,2.043,9040.822,9042.866,147201.435,0.722,21,2940,872.5,224.868,1964.918,528.94,1309.253,282.619,1591.872,7.946,9022.265,1.989,9024.254,147254.358,200,257.045,333.737,40.287,0.028,13.924,7.878,7459.726,350,0.916,3544.9,13,1418,0,0,17.761,28.762,19.57,111.4,Burdekin,AyrDPI,Mulg,1956,Furrow,BareFallow,35,Surf1,200,140,LowFreq,0,P2R,15AprV1R4,T2,3812.5,3468.94,2189.786,2472.405,54.239,13.952,5.29807376316685,0.115453378161058,5.42144542772861,0.918935,34.062,999
1986,15/04/1986,105,0,15-Apr,5,none,out,-1,0,1980,0.000,105,0,0,318,-1,21,2039,0,0,0,0,0,,17544.852,7017.941,73.493,0,118.412,118.412,1.989,9022.265,9024.254,147254.358,0.718,0,0,420.5,113.156,97.082,302.173,0,193.212,193.212,0.15,9102.074,27.354,9129.428,149392.528,0,0,42.667,0.942,0.035,0.143,0.153,4511.201,350,0.601,1313.9,5.5,525.5,0,0,22.125,31.888,20.927,117.8,Burdekin,AyrDPI,Mulg,1956,Furrow,BareFallow,35,Surf1,200,140,LowFreq,0,P2R,15AprV1R4,T2,420.5,302.173,210.238,403.45,1.12,0.178,0,0,0,,0,999
1987,15/07/1987,196,1986,15-Apr,6,sugar,alive,0,456,1986,15/4/1986,105,0,0,318,1987,21,2039,8171.08,7301.73,6364.32,196.514,3829.73,,0,0,0,21.071,135.463,135.463,27.354,9102.074,9129.428,149392.528,0.717,23,3220,585.4,146.624,1910.389,473.136,1424.125,369.571,1793.696,14.726,8947.442,1.987,8949.43,146164.68,200,355.993,405.862,47.828,0.046,21.617,9.69,7210.692,350,0.965,4809.4,17.6,1923.8,0,0,18.179,29.194,18.291,44,Burdekin,AyrDPI,Mulg,1956,Furrow,BareFallow,35,Surf1,200,140,LowFreq,0,P2R,15AprV1R4,T2,3805.4,3693.136,2057.013,2426.584,69.491,21.663,5.32106047543334,0.109558141401888,5.35460490463215,0.98257,38.297,999
1988,14/08/1988,227,1987,15-Apr,6,sugar,alive,1,396,1986,15/7/1987,105,0,0,318,1988,21,2039,7037.38,6259.53,5386.4,165.101,3086.64,,19445.411,7778.165,89.88,20.095,90.153,90.153,1.987,8947.442,8949.43,146164.68,0.706,19,2660,974.5,197.856,1911.99,402.773,1248.622,286.714,1535.336,6.707,8944.766,1.091,8945.857,146292.476,200,248.813,310.396,28.438,0.039,8.766,5.741,6665.311,350,0.947,4204.2,15.5,1681.7,0,0,17.994,29.174,19.627,254,Burdekin,AyrDPI,Mulg,1956,Furrow,BareFallow,35,Surf1,200,140,LowFreq,0,P2R,15AprV1R4,T2,3634.5,3062.773,2109.846,2396.56,37.243,8.805,5.39057253018751,0.107534116310697,5.30871382636656,0.825505,30.866,999
1989,14/09/1989,257,1988,15-Apr,6,sugar,alive,2,396,1986,14/8/1988,105,0,0,318,1989,21,2039,6861.88,6113.96,5309.39,162.905,2990.65,,17606.919,7042.767,72.248,19.681,79.471,79.471,1.091,8944.766,8945.857,146292.476,0.706,16,2240,1393,336.316,1889.922,747.499,1157.379,260.749,1418.127,6.325,8952.011,0.889,8952.9,146725.114,200,238.904,297.729,30.183,0.045,8.02,5.986,6562.963,350,0.955,4443.8,16.3,1777.5,0,0,17.953,28.513,19.014,134.8,Burdekin,AyrDPI,Mulg,1956,Furrow,BareFallow,35,Surf1,200,140,LowFreq,0,P2R,15AprV1R4,T2,3633,2987.499,2226.238,2486.987,38.248,8.065,5.45288885452347,0.11487335055323,6.05594795539034,0.814525,29.907,999
1990,14/10/1990,287,1989,15-Apr,6,sugar,alive,3,395,1986,14/9/1989,105,0,0,318,1990,21,2039,6990.48,6344.29,5453.15,169.383,3204.52,,16973.415,6789.366,71.89,20.37,68.106,68.106,0.889,8952.011,8952.9,146725.114,0.704,19,2660,1277.8,464.145,1970.036,499.66,1212.039,285.556,1497.596,7.017,8955.301,1.272,8956.573,146868.221,200,235.149,303.287,33.611,0.05,12.023,6.555,6771.338,350.839,0.932,3841,14.1,1536.4,0,0,17.407,28.757,20.276,103,Burdekin,AyrDPI,Mulg,1956,Furrow,BareFallow,35,Surf1,200,140,LowFreq,0,P2R,15AprV1R4,T2,3937.8,3159.66,2434.181,2719.737,45.684,12.073,5.36079831374262,0.113103266835649,5.44639871382637,0.846915,32.045,999
1991,14/11/1991,318,1990,15-Apr,6,sugar,alive,4,396,1986,14/10/1990,105,0,0,318,1991,21,2039,7268.92,6463.9,5641.19,173.581,3491.67,,16332.165,6532.866,68.294,21.842,74.13,74.13,1.272,8955.301,8956.573,146868.221,0.701,20,2800,1681.6,554.871,2426.368,367.476,1275.044,244.888,1519.932,5.339,8951.563,1.546,8953.109,146853.893,200,247.354,312.804,30.513,0.441,11.28,5.862,7062.302,352.513,0.95,4281.7,15.7,1712.7,0,0,17.718,29.034,19.738,204.4,Burdekin,AyrDPI,Mulg,1956,Furrow,BareFallow,35,Surf1,200,140,LowFreq,0,P2R,15AprV1R4,T2,4481.6,3167.476,2981.239,3226.127,42.234,11.721,5.48010466377646,0.114203135403426,5.34095384615385,0.867905,34.917,999
1992,14/04/1992,105,0,15-Apr,6,none,out,-1,0,1986,0.000,105,0,0,318,-1,21,2039,0,0,0,0,0,,17475.166,6990.066,76.459,0,54.558,54.558,1.546,8951.563,8953.109,146853.893,0.698,0,0,487.6,55.761,153.397,328.182,0,189.106,189.106,0.348,9028.226,22.572,9050.798,148777.24,0,0,40.834,1.418,0.045,0.474,0.167,4415.612,353.166,0.582,1245.7,5.5,498.3,0,0,22.037,31.882,22.651,122.8,Burdekin,AyrDPI,Mulg,1956,Furrow,BareFallow,35,Surf1,200,140,LowFreq,0,P2R,15AprV1R4,T2,487.6,328.182,209.158,398.264,1.937,0.519,0,0,0,,0,999
1993,14/07/1993,195,1992,15-Apr,7,sugar,alive,0,456,1992,14/4/1992,105,0,0,318,1993,21,2039,9007.24,8081.23,7037.88,217.876,4252.75,,0,0,0,21.109,143.896,143.896,22.572,9028.226,9050.798,148777.24,0.697,22,3080,628.9,152.829,1789.232,467.777,1484.389,355.097,1839.486,12.987,8894.272,2.043,8896.315,145514.827,200,349.358,388.381,35.209,0.094,18.016,7.141,7435.328,355.153,0.977,5397.7,19.8,2159.1,0,0,17.504,28.743,19.448,72,Burdekin,AyrDPI,Mulg,1956,Furrow,BareFallow,35,Surf1,200,140,LowFreq,0,P2R,15AprV1R4,T2,3708.9,3547.777,1942.061,2297.158,53.319,18.11,6.14119771338503,0.118443956627014,6.17212464589235,1.08938,42.528,999
1994,14/08/1994,226,1993,15-Apr,7,sugar,alive,1,396,1992,14/7/1993,105,0,0,318,1994,21,2039,6864.07,6127.32,5393.3,166.224,3184.54,,21327.536,8531.014,93.666,20.665,71.248,71.248,2.043,8894.272,8896.315,145514.827,0.688,21,2940,409.4,138.406,1678.27,307.318,1205.196,311.819,1517.015,5.383,8899.381,1.063,8900.444,145328.252,200,250.623,307.298,20.66,0.046,9.69,4.352,7416.641,356.911,0.923,3661.6,13.4,1464.6,0,0,17.871,29.003,19.967,46.8,Burdekin,AyrDPI,Mulg,1956,Furrow,BareFallow,35,Surf1,200,140,LowFreq,0,P2R,15AprV1R4,T2,3349.4,3247.318,1816.676,2128.495,30.396,9.736,5.11880881391967,0.109573076073737,4.90336283185841,0.83112,31.845,999
1995,14/09/1995,257,1994,15-Apr,7,sugar,alive,2,396,1992,14/8/1994,105,0,0,318,1995,21,2039,7820.86,7003.31,6159.91,190,3678.54,,15613.918,6245.568,61.154,20.914,86.958,86.958,1.063,8899.381,8900.444,145328.252,0.69,21,2940,508.6,179.098,1653.929,343.535,1321.505,275.502,1597.007,4.417,8894.126,1.093,8895.219,145071.089,200,261.314,316.808,21.241,0.062,10.335,4.382,7572.413,358.703,0.954,4386.4,16.1,1754.5,0,0,18.519,29.133,20.465,55.2,Burdekin,AyrDPI,Mulg,1956,Furrow,BareFallow,35,Surf1,200,140,LowFreq,0,P2R,15AprV1R4,T2,3448.6,3283.535,1833.027,2108.529,31.638,10.397,5.78644661926856,0.118972553032016,5.6047197640118,0.95,36.785,999
1996,13/10/1996,287,1995,15-Apr,7,sugar,alive,3,395,1992,14/9/1995,105,0,0,318,1996,21,2039,7630.88,6825.39,6051.14,186.631,3830.29,,17846.448,7138.581,70.221,22.344,105.523,105.523,1.093,8894.126,8895.219,145071.089,0.687,23,3220,547.9,229.289,1971.936,296.519,1316.893,279.718,1596.611,5.442,8892.423,1.506,8893.929,144820.062,200,257.024,321.463,26.521,0.093,10.136,5.238,7978.631,360.524,0.955,4424.6,16.2,1769.8,0,0,19.245,29.663,20.779,107,Burdekin,AyrDPI,Mulg,1956,Furrow,BareFallow,35,Surf1,200,140,LowFreq,0,P2R,15AprV1R4,T2,3767.9,3516.519,2201.225,2480.943,36.75,10.229,5.30726550887397,0.116891966797172,5.08531335149864,0.933155,38.303,999
1997,13/11/1997,317,1996,15-Apr,7,sugar,alive,4,396,1992,13/10/1996,105,0,0,318,1997,21,2039,8104.8,7216.06,6445.84,198.96,3965.1,,17188.681,6875.471,66.666,21.613,75.585,75.585,1.506,8892.423,8893.929,144820.062,0.684,20,2800,954.2,277.422,2026.819,448.661,1194.029,267.144,1461.172,7.825,8900.622,1.323,8901.945,144805.467,200,252.907,306.773,23.247,0.078,9.083,4.73,7695.473,362.384,0.965,4807.4,17.6,1923,0,0,19.539,28.549,20.723,116.8,Burdekin,AyrDPI,Mulg,1956,Furrow,BareFallow,35,Surf1,200,140,LowFreq,0,P2R,15AprV1R4,T2,3754.2,3248.661,2304.241,2571.385,32.408,9.161,6.1243693940365,0.136164667814604,6.12184615384615,0.9948,39.651,999
1998,16/04/1998,106,0,15-Apr,7,none,out,-1,0,1992,0.000,106,1,0,319,-1,21,2039,0,0,0,0,0,,18187.467,7274.988,73.022,0,64.371,64.371,1.323,8900.622,8901.945,144805.467,0.682,0,0,769.5,120.523,357.523,387.576,0,194.614,194.614,0.407,8994.907,9.517,9004.423,147625.592,0,0,24.364,0.8,0.15,0.205,0.091,3978.087,363.123,0.669,1577.8,6.3,631.1,0,0,23.748,31.279,20.298,189.6,Burdekin,AyrDPI,Mulg,1956,Furrow,BareFallow,35,Surf1,200,140,LowFreq,0,P2R,15AprV1R4,T2,769.5,387.576,478.046,672.66,1.155,0.355,0,0,0,,0,999
1999,16/07/1999,197,1998,15-Apr,8,sugar,alive,0,456,1998,16/4/1998,106,1,0,319,1999,20,2039,9644.41,8623.3,7641.89,236.079,4277.77,,0,0,0,19.388,161.211,161.211,9.517,8994.907,9004.423,147625.592,0.683,19,2660,1269.3,239.666,2066.655,770.112,1370.181,345.864,1716.045,13.028,8874.523,2.147,8876.67,143156.654,200,336.909,378.55,24.986,0.193,18.44,5.111,9109.799,365.327,0.985,6028.8,22.1,2411.5,0,0,19.733,28.53,18.246,112,Burdekin,AyrDPI,Mulg,1956,Furrow,BareFallow,35,Surf1,200,140,LowFreq,0,P2R,15AprV1R4,T2,3929.3,3430.112,2306.321,2652.185,43.619,18.633,6.88254494313888,0.137571567179182,7.59096463022508,1.180395,42.778,999
2000,15/08/2000,228,1999,15-Apr,8,sugar,alive,1,396,1998,16/7/1999,106,1,0,319,2000,20,2039,6614.63,5880.79,5230.26,160.759,2950.13,,22145.924,8858.37,87.358,19.672,68.144,68.144,2.147,8874.523,8876.67,143156.654,0.676,16,2240,1505.1,491.772,2009.199,613.212,967.678,274.596,1242.275,4.63,8885.088,1.217,8886.306,142760.736,200,246.084,299.413,20.81,0.155,6.827,4.252,7692.499,367.269,0.943,4087.3,15,1634.9,0,0,18.488,27.837,19.233,136,Burdekin,AyrDPI,Mulg,1956,Furrow,BareFallow,35,Surf1,200,140,LowFreq,0,P2R,15AprV1R4,T2,3745.1,2853.212,2500.971,2775.567,27.792,6.982,5.6343166929061,0.129406934857419,5.97617100371747,0.803795,29.501,999
2001,15/09/2001,258,2000,15-Apr,8,sugar,alive,2,396,1998,15/8/2000,106,1,0,319,2001,20,2039,7873.43,7062.8,6158.65,190.141,3767.15,,15241.372,6096.55,59.411,21.469,69.999,69.999,1.217,8885.088,8886.306,142760.736,0.679,20,2800,561.3,123.368,1658.614,411.545,1315.319,264.164,1579.484,5.973,8862.898,1.429,8864.327,141547.782,200,274.019,329.581,23.855,0.07,10.709,4.893,8398.39,369.251,0.957,4509.2,16.5,1803.7,0,0,17.813,29.084,20.137,52,Burdekin,AyrDPI,Mulg,1956,Furrow,BareFallow,35,Surf1,200,140,LowFreq,0,P2R,15AprV1R4,T2,3361.3,3211.545,1781.982,2046.146,34.634,10.779,5.92054603002605,0.120381719599565,5.85049230769231,0.950705,37.672,999
2002,15/10/2002,288,2001,15-Apr,8,sugar,alive,3,395,1998,15/9/2001,106,1,0,319,2002,20,2039,7677,6879.44,6061.98,187.007,3830.84,,18408.444,7363.378,75.436,22.297,69.834,69.834,1.429,8862.898,8864.327,141547.782,0.675,21,2940,810.6,149.774,1922.919,318.665,1416.303,271.755,1688.058,7.706,8850.215,1.27,8851.484,140507.748,200,270.873,331.444,24.509,0.095,10.276,4.953,8717.27,371.268,0.964,4736.6,17.4,1894.6,0,0,18.322,30.191,21.207,206,Burdekin,AyrDPI,Mulg,1956,Furrow,BareFallow,35,Surf1,200,140,LowFreq,0,P2R,15AprV1R4,T2,3750.6,3258.665,2072.693,2344.448,34.88,10.371,5.73876111843347,0.110782330938866,5.51643067846608,0.935035,38.308,999
2003,15/11/2003,319,2002,15-Apr,8,sugar,alive,4,396,1998,15/10/2002,106,1,0,319,2003,20,2039,7959.21,7060.32,6271.23,192.817,3909.72,,17753.763,7101.507,73.792,22.041,59.683,59.683,1.27,8850.215,8851.484,140507.748,0.673,22,3080,463.2,169.774,1672.824,263.838,1438.172,259.534,1697.705,5.05,8843.615,1.563,8845.177,139348.101,200,269.701,330.027,22.661,0.083,9.987,4.621,9020.425,373.32,0.96,4615.9,16.9,1846.4,0,0,18.638,30.093,21.302,51,Burdekin,AyrDPI,Mulg,1956,Furrow,BareFallow,35,Surf1,200,140,LowFreq,0,P2R,15AprV1R4,T2,3543.2,3343.838,1842.598,2102.132,32.731,10.07,5.76633796254484,0.113575091078839,5.46223796033994,0.964085,39.097,999
2004,14/04/2004,105,0,15-Apr,8,none,out,-1,0,1998,0.000,105,0,0,319,-1,20,2039,0,0,0,0,0,,18271.393,7308.557,75.046,0,62.579,62.579,1.563,8843.615,8845.177,139348.101,0.671,0,0,652.6,75.962,294.651,346.924,0,196.507,196.507,0.339,8939.687,10.83,8950.518,141942.945,0,0,21.892,0.452,0.172,0.137,0.06,4009.444,374.113,0.743,1942.3,8,776.9,0,0,22.646,32.252,21.899,173.2,Burdekin,AyrDPI,Mulg,1956,Furrow,BareFallow,35,Surf1,200,140,LowFreq,0,P2R,15AprV1R4,T2,652.6,346.924,370.613,567.12,0.761,0.309,0,0,0,,0,999
2005,14/07/2005,195,2004,15-Apr,9,sugar,alive,0,456,2004,14/4/2004,105,0,0,318,2005,21,2039,8727.34,7790.7,6884.75,212.549,4133.9,,0,0,0,21.022,148.06,148.06,10.83,8939.687,8950.518,141942.945,0.672,22,3080,719.2,159.146,1874.161,304.651,1512.909,334.549,1847.457,7.526,8810.807,2.243,8813.05,135947.017,200,355.613,397.737,22.133,0.276,11.343,4.612,10572.429,376.54,0.974,5220.9,19.2,2088.4,0,0,17.68,29.343,19.68,143.4,Burdekin,AyrDPI,Mulg,1956,Furrow,BareFallow,35,Surf1,200,140,LowFreq,0,P2R,15AprV1R4,T2,3799.2,3384.651,2033.307,2367.856,33.752,11.619,6.27979073765656,0.115049497769096,6.02121813031162,1.062745,41.339,999
2006,14/08/2006,226,2005,15-Apr,9,sugar,alive,1,396,2004,14/7/2005,105,0,0,318,2006,21,2039,7167.9,6390.66,5576.18,171.478,3337.22,,20099.774,8039.91,84.163,21.038,66.495,66.495,2.243,8810.807,8813.05,135947.017,0.666,19,2660,985.3,243.011,1858.123,518.468,1222.963,295.355,1518.317,5.572,8795.109,1.208,8796.317,133978.166,200,262.973,325.148,30.434,0.229,6.769,6.146,9058.915,378.682,0.94,4019.9,14.8,1607.9,0,0,18.705,29.095,19.266,178.4,Burdekin,AyrDPI,Mulg,1956,Furrow,BareFallow,35,Surf1,200,140,LowFreq,0,P2R,15AprV1R4,T2,3645.3,3178.468,2101.134,2396.489,37.432,6.998,5.39498903245211,0.112939524486652,5.51376205787781,0.85739,33.372,999
2007,14/09/2007,257,2006,15-Apr,9,sugar,alive,2,396,2004,14/8/2006,105,0,0,318,2007,21,2039,7252.67,6522.72,5666.32,175.114,3317.9,,16946.5,6778.6,67.772,20.405,92.343,92.343,1.208,8795.109,8796.317,133978.166,0.668,19,2660,940.5,339.604,1793.684,447.784,1217.139,270.076,1487.215,6.369,8789.814,1.437,8791.251,132278.286,200,257.95,313.887,23.298,0.255,10.468,4.767,8900.216,380.86,0.944,4110,15.1,1644,0,0,17.489,28.522,19.714,130.2,Burdekin,AyrDPI,Mulg,1956,Furrow,BareFallow,35,Surf1,200,140,LowFreq,0,P2R,15AprV1R4,T2,3600.5,3107.784,2133.288,2403.364,34.021,10.723,5.63469018438862,0.117746257266098,5.63067524115756,0.87557,33.179,999
2008,13/10/2008,287,2007,15-Apr,9,sugar,alive,3,395,2004,14/9/2007,105,0,0,318,2008,21,2039,7764.01,6974.71,6080.55,187.977,3678.51,,16977.578,6791.032,70.231,21.17,72.339,72.339,1.437,8789.814,8791.251,132278.286,0.666,20,2800,1328.4,382.204,2176.218,594.38,1305.074,263.198,1568.272,11.421,8760.489,1.598,8762.087,131434.659,200,282.722,342.449,26.712,1.254,9.552,5.387,8316.662,383.068,0.952,4351.1,16,1740.4,0,0,18.038,28.883,19.535,108.2,Burdekin,AyrDPI,Mulg,1956,Furrow,BareFallow,35,Surf1,200,140,LowFreq,0,P2R,15AprV1R4,T2,4128.4,3394.38,2558.422,2821.62,37.518,10.806,5.53788909904018,0.119862498342124,5.78390769230769,0.939885,36.785,999
2009,13/11/2009,317,2008,15-Apr,9,sugar,alive,4,396,2004,13/10/2008,105,0,0,318,2009,21,2039,7615.29,6811.24,5836.6,180.002,3559.89,,18007.81,7203.125,75.751,21.426,74.045,74.045,1.598,8760.489,8762.087,131434.659,0.664,18,2520,1796.7,481.67,2241.59,539.411,1307.16,276.096,1583.256,7.343,8733.523,2.097,8735.62,130784.603,200,280.632,345.519,27.252,0.916,11.082,5.439,8269.7,385.319,0.936,3928.3,14.4,1571.3,0,0,18.57,29.61,19.499,197.2,Burdekin,AyrDPI,Mulg,1956,Furrow,BareFallow,35,Surf1,200,140,LowFreq,0,P2R,15AprV1R4,T2,4316.7,3059.411,2723.26,2999.356,39.25,11.998,5.88355078804384,0.113691026593299,6.0606734006734,0.90001,35.599,999
2010,15/04/2010,105,0,15-Apr,9,none,out,-1,0,2004,0.000,105,0,0,318,-1,21,2039,0,0,0,0,0,,18457.895,7383.158,77.575,0,84.23,84.23,2.097,8733.523,8735.62,130784.603,0.662,0,0,1032,267.404,473.162,422.048,0,204.59,204.59,0.581,8840.359,5.321,8845.68,133682.273,0,0,16.643,0.535,0.259,0.181,0.052,3732.929,386.205,0.674,1599.7,6.7,639.9,0,0,22.504,31.313,19.606,135.2,Burdekin,AyrDPI,Mulg,1956,Furrow,BareFallow,35,Surf1,200,140,LowFreq,0,P2R,15AprV1R4,T2,1032,422.048,740.566,945.156,0.975,0.44,0,0,0,,0,999
2011,15/07/2011,196,2010,15-Apr,10,sugar,alive,0,456,2010,15/4/2010,105,0,0,318,2011,21,2039,9069.15,8141.18,7130.39,220.741,3977.97,,0,0,0,19.266,171.074,171.074,5.321,8840.359,8845.68,133682.273,0.665,17,2380,1485.4,307.624,2000.709,894.019,1370.024,278.445,1648.468,12.455,8692.695,2.176,8694.871,129829.702,200,353.478,405.104,26.727,4.56,16.177,5.368,8249.45,388.863,0.976,5314.1,19.5,2125.6,0,0,18.293,28.267,16.9,81.4,Burdekin,AyrDPI,Mulg,1956,Furrow,BareFallow,35,Surf1,200,140,LowFreq,0,P2R,15AprV1R4,T2,3865.4,3274.019,2308.333,2586.778,47.464,20.737,6.74220277890874,0.133906754635213,7.80003533568905,1.103705,39.78,999
2012,14/08/2012,227,2011,15-Apr,10,sugar,alive,1,396,2010,15/7/2011,105,0,0,318,2012,21,2039,7251.07,6485.22,5663.35,174.492,3302.88,,20996.495,8398.598,91.885,20.382,79.672,79.672,2.176,8692.695,8694.871,129829.702,0.659,17,2380,1152,337.375,1686.113,583.656,1229.971,255.147,1485.117,4.119,8688.428,0.989,8689.418,129986.857,200,259.528,318.988,22.643,0.521,8.612,4.601,7113.731,391.2,0.94,4027.6,14.8,1611.1,0,0,17.522,28.612,19.036,197.4,Burdekin,AyrDPI,Mulg,1956,Furrow,BareFallow,35,Surf1,200,140,LowFreq,0,P2R,15AprV1R4,T2,3532,2963.656,2023.488,2278.635,31.776,9.133,5.88772786045344,0.117493773217868,6.16579505300353,0.87246,33.029,999
2013,14/09/2013,257,2012,15-Apr,10,sugar,alive,2,396,2010,14/8/2012,105,0,0,318,2013,21,2039,7285.54,6492.69,5720.47,176.084,3355.07,,16919.147,6767.66,69.36,20.536,103.067,103.067,0.989,8688.428,8689.418,129986.857,0.661,21,2940,535.4,198.33,1782.714,288.094,1253.879,272.919,1526.797,5.15,8687.723,1.246,8688.969,130006.56,200,258.402,311.563,22.038,0.08,9.008,4.488,7380.301,393.58,0.944,4126,15.1,1650.4,0,0,18.05,29.079,20.08,178.6,Burdekin,AyrDPI,Mulg,1956,Furrow,BareFallow,35,Surf1,200,140,LowFreq,0,P2R,15AprV1R4,T2,3475.4,3228.094,1981.044,2253.963,31.126,9.088,5.45473582863448,0.115329018854504,5.19421828908555,0.88042,33.551,999
2014,14/10/2014,287,2013,15-Apr,10,sugar,alive,3,395,2010,14/9/2013,105,0,0,318,2014,21,2039,7531.65,6760.36,5931.58,183.094,3540.05,,16810.152,6724.061,67.04,20.882,70.626,70.626,1.246,8687.723,8688.969,130006.56,0.66,21,2940,730.4,288.851,1869.863,391.502,1262.794,258.905,1521.699,6.241,8685.575,1.236,8686.811,130075.225,200,253.579,313.284,26.807,0.105,11.543,5.325,7312.93,395.998,0.962,4669.5,17.1,1867.8,0,0,18.127,29.166,20.069,86.2,Burdekin,AyrDPI,Mulg,1956,Furrow,BareFallow,35,Surf1,200,140,LowFreq,0,P2R,15AprV1R4,T2,3670.4,3331.502,2158.714,2417.619,38.455,11.648,5.49583941417415,0.120322087351046,5.40100294985251,0.91547,35.4,999
2015,14/11/2015,318,2014,15-Apr,10,sugar,alive,4,396,2010,14/10/2014,105,0,0,318,2015,21,2039,7777.45,6927.83,6094.68,187.449,3769.21,,17569.701,7027.881,72.583,21.833,60.612,60.612,1.236,8685.575,8686.811,130075.225,0.658,22,3080,382.4,140.176,1654.331,225.121,1403.847,258.799,1662.646,4.607,8672.478,1.429,8673.906,129844.79,200,272.757,332.535,22.516,0.066,10.534,4.553,7866.556,398.452,0.965,4773.9,17.5,1909.5,0,0,18.652,30.213,20.932,83.4,Burdekin,AyrDPI,Mulg,1956,Furrow,BareFallow,35,Surf1,200,140,LowFreq,0,P2R,15AprV1R4,T2,3462.4,3305.121,1794.507,2053.306,33.116,10.6,5.67147163447269,0.112741377298595,5.31016997167139,0.937245,37.692,999
2016,14/04/2016,105,0,15-Apr,10,none,out,-1,0,2010,0.000,105,0,0,318,-1,21,2039,0,0,0,0,0,,18361.358,7344.542,75.935,0,65.859,65.859,1.429,8672.478,8673.906,129844.79,0.655,0,0,369.6,14.254,80.951,288.044,0,170.305,170.305,0.122,8770.82,9.243,8780.063,132532.371,0,0,25.134,0.445,0.019,0.114,0.068,3915.715,399.406,0.689,1666.4,6.9,666.6,0,0,22.856,32.574,21.881,43.6,Burdekin,AyrDPI,Mulg,1956,Furrow,BareFallow,35,Surf1,200,140,LowFreq,0,P2R,15AprV1R4,T2,369.6,288.044,95.205,265.51,0.578,0.133,0,0,0,,0,999
2017,14/07/2017,195,2016,15-Apr,11,sugar,alive,0,456,2016,14/4/2016,105,0,0,318,2017,21,2039,8154.59,7248.65,6366.14,195.995,3811.87,,0,0,0,21.022,169.95,169.95,9.243,8770.82,8780.063,132532.371,0.657,19,2660,1011.6,220.011,1853.733,609.697,1381.43,317.426,1698.855,10.455,8620.368,2.022,8622.39,128756.275,200,348.987,407.268,35.776,1.851,18.254,7.061,7925.708,402.302,0.97,5030.4,18.4,2012.2,0,0,18.795,29.534,17.004,107.8,Burdekin,AyrDPI,Mulg,1956,Furrow,BareFallow,35,Surf1,200,140,LowFreq,0,P2R,15AprV1R4,T2,3671.6,3269.697,2073.744,2391.17,55.881,20.105,5.99428632072024,0.115368880805013,6.30209003215434,0.979975,38.119,999
2018,14/08/2018,226,2017,15-Apr,11,sugar,alive,1,396,2016,14/7/2017,105,0,0,318,2018,21,2039,6874.91,6093.47,5306.1,162.512,2956.4,,19477.699,7791.079,88,19.476,68.951,68.951,2.022,8620.368,8622.39,128756.275,0.65,19,2660,692.9,240.41,1645.822,351.74,1223.247,245.528,1468.775,4.872,8615.356,1.115,8616.471,128855.554,200,250.722,312.393,27.529,0.352,8.619,5.53,6628.103,404.852,0.945,4153.4,15.3,1661.4,0,0,17.825,29.496,17.917,130.4,Burdekin,AyrDPI,Mulg,1956,Furrow,BareFallow,35,Surf1,200,140,LowFreq,0,P2R,15AprV1R4,T2,3352.9,3011.74,1886.232,2131.76,36.5,8.971,5.39595051365656,0.110644584773025,5.22546623794212,0.81256,29.564,999
2019,14/09/2019,257,2018,15-Apr,11,sugar,alive,2,396,2016,14/8/2018,105,0,0,318,2019,21,2039,6291.83,5547.47,4824.89,146.82,2493.47,,16865.307,6746.123,70.622,17.989,66.843,66.843,1.115,8615.356,8616.471,128855.554,0.652,18,2520,1209.8,415.143,1969.996,495.573,1091.498,258.345,1349.843,9.154,8617.234,1.126,8618.359,128951.769,200,243.662,302.381,26.823,0.087,9.963,5.478,6729.972,407.441,0.948,4230.7,15.5,1692.3,0,0,18.144,29.437,17.384,92.8,Burdekin,AyrDPI,Mulg,1956,Furrow,BareFallow,35,Surf1,200,140,LowFreq,0,P2R,15AprV1R4,T2,3729.8,3015.573,2385.139,2643.484,36.873,10.05,4.86872644104454,0.10876820489494,4.94343434343434,0.7341,24.935,999
2020,13/10/2020,287,2019,15-Apr,11,sugar,alive,3,395,2016,14/9/2019,105,0,0,318,2020,21,2039,7166.46,6373.39,5563.58,170.619,3089.98,,16065.072,6426.029,70.397,19.376,61.661,61.661,1.126,8617.234,8618.359,128951.769,0.65,20,2800,1063.7,238.594,2097.933,416.493,1267.54,260.547,1528.087,10.402,8608.923,1.136,8610.058,128883.706,200,252.194,314.683,27.577,0.09,13.316,5.588,6918.33,410.061,0.963,4691.5,17.2,1876.6,0,0,18.534,29.796,18.848,327.8,Burdekin,AyrDPI,Mulg,1956,Furrow,BareFallow,35,Surf1,200,140,LowFreq,0,P2R,15AprV1R4,T2,3863.7,3216.493,2336.527,2597.074,40.983,13.406,5.30450400482762,0.111655291878015,5.24981538461539,0.853095,30.9,999
2021,13/11/2021,317,2020,15-Apr,11,sugar,alive,4,396,2016,13/10/2020,105,0,0,318,2021,21,2039,7120.93,6332.15,5452.43,167.781,2992.15,,17612.278,7044.912,75.628,19.035,60.747,60.747,1.136,8608.923,8610.058,128883.706,0.648,20,2800,1089.1,360.519,2096.719,445.307,1163.509,249.734,1413.243,8.292,8605.005,1.611,8606.615,128729.863,200,245.006,314.711,33.411,0.578,11.495,6.509,7294.871,412.726,0.919,3588.1,13.2,1435.3,0,0,19.439,29.644,17.39,132.4,Burdekin,AyrDPI,Mulg,1956,Furrow,BareFallow,35,Surf1,200,140,LowFreq,0,P2R,15AprV1R4,T2,3889.1,3245.307,2457.238,2706.972,45.484,12.073,5.16995772664959,0.118720559733889,5.16249230769231,0.838905,29.922,999
1959,15/04/1959,105,0,15-Apr,0,none,out,-1,0,-1,0.000,105,0,0,318,-1,21,2039,0,0,0,0,0,,0,0,0,0,0,0,0,0,0,0,0.89,0,0,680.2,0,344.03,336.17,0,225.065,225.065,15.793,9502.966,35.893,9538.86,141745.778,0,0,37.801,4.124,0,0.996,0.671,1070.555,350,0.011,16,0.1,6.4,0,0,21.816,30.221,18.76,162.8,Burdekin,AyrDPI,Mulg,1959,Furrow,BareFallow,35,Surf1,200,140,LowFreq,0,P2R,15AprV1R4,T2,680.2,336.17,344.03,569.095,5.12,0.996,0,0,0,,0,999
1960,14/07/1960,196,1959,15-Apr,1,sugar,alive,0,456,1959,15/4/1959,105,0,0,318,1960,21,2039,8147.65,7317.44,6326.95,196.125,3440.39,,0,0,0,18.676,140.656,140.656,35.893,9502.966,9538.86,141745.778,0.884,21,2940,1153.2,213.203,2259.623,573.673,1326.753,362.627,1689.379,37.149,9419.96,0.664,9420.624,141422.65,200,285.912,317.475,41.696,0.273,26.378,8.546,3353.993,350,0.976,5338.7,19.6,2135.5,0,0,17.069,28.071,18.912,210.1,Burdekin,AyrDPI,Mulg,1959,Furrow,BareFallow,35,Surf1,200,140,LowFreq,0,P2R,15AprV1R4,T2,4093.2,3513.673,2472.826,2835.453,68.347,26.651,5.58176586153578,0.116092954866848,5.7853982300885,0.980625,34.404,999
1961,14/08/1961,226,1960,15-Apr,1,sugar,alive,1,396,1959,14/7/1960,105,0,0,318,1961,21,2039,6431.51,5732.25,4986.52,153.139,3018.15,,20013.898,8005.561,90.758,21.342,71.65,71.65,0.664,9419.96,9420.624,141422.65,0.868,20,2800,498.3,258.381,1547.277,301.004,1204.596,277.067,1481.663,3.038,9439.211,1.049,9440.26,142562.792,200,227.717,290.334,22.011,0.001,8.285,4.527,5506.809,350,0.939,3992.7,14.8,1597.1,0,0,16.793,28.667,20.656,63.2,Burdekin,AyrDPI,Mulg,1959,Furrow,BareFallow,35,Surf1,200,140,LowFreq,0,P2R,15AprV1R4,T2,3298.3,3101.004,1805.658,2082.725,30.297,8.286,4.93836834779962,0.103356161286338,4.71196923076923,0.765695,30.182,999
1962,14/09/1962,257,1961,15-Apr,1,sugar,alive,2,396,1959,14/8/1961,105,0,0,318,1962,21,2039,6958.56,6211.67,5330.83,163.577,3021.55,,15676.302,6270.52,62.163,19.82,82.629,82.629,1.049,9439.211,9440.26,142562.792,0.866,18,2520,937.4,262.645,1678.597,518.224,1271.633,263.913,1535.545,4.993,9427.282,0.965,9428.247,143589.073,200,253,313.027,27.292,0.001,12.072,5.534,5699.433,350,0.955,4417.8,16.2,1767.1,0,0,17.109,29.133,20.274,102.1,Burdekin,AyrDPI,Mulg,1959,Furrow,BareFallow,35,Surf1,200,140,LowFreq,0,P2R,15AprV1R4,T2,3457.4,3038.224,1941.242,2205.155,39.365,12.073,5.38396773904755,0.106526998557515,5.5076430976431,0.817885,30.216,999
1963,14/10/1963,287,1962,15-Apr,1,sugar,alive,3,395,1959,14/9/1962,105,0,0,318,1963,21,2039,6983.26,6301.05,5371.07,165.852,3042.24,,17590.802,7036.322,74.776,19.662,63.242,63.242,0.965,9427.282,9428.247,143589.073,0.858,19,2660,1159.2,331.507,1958.801,644.573,1264.324,258.355,1522.679,8.063,9411.088,1.27,9412.358,144464.719,200,254.695,323.597,35.277,0.001,11.766,6.945,6180.355,350,0.941,4044.9,14.8,1618,0,0,17.278,29.174,19.607,91.9,Burdekin,AyrDPI,Mulg,1959,Furrow,BareFallow,35,Surf1,200,140,LowFreq,0,P2R,15AprV1R4,T2,3819.2,3304.573,2290.308,2548.663,47.044,11.767,5.0188632540422,0.108921184307395,5.33286173633441,0.82926,30.422,999
1964,13/11/1964,318,1963,15-Apr,1,sugar,alive,4,396,1959,14/10/1963,105,0,0,318,1964,21,2039,6871.9,6097.3,5196.02,158.913,2986.47,,17141.814,6856.725,73.368,20.215,69.455,69.455,1.27,9411.088,9412.358,144464.719,0.85,20,2800,609.9,162.463,1686.648,461.73,1302.308,259.594,1561.902,5.082,9380.423,1.878,9382.301,145175.995,200,272.68,343.541,33.726,0.001,12.428,6.686,6557.54,350,0.929,3769.7,13.8,1507.9,0,0,18.207,29.941,19.626,92.7,Burdekin,AyrDPI,Mulg,1959,Furrow,BareFallow,35,Surf1,200,140,LowFreq,0,P2R,15AprV1R4,T2,3409.9,3261.73,1849.111,2108.705,46.155,12.429,4.87204642934884,0.101743259180153,4.88963076923077,0.794565,29.865,999
1965,15/04/1965,105,0,15-Apr,1,none,out,-1,0,1959,0.000,105,0,0,318,-1,21,2039,0,0,0,0,0,,17449.32,6979.729,77.694,0,68.342,68.342,1.878,9380.423,9382.301,145175.995,0.841,0,0,672.7,96.77,304.837,355.759,0,172.215,172.215,0.536,9458.335,24.473,9482.808,147572.287,0,0,44.567,3.747,0.001,1.062,0.45,3726.978,350,0.624,1398.6,6.2,559.4,0,0,20.666,31.784,21.473,107.4,Burdekin,AyrDPI,Mulg,1959,Furrow,BareFallow,35,Surf1,200,140,LowFreq,0,P2R,15AprV1R4,T2,672.7,355.759,401.607,573.822,4.81,1.063,0,0,0,,0,999
1966,15/07/1966,196,1965,15-Apr,2,sugar,alive,0,456,1965,15/4/1965,105,0,0,318,1966,21,2039,8606.09,7728.06,6727.09,208.478,3617.53,,0,0,0,18.443,167.221,167.221,24.473,9458.335,9482.808,147572.287,0.838,23,3220,465.4,208.982,1764.777,322.921,1456.477,344.771,1801.247,11.991,9324.009,1.762,9325.771,145913.01,200,337.484,389.692,51.705,0.002,16.3,10.228,5866.991,350,0.964,4748.3,17.4,1899.3,0,0,17.033,28.275,19.056,102.9,Burdekin,AyrDPI,Mulg,1959,Furrow,BareFallow,35,Surf1,200,140,LowFreq,0,P2R,15AprV1R4,T2,3685.4,3542.921,1973.759,2318.53,68.007,16.302,5.88435361669086,0.115740928367958,5.68059945504087,1.04239,36.175,999
1967,15/08/1967,227,1966,15-Apr,2,sugar,alive,1,396,1965,15/7/1966,105,0,0,318,1967,21,2039,6875.76,6153.41,5307.57,163.794,3120.08,,20007.623,8003.049,88.89,20.53,77.615,77.615,1.762,9324.009,9325.771,145913.01,0.825,19,2660,834,257.89,1742.469,418.11,1198.698,289.896,1488.594,6.071,9314.455,1.122,9315.576,146699.416,200,253.25,315.349,27.933,0.001,10.358,5.651,6083.711,350,0.92,3603.4,13.2,1441.4,0,0,17.814,28.509,19.254,154.9,Burdekin,AyrDPI,Mulg,1959,Furrow,BareFallow,35,Surf1,200,140,LowFreq,0,P2R,15AprV1R4,T2,3494,3078.11,2000.359,2290.255,38.292,10.359,5.32125232691489,0.110032688563839,5.26668810289389,0.81897,31.201,999
1968,14/09/1968,258,1967,15-Apr,2,sugar,alive,2,396,1965,15/8/1967,105,0,0,318,1968,21,2039,7225.65,6453.7,5613.08,172.521,3151.48,,16392.523,6557.009,67.332,19.569,82.662,82.662,1.122,9314.455,9315.576,146699.416,0.821,19,2660,1458.4,387.784,2284.109,519.638,1196.881,267.51,1464.391,12.708,9304.758,1.064,9305.822,147735.97,200,259.476,315.59,25.662,0.002,10.272,5.196,6047.748,350,0.957,4509.6,16.5,1803.8,0,0,17.894,28.57,20.086,187.9,Burdekin,AyrDPI,Mulg,1959,Furrow,BareFallow,35,Surf1,200,140,LowFreq,0,P2R,15AprV1R4,T2,4118.4,3179.638,2671.893,2939.403,35.936,10.274,5.42580633392858,0.117810748632025,5.54729903536977,0.862605,31.515,999
1969,14/10/1969,287,1968,15-Apr,2,sugar,alive,3,395,1965,14/9/1968,105,0,0,318,1969,21,2039,7046.22,6293.66,5412.74,166.28,3114.19,,17540.001,7016.001,74.84,20.136,64.778,64.778,1.064,9304.758,9305.822,147735.97,0.814,23,3220,202.9,140.295,1703.192,161.713,1302.237,275.239,1577.476,5.012,9284.828,1.339,9286.166,148506.625,200,266.678,330.278,30.098,0.001,11.224,6.003,6458.758,350,0.951,4315.2,15.8,1726.1,0,0,17.557,29.56,20.698,46.5,Burdekin,AyrDPI,Mulg,1959,Furrow,BareFallow,35,Surf1,200,140,LowFreq,0,P2R,15AprV1R4,T2,3422.9,3381.713,1843.487,2118.726,41.323,11.225,4.91703465078201,0.105408893701077,4.5307901907357,0.8314,31.142,999
1970,14/11/1970,318,1969,15-Apr,2,sugar,alive,4,396,1965,14/10/1969,105,0,0,318,1970,21,2039,7642.37,6847.51,5835.83,180.084,3485.83,,17552.461,7020.985,75.375,20.909,66.715,66.715,1.339,9284.828,9286.166,148506.625,0.807,21,2940,761.7,234.886,1794.221,457.793,1382.963,273.245,1656.209,7.155,9263.801,2.032,9265.832,149279.404,200,266.879,331.435,35.062,0.002,9.573,6.855,6628.601,350,0.934,3892.9,14.3,1557.2,0,0,18.289,29.657,20.574,133.6,Burdekin,AyrDPI,Mulg,1959,Furrow,BareFallow,35,Surf1,200,140,LowFreq,0,P2R,15AprV1R4,T2,3701.7,3397.793,2029.107,2302.352,44.637,9.575,5.30002857737361,0.108732653910225,5.31221238938053,0.90042,34.858,999
1971,15/04/1971,105,0,15-Apr,2,none,out,-1,0,1965,0.000,105,0,0,318,-1,21,2039,0,0,0,0,0,,18664.537,7465.813,78.904,0,83.1,83.1,2.032,9263.801,9265.832,149279.404,0.799,0,0,891.5,175.265,374.473,447.336,0,264.892,264.892,0.958,9355.643,16.135,9371.778,152464.488,0,0,33.302,1.029,0.004,0.401,0.117,3614.405,350,0.48,934,3.9,373.6,0,0,21.951,31.08,20.37,220,Burdekin,AyrDPI,Mulg,1959,Furrow,BareFallow,35,Surf1,200,140,LowFreq,0,P2R,15AprV1R4,T2,891.5,447.336,549.738,814.63,1.434,0.405,0,0,0,,0,999
1972,14/07/1972,196,1971,15-Apr,3,sugar,alive,0,456,1971,15/4/1971,105,0,0,318,1972,21,2039,7916.71,7131.93,6144.2,190.073,3278.26,,0,0,0,18.314,159.97,159.97,16.135,9355.643,9371.778,152464.488,0.8,20,2800,1556.2,372.303,2306.218,648.946,1374.592,370.846,1745.438,19.366,9227.633,1.775,9229.408,150025.285,200,324.835,371.879,40.271,0.005,20.974,8.138,6244.256,350,0.966,4828.6,17.7,1931.4,0,0,16.519,28.374,18.892,206.2,Burdekin,AyrDPI,Mulg,1959,Furrow,BareFallow,35,Surf1,200,140,LowFreq,0,P2R,15AprV1R4,T2,4356.2,3448.946,2678.521,3049.367,61.25,20.979,5.5110459833236,0.108897021836353,5.8484,0.950365,32.783,999
1973,14/08/1973,226,1972,15-Apr,3,sugar,alive,1,396,1971,14/7/1972,105,0,0,318,1973,21,2039,6773.01,6011.63,5193.08,159.214,2722.98,,19170.637,7668.255,89.471,18.136,92.211,92.211,1.775,9227.633,9229.408,150025.285,0.785,19,2660,1040.8,330.408,1889.681,548.429,1183.864,286.258,1470.122,6.039,9221.409,1.608,9223.017,150412.489,200,251.508,312.868,27.229,0.004,8.968,5.493,6427.2,350,0.915,3520.5,13,1408.2,0,0,17.642,28.812,19.734,108.5,Burdekin,AyrDPI,Mulg,1959,Furrow,BareFallow,35,Surf1,200,140,LowFreq,0,P2R,15AprV1R4,T2,3700.8,3208.429,2220.089,2506.347,36.201,8.972,4.9623663169732,0.108299855386152,5.11942122186495,0.79607,27.23,999
1974,14/09/1974,257,1973,15-Apr,3,sugar,alive,2,396,1971,14/8/1973,105,0,0,318,1974,21,2039,6324.75,5698.67,4818.06,148.557,2578.83,,16421.881,6568.752,65.884,18.452,102.799,102.799,1.608,9221.409,9223.017,150412.489,0.784,15,2100,2022,705.379,2123.163,707.947,1045.038,283.857,1328.895,11.533,9219.558,1.204,9220.763,151192.385,200,231.432,299.266,37.042,0.006,14.511,7.257,5947.314,350,0.91,3442.7,12.6,1377.1,0,0,17.679,28.244,18.189,152.9,Burdekin,AyrDPI,Mulg,1959,Furrow,BareFallow,35,Surf1,200,140,LowFreq,0,P2R,15AprV1R4,T2,4122,2807.947,2828.542,3112.399,51.559,14.517,5.29059131101833,0.111789870531532,5.82576470588235,0.742785,25.788,999
1975,14/10/1975,287,1974,15-Apr,3,sugar,alive,3,395,1971,14/9/1974,105,0,0,318,1975,21,2039,7615.29,6836.14,5853.32,180.616,3347.32,,15733.215,6293.286,66.762,19.895,67.363,67.363,1.204,9219.558,9220.763,151192.385,0.779,20,2800,780.5,195.586,1786.136,527.087,1285.833,288.147,1573.979,7.796,9200.05,1.239,9201.289,151606.582,200,263.658,322.373,28.062,0.002,13.439,5.757,6589.728,350,0.946,4173.5,15.3,1669.4,0,0,18.147,28.754,19.953,65,Burdekin,AyrDPI,Mulg,1959,Furrow,BareFallow,35,Surf1,200,140,LowFreq,0,P2R,15AprV1R4,T2,3580.5,3327.087,1981.722,2269.869,41.503,13.441,5.42865275239271,0.114751213326226,5.55741538461539,0.90308,33.473,999
1976,13/11/1976,318,1975,15-Apr,3,sugar,alive,4,396,1971,14/10/1975,105,0,0,318,1976,21,2039,7053.17,6333.86,5507.62,170.954,3446.81,,18524.217,7409.687,76.604,21.9,92.162,92.162,1.239,9200.05,9201.289,151606.582,0.772,18,2520,1934.3,727.159,2216.801,722.315,1211.104,296.086,1507.19,7.821,9200.272,2.014,9202.286,152000.43,200,226.666,311.086,42.627,0.081,17.746,8.104,6891.289,350,0.882,3048.8,11.2,1219.5,0,0,17.87,28.574,19.684,179.8,Burdekin,AyrDPI,Mulg,1959,Furrow,BareFallow,35,Surf1,200,140,LowFreq,0,P2R,15AprV1R4,T2,4454.3,3242.315,2943.96,3240.046,60.454,17.827,5.27259072607073,0.113425646401582,5.75602693602694,0.85477,34.468,999
1977,15/04/1977,105,0,15-Apr,3,none,out,-1,0,1971,0.000,105,0,0,318,-1,21,2039,0,0,0,0,0,,15728.731,6291.492,63.717,0,95.311,95.311,2.014,9200.272,9202.286,152000.43,0.767,0,0,1139.4,201.938,638.113,420.666,0,230.71,230.71,1.563,9278.665,19.901,9298.566,154274.815,0,0,38.787,2.444,0.016,0.833,0.233,4082.896,350,0.438,822.7,3.3,329.1,0,0,22.735,31.161,20.49,170.6,Burdekin,AyrDPI,Mulg,1959,Furrow,BareFallow,35,Surf1,200,140,LowFreq,0,P2R,15AprV1R4,T2,1139.4,420.666,840.051,1070.761,3.293,0.849,0,0,0,,0,999
1978,15/07/1978,196,1977,15-Apr,4,sugar,alive,0,456,1977,15/4/1977,105,0,0,318,1978,21,2039,8969.34,8064.95,7039.18,218.438,3817.32,,0,0,0,18.595,163.95,163.95,19.901,9278.665,9298.566,154274.815,0.766,20,2800,1025.3,174.188,1937.133,558.587,1414.368,362.867,1777.234,15.604,9151.948,1.767,9153.715,151302.994,200,333.25,375.998,36.967,0.01,19.914,7.526,6893.7,350,0.975,5246.6,19.2,2098.6,0,0,17.081,27.79,19.578,150.6,Burdekin,AyrDPI,Mulg,1959,Furrow,BareFallow,35,Surf1,200,140,LowFreq,0,P2R,15AprV1R4,T2,3825.3,3358.587,2111.321,2474.188,56.891,19.924,6.50386606034026,0.122908969781132,6.72116923076923,1.09219,38.173,999
1979,15/08/1979,227,1978,15-Apr,4,sugar,alive,1,396,1977,15/7/1978,105,0,0,318,1979,21,2039,6067.57,5435.7,4690.34,144.496,2591.47,,20865.98,8346.394,89.66,19.159,100.696,100.696,1.767,9151.948,9153.715,151302.994,0.753,18,2520,1586.7,454.341,2327.442,639.487,1017.423,299.813,1317.236,9.972,9159.469,1.541,9161.01,151095.144,200,231.215,299.669,31.438,0.011,11.228,6.302,7185.469,350,0.887,3111.6,11.4,1244.6,0,0,17.732,28.057,18.794,350.7,Burdekin,AyrDPI,Mulg,1959,Furrow,BareFallow,35,Surf1,200,140,LowFreq,0,P2R,15AprV1R4,T2,4106.7,3159.487,2781.783,3081.596,42.677,11.239,4.57340068181955,0.109696364205048,4.86518518518519,0.72248,25.915,999
1980,14/09/1980,258,1979,15-Apr,4,sugar,alive,2,396,1977,15/8/1979,105,0,0,318,1980,21,2039,7479.98,6694.23,5805.18,178.896,3355.8,,14351.372,5740.55,56.637,20.173,108.377,108.377,1.541,9159.469,9161.01,151095.144,0.753,20,2800,778.5,223.696,1873.482,444.614,1233.347,287.116,1520.463,6.823,9141.646,1.145,9142.79,150473.394,200,260.963,316.479,25.13,0.009,13.977,5.134,7366.551,350,0.954,4410.4,16.2,1764.1,0,0,18.321,28.783,20.553,86.4,Burdekin,AyrDPI,Mulg,1959,Furrow,BareFallow,35,Surf1,200,140,LowFreq,0,P2R,15AprV1R4,T2,3578.5,3244.614,2097.178,2384.294,39.116,13.986,5.51362966442233,0.117658897322723,5.50449230769231,0.89448,33.558,999
1981,14/10/1981,287,1980,15-Apr,4,sugar,alive,3,395,1977,14/9/1980,105,0,0,318,1981,21,2039,6832.55,6093.47,5295.52,162.737,3062.48,,17984.642,7193.858,74.507,20.247,69.236,69.236,1.145,9141.646,9142.79,150473.394,0.748,18,2520,1125.6,381.757,1869.848,558.472,1145.409,252.842,1398.251,5.746,9142.859,1.31,9144.169,150006.134,200,248.71,308.01,25.727,0.01,11.416,5.188,7662.416,350,0.949,4240.2,15.6,1696.1,0,0,17.855,28.507,19.328,104.8,Burdekin,AyrDPI,Mulg,1959,Furrow,BareFallow,35,Surf1,200,140,LowFreq,0,P2R,15AprV1R4,T2,3645.6,3078.472,2251.605,2504.447,37.153,11.426,5.28629138091885,0.11638611379502,5.47936026936027,0.813685,30.625,999
1982,14/11/1982,318,1981,15-Apr,4,sugar,alive,4,396,1977,14/10/1981,105,0,0,318,1982,21,2039,7406.97,6692.21,5733.6,178.136,3439.19,,16668.954,6667.582,70.58,20.847,64.98,64.98,1.31,9142.859,9144.169,150006.134,0.744,22,3080,594.4,211.932,1816.238,430.851,1333.245,305.266,1638.511,9.355,9119.365,1.589,9120.953,148688.406,200,248.651,333.976,50.436,0.015,10.455,9.67,8305.662,350,0.927,3738.9,13.7,1495.6,0,0,17.665,29.241,20.364,47.4,Burdekin,AyrDPI,Mulg,1959,Furrow,BareFallow,35,Surf1,200,140,LowFreq,0,P2R,15AprV1R4,T2,3674.4,3510.851,2028.17,2333.436,60.906,10.47,5.0738695547034,0.108718220384239,5.04634560906516,0.89068,34.392,999
1983,18/04/1983,108,0,15-Apr,4,none,out,-1,0,1977,0.000,108,3,0,321,-1,19,2039,0,0,0,0,0,,17401.719,6960.687,73.822,0,72.699,72.699,1.589,9119.365,9120.953,148688.406,0.738,0,0,364.4,30.374,81.817,277.756,0,157.821,157.821,0.099,9209.489,9.089,9218.578,150473.093,0,0,23.693,0.897,0.006,0.115,0.106,4417.777,350,0.687,1658.9,7,663.6,0,0,22.105,31.473,22.354,73,Burdekin,AyrDPI,Mulg,1959,Furrow,BareFallow,35,Surf1,200,140,LowFreq,0,P2R,15AprV1R4,T2,364.4,277.756,112.191,270.012,1.018,0.121,0,0,0,,0,999
1984,17/07/1984,199,1983,15-Apr,5,sugar,alive,0,456,1983,18/4/1983,108,3,0,321,1984,18,2039,8219.66,7358.58,6367.65,196.627,3695.09,,0,0,0,20.215,167.089,167.089,9.089,9209.489,9218.578,150473.093,0.739,22,3080,771.9,262.741,1944.471,520.363,1368.927,360.333,1729.259,12.26,9058.787,2.532,9061.319,146057.202,200,353.027,405.12,35.789,0.031,15.694,7.199,8556.324,350,0.968,4908.4,18,1963.4,0,0,17.649,28.237,18.184,95.4,Burdekin,AyrDPI,Mulg,1959,Furrow,BareFallow,35,Surf1,200,140,LowFreq,0,P2R,15AprV1R4,T2,3851.9,3600.363,2207.212,2567.545,51.514,15.725,5.46131042897619,0.113705928377415,5.57016997167139,0.983135,36.951,999
1985,17/08/1985,229,1984,15-Apr,5,sugar,alive,1,396,1983,17/7/1984,108,3,0,321,1985,18,2039,6902.75,6166.04,5330.26,164.015,2953.04,,19914.188,7965.675,90.718,19.246,82.518,82.518,2.532,9058.787,9061.319,146057.202,0.73,18,2520,859.7,189.056,1714.736,574.98,1193.177,297.246,1490.424,6.918,9029.722,1.331,9031.053,145842.002,200,271.112,334.449,33.128,0.032,7.774,6.665,6967.677,350,0.941,4032.5,14.8,1613,0,0,17.354,28.395,19.214,111.4,Burdekin,AyrDPI,Mulg,1959,Furrow,BareFallow,35,Surf1,200,140,LowFreq,0,P2R,15AprV1R4,T2,3379.7,3094.98,1903.792,2201.038,40.934,7.806,5.29938804127975,0.110045866142789,5.52239057239057,0.820075,29.53,999
1986,17/09/1986,260,1985,15-Apr,5,sugar,alive,2,396,1983,17/8/1985,108,3,0,321,1986,18,2039,7027.78,6288.9,5390.1,165.888,3071.01,,16793.864,6717.546,72.077,19.87,68.002,68.002,1.331,9029.722,9031.053,145842.002,0.729,20,2800,745.7,180.384,1826.334,454.783,1243.747,275.96,1519.706,7.047,9007.474,1.487,9008.961,145770.649,200,258.01,330.748,37.804,0.024,12.156,7.421,7118.747,350,0.928,3757.9,13.8,1503.2,0,0,18.107,29.036,18.861,117.8,Burdekin,AyrDPI,Mulg,1959,Furrow,BareFallow,35,Surf1,200,140,LowFreq,0,P2R,15AprV1R4,T2,3545.7,3254.783,2006.718,2282.678,49.984,12.18,5.09674531297478,0.109157955551929,5.10424615384615,0.82944,30.71,999
1987,17/10/1987,290,1986,15-Apr,5,sugar,alive,3,395,1983,17/9/1986,108,3,0,321,1987,18,2039,6906.55,6163.8,5326.91,163.74,3022.3,,17114.467,6845.787,70.672,19.803,87.277,87.277,1.487,9007.474,9008.961,145770.649,0.724,22,3080,411.3,206.107,1696.186,298.568,1277.914,334.227,1612.141,8.426,8990.745,1.313,8992.058,145905.7,200,256.013,321.856,39.003,0.027,8.591,7.741,6947.159,350,0.947,4190.1,15.4,1676.1,0,0,18.472,29.811,19.953,44,Burdekin,AyrDPI,Mulg,1959,Furrow,BareFallow,35,Surf1,200,140,LowFreq,0,P2R,15AprV1R4,T2,3491.3,3378.568,1902.293,2236.52,47.621,8.618,4.84643197946586,0.101566798437606,4.6385269121813,0.8187,30.223,999
1988,16/11/1988,321,1987,15-Apr,5,sugar,alive,4,396,1983,17/10/1987,108,3,0,321,1988,18,2039,7204.74,6425.78,5543.48,171.108,3174.29,,16988.544,6795.418,72.589,19.918,64.144,64.144,1.313,8990.745,8992.058,145905.7,0.719,21,2940,981.3,239.532,2083.407,403.058,1269.243,314.119,1583.362,11.556,8976.522,1.906,8978.429,145927.812,200,250.404,322.592,38.178,0.035,11.988,7.499,6998.958,350,0.926,3723.4,13.7,1489.4,0,0,18.75,29.606,19.987,254,Burdekin,AyrDPI,Mulg,1959,Furrow,BareFallow,35,Surf1,200,140,LowFreq,0,P2R,15AprV1R4,T2,3921.3,3343.058,2322.939,2637.058,50.201,12.023,5.11830784868226,0.108066253958349,5.04743362831859,0.85554,31.743,999
1989,15/04/1989,105,0,15-Apr,5,none,out,-1,0,1983,0.000,105,0,0,321,-1,18,2039,0,0,0,0,0,,17285.627,6914.252,73.05,0,79.142,79.142,1.906,8976.522,8978.429,145927.812,0.715,0,0,1075.1,183.5,484.417,539.284,0,252.496,252.496,1.024,9073.713,5.159,9078.873,148708.195,0,0,22.706,1.323,0.059,0.482,0.109,3571.741,350,0.536,1097.6,4.6,439,0,0,21.811,31.067,20.611,134.8,Burdekin,AyrDPI,Mulg,1959,Furrow,BareFallow,35,Surf1,200,140,LowFreq,0,P2R,15AprV1R4,T2,1075.1,539.284,667.917,920.413,1.864,0.541,0,0,0,,0,999
1990,15/07/1990,196,1989,15-Apr,6,sugar,alive,0,456,1989,15/4/1989,105,0,0,318,1990,21,2039,7813.74,6996.93,6076.5,187.913,3528.81,,0,0,0,20.198,233.83,233.83,5.159,9073.713,9078.873,148708.195,0.717,19,2660,1562.6,569.01,2071.424,693.265,1300.829,421.942,1722.772,16.504,8947.231,1.987,8949.218,145583.5,200,313.306,372.13,37.144,0.093,21.145,7.454,6770.665,350.462,0.963,4728.6,17.3,1891.4,0,0,17.385,28.018,18.506,103,Burdekin,AyrDPI,Mulg,1959,Furrow,BareFallow,35,Surf1,200,140,LowFreq,0,P2R,15AprV1R4,T2,4222.6,3353.265,2640.434,3062.376,58.382,21.238,5.6038815900324,0.109075954334062,6.04221864951769,0.939565,35.288,999
1991,15/08/1991,227,1990,15-Apr,6,sugar,alive,1,396,1989,15/7/1990,105,0,0,318,1991,21,2039,6636.35,5971.4,5145.67,158.874,2664.12,,18785.85,7514.342,86.399,17.726,93.224,93.224,1.987,8947.231,8949.218,145583.5,0.706,19,2660,1680.4,542.19,2382.129,377.401,1167.731,261.181,1428.912,7.136,8949.813,1.221,8951.034,145741.84,200,244.189,299.638,20.782,0.045,12.294,4.266,6467.345,352.128,0.919,3582.7,13.2,1433.1,0,0,16.827,28.484,19.182,204.4,Burdekin,AyrDPI,Mulg,1959,Furrow,BareFallow,35,Surf1,200,140,LowFreq,0,P2R,15AprV1R4,T2,4340.4,3037.401,2924.319,3185.5,33.121,12.339,5.23059023158286,0.111185293426047,5.10848874598071,0.79437,26.641,999
1992,14/09/1992,258,1991,15-Apr,6,sugar,alive,2,396,1989,15/8/1991,105,0,0,318,1992,21,2039,7758.05,6951.7,6106.66,188.532,3670.48,,15716.112,6286.445,63.216,21.046,80.393,80.393,1.221,8949.813,8951.034,145741.84,0.708,21,2940,643.5,241.083,1710.26,339.71,1361.556,266.737,1628.292,4.406,8941.418,1.253,8942.671,145844.677,200,261.113,315.385,22.071,0.037,10.171,4.537,6998.442,353.823,0.953,4380.3,16.1,1752.1,0,0,17.978,29.375,20.6,122.8,Burdekin,AyrDPI,Mulg,1959,Furrow,BareFallow,35,Surf1,200,140,LowFreq,0,P2R,15AprV1R4,T2,3583.5,3279.71,1951.343,2218.08,32.279,10.208,5.74843507505237,0.115785129448526,5.56141592920354,0.94266,36.705,999
1993,14/10/1993,287,1992,15-Apr,6,sugar,alive,3,395,1989,14/9/1992,105,0,0,318,1993,21,2039,7501.02,6694.34,5887.11,181.408,3684.34,,17760.08,7104.033,71.022,22.081,84.257,84.257,1.253,8941.418,8942.671,145844.677,0.704,22,3080,531.1,200.326,1845.478,354.686,1303.313,271.076,1574.388,5.129,8943.097,1.378,8944.475,146042.933,200,256.226,314.318,22.165,0.037,10.965,4.499,7433.038,355.556,0.945,4133.1,15.2,1653.2,0,0,17.951,29.038,20.484,72,Burdekin,AyrDPI,Mulg,1959,Furrow,BareFallow,35,Surf1,200,140,LowFreq,0,P2R,15AprV1R4,T2,3611.1,3434.686,2045.804,2316.88,33.167,11.002,5.28164728886425,0.115224455470951,5.13903682719547,0.90704,36.843,999
1994,14/11/1994,318,1993,15-Apr,6,sugar,alive,4,396,1989,14/10/1993,105,0,0,318,1994,21,2039,7661.17,6867.79,6081.01,188.202,3772.65,,17231.405,6892.561,68.833,21.756,75.165,75.165,1.378,8943.097,8944.475,146042.933,0.701,22,3080,365.6,121.324,1701.82,268.009,1349.592,285.512,1635.104,6.492,8937.202,1.412,8938.614,146139.459,200,255.229,315.294,27.634,0.024,14.305,5.645,7405.785,357.322,0.954,4400.5,16.1,1760.2,0,0,18.061,29.441,20.865,46.8,Burdekin,AyrDPI,Mulg,1959,Furrow,BareFallow,35,Surf1,200,140,LowFreq,0,P2R,15AprV1R4,T2,3445.6,3348.009,1823.144,2108.656,41.963,14.329,5.62131105382333,0.115100935475664,5.3315014164306,0.94101,37.727,999
1995,15/04/1995,105,0,15-Apr,6,none,out,-1,0,1989,0.000,105,0,0,318,-1,21,2039,0,0,0,0,0,,17171.763,6868.706,72.161,0,62.517,62.517,1.412,8937.202,8938.614,146139.459,0.698,0,0,352.3,28.23,73.689,275.685,0,174.482,174.482,0.084,9027.889,11.592,9039.48,149129.781,0,0,19.099,0.22,0.024,0.031,0.045,3274.796,358.015,0.769,2096.3,8.8,838.5,0,0,22.668,31.676,22.661,55.2,Burdekin,AyrDPI,Mulg,1959,Furrow,BareFallow,35,Surf1,200,140,LowFreq,0,P2R,15AprV1R4,T2,352.3,275.685,101.919,276.401,0.275,0.055,0,0,0,,0,999
1996,14/07/1996,196,1995,15-Apr,7,sugar,alive,0,456,1995,15/4/1995,105,0,0,318,1996,21,2039,9223.22,8213.16,7295.92,225.175,4367.59,,0,0,0,20.958,138.416,138.416,11.592,9027.889,9039.48,149129.781,0.698,22,3080,667.7,132.565,1880.284,398.831,1470.616,334.1,1804.716,9.324,8907.277,2.006,8909.283,145141.801,200,349.511,391.917,20.743,0.064,14.41,4.47,8792.765,360.105,0.977,5371.3,19.7,2148.5,0,0,18.934,29.127,19.288,107,Burdekin,AyrDPI,Mulg,1959,Furrow,BareFallow,35,Surf1,200,140,LowFreq,0,P2R,15AprV1R4,T2,3747.7,3478.831,2012.849,2346.949,35.217,14.474,6.47272029023543,0.124770323973412,6.37889518413598,1.125875,43.676,999
1997,14/08/1997,226,1996,15-Apr,7,sugar,alive,1,396,1995,14/7/1996,105,0,0,318,1997,21,2039,7360.54,6577.9,5824.75,179.537,3407.23,,20947.674,8379.069,85.28,20.443,68.551,68.551,2.006,8907.277,8909.283,145141.801,0.692,19,2660,936,339.774,1806.324,452.007,1135.741,287.06,1422.8,4.586,8917.271,0.996,8918.267,145266.28,200,250.236,304.04,19.558,0.064,7.827,4.036,7336.489,361.957,0.943,4102.8,15.1,1641.1,0,0,18.617,28.449,20.38,116.8,Burdekin,AyrDPI,Mulg,1959,Furrow,BareFallow,35,Surf1,200,140,LowFreq,0,P2R,15AprV1R4,T2,3596,3112.007,2146.098,2433.158,27.449,7.891,5.76917082770058,0.126185690188361,5.77289389067524,0.897685,34.072,999
1998,14/09/1998,257,1997,15-Apr,7,sugar,alive,2,396,1995,14/8/1997,105,0,0,318,1998,21,2039,7532.31,6701.04,5947.02,182.959,3492.49,,16541.542,6616.617,63.955,20.579,95.653,95.653,0.996,8917.271,8918.267,145266.28,0.694,19,2660,988.6,223.545,2002.073,489.638,1103.607,277.132,1380.74,6.068,8910.448,1.482,8911.931,144976.198,200,263.868,317.691,23.121,0.075,8.988,4.718,7863.927,363.843,0.941,4033.8,14.8,1613.5,0,0,20.231,28.713,19.364,189.6,Burdekin,AyrDPI,Mulg,1959,Furrow,BareFallow,35,Surf1,200,140,LowFreq,0,P2R,15AprV1R4,T2,3648.6,3149.638,2225.618,2502.75,32.184,9.063,5.80888978352433,0.132507930530006,5.88292604501608,0.914795,34.925,999
1999,14/10/1999,287,1998,15-Apr,7,sugar,alive,3,395,1995,14/9/1998,105,0,0,318,1999,21,2039,7140.79,6412.68,5639.44,174.603,3482.39,,16903.723,6761.488,64.551,21.632,137.896,137.896,1.482,8910.448,8911.931,144976.198,0.69,20,2800,1114.4,342.604,2213.373,611.984,1104.3,314.771,1419.072,10.885,8903.646,1.365,8905.011,144747.692,200,230.656,315.966,41.431,0.114,23.566,7.995,7588.243,365.763,0.924,3684.1,13.5,1473.6,0,0,19.63,28.738,19.443,112,Burdekin,AyrDPI,Mulg,1959,Furrow,BareFallow,35,Surf1,200,140,LowFreq,0,P2R,15AprV1R4,T2,3914.4,3411.984,2555.977,2870.748,65.111,23.68,5.11734521615576,0.123040268569882,5.3724,0.873015,34.824,999
2000,02/12/2000,337,1999,15-Apr,7,sugar,alive,4,415,1995,14/10/1999,105,0,19,318,2000,14,2039,8082.81,7254.23,6458.9,200.186,3908.51,,15892.924,6357.168,61.209,21.115,77.247,77.247,1.365,8903.646,8905.011,144747.692,0.687,18,2520,1716.8,393.931,2226.73,808.281,1218.303,310.253,1528.556,12.711,8902.02,1.731,8903.75,144525.66,200,252.037,314.116,28.956,0.099,12.374,5.804,7832.496,367.809,0.951,4305.8,15.8,1722.3,0,0,19.136,28.466,19.656,136,Burdekin,AyrDPI,Mulg,1959,Furrow,BareFallow,35,Surf1,200,140,LowFreq,0,P2R,15AprV1R4,T2,4236.8,3328.281,2620.661,2930.914,41.429,12.473,6.01469647544784,0.130964125619212,6.74026936026936,1.00093,39.085,999
2001,15/04/2001,105,0,15-Apr,7,none,out,-1,0,1995,0.000,105,0,19,337,-1,14,2058,0,0,0,0,0,,17463.132,6985.254,68.011,0,164.829,164.829,1.731,8902.02,8903.75,144525.66,0.684,0,0,295.9,87.747,45.876,220.031,0,192.567,192.567,0.052,8986.416,15.47,9001.887,147098.334,0,0,29.148,0.531,0.106,0.043,0.081,4004.422,368.485,0.632,1428.3,5.6,571.3,0,0,21.877,30.916,20.69,39.4,Burdekin,AyrDPI,Mulg,1959,Furrow,BareFallow,35,Surf1,200,140,LowFreq,0,P2R,15AprV1R4,T2,295.9,220.031,133.623,326.19,0.68,0.149,0,0,0,,0,999
2002,15/07/2002,196,2001,15-Apr,8,sugar,alive,0,456,2001,15/4/2001,105,0,0,318,2002,21,2039,8956.47,8015.91,7047.21,217.735,4320.2,,0,0,0,21.505,134.539,134.539,15.47,8986.416,9001.887,147098.334,0.684,22,3080,812.3,146.105,1880.163,346.44,1592.631,337.061,1929.692,7.849,8850.409,1.971,8852.38,142485.046,200,359.851,396.064,26.578,0.125,12.226,5.476,8958.816,370.799,0.979,5488.2,20.1,2195.3,0,0,17.741,29.868,20.336,206,Burdekin,AyrDPI,Mulg,1959,Furrow,BareFallow,35,Surf1,200,140,LowFreq,0,P2R,15AprV1R4,T2,3892.3,3426.44,2026.268,2363.329,38.929,12.351,6.35455458143146,0.112834068856584,6.16813031161473,1.088675,43.202,999
2003,15/08/2003,227,2002,15-Apr,8,sugar,alive,1,396,2001,15/7/2002,105,0,0,318,2003,21,2039,7193,6393.49,5623.87,172.924,3348.28,,20893.764,8357.506,88.492,20.916,70.879,70.879,1.971,8850.409,8852.38,142485.046,0.676,21,2940,472,233.601,1571.232,274.36,1321.743,269.059,1590.801,3.138,8850.639,1.208,8851.847,141727.322,200,253.732,317.809,23.68,0.119,8.828,4.805,8029.379,372.843,0.937,3953.7,14.5,1581.5,0,0,17.729,29.464,20.693,51,Burdekin,AyrDPI,Mulg,1959,Furrow,BareFallow,35,Surf1,200,140,LowFreq,0,P2R,15AprV1R4,T2,3412,3214.36,1804.833,2073.892,32.627,8.947,5.37973344616036,0.108702471270762,5.10100294985251,0.86462,33.483,999
2004,14/09/2004,258,2003,15-Apr,8,sugar,alive,2,396,2001,15/8/2003,105,0,0,318,2004,21,2039,7577.23,6798.71,5943.76,183.345,3619.96,,16698.3,6679.321,65.417,21.385,87.244,87.244,1.208,8850.639,8851.847,141727.322,0.678,20,2800,741,194.064,1775.616,389.245,1325.792,263.652,1589.444,5.416,8843.589,1.208,8844.797,140907.74,200,264.452,320.368,20.737,0.113,10.24,4.276,8216.532,374.917,0.954,4399.1,16.1,1759.6,0,0,18.222,29.742,20.529,173.2,Burdekin,AyrDPI,Mulg,1959,Furrow,BareFallow,35,Surf1,200,140,LowFreq,0,P2R,15AprV1R4,T2,3541,3189.245,1969.68,2233.332,31.09,10.353,5.74885278490677,0.115351657560757,5.64138461538462,0.916725,36.2,999
2005,14/10/2005,287,2004,15-Apr,8,sugar,alive,3,395,2001,14/9/2004,105,0,0,318,2005,21,2039,7569.42,6778.16,5926.36,182.676,3693.94,,17623.743,7049.498,70.775,21.972,69.121,69.121,1.208,8843.589,8844.797,140907.74,0.675,22,3080,728.7,188.865,1995.63,281.192,1346.455,267.11,1613.565,6.729,8836.18,1.364,8837.544,139891.583,200,264.084,325.89,24.504,0.1,10.579,4.953,8618.557,377.032,0.955,4431.5,16.3,1772.6,0,0,18.444,29.715,20.552,143.4,Burdekin,AyrDPI,Mulg,1959,Furrow,BareFallow,35,Surf1,200,140,LowFreq,0,P2R,15AprV1R4,T2,3808.7,3361.192,2184.495,2451.605,35.183,10.679,5.43485763383942,0.113212668841974,5.17495750708215,0.91338,36.939,999
2006,14/11/2006,318,2005,15-Apr,8,sugar,alive,4,396,2001,14/10/2005,105,0,0,318,2006,21,2039,7451.37,6691.52,5811.51,179.418,3340.12,,17732.827,7093.131,71.009,19.998,79.76,79.76,1.364,8836.18,8837.544,139891.583,0.673,20,2800,923.4,228.696,2000.716,471.998,1245.301,270.213,1515.514,7.349,8830.379,1.391,8831.771,138908.42,200,261.872,317.544,26.312,0.143,9.187,5.243,8485.785,379.182,0.958,4542.5,16.7,1817,0,0,18.902,29.43,19.985,178.4,Burdekin,AyrDPI,Mulg,1959,Furrow,BareFallow,35,Surf1,200,140,LowFreq,0,P2R,15AprV1R4,T2,3723.4,3271.998,2229.412,2499.625,35.642,9.33,5.48343855955902,0.118387556960873,5.52055384615385,0.89709,33.401,999
2007,15/04/2007,105,0,15-Apr,8,none,out,-1,0,2001,0.000,105,0,0,318,-1,21,2039,0,0,0,0,0,,17799.879,7119.952,75.991,0,58.234,58.234,1.391,8830.379,8831.771,138908.42,0.67,0,0,748.4,143.657,332.648,377.571,0,180.107,180.107,0.357,8927.764,8.09,8935.854,141529.025,0,0,18.297,0.484,0.209,0.119,0.055,3697.055,380.024,0.737,1909.3,8.2,763.7,0,0,21.774,31.068,20.952,130.2,Burdekin,AyrDPI,Mulg,1959,Furrow,BareFallow,35,Surf1,200,140,LowFreq,0,P2R,15AprV1R4,T2,748.4,377.571,476.305,656.412,0.812,0.328,0,0,0,,0,999
2008,14/07/2008,196,2007,15-Apr,9,sugar,alive,0,456,2007,15/4/2007,105,0,0,318,2008,21,2039,8809.52,7907.87,6924.94,214.512,3995.59,,0,0,0,20.01,150.221,150.221,8.09,8927.764,8935.854,141529.025,0.672,21,2940,1389.5,452.775,2197.118,659.122,1430.919,320.803,1751.722,9.962,8813.47,2.191,8815.661,136011.671,200,322.481,378.725,30.516,0.414,17.633,6.018,9968.043,382.56,0.972,5083.2,18.7,2033.3,0,0,17.421,28.372,18.704,108.2,Burdekin,AyrDPI,Mulg,1959,Furrow,BareFallow,35,Surf1,200,140,LowFreq,0,P2R,15AprV1R4,T2,4329.5,3599.122,2649.893,2970.696,48.563,18.047,5.96012027377788,0.12245778725163,6.32778761061947,1.07256,39.956,999
2009,14/08/2009,226,2008,15-Apr,9,sugar,alive,1,396,2007,14/7/2008,105,0,0,318,2009,21,2039,6608.26,5912.98,5111.44,157.187,2807.5,,20339.631,8135.853,83.188,19.069,78.106,78.106,2.191,8813.47,8815.661,136011.671,0.667,16,2240,1894.1,546.023,2180.463,566.251,1149.816,263.68,1413.496,7.217,8804.343,1.504,8805.847,134267.354,200,257.318,315.592,26.318,0.289,7.33,5.273,8803.207,384.802,0.922,3653.1,13.4,1461.3,0,0,18.009,28.88,18.524,197.2,Burdekin,AyrDPI,Mulg,1959,Furrow,BareFallow,35,Surf1,200,140,LowFreq,0,P2R,15AprV1R4,T2,4134.1,2806.251,2726.486,2990.166,33.937,7.619,5.6013164895086,0.111204417982081,5.84338289962825,0.785935,28.075,999
2010,14/09/2010,257,2009,15-Apr,9,sugar,alive,2,396,2007,14/8/2009,105,0,0,318,2010,21,2039,7663.24,6880.02,5942.49,183.291,3232.98,,15828.207,6331.283,63.264,18.795,72.222,72.222,1.504,8804.343,8805.847,134267.354,0.669,19,2660,1138.9,272.84,1969.735,504.421,1278.311,251.225,1529.536,6.565,8783.04,1.865,8784.905,132144.341,200,276.379,330.442,21.13,0.178,10.793,4.406,9395.924,387.08,0.939,3987,14.6,1594.8,0,0,18.842,29.312,18.819,135.2,Burdekin,AyrDPI,Mulg,1959,Furrow,BareFallow,35,Surf1,200,140,LowFreq,0,P2R,15AprV1R4,T2,3798.9,3164.421,2242.575,2493.8,32.101,10.971,5.79224445799089,0.119834381145655,5.89360128617363,0.916455,32.33,999
2011,14/10/2011,287,2010,15-Apr,9,sugar,alive,3,395,2007,14/9/2010,105,0,0,318,2011,21,2039,7089.34,6407.87,5579.28,173.471,3397.14,,18015.312,7206.125,72.828,21.188,99.011,99.011,1.865,8783.04,8784.905,132144.341,0.666,17,2380,1399.5,394.677,1960.149,764.988,1151.148,316.78,1467.928,11.424,8753.397,1.721,8755.119,131326.443,200,256.024,333.282,47.268,2.17,12.143,9.042,8015.491,389.395,0.926,3714,13.6,1485.6,0,0,17.983,28.537,18.315,81.4,Burdekin,AyrDPI,Mulg,1959,Furrow,BareFallow,35,Surf1,200,140,LowFreq,0,P2R,15AprV1R4,T2,3779.5,3144.988,2354.826,2671.606,61.581,14.313,5.51579211113047,0.118174052133347,6.12971731448763,0.867355,33.971,999
2012,13/11/2012,318,2011,15-Apr,9,sugar,alive,4,396,2007,14/10/2011,105,0,0,318,2012,21,2039,7653.03,6867.82,5986.55,185.104,3487.17,,15992.512,6397.004,68.629,20.272,55.756,55.756,1.721,8753.397,8755.119,131326.443,0.664,18,2520,1162.2,288.394,1851.216,592.478,1252.114,282.467,1534.581,10.806,8727.019,1.52,8728.539,130841.144,200,275.975,332.678,28.127,0.732,10.555,5.695,7605.838,391.74,0.961,4651.2,17.1,1860.5,0,0,18.232,28.806,19.444,197.4,Burdekin,AyrDPI,Mulg,1959,Furrow,BareFallow,35,Surf1,200,140,LowFreq,0,P2R,15AprV1R4,T2,3682.2,3112.478,2139.61,2422.077,39.414,11.287,5.94715850200387,0.120621850524671,6.23245791245791,0.92552,34.872,999
2013,16/04/2013,106,0,15-Apr,9,none,out,-1,0,2007,0.000,106,1,0,319,-1,21,2039,0,0,0,0,0,,18118.61,7247.445,81.729,0,63.766,63.766,1.52,8727.019,8728.539,130841.144,0.662,0,0,494.4,12.877,179.787,311.668,0,194.487,194.487,0.215,8827.211,7.324,8834.536,133226.806,0,0,22.226,0.512,0.092,0.109,0.08,4136.77,392.673,0.639,1456,6.6,582.4,0,0,21.925,31.34,21.733,178.6,Burdekin,AyrDPI,Mulg,1959,Furrow,BareFallow,35,Surf1,200,140,LowFreq,0,P2R,15AprV1R4,T2,494.4,311.668,192.664,387.151,0.713,0.201,0,0,0,,0,999
2014,16/07/2014,197,2013,15-Apr,10,sugar,alive,0,456,2013,16/4/2013,106,1,0,319,2014,20,2039,9020.75,8096.73,7070.71,218.968,4113.59,,0,0,0,20.207,171.016,171.016,7.324,8827.211,8834.536,133226.806,0.664,22,3080,710,288.12,1786.298,406.929,1465.826,334.123,1799.949,10.317,8669.29,1.934,8671.224,129502.918,200,368.33,415.036,25.447,4.45,14.79,5.25,8035.321,395.449,0.974,5205.5,19.1,2082.2,0,0,17.953,28.93,18.93,86.2,Burdekin,AyrDPI,Mulg,1959,Furrow,BareFallow,35,Surf1,200,140,LowFreq,0,P2R,15AprV1R4,T2,3790,3486.929,2074.418,2408.541,44.687,19.24,6.27968048675496,0.121652335705067,6.20305949008499,1.09484,41.136,999
2015,16/08/2015,228,2014,15-Apr,10,sugar,alive,1,396,2013,16/7/2014,106,1,0,319,2015,20,2039,7092.38,6305.6,5554.98,170.755,3244.19,,21000.007,8400.003,90.706,20.469,86.649,86.649,1.934,8669.29,8671.224,129502.918,0.657,21,2940,416.4,163.831,1601.442,283.249,1309.234,287.491,1596.725,3.708,8661.667,1.212,8662.879,129517.966,200,262.668,327.532,24.491,0.436,7.932,5.007,7338.704,397.895,0.931,3810.6,14,1524.2,0,0,17.879,29.754,20.506,83.4,Burdekin,AyrDPI,Mulg,1959,Furrow,BareFallow,35,Surf1,200,140,LowFreq,0,P2R,15AprV1R4,T2,3356.4,3223.249,1765.273,2052.764,32.859,8.368,5.29760499421546,0.10694076938734,5.03702064896755,0.853775,32.442,999
2016,15/09/2016,259,2015,15-Apr,10,sugar,alive,2,396,2013,16/8/2015,106,1,0,319,2016,20,2039,7340.54,6519.62,5718.38,175.227,3268.91,,16306.895,6522.758,63.787,20.046,81.051,81.051,1.212,8661.667,8662.879,129517.966,0.659,20,2800,538,138.27,1670.068,408.564,1273.753,266.899,1540.652,4.613,8655.45,1.149,8656.599,129569.006,200,263.949,319.269,20.321,0.058,10.301,4.213,7294.257,400.372,0.958,4523.8,16.6,1809.5,0,0,19.122,29.876,19.176,43.6,Burdekin,AyrDPI,Mulg,1959,Furrow,BareFallow,35,Surf1,200,140,LowFreq,0,P2R,15AprV1R4,T2,3338,3208.564,1808.338,2075.237,30.68,10.359,5.46122813819516,0.113735613233878,5.3916,0.876135,32.689,999
2017,15/10/2017,288,2016,15-Apr,10,sugar,alive,3,395,2013,15/9/2016,106,1,0,319,2017,20,2039,7257.77,6458.8,5608.36,171.991,3202.95,,17633.526,7053.408,71.044,20.006,70.061,70.061,1.149,8655.45,8656.599,129569.006,0.657,19,2660,860,172.366,1753.56,483.464,1314.235,279.687,1593.922,7.392,8650.868,1.354,8652.222,129479.456,200,256.925,317.202,28.04,0.065,9.611,5.684,7519.512,402.894,0.957,4509.2,16.5,1803.7,0,0,18.79,30.113,18.58,107.8,Burdekin,AyrDPI,Mulg,1959,Furrow,BareFallow,35,Surf1,200,140,LowFreq,0,P2R,15AprV1R4,T2,3520,3143.464,1925.926,2205.613,37.716,9.676,5.47138443449647,0.10790427636986,5.53025723472669,0.859955,32.029,999
2018,15/11/2018,319,2017,15-Apr,10,sugar,alive,4,396,2013,15/10/2017,106,1,0,319,2018,20,2039,7365.33,6579.66,5670.66,175.035,3329.73,,17852.801,7141.12,72.689,20.499,70.213,70.213,1.354,8650.868,8652.222,129479.456,0.655,21,2940,742.1,246.036,1849.559,399.871,1318.566,259.919,1578.486,8.589,8643.217,1.636,8644.853,129305.568,200,255.715,317.875,31.815,0.111,9.557,6.233,7526.248,405.453,0.928,3749.7,13.8,1499.9,0,0,18.273,29.723,18.479,130.4,Burdekin,AyrDPI,Mulg,1959,Furrow,BareFallow,35,Surf1,200,140,LowFreq,0,P2R,15AprV1R4,T2,3682.1,3339.871,2095.595,2355.514,41.483,9.668,5.24077127529776,0.110887901444802,5.16327433628319,0.875175,33.297,999
2019,15/04/2019,105,0,15-Apr,10,none,out,-1,0,2013,0.000,105,0,0,319,-1,20,2039,0,0,0,0,0,,17591.948,7036.779,73.078,0,78.233,78.233,1.636,8643.217,8644.853,129305.568,0.653,0,0,1111,295.626,508.552,429.791,0,211.265,211.265,0.914,8739.785,8.919,8748.703,131862.511,0,0,28.255,1.219,0.189,0.445,0.122,4030.012,406.447,0.515,1033.4,4.3,413.4,0,0,22.724,31.66,17.279,92.8,Burdekin,AyrDPI,Mulg,1959,Furrow,BareFallow,35,Surf1,200,140,LowFreq,0,P2R,15AprV1R4,T2,1111,429.791,804.178,1015.443,1.853,0.634,0,0,0,,0,999
2020,14/07/2020,196,2019,15-Apr,11,sugar,alive,0,456,2019,15/4/2019,105,0,0,318,2020,21,2039,8087.84,7229.5,6320.52,195.502,3749.64,,0,0,0,20.691,173.79,173.79,8.919,8739.785,8748.703,131862.511,0.655,21,2940,1041.6,239.497,2086.235,444.071,1396.229,359.169,1755.398,14.053,8588.049,1.906,8589.954,128305.623,200,345.475,396.343,31.653,0.894,23.788,6.48,7298.571,409.458,0.964,4761.5,17.5,1904.6,0,0,17.927,29.324,17.481,327.8,Burdekin,AyrDPI,Mulg,1959,Furrow,BareFallow,35,Surf1,200,140,LowFreq,0,P2R,15AprV1R4,T2,3981.6,3384.071,2325.732,2684.901,56.335,24.682,5.7771246525265,0.111371894009222,5.76702064896755,0.97751,37.496,999
2021,14/08/2021,226,2020,15-Apr,11,sugar,alive,1,396,2019,14/7/2020,105,0,0,318,2021,21,2039,6586.58,5831.16,5053.61,154.625,2720.84,,19069.517,7627.806,87.277,18.744,74.26,74.26,1.906,8588.049,8589.954,128305.623,0.646,18,2520,1081.2,375.297,1861.435,464.84,1113.861,252.355,1366.216,7.221,8590.443,1.124,8591.567,128489.418,200,238.152,301.478,30.434,0.448,9.53,6.055,6439.583,412.114,0.936,3934.6,14.5,1573.8,0,0,18.484,29.171,17.224,132.4,Burdekin,AyrDPI,Mulg,1959,Furrow,BareFallow,35,Surf1,200,140,LowFreq,0,P2R,15AprV1R4,T2,3601.2,2984.84,2236.732,2489.087,40.412,9.978,5.18034467509146,0.11317756489457,5.20622895622896,0.773125,27.208,999
1960,14/04/1960,105,0,15-Apr,0,none,out,-1,0,-1,0.000,105,0,0,318,-1,21,2039,0,0,0,0,0,,0,0,0,0,0,0,0,0,0,0,0.89,0,0,778.8,0,483.366,295.434,0,204.631,204.631,22.612,9504.982,33.583,9538.565,141805.407,0,0,35.978,3.757,0,1.649,0.596,1010.218,350,0.012,17.8,0.1,7.1,0,0,22.318,30.437,19.329,210.1,Burdekin,AyrDPI,Mulg,1960,Furrow,BareFallow,35,Surf1,200,140,LowFreq,0,P2R,15AprV1R4,T2,778.8,295.434,483.366,687.997,5.406,1.649,0,0,0,,0,999
1961,14/07/1961,195,1960,15-Apr,1,sugar,alive,0,456,1960,14/4/1960,105,0,0,318,1961,21,2039,8331.13,7460.94,6508.45,201.049,3735.29,,0,0,0,19.952,120.353,120.353,33.583,9504.982,9538.565,141805.407,0.884,22,3080,561.3,92.759,1801.127,382.765,1424.016,374.641,1798.657,34.78,9423.781,0.736,9424.517,141494.333,200,297.911,319.753,31.466,0.035,23.026,6.605,3540.509,350,0.985,6005.6,22,2402.2,0,0,16.784,28.349,20.095,63.2,Burdekin,AyrDPI,Mulg,1960,Furrow,BareFallow,35,Surf1,200,140,LowFreq,0,P2R,15AprV1R4,T2,3641.3,3462.765,1893.886,2268.527,54.527,23.061,5.80602495404684,0.111777287164812,5.69543909348442,1.005245,37.353,999
1962,14/08/1962,226,1961,15-Apr,1,sugar,alive,1,396,1960,14/7/1961,105,0,0,318,1962,21,2039,6162.22,5477.9,4750.98,145.563,2701.65,,20597.5,8239,93,19.929,69.11,69.11,0.736,9423.781,9424.517,141494.333,0.868,17,2380,958.4,314.661,1560.024,543.996,1167.895,292.402,1460.297,3.493,9441.563,0.856,9442.42,142567.209,200,229.052,289.64,25.097,0.001,6.099,5.137,5624.645,350,0.931,3826.1,14.1,1530.4,0,0,17.008,28.972,20.048,102.1,Burdekin,AyrDPI,Mulg,1960,Furrow,BareFallow,35,Surf1,200,140,LowFreq,0,P2R,15AprV1R4,T2,3338.4,2923.996,1874.685,2167.087,31.197,6.1,4.97822158443445,0.0996804074787526,5.14356890459364,0.727815,27.017,999
1963,14/09/1963,257,1962,15-Apr,1,sugar,alive,2,396,1960,14/8/1962,105,0,0,318,1963,21,2039,6966.75,6254.4,5322.07,163.938,2897.64,,15247.69,6099.076,59.934,18.841,72.528,72.528,0.856,9441.563,9442.42,142567.209,0.866,18,2520,1162.3,303.909,1842.683,655.277,1260.319,262.322,1522.641,6.796,9420.972,1.045,9422.017,143305.668,200,254.794,318.945,32.284,0.001,11.948,6.507,5822.194,350,0.939,3989.8,14.6,1595.9,0,0,17.169,29.038,19.278,91.9,Burdekin,AyrDPI,Mulg,1960,Furrow,BareFallow,35,Surf1,200,140,LowFreq,0,P2R,15AprV1R4,T2,3682.3,3175.277,2146.592,2408.914,44.233,11.949,5.16295113780624,0.107666876171074,5.51979797979798,0.81969,28.976,999
1964,13/10/1964,287,1963,15-Apr,1,sugar,alive,3,395,1960,14/9/1963,105,0,0,318,1964,21,2039,6657.84,5909.8,5119.82,156.666,2895.57,,17371.113,6948.446,75.497,19.833,85.595,85.595,1.045,9420.972,9422.017,143305.668,0.857,20,2800,564.7,162.184,1683.934,402.659,1269.238,267.073,1536.311,5.09,9400.64,1.635,9402.274,144183.982,200,261.857,327.597,31.428,0.001,12.42,6.247,6154.281,350,0.948,4225.9,15.5,1690.4,0,0,17.833,29.736,19.754,92.7,Burdekin,AyrDPI,Mulg,1960,Furrow,BareFallow,35,Surf1,200,140,LowFreq,0,P2R,15AprV1R4,T2,3364.7,3202.659,1846.118,2113.191,43.849,12.421,4.8917477633429,0.101975446377719,4.82049230769231,0.78333,28.956,999
1965,13/11/1965,317,1964,15-Apr,1,sugar,alive,4,396,1960,13/10/1964,105,0,0,318,1965,21,2039,7297.33,6595.38,5598.12,173.93,3231.92,,16665.19,6666.076,72.259,19.955,67.866,67.866,1.635,9400.64,9402.274,144183.982,0.849,20,2800,827.8,249.025,1793.254,434.932,1276.121,310.161,1586.282,9.578,9373.321,1.548,9374.869,145056.359,200,253.609,325.86,49.017,0.001,9.985,9.531,5954.633,350,0.922,3643.2,13.4,1457.3,0,0,17.495,29.085,20.224,107.4,Burdekin,AyrDPI,Mulg,1960,Furrow,BareFallow,35,Surf1,200,140,LowFreq,0,P2R,15AprV1R4,T2,3627.8,3234.932,2042.279,2352.44,59.003,9.986,5.37661997222817,0.109646330223756,5.35169230769231,0.86965,32.319,999
1966,15/04/1966,105,0,15-Apr,1,none,out,-1,0,1960,0.000,105,0,0,318,-1,21,2039,0,0,0,0,0,,17540.006,7016.001,78.297,0,67.105,67.105,1.548,9373.321,9374.869,145056.359,0.84,0,0,295,30.409,36.188,252.879,0,167.526,167.526,0.035,9445.336,27.563,9472.9,147660.311,0,0,38.546,0.348,0,0.021,0.091,3518.33,350,0.698,1712.6,7.6,685,0,0,21.412,31.333,20.942,102.9,Burdekin,AyrDPI,Mulg,1960,Furrow,BareFallow,35,Surf1,200,140,LowFreq,0,P2R,15AprV1R4,T2,295,252.879,66.597,234.123,0.369,0.021,0,0,0,,0,999
1967,15/07/1967,196,1966,15-Apr,2,sugar,alive,0,456,1966,15/4/1966,105,0,0,318,1967,21,2039,8605.77,7731.23,6723.27,208.152,3813.4,,0,0,0,19.634,127.983,127.983,27.563,9445.336,9472.9,147660.311,0.838,21,2940,894.1,163.371,1890.876,507.417,1444.318,346.381,1790.699,10.975,9318.113,1.625,9319.738,145878.478,200,335.829,382.591,45.295,0.002,21.406,9.152,6078.937,350,0.969,4949.9,18.2,1980,0,0,17.479,28.371,18.716,154.9,Burdekin,AyrDPI,Mulg,1960,Furrow,BareFallow,35,Surf1,200,140,LowFreq,0,P2R,15AprV1R4,T2,3834.1,3447.417,2054.247,2400.628,66.703,21.408,6.03791186270764,0.11624064122446,6.14017699115044,1.04076,38.134,999
1968,14/08/1968,227,1967,15-Apr,2,sugar,alive,1,396,1966,15/7/1967,105,0,0,318,1968,21,2039,6972.33,6234.81,5423.84,167.116,3144,,20208.633,8083.454,92.208,20.24,117.137,117.137,1.625,9318.113,9319.738,145878.478,0.824,18,2520,1458,431.361,2122.257,531.118,1173.265,270.559,1443.824,7.679,9315.346,1.329,9316.675,146826.551,200,251.453,311.02,24.542,0.003,10.961,4.978,6132.04,350,0.924,3690.2,13.6,1476.1,0,0,17.986,28.436,19.767,187.9,Burdekin,AyrDPI,Mulg,1960,Furrow,BareFallow,35,Surf1,200,140,LowFreq,0,P2R,15AprV1R4,T2,3978,3051.118,2553.618,2824.177,35.506,10.964,5.47720540470739,0.115745409412782,5.62680134680135,0.83558,31.44,999
1969,14/09/1969,257,1968,15-Apr,2,sugar,alive,2,396,1966,14/8/1968,105,0,0,318,1969,21,2039,6660.94,5914.15,5080.81,155.598,2884.17,,16298.872,6519.549,65.751,19.899,97.696,97.696,1.329,9315.346,9316.675,146826.551,0.821,22,3080,202.9,130.782,1682.134,169.36,1229.328,278.658,1507.987,4.617,9288.527,1.218,9289.745,147575.027,200,268.033,328.97,28.956,0.001,12.163,5.816,6060.948,350,0.949,4238.3,15.6,1695.3,0,0,17.462,29.388,20.407,46.5,Burdekin,AyrDPI,Mulg,1960,Furrow,BareFallow,35,Surf1,200,140,LowFreq,0,P2R,15AprV1R4,T2,3282.9,3249.36,1812.916,2091.574,41.12,12.164,4.78857374990767,0.103182587117793,4.40787535410765,0.77799,28.842,999
1970,14/10/1970,287,1969,15-Apr,2,sugar,alive,3,395,1966,14/9/1969,105,0,0,318,1970,21,2039,7141.23,6381.47,5480.19,168.437,3153.57,,17033.698,6813.48,74.947,20.129,59.692,59.692,1.218,9288.527,9289.745,147575.027,0.813,21,2940,674.6,186.02,1825.929,379.231,1314.558,281.946,1596.504,6.991,9270.988,1.259,9272.248,148487.569,200,257.929,326.637,35.676,0.001,11.637,7.096,6139.18,350,0.953,4360.5,16,1744.2,0,0,17.812,29.536,20.631,133.6,Burdekin,AyrDPI,Mulg,1960,Furrow,BareFallow,35,Surf1,200,140,LowFreq,0,P2R,15AprV1R4,T2,3614.6,3319.231,2011.949,2293.895,47.314,11.638,5.07457902146612,0.105503650476291,4.96864306784661,0.842185,31.536,999
1971,14/11/1971,318,1970,15-Apr,2,sugar,alive,4,396,1966,14/10/1970,105,0,0,318,1971,21,2039,7428.07,6681.53,5731.95,177.57,3328.21,,17825.365,7130.146,77.542,20.154,65.839,65.839,1.259,9270.988,9272.248,148487.569,0.806,18,2520,1243.3,194.702,1967.118,689.399,1291.075,300.672,1591.747,13.404,9259.413,1.486,9260.899,149489.666,200,253.395,320.176,35.582,0.002,12.052,7.072,6288.168,350,0.92,3614.2,13.3,1445.7,0,0,17.821,28.99,19.978,220,Burdekin,AyrDPI,Mulg,1960,Furrow,BareFallow,35,Surf1,200,140,LowFreq,0,P2R,15AprV1R4,T2,3763.3,3209.399,2161.82,2462.492,47.636,12.054,5.53281159494348,0.111556673265286,5.97878787878788,0.88785,33.282,999
1972,14/04/1972,105,0,15-Apr,2,none,out,-1,0,1966,0.000,105,0,0,318,-1,21,2039,0,0,0,0,0,,17489.094,6995.638,75.094,0,75.572,75.572,1.486,9259.413,9260.899,149489.666,0.799,0,0,1271,367.75,611.447,474.405,0,204.598,204.598,0.758,9350.125,11.364,9361.49,152822.268,0,0,23.374,0.513,0.009,0.172,0.064,3043.515,350,0.631,1425.3,6.1,570.1,0,0,21.501,31.47,20.724,206.2,Burdekin,AyrDPI,Mulg,1960,Furrow,BareFallow,35,Surf1,200,140,LowFreq,0,P2R,15AprV1R4,T2,1271,474.405,979.197,1183.795,0.694,0.181,0,0,0,,0,999
1973,14/07/1973,195,1972,15-Apr,3,sugar,alive,0,456,1972,14/4/1972,105,0,0,318,1973,21,2039,8200.35,7319.64,6386.81,197.117,3201.81,,0,0,0,17.079,162.777,162.777,11.364,9350.125,9361.49,152822.268,0.8,21,2940,1009.2,317.79,1991.808,518.553,1382.477,338.427,1720.905,9.859,9232.921,2.004,9234.925,150467.124,200,323.389,367.906,33.054,0.004,16.922,6.708,6433.658,350,0.968,4919.1,18.1,1967.6,0,0,16.939,28.363,18.968,108.5,Burdekin,AyrDPI,Mulg,1960,Furrow,BareFallow,35,Surf1,200,140,LowFreq,0,P2R,15AprV1R4,T2,3949.2,3458.553,2309.598,2648.025,49.98,16.926,5.6994066593746,0.114542638902206,5.81466076696165,0.985585,32.018,999
1974,14/08/1974,226,1973,15-Apr,3,sugar,alive,1,396,1972,14/7/1973,105,0,0,318,1974,21,2039,6140.05,5498.32,4722.31,145.494,2441.32,,19596.276,7838.511,85.282,17.739,81.474,81.474,2.004,9232.921,9234.925,150467.124,0.788,14,1960,2056.4,682.654,2033.401,733.598,1015.953,300.12,1316.073,12.912,9232.741,1.275,9234.016,151207.853,200,235.616,295.459,33.208,0.005,9.345,6.622,5806.905,350,0.903,3335.1,12.2,1334,0,0,17.6,28.224,18.172,152.9,Burdekin,AyrDPI,Mulg,1960,Furrow,BareFallow,35,Surf1,200,140,LowFreq,0,P2R,15AprV1R4,T2,4016.4,2693.598,2716.055,3016.175,42.558,9.35,5.40147416206873,0.110551618337281,6.03709543568465,0.72747,24.413,999
1975,14/09/1975,257,1974,15-Apr,3,sugar,alive,2,396,1972,14/8/1974,105,0,0,318,1975,21,2039,7544.8,6788.63,5792.27,179.135,3242.72,,14885.642,5954.257,63.636,19.366,65.746,65.746,1.275,9232.741,9234.016,151207.853,0.786,19,2660,790.6,177.35,1627.198,557.701,1281.228,299.395,1580.623,6.916,9209.02,1.339,9210.36,151718.893,200,266.096,320.49,28.891,0.002,10.92,5.899,6245.543,350,0.931,3822,14,1528.8,0,0,17.927,28.646,19.636,65,Burdekin,AyrDPI,Mulg,1960,Furrow,BareFallow,35,Surf1,200,140,LowFreq,0,P2R,15AprV1R4,T2,3450.6,3217.701,1804.548,2103.943,39.813,10.922,5.56717358138621,0.113331895081876,5.75996784565916,0.895675,32.427,999
1976,13/10/1976,287,1975,15-Apr,3,sugar,alive,3,395,1972,14/9/1975,105,0,0,318,1976,21,2039,6295.24,5658.6,4916.96,152.071,2937.93,,18145.216,7258.087,75.896,20.863,131.175,131.175,1.339,9209.02,9210.36,151718.893,0.779,17,2380,1890.9,632.993,2346.372,805.124,1064.589,302.717,1367.307,10.514,9211.114,1.289,9212.403,152693.073,200,218.685,298.864,33.143,0.007,31.064,6.46,6006.695,350,0.916,3530.7,13,1412.3,0,0,17.616,28.354,19.634,179.8,Burdekin,AyrDPI,Mulg,1960,Furrow,BareFallow,35,Surf1,200,140,LowFreq,0,P2R,15AprV1R4,T2,4270.9,3185.124,2979.365,3282.082,64.214,31.071,4.77441380618149,0.111219353078716,5.37353356890459,0.760355,29.379,999
1977,13/11/1977,317,1976,15-Apr,3,sugar,alive,4,396,1972,13/10/1976,105,0,0,318,1977,21,2039,7054.97,6375.39,5476.19,169.985,3064.82,,14716.432,5886.573,60.458,19.277,55.404,55.404,1.289,9211.114,9212.403,152693.073,0.774,19,2660,1378.2,334.782,2275.188,533.472,1125.125,304.969,1430.095,12.48,9195.273,1.395,9196.669,153216.264,200,241.484,311.039,43.705,0.006,11.52,8.564,6015.044,350,0.936,3922.2,14.4,1568.9,0,0,18.128,28.505,19.974,170.6,Burdekin,AyrDPI,Mulg,1960,Furrow,BareFallow,35,Surf1,200,140,LowFreq,0,P2R,15AprV1R4,T2,4038.2,3193.472,2609.97,2914.939,55.231,11.526,5.3228899454888,0.118862732895367,5.46575562700965,0.849925,30.648,999
1978,15/04/1978,105,0,15-Apr,3,none,out,-1,0,1972,0.000,105,0,0,318,-1,21,2039,0,0,0,0,0,,16753.497,6701.398,74.553,0,53.539,53.539,1.395,9195.273,9196.669,153216.264,0.768,0,0,718.5,48.742,316.128,389.054,0,216.533,216.533,0.714,9274.745,16.507,9291.252,155656.262,0,0,34.213,2.226,0.003,0.696,0.353,3720.764,350,0.501,992.3,4.4,396.9,0,0,22.05,31.035,22.427,150.6,Burdekin,AyrDPI,Mulg,1960,Furrow,BareFallow,35,Surf1,200,140,LowFreq,0,P2R,15AprV1R4,T2,718.5,389.054,364.87,581.403,2.925,0.699,0,0,0,,0,999
1979,15/07/1979,196,1978,15-Apr,4,sugar,alive,0,456,1978,15/4/1978,105,0,0,318,1979,21,2039,8504.3,7642.47,6619.85,204.848,3496.43,,0,0,0,18.094,190.637,190.637,16.507,9274.745,9291.252,155656.262,0.767,20,2800,1684.5,431.846,2447.205,743.717,1337.325,367.025,1704.35,17.998,9159.199,1.763,9160.962,153166.761,200,311.143,360.403,39.9,0.012,24.673,8.044,6413.675,350,0.974,5192,19,2076.8,0,0,17.592,27.843,18.241,350.7,Burdekin,AyrDPI,Mulg,1960,Furrow,BareFallow,35,Surf1,200,140,LowFreq,0,P2R,15AprV1R4,T2,4484.5,3543.717,2879.051,3246.076,64.585,24.685,5.7805970397749,0.120191275266231,6.30301538461539,1.02424,34.964,999
1980,14/08/1980,227,1979,15-Apr,4,sugar,alive,1,396,1978,15/7/1979,105,0,0,318,1980,21,2039,6838.87,6084.56,5324.39,163.628,3034.06,,20430.949,8172.382,87.681,19.907,91.736,91.736,1.763,9159.199,9160.962,153166.761,0.755,19,2660,796.7,269.399,1729.719,424.276,1166.782,298.584,1465.366,5.129,9160.738,1.124,9161.862,153311.438,200,248.459,307.232,24.867,0.007,7.599,5.071,6916.552,350,0.927,3741,13.7,1496.4,0,0,18.142,28.702,20.355,86.4,Burdekin,AyrDPI,Mulg,1960,Furrow,BareFallow,35,Surf1,200,140,LowFreq,0,P2R,15AprV1R4,T2,3456.7,3084.276,1999.118,2297.702,32.473,7.606,5.30523208688198,0.111663570739324,5.26135048231511,0.81814,30.341,999
1981,14/09/1981,257,1980,15-Apr,4,sugar,alive,2,396,1978,14/8/1980,105,0,0,318,1981,21,2039,6797.36,6064.47,5224.69,160.311,2848.52,,16052.933,6421.174,62.855,18.955,83.952,83.952,1.124,9160.738,9161.862,153311.438,0.755,18,2520,1123.2,423.764,1855.716,527.581,1128.423,254.304,1382.727,5.356,9159.78,1.15,9160.93,153559.866,200,249.617,302.493,23.668,0.008,10.257,4.824,6641.826,350,0.951,4294.8,15.8,1717.9,0,0,17.727,28.314,19.26,104.8,Burdekin,AyrDPI,Mulg,1960,Furrow,BareFallow,35,Surf1,200,140,LowFreq,0,P2R,15AprV1R4,T2,3643.2,3047.581,2279.48,2533.784,33.933,10.265,5.26027035868776,0.115938287167315,5.39767676767677,0.801555,28.485,999
1982,14/10/1982,287,1981,15-Apr,4,sugar,alive,3,395,1978,14/9/1981,105,0,0,318,1982,21,2039,7086.39,6383.98,5501.09,170.085,3218.87,,17018.262,6807.305,72.338,20.378,64.945,64.945,1.15,9159.78,9160.93,153559.866,0.751,20,2800,600.6,164.397,1686.104,427.932,1260.056,289.354,1549.411,7.959,9142.704,1.252,9143.956,153358.63,200,250.584,323.193,40.332,0.006,12.291,7.896,7234.33,350,0.941,4048.2,14.9,1619.3,0,0,17.546,29.118,20.049,47.4,Burdekin,AyrDPI,Mulg,1960,Furrow,BareFallow,35,Surf1,200,140,LowFreq,0,P2R,15AprV1R4,T2,3400.6,3227.932,1850.501,2139.855,52.629,12.297,5.26916304308765,0.109773972173942,5.23338461538462,0.850425,32.189,999
1983,14/11/1983,318,1982,15-Apr,4,sugar,alive,4,396,1978,14/10/1982,105,0,0,318,1983,21,2039,7318.42,6562.79,5625.75,173.384,3108.77,,16915.981,6766.393,71.849,19.154,65.633,65.633,1.252,9142.704,9143.956,153358.63,0.745,21,2940,641.3,238.034,1845.571,367.888,1216.43,271.422,1487.851,6.504,9135.879,1.737,9137.615,153112.227,200,254.105,318.477,28.448,0.007,12.578,5.68,7494.557,350,0.945,4156,15.3,1662.4,0,0,18.667,29.098,20.164,95.4,Burdekin,AyrDPI,Mulg,1960,Furrow,BareFallow,35,Surf1,200,140,LowFreq,0,P2R,15AprV1R4,T2,3581.3,3307.888,2083.605,2355.027,41.033,12.585,5.24153175681885,0.116533174356841,5.11457227138643,0.86692,31.088,999
1984,14/04/1984,105,0,15-Apr,4,none,out,-1,0,1978,0.000,105,0,0,318,-1,21,2039,0,0,0,0,0,,17920.306,7168.124,75.137,0,75.477,75.477,1.737,9135.879,9137.615,153112.227,0.74,0,0,466.6,69.7,98.406,347.869,0,228.837,228.837,0.167,9222.999,16.093,9239.092,155609.405,0,0,30.122,0.641,0.009,0.093,0.092,3970.076,350,0.563,1182.3,5,472.9,0,0,21.332,30.547,20.201,75.6,Burdekin,AyrDPI,Mulg,1960,Furrow,BareFallow,35,Surf1,200,140,LowFreq,0,P2R,15AprV1R4,T2,466.6,347.869,168.106,396.943,0.743,0.102,0,0,0,,0,999
1985,14/07/1985,195,1984,15-Apr,5,sugar,alive,0,456,1984,14/4/1984,105,0,0,318,1985,21,2039,8286.17,7459.51,6489.91,201.169,3569.97,,0,0,0,18.928,145.134,145.134,16.093,9222.999,9239.092,155609.405,0.741,19,2660,887.3,125.803,1774.309,653.319,1371.234,324.152,1695.386,12.101,9097.6,1.819,9099.42,151114.25,200,328.958,371.614,34.353,0.011,21.198,7.069,8389.793,350,0.97,5028.5,18.4,2011.4,0,0,17.323,28.325,18.585,111.4,Burdekin,AyrDPI,Mulg,1960,Furrow,BareFallow,35,Surf1,200,140,LowFreq,0,P2R,15AprV1R4,T2,3547.3,3313.319,1900.112,2224.264,55.562,21.209,6.0715252591133,0.118656754273068,6.46845659163987,1.005845,35.7,999
1986,21/08/1986,233,1985,15-Apr,5,sugar,alive,1,403,1984,14/7/1985,105,0,7,318,1986,14,2039,6661.44,5904.42,5141.25,157.345,2960.86,,19542.512,7817.005,88.144,20.246,96.937,96.937,1.819,9097.6,9099.42,151114.25,0.729,19,2660,721.3,155.78,1740.28,501.747,1204.456,267.517,1471.973,4.408,9090.33,1.489,9091.819,149484.326,200,250.463,313.4,23.446,0.008,15.594,4.82,8538.289,350,0.933,3868.4,14.2,1547.4,0,0,17.642,28.851,18.769,117.8,Burdekin,AyrDPI,Mulg,1960,Furrow,BareFallow,35,Surf1,200,140,LowFreq,0,P2R,15AprV1R4,T2,3381.3,3161.747,1896.06,2163.577,39.048,15.602,4.97652089177281,0.106893944386208,5.05932475884244,0.786725,29.609,999
1987,21/09/1987,264,1986,15-Apr,5,sugar,alive,2,396,1984,21/8/1986,105,0,7,325,1987,14,2046,6808.05,6053.86,5263.85,161.593,2984.54,,16209.836,6483.934,65.202,19.817,110.204,110.204,1.489,9090.33,9091.819,149484.326,0.728,21,2940,428.3,108.377,1722.771,341.778,1250.015,333.491,1583.506,8.227,9061.627,1.648,9063.275,147458.002,200,260.639,321.873,30.652,0.008,18.556,6.368,8754.979,350,0.946,4177.8,15.3,1671.1,0,0,18.229,29.611,19.722,44,Burdekin,AyrDPI,Mulg,1960,Furrow,BareFallow,35,Surf1,200,140,LowFreq,0,P2R,15AprV1R4,T2,3368.3,3281.778,1831.148,2164.639,49.216,18.564,4.92394671425063,0.102047608281876,4.76675516224189,0.807965,29.845,999
1988,20/10/1988,294,1987,15-Apr,5,sugar,alive,3,395,1984,21/9/1987,105,0,7,325,1988,14,2046,7142.16,6407.71,5462.35,168.597,3029.05,,16676.785,6670.716,71.618,19.198,63.851,63.851,1.648,9061.627,9063.275,147458.002,0.723,20,2800,967.6,200.256,2019.602,428.63,1246.753,297.002,1543.756,11.319,9013.974,1.824,9015.798,146714.016,200,284.312,352.489,33.652,0.018,14.399,6.806,7610.245,350,0.941,4035.6,14.8,1614.2,0,0,18.625,29.486,19.945,254,Burdekin,AyrDPI,Mulg,1960,Furrow,BareFallow,35,Surf1,200,140,LowFreq,0,P2R,15AprV1R4,T2,3767.6,3228.63,2219.858,2516.86,48.069,14.417,5.22193623920982,0.10921220711045,5.1876,0.842985,30.291,999
1989,20/11/1989,324,1988,15-Apr,5,sugar,alive,4,396,1984,20/10/1988,105,0,7,325,1989,14,2046,6960.99,6244.36,5373.32,166.277,3046.46,,17708.662,7083.464,78.277,19.636,67.836,67.836,1.824,9013.974,9015.798,146714.016,0.718,18,2520,1397.6,343.129,2108.516,717.599,1150.663,311.095,1461.759,13.386,8999.29,1.752,9001.043,146724.844,200,238.356,327.534,54.089,0.069,10.005,10.269,7000.906,350,0.919,3585.7,13.2,1434.3,0,0,18.243,28.763,19.394,134.8,Burdekin,AyrDPI,Mulg,1960,Furrow,BareFallow,35,Surf1,200,140,LowFreq,0,P2R,15AprV1R4,T2,3917.6,3237.599,2451.645,2762.74,64.163,10.074,5.13581206319868,0.113751309210342,5.59855218855219,0.831385,30.465,999
1990,15/04/1990,105,0,15-Apr,5,none,out,-1,0,1984,0.000,105,0,7,325,-1,14,2046,0,0,0,0,0,,16543.056,6617.222,70.566,0,72.032,72.032,1.752,8999.29,9001.043,146724.844,0.715,0,0,834,88.959,388.081,409.456,0,170.813,170.813,0.886,9085.441,9.551,9094.992,148649.146,0,0,33.735,4.891,0.024,1.028,0.641,4206.1,350.082,0.579,1237.5,5.3,495,0,0,21.475,31.303,21.741,97.8,Burdekin,AyrDPI,Mulg,1960,Furrow,BareFallow,35,Surf1,200,140,LowFreq,0,P2R,15AprV1R4,T2,834,409.456,477.04,647.853,5.943,1.052,0,0,0,,0,999
1991,15/07/1991,196,1990,15-Apr,6,sugar,alive,0,456,1990,15/4/1990,105,0,0,318,1991,21,2039,8404.73,7597.85,6565.59,204.176,3522.88,,0,0,0,18.323,258.18,258.18,9.551,9085.441,9094.992,148649.146,0.715,20,2800,2108.4,658.337,2687.557,549.532,1399.2,341.698,1740.898,16.919,8951.943,2.147,8954.09,145996.116,200,331.314,383.22,38.587,0.117,16.409,7.474,6606.446,351.999,0.962,4665.1,17.1,1866,0,0,16.949,28.084,18.281,204.4,Burdekin,AyrDPI,Mulg,1960,Furrow,BareFallow,35,Surf1,200,140,LowFreq,0,P2R,15AprV1R4,T2,4908.4,3349.532,3345.894,3687.592,55.113,16.526,6.09565754260595,0.117282000438854,6.28233846153846,1.02088,35.229,999
1992,14/08/1992,227,1991,15-Apr,6,sugar,alive,1,396,1990,15/7/1991,105,0,0,318,1992,21,2039,7143.67,6346.13,5599.58,172.095,3232.51,,19597.94,7839.175,85.211,20.203,79.787,79.787,2.147,8951.943,8954.09,145996.116,0.706,19,2660,638.1,203.772,1555.12,381.15,1278.191,274.231,1552.422,3.528,8948.41,1.106,8949.516,146160.298,200,256.883,314.961,22.16,0.034,8.126,4.564,6826.038,353.691,0.949,4250.6,15.6,1700.3,0,0,17.478,29.202,20.58,122.8,Burdekin,AyrDPI,Mulg,1960,Furrow,BareFallow,35,Surf1,200,140,LowFreq,0,P2R,15AprV1R4,T2,3298.1,3041.15,1758.892,2033.123,30.32,8.16,5.65887904246749,0.110855811113215,5.53360128617363,0.860475,32.325,999
1993,14/09/1993,257,1992,15-Apr,6,sugar,alive,2,396,1990,14/8/1992,105,0,0,318,1993,21,2039,7426.78,6653.88,5801.75,179.269,3619.42,,16737.806,6695.122,66.937,21.934,66.574,66.574,1.106,8948.41,8949.516,146160.298,0.706,21,2940,509.4,165.901,1691.707,351.323,1288.822,281.829,1570.651,4.906,8945.092,1.363,8946.455,146254.832,200,255.297,312.479,24.101,0.027,10.209,4.952,7145.689,355.421,0.932,3831.9,14.1,1532.8,0,0,17.925,29.002,20.185,72,Burdekin,AyrDPI,Mulg,1960,Furrow,BareFallow,35,Surf1,200,140,LowFreq,0,P2R,15AprV1R4,T2,3449.4,3291.323,1857.608,2139.437,34.337,10.236,5.44671550011956,0.114136749666221,5.28817109144543,0.896345,36.194,999
1994,14/10/1994,287,1993,15-Apr,6,sugar,alive,3,395,1990,14/9/1993,105,0,0,318,1994,21,2039,7444.86,6679.62,5898.67,182.364,3674.33,,17069.843,6827.937,67.932,21.882,87.715,87.715,1.363,8945.092,8946.455,146254.832,0.703,22,3080,381.5,117.217,1758.581,282.033,1310.067,293.818,1603.885,5.757,8940.857,1.253,8942.11,146421.973,200,250.069,310.14,21.273,0.015,22.587,4.445,7239.424,357.185,0.951,4321,15.9,1728.4,0,0,17.917,29.25,20.662,46.8,Burdekin,AyrDPI,Mulg,1960,Furrow,BareFallow,35,Surf1,200,140,LowFreq,0,P2R,15AprV1R4,T2,3461.5,3362.033,1875.798,2169.616,43.875,22.602,5.42421802522462,0.113701418742616,5.16611898016997,0.91182,36.743,999
1995,14/11/1995,318,1994,15-Apr,6,sugar,alive,4,396,1990,14/10/1994,105,0,0,318,1995,21,2039,7726.86,6906.9,6125.13,189.218,3772.53,,16815.562,6726.225,67.876,21.623,69.532,69.532,1.253,8940.857,8942.11,146421.973,0.7,21,2940,544.9,233.953,1695.183,356.126,1277.898,280.961,1558.86,5.781,8937.168,1.38,8938.548,146535.686,200,257.382,317.217,27.363,0.037,10.749,5.456,7459.048,358.982,0.95,4266,15.6,1706.4,0,0,19.239,29.375,20.713,55.2,Burdekin,AyrDPI,Mulg,1960,Furrow,BareFallow,35,Surf1,200,140,LowFreq,0,P2R,15AprV1R4,T2,3484.9,3296.126,1929.136,2210.097,38.149,10.786,5.74061792540698,0.121382292187881,5.58165191740413,0.94609,37.725,999
1996,14/04/1996,105,0,15-Apr,6,none,out,-1,0,1990,0.000,105,0,0,318,-1,21,2039,0,0,0,0,0,,17240.79,6896.316,68.584,0,66.437,66.437,1.38,8937.168,8938.548,146535.686,0.696,0,0,439.4,42.749,177.884,257.319,0,157.765,157.765,0.213,9018.919,21.312,9040.231,149101.901,0,0,30.726,0.239,0.032,0.064,0.068,3832.817,359.682,0.725,1845.6,7.3,738.2,0,0,22.931,32.053,22.1,107,Burdekin,AyrDPI,Mulg,1960,Furrow,BareFallow,35,Surf1,200,140,LowFreq,0,P2R,15AprV1R4,T2,439.4,257.319,220.633,378.398,0.335,0.096,0,0,0,,0,999
1997,14/07/1997,195,1996,15-Apr,7,sugar,alive,0,456,1996,14/4/1996,105,0,0,318,1997,21,2039,10096.86,9121.53,8054.17,250.805,4752.37,,0,0,0,20.407,127.439,127.439,21.312,9018.919,9040.231,149101.901,0.695,21,2940,982.2,264.412,1862.381,517.734,1495.627,343.429,1839.057,8.946,8906.89,1.973,8908.863,145717.095,200,345.601,377.675,26.295,0.077,12.734,5.401,8076.202,361.813,0.981,5681.6,20.8,2272.6,0,0,18.701,28.609,19.693,116.8,Burdekin,AyrDPI,Mulg,1960,Furrow,BareFallow,35,Surf1,200,140,LowFreq,0,P2R,15AprV1R4,T2,3922.2,3457.734,2126.793,2470.222,39.106,12.811,7.25344980267424,0.136376958408576,7.39837758112095,1.254025,47.524,999
1998,14/08/1998,226,1997,15-Apr,7,sugar,alive,1,396,1996,14/7/1997,105,0,0,318,1998,21,2039,6482.56,5734.17,5142.33,157.728,2884.99,,22192.172,8876.869,88.051,19.598,83.79,83.79,1.973,8906.89,8908.863,145717.095,0.689,18,2520,943.5,248.829,1949.786,441.792,966.072,287.699,1253.771,4.962,8913.884,1.411,8915.295,145665.047,200,250.822,311.046,19.194,0.064,10.763,3.987,7737.159,363.697,0.907,3393.3,12.4,1357.3,0,0,19.78,28.54,19.348,189.6,Burdekin,AyrDPI,Mulg,1960,Furrow,BareFallow,35,Surf1,200,140,LowFreq,0,P2R,15AprV1R4,T2,3463.5,2961.792,2198.615,2486.314,30.021,10.827,5.32542460780501,0.125802877878018,5.31070707070707,0.78864,28.85,999
1999,14/09/1999,257,1998,15-Apr,7,sugar,alive,2,396,1996,14/8/1998,105,0,0,318,1999,21,2039,7696.21,6912.21,6057.78,187.382,3626.88,,14276.31,5710.524,53.794,20.907,94.904,94.904,1.411,8913.884,8915.295,145665.047,0.69,20,2800,1157.8,323.643,2177.219,665.388,1173.072,295.917,1468.989,9.162,8901.963,1.235,8903.197,145416.726,200,244.098,316.053,42.958,0.103,10.666,8.38,7322.744,365.614,0.941,4051.6,14.8,1620.6,0,0,19.672,28.665,19.051,112,Burdekin,AyrDPI,Mulg,1960,Furrow,BareFallow,35,Surf1,200,140,LowFreq,0,P2R,15AprV1R4,T2,3957.8,3465.388,2500.862,2796.779,53.727,10.769,5.40724444131509,0.127558477292886,5.7656,0.93691,36.269,999
2000,13/10/2000,287,1999,15-Apr,7,sugar,alive,3,395,1996,14/9/1999,105,0,0,318,2000,21,2039,6972.06,6255.79,5546.37,171.523,3339.24,,17370.502,6948.202,67.652,21.046,82.853,82.853,1.235,8901.963,8903.197,145416.726,0.686,18,2520,1485.1,455.006,2259.228,599.275,1044.952,271.789,1316.741,8.661,8912.743,1.337,8914.079,145533.308,200,235.033,299.466,29.743,0.093,12.03,5.881,7177.908,367.562,0.946,4159.4,15.3,1663.8,0,0,18.806,28.308,19.755,136,Burdekin,AyrDPI,Mulg,1960,Furrow,BareFallow,35,Surf1,200,140,LowFreq,0,P2R,15AprV1R4,T2,4005.1,3119.275,2714.234,2986.023,41.866,12.123,5.49880981958949,0.130263278807298,5.77518518518519,0.857615,33.392,999
2001,13/11/2001,317,2000,15-Apr,7,sugar,alive,4,396,1996,13/10/2000,105,0,0,318,2001,21,2039,7092.26,6317.06,5630.49,174.216,3576.35,,15653.856,6261.543,62.586,22.35,56.979,56.979,1.337,8912.743,8914.079,145533.308,0.685,21,2940,561.7,198.136,1710.522,407.627,1240.024,358.376,1598.401,11.023,8888.385,1.77,8890.155,144847.129,200,247.361,327.615,54.387,0.085,7.036,10.523,7604.706,369.549,0.932,3848.9,14.1,1539.6,0,0,18.326,29.448,20.344,52,Burdekin,AyrDPI,Mulg,1960,Furrow,BareFallow,35,Surf1,200,140,LowFreq,0,P2R,15AprV1R4,T2,3501.7,3347.627,1908.658,2267.034,61.508,7.121,5.20416402424762,0.108993925804601,5.13911504424779,0.87108,35.764,999
2002,15/04/2002,105,0,15-Apr,7,none,out,-1,0,1996,0.000,105,0,0,318,-1,21,2039,0,0,0,0,0,,15696.6,6278.64,65.659,0,51.62,51.62,1.77,8888.385,8890.155,144847.129,0.68,0,0,709.6,49.308,418.035,290.206,0,146.004,146.004,0.68,8975.967,12.225,8988.192,147281.432,0,0,19.541,0.263,0.064,0.115,0.048,3465.127,370.333,0.718,1807.8,7.6,723.1,0,0,22.761,32.867,22.92,206,Burdekin,AyrDPI,Mulg,1960,Furrow,BareFallow,35,Surf1,200,140,LowFreq,0,P2R,15AprV1R4,T2,709.6,290.206,467.343,613.347,0.442,0.179,0,0,0,,0,999
2003,15/07/2003,196,2002,15-Apr,8,sugar,alive,0,456,2002,15/4/2002,105,0,0,318,2003,21,2039,8836.87,7884.85,6958.09,214.872,4139.36,,0,0,0,20.795,147.874,147.874,12.225,8975.967,8988.192,147281.432,0.681,22,3080,540.4,183.573,1671.206,334.841,1518.046,330.108,1848.154,6.283,8854.683,1.926,8856.61,143054.154,200,346.123,387.01,22.747,0.127,13.575,4.788,8691.554,372.685,0.977,5379.3,19.7,2151.7,0,0,17.497,29.369,20.058,51,Burdekin,AyrDPI,Mulg,1960,Furrow,BareFallow,35,Surf1,200,140,LowFreq,0,P2R,15AprV1R4,T2,3620.4,3414.841,1854.779,2184.887,36.449,13.702,6.29229882152639,0.11626303868617,6.08702549575071,1.07436,41.394,999
2004,14/08/2004,227,2003,15-Apr,8,sugar,alive,1,396,2002,15/7/2003,105,0,0,318,2004,21,2039,7265.75,6457.23,5694.97,174.931,3369.38,,20541.956,8216.783,86.806,20.791,65.341,65.341,1.926,8854.683,8856.61,143054.154,0.675,19,2660,730.8,177.205,1638.919,383.346,1297.907,271.841,1569.748,4.049,8851.306,1.112,8852.417,142291.238,200,259.656,318.873,22.347,0.086,7.27,4.59,8026.227,374.756,0.946,4180.4,15.4,1672.2,0,0,18.173,29.68,20.405,173.2,Burdekin,AyrDPI,Mulg,1960,Furrow,BareFallow,35,Surf1,200,140,LowFreq,0,P2R,15AprV1R4,T2,3390.8,3043.346,1816.124,2087.965,29.703,7.356,5.74798264804594,0.111438906117415,5.62479099678457,0.874655,33.694,999
2005,14/09/2005,257,2004,15-Apr,8,sugar,alive,2,396,2002,14/8/2004,105,0,0,318,2005,21,2039,7517.43,6726.78,5835.47,179.511,3613.87,,16904.968,6761.987,66.529,21.862,70.269,70.269,1.112,8851.306,8852.417,142291.238,0.676,20,2800,741.5,124.746,1804.842,319.049,1332.102,274.483,1606.585,6.232,8842.353,1.18,8843.534,141382.985,200,265.78,322.02,21.041,0.071,10.231,4.38,8294.606,376.868,0.955,4435.2,16.3,1774.1,0,0,18.136,29.487,20.28,143.4,Burdekin,AyrDPI,Mulg,1960,Furrow,BareFallow,35,Surf1,200,140,LowFreq,0,P2R,15AprV1R4,T2,3541.5,3119.049,1929.588,2204.071,31.343,10.302,5.75531195566341,0.111734517625896,5.52341538461538,0.897555,36.139,999
2006,14/10/2006,287,2005,15-Apr,8,sugar,alive,3,395,2002,14/9/2005,105,0,0,318,2006,21,2039,7421.37,6684.01,5791.98,178.879,3374.18,,18066.619,7226.647,72.906,20.301,75.596,75.596,1.18,8842.353,8843.534,141382.985,0.674,20,2800,921,255.224,1944.986,459.196,1249.213,273.747,1522.96,6.974,8840.981,1.168,8842.149,140593.121,200,256.429,317.669,25.618,0.128,10.317,5.156,8303.324,379.015,0.956,4453.1,16.3,1781.2,0,0,18.775,29.419,19.891,178.4,Burdekin,AyrDPI,Mulg,1960,Furrow,BareFallow,35,Surf1,200,140,LowFreq,0,P2R,15AprV1R4,T2,3721,3259.196,2200.21,2473.957,36.063,10.445,5.48843948016627,0.117454824814834,5.50396923076923,0.894395,33.742,999
2007,14/11/2007,318,2006,15-Apr,8,sugar,alive,4,396,2002,14/10/2006,105,0,0,318,2007,21,2039,7530.19,6716.75,5972.64,184.33,3723,,17634.889,7053.956,71.733,21.943,73.426,73.426,1.168,8840.981,8842.149,140593.121,0.672,20,2800,955.1,335.732,1918.737,454.848,1267.216,249.97,1517.186,5.797,8841.824,1.446,8843.269,139749.61,200,255.828,315.264,24.568,0.121,10.118,4.974,8335.681,381.199,0.956,4447.1,16.3,1778.8,0,0,18.14,28.848,20.087,130.2,Burdekin,AyrDPI,Mulg,1960,Furrow,BareFallow,35,Surf1,200,140,LowFreq,0,P2R,15AprV1R4,T2,3755.1,3254.848,2254.469,2504.439,34.807,10.239,5.66324448945081,0.121494661827884,5.67169230769231,0.92165,37.23,999
2008,14/04/2008,105,0,15-Apr,8,none,out,-1,0,2002,0.000,105,0,0,318,-1,21,2039,0,0,0,0,0,,17019.192,6807.675,71.553,0,56.871,56.871,1.446,8841.824,8843.269,139749.61,0.67,0,0,1182.4,349.889,517.089,487.486,0,212.588,212.588,0.747,8936.142,9.263,8945.406,142457.739,0,0,19.263,0.772,0.376,0.223,0.071,3673.946,382.048,0.685,1651.5,6.9,660.6,0,0,22.044,31.03,20.031,108.2,Burdekin,AyrDPI,Mulg,1960,Furrow,BareFallow,35,Surf1,200,140,LowFreq,0,P2R,15AprV1R4,T2,1182.4,487.486,866.978,1079.566,1.371,0.599,0,0,0,,0,999
2009,14/07/2009,195,2008,15-Apr,9,sugar,alive,0,456,2008,14/4/2008,105,0,0,318,2009,21,2039,8131.64,7291.11,6364.39,196.768,3457.36,,0,0,0,18.712,159.705,159.705,9.263,8936.142,8945.406,142457.739,0.671,18,2520,1896.9,495.357,2393.879,634.459,1318.017,298.985,1617.002,11.973,8812.789,2.45,8815.239,136758.801,200,327.794,379.252,33.248,0.354,15.988,6.674,9828.912,384.628,0.969,4954.1,18.2,1981.6,0,0,17.681,28.658,18.107,197.2,Burdekin,AyrDPI,Mulg,1960,Furrow,BareFallow,35,Surf1,200,140,LowFreq,0,P2R,15AprV1R4,T2,4416.9,3154.459,2889.236,3188.221,49.59,16.342,6.23777326001067,0.12168692432044,6.62518518518519,0.98384,34.574,999
2010,16/08/2010,228,2009,15-Apr,9,sugar,alive,1,398,2008,14/7/2009,105,0,2,318,2010,19,2039,7339.65,6569.6,5724.37,176.515,3089.01,,19232.629,7693.051,82.932,18.625,70.367,70.367,2.45,8812.789,8815.239,136758.801,0.665,19,2660,1122.7,296.644,1927.751,524.038,1241.198,258.302,1499.5,5.373,8793.63,1.54,8795.17,134792.659,200,270.235,329.362,23.654,0.187,8.578,4.844,8960.163,386.915,0.934,3875.2,14.2,1550.1,0,0,18.353,29.247,18.959,135.2,Burdekin,AyrDPI,Mulg,1960,Furrow,BareFallow,35,Surf1,200,140,LowFreq,0,P2R,15AprV1R4,T2,3782.7,3184.038,2224.395,2482.697,32.419,8.765,5.54374665126484,0.117715905301767,5.67572347266881,0.882575,30.89,999
2011,16/09/2011,259,2010,15-Apr,9,sugar,alive,2,396,2008,16/8/2010,105,0,2,320,2011,19,2041,7122.79,6418.31,5584.52,173.177,3317.19,,17023.726,6809.491,67.97,20.661,129.172,129.172,1.54,8793.63,8795.17,134792.659,0.666,15,2100,1415.7,285.34,1854.886,782.419,1132.829,313.692,1446.522,10.947,8785.695,1.228,8786.923,133077.702,200,242.151,303.64,29.524,0.258,20.215,5.979,8667.202,389.227,0.935,3908.7,14.3,1563.5,0,0,18.1,28.358,17.748,81.4,Burdekin,AyrDPI,Mulg,1960,Furrow,BareFallow,35,Surf1,200,140,LowFreq,0,P2R,15AprV1R4,T2,3515.7,2882.419,2140.226,2453.918,49.997,20.473,6.00804393809505,0.1197195756442,6.79125490196079,0.865885,33.172,999
2012,15/10/2012,289,2011,15-Apr,9,sugar,alive,3,395,2008,16/9/2011,105,0,2,320,2012,19,2041,7424.16,6683.9,5835.29,180.57,3438.18,,16397.692,6559.078,68.896,20.52,58.125,58.125,1.228,8785.695,8786.923,133077.702,0.664,18,2520,1154.8,305.955,1879.687,565.947,1223.406,264.964,1488.371,7.962,8758.727,1.587,8760.313,131565.395,200,272.263,335.779,29.623,0.367,11.147,5.942,8594.313,391.57,0.958,4524.5,16.6,1809.8,0,0,18.092,28.805,19.387,197.4,Burdekin,AyrDPI,Mulg,1960,Furrow,BareFallow,35,Surf1,200,140,LowFreq,0,P2R,15AprV1R4,T2,3674.8,3085.947,2185.642,2450.606,41.137,11.514,5.85136426516722,0.121320557844785,6.07979797979798,0.90285,34.382,999
2013,15/11/2013,319,2012,15-Apr,9,sugar,alive,4,396,2008,15/10/2012,105,0,2,320,2013,19,2041,7829.56,6958.07,6143.43,189.127,3630.63,,17351.27,6940.508,75.106,20.712,58.911,58.911,1.587,8758.727,8760.313,131565.395,0.662,21,2940,546.6,98.439,1774.38,322.835,1342.77,263.606,1606.376,7.013,8722.925,1.801,8724.726,130766.547,200,293.516,353.54,23.549,0.46,11.121,4.856,8333.935,393.956,0.961,4620.7,17,1848.3,0,0,18.55,29.58,20.592,178.6,Burdekin,AyrDPI,Mulg,1960,Furrow,BareFallow,35,Surf1,200,140,LowFreq,0,P2R,15AprV1R4,T2,3486.6,3262.835,1872.819,2136.425,35.13,11.581,5.7964009825811,0.117735200227095,5.57896755162242,0.945635,36.306,999
2014,17/04/2014,107,0,15-Apr,9,none,out,-1,0,2008,0.000,107,2,2,322,-1,18,2041,0,0,0,0,0,,18259.594,7303.839,78.254,0,66.317,66.317,1.801,8722.925,8724.726,130766.547,0.66,0,0,632.6,26.041,254.568,370.451,0,198.935,198.935,0.713,8820,13.649,8833.649,132928.05,0,0,37.886,1.809,0.246,1.25,0.284,4628.689,394.896,0.53,1078.7,4.6,431.5,0,0,21.993,31.18,20.603,86.2,Burdekin,AyrDPI,Mulg,1960,Furrow,BareFallow,35,Surf1,200,140,LowFreq,0,P2R,15AprV1R4,T2,632.6,370.451,280.609,479.544,3.305,1.496,0,0,0,,0,999
2015,17/07/2015,198,2014,15-Apr,10,sugar,alive,0,456,2014,17/4/2014,107,2,0,320,2015,19,2039,8905.06,7966.03,6990.66,216.217,4185.05,,0,0,0,20.908,219.374,219.374,13.649,8820,8833.649,132928.05,0.662,23,3220,448.8,204.28,1720.359,259.856,1531.227,346.323,1877.55,10.889,8648.939,2.046,8650.986,129206.627,200,375.607,427.349,33.602,5.947,15.138,6.738,7866.224,397.712,0.973,5183.7,19,2073.5,0,0,17.752,29.33,19.661,83.4,Burdekin,AyrDPI,Mulg,1960,Furrow,BareFallow,35,Surf1,200,140,LowFreq,0,P2R,15AprV1R4,T2,3668.8,3479.856,1924.639,2270.962,54.687,21.085,6.21338928967176,0.115159116934303,5.89147138964578,1.081085,41.851,999
2016,16/08/2016,229,2015,15-Apr,10,sugar,alive,1,396,2014,17/7/2015,107,2,0,320,2016,19,2039,7226.56,6404.23,5657.51,173.481,3279.61,,20678.565,8271.427,88.758,20.353,85.985,85.985,2.046,8648.939,8650.986,129206.627,0.653,20,2800,523.6,207.619,1555.523,373.045,1287.157,263.215,1550.372,3.216,8647.272,1.139,8648.411,129356.561,200,260.053,319.702,21.98,0.429,7.619,4.495,7193.144,400.186,0.946,4174.6,15.3,1669.8,0,0,18.819,29.827,19.384,43.6,Burdekin,AyrDPI,Mulg,1960,Furrow,BareFallow,35,Surf1,200,140,LowFreq,0,P2R,15AprV1R4,T2,3323.6,3173.045,1763.142,2026.357,30.028,8.048,5.46733500470368,0.111896370677489,5.33787692307692,0.867405,32.796,999
2017,16/09/2017,259,2016,15-Apr,10,sugar,alive,2,396,2014,16/8/2016,107,2,0,320,2017,19,2039,7117.21,6351.51,5486.22,168.763,3118.28,,16885.349,6754.139,65.597,19.827,96.071,96.071,1.139,8647.272,8648.411,129356.561,0.655,19,2660,873.2,187.073,1810.142,483.852,1269.785,290.614,1560.399,7.948,8639.655,1.187,8640.843,129317.799,200,254.871,311.755,25.895,0.083,12.478,5.255,7172.353,402.705,0.944,4128.7,15.1,1651.5,0,0,18.663,29.889,18.144,107.8,Burdekin,AyrDPI,Mulg,1960,Furrow,BareFallow,35,Surf1,200,140,LowFreq,0,P2R,15AprV1R4,T2,3533.2,3143.852,1997.215,2287.829,38.456,12.561,5.36803259186501,0.108153747855516,5.42646302250804,0.843815,31.183,999
2018,16/10/2018,289,2017,15-Apr,10,sugar,alive,3,395,2014,16/9/2017,107,2,0,320,2018,19,2039,7015.5,6312.15,5440.4,168.366,3205.3,,17372.803,6949.122,70.738,20.516,71.657,71.657,1.187,8639.655,8640.843,129317.799,0.653,21,2940,722.5,272.996,1856.58,373.316,1264.117,265.014,1529.131,8.534,8634.871,1.41,8636.28,129209.629,200,239.521,317.501,41.238,0.107,10.688,7.932,7230.266,405.261,0.924,3679.4,13.5,1471.8,0,0,18.071,29.621,18.354,130.4,Burdekin,AyrDPI,Mulg,1960,Furrow,BareFallow,35,Surf1,200,140,LowFreq,0,P2R,15AprV1R4,T2,3662.5,3313.316,2129.576,2394.59,52.033,10.795,5.08149539615298,0.110105674399381,4.96654867256637,0.84183,32.053,999
2019,16/11/2019,320,2018,15-Apr,10,sugar,alive,4,396,2014,16/10/2018,107,2,0,320,2019,19,2039,6661.05,5974.53,5095.48,157.331,2926.16,,16515.809,6606.324,67.12,19.976,75.449,75.449,1.41,8634.871,8636.28,129209.629,0.651,20,2800,1183.8,479.334,2088.409,425.384,1147.819,273.387,1421.207,7.798,8625.783,1.639,8627.422,129043.031,200,239.314,314.503,42.997,0.21,10.501,8.317,7034.917,407.856,0.918,3573.7,13.1,1429.5,0,0,18.556,29.691,17.571,92.8,Burdekin,AyrDPI,Mulg,1960,Furrow,BareFallow,35,Surf1,200,140,LowFreq,0,P2R,15AprV1R4,T2,3983.8,3225.384,2567.743,2841.13,53.708,10.711,4.87789980975909,0.110702381848668,4.84095384615385,0.786655,29.262,999
2020,14/04/2020,105,0,15-Apr,10,none,out,-1,0,2014,0.000,105,0,0,320,-1,19,2039,0,0,0,0,0,,16344.941,6537.976,68.87,0,70.3,70.3,1.639,8625.783,8627.422,129043.031,0.648,0,0,828,126.84,459.392,334.552,0,162.762,162.762,0.525,8714.814,9.354,8724.168,131557.901,0,0,16.837,0.422,0.119,0.177,0.048,3201.704,408.85,0.749,1976.3,8.3,790.5,0,0,22.748,32.54,20.701,327.8,Burdekin,AyrDPI,Mulg,1960,Furrow,BareFallow,35,Surf1,200,140,LowFreq,0,P2R,15AprV1R4,T2,828,334.552,586.232,748.994,0.718,0.296,0,0,0,,0,999
2021,14/07/2021,195,2020,15-Apr,11,sugar,alive,0,456,2020,14/4/2020,105,0,0,318,2021,21,2039,7960.85,7126.96,6198.4,191.618,3434.42,,0,0,0,19.146,149.306,149.306,9.354,8714.814,8724.168,131557.901,0.649,20,2800,1238.2,411.963,2068.53,510.811,1297.576,319.193,1616.769,10.388,8587.692,2.1,8589.792,128194.619,200,326.541,384.026,33.159,1.619,20.795,6.529,7568.336,411.908,0.957,4498.9,16.5,1799.6,0,0,18.324,28.888,16.427,132.4,Burdekin,AyrDPI,Mulg,1960,Furrow,BareFallow,35,Surf1,200,140,LowFreq,0,P2R,15AprV1R4,T2,4038.2,3310.811,2480.493,2799.686,55.573,22.414,5.78764538356312,0.118519095801565,5.89593846153846,0.95809,34.344,999
1961,15/04/1961,105,0,15-Apr,0,none,out,-1,0,-1,0.000,105,0,0,318,-1,21,2039,0,0,0,0,0,,0,0,0,0,0,0,0,0,0,0,0.89,0,0,356.6,0,169.312,187.288,0,145.244,145.244,7.686,9502.806,38.791,9541.597,141809.239,0,0,37.056,1.808,0,0.521,0.325,1002.704,350,0.019,27,0.1,10.8,0,0,20.264,30.936,22.36,63.2,Burdekin,AyrDPI,Mulg,1961,Furrow,BareFallow,35,Surf1,200,140,LowFreq,0,P2R,15AprV1R4,T2,356.6,187.288,169.312,314.556,2.329,0.521,0,0,0,,0,999
1962,15/07/1962,196,1961,15-Apr,1,sugar,alive,0,456,1961,15/4/1961,105,0,0,318,1962,21,2039,8135.15,7305.45,6305.04,195.062,3463.19,,0,0,0,18.938,71.594,71.594,38.791,9502.806,9541.597,141809.239,0.884,20,2800,968.6,103.426,1870.356,655.545,1433.368,360.158,1793.527,32.353,9418.848,0.79,9419.638,141368.315,200,304.089,324.237,34.941,0,20.312,7.245,3595.982,350,0.979,5541.5,20.3,2216.6,0,0,16.561,28.834,19.605,102.1,Burdekin,AyrDPI,Mulg,1961,Furrow,BareFallow,35,Surf1,200,140,LowFreq,0,P2R,15AprV1R4,T2,3768.6,3455.545,1973.782,2333.94,55.253,20.312,5.64489827219729,0.1087588868191,6.00190769230769,0.97531,34.632,999
1963,18/08/1963,230,1962,15-Apr,1,sugar,alive,1,399,1961,15/7/1962,105,0,3,318,1963,18,2039,6406.72,5726.92,4955.16,152.303,2800.86,,20266.169,8106.468,94.025,19.72,72.885,72.885,0.79,9418.848,9419.638,141368.315,0.867,18,2520,1163.8,372.052,1804.149,652.988,1194.831,259.395,1454.226,3.995,9435.26,1.033,9436.293,142398.243,200,228.139,292.388,25.897,0.001,8.062,5.251,5643.053,350,0.932,3836.5,14.2,1534.6,0,0,17.096,28.908,18.959,91.9,Burdekin,AyrDPI,Mulg,1961,Furrow,BareFallow,35,Surf1,200,140,LowFreq,0,P2R,15AprV1R4,T2,3683.8,3172.988,2176.201,2435.596,33.96,8.063,4.79998663720127,0.104731314114862,5.12804713804714,0.761515,28.009,999
1964,17/09/1964,261,1963,15-Apr,1,sugar,alive,2,396,1961,18/8/1963,105,0,3,321,1964,18,2042,6588.19,5828.66,5078.86,154.91,2788.81,,15599.305,6239.722,62.303,19.243,126.259,126.259,1.033,9435.26,9436.293,142398.243,0.865,19,2660,554.3,143.236,1640.495,395.757,1244.368,254.644,1499.012,3.683,9418.585,1.084,9419.669,143279.324,200,255.273,312.692,21.186,0.001,20.391,4.381,5811.6,350,0.959,4566.1,16.8,1826.5,0,0,17.294,29.464,19.826,92.7,Burdekin,AyrDPI,Mulg,1961,Furrow,BareFallow,35,Surf1,200,140,LowFreq,0,P2R,15AprV1R4,T2,3214.3,3055.757,1783.731,2038.375,41.578,20.392,5.0694476033271,0.103341400869373,4.98102893890675,0.77455,27.888,999
1965,17/10/1965,290,1964,15-Apr,1,sugar,alive,3,395,1961,17/9/1964,105,0,3,321,1965,18,2042,7070.74,6384.98,5427.32,168.369,3075.13,,16710.458,6684.183,71.636,19.565,57.816,57.816,1.084,9418.585,9419.669,143279.324,0.857,20,2800,832.9,211.056,1851.269,438.63,1248.169,312.452,1560.621,9.076,9391.566,1.299,9392.865,144015.934,200,257.928,326.915,37.969,0.001,13.284,7.698,5930.611,350,0.928,3754.1,13.8,1501.6,0,0,17.504,29.121,19.961,107.4,Burdekin,AyrDPI,Mulg,1961,Furrow,BareFallow,35,Surf1,200,140,LowFreq,0,P2R,15AprV1R4,T2,3632.9,3238.63,2062.325,2374.777,51.254,13.285,5.19877232039474,0.107885899267023,5.18058461538462,0.841845,30.751,999
1966,20/11/1966,324,1965,15-Apr,1,sugar,alive,4,399,1961,17/10/1965,105,0,6,321,1966,15,2042,7097.18,6326.24,5451.75,168.174,3224.8,,17160.008,6864.003,77.901,20.686,67.771,67.771,1.299,9391.566,9392.865,144015.934,0.847,23,3220,469.4,172.729,1997.463,330.5,1198.38,286.993,1485.372,8.729,9366.396,1.861,9368.257,144864.201,200,252.998,332.775,44.886,0.001,13.245,8.777,6108.598,350,0.931,3811.1,14,1524.4,0,0,18.203,29.07,19.83,102.9,Burdekin,AyrDPI,Mulg,1961,Furrow,BareFallow,35,Surf1,200,140,LowFreq,0,P2R,15AprV1R4,T2,3689.4,3550.5,2170.192,2457.185,58.132,13.246,4.73662864385298,0.113220122635946,4.58239782016349,0.84087,32.248,999
1967,15/04/1967,105,0,15-Apr,1,none,out,-1,0,1961,0.000,105,0,6,324,-1,15,2045,0,0,0,0,0,,17225.533,6890.213,73.277,0,101.607,101.607,1.861,9366.396,9368.257,144864.201,0.838,0,0,493.9,44.39,227.557,260.105,0,171.509,171.509,0.368,9447.124,19.181,9466.305,147647.393,0,0,33.745,1.228,0.001,0.391,0.133,3334.34,350,0.641,1465.2,6.2,586.1,0,0,21.476,31.313,21.477,154.9,Burdekin,AyrDPI,Mulg,1961,Furrow,BareFallow,35,Surf1,200,140,LowFreq,0,P2R,15AprV1R4,T2,493.9,260.105,271.947,443.456,1.62,0.392,0,0,0,,0,999
1968,14/07/1968,196,1967,15-Apr,2,sugar,alive,0,456,1967,15/4/1967,105,0,0,318,1968,21,2039,8683.42,7797.15,6811.73,211.027,3850.94,,0,0,0,19.546,152.052,152.052,19.181,9447.124,9466.305,147647.393,0.837,20,2800,1672.1,466.398,2346.366,647.828,1393.417,340.936,1734.353,12.474,9322.598,1.731,9324.328,145720.239,200,317.735,379.381,51.241,0.006,20.821,10.061,6095.951,350,0.972,5086,18.7,2034.4,0,0,17.786,28.252,19.122,187.9,Burdekin,AyrDPI,Mulg,1961,Furrow,BareFallow,35,Surf1,200,140,LowFreq,0,P2R,15AprV1R4,T2,4472.1,3447.828,2812.764,3153.7,72.068,20.827,6.12057794066293,0.121674768631299,6.49313846153846,1.055135,38.509,999
1969,14/08/1969,226,1968,15-Apr,2,sugar,alive,1,396,1967,14/7/1968,105,0,0,318,1969,21,2039,6571.96,5851.32,5029.28,154.389,2895.68,,20232.436,8092.973,86.083,20.169,77.035,77.035,1.731,9322.598,9324.328,145720.239,0.823,22,3080,219.9,178.183,1590.832,172.214,1242.18,280.717,1522.897,3.531,9306.337,1.278,9307.615,146284.401,200,259.844,322.076,29.018,0.002,7.994,5.848,6334.499,350,0.922,3638.6,13.4,1455.4,0,0,17.324,29.16,19.914,46.5,Burdekin,AyrDPI,Mulg,1961,Furrow,BareFallow,35,Surf1,200,140,LowFreq,0,P2R,15AprV1R4,T2,3299.9,3252.214,1769.015,2049.732,37.014,7.996,4.74719683268075,0.101378491125795,4.37362606232295,0.771945,28.957,999
1970,14/09/1970,257,1969,15-Apr,2,sugar,alive,2,396,1967,14/8/1969,105,0,0,318,1970,21,2039,7260.19,6510.95,5574.11,171.419,3229.01,,16205.568,6482.227,65.967,20.269,85.022,85.022,1.278,9306.337,9307.615,146284.401,0.82,20,2800,670.4,141.676,1720.011,387.159,1340.118,279.7,1619.818,5.878,9282.173,1.195,9283.368,146989.396,200,267.845,331.29,31.076,0.002,10.949,6.285,6372.908,350,0.948,4216.8,15.5,1686.7,0,0,17.523,29.383,20.581,133.6,Burdekin,AyrDPI,Mulg,1961,Furrow,BareFallow,35,Surf1,200,140,LowFreq,0,P2R,15AprV1R4,T2,3470.4,3187.159,1861.687,2141.387,42.027,10.951,5.37842636655404,0.105826086634424,5.27443076923077,0.857095,32.29,999
1971,14/10/1971,287,1970,15-Apr,2,sugar,alive,3,395,1967,14/9/1970,105,0,0,318,1971,21,2039,7189.95,6468.49,5561.5,171.813,3146.06,,17916.02,7166.407,75.27,19.622,73.917,73.917,1.195,9282.173,9283.368,146989.396,0.812,18,2520,1222.9,192.703,2020.733,681.367,1250.989,286.295,1537.284,8.436,9273.452,1.203,9274.655,148000.368,200,251.024,317.648,33.134,0.002,13.061,6.637,6217.948,350,0.945,4152.9,15.2,1661.2,0,0,17.746,28.818,19.76,220,Burdekin,AyrDPI,Mulg,1961,Furrow,BareFallow,35,Surf1,200,140,LowFreq,0,P2R,15AprV1R4,T2,3742.9,3201.367,2213.436,2499.731,46.197,13.063,5.36686359295888,0.111763994161131,5.78494949494949,0.859065,31.461,999
1972,13/11/1972,318,1971,15-Apr,2,sugar,alive,4,396,1967,14/10/1971,105,0,0,318,1972,21,2039,7014.07,6301.48,5448.46,168.746,3201.61,,17371.749,6948.7,74.318,20.437,66.098,66.098,1.203,9273.452,9274.655,148000.368,0.805,20,2800,1329.1,432.87,2149.472,432.225,1261.692,296.454,1558.146,7.621,9267.863,1.499,9269.362,148706.25,200,241.012,315.391,39.636,0.087,11.63,7.665,6338.267,350,0.933,3862.5,14.2,1545,0,0,16.944,28.986,20.231,206.2,Burdekin,AyrDPI,Mulg,1961,Furrow,BareFallow,35,Surf1,200,140,LowFreq,0,P2R,15AprV1R4,T2,4129.1,3232.225,2582.342,2878.796,51.353,11.717,5.22073803649189,0.108299222280839,5.19218461538462,0.84373,32.016,999
1973,15/04/1973,105,0,15-Apr,2,none,out,-1,0,1967,0.000,105,0,0,318,-1,21,2039,0,0,0,0,0,,16590.885,6636.354,74.273,0,54.71,54.71,1.499,9267.863,9269.362,148706.25,0.799,0,0,912.7,212.35,343.858,467.518,0,202.391,202.391,0.485,9364.263,3.96,9368.223,152093.11,0,0,14.484,0.638,0.011,0.14,0.054,2705.591,350,0.649,1493.8,6.7,597.5,0,0,21.686,30.85,20.736,108.5,Burdekin,AyrDPI,Mulg,1961,Furrow,BareFallow,35,Surf1,200,140,LowFreq,0,P2R,15AprV1R4,T2,912.7,467.518,556.208,758.599,0.789,0.151,0,0,0,,0,999
1974,15/07/1974,196,1973,15-Apr,3,sugar,alive,0,456,1973,15/4/1973,105,0,0,318,1974,21,2039,7784.7,6980.26,6099.24,188.414,3280.14,,0,0,0,18.513,208.811,208.811,3.96,9364.263,9368.223,152093.11,0.8,16,2240,2113.6,687.286,2227.487,839.144,1234.925,344.799,1579.724,16.426,9250.339,1.894,9252.232,149124.178,200,313.326,362.272,31.086,0.013,17.559,6.318,6955.327,350,0.966,4849.8,17.8,1939.9,0,0,17.929,28.237,17.62,152.9,Burdekin,AyrDPI,Mulg,1961,Furrow,BareFallow,35,Surf1,200,140,LowFreq,0,P2R,15AprV1R4,T2,4353.6,3079.144,2914.773,3259.572,48.658,17.572,6.11903827817082,0.119270201630158,7.00423791821561,0.94207,32.801,999
1975,15/08/1975,227,1974,15-Apr,3,sugar,alive,1,396,1973,15/7/1974,105,0,0,318,1975,21,2039,7025.36,6252.72,5423.73,166.851,3025.09,,18448.739,7379.496,88.895,19.401,67.914,67.914,1.894,9250.339,9252.232,149124.178,0.789,18,2520,723.8,213.306,1508.435,489.657,1203.864,303.229,1507.093,7.061,9228.82,1.627,9230.446,149025.301,200,259.478,321.635,33.222,0.006,8.394,6.653,6686.44,350,0.931,3810.5,14,1524.2,0,0,17.665,28.665,19.674,65,Burdekin,AyrDPI,Mulg,1961,Furrow,BareFallow,35,Surf1,200,140,LowFreq,0,P2R,15AprV1R4,T2,3243.8,3009.657,1721.741,2024.97,41.622,8.4,5.54385433290239,0.110710487010423,5.61787878787879,0.834255,30.251,999
1976,14/09/1976,258,1975,15-Apr,3,sugar,alive,2,396,1973,15/8/1975,105,0,0,318,1976,21,2039,6207.64,5562.48,4814.52,148.5,2788.68,,16852.793,6741.117,68.831,20.198,82.88,82.88,1.627,9228.82,9230.446,149025.301,0.786,16,2240,1963.5,634.733,2242.791,736.973,1032.07,316.014,1348.083,12.672,9221.62,1.265,9222.885,149268.16,200,222.407,301.593,42.413,0.013,22.736,8.302,6398.469,350,0.914,3501.9,12.8,1400.8,0,0,17.532,28.198,19.227,179.8,Burdekin,AyrDPI,Mulg,1961,Furrow,BareFallow,35,Surf1,200,140,LowFreq,0,P2R,15AprV1R4,T2,4203.5,2976.973,2877.524,3193.538,65.162,22.749,4.98828843929723,0.11015642211941,5.52044609665428,0.7425,27.887,999
1977,14/10/1977,287,1976,15-Apr,3,sugar,alive,3,395,1973,14/9/1976,105,0,0,318,1977,21,2039,7192.91,6486.5,5551.71,171.661,2974.25,,14818.223,5927.288,60.979,18.411,60.773,60.773,1.265,9221.62,9222.885,149268.16,0.78,19,2660,1378.2,305.148,2276.13,538.24,1155.21,292.393,1447.603,11.82,9203.46,1.275,9204.735,149191.407,200,253.542,316.472,32.89,0.007,12.968,6.631,6707.226,350,0.945,4134,15.2,1653.6,0,0,17.938,28.404,19.747,170.6,Burdekin,AyrDPI,Mulg,1961,Furrow,BareFallow,35,Surf1,200,140,LowFreq,0,P2R,15AprV1R4,T2,4038.2,3198.24,2581.278,2873.671,45.865,12.975,5.36735829706339,0.118582926396256,5.5196463022508,0.858305,29.742,999
1978,14/11/1978,318,1977,15-Apr,3,sugar,alive,4,396,1973,14/10/1977,105,0,0,318,1978,21,2039,7762.66,6991.32,6076.63,188.471,3646.46,,17464.168,6985.667,77.053,20.898,70.093,70.093,1.275,9203.46,9204.735,149191.407,0.774,20,2800,1000.1,285.335,1920.934,534.142,1269.828,283.237,1553.064,7.712,9194.005,1.832,9195.837,149198.759,200,253.621,320.879,33.644,0.007,10.805,6.711,7276.226,350,0.938,3980,14.6,1592,0,0,18.195,28.503,20.521,150.6,Burdekin,AyrDPI,Mulg,1961,Furrow,BareFallow,35,Surf1,200,140,LowFreq,0,P2R,15AprV1R4,T2,3800.1,3334.142,2206.269,2489.506,44.456,10.812,5.65275864075375,0.121354303492966,5.79910769230769,0.942355,36.465,999
1979,20/04/1979,110,0,15-Apr,3,none,out,-1,0,1973,0.000,110,5,0,323,-1,17,2039,0,0,0,0,0,,17714.281,7085.713,72.129,0,110.859,110.859,1.832,9194.005,9195.837,149198.759,0.768,0,0,1313.5,306.927,734.635,455.174,0,205.019,205.019,1.414,9277.275,15.517,9292.791,151706.254,0,0,34.039,2.333,0.034,0.66,0.262,4092.87,350,0.584,1253.1,5.1,501.2,0,0,21.956,30.477,19.462,350.7,Burdekin,AyrDPI,Mulg,1961,Furrow,BareFallow,35,Surf1,200,140,LowFreq,0,P2R,15AprV1R4,T2,1313.5,455.174,1041.562,1246.581,3.027,0.694,0,0,0,,0,999
1980,19/07/1980,201,1979,15-Apr,4,sugar,alive,0,456,1979,20/4/1979,110,5,0,323,1980,16,2039,8644.8,7709.78,6767.65,208.862,3824.11,,0,0,0,19.62,177.778,177.778,15.517,9277.275,9292.791,151706.254,0.768,21,2940,884.3,247.507,1912.936,493.002,1405.013,367.375,1772.388,12.328,9154.375,1.851,9156.226,147812.706,200,324.227,371.939,38.549,0.018,20.455,7.768,7960.307,350,0.978,5449.8,20,2179.9,0,0,17.774,28.487,19.658,86.4,Burdekin,AyrDPI,Mulg,1961,Furrow,BareFallow,35,Surf1,200,140,LowFreq,0,P2R,15AprV1R4,T2,3824.3,3433.002,2160.443,2527.818,59.022,20.473,6.08394635365782,0.117842142916788,6.1611209439528,1.04431,38.241,999
1981,19/08/1981,231,1980,15-Apr,4,sugar,alive,1,396,1979,19/7/1980,110,5,0,323,1981,16,2039,6476.13,5781.2,5003.24,153.81,2706.85,,20588.113,8235.244,88.55,18.746,69.246,69.246,1.851,9154.375,9156.226,147812.706,0.756,17,2380,1122.8,465.85,1680.04,512.468,1094.293,257.078,1351.371,3.702,9158.727,1.358,9160.084,146944.755,200,245.774,302.563,23.178,0.015,7.909,4.708,7781.764,350,0.923,3662.4,13.5,1465,0,0,17.724,28.127,19.155,104.8,Burdekin,AyrDPI,Mulg,1961,Furrow,BareFallow,35,Surf1,200,140,LowFreq,0,P2R,15AprV1R4,T2,3502.8,2892.468,2145.89,2402.968,31.102,7.924,5.31760420512863,0.113817745089986,5.43498233215548,0.76905,27.068,999
1982,19/09/1982,262,1981,15-Apr,4,sugar,alive,2,396,1979,19/8/1981,110,5,0,323,1982,16,2039,7452.98,6722.43,5741.36,177.461,3345.9,,15632.591,6253.036,63.758,20.291,74.784,74.784,1.358,9158.727,9160.084,146944.755,0.757,20,2800,592.4,161.863,1620.677,426.993,1323.943,278.857,1602.8,6.128,9127.907,1.608,9129.515,145499.047,200,270.653,331.546,31.456,0.01,11.794,6.259,8340.283,350,0.944,4127.5,15.1,1651,0,0,17.487,29.018,19.787,47.4,Burdekin,AyrDPI,Mulg,1961,Furrow,BareFallow,35,Surf1,200,140,LowFreq,0,P2R,15AprV1R4,T2,3392.4,3226.993,1782.54,2061.397,43.26,11.804,5.49926820417646,0.110719366109309,5.46033846153846,0.887305,33.459,999
1983,19/10/1983,292,1982,15-Apr,4,sugar,alive,3,395,1979,19/9/1982,110,5,0,323,1983,16,2039,7064.69,6280.39,5487.59,168.139,2966.88,,18057.165,7222.866,76.668,18.804,81.844,81.844,1.608,9127.907,9129.515,145499.047,0.75,20,2800,637.7,253.522,1758.501,387.32,1177.196,267.925,1445.12,5.049,9098.455,1.641,9100.096,145323.99,200,277.608,340.199,31.285,0.023,9.997,6.167,7491.347,350,0.965,4796,17.6,1918.4,0,0,18.352,28.943,20.097,95.4,Burdekin,AyrDPI,Mulg,1961,Furrow,BareFallow,35,Surf1,200,140,LowFreq,0,P2R,15AprV1R4,T2,3437.7,3187.32,2012.023,2279.948,41.305,10.02,5.27524691590427,0.116349507307352,5.17350769230769,0.840695,29.669,999
1984,18/11/1984,323,1983,15-Apr,4,sugar,alive,4,396,1979,19/10/1983,110,5,0,323,1984,16,2039,7325.49,6534.82,5618.28,173.371,3270.5,,17481.867,6992.748,75.926,20.303,62.401,62.401,1.641,9098.455,9100.096,145323.99,0.746,22,3080,649.3,221.424,1967.379,521.244,1236.031,304.478,1540.509,9.055,9074.369,1.796,9076.165,145281.419,200,265.205,334.248,36.488,0.02,12.129,7.261,7258.118,350,0.928,3766.1,13.8,1506.4,0,0,17.921,28.788,19.579,75.6,Burdekin,AyrDPI,Mulg,1961,Furrow,BareFallow,35,Surf1,200,140,LowFreq,0,P2R,15AprV1R4,T2,3729.3,3601.244,2188.803,2493.281,48.637,12.149,4.81419753840617,0.112541374311997,4.91135977337111,0.866855,32.705,999
1985,15/04/1985,105,0,15-Apr,4,none,out,-1,0,1979,0.000,105,0,0,323,-1,16,2039,0,0,0,0,0,,17712.488,7084.996,78.616,0,62.389,62.389,1.796,9074.369,9076.165,145281.419,0.741,0,0,588.3,91.425,156.145,410.863,0,219.667,219.667,0.325,9172.845,9.236,9182.081,147814.776,0,0,26.15,0.973,0.02,0.172,0.095,3987.757,350,0.513,1028.7,4.6,411.5,0,0,21.989,31.383,20.632,111.4,Burdekin,AyrDPI,Mulg,1961,Furrow,BareFallow,35,Surf1,200,140,LowFreq,0,P2R,15AprV1R4,T2,588.3,410.863,247.57,467.237,1.165,0.192,0,0,0,,0,999
1986,15/07/1986,196,1985,15-Apr,5,sugar,alive,0,456,1985,15/4/1985,105,0,0,318,1986,21,2039,7980.2,7085.18,6230.91,191.599,3380.89,,0,0,0,18.804,183.453,183.453,9.236,9172.845,9182.081,147814.776,0.743,21,2940,777.1,157.371,1911.231,519.92,1382.356,378.448,1760.803,17.246,9017.267,2.069,9019.336,144536.297,200,350.737,403.01,35.257,0.041,22.189,7.212,7222.423,350,0.97,5019,18.4,2007.6,0,0,17.312,28.527,18.417,117.8,Burdekin,AyrDPI,Mulg,1961,Furrow,BareFallow,35,Surf1,200,140,LowFreq,0,P2R,15AprV1R4,T2,3717.1,3459.92,2068.602,2447.05,57.487,22.23,5.53767139124604,0.108813422058004,5.65188790560472,0.957995,33.809,999
1987,15/08/1987,227,1986,15-Apr,5,sugar,alive,1,396,1985,15/7/1986,105,0,0,318,1987,21,2039,6749.28,6018.23,5212.31,160.457,3085.43,,19135.109,7654.043,89.95,20.752,71.148,71.148,2.069,9017.267,9019.336,144536.297,0.731,21,2940,497.8,163.763,1680.142,397.33,1246.459,334.88,1581.339,9.262,8994.304,1.243,8995.547,144371.813,200,248.692,326.989,50.054,0.038,5.994,9.819,6833.922,350,0.912,3464,12.7,1385.6,0,0,18.256,29.363,19.045,44,Burdekin,AyrDPI,Mulg,1961,Furrow,BareFallow,35,Surf1,200,140,LowFreq,0,P2R,15AprV1R4,T2,3437.8,3337.33,1843.905,2178.785,56.086,6.032,4.80794527361693,0.10146907146412,4.73324483775811,0.802285,30.854,999
1988,14/09/1988,258,1987,15-Apr,5,sugar,alive,2,396,1985,15/8/1987,105,0,0,318,1988,21,2039,7059.35,6284.9,5405.62,165.551,3007.21,,16008.66,6403.465,64.673,19.443,83.704,83.704,1.243,8994.304,8995.547,144371.813,0.729,19,2660,972.6,195.944,1945.866,423.683,1240.017,268.075,1508.091,5.779,8989.105,0.985,8990.09,144635.046,200,253.196,310.47,23.969,0.026,11.398,4.919,6619.906,350,0.958,4538.5,16.7,1815.4,0,0,18.304,29.273,19.691,254,Burdekin,AyrDPI,Mulg,1961,Furrow,BareFallow,35,Surf1,200,140,LowFreq,0,P2R,15AprV1R4,T2,3632.6,3083.683,2141.81,2409.885,35.393,11.424,5.36861279191149,0.109775205872855,5.32318327974277,0.827755,30.072,999
1989,14/10/1989,287,1988,15-Apr,5,sugar,alive,3,395,1985,14/9/1988,105,0,0,318,1989,21,2039,6800.78,6075.32,5295.87,162.925,2920.82,,17914.415,7165.766,76.156,19.151,66.402,66.402,0.985,8989.105,8990.09,144635.046,0.725,17,2380,1381.8,347.553,2011.59,725.071,1144.073,265.593,1409.666,7.982,8992.604,1.165,8993.769,144955.445,200,234.99,304.736,34.041,0.035,13.07,6.71,6692.09,350,0.953,4358.5,16,1743.4,0,0,17.968,28.729,19.436,134.8,Burdekin,AyrDPI,Mulg,1961,Furrow,BareFallow,35,Surf1,200,140,LowFreq,0,P2R,15AprV1R4,T2,3761.8,3105.071,2359.143,2624.736,47.146,13.105,5.24706198344579,0.115577023209753,5.75706713780919,0.814625,29.208,999
1990,14/11/1990,318,1989,15-Apr,5,sugar,alive,4,396,1985,14/10/1989,105,0,0,318,1990,21,2039,7156.48,6480.47,5582.56,173.742,3278.69,,16496.448,6598.58,71.37,20.311,59.393,59.393,1.165,8992.604,8993.769,144955.445,0.721,19,2660,1278.8,419.021,1968.638,519.294,1242.51,300.468,1542.977,9.34,8986.988,1.56,8988.547,145000.631,200,239.621,308.342,37.907,0.048,11.762,7.365,6767.908,350.967,0.922,3650.9,13.4,1460.4,0,0,17.621,28.801,20.391,103,Burdekin,AyrDPI,Mulg,1961,Furrow,BareFallow,35,Surf1,200,140,LowFreq,0,P2R,15AprV1R4,T2,3938.8,3179.294,2387.659,2688.127,49.717,11.81,5.46479815959141,0.112601808063244,5.58655948553055,0.86871,32.787,999
1991,15/04/1991,105,0,15-Apr,5,none,out,-1,0,1985,0.000,105,0,0,318,-1,21,2039,0,0,0,0,0,,16481.55,6592.621,70.25,0,67.557,67.557,1.56,8986.988,8988.547,145000.631,0.718,0,0,1629.3,446.33,957.755,411.729,0,153.612,153.612,1.161,9073.015,10.659,9083.674,147899.599,0,0,18.281,0.461,0.143,0.222,0.054,3134.146,351.612,0.687,1661,7.1,664.4,0,0,21.649,30.595,18.903,204.4,Burdekin,AyrDPI,Mulg,1961,Furrow,BareFallow,35,Surf1,200,140,LowFreq,0,P2R,15AprV1R4,T2,1629.3,411.729,1404.085,1557.697,0.826,0.365,0,0,0,,0,999
1992,14/07/1992,196,1991,15-Apr,6,sugar,alive,0,456,1991,15/4/1991,105,0,0,318,1992,21,2039,9000.92,8119.13,7071.03,219.619,4267.54,,0,0,0,21.001,139.16,139.16,10.659,9073.015,9083.674,147899.599,0.718,22,3080,687,157.563,1785.458,448.397,1520.999,352.674,1873.673,8.823,8947.936,1.904,8949.841,144244.382,200,340.976,383.552,27.228,0.054,16.078,5.631,8083.275,353.56,0.967,4860.8,17.8,1944.3,0,0,17.261,28.993,19.887,122.8,Burdekin,AyrDPI,Mulg,1961,Furrow,BareFallow,35,Surf1,200,140,LowFreq,0,P2R,15AprV1R4,T2,3767,3528.397,1943.021,2295.695,43.36,16.132,6.2243279313524,0.117213088943482,6.2215014164306,1.098095,42.675,999
1993,14/08/1993,226,1992,15-Apr,6,sugar,alive,1,396,1991,14/7/1992,105,0,0,318,1993,21,2039,7052.72,6285.17,5505.81,169.798,3307.81,,20535.812,8214.324,85.161,21.062,89.467,89.467,1.904,8947.936,8949.841,144244.382,0.71,21,2940,482.2,211.278,1687.966,304.379,1241.418,281.124,1522.542,4.031,8944.966,1.175,8946.142,144227.041,200,257.002,314.276,20.546,0.05,9.802,4.268,7194.766,355.287,0.919,3594.6,13.2,1437.8,0,0,17.695,28.946,20.046,72,Burdekin,AyrDPI,Mulg,1961,Furrow,BareFallow,35,Surf1,200,140,LowFreq,0,P2R,15AprV1R4,T2,3422.2,3244.379,1899.244,2180.368,30.398,9.852,5.2336055682767,0.111522703478787,5.00879056047198,0.84899,33.078,999
1994,14/09/1994,257,1993,15-Apr,6,sugar,alive,2,396,1991,14/8/1993,105,0,0,318,1994,21,2039,7320.13,6579.91,5755.29,178.01,3411.57,,16204.15,6481.659,64.283,20.673,89.881,89.881,1.175,8944.966,8946.142,144227.041,0.71,21,2940,409.4,178.151,1609.067,296.083,1273.633,315.191,1588.825,6.309,8936.462,1.11,8937.572,144200.768,200,255.85,314.268,30.466,0.056,8.399,6.105,7164.23,357.048,0.946,4167.4,15.3,1666.9,0,0,17.914,29.028,20.251,46.8,Burdekin,AyrDPI,Mulg,1961,Furrow,BareFallow,35,Surf1,200,140,LowFreq,0,P2R,15AprV1R4,T2,3349.4,3236.083,1787.218,2102.409,38.921,8.455,5.5007859810765,0.112038770789735,5.25103244837758,0.89005,34.116,999
1995,14/10/1995,287,1994,15-Apr,6,sugar,alive,3,395,1991,14/9/1994,105,0,0,318,1995,21,2039,7582.78,6778.7,5998.13,184.88,3578.79,,16843.351,6737.34,68.744,20.91,63.239,63.239,1.11,8936.462,8937.572,144200.768,0.706,21,2940,510.2,222.187,1673.973,325.521,1268.53,282.037,1550.568,5.394,8934.375,1.148,8935.523,144206.416,200,258.129,315.609,23.013,0.04,11.524,4.709,7444.611,358.843,0.962,4663.5,17.1,1865.4,0,0,18.845,29.291,20.66,55.2,Burdekin,AyrDPI,Mulg,1961,Furrow,BareFallow,35,Surf1,200,140,LowFreq,0,P2R,15AprV1R4,T2,3450.2,3265.521,1896.16,2178.197,34.577,11.564,5.66157743282006,0.119233725963647,5.45368731563422,0.9244,35.788,999
1996,13/11/1996,318,1995,15-Apr,6,sugar,alive,4,396,1991,14/10/1995,105,0,0,318,1996,21,2039,8125.78,7290.62,6425.38,199.035,4025.56,,17433.496,6973.398,69.796,21.977,66.712,66.712,1.148,8934.375,8935.523,144206.416,0.703,23,3220,547.9,161.118,1946.534,342.523,1362.725,289.167,1651.892,6.035,8922.674,1.46,8924.134,143913.571,200,264.911,329.708,29.675,0.051,9.881,5.907,7980.215,360.666,0.949,4240.1,15.6,1696,0,0,19.503,29.755,20.901,107,Burdekin,AyrDPI,Mulg,1961,Furrow,BareFallow,35,Surf1,200,140,LowFreq,0,P2R,15AprV1R4,T2,3767.9,3562.523,2107.652,2396.819,39.607,9.932,5.58691129853758,0.120489111878985,5.4232970027248,0.995175,40.256,999
1997,15/04/1997,105,0,15-Apr,6,none,out,-1,0,1991,0.000,105,0,0,318,-1,21,2039,0,0,0,0,0,,18057.55,7223.019,71.248,0,75.068,75.068,1.46,8922.674,8924.134,143913.571,0.699,0,0,812.5,147.77,362.872,415.088,0,194.776,194.776,0.442,9024.001,3.355,9027.357,147435.423,0,0,12.169,0.414,0.095,0.114,0.039,3108.782,361.388,0.751,1984.8,7.8,793.9,0,0,23.067,31.083,22.078,116.8,Burdekin,AyrDPI,Mulg,1961,Furrow,BareFallow,35,Surf1,200,140,LowFreq,0,P2R,15AprV1R4,T2,812.5,415.088,510.642,705.418,0.623,0.209,0,0,0,,0,999
1998,15/07/1998,196,1997,15-Apr,7,sugar,alive,0,456,1997,15/4/1997,105,0,0,318,1998,21,2039,9511.6,8519.87,7623.45,236.233,4311.29,,0,0,0,19.548,182.151,182.151,3.355,9024.001,9027.357,147435.423,0.701,20,2800,1035.5,199.07,2061.697,533.308,1337.919,336.676,1674.595,8.917,8918.181,2.346,8920.528,143130.444,200,323.062,373.762,21.723,0.147,16.262,4.509,9120.237,363.555,0.979,5500.2,20.2,2200.1,0,0,19.202,28.19,18.842,189.6,Burdekin,AyrDPI,Mulg,1961,Furrow,BareFallow,35,Surf1,200,140,LowFreq,0,P2R,15AprV1R4,T2,3835.5,3333.308,2260.767,2597.443,38.132,16.409,7.08704386153335,0.14106873602274,7.26870769230769,1.181165,43.113,999
1999,15/08/1999,227,1998,15-Apr,7,sugar,alive,1,396,1997,15/7/1998,105,0,0,318,1999,21,2039,6903.75,6128.08,5409.07,166.084,3272.19,,20724.465,8289.787,79.768,21.334,82.288,82.288,2.346,8918.181,8920.528,143130.444,0.696,17,2380,1153.6,294.171,1911.922,668.857,1049.202,287.447,1336.649,5.856,8911.386,1.259,8912.645,142729.102,200,255.296,313.689,24.94,0.094,11.105,5.065,7799.788,365.471,0.927,3739.2,13.7,1495.7,0,0,19.752,28.624,18.776,112,Burdekin,AyrDPI,Mulg,1961,Furrow,BareFallow,35,Surf1,200,140,LowFreq,0,P2R,15AprV1R4,T2,3533.6,3048.857,2206.093,2493.54,36.139,11.199,5.44741849158554,0.124254011337307,5.8686925795053,0.83042,32.722,999
2000,14/09/2000,258,1999,15-Apr,7,sugar,alive,2,396,1997,15/8/1999,105,0,0,318,2000,21,2039,7660.43,6855.51,6065.22,187.03,3498.91,,15883.132,6353.252,60.926,20.111,73.146,73.146,1.259,8911.386,8912.645,142729.102,0.696,17,2380,1493.5,441.555,2071.519,619.651,1112.098,254.895,1366.993,5.809,8915.209,1.238,8916.447,142537.192,200,250.753,300.812,21.307,0.1,11.011,4.357,7402.267,367.415,0.965,4781.6,17.5,1912.6,0,0,18.677,28.119,19.581,136,Burdekin,AyrDPI,Mulg,1961,Furrow,BareFallow,35,Surf1,200,140,LowFreq,0,P2R,15AprV1R4,T2,3873.5,2999.651,2513.074,2767.969,32.418,11.111,6.23505867849293,0.136818549912106,6.60883392226148,0.93515,34.989,999
2001,14/10/2001,287,2000,15-Apr,7,sugar,alive,3,395,1997,14/9/2000,105,0,0,318,2001,21,2039,7199.45,6462.03,5664.89,175.368,3603.9,,17623.626,7049.45,71.347,22.377,66.579,66.579,1.238,8915.209,8916.447,142537.192,0.694,22,3080,561.9,224.753,1874.987,390.292,1236.249,305.712,1541.961,8.419,8897.395,1.67,8899.065,141704.721,200,255.344,330.95,39.132,0.11,11.689,7.579,8207.729,369.4,0.932,3848.1,14.1,1539.2,0,0,17.987,29.181,20.23,52,Burdekin,AyrDPI,Mulg,1961,Furrow,BareFallow,35,Surf1,200,140,LowFreq,0,P2R,15AprV1R4,T2,3641.9,3470.292,2099.74,2405.452,50.931,11.799,5.05340760950375,0.113730502911552,4.96793201133144,0.87684,36.039,999
2002,14/11/2002,318,2001,15-Apr,7,sugar,alive,4,396,1997,14/10/2001,105,0,0,318,2002,21,2039,7836.03,7019.09,6166.64,190.61,3847.98,,16314.633,6525.853,65.985,21.931,66.779,66.779,1.67,8897.395,8899.065,141704.721,0.69,21,2940,810.4,124.888,1935.058,315.144,1431.37,271.655,1703.025,9.721,8873.124,1.446,8874.569,140817.46,200,275.739,335.342,27.22,0.061,11.571,5.497,8210.046,371.419,0.963,4728.7,17.4,1891.5,0,0,18.495,30.339,21.474,206,Burdekin,AyrDPI,Mulg,1961,Furrow,BareFallow,35,Surf1,200,140,LowFreq,0,P2R,15AprV1R4,T2,3750.4,3255.144,2059.946,2331.601,38.852,11.632,5.85565492647944,0.111924369871258,5.62271386430679,0.95305,38.48,999
2003,15/04/2003,105,0,15-Apr,7,none,out,-1,0,1997,0.000,105,0,0,318,-1,21,2039,0,0,0,0,0,,18209.258,7283.704,79.395,0,54.207,54.207,1.446,8873.124,8874.569,140817.46,0.686,0,0,414.2,83.029,123.123,287.105,0,118.425,118.425,0.106,8967.641,8.102,8975.743,143942.992,0,0,10.838,0.268,0.119,0.031,0.031,2985.168,372.211,0.851,2719.8,11.9,1087.9,0,0,21.861,31.873,22.582,51,Burdekin,AyrDPI,Mulg,1961,Furrow,BareFallow,35,Surf1,200,140,LowFreq,0,P2R,15AprV1R4,T2,414.2,287.105,206.152,324.577,0.418,0.15,0,0,0,,0,999
2004,14/07/2004,196,2003,15-Apr,8,sugar,alive,0,456,2003,15/4/2003,105,0,0,318,2004,21,2039,9047.11,8099.79,7146.28,220.984,4402.86,,0,0,0,21.606,143.83,143.83,8.102,8967.641,8975.743,143942.992,0.686,21,2940,747.8,141.735,1768.799,416.257,1523.889,323.764,1847.653,5.971,8856.615,2.057,8858.671,138480.802,200,344.385,391.925,18.837,0.191,10.839,3.881,10498.718,374.595,0.971,5065.5,18.6,2026.2,0,0,18.211,29.555,19.63,173.2,Burdekin,AyrDPI,Mulg,1961,Furrow,BareFallow,35,Surf1,200,140,LowFreq,0,P2R,15AprV1R4,T2,3687.8,3356.257,1910.534,2234.298,29.867,11.03,6.58423952635332,0.119602544417161,6.51870206489676,1.10492,44.029,999
2005,16/08/2005,228,2004,15-Apr,8,sugar,alive,1,398,2003,14/7/2004,105,0,2,318,2005,19,2039,7239.66,6449.42,5637.31,173.24,3402,,20462.728,8185.092,82.461,21.254,73.443,73.443,2.057,8856.615,8858.671,138480.802,0.683,21,2940,746.3,198.304,1810.604,309.901,1318.434,290.955,1609.389,4.829,8841.741,1.329,8843.07,137083.116,200,272.135,327.755,20.682,0.133,8.444,4.302,8806.626,376.715,0.93,3801.1,13.9,1520.5,0,0,17.846,29.429,20.165,143.4,Burdekin,AyrDPI,Mulg,1961,Furrow,BareFallow,35,Surf1,200,140,LowFreq,0,P2R,15AprV1R4,T2,3686.3,3249.901,2008.908,2299.863,29.259,8.577,5.33062391746703,0.10764333545215,5.11032448377581,0.8662,34.02,999
2006,16/09/2006,259,2005,15-Apr,8,sugar,alive,2,396,2003,16/8/2005,105,0,2,320,2006,19,2041,7278.75,6490.52,5663.25,173.72,3253.23,,16851.005,6740.402,66.847,20.134,141.446,141.446,1.329,8841.741,8843.07,137083.116,0.684,20,2800,922.8,277.354,2028.971,470.71,1223.623,263.96,1487.583,6.684,8832.963,1.125,8834.088,135884.86,200,260.56,316.534,17.483,0.175,18.982,3.671,8513.136,378.86,0.963,4692.9,17.2,1877.2,0,0,18.715,29.303,19.703,178.4,Burdekin,AyrDPI,Mulg,1961,Furrow,BareFallow,35,Surf1,200,140,LowFreq,0,P2R,15AprV1R4,T2,3722.8,3270.71,2306.325,2570.285,36.64,19.157,5.31138498980344,0.11678003849197,5.34523076923077,0.8686,32.532,999
2007,16/10/2007,289,2006,15-Apr,8,sugar,alive,3,395,2003,16/9/2006,105,0,2,320,2007,19,2041,7603.47,6845.95,6016.95,186.516,3660.91,,17720.711,7088.285,73.137,21.242,70.338,70.338,1.125,8832.963,8834.088,135884.86,0.681,21,2940,956.9,332.49,1999.273,467.125,1289.836,262.565,1552.401,7.131,8830.588,1.739,8832.328,134508.841,200,257.245,318.396,25.434,0.159,10.769,5.118,8913.101,381.041,0.936,3931.5,14.4,1572.6,0,0,17.785,28.667,19.979,130.2,Burdekin,AyrDPI,Mulg,1961,Furrow,BareFallow,35,Surf1,200,140,LowFreq,0,P2R,15AprV1R4,T2,3896.9,3407.125,2331.763,2594.328,36.362,10.928,5.47429284220567,0.120146791969343,5.50194690265487,0.93258,36.609,999
2008,15/11/2008,320,2007,15-Apr,8,sugar,alive,4,396,2003,16/10/2007,105,0,2,320,2008,19,2041,7462.44,6635.05,5868.69,181.074,3591.49,,16827.207,6730.882,68.09,21.496,83.074,83.074,1.739,8830.588,8832.328,134508.841,0.679,20,2800,1306.2,430.231,2182.955,558.134,1247.651,270.494,1518.145,7.606,8823.1,1.624,8824.724,133044.953,200,255.667,318.284,29.324,0.241,12.11,5.712,8790.651,383.252,0.952,4325.9,15.9,1730.4,0,0,18.198,29.03,19.647,108.2,Burdekin,AyrDPI,Mulg,1961,Furrow,BareFallow,35,Surf1,200,140,LowFreq,0,P2R,15AprV1R4,T2,4106.2,3358.134,2613.186,2883.68,41.675,12.351,5.39210168504294,0.119273191954655,5.57150769230769,0.90537,35.915,999
2009,18/04/2009,108,0,15-Apr,8,none,out,-1,0,2003,0.000,108,3,2,323,-1,17,2041,0,0,0,0,0,,17223.917,6889.567,75.703,0,57.943,57.943,1.624,8823.1,8824.724,133044.953,0.676,0,0,1763,454.828,951.257,515.403,0,225.76,225.76,1.635,8918.233,9.655,8927.888,135362.882,0,0,24.591,1.31,0.736,0.497,0.13,4229.503,384.131,0.572,1213.2,5.3,485.3,0,0,22.855,31.271,18.358,197.2,Burdekin,AyrDPI,Mulg,1961,Furrow,BareFallow,35,Surf1,200,140,LowFreq,0,P2R,15AprV1R4,T2,1763,515.403,1406.085,1631.845,2.543,1.233,0,0,0,,0,999
2010,18/07/2010,199,2009,15-Apr,9,sugar,alive,0,456,2009,18/4/2009,108,3,0,321,2010,18,2039,8768.08,7855.51,6880.91,212.489,3829.33,,0,0,0,19.266,189.098,189.098,9.655,8918.233,8927.888,135362.882,0.678,21,2940,1076.8,325.531,2046.349,481.433,1444.172,311.516,1755.688,10.247,8736.992,2.508,8739.5,130601.468,200,395.005,437.595,23.222,5.405,13.155,4.788,8968.165,386.751,0.979,5494.7,20.2,2197.9,0,0,17.891,29.034,18.605,135.2,Burdekin,AyrDPI,Mulg,1961,Furrow,BareFallow,35,Surf1,200,140,LowFreq,0,P2R,15AprV1R4,T2,4016.8,3421.433,2371.88,2683.396,41.782,18.56,6.2105264080869,0.121028907186243,6.26811209439528,1.062445,38.293,999
2011,18/08/2011,230,2010,15-Apr,9,sugar,alive,1,396,2009,18/7/2010,108,3,0,321,2011,18,2039,7193.91,6441.03,5625.26,173.987,3243.85,,20711.476,8284.592,93.046,20.032,78.33,78.33,2.508,8736.992,8739.5,130601.468,0.67,14,1960,1470.7,265.642,1760.564,834.538,1128.826,290.318,1419.144,11.404,8723.715,1.286,8725.001,130558.415,200,253.95,322.359,35.54,1.502,8.618,7.1,7005.106,389.06,0.929,3777,13.9,1510.8,0,0,18.167,28.316,17.473,81.4,Burdekin,AyrDPI,Mulg,1961,Furrow,BareFallow,35,Surf1,200,140,LowFreq,0,P2R,15AprV1R4,T2,3430.7,2794.538,2026.206,2316.524,45.66,10.12,6.22596651038562,0.122599961667033,7.219377593361,0.869935,32.438,999
2012,17/09/2012,261,2011,15-Apr,9,sugar,alive,2,396,2009,18/8/2011,108,3,0,321,2012,18,2039,7358.93,6606.77,5775.14,178.196,3441.91,,16543.937,6617.574,69.437,20.858,63.68,63.68,1.286,8723.715,8725.001,130558.415,0.672,17,2380,1155.4,310.345,1741.944,586.941,1223.372,258.248,1481.62,5.568,8721.044,0.991,8722.035,130642.293,200,255.546,312.354,24.046,0.218,10.111,4.888,7065.639,391.4,0.957,4506.2,16.5,1802.5,0,0,17.856,28.674,19.146,197.4,Burdekin,AyrDPI,Mulg,1961,Furrow,BareFallow,35,Surf1,200,140,LowFreq,0,P2R,15AprV1R4,T2,3535.4,2966.941,2052.289,2310.537,34.375,10.329,6.00605135053242,0.12027105465639,6.29667844522968,0.89098,34.419,999
2013,17/10/2013,290,2012,15-Apr,9,sugar,alive,3,395,2009,17/9/2012,108,3,0,321,2013,18,2039,7459.13,6635.27,5911.42,181.942,3469.53,,17292.525,6917.01,72.434,20.555,65.171,65.171,0.991,8721.044,8722.035,130642.293,0.67,21,2940,530.8,126.234,1798.849,303.616,1286.58,267.654,1554.234,5.766,8716.409,1.404,8717.813,130503.379,200,262.588,318.32,20.84,0.058,11.923,4.307,7621.336,393.784,0.958,4529.5,16.6,1811.8,0,0,18.337,29.438,20.452,178.6,Burdekin,AyrDPI,Mulg,1961,Furrow,BareFallow,35,Surf1,200,140,LowFreq,0,P2R,15AprV1R4,T2,3470.8,3243.616,1925.083,2192.737,32.821,11.981,5.60923364541302,0.117062166958129,5.36702064896755,0.90971,34.695,999
2014,17/11/2014,321,2013,15-Apr,9,sugar,alive,4,396,2009,17/10/2013,108,3,0,321,2014,18,2039,7539.01,6744.84,5934.64,183.397,3548.51,,17005.61,6802.244,70.204,20.899,56.654,56.654,1.404,8716.409,8717.813,130503.379,0.669,21,2940,733,204.664,1936.86,428.293,1252.875,278.194,1531.068,9.301,8710.79,1.412,8712.202,130442.369,200,255.758,317.446,29.729,0.093,10.266,5.961,7402.212,396.204,0.955,4432.5,16.3,1773,0,0,18.133,29.132,20.269,86.2,Burdekin,AyrDPI,Mulg,1961,Furrow,BareFallow,35,Surf1,200,140,LowFreq,0,P2R,15AprV1R4,T2,3673,3368.293,2141.524,2419.718,40.088,10.359,5.44480542518124,0.119783706536875,5.40994100294985,0.916985,35.485,999
2015,15/04/2015,105,0,15-Apr,9,none,out,-1,0,2009,0.000,105,0,0,321,-1,18,2039,0,0,0,0,0,,17404.742,6961.896,74.701,0,57.061,57.061,1.412,8710.79,8712.202,130442.369,0.666,0,0,344,23.244,110.963,228.56,0,134.982,134.982,0.117,8797.902,15.685,8813.587,132846.836,0,0,25.394,0.201,0.032,0.037,0.057,3876.797,397.132,0.736,1903.1,8.2,761.2,0,0,22.777,32.711,22.17,83.4,Burdekin,AyrDPI,Mulg,1961,Furrow,BareFallow,35,Surf1,200,140,LowFreq,0,P2R,15AprV1R4,T2,344,228.56,134.207,269.189,0.27,0.069,0,0,0,,0,999
2016,14/07/2016,196,2015,15-Apr,10,sugar,alive,0,456,2015,15/4/2015,105,0,0,318,2016,21,2039,9027.75,8082.18,7113.57,220.158,4203.6,,0,0,0,20.585,131.873,131.873,15.685,8797.902,8813.587,132846.836,0.667,22,3080,505.2,135.99,1644.775,391.26,1523.979,321.899,1845.878,6.957,8648.223,2.091,8650.314,129137.365,200,370.269,415.168,29.036,1.453,14.605,5.879,8278.776,399.981,0.971,5078.8,18.6,2031.5,0,0,18.496,29.812,19.085,43.6,Burdekin,AyrDPI,Mulg,1961,Furrow,BareFallow,35,Surf1,200,140,LowFreq,0,P2R,15AprV1R4,T2,3585.2,3471.26,1780.765,2102.664,45.094,16.058,6.34230798038752,0.119270070936432,6.23677053824363,1.10079,42.036,999
2017,14/08/2017,226,2016,15-Apr,10,sugar,alive,1,396,2015,14/7/2016,105,0,0,318,2017,21,2039,6925.46,6157.35,5355.29,164.726,3104.65,,20587.527,8235.011,88.204,20.282,90.431,90.431,2.091,8648.223,8650.314,129137.365,0.66,18,2520,912.2,182.583,1729.358,546.464,1239.236,287.035,1526.27,6.77,8642.483,1.118,8643.602,129264.112,200,252.467,313.629,27.41,0.352,10.937,5.513,6975.853,402.497,0.919,3584.7,13.2,1433.9,0,0,18.713,29.611,17.608,107.8,Burdekin,AyrDPI,Mulg,1961,Furrow,BareFallow,35,Surf1,200,140,LowFreq,0,P2R,15AprV1R4,T2,3432.2,3066.464,1911.941,2198.976,38.699,11.289,5.37185500954846,0.107927168849548,5.54632996632997,0.82363,31.047,999
2018,14/09/2018,257,2017,15-Apr,10,sugar,alive,2,396,2015,14/8/2017,105,0,0,318,2018,21,2039,7045.92,6346.75,5462.41,168.859,3174.98,,16393.398,6557.36,65.284,20.227,84.42,84.42,1.118,8642.483,8643.602,129264.112,0.661,21,2940,718.7,260.698,1875.239,364.7,1263.264,260.779,1524.042,7.247,8639.372,1.266,8640.638,129274.706,200,241.548,311.391,35.154,0.077,11.264,6.894,7042.089,405.05,0.924,3680,13.5,1472,0,0,17.808,29.585,18.303,130.4,Burdekin,AyrDPI,Mulg,1961,Furrow,BareFallow,35,Surf1,200,140,LowFreq,0,P2R,15AprV1R4,T2,3658.7,3304.7,2135.937,2396.716,46.495,11.341,5.10966199655037,0.110796815310864,4.98109144542773,0.844295,31.75,999
2019,14/10/2019,287,2018,15-Apr,10,sugar,alive,3,395,2015,14/9/2018,105,0,0,318,2019,21,2039,6281.85,5553.46,4824.31,147.103,2526,,16587.802,6635.122,66.633,18.221,83.14,83.14,1.266,8639.372,8640.638,129274.706,0.658,19,2660,1183,393.722,2125.783,479.733,1096.479,255.714,1352.193,11.006,8639.602,1.295,8640.897,129324.002,200,241.354,305.865,30.233,0.101,12.122,6.001,6862.396,407.641,0.952,4344.7,15.9,1737.9,0,0,18.354,29.528,17.422,92.8,Burdekin,AyrDPI,Mulg,1961,Furrow,BareFallow,35,Surf1,200,140,LowFreq,0,P2R,15AprV1R4,T2,3843,3139.733,2519.505,2775.219,42.456,12.223,4.68520730902914,0.108788464368622,4.73,0.735515,25.26,999
2020,13/11/2020,318,2019,15-Apr,10,sugar,alive,4,396,2015,14/10/2019,105,0,0,318,2020,21,2039,7292.14,6468.16,5638.38,172.706,3149.32,,16082.113,6432.844,72.441,19.529,54.442,54.442,1.295,8639.602,8640.897,129324.002,0.657,20,2800,1074.7,244.15,2097.884,439.322,1274.967,248.274,1523.241,8.138,8627.788,1.366,8629.154,129155.392,200,261.091,320.696,25.678,0.088,11.935,5.259,7132.471,410.264,0.964,4755.5,17.5,1902.2,0,0,18.85,29.943,18.904,327.8,Burdekin,AyrDPI,Mulg,1961,Furrow,BareFallow,35,Surf1,200,140,LowFreq,0,P2R,15AprV1R4,T2,3874.7,3239.322,2342.034,2590.308,37.701,12.023,5.33154777450343,0.113380614098491,5.31403076923077,0.86353,31.493,999
2021,15/04/2021,105,0,15-Apr,10,none,out,-1,0,2015,0.000,105,0,0,318,-1,21,2039,0,0,0,0,0,,18099.097,7239.64,79.709,0,63.867,63.867,1.366,8627.788,8629.154,129155.392,0.654,0,0,902,194.786,413.68,437.92,0,182.169,182.169,0.464,8724.589,3.243,8727.832,132056.388,0,0,17.136,0.541,0.139,0.144,0.056,3281.153,411.3,0.65,1499.7,6.6,599.9,0,0,22.604,31.422,17.953,132.4,Burdekin,AyrDPI,Mulg,1961,Furrow,BareFallow,35,Surf1,200,140,LowFreq,0,P2R,15AprV1R4,T2,902,437.92,608.466,790.635,0.824,0.283,0,0,0,,0,999
1957,15/04/1957,105,0,15-Apr,0,none,out,-1,0,-1,0.000,105,0,0,318,-1,21,2039,0,0,0,0,0,,0,0,0,0,0,0,0,0,0,0,0.89,0,0,534.4,0,252.969,281.431,0,194.312,194.312,11.636,9502.255,36.367,9538.622,141763.504,0,0,38.406,4.39,0,0.953,0.776,1051.423,350,0.014,19.7,0.1,7.9,0,0,21.346,30.448,18.588,77.7,Burdekin,AyrDPI,Mulg,1957,Furrow,BareFallow,35,Surf1,200,140,LowFreq,0,P2R,15AprV1R4,T2,534.4,281.431,252.969,447.281,5.343,0.953,0,0,0,,0,999
1958,15/07/1958,196,1957,15-Apr,1,sugar,alive,0,456,1957,15/4/1957,105,0,0,318,1958,21,2039,7668.9,6877.7,5960.35,184.211,3249.42,,0,0,0,18.797,116.669,116.669,36.367,9502.255,9538.622,141763.504,0.884,20,2800,1061.7,198.959,2017.725,560.266,1314.263,366.858,1681.12,33.941,9413.148,0.812,9413.961,141230.085,200,295.583,324.921,40.44,0.074,24.483,8.318,3571.284,350,0.975,5282.7,19.4,2113.1,0,0,17.416,28.757,18.932,136.1,Burdekin,AyrDPI,Mulg,1957,Furrow,BareFallow,35,Surf1,200,140,LowFreq,0,P2R,15AprV1R4,T2,3861.7,3360.266,2216.684,2583.542,64.997,24.557,5.48203624355929,0.109576353859332,5.66803076923077,0.921055,32.494,999
1959,15/08/1959,227,1958,15-Apr,1,sugar,alive,1,396,1957,15/7/1958,105,0,0,318,1959,21,2039,6438.09,5730.18,4984.02,153.038,2831.98,,19012.952,7605.181,90.691,19.861,80.565,80.565,0.812,9413.148,9413.961,141230.085,0.867,18,2520,875.3,289.276,1687.995,491.114,1133.215,278.527,1411.742,4.676,9431.277,0.827,9432.104,142350.131,200,224.711,285.692,25.598,0.001,8.265,5.203,5295.446,350,0.937,3955.1,14.6,1582.1,0,0,16.869,28.466,19.548,162.8,Burdekin,AyrDPI,Mulg,1957,Furrow,BareFallow,35,Surf1,200,140,LowFreq,0,P2R,15AprV1R4,T2,3395.3,3011.114,1977.271,2255.798,33.864,8.266,5.08243792828834,0.108403660158868,5.15279461279461,0.76519,28.32,999
1960,14/09/1960,258,1959,15-Apr,1,sugar,alive,2,396,1957,15/8/1959,105,0,0,318,1960,21,2039,7236.87,6502.91,5615.76,173.297,3206.17,,15721.404,6288.563,63.303,19.856,86.852,86.852,0.827,9431.277,9432.104,142350.131,0.865,19,2660,1107.6,303.215,2032.621,515.278,1197.701,256.222,1453.923,6.751,9422.001,0.932,9422.932,143398.35,200,249.263,308.591,28.245,0.001,11.203,5.688,5608.096,350,0.955,4414.6,16.2,1765.8,0,0,17.494,28.356,20.039,210.1,Burdekin,AyrDPI,Mulg,1957,Furrow,BareFallow,35,Surf1,200,140,LowFreq,0,P2R,15AprV1R4,T2,3767.6,3175.278,2335.836,2592.058,39.449,11.204,5.45769535769781,0.119192694523713,5.57225080385852,0.866485,32.062,999
1961,14/10/1961,287,1960,15-Apr,1,sugar,alive,3,395,1957,14/9/1960,105,0,0,318,1961,21,2039,7471.18,6734.47,5811.24,180.029,3617.42,,17531.893,7012.758,73.529,21.815,64.693,64.693,0.932,9422.001,9422.932,143398.35,0.857,22,3080,490.9,199.757,1710.589,295.344,1368.567,284.182,1652.749,5.698,9407.471,1.323,9408.793,144361.446,200,259.503,321.021,29.204,0.001,11.936,5.843,6190.298,350,0.945,4144.7,15.2,1657.9,0,0,16.939,29.173,21.112,63.2,Burdekin,AyrDPI,Mulg,1957,Furrow,BareFallow,35,Surf1,200,140,LowFreq,0,P2R,15AprV1R4,T2,3570.9,3375.344,1910.346,2194.528,41.141,11.937,5.33364895548424,0.108927005855094,5.0999716713881,0.900145,36.174,999
1962,14/11/1962,318,1961,15-Apr,1,sugar,alive,4,396,1957,14/10/1961,105,0,0,318,1962,21,2039,7370.37,6545.13,5691.32,175.152,3389.48,,17632.447,7052.979,75.767,20.903,72.498,72.498,1.323,9407.471,9408.793,144361.446,0.849,19,2660,942.7,236.201,1730.486,510.933,1349.341,288.863,1638.204,9.933,9383.389,1.839,9385.227,145289.668,200,263.364,335.625,37.652,0.001,12.394,7.321,6410.526,350,0.941,4049.5,14.9,1619.8,0,0,17.883,29.608,20.496,102.1,Burdekin,AyrDPI,Mulg,1957,Furrow,BareFallow,35,Surf1,200,140,LowFreq,0,P2R,15AprV1R4,T2,3602.7,3170.933,1966.687,2255.55,50.047,12.395,5.52367394706858,0.106917087249207,5.63189710610932,0.87576,33.895,999
1963,15/04/1963,105,0,15-Apr,1,none,out,-1,0,1957,0.000,105,0,0,318,-1,21,2039,0,0,0,0,0,,17714.037,7085.615,77.013,0,70.307,70.307,1.839,9383.389,9385.227,145289.668,0.84,0,0,1086.4,214.346,445.732,524.382,0,262.78,262.78,2.037,9477.07,10.774,9487.845,148242.039,0,0,31.847,4.035,0.004,0.804,0.351,3733.263,350,0.385,694.9,3,278,0,0,22.247,31.071,18.839,91.9,Burdekin,AyrDPI,Mulg,1957,Furrow,BareFallow,35,Surf1,200,140,LowFreq,0,P2R,15AprV1R4,T2,1086.4,524.382,660.078,922.858,4.843,0.808,0,0,0,,0,999
1964,14/07/1964,196,1963,15-Apr,2,sugar,alive,0,456,1963,15/4/1963,105,0,0,318,1964,21,2039,8104.59,7238.36,6329.39,195.188,3431.6,,0,0,0,18.725,233.85,233.85,10.774,9477.07,9487.845,148242.039,0.841,21,2940,620,241.618,1664.86,442.147,1456.075,336.834,1792.909,14.571,9323.662,2.162,9325.824,145973.438,200,344.388,403.085,42.976,0.003,18.774,8.566,6105.419,350,0.967,4890,17.9,1956,0,0,16.75,28.855,19.018,92.7,Burdekin,AyrDPI,Mulg,1957,Furrow,BareFallow,35,Surf1,200,140,LowFreq,0,P2R,15AprV1R4,T2,3560,3382.147,1906.478,2243.312,61.753,18.777,5.77112703853499,0.108866651904809,5.7577581120944,0.97594,34.316,999
1965,14/08/1965,226,1964,15-Apr,2,sugar,alive,1,396,1963,14/7/1964,105,0,0,318,1965,21,2039,6882.2,6152.69,5247.2,161.255,3016.97,,19245.787,7698.314,90.647,20.113,94.463,94.463,2.162,9323.662,9325.824,145973.438,0.824,19,2660,830.4,251.793,1719.134,434.904,1261.432,271.608,1533.039,5.115,9307.652,1.091,9308.743,146650.275,200,255.3,318.964,28.405,0.001,14.052,5.704,5994.153,350,0.94,4009.7,14.8,1603.9,0,0,17.025,29.153,19.583,107.4,Burdekin,AyrDPI,Mulg,1957,Furrow,BareFallow,35,Surf1,200,140,LowFreq,0,P2R,15AprV1R4,T2,3490.4,3094.904,1970.927,2242.535,42.458,14.053,5.21033931908712,0.105186495581652,5.18504823151125,0.806275,30.17,999
1966,14/09/1966,257,1965,15-Apr,2,sugar,alive,2,396,1963,14/8/1965,105,0,0,318,1966,21,2039,7218.1,6462.54,5554.51,171.067,3236.95,,17305.78,6922.312,74.032,20.374,80.898,80.898,1.091,9307.652,9308.743,146650.275,0.82,21,2940,392.1,212.308,1579.938,257.299,1262.09,268.399,1530.489,4.948,9296.044,1.187,9297.23,147578.546,200,260.176,318.996,27.341,0.002,10.439,5.514,6218.736,350,0.937,3939,14.5,1575.6,0,0,17.613,28.709,19.595,102.9,Burdekin,AyrDPI,Mulg,1957,Furrow,BareFallow,35,Surf1,200,140,LowFreq,0,P2R,15AprV1R4,T2,3332.1,3197.299,1792.246,2060.645,37.782,10.441,5.35035978805861,0.111772773277038,5.04622418879056,0.855335,32.369,999
1967,14/10/1967,287,1966,15-Apr,2,sugar,alive,3,395,1963,14/9/1966,105,0,0,318,1967,21,2039,7037.61,6323.88,5478.44,169.346,3211.47,,17488.704,6995.482,72.157,20.426,90.262,90.262,1.187,9296.044,9297.23,147578.546,0.813,20,2800,809.7,272.878,1862.982,386.856,1216.184,278.488,1494.673,6.652,9284.376,1.308,9285.684,148588.811,200,247.387,319.63,39.541,0.002,12.205,7.733,6173.898,350,0.936,3936.1,14.4,1574.4,0,0,17.992,28.818,20.041,154.9,Burdekin,AyrDPI,Mulg,1957,Furrow,BareFallow,35,Surf1,200,140,LowFreq,0,P2R,15AprV1R4,T2,3609.7,3186.856,2135.86,2414.348,51.748,12.207,5.31388930030099,0.113299698328665,5.21064615384615,0.84673,32.115,999
1968,13/11/1968,318,1967,15-Apr,2,sugar,alive,4,396,1963,14/10/1967,105,0,0,318,1968,21,2039,7525.55,6770,5795.04,179.253,3305.04,,16598.586,6639.434,68.596,19.779,69.43,69.43,1.308,9284.376,9285.684,148588.811,0.806,20,2800,1461.8,380.374,2310.739,538.354,1265.574,302.29,1567.864,10.421,9269.987,1.555,9271.542,149506.312,200,263.971,321.039,25.996,0.002,12.812,5.346,6315.213,350,0.94,4031.1,14.8,1612.4,0,0,18.116,28.915,20.428,187.9,Burdekin,AyrDPI,Mulg,1957,Furrow,BareFallow,35,Surf1,200,140,LowFreq,0,P2R,15AprV1R4,T2,4261.8,3338.354,2691.113,2993.403,38.81,12.814,5.36950245540167,0.114329431634376,5.51547692307692,0.896265,33.05,999
1969,15/04/1969,105,0,15-Apr,2,none,out,-1,0,1963,0.000,105,0,0,318,-1,21,2039,0,0,0,0,0,,18135.73,7254.291,78.927,0,72.253,72.253,1.555,9269.987,9271.542,149506.312,0.799,0,0,145.4,0.061,1.063,144.331,0,116.329,116.329,0.001,9366.004,2.524,9368.528,153458.718,0,0,3.299,0.01,0,0,0.007,1904.249,350,0.877,2996.7,13,1198.7,0,0,21.46,32.39,21.894,46.5,Burdekin,AyrDPI,Mulg,1957,Furrow,BareFallow,35,Surf1,200,140,LowFreq,0,P2R,15AprV1R4,T2,145.4,144.331,1.124,117.453,0.01,0,0,0,0,,0,999
1970,15/07/1970,196,1969,15-Apr,3,sugar,alive,0,456,1969,15/4/1969,105,0,0,318,1970,21,2039,8112.51,7272.93,6334,196.004,3697.35,,0,0,0,20.302,100.201,100.201,2.524,9366.004,9368.528,153458.718,0.8,22,3080,660,132.667,1835.63,397.256,1428.879,364.427,1793.307,7.804,9258.296,1.829,9260.124,150383.498,200,322.861,382.488,26.296,0.003,14.53,5.339,7969.14,350,0.942,4075.5,15,1630.2,0,0,17.51,29.042,19.564,133.6,Burdekin,AyrDPI,Mulg,1957,Furrow,BareFallow,35,Surf1,200,140,LowFreq,0,P2R,15AprV1R4,T2,3740,3477.256,1968.297,2332.724,40.829,14.533,5.6367434551842,0.109297515707015,5.55252124645892,0.98002,36.974,999
1971,15/08/1971,227,1970,15-Apr,3,sugar,alive,1,396,1969,15/7/1970,105,0,0,318,1971,21,2039,7007.47,6277.85,5431.67,167.486,3071.08,,18581.494,7432.597,79.372,19.654,78.598,78.598,1.829,9258.296,9260.124,150383.498,0.794,17,2380,1175,228.776,1801.168,673.398,1239.766,283.757,1523.524,5.917,9239.627,1.258,9240.886,150821.317,200,254.468,319.575,37.143,0.003,7.685,7.369,6353.143,350,0.923,3654.4,13.4,1461.8,0,0,17.251,28.573,19.344,220,Burdekin,AyrDPI,Mulg,1957,Furrow,BareFallow,35,Surf1,200,140,LowFreq,0,P2R,15AprV1R4,T2,3555,3053.398,2029.944,2313.701,44.831,7.688,5.48523317300922,0.109933286249511,5.9182332155477,0.83743,30.711,999
1972,14/09/1972,258,1971,15-Apr,3,sugar,alive,2,396,1969,15/8/1971,105,0,0,318,1972,21,2039,6918.54,6232.87,5289.24,163.159,2972.24,,16500.547,6600.22,68.23,19.507,80.13,80.13,1.258,9239.627,9240.886,150821.317,0.789,19,2660,1435.2,385.054,2167.092,504.073,1262.705,284.637,1547.342,9.785,9228.261,1.168,9229.429,151447.894,200,251.794,311.074,32.196,0.005,10.705,6.413,6286.224,350,0.936,3936.8,14.4,1574.7,0,0,16.759,28.732,19.826,206.2,Burdekin,AyrDPI,Mulg,1957,Furrow,BareFallow,35,Surf1,200,140,LowFreq,0,P2R,15AprV1R4,T2,4095.2,3164.073,2552.146,2836.783,42.906,10.71,5.15661301114102,0.105444691606639,5.24627009646302,0.815795,29.722,999
1973,14/10/1973,287,1972,15-Apr,3,sugar,alive,3,395,1969,14/9/1972,105,0,0,318,1973,21,2039,7233.71,6483.53,5547.93,170.919,3057.62,,17195.295,6878.118,74.298,19.104,75.842,75.842,1.168,9228.261,9229.429,151447.894,0.783,20,2800,1125.6,302.682,2066.563,595.658,1237.454,274.239,1511.693,8.366,9218.128,1.74,9219.868,151978.169,200,260.055,320.744,26.49,0.003,12.06,5.408,6778.205,350,0.926,3719.3,13.7,1487.7,0,0,18.389,29.085,19.8,108.5,Burdekin,AyrDPI,Mulg,1957,Furrow,BareFallow,35,Surf1,200,140,LowFreq,0,P2R,15AprV1R4,T2,3925.6,3395.658,2369.245,2643.484,38.553,12.063,5.03345743299237,0.113064623571056,5.25904615384615,0.854595,30.576,999
1974,14/11/1974,318,1973,15-Apr,3,sugar,alive,4,396,1969,14/10/1973,105,0,0,318,1974,21,2039,6441.44,5812.19,4979.54,155.227,3071.97,,17490.5,6996.2,70.866,21.442,120.503,120.503,1.74,9218.128,9219.868,151978.169,0.777,17,2380,1952.2,748.385,2236.962,768.085,1066.813,320.545,1387.358,9.527,9213.714,1.988,9215.702,152149.653,200,209.687,313.541,60.858,0.096,16.752,11.436,6604.451,350,0.842,2634.1,9.7,1053.6,0,0,17.922,28.466,18.8,152.9,Burdekin,AyrDPI,Mulg,1957,Furrow,BareFallow,35,Surf1,200,140,LowFreq,0,P2R,15AprV1R4,T2,4332.2,3148.085,2985.347,3305.892,77.706,16.848,4.93083890682748,0.111886766069032,5.48505300353357,0.776135,30.72,999
1975,15/04/1975,105,0,15-Apr,3,none,out,-1,0,1969,0.000,105,0,0,318,-1,21,2039,0,0,0,0,0,,14665.036,5866.013,61.614,0,79.997,79.997,1.988,9213.714,9215.702,152149.653,0.771,0,0,630.3,84.22,167.308,430.43,0,263.652,263.652,0.462,9297.434,13.421,9310.855,154334.39,0,0,25.869,1.581,0.008,0.249,0.169,3776.852,350,0.423,785.6,3.3,314.3,0,0,21.936,30.98,21.26,65,Burdekin,AyrDPI,Mulg,1957,Furrow,BareFallow,35,Surf1,200,140,LowFreq,0,P2R,15AprV1R4,T2,630.3,430.43,251.528,515.18,1.838,0.257,0,0,0,,0,999
1976,14/07/1976,196,1975,15-Apr,4,sugar,alive,0,456,1975,15/4/1975,105,0,0,318,1976,21,2039,8582.4,7699.04,6686.15,206.563,3581.13,,0,0,0,18.424,195.118,195.118,13.421,9297.434,9310.855,154334.39,0.771,17,2380,2004.7,583.638,2246.027,789.39,1359.723,313.638,1673.361,19.905,9174.608,1.743,9176.351,151295.763,200,323.247,369.196,34.747,0.019,21.107,7.13,6901.451,350,0.979,5500.7,20.2,2200.3,0,0,17.666,28.095,18.294,179.8,Burdekin,AyrDPI,Mulg,1957,Furrow,BareFallow,35,Surf1,200,140,LowFreq,0,P2R,15AprV1R4,T2,4384.7,3169.39,2829.665,3143.303,55.873,21.126,6.51743710934912,0.123441982931358,7.29904593639576,1.032815,35.811,999
1977,14/08/1977,226,1976,15-Apr,4,sugar,alive,1,396,1975,14/7/1976,105,0,0,318,1977,21,2039,6779.95,6065.29,5259.7,161.721,2913.92,,20793.685,8317.474,95.442,19.262,76.791,76.791,1.743,9174.608,9176.351,151295.763,0.759,18,2520,1376.6,365.635,2134.492,525.908,1126.754,258.852,1385.606,4.991,9179.154,1.163,9180.317,150876.929,200,246.555,304.438,23.548,0.012,8.084,4.763,7388.856,350,0.942,4064.3,15,1625.7,0,0,17.488,28.286,19.446,170.6,Burdekin,AyrDPI,Mulg,1957,Furrow,BareFallow,35,Surf1,200,140,LowFreq,0,P2R,15AprV1R4,T2,3896.6,3045.908,2500.127,2758.979,31.644,8.096,5.30945123752917,0.116714996903882,5.44515151515152,0.808605,29.139,999
1978,14/09/1978,257,1977,15-Apr,4,sugar,alive,2,396,1975,14/8/1977,105,0,0,318,1978,21,2039,7565.98,6803.26,5914.79,182.987,3449.9,,16376.8,6550.719,66.339,20.29,87.658,87.658,1.163,9179.154,9180.317,150876.929,0.759,19,2660,956.1,217.716,1816.568,529.931,1242.459,272.432,1514.891,6.153,9167.208,1.345,9168.553,150213.823,200,260.645,317.607,25.09,0.009,11.542,5.105,7791.461,350,0.942,4058.2,14.9,1623.3,0,0,17.622,28.221,20.415,150.6,Burdekin,AyrDPI,Mulg,1957,Furrow,BareFallow,35,Surf1,200,140,LowFreq,0,P2R,15AprV1R4,T2,3616.1,3189.931,2034.284,2306.716,36.641,11.551,5.73639367121107,0.120792189008978,5.88382636655949,0.914935,34.499,999
1979,14/10/1979,287,1978,15-Apr,4,sugar,alive,3,395,1975,14/9/1978,105,0,0,318,1979,21,2039,6765.87,6082.54,5233.33,161.812,3043.19,,17484.6,6993.841,71.739,20.232,154.583,154.583,1.345,9167.208,9168.553,150213.823,0.754,20,2800,1484.7,446.187,2506.717,553.289,1120.839,286.238,1407.077,13.959,9163.065,1.505,9164.57,149564.234,200,237.586,309.783,29.866,0.018,24.151,5.859,7901.096,350,0.911,3456.8,12.7,1382.7,0,0,18.01,28.393,19.377,350.7,Burdekin,AyrDPI,Mulg,1957,Furrow,BareFallow,35,Surf1,200,140,LowFreq,0,P2R,15AprV1R4,T2,4284.7,3353.289,2952.904,3239.142,54.035,24.169,4.82547135066498,0.114998681664188,4.97883076923077,0.80906,30.432,999
1980,13/11/1980,318,1979,15-Apr,4,sugar,alive,4,396,1975,14/10/1979,105,0,0,318,1980,21,2039,7952.8,7152.29,6177.37,191.139,3641.76,,15964.817,6385.928,65.219,20.535,79.301,79.301,1.505,9163.065,9164.57,149564.234,0.749,21,2940,768.9,234.935,1885.791,413.043,1315.929,275.727,1591.656,7.641,9143.203,1.657,9144.86,148260.57,200,268.219,326.619,28.342,0.012,12.017,5.657,8547.757,350,0.955,4432.4,16.3,1773,0,0,18.675,29.043,20.995,86.4,Burdekin,AyrDPI,Mulg,1957,Furrow,BareFallow,35,Surf1,200,140,LowFreq,0,P2R,15AprV1R4,T2,3708.9,3353.043,2120.726,2396.453,40.371,12.029,5.70046372802258,0.120088134622054,5.6383185840708,0.955695,36.418,999
1981,15/04/1981,105,0,15-Apr,4,none,out,-1,0,1975,0.000,105,0,0,318,-1,21,2039,0,0,0,0,0,,18858.685,7543.475,78.904,0,75.819,75.819,1.657,9143.203,9144.86,148260.57,0.743,0,0,929,345.11,264.462,463.735,0,221.817,221.817,0.297,9242.082,4.969,9247.051,150981.045,0,0,18.064,0.794,0.057,0.148,0.072,3914.421,350,0.688,1662.5,7,665,0,0,21.829,30.388,19.918,102.2,Burdekin,AyrDPI,Mulg,1957,Furrow,BareFallow,35,Surf1,200,140,LowFreq,0,P2R,15AprV1R4,T2,929,463.735,609.572,831.389,0.999,0.205,0,0,0,,0,999
1982,15/07/1982,196,1981,15-Apr,5,sugar,alive,0,456,1981,15/4/1981,105,0,0,318,1982,21,2039,8499.82,7623.18,6639.85,205.48,3813.99,,0,0,0,19.931,173.429,173.429,4.969,9242.082,9247.051,150981.045,0.746,21,2940,774.6,227.527,1751.889,481.911,1473.92,355.206,1829.125,9.272,9081.441,2.475,9083.916,146248.404,200,355.098,415.181,36.467,0.039,19.87,7.283,8976.854,350,0.967,4866.9,17.9,1946.8,0,0,17.319,28.644,18.818,104.8,Burdekin,AyrDPI,Mulg,1957,Furrow,BareFallow,35,Surf1,200,140,LowFreq,0,P2R,15AprV1R4,T2,3714.6,3421.911,1979.416,2334.622,56.376,19.909,6.00483180304806,0.112337866466207,6.06135693215339,1.0274,38.14,999
1983,15/08/1983,227,1982,15-Apr,5,sugar,alive,1,396,1981,15/7/1982,105,0,0,318,1983,21,2039,7071.99,6313.79,5473.67,168.69,3040.2,,19946.535,7978.614,86.631,19.268,79.488,79.488,2.475,9081.441,9083.916,146248.404,0.736,20,2800,635.3,286.512,1658.883,359.471,1196.554,283.519,1480.073,4.655,9054.797,1.294,9056.091,146077.622,200,269.672,335.261,30.604,0.037,9.792,6.109,7039.332,350,0.935,3904.1,14.4,1561.6,0,0,17.679,28.512,19.609,95.4,Burdekin,AyrDPI,Mulg,1957,Furrow,BareFallow,35,Surf1,200,140,LowFreq,0,P2R,15AprV1R4,T2,3435.3,3159.471,1945.395,2228.914,40.433,9.829,5.33918494583429,0.113974108033861,5.19046153846154,0.84345,30.402,999
1984,14/09/1984,258,1983,15-Apr,5,sugar,alive,2,396,1981,15/8/1983,105,0,0,318,1984,21,2039,7376.33,6633.8,5683.83,175.59,3239.23,,16904.175,6761.67,70.024,19.791,89.32,89.32,1.294,9054.797,9056.091,146077.622,0.735,21,2940,591.2,199.199,1809.29,447.426,1262.63,263.61,1526.239,6.958,9041.541,1.589,9043.13,146198.531,200,262.307,322.105,27.291,0.027,10.655,5.519,7086.497,350,0.933,3864.7,14.2,1545.9,0,0,17.66,28.64,19.333,75.6,Burdekin,AyrDPI,Mulg,1957,Furrow,BareFallow,35,Surf1,200,140,LowFreq,0,P2R,15AprV1R4,T2,3531.2,3387.426,2008.489,2272.099,37.973,10.682,5.18358187012794,0.115047512217942,5.17964601769912,0.87795,32.392,999
1985,14/10/1985,287,1984,15-Apr,5,sugar,alive,3,395,1981,14/9/1984,105,0,0,318,1985,21,2039,7264.8,6572.26,5624.6,174.264,3190.3,,17671.241,7068.498,74.121,19.618,85.791,85.791,1.589,9041.541,9043.13,146198.531,0.731,20,2800,788.1,208.093,1829.425,510.684,1259.282,297.817,1557.1,6.967,9033.643,1.256,9034.9,146414.457,200,253.568,315.414,31.732,0.026,12.141,6.367,7086.722,350,0.94,4015.9,14.7,1606.4,0,0,17.489,28.667,19.694,111.4,Burdekin,AyrDPI,Mulg,1957,Furrow,BareFallow,35,Surf1,200,140,LowFreq,0,P2R,15AprV1R4,T2,3588.1,3310.684,2037.518,2335.335,43.899,12.167,5.26368569153686,0.111915740800206,5.36196923076923,0.87132,31.903,999
1986,14/11/1986,318,1985,15-Apr,5,sugar,alive,4,396,1981,14/10/1985,105,0,0,318,1986,21,2039,7260.97,6502.08,5550.27,171.378,3152.47,,17355.247,6942.099,73.421,19.726,79.274,79.274,1.256,9033.643,9034.9,146414.457,0.727,20,2800,879.6,196.832,1880.039,587.114,1280.83,307.065,1587.895,9.058,9010.688,2.088,9012.776,146278.553,200,258.907,331.347,42.712,0.036,10.413,8.335,7485.659,350,0.913,3484.6,12.8,1393.8,0,0,18.869,29.426,18.897,117.8,Burdekin,AyrDPI,Mulg,1957,Furrow,BareFallow,35,Surf1,200,140,LowFreq,0,P2R,15AprV1R4,T2,3679.6,3387.114,2076.871,2383.936,53.161,10.449,5.05970569635389,0.107927791195262,5.27316923076923,0.85689,31.525,999
1987,15/04/1987,105,0,15-Apr,5,none,out,-1,0,1981,0.000,105,0,0,318,-1,21,2039,0,0,0,0,0,,17502.776,7001.11,71.713,0,94.108,94.108,2.088,9010.688,9012.776,146278.553,0.721,0,0,212.7,0.106,21.995,190.691,0,168.466,168.466,0.026,9110.081,5.104,9115.185,149127.898,0,0,11.809,0.048,0,0.007,0.025,3269.318,350,0.775,2133.9,8.7,853.6,0,0,21.95,32.242,21.983,44,Burdekin,AyrDPI,Mulg,1957,Furrow,BareFallow,35,Surf1,200,140,LowFreq,0,P2R,15AprV1R4,T2,212.7,190.691,22.101,190.567,0.055,0.007,0,0,0,,0,999
1988,14/07/1988,196,1987,15-Apr,6,sugar,alive,0,456,1987,15/4/1987,105,0,0,318,1988,21,2039,8241.09,7362.3,6446.65,198.941,3762.07,,0,0,0,20.36,116.242,116.242,5.104,9110.081,9115.185,149127.898,0.722,21,2940,1008.5,151.148,2053.231,471.414,1420.142,340.565,1760.707,9.668,8974.777,2.029,8976.806,145643.723,200,339.82,394.623,32.828,0.05,15.675,6.642,7905.423,350,0.969,4956.8,18.2,1982.7,0,0,17.995,29.116,18.802,254,Burdekin,AyrDPI,Mulg,1957,Furrow,BareFallow,35,Surf1,200,140,LowFreq,0,P2R,15AprV1R4,T2,3948.5,3411.414,2204.379,2544.944,48.553,15.725,5.83162876156339,0.112989270787246,5.86846607669617,0.994705,37.621,999
1989,14/08/1989,226,1988,15-Apr,6,sugar,alive,1,396,1987,14/7/1988,105,0,0,318,1989,21,2039,6969.3,6195.35,5363.68,164.521,3036.68,,19466.025,7786.41,87.337,19.803,99.656,99.656,2.029,8974.777,8976.806,145643.723,0.714,16,2240,1383.4,301.941,1875.162,737.193,1193.726,265.938,1459.664,5.825,8970.895,0.898,8971.793,145734.229,200,244.619,304.825,24.398,0.041,16.846,5.009,6667.51,350,0.944,4129.9,15.2,1652,0,0,17.87,28.468,18.868,134.8,Burdekin,AyrDPI,Mulg,1957,Furrow,BareFallow,35,Surf1,200,140,LowFreq,0,P2R,15AprV1R4,T2,3623.4,2977.193,2177.103,2443.041,41.285,16.887,5.52604416307576,0.112711555536069,6.11602230483271,0.822605,30.367,999
1990,14/09/1990,257,1989,15-Apr,6,sugar,alive,2,396,1987,14/8/1989,105,0,0,318,1990,21,2039,6590.74,5845.52,5101.48,156.215,2808.96,,17158.215,6863.287,71.285,19.217,86.289,86.289,0.898,8970.895,8971.793,145734.229,0.714,17,2380,1288.6,461.673,1824.494,520.542,1134.449,275.926,1410.375,4.977,8973.923,0.996,8974.919,145912.472,200,242.379,297.994,25.369,0.055,10.726,5.141,6581.757,350.712,0.957,4508.4,16.6,1803.3,0,0,17.279,28.597,19.939,103,Burdekin,AyrDPI,Mulg,1957,Furrow,BareFallow,35,Surf1,200,140,LowFreq,0,P2R,15AprV1R4,T2,3668.6,2900.542,2286.167,2562.093,36.15,10.781,5.38571756588941,0.110761322343348,5.51996466431096,0.781075,28.09,999
1991,14/10/1991,287,1990,15-Apr,6,sugar,alive,3,395,1987,14/9/1990,105,0,0,318,1991,21,2039,7121.85,6376.88,5519.52,170.079,3340.55,,16490.781,6596.312,73.903,21.259,58.347,58.347,0.996,8973.923,8974.919,145912.472,0.711,20,2800,1680.4,496.86,2465.304,387.035,1255.331,254.97,1510.3,9.347,8970.865,1.478,8972.344,145810.272,200,251.16,308.857,25.638,0.04,11.738,5.194,7085.617,352.383,0.943,4091.8,15,1636.7,0,0,17.386,28.895,19.58,204.4,Burdekin,AyrDPI,Mulg,1957,Furrow,BareFallow,35,Surf1,200,140,LowFreq,0,P2R,15AprV1R4,T2,4480.4,3187.035,2962.164,3217.134,37.416,11.778,5.33659027905248,0.112612725948487,5.2332,0.850395,33.406,999
1992,13/11/1992,318,1991,15-Apr,6,sugar,alive,4,396,1987,14/10/1991,105,0,0,318,1992,21,2039,7949.67,7119.89,6220.75,192.183,3820.94,,17097.785,6839.114,72.174,21.555,66.283,66.283,1.478,8970.865,8972.344,145810.272,0.708,22,3080,659.3,206.28,1842.578,381.107,1393.487,290.599,1684.086,7.8,8957.377,1.43,8958.808,145677.162,200,264.415,326.47,27.024,0.041,12.232,5.5,7515.075,354.083,0.957,4481.3,16.4,1792.5,0,0,18.342,29.501,20.919,122.8,Burdekin,AyrDPI,Mulg,1957,Furrow,BareFallow,35,Surf1,200,140,LowFreq,0,P2R,15AprV1R4,T2,3739.3,3461.107,2048.858,2339.457,39.297,12.273,5.55264543973937,0.114117093782622,5.4442776203966,0.960915,38.209,999
1993,15/04/1993,105,0,15-Apr,6,none,out,-1,0,1987,0.000,105,0,0,318,-1,21,2039,0,0,0,0,0,,18505.013,7402.006,76.422,0,72.638,72.638,1.43,8957.377,8958.808,145677.162,0.704,0,0,402.2,70.369,83.513,302.183,0,187.081,187.081,0.109,9036.883,22.027,9058.91,148152.184,0,0,34.41,0.436,0.065,0.064,0.084,4053.994,354.757,0.711,1775.5,7.3,710.2,0,0,21.276,31.26,21.924,72,Burdekin,AyrDPI,Mulg,1957,Furrow,BareFallow,35,Surf1,200,140,LowFreq,0,P2R,15AprV1R4,T2,402.2,302.183,153.882,340.963,0.565,0.129,0,0,0,,0,999
1994,15/07/1994,196,1993,15-Apr,7,sugar,alive,0,456,1993,15/4/1993,105,0,0,318,1994,21,2039,9126.35,8204.81,7170.98,222.385,4243.67,,0,0,0,20.572,133.875,133.875,22.027,9036.883,9058.91,148152.184,0.703,23,3220,465.6,105.911,1800.277,361.473,1487.703,344.322,1832.025,10.167,8914.299,1.874,8916.173,144375.429,200,344.536,381.944,30.444,0.074,18.359,6.281,8216.045,356.78,0.975,5297.7,19.4,2119.1,0,0,17.896,28.846,19.367,46.8,Burdekin,AyrDPI,Mulg,1957,Furrow,BareFallow,35,Surf1,200,140,LowFreq,0,P2R,15AprV1R4,T2,3685.6,3581.473,1906.188,2250.51,48.877,18.433,6.20931666942624,0.121387535650441,6.05953678474115,1.111925,42.437,999
1995,15/08/1995,227,1994,15-Apr,7,sugar,alive,1,396,1993,15/7/1994,105,0,0,318,1995,21,2039,7090.69,6290.11,5570.14,171.022,3261.9,,21123.714,8449.487,88.56,20.56,81.262,81.262,1.874,8914.299,8916.173,144375.429,0.696,21,2940,482.2,269.065,1581.673,310.237,1245.888,265.488,1511.376,2.956,8917.851,1.271,8919.122,144085.05,200,254.132,313.338,20.765,0.09,7.728,4.256,7649.862,358.569,0.939,4004.5,14.7,1601.8,0,0,18.082,29.062,20.474,55.2,Burdekin,AyrDPI,Mulg,1957,Furrow,BareFallow,35,Surf1,200,140,LowFreq,0,P2R,15AprV1R4,T2,3422.2,3250.237,1850.738,2116.226,28.583,7.818,5.26183167565934,0.113156487862716,5.04489675516224,0.85511,32.619,999
1996,14/09/1996,258,1995,15-Apr,7,sugar,alive,2,396,1993,15/8/1995,105,0,0,318,1996,21,2039,7555.44,6751.14,5962.8,183.638,3716.38,,16328.552,6531.421,63.598,21.992,141.348,141.348,1.271,8917.851,8919.122,144085.05,0.697,22,3080,564.9,237.991,1876.237,297.558,1306.802,279.444,1586.245,6.077,8908.472,1.24,8909.712,143650.678,200,256.038,315.589,19.087,0.088,23.154,3.946,7894.554,360.388,0.948,4235.6,15.5,1694.2,0,0,19.055,29.44,20.405,107,Burdekin,AyrDPI,Mulg,1957,Furrow,BareFallow,35,Surf1,200,140,LowFreq,0,P2R,15AprV1R4,T2,3644.9,3377.558,2114.228,2393.672,42.329,23.242,5.4370050788173,0.115769001635939,5.20220963172805,0.91819,37.164,999
1997,14/10/1997,287,1996,15-Apr,7,sugar,alive,3,395,1993,14/9/1996,105,0,0,318,1997,21,2039,7769.22,6945.85,6169.05,190.528,3821.71,,17137.621,6855.047,66.079,21.772,85.774,85.774,1.24,8908.472,8909.712,143650.678,0.693,20,2800,962.4,334.133,1996.421,457.003,1166.102,277.223,1443.325,6.954,8915.481,1.202,8916.683,143538.744,200,247.375,305.371,25.568,0.105,11.214,5.068,7684.946,362.245,0.957,4504.1,16.5,1801.7,0,0,19.379,28.509,20.519,116.8,Burdekin,AyrDPI,Mulg,1957,Furrow,BareFallow,35,Surf1,200,140,LowFreq,0,P2R,15AprV1R4,T2,3762.4,3257.003,2330.554,2607.777,36.887,11.319,5.84979504163797,0.132006304886287,5.8624,0.95264,38.217,999
1998,18/11/1998,322,1997,15-Apr,7,sugar,alive,4,400,1993,14/10/1997,105,0,4,318,1998,17,2039,8439.38,7508.67,6645.22,204.927,3972.8,,17429.996,6971.999,68.481,20.945,74.294,74.294,1.202,8915.481,8916.683,143538.744,0.691,20,2800,1256.5,220.026,2251.347,641.171,1226.556,249.933,1476.489,6.622,8905.199,1.578,8906.777,142908.123,200,267.246,331.41,26.559,0.085,11.393,5.283,8587.424,364.156,0.954,4391.1,16.1,1756.4,0,0,20.779,29.076,19.406,189.6,Burdekin,AyrDPI,Mulg,1957,Furrow,BareFallow,35,Surf1,200,140,LowFreq,0,P2R,15AprV1R4,T2,4056.5,3441.171,2471.373,2721.306,38.037,11.478,5.95515305690999,0.138793448511977,6.30544615384615,1.024635,39.728,999
1999,15/04/1999,105,0,15-Apr,7,none,out,-1,0,1993,0.000,105,0,4,322,-1,17,2043,0,0,0,0,0,,18982.815,7593.125,72.775,0,182.932,182.932,1.578,8905.199,8906.777,142908.123,0.688,0,0,719.4,213.264,241.603,399.942,0,273.936,273.936,0.594,9002.349,11.277,9013.626,145788.301,0,0,30.756,1.187,0.266,0.309,0.13,4442.966,364.878,0.453,862.6,3.3,345.1,0,0,23.424,31.174,20.301,98.7,Burdekin,AyrDPI,Mulg,1957,Furrow,BareFallow,35,Surf1,200,140,LowFreq,0,P2R,15AprV1R4,T2,719.4,399.942,454.867,728.803,1.762,0.575,0,0,0,,0,999
2000,14/07/2000,196,1999,15-Apr,8,sugar,alive,0,456,1999,15/4/1999,105,0,0,318,2000,21,2039,9943.82,8932.31,7970.88,247.531,4410.62,,0,0,0,19.017,173.528,173.528,11.277,9002.349,9013.626,145788.301,0.69,19,2660,1568.6,398.651,2186.381,706.092,1376.939,347.052,1723.991,17.051,8884.412,2.042,8886.453,141327.541,200,337.701,370.316,22.971,0.221,15.176,4.807,8698.444,367.113,0.986,6081.4,22.3,2432.6,0,0,18.528,27.801,18.606,136,Burdekin,AyrDPI,Mulg,1957,Furrow,BareFallow,35,Surf1,200,140,LowFreq,0,P2R,15AprV1R4,T2,4228.6,3366.092,2585.032,2932.084,38.368,15.397,7.35366115958803,0.143580215906,7.9591961414791,1.237655,44.106,999
2001,14/08/2001,226,2000,15-Apr,8,sugar,alive,1,396,1999,14/7/2000,105,0,0,318,2001,21,2039,6905.01,6133.74,5415.86,166.495,3241.32,,21939.15,8775.66,87.59,21.046,93.105,93.105,2.042,8884.412,8886.453,141327.541,0.68,20,2800,561.9,267.117,1661.855,410.686,1190.78,248.934,1439.714,2.961,8879.676,1.554,8881.23,140236.805,200,264.834,321.741,18.109,0.154,7.332,3.74,8587.246,369.092,0.935,3905.4,14.4,1562.2,0,0,17.687,28.838,19.812,52,Burdekin,AyrDPI,Mulg,1957,Furrow,BareFallow,35,Surf1,200,140,LowFreq,0,P2R,15AprV1R4,T2,3361.9,3210.686,1928.972,2177.906,25.595,7.486,5.18565191364089,0.115644496059634,5.12292307692308,0.832475,32.413,999
2002,14/09/2002,257,2001,15-Apr,8,sugar,alive,2,396,1999,14/8/2001,105,0,0,318,2002,21,2039,7756.72,6951.89,6021.49,185.474,3802.53,,15977.387,6390.954,62.484,22.317,86.319,86.319,1.554,8879.676,8881.23,140236.805,0.683,20,2800,810.4,110.421,1834.71,352.525,1410.416,271.21,1681.625,5.531,8852.645,1.323,8853.968,138735.532,200,282.509,340.235,22.938,0.099,10.647,4.706,8866.766,371.106,0.957,4507.3,16.5,1802.9,0,0,18.187,30.127,20.983,206,Burdekin,AyrDPI,Mulg,1957,Furrow,BareFallow,35,Surf1,200,140,LowFreq,0,P2R,15AprV1R4,T2,3610.4,3152.525,1945.131,2216.341,33.684,10.746,5.88334747543636,0.110294506801457,5.70689230769231,0.92737,38.025,999
2003,14/10/2003,287,2002,15-Apr,8,sugar,alive,3,395,1999,14/9/2002,105,0,0,318,2003,21,2039,7795.88,6954.93,6140.11,189.136,3832.56,,18580.692,7432.277,77.054,22.024,69.962,69.962,1.323,8852.645,8853.968,138735.532,0.679,22,3080,462,159.358,1688.689,282.961,1413.639,264.787,1678.427,4.388,8846.485,1.888,8848.373,137489.979,200,268.108,329.252,22.74,0.106,10.275,4.641,9085.183,373.156,0.959,4547.1,16.7,1818.8,0,0,18.19,29.917,21.248,51,Burdekin,AyrDPI,Mulg,1957,Furrow,BareFallow,35,Surf1,200,140,LowFreq,0,P2R,15AprV1R4,T2,3542,3362.961,1848.047,2112.834,33.121,10.381,5.62409138851149,0.112686461788329,5.35796033994334,0.94568,38.326,999
2004,13/11/2004,318,2003,15-Apr,8,sugar,alive,4,396,1999,14/10/2003,105,0,0,318,2004,21,2039,8144.64,7313.15,6421.49,198.755,3998.08,,17939.111,7175.645,72.09,21.842,85.489,85.489,1.888,8846.485,8848.373,137489.979,0.677,21,2940,725.2,118.445,1857.261,381.124,1439.512,262.585,1702.097,6.655,8833.05,1.57,8834.62,136013.666,200,273.422,333.744,20.223,0.077,15.806,4.258,9339.026,375.235,0.957,4490.8,16.5,1796.3,0,0,18.512,29.868,20.87,173.2,Burdekin,AyrDPI,Mulg,1957,Furrow,BareFallow,35,Surf1,200,140,LowFreq,0,P2R,15AprV1R4,T2,3665.2,3321.124,1975.706,2238.291,36.106,15.883,5.98457028403637,0.116770665831618,5.86297935103245,0.993775,39.981,999
2005,15/04/2005,105,0,15-Apr,8,none,out,-1,0,1999,0.000,105,0,0,318,-1,21,2039,0,0,0,0,0,,18463.976,7385.591,75.873,0,72.886,72.886,1.57,8833.05,8834.62,136013.666,0.674,0,0,632.4,78.51,346.47,275.486,0,152.429,152.429,0.37,8919.152,20.974,8940.126,138154.662,0,0,27.517,0.29,0.197,0.08,0.064,4413.973,376.057,0.817,2423.8,10,969.5,0,0,22.275,32.232,22.042,143.4,Burdekin,AyrDPI,Mulg,1957,Furrow,BareFallow,35,Surf1,200,140,LowFreq,0,P2R,15AprV1R4,T2,632.4,275.486,424.98,577.409,0.567,0.277,0,0,0,,0,999
2006,15/07/2006,196,2005,15-Apr,9,sugar,alive,0,456,2005,15/4/2005,105,0,0,318,2006,21,2039,8785.1,7893.79,6924.04,214.526,3939.7,,0,0,0,19.688,127.878,127.878,20.974,8919.152,8940.126,138154.662,0.673,21,2940,961.7,211.973,1991.59,515.122,1420.07,318.945,1739.016,7.497,8789.323,2.463,8791.787,131962.751,200,358.183,398.032,27.959,0.3,14.914,5.804,10884.769,378.522,0.971,5062.2,18.6,2024.9,0,0,18.53,29.09,18.768,178.4,Burdekin,AyrDPI,Mulg,1957,Furrow,BareFallow,35,Surf1,200,140,LowFreq,0,P2R,15AprV1R4,T2,3901.7,3455.122,2203.563,2522.508,43.173,15.214,6.20892692067024,0.123360567125317,6.3282005899705,1.07263,39.397,999
2007,15/08/2007,227,2006,15-Apr,9,sugar,alive,1,396,2005,15/7/2006,105,0,0,318,2007,21,2039,7184.44,6449.95,5625.63,173.871,3152.86,,20121.865,8048.747,84.478,19.404,86.999,86.999,2.463,8789.323,8791.787,131962.751,0.668,18,2520,967.8,290.61,1710.703,505.316,1226.15,274.726,1500.876,5.101,8754.216,1.301,8755.517,131255.009,200,279.47,339.804,20.837,1.285,18.353,4.355,7742.09,380.697,0.942,4064.2,14.9,1625.7,0,0,17.271,28.395,19.639,130.2,Burdekin,AyrDPI,Mulg,1957,Furrow,BareFallow,35,Surf1,200,140,LowFreq,0,P2R,15AprV1R4,T2,3487.8,3025.316,2001.313,2276.039,40.475,19.638,5.74720128409727,0.115846345734091,5.85424242424242,0.869355,31.529,999
2008,14/09/2008,258,2007,15-Apr,9,sugar,alive,2,396,2005,15/8/2007,105,0,0,318,2008,21,2039,7514.27,6765.92,5855.63,180.867,3417.39,,16704.441,6681.778,69.261,20.34,72.61,72.61,1.301,8754.216,8755.517,131255.009,0.67,19,2660,1334.1,378.113,2077.871,589.841,1265.143,274.841,1539.983,10.172,8742.456,1.112,8743.568,131058.206,200,267.603,318.741,22.633,0.824,9.489,4.636,7456.128,382.903,0.956,4473.9,16.4,1789.6,0,0,17.841,28.663,19.218,108.2,Burdekin,AyrDPI,Mulg,1957,Furrow,BareFallow,35,Surf1,200,140,LowFreq,0,P2R,15AprV1R4,T2,3994.1,3249.841,2455.984,2730.825,32.946,10.313,5.56541073855613,0.117447400393381,5.81565916398714,0.904335,34.174,999
2009,14/10/2009,287,2008,15-Apr,9,sugar,alive,3,395,2005,14/9/2008,105,0,0,318,2009,21,2039,7085.58,6321.26,5513.09,169.436,3181.63,,17901.276,7160.51,74.973,20.197,70.742,70.742,1.112,8742.456,8743.568,131058.206,0.669,17,2380,1789.1,411.892,2277.072,526.782,1228.676,266.895,1495.571,14.365,8733.177,1.566,8734.743,130762.706,200,262.35,322.818,26.399,0.373,10.751,5.256,7757.406,385.15,0.949,4248.4,15.6,1699.3,0,0,18.502,29.563,19.422,197.2,Burdekin,AyrDPI,Mulg,1957,Furrow,BareFallow,35,Surf1,200,140,LowFreq,0,P2R,15AprV1R4,T2,4169.1,2906.782,2688.964,2955.859,37.523,11.124,5.8289888956241,0.113291846391779,5.98713780918728,0.84718,31.816,999
2010,27/11/2010,331,2009,15-Apr,9,sugar,alive,4,409,2005,14/10/2009,105,0,13,318,2010,14,2039,8078.05,7196.79,6250.01,192.281,3499.64,,16977.278,6790.91,71.845,19.487,55.307,55.307,1.566,8733.177,8734.743,130762.706,0.667,19,2660,1502.3,305.287,2202.333,752.185,1284.745,255.344,1540.089,8.342,8715.619,1.733,8717.352,130463.535,200,277.457,335.133,21.374,0.151,13.636,4.453,8058.432,387.51,0.95,4273.3,15.7,1709.3,0,0,19.486,29.17,18.173,135.2,Burdekin,AyrDPI,Mulg,1957,Furrow,BareFallow,35,Surf1,200,140,LowFreq,0,P2R,15AprV1R4,T2,4162.3,3412.185,2507.62,2762.964,35.161,13.787,5.6351282242903,0.124850576817314,6.18266881028939,0.961405,34.996,999
2011,15/04/2011,105,0,15-Apr,9,none,out,-1,0,2005,0.000,105,0,13,331,-1,14,2052,0,0,0,0,0,,19170.622,7668.249,76.542,0,169.899,169.899,1.733,8715.619,8717.352,130463.535,0.665,0,0,1001.9,348.408,336.803,478.059,0,272.862,272.862,0.503,8819.565,4.884,8824.45,133904.973,0,0,22.599,1.025,0.242,0.199,0.085,3556.744,388.328,0.477,927,3.7,370.8,0,0,22.909,30.777,17.896,75.6,Burdekin,AyrDPI,Mulg,1957,Furrow,BareFallow,35,Surf1,200,140,LowFreq,0,P2R,15AprV1R4,T2,1001.9,478.059,685.211,958.073,1.466,0.441,0,0,0,,0,999
2012,21/07/2012,203,2011,15-Apr,10,sugar,alive,0,463,2011,15/4/2011,105,0,7,318,2012,14,2039,8934.46,8030.54,7065.56,218.762,3962.66,,0,0,0,19.38,213.727,213.727,4.884,8819.565,8824.45,133904.973,0.668,19,2660,1178.8,324.712,1777.791,663.782,1452.122,334.641,1786.762,12.41,8685.326,2.117,8687.443,129776.188,200,347.455,388.843,22.597,0.614,14.091,4.725,8297.646,391.061,0.978,5460.5,20,2184.2,0,0,17.116,28.352,18.479,197.4,Burdekin,AyrDPI,Mulg,1957,Furrow,BareFallow,35,Surf1,200,140,LowFreq,0,P2R,15AprV1R4,T2,3838.8,3323.782,2102.503,2437.144,37.302,14.705,6.58171925836291,0.12243488500427,7.03414790996785,1.09381,39.627,999
2013,21/08/2013,233,2012,15-Apr,10,sugar,alive,1,396,2011,21/7/2012,105,0,7,325,2013,14,2046,6844.81,6061.71,5370.66,164.788,2987.98,,20527.134,8210.853,84.589,19.403,163.263,163.263,2.117,8685.326,8687.443,129776.188,0.659,20,2800,535.4,221.646,1760.073,297.022,1177.614,270.234,1447.848,3.684,8680.838,1.36,8682.198,129854.597,200,254.411,313.063,15.985,0.411,17.967,3.342,7056.371,393.439,0.942,4076,15,1630.4,0,0,17.687,28.853,19.998,178.6,Burdekin,AyrDPI,Mulg,1957,Furrow,BareFallow,35,Surf1,200,140,LowFreq,0,P2R,15AprV1R4,T2,3335.4,3097.022,1981.719,2251.953,34.363,18.378,5.32085338754455,0.113815814919798,5.0704,0.82394,29.88,999
2014,21/09/2014,264,2013,15-Apr,10,sugar,alive,2,396,2011,21/8/2013,105,0,7,325,2014,14,2046,7814.26,7042.08,6084.73,188.174,3574.64,,15994.842,6397.937,63.501,20.466,69.097,69.097,1.36,8680.838,8682.198,129854.597,0.662,21,2940,729,205.272,1904.935,438.615,1290.515,254.895,1545.41,5.858,8672.902,1.063,8673.964,129846.781,200,264.625,316.564,18.924,0.065,10.77,3.972,7148.492,395.854,0.957,4499.6,16.5,1799.8,0,0,17.964,29.112,19.977,86.2,Burdekin,AyrDPI,Mulg,1957,Furrow,BareFallow,35,Surf1,200,140,LowFreq,0,P2R,15AprV1R4,T2,3669,3378.615,2110.207,2365.102,29.759,10.835,5.56956030799603,0.121763156702752,5.55085545722714,0.94087,35.746,999
2015,21/10/2015,294,2014,15-Apr,10,sugar,alive,3,395,2011,21/9/2014,105,0,7,325,2015,14,2046,7707.55,6891.35,6067.64,186.932,3855.21,,18525.616,7410.247,76.521,22.467,82.48,82.48,1.063,8672.902,8673.964,129846.781,0.66,22,3080,380.2,142.975,1632.202,223.022,1415.566,266.527,1682.093,4.065,8669.396,1.49,8670.886,129777.937,200,266.176,325.959,21.382,0.054,9.805,4.347,7911.425,398.306,0.954,4412,16.2,1764.8,0,0,18.451,30.095,20.857,83.4,Burdekin,AyrDPI,Mulg,1957,Furrow,BareFallow,35,Surf1,200,140,LowFreq,0,P2R,15AprV1R4,T2,3460.2,3303.022,1775.177,2041.704,31.241,9.859,5.6594234007524,0.111130597416433,5.29552407932011,0.93466,38.552,999
2016,20/11/2016,325,2015,15-Apr,10,sugar,alive,4,396,2011,21/10/2015,105,0,7,325,2016,14,2046,7391.02,6553.19,5723.81,175.528,3267.16,,17689.486,7075.796,69.409,19.994,85.41,85.41,1.49,8669.396,8670.886,129777.937,0.658,21,2940,596.6,227.422,1765.574,414.319,1293.788,262.862,1556.65,5.877,8662.195,1.988,8664.182,129665.475,200,263.193,328.261,26.579,0.098,11.001,5.29,7901.941,400.79,0.945,4130.8,15.1,1652.3,0,0,19.739,30.3,19.206,43.6,Burdekin,AyrDPI,Mulg,1957,Furrow,BareFallow,35,Surf1,200,140,LowFreq,0,P2R,15AprV1R4,T2,3536.6,3354.319,1992.996,2255.858,37.678,11.099,5.23289526130341,0.112760093791154,5.17781710914454,0.87764,32.672,999
2017,15/04/2017,105,0,15-Apr,10,none,out,-1,0,2011,0.000,105,0,7,325,-1,14,2046,0,0,0,0,0,,17682.446,7072.979,71.359,0,72.364,72.364,1.988,8662.195,8664.182,129665.475,0.655,0,0,617.6,60.425,217.703,385.22,0,212.067,212.067,0.371,8767.114,5.556,8772.67,132591.098,0,0,19.888,0.504,0.071,0.124,0.058,3665.474,401.725,0.597,1298.6,5.2,519.5,0,0,22.783,32.223,19.61,106.2,Burdekin,AyrDPI,Mulg,1957,Furrow,BareFallow,35,Surf1,200,140,LowFreq,0,P2R,15AprV1R4,T2,617.6,385.22,278.128,490.195,0.699,0.195,0,0,0,,0,999
2018,15/07/2018,196,2017,15-Apr,11,sugar,alive,0,456,2017,15/4/2017,105,0,0,318,2018,21,2039,7791.49,6932.15,6089.1,187.423,3555.23,,0,0,0,20.432,199.769,199.769,5.556,8767.114,8772.67,132591.098,0.658,21,2940,863.5,352.637,1927.449,442.965,1342.819,312.547,1655.367,10.056,8621.058,2.177,8623.235,128718.486,200,344.053,400.71,29.445,1.23,19.085,5.887,7767.834,404.661,0.969,4956.4,18.2,1982.6,0,0,17.714,29.216,17.024,130.4,Burdekin,AyrDPI,Mulg,1957,Furrow,BareFallow,35,Surf1,200,140,LowFreq,0,P2R,15AprV1R4,T2,3803.5,3382.965,2280.086,2592.633,49.76,20.315,5.54019920395275,0.113221418573646,5.52870206489676,0.937115,35.552,999
2019,15/08/2019,227,2018,15-Apr,11,sugar,alive,1,396,2017,15/7/2018,105,0,0,318,2019,21,2039,6485.6,5737.7,4975.26,151.801,2526.88,,18683.33,7473.332,87.733,17.575,67.816,67.816,2.177,8621.058,8623.235,128718.486,0.65,18,2520,1209.8,438.411,1913.58,427.517,1125.456,249.295,1374.752,7.108,8612.501,1.174,8613.674,128763.6,200,252.514,313.828,28.254,0.445,8.532,5.695,6536.549,407.247,0.942,4055.7,14.9,1622.3,0,0,18.203,29.367,17.12,92.8,Burdekin,AyrDPI,Mulg,1957,Furrow,BareFallow,35,Surf1,200,140,LowFreq,0,P2R,15AprV1R4,T2,3729.8,2947.517,2351.991,2601.286,37.231,8.977,5.15013144962353,0.110420643141454,5.11114478114478,0.759005,25.269,999
2020,14/09/2020,258,2019,15-Apr,11,sugar,alive,2,396,2017,15/8/2019,105,0,0,318,2020,21,2039,7122.19,6315.94,5506.96,168.436,3092.61,,16285.225,6514.09,70.087,19.684,70.873,70.873,1.174,8612.501,8613.674,128763.6,0.652,19,2660,1063.1,263.225,1949.827,408.634,1260.862,253.778,1514.64,7.443,8609.82,0.967,8610.788,128868.721,200,252.469,309.773,23.479,0.077,10.788,4.826,6787.782,409.864,0.96,4591.9,16.9,1836.8,0,0,18.062,29.688,18.83,327.8,Burdekin,AyrDPI,Mulg,1957,Furrow,BareFallow,35,Surf1,200,140,LowFreq,0,P2R,15AprV1R4,T2,3723.1,3068.634,2213.052,2466.83,34.344,10.865,5.48895697564454,0.111205302910263,5.41594855305466,0.84218,30.926,999
2021,14/10/2021,287,2020,15-Apr,11,sugar,alive,3,395,2017,14/9/2020,105,0,0,318,2021,21,2039,6947.2,6184.42,5305.64,162.6,2877.83,,17632.507,7053.002,74.291,18.87,66.28,66.28,0.967,8609.82,8610.788,128868.721,0.651,20,2800,1075.7,348.451,2124.735,498.027,1152.18,247.262,1399.442,7.749,8611.694,1.291,8612.984,128872.346,200,246.922,307.096,25.967,0.077,11.382,5.231,7142.536,412.526,0.946,4160.3,15.3,1664.1,0,0,19.13,29.427,17.353,132.4,Burdekin,AyrDPI,Mulg,1957,Furrow,BareFallow,35,Surf1,200,140,LowFreq,0,P2R,15AprV1R4,T2,3875.7,3298.027,2473.186,2720.448,37.426,11.459,4.93022040147033,0.116189166825063,5.00307692307692,0.813,28.778,999
1958,15/04/1958,105,0,15-Apr,0,none,out,-1,0,-1,0.000,105,0,0,318,-1,21,2039,0,0,0,0,0,,0,0,0,0,0,0,0,0,0,0,0.89,0,0,873.2,0,526.966,346.234,0,207.911,207.911,24.509,9505.831,29.916,9535.747,141805.455,0,0,35.31,6.62,0,1.624,1.089,1011.643,350,0.01,14.2,0.1,5.7,0,0,22.648,31.427,18.114,136.1,Burdekin,AyrDPI,Mulg,1958,Furrow,BareFallow,35,Surf1,200,140,LowFreq,0,P2R,15AprV1R4,T2,873.2,346.234,526.966,734.877,8.244,1.624,0,0,0,,0,999
1959,15/07/1959,196,1958,15-Apr,1,sugar,alive,0,456,1958,15/4/1958,105,0,0,318,1959,21,2039,8049.82,7213.58,6255.09,193.43,3467.58,,0,0,0,19.15,167.873,167.873,29.916,9505.831,9535.747,141805.455,0.884,20,2800,956.1,249.937,1908.289,568.414,1333.898,360.45,1694.348,34.448,9423.442,0.668,9424.11,141495.692,200,288.085,317.35,36.388,0.399,23.21,7.54,3372.562,350,0.98,5600.9,20.5,2240.3,0,0,17.24,28.305,18.8,162.8,Burdekin,AyrDPI,Mulg,1958,Furrow,BareFallow,35,Surf1,200,140,LowFreq,0,P2R,15AprV1R4,T2,3756.1,3368.414,2158.226,2518.676,59.997,23.609,5.74246514828641,0.114161907707271,5.95169230769231,0.96715,34.676,999
1960,14/08/1960,227,1959,15-Apr,1,sugar,alive,1,396,1958,15/7/1959,105,0,0,318,1960,21,2039,6215.2,5538.72,4817.34,147.927,2775.58,,20015.942,8006.378,91.656,20.179,71.4,71.4,0.668,9423.442,9424.11,141495.692,0.868,19,2660,1110.4,390.326,2021.207,515.187,1078.08,263.331,1341.411,4.377,9441.524,0.909,9442.433,142537.073,200,224.861,287.153,25.164,0.001,7.649,5.103,5433.088,350,0.935,3898,14.4,1559.2,0,0,17.103,28.347,19.812,210.1,Burdekin,AyrDPI,Mulg,1958,Furrow,BareFallow,35,Surf1,200,140,LowFreq,0,P2R,15AprV1R4,T2,3770.4,3175.187,2411.533,2674.864,32.814,7.65,4.65884371534653,0.110277163374984,4.75649517684887,0.739635,27.756,999
1961,14/09/1961,257,1960,15-Apr,1,sugar,alive,2,396,1958,14/8/1960,105,0,0,318,1961,21,2039,7428.33,6675.43,5743.77,177.301,3490.85,,15195.094,6078.037,59.98,21.317,88.856,88.856,0.909,9441.524,9442.433,142537.073,0.866,21,2940,490.9,210.505,1611.393,309.693,1347.808,275.916,1623.724,4.749,9426.529,1.059,9427.588,143458.05,200,256.839,316.949,27.041,0.001,11.011,5.487,5776.34,350,0.951,4305.3,15.8,1722.1,0,0,16.81,28.924,20.946,63.2,Burdekin,AyrDPI,Mulg,1958,Furrow,BareFallow,35,Surf1,200,140,LowFreq,0,P2R,15AprV1R4,T2,3430.9,3249.693,1821.898,2097.814,38.053,11.012,5.45593076022874,0.109194050220358,5.23011799410029,0.886505,34.908,999
1962,14/10/1962,287,1961,15-Apr,1,sugar,alive,3,395,1958,14/9/1961,105,0,0,318,1962,21,2039,7264.27,6491.93,5629.81,173.503,3332.67,,17978.261,7191.304,77.146,20.726,74.134,74.134,1.059,9426.529,9427.588,143458.05,0.857,20,2800,938.4,246.805,1874.739,522.563,1335.117,276.238,1611.355,8.537,9412.833,1.451,9414.284,144460.067,200,257.454,325.778,32.832,0.001,11.789,6.534,6350.764,350,0.936,3922.7,14.4,1569.1,0,0,17.583,29.38,20.364,102.1,Burdekin,AyrDPI,Mulg,1958,Furrow,BareFallow,35,Surf1,200,140,LowFreq,0,P2R,15AprV1R4,T2,3738.4,3322.563,2121.544,2397.782,44.622,11.79,5.22196268362707,0.107675217441222,5.33855384615385,0.867515,33.327,999
1963,14/11/1963,318,1962,15-Apr,1,sugar,alive,4,396,1958,14/10/1962,105,0,0,318,1963,21,2039,7115.65,6401.84,5425.82,167.583,3151.57,,17227.255,6890.901,71.919,20.232,79.635,79.635,1.451,9412.833,9414.284,144460.067,0.85,18,2520,1160.5,323.596,1818.12,609.468,1265.704,285.912,1551.616,8.923,9390.49,1.637,9392.127,145448.816,200,264.44,328.289,34.321,0.001,10.879,6.802,6142.772,350,0.94,4025.2,14.8,1610.1,0,0,17.404,29.102,19.769,91.9,Burdekin,AyrDPI,Mulg,1958,Furrow,BareFallow,35,Surf1,200,140,LowFreq,0,P2R,15AprV1R4,T2,3680.5,3129.468,2141.716,2427.628,45.201,10.88,5.35499963572083,0.108005460113843,5.64252525252525,0.837915,31.516,999
1964,14/04/1964,105,0,15-Apr,1,none,out,-1,0,1958,0.000,105,0,0,318,-1,21,2039,0,0,0,0,0,,17784.99,7113.995,79.596,0,66.802,66.802,1.637,9390.49,9392.127,145448.816,0.841,0,0,454.9,51.634,108.033,333.215,0,181.079,181.079,0.16,9487.558,8.276,9495.834,148617.555,0,0,22.671,0.92,0.001,0.088,0.089,3109.496,350,0.641,1461.5,6.5,584.6,0,0,21.751,31.679,20.739,92.7,Burdekin,AyrDPI,Mulg,1958,Furrow,BareFallow,35,Surf1,200,140,LowFreq,0,P2R,15AprV1R4,T2,454.9,333.215,159.667,340.746,1.009,0.089,0,0,0,,0,999
1965,14/07/1965,195,1964,15-Apr,2,sugar,alive,0,456,1964,14/4/1964,105,0,0,318,1965,21,2039,7579.85,6737.24,5882.34,180.941,3513.71,,0,0,0,20.985,180.957,180.957,8.276,9487.558,9495.834,148617.555,0.842,20,2800,925.7,269.719,1832.832,528.385,1379.59,359.735,1739.325,11.89,9338.526,1.714,9340.24,146223.861,200,337.612,398.608,42.233,0.002,21.16,8.508,6342.156,350,0.961,4618.8,16.9,1847.5,0,0,17.254,29.269,18.671,107.4,Burdekin,AyrDPI,Mulg,1958,Furrow,BareFallow,35,Surf1,200,140,LowFreq,0,P2R,15AprV1R4,T2,3725.7,3328.385,2102.551,2462.286,63.395,21.162,5.43630018762853,0.104029436706768,5.56741538461538,0.904705,35.137,999
1966,14/08/1966,226,1965,15-Apr,2,sugar,alive,1,396,1964,14/7/1965,105,0,0,318,1966,21,2039,7009.3,6238.9,5356.29,164.674,3115.29,,18354.739,7341.898,90.742,20.369,64.782,64.782,1.714,9338.526,9340.24,146223.861,0.827,21,2940,379.3,144.164,1646.667,252.827,1236.176,275.23,1511.406,5.614,9318.674,1.469,9320.143,146789.807,200,257.949,322.101,30.864,0.001,10.845,6.258,5909.884,350,0.927,3740.2,13.8,1496.1,0,0,17.151,28.492,19.616,102.9,Burdekin,AyrDPI,Mulg,1958,Furrow,BareFallow,35,Surf1,200,140,LowFreq,0,P2R,15AprV1R4,T2,3319.3,3192.827,1790.831,2066.061,41.71,10.846,5.15762363573097,0.108954179088875,4.8576401179941,0.82337,31.153,999
1967,14/09/1967,257,1966,15-Apr,2,sugar,alive,2,396,1964,14/8/1966,105,0,0,318,1967,21,2039,7162.32,6439.33,5513.24,170.073,3170.27,,17229.655,6891.862,72.046,20.028,81.845,81.845,1.469,9318.674,9320.143,146789.807,0.823,19,2660,822.5,202.103,1786.404,431.141,1226.322,269.407,1495.729,6.109,9304.793,1.08,9305.874,147782.582,200,258.966,317.055,28.125,0.001,11.92,5.687,6056.795,350,0.939,4000.6,14.7,1600.3,0,0,17.866,28.633,19.652,154.9,Burdekin,AyrDPI,Mulg,1958,Furrow,BareFallow,35,Surf1,200,140,LowFreq,0,P2R,15AprV1R4,T2,3482.5,3091.141,1988.507,2257.914,40.046,11.921,5.5019489567121,0.113705758195502,5.46858520900322,0.850365,31.703,999
1968,13/10/1968,287,1967,15-Apr,2,sugar,alive,3,395,1964,14/9/1967,105,0,0,318,1968,21,2039,7244.34,6483.04,5672.18,174.762,3209,,17417.746,6967.098,72.776,19.685,80.109,80.109,1.08,9304.793,9305.874,147782.582,0.816,19,2660,1460.8,352.446,2294.275,541.076,1213.471,277.864,1491.335,14.478,9298.285,1.19,9299.475,148979.454,200,254.253,315.226,28.811,0.002,11.838,5.762,6057.996,350,0.957,4489.2,16.5,1795.7,0,0,18.074,28.752,20.257,187.9,Burdekin,AyrDPI,Mulg,1958,Furrow,BareFallow,35,Surf1,200,140,LowFreq,0,P2R,15AprV1R4,T2,4120.8,3201.076,2646.721,2924.585,40.651,11.84,5.4594767509425,0.117184938327069,5.61935691318328,0.87381,32.09,999
1969,13/11/1969,317,1968,15-Apr,2,sugar,alive,4,396,1964,13/10/1968,105,0,0,318,1969,21,2039,7373.8,6599.6,5656.36,174.438,3332.86,,17179.246,6871.699,73.64,20.601,62.851,62.851,1.19,9298.285,9299.475,148979.454,0.809,23,3220,250.5,144.445,1719.214,204.623,1330.007,270.391,1600.397,5.633,9276.045,1.568,9277.613,149752.422,200,264.538,334.51,36.355,0.001,10.447,7.123,6529.346,350,0.937,3941.2,14.5,1576.5,0,0,17.834,29.659,20.835,46.5,Burdekin,AyrDPI,Mulg,1958,Furrow,BareFallow,35,Surf1,200,140,LowFreq,0,P2R,15AprV1R4,T2,3470.5,3424.623,1863.659,2134.05,46.803,10.448,5.09364096427548,0.108996705192524,4.75307901907357,0.87219,33.329,999
1970,15/04/1970,105,0,15-Apr,2,none,out,-1,0,1964,0.000,105,0,0,318,-1,21,2039,0,0,0,0,0,,17948.249,7179.299,77.229,0,69.295,69.295,1.568,9276.045,9277.613,149752.422,0.801,0,0,539.4,44.719,232.289,295.495,0,165.926,165.926,0.276,9372.304,7.277,9379.581,153171.452,0,0,16.895,0.341,0.001,0.206,0.046,2819.007,350,0.743,1940,8.3,776,0,0,22.057,32.151,21.774,133.6,Burdekin,AyrDPI,Mulg,1958,Furrow,BareFallow,35,Surf1,200,140,LowFreq,0,P2R,15AprV1R4,T2,539.4,295.495,277.008,442.934,0.548,0.207,0,0,0,,0,999
1971,15/07/1971,196,1970,15-Apr,3,sugar,alive,0,456,1970,15/4/1970,105,0,0,318,1971,21,2039,8346.85,7497.12,6517.1,201.629,3655.73,,0,0,0,19.401,165.761,165.761,7.277,9372.304,9379.581,153171.452,0.802,19,2660,1166.1,177.318,1998.275,701.43,1421.782,319.841,1741.623,9.169,9251.296,1.788,9253.084,150718.975,200,329.854,378.237,31.804,0.003,15.05,6.508,6856.154,350,0.966,4813.2,17.7,1925.3,0,0,17.179,28.576,18.844,220,Burdekin,AyrDPI,Mulg,1958,Furrow,BareFallow,35,Surf1,200,140,LowFreq,0,P2R,15AprV1R4,T2,3826.1,3361.43,2175.593,2495.434,46.857,15.053,5.99831024296207,0.115770749467594,6.48324758842444,1.008145,36.557,999
1972,14/08/1972,227,1971,15-Apr,3,sugar,alive,1,396,1970,15/7/1971,105,0,0,318,1972,21,2039,6456.14,5790.51,4964.92,152.974,2836.62,,19644.128,7857.651,88.44,19.908,74.645,74.645,1.788,9251.296,9253.084,150718.975,0.791,19,2660,1453.2,421.097,2201.117,510.955,1195.004,292.388,1487.392,10.592,9241.922,1.167,9243.089,151260.004,200,241.436,312.038,37.813,0.005,10.246,7.421,6156.271,350,0.914,3502.5,12.9,1401,0,0,16.729,28.625,19.565,206.2,Burdekin,AyrDPI,Mulg,1958,Furrow,BareFallow,35,Surf1,200,140,LowFreq,0,P2R,15AprV1R4,T2,4113.2,3170.955,2622.214,2914.602,48.064,10.251,4.82422487862489,0.10284713108582,4.91877813504823,0.76487,28.366,999
1973,14/09/1973,257,1972,15-Apr,3,sugar,alive,2,396,1970,14/8/1972,105,0,0,318,1973,21,2039,7162.92,6398.54,5442.07,166.942,2845.6,,15652.473,6260.989,65.011,18.066,78.239,78.239,1.167,9241.922,9243.089,151260.004,0.788,19,2660,1060.9,304.453,1895.363,547.889,1228.87,270.226,1499.096,5.961,9230.324,1.527,9231.851,151880.56,200,259.638,314.358,23.422,0.003,11.965,4.82,6337.44,350,0.94,4028.7,14.8,1611.5,0,0,18.042,28.91,19.726,108.5,Burdekin,AyrDPI,Mulg,1958,Furrow,BareFallow,35,Surf1,200,140,LowFreq,0,P2R,15AprV1R4,T2,3720.9,3207.889,2199.816,2470.042,35.39,11.968,5.20410774811722,0.111361780699835,5.36790996784566,0.83471,28.456,999
1974,14/10/1974,287,1973,15-Apr,3,sugar,alive,3,395,1970,14/9/1973,105,0,0,318,1974,21,2039,6582.97,5936.98,5060.36,156.657,2964.65,,18051.637,7220.653,74.984,20.377,100.227,100.227,1.527,9230.324,9231.851,151880.56,0.783,16,2240,2007.7,711.095,2170.298,697.501,1097.938,289.002,1386.941,7.241,9229.212,1.344,9230.556,152739.595,200,227.663,302.545,38.971,0.005,20.374,7.704,6224.053,350,0.888,3124.4,11.5,1249.7,0,0,17.752,28.355,18.545,152.9,Burdekin,AyrDPI,Mulg,1958,Furrow,BareFallow,35,Surf1,200,140,LowFreq,0,P2R,15AprV1R4,T2,4247.7,2937.501,2881.393,3170.395,59.35,20.379,5.33300243982896,0.112951452152615,5.82368029739777,0.783285,29.646,999
1975,14/11/1975,318,1974,15-Apr,3,sugar,alive,4,396,1970,14/10/1974,105,0,0,318,1975,21,2039,7906.37,7090.07,6101.4,188.679,3496.14,,15597.889,6239.155,64.714,19.891,79.594,79.594,1.344,9229.212,9230.556,152739.595,0.777,19,2660,1160.2,284.337,1853.36,737.445,1316.779,279.077,1595.855,7.84,9209.141,1.54,9210.681,153290.845,200,259.43,325.356,35.582,0.004,12.284,6.957,6598.836,350,0.94,4011.7,14.7,1604.7,0,0,18.497,28.821,19.89,179.8,Burdekin,AyrDPI,Mulg,1958,Furrow,BareFallow,35,Surf1,200,140,LowFreq,0,P2R,15AprV1R4,T2,3820.2,3397.445,2137.697,2416.774,47.87,12.288,5.55355568669986,0.118230666319935,6.06684887459807,0.943395,34.961,999
1976,14/04/1976,105,0,15-Apr,3,none,out,-1,0,1970,0.000,105,0,0,318,-1,21,2039,0,0,0,0,0,,18752.148,7500.859,76.513,0,166.241,166.241,1.54,9209.141,9210.681,153290.845,0.77,0,0,1465.2,479.713,683.441,522.184,0,259.811,259.811,1.307,9301.332,9.805,9311.137,156564.547,0,0,28.211,1.46,0.025,0.375,0.12,3593.855,350,0.479,931.7,3.8,372.7,0,0,22.163,30.457,19.717,139.2,Burdekin,AyrDPI,Mulg,1958,Furrow,BareFallow,35,Surf1,200,140,LowFreq,0,P2R,15AprV1R4,T2,1465.2,522.184,1163.154,1422.965,1.86,0.4,0,0,0,,0,999
1977,14/07/1977,195,1976,15-Apr,4,sugar,alive,0,456,1976,14/4/1976,105,0,0,318,1977,21,2039,8400.9,7550.42,6598.34,204.308,3408.13,,0,0,0,17.618,208.476,208.476,9.805,9301.332,9311.137,156564.547,0.771,20,2800,1401.4,339.615,2295.194,558.786,1351.011,340.884,1691.895,15.685,9181.266,1.794,9183.06,153616.948,200,320.95,365.408,31.716,0.01,19.79,6.473,6803.19,350,0.974,5213.6,19.1,2085.4,0,0,17.235,28.184,18.917,170.6,Burdekin,AyrDPI,Mulg,1958,Furrow,BareFallow,35,Surf1,200,140,LowFreq,0,P2R,15AprV1R4,T2,4201.4,3358.786,2634.809,2975.693,51.516,19.8,6.0827930091408,0.120756902762878,6.2864,1.02154,34.081,999
1978,14/08/1978,226,1977,15-Apr,4,sugar,alive,1,396,1976,14/7/1977,105,0,0,318,1978,21,2039,6717.19,5978.11,5246.36,161.514,2949.97,,19753.287,7901.315,86.501,19.565,83.172,83.172,1.794,9181.266,9183.06,153616.948,0.758,19,2660,854.1,279.426,1797.412,427.643,1132.872,286.707,1419.579,4.885,9179.711,1.423,9181.134,153721.07,200,249.459,307.152,23.944,0.006,9.132,4.867,6752.277,350,0.922,3644.8,13.4,1457.9,0,0,17.283,28.125,20.382,150.6,Burdekin,AyrDPI,Mulg,1958,Furrow,BareFallow,35,Surf1,200,140,LowFreq,0,P2R,15AprV1R4,T2,3514.1,3087.643,2076.838,2363.545,33.082,9.138,5.23098039507806,0.113775985697168,5.19337620578778,0.80757,29.5,999
1979,14/09/1979,257,1978,15-Apr,4,sugar,alive,2,396,1976,14/8/1978,105,0,0,318,1979,21,2039,6741.51,6068.58,5207.8,160.88,2919.32,,15600.134,6240.054,62.637,19.42,100.855,100.855,1.423,9179.711,9181.134,153721.07,0.757,19,2660,1578.5,454.826,2401.626,654.987,1111.23,296.503,1407.733,13.542,9171.582,1.292,9172.874,153844.774,200,239.37,305.504,40.78,0.01,9.456,8.039,6623.031,350,0.926,3723.3,13.7,1489.3,0,0,17.891,28.175,19.058,350.7,Burdekin,AyrDPI,Mulg,1958,Furrow,BareFallow,35,Surf1,200,140,LowFreq,0,P2R,15AprV1R4,T2,4238.5,3314.987,2856.452,3152.955,50.246,9.466,4.85311103784117,0.11428303520625,5.17299035369775,0.8044,29.193,999
1980,13/10/1980,287,1979,15-Apr,4,sugar,alive,3,395,1976,14/9/1979,105,0,0,318,1980,21,2039,7408.98,6631.21,5774.88,177.962,3366.99,,16201.389,6480.556,66.462,20.371,75.17,75.17,1.292,9171.582,9172.874,153844.774,0.752,20,2800,777.5,219.046,1858.855,423.657,1225.208,290.073,1515.28,7.053,9159.578,1.21,9160.788,153847.673,200,258.841,314.663,26.507,0.006,12.616,5.338,7037.888,350,0.96,4584.7,16.8,1833.9,0,0,18.422,28.882,20.834,86.4,Burdekin,AyrDPI,Mulg,1958,Furrow,BareFallow,35,Surf1,200,140,LowFreq,0,P2R,15AprV1R4,T2,3577.5,3223.657,2077.901,2367.974,39.129,12.622,5.52050047508156,0.117444960667335,5.47575384615385,0.88981,33.67,999
1981,13/11/1981,317,1980,15-Apr,4,sugar,alive,4,396,1976,13/10/1980,105,0,0,318,1981,21,2039,7138.82,6397.41,5490.71,169.676,3191.81,,17786.884,7114.754,75.175,20.238,59.489,59.489,1.21,9159.578,9160.788,153847.673,0.747,19,2660,1127,399.628,1913.521,558.232,1185.151,271.98,1457.131,7.781,9158.87,1.562,9160.432,153557.635,200,245.249,313.016,31.007,0.061,12.037,6.13,7492.973,350,0.924,3675.7,13.5,1470.3,0,0,18.071,28.636,19.295,104.8,Burdekin,AyrDPI,Mulg,1958,Furrow,BareFallow,35,Surf1,200,140,LowFreq,0,P2R,15AprV1R4,T2,3787,3218.232,2313.149,2585.129,43.105,12.098,5.27233586640118,0.116445261270263,5.45581993569132,0.84838,31.918,999
1982,15/04/1982,105,0,15-Apr,4,none,out,-1,0,1976,0.000,105,0,0,318,-1,21,2039,0,0,0,0,0,,17133.231,6853.292,72.692,0,76.209,76.209,1.562,9158.87,9160.432,153557.635,0.743,0,0,547.1,82.375,143.357,383.078,0,227.711,227.711,0.291,9235.004,24.117,9259.121,155269.268,0,0,42.325,2.95,0.012,0.583,0.406,4707.174,350,0.501,993.5,4.2,397.4,0,0,22.919,32.09,21.333,47.4,Burdekin,AyrDPI,Mulg,1958,Furrow,BareFallow,35,Surf1,200,140,LowFreq,0,P2R,15AprV1R4,T2,547.1,383.078,225.732,453.443,3.545,0.595,0,0,0,,0,999
1983,15/07/1983,196,1982,15-Apr,5,sugar,alive,0,456,1982,15/4/1982,105,0,0,318,1983,21,2039,8537.84,7604.46,6685.46,206.184,3587.56,,0,0,0,18.502,169.866,169.866,24.117,9235.004,9259.121,155269.268,0.742,22,3080,663.4,253.923,1825.34,397.247,1400.614,337.557,1738.171,12.311,9108.599,1.631,9110.231,151188.374,200,331.936,376.028,43.312,0.019,18.909,8.702,8005.344,350,0.977,5390.9,19.8,2156.4,0,0,17.149,28.361,19.179,95.4,Burdekin,AyrDPI,Mulg,1958,Furrow,BareFallow,35,Surf1,200,140,LowFreq,0,P2R,15AprV1R4,T2,3743.4,3477.247,2079.263,2416.82,62.24,18.928,5.92951838048893,0.118621240372783,5.84090651558074,1.03092,35.876,999
1984,14/08/1984,227,1983,15-Apr,5,sugar,alive,1,396,1982,15/7/1983,105,0,0,318,1984,21,2039,6773.11,6054.36,5205.58,160.337,3027.65,,20327.5,8131,91.901,20.326,95.832,95.832,1.631,9108.599,9110.231,151188.374,0.73,21,2940,563.8,235.171,1802.713,412.471,1181.485,269.098,1450.583,5.259,9110.448,1.514,9111.962,149678.983,200,245.254,307.262,25.989,0.016,9.095,5.248,8462.451,350,0.913,3491.7,12.8,1396.7,0,0,17.537,28.492,19.07,75.6,Burdekin,AyrDPI,Mulg,1958,Furrow,BareFallow,35,Surf1,200,140,LowFreq,0,P2R,15AprV1R4,T2,3503.8,3352.471,2037.884,2306.982,35.1,9.111,4.78265136372544,0.110532799570931,4.72970501474926,0.801685,30.277,999
1985,14/09/1985,257,1984,15-Apr,5,sugar,alive,2,396,1982,14/8/1984,105,0,0,318,1985,21,2039,6855.8,6121.98,5300.56,162.927,2915.98,,16291.972,6516.789,66.293,19.114,111.167,111.167,1.514,9110.448,9111.962,149678.983,0.731,18,2520,817.5,181.596,1720.126,569.168,1178.586,305.79,1484.376,6.691,9091.851,1.634,9093.484,147981.348,200,262.095,315.07,26.236,0.014,12.338,5.408,8492.807,350,0.954,4396.2,16.1,1758.5,0,0,17.387,28.523,19.502,111.4,Burdekin,AyrDPI,Mulg,1958,Furrow,BareFallow,35,Surf1,200,140,LowFreq,0,P2R,15AprV1R4,T2,3337.5,3089.168,1901.722,2207.512,38.588,12.352,5.27413853827309,0.109761273423984,5.48575757575758,0.814635,29.16,999
1986,14/10/1986,287,1985,15-Apr,5,sugar,alive,3,395,1982,14/9/1985,105,0,0,318,1986,21,2039,7047.84,6315.41,5371.89,165.46,2955.99,,16956.342,6782.535,75.367,19.074,62.569,62.569,1.634,9091.851,9093.484,147981.348,0.726,20,2800,802.8,160.11,1879.687,515.918,1238.232,295.494,1533.726,9.208,9037.293,2.233,9039.526,147086.556,200,286.847,365.699,41.089,0.03,12.959,8.033,7929.906,350,0.934,3880.2,14.2,1552.1,0,0,18.476,29.285,18.879,117.8,Burdekin,AyrDPI,Mulg,1958,Furrow,BareFallow,35,Surf1,200,140,LowFreq,0,P2R,15AprV1R4,T2,3602.8,3315.918,2039.797,2335.291,54.078,12.989,4.98987007519486,0.10788106871762,5.09107692307692,0.8273,29.56,999
1987,14/11/1987,318,1986,15-Apr,5,sugar,alive,4,396,1982,14/10/1986,105,0,0,318,1987,21,2039,7084.17,6298.49,5432.75,166.613,3060.19,,17543.828,7017.53,75.198,19.691,91.846,91.846,2.233,9037.293,9039.526,147086.556,0.721,22,3080,371,104.551,1759.534,303.617,1301.373,304.719,1606.093,7.913,9001.777,2.044,9003.821,146909.973,200,279.433,340.796,30.12,0.015,16.021,6.166,7382.819,350,0.953,4368.4,16,1747.3,0,0,18.663,29.934,20.137,44,Burdekin,AyrDPI,Mulg,1958,Furrow,BareFallow,35,Surf1,200,140,LowFreq,0,P2R,15AprV1R4,T2,3451,3383.617,1864.085,2168.804,46.156,16.036,4.92410931851921,0.103738077433872,4.71991501416431,0.833065,30.602,999
1988,14/04/1988,105,0,15-Apr,5,none,out,-1,0,1982,0.000,105,0,0,318,-1,21,2039,0,0,0,0,0,,17750.192,7100.077,80.865,0,72.669,72.669,2.044,9001.777,9003.821,146909.973,0.716,0,0,798.4,81.101,451.237,333.268,0,181.883,181.883,0.877,9092.537,17.521,9110.059,148980.373,0,0,38.725,1.613,0.026,1.059,0.218,4219.241,350,0.592,1281.8,5.8,512.7,0,0,22.049,31.616,21.499,254,Burdekin,AyrDPI,Mulg,1958,Furrow,BareFallow,35,Surf1,200,140,LowFreq,0,P2R,15AprV1R4,T2,798.4,333.268,532.338,714.221,2.698,1.085,0,0,0,,0,999
1989,14/07/1989,195,1988,15-Apr,6,sugar,alive,0,456,1988,14/4/1988,105,0,0,318,1989,21,2039,8414.61,7519.27,6575.89,203.065,3641.76,,0,0,0,19.159,156.849,156.849,17.521,9092.537,9110.059,148980.373,0.716,18,2520,1506.2,277.41,2023.054,866.513,1399.438,356.274,1755.712,13.159,8951.969,1.748,8953.717,146140.681,200,343.024,388.918,35.248,0.053,24.559,7.245,6862.896,350,0.972,5107.6,18.7,2043,0,0,17.981,28.521,18.221,134.8,Burdekin,AyrDPI,Mulg,1958,Furrow,BareFallow,35,Surf1,200,140,LowFreq,0,P2R,15AprV1R4,T2,4026.2,3386.513,2300.464,2656.738,59.86,24.612,5.99628585509638,0.115659629825393,6.83720538720539,1.015325,36.418,999
1990,14/08/1990,226,1989,15-Apr,6,sugar,alive,1,396,1988,14/7/1989,105,0,0,318,1990,21,2039,6401.94,5681.75,4936.75,151.338,2881.63,,19970.614,7988.244,92.436,20.52,126.873,126.873,1.748,8951.969,8953.717,146140.681,0.706,17,2380,1294.8,506.109,1817.74,513.233,1126.677,281.535,1408.212,4.472,8961.612,1.048,8962.659,146449.236,200,229.856,290.658,21.961,0.045,18.632,4.486,6275.492,350.585,0.942,4076.7,15,1630.7,0,0,17.212,28.363,19.579,103,Burdekin,AyrDPI,Mulg,1958,Furrow,BareFallow,35,Surf1,200,140,LowFreq,0,P2R,15AprV1R4,T2,3674.8,2893.233,2323.849,2605.384,40.638,18.677,5.23075742603517,0.10746819370947,5.34763250883392,0.75669,28.816,999
1991,14/09/1991,257,1990,15-Apr,6,sugar,alive,2,396,1988,14/8/1990,105,0,0,318,1991,21,2039,6899.18,6185.91,5332.38,164.243,3068.17,,15919.315,6367.726,65.324,20.077,69.611,69.611,1.048,8961.612,8962.659,146449.236,0.708,19,2660,1680.4,499.385,2375.882,400.234,1205.724,254.631,1460.355,7.305,8963.123,1.206,8964.329,146582.757,200,246.925,301.364,22.212,0.036,11.11,4.565,6678.882,352.253,0.936,3934.1,14.4,1573.6,0,0,16.979,28.601,19.393,204.4,Burdekin,AyrDPI,Mulg,1958,Furrow,BareFallow,35,Surf1,200,140,LowFreq,0,P2R,15AprV1R4,T2,4340.4,3060.234,2875.267,3129.898,33.358,11.146,5.36700788240376,0.112467858842542,5.28112540192926,0.821215,30.682,999
1992,13/10/1992,287,1991,15-Apr,6,sugar,alive,3,395,1988,14/9/1991,105,0,0,318,1992,21,2039,7929.87,7107.6,6257.09,193.253,3890.45,,16661.845,6664.738,68.604,21.862,74.389,74.389,1.206,8963.123,8964.329,146582.757,0.705,22,3080,654.1,204.336,1859.649,382.949,1394.932,269.367,1664.3,6.016,8952.264,1.264,8953.528,146631.268,200,263.874,322.328,24.282,0.033,11.998,4.941,7342.911,353.951,0.956,4476.8,16.4,1790.7,0,0,18.241,29.523,20.826,122.8,Burdekin,AyrDPI,Mulg,1958,Furrow,BareFallow,35,Surf1,200,140,LowFreq,0,P2R,15AprV1R4,T2,3734.1,3462.949,2063.985,2333.352,36.313,12.031,5.58059041585654,0.116116685693685,5.47458923512748,0.966265,38.904,999
1993,13/11/1993,317,1992,15-Apr,6,sugar,alive,4,396,1988,13/10/1992,105,0,0,318,1993,21,2039,7585.29,6749.94,5984.88,184.67,3799.87,,18023.879,7209.552,71.951,22.409,80.204,80.204,1.264,8952.264,8953.528,146631.268,0.701,22,3080,548.9,243.087,1804.648,352.436,1305.4,281.207,1586.606,5.475,8952.229,1.491,8953.72,146787.728,200,249.821,318.502,32.215,0.053,10.108,6.258,7529.886,355.686,0.937,3960.4,14.5,1584.1,0,0,18.204,29.109,20.548,72,Burdekin,AyrDPI,Mulg,1958,Furrow,BareFallow,35,Surf1,200,140,LowFreq,0,P2R,15AprV1R4,T2,3628.9,3432.436,2047.735,2328.942,42.376,10.161,5.3801440143385,0.116393105786818,5.2314447592068,0.92335,37.999,999
1994,15/04/1994,105,0,15-Apr,6,none,out,-1,0,1988,0.000,105,0,0,318,-1,21,2039,0,0,0,0,0,,16969.847,6787.939,67.753,0,74.763,74.763,1.491,8952.229,8953.72,146787.728,0.698,0,0,309.7,0.142,58.141,251.551,0,191.714,191.714,0.106,9041.961,13.966,9055.927,149413.519,0,0,24.714,0.131,0,0.025,0.053,3861.35,356.371,0.672,1591.9,6.4,636.8,0,0,21.943,31.765,22.341,46.8,Burdekin,AyrDPI,Mulg,1958,Furrow,BareFallow,35,Surf1,200,140,LowFreq,0,P2R,15AprV1R4,T2,309.7,251.551,58.283,249.997,0.156,0.025,0,0,0,,0,999
1995,15/07/1995,196,1994,15-Apr,7,sugar,alive,0,456,1994,15/4/1994,105,0,0,318,1995,21,2039,9115.52,8115.21,7217.45,222.972,4173.3,,0,0,0,20.122,134.467,134.467,13.966,9041.961,9055.927,149413.519,0.699,22,3080,419.6,168.993,1590.272,288.196,1489.625,318.905,1808.53,6.877,8915.425,1.91,8917.335,145819.717,200,349.052,389.104,26.143,0.074,13.749,5.386,8020.813,358.43,0.978,5461.2,20,2184.5,0,0,17.873,28.981,19.784,55.2,Burdekin,AyrDPI,Mulg,1958,Furrow,BareFallow,35,Surf1,200,140,LowFreq,0,P2R,15AprV1R4,T2,3499.6,3368.196,1759.265,2078.17,39.966,13.823,6.61992354364176,0.123289080081613,6.31648725212465,1.11486,41.733,999
1996,14/08/1996,227,1995,15-Apr,7,sugar,alive,1,396,1994,15/7/1995,105,0,0,318,1996,21,2039,6698.88,5930.88,5256.38,161.351,3149.02,,20775.579,8310.233,86.933,21.105,66.272,66.272,1.91,8915.425,8917.335,145819.717,0.691,20,2800,632.9,180.264,1776.443,355.581,1162.026,314.337,1476.364,7.016,8906.478,1.224,8907.703,145500.515,200,252.462,321.113,33.934,0.071,6.356,6.813,7429.361,360.246,0.933,3866.3,14.2,1546.5,0,0,18.911,29.224,19.946,107,Burdekin,AyrDPI,Mulg,1958,Furrow,BareFallow,35,Surf1,200,140,LowFreq,0,P2R,15AprV1R4,T2,3432.9,3155.581,1956.707,2271.044,40.361,6.427,5.11319468585975,0.109289443524768,4.96464615384615,0.806755,31.49,999
1997,14/09/1997,257,1996,15-Apr,7,sugar,alive,2,396,1994,14/8/1996,105,0,0,318,1997,21,2039,7943.54,7156.12,6258.12,193.653,3724.7,,15547.593,6219.037,60.243,20.758,66.101,66.101,1.224,8906.478,8907.703,145500.515,0.691,20,2800,964.3,310.965,1964.162,454.603,1189.044,280.463,1469.507,7.265,8909.813,1.286,8911.099,145528.438,200,252.063,301.698,20.003,0.054,11.414,4.165,7166.522,362.101,0.96,4594,16.8,1837.6,0,0,18.946,28.468,20.444,116.8,Burdekin,AyrDPI,Mulg,1958,Furrow,BareFallow,35,Surf1,200,140,LowFreq,0,P2R,15AprV1R4,T2,3764.3,3254.603,2275.127,2555.59,31.471,11.468,5.95012663602903,0.131780930611423,5.95855384615385,0.968265,37.247,999
1998,14/10/1998,287,1997,15-Apr,7,sugar,alive,3,395,1994,14/9/1997,105,0,0,318,1998,21,2039,7543.25,6692.08,5940.5,182.318,3651.37,,18230.927,7292.371,71.782,21.734,85.766,85.766,1.286,8909.813,8911.099,145528.438,0.688,19,2660,959.5,184.131,2068.153,482.019,1112.302,259.212,1371.513,5.656,8911.329,1.434,8912.763,145307.389,200,257.506,316.299,20.146,0.055,12.995,4.134,7991.988,363.989,0.958,4512,16.5,1804.8,0,0,20.543,28.902,19.59,189.6,Burdekin,AyrDPI,Mulg,1958,Furrow,BareFallow,35,Surf1,200,140,LowFreq,0,P2R,15AprV1R4,T2,3619.5,3142.019,2252.284,2511.496,33.196,13.05,5.80257471390211,0.132932024705562,5.86231511254019,0.91159,36.514,999
1999,14/11/1999,318,1998,15-Apr,7,sugar,alive,4,396,1994,14/10/1998,105,0,0,318,1999,21,2039,7693.49,6901.79,6102.37,189.49,3796.46,,17458.541,6983.417,66.425,21.743,81.469,81.469,1.434,8911.329,8912.763,145307.389,0.686,19,2660,1137.3,281.323,1992.885,647.748,1175.773,336.613,1512.386,11.972,8901.604,1.926,8903.53,144937.727,200,240.852,319.285,48.095,0.122,10.827,9.183,7865.289,365.913,0.923,3657,13.4,1462.8,0,0,19.787,28.829,19.555,112,Burdekin,AyrDPI,Mulg,1958,Furrow,BareFallow,35,Surf1,200,140,LowFreq,0,P2R,15AprV1R4,T2,3797.3,3307.748,2274.208,2610.821,59.044,10.949,5.72867098702803,0.12529208813094,6.09292604501608,0.94745,37.965,999
2000,14/04/2000,105,0,15-Apr,7,none,out,-1,0,1994,0.000,105,0,0,318,-1,21,2039,0,0,0,0,0,,16632.94,6653.177,64.783,0,92.176,92.176,1.926,8901.604,8903.53,144937.727,0.683,0,0,1336.8,256.698,726.753,481.199,0,236.243,236.243,1.608,8997.597,7.186,9004.784,147719.193,0,0,24.496,1.207,0.192,0.944,0.106,3897.524,366.661,0.538,1101.6,4.3,440.6,0,0,22.776,30.122,20.568,136,Burdekin,AyrDPI,Mulg,1958,Furrow,BareFallow,35,Surf1,200,140,LowFreq,0,P2R,15AprV1R4,T2,1336.8,481.199,983.451,1219.694,2.343,1.136,0,0,0,,0,999
2001,14/07/2001,195,2000,15-Apr,8,sugar,alive,0,456,2000,14/4/2000,105,0,0,318,2001,21,2039,9124.84,8097.05,7222.59,222.681,4138.42,,0,0,0,19.959,209.282,209.282,7.186,8997.597,9004.784,147719.193,0.684,21,2940,673.5,189.548,1779.869,475.711,1452.186,338.994,1791.18,13.149,8871.599,2.2,8873.798,143438.543,200,337.552,380.412,25.462,0.18,16.148,5.243,8505.109,368.939,0.982,5703.5,20.9,2281.4,0,0,17.62,28.396,18.917,52,Burdekin,AyrDPI,Mulg,1958,Furrow,BareFallow,35,Surf1,200,140,LowFreq,0,P2R,15AprV1R4,T2,3613.5,3415.711,1969.417,2308.411,41.79,16.328,6.51931618336563,0.124320838776672,6.5687610619469,1.113405,41.384,999
2002,14/08/2002,226,2001,15-Apr,8,sugar,alive,1,396,2000,14/7/2001,105,0,0,318,2002,21,2039,7220.86,6418.6,5643.43,173.271,3561.17,,21017.095,8406.838,88.219,22.38,62.185,62.185,2.2,8871.599,8873.798,143438.543,0.676,20,2800,787.8,162.587,1769.265,307.829,1358.688,281.817,1640.505,4.146,8861.39,1.253,8862.643,142526.163,200,268.916,327.002,20.282,0.079,7.158,4.2,8278.428,370.95,0.944,4110.8,15.1,1644.3,0,0,18.013,30.094,20.88,206,Burdekin,AyrDPI,Mulg,1958,Furrow,BareFallow,35,Surf1,200,140,LowFreq,0,P2R,15AprV1R4,T2,3587.8,3107.829,1931.852,2213.669,27.519,7.237,5.57530674950263,0.105620525387,5.33141538461539,0.866355,35.612,999
2003,14/09/2003,257,2002,15-Apr,8,sugar,alive,2,396,2000,14/8/2002,105,0,0,318,2003,21,2039,7556.74,6746.02,5913.68,182.039,3596.56,,16902.299,6760.919,66.511,21.401,77.627,77.627,1.253,8861.39,8862.643,142526.163,0.678,21,2940,472.6,175.4,1605.62,303.065,1362.382,270.027,1632.41,3.66,8855.574,1.217,8856.791,141732.866,200,262.789,319.398,23.411,0.105,8.825,4.814,8227.983,372.997,0.952,4326.3,15.9,1730.5,0,0,17.961,29.61,20.889,51,Burdekin,AyrDPI,Mulg,1958,Furrow,BareFallow,35,Surf1,200,140,LowFreq,0,P2R,15AprV1R4,T2,3412.6,3243.065,1781.02,2051.047,32.341,8.93,5.61317765755543,0.11151548936848,5.3698820058997,0.910195,35.966,999
2004,13/10/2004,287,2003,15-Apr,8,sugar,alive,3,395,2000,14/9/2003,105,0,0,318,2004,21,2039,7712.11,6925.97,6097.31,188.345,3730.57,,17643.392,7057.358,70.067,21.463,76.797,76.797,1.217,8855.574,8856.791,141732.866,0.676,20,2800,740.2,125.348,1793.847,387.625,1368.335,269.834,1638.169,6.926,8845.65,1.235,8846.885,140835.972,200,267.487,326.403,23.482,0.08,11.303,4.817,8534.299,375.073,0.96,4611.8,16.9,1844.7,0,0,18.289,29.817,20.803,173.2,Burdekin,AyrDPI,Mulg,1958,Furrow,BareFallow,35,Surf1,200,140,LowFreq,0,P2R,15AprV1R4,T2,3540.2,3187.625,1919.195,2189.029,34.865,11.383,5.9086310340771,0.114972875203962,5.79523076923077,0.941725,37.306,999
2005,13/11/2005,317,2004,15-Apr,8,sugar,alive,4,396,2000,13/10/2004,105,0,0,318,2005,21,2039,7837.93,6993.25,6158.34,190.112,3844.54,,17645.913,7058.365,72.624,21.974,59.634,59.634,1.235,8845.65,8846.885,140835.972,0.672,22,3080,746.3,145.207,2010.252,330.956,1381.173,271.965,1653.139,6.388,8833.966,1.601,8835.566,139637.825,200,269.291,332.369,25.564,0.072,10.568,5.205,8914.92,377.19,0.946,4176.2,15.3,1670.5,0,0,18.873,29.912,20.558,143.4,Burdekin,AyrDPI,Mulg,1958,Furrow,BareFallow,35,Surf1,200,140,LowFreq,0,P2R,15AprV1R4,T2,3826.3,3410.956,2155.459,2427.424,36.204,10.64,5.57356940400287,0.115000613983458,5.38560906515581,0.95056,38.445,999
2006,15/04/2006,105,0,15-Apr,8,none,out,-1,0,2000,0.000,105,0,0,318,-1,21,2039,0,0,0,0,0,,17826.275,7130.511,72.19,0,77.336,77.336,1.601,8833.966,8835.566,139637.825,0.67,0,0,756,56.98,383.705,352.581,0,165.184,165.184,0.432,8939.959,1.763,8941.723,142056.911,0,0,17.835,0.822,0.136,0.286,0.073,4193.533,378.025,0.707,1753.7,7.1,701.5,0,0,23.05,32.354,21.641,178.4,Burdekin,AyrDPI,Mulg,1958,Furrow,BareFallow,35,Surf1,200,140,LowFreq,0,P2R,15AprV1R4,T2,756,352.581,440.685,605.869,1.244,0.422,0,0,0,,0,999
2007,15/07/2007,196,2006,15-Apr,9,sugar,alive,0,456,2006,15/4/2006,105,0,0,318,2007,21,2039,9031.25,8163.51,7153.88,222.723,4260.49,,0,0,0,20.629,227.467,227.467,1.763,8939.959,8941.723,142056.911,0.672,22,3080,1059.4,401.168,2006.39,552.607,1470.506,347.431,1817.937,10.228,8815.051,1.699,8816.75,136862.342,200,330.333,379.582,26.721,0.414,17.294,5.373,9578.827,380.529,0.967,4852.9,17.8,1941.1,0,0,17.476,28.166,18.606,130.2,Burdekin,AyrDPI,Mulg,1958,Furrow,BareFallow,35,Surf1,200,140,LowFreq,0,P2R,15AprV1R4,T2,4139.4,3632.607,2407.558,2754.989,44.429,17.708,6.13121650649245,0.12251414652983,6.30943342776204,1.113615,42.605,999
2008,14/08/2008,227,2007,15-Apr,9,sugar,alive,1,396,2006,15/7/2007,105,0,0,318,2008,21,2039,7058.53,6349.36,5537.04,171.315,3209.09,,20082.549,8033.021,83.063,20.14,141.372,141.372,1.699,8815.051,8816.75,136862.342,0.666,19,2660,1333.5,433.224,2089.686,585.829,1218.659,282.112,1500.772,7.438,8809.711,1.37,8811.081,135340.113,200,259.477,313.801,17.546,0.282,11.821,3.674,8726.951,382.731,0.916,3544.3,13,1417.7,0,0,17.627,28.579,19.221,108.2,Burdekin,AyrDPI,Mulg,1958,Furrow,BareFallow,35,Surf1,200,140,LowFreq,0,P2R,15AprV1R4,T2,3993.5,3245.829,2522.91,2805.022,29.649,12.103,5.27800447897902,0.114151250156586,5.50852090032154,0.856575,32.091,999
2009,14/09/2009,257,2008,15-Apr,9,sugar,alive,2,396,2006,14/8/2008,105,0,0,318,2009,21,2039,6912.02,6174.84,5333.51,164.01,2952.44,,15945.335,6378.134,63.716,19.242,111.19,111.19,1.37,8809.711,8811.081,135340.113,0.667,17,2380,1792.3,451.614,2314.951,552.942,1184.121,271.411,1455.532,12.059,8797.676,1.511,8799.188,133428.673,200,260.608,316.305,23.316,0.267,12.285,4.741,8913.389,384.976,0.943,4085.8,15,1634.3,0,0,18.267,29.263,18.871,197.2,Burdekin,AyrDPI,Mulg,1958,Furrow,BareFallow,35,Surf1,200,140,LowFreq,0,P2R,15AprV1R4,T2,4172.3,2932.942,2766.565,3037.976,35.868,12.552,5.59199602310581,0.112680449485137,5.79540636042403,0.82005,29.524,999
2010,14/10/2010,287,2009,15-Apr,9,sugar,alive,3,395,2006,14/9/2009,105,0,0,318,2010,21,2039,7634.16,6842.78,5924.41,182.68,3319.15,,16890.294,6756.117,72.373,19.448,61.393,61.393,1.511,8797.676,8799.188,133428.673,0.665,20,2800,1233.5,312.601,2137.862,580.719,1259.872,255.662,1515.533,9.716,8768.679,2.164,8770.842,131613.046,200,284.234,344.212,24.495,0.267,11.323,5.007,9334.307,387.257,0.935,3906.3,14.3,1562.5,0,0,19.228,29.317,18.617,135.2,Burdekin,AyrDPI,Mulg,1958,Furrow,BareFallow,35,Surf1,200,140,LowFreq,0,P2R,15AprV1R4,T2,4033.5,3380.719,2450.463,2706.125,36.085,11.59,5.40358426713371,0.12053845082885,5.62092307692308,0.9134,33.191,999
2011,14/11/2011,318,2010,15-Apr,9,sugar,alive,4,396,2006,14/10/2010,105,0,0,318,2011,21,2039,7154.55,6464.11,5644.4,176.339,3591.11,,17853.185,7141.273,71.422,22.149,128.897,128.897,2.164,8768.679,8770.842,131613.046,0.663,18,2520,1310.7,417.099,1938.843,669.426,1184.327,337.728,1522.055,12.854,8735.782,1.927,8737.709,130914.481,200,240.814,341.176,59.566,3.253,17.688,11.183,7860.403,389.574,0.872,2936.1,10.8,1174.4,0,0,17.965,28.621,18.554,81.4,Burdekin,AyrDPI,Mulg,1958,Furrow,BareFallow,35,Surf1,200,140,LowFreq,0,P2R,15AprV1R4,T2,3830.7,3189.426,2355.942,2693.67,80.507,20.941,5.52886318729452,0.115855865918117,5.93734006734007,0.881695,35.911,999
2012,14/04/2012,105,0,15-Apr,9,none,out,-1,0,2006,0.000,105,0,0,318,-1,21,2039,0,0,0,0,0,,15331.962,6132.784,64.307,0,81.599,81.599,1.927,8735.782,8737.709,130914.481,0.661,0,0,941.8,223.796,393.389,443.127,0,224.27,224.27,1.014,8830.007,9.053,8839.06,133171.235,0,0,21.663,0.924,1.025,0.153,0.078,3995.926,390.476,0.571,1208.1,5.1,483.2,0,0,22.449,31.533,20.42,197.4,Burdekin,AyrDPI,Mulg,1958,Furrow,BareFallow,35,Surf1,200,140,LowFreq,0,P2R,15AprV1R4,T2,941.8,443.127,617.185,841.455,2.102,1.178,0,0,0,,0,999
2013,14/07/2013,195,2012,15-Apr,10,sugar,alive,0,456,2012,14/4/2012,105,0,0,318,2013,21,2039,9044.82,8134.73,7105.01,220.728,4047.81,,0,0,0,19.656,181.944,181.944,9.053,8830.007,8839.06,133171.235,0.662,23,3220,732,225.018,2011.843,445.355,1442.051,372.042,1814.093,13.583,8667.475,2.106,8669.582,129528.935,200,363.466,418.197,32.632,6.595,13.967,6.552,7739.085,393.212,0.97,5022.3,18.4,2008.9,0,0,17.447,28.351,18.992,178.6,Burdekin,AyrDPI,Mulg,1958,Furrow,BareFallow,35,Surf1,200,140,LowFreq,0,P2R,15AprV1R4,T2,3952,3665.355,2236.861,2608.903,53.194,20.562,6.02200878223255,0.121674026634798,6.01438692098093,1.10364,40.478,999
2014,14/08/2014,226,2013,15-Apr,10,sugar,alive,1,396,2012,14/7/2013,105,0,0,318,2014,21,2039,7281.54,6483.26,5671.92,174.288,3348.98,,20757.369,8302.948,87.958,20.735,82.991,82.991,2.106,8667.475,8669.582,129528.935,0.655,20,2800,683.8,263.484,1745.856,409.688,1232.678,249.488,1482.166,3.624,8670.188,1.076,8671.264,129758.666,200,255.534,312.371,20.831,0.47,7.293,4.273,7023.035,395.623,0.954,4409.9,16.2,1763.9,0,0,18.053,29.107,19.596,86.2,Burdekin,AyrDPI,Mulg,1958,Furrow,BareFallow,35,Surf1,200,140,LowFreq,0,P2R,15AprV1R4,T2,3483.8,3209.688,2009.34,2258.828,28.594,7.763,5.43006049186089,0.117590067509307,5.36270769230769,0.87144,33.49,999
2015,14/09/2015,257,2014,15-Apr,10,sugar,alive,2,396,2012,14/8/2014,105,0,0,318,2015,21,2039,7287.35,6493.19,5704.44,175.282,3516.43,,17430.135,6972.055,69.333,21.776,75.283,75.283,1.076,8670.188,8671.264,129758.666,0.658,21,2940,418.6,138.728,1618.178,252.477,1333.939,268.996,1602.935,3.68,8664.44,1.237,8665.677,129652.254,200,263.203,321.413,20.381,0.067,11.195,4.209,7573.884,398.072,0.949,4237.7,15.5,1695.1,0,0,18.088,29.909,20.707,83.4,Burdekin,AyrDPI,Mulg,1958,Furrow,BareFallow,35,Surf1,200,140,LowFreq,0,P2R,15AprV1R4,T2,3358.6,3192.477,1756.906,2025.902,31.643,11.262,5.49047025240902,0.109350659883277,5.1705604719764,0.87641,35.164,999
2016,13/10/2016,287,2015,15-Apr,10,sugar,alive,3,395,2012,14/9/2015,105,0,0,318,2016,21,2039,7393.03,6573.67,5764.33,176.855,3313.53,,17056.745,6822.698,67.552,20.145,74.043,74.043,1.237,8664.44,8665.677,129652.254,0.657,21,2940,554.6,167.318,1754.69,402.611,1293.972,272.321,1566.293,5.385,8656.786,1.517,8658.303,129558.839,200,263.844,325.639,24.358,0.071,11.325,4.953,7724.015,400.552,0.948,4231.4,15.5,1692.6,0,0,19.408,30.07,19.21,43.6,Burdekin,AyrDPI,Mulg,1958,Furrow,BareFallow,35,Surf1,200,140,LowFreq,0,P2R,15AprV1R4,T2,3494.6,3342.611,1922.008,2194.329,35.754,11.396,5.29092377186577,0.112913101188603,5.2169616519174,0.884275,33.135,999
2017,13/11/2017,317,2016,15-Apr,10,sugar,alive,4,396,2012,13/10/2016,105,0,0,318,2017,21,2039,7692.73,6863.52,5915.18,182.051,3387.74,,17440.589,6976.236,69.303,19.989,80.342,80.342,1.517,8656.786,8658.303,129558.839,0.654,19,2660,933.4,157.711,1795.233,553.778,1365.668,256.122,1621.789,7.198,8646.595,1.666,8648.261,129382.012,200,262.37,326.632,29.557,0.088,10.547,5.977,7788.77,403.076,0.944,4127.7,15.1,1651.1,0,0,18.877,30.034,18.44,107.8,Burdekin,AyrDPI,Mulg,1958,Furrow,BareFallow,35,Surf1,200,140,LowFreq,0,P2R,15AprV1R4,T2,3593.4,3213.778,1952.944,2209.066,40.192,10.635,5.66470366030261,0.112253196932523,5.85372990353698,0.910255,33.877,999
2018,16/04/2018,106,0,15-Apr,10,none,out,-1,0,2012,0.000,106,1,0,319,-1,21,2039,0,0,0,0,0,,18617.677,7447.07,75.558,0,99.009,99.009,1.666,8646.595,8648.261,129382.012,0.652,0,0,590.8,108.876,232.302,334.65,0,169.262,169.262,0.285,8749.671,2.681,8752.352,132234.561,0,0,15.092,0.391,0.082,0.129,0.046,3678.397,404.077,0.732,1879.3,7.6,751.7,0,0,22.086,31.595,18.671,130.4,Burdekin,AyrDPI,Mulg,1958,Furrow,BareFallow,35,Surf1,200,140,LowFreq,0,P2R,15AprV1R4,T2,590.8,334.65,341.178,510.44,0.602,0.211,0,0,0,,0,999
2019,16/07/2019,197,2018,15-Apr,11,sugar,alive,0,456,2018,16/4/2018,106,1,0,319,2019,20,2039,7807.65,6969.03,6115.41,188.271,3193.46,,0,0,0,17.963,179.369,179.369,2.681,8749.671,8752.352,132234.561,0.654,20,2800,1216.9,457.326,2034.623,460.283,1320.811,290.748,1611.559,7.458,8615.217,2.319,8617.536,128604.796,200,342.582,392.617,25.285,1.161,14.885,5.145,7987.245,407.053,0.965,4790.9,17.6,1916.3,0,0,17.883,29.192,16.746,92.8,Burdekin,AyrDPI,Mulg,1958,Furrow,BareFallow,35,Surf1,200,140,LowFreq,0,P2R,15AprV1R4,T2,4016.9,3260.283,2491.949,2782.697,41.331,16.046,5.77468274993306,0.116825384612043,5.79295384615385,0.941355,31.935,999
2020,15/08/2020,228,2019,15-Apr,11,sugar,alive,1,396,2018,16/7/2019,106,1,0,319,2020,20,2039,7221.52,6426.58,5581.26,171.393,3142.33,,18456.263,7382.505,85.199,19.651,92.76,92.76,2.319,8615.217,8617.536,128604.796,0.649,19,2660,1063.1,244.526,1940.016,448.545,1280.007,263.694,1543.7,7.455,8601.34,1.294,8602.633,128620.55,200,258.314,320.126,25.247,0.466,13.046,5.11,6787.01,409.668,0.936,3931.2,14.4,1572.5,0,0,17.914,29.554,18.515,327.8,Burdekin,AyrDPI,Mulg,1958,Furrow,BareFallow,35,Surf1,200,140,LowFreq,0,P2R,15AprV1R4,T2,3723.1,3108.545,2184.542,2448.236,38.759,13.512,5.51360845668954,0.111027401697221,5.51102893890675,0.856965,31.423,999
2021,15/09/2021,258,2020,15-Apr,11,sugar,alive,2,396,2018,15/8/2020,106,1,0,319,2021,20,2039,6924.04,6172.54,5282.74,162.067,2812.98,,17283.7,6913.479,70.821,18.449,87.617,87.617,1.294,8601.34,8602.633,128620.55,0.65,20,2800,1075.5,353.666,2079.016,463.816,1157.79,247.64,1405.43,8.399,8604.141,1.381,8605.522,128741.872,200,247.066,306.307,23.483,0.082,11.587,4.794,7006.899,412.327,0.932,3832.2,14.1,1532.9,0,0,18.813,29.303,17.235,132.4,Burdekin,AyrDPI,Mulg,1958,Furrow,BareFallow,35,Surf1,200,140,LowFreq,0,P2R,15AprV1R4,T2,3875.5,3263.816,2432.682,2680.322,35.152,11.669,4.9655679119166,0.115314885835652,4.98667692307692,0.810335,28.13,999
