year,today,day,SowYear,SowDate,cropCycle,currentCrop,sugarStatus,ratoon_no,sugarDAS,sugarPlantYear,sugarPlantDate,sugarPlantingDAY,sugarPlantDelay,sugarHarvDelay,sugarLastHarvDAY,sugarHarvYear,realDelayForKill,totCycle,biomass,green_biomass,cane_wt,canefw,sucrose_wt,residue_wt,burntDM,burntOrgC,burntOrgN,ccs,totalInitTAW,totalInitPAW,totalInitInorgN,totalInitOrgN,totalInitSoilN,totalInitSoilC,meanInitOC2,irrigNum,totalIrrig,totalRain,totalDrain,totalRunoff,totalEffRain,totalTransp,totalEvap,totalEvapTr,totalSediment,totalSoilOrgN,totalSoilInorgN,totalSoilN,totalSoilC,totalFert,totalNUptake,totalNit,totalDeNit,totalNO3Leach,totalNO3Runoff,totalN2O,totalCO2,CO2,surfaceom_cover,surfaceom_wt,surfaceom_n,surfaceom_c,surfaceom_no3,surfaceom_nh4,meanTMin,meanTMax,meanRadn,maxRain,Region,WStation,Soil,StartYear,IrrigSys,Fallow,DryOff,Fert,FertAmt,IrrigAmt,IrrigFreq,MillMudAmt,NRunOffModel,Planting,Tillage,totalWater,totalWaterEff,totalWaterLoss,totalWaterLossWithEvap,totalNLoss,totalNPol,GPWUI,CWUE,GPWUI_450,NUE,sucroseTH,IrrigAlloc
1956,14/04/1956,105,0,15-Apr,0,none,out,-1,0,-1,0.000,105,0,0,318,-1,21,2039,0,0,0,0,0,,0,0,0,0,0,0,0,0,0,0,0.89,0,0,908.8,24.993,440.807,459.959,0,277.705,277.705,20.633,9506.38,28.538,9534.918,141789.361,0,0,34.684,7.699,0.206,1.19,1.16,1029.471,350,0.007,9.9,0,4,0,0,22.406,30.649,17.187,67.8,Burdekin,AyrDPI,Mulg,1956,Furrow,BareFallow,35,Surf1,200,110,LowFreq,0,P2R,15AprV1R4,T2,908.8,459.959,465.8,743.505,9.095,1.396,0,0,0,,0,999
1957,14/07/1957,195,1956,15-Apr,1,sugar,alive,0,456,1956,14/4/1956,105,0,0,318,1957,21,2039,7888.18,7113.95,6103.02,189.353,3250.13,,0,0,0,18.212,194.845,194.845,28.538,9506.38,9534.918,141789.361,0.884,19,2090,1202.9,191.161,1502.958,693.173,1300.735,415.929,1716.664,32.317,9421.683,0.821,9422.504,141373.354,200,292.02,324.843,39.7,0.583,16.305,8.381,3470.531,350,0.972,5097.9,18.7,2039.2,0,0,16.955,27.951,18.212,77.7,Burdekin,AyrDPI,Mulg,1956,Furrow,BareFallow,35,Surf1,200,110,LowFreq,0,P2R,15AprV1R4,T2,3292.9,2783.173,1694.119,2110.048,56.588,16.888,6.80349371023648,0.110302889790897,7.45484251968504,0.946765,32.501,999
1958,14/08/1958,226,1957,15-Apr,1,sugar,alive,1,396,1956,14/7/1957,105,0,0,318,1958,21,2039,6179.96,5462.48,4734.85,144.585,2578.35,,19507.046,7802.818,90.024,19.034,76.962,76.962,0.821,9421.683,9422.504,141373.354,0.868,18,1980,1020.9,237.581,1374.1,502.862,1121.614,281.996,1403.61,3.69,9432.693,0.901,9433.594,142378.487,200,235.824,290.959,23.49,0.001,5.398,4.907,5406.886,350,0.944,4113.8,15.2,1645.5,0,0,17.772,29.136,19.572,136.1,Burdekin,AyrDPI,Mulg,1956,Furrow,BareFallow,35,Surf1,200,110,LowFreq,0,P2R,15AprV1R4,T2,3000.9,2482.862,1611.681,1893.677,28.889,5.399,5.82332002342458,0.103009382948255,5.95,0.722925,25.784,999
1959,14/09/1959,257,1958,15-Apr,1,sugar,alive,2,396,1956,14/8/1958,105,0,0,318,1959,21,2039,7111.94,6370.09,5458.01,167.967,3012.62,,15780.116,6312.047,64.382,19.161,62.572,62.572,0.901,9432.693,9433.594,142378.487,0.865,19,2090,875.3,195.517,1289.717,497.798,1206.607,266.895,1473.502,4.917,9425.7,0.949,9426.649,143418.561,200,252.516,304.15,25.708,0,8.591,5.338,5573.979,350,0.953,4375.2,16.1,1750.1,0,0,16.929,28.362,19.643,162.8,Burdekin,AyrDPI,Mulg,1956,Furrow,BareFallow,35,Surf1,200,110,LowFreq,0,P2R,15AprV1R4,T2,2965.3,2587.798,1485.234,1752.129,34.299,8.591,6.49073072936914,0.113991701402509,6.61287401574803,0.839835,30.126,999
1960,13/10/1960,287,1959,15-Apr,1,sugar,alive,3,395,1956,14/9/1959,105,0,0,318,1960,21,2039,7323,6563.26,5713.03,176.226,3275.6,,17777.322,7110.928,77.175,19.963,69.136,69.136,0.949,9425.7,9426.649,143418.561,0.858,20,2200,1112.7,220.581,1650.587,517.884,1188.355,262.043,1450.398,9.063,9415.197,1.255,9416.452,144522.79,200,256.395,318.124,31.444,0,9.289,6.343,6027.77,350,0.957,4492.3,16.5,1796.9,0,0,17.803,28.647,20.438,210.1,Burdekin,AyrDPI,Mulg,1956,Furrow,BareFallow,35,Surf1,200,110,LowFreq,0,P2R,15AprV1R4,T2,3312.7,2717.884,1871.168,2133.211,40.733,9.289,6.48394118365611,0.121501822258442,6.65003773584906,0.88113,32.756,999
1961,13/11/1961,317,1960,15-Apr,1,sugar,alive,4,396,1956,13/10/1960,105,0,0,318,1961,21,2039,7363.85,6614.57,5705.36,176.859,3550.9,,17503.224,7001.289,76.397,21.795,60.271,60.271,1.255,9415.197,9416.452,144522.79,0.851,22,2420,499,101.481,1172.903,312.242,1338.591,292.826,1631.417,5.291,9388.971,2.02,9390.991,145385.574,200,269.651,332.059,35.324,0,8.671,7.086,6298.185,350,0.931,3819.1,14,1527.7,0,0,16.991,29.222,21.178,63.2,Burdekin,AyrDPI,Mulg,1956,Furrow,BareFallow,35,Surf1,200,110,LowFreq,0,P2R,15AprV1R4,T2,2919,2732.242,1274.384,1567.21,43.995,8.671,6.47303569742358,0.108408212002204,6.16233449477352,0.884295,35.509,999
1962,15/04/1962,105,0,15-Apr,1,none,out,-1,0,1956,0.000,105,0,0,318,-1,21,2039,0,0,0,0,0,,17343.366,6937.346,76.604,0,73.471,73.471,2.02,9388.971,9390.991,145385.574,0.842,0,0,875.8,184.757,327.939,465.248,0,270.077,270.077,1.123,9472.06,23.53,9495.59,148078.917,0,0,44.551,2.881,0.002,0.427,0.261,3929.319,350,0.383,688.7,3,275.5,0,0,21.944,31.478,21.317,102.1,Burdekin,AyrDPI,Mulg,1956,Furrow,BareFallow,35,Surf1,200,110,LowFreq,0,P2R,15AprV1R4,T2,875.8,465.248,512.696,782.773,3.31,0.429,0,0,0,,0,999
1963,15/07/1963,196,1962,15-Apr,2,sugar,alive,0,456,1962,15/4/1962,105,0,0,318,1963,21,2039,7177.55,6364.83,5584.05,171.387,3163.13,,0,0,0,19.801,166.499,166.499,23.53,9472.06,9495.59,148078.917,0.841,19,2090,1147.9,248.645,1478.762,666.727,1256.321,359.519,1615.84,12.304,9317.478,1.75,9319.228,145988.978,200,353.642,397.956,45.994,0.002,17.011,9.423,5570.848,350,0.965,4773.2,17.5,1909.3,0,0,16.968,28.851,18.604,91.9,Burdekin,AyrDPI,Mulg,1956,Furrow,BareFallow,35,Surf1,200,110,LowFreq,0,P2R,15AprV1R4,T2,3237.9,2756.727,1727.407,2086.926,63.007,17.013,6.21704651929625,0.106066813545896,6.74751968503937,0.856935,31.631,999
1964,14/08/1964,227,1963,15-Apr,2,sugar,alive,1,396,1962,15/7/1963,105,0,0,318,1964,21,2039,6490.36,5721.3,4968.48,151.625,2636.68,,17601.958,7040.782,91.47,18.489,61.152,61.152,1.75,9317.478,9319.228,145988.978,0.825,19,2090,612.7,43.024,1159.018,463.078,1201.054,298.846,1499.901,5.302,9296.588,1.251,9297.839,146469.331,200,259.602,320.948,34.001,0,6.995,6.963,5803.522,350,0.935,3912.6,14.4,1565.1,0,0,17.172,29.171,19.499,92.7,Burdekin,AyrDPI,Mulg,1956,Furrow,BareFallow,35,Surf1,200,110,LowFreq,0,P2R,15AprV1R4,T2,2702.7,2553.078,1202.042,1500.888,40.996,6.995,5.93890981787474,0.101090005273681,5.96948818897638,0.758125,26.367,999
1965,14/09/1965,257,1964,15-Apr,2,sugar,alive,2,396,1962,14/8/1964,105,0,0,318,1965,21,2039,6945.28,6265.72,5292.33,163.67,2988.91,,16261.672,6504.669,72.335,19.562,61.909,61.909,1.251,9296.588,9297.839,146469.331,0.821,20,2200,831.2,159.971,1319.473,448.68,1244.056,295.741,1539.797,6.068,9273.081,1.053,9274.135,147261.803,200,259.324,322.994,35.038,0.001,9.369,7.149,5708.348,350,0.931,3824,14,1529.6,0,0,17.287,29.163,19.689,107.4,Burdekin,AyrDPI,Mulg,1956,Furrow,BareFallow,35,Surf1,200,110,LowFreq,0,P2R,15AprV1R4,T2,3031.2,2648.68,1479.444,1775.185,44.408,9.37,6.17930440823354,0.106293232159824,6.17622641509434,0.81835,29.889,999
1966,14/10/1966,287,1965,15-Apr,2,sugar,alive,3,395,1962,14/9/1965,105,0,0,318,1966,21,2039,7021.86,6257.17,5391.61,165.503,3073.95,,17300.55,6920.22,79.177,19.945,73.868,73.868,1.053,9273.081,9274.135,147261.803,0.813,22,2420,392.1,100.183,1239.546,277.979,1215.398,269.924,1485.322,4.568,9263.626,1.166,9264.792,148361.858,200,253.974,317.109,32.286,0.001,9.499,6.487,5876.124,350,0.956,4477.3,16.5,1790.9,0,0,17.785,28.871,19.833,102.9,Burdekin,AyrDPI,Mulg,1956,Furrow,BareFallow,35,Surf1,200,110,LowFreq,0,P2R,15AprV1R4,T2,2812.1,2697.979,1339.729,1609.653,41.786,9.5,6.13433240214249,0.111425670662658,5.76665505226481,0.827515,30.74,999
1967,14/11/1967,318,1966,15-Apr,2,sugar,alive,4,396,1962,14/10/1966,105,0,0,318,1967,21,2039,7242.43,6478.39,5565.88,171.688,3227.76,,17662.841,7065.136,76.766,20.224,60.918,60.918,1.166,9263.626,9264.792,148361.858,0.806,20,2200,821.8,140.934,1355.245,419.942,1234.156,285.335,1519.491,6.103,9251.635,1.395,9253.031,149362.683,200,257.285,321.03,34.099,0.001,7.848,6.948,6103.393,350,0.942,4069,14.9,1627.6,0,0,18.229,28.885,20.191,154.9,Burdekin,AyrDPI,Mulg,1956,Furrow,BareFallow,35,Surf1,200,110,LowFreq,0,P2R,15AprV1R4,T2,3021.8,2619.942,1496.179,1781.514,41.948,7.849,6.55312216835335,0.112990468518734,6.47879245283019,0.85844,32.278,999
1968,14/04/1968,105,0,15-Apr,2,none,out,-1,0,1962,0.000,105,0,0,318,-1,21,2039,0,0,0,0,0,,17709.34,7083.736,76.07,0,67.048,67.048,1.395,9251.635,9253.031,149362.683,0.8,0,0,1341.7,312.853,702.817,452.495,0,234.363,234.363,1.055,9339.272,14.011,9353.282,152509.185,0,0,27.99,0.8,0.008,0.314,0.087,3134.19,350,0.632,1428.9,6.1,571.6,0,0,22.329,31.086,21.557,187.9,Burdekin,AyrDPI,Mulg,1956,Furrow,BareFallow,35,Surf1,200,110,LowFreq,0,P2R,15AprV1R4,T2,1341.7,452.495,1015.67,1250.033,1.122,0.322,0,0,0,,0,999
1969,14/07/1969,195,1968,15-Apr,3,sugar,alive,0,456,1968,14/4/1968,105,0,0,318,1969,21,2039,7792.31,7010.73,6042.19,187.058,3454.94,,0,0,0,19.818,158.715,158.715,14.011,9339.272,9353.282,152509.185,0.8,24,2640,302.7,97.445,1167.228,252.287,1372.134,384.423,1756.558,7.598,9209.035,1.962,9210.997,150073.352,200,336.985,383.939,39.081,0.002,12.255,8.072,6474.832,350,0.948,4234,15.5,1693.6,0,0,17.239,28.858,19.267,46.5,Burdekin,AyrDPI,Mulg,1956,Furrow,BareFallow,35,Surf1,200,110,LowFreq,0,P2R,15AprV1R4,T2,2942.7,2892.287,1264.673,1649.096,51.338,12.257,6.46747712104643,0.106491217483283,6.0536569579288,0.93529,34.549,999
1970,14/08/1970,226,1969,15-Apr,3,sugar,alive,1,396,1968,14/7/1969,105,0,0,318,1970,21,2039,6930.34,6182.29,5286.8,162.366,3059.99,,18474.918,7389.968,87.762,20.281,80.185,80.185,1.962,9209.035,9210.997,150073.352,0.786,19,2090,667.3,30.544,1137.682,413.122,1267.572,283.594,1551.166,3.684,9193.084,1.309,9194.393,150604.329,200,266.726,321.995,23.437,0.001,7.265,4.924,6136.957,350,0.93,3802.5,14,1521,0,0,17.457,29.272,20.242,133.6,Burdekin,AyrDPI,Mulg,1956,Furrow,BareFallow,35,Surf1,200,110,LowFreq,0,P2R,15AprV1R4,T2,2757.3,2503.122,1168.226,1451.82,30.703,7.266,6.48653960933586,0.104673516567537,6.39236220472441,0.81183,30.6,999
1971,14/09/1971,257,1970,15-Apr,3,sugar,alive,2,396,1968,14/8/1970,105,0,0,318,1971,21,2039,7292.41,6576.34,5648.11,174.629,3247.55,,17202.246,6880.899,71.678,19.974,118.094,118.094,1.309,9193.084,9194.393,150604.329,0.783,18,1980,1226,138.789,1531.708,724.531,1273.993,273.335,1547.327,5.864,9185.83,1.275,9187.105,151531.729,200,248.868,310.452,28.392,0.002,15.496,5.771,6135.523,350,0.939,3997.7,14.7,1599.1,0,0,17.442,28.692,19.601,220,Burdekin,AyrDPI,Mulg,1956,Furrow,BareFallow,35,Surf1,200,110,LowFreq,0,P2R,15AprV1R4,T2,3206,2704.531,1670.497,1943.832,43.89,15.498,6.45690509740876,0.112858497266576,7.18637860082304,0.873145,32.476,999
1972,13/10/1972,287,1971,15-Apr,3,sugar,alive,3,395,1968,14/9/1971,105,0,0,318,1972,21,2039,7089.45,6405.32,5466.72,169.175,3188.9,,17374.676,6949.871,72.054,20.285,106.27,106.27,1.275,9185.83,9187.105,151531.729,0.778,20,2200,1328.3,335.647,1666.565,470.318,1290.106,275.19,1565.296,5.631,9184.02,1.189,9185.209,152536.793,200,249.348,309.837,29.448,0.004,10.067,5.905,6164.589,350,0.938,3978.3,14.6,1591.3,0,0,16.804,28.821,20.091,206.2,Burdekin,AyrDPI,Mulg,1956,Furrow,BareFallow,35,Surf1,200,110,LowFreq,0,P2R,15AprV1R4,T2,3528.3,2670.318,2002.212,2277.402,39.519,10.071,6.33538777029552,0.10807859983032,6.38396226415094,0.845875,31.889,999
1973,17/11/1973,321,1972,15-Apr,3,sugar,alive,4,400,1968,13/10/1972,105,0,4,318,1973,17,2039,7461.65,6674.91,5686.17,175.173,3192.44,,17174.745,6869.897,74.424,19.516,67.062,67.062,1.189,9184.02,9185.209,152536.793,0.772,20,2200,1238.1,262.588,1567.12,699.933,1258.368,275.694,1534.063,5.427,9174.234,1.715,9175.949,153273.073,200,259.122,322.408,31.017,0.002,9.503,6.33,6646.182,350,0.932,3833.6,14.1,1533.4,0,0,18.843,29.254,19.804,108.5,Burdekin,AyrDPI,Mulg,1956,Furrow,BareFallow,35,Surf1,200,110,LowFreq,0,P2R,15AprV1R4,T2,3438.1,2899.933,1829.708,2105.402,40.522,9.505,6.04058783427065,0.114188921836978,6.61030188679245,0.875865,31.924,999
1974,15/04/1974,105,0,15-Apr,3,none,out,-1,0,1968,0.000,105,0,4,322,-1,17,2043,0,0,0,0,0,,18350.068,7340.027,74.955,0,141.392,141.392,1.715,9174.234,9175.949,153273.073,0.767,0,0,1721.8,647.356,781.238,469.002,0,257.878,257.878,1.247,9266.572,12.544,9279.116,156715.023,0,0,25.319,1.017,0.028,0.356,0.096,3200.409,350,0.536,1096.3,4.5,438.5,0,0,22.293,30.139,17.364,152.9,Burdekin,AyrDPI,Mulg,1956,Furrow,BareFallow,35,Surf1,200,110,LowFreq,0,P2R,15AprV1R4,T2,1721.8,469.002,1428.594,1686.472,1.401,0.384,0,0,0,,0,999
1975,15/07/1975,196,1974,15-Apr,4,sugar,alive,0,456,1974,15/4/1974,105,0,0,318,1975,21,2039,8298.14,7395.1,6443.73,198.53,3488.02,,0,0,0,18.71,176.72,176.72,12.544,9266.572,9279.116,156715.023,0.768,20,2200,763.6,150.99,1209.418,546.944,1364.958,348.116,1713.074,8.156,9149.993,1.85,9151.844,153977.802,200,329.335,367.837,30.567,0.006,13.146,6.35,6736.447,350,0.973,5134.7,18.8,2053.9,0,0,17.001,28.293,19.228,65,Burdekin,AyrDPI,Mulg,1956,Furrow,BareFallow,35,Surf1,200,110,LowFreq,0,P2R,15AprV1R4,T2,2963.6,2746.944,1360.408,1708.524,43.719,13.152,7.22730423335896,0.115891082346705,7.49169811320755,0.99265,34.88,999
1976,14/08/1976,227,1975,15-Apr,4,sugar,alive,1,396,1974,15/7/1975,105,0,0,318,1976,21,2039,6513.16,5835.75,5022.79,155.071,2851.07,,20126.974,8050.792,91.352,19.714,66.838,66.838,1.85,9149.993,9151.844,153977.802,0.755,16,1760,1989.1,563.945,1794.801,742.333,1065.845,317.343,1383.188,9.828,9153.866,1.239,9155.105,154335.628,200,233.62,299.788,36.039,0.011,6.913,7.23,6362.651,350,0.898,3264.5,12,1305.8,0,0,17.81,28.163,18.823,179.8,Burdekin,AyrDPI,Mulg,1956,Furrow,BareFallow,35,Surf1,200,110,LowFreq,0,P2R,15AprV1R4,T2,3749.1,2502.333,2358.746,2676.089,42.963,6.924,6.19705690649486,0.112111296512115,7.01678733031674,0.775355,28.511,999
1977,14/09/1977,257,1976,15-Apr,4,sugar,alive,2,396,1974,14/8/1976,105,0,0,318,1977,21,2039,7097.41,6372.78,5447.45,167.646,2878.14,,15442.977,6177.191,62.718,18.217,74.004,74.004,1.239,9153.866,9155.105,154335.628,0.755,18,1980,1380,197.084,1747.129,559.503,1144.489,271.093,1415.582,7.011,9142.342,1.211,9143.553,154636.398,200,260.309,312.504,23.079,0.003,9.564,4.868,6456.895,350,0.953,4354.1,16,1741.6,0,0,17.722,28.369,19.544,170.6,Burdekin,AyrDPI,Mulg,1956,Furrow,BareFallow,35,Surf1,200,110,LowFreq,0,P2R,15AprV1R4,T2,3360,2539.503,1944.213,2215.306,32.646,9.567,6.60152793676558,0.118429027777974,6.89901234567901,0.83823,28.781,999
1978,14/10/1978,287,1977,15-Apr,4,sugar,alive,3,395,1974,14/9/1977,105,0,0,318,1978,21,2039,7476.31,6716.55,5847.82,180.598,3488.91,,17725.667,7090.267,78.333,20.862,74.209,74.209,1.211,9142.342,9143.553,154636.398,0.75,19,2090,953.7,136.09,1413.433,523.608,1220.419,269.401,1489.82,6.005,9140.537,1.209,9141.746,155031.489,200,253.585,314.671,28.713,0.003,9.213,5.809,6930.392,350,0.952,4328.9,15.9,1731.6,0,0,17.755,28.363,20.718,150.6,Burdekin,AyrDPI,Mulg,1956,Furrow,BareFallow,35,Surf1,200,110,LowFreq,0,P2R,15AprV1R4,T2,3043.7,2613.608,1549.523,1818.924,37.929,9.216,6.90991150930055,0.121221355600005,7.11015748031496,0.90299,34.889,999
1979,14/11/1979,318,1978,15-Apr,4,sugar,alive,4,396,1974,14/10/1978,105,0,0,318,1979,21,2039,7061.17,6312.52,5436.46,167.929,3189.81,,17521.709,7008.683,72.241,20.464,78.566,78.566,1.209,9140.537,9141.746,155031.489,0.746,19,2090,1489.5,322.957,1808.596,567.237,1156.951,303.129,1460.079,9.041,9137.351,1.496,9138.848,155260.837,200,241.566,312.996,40.645,0.008,8.287,8.013,6971.675,350,0.921,3633.8,13.3,1453.5,0,0,18.32,28.53,19.539,350.7,Burdekin,AyrDPI,Mulg,1956,Furrow,BareFallow,35,Surf1,200,110,LowFreq,0,P2R,15AprV1R4,T2,3579.5,2657.237,2131.553,2434.682,48.94,8.295,6.31968469504226,0.115013639672922,6.61137795275591,0.839645,31.898,999
1980,14/04/1980,105,0,15-Apr,4,none,out,-1,0,1974,0.000,105,0,0,318,-1,21,2039,0,0,0,0,0,,16898.709,6759.483,71.197,0,66.435,66.435,1.496,9137.351,9138.848,155260.837,0.742,0,0,636.1,116.56,233.084,372.835,0,197.689,197.689,0.349,9227.827,11.818,9239.646,157972.714,0,0,23.924,0.454,0.013,0.087,0.064,3549.767,350,0.617,1369.8,5.8,547.9,0,0,22.487,31.511,22.411,86.4,Burdekin,AyrDPI,Mulg,1956,Furrow,BareFallow,35,Surf1,200,110,LowFreq,0,P2R,15AprV1R4,T2,636.1,372.835,349.644,547.333,0.554,0.1,0,0,0,,0,999
1981,14/07/1981,195,1980,15-Apr,5,sugar,alive,0,456,1980,14/4/1980,105,0,0,318,1981,21,2039,8292.74,7468.08,6487.23,201.135,3514.06,,0,0,0,18.59,155.202,155.202,11.818,9227.827,9239.646,157972.714,0.743,19,2090,1226.2,339.925,1412.135,673.122,1304.553,338.241,1642.794,7.704,9112.619,1.744,9114.363,154284.789,200,327.223,366.171,30.652,0.016,13.74,6.315,7725.709,350,0.967,4871.4,17.9,1948.6,0,0,17.555,28.055,18.773,104.8,Burdekin,AyrDPI,Mulg,1956,Furrow,BareFallow,35,Surf1,200,110,LowFreq,0,P2R,15AprV1R4,T2,3316.2,2763.122,1752.06,2090.301,44.408,13.756,7.27926598970295,0.122434705751299,7.91870078740157,1.005675,35.141,999
1982,14/08/1982,226,1981,15-Apr,5,sugar,alive,1,396,1980,14/7/1981,105,0,0,318,1982,21,2039,6946.13,6226.03,5377.76,165.808,3210.67,,19487.51,7795.006,88.313,20.917,76.548,76.548,1.744,9112.619,9114.363,154284.789,0.732,19,2090,604.4,101.538,1061.968,438.174,1245.499,289.659,1535.158,3.893,9101.07,1.223,9102.293,153224.938,200,260.349,313.289,26.645,0.007,5.72,5.505,7846.769,350,0.933,3863,14.2,1545.2,0,0,17.532,28.965,19.448,47.4,Burdekin,AyrDPI,Mulg,1956,Furrow,BareFallow,35,Surf1,200,110,LowFreq,0,P2R,15AprV1R4,T2,2694.4,2528.174,1163.506,1453.165,32.372,5.727,6.55840934998936,0.108007123696714,6.52787401574803,0.82904,32.107,999
1983,14/09/1983,257,1982,15-Apr,5,sugar,alive,2,396,1980,14/8/1982,105,0,0,318,1983,21,2039,7120.73,6359.02,5497.57,168.949,3020.76,,16614.705,6645.882,68.065,19.092,72.285,72.285,1.223,9101.07,9102.293,153224.938,0.731,20,2200,637.3,150.249,1222.485,375.42,1182.725,277.084,1459.809,3.539,9093.633,1.163,9094.796,152252.63,200,261.215,312.876,22.757,0.006,8.145,4.764,7975.571,350,0.953,4358.8,16,1743.5,0,0,17.915,28.646,19.857,95.4,Burdekin,AyrDPI,Mulg,1956,Furrow,BareFallow,35,Surf1,200,110,LowFreq,0,P2R,15AprV1R4,T2,2837.3,2575.42,1372.734,1649.818,30.908,8.151,6.56005622383922,0.115733633646594,6.37543396226415,0.844745,30.208,999
1984,13/10/1984,287,1983,15-Apr,5,sugar,alive,3,395,1980,14/9/1983,105,0,0,318,1984,21,2039,7460.29,6714.76,5726.16,177.1,3333.44,,17501.878,7000.75,73.298,20.252,77.042,77.042,1.163,9093.633,9094.796,152252.63,0.727,22,2420,624.6,145.012,1355.538,477.029,1265.017,270.792,1535.809,6.528,9086.68,1.71,9088.39,150964.472,200,259.163,318.817,25.737,0.008,10.345,5.327,8580.954,350,0.932,3833.8,14.1,1533.5,0,0,17.81,28.719,19.464,75.6,Burdekin,AyrDPI,Mulg,1956,Furrow,BareFallow,35,Surf1,200,110,LowFreq,0,P2R,15AprV1R4,T2,3044.6,2897.029,1500.55,1771.342,36.09,10.353,6.11315937810771,0.115313818319856,6.17073170731707,0.8855,33.334,999
1985,13/11/1985,317,1984,15-Apr,5,sugar,alive,4,396,1980,13/10/1984,105,0,0,318,1985,21,2039,7546.97,6829.22,5851.28,181.874,3390.73,,17998.815,7199.527,75.547,20.031,85.282,85.282,1.71,9086.68,9088.39,150964.472,0.723,21,2310,872.5,136.487,1442.227,544.441,1293.394,282.72,1576.114,6.108,9077.277,1.946,9079.223,149291.212,200,251.238,322.58,37.723,0.01,10.957,7.537,9112.193,350,0.917,3548.6,13,1419.4,0,0,17.761,28.762,19.57,111.4,Burdekin,AyrDPI,Mulg,1956,Furrow,BareFallow,35,Surf1,200,110,LowFreq,0,P2R,15AprV1R4,T2,3182.5,2854.441,1578.714,1861.434,48.69,10.967,6.37161531802549,0.11539393724058,6.58963768115942,0.90937,33.907,999
1986,15/04/1986,105,0,15-Apr,5,none,out,-1,0,1980,0.000,105,0,0,318,-1,21,2039,0,0,0,0,0,,17429.676,6971.87,72.681,0,112.954,112.954,1.946,9077.277,9079.223,149291.212,0.719,0,0,420.5,107.423,97.173,303.08,0,193.401,193.401,0.152,9151.915,29.925,9181.84,150629.503,0,0,44.836,1.023,0.026,0.146,0.161,5247.496,350,0.599,1305.6,5.4,522.3,0,0,22.125,31.888,20.927,117.8,Burdekin,AyrDPI,Mulg,1956,Furrow,BareFallow,35,Surf1,200,110,LowFreq,0,P2R,15AprV1R4,T2,420.5,303.08,204.596,397.997,1.195,0.172,0,0,0,,0,999
1987,15/07/1987,196,1986,15-Apr,6,sugar,alive,0,456,1986,15/4/1986,105,0,0,318,1987,21,2039,7943.38,7099.19,6178.96,190.69,3748.95,,0,0,0,21.282,135.458,135.458,29.925,9151.915,9181.84,150629.503,0.718,23,2530,585.4,82.401,1336.217,484.067,1373.363,372.84,1746.203,10.419,8960.689,2.433,8963.123,146380.691,200,399.723,447.51,47.419,0.05,16.541,9.742,8198.398,350,0.962,4670.8,17.1,1868.3,0,0,18.179,29.194,18.291,44,Burdekin,AyrDPI,Mulg,1956,Furrow,BareFallow,35,Surf1,200,110,LowFreq,0,P2R,15AprV1R4,T2,3115.4,3014.067,1418.618,1791.458,64.01,16.591,6.32666758900847,0.109202652841623,6.39899328859061,0.95345,37.49,999
1988,14/08/1988,227,1987,15-Apr,6,sugar,alive,1,396,1986,15/7/1987,105,0,0,318,1988,21,2039,7033.73,6240.01,5331.65,162.978,2940.52,,18967.767,7587.108,90.47,19.292,86.037,86.037,2.433,8960.689,8963.123,146380.691,0.707,19,2090,974.5,93.773,1456.514,420.842,1235.331,288.258,1523.589,6.052,8942.491,1.211,8943.702,146157.452,200,267.199,328.585,29.056,0.027,7.354,5.979,6924.74,350,0.951,4318.6,15.9,1727.4,0,0,17.994,29.174,19.627,254,Burdekin,AyrDPI,Mulg,1956,Furrow,BareFallow,35,Surf1,200,110,LowFreq,0,P2R,15AprV1R4,T2,3064.5,2510.842,1550.287,1838.545,36.437,7.381,6.49096996147109,0.106969793034736,6.41645669291339,0.81489,29.405,999
1989,14/09/1989,257,1988,15-Apr,6,sugar,alive,2,396,1986,14/8/1988,105,0,0,318,1989,21,2039,6889.76,6131.42,5301.64,162.45,2878.45,,18138.451,7255.38,81.101,18.894,76.66,76.66,1.211,8942.491,8943.702,146157.452,0.707,16,1760,1393,254.876,1490.288,762.546,1154.76,262.069,1416.828,6.136,8946.448,0.889,8947.337,146472.358,200,248.452,304.459,28.396,0.038,6.145,5.759,6733.717,350,0.956,4472.2,16.4,1788.9,0,0,17.953,28.513,19.014,134.8,Burdekin,AyrDPI,Mulg,1956,Furrow,BareFallow,35,Surf1,200,110,LowFreq,0,P2R,15AprV1R4,T2,3153,2522.546,1745.164,2007.233,34.579,6.183,6.43992220558119,0.114657530765908,7.35067873303167,0.81225,28.784,999
1990,14/10/1990,287,1989,15-Apr,6,sugar,alive,3,395,1986,14/9/1989,105,0,0,318,1990,21,2039,6952.34,6299.2,5403.26,167.629,3142.86,,17300.411,6920.164,75.736,20.161,67.669,67.669,0.889,8946.448,8947.337,146472.358,0.705,19,2090,1277.8,357.47,1529.851,518.866,1193.839,286.555,1480.393,5.775,8948.181,1.273,8949.454,146512.485,200,241.408,306.943,32.786,0.041,9.292,6.527,6911.565,350.839,0.931,3828.8,14.1,1531.5,0,0,17.407,28.757,20.276,103,Burdekin,AyrDPI,Mulg,1956,Furrow,BareFallow,35,Surf1,200,110,LowFreq,0,P2R,15AprV1R4,T2,3367.8,2608.866,1887.321,2173.876,42.119,9.333,6.42535875740648,0.113232769946899,6.59956692913386,0.838145,31.429,999
1991,14/11/1991,318,1990,15-Apr,6,sugar,alive,4,396,1986,14/10/1990,105,0,0,318,1991,21,2039,7197.02,6395.83,5560.53,170.915,3435.81,,16421.624,6568.649,70.074,21.826,67.754,67.754,1.273,8948.181,8949.454,146512.485,0.703,20,2200,1681.6,459.997,1938.246,391.545,1252.685,245.714,1498.399,4.043,8942.456,1.539,8943.995,146352.635,200,252.113,316.887,30.741,0.472,8.754,6.024,7209.833,352.513,0.949,4257.5,15.6,1703,0,0,17.718,29.034,19.738,204.4,Burdekin,AyrDPI,Mulg,1956,Furrow,BareFallow,35,Surf1,200,110,LowFreq,0,P2R,15AprV1R4,T2,3881.6,2591.545,2398.243,2643.957,39.967,9.226,6.59510060600916,0.1140650787941,6.44962264150943,0.854575,34.358,999
1992,14/04/1992,105,0,15-Apr,6,none,out,-1,0,1986,0.000,105,0,0,318,-1,21,2039,0,0,0,0,0,,17529.004,7011.602,77.811,0,52.712,52.712,1.539,8942.456,8943.995,146352.635,0.699,0,0,487.6,53.887,153.43,328.612,0,189.132,189.132,0.351,9019.819,23.135,9042.954,148237.641,0,0,41.612,1.482,0.05,0.5,0.175,4424.631,353.166,0.578,1234.1,5.5,493.7,0,0,22.037,31.882,22.651,122.8,Burdekin,AyrDPI,Mulg,1956,Furrow,BareFallow,35,Surf1,200,110,LowFreq,0,P2R,15AprV1R4,T2,487.6,328.612,207.317,396.449,2.032,0.55,0,0,0,,0,999
1993,14/07/1993,195,1992,15-Apr,7,sugar,alive,0,456,1992,14/4/1992,105,0,0,318,1993,21,2039,8734.22,7828.15,6810.27,210.628,4147.84,,0,0,0,21.322,143.865,143.865,23.135,9019.819,9042.954,148237.641,0.698,22,2420,628.9,80.207,1257.919,482.228,1427.146,358.899,1786.045,9.197,8882.845,2.037,8884.881,144768.519,200,360.294,392.492,31.723,0.072,13.622,6.616,7593.815,355.153,0.974,5219.4,19.1,2087.8,0,0,17.504,28.743,19.448,72,Burdekin,AyrDPI,Mulg,1956,Furrow,BareFallow,35,Surf1,200,110,LowFreq,0,P2R,15AprV1R4,T2,3048.9,2902.228,1338.126,1697.025,45.417,13.694,7.25745875237921,0.117929839393744,7.33895470383275,1.05314,41.478,999
1994,14/08/1994,226,1993,15-Apr,7,sugar,alive,1,396,1992,14/7/1993,105,0,0,318,1994,21,2039,7087.27,6342.63,5535.99,170.784,3293.69,,20790.103,8316.041,95.103,20.821,68.594,68.594,2.037,8882.845,8884.881,144768.519,0.689,21,2310,409.4,36.209,1138.706,317.335,1219.854,311.471,1531.325,4.113,8884.75,1.066,8885.815,144380.557,200,257.667,311.404,19.732,0.02,7.161,4.259,7527.504,356.911,0.928,3762.3,13.8,1504.9,0,0,17.871,29.003,19.967,46.8,Burdekin,AyrDPI,Mulg,1956,Furrow,BareFallow,35,Surf1,200,110,LowFreq,0,P2R,15AprV1R4,T2,2719.4,2627.335,1174.915,1486.386,26.913,7.181,6.50027499348199,0.11152694561899,6.18782608695652,0.85392,32.937,999
1995,14/09/1995,257,1994,15-Apr,7,sugar,alive,2,396,1992,14/8/1994,105,0,0,318,1995,21,2039,7864.11,7048.08,6172.1,190.4,3700.44,,16383.805,6553.522,65.124,21.005,81.755,81.755,1.066,8884.75,8885.815,144380.557,0.691,21,2310,508.6,72.118,1138.114,355.04,1313.322,274.589,1587.91,3.14,8880.833,1.063,8881.896,143984.225,200,266.697,318.845,18.57,0.03,7.597,3.989,7823.113,358.703,0.952,4350,16,1740,0,0,18.519,29.133,20.465,55.2,Burdekin,AyrDPI,Mulg,1956,Furrow,BareFallow,35,Surf1,200,110,LowFreq,0,P2R,15AprV1R4,T2,2818.6,2665.04,1210.232,1484.821,26.197,7.627,7.14435805841563,0.119906040014862,6.89855072463768,0.952,37.004,999
1996,13/10/1996,287,1995,15-Apr,7,sugar,alive,3,395,1992,14/9/1995,105,0,0,318,1996,21,2039,7694.16,6890.8,6084.94,187.732,3832.72,,18079.6,7231.839,71.744,22.212,102.213,102.213,1.063,8880.833,8881.896,143984.225,0.689,23,2530,547.9,127.358,1387.667,306.949,1313.679,279.255,1592.934,4.116,8878.141,1.477,8879.617,143554.225,200,262.917,324.81,25.03,0.071,7.933,5.059,8240.329,360.524,0.954,4409.5,16.2,1763.8,0,0,19.245,29.663,20.779,107,Burdekin,AyrDPI,Mulg,1956,Furrow,BareFallow,35,Surf1,200,110,LowFreq,0,P2R,15AprV1R4,T2,3077.9,2836.949,1515.025,1794.28,33.034,8.004,6.61739072503594,0.117852968170684,6.29973154362416,0.93866,38.327,999
1997,13/11/1997,317,1996,15-Apr,7,sugar,alive,4,396,1992,13/10/1996,105,0,0,318,1997,21,2039,8239.42,7338.43,6539.02,201.862,4011.57,,17426.54,6970.615,68.246,21.544,72.155,72.155,1.477,8878.141,8879.617,143554.225,0.686,20,2200,954.2,175.084,1516.839,465.812,1205.742,265.682,1471.424,6.738,8885.344,1.292,8886.636,143351.68,200,259.132,310.27,21.584,0.051,6.861,4.541,7972.95,362.384,0.966,4844,17.8,1937.6,0,0,19.539,28.549,20.723,116.8,Burdekin,AyrDPI,Mulg,1956,Furrow,BareFallow,35,Surf1,200,110,LowFreq,0,P2R,15AprV1R4,T2,3154.2,2665.812,1691.923,1957.605,28.496,6.912,7.57225190673611,0.137188193206037,7.61743396226415,1.00931,40.116,999
1998,16/04/1998,106,0,15-Apr,7,none,out,-1,0,1992,0.000,106,1,0,319,-1,21,2039,0,0,0,0,0,,18570.801,7428.32,75.402,0,63.009,63.009,1.292,8885.344,8886.636,143351.68,0.684,0,0,769.5,119.724,357.637,387.648,0,193.827,193.827,0.392,8981.419,9.555,8990.974,146221.178,0,0,24.717,0.806,0.173,0.203,0.092,4034.726,363.123,0.674,1601.7,6.5,640.7,0,0,23.748,31.279,20.298,189.6,Burdekin,AyrDPI,Mulg,1956,Furrow,BareFallow,35,Surf1,200,110,LowFreq,0,P2R,15AprV1R4,T2,769.5,387.648,477.361,671.188,1.182,0.376,0,0,0,,0,999
1999,16/07/1999,197,1998,15-Apr,8,sugar,alive,0,456,1998,16/4/1998,106,1,0,319,1999,20,2039,9570.39,8554.2,7568.9,233.728,4219.43,,0,0,0,19.305,161.322,161.322,9.555,8981.419,8990.974,146221.178,0.686,19,2090,1269.3,176.961,1575.527,784.447,1354.261,347.006,1701.267,10.535,8859.404,2.162,8861.566,141352.608,200,344.347,382.984,24.088,0.178,13.754,5.048,9525.775,365.327,0.984,5940.8,21.8,2376.3,0,0,19.733,28.53,18.246,112,Burdekin,AyrDPI,Mulg,1956,Furrow,BareFallow,35,Surf1,200,110,LowFreq,0,P2R,15AprV1R4,T2,3359.3,2874.447,1752.488,2099.494,38.02,13.932,8.13123359032189,0.137384666839479,9.20188976377953,1.16864,42.194,999
2000,15/08/2000,228,1999,15-Apr,8,sugar,alive,1,396,1998,16/7/1999,106,1,0,319,2000,20,2039,6898.63,6138.33,5449.37,167.62,3067.45,,22062.411,8824.965,88.206,19.609,66.867,66.867,2.162,8859.404,8861.566,141352.608,0.678,16,1760,1505.1,390.026,1599.133,635.187,1001.191,272.452,1273.643,3.989,8867.41,1.194,8868.604,140684.934,200,253.464,303.796,18.899,0.131,5.182,3.956,8017.933,367.269,0.947,4202.9,15.4,1681.1,0,0,18.488,27.837,19.233,136,Burdekin,AyrDPI,Mulg,1956,Furrow,BareFallow,35,Surf1,200,110,LowFreq,0,P2R,15AprV1R4,T2,3265.1,2395.187,1989.159,2261.611,24.212,5.313,6.9982009755397,0.13160673752378,7.58461538461539,0.8381,30.674,999
2001,15/09/2001,258,2000,15-Apr,8,sugar,alive,2,396,1998,15/8/2000,106,1,0,319,2001,20,2039,7801.2,6987.57,6089.96,187.806,3719.89,,15891.089,6356.435,62.565,21.463,69.165,69.165,1.194,8867.41,8868.604,140684.934,0.681,20,2200,561.3,59.875,1150.217,422.329,1290.853,263.568,1554.421,4.191,8845.652,1.436,8847.089,139193.787,200,279.68,332.154,21.911,0.032,7.958,4.615,8807.001,369.251,0.957,4484.1,16.4,1793.7,0,0,17.813,29.084,20.137,52,Burdekin,AyrDPI,Mulg,1956,Furrow,BareFallow,35,Surf1,200,110,LowFreq,0,P2R,15AprV1R4,T2,2761.3,2622.329,1210.092,1473.66,29.901,7.99,7.16180158935053,0.120820549902504,7.08701886792453,0.93903,37.199,999
2002,15/10/2002,288,2001,15-Apr,8,sugar,alive,3,395,1998,15/9/2001,106,1,0,319,2002,20,2039,7654.19,6850.66,6014.95,185.36,3790.51,,18356.994,7342.798,76.041,22.253,65.953,65.953,1.436,8845.652,8847.089,139193.787,0.678,21,2310,810.6,42.077,1418.555,329.669,1394.393,272.783,1667.176,6.869,8827.551,1.313,8828.864,137698.253,200,281.341,337.844,22.583,0.031,7.721,4.722,9176.158,371.268,0.964,4730.7,17.4,1892.3,0,0,18.322,30.191,21.207,206,Burdekin,AyrDPI,Mulg,1956,Furrow,BareFallow,35,Surf1,200,110,LowFreq,0,P2R,15AprV1R4,T2,3120.6,2639.669,1460.632,1733.415,30.335,7.752,7.02209254266349,0.11118202277384,6.71594202898551,0.9268,37.905,999
2003,15/11/2003,319,2002,15-Apr,8,sugar,alive,4,396,1998,15/10/2002,106,1,0,319,2003,20,2039,7942.97,7042.61,6209.02,190.656,3829.64,,17954.693,7181.879,76.747,21.807,58.746,58.746,1.313,8827.551,8828.864,137698.253,0.675,22,2420,463.2,63.465,1144.787,278.938,1413.6,259.381,1672.981,3.96,8817.068,1.57,8818.638,136098.009,200,278.803,336.169,21.235,0.03,7.329,4.486,9489.5,373.32,0.961,4634.8,17,1853.9,0,0,18.638,30.093,21.302,51,Burdekin,AyrDPI,Mulg,1956,Furrow,BareFallow,35,Surf1,200,110,LowFreq,0,P2R,15AprV1R4,T2,2883.2,2698.938,1208.252,1467.633,28.594,7.359,7.06411188400771,0.113961844157226,6.64306620209059,0.95328,38.296,999
2004,14/04/2004,105,0,15-Apr,8,none,out,-1,0,1998,0.000,105,0,0,319,-1,20,2039,0,0,0,0,0,,18678.148,7471.26,78.503,0,60.715,60.715,1.57,8817.068,8818.638,136098.009,0.673,0,0,652.6,74.802,294.09,347.643,0,196.276,196.276,0.325,8915.107,11.102,8926.208,138576.072,0,0,22.449,0.459,0.203,0.138,0.061,4144.624,374.113,0.748,1969.9,8.3,788,0,0,22.646,32.252,21.899,173.2,Burdekin,AyrDPI,Mulg,1956,Furrow,BareFallow,35,Surf1,200,110,LowFreq,0,P2R,15AprV1R4,T2,652.6,347.643,368.892,565.168,0.8,0.341,0,0,0,,0,999
2005,14/07/2005,195,2004,15-Apr,9,sugar,alive,0,456,2004,14/4/2004,105,0,0,318,2005,21,2039,8371.68,7465.38,6588.27,203.147,3991.22,,0,0,0,21.266,148.147,148.147,11.102,8915.107,8926.208,138576.072,0.674,22,2420,719.2,85.581,1363.647,309.818,1435.177,339.551,1774.729,5.407,8779.698,2.514,8782.211,131881.153,200,367.075,405.014,19.926,0.218,8.257,4.341,11231.311,376.54,0.969,4978.6,18.3,1991.4,0,0,17.68,29.343,19.68,143.4,Burdekin,AyrDPI,Mulg,1956,Furrow,BareFallow,35,Surf1,200,110,LowFreq,0,P2R,15AprV1R4,T2,3139.2,2729.818,1449.228,1788.779,28.401,8.475,7.44177816982671,0.114466490376841,7.07829268292683,1.015735,39.912,999
2006,14/08/2006,226,2005,15-Apr,9,sugar,alive,1,396,2004,14/7/2005,105,0,0,318,2006,21,2039,7291.08,6498.77,5591.22,171.673,3124.5,,19390.835,7756.334,85.18,19.486,63.392,63.392,2.514,8779.698,8782.211,131881.153,0.669,19,2090,985.3,150.876,1390.551,535.303,1215.12,296.898,1512.018,5.135,8724.783,1.367,8726.15,130710.858,200,303.377,363.646,29.134,1.4,5.789,6.05,8117.256,378.682,0.944,4129.9,15.2,1652,0,0,18.705,29.095,19.266,178.4,Burdekin,AyrDPI,Mulg,1956,Furrow,BareFallow,35,Surf1,200,110,LowFreq,0,P2R,15AprV1R4,T2,3075.3,2625.303,1541.427,1838.325,36.323,7.189,6.53916900258751,0.113538992260674,6.75877952755906,0.858365,31.245,999
2007,14/09/2007,257,2006,15-Apr,9,sugar,alive,2,396,2004,14/8/2006,105,0,0,318,2007,21,2039,7402.69,6655.21,5758.22,177.867,3349.9,,17959.224,7183.691,77.024,20.266,85.248,85.248,1.367,8724.783,8726.15,130710.858,0.67,19,2090,940.5,221.693,1332.493,475.09,1222.709,268.973,1491.682,5.996,8714.697,1.186,8715.884,130576.822,200,268.755,324.053,22.97,0.679,8.164,4.769,7456.577,380.86,0.947,4190.4,15.4,1676.1,0,0,17.489,28.522,19.714,130.2,Burdekin,AyrDPI,Mulg,1956,Furrow,BareFallow,35,Surf1,200,110,LowFreq,0,P2R,15AprV1R4,T2,3030.5,2565.09,1554.186,1823.159,31.813,8.843,6.93414266166099,0.119239221228117,7.00263779527559,0.889335,33.499,999
2008,13/10/2008,287,2007,15-Apr,9,sugar,alive,3,395,2004,14/9/2007,105,0,0,318,2008,21,2039,7655.85,6869.3,5994.23,185.128,3650.69,,17539.882,7015.952,75.214,21.355,69.88,69.88,1.186,8714.697,8715.884,130576.822,0.669,20,2200,1328.4,283.348,1693.592,609.531,1284.628,264.501,1549.129,10.629,8713.086,1.314,8714.4,130501.793,200,263.167,318.02,23.867,0.203,7.323,4.977,7657.811,383.068,0.95,4290.3,15.7,1716.1,0,0,18.038,28.883,19.535,108.2,Burdekin,AyrDPI,Mulg,1956,Furrow,BareFallow,35,Surf1,200,110,LowFreq,0,P2R,15AprV1R4,T2,3528.4,2809.531,1976.94,2241.441,31.393,7.526,6.5892848308134,0.119504573215013,6.98596226415094,0.92564,36.507,999
2009,13/11/2009,317,2008,15-Apr,9,sugar,alive,4,396,2004,13/10/2008,105,0,0,318,2009,21,2039,7504.88,6703.19,5742.93,176.907,3514.6,,17770.491,7108.197,73.943,21.536,72.212,72.212,1.314,8713.086,8714.4,130501.793,0.667,18,1980,1796.7,400.477,1809.558,549.921,1282.765,276.911,1559.676,6.03,8699.31,1.98,8701.289,130154.101,200,271.707,331.431,24.985,0.151,8.751,5.149,7933.189,385.319,0.936,3915.9,14.4,1566.4,0,0,18.57,29.61,19.499,197.2,Burdekin,AyrDPI,Mulg,1956,Furrow,BareFallow,35,Surf1,200,110,LowFreq,0,P2R,15AprV1R4,T2,3776.7,2529.921,2210.035,2486.946,33.887,8.902,6.99258988719411,0.113425480676756,7.28012345679012,0.884535,35.146,999
2010,15/04/2010,105,0,15-Apr,9,none,out,-1,0,2004,0.000,105,0,0,318,-1,21,2039,0,0,0,0,0,,18305.064,7322.026,76.901,0,79.2,79.2,1.98,8699.31,8701.289,130154.101,0.665,0,0,1032,261.42,473.609,424.531,0,205.163,205.163,0.594,8803.789,5.382,8809.171,133255.839,0,0,16.62,0.5,0.191,0.185,0.051,3463.715,386.205,0.668,1576.5,6.6,630.6,0,0,22.504,31.313,19.606,135.2,Burdekin,AyrDPI,Mulg,1956,Furrow,BareFallow,35,Surf1,200,110,LowFreq,0,P2R,15AprV1R4,T2,1032,424.531,735.029,940.192,0.876,0.376,0,0,0,,0,999
2011,15/07/2011,196,2010,15-Apr,10,sugar,alive,0,456,2010,15/4/2010,105,0,0,318,2011,21,2039,9014.74,8086.45,7085.58,219.257,3969.88,,0,0,0,19.37,171.01,171.01,5.382,8803.789,8809.171,133255.839,0.667,17,1870,1485.4,252.253,1561.468,905.668,1358.508,279.35,1637.859,10.291,8668.508,2.137,8670.645,129447.934,200,350.816,394.313,24.022,1.503,12.169,4.895,8192.71,388.863,0.975,5291.2,19.4,2116.5,0,0,18.293,28.267,16.9,81.4,Burdekin,AyrDPI,Mulg,1956,Furrow,BareFallow,35,Surf1,200,110,LowFreq,0,P2R,15AprV1R4,T2,3355.4,2775.668,1813.721,2093.071,37.694,13.672,7.89925163960531,0.133868055797233,9.45073275862069,1.096285,39.699,999
2012,14/08/2012,227,2011,15-Apr,10,sugar,alive,1,396,2010,15/7/2011,105,0,0,318,2012,21,2039,7312.24,6540.87,5690.72,175.295,3311.84,,20895.365,8358.145,92.029,20.338,74.831,74.831,2.137,8668.508,8670.645,129447.934,0.661,17,1870,1152,236.053,1276.727,607.682,1226.561,256.202,1482.763,3.433,8664.543,0.96,8665.504,129607.009,200,264.465,319.729,19.755,0.248,6.383,4.154,7099.719,391.2,0.941,4043,14.9,1617.2,0,0,17.522,28.612,19.036,197.4,Burdekin,AyrDPI,Mulg,1956,Furrow,BareFallow,35,Surf1,200,110,LowFreq,0,P2R,15AprV1R4,T2,3022,2477.682,1512.78,1768.982,26.386,6.631,7.07495957915503,0.118221860135436,7.55581896551724,0.876475,33.118,999
2013,14/09/2013,257,2012,15-Apr,10,sugar,alive,2,396,2010,14/8/2012,105,0,0,318,2013,21,2039,7378.43,6579.1,5773.71,177.718,3402.34,,17219.427,6887.772,71.345,20.648,101.288,101.288,0.96,8664.543,8665.504,129607.009,0.664,21,2310,535.4,91.529,1258.136,301.656,1257.416,271.084,1528.5,3.935,8665.017,1.189,8666.206,129658.16,200,262.881,312.136,19.526,0.039,6.737,4.11,7409.62,393.58,0.946,4160.5,15.3,1664.2,0,0,18.05,29.079,20.08,178.6,Burdekin,AyrDPI,Mulg,1956,Furrow,BareFallow,35,Surf1,200,110,LowFreq,0,P2R,15AprV1R4,T2,2845.4,2611.656,1349.665,1620.749,26.302,6.776,6.80480124488064,0.116269545305855,6.43905797101449,0.88859,34.023,999
2014,14/10/2014,287,2013,15-Apr,10,sugar,alive,3,395,2010,14/9/2013,105,0,0,318,2014,21,2039,7552.17,6774.17,5938.91,183.246,3515.26,,17176.558,6870.624,69.197,20.695,68.523,68.523,1.189,8665.017,8666.206,129658.16,0.662,21,2310,730.4,182.114,1350.529,406.006,1258.461,258.479,1516.94,4.764,8663.941,1.186,8665.127,129743.991,200,257.936,314.779,25.41,0.058,8.637,5.194,7379.177,395.998,0.961,4652.5,17.1,1861,0,0,18.127,29.166,20.069,86.2,Burdekin,AyrDPI,Mulg,1956,Furrow,BareFallow,35,Surf1,200,110,LowFreq,0,P2R,15AprV1R4,T2,3040.4,2716.006,1532.643,1791.122,34.105,8.695,6.74689231172538,0.120799767953907,6.63934782608696,0.91623,35.153,999
2015,14/11/2015,318,2014,15-Apr,10,sugar,alive,4,396,2010,14/10/2014,105,0,0,318,2015,21,2039,7655.39,6819.1,5963.35,183.216,3690.61,,17667.37,7066.948,73.735,21.876,59.339,59.339,1.186,8663.941,8665.127,129743.991,0.66,22,2420,382.4,46.811,1124.692,234.364,1366.394,260.225,1626.619,3.228,8650.234,1.408,8651.642,129492.513,200,278.125,334.788,20.975,0.016,7.817,4.411,7907.228,398.452,0.963,4722.2,17.3,1888.9,0,0,18.652,30.213,20.932,83.4,Burdekin,AyrDPI,Mulg,1956,Furrow,BareFallow,35,Surf1,200,110,LowFreq,0,P2R,15AprV1R4,T2,2802.4,2654.364,1171.503,1431.728,28.808,7.833,6.90244442736565,0.112636087491908,6.38383275261324,0.91608,36.906,999
2016,14/04/2016,105,0,15-Apr,10,none,out,-1,0,2010,0.000,105,0,0,318,-1,21,2039,0,0,0,0,0,,18396.174,7358.469,77.349,0,63.619,63.619,1.408,8650.234,8651.642,129492.513,0.658,0,0,369.6,12.295,81.043,287.957,0,171.522,171.522,0.123,8750.303,9.478,8759.78,132208.662,0,0,25.767,0.462,0.016,0.121,0.07,3864.21,399.406,0.682,1635.3,6.9,654.1,0,0,22.856,32.574,21.881,43.6,Burdekin,AyrDPI,Mulg,1956,Furrow,BareFallow,35,Surf1,200,110,LowFreq,0,P2R,15AprV1R4,T2,369.6,287.957,93.338,264.86,0.599,0.137,0,0,0,,0,999
2017,14/07/2017,195,2016,15-Apr,11,sugar,alive,0,456,2016,14/4/2016,105,0,0,318,2017,21,2039,7984.94,7098.98,6224.56,191.589,3745.97,,0,0,0,21.149,168.361,168.361,9.478,8750.303,8759.78,132208.662,0.66,19,2090,1011.6,154.965,1382.061,621.315,1343.436,320.828,1664.264,7.616,8597.864,1.991,8599.855,128398.785,200,357.559,410.371,33.808,1.342,14.044,6.82,7922.392,402.302,0.967,4882.3,17.9,1952.9,0,0,18.795,29.534,17.004,107.8,Burdekin,AyrDPI,Mulg,1956,Furrow,BareFallow,35,Surf1,200,110,LowFreq,0,P2R,15AprV1R4,T2,3101.6,2711.315,1537.026,1857.854,49.194,15.386,7.06627595834494,0.115119356063701,7.54287401574803,0.957945,37.46,999
2018,14/08/2018,226,2017,15-Apr,11,sugar,alive,1,396,2016,14/7/2017,105,0,0,318,2018,21,2039,6816.16,6027.49,5232.62,159.954,2896.89,,19113.242,7645.297,88.594,19.376,68.671,68.671,1.991,8597.864,8599.855,128398.785,0.652,19,2090,692.9,143.381,1192.237,362.787,1201.979,248.571,1450.55,4.056,8590.55,1.083,8591.633,128466.189,200,257.091,315.112,25.813,0.166,6.548,5.309,6589.354,404.852,0.945,4155.6,15.3,1662.2,0,0,17.825,29.496,17.917,130.4,Burdekin,AyrDPI,Mulg,1956,Furrow,BareFallow,35,Surf1,200,110,LowFreq,0,P2R,15AprV1R4,T2,2782.9,2452.787,1335.618,1584.189,32.527,6.714,6.52131636379351,0.110271276412395,6.29740157480315,0.79977,28.969,999
2019,14/09/2019,257,2018,15-Apr,11,sugar,alive,2,396,2016,14/8/2018,105,0,0,318,2019,21,2039,6287.86,5536.38,4817.1,146.438,2472.06,,16992.309,6796.924,73.722,17.864,65.403,65.403,1.083,8590.55,8591.633,128466.189,0.654,18,1980,1209.8,325.063,1523.571,516.112,1087.652,258.197,1345.849,8.44,8592.939,1.076,8594.015,128576.23,200,247.684,303.475,25.08,0.059,7.812,5.228,6711.941,407.441,0.949,4242.9,15.6,1697.1,0,0,18.144,29.437,17.384,92.8,Burdekin,AyrDPI,Mulg,1956,Furrow,BareFallow,35,Surf1,200,110,LowFreq,0,P2R,15AprV1R4,T2,3189.8,2496.112,1848.634,2106.831,32.951,7.871,5.86664380444467,0.108807154443032,6.02625514403292,0.73219,24.721,999
2020,13/10/2020,287,2019,15-Apr,11,sugar,alive,3,395,2016,14/9/2019,105,0,0,318,2020,21,2039,7104.01,6308.46,5489.43,168.087,3020.7,,16107.944,6443.177,72.917,19.204,60.721,60.721,1.076,8592.939,8594.015,128576.23,0.653,20,2200,1063.7,145.814,1608.248,427.27,1249.627,261.274,1510.901,9.66,8584.53,1.094,8585.624,128506.618,200,258.021,315.803,25.398,0.043,10.122,5.278,6910.319,410.061,0.963,4693.9,17.2,1877.6,0,0,18.534,29.796,18.848,327.8,Burdekin,AyrDPI,Mulg,1956,Furrow,BareFallow,35,Surf1,200,110,LowFreq,0,P2R,15AprV1R4,T2,3263.7,2627.27,1754.062,2015.336,35.563,10.165,6.3977817278011,0.11124951270798,6.34290566037736,0.840435,30.207,999
2021,13/11/2021,317,2020,15-Apr,11,sugar,alive,4,396,2016,13/10/2020,105,0,0,318,2021,21,2039,7096.73,6307.75,5424.7,166.85,2975.66,,17713.72,7085.489,78.357,19.036,59.459,59.459,1.094,8584.53,8585.624,128506.618,0.65,20,2200,1089.1,275.9,1593.407,468.534,1154.066,250.671,1404.738,6.91,8580.468,1.569,8582.037,128353.002,200,248.879,316.1,32.63,0.517,9.055,6.456,7283.453,412.726,0.918,3577.7,13.1,1431.1,0,0,19.439,29.644,17.39,132.4,Burdekin,AyrDPI,Mulg,1956,Furrow,BareFallow,35,Surf1,200,110,LowFreq,0,P2R,15AprV1R4,T2,3289.1,2668.534,1869.307,2119.978,42.202,9.572,6.25249668919339,0.118776597486506,6.29622641509434,0.83425,29.757,999
1959,15/04/1959,105,0,15-Apr,0,none,out,-1,0,-1,0.000,105,0,0,318,-1,21,2039,0,0,0,0,0,,0,0,0,0,0,0,0,0,0,0,0.89,0,0,680.2,0,344.03,336.17,0,225.065,225.065,15.793,9502.966,35.893,9538.86,141745.778,0,0,37.801,4.124,0,0.996,0.671,1070.555,350,0.011,16,0.1,6.4,0,0,21.816,30.221,18.76,162.8,Burdekin,AyrDPI,Mulg,1959,Furrow,BareFallow,35,Surf1,200,110,LowFreq,0,P2R,15AprV1R4,T2,680.2,336.17,344.03,569.095,5.12,0.996,0,0,0,,0,999
1960,14/07/1960,196,1959,15-Apr,1,sugar,alive,0,456,1959,15/4/1959,105,0,0,318,1960,21,2039,7974.59,7165.06,6180.04,191.578,3392.61,,0,0,0,18.882,140.656,140.656,35.893,9502.966,9538.86,141745.778,0.884,21,2310,1153.2,151.207,1727.519,583.136,1287.918,365.979,1653.897,26.664,9418.87,0.68,9419.55,141368.039,200,298.702,320.307,36.067,0.118,19.966,7.551,3373.328,350,0.973,5164,18.9,2065.6,0,0,17.069,28.071,18.912,210.1,Burdekin,AyrDPI,Mulg,1959,Furrow,BareFallow,35,Surf1,200,110,LowFreq,0,P2R,15AprV1R4,T2,3463.2,2893.136,1878.726,2244.705,56.151,20.084,6.62181107282893,0.11583429923387,6.94123188405797,0.95789,33.926,999
1961,14/08/1961,226,1960,15-Apr,1,sugar,alive,1,396,1959,14/7/1960,105,0,0,318,1961,21,2039,6683.59,5964.45,5162.22,158.658,3131.67,,19643.037,7857.214,91.412,21.378,71.233,71.233,0.68,9418.87,9419.55,141368.039,0.868,20,2200,498.3,124.015,1057.496,317.002,1231.419,278.473,1509.891,2.344,9436.754,1.022,9437.775,142477.323,200,232.893,293.058,21.024,0,6.457,4.413,5527.481,350,0.941,4047.7,14.9,1619.1,0,0,16.793,28.667,20.656,63.2,Burdekin,AyrDPI,Mulg,1959,Furrow,BareFallow,35,Surf1,200,110,LowFreq,0,P2R,15AprV1R4,T2,2698.3,2517.002,1181.511,1459.984,27.481,6.457,6.30345148712635,0.105079108359478,5.98709433962264,0.79329,31.317,999
1962,14/09/1962,257,1961,15-Apr,1,sugar,alive,2,396,1959,14/8/1961,105,0,0,318,1962,21,2039,6943.57,6186.98,5309.55,162.741,2989.01,,16372.223,6548.888,65.817,19.691,78.13,78.13,1.022,9436.754,9437.775,142477.323,0.866,18,1980,937.4,173.613,1235.154,532.12,1260.973,263.905,1524.878,4.043,9425.968,0.95,9426.917,143529.936,200,259.053,314.915,24.874,0,8.597,5.14,5795.341,350,0.954,4399.7,16.1,1759.9,0,0,17.109,29.133,20.274,102.1,Burdekin,AyrDPI,Mulg,1959,Furrow,BareFallow,35,Surf1,200,110,LowFreq,0,P2R,15AprV1R4,T2,2917.4,2512.12,1408.767,1672.672,33.471,8.597,6.47823352387625,0.106723947751886,6.69716049382716,0.813705,29.89,999
1963,14/10/1963,287,1962,15-Apr,1,sugar,alive,3,395,1959,14/9/1962,105,0,0,318,1963,21,2039,6972.03,6269.13,5343.13,164.632,2981.34,,17628.964,7051.586,76.347,19.374,61.884,61.884,0.95,9425.968,9426.917,143529.936,0.859,19,2090,1159.2,245.403,1486.923,658.749,1254.094,257.906,1512,6.832,9408.227,1.288,9409.515,144399.85,200,261.517,326.032,33.722,0.001,8.965,6.799,6224.343,350,0.943,4099.3,15,1639.7,0,0,17.278,29.174,19.607,91.9,Burdekin,AyrDPI,Mulg,1959,Furrow,BareFallow,35,Surf1,200,110,LowFreq,0,P2R,15AprV1R4,T2,3249.2,2748.749,1732.326,1990.232,42.688,8.966,5.98934278830115,0.108883597883598,6.48157480314961,0.82316,29.813,999
1964,13/11/1964,318,1963,15-Apr,1,sugar,alive,4,396,1959,14/10/1963,105,0,0,318,1964,21,2039,6765.66,5994.93,5111.45,156.139,2947.71,,17330.018,6932.008,76.602,20.321,66.758,66.758,1.288,9408.227,9409.515,144399.85,0.851,20,2200,609.9,83.181,1190.932,475.04,1275.535,261.283,1536.818,3.94,9376.468,1.853,9378.321,145101.573,200,279.137,346.186,32.303,0,9.411,6.535,6591.467,350,0.926,3721.9,13.7,1488.7,0,0,18.207,29.941,19.626,92.7,Burdekin,AyrDPI,Mulg,1959,Furrow,BareFallow,35,Surf1,200,110,LowFreq,0,P2R,15AprV1R4,T2,2809.9,2675.04,1274.113,1535.396,41.714,9.411,5.83688468209821,0.101598888092149,5.89203773584906,0.780695,29.477,999
1965,15/04/1965,105,0,15-Apr,1,none,out,-1,0,1959,0.000,105,0,0,318,-1,21,2039,0,0,0,0,0,,17224.41,6889.764,79.782,0,65.729,65.729,1.853,9376.468,9378.321,145101.573,0.842,0,0,672.7,92.619,305.619,355.912,0,172.982,172.982,0.558,9454.921,25.387,9480.307,147479.056,0,0,45.721,3.922,0.001,1.13,0.489,3702.617,350,0.61,1346.6,6.2,538.6,0,0,20.666,31.784,21.473,107.4,Burdekin,AyrDPI,Mulg,1959,Furrow,BareFallow,35,Surf1,200,110,LowFreq,0,P2R,15AprV1R4,T2,672.7,355.912,398.238,571.22,5.053,1.131,0,0,0,,0,999
1966,15/07/1966,196,1965,15-Apr,2,sugar,alive,0,456,1965,15/4/1965,105,0,0,318,1966,21,2039,8354.78,7495.78,6518.31,201.804,3551.12,,0,0,0,18.744,167.21,167.21,25.387,9454.921,9480.307,147479.056,0.839,23,2530,465.4,129.148,1208.462,331.441,1400.281,349.603,1749.884,8.856,9316.611,1.743,9318.354,145817.745,200,351.002,394.016,46.883,0.002,12.005,9.458,5809.749,350,0.96,4615.2,16.9,1846.1,0,0,17.033,28.275,19.056,102.9,Burdekin,AyrDPI,Mulg,1959,Furrow,BareFallow,35,Surf1,200,110,LowFreq,0,P2R,15AprV1R4,T2,2995.4,2861.441,1337.61,1687.213,58.89,12.007,7.05253052570366,0.115324215776589,6.77194630872483,1.00902,35.511,999
1967,15/08/1967,227,1966,15-Apr,2,sugar,alive,1,396,1965,15/7/1966,105,0,0,318,1967,21,2039,6974.78,6239.78,5357.36,165.219,3098.57,,19532.821,7813.129,92.495,20.168,75.118,75.118,1.743,9316.611,9318.354,145817.745,0.825,19,2090,834,150.327,1283.742,436.931,1194.817,291.966,1486.784,5.441,9305.105,1.085,9306.19,146610.894,200,258.751,317.988,26.936,0.001,8.479,5.558,5981.618,350,0.925,3697.2,13.6,1478.9,0,0,17.814,28.509,19.254,154.9,Burdekin,AyrDPI,Mulg,1959,Furrow,BareFallow,35,Surf1,200,110,LowFreq,0,P2R,15AprV1R4,T2,2924,2526.931,1434.069,1726.035,35.416,8.48,6.5383265312745,0.11112508609186,6.50468503937008,0.826095,30.986,999
1968,14/09/1968,258,1967,15-Apr,2,sugar,alive,2,396,1965,15/8/1967,105,0,0,318,1968,21,2039,7212.83,6428.47,5585.44,171.422,3085.65,,16890.706,6756.281,71.334,19.24,78.266,78.266,1.085,9305.105,9306.19,146610.894,0.821,19,2090,1458.4,300.175,1807.715,539.114,1187.304,267.613,1454.918,11.574,9297.489,1.024,9298.513,147733.969,200,263.683,315.963,22.853,0.002,7.722,4.747,6016.986,350,0.958,4531.5,16.6,1812.6,0,0,17.894,28.57,20.086,187.9,Burdekin,AyrDPI,Mulg,1959,Furrow,BareFallow,35,Surf1,200,110,LowFreq,0,P2R,15AprV1R4,T2,3548.4,2629.114,2107.89,2375.503,30.577,7.724,6.52014328781483,0.117822447725576,6.74889763779528,0.85711,30.856,999
1969,14/10/1969,287,1968,15-Apr,2,sugar,alive,3,395,1965,14/9/1968,105,0,0,318,1969,21,2039,6928,6170.89,5296.94,162.366,3014.57,,17684.627,7073.851,76.944,19.937,63.858,63.858,1.024,9297.489,9298.513,147733.969,0.815,23,2530,202.9,45.099,1143.865,168.412,1268.39,276.749,1545.139,3.544,9276.443,1.315,9277.758,148539.495,200,273.039,332.509,28.021,0,8.386,5.749,6423.093,350,0.951,4303.5,15.8,1721.4,0,0,17.557,29.56,20.698,46.5,Burdekin,AyrDPI,Mulg,1959,Furrow,BareFallow,35,Surf1,200,110,LowFreq,0,P2R,15AprV1R4,T2,2732.9,2698.412,1188.964,1465.713,36.407,8.386,6.01709449854211,0.105081808173892,5.44852348993289,0.81183,30.146,999
1970,14/11/1970,318,1969,15-Apr,2,sugar,alive,4,396,1965,14/10/1969,105,0,0,318,1970,21,2039,7577.6,6790.64,5755.07,177.495,3455.66,,17521.944,7008.779,77.892,21.047,62.656,62.656,1.315,9276.443,9277.758,148539.495,0.808,21,2310,761.7,134.733,1285.327,467.28,1358.38,274.855,1633.234,5.751,9254.151,1.998,9256.149,149355.038,200,272.204,333.424,33.151,0.001,7.705,6.578,6545.434,350,0.932,3849.6,14.1,1539.8,0,0,18.289,29.657,20.574,133.6,Burdekin,AyrDPI,Mulg,1959,Furrow,BareFallow,35,Surf1,200,110,LowFreq,0,P2R,15AprV1R4,T2,3071.7,2777.28,1420.06,1694.915,40.857,7.706,6.39096526097477,0.108677017500248,6.43097826086957,0.887475,34.557,999
1971,15/04/1971,105,0,15-Apr,2,none,out,-1,0,1965,0.000,105,0,0,318,-1,21,2039,0,0,0,0,0,,18763.639,7505.455,81.522,0,81.063,81.063,1.998,9254.151,9256.149,149355.038,0.8,0,0,891.5,172.697,374.71,448.363,0,265.23,265.23,0.972,9346.63,16.513,9363.143,152578.923,0,0,33.822,1.024,0.004,0.412,0.119,3545.7,350,0.471,910.3,4,364.1,0,0,21.951,31.08,20.37,220,Burdekin,AyrDPI,Mulg,1959,Furrow,BareFallow,35,Surf1,200,110,LowFreq,0,P2R,15AprV1R4,T2,891.5,448.363,547.407,812.637,1.44,0.416,0,0,0,,0,999
1972,14/07/1972,196,1971,15-Apr,3,sugar,alive,0,456,1971,15/4/1971,105,0,0,318,1972,21,2039,7760.62,6990.67,6010,185.85,3230.63,,0,0,0,18.481,159.927,159.927,16.513,9346.63,9363.143,152578.923,0.801,20,2200,1556.2,295.767,1819.934,673.926,1337.549,374.052,1711.601,15.219,9218.847,1.788,9220.635,150237.686,200,331.706,373.227,37.87,0.004,16.259,7.805,6108.312,350,0.963,4700.1,17.2,1880.1,0,0,16.519,28.374,18.892,206.2,Burdekin,AyrDPI,Mulg,1959,Furrow,BareFallow,35,Surf1,200,110,LowFreq,0,P2R,15AprV1R4,T2,3756.2,2873.926,2115.701,2489.753,54.133,16.263,6.46676358403104,0.108582549320782,7.01320754716981,0.92925,32.306,999
1973,14/08/1973,226,1972,15-Apr,3,sugar,alive,1,396,1971,14/7/1972,105,0,0,318,1973,21,2039,6905.36,6129.75,5260.03,161.179,2719.32,,18875.361,7550.144,91.695,17.852,88.825,88.825,1.788,9218.847,9220.635,150237.686,0.786,19,2090,1040.8,233.151,1416.992,575.748,1189.822,287.17,1476.991,5.52,9211.949,1.543,9213.492,150727.139,200,256.807,314.272,25.072,0.002,6.993,5.173,6274.48,350,0.92,3615.7,13.3,1446.3,0,0,17.642,28.812,19.734,108.5,Burdekin,AyrDPI,Mulg,1959,Furrow,BareFallow,35,Surf1,200,110,LowFreq,0,P2R,15AprV1R4,T2,3130.8,2665.748,1650.143,1937.313,32.067,6.995,6.04629544878211,0.109126595896657,6.34562992125984,0.805895,27.193,999
1974,14/09/1974,257,1973,15-Apr,3,sugar,alive,2,396,1971,14/8/1973,105,0,0,318,1974,21,2039,6337.21,5700.12,4822.56,148.547,2566.43,,17058.66,6823.465,69.807,18.351,92.49,92.49,1.543,9211.949,9213.492,150727.139,0.785,15,1650,2022,627.896,1744.459,721.9,1043.851,282.529,1326.38,10.875,9212.62,1.156,9213.777,151682.874,200,234.994,300.003,36.182,0.004,10.507,7.148,5869.098,350,0.911,3461.9,12.7,1384.7,0,0,17.679,28.244,18.189,152.9,Burdekin,AyrDPI,Mulg,1959,Furrow,BareFallow,35,Surf1,200,110,LowFreq,0,P2R,15AprV1R4,T2,3672,2371.9,2372.355,2654.884,46.693,10.511,6.26278510898436,0.111994300275939,7.07366666666667,0.742735,25.664,999
1975,14/10/1975,287,1974,15-Apr,3,sugar,alive,3,395,1971,14/9/1974,105,0,0,318,1975,21,2039,7647.67,6865.74,5853.26,180.545,3330.53,,15817.124,6326.849,67.846,19.79,65.756,65.756,1.156,9212.62,9213.777,151682.874,0.78,20,2200,780.5,103.974,1283.989,545.396,1281.315,287.634,1568.95,5.887,9192.988,1.218,9194.206,152249.368,200,269.088,323.643,26.237,0.001,10.512,5.525,6466.728,350,0.947,4196.2,15.4,1678.5,0,0,18.147,28.754,19.953,65,Burdekin,AyrDPI,Mulg,1959,Furrow,BareFallow,35,Surf1,200,110,LowFreq,0,P2R,15AprV1R4,T2,2980.5,2745.396,1387.963,1675.597,36.75,10.513,6.57628262006647,0.115073775454922,6.81301886792453,0.902725,33.305,999
1976,13/11/1976,318,1975,15-Apr,3,sugar,alive,4,396,1971,14/10/1975,105,0,0,318,1976,21,2039,7074.15,6352.91,5518.13,171.258,3461.79,,18819.286,7527.715,78.897,21.963,89.344,89.344,1.218,9192.988,9194.206,152249.368,0.773,18,1980,1934.3,641.656,1767.107,748.198,1208.798,295.808,1504.606,6.674,9193.89,1.988,9195.878,152815.485,200,228.402,311.897,42.776,0.076,16.153,8.156,6775.882,350,0.882,3053.2,11.2,1221.3,0,0,17.87,28.574,19.684,179.8,Burdekin,AyrDPI,Mulg,1959,Furrow,BareFallow,35,Surf1,200,110,LowFreq,0,P2R,15AprV1R4,T2,3914.3,2728.198,2408.763,2704.571,59.005,16.229,6.2773303110698,0.113822489076875,7.04765432098766,0.85629,34.618,999
1977,15/04/1977,105,0,15-Apr,3,none,out,-1,0,1971,0.000,105,0,0,318,-1,21,2039,0,0,0,0,0,,15821.378,6328.551,64.293,0,90.275,90.275,1.988,9193.89,9195.878,152815.485,0.768,0,0,1139.4,197.513,638.048,421.483,0,230.166,230.166,1.559,9273.068,19.893,9292.961,155231.849,0,0,39.033,2.428,0.014,0.856,0.234,3969.752,350,0.438,822.4,3.3,329,0,0,22.735,31.161,20.49,170.6,Burdekin,AyrDPI,Mulg,1959,Furrow,BareFallow,35,Surf1,200,110,LowFreq,0,P2R,15AprV1R4,T2,1139.4,421.483,835.561,1065.727,3.298,0.87,0,0,0,,0,999
1978,15/07/1978,196,1977,15-Apr,4,sugar,alive,0,456,1977,15/4/1977,105,0,0,318,1978,21,2039,8709.86,7831.77,6815.98,211.396,3687.36,,0,0,0,18.555,163.95,163.95,19.893,9273.068,9292.961,155231.849,0.767,20,2200,1025.3,117.388,1445.96,564.535,1359.971,366.095,1726.065,11.191,9146.513,1.777,9148.289,152508.257,200,341.283,376.297,32.609,0.007,15.443,6.817,6598.318,350,0.971,5072.7,18.6,2029.1,0,0,17.081,27.79,19.578,150.6,Burdekin,AyrDPI,Mulg,1959,Furrow,BareFallow,35,Surf1,200,110,LowFreq,0,P2R,15AprV1R4,T2,3225.3,2764.535,1563.348,1929.443,48.059,15.45,7.64671092968619,0.122472792160203,7.97720754716981,1.05698,36.874,999
1979,15/08/1979,227,1978,15-Apr,4,sugar,alive,1,396,1977,15/7/1978,105,0,0,318,1979,21,2039,6311.25,5662.75,4874.87,150.341,2673.5,,20409.795,8163.919,91.641,18.973,99.837,99.837,1.777,9146.513,9148.289,152508.257,0.755,18,1980,1586.7,362.294,1850.139,668.405,1051.546,299.73,1351.276,9.501,9153.015,1.447,9154.461,152529.637,200,234.917,301.553,32.042,0.008,8.807,6.485,6908.724,350,0.894,3201.4,11.8,1280.6,0,0,17.732,28.057,18.794,350.7,Burdekin,AyrDPI,Mulg,1959,Furrow,BareFallow,35,Surf1,200,110,LowFreq,0,P2R,15AprV1R4,T2,3566.7,2648.405,2212.433,2512.163,40.857,8.815,5.67666199089641,0.111258543776401,6.18687242798354,0.751705,26.735,999
1980,14/09/1980,258,1979,15-Apr,4,sugar,alive,2,396,1977,15/8/1979,105,0,0,318,1980,21,2039,7453.2,6660.72,5767.59,177.554,3306.52,,14930.456,5972.183,59.444,20.006,102.829,102.829,1.447,9153.015,9154.461,152529.637,0.754,20,2200,778.5,132.367,1374.155,456.952,1220.705,286.657,1507.363,5.259,9138.092,1.089,9139.182,152271.679,200,265.38,316.365,22.776,0.005,9.734,4.756,7087.705,350,0.955,4417.9,16.2,1767.2,0,0,18.321,28.783,20.553,86.4,Burdekin,AyrDPI,Mulg,1959,Furrow,BareFallow,35,Surf1,200,110,LowFreq,0,P2R,15AprV1R4,T2,2978.5,2656.952,1506.522,1793.179,32.515,9.739,6.68261978387265,0.117791135910859,6.70015094339623,0.88777,33.065,999
1981,14/10/1981,287,1980,15-Apr,4,sugar,alive,3,395,1977,14/9/1980,105,0,0,318,1981,21,2039,6879.29,6134.42,5312.67,163.18,3013.3,,18082.932,7233.173,76.035,19.813,67.444,67.444,1.089,9138.092,9139.182,152271.679,0.749,18,1980,1125.6,305.484,1403.944,574.802,1147.401,252.735,1400.136,4.761,9140.746,1.246,9141.992,152160.721,200,253.056,308.173,23.602,0.006,8.598,4.892,7345.313,350,0.95,4278,15.7,1711.2,0,0,17.855,28.507,19.328,104.8,Burdekin,AyrDPI,Mulg,1959,Furrow,BareFallow,35,Surf1,200,110,LowFreq,0,P2R,15AprV1R4,T2,3105.6,2554.802,1709.428,1962.163,32.206,8.604,6.3871877350965,0.116545821263077,6.71522633744856,0.8159,30.133,999
1982,14/11/1982,318,1981,15-Apr,4,sugar,alive,4,396,1977,14/10/1981,105,0,0,318,1982,21,2039,7367.44,6652.09,5679.83,176.288,3402.32,,16952.58,6781.032,72.987,20.839,63.48,63.48,1.246,9140.746,9141.992,152160.721,0.746,22,2420,594.4,117.889,1270.421,444.798,1317.542,304.201,1621.743,6.956,9118.557,1.533,9120.09,151254.127,200,251.795,334.816,49.24,0.01,8.087,9.551,7950.572,350,0.927,3748,13.8,1499.2,0,0,17.665,29.241,20.364,47.4,Burdekin,AyrDPI,Mulg,1959,Furrow,BareFallow,35,Surf1,200,110,LowFreq,0,P2R,15AprV1R4,T2,3014.4,2864.798,1388.31,1692.511,57.337,8.097,6.1535926791348,0.108702796928983,6.14243902439024,0.88144,34.023,999
1983,18/04/1983,108,0,15-Apr,4,none,out,-1,0,1977,0.000,108,3,0,321,-1,19,2039,0,0,0,0,0,,17530.49,7012.195,75.215,0,67.827,67.827,1.533,9118.557,9120.09,151254.127,0.74,0,0,364.4,25.509,81.727,278.466,0,157.902,157.902,0.098,9209.675,9.145,9218.819,153337.142,0,0,23.942,0.905,0.005,0.119,0.108,4125.673,350,0.687,1657.9,7.1,663.2,0,0,22.105,31.473,22.354,73,Burdekin,AyrDPI,Mulg,1959,Furrow,BareFallow,35,Surf1,200,110,LowFreq,0,P2R,15AprV1R4,T2,364.4,278.466,107.236,265.138,1.029,0.124,0,0,0,,0,999
1984,17/07/1984,199,1983,15-Apr,5,sugar,alive,0,456,1983,18/4/1983,108,3,0,321,1984,18,2039,8035.12,7189.92,6209.97,191.628,3639.74,,0,0,0,20.462,167.089,167.089,9.145,9209.675,9218.819,153337.142,0.741,22,2420,771.9,183.49,1403.958,529.16,1328.803,363.146,1691.949,8.823,9091.099,1.884,9092.983,148530.559,200,328.477,374.546,32.324,0.021,11.99,6.603,8920.247,350,0.965,4769.2,17.5,1907.7,0,0,17.649,28.237,18.184,95.4,Burdekin,AyrDPI,Mulg,1959,Furrow,BareFallow,35,Surf1,200,110,LowFreq,0,P2R,15AprV1R4,T2,3191.9,2949.16,1587.448,1950.594,44.335,12.011,6.49771460348031,0.113258732975994,6.67693379790941,0.95814,36.397,999
1985,17/08/1985,229,1984,15-Apr,5,sugar,alive,1,396,1983,17/7/1984,108,3,0,321,1985,18,2039,6751.06,6033.73,5213.41,160.415,2941.91,,19567.581,7827.033,92.101,19.657,79.593,79.593,1.884,9091.099,9092.983,148530.559,0.731,18,1980,859.7,118.832,1265.441,583.143,1164.521,302.527,1467.048,5.665,9067.711,1.865,9069.576,146678.151,200,268.621,325.035,28.718,0.011,6.167,5.944,8506.874,350,0.935,3900.6,14.3,1560.3,0,0,17.354,28.395,19.214,111.4,Burdekin,AyrDPI,Mulg,1959,Furrow,BareFallow,35,Surf1,200,110,LowFreq,0,P2R,15AprV1R4,T2,2839.7,2563.143,1384.273,1686.8,34.896,6.178,6.25852712860734,0.109345433823569,6.60144032921811,0.802075,29.419,999
1986,17/09/1986,260,1985,15-Apr,5,sugar,alive,2,396,1983,17/8/1985,108,3,0,321,1986,18,2039,7048.64,6305.28,5364.42,164.907,2965.66,,16385.57,6554.228,69.753,19.22,67.972,67.972,1.865,9067.711,9069.576,146678.151,0.731,20,2200,745.7,102.396,1321.881,468.962,1230.947,275.154,1506.101,5.281,9014.719,1.75,9016.469,145985.369,200,290.124,361.526,37.672,0.022,9.867,7.505,7645.809,350,0.932,3836.9,14.1,1534.7,0,0,18.107,29.036,18.861,117.8,Burdekin,AyrDPI,Mulg,1959,Furrow,BareFallow,35,Surf1,200,110,LowFreq,0,P2R,15AprV1R4,T2,2945.7,2668.962,1424.277,1699.431,47.561,9.889,6.17869418897684,0.10949265686697,6.22290566037736,0.824535,29.657,999
1987,17/10/1987,290,1986,15-Apr,5,sugar,alive,3,395,1983,17/9/1986,108,3,0,321,1987,18,2039,6817.42,6067.49,5225.03,160.227,2922.69,,17577.186,7030.873,75.96,19.536,83.294,83.294,1.75,9014.719,9016.469,145985.369,0.726,22,2420,411.3,104.12,1159.378,313.767,1253.26,334.908,1588.168,6.222,8986.604,1.386,8987.991,145912.821,200,270.925,336.714,38.923,0.018,7.016,7.845,7177.341,350,0.947,4195.1,15.4,1678,0,0,18.472,29.811,19.953,44,Burdekin,AyrDPI,Mulg,1959,Furrow,BareFallow,35,Surf1,200,110,LowFreq,0,P2R,15AprV1R4,T2,2831.3,2733.767,1263.498,1598.406,45.957,7.034,5.86103351163431,0.100887941326107,5.58282229965157,0.801135,29.227,999
1988,16/11/1988,321,1987,15-Apr,5,sugar,alive,4,396,1983,17/10/1987,108,3,0,321,1988,18,2039,7148.71,6371.85,5470.62,168.701,3103.16,,17101.115,6840.446,76.997,19.725,62.929,62.929,1.386,8986.604,8987.991,145912.821,0.721,21,2310,981.3,139.306,1576.284,415.066,1248.837,316.457,1565.294,10.483,8968.021,1.89,8969.911,145867.057,200,258.597,328.915,37.547,0.024,10.015,7.529,7053.208,350,0.924,3690.1,13.6,1476,0,0,18.75,29.606,19.987,254,Burdekin,AyrDPI,Mulg,1959,Furrow,BareFallow,35,Surf1,200,110,LowFreq,0,P2R,15AprV1R4,T2,3291.3,2725.066,1715.59,2032.047,47.586,10.039,6.19071244512977,0.107775919411944,6.11235507246377,0.843505,31.032,999
1989,15/04/1989,105,0,15-Apr,5,none,out,-1,0,1983,0.000,105,0,0,321,-1,18,2039,0,0,0,0,0,,17400.319,6960.128,75.795,0,73.346,73.346,1.89,8968.021,8969.911,145867.057,0.716,0,0,1075.1,177.614,484.579,540.835,0,252.423,252.423,1.033,9066.862,5.36,9072.223,148630.015,0,0,23.17,1.356,0.055,0.508,0.113,3561.751,350,0.529,1075.2,4.7,430.1,0,0,21.811,31.067,20.611,134.8,Burdekin,AyrDPI,Mulg,1959,Furrow,BareFallow,35,Surf1,200,110,LowFreq,0,P2R,15AprV1R4,T2,1075.1,540.835,662.193,914.616,1.919,0.563,0,0,0,,0,999
1990,15/07/1990,196,1989,15-Apr,6,sugar,alive,0,456,1989,15/4/1989,105,0,0,318,1990,21,2039,7580.95,6792.48,5879.48,181.745,3437.87,,0,0,0,20.367,233.83,233.83,5.36,9066.862,9072.223,148630.015,0.718,19,2090,1562.6,497.622,1621.056,714.623,1248.503,426.231,1674.734,12.333,8938.063,1.996,8940.059,145502.186,200,322.681,375.781,34.684,0.079,16.228,7.116,6722.014,350.462,0.959,4580.3,16.8,1832.1,0,0,17.385,28.018,18.506,103,Burdekin,AyrDPI,Mulg,1959,Furrow,BareFallow,35,Surf1,200,110,LowFreq,0,P2R,15AprV1R4,T2,3652.6,2804.623,2118.678,2544.909,50.991,16.307,6.48019359464712,0.108521711507619,7.15531496062992,0.908725,34.379,999
1991,15/08/1991,227,1990,15-Apr,6,sugar,alive,1,396,1989,15/7/1990,105,0,0,318,1991,21,2039,6823.63,6139.4,5262.63,162.438,2749.48,,18355.75,7342.301,89.115,17.919,93.019,93.019,1.996,8938.063,8940.059,145502.186,0.708,19,2090,1680.4,413.086,1925.747,402.957,1185.489,262.784,1448.273,7.981,8938.358,1.222,8939.58,145620.793,200,251.661,303.412,19.659,0.027,9.006,4.153,6457.742,352.128,0.922,3648.8,13.4,1459.5,0,0,16.827,28.484,19.182,204.4,Burdekin,AyrDPI,Mulg,1959,Furrow,BareFallow,35,Surf1,200,110,LowFreq,0,P2R,15AprV1R4,T2,3770.4,2492.957,2338.833,2601.617,28.692,9.033,6.51587652735286,0.112159793077686,6.3951968503937,0.81219,27.495,999
1992,14/09/1992,258,1991,15-Apr,6,sugar,alive,2,396,1989,15/8/1991,105,0,0,318,1992,21,2039,7773.63,6971.3,6107.47,188.604,3677.99,,16370.034,6548.013,67.173,21.086,76.313,76.313,1.222,8938.358,8939.58,145620.793,0.709,21,2310,643.5,124.716,1205.604,355.79,1351.781,266.883,1618.665,3.288,8931.69,1.218,8932.907,145760.066,200,265.587,316.586,19.79,0.017,7.459,4.2,7053.555,353.823,0.952,4335.5,15.9,1734.2,0,0,17.978,29.375,20.6,122.8,Burdekin,AyrDPI,Mulg,1959,Furrow,BareFallow,35,Surf1,200,110,LowFreq,0,P2R,15AprV1R4,T2,2953.5,2665.79,1330.32,1597.203,27.266,7.476,7.07497589832658,0.116518241884516,6.83347826086957,0.94302,36.78,999
1993,14/10/1993,287,1992,15-Apr,6,sugar,alive,3,395,1989,14/9/1992,105,0,0,318,1993,21,2039,7599.19,6793.69,5950.17,183.47,3710.31,,17847.507,7139.002,71.982,21.974,80.827,80.827,1.218,8931.69,8932.907,145760.066,0.706,22,2420,531.1,97.422,1286.782,370.483,1305.654,270.43,1576.084,3.788,8933.069,1.325,8934.393,145967.175,200,261.562,316.725,20.696,0.018,8.434,4.318,7487.007,355.556,0.945,4137.5,15.2,1655,0,0,17.951,29.038,20.484,72,Burdekin,AyrDPI,Mulg,1959,Furrow,BareFallow,35,Surf1,200,110,LowFreq,0,P2R,15AprV1R4,T2,2951.1,2790.483,1384.204,1654.634,29.148,8.452,6.57484743680574,0.116408770090934,6.39268292682927,0.91735,37.103,999
1994,14/11/1994,318,1993,15-Apr,6,sugar,alive,4,396,1989,14/10/1993,105,0,0,318,1994,21,2039,7634.68,6847.27,6036.88,186.781,3725.81,,17533.546,7013.419,70.727,21.635,71.64,71.64,1.325,8933.069,8934.393,145967.175,0.703,22,2420,365.6,23.772,1155.26,280.426,1332.032,285.356,1617.388,4.778,8927.227,1.382,8928.609,146056.566,200,260.699,318.546,26.944,0.006,10.436,5.587,7482.761,357.322,0.953,4372.9,16,1749.1,0,0,18.061,29.441,20.865,46.8,Burdekin,AyrDPI,Mulg,1959,Furrow,BareFallow,35,Surf1,200,110,LowFreq,0,P2R,15AprV1R4,T2,2785.6,2700.426,1179.032,1464.388,37.386,10.442,6.91672350954998,0.115483112277326,6.50804878048781,0.933905,37.258,999
1995,15/04/1995,105,0,15-Apr,6,none,out,-1,0,1989,0.000,105,0,0,318,-1,21,2039,0,0,0,0,0,,17298.258,6919.303,73.541,0,60.821,60.821,1.382,8927.227,8928.609,146056.566,0.7,0,0,352.3,26.563,73.594,275.93,0,174.672,174.672,0.083,9019.534,11.926,9031.46,149119.913,0,0,19.515,0.216,0.022,0.032,0.046,3226.364,358.015,0.77,2098.9,8.9,839.6,0,0,22.668,31.676,22.661,55.2,Burdekin,AyrDPI,Mulg,1959,Furrow,BareFallow,35,Surf1,200,110,LowFreq,0,P2R,15AprV1R4,T2,352.3,275.93,100.157,274.829,0.27,0.054,0,0,0,,0,999
1996,14/07/1996,196,1995,15-Apr,7,sugar,alive,0,456,1995,15/4/1995,105,0,0,318,1996,21,2039,8941.42,7953.37,7066.46,217.883,4249.48,,0,0,0,21.089,138.293,138.293,11.926,9019.534,9031.46,149119.913,0.7,22,2420,667.7,68.624,1343.531,407.135,1412.345,337.743,1750.088,6.621,8897.028,2.023,8899.051,145054.452,200,355.427,394.864,19.879,0.043,11.17,4.404,8832.654,360.105,0.974,5186.9,19,2074.7,0,0,18.934,29.127,19.288,107,Burdekin,AyrDPI,Mulg,1959,Furrow,BareFallow,35,Surf1,200,110,LowFreq,0,P2R,15AprV1R4,T2,3087.7,2827.135,1412.155,1749.898,31.092,11.213,7.70684809887041,0.124498310942078,7.59174216027875,1.089415,42.495,999
1997,14/08/1997,226,1996,15-Apr,7,sugar,alive,1,396,1995,14/7/1996,105,0,0,318,1997,21,2039,7615.31,6820.18,5996.17,184.998,3512.94,,20345.973,8138.39,85.695,20.457,63.752,63.752,2.023,8897.028,8899.051,145054.452,0.694,19,2090,936,218.112,1337.096,469.479,1157.029,286.939,1443.968,3.777,8904.173,0.941,8905.114,145121.016,200,256.693,307.097,18.027,0.033,6.023,3.829,7312.85,361.957,0.946,4181.9,15.4,1672.8,0,0,18.617,28.449,20.38,116.8,Burdekin,AyrDPI,Mulg,1959,Furrow,BareFallow,35,Surf1,200,110,LowFreq,0,P2R,15AprV1R4,T2,3026,2559.479,1555.208,1842.147,24.083,6.056,7.22795537685599,0.128117797624324,7.28338582677165,0.92499,35.129,999
1998,14/09/1998,257,1997,15-Apr,7,sugar,alive,2,396,1995,14/8/1997,105,0,0,318,1998,21,2039,7603.71,6769.75,5995.53,184.507,3530.77,,17317.279,6926.913,67.79,20.638,90.578,90.578,0.941,8904.173,8905.114,145121.016,0.696,19,2090,988.6,139.336,1510.076,504.936,1110.01,276.105,1386.114,4.941,8900.689,1.45,8902.139,144891.733,200,266.756,317.523,20.57,0.049,6.83,4.312,7948.374,363.843,0.939,4003.9,14.7,1601.6,0,0,20.231,28.713,19.364,189.6,Burdekin,AyrDPI,Mulg,1959,Furrow,BareFallow,35,Surf1,200,110,LowFreq,0,P2R,15AprV1R4,T2,3078.6,2594.936,1649.412,1925.517,27.449,6.879,7.11027169841568,0.13311098509935,7.26405511811024,0.922535,35.308,999
1999,14/10/1999,287,1998,15-Apr,7,sugar,alive,3,395,1995,14/9/1998,105,0,0,318,1999,21,2039,7251.52,6516.09,5724.73,177.309,3514.9,,17072.893,6829.157,65.328,21.483,133.651,133.651,1.45,8900.689,8902.139,144891.733,0.692,20,2200,1114.4,273.117,1669.03,624.311,1118.563,312.651,1431.214,8.523,8894.372,1.343,8895.716,144665.034,200,234.856,319.166,42.302,0.097,19.136,8.193,7676.764,365.763,0.926,3717.6,13.6,1487,0,0,19.63,28.738,19.443,112,Burdekin,AyrDPI,Mulg,1959,Furrow,BareFallow,35,Surf1,200,110,LowFreq,0,P2R,15AprV1R4,T2,3314.4,2824.311,1942.147,2254.798,61.535,19.233,6.27795593332321,0.123887133580303,6.69090566037736,0.886545,35.149,999
2000,01/12/2000,336,1999,15-Apr,7,sugar,alive,4,414,1995,14/10/1999,105,0,18,318,2000,14,2039,8087.99,7258.38,6447.04,199.776,3881.14,,16137.626,6455.05,62.423,20.996,74.689,74.689,1.343,8894.372,8895.716,144665.034,0.689,18,1980,1716.8,307.013,1777.493,824.531,1211.517,309.317,1520.834,11.465,8893.036,1.686,8894.722,144435.007,200,256.063,315.67,27.796,0.072,10.126,5.692,7906.069,367.804,0.951,4300.7,15.8,1720.3,0,0,19.136,28.462,19.636,136,Burdekin,AyrDPI,Mulg,1959,Furrow,BareFallow,35,Surf1,200,110,LowFreq,0,P2R,15AprV1R4,T2,3696.8,2804.531,2084.506,2393.823,37.994,10.198,7.12333006837863,0.131359504061587,8.22123456790123,0.99888,38.811,999
2001,15/04/2001,105,0,15-Apr,7,none,out,-1,0,1995,0.000,105,0,18,336,-1,14,2057,0,0,0,0,0,,17603.652,7041.461,69.015,0,166.149,166.149,1.686,8893.036,8894.722,144435.007,0.686,0,0,295.9,88.186,45.856,220.475,0,193.48,193.48,0.052,8978.423,16.324,8994.747,147031.581,0,0,30.314,0.562,0.106,0.046,0.086,4034.296,368.485,0.63,1418.4,5.6,567.4,0,0,21.856,30.909,20.741,39.4,Burdekin,AyrDPI,Mulg,1959,Furrow,BareFallow,35,Surf1,200,110,LowFreq,0,P2R,15AprV1R4,T2,295.9,220.475,134.042,327.522,0.714,0.152,0,0,0,,0,999
2002,15/07/2002,196,2001,15-Apr,8,sugar,alive,0,456,2001,15/4/2001,105,0,0,318,2002,21,2039,8615.81,7707.61,6760.4,208.688,4184.19,,0,0,0,21.761,134.527,134.527,16.324,8978.423,8994.747,147031.581,0.687,22,2420,812.3,64.871,1376.584,356.434,1515.444,342.369,1857.813,5.388,8838.94,2.011,8840.951,142302.216,200,369.693,399.887,23.566,0.065,8.962,5.079,9012.79,370.799,0.975,5245.3,19.2,2098.1,0,0,17.741,29.868,20.336,206,Burdekin,AyrDPI,Mulg,1959,Furrow,BareFallow,35,Surf1,200,110,LowFreq,0,P2R,15AprV1R4,T2,3232.3,2776.434,1441.455,1783.824,32.593,9.027,7.51640413566467,0.112329927716083,7.27135888501742,1.04344,41.842,999
2003,15/08/2003,227,2002,15-Apr,8,sugar,alive,1,396,2001,15/7/2002,105,0,0,318,2003,21,2039,7412.66,6604.42,5754.89,177.106,3461.55,,20229.531,8091.813,90.619,21.14,67.562,67.562,2.011,8838.94,8840.951,142302.216,0.678,21,2310,472,94.37,1066.518,289.605,1333.041,273.227,1606.268,2.42,8835.525,1.191,8836.716,141411.031,200,261.221,322.129,22.322,0.053,7.035,4.659,8076.833,372.843,0.936,3929.7,14.5,1571.9,0,0,17.729,29.464,20.693,51,Burdekin,AyrDPI,Mulg,1959,Furrow,BareFallow,35,Surf1,200,110,LowFreq,0,P2R,15AprV1R4,T2,2782,2599.605,1160.888,1434.115,29.41,7.088,6.81280425295381,0.11025930915638,6.41688405797101,0.88553,34.616,999
2004,14/09/2004,258,2003,15-Apr,8,sugar,alive,2,396,2001,15/8/2003,105,0,0,318,2004,21,2039,7559.36,6780.24,5911.94,182.259,3594.8,,17431.216,6972.488,69.622,21.36,82.405,82.405,1.191,8835.525,8836.716,141411.031,0.68,20,2200,741,92.006,1287.363,399.987,1312.95,263.393,1576.343,4.355,8830.835,1.161,8831.995,140574.648,200,267.979,321.211,18.985,0.056,7.379,4.032,8334.009,374.917,0.953,4366.1,16,1746.4,0,0,18.222,29.742,20.529,173.2,Burdekin,AyrDPI,Mulg,1959,Furrow,BareFallow,35,Surf1,200,110,LowFreq,0,P2R,15AprV1R4,T2,2941,2599.987,1379.369,1642.762,26.42,7.435,7.00999658844448,0.115621409807383,6.87769811320755,0.911295,35.948,999
2005,14/10/2005,287,2004,15-Apr,8,sugar,alive,3,395,2001,14/9/2004,105,0,0,318,2005,21,2039,7605.66,6821.45,5928.99,182.792,3693.42,,17714.281,7085.712,71.791,21.953,67.693,67.693,1.161,8830.835,8831.995,140574.648,0.678,22,2420,728.7,82.665,1458.523,294.234,1332.399,267.027,1599.426,5.84,8822.016,1.349,8823.365,139448.099,200,270.785,328.715,22.48,0.039,7.911,4.696,8755.599,377.032,0.955,4439.1,16.3,1775.6,0,0,18.444,29.715,20.552,143.4,Burdekin,AyrDPI,Mulg,1959,Furrow,BareFallow,35,Surf1,200,110,LowFreq,0,P2R,15AprV1R4,T2,3148.7,2714.234,1541.188,1808.215,30.43,7.95,6.73457041655215,0.114286000102537,6.36905923344948,0.91396,36.934,999
2006,14/11/2006,318,2005,15-Apr,8,sugar,alive,4,396,2001,14/10/2005,105,0,0,318,2006,21,2039,7354.51,6585.1,5708.8,175.878,3270.38,,18024.918,7209.968,73.217,19.971,75.78,75.78,1.349,8822.016,8823.365,139448.099,0.675,20,2200,923.4,149.863,1504.221,486.87,1220.508,270.411,1490.919,5.764,8816.075,1.324,8817.399,138378.604,200,267.396,319.669,24.031,0.081,7.002,4.966,8613.875,379.182,0.958,4531.1,16.6,1812.5,0,0,18.902,29.43,19.985,178.4,Burdekin,AyrDPI,Mulg,1959,Furrow,BareFallow,35,Surf1,200,110,LowFreq,0,P2R,15AprV1R4,T2,3123.4,2686.87,1654.084,1924.495,31.114,7.083,6.54583213925497,0.117966167176084,6.63690566037736,0.87939,32.704,999
2007,15/04/2007,105,0,15-Apr,8,none,out,-1,0,2001,0.000,105,0,0,318,-1,21,2039,0,0,0,0,0,,17840.008,7136.003,78.448,0,54.176,54.176,1.324,8816.075,8817.399,138378.604,0.673,0,0,748.4,139.674,332.636,381.472,0,180.083,180.083,0.357,8914.938,8.375,8923.313,141030.309,0,0,18.648,0.486,0.211,0.122,0.056,3644.039,380.024,0.734,1892,8.3,756.8,0,0,21.774,31.068,20.952,130.2,Burdekin,AyrDPI,Mulg,1959,Furrow,BareFallow,35,Surf1,200,110,LowFreq,0,P2R,15AprV1R4,T2,748.4,381.472,472.31,652.393,0.819,0.333,0,0,0,,0,999
2008,14/07/2008,196,2007,15-Apr,9,sugar,alive,0,456,2007,15/4/2007,105,0,0,318,2008,21,2039,8614.11,7721.61,6732.97,208.32,3894.46,,0,0,0,20.094,150.184,150.184,8.375,8914.938,8923.313,141030.309,0.674,21,2310,1389.5,375.655,1690.88,670.588,1384.57,324.359,1708.929,7.72,8798.501,2.258,8800.759,135276.142,200,330.764,382.754,28.825,0.357,13.141,5.801,10162.465,382.56,0.968,4933.5,18.1,1973.4,0,0,17.421,28.372,18.704,108.2,Burdekin,AyrDPI,Mulg,1959,Furrow,BareFallow,35,Surf1,200,110,LowFreq,0,P2R,15AprV1R4,T2,3699.5,2980.588,2066.535,2390.894,42.323,13.498,6.98922494487665,0.12190090986811,7.54782608695652,1.0416,38.945,999
2009,14/08/2009,226,2008,15-Apr,9,sugar,alive,1,396,2007,14/7/2008,105,0,0,318,2009,21,2039,6735.02,6014.85,5187.51,159.313,2839.11,,20183.169,8073.269,84.491,19.02,74.22,74.22,2.258,8798.501,8800.759,135276.142,0.669,16,1760,1894.1,443.721,1797.126,583.272,1157.864,261.968,1419.832,7.006,8786.737,1.494,8788.231,133327.739,200,263.274,319.216,24.65,0.233,6.283,5.04,8969.055,384.802,0.93,3789.1,13.9,1515.6,0,0,18.009,28.88,18.524,197.2,Burdekin,AyrDPI,Mulg,1959,Furrow,BareFallow,35,Surf1,200,110,LowFreq,0,P2R,15AprV1R4,T2,3654.1,2343.272,2240.847,2502.815,31.166,6.516,6.79874124728158,0.112205528541405,7.20873303167421,0.796565,28.391,999
2010,14/09/2010,257,2009,15-Apr,9,sugar,alive,2,396,2007,14/8/2009,105,0,0,318,2010,21,2039,7668.61,6884.61,5914.9,182.362,3226.72,,16374.537,6549.815,66.939,18.864,67.641,67.641,1.494,8786.737,8788.231,133327.739,0.671,19,2090,1138.9,183.349,1502.193,520.793,1266.418,251.418,1517.836,5.765,8753.466,2.004,8755.47,131354.124,200,294.626,344.924,18.56,0.145,7.903,4.049,9316.008,387.08,0.936,3919.9,14.4,1568,0,0,18.842,29.312,18.819,135.2,Burdekin,AyrDPI,Mulg,1959,Furrow,BareFallow,35,Surf1,200,110,LowFreq,0,P2R,15AprV1R4,T2,3228.9,2610.793,1685.542,1936.96,26.608,8.048,6.98492756798413,0.120146050034391,7.1796062992126,0.91181,32.267,999
2011,14/10/2011,287,2010,15-Apr,9,sugar,alive,3,395,2007,14/9/2010,105,0,0,318,2011,21,2039,7119.91,6424.34,5592.85,173.698,3386.11,,18238.379,7295.352,75.495,21.078,93.163,93.163,2.004,8753.466,8755.47,131354.124,0.669,17,1870,1399.5,326.243,1516.306,778.744,1150.691,315.134,1465.825,9.263,8727.31,1.605,8728.915,130840.858,200,254.251,332.94,48.62,2.584,10.486,9.343,7763.417,389.395,0.929,3778,13.9,1511.2,0,0,17.983,28.537,18.315,81.4,Burdekin,AyrDPI,Mulg,1959,Furrow,BareFallow,35,Surf1,200,110,LowFreq,0,P2R,15AprV1R4,T2,3269.5,2648.744,1842.549,2157.683,61.69,13.07,6.55774963529884,0.118498456500605,7.48698275862069,0.86849,33.861,999
2012,13/11/2012,318,2011,15-Apr,9,sugar,alive,4,396,2007,14/10/2011,105,0,0,318,2012,21,2039,7571.51,6788.88,5907.45,182.494,3445.22,,16191.245,6476.498,70.078,20.321,54.289,54.289,1.605,8727.31,8728.915,130840.858,0.667,18,1980,1162.2,209.178,1409.379,612.572,1233.277,283.153,1516.431,9.35,8705.772,1.443,8707.215,130468.533,200,276.486,329.1,26.164,0.151,8.097,5.48,7520.756,391.74,0.961,4625.3,17,1850.1,0,0,18.232,28.806,19.444,197.4,Burdekin,AyrDPI,Mulg,1959,Furrow,BareFallow,35,Surf1,200,110,LowFreq,0,P2R,15AprV1R4,T2,3142.2,2592.572,1618.557,1901.71,34.412,8.248,7.03911019636099,0.120344413956191,7.51004115226338,0.91247,34.452,999
2013,16/04/2013,106,0,15-Apr,9,none,out,-1,0,2007,0.000,106,1,0,319,-1,21,2039,0,0,0,0,0,,18076.074,7230.43,82.738,0,61.502,61.502,1.443,8705.772,8707.215,130468.533,0.664,0,0,494.4,10.655,180.01,311.928,0,194.602,194.602,0.218,8806.899,6.892,8813.791,132951.251,0,0,21.872,0.495,0.032,0.113,0.081,4017.065,392.673,0.632,1426.4,6.5,570.6,0,0,21.925,31.34,21.733,178.6,Burdekin,AyrDPI,Mulg,1959,Furrow,BareFallow,35,Surf1,200,110,LowFreq,0,P2R,15AprV1R4,T2,494.4,311.928,190.665,385.267,0.64,0.145,0,0,0,,0,999
2014,16/07/2014,197,2013,15-Apr,10,sugar,alive,0,456,2013,16/4/2013,106,1,0,319,2014,20,2039,8770.3,7876.19,6854.2,212.23,4024.73,,0,0,0,20.426,170.637,170.637,6.892,8806.899,8813.791,132951.251,0.667,22,2420,710,196.17,1272.132,417.581,1409.743,338.148,1747.891,7.242,8650.067,1.94,8652.008,129184.183,200,376.677,414.757,21.602,1.678,10.857,4.651,8019.974,395.449,0.969,4978.1,18.3,1991.2,0,0,17.953,28.93,18.93,86.2,Burdekin,AyrDPI,Mulg,1959,Furrow,BareFallow,35,Surf1,200,110,LowFreq,0,P2R,15AprV1R4,T2,3130,2837.581,1468.302,1806.45,34.137,12.535,7.47925786083287,0.121420614901044,7.39477351916376,1.06115,40.247,999
2015,16/08/2015,228,2014,15-Apr,10,sugar,alive,1,396,2013,16/7/2014,106,1,0,319,2015,20,2039,7188.18,6392.6,5593.73,171.856,3312.47,,20518.23,8207.292,91.202,20.808,84.446,84.446,1.94,8650.067,8652.008,129184.183,0.66,21,2310,416.4,46.697,1100.731,294.792,1298.665,288.647,1587.312,3.043,8640.264,1.188,8641.452,129172.957,200,267.743,329.887,23.159,0.25,6.62,4.857,7273.343,397.895,0.934,3882.6,14.3,1553,0,0,17.879,29.754,20.506,83.4,Burdekin,AyrDPI,Mulg,1959,Furrow,BareFallow,35,Surf1,200,110,LowFreq,0,P2R,15AprV1R4,T2,2726.4,2604.792,1147.428,1436.075,30.029,6.87,6.59768611082958,0.108268569758182,6.22666666666667,0.85928,33.125,999
2016,15/09/2016,259,2015,15-Apr,10,sugar,alive,2,396,2013,16/8/2015,106,1,0,319,2016,20,2039,7275.89,6458.99,5641.77,172.698,3210.78,,16853.009,6741.204,66.963,19.968,76.107,76.107,1.188,8640.264,8641.452,129172.957,0.662,20,2200,538,50.365,1177.319,416.559,1251.096,266.681,1517.777,3.309,8636.444,1.092,8637.536,129270.851,200,267.138,319.205,18.14,0.02,7.572,3.907,7291.973,400.372,0.957,4503.5,16.5,1801.4,0,0,19.122,29.876,19.176,43.6,Burdekin,AyrDPI,Mulg,1959,Furrow,BareFallow,35,Surf1,200,110,LowFreq,0,P2R,15AprV1R4,T2,2738,2616.559,1227.684,1494.365,25.732,7.592,6.60019514178736,0.113783513651874,6.51690566037736,0.86349,32.108,999
2017,15/10/2017,288,2016,15-Apr,10,sugar,alive,3,395,2013,15/9/2016,106,1,0,319,2017,20,2039,7223.8,6418.37,5560.41,170.274,3154.52,,17718.063,7087.225,72.58,19.887,68.646,68.646,1.092,8636.444,8637.536,129270.851,0.66,19,2090,860,87.627,1288.835,498.159,1297.816,279.665,1577.481,5.836,8631.709,1.303,8633.012,129182.551,200,261.226,318.589,26.41,0.03,7.527,5.502,7522.693,402.894,0.958,4537.1,16.6,1814.8,0,0,18.79,30.113,18.58,107.8,Burdekin,AyrDPI,Mulg,1959,Furrow,BareFallow,35,Surf1,200,110,LowFreq,0,P2R,15AprV1R4,T2,2950,2588.159,1376.462,1656.127,33.967,7.557,6.57896211167861,0.107940444290613,6.70370078740158,0.85137,31.545,999
2018,15/11/2018,319,2017,15-Apr,10,sugar,alive,4,396,2013,15/10/2017,106,1,0,319,2018,20,2039,7304.11,6515.24,5590.57,172.294,3275.76,,17995.297,7198.12,74.861,20.486,64.703,64.703,1.303,8631.709,8633.012,129182.551,0.658,21,2310,742.1,158.662,1336.054,409.215,1293.8,259.529,1553.329,7.201,8623.443,1.584,8625.027,129003.391,200,260.776,319.732,29.622,0.078,7.714,5.928,7530.464,405.453,0.929,3771.5,13.8,1508.6,0,0,18.273,29.723,18.479,130.4,Burdekin,AyrDPI,Mulg,1959,Furrow,BareFallow,35,Surf1,200,110,LowFreq,0,P2R,15AprV1R4,T2,3052.1,2719.215,1494.716,1754.245,37.414,7.792,6.33616687168907,0.110919193551398,6.24253623188406,0.86147,32.758,999
2019,15/04/2019,105,0,15-Apr,10,none,out,-1,0,2013,0.000,105,0,0,319,-1,20,2039,0,0,0,0,0,,17770.819,7108.327,75.566,0,68.758,68.758,1.584,8623.443,8625.027,129003.391,0.655,0,0,1111,286.195,508.484,432.72,0,211.406,211.406,0.913,8720.705,9.174,8729.879,131598,0,0,28.693,1.219,0.177,0.455,0.124,3972.487,406.447,0.51,1018,4.3,407.2,0,0,22.724,31.66,17.279,92.8,Burdekin,AyrDPI,Mulg,1959,Furrow,BareFallow,35,Surf1,200,110,LowFreq,0,P2R,15AprV1R4,T2,1111,432.72,794.679,1006.085,1.851,0.632,0,0,0,,0,999
2020,14/07/2020,196,2019,15-Apr,11,sugar,alive,0,456,2019,15/4/2019,105,0,0,318,2020,21,2039,7843.88,7014.92,6115.14,189.121,3659.52,,0,0,0,20.901,173.673,173.673,9.174,8720.705,8729.879,131598,0.657,21,2310,1041.6,166.786,1579.876,453.241,1341.376,363.359,1704.735,10.109,8569.476,1.921,8571.397,127999.413,200,354.532,397.608,28.354,0.324,17.815,6.024,7294.288,409.458,0.958,4536.8,16.6,1814.7,0,0,17.927,29.324,17.481,327.8,Burdekin,AyrDPI,Mulg,1959,Furrow,BareFallow,35,Surf1,200,110,LowFreq,0,P2R,15AprV1R4,T2,3351.6,2763.241,1746.662,2110.021,46.493,18.139,6.84417320096221,0.110938650288755,6.85221014492754,0.945605,36.595,999
2021,14/08/2021,226,2020,15-Apr,11,sugar,alive,1,396,2019,14/7/2020,105,0,0,318,2021,21,2039,6665.29,5891.15,5089.1,155.508,2670.57,,18550.543,7420.218,88.131,18.223,73.877,73.877,1.921,8569.476,8571.397,127999.413,0.648,18,1980,1081.2,268.18,1429.18,485.293,1113.477,253.659,1367.136,7.291,8568.672,1.089,8569.761,128149.846,200,245.028,304.63,28.358,0.322,8.353,5.787,6391.63,412.114,0.94,4010.6,14.7,1604.2,0,0,18.484,29.171,17.224,132.4,Burdekin,AyrDPI,Mulg,1959,Furrow,BareFallow,35,Surf1,200,110,LowFreq,0,P2R,15AprV1R4,T2,3061.2,2465.293,1697.36,1951.019,37.033,8.675,6.30789119183805,0.113747278983218,6.39950617283951,0.77754,26.706,999
1960,14/04/1960,105,0,15-Apr,0,none,out,-1,0,-1,0.000,105,0,0,318,-1,21,2039,0,0,0,0,0,,0,0,0,0,0,0,0,0,0,0,0.89,0,0,778.8,0,483.366,295.434,0,204.631,204.631,22.612,9504.982,33.583,9538.565,141805.407,0,0,35.978,3.757,0,1.649,0.596,1010.218,350,0.012,17.8,0.1,7.1,0,0,22.318,30.437,19.329,210.1,Burdekin,AyrDPI,Mulg,1960,Furrow,BareFallow,35,Surf1,200,110,LowFreq,0,P2R,15AprV1R4,T2,778.8,295.434,483.366,687.997,5.406,1.649,0,0,0,,0,999
1961,14/07/1961,195,1960,15-Apr,1,sugar,alive,0,456,1960,14/4/1960,105,0,0,318,1961,21,2039,8001.49,7157.94,6235.62,192.407,3613.4,,0,0,0,20.199,120.353,120.353,33.583,9504.982,9538.565,141805.407,0.884,22,2420,561.3,38.712,1267.517,394.218,1353.243,377.268,1730.512,24.189,9422.535,0.757,9423.292,141437.845,200,308.224,322.279,27.185,0,17.404,5.846,3530.278,350,0.983,5798.5,21.2,2319.4,0,0,16.784,28.349,20.095,63.2,Burdekin,AyrDPI,Mulg,1960,Furrow,BareFallow,35,Surf1,200,110,LowFreq,0,P2R,15AprV1R4,T2,2981.3,2814.218,1306.229,1683.497,44.589,17.404,6.83696145785437,0.111185013452666,6.70407665505227,0.962035,36.134,999
1962,14/08/1962,226,1961,15-Apr,1,sugar,alive,1,396,1960,14/7/1961,105,0,0,318,1962,21,2039,6443.28,5737.85,4942.72,151.562,2801.84,,19938.643,7975.458,96.978,19.838,64.912,64.912,0.757,9422.535,9423.292,141437.845,0.868,17,1870,958.4,186.424,1138.814,560.201,1201.711,296.895,1498.606,3.28,9438.376,0.835,9439.211,142476.302,200,234.914,291.447,23.596,0,4.953,4.937,5603.677,350,0.934,3885.9,14.3,1554.4,0,0,17.008,28.972,20.048,102.1,Burdekin,AyrDPI,Mulg,1960,Furrow,BareFallow,35,Surf1,200,110,LowFreq,0,P2R,15AprV1R4,T2,2828.4,2430.201,1325.238,1622.133,28.549,4.953,6.23660347436282,0.101135321759021,6.53284482758621,0.75781,28.018,999
1963,14/09/1963,257,1962,15-Apr,1,sugar,alive,2,396,1960,14/8/1962,105,0,0,318,1963,21,2039,6908.51,6194.58,5266.34,162.071,2841.36,,16057.794,6423.117,64.262,18.664,69.469,69.469,0.835,9438.376,9439.211,142476.302,0.866,18,1980,1162.3,220.35,1402.463,670.489,1243.824,262.033,1505.857,5.527,9419.25,1.038,9420.288,143262.018,200,260.758,319.916,29.157,0.001,8.817,6.012,5893,350,0.937,3941.7,14.5,1576.7,0,0,17.169,29.038,19.278,91.9,Burdekin,AyrDPI,Mulg,1960,Furrow,BareFallow,35,Surf1,200,110,LowFreq,0,P2R,15AprV1R4,T2,3142.3,2650.489,1622.813,1884.846,37.975,8.818,6.11475844646026,0.107627085440384,6.66958847736626,0.810355,28.414,999
1964,13/10/1964,287,1963,15-Apr,1,sugar,alive,3,395,1960,14/9/1963,105,0,0,318,1964,21,2039,6579.59,5827.42,5036.01,153.772,2835.07,,17308.846,6923.538,76.888,19.777,83.099,83.099,1.038,9419.25,9420.288,143262.018,0.858,20,2200,564.7,77.423,1192.984,414.782,1246.057,268.218,1514.274,4.149,9397.576,1.584,9399.16,144109.714,200,268.132,329.655,29.932,0,9.642,6.076,6189.859,350,0.949,4252.7,15.6,1701.1,0,0,17.833,29.736,19.754,92.7,Burdekin,AyrDPI,Mulg,1960,Furrow,BareFallow,35,Surf1,200,110,LowFreq,0,P2R,15AprV1R4,T2,2764.7,2614.782,1270.407,1538.625,39.574,9.642,5.88087266930857,0.101548332732385,5.80271698113208,0.76886,28.351,999
1965,13/11/1965,317,1964,15-Apr,1,sugar,alive,4,396,1960,13/10/1964,105,0,0,318,1965,21,2039,7209.71,6509.24,5505.58,170.878,3150.17,,16735.245,6694.098,74.99,19.775,63.118,63.118,1.584,9397.576,9399.16,144109.714,0.85,20,2200,827.8,147.357,1316.305,446.568,1252.795,311.956,1564.751,7.795,9368.038,1.536,9369.574,144935.169,200,259.458,328.772,47.188,0.001,8.539,9.328,5976.453,350,0.92,3614.7,13.3,1445.9,0,0,17.495,29.085,20.224,107.4,Burdekin,AyrDPI,Mulg,1960,Furrow,BareFallow,35,Surf1,200,110,LowFreq,0,P2R,15AprV1R4,T2,3027.8,2646.568,1463.662,1775.618,55.728,8.54,6.45658830606279,0.109204595491551,6.44822641509434,0.85439,31.502,999
1966,15/04/1966,105,0,15-Apr,1,none,out,-1,0,1960,0.000,105,0,0,318,-1,21,2039,0,0,0,0,0,,17557.597,7023.04,80.908,0,62.504,62.504,1.536,9368.038,9369.574,144935.169,0.84,0,0,295,25.917,36.105,253.563,0,167.506,167.506,0.035,9440.56,28.039,9468.599,147523.602,0,0,39.076,0.348,0,0.022,0.093,3485.866,350,0.694,1690.1,7.8,676,0,0,21.412,31.333,20.942,102.9,Burdekin,AyrDPI,Mulg,1960,Furrow,BareFallow,35,Surf1,200,110,LowFreq,0,P2R,15AprV1R4,T2,295,253.563,62.022,229.528,0.37,0.022,0,0,0,,0,999
1967,15/07/1967,196,1966,15-Apr,2,sugar,alive,0,456,1966,15/4/1966,105,0,0,318,1967,21,2039,8354.83,7507.1,6512.58,201.52,3739.76,,0,0,0,19.926,127.976,127.976,28.039,9440.56,9468.599,147523.602,0.838,21,2310,894.1,97.879,1379.453,517.83,1388.176,349.911,1738.087,7.969,9312.157,1.648,9313.805,145732.816,200,346.407,384.851,41.383,0.001,15.946,8.542,6036.291,350,0.965,4790.4,17.6,1916.2,0,0,17.479,28.371,18.716,154.9,Burdekin,AyrDPI,Mulg,1960,Furrow,BareFallow,35,Surf1,200,110,LowFreq,0,P2R,15AprV1R4,T2,3204.1,2827.83,1477.332,1827.243,57.33,15.947,7.12631240208924,0.115943563239355,7.30144927536232,1.0076,37.398,999
1968,14/08/1968,227,1967,15-Apr,2,sugar,alive,1,396,1966,15/7/1967,105,0,0,318,1968,21,2039,7182.93,6432.7,5570.08,171.74,3200.7,,19730.931,7892.373,95.575,20.023,116.658,116.658,1.648,9312.157,9313.805,145732.816,0.825,18,1980,1458,322.351,1675.696,553.643,1191.804,273.299,1465.103,8.336,9307.242,1.299,9308.541,146661.173,200,257.906,314.276,23.513,0.002,8.519,4.864,6086.039,350,0.929,3768.9,13.9,1507.6,0,0,17.986,28.436,19.767,187.9,Burdekin,AyrDPI,Mulg,1960,Furrow,BareFallow,35,Surf1,200,110,LowFreq,0,P2R,15AprV1R4,T2,3438,2533.643,1998.047,2271.346,32.034,8.521,6.77838195831062,0.117220427505779,7.06748971193416,0.8587,32.007,999
1969,14/09/1969,257,1968,15-Apr,2,sugar,alive,2,396,1966,14/8/1968,105,0,0,318,1969,21,2039,6510.79,5767.66,4943.54,151.069,2772.68,,16912.769,6765.108,69.388,19.675,91.509,91.509,1.299,9307.242,9308.541,146661.173,0.822,22,2420,202.9,46.46,1137.002,177.849,1192.451,279.88,1472.331,3.207,9282.376,1.18,9283.557,147473.094,200,272.854,329.942,26.608,0.001,8.618,5.477,6073.287,350,0.947,4186.7,15.4,1674.7,0,0,17.462,29.388,20.407,46.5,Burdekin,AyrDPI,Mulg,1960,Furrow,BareFallow,35,Surf1,200,110,LowFreq,0,P2R,15AprV1R4,T2,2622.9,2597.849,1183.462,1463.342,35.227,8.619,5.81515707802878,0.102605324482063,5.26372822299652,0.755345,27.727,999
1970,14/10/1970,287,1969,15-Apr,2,sugar,alive,3,395,1966,14/9/1969,105,0,0,318,1970,21,2039,7060.82,6300.27,5387.94,165.365,3077.4,,16880.336,6752.135,76.459,19.99,58.616,58.616,1.18,9282.376,9283.557,147473.094,0.814,21,2310,674.6,92.243,1312.054,387.274,1290.888,283.685,1574.573,5.598,9262.397,1.253,9263.65,148362.131,200,264.517,329.51,34.203,0.001,9.084,6.913,6115.308,350,0.952,4330.7,15.9,1732.3,0,0,17.812,29.536,20.631,133.6,Burdekin,AyrDPI,Mulg,1960,Furrow,BareFallow,35,Surf1,200,110,LowFreq,0,P2R,15AprV1R4,T2,2984.6,2697.274,1404.297,1687.982,43.288,9.085,6.13081948663725,0.105022123458233,5.99148550724638,0.826825,30.774,999
1971,14/11/1971,318,1970,15-Apr,2,sugar,alive,4,396,1966,14/10/1970,105,0,0,318,1971,21,2039,7408.72,6660.94,5699.89,176.467,3287.7,,17900.594,7160.238,80.433,20.016,64.347,64.347,1.253,9262.397,9263.65,148362.131,0.807,18,1980,1243.3,117.592,1517.479,703.859,1279.622,301.006,1580.629,11.591,9249.914,1.465,9251.379,149379.59,200,256.541,322.278,35.148,0.001,10.699,7.08,6248.905,350,0.921,3624.5,13.3,1449.8,0,0,17.821,28.99,19.978,220,Burdekin,AyrDPI,Mulg,1960,Furrow,BareFallow,35,Surf1,200,110,LowFreq,0,P2R,15AprV1R4,T2,3223.3,2683.859,1635.071,1936.077,45.848,10.7,6.57512186743044,0.111643529253228,7.26201646090535,0.882335,32.877,999
1972,14/04/1972,105,0,15-Apr,2,none,out,-1,0,1966,0.000,105,0,0,318,-1,21,2039,0,0,0,0,0,,17605.987,7042.395,76.703,0,71.946,71.946,1.465,9249.914,9251.379,149379.59,0.8,0,0,1271,364.57,611.188,476.896,0,204.41,204.41,0.75,9340.94,11.41,9352.35,152755.411,0,0,23.477,0.498,0.009,0.173,0.064,2981.163,350,0.631,1424.8,6.2,569.9,0,0,21.501,31.47,20.724,206.2,Burdekin,AyrDPI,Mulg,1960,Furrow,BareFallow,35,Surf1,200,110,LowFreq,0,P2R,15AprV1R4,T2,1271,476.896,975.758,1180.168,0.68,0.182,0,0,0,,0,999
1973,14/07/1973,195,1972,15-Apr,3,sugar,alive,0,456,1972,14/4/1972,105,0,0,318,1973,21,2039,7987.4,7125.46,6202.4,191.274,3128.78,,0,0,0,17.22,162.778,162.778,11.41,9340.94,9352.35,152755.411,0.801,21,2310,1009.2,250.018,1477.904,542.187,1334.375,341.602,1675.977,7.048,9223.747,2.001,9225.748,150417.141,200,331.126,369.106,29.442,0.003,12.406,6.163,6378.234,350,0.964,4763.7,17.5,1905.5,0,0,16.939,28.363,18.968,108.5,Burdekin,AyrDPI,Mulg,1960,Furrow,BareFallow,35,Surf1,200,110,LowFreq,0,P2R,15AprV1R4,T2,3319.2,2852.187,1727.922,2069.524,41.851,12.409,6.70622227785205,0.114126864509477,6.93021739130435,0.95637,31.288,999
1974,14/08/1974,226,1973,15-Apr,3,sugar,alive,1,396,1972,14/7/1973,105,0,0,318,1974,21,2039,6221.34,5550.38,4769.68,146.644,2411.69,,19221.625,7688.65,87.52,17.328,78.079,78.079,2.001,9223.747,9225.748,150417.141,0.789,14,1540,2056.4,590.598,1696.226,751.985,1023.169,300.273,1323.442,13.703,9222.022,1.242,9223.264,151188.686,200,240.385,297.832,31.546,0.004,8.355,6.431,5715.203,350,0.911,3455.8,12.7,1382.3,0,0,17.6,28.224,18.172,152.9,Burdekin,AyrDPI,Mulg,1960,Furrow,BareFallow,35,Surf1,200,110,LowFreq,0,P2R,15AprV1R4,T2,3596.4,2291.985,2286.824,2587.097,39.905,8.359,6.39812215175928,0.110805006944014,7.36904522613065,0.73322,24.117,999
1975,14/09/1975,257,1974,15-Apr,3,sugar,alive,2,396,1972,14/8/1974,105,0,0,318,1975,21,2039,7529.86,6775.25,5754.11,177.882,3201.9,,15276.594,6110.638,67.527,19.24,64.213,64.213,1.242,9222.022,9223.264,151188.686,0.787,19,2090,790.6,90.562,1156.76,570.586,1270.507,300.433,1570.94,5.544,9198.695,1.341,9200.036,151766.784,200,271.975,321.692,25.87,0.001,8.199,5.415,6202.538,350,0.93,3795.6,13.9,1518.2,0,0,17.927,28.646,19.636,65,Burdekin,AyrDPI,Mulg,1960,Furrow,BareFallow,35,Surf1,200,110,LowFreq,0,P2R,15AprV1R4,T2,2880.6,2660.586,1247.322,1547.755,34.07,8.2,6.68582034183447,0.113232841483443,7.00322834645669,0.88941,32.019,999
1976,13/10/1976,287,1975,15-Apr,3,sugar,alive,3,395,1972,14/9/1975,105,0,0,318,1976,21,2039,6404.46,5759.9,5003.74,154.815,2975.83,,18320.104,7328.041,77.708,20.743,126.55,126.55,1.341,9198.695,9200.036,151766.784,0.78,17,1870,1890.9,547.899,1905.886,832.128,1079.021,300.204,1379.225,9.453,9201.327,1.256,9202.583,152831.671,200,222.372,301.741,34.025,0.006,26.889,6.67,5960.786,350,0.918,3577.3,13.1,1430.9,0,0,17.616,28.354,19.634,179.8,Burdekin,AyrDPI,Mulg,1960,Furrow,BareFallow,35,Surf1,200,110,LowFreq,0,P2R,15AprV1R4,T2,3760.9,2702.128,2453.785,2753.989,60.92,26.895,5.72937329393722,0.112247820333883,6.67306034482759,0.774075,29.758,999
1977,13/11/1977,317,1976,15-Apr,3,sugar,alive,4,396,1972,13/10/1976,105,0,0,318,1977,21,2039,7027.63,6339.74,5445.31,168.852,3031.14,,14946.86,5978.744,61.963,19.18,54.44,54.44,1.256,9201.327,9202.583,152831.671,0.775,19,2090,1378.2,250.507,1798.075,546.143,1117.231,304.697,1421.927,10.518,9186.176,1.355,9187.532,153476.541,200,245.844,311.619,41.174,0.004,9.73,8.2,5948.171,350,0.936,3930.6,14.4,1572.2,0,0,18.128,28.505,19.974,170.6,Burdekin,AyrDPI,Mulg,1960,Furrow,BareFallow,35,Surf1,200,110,LowFreq,0,P2R,15AprV1R4,T2,3468.2,2636.143,2048.582,2353.279,50.908,9.734,6.40526708907673,0.118748712135011,6.64771653543307,0.84426,30.311,999
1978,15/04/1978,105,0,15-Apr,3,none,out,-1,0,1972,0.000,105,0,0,318,-1,21,2039,0,0,0,0,0,,16790.726,6716.292,75.98,0,52.132,52.132,1.355,9186.176,9187.532,153476.541,0.769,0,0,718.5,47.176,316.326,389.256,0,216.653,216.653,0.721,9266.674,16.822,9283.496,156010.36,0,0,34.695,2.257,0.003,0.716,0.362,3641.152,350,0.495,976.4,4.4,390.6,0,0,22.05,31.035,22.427,150.6,Burdekin,AyrDPI,Mulg,1960,Furrow,BareFallow,35,Surf1,200,110,LowFreq,0,P2R,15AprV1R4,T2,718.5,389.256,363.502,580.155,2.976,0.719,0,0,0,,0,999
1979,15/07/1979,196,1978,15-Apr,4,sugar,alive,0,456,1978,15/4/1978,105,0,0,318,1979,21,2039,8375.25,7526.63,6507.16,201.295,3458.33,,0,0,0,18.232,190.478,190.478,16.822,9266.674,9283.496,156010.36,0.768,20,2200,1684.5,363.976,1942.882,764.726,1308.754,368.815,1677.568,13.673,9151.415,1.776,9153.191,153656.52,200,317.412,361.853,39.021,0.01,19.006,7.974,6251.175,350,0.972,5091.3,18.7,2036.5,0,0,17.592,27.843,18.241,350.7,Burdekin,AyrDPI,Mulg,1960,Furrow,BareFallow,35,Surf1,200,110,LowFreq,0,P2R,15AprV1R4,T2,3884.5,2964.726,2306.858,2675.673,58.037,19.016,6.78966622885218,0.119992155310545,7.59603773584906,1.006475,34.583,999
1980,14/08/1980,227,1979,15-Apr,4,sugar,alive,1,396,1978,15/7/1979,105,0,0,318,1980,21,2039,7022.27,6257.32,5446.31,167.481,3104.13,,20206.429,8082.571,89.572,19.897,90.551,90.551,1.776,9151.415,9153.191,153656.52,0.756,19,2090,796.7,153.495,1261.342,439.661,1183.934,298.762,1482.696,4.563,9151.578,1.094,9152.672,153942.351,200,254.073,309.592,22.946,0.004,5.937,4.788,6752.402,350,0.931,3821.6,14,1528.7,0,0,18.142,28.702,20.355,86.4,Burdekin,AyrDPI,Mulg,1960,Furrow,BareFallow,35,Surf1,200,110,LowFreq,0,P2R,15AprV1R4,T2,2886.7,2529.661,1414.837,1713.599,28.887,5.941,6.62068949159591,0.112957072791725,6.59374015748032,0.837405,31.041,999
1981,14/09/1981,257,1980,15-Apr,4,sugar,alive,2,396,1978,14/8/1980,105,0,0,318,1981,21,2039,6808.85,6064.66,5219.37,159.957,2832.5,,16644.046,6657.619,65.856,18.881,79.717,79.717,1.094,9151.578,9152.672,153942.351,0.756,18,1980,1123.2,337.23,1404.915,549.408,1124.488,252.307,1376.796,4.379,9153.359,1.095,9154.454,154422.038,200,253.521,302.449,20.886,0.005,7.597,4.377,6515.774,350,0.951,4314.8,15.8,1725.9,0,0,17.727,28.314,19.26,104.8,Burdekin,AyrDPI,Mulg,1960,Furrow,BareFallow,35,Surf1,200,110,LowFreq,0,P2R,15AprV1R4,T2,3103.2,2529.408,1742.145,1994.452,28.488,7.602,6.32389080765144,0.116180610635127,6.58259259259259,0.799785,28.325,999
1982,14/10/1982,287,1981,15-Apr,4,sugar,alive,3,395,1978,14/9/1981,105,0,0,318,1982,21,2039,7054.35,6350.05,5459.44,168.662,3192.16,,17178.188,6871.275,74.069,20.379,63.976,63.976,1.095,9153.359,9154.454,154422.038,0.752,20,2200,600.6,84.353,1180.449,440.058,1245.681,289.856,1535.537,5.929,9136.533,1.223,9137.756,154436.379,200,254.529,324.476,39.695,0.003,9.422,7.877,7053.669,350,0.941,4044.1,14.8,1617.6,0,0,17.546,29.118,20.049,47.4,Burdekin,AyrDPI,Mulg,1960,Furrow,BareFallow,35,Surf1,200,110,LowFreq,0,P2R,15AprV1R4,T2,2800.6,2640.058,1264.802,1554.658,49.12,9.425,6.38857176622635,0.109839098634549,6.36460377358491,0.84331,31.922,999
1983,14/11/1983,318,1982,15-Apr,4,sugar,alive,4,396,1978,14/10/1982,105,0,0,318,1983,21,2039,7249.41,6487.24,5558,171.042,3067.23,,16994.258,6797.703,73.166,19.157,64.237,64.237,1.223,9136.533,9137.756,154436.379,0.746,21,2310,641.3,154.424,1323.522,379.514,1195.522,271.769,1467.291,4.836,9129.897,1.68,9131.577,154435.072,200,258.74,319.263,27.054,0.004,9.643,5.537,7258.702,350,0.945,4152,15.2,1660.8,0,0,18.667,29.098,20.164,95.4,Burdekin,AyrDPI,Mulg,1960,Furrow,BareFallow,35,Surf1,200,110,LowFreq,0,P2R,15AprV1R4,T2,2951.3,2689.514,1477.946,1749.715,36.701,9.647,6.35958764297193,0.116569923757455,6.19717391304348,0.85521,30.672,999
1984,14/04/1984,105,0,15-Apr,4,none,out,-1,0,1978,0.000,105,0,0,318,-1,21,2039,0,0,0,0,0,,17906.183,7162.473,76.952,0,70.3,70.3,1.68,9129.897,9131.577,154435.072,0.742,0,0,466.6,64.299,98.357,349.897,0,229.16,229.16,0.169,9218.002,16.477,9234.478,157091.316,0,0,30.469,0.627,0.008,0.093,0.093,3790.482,350,0.554,1154.2,5,461.7,0,0,21.332,30.547,20.201,75.6,Burdekin,AyrDPI,Mulg,1960,Furrow,BareFallow,35,Surf1,200,110,LowFreq,0,P2R,15AprV1R4,T2,466.6,349.897,162.656,391.816,0.728,0.101,0,0,0,,0,999
1985,14/07/1985,195,1984,15-Apr,5,sugar,alive,0,456,1984,14/4/1984,105,0,0,318,1985,21,2039,8056.89,7255.58,6297.17,195.118,3478.66,,0,0,0,19.029,145.086,145.086,16.477,9218.002,9234.478,157091.316,0.742,19,2090,887.3,81.884,1294.439,660.379,1321.594,328.215,1649.809,8.95,9095.596,1.843,9097.439,153016.632,200,334.089,369.909,31.104,0.007,16.165,6.557,7918.691,350,0.967,4875.7,17.9,1950.3,0,0,17.323,28.325,18.585,111.4,Burdekin,AyrDPI,Mulg,1960,Furrow,BareFallow,35,Surf1,200,110,LowFreq,0,P2R,15AprV1R4,T2,2977.3,2750.379,1376.323,1704.538,47.276,16.172,7.09422228718297,0.118267023637282,7.68181102362205,0.97559,34.787,999
1986,21/08/1986,233,1985,15-Apr,5,sugar,alive,1,403,1984,14/7/1985,105,0,7,318,1986,14,2039,6760.34,5998.7,5200.03,159.171,2958.96,,19101.987,7640.796,90.603,19.965,96.255,96.255,1.843,9095.596,9097.439,153016.632,0.73,19,2090,721.3,80.302,1246.212,513.329,1206.42,270.379,1476.799,3.775,9086.924,1.457,9088.381,151746.716,200,256.51,315.825,23.17,0.004,11.617,4.835,8106.947,350,0.936,3924.5,14.4,1569.8,0,0,17.642,28.851,18.769,117.8,Burdekin,AyrDPI,Mulg,1960,Furrow,BareFallow,35,Surf1,200,110,LowFreq,0,P2R,15AprV1R4,T2,2811.3,2603.329,1326.514,1596.893,34.791,11.621,6.11413309650836,0.107781085983942,6.26657480314961,0.795855,29.59,999
1987,21/09/1987,264,1986,15-Apr,5,sugar,alive,2,396,1984,21/8/1986,105,0,7,325,1987,14,2046,6668.68,5919.78,5134.72,157.359,2887.37,,16598.364,6639.345,67.713,19.669,104.243,104.243,1.457,9086.924,9088.381,151746.716,0.73,21,2310,428.3,48.502,1183.563,349.818,1213.155,334.4,1547.554,5.643,9063.634,1.206,9064.84,150161.659,200,261.202,319.977,30.283,0.004,13.714,6.364,8337.152,350,0.945,4134,15.2,1653.6,0,0,18.229,29.611,19.722,44,Burdekin,AyrDPI,Mulg,1960,Furrow,BareFallow,35,Surf1,200,110,LowFreq,0,P2R,15AprV1R4,T2,2738.3,2659.818,1232.065,1566.465,44.001,13.718,5.9161566693661,0.101682396866281,5.70141304347826,0.786795,28.874,999
1988,20/10/1988,294,1987,15-Apr,5,sugar,alive,3,395,1984,21/9/1987,105,0,7,325,1988,14,2046,7059.2,6330.73,5400,166.61,3033.6,,16552.615,6621.046,72.678,19.496,62.924,62.924,1.206,9063.634,9064.84,150161.659,0.724,20,2200,967.6,109.884,1528.515,443.092,1227.843,298.827,1526.67,9.815,9049.62,1.422,9051.042,148299.821,200,255.188,318.359,31.745,0.005,11.607,6.544,8678.421,350,0.939,3987.8,14.6,1595.1,0,0,18.625,29.486,19.945,254,Burdekin,AyrDPI,Mulg,1960,Furrow,BareFallow,35,Surf1,200,110,LowFreq,0,P2R,15AprV1R4,T2,3167.6,2643.092,1638.399,1937.226,43.357,11.612,6.30360199342286,0.109132949491377,6.28716981132076,0.83305,30.336,999
1989,20/11/1989,324,1988,15-Apr,5,sugar,alive,4,396,1984,20/10/1988,105,0,7,325,1989,14,2046,6878.1,6162.83,5309.78,164.173,3011.48,,17492.882,6997.154,76.076,19.662,65.455,65.455,1.422,9049.62,9051.042,148299.821,0.72,18,1980,1397.6,283.204,1650.621,734.394,1133,311.004,1444.004,11.061,9020.438,2.21,9022.648,147225.491,200,255.193,338.811,50.936,0.031,8.142,9.883,8025.691,350,0.919,3595.5,13.2,1438.2,0,0,18.243,28.763,19.394,134.8,Burdekin,AyrDPI,Mulg,1960,Furrow,BareFallow,35,Surf1,200,110,LowFreq,0,P2R,15AprV1R4,T2,3377.6,2714.394,1933.825,2244.829,59.109,8.173,6.04823765451884,0.113692898357622,6.75609053497942,0.820865,30.115,999
1990,15/04/1990,105,0,15-Apr,5,none,out,-1,0,1984,0.000,105,0,7,325,-1,14,2046,0,0,0,0,0,,16386.838,6554.736,70.957,0,65.227,65.227,2.21,9020.438,9022.648,147225.491,0.716,0,0,834,81.239,389.199,409.977,0,170.618,170.618,0.905,9103.918,13.503,9117.421,148722.599,0,0,39.729,6.02,0.078,1.057,0.756,4565.82,350.082,0.572,1211.2,5.2,484.5,0,0,21.475,31.303,21.741,97.8,Burdekin,AyrDPI,Mulg,1960,Furrow,BareFallow,35,Surf1,200,110,LowFreq,0,P2R,15AprV1R4,T2,834,409.977,470.438,641.056,7.155,1.135,0,0,0,,0,999
1991,15/07/1991,196,1990,15-Apr,6,sugar,alive,0,456,1990,15/4/1990,105,0,0,318,1991,21,2039,8157.39,7369.68,6351.66,197.376,3431.49,,0,0,0,18.484,258.172,258.172,13.503,9103.918,9117.421,148722.599,0.716,20,2200,2108.4,579.038,2219.412,568.904,1345.362,346.014,1691.376,14.095,8950.022,2.292,8952.314,145647.342,200,359.284,408.869,36.591,0.277,13.857,7.131,6974.643,351.999,0.957,4481.8,16.5,1792.7,0,0,16.949,28.084,18.281,204.4,Burdekin,AyrDPI,Mulg,1960,Furrow,BareFallow,35,Surf1,200,110,LowFreq,0,P2R,15AprV1R4,T2,4308.4,2768.904,2798.45,3144.464,50.725,14.134,7.12830780698789,0.116695518914777,7.44815094339623,0.98688,34.315,999
1992,14/08/1992,227,1991,15-Apr,6,sugar,alive,1,396,1990,15/7/1991,105,0,0,318,1992,21,2039,7361.05,6553.47,5732.06,176.285,3304.72,,19158.298,7663.321,90.684,20.158,76.748,76.748,2.292,8950.022,8952.314,145647.342,0.707,19,2090,638.1,84.897,1091.834,397.015,1286.956,278.397,1565.353,3.285,8939.827,1.116,8940.943,145540.946,200,268.836,323.64,20.772,0.02,6.356,4.421,7044.527,353.691,0.95,4287.2,15.8,1714.9,0,0,17.478,29.202,20.58,122.8,Burdekin,AyrDPI,Mulg,1960,Furrow,BareFallow,35,Surf1,200,110,LowFreq,0,P2R,15AprV1R4,T2,2728.1,2487.015,1176.731,1455.128,27.148,6.376,7.0882161949164,0.112616770785887,6.94035433070866,0.881425,33.047,999
1993,14/09/1993,257,1992,15-Apr,6,sugar,alive,2,396,1990,14/8/1992,105,0,0,318,1993,21,2039,7542.94,6766.7,5866.97,181.333,3670.71,,17490.505,6996.202,72.348,21.999,62.765,62.765,1.116,8939.827,8940.943,145540.946,0.708,21,2310,509.4,60.596,1167.794,367.849,1292.15,279.822,1571.972,3.657,8936.836,1.332,8938.168,145467.867,200,262.153,316.157,21.742,0.012,7.505,4.611,7444.274,355.421,0.933,3859.3,14.2,1543.7,0,0,17.925,29.002,20.185,72,Burdekin,AyrDPI,Mulg,1960,Furrow,BareFallow,35,Surf1,200,110,LowFreq,0,P2R,15AprV1R4,T2,2819.4,2677.849,1228.39,1508.212,29.259,7.517,6.7715916767525,0.115353835818959,6.57003623188406,0.906665,36.707,999
1994,14/10/1994,287,1993,15-Apr,6,sugar,alive,3,395,1990,14/9/1993,105,0,0,318,1994,21,2039,7512.26,6752.78,5931.35,183.483,3688.69,,17526.119,7010.447,70.455,21.828,81.803,81.803,1.332,8936.836,8938.168,145467.867,0.705,22,2420,381.5,26.958,1193.119,291.935,1305.179,292.003,1597.182,4.152,8932.104,1.257,8933.361,145438.376,200,258.015,314.956,21.079,0.005,16.77,4.514,7540.684,357.185,0.951,4315.6,15.8,1726.2,0,0,17.917,29.25,20.662,46.8,Burdekin,AyrDPI,Mulg,1960,Furrow,BareFallow,35,Surf1,200,110,LowFreq,0,P2R,15AprV1R4,T2,2801.5,2711.935,1220.077,1512.08,37.854,16.775,6.76575950382292,0.11487920600157,6.39313588850174,0.917415,36.887,999
1995,14/11/1995,318,1994,15-Apr,6,sugar,alive,4,396,1990,14/10/1994,105,0,0,318,1995,21,2039,7777.11,6955.78,6136.27,189.506,3764.59,,17106,6842.401,70.013,21.534,66.044,66.044,1.257,8932.104,8933.361,145438.376,0.702,21,2310,544.9,128.354,1175.26,371.1,1272.564,279.898,1552.462,4.217,8926.349,1.361,8927.711,145328.225,200,265.048,321.565,25.885,0.025,8.12,5.281,7773.268,358.982,0.95,4286.3,15.7,1714.5,0,0,19.239,29.375,20.713,55.2,Burdekin,AyrDPI,Mulg,1960,Furrow,BareFallow,35,Surf1,200,110,LowFreq,0,P2R,15AprV1R4,T2,2854.9,2681.1,1303.614,1583.512,34.03,8.145,7.06821826862109,0.122068044177571,6.86615942028986,0.94753,37.646,999
1996,14/04/1996,105,0,15-Apr,6,none,out,-1,0,1990,0.000,105,0,0,318,-1,21,2039,0,0,0,0,0,,17590.468,7036.188,70.846,0,64.868,64.868,1.361,8926.349,8927.711,145328.225,0.698,0,0,439.4,42.305,177.795,257.482,0,156.723,156.723,0.207,9010.029,22.03,9032.058,147880.986,0,0,31.818,0.245,0.044,0.066,0.071,3925.535,359.682,0.728,1858.1,7.5,743.3,0,0,22.931,32.053,22.1,107,Burdekin,AyrDPI,Mulg,1960,Furrow,BareFallow,35,Surf1,200,110,LowFreq,0,P2R,15AprV1R4,T2,439.4,257.482,220.1,376.823,0.355,0.11,0,0,0,,0,999
1997,14/07/1997,195,1996,15-Apr,7,sugar,alive,0,456,1996,14/4/1996,105,0,0,318,1997,21,2039,9830.74,8887.83,7779.1,242.138,4580.35,,0,0,0,20.367,127.445,127.445,22.03,9010.029,9032.058,147880.986,0.697,21,2310,982.2,182.206,1369.617,535.19,1439.801,346.661,1786.461,6.214,8894.065,2.03,8896.095,144056.536,200,356.504,382.179,22.902,0.066,9.291,4.922,8472.833,361.813,0.978,5442.4,20,2177,0,0,18.701,28.609,19.693,116.8,Burdekin,AyrDPI,Mulg,1960,Furrow,BareFallow,35,Surf1,200,110,LowFreq,0,P2R,15AprV1R4,T2,3292.2,2845.19,1551.823,1898.484,32.259,9.357,8.51043339812104,0.135540602341725,8.77311594202899,1.21069,45.804,999
1998,14/08/1998,226,1997,15-Apr,7,sugar,alive,1,396,1996,14/7/1997,105,0,0,318,1998,21,2039,6858.27,6076.02,5430.84,166.786,3056.32,,22064.943,8825.978,90.128,19.639,81.361,81.361,2.03,8894.065,8896.095,144056.536,0.691,18,1980,943.5,148.035,1469.805,460.451,1013.731,283.041,1296.771,4.332,8897.803,1.371,8899.174,143690.58,200,258.656,316.764,18.957,0.054,7.884,4.024,8064.746,363.697,0.916,3544,13,1417.6,0,0,19.78,28.54,19.348,189.6,Burdekin,AyrDPI,Mulg,1960,Furrow,BareFallow,35,Surf1,200,110,LowFreq,0,P2R,15AprV1R4,T2,2923.5,2440.451,1617.84,1900.881,26.895,7.938,6.83422859135463,0.128616386393588,6.86362139917695,0.83393,30.563,999
1999,14/09/1999,257,1998,15-Apr,7,sugar,alive,2,396,1996,14/8/1998,105,0,0,318,1999,21,2039,7694.89,6912.28,6055.02,187.31,3619.38,,15145.607,6058.243,57.52,20.867,90.25,90.25,1.371,8897.803,8899.174,143690.58,0.692,20,2200,1157.8,253.645,1648.156,677.255,1170.689,294.822,1465.512,6.893,8887.13,1.221,8888.351,143197.778,200,248.894,318.531,40.825,0.111,8.427,8.046,7740.477,365.614,0.939,3995.1,14.6,1598,0,0,19.672,28.665,19.051,112,Burdekin,AyrDPI,Mulg,1960,Furrow,BareFallow,35,Surf1,200,110,LowFreq,0,P2R,15AprV1R4,T2,3357.8,2877.255,1901.801,2196.623,49.363,8.538,6.51002431136622,0.127811986527575,7.06830188679245,0.93655,36.194,999
2000,13/10/2000,287,1999,15-Apr,7,sugar,alive,3,395,1996,14/9/1999,105,0,0,318,2000,21,2039,7150.79,6420.03,5685.91,175.916,3395.31,,17334.808,6933.922,67.633,20.84,80.737,80.737,1.221,8887.13,8888.351,143197.778,0.689,18,1980,1485.1,367.797,1785.92,614.8,1066.652,269.139,1335.791,7.749,8895.663,1.336,8896.999,142996.097,200,242.018,303.531,28.718,0.095,9.517,5.789,7572.459,367.562,0.949,4244.2,15.6,1697.7,0,0,18.806,28.308,19.755,136,Burdekin,AyrDPI,Mulg,1960,Furrow,BareFallow,35,Surf1,200,110,LowFreq,0,P2R,15AprV1R4,T2,3465.1,2594.8,2153.717,2422.856,38.33,9.612,6.77955911823647,0.131694254565273,7.23934156378601,0.87958,33.953,999
2001,13/11/2001,317,2000,15-Apr,7,sugar,alive,4,396,1996,13/10/2000,105,0,0,318,2001,21,2039,7040.9,6273.1,5573.67,172.378,3535.11,,16059.054,6423.621,64.967,22.325,56.329,56.329,1.336,8895.663,8896.999,142996.097,0.687,21,2310,561.7,120.496,1180.204,417.116,1219.397,357.818,1577.215,7.707,8870.022,1.79,8871.812,141945.787,200,252.747,331.819,52.602,0.086,6.033,10.305,8068.98,369.549,0.932,3838.7,14.1,1535.5,0,0,18.326,29.448,20.344,52,Burdekin,AyrDPI,Mulg,1960,Furrow,BareFallow,35,Surf1,200,110,LowFreq,0,P2R,15AprV1R4,T2,2871.7,2727.116,1300.7,1658.518,58.721,6.119,6.32088990714,0.109292645580977,6.24557971014493,0.86189,35.351,999
2002,15/04/2002,105,0,15-Apr,7,none,out,-1,0,1996,0.000,105,0,0,318,-1,21,2039,0,0,0,0,0,,15734.314,6293.726,66.34,0,50.113,50.113,1.79,8870.022,8871.812,141945.787,0.683,0,0,709.6,47.633,417.96,290.509,0,146.281,146.281,0.682,8959.564,12.69,8972.254,144223.682,0,0,20.143,0.272,0.085,0.117,0.049,3647.592,370.333,0.716,1796.7,7.6,718.7,0,0,22.761,32.867,22.92,206,Burdekin,AyrDPI,Mulg,1960,Furrow,BareFallow,35,Surf1,200,110,LowFreq,0,P2R,15AprV1R4,T2,709.6,290.509,465.593,611.874,0.474,0.202,0,0,0,,0,999
2003,15/07/2003,196,2002,15-Apr,8,sugar,alive,0,456,2002,15/4/2002,105,0,0,318,2003,21,2039,8490.28,7574.43,6666.96,205.76,3974.52,,0,0,0,20.859,147.84,147.84,12.69,8959.564,8972.254,144223.682,0.683,22,2420,540.4,108.438,1159.055,348.375,1441.837,335.296,1777.132,4.242,8830.154,2.005,8832.159,139286.89,200,359.481,395.363,20.336,0.117,10.338,4.45,9335.558,372.685,0.972,5093.6,18.7,2037.5,0,0,17.497,29.369,20.058,51,Burdekin,AyrDPI,Mulg,1960,Furrow,BareFallow,35,Surf1,200,110,LowFreq,0,P2R,15AprV1R4,T2,2960.4,2768.375,1267.493,1602.789,30.791,10.455,7.4325190770759,0.115782057832508,7.16933797909408,1.0288,39.745,999
2004,14/08/2004,227,2003,15-Apr,8,sugar,alive,1,396,2002,15/7/2003,105,0,0,318,2004,21,2039,7486.14,6661.69,5834.86,179.327,3449.15,,19827.861,7931.144,87.757,20.758,63.616,63.616,2.005,8830.154,8832.159,139286.89,0.677,19,2090,730.8,59.526,1172.871,393.82,1310.081,274.387,1584.468,3.645,8819.231,1.133,8820.364,137844.993,200,270.813,326.059,20.758,0.036,5.669,4.408,8583.703,374.756,0.949,4253.9,15.6,1701.6,0,0,18.173,29.68,20.405,173.2,Burdekin,AyrDPI,Mulg,1960,Furrow,BareFallow,35,Surf1,200,110,LowFreq,0,P2R,15AprV1R4,T2,2820.8,2483.82,1232.397,1506.784,26.463,5.705,7.21980658823908,0.113178050929397,7.06011811023622,0.896635,34.492,999
2005,14/09/2005,257,2004,15-Apr,8,sugar,alive,2,396,2002,14/8/2004,105,0,0,318,2005,21,2039,7468.31,6681.3,5767.34,177.271,3559.81,,17651.723,7060.689,71.526,21.8,67.551,67.551,1.133,8819.231,8820.364,137844.993,0.679,20,2200,741.5,29.227,1326.966,332.156,1305.508,275.174,1580.682,5.323,8808.384,1.188,8809.573,136294.549,200,274.034,326.998,18.621,0.02,7.665,4.043,9023.734,376.868,0.954,4390.6,16.1,1756.3,0,0,18.136,29.487,20.28,143.4,Burdekin,AyrDPI,Mulg,1960,Furrow,BareFallow,35,Surf1,200,110,LowFreq,0,P2R,15AprV1R4,T2,2941.5,2532.156,1356.193,1631.367,26.306,7.685,7.00079300011532,0.112148427071353,6.68947169811321,0.886355,35.598,999
2006,14/10/2006,287,2005,15-Apr,8,sugar,alive,3,395,2002,14/9/2005,105,0,0,318,2006,21,2039,7393.91,6646.32,5731.22,176.71,3280.15,,18190.281,7276.113,74.805,19.932,72.177,72.177,1.188,8808.384,8809.573,136294.549,0.676,20,2200,921,156.379,1460.677,474.238,1231.656,274.573,1506.228,6.098,8801.925,1.202,8803.127,134779.66,200,266.557,324.398,23.874,0.096,7.847,4.952,9047.599,379.015,0.956,4459.8,16.4,1783.9,0,0,18.775,29.419,19.891,178.4,Burdekin,AyrDPI,Mulg,1960,Furrow,BareFallow,35,Surf1,200,110,LowFreq,0,P2R,15AprV1R4,T2,3121,2674.238,1617.056,1891.629,31.817,7.943,6.60786362320781,0.117319555870692,6.66830188679245,0.88355,32.802,999
2007,14/11/2007,318,2006,15-Apr,8,sugar,alive,4,396,2002,14/10/2006,105,0,0,318,2007,21,2039,7583.7,6770.82,5985.9,184.702,3687.17,,17923.748,7169.499,75.016,21.654,69.892,69.892,1.202,8801.925,8803.127,134779.66,0.674,20,2200,955.1,242.473,1414.279,475.791,1262.72,249.631,1512.351,4.588,8798.156,1.464,8799.62,133202.34,200,265.905,322.399,22.866,0.093,7.63,4.788,9117.563,381.199,0.956,4462.3,16.4,1784.9,0,0,18.14,28.848,20.087,130.2,Burdekin,AyrDPI,Mulg,1960,Furrow,BareFallow,35,Surf1,200,110,LowFreq,0,P2R,15AprV1R4,T2,3155.1,2675.791,1656.752,1906.383,30.589,7.723,6.9027065267803,0.122129056019403,6.96988679245283,0.92351,36.872,999
2008,14/04/2008,105,0,15-Apr,8,none,out,-1,0,2002,0.000,105,0,0,318,-1,21,2039,0,0,0,0,0,,17374.334,6949.734,74.399,0,55.889,55.889,1.464,8798.156,8799.62,133202.34,0.672,0,0,1182.4,350.627,516.071,487.59,0,211.818,211.818,0.723,8894.28,9.568,8903.848,135680.32,0,0,19.904,0.806,0.512,0.227,0.074,3949.882,382.048,0.69,1675,7.2,670,0,0,22.044,31.03,20.031,108.2,Burdekin,AyrDPI,Mulg,1960,Furrow,BareFallow,35,Surf1,200,110,LowFreq,0,P2R,15AprV1R4,T2,1182.4,487.59,866.698,1078.516,1.545,0.739,0,0,0,,0,999
2009,14/07/2009,195,2008,15-Apr,9,sugar,alive,0,456,2008,14/4/2008,105,0,0,318,2009,21,2039,7942.02,7112.44,6203.8,191.615,3376.82,,0,0,0,18.776,159.773,159.773,9.568,8894.28,8903.848,135680.32,0.674,18,1980,1896.9,435.064,1954.306,648.857,1278.451,301.363,1579.814,9.409,8725.825,2.751,8728.576,130458.37,200,374.377,425.821,32.183,3.415,12.428,6.53,9342.401,384.628,0.965,4807.2,17.6,1922.9,0,0,17.681,28.658,18.107,197.2,Burdekin,AyrDPI,Mulg,1960,Furrow,BareFallow,35,Surf1,200,110,LowFreq,0,P2R,15AprV1R4,T2,3876.9,2628.857,2389.37,2690.733,48.026,15.843,7.28890921035264,0.121289594851039,7.88539094650206,0.958075,33.768,999
2010,15/08/2010,227,2009,15-Apr,9,sugar,alive,1,397,2008,14/7/2009,105,0,1,318,2010,20,2039,7486.44,6704.29,5761.54,177.545,3035.34,,18860.986,7544.395,88.423,18.128,67.489,67.489,2.751,8725.825,8728.576,130458.37,0.667,19,2090,1122.7,187.078,1468.096,536.271,1240.365,261.995,1502.36,5.747,8691.039,1.545,8692.584,130006.234,200,290.481,347.341,23.392,0.452,6.799,4.928,7374.817,386.909,0.935,3912.9,14.4,1565.2,0,0,18.369,29.252,18.952,135.2,Burdekin,AyrDPI,Mulg,1960,Furrow,BareFallow,35,Surf1,200,110,LowFreq,0,P2R,15AprV1R4,T2,3212.7,2626.271,1655.174,1917.169,30.643,7.251,6.76034575258989,0.118177400889268,6.98996062992126,0.887725,30.353,999
2011,15/09/2011,258,2010,15-Apr,9,sugar,alive,2,396,2008,15/8/2010,105,0,1,319,2011,20,2040,7200.24,6480.85,5637.41,174.704,3309.66,,17987.588,7195.035,76.719,20.402,122.655,122.655,1.545,8691.039,8692.584,130006.234,0.669,15,1650,1415.7,216.003,1462.42,801.255,1139.54,312.838,1452.378,9.887,8688.923,1.103,8690.025,130129.294,200,243.3,303.75,29.457,0.37,16.544,6.022,6982.498,389.221,0.936,3930.2,14.4,1572.1,0,0,18.099,28.358,17.742,81.4,Burdekin,AyrDPI,Mulg,1960,Furrow,BareFallow,35,Surf1,200,110,LowFreq,0,P2R,15AprV1R4,T2,3065.7,2451.255,1678.423,1991.261,46.371,16.914,7.1271246769512,0.120288244520366,8.3192380952381,0.87352,33.097,999
2012,14/10/2012,288,2011,15-Apr,9,sugar,alive,3,395,2008,15/9/2011,105,0,1,319,2012,20,2040,7536.57,6786.51,5903.9,182.616,3504.84,,16624.76,6649.904,70.644,20.707,57.554,57.554,1.103,8688.923,8690.025,130129.294,0.667,18,1980,1154.8,225.617,1397.627,602.815,1240.903,264.656,1505.559,6.517,8685.288,1.184,8686.472,130091.308,200,255.338,315.322,28.139,0.11,8.325,5.713,7247.961,391.564,0.958,4511.8,16.6,1804.7,0,0,18.088,28.804,19.379,197.4,Burdekin,AyrDPI,Mulg,1960,Furrow,BareFallow,35,Surf1,200,110,LowFreq,0,P2R,15AprV1R4,T2,3134.8,2582.815,1623.244,1887.9,36.574,8.435,7.07042509819712,0.121294482647309,7.51506172839506,0.91308,35.048,999
2013,14/11/2013,318,2012,15-Apr,9,sugar,alive,4,396,2008,14/10/2012,105,0,1,319,2013,20,2040,7643.08,6783.54,6005.02,184.691,3592.68,,17712.758,7085.105,75.247,21.026,63.551,63.551,1.184,8685.288,8686.472,130091.308,0.664,21,2310,546.6,14.479,1262.482,338.251,1311.943,265.557,1577.5,4.896,8676.953,1.612,8678.565,129907.663,200,272.955,326.841,19.674,0.006,8.136,4.197,7785.418,393.95,0.958,4535,16.6,1814,0,0,18.53,29.572,20.609,178.6,Burdekin,AyrDPI,Mulg,1960,Furrow,BareFallow,35,Surf1,200,110,LowFreq,0,P2R,15AprV1R4,T2,2856.6,2648.251,1276.961,1542.518,27.816,8.142,6.97407458734085,0.117078288431062,6.69170289855073,0.923455,35.927,999
2014,17/04/2014,107,0,15-Apr,9,none,out,-1,0,2008,0.000,107,2,1,321,-1,19,2040,0,0,0,0,0,,17778.298,7111.319,74.529,0,65.691,65.691,1.612,8676.953,8678.565,129907.663,0.663,0,0,632.6,24.34,254.778,370.64,0,200.116,200.116,0.725,8771.389,12.483,8783.873,132355.157,0,0,36.52,1.813,0.032,1.321,0.292,4264.301,394.896,0.526,1065.7,4.5,426.3,0,0,21.992,31.178,20.601,86.2,Burdekin,AyrDPI,Mulg,1960,Furrow,BareFallow,35,Surf1,200,110,LowFreq,0,P2R,15AprV1R4,T2,632.6,370.64,279.118,479.234,3.166,1.353,0,0,0,,0,999
2015,17/07/2015,198,2014,15-Apr,10,sugar,alive,0,456,2014,17/4/2014,107,2,0,320,2015,19,2039,8570.73,7663.7,6715.88,207.569,4051.62,,0,0,0,21.109,219.059,219.059,12.483,8771.389,8783.873,132355.157,0.664,23,2530,448.8,123.097,1182.449,268.796,1458.605,351.433,1810.039,7.167,8616.442,2.055,8618.497,128679.728,200,371.363,411.961,28.549,0.728,11.342,5.963,7744.595,397.712,0.969,4985.5,18.3,1994.2,0,0,17.752,29.33,19.661,83.4,Burdekin,AyrDPI,Mulg,1960,Furrow,BareFallow,35,Surf1,200,110,LowFreq,0,P2R,15AprV1R4,T2,2978.8,2798.796,1305.546,1656.979,40.619,12.07,7.41636760950066,0.114676534594006,6.96540268456376,1.037845,40.516,999
2016,16/08/2016,229,2015,15-Apr,10,sugar,alive,1,396,2014,17/7/2015,107,2,0,320,2016,19,2039,7385.41,6557.83,5751.39,176.456,3344.84,,20003.936,8001.573,88.408,20.415,82.275,82.275,2.055,8616.442,8618.497,128679.728,0.655,20,2200,523.6,85.756,1067.437,383.888,1296.616,265.932,1562.548,2.485,8614.044,1.061,8615.106,128836.869,200,264.895,319.98,19.348,0.169,5.833,4.111,7074.051,400.186,0.947,4207.9,15.5,1683.2,0,0,18.819,29.827,19.384,43.6,Burdekin,AyrDPI,Mulg,1960,Furrow,BareFallow,35,Surf1,200,110,LowFreq,0,P2R,15AprV1R4,T2,2723.6,2583.888,1153.193,1419.125,25.35,6.002,6.82908856730632,0.112928370840448,6.65871698113208,0.88228,33.448,999
2017,16/09/2017,259,2016,15-Apr,10,sugar,alive,2,396,2014,16/8/2016,107,2,0,320,2017,19,2039,7064.44,6293.09,5431.69,166.875,3050.43,,17465.906,6986.364,68.598,19.584,90.134,90.134,1.061,8614.044,8615.106,128836.869,0.658,19,2090,873.2,105.125,1337.155,497.757,1252.759,290.254,1543.012,6.213,8610.587,1.129,8611.716,128873.211,200,256.856,310.334,24.063,0.039,8.726,4.997,7157.323,402.705,0.944,4117,15.1,1646.8,0,0,18.663,29.889,18.144,107.8,Burdekin,AyrDPI,Mulg,1960,Furrow,BareFallow,35,Surf1,200,110,LowFreq,0,P2R,15AprV1R4,T2,2963.2,2587.757,1442.28,1732.534,32.828,8.765,6.44863486022838,0.108148867280358,6.56988188976378,0.834375,30.504,999
2018,16/10/2018,289,2017,15-Apr,10,sugar,alive,3,395,2014,16/9/2017,107,2,0,320,2018,19,2039,7023.51,6311.62,5418.64,167.457,3153.7,,17377.811,6951.125,71.756,20.264,68.041,68.041,1.129,8610.587,8611.716,128873.211,0.655,21,2310,722.5,176.05,1339.891,384.668,1251.402,263.734,1515.136,6.956,8605.882,1.358,8607.241,128768.899,200,244.254,318.715,39.234,0.069,8.302,7.7,7239.436,405.261,0.927,3745.1,13.7,1498,0,0,18.071,29.621,18.354,130.4,Burdekin,AyrDPI,Mulg,1960,Furrow,BareFallow,35,Surf1,200,110,LowFreq,0,P2R,15AprV1R4,T2,3032.5,2694.668,1515.941,1779.675,47.605,8.371,6.21438336745009,0.110522751752978,6.06728260869565,0.837285,31.537,999
2019,16/11/2019,320,2018,15-Apr,10,sugar,alive,4,396,2014,16/10/2018,107,2,0,320,2019,19,2039,6597.17,5907.06,5041.11,155.468,2890.32,,16824.673,6729.871,69.545,19.967,69.465,69.465,1.358,8605.882,8607.241,128768.899,0.653,20,2200,1183.8,394.75,1590.515,448.526,1130.358,273.386,1403.744,6.015,8597.616,1.589,8599.205,128614.643,200,241.994,315.746,42.232,0.152,8.408,8.282,7051.895,407.856,0.918,3569.5,13.1,1427.8,0,0,18.556,29.691,17.571,92.8,Burdekin,AyrDPI,Mulg,1960,Furrow,BareFallow,35,Surf1,200,110,LowFreq,0,P2R,15AprV1R4,T2,3383.8,2648.526,1985.265,2258.651,50.792,8.56,5.86998202018783,0.110752387899788,5.86671698113208,0.77734,28.903,999
2020,14/04/2020,105,0,15-Apr,10,none,out,-1,0,2014,0.000,105,0,0,320,-1,19,2039,0,0,0,0,0,,16260.553,6504.222,69.784,0,64.257,64.257,1.589,8597.616,8599.205,128614.643,0.651,0,0,828,120.637,459.325,335.812,0,163.077,163.077,0.53,8687.034,9.584,8696.617,131191.884,0,0,17.118,0.411,0.11,0.182,0.049,3110.416,408.85,0.744,1947.4,8.4,779,0,0,22.748,32.54,20.701,327.8,Burdekin,AyrDPI,Mulg,1960,Furrow,BareFallow,35,Surf1,200,110,LowFreq,0,P2R,15AprV1R4,T2,828,335.812,579.962,743.039,0.703,0.292,0,0,0,,0,999
2021,14/07/2021,195,2020,15-Apr,11,sugar,alive,0,456,2020,14/4/2020,105,0,0,318,2021,21,2039,7806.92,6989.58,6064.77,187.431,3385.38,,0,0,0,19.316,149.219,149.219,9.584,8687.034,8696.617,131191.884,0.652,20,2200,1238.2,325.776,1588.977,540.295,1262.272,323.007,1585.279,7.986,8559.846,2.08,8561.926,127764.543,200,334.004,386.158,30.263,0.871,17.012,6.133,7600.832,411.908,0.952,4348.6,16,1739.5,0,0,18.324,28.888,16.427,132.4,Burdekin,AyrDPI,Mulg,1960,Furrow,BareFallow,35,Surf1,200,110,LowFreq,0,P2R,15AprV1R4,T2,3438.2,2740.295,1914.753,2237.76,48.146,17.883,6.8398110422418,0.118232184997089,7.0728679245283,0.937155,33.854,999
1961,15/04/1961,105,0,15-Apr,0,none,out,-1,0,-1,0.000,105,0,0,318,-1,21,2039,0,0,0,0,0,,0,0,0,0,0,0,0,0,0,0,0.89,0,0,356.6,0,169.312,187.288,0,145.244,145.244,7.686,9502.806,38.791,9541.597,141809.239,0,0,37.056,1.808,0,0.521,0.325,1002.704,350,0.019,27,0.1,10.8,0,0,20.264,30.936,22.36,63.2,Burdekin,AyrDPI,Mulg,1961,Furrow,BareFallow,35,Surf1,200,110,LowFreq,0,P2R,15AprV1R4,T2,356.6,187.288,169.312,314.556,2.329,0.521,0,0,0,,0,999
1962,15/07/1962,196,1961,15-Apr,1,sugar,alive,0,456,1961,15/4/1961,105,0,0,318,1962,21,2039,7846.15,7047.61,6059.17,187.381,3384.38,,0,0,0,19.316,71.594,71.594,38.791,9502.806,9541.597,141809.239,0.884,20,2200,968.6,64.541,1371.765,666.039,1368.429,364.014,1732.443,22.087,9420.164,0.769,9420.933,141313.664,200,313.5,323.756,28.834,0,14.883,6.142,3587.043,350,0.976,5304.5,19.4,2121.8,0,0,16.561,28.834,19.605,102.1,Burdekin,AyrDPI,Mulg,1961,Furrow,BareFallow,35,Surf1,200,110,LowFreq,0,P2R,15AprV1R4,T2,3168.6,2866.039,1436.306,1800.32,43.717,14.883,6.53797802472332,0.108159979866581,7.07098113207547,0.936905,33.844,999
1963,18/08/1963,230,1962,15-Apr,1,sugar,alive,1,399,1961,15/7/1962,105,0,3,318,1963,18,2039,6614.44,5920.22,5096.06,156.729,2835.36,,19698.115,7879.245,94.02,19.352,71.445,71.445,0.769,9420.164,9420.933,141313.664,0.867,18,1980,1163.8,259.448,1362.199,670.294,1210.505,264.502,1475.007,4.044,9435.139,1.058,9436.197,142198.515,200,233.196,294.967,24.421,0.001,6.355,5.035,5734.369,350,0.932,3839.7,14.1,1535.9,0,0,17.096,28.908,18.959,91.9,Burdekin,AyrDPI,Mulg,1961,Furrow,BareFallow,35,Surf1,200,110,LowFreq,0,P2R,15AprV1R4,T2,3143.8,2650.294,1621.647,1886.149,30.777,6.356,5.91364580684256,0.106256444884668,6.44975308641975,0.783645,28.354,999
1964,17/09/1964,261,1963,15-Apr,1,sugar,alive,2,396,1961,18/8/1963,105,0,3,321,1964,18,2042,6514.84,5738.35,5010.52,152.375,2747.39,,16169.995,6467.999,65.998,19.277,118.592,118.592,1.058,9435.139,9436.197,142198.515,0.865,19,2090,554.3,64.715,1166.182,408.656,1223.667,254.18,1477.847,2.753,9418.204,1.061,9419.265,143052.87,200,263.428,316.75,20.327,0,14.461,4.302,5932.59,350,0.96,4597.1,16.9,1838.8,0,0,17.294,29.464,19.826,92.7,Burdekin,AyrDPI,Mulg,1961,Furrow,BareFallow,35,Surf1,200,110,LowFreq,0,P2R,15AprV1R4,T2,2644.3,2498.656,1230.897,1485.077,34.788,14.461,6.09827843448638,0.103106072550135,5.9990157480315,0.761875,27.474,999
1965,17/10/1965,290,1964,15-Apr,1,sugar,alive,3,395,1961,17/9/1964,105,0,3,321,1965,18,2042,6977.95,6291.78,5346.12,165.685,3011.29,,16694.186,6677.675,74.166,19.455,54.147,54.147,1.061,9418.204,9419.265,143052.87,0.857,20,2200,832.9,115.258,1366.449,451.175,1226.105,314.99,1541.095,7.713,9388.092,1.312,9389.404,143737.931,200,265.01,330.731,36.847,0,11.001,7.582,5968.763,350,0.925,3706.7,13.6,1482.7,0,0,17.504,29.121,19.961,107.4,Burdekin,AyrDPI,Mulg,1961,Furrow,BareFallow,35,Surf1,200,110,LowFreq,0,P2R,15AprV1R4,T2,3032.9,2651.175,1481.707,1796.697,47.848,11.001,6.24949314926401,0.107511217673148,6.2522641509434,0.828425,30.113,999
1966,20/11/1966,324,1965,15-Apr,1,sugar,alive,4,399,1961,17/10/1965,105,0,6,321,1966,15,2042,7019.41,6256.48,5366.63,165.41,3164.37,,17021.232,6808.494,79.979,20.63,64.246,64.246,1.312,9388.092,9389.404,143737.931,0.848,23,2530,469.4,94.415,1407.657,345.526,1173.625,288.662,1462.287,6.346,9361.271,1.841,9363.111,144564.659,200,257.064,334.835,45.02,0.001,10.945,8.894,6080.662,350,0.93,3800.9,14,1520.4,0,0,18.203,29.07,19.83,102.9,Burdekin,AyrDPI,Mulg,1961,Furrow,BareFallow,35,Surf1,200,110,LowFreq,0,P2R,15AprV1R4,T2,2999.4,2875.526,1502.072,1790.734,55.966,10.946,5.75233887643513,0.113117329224701,5.5506711409396,0.82705,31.644,999
1967,15/04/1967,105,0,15-Apr,1,none,out,-1,0,1961,0.000,105,0,6,324,-1,15,2045,0,0,0,0,0,,17279.421,6911.769,75.288,0,99.289,99.289,1.841,9361.271,9363.111,144564.659,0.839,0,0,493.9,42.326,227.443,260.659,0,171.489,171.489,0.368,9442.57,19.375,9461.944,147352.091,0,0,34.048,1.224,0.001,0.389,0.134,3289.943,350,0.638,1453.1,6.3,581.2,0,0,21.476,31.313,21.477,154.9,Burdekin,AyrDPI,Mulg,1961,Furrow,BareFallow,35,Surf1,200,110,LowFreq,0,P2R,15AprV1R4,T2,493.9,260.659,269.769,441.258,1.614,0.39,0,0,0,,0,999
1968,14/07/1968,196,1967,15-Apr,2,sugar,alive,0,456,1967,15/4/1967,105,0,0,318,1968,21,2039,8492.76,7623.73,6649.79,205.917,3763.69,,0,0,0,19.582,151.932,151.932,19.375,9442.57,9461.944,147352.091,0.838,20,2200,1672.1,392.398,1861.02,665.659,1351.616,344.027,1695.643,9.79,9316.038,1.739,9317.777,145419.014,200,327.722,382.493,48.014,0.005,15.906,9.592,6064.375,350,0.968,4938.3,18.1,1975.3,0,0,17.786,28.252,19.122,187.9,Burdekin,AyrDPI,Mulg,1961,Furrow,BareFallow,35,Surf1,200,110,LowFreq,0,P2R,15AprV1R4,T2,3872.1,2865.659,2253.418,2597.445,63.925,15.911,7.18567701181473,0.121438887784752,7.77045283018868,1.029585,37.637,999
1969,14/08/1969,226,1968,15-Apr,2,sugar,alive,1,396,1967,14/7/1968,105,0,0,318,1969,21,2039,6667.78,5942.16,5074.78,155.785,2898.61,,19862.757,7945.104,88.418,19.986,74.972,74.972,1.739,9316.038,9317.777,145419.014,0.824,22,2420,219.9,56.674,1056.13,181.912,1237.865,283.138,1521.004,2.629,9296.712,1.253,9297.965,145966.114,200,267.169,325.663,26.986,0.001,6.264,5.569,6286.189,350,0.923,3662.7,13.5,1465.1,0,0,17.324,29.16,19.914,46.5,Burdekin,AyrDPI,Mulg,1961,Furrow,BareFallow,35,Surf1,200,110,LowFreq,0,P2R,15AprV1R4,T2,2639.9,2601.912,1112.804,1395.942,33.251,6.265,5.98732778049373,0.102422478836348,5.42804878048781,0.778925,28.986,999
1970,14/09/1970,257,1969,15-Apr,2,sugar,alive,2,396,1967,14/8/1969,105,0,0,318,1970,21,2039,7193.41,6438.57,5496.11,168.748,3163.39,,16653.873,6661.549,69.402,20.158,81.066,81.066,1.253,9296.712,9297.965,145966.114,0.82,20,2200,670.4,49.534,1233.359,396.938,1317.759,279.24,1596.999,4.647,9273.372,1.162,9274.535,146736.574,200,272.831,332.615,28.74,0.001,8.308,5.937,6351.719,350,0.947,4204.7,15.4,1681.9,0,0,17.523,29.383,20.581,133.6,Burdekin,AyrDPI,Mulg,1961,Furrow,BareFallow,35,Surf1,200,110,LowFreq,0,P2R,15AprV1R4,T2,2870.4,2596.938,1282.893,1562.133,37.049,8.309,6.4979602901571,0.105665689208321,6.36784905660377,0.84374,31.634,999
1971,14/10/1971,287,1970,15-Apr,2,sugar,alive,3,395,1967,14/9/1970,105,0,0,318,1971,21,2039,7212.21,6481.3,5555.93,171.476,3099.58,,18001.026,7200.41,77.336,19.333,71.574,71.574,1.162,9273.372,9274.535,146736.574,0.813,18,1980,1222.9,116.14,1558.569,695.523,1247.747,286.62,1534.367,7.395,9264.584,1.184,9265.768,147797.781,200,255.516,319.11,31.603,0.001,10.751,6.458,6173.53,350,0.947,4187.9,15.4,1675.1,0,0,17.746,28.818,19.76,220,Burdekin,AyrDPI,Mulg,1961,Furrow,BareFallow,35,Surf1,200,110,LowFreq,0,P2R,15AprV1R4,T2,3202.9,2675.523,1674.709,1961.329,42.355,10.752,6.40906469501477,0.111756835229121,7.05662551440329,0.85738,30.996,999
1972,13/11/1972,318,1971,15-Apr,2,sugar,alive,4,396,1967,14/10/1971,105,0,0,318,1972,21,2039,6995.38,6282.95,5421.06,167.817,3186.8,,17638.072,7055.229,77.014,20.457,65.398,65.398,1.184,9264.584,9265.768,147797.781,0.806,20,2200,1329.1,330.056,1663.264,449.623,1251.41,296.259,1547.669,6.144,9258.317,1.474,9259.791,148558.923,200,245.219,317.487,38.962,0.088,9.456,7.657,6314.594,350,0.933,3862.2,14.2,1544.9,0,0,16.944,28.986,20.231,206.2,Burdekin,AyrDPI,Mulg,1961,Furrow,BareFallow,35,Surf1,200,110,LowFreq,0,P2R,15AprV1R4,T2,3529.1,2649.623,1993.32,2289.579,48.506,9.544,6.33361802792322,0.108432100145445,6.33271698113208,0.839085,31.868,999
1973,15/04/1973,105,0,15-Apr,2,none,out,-1,0,1967,0.000,105,0,0,318,-1,21,2039,0,0,0,0,0,,16664.603,6665.842,75.309,0,53.509,53.509,1.474,9258.317,9259.791,148558.923,0.8,0,0,912.7,211.332,343.712,468.611,0,202.357,202.357,0.482,9355.71,4,9359.71,152004.887,0,0,14.606,0.636,0.01,0.143,0.054,2648.324,350,0.647,1489.5,6.7,595.8,0,0,21.686,30.85,20.736,108.5,Burdekin,AyrDPI,Mulg,1961,Furrow,BareFallow,35,Surf1,200,110,LowFreq,0,P2R,15AprV1R4,T2,912.7,468.611,555.044,757.401,0.789,0.153,0,0,0,,0,999
1974,15/07/1974,196,1973,15-Apr,3,sugar,alive,0,456,1973,15/4/1973,105,0,0,318,1974,21,2039,7707.16,6909.06,6030.45,186.236,3266.14,,0,0,0,18.671,208.809,208.809,4,9355.71,9359.71,152004.887,0.802,16,1760,2113.6,622.633,1829.454,856.497,1216.073,346.776,1562.849,13.581,9241.037,1.87,9242.907,149104.745,200,320.349,364.591,28.908,0.011,13.417,6.011,6875.073,350,0.964,4768.2,17.5,1907.3,0,0,17.929,28.237,17.62,152.9,Burdekin,AyrDPI,Mulg,1961,Furrow,BareFallow,35,Surf1,200,110,LowFreq,0,P2R,15AprV1R4,T2,3873.6,2616.497,2452.087,2798.863,42.336,13.428,7.11776088411338,0.119164423434382,8.42696832579185,0.93118,32.661,999
1975,15/08/1975,227,1974,15-Apr,3,sugar,alive,1,396,1973,15/7/1974,105,0,0,318,1975,21,2039,7117.8,6335.27,5469.89,168.19,3032.26,,18304.977,7321.99,90.186,19.275,67.473,67.473,1.87,9241.037,9242.907,149104.745,0.79,18,1980,723.8,116.303,1065.903,504.135,1206.288,301.882,1508.17,5.683,9218.31,1.588,9219.898,149096.359,200,265.784,323.652,30.515,0.003,6.399,6.25,6570.007,350,0.935,3912.7,14.4,1565.1,0,0,17.665,28.665,19.674,65,Burdekin,AyrDPI,Mulg,1961,Furrow,BareFallow,35,Surf1,200,110,LowFreq,0,P2R,15AprV1R4,T2,2703.8,2484.135,1182.206,1484.088,36.917,6.402,6.77056601191159,0.111519258439035,6.92139917695473,0.84095,30.323,999
1976,14/09/1976,258,1975,15-Apr,3,sugar,alive,2,396,1973,15/8/1975,105,0,0,318,1976,21,2039,6278.12,5625.21,4868.93,150.187,2812.55,,17333.043,6933.217,72.222,20.134,80.897,80.897,1.588,9218.31,9219.898,149096.359,0.787,16,1760,1963.5,555.441,1833.758,766.817,1040.434,314.734,1355.168,11.267,9213.151,1.228,9214.379,149486.769,200,225.541,303.713,42.99,0.011,18.243,8.443,6334.728,350,0.915,3529.1,12.9,1411.7,0,0,17.532,28.198,19.227,179.8,Burdekin,AyrDPI,Mulg,1961,Furrow,BareFallow,35,Surf1,200,110,LowFreq,0,P2R,15AprV1R4,T2,3723.5,2526.817,2389.199,2703.933,61.244,18.254,5.94372287348075,0.110825373680606,6.79579185520362,0.750935,28.126,999
1977,14/10/1977,287,1976,15-Apr,3,sugar,alive,3,395,1973,14/9/1976,105,0,0,318,1977,21,2039,7141.26,6431.8,5501.49,169.953,2931.68,,14977.862,5991.146,61.941,18.317,60.029,60.029,1.228,9213.151,9214.379,149486.769,0.782,19,2090,1378.2,223.54,1800.379,550.822,1144.212,292.72,1436.932,10.254,9195.267,1.254,9196.522,149546.423,200,257.95,317.56,31.616,0.004,10.181,6.478,6618.231,350,0.944,4113.3,15.1,1645.3,0,0,17.938,28.404,19.747,170.6,Burdekin,AyrDPI,Mulg,1961,Furrow,BareFallow,35,Surf1,200,110,LowFreq,0,P2R,15AprV1R4,T2,3468.2,2640.822,2023.919,2316.639,41.801,10.185,6.4356098214874,0.118274907928837,6.69106299212599,0.849765,29.317,999
1978,14/11/1978,318,1977,15-Apr,3,sugar,alive,4,396,1973,14/10/1977,105,0,0,318,1978,21,2039,7826.79,7051.51,6099.82,189.141,3623.49,,17434.316,6973.726,78.436,20.664,67.378,67.378,1.254,9195.267,9196.522,149546.423,0.775,20,2200,1000.1,186.953,1423.474,554.751,1269.85,282.7,1552.55,6.125,9184.934,1.818,9186.753,149674.644,200,258.29,322.74,32.64,0.004,8.535,6.616,7157.491,350,0.941,4032.4,14.8,1613,0,0,18.195,28.503,20.521,150.6,Burdekin,AyrDPI,Mulg,1961,Furrow,BareFallow,35,Surf1,200,110,LowFreq,0,P2R,15AprV1R4,T2,3200.1,2754.751,1610.427,1893.127,41.179,8.539,6.86599260695431,0.121826028147242,7.13739622641509,0.945705,36.235,999
1979,20/04/1979,110,0,15-Apr,3,none,out,-1,0,1973,0.000,110,5,0,323,-1,17,2039,0,0,0,0,0,,18106.845,7242.738,74.497,0,104.502,104.502,1.818,9184.934,9186.753,149674.644,0.77,0,0,1313.5,304.36,731.405,457.709,0,203.708,203.708,1.353,9269.75,15.059,9284.809,152342.071,0,0,33.583,2.199,0.032,0.627,0.253,3981.036,350,0.595,1291.4,5.3,516.5,0,0,21.956,30.477,19.462,350.7,Burdekin,AyrDPI,Mulg,1961,Furrow,BareFallow,35,Surf1,200,110,LowFreq,0,P2R,15AprV1R4,T2,1313.5,457.709,1035.765,1239.473,2.858,0.659,0,0,0,,0,999
1980,19/07/1980,201,1979,15-Apr,4,sugar,alive,0,456,1979,20/4/1979,110,5,0,323,1980,16,2039,8473.14,7555.49,6621.9,204.291,3745.21,,0,0,0,19.649,178.53,178.53,15.059,9269.75,9284.809,152342.071,0.769,21,2310,884.3,163.246,1404.329,505.845,1366.799,369.726,1736.525,8.672,9146.519,1.816,9148.335,148611.791,200,332.43,374.326,35.337,0.012,15.257,7.307,7791.34,350,0.975,5282.1,19.4,2112.8,0,0,17.774,28.487,19.658,86.4,Burdekin,AyrDPI,Mulg,1961,Furrow,BareFallow,35,Surf1,200,110,LowFreq,0,P2R,15AprV1R4,T2,3194.3,2815.845,1567.575,1937.301,50.606,15.269,7.25505132562339,0.117643569772966,7.40184782608696,1.021455,37.452,999
1981,19/08/1981,231,1980,15-Apr,4,sugar,alive,1,396,1979,19/7/1980,110,5,0,323,1981,16,2039,6664.74,5948.43,5135.77,157.858,2766.85,,20225.297,8090.119,90.35,18.659,68.73,68.73,1.816,9146.519,9148.335,148611.791,0.758,17,1870,1122.8,349.271,1267.194,542.273,1114.196,259.628,1373.824,3.651,9150.627,1.277,9151.904,147932.506,200,250.701,304.195,21.324,0.009,6.074,4.448,7585.079,350,0.926,3717.8,13.7,1487.1,0,0,17.724,28.127,19.155,104.8,Burdekin,AyrDPI,Mulg,1961,Furrow,BareFallow,35,Surf1,200,110,LowFreq,0,P2R,15AprV1R4,T2,2992.8,2412.273,1616.465,1876.093,27.407,6.083,6.54395252941935,0.114904092518401,6.80422413793104,0.78929,27.668,999
1982,19/09/1982,262,1981,15-Apr,4,sugar,alive,2,396,1979,19/8/1981,110,5,0,323,1982,16,2039,7358.62,6634.92,5648.98,174.481,3286.72,,16156.38,6462.553,67.019,20.27,71.24,71.24,1.277,9150.627,9151.904,147932.506,0.758,20,2200,592.4,76.817,1131.298,438.261,1298.844,279.659,1578.504,4.424,9125.298,1.236,9126.534,146672.143,200,271.528,328.556,29.326,0.004,8.712,5.956,8226.774,350,0.942,4077.4,15,1631,0,0,17.487,29.018,19.787,47.4,Burdekin,AyrDPI,Mulg,1961,Furrow,BareFallow,35,Surf1,200,110,LowFreq,0,P2R,15AprV1R4,T2,2792.4,2638.261,1208.115,1487.774,38.042,8.716,6.6134851707242,0.110535671749961,6.58418867924528,0.872405,32.867,999
1983,19/10/1983,292,1982,15-Apr,4,sugar,alive,3,395,1979,19/9/1982,110,5,0,323,1983,16,2039,6979.79,6199.34,5412.57,165.682,2943.58,,17997.718,7199.086,77.2,18.953,77.021,77.021,1.236,9125.298,9126.534,146672.143,0.752,20,2200,637.7,167.279,1259.54,397.558,1157.674,269.358,1427.033,3.773,9113.509,1.754,9115.263,145705.824,200,264.521,322.2,28.673,0.009,7.661,5.791,8268.157,350,0.964,4751.8,17.5,1900.7,0,0,18.352,28.943,20.097,95.4,Burdekin,AyrDPI,Mulg,1961,Furrow,BareFallow,35,Surf1,200,110,LowFreq,0,P2R,15AprV1R4,T2,2837.7,2597.558,1426.819,1696.177,36.343,7.67,6.37837538180091,0.116102430707629,6.25215094339623,0.82841,29.436,999
1984,18/11/1984,323,1983,15-Apr,4,sugar,alive,4,396,1979,19/10/1983,110,5,0,323,1984,16,2039,7278.66,6491.32,5564.93,171.624,3227.62,,17360.339,6944.136,75.448,20.232,60.87,60.87,1.754,9113.509,9115.263,145705.824,0.748,22,2420,649.3,143.356,1401.495,532.525,1220.71,304.504,1525.214,6.459,9073.684,1.889,9075.573,145300.733,200,284.157,349.703,34.932,0.012,9.714,7.108,7586.393,350,0.928,3754.9,13.8,1502,0,0,17.921,28.788,19.579,75.6,Burdekin,AyrDPI,Mulg,1961,Furrow,BareFallow,35,Surf1,200,110,LowFreq,0,P2R,15AprV1R4,T2,3069.3,2952.525,1544.851,1849.355,44.658,9.726,5.81278735997155,0.112524537540306,5.97993031358885,0.85812,32.276,999
1985,15/04/1985,105,0,15-Apr,4,none,out,-1,0,1979,0.000,105,0,0,323,-1,16,2039,0,0,0,0,0,,17758.39,7103.356,81.067,0,60.105,60.105,1.889,9073.684,9075.573,145300.733,0.743,0,0,588.3,88.067,156.43,411.678,0,220.654,220.654,0.331,9174.487,10.116,9184.603,147681.448,0,0,27.089,1.027,0.018,0.18,0.1,4116.587,350,0.503,998.4,4.6,399.4,0,0,21.989,31.383,20.632,111.4,Burdekin,AyrDPI,Mulg,1961,Furrow,BareFallow,35,Surf1,200,110,LowFreq,0,P2R,15AprV1R4,T2,588.3,411.678,244.497,465.151,1.225,0.198,0,0,0,,0,999
1986,15/07/1986,196,1985,15-Apr,5,sugar,alive,0,456,1985,15/4/1985,105,0,0,318,1986,21,2039,7780.54,6898.94,6065.53,186.277,3325.9,,0,0,0,19.061,183.256,183.256,10.116,9174.487,9184.603,147681.448,0.745,21,2310,777.1,98.033,1384.514,526.204,1336.937,381.336,1718.273,13.191,9007.772,2.105,9009.877,144326.487,200,369.596,416.772,33.23,0.033,16.934,6.97,7257.596,350,0.968,4933,18.1,1973.2,0,0,17.312,28.527,18.417,117.8,Burdekin,AyrDPI,Mulg,1961,Furrow,BareFallow,35,Surf1,200,110,LowFreq,0,P2R,15AprV1R4,T2,3087.1,2836.204,1482.547,1863.883,50.197,16.967,6.56782798416475,0.108409432028554,6.74916666666667,0.931385,33.259,999
1987,15/08/1987,227,1986,15-Apr,5,sugar,alive,1,396,1985,15/7/1986,105,0,0,318,1987,21,2039,6704.28,5978.2,5144.56,158.211,2993.95,,18770.741,7508.297,95.798,20.376,69.536,69.536,2.105,9007.772,9009.877,144326.487,0.733,21,2310,497.8,96.427,1148.203,406.939,1214.273,338.998,1553.271,6.908,8984.034,1.211,8985.245,144159.531,200,251.88,328.113,49.759,0.029,4.968,9.879,6740.609,350,0.913,3489.8,12.8,1395.9,0,0,18.256,29.363,19.045,44,Burdekin,AyrDPI,Mulg,1961,Furrow,BareFallow,35,Surf1,200,110,LowFreq,0,P2R,15AprV1R4,T2,2807.8,2716.939,1244.63,1583.628,54.756,4.997,5.82313404901619,0.101856662488387,5.73228260869565,0.791055,29.939,999
1988,14/09/1988,258,1987,15-Apr,5,sugar,alive,2,396,1985,15/8/1987,105,0,0,318,1988,21,2039,6991.21,6215.87,5335.54,163.205,2943.69,,16223.921,6489.568,67.064,19.285,79.436,79.436,1.211,8984.034,8985.245,144159.531,0.73,19,2090,972.6,106.23,1478.81,436.297,1221.964,269.348,1491.311,4.889,8977.424,0.999,8978.423,144371.553,200,259.506,313.238,21.972,0.013,8.654,4.618,6656.924,350,0.957,4509.3,16.6,1803.7,0,0,18.304,29.273,19.691,254,Burdekin,AyrDPI,Mulg,1961,Furrow,BareFallow,35,Surf1,200,110,LowFreq,0,P2R,15AprV1R4,T2,3062.6,2526.297,1585.04,1854.388,30.639,8.667,6.46024596474603,0.109437266941637,6.4253937007874,0.816025,29.437,999
1989,14/10/1989,287,1988,15-Apr,5,sugar,alive,3,395,1985,14/9/1988,105,0,0,318,1989,21,2039,6818.47,6083.41,5299.79,162.907,2870.54,,17906.14,7162.456,78.689,18.773,65.684,65.684,0.999,8977.424,8978.423,144371.553,0.726,17,1870,1381.8,275.861,1576.027,740.995,1141.471,266.272,1407.744,6.752,8980.318,1.138,8981.456,144685.404,200,239.666,306.583,33.438,0.026,10.168,6.698,6686.61,350,0.954,4391.5,16.1,1756.6,0,0,17.968,28.729,19.436,134.8,Burdekin,AyrDPI,Mulg,1961,Furrow,BareFallow,35,Surf1,200,110,LowFreq,0,P2R,15AprV1R4,T2,3251.8,2610.995,1851.888,2118.16,43.632,10.194,6.23926893770383,0.115722034688125,7.02185344827586,0.814535,28.705,999
1990,14/11/1990,318,1989,15-Apr,5,sugar,alive,4,396,1985,14/10/1989,105,0,0,318,1990,21,2039,7091.44,6413.63,5514.29,171.454,3227.78,,16641.491,6656.595,73.444,20.256,57.852,57.852,1.138,8980.318,8981.456,144685.404,0.723,19,2090,1278.8,311.742,1531.607,531.988,1220.722,301.452,1522.173,8.349,8974.232,1.531,8975.763,144704.518,200,244.261,309.981,36.17,0.035,9.678,7.138,6796.65,350.967,0.922,3638.2,13.4,1455.3,0,0,17.621,28.801,20.391,103,Burdekin,AyrDPI,Mulg,1961,Furrow,BareFallow,35,Surf1,200,110,LowFreq,0,P2R,15AprV1R4,T2,3368.8,2621.988,1843.349,2144.801,45.883,9.713,6.53908408429024,0.112637656823502,6.75015748031496,0.85727,32.278,999
1991,15/04/1991,105,0,15-Apr,5,none,out,-1,0,1985,0.000,105,0,0,318,-1,21,2039,0,0,0,0,0,,16498.213,6599.286,71.703,0,61.13,61.13,1.531,8974.232,8975.763,144704.518,0.719,0,0,1629.3,439.781,957.816,413.946,0,153.675,153.675,1.163,9060.886,10.967,9071.853,147624.331,0,0,18.582,0.452,0.142,0.224,0.054,3082.637,351.612,0.684,1645.4,7.2,658.2,0,0,21.649,30.595,18.903,204.4,Burdekin,AyrDPI,Mulg,1961,Furrow,BareFallow,35,Surf1,200,110,LowFreq,0,P2R,15AprV1R4,T2,1629.3,413.946,1397.597,1551.272,0.818,0.366,0,0,0,,0,999
1992,14/07/1992,196,1991,15-Apr,6,sugar,alive,0,456,1991,15/4/1991,105,0,0,318,1992,21,2039,8695.23,7844.88,6796.44,210.945,4092.22,,0,0,0,20.961,139.159,139.159,10.967,9060.886,9071.853,147624.331,0.72,22,2420,687,80.135,1266.222,453.9,1455.384,357.464,1812.848,6.357,8936.577,1.98,8938.557,143922.369,200,346.731,383.782,24.737,0.03,11.63,5.305,8068.058,353.56,0.962,4656.6,17.1,1862.7,0,0,17.261,28.993,19.887,122.8,Burdekin,AyrDPI,Mulg,1961,Furrow,BareFallow,35,Surf1,200,110,LowFreq,0,P2R,15AprV1R4,T2,3107,2873.9,1346.357,1703.821,36.397,11.66,7.34002574898222,0.116361106943329,7.35,1.054725,40.922,999
1993,14/08/1993,226,1992,15-Apr,6,sugar,alive,1,396,1991,14/7/1992,105,0,0,318,1993,21,2039,7296.2,6515.22,5667.55,174.93,3435.5,,20097.822,8039.13,86.573,21.256,86.954,86.954,1.98,8936.577,8938.557,143922.369,0.712,21,2310,482.2,90.886,1158.85,323.912,1261.898,280.832,1542.729,3.18,8929.699,1.173,8930.872,143815.874,200,264.564,318.526,19.279,0.026,7.78,4.111,7207.909,355.287,0.923,3670.9,13.5,1468.3,0,0,17.695,28.946,20.046,72,Burdekin,AyrDPI,Mulg,1961,Furrow,BareFallow,35,Surf1,200,110,LowFreq,0,P2R,15AprV1R4,T2,2792.2,2633.912,1249.736,1530.568,27.085,7.806,6.64145195435535,0.113389973222776,6.33804347826087,0.87465,34.355,999
1994,14/09/1994,257,1993,15-Apr,6,sugar,alive,2,396,1991,14/8/1993,105,0,0,318,1994,21,2039,7284.51,6546.27,5710.28,176.529,3388.72,,16963.821,6785.528,68.27,20.711,86.69,86.69,1.173,8929.699,8930.872,143815.874,0.712,21,2310,409.4,78.297,1094.376,307.944,1257.928,313.615,1571.543,4.385,8922.987,1.076,8924.063,143798.242,200,259.59,315.139,28.199,0.034,6.284,5.736,7256.303,357.048,0.944,4130.3,15.1,1652.1,0,0,17.914,29.028,20.251,46.8,Burdekin,AyrDPI,Mulg,1961,Furrow,BareFallow,35,Surf1,200,110,LowFreq,0,P2R,15AprV1R4,T2,2719.4,2617.944,1172.673,1486.288,34.517,6.318,6.74303957609483,0.112328456809645,6.39597826086957,0.882645,33.887,999
1995,14/10/1995,287,1994,15-Apr,6,sugar,alive,3,395,1991,14/9/1994,105,0,0,318,1995,21,2039,7641.9,6836.28,6017.79,185.446,3584.01,,16891.747,6756.699,69.501,20.872,61.873,61.873,1.076,8922.987,8924.063,143798.242,0.708,21,2310,510.2,113.714,1157.728,339.154,1263.861,280.695,1544.556,4.023,8919.982,1.115,8921.097,143752.408,200,264.161,317.894,21.399,0.017,8.684,4.505,7525.926,358.843,0.963,4701.8,17.2,1880.7,0,0,18.845,29.291,20.66,55.2,Burdekin,AyrDPI,Mulg,1961,Furrow,BareFallow,35,Surf1,200,110,LowFreq,0,P2R,15AprV1R4,T2,2820.2,2649.154,1271.442,1552.137,30.1,8.701,7.00019704403746,0.12006427737162,6.71905797101449,0.92723,35.84,999
1996,13/11/1996,318,1995,15-Apr,6,sugar,alive,4,396,1991,14/10/1995,105,0,0,318,1996,21,2039,8058.9,7232.66,6337.29,196.19,3980.69,,17801.488,7120.594,72.192,22.057,66.075,66.075,1.115,8919.982,8921.097,143752.408,0.705,23,2530,547.9,73.014,1374.118,351.029,1336.039,289.649,1625.688,4.216,8908.146,1.459,8909.605,143408.354,200,269.948,332.068,27.833,0.029,7.645,5.677,8081.193,360.666,0.947,4209.2,15.4,1683.7,0,0,19.503,29.755,20.901,107,Burdekin,AyrDPI,Mulg,1961,Furrow,BareFallow,35,Surf1,200,110,LowFreq,0,P2R,15AprV1R4,T2,3077.9,2881.029,1447.132,1736.781,35.507,7.674,6.80971972166889,0.120681213123305,6.58355704697987,0.98095,39.807,999
1997,15/04/1997,105,0,15-Apr,6,none,out,-1,0,1991,0.000,105,0,0,318,-1,21,2039,0,0,0,0,0,,18211.534,7284.614,72.611,0,71.155,71.155,1.459,8908.146,8909.605,143408.354,0.701,0,0,812.5,145.014,362.062,416.91,0,194.396,194.396,0.435,9011.24,3.421,9014.661,146973.893,0,0,12.275,0.406,0.096,0.116,0.039,3063.414,361.388,0.752,1994.2,8,797.7,0,0,23.067,31.083,22.078,116.8,Burdekin,AyrDPI,Mulg,1961,Furrow,BareFallow,35,Surf1,200,110,LowFreq,0,P2R,15AprV1R4,T2,812.5,416.91,507.076,701.472,0.618,0.212,0,0,0,,0,999
1998,15/07/1998,196,1997,15-Apr,7,sugar,alive,0,456,1997,15/4/1997,105,0,0,318,1998,21,2039,9458.62,8475.89,7545.58,233.766,4263.46,,0,0,0,19.533,182.183,182.183,3.421,9011.24,9014.661,146973.893,0.703,20,2200,1035.5,132.531,1551.062,547.315,1318.759,337.061,1655.82,6.56,8903.531,2.329,8905.86,142545.583,200,330.581,378.057,20.44,0.117,11.984,4.362,9238.485,363.555,0.977,5420,19.9,2168,0,0,19.202,28.19,18.842,189.6,Burdekin,AyrDPI,Mulg,1961,Furrow,BareFallow,35,Surf1,200,110,LowFreq,0,P2R,15AprV1R4,T2,3235.5,2747.315,1683.593,2020.654,32.541,12.101,8.50888958856192,0.141178388955321,8.82135849056604,1.16883,42.635,999
1999,15/08/1999,227,1998,15-Apr,7,sugar,alive,1,396,1997,15/7/1998,105,0,0,318,1999,21,2039,7118.22,6329.48,5572.21,171.282,3342.28,,20867.869,8347.148,81.091,21.101,78.272,78.272,2.329,8903.531,8905.86,142545.583,0.698,17,1870,1153.6,217.676,1452.983,686.219,1075.095,284.217,1359.312,4.612,8896.735,1.222,8897.957,142088.37,200,260.077,316.477,24.525,0.073,7.933,5.063,7911.907,365.471,0.93,3807.1,14,1522.9,0,0,19.752,28.624,18.776,112,Burdekin,AyrDPI,Mulg,1961,Furrow,BareFallow,35,Surf1,200,110,LowFreq,0,P2R,15AprV1R4,T2,3023.6,2556.219,1670.659,1954.876,32.531,8.006,6.70059959651344,0.126006391468625,7.38284482758621,0.85641,33.423,999
2000,14/09/2000,258,1999,15-Apr,7,sugar,alive,2,396,1997,15/8/1999,105,0,0,318,2000,21,2039,7715.45,6902.92,6101.78,188.121,3507.81,,16377.07,6550.828,63.23,20.035,71.902,71.902,1.222,8896.735,8897.957,142088.37,0.698,17,1870,1493.5,353.541,1646.857,634.712,1116.047,253.876,1369.923,4.919,8902.209,1.202,8903.411,141858.682,200,255.099,301.569,19.363,0.073,8.287,4.077,7561.134,367.415,0.965,4798.3,17.6,1919.3,0,0,18.677,28.119,19.581,136,Burdekin,AyrDPI,Mulg,1961,Furrow,BareFallow,35,Surf1,200,110,LowFreq,0,P2R,15AprV1R4,T2,3363.5,2504.712,2000.398,2254.274,27.723,8.36,7.51068386305492,0.137322316655754,8.10866379310345,0.940605,35.078,999
2001,14/10/2001,287,2000,15-Apr,7,sugar,alive,3,395,1997,14/9/2000,105,0,0,318,2001,21,2039,7181.75,6447.2,5636.2,174.39,3572.82,,17794.782,7117.913,72.523,22.3,65.081,65.081,1.202,8902.209,8903.411,141858.682,0.696,22,2420,561.9,154.574,1306.709,401.51,1219.406,304.517,1523.923,5.959,8884.539,1.66,8886.199,140951.745,200,258.967,332.966,38.832,0.08,9.201,7.603,8349.292,369.4,0.933,3867.9,14.2,1547.1,0,0,17.987,29.181,20.23,52,Burdekin,AyrDPI,Mulg,1961,Furrow,BareFallow,35,Surf1,200,110,LowFreq,0,P2R,15AprV1R4,T2,2981.9,2821.51,1461.283,1765.8,48.113,9.281,6.18073301175612,0.114434915674873,6.07630662020906,0.87195,35.728,999
2002,14/11/2002,318,2001,15-Apr,7,sugar,alive,4,396,1997,14/10/2001,105,0,0,318,2002,21,2039,7683.9,6877.95,6005.17,185.361,3757.39,,16424.788,6569.915,66.965,22.033,61.776,61.776,1.66,8884.539,8886.199,140951.745,0.692,21,2310,810.4,34.98,1432.009,327.813,1390.195,272.726,1662.921,8.45,8857.317,1.466,8858.783,139886.804,200,284.098,339.476,25.064,0.013,8.595,5.219,8388.48,371.419,0.962,4677.1,17.2,1870.8,0,0,18.495,30.339,21.474,206,Burdekin,AyrDPI,Mulg,1961,Furrow,BareFallow,35,Surf1,200,110,LowFreq,0,P2R,15AprV1R4,T2,3120.4,2637.813,1466.989,1739.715,33.672,8.608,7.02707128973889,0.111467111185679,6.71597826086957,0.926805,37.574,999
2003,15/04/2003,105,0,15-Apr,7,none,out,-1,0,1997,0.000,105,0,0,318,-1,21,2039,0,0,0,0,0,,18244.656,7297.862,81.662,0,52.268,52.268,1.466,8857.317,8858.783,139886.804,0.688,0,0,414.2,81.201,123.108,287.542,0,118.335,118.335,0.105,8953.696,8.501,8962.197,142944.544,0,0,11.24,0.266,0.124,0.032,0.032,2996.124,372.211,0.851,2715.7,12.2,1086.3,0,0,21.861,31.873,22.582,51,Burdekin,AyrDPI,Mulg,1961,Furrow,BareFallow,35,Surf1,200,110,LowFreq,0,P2R,15AprV1R4,T2,414.2,287.542,204.309,322.644,0.422,0.156,0,0,0,,0,999
2004,14/07/2004,196,2003,15-Apr,8,sugar,alive,0,456,2003,15/4/2003,105,0,0,318,2004,21,2039,8748.79,7826.85,6879.7,212.517,4227.94,,0,0,0,21.57,143.824,143.824,8.501,8953.696,8962.197,142944.544,0.689,21,2310,747.8,70.359,1273.587,421.602,1458.419,329.125,1787.544,4.419,8838.758,2.088,8840.847,137280.731,200,353.007,396.083,17.238,0.12,7.844,3.749,10654.52,374.595,0.966,4843.9,17.8,1937.5,0,0,18.211,29.555,19.63,173.2,Burdekin,AyrDPI,Mulg,1961,Furrow,BareFallow,35,Surf1,200,110,LowFreq,0,P2R,15AprV1R4,T2,3057.8,2731.602,1343.946,1673.071,25.202,7.964,7.77994012304867,0.118887702904096,7.69989130434783,1.062585,42.279,999
2005,15/08/2005,227,2004,15-Apr,8,sugar,alive,1,397,2003,14/7/2004,105,0,1,318,2005,20,2039,7433.96,6630.62,5747.55,176.654,3476.38,,20004.573,8001.83,83.654,21.305,70.135,70.135,2.088,8838.758,8840.847,137280.731,0.685,21,2310,746.3,70.507,1305.719,327.132,1326.417,290.876,1617.293,4.186,8819.144,1.361,8820.505,135574.485,200,280.639,332.482,18.934,0.052,6.594,4.076,9017.884,376.709,0.934,3872.7,14.2,1549.1,0,0,17.863,29.438,20.179,143.4,Burdekin,AyrDPI,Mulg,1961,Furrow,BareFallow,35,Surf1,200,110,LowFreq,0,P2R,15AprV1R4,T2,3056.3,2637.132,1376.226,1667.102,25.58,6.646,6.69871663610316,0.109228197982678,6.40050724637681,0.88327,34.764,999
2006,15/09/2006,258,2005,15-Apr,8,sugar,alive,2,396,2003,15/8/2005,105,0,1,319,2006,20,2040,7205.61,6423.88,5578.64,171.009,3167.63,,17626.245,7050.499,71.331,19.884,132.916,132.916,1.361,8819.144,8820.505,135574.485,0.686,20,2200,922.8,196.933,1523.694,467.644,1198.544,266.189,1464.733,5.656,8811.752,1.112,8812.863,134198.934,200,266.089,319.296,16.896,0.127,14.049,3.66,8795.548,378.854,0.959,4576.4,16.8,1830.6,0,0,18.708,29.299,19.69,178.4,Burdekin,AyrDPI,Mulg,1961,Furrow,BareFallow,35,Surf1,200,110,LowFreq,0,P2R,15AprV1R4,T2,3122.8,2667.644,1720.627,1986.816,31.072,14.176,6.41048805612743,0.116750970996079,6.45316981132075,0.855045,31.676,999
2007,15/10/2007,288,2006,15-Apr,8,sugar,alive,3,395,2003,15/9/2006,105,0,1,319,2007,20,2040,7482.53,6719.46,5887.9,182.03,3540.24,,17719.21,7087.684,74.445,21.022,70.356,70.356,1.112,8811.752,8812.863,134198.934,0.683,20,2200,956.9,226.61,1419.258,487.935,1247.605,261.406,1509.011,6.085,8808.316,1.664,8809.98,132604.837,200,263.709,319.669,22.701,0.092,8.451,4.722,9092.47,381.035,0.946,4170.7,15.3,1668.3,0,0,17.775,28.663,19.963,130.2,Burdekin,AyrDPI,Mulg,1961,Furrow,BareFallow,35,Surf1,200,110,LowFreq,0,P2R,15AprV1R4,T2,3156.9,2687.935,1645.868,1907.274,31.244,8.543,6.77211316493888,0.120628676663059,6.86905660377359,0.91015,35.402,999
2008,14/11/2008,319,2007,15-Apr,8,sugar,alive,4,396,2003,15/10/2007,105,0,1,319,2008,20,2040,7508.52,6681.65,5872.99,181.151,3555.83,,17099.414,6839.767,71.503,21.244,72.378,72.378,1.664,8808.316,8809.98,132604.837,0.681,20,2200,1306.2,322.793,1682.532,578.18,1246.906,268.827,1515.732,6.98,8776.857,1.772,8778.629,131634.76,200,281.409,344.743,30.404,0.763,9.328,6.018,8311.86,383.246,0.951,4319.9,15.9,1728,0,0,18.192,29.022,19.643,108.2,Burdekin,AyrDPI,Mulg,1961,Furrow,BareFallow,35,Surf1,200,110,LowFreq,0,P2R,15AprV1R4,T2,3506.2,2778.18,2005.325,2274.152,40.495,10.091,6.52049183278261,0.119513871845419,6.83588679245283,0.905755,35.558,999
2009,18/04/2009,108,0,15-Apr,8,none,out,-1,0,2003,0.000,108,3,1,322,-1,18,2040,0,0,0,0,0,,17573.92,7029.568,79.401,0,57.522,57.522,1.772,8776.857,8778.629,131634.76,0.679,0,0,1763,455.996,949.749,515.688,0,225.546,225.546,1.585,8876.175,10.403,8886.578,134230.327,0,0,25.634,1.396,0.828,0.51,0.141,3975.471,384.131,0.575,1222.9,5.5,489.2,0,0,22.838,31.277,18.419,197.2,Burdekin,AyrDPI,Mulg,1961,Furrow,BareFallow,35,Surf1,200,110,LowFreq,0,P2R,15AprV1R4,T2,1763,515.688,1405.745,1631.291,2.734,1.338,0,0,0,,0,999
2010,18/07/2010,199,2009,15-Apr,9,sugar,alive,0,456,2009,18/4/2009,108,3,0,321,2010,18,2039,8470.14,7586.31,6626.68,204.502,3734.65,,0,0,0,19.562,189.23,189.23,10.403,8876.175,8886.578,134230.327,0.68,21,2310,1076.8,262.921,1542.164,493.57,1381.198,316.234,1697.432,7.305,8705.317,2.407,8707.724,129985.57,200,394.188,427.919,20.059,2.792,9.747,4.323,8409.308,386.751,0.974,5223.1,19.2,2089.2,0,0,17.891,29.034,18.605,135.2,Burdekin,AyrDPI,Mulg,1961,Furrow,BareFallow,35,Surf1,200,110,LowFreq,0,P2R,15AprV1R4,T2,3386.8,2803.57,1805.085,2121.319,32.598,12.539,7.29434257036564,0.120477285688028,7.40949275362319,1.02251,37.346,999
2011,18/08/2011,230,2010,15-Apr,9,sugar,alive,1,396,2009,18/7/2010,108,3,0,321,2011,18,2039,7258.97,6490.93,5669.59,175.232,3244.08,,20108.985,8043.593,93.968,19.871,73.514,73.514,2.407,8705.317,8707.724,129985.57,0.673,14,1540,1470.7,200.063,1395.577,848.728,1134.701,291.392,1426.093,10.651,8695.863,1.201,8697.065,130072.382,200,252.75,317.776,34.406,0.743,7.521,6.968,6766.629,389.06,0.932,3849.8,14.1,1539.9,0,0,18.167,28.316,17.473,81.4,Burdekin,AyrDPI,Mulg,1961,Furrow,BareFallow,35,Surf1,200,110,LowFreq,0,P2R,15AprV1R4,T2,3010.7,2388.728,1595.64,1887.032,42.67,8.264,7.33578707998567,0.122875576838257,8.80562814070352,0.87616,32.441,999
2012,17/09/2012,261,2011,15-Apr,9,sugar,alive,2,396,2009,18/8/2011,108,3,0,321,2012,18,2039,7338.08,6578.83,5742.61,177.009,3405.34,,16782.04,6712.816,71.121,20.763,62.481,62.481,1.201,8695.863,8697.065,130072.382,0.674,17,1870,1155.4,222.644,1331.388,607.331,1211.37,257.976,1469.346,4.568,8697.038,0.925,8697.963,130246.334,200,256.918,309.411,21.354,0.058,7.54,4.488,6977.609,391.4,0.958,4520.5,16.6,1808.2,0,0,17.856,28.674,19.146,197.4,Burdekin,AyrDPI,Mulg,1961,Furrow,BareFallow,35,Surf1,200,110,LowFreq,0,P2R,15AprV1R4,T2,3025.4,2477.331,1554.032,1812.008,28.952,7.598,7.14514935630321,0.12046788162897,7.62969827586207,0.885045,34.053,999
2013,17/10/2013,290,2012,15-Apr,9,sugar,alive,3,395,2009,17/9/2012,108,3,0,321,2013,18,2039,7490.34,6666.24,5918.13,182.121,3466.27,,17403.938,6961.575,73.595,20.51,64.503,64.503,0.925,8697.038,8697.963,130246.334,0.673,21,2310,530.8,32.696,1269.997,314.573,1280.717,266.968,1547.685,4.518,8693.851,1.343,8695.193,130144.337,200,266.021,317.917,19.113,0.009,8.965,4.095,7591.89,393.784,0.959,4552.9,16.7,1821.1,0,0,18.337,29.438,20.452,178.6,Burdekin,AyrDPI,Mulg,1961,Furrow,BareFallow,35,Surf1,200,110,LowFreq,0,P2R,15AprV1R4,T2,2840.8,2624.573,1302.693,1569.661,28.087,8.974,6.93907161279187,0.117673169927989,6.59858695652174,0.910605,34.663,999
2014,17/11/2014,321,2013,15-Apr,9,sugar,alive,4,396,2009,17/10/2013,108,3,0,321,2014,18,2039,7525.16,6725.92,5905.35,182.331,3510.85,,17233.729,6893.492,72.073,20.784,54.926,54.926,1.343,8693.851,8695.193,130144.337,0.671,21,2310,733,111.312,1412.844,440.21,1240.506,277.944,1518.45,7.366,8689.457,1.365,8690.822,130106.629,200,259.307,317.94,27.903,0.043,7.901,5.735,7413.561,396.204,0.955,4444.8,16.3,1777.9,0,0,18.133,29.132,20.269,86.2,Burdekin,AyrDPI,Mulg,1961,Furrow,BareFallow,35,Surf1,200,110,LowFreq,0,P2R,15AprV1R4,T2,3043,2750.21,1524.156,1802.1,35.847,7.944,6.62971191290847,0.120077052257236,6.60619565217391,0.911655,35.108,999
2015,15/04/2015,105,0,15-Apr,9,none,out,-1,0,2009,0.000,105,0,0,321,-1,18,2039,0,0,0,0,0,,17546.497,7018.599,76.429,0,55.32,55.32,1.365,8689.457,8690.822,130106.629,0.669,0,0,344,21.647,110.806,229.037,0,135.018,135.018,0.115,8777.146,15.959,8793.105,132591.18,0,0,25.806,0.196,0.029,0.037,0.058,3805.699,397.132,0.736,1903.3,8.3,761.3,0,0,22.777,32.711,22.17,83.4,Burdekin,AyrDPI,Mulg,1961,Furrow,BareFallow,35,Surf1,200,110,LowFreq,0,P2R,15AprV1R4,T2,344,229.037,132.453,267.471,0.262,0.066,0,0,0,,0,999
2016,14/07/2016,196,2015,15-Apr,10,sugar,alive,0,456,2015,15/4/2015,105,0,0,318,2016,21,2039,8718.96,7810.56,6853.98,212.055,4087.36,,0,0,0,20.808,131.85,131.85,15.959,8777.146,8793.105,132591.18,0.669,22,2420,505.2,63.536,1121.195,396.504,1456.996,326.278,1783.274,4.729,8628.722,2.144,8630.866,128814.761,200,378.059,415.135,24.808,0.457,10.491,5.268,8301.451,399.981,0.966,4832.8,17.7,1933.1,0,0,18.496,29.812,19.085,43.6,Burdekin,AyrDPI,Mulg,1961,Furrow,BareFallow,35,Surf1,200,110,LowFreq,0,P2R,15AprV1R4,T2,2925.2,2816.504,1184.731,1511.009,35.756,10.948,7.52901469339295,0.118913302162203,7.38867595818815,1.060275,40.874,999
2017,14/08/2017,226,2016,15-Apr,10,sugar,alive,1,396,2015,14/7/2016,105,0,0,318,2017,21,2039,7050.05,6272.66,5416.43,166.572,3053.15,,19960.291,7984.118,89.573,19.645,89.046,89.046,2.144,8628.722,8630.866,128814.761,0.663,18,1980,912.2,99.37,1268.235,559.803,1245.029,288.371,1533.401,5.715,8619.212,1.111,8620.323,128897.082,200,259.954,317.404,26.331,0.285,8.403,5.407,6899.583,402.497,0.923,3669.2,13.5,1467.7,0,0,18.713,29.611,17.608,107.8,Burdekin,AyrDPI,Mulg,1961,Furrow,BareFallow,35,Surf1,200,110,LowFreq,0,P2R,15AprV1R4,T2,2892.2,2539.803,1367.605,1655.976,35.019,8.688,6.55846142397659,0.108629119193218,6.85481481481482,0.83286,30.532,999
2018,14/09/2018,257,2017,15-Apr,10,sugar,alive,2,396,2015,14/8/2017,105,0,0,318,2018,21,2039,7023.46,6321.33,5425.11,167.566,3138.19,,17004.561,6801.823,69.504,20.136,80.241,80.241,1.111,8619.212,8620.323,128897.082,0.663,21,2310,718.7,168.962,1355.041,372.893,1247.177,259.615,1506.792,5.67,8618.182,1.239,8619.42,128943.283,200,245.044,312.296,33.577,0.05,8.304,6.705,7073.452,405.05,0.923,3663.9,13.4,1465.6,0,0,17.808,29.585,18.303,130.4,Burdekin,AyrDPI,Mulg,1961,Furrow,BareFallow,35,Surf1,200,110,LowFreq,0,P2R,15AprV1R4,T2,3028.7,2682.893,1524.003,1783.618,41.931,8.354,6.24572057104029,0.111207120823578,6.07123188405797,0.83783,31.382,999
2019,14/10/2019,287,2018,15-Apr,10,sugar,alive,3,395,2015,14/9/2018,105,0,0,318,2019,21,2039,6248.24,5514.34,4793.77,145.99,2505.6,,16700.256,6680.101,67.764,18.21,78.145,78.145,1.239,8618.182,8619.42,128943.283,0.661,19,2090,1183,310.467,1643.63,499.446,1088.246,255.643,1343.888,9.824,8618.178,1.249,8619.428,128995.432,200,245.828,307.533,29.09,0.07,9.518,5.875,6878.02,407.641,0.953,4355,16,1742,0,0,18.354,29.528,17.422,92.8,Burdekin,AyrDPI,Mulg,1961,Furrow,BareFallow,35,Surf1,200,110,LowFreq,0,P2R,15AprV1R4,T2,3273,2589.446,1954.097,2209.74,38.678,9.588,5.63788547820654,0.10863256461848,5.74763779527559,0.72995,25.056,999
2020,13/11/2020,318,2019,15-Apr,10,sugar,alive,4,396,2015,14/10/2019,105,0,0,318,2020,21,2039,7201.49,6379.84,5556.33,170.004,3101.33,,16064.746,6425.899,74.465,19.539,53.16,53.16,1.249,8618.178,8619.428,128995.432,0.659,20,2200,1074.7,163.035,1599.812,452.845,1252.677,249.805,1502.482,6.653,8606.045,1.345,8607.39,128814.004,200,267.027,322.6,23.449,0.045,8.837,4.938,7127.74,410.264,0.963,4716.9,17.3,1886.8,0,0,18.85,29.943,18.904,327.8,Burdekin,AyrDPI,Mulg,1961,Furrow,BareFallow,35,Surf1,200,110,LowFreq,0,P2R,15AprV1R4,T2,3274.7,2652.845,1762.847,2012.652,32.331,8.882,6.40836535869981,0.113148776491166,6.41524528301887,0.85002,31.013,999
2021,15/04/2021,105,0,15-Apr,10,none,out,-1,0,2015,0.000,105,0,0,318,-1,21,2039,0,0,0,0,0,,17993.207,7197.283,82.353,0,62.532,62.532,1.345,8606.045,8607.39,128814.004,0.656,0,0,902,192.871,414.049,437.911,0,182.691,182.691,0.475,8703.885,3.547,8707.432,131705.062,0,0,17.462,0.547,0.135,0.151,0.057,3254.102,411.3,0.638,1451.6,6.6,580.6,0,0,22.604,31.422,17.953,132.4,Burdekin,AyrDPI,Mulg,1961,Furrow,BareFallow,35,Surf1,200,110,LowFreq,0,P2R,15AprV1R4,T2,902,437.911,606.92,789.611,0.833,0.286,0,0,0,,0,999
1957,15/04/1957,105,0,15-Apr,0,none,out,-1,0,-1,0.000,105,0,0,318,-1,21,2039,0,0,0,0,0,,0,0,0,0,0,0,0,0,0,0,0.89,0,0,534.4,0,252.969,281.431,0,194.312,194.312,11.636,9502.255,36.367,9538.622,141763.504,0,0,38.406,4.39,0,0.953,0.776,1051.423,350,0.014,19.7,0.1,7.9,0,0,21.346,30.448,18.588,77.7,Burdekin,AyrDPI,Mulg,1957,Furrow,BareFallow,35,Surf1,200,110,LowFreq,0,P2R,15AprV1R4,T2,534.4,281.431,252.969,447.281,5.343,0.953,0,0,0,,0,999
1958,15/07/1958,196,1957,15-Apr,1,sugar,alive,0,456,1957,15/4/1957,105,0,0,318,1958,21,2039,7422.42,6661.02,5749.9,177.673,3154.6,,0,0,0,18.939,116.669,116.669,36.367,9502.255,9538.622,141763.504,0.884,20,2200,1061.7,149.881,1518.526,569.733,1259.789,370.586,1630.376,23.611,9413.278,0.82,9414.097,141198.249,200,306.233,326.211,35.167,0,18.368,7.386,3551.187,350,0.971,5070.9,18.6,2028.4,0,0,17.416,28.757,18.932,136.1,Burdekin,AyrDPI,Mulg,1957,Furrow,BareFallow,35,Surf1,200,110,LowFreq,0,P2R,15AprV1R4,T2,3261.7,2769.733,1668.407,2038.993,53.535,18.368,6.414806048092,0.108976702306707,6.70464150943396,0.888365,31.546,999
1959,15/08/1959,227,1958,15-Apr,1,sugar,alive,1,396,1957,15/7/1958,105,0,0,318,1959,21,2039,6720.2,5987.02,5179.43,159.125,2927.47,,18526.68,7410.673,90.513,19.729,79.586,79.586,0.82,9413.278,9414.097,141198.249,0.867,18,1980,875.3,177.253,1233.944,507.458,1162.551,277.221,1439.772,4.133,9428.972,0.821,9429.794,142275.566,200,230.513,288.075,24.468,0.001,6.498,5.078,5282.825,350,0.943,4092,15.1,1636.8,0,0,16.869,28.466,19.548,162.8,Burdekin,AyrDPI,Mulg,1957,Furrow,BareFallow,35,Surf1,200,110,LowFreq,0,P2R,15AprV1R4,T2,2855.3,2487.458,1411.197,1688.418,30.967,6.499,6.39709293584053,0.110520971376023,6.54835390946502,0.795625,29.275,999
1960,14/09/1960,258,1959,15-Apr,1,sugar,alive,2,396,1957,15/8/1959,105,0,0,318,1960,21,2039,7265.23,6520.62,5626.04,173.487,3204.93,,16574.73,6629.892,68.033,19.823,83.917,83.917,0.821,9428.972,9429.794,142275.566,0.865,19,2090,1107.6,208.278,1558.921,528.212,1195.938,255.017,1450.954,5.626,9421.663,0.91,9422.573,143386.768,200,254.631,309.651,25.445,0.001,8.261,5.214,5687.949,350,0.955,4425,16.2,1770,0,0,17.494,28.356,20.039,210.1,Burdekin,AyrDPI,Mulg,1957,Furrow,BareFallow,35,Surf1,200,110,LowFreq,0,P2R,15AprV1R4,T2,3197.6,2618.212,1767.199,2022.216,33.707,8.262,6.62616319839646,0.119567539701465,6.8301968503937,0.867435,32.049,999
1961,14/10/1961,287,1960,15-Apr,1,sugar,alive,3,395,1957,14/9/1960,105,0,0,318,1961,21,2039,7425.26,6682.82,5748.07,177.836,3552.83,,17694.328,7077.731,75.043,21.673,63.364,63.364,0.91,9421.663,9422.573,143386.768,0.857,22,2420,490.9,91.379,1185.458,310.874,1346.038,283.989,1630.028,4.366,9405.433,1.298,9406.731,144318.283,200,266.807,324.064,27.205,0,9.179,5.596,6266.849,350,0.945,4153,15.3,1661.2,0,0,16.939,29.173,21.112,63.2,Burdekin,AyrDPI,Mulg,1957,Furrow,BareFallow,35,Surf1,200,110,LowFreq,0,P2R,15AprV1R4,T2,2910.9,2730.874,1276.837,1560.826,36.384,9.179,6.5120543825896,0.109099966380946,6.19637630662021,0.88918,35.528,999
1962,14/11/1962,318,1961,15-Apr,1,sugar,alive,4,396,1957,14/10/1961,105,0,0,318,1962,21,2039,7295.98,6475.67,5613.15,172.587,3317.55,,17786.169,7114.468,78.175,20.744,67.399,67.399,1.298,9405.433,9406.731,144318.283,0.85,19,2090,942.7,150.252,1271.539,524.857,1324.695,289.095,1613.789,8.719,9379.792,1.821,9381.613,145221.45,200,269.137,338.266,36.404,0.001,10.167,7.252,6446.669,350,0.941,4038.9,14.8,1615.5,0,0,17.883,29.608,20.496,102.1,Burdekin,AyrDPI,Mulg,1957,Furrow,BareFallow,35,Surf1,200,110,LowFreq,0,P2R,15AprV1R4,T2,3032.7,2614.857,1421.791,1710.886,46.572,10.168,6.60024620849247,0.106945207830763,6.79476377952756,0.862935,33.176,999
1963,15/04/1963,105,0,15-Apr,1,none,out,-1,0,1957,0.000,105,0,0,318,-1,21,2039,0,0,0,0,0,,17737.05,7094.82,78.834,0,64.518,64.518,1.821,9379.792,9381.613,145221.45,0.841,0,0,1086.4,206.563,447.027,527.012,0,263.477,263.477,2.214,9474.891,10.998,9485.888,148182.312,0,0,32.498,4.119,0.003,0.848,0.37,3702.128,350,0.374,668.9,3,267.6,0,0,22.247,31.071,18.839,91.9,Burdekin,AyrDPI,Mulg,1957,Furrow,BareFallow,35,Surf1,200,110,LowFreq,0,P2R,15AprV1R4,T2,1086.4,527.012,653.59,917.067,4.97,0.851,0,0,0,,0,999
1964,14/07/1964,196,1963,15-Apr,2,sugar,alive,0,456,1963,15/4/1963,105,0,0,318,1964,21,2039,7848.37,7008.82,6112.02,188.365,3348.92,,0,0,0,18.968,233.851,233.851,10.998,9474.891,9485.888,148182.312,0.841,21,2310,620,167.987,1164.094,452.618,1398.215,340.744,1738.959,10.04,9318.556,2.184,9320.74,145890.383,200,355.396,406.525,38.968,0.002,14.239,7.919,6073.429,350,0.962,4688.6,17.2,1875.4,0,0,16.75,28.855,19.018,92.7,Burdekin,AyrDPI,Mulg,1957,Furrow,BareFallow,35,Surf1,200,110,LowFreq,0,P2R,15AprV1R4,T2,2930,2762.618,1332.081,1672.825,53.209,14.241,6.81835128852415,0.108320552698482,6.82481884057971,0.941825,33.489,999
1965,14/08/1965,226,1964,15-Apr,2,sugar,alive,1,396,1963,14/7/1964,105,0,0,318,1965,21,2039,6770.69,6035.88,5122.06,156.998,2878.02,,18744.289,7497.715,93.054,19.648,92.811,92.811,2.184,9318.556,9320.74,145890.383,0.825,19,2090,830.4,161.043,1268.691,448.292,1231.812,274.858,1506.671,4.514,9299.423,1.089,9300.512,146535.161,200,262.818,322.783,27.818,0.001,10.392,5.702,5908.922,350,0.94,4014.7,14.8,1605.9,0,0,17.025,29.153,19.583,107.4,Burdekin,AyrDPI,Mulg,1957,Furrow,BareFallow,35,Surf1,200,110,LowFreq,0,P2R,15AprV1R4,T2,2920.4,2538.292,1429.734,1704.592,38.211,10.393,6.1851827922083,0.104201912693614,6.18102362204724,0.78499,28.78,999
1966,14/09/1966,257,1965,15-Apr,2,sugar,alive,2,396,1963,14/8/1965,105,0,0,318,1966,21,2039,7276.08,6516.33,5567.03,171.363,3202.18,,17425.852,6970.342,78.556,20.084,76.807,76.807,1.089,9299.423,9300.512,146535.161,0.82,21,2310,392.1,95.891,1070.273,276.052,1257.343,269.458,1526.802,3.788,9286.598,1.153,9287.751,147473.841,200,266.172,321.482,25.566,0.001,7.965,5.255,6171.43,350,0.939,3989.4,14.7,1595.8,0,0,17.613,28.709,19.595,102.9,Burdekin,AyrDPI,Mulg,1957,Furrow,BareFallow,35,Surf1,200,110,LowFreq,0,P2R,15AprV1R4,T2,2702.1,2586.052,1166.164,1435.622,33.532,7.966,6.62643287915324,0.112236557196022,6.20880434782609,0.856815,32.022,999
1967,14/10/1967,287,1966,15-Apr,2,sugar,alive,3,395,1963,14/9/1966,105,0,0,318,1967,21,2039,7033.07,6320.82,5459.05,168.697,3189.62,,17918.012,7167.204,75.309,20.356,85.942,85.942,1.153,9286.598,9287.751,147473.841,0.814,20,2200,809.7,173.003,1372.66,399.28,1205.19,278.194,1483.384,5.486,9275.604,1.257,9276.86,148553.991,200,251.327,320.846,38.19,0.001,9.588,7.582,6141.876,350,0.936,3933.8,14.4,1573.5,0,0,17.992,28.818,20.041,154.9,Burdekin,AyrDPI,Mulg,1957,Furrow,BareFallow,35,Surf1,200,110,LowFreq,0,P2R,15AprV1R4,T2,3009.7,2599.28,1545.663,1823.857,47.779,9.589,6.49014342433289,0.113724430086882,6.36592452830189,0.843485,31.896,999
1968,13/11/1968,318,1967,15-Apr,2,sugar,alive,4,396,1963,14/10/1967,105,0,0,318,1968,21,2039,7450.92,6690.25,5727.5,176.94,3248.69,,16722.854,6689.142,69.848,19.683,66.595,66.595,1.257,9275.604,9276.86,148553.991,0.807,20,2200,1461.8,296.332,1816.3,558.512,1246.309,302.655,1548.964,8.666,9261.288,1.521,9262.808,149528.285,200,267.136,321.763,25.506,0.002,10.406,5.37,6271.252,350,0.94,4024.5,14.8,1609.8,0,0,18.116,28.915,20.428,187.9,Burdekin,AyrDPI,Mulg,1957,Furrow,BareFallow,35,Surf1,200,110,LowFreq,0,P2R,15AprV1R4,T2,3661.8,2758.512,2112.632,2415.287,35.914,10.408,6.41432772451235,0.114231189362697,6.67698113207547,0.8847,32.487,999
1969,15/04/1969,105,0,15-Apr,2,none,out,-1,0,1963,0.000,105,0,0,318,-1,21,2039,0,0,0,0,0,,18069.888,7227.956,80.066,0,66.799,66.799,1.521,9261.288,9262.808,149528.285,0.8,0,0,145.4,0.005,1.066,144.333,0,116.35,116.35,0.001,9358.052,2.465,9360.517,153637.598,0,0,3.243,0.01,0,0,0.007,1710.285,350,0.876,2984.3,13.2,1193.7,0,0,21.46,32.39,21.894,46.5,Burdekin,AyrDPI,Mulg,1957,Furrow,BareFallow,35,Surf1,200,110,LowFreq,0,P2R,15AprV1R4,T2,145.4,144.333,1.071,117.421,0.01,0,0,0,0,,0,999
1970,15/07/1970,196,1969,15-Apr,3,sugar,alive,0,456,1969,15/4/1969,105,0,0,318,1970,21,2039,7848.61,7031.18,6114.18,189.017,3569.21,,0,0,0,20.326,94.779,94.779,2.465,9358.052,9360.517,153637.598,0.801,22,2420,660,55.804,1308.241,411.975,1370.423,368.735,1739.158,5.61,9251.271,1.882,9253.153,150547.912,200,328.654,382.71,23.201,0.001,10.398,4.848,7933.521,350,0.936,3936.9,14.5,1574.8,0,0,17.51,29.042,19.564,133.6,Burdekin,AyrDPI,Mulg,1957,Furrow,BareFallow,35,Surf1,200,110,LowFreq,0,P2R,15AprV1R4,T2,3080,2831.975,1364.045,1732.78,33.6,10.399,6.67438801543093,0.10868305237362,6.58595818815331,0.945085,35.692,999
1971,15/08/1971,227,1970,15-Apr,3,sugar,alive,1,396,1969,15/7/1970,105,0,0,318,1971,21,2039,7104.75,6360.96,5481,168.872,3048.13,,18089.003,7235.602,80.67,19.301,71.578,71.578,1.882,9251.271,9253.153,150547.912,0.795,17,1870,1175,129.599,1381.231,691.766,1244.821,284.761,1529.582,5.313,9229.698,1.211,9230.909,151048.766,200,260.481,322.314,35.528,0.002,6.284,7.157,6190.453,350,0.928,3766.5,13.8,1506.6,0,0,17.251,28.573,19.344,220,Burdekin,AyrDPI,Mulg,1957,Furrow,BareFallow,35,Surf1,200,110,LowFreq,0,P2R,15AprV1R4,T2,3045,2561.766,1510.83,1795.591,41.814,6.286,6.59201503962501,0.110404018875745,7.27896551724138,0.84436,30.481,999
1972,14/09/1972,258,1971,15-Apr,3,sugar,alive,2,396,1969,15/8/1971,105,0,0,318,1972,21,2039,6852.29,6156.85,5219.18,160.733,2915.35,,17003.507,6801.403,71.908,19.409,76.166,76.166,1.211,9229.698,9230.909,151048.766,0.79,19,2090,1435.2,296.674,1707.218,527.107,1241.644,284.309,1525.953,8.586,9219.476,1.132,9220.608,151810.613,200,255.596,311.891,29.249,0.003,9.251,5.927,6181.188,350,0.936,3921.7,14.4,1568.7,0,0,16.759,28.732,19.826,206.2,Burdekin,AyrDPI,Mulg,1957,Furrow,BareFallow,35,Surf1,200,110,LowFreq,0,P2R,15AprV1R4,T2,3525.2,2617.107,2003.892,2288.201,38.503,9.254,6.1416289055052,0.105332864118358,6.32807086614173,0.803665,29.153,999
1973,14/10/1973,287,1972,15-Apr,3,sugar,alive,3,395,1969,14/9/1972,105,0,0,318,1973,21,2039,7302.03,6542.94,5569.9,171.489,3040.53,,17214.911,6885.965,75.894,18.908,71.521,71.521,1.132,9219.476,9220.608,151810.613,0.784,20,2200,1125.6,212.913,1555.598,621.329,1239.813,273.553,1513.367,7.294,9209.231,1.728,9210.959,152477.64,200,265.222,321.704,24.432,0.002,9.393,5.125,6636.148,350,0.929,3769.6,13.8,1507.8,0,0,18.389,29.085,19.8,108.5,Burdekin,AyrDPI,Mulg,1957,Furrow,BareFallow,35,Surf1,200,110,LowFreq,0,P2R,15AprV1R4,T2,3325.6,2821.329,1768.511,2042.064,33.827,9.395,6.07830564957153,0.113316201555868,6.47128301886793,0.857445,30.405,999
1974,14/11/1974,318,1973,15-Apr,3,sugar,alive,4,396,1969,14/10/1973,105,0,0,318,1974,21,2039,6407.54,5778.01,4948.38,154.171,3045.11,,17927.294,7170.918,73.686,21.394,115.245,115.245,1.728,9209.231,9210.959,152477.64,0.778,17,1870,1952.2,688.742,1797.305,777.9,1057.91,319.603,1377.513,7.113,9206.513,1.933,9208.446,152807.512,200,210.882,315.516,61.948,0.097,13.572,11.679,6495.591,350,0.843,2642.3,9.7,1056.9,0,0,17.922,28.466,18.8,152.9,Burdekin,AyrDPI,Mulg,1957,Furrow,BareFallow,35,Surf1,200,110,LowFreq,0,P2R,15AprV1R4,T2,3822.2,2647.9,2486.047,2805.65,75.617,13.669,5.82238755240002,0.111919814912818,6.64530172413793,0.770855,30.451,999
1975,15/04/1975,105,0,15-Apr,3,none,out,-1,0,1969,0.000,105,0,0,318,-1,21,2039,0,0,0,0,0,,14648.837,5859.535,61.943,0,73.884,73.884,1.933,9206.513,9208.446,152807.512,0.772,0,0,630.3,78.333,167.078,432.223,0,263.75,263.75,0.467,9290.854,13.337,9304.191,155121.507,0,0,25.948,1.552,0.007,0.258,0.17,3639.594,350,0.421,779.8,3.3,311.9,0,0,21.936,30.98,21.26,65,Burdekin,AyrDPI,Mulg,1957,Furrow,BareFallow,35,Surf1,200,110,LowFreq,0,P2R,15AprV1R4,T2,630.3,432.223,245.411,509.161,1.817,0.265,0,0,0,,0,999
1976,14/07/1976,196,1975,15-Apr,4,sugar,alive,0,456,1975,15/4/1975,105,0,0,318,1976,21,2039,8527.21,7643.42,6638.45,204.982,3575.48,,0,0,0,18.555,195.024,195.024,13.337,9290.854,9304.191,155121.507,0.772,17,1870,2004.7,503.702,1831.588,819.464,1345.636,314.314,1659.95,16.795,9167.998,1.714,9169.712,152279.056,200,331.255,370.788,32.019,0.016,15.75,6.679,6702.023,350,0.978,5461.4,20,2184.6,0,0,17.666,28.095,18.294,179.8,Burdekin,AyrDPI,Mulg,1957,Furrow,BareFallow,35,Surf1,200,110,LowFreq,0,P2R,15AprV1R4,T2,3874.7,2689.464,2335.29,2649.604,47.785,15.766,7.62166736569071,0.123486852013615,8.83543103448276,1.02491,35.755,999
1977,14/08/1977,226,1976,15-Apr,4,sugar,alive,1,396,1975,14/7/1976,105,0,0,318,1977,21,2039,6868.56,6140.83,5306.41,163.036,2898.17,,20696.687,8278.676,97.865,18.965,74.484,74.484,1.714,9167.998,9169.712,152279.056,0.76,18,1980,1376.6,262.333,1692.701,542.703,1131.295,261.268,1392.563,4.822,9173.059,1.115,9174.174,152081.97,200,250.873,305.809,21.58,0.007,6.172,4.478,7182.12,350,0.943,4096.4,15.1,1638.5,0,0,17.488,28.286,19.446,170.6,Burdekin,AyrDPI,Mulg,1957,Furrow,BareFallow,35,Surf1,200,110,LowFreq,0,P2R,15AprV1R4,T2,3356.6,2522.703,1955.034,2216.302,27.759,6.179,6.46275047042795,0.117076211273745,6.70930041152263,0.81518,28.982,999
1978,14/09/1978,257,1977,15-Apr,4,sugar,alive,2,396,1975,14/8/1977,105,0,0,318,1978,21,2039,7613.04,6849.32,5934.48,183.593,3449.99,,16760.176,6704.071,68.875,20.214,83.487,83.487,1.115,9173.059,9174.174,152081.97,0.76,19,2090,956.1,117.213,1350.113,547.205,1241.49,272.362,1513.852,5.138,9162.57,1.32,9163.89,151694.466,200,264.893,318.29,23.009,0.005,8.804,4.779,7584.12,350,0.942,4055.7,14.9,1622.3,0,0,17.622,28.221,20.415,150.6,Burdekin,AyrDPI,Mulg,1957,Furrow,BareFallow,35,Surf1,200,110,LowFreq,0,P2R,15AprV1R4,T2,3046.1,2637.205,1467.326,1739.688,31.818,8.809,6.96165068699627,0.121275395481196,7.22807086614173,0.917965,34.5,999
1979,14/10/1979,287,1978,15-Apr,4,sugar,alive,3,395,1975,14/9/1978,105,0,0,318,1979,21,2039,6849.96,6160.27,5289.53,163.556,3054.27,,17715.116,7086.046,73.206,20.069,148.409,148.409,1.32,9162.57,9163.89,151694.466,0.755,20,2200,1484.7,358.382,1985.844,575.796,1128.367,284.961,1413.329,12.618,9159.95,1.459,9161.409,151346.173,200,242.099,311.393,30.526,0.014,18.471,6.039,7667.409,350,0.914,3505.8,12.9,1402.3,0,0,18.01,28.393,19.377,350.7,Burdekin,AyrDPI,Mulg,1957,Furrow,BareFallow,35,Surf1,200,110,LowFreq,0,P2R,15AprV1R4,T2,3684.7,2775.796,2344.226,2629.187,49.011,18.485,5.89221974525506,0.115723939719627,6.17192452830189,0.81778,30.543,999
1980,13/11/1980,318,1979,15-Apr,4,sugar,alive,4,396,1975,14/10/1979,105,0,0,318,1980,21,2039,7883.91,7085.78,6101.11,188.607,3587.44,,16243.61,6497.444,66.97,20.495,75.555,75.555,1.459,9159.95,9161.409,151346.173,0.751,21,2310,768.9,141.149,1372.179,427.191,1296.209,275.657,1571.866,5.921,9141.25,1.606,9142.856,150382.683,200,271.896,327.096,27.126,0.007,9.25,5.521,8267.144,350,0.955,4423.2,16.2,1769.3,0,0,18.675,29.043,20.995,86.4,Burdekin,AyrDPI,Mulg,1957,Furrow,BareFallow,35,Surf1,200,110,LowFreq,0,P2R,15AprV1R4,T2,3078.9,2737.191,1513.328,1788.985,36.383,9.257,6.89053120516617,0.119989235723656,6.83358695652174,0.943035,35.874,999
1981,15/04/1981,105,0,15-Apr,4,none,out,-1,0,1975,0.000,105,0,0,318,-1,21,2039,0,0,0,0,0,,18913.49,7565.396,80.214,0,69.26,69.26,1.606,9141.25,9142.856,150382.683,0.745,0,0,929,338.74,264.373,469.971,0,221.808,221.808,0.297,9241.441,5.178,9246.62,153321.111,0,0,18.225,0.78,0.052,0.154,0.073,3694.381,350,0.685,1649.8,7,659.9,0,0,21.829,30.388,19.918,102.2,Burdekin,AyrDPI,Mulg,1957,Furrow,BareFallow,35,Surf1,200,110,LowFreq,0,P2R,15AprV1R4,T2,929,469.971,603.113,824.921,0.986,0.206,0,0,0,,0,999
1982,15/07/1982,196,1981,15-Apr,5,sugar,alive,0,456,1981,15/4/1981,105,0,0,318,1982,21,2039,8313.21,7451.74,6484.87,200.542,3757.13,,0,0,0,20.144,173.34,173.34,5.178,9241.441,9246.62,153321.111,0.747,21,2310,774.6,140.352,1252.205,491.528,1430.933,357.536,1788.468,6.838,9118.755,1.969,9120.724,147468.49,200,324.861,378.723,33.629,0.023,15.413,6.851,10067.766,350,0.964,4754.4,17.4,1901.7,0,0,17.319,28.644,18.818,104.8,Burdekin,AyrDPI,Mulg,1957,Furrow,BareFallow,35,Surf1,200,110,LowFreq,0,P2R,15AprV1R4,T2,3084.6,2801.528,1392.557,1750.093,49.065,15.436,7.15830789483453,0.112130605635661,7.26601449275362,1.00271,37.571,999
1983,15/08/1983,227,1982,15-Apr,5,sugar,alive,1,396,1981,15/7/1982,105,0,0,318,1983,21,2039,7048.93,6290.04,5424.32,166.992,2968.5,,19582.091,7832.836,85.518,18.965,76.915,76.915,1.969,9118.755,9120.724,147468.49,0.737,20,2200,635.3,177.509,1186.054,370.377,1180.638,284.753,1465.391,3.61,9068.027,1.672,9069.7,146365.088,200,297.684,356.29,26.177,0.017,7.268,5.436,7875.417,350,0.938,3962.3,14.6,1584.9,0,0,17.679,28.512,19.609,95.4,Burdekin,AyrDPI,Mulg,1957,Furrow,BareFallow,35,Surf1,200,110,LowFreq,0,P2R,15AprV1R4,T2,2835.3,2570.377,1363.563,1648.316,33.462,7.285,6.49679015957581,0.113957298768725,6.30158490566038,0.83496,29.685,999
1984,14/09/1984,258,1983,15-Apr,5,sugar,alive,2,396,1981,15/8/1983,105,0,0,318,1984,21,2039,7391.39,6643.83,5639.58,174.005,3123.51,,17177.187,6870.875,73.174,19.179,83.262,83.262,1.672,9068.027,9069.7,146365.088,0.736,21,2310,591.2,101.177,1282.649,459.085,1254.175,263.396,1517.571,5.547,9039.237,1.718,9040.955,146219.204,200,282.975,340.34,25.836,0.013,8.272,5.352,7352.22,350,0.935,3898,14.3,1559.2,0,0,17.66,28.64,19.333,75.6,Burdekin,AyrDPI,Mulg,1957,Furrow,BareFallow,35,Surf1,200,110,LowFreq,0,P2R,15AprV1R4,T2,2901.2,2769.085,1383.826,1647.222,34.121,8.285,6.28384466348993,0.114660203707108,6.30452898550725,0.870025,31.235,999
1985,14/10/1985,287,1984,15-Apr,5,sugar,alive,3,395,1981,14/9/1984,105,0,0,318,1985,21,2039,7241.1,6545.96,5564.54,172.196,3113.94,,18203.629,7281.451,79.89,19.343,83.066,83.066,1.718,9039.237,9040.955,146219.204,0.732,20,2200,788.1,121.144,1332.714,521.313,1244.515,298.299,1542.814,5.689,9026.865,1.295,9028.161,146380.066,200,262.871,323.391,31.64,0.015,9.337,6.46,7194.373,350,0.94,4011.9,14.7,1604.7,0,0,17.489,28.667,19.694,111.4,Burdekin,AyrDPI,Mulg,1957,Furrow,BareFallow,35,Surf1,200,110,LowFreq,0,P2R,15AprV1R4,T2,2988.1,2721.313,1453.858,1752.157,40.992,9.352,6.32768079232341,0.11161163951066,6.49796226415094,0.86098,31.139,999
1986,14/11/1986,318,1985,15-Apr,5,sugar,alive,4,396,1981,14/10/1985,105,0,0,318,1986,21,2039,7228.82,6476.52,5494.95,169.604,3099.21,,17660.824,7064.329,76.689,19.576,74.493,74.493,1.295,9026.865,9028.161,146380.066,0.728,20,2200,879.6,125.175,1367.597,605.59,1263.097,307.563,1570.66,6.478,9001.965,2.063,9004.027,146242.683,200,263.724,335.695,41.44,0.025,9.819,8.209,7509.579,350,0.91,3435,12.6,1374,0,0,18.869,29.426,18.897,117.8,Burdekin,AyrDPI,Mulg,1957,Furrow,BareFallow,35,Surf1,200,110,LowFreq,0,P2R,15AprV1R4,T2,3079.6,2805.59,1492.772,1800.335,51.284,9.844,6.04521687060476,0.107982631505227,6.40015094339623,0.84802,30.992,999
1987,15/04/1987,105,0,15-Apr,5,none,out,-1,0,1981,0.000,105,0,0,318,-1,21,2039,0,0,0,0,0,,17657.6,7063.039,73.732,0,90.661,90.661,2.063,9001.965,9004.027,146242.683,0.723,0,0,212.7,0.008,21.851,190.848,0,168.299,168.299,0.026,9102.488,5.058,9107.546,149213.378,0,0,11.681,0.047,0,0.007,0.024,3137.889,350,0.78,2161.5,9,864.6,0,0,21.95,32.242,21.983,44,Burdekin,AyrDPI,Mulg,1957,Furrow,BareFallow,35,Surf1,200,110,LowFreq,0,P2R,15AprV1R4,T2,212.7,190.848,21.859,190.158,0.054,0.007,0,0,0,,0,999
1988,14/07/1988,196,1987,15-Apr,6,sugar,alive,0,456,1987,15/4/1987,105,0,0,318,1988,21,2039,8029.19,7173.4,6268.18,193.326,3693.1,,0,0,0,20.597,113.205,113.205,5.058,9102.488,9107.546,149213.378,0.724,21,2310,1008.5,71.316,1546.007,481.279,1372.524,343.563,1716.087,7.219,8966.031,2.023,8968.054,145672.848,200,348.976,397.762,29.144,0.021,11.22,6.076,7944.555,350,0.965,4804.5,17.6,1921.8,0,0,17.995,29.116,18.802,254,Burdekin,AyrDPI,Mulg,1957,Furrow,BareFallow,35,Surf1,200,110,LowFreq,0,P2R,15AprV1R4,T2,3318.5,2791.279,1617.323,1960.886,40.385,11.241,6.92607224143484,0.112655127624648,7.0045652173913,0.96663,36.931,999
1989,14/08/1989,226,1988,15-Apr,6,sugar,alive,1,396,1987,14/7/1988,105,0,0,318,1989,21,2039,7030.01,6240.15,5376.42,164.672,2914.74,,19052.329,7620.931,89.168,18.871,98.296,98.296,2.023,8966.031,8968.054,145672.848,0.716,16,1760,1383.4,224.859,1472.352,755.279,1193.375,266.611,1459.986,5.504,8959.897,0.866,8960.763,145776.102,200,252.067,308.477,23.962,0.024,12.528,5.016,6586.671,350,0.947,4208.7,15.5,1683.5,0,0,17.87,28.468,18.868,134.8,Burdekin,AyrDPI,Mulg,1957,Furrow,BareFallow,35,Surf1,200,110,LowFreq,0,P2R,15AprV1R4,T2,3143.4,2515.279,1697.211,1963.822,36.514,12.552,6.54686816054998,0.112790122645012,7.45122171945701,0.82336,29.147,999
1990,14/09/1990,257,1989,15-Apr,6,sugar,alive,2,396,1987,14/8/1989,105,0,0,318,1990,21,2039,6521.22,5776.6,5031.24,153.873,2752.27,,17632.837,7053.135,75.717,19.101,84.499,84.499,0.866,8959.897,8960.763,145776.102,0.716,17,1870,1288.6,362.618,1430.994,543.075,1115.11,276.89,1392,3.981,8963.901,0.957,8964.858,146008.594,200,246.938,299.051,23.206,0.033,8.252,4.807,6565.658,350.712,0.956,4466.1,16.4,1786.4,0,0,17.279,28.597,19.939,103,Burdekin,AyrDPI,Mulg,1957,Furrow,BareFallow,35,Surf1,200,110,LowFreq,0,P2R,15AprV1R4,T2,3158.6,2413.075,1793.612,2070.502,31.491,8.285,6.37663562052568,0.110540948275862,6.63245689655172,0.769365,27.523,999
1991,14/10/1991,287,1990,15-Apr,6,sugar,alive,3,395,1987,14/9/1990,105,0,0,318,1991,21,2039,7167.21,6412.06,5533.97,170.404,3332.51,,16461.027,6584.411,75.723,21.155,57.487,57.487,0.957,8963.901,8964.858,146008.594,0.713,20,2200,1680.4,395.935,1975.15,407.059,1249.679,254.961,1504.641,8.706,8959.891,1.443,8961.334,145935.771,200,257.271,310.829,23.574,0.018,9.064,4.89,7044.016,352.383,0.944,4130.1,15.2,1652.1,0,0,17.386,28.895,19.58,204.4,Burdekin,AyrDPI,Mulg,1957,Furrow,BareFallow,35,Surf1,200,110,LowFreq,0,P2R,15AprV1R4,T2,3880.4,2607.059,2371.085,2626.046,32.656,9.082,6.53625407019941,0.113252264161351,6.43033962264151,0.85202,33.325,999
1992,13/11/1992,318,1991,15-Apr,6,sugar,alive,4,396,1987,14/10/1991,105,0,0,318,1992,21,2039,7894.69,7067.66,6145.41,189.684,3757.47,,17393.139,6957.256,75.123,21.465,62.161,62.161,1.443,8959.891,8961.334,145935.771,0.71,22,2420,659.3,101.897,1308.593,397.494,1371.809,290.703,1662.513,5.98,8946.571,1.388,8947.959,145848.104,200,268.579,328.175,25.836,0.017,9.785,5.417,7498.513,354.083,0.956,4462.8,16.4,1785.1,0,0,18.342,29.501,20.919,122.8,Burdekin,AyrDPI,Mulg,1957,Furrow,BareFallow,35,Surf1,200,110,LowFreq,0,P2R,15AprV1R4,T2,3079.3,2817.494,1410.49,1701.193,35.638,9.802,6.73236571222512,0.114094746928295,6.60919860627178,0.94842,37.575,999
1993,15/04/1993,105,0,15-Apr,6,none,out,-1,0,1987,0.000,105,0,0,318,-1,21,2039,0,0,0,0,0,,18662.212,7464.884,78.186,0,68.459,68.459,1.388,8946.571,8947.959,145848.104,0.706,0,0,402.2,66.41,83.416,303.705,0,186.957,186.957,0.108,9026.866,22.504,9049.37,148394.59,0,0,35.03,0.426,0.055,0.065,0.085,3976.795,354.757,0.711,1773.2,7.4,709.3,0,0,21.276,31.26,21.924,72,Burdekin,AyrDPI,Mulg,1957,Furrow,BareFallow,35,Surf1,200,110,LowFreq,0,P2R,15AprV1R4,T2,402.2,303.705,149.826,336.783,0.546,0.12,0,0,0,,0,999
1994,15/07/1994,196,1993,15-Apr,7,sugar,alive,0,456,1993,15/4/1993,105,0,0,318,1994,21,2039,8811.04,7919.11,6908.85,214.077,4098.21,,0,0,0,20.647,133.877,133.877,22.504,9026.866,9049.37,148394.59,0.705,23,2530,465.6,43.267,1238.991,367.979,1421.32,348.04,1769.36,7.142,8905.807,1.94,8907.747,144687.428,200,350.583,381.522,27.674,0.038,13.462,5.899,8097.237,356.78,0.972,5130.8,18.8,2052.3,0,0,17.896,28.846,19.367,46.8,Burdekin,AyrDPI,Mulg,1957,Furrow,BareFallow,35,Surf1,200,110,LowFreq,0,P2R,15AprV1R4,T2,2995.6,2897.979,1282.258,1630.298,41.174,13.5,7.38711357121636,0.120991205859746,7.18379194630873,1.070385,40.982,999
1995,15/08/1995,227,1994,15-Apr,7,sugar,alive,1,396,1993,15/7/1994,105,0,0,318,1995,21,2039,7393.94,6576.12,5785.28,177.87,3425.3,,20529.735,8211.893,89.863,20.787,77.86,77.86,1.94,8905.807,8907.747,144687.428,0.698,21,2310,482.2,126.079,1070.531,323.787,1275.571,267.514,1543.085,2.199,8906.329,1.297,8907.626,144384.667,200,261.06,317.498,19.297,0.04,5.95,4.081,7608.358,358.569,0.941,4036.3,14.8,1614.5,0,0,18.082,29.062,20.474,55.2,Burdekin,AyrDPI,Mulg,1957,Furrow,BareFallow,35,Surf1,200,110,LowFreq,0,P2R,15AprV1R4,T2,2792.2,2633.787,1196.61,1464.124,25.287,5.99,6.75339349765186,0.115269087574567,6.4445652173913,0.88935,34.253,999
1996,14/09/1996,258,1995,15-Apr,7,sugar,alive,2,396,1993,15/8/1995,105,0,0,318,1996,21,2039,7614.41,6811.73,5992,184.58,3753.22,,17104.418,6841.767,67.439,22.111,130.366,130.366,1.297,8906.329,8907.626,144384.667,0.699,22,2420,564.9,127.372,1324.938,310.471,1303.268,277.194,1580.462,4.599,8899.758,1.209,8900.967,144060.38,200,261.464,317.85,18.672,0.05,16.928,3.93,7932.757,360.388,0.948,4221,15.5,1688.4,0,0,19.055,29.44,20.405,107,Burdekin,AyrDPI,Mulg,1957,Furrow,BareFallow,35,Surf1,200,110,LowFreq,0,P2R,15AprV1R4,T2,2984.9,2730.471,1452.31,1729.504,35.65,16.978,6.76000587444437,0.116788635221853,6.43135888501742,0.9229,37.532,999
1997,14/10/1997,287,1996,15-Apr,7,sugar,alive,3,395,1993,14/9/1996,105,0,0,318,1997,21,2039,7915.01,7083.55,6275.22,193.922,3865.15,,17378.395,6951.357,67.357,21.616,82.494,82.494,1.209,8899.758,8900.967,144060.38,0.696,20,2200,962.4,222.705,1495.51,475.37,1178.586,275.214,1453.8,5.865,8907.197,1.148,8908.345,144015.411,200,252.509,307.257,24.039,0.062,8.594,4.899,7717.925,362.245,0.958,4521.7,16.6,1808.7,0,0,19.379,28.509,20.519,116.8,Burdekin,AyrDPI,Mulg,1957,Furrow,BareFallow,35,Surf1,200,110,LowFreq,0,P2R,15AprV1R4,T2,3162.4,2675.37,1718.215,1993.429,32.695,8.656,7.24841797583138,0.133389737240336,7.31781132075472,0.96961,38.651,999
1998,18/11/1998,322,1997,15-Apr,7,sugar,alive,4,400,1993,14/10/1997,105,0,4,318,1998,17,2039,8474.49,7544.54,6660.04,205.423,3983.84,,17781.654,7112.662,70.432,20.954,72.879,72.879,1.148,8907.197,8908.345,144015.411,0.693,20,2200,1256.5,149.041,1724.104,656.452,1226.152,250.025,1476.177,5.013,8898.618,1.585,8900.203,143470.644,200,270.45,332.4,25.595,0.049,8.793,5.199,8609.323,364.156,0.952,4347,15.9,1738.8,0,0,20.779,29.076,19.406,189.6,Burdekin,AyrDPI,Mulg,1957,Furrow,BareFallow,35,Surf1,200,110,LowFreq,0,P2R,15AprV1R4,T2,3456.5,2856.452,1873.145,2123.17,34.437,8.842,7.19154391531872,0.139158786514083,7.75181132075472,1.027115,39.838,999
1999,15/04/1999,105,0,15-Apr,7,none,out,-1,0,1993,0.000,105,0,4,322,-1,17,2043,0,0,0,0,0,,19117.765,7647.106,73.508,0,180.057,180.057,1.585,8898.618,8900.203,143470.644,0.69,0,0,719.4,210.557,241.642,400.811,0,273.776,273.776,0.597,8997.313,11.633,9008.946,146452.295,0,0,31.29,1.2,0.245,0.324,0.133,4414.239,364.878,0.451,857.9,3.3,343.2,0,0,23.424,31.174,20.301,98.7,Burdekin,AyrDPI,Mulg,1957,Furrow,BareFallow,35,Surf1,200,110,LowFreq,0,P2R,15AprV1R4,T2,719.4,400.811,452.199,725.975,1.769,0.569,0,0,0,,0,999
2000,14/07/2000,196,1999,15-Apr,8,sugar,alive,0,456,1999,15/4/1999,105,0,0,318,2000,21,2039,9831.04,8825.58,7844.11,243.43,4286.31,,0,0,0,18.758,173.482,173.482,11.633,8997.313,9008.946,146452.295,0.692,19,2090,1568.6,323.013,1717.886,719.227,1352.521,347.999,1700.52,12.292,8877.146,2.046,8879.192,141990.541,200,346.37,373.679,20.651,0.156,11.152,4.491,8677.003,367.113,0.985,5975.8,21.9,2390.3,0,0,18.528,27.801,18.606,136,Burdekin,AyrDPI,Mulg,1957,Furrow,BareFallow,35,Surf1,200,110,LowFreq,0,P2R,15AprV1R4,T2,3658.6,2809.227,2040.899,2388.898,31.959,11.308,8.66537307237899,0.143150330487145,9.58385826771654,1.21715,42.863,999
2001,14/08/2001,226,2000,15-Apr,8,sugar,alive,1,396,1999,14/7/2000,105,0,0,318,2001,21,2039,7162.18,6369.56,5607.74,172.513,3361.27,,21968.329,8787.333,89.126,21.066,90.664,90.664,2.046,8877.146,8879.192,141990.541,0.683,20,2200,561.9,159.167,1145.152,428.509,1216.176,250.115,1466.291,2.206,8873.135,1.516,8874.651,140957.952,200,269.136,324.233,16.518,0.089,5.566,3.51,8608.747,369.092,0.936,3920,14.4,1568,0,0,17.687,28.838,19.812,52,Burdekin,AyrDPI,Mulg,1957,Furrow,BareFallow,35,Surf1,200,110,LowFreq,0,P2R,15AprV1R4,T2,2761.9,2628.509,1304.319,1554.434,22.173,5.655,6.56315044004034,0.117652635118131,6.50992452830189,0.862565,33.613,999
2002,14/09/2002,257,2001,15-Apr,8,sugar,alive,2,396,1999,14/8/2001,105,0,0,318,2002,21,2039,7595.88,6792.96,5860.92,180.176,3694.49,,16544.772,6617.91,65.302,22.321,81.955,81.955,1.516,8873.135,8874.651,140957.952,0.685,20,2200,810.4,20.796,1365.701,361.251,1367.748,272.173,1639.921,4.525,8847.379,1.293,8848.673,139531.893,200,287.85,341.418,20.099,0.028,7.782,4.294,8882.839,371.106,0.955,4431.5,16.3,1772.6,0,0,18.187,30.127,20.983,206,Burdekin,AyrDPI,Mulg,1957,Furrow,BareFallow,35,Surf1,200,110,LowFreq,0,P2R,15AprV1R4,T2,3010.4,2561.251,1386.497,1658.67,27.909,7.81,7.03468734614452,0.109868707090159,6.79909433962264,0.90088,36.945,999
2003,14/10/2003,287,2002,15-Apr,8,sugar,alive,3,395,1999,14/9/2002,105,0,0,318,2003,21,2039,7846.68,7002.51,6138.74,188.971,3796.07,,18513.975,7405.59,78.348,21.808,65.939,65.939,1.293,8847.379,8848.673,139531.893,0.682,22,2420,462,47.307,1153.58,295.644,1401.899,264.31,1666.209,3.52,8839.405,1.856,8841.261,138278.321,200,274.796,332.132,21.06,0.023,7.732,4.452,9085.724,373.156,0.96,4588.8,16.8,1835.5,0,0,18.19,29.917,21.248,51,Burdekin,AyrDPI,Mulg,1957,Furrow,BareFallow,35,Surf1,200,110,LowFreq,0,P2R,15AprV1R4,T2,2882,2715.644,1200.887,1465.197,28.815,7.755,6.95860724012426,0.113413743413941,6.58435540069687,0.944855,37.961,999
2004,13/11/2004,318,2003,15-Apr,8,sugar,alive,4,396,1999,14/10/2003,105,0,0,318,2004,21,2039,8077.78,7247.6,6327.95,195.61,3935.52,,18418.006,7367.203,75.52,21.847,80.845,80.845,1.856,8839.405,8841.261,138278.321,0.68,21,2310,725.2,37.175,1336.752,392.435,1412.796,262.062,1674.858,5.228,8827.081,1.533,8828.613,136853.939,200,278.92,335.872,19.108,0.019,11.366,4.143,9346.016,375.235,0.957,4478.9,16.4,1791.6,0,0,18.512,29.868,20.87,173.2,Burdekin,AyrDPI,Mulg,1957,Furrow,BareFallow,35,Surf1,200,110,LowFreq,0,P2R,15AprV1R4,T2,3035.2,2702.435,1373.927,1635.989,30.493,11.385,7.23828695232263,0.11679199072399,7.08731884057971,0.97805,39.355,999
2005,15/04/2005,105,0,15-Apr,8,none,out,-1,0,1999,0.000,105,0,0,318,-1,21,2039,0,0,0,0,0,,18680.658,7472.263,78.153,0,67.262,67.262,1.533,8827.081,8828.613,136853.939,0.677,0,0,632.4,73.199,346.321,276.104,0,152.275,152.275,0.363,8913.949,21.619,8935.567,139102.466,0,0,28.255,0.281,0.181,0.081,0.065,4295.607,376.057,0.818,2435.3,10.2,974.1,0,0,22.275,32.232,22.042,143.4,Burdekin,AyrDPI,Mulg,1957,Furrow,BareFallow,35,Surf1,200,110,LowFreq,0,P2R,15AprV1R4,T2,632.4,276.104,419.52,571.795,0.543,0.262,0,0,0,,0,999
2006,15/07/2006,196,2005,15-Apr,9,sugar,alive,0,456,2005,15/4/2005,105,0,0,318,2006,21,2039,8532.58,7670.53,6708.25,207.789,3819.9,,0,0,0,19.712,127.867,127.867,21.619,8913.949,8935.567,139102.466,0.676,21,2310,961.7,146.789,1480.944,526.791,1364.68,323.264,1687.943,5.458,8787.645,2.18,8789.825,132843.315,200,360.859,396.047,26.274,0.19,11.142,5.604,10921.21,378.522,0.966,4834.4,17.7,1933.8,0,0,18.53,29.09,18.768,178.4,Burdekin,AyrDPI,Mulg,1957,Furrow,BareFallow,35,Surf1,200,110,LowFreq,0,P2R,15AprV1R4,T2,3271.7,2836.791,1627.733,1950.997,37.606,11.332,7.32479058203442,0.123101905692313,7.52858695652174,1.038945,38.199,999
2007,15/08/2007,227,2006,15-Apr,9,sugar,alive,1,396,2005,15/7/2006,105,0,0,318,2007,21,2039,7146.19,6408.39,5581.33,172.346,3158.1,,19616.068,7846.428,85.482,19.639,83.891,83.891,2.18,8787.645,8789.825,132843.315,0.671,18,1980,967.8,192.97,1279.036,521.757,1209.24,278.288,1487.529,4.593,8756.655,1.417,8758.072,131362.126,200,281.272,335.676,19.79,0.21,13.819,4.265,8408.743,380.697,0.941,4041.2,14.8,1616.5,0,0,17.271,28.395,19.639,130.2,Burdekin,AyrDPI,Mulg,1957,Furrow,BareFallow,35,Surf1,200,110,LowFreq,0,P2R,15AprV1R4,T2,2947.8,2501.757,1472.006,1750.294,33.819,14.029,6.88899841191611,0.115860598347999,7.09242798353909,0.86173,31.581,999
2008,14/09/2008,258,2007,15-Apr,9,sugar,alive,2,396,2005,15/8/2007,105,0,0,318,2008,21,2039,7607.24,6846.43,5894.92,181.942,3436.15,,16736.265,6694.506,70.01,20.33,72.157,72.157,1.417,8756.655,8758.072,131362.126,0.673,19,2090,1334.1,275.083,1610.772,604.51,1266.908,273.575,1540.483,8.974,8734.261,1.15,8735.411,130951.355,200,282.385,330.014,20.905,0.643,7.231,4.436,7649.993,382.903,0.959,4563.2,16.7,1825.3,0,0,17.841,28.663,19.218,108.2,Burdekin,AyrDPI,Mulg,1957,Furrow,BareFallow,35,Surf1,200,110,LowFreq,0,P2R,15AprV1R4,T2,3424.1,2694.51,1885.855,2159.43,28.779,7.874,6.75232231463235,0.118107113158665,7.16307086614173,0.90971,34.362,999
2009,14/10/2009,287,2008,15-Apr,9,sugar,alive,3,395,2005,14/9/2008,105,0,0,318,2009,21,2039,7103.52,6321.69,5503.59,168.841,3135.56,,18433.443,7373.377,79.375,19.943,69.919,69.919,1.15,8734.261,8735.411,130951.355,0.672,17,1870,1789.1,324.723,1861.689,540.473,1223.371,265.662,1489.033,13.871,8722.532,1.538,8724.07,130607.668,200,270.977,328.138,24.391,0.293,8.258,5,7885.773,385.15,0.951,4316.3,15.8,1726.5,0,0,18.502,29.563,19.422,197.2,Burdekin,AyrDPI,Mulg,1957,Furrow,BareFallow,35,Surf1,200,110,LowFreq,0,P2R,15AprV1R4,T2,3659.1,2410.473,2186.412,2452.074,32.942,8.551,7.0044758850234,0.113389696534597,7.27762931034483,0.844205,31.356,999
2010,27/11/2010,331,2009,15-Apr,9,sugar,alive,4,409,2005,14/10/2009,105,0,13,318,2010,14,2039,8145.72,7263.08,6267.08,192.81,3473.44,,17268.347,6907.339,75.154,19.258,53.573,53.573,1.538,8722.532,8724.07,130607.668,0.67,19,2090,1502.3,232.658,1711.713,782.566,1283.262,255.719,1538.981,7.05,8704.349,1.709,8706.057,130290.947,200,284.121,338.127,19.484,0.089,10.698,4.205,8127.18,387.51,0.949,4241.8,15.6,1696.7,0,0,19.486,29.17,18.173,135.2,Burdekin,AyrDPI,Mulg,1957,Furrow,BareFallow,35,Surf1,200,110,LowFreq,0,P2R,15AprV1R4,T2,3592.3,2872.566,1944.371,2200.09,30.271,10.787,6.71211731949762,0.125284197790616,7.59094488188976,0.96405,34.734,999
2011,15/04/2011,105,0,15-Apr,9,none,out,-1,0,2005,0.000,105,0,13,331,-1,14,2052,0,0,0,0,0,,19573.937,7829.574,79.421,0,162.522,162.522,1.709,8704.349,8706.057,130290.947,0.667,0,0,1001.9,343.993,336.281,481.525,0,270.224,270.224,0.488,8810.138,4.92,8815.058,133798.732,0,0,22.947,1.014,0.241,0.2,0.085,3569.874,388.328,0.481,936.8,3.8,374.7,0,0,22.909,30.777,17.896,75.6,Burdekin,AyrDPI,Mulg,1957,Furrow,BareFallow,35,Surf1,200,110,LowFreq,0,P2R,15AprV1R4,T2,1001.9,481.525,680.274,950.498,1.455,0.441,0,0,0,,0,999
2012,21/07/2012,203,2011,15-Apr,10,sugar,alive,0,463,2011,15/4/2011,105,0,7,318,2012,14,2039,8716.12,7831.76,6846.21,211.752,3833.34,,0,0,0,19.367,213.924,213.924,4.92,8810.138,8815.058,133798.732,0.671,19,2090,1178.8,258.34,1323.537,679.265,1402.215,336.924,1739.14,8.493,8673.345,2.144,8675.489,129573.617,200,356.007,392.297,20.237,0.305,10.358,4.39,8362.686,391.061,0.975,5295.4,19.4,2118.2,0,0,17.116,28.352,18.479,197.4,Burdekin,AyrDPI,Mulg,1957,Furrow,BareFallow,35,Surf1,200,110,LowFreq,0,P2R,15AprV1R4,T2,3268.8,2769.265,1581.877,1918.801,30.9,10.663,7.64650548069614,0.121756730337983,8.33669291338583,1.05876,38.333,999
2013,21/08/2013,233,2012,15-Apr,10,sugar,alive,1,396,2011,21/7/2012,105,0,7,325,2013,14,2046,7084.61,6284.05,5530.94,169.804,3104.05,,20395.351,8158.141,86.413,19.585,161.708,161.708,2.144,8673.345,8675.489,129573.617,0.662,20,2200,535.4,108.839,1249.305,312.574,1201.837,270.391,1472.229,2.895,8666.505,1.306,8667.811,129623.128,200,262.192,318.353,16.106,0.331,13.514,3.456,7081.708,393.439,0.945,4136,15.2,1654.4,0,0,17.687,28.853,19.998,178.6,Burdekin,AyrDPI,Mulg,1957,Furrow,BareFallow,35,Surf1,200,110,LowFreq,0,P2R,15AprV1R4,T2,2735.4,2512.574,1358.144,1628.535,29.951,13.845,6.75816911263111,0.115338035047537,6.40769811320755,0.84902,31.041,999
2014,21/09/2014,264,2013,15-Apr,10,sugar,alive,2,396,2011,21/8/2013,105,0,7,325,2014,14,2046,7730.16,6963.49,5987.97,185.048,3487.95,,16721.781,6688.713,67.44,20.284,66.736,66.736,1.306,8666.505,8667.811,129623.128,0.665,21,2310,729,119.713,1385.01,447.16,1265.531,255.85,1521.381,4.467,8660.998,1.06,8662.058,129643.665,200,268.571,317.12,16.664,0.029,7.793,3.639,7221.301,395.854,0.954,4396.8,16.1,1758.7,0,0,17.964,29.112,19.977,86.2,Burdekin,AyrDPI,Mulg,1957,Furrow,BareFallow,35,Surf1,200,110,LowFreq,0,P2R,15AprV1R4,T2,3039,2757.16,1504.723,1760.573,24.486,7.822,6.7115437624222,0.121631596556024,6.70463768115942,0.92524,34.88,999
2015,21/10/2015,294,2014,15-Apr,10,sugar,alive,3,395,2011,21/9/2014,105,0,7,325,2015,14,2046,7722.23,6915.66,6041.02,186.084,3800.29,,18545.85,7418.34,77.576,22.22,79.634,79.634,1.06,8660.998,8662.058,129643.665,0.663,22,2420,380.2,36.006,1099.004,234.364,1396.216,267.723,1663.939,3.126,8654.985,1.494,8656.479,129535.301,200,273.126,329.764,19.861,0.017,7.43,4.197,7959.048,398.306,0.955,4422.3,16.2,1768.9,0,0,18.451,30.095,20.857,83.4,Burdekin,AyrDPI,Mulg,1957,Furrow,BareFallow,35,Surf1,200,110,LowFreq,0,P2R,15AprV1R4,T2,2800.2,2654.364,1135.01,1402.733,27.308,7.447,7.01049290903584,0.111833426585951,6.48376306620209,0.93042,38.003,999
2016,20/11/2016,325,2015,15-Apr,10,sugar,alive,4,396,2011,21/10/2015,105,0,7,325,2016,14,2046,7388.11,6550.67,5703.49,174.839,3234.51,,18049.208,7219.683,71.834,19.855,80.886,80.886,1.494,8654.985,8656.479,129535.301,0.661,21,2310,596.6,130.904,1238.641,426.112,1284.275,262.745,1547.02,4.346,8647.545,1.927,8649.471,129436.989,200,268.118,330.971,25.572,0.057,8.412,5.205,7944.876,400.79,0.943,4092.8,15,1637.1,0,0,19.739,30.3,19.206,43.6,Burdekin,AyrDPI,Mulg,1957,Furrow,BareFallow,35,Surf1,200,110,LowFreq,0,P2R,15AprV1R4,T2,2906.6,2736.112,1369.545,1632.29,34.041,8.469,6.3900527463788,0.113016638440356,6.33474637681159,0.874195,32.345,999
2017,15/04/2017,105,0,15-Apr,10,none,out,-1,0,2011,0.000,105,0,7,325,-1,14,2046,0,0,0,0,0,,17798.154,7119.261,72.903,0,70.922,70.922,1.927,8647.545,8649.471,129436.989,0.658,0,0,617.6,59.156,217.831,385.413,0,211.89,211.89,0.373,8753.818,5.713,8759.531,132434.788,0,0,20.37,0.504,0.068,0.132,0.059,3621.247,401.725,0.59,1275,5.2,510,0,0,22.783,32.223,19.61,106.2,Burdekin,AyrDPI,Mulg,1957,Furrow,BareFallow,35,Surf1,200,110,LowFreq,0,P2R,15AprV1R4,T2,617.6,385.413,276.987,488.877,0.704,0.2,0,0,0,,0,999
2018,15/07/2018,196,2017,15-Apr,11,sugar,alive,0,456,2017,15/4/2017,105,0,0,318,2018,21,2039,7637.1,6793.13,5957.02,183.252,3494.8,,0,0,0,20.557,199.645,199.645,5.713,8753.818,8759.531,132434.788,0.661,21,2310,863.5,261.896,1423.27,454.868,1306.303,315.135,1621.438,7.227,8605.843,2.138,8607.981,128473.894,200,353.165,403.898,27.037,0.482,14.954,5.578,7829.035,404.661,0.966,4831.7,17.7,1932.7,0,0,17.714,29.216,17.024,130.4,Burdekin,AyrDPI,Mulg,1957,Furrow,BareFallow,35,Surf1,200,110,LowFreq,0,P2R,15AprV1R4,T2,3173.5,2764.868,1685.166,2000.301,42.473,15.436,6.62787518246802,0.113018197427222,6.63956521739131,0.91626,34.948,999
2019,15/08/2019,227,2018,15-Apr,11,sugar,alive,1,396,2017,15/7/2018,105,0,0,318,2019,21,2039,6470.2,5710.6,4947.38,150.652,2495.26,,18387.632,7355.053,88.962,17.473,66.542,66.542,2.138,8605.843,8607.981,128473.894,0.653,18,1980,1209.8,335.418,1482.753,452.893,1117.608,250.588,1368.196,6.667,8595.451,1.124,8596.574,128493.489,200,259.487,316.707,25.71,0.229,6.563,5.335,6517.321,407.247,0.943,4103.5,15.1,1641.4,0,0,18.203,29.367,17.12,92.8,Burdekin,AyrDPI,Mulg,1957,Furrow,BareFallow,35,Surf1,200,110,LowFreq,0,P2R,15AprV1R4,T2,3189.8,2432.893,1818.171,2068.759,32.502,6.792,6.19229863376647,0.110109955006446,6.199670781893,0.75326,24.953,999
2020,14/09/2020,258,2019,15-Apr,11,sugar,alive,2,396,2017,15/8/2019,105,0,0,318,2020,21,2039,7068.63,6256.61,5444.59,166.284,2989.95,,16431.967,6572.787,74.239,19.217,69.975,69.975,1.124,8595.451,8596.574,128493.489,0.655,19,2090,1063.1,158.053,1499.268,422.116,1243.422,256.806,1500.228,7.181,8592.625,0.926,8593.551,128593.149,200,258.467,311.237,20.938,0.041,8.159,4.421,6787.657,409.864,0.959,4555.9,16.7,1822.4,0,0,18.062,29.688,18.83,327.8,Burdekin,AyrDPI,Mulg,1957,Furrow,BareFallow,35,Surf1,200,110,LowFreq,0,P2R,15AprV1R4,T2,3153.1,2512.116,1657.321,1914.127,29.138,8.2,6.61928031985784,0.110839152448828,6.54661417322835,0.83142,29.9,999
2021,14/10/2021,287,2020,15-Apr,11,sugar,alive,3,395,2017,14/9/2020,105,0,0,318,2021,21,2039,6957.66,6189.42,5290.46,162.002,2814.35,,17676.816,7070.726,76.884,18.468,65.526,65.526,0.926,8592.625,8593.551,128593.149,0.654,20,2200,1075.7,260.858,1618.37,519.841,1147.341,247.742,1395.083,6.482,8593.9,1.237,8595.137,128596.584,200,252.451,308.828,24.22,0.051,8.714,5.009,7130.914,412.526,0.946,4175.6,15.3,1670.2,0,0,19.13,29.427,17.353,132.4,Burdekin,AyrDPI,Mulg,1957,Furrow,BareFallow,35,Surf1,200,110,LowFreq,0,P2R,15AprV1R4,T2,3275.7,2719.841,1879.228,2126.97,32.985,8.765,5.95630406336253,0.116123556806298,6.11328301886793,0.81001,28.144,999
1958,15/04/1958,105,0,15-Apr,0,none,out,-1,0,-1,0.000,105,0,0,318,-1,21,2039,0,0,0,0,0,,0,0,0,0,0,0,0,0,0,0,0.89,0,0,873.2,0,526.966,346.234,0,207.911,207.911,24.509,9505.831,29.916,9535.747,141805.455,0,0,35.31,6.62,0,1.624,1.089,1011.643,350,0.01,14.2,0.1,5.7,0,0,22.648,31.427,18.114,136.1,Burdekin,AyrDPI,Mulg,1958,Furrow,BareFallow,35,Surf1,200,110,LowFreq,0,P2R,15AprV1R4,T2,873.2,346.234,526.966,734.877,8.244,1.624,0,0,0,,0,999
1959,15/07/1959,196,1958,15-Apr,1,sugar,alive,0,456,1958,15/4/1958,105,0,0,318,1959,21,2039,7860.56,7045,6090.53,188.299,3412.73,,0,0,0,19.393,167.873,167.873,29.916,9505.831,9535.747,141805.455,0.884,20,2200,956.1,188.32,1410.353,581.245,1291.514,363.019,1654.533,24.151,9422.482,0.685,9423.167,141438.441,200,298.56,319.893,31.985,0.293,17.624,6.761,3387.983,350,0.978,5421.9,19.9,2168.7,0,0,17.24,28.305,18.8,162.8,Burdekin,AyrDPI,Mulg,1958,Furrow,BareFallow,35,Surf1,200,110,LowFreq,0,P2R,15AprV1R4,T2,3156.1,2781.245,1598.673,1961.692,49.902,17.917,6.77031329494525,0.113807944598264,7.10562264150943,0.941495,34.127,999
1960,14/08/1960,227,1959,15-Apr,1,sugar,alive,1,396,1958,15/7/1959,105,0,0,318,1960,21,2039,6540.78,5839.86,5053.13,155.354,2918.12,,19653.838,7861.536,90.286,20.204,70.768,70.768,0.685,9422.482,9423.167,141438.441,0.868,19,2090,1110.4,268.181,1539.996,529.381,1116.087,263.494,1379.581,3.729,9439.483,0.862,9440.345,142480.06,200,229.769,289.527,23.829,0.001,5.95,4.924,5434.401,350,0.939,3994.8,14.7,1597.9,0,0,17.103,28.347,19.812,210.1,Burdekin,AyrDPI,Mulg,1958,Furrow,BareFallow,35,Surf1,200,110,LowFreq,0,P2R,15AprV1R4,T2,3200.4,2619.381,1808.177,2071.671,29.78,5.951,5.9309432266631,0.112609553190425,6.11629921259843,0.77677,29.181,999
1961,14/09/1961,257,1960,15-Apr,1,sugar,alive,2,396,1958,14/8/1960,105,0,0,318,1961,21,2039,7360.48,6605.86,5672.7,174.921,3432.42,,16040.625,6416.25,64.136,21.236,83.409,83.409,0.862,9439.483,9440.345,142480.06,0.866,21,2310,490.9,97.477,1113.97,324.2,1325.476,275.282,1600.758,3.418,9425.557,1.053,9426.61,143428.67,200,262.951,319.159,24.403,0,7.856,5.045,5893.64,350,0.949,4253.8,15.6,1701.5,0,0,16.81,28.924,20.946,63.2,Burdekin,AyrDPI,Mulg,1958,Furrow,BareFallow,35,Surf1,200,110,LowFreq,0,P2R,15AprV1R4,T2,2800.9,2634.2,1211.447,1486.729,32.259,7.856,6.64038417735935,0.109273856510478,6.33771739130435,0.874605,34.324,999
1962,14/10/1962,287,1961,15-Apr,1,sugar,alive,3,395,1958,14/9/1961,105,0,0,318,1962,21,2039,7327.6,6550.85,5656.94,174.298,3315.49,,17961.857,7184.743,77.977,20.497,72.103,72.103,1.053,9425.557,9426.61,143428.67,0.858,20,2200,938.4,149.962,1375.241,537.628,1333.886,275.543,1609.429,7.499,9409.913,1.453,9411.366,144403.434,200,263.45,328.891,32.137,0,9.26,6.485,6403.099,350,0.938,3967.9,14.6,1587.2,0,0,17.583,29.38,20.364,102.1,Burdekin,AyrDPI,Mulg,1958,Furrow,BareFallow,35,Surf1,200,110,LowFreq,0,P2R,15AprV1R4,T2,3138.4,2737.628,1525.203,1800.746,41.397,9.26,6.36675253175377,0.108298036135797,6.57728301886793,0.87149,33.155,999
1963,14/11/1963,318,1962,15-Apr,1,sugar,alive,4,396,1958,14/10/1962,105,0,0,318,1963,21,2039,7034.41,6319.83,5352.07,165.106,3108.87,,17573.355,7029.341,74.608,20.26,75.871,75.871,1.453,9409.913,9411.366,144403.434,0.85,18,1980,1160.5,244.469,1378.269,621.836,1245.902,285.935,1531.837,7.674,9387.306,1.62,9388.927,145397.002,200,269.205,330.542,33.124,0.001,8.572,6.699,6192.794,350,0.94,4017.4,14.7,1607,0,0,17.404,29.102,19.769,91.9,Burdekin,AyrDPI,Mulg,1958,Furrow,BareFallow,35,Surf1,200,110,LowFreq,0,P2R,15AprV1R4,T2,3140.5,2601.836,1622.738,1908.673,41.697,8.573,6.34574969367785,0.10778300824435,6.79448559670782,0.82553,31.089,999
1964,14/04/1964,105,0,15-Apr,1,none,out,-1,0,1958,0.000,105,0,0,318,-1,21,2039,0,0,0,0,0,,17714.688,7085.877,81.222,0,61.796,61.796,1.62,9387.306,9388.927,145397.002,0.842,0,0,454.9,46.515,108.104,334.529,0,181.402,181.402,0.162,9485.714,8.559,9494.272,148606.128,0,0,23.016,0.939,0.001,0.092,0.092,3053.058,350,0.632,1426.8,6.5,570.7,0,0,21.751,31.679,20.739,92.7,Burdekin,AyrDPI,Mulg,1958,Furrow,BareFallow,35,Surf1,200,110,LowFreq,0,P2R,15AprV1R4,T2,454.9,334.529,154.619,336.021,1.032,0.093,0,0,0,,0,999
1965,14/07/1965,195,1964,15-Apr,2,sugar,alive,0,456,1964,14/4/1964,105,0,0,318,1965,21,2039,7366.02,6545.85,5703.51,175.307,3417.48,,0,0,0,21.078,180.676,180.676,8.559,9485.714,9494.272,148606.128,0.843,20,2200,925.7,199.066,1352.45,541.522,1327.261,363.696,1690.957,8.902,9334.94,1.738,9336.679,146164.681,200,347.979,401.318,38.65,0.001,15.923,7.95,6343.127,350,0.956,4476.5,16.4,1790.6,0,0,17.254,29.269,18.671,107.4,Burdekin,AyrDPI,Mulg,1958,Furrow,BareFallow,35,Surf1,200,110,LowFreq,0,P2R,15AprV1R4,T2,3125.7,2741.522,1551.516,1915.212,54.574,15.924,6.39451370443133,0.10367324538708,6.61535849056604,0.876535,34.175,999
1966,14/08/1966,226,1965,15-Apr,2,sugar,alive,1,396,1964,14/7/1965,105,0,0,318,1966,21,2039,7074.35,6291.16,5369.12,164.845,3068.26,,17936.344,7174.538,90.619,19.994,63.903,63.903,1.738,9334.94,9336.679,146164.681,0.828,21,2310,379.3,46.537,1123.2,267.667,1231.105,275.352,1506.457,4.424,9311.578,1.449,9313.027,146704.941,200,266.065,326.044,28.816,0,8.441,5.976,5857.211,350,0.933,3858.6,14.2,1543.4,0,0,17.151,28.492,19.616,102.9,Burdekin,AyrDPI,Mulg,1958,Furrow,BareFallow,35,Surf1,200,110,LowFreq,0,P2R,15AprV1R4,T2,2689.3,2577.667,1169.737,1445.089,37.257,8.441,6.3951239628703,0.109425625822709,5.97264492753623,0.824225,30.683,999
1967,14/09/1967,257,1966,15-Apr,2,sugar,alive,2,396,1964,14/8/1966,105,0,0,318,1967,21,2039,7085.88,6365.46,5425.36,167.168,3090.32,,17774.233,7109.693,76.453,19.838,77.01,77.01,1.449,9311.578,9313.027,146704.941,0.823,19,2090,822.5,123.168,1318.155,439.24,1201.21,270.395,1471.605,4.971,9299.13,1.068,9300.198,147747.841,200,263.595,318.299,26.315,0.001,8.484,5.421,6039.394,350,0.938,3973.2,14.6,1589.3,0,0,17.866,28.633,19.652,154.9,Burdekin,AyrDPI,Mulg,1958,Furrow,BareFallow,35,Surf1,200,110,LowFreq,0,P2R,15AprV1R4,T2,2912.5,2529.24,1441.323,1711.718,34.8,8.485,6.60941626733723,0.113595699933066,6.58141732283465,0.83584,30.903,999
1968,13/10/1968,287,1967,15-Apr,2,sugar,alive,3,395,1964,14/9/1967,105,0,0,318,1968,21,2039,7253.1,6478.61,5656.52,174.02,3166.05,,17491.702,6996.681,74.47,19.478,76.582,76.582,1.068,9299.13,9300.198,147747.841,0.817,19,2090,1460.8,268.732,1813.352,559.287,1206.934,276.856,1483.79,13.53,9291.728,1.165,9292.893,148971.116,200,259.915,316.991,27.176,0.001,9.171,5.551,6031.132,350,0.959,4557.8,16.7,1823.1,0,0,18.074,28.752,20.257,187.9,Burdekin,AyrDPI,Mulg,1958,Furrow,BareFallow,35,Surf1,200,110,LowFreq,0,P2R,15AprV1R4,T2,3550.8,2649.287,2082.084,2358.94,36.348,9.172,6.56855976721284,0.117280747275558,6.85118110236221,0.8701,31.661,999
1969,13/11/1969,317,1968,15-Apr,2,sugar,alive,4,396,1964,13/10/1968,105,0,0,318,1969,21,2039,7285.9,6516.66,5555.43,171.125,3272.53,,17445.098,6978.039,76.579,20.622,61.509,61.509,1.165,9291.728,9292.893,148971.116,0.81,23,2530,250.5,43.383,1157.545,211.927,1302.738,271.27,1574.008,4.004,9268.369,1.53,9269.899,149769.921,200,270.967,337.052,34.221,0,7.839,6.879,6516.71,350,0.935,3904.7,14.3,1561.9,0,0,17.834,29.659,20.835,46.5,Burdekin,AyrDPI,Mulg,1958,Furrow,BareFallow,35,Surf1,200,110,LowFreq,0,P2R,15AprV1R4,T2,2780.5,2741.927,1200.928,1472.198,42.06,7.839,6.24104872230369,0.108719269533573,5.74244966442953,0.855625,32.725,999
1970,15/04/1970,105,0,15-Apr,2,none,out,-1,0,1964,0.000,105,0,0,318,-1,21,2039,0,0,0,0,0,,18028.019,7211.208,79.397,0,67.073,67.073,1.53,9268.369,9269.899,149769.921,0.802,0,0,539.4,42.609,232.26,296.126,0,165.877,165.877,0.275,9365.857,7.472,9373.329,153230.677,0,0,17.215,0.34,0.001,0.213,0.047,2749.413,350,0.74,1926,8.5,770.4,0,0,22.057,32.151,21.774,133.6,Burdekin,AyrDPI,Mulg,1958,Furrow,BareFallow,35,Surf1,200,110,LowFreq,0,P2R,15AprV1R4,T2,539.4,296.126,274.869,440.746,0.554,0.214,0,0,0,,0,999
1971,15/07/1971,196,1970,15-Apr,3,sugar,alive,0,456,1970,15/4/1970,105,0,0,318,1971,21,2039,8164.23,7332.35,6359.78,196.659,3591.12,,0,0,0,19.561,165.728,165.728,7.472,9365.857,9373.329,153230.677,0.804,19,2090,1166.1,125.886,1518.207,711.318,1381.452,323.332,1704.784,7.089,9244.087,1.767,9245.854,150829.935,200,337.026,380.178,29.291,0.002,11.118,6.138,6772.566,350,0.962,4673.8,17.2,1869.5,0,0,17.179,28.576,18.844,220,Burdekin,AyrDPI,Mulg,1958,Furrow,BareFallow,35,Surf1,200,110,LowFreq,0,P2R,15AprV1R4,T2,3256.1,2801.318,1644.093,1967.425,40.411,11.12,7.02023119117501,0.115357136153319,7.74248031496063,0.983295,35.911,999
1972,14/08/1972,227,1971,15-Apr,3,sugar,alive,1,396,1970,15/7/1971,105,0,0,318,1972,21,2039,6566.76,5882.81,5030.73,154.88,2846.43,,19310.583,7724.233,91.097,19.705,72.952,72.952,1.767,9244.087,9245.854,150829.935,0.792,19,2090,1453.2,315.256,1732.281,539.337,1200.551,293.533,1494.084,10.804,9233.042,1.141,9234.182,151431.617,200,246.774,314.401,36.375,0.003,8.546,7.25,6042.38,350,0.918,3578.1,13.2,1431.3,0,0,16.729,28.625,19.565,206.2,Burdekin,AyrDPI,Mulg,1958,Furrow,BareFallow,35,Surf1,200,110,LowFreq,0,P2R,15AprV1R4,T2,3543.2,2629.337,2047.537,2341.07,44.924,8.549,5.89045831705864,0.103662176959261,6.09763779527559,0.7744,28.464,999
1973,14/09/1973,257,1972,15-Apr,3,sugar,alive,2,396,1970,14/8/1972,105,0,0,318,1973,21,2039,7136.29,6368.83,5395.26,165.33,2799.52,,16097.654,6439.062,68.207,17.928,74.53,74.53,1.141,9233.042,9234.182,151431.617,0.789,19,2090,1060.9,217.886,1425.63,569.352,1216.07,270.119,1486.189,5.14,9223.121,1.501,9224.622,152184.247,200,263.943,314.848,21.305,0.001,8.909,4.491,6261.778,350,0.94,4010,14.7,1604,0,0,18.042,28.91,19.726,108.5,Burdekin,AyrDPI,Mulg,1958,Furrow,BareFallow,35,Surf1,200,110,LowFreq,0,P2R,15AprV1R4,T2,3150.9,2659.352,1643.516,1913.635,30.215,8.91,6.21692803359616,0.111244263010963,6.50905511811024,0.82665,27.995,999
1974,14/10/1974,287,1973,15-Apr,3,sugar,alive,3,395,1970,14/9/1973,105,0,0,318,1974,21,2039,6650.62,5998.63,5098.91,157.836,2960.48,,18207.248,7282.9,77.035,20.171,95.725,95.725,1.501,9223.121,9224.622,152184.247,0.784,16,1760,2007.7,639.837,1754.198,713.274,1104.879,288.239,1393.118,6.297,9222.38,1.334,9223.714,153152.3,200,231.501,304.605,40.031,0.004,15.86,7.954,6145.193,350,0.89,3150,11.6,1260,0,0,17.752,28.355,18.545,152.9,Burdekin,AyrDPI,Mulg,1958,Furrow,BareFallow,35,Surf1,200,110,LowFreq,0,P2R,15AprV1R4,T2,3767.7,2473.274,2394.035,2682.274,55.895,15.864,6.38166252505788,0.113296935363695,7.14190045248869,0.78918,29.605,999
1975,14/11/1975,318,1974,15-Apr,3,sugar,alive,4,396,1970,14/10/1974,105,0,0,318,1975,21,2039,7936.25,7120.29,6108.2,188.89,3484.84,,15867.042,6346.817,66.482,19.792,76.272,76.272,1.334,9222.38,9223.714,153152.3,0.779,19,2090,1160.2,195.495,1372.515,753.7,1315.229,278.616,1593.845,5.903,9202.329,1.52,9203.848,153846.522,200,263.99,326.863,34.259,0.002,9.741,6.837,6506.922,350,0.939,4002.9,14.7,1601.1,0,0,18.497,28.821,19.89,179.8,Burdekin,AyrDPI,Mulg,1958,Furrow,BareFallow,35,Surf1,200,110,LowFreq,0,P2R,15AprV1R4,T2,3250.2,2843.7,1568.01,1846.626,44.002,9.743,6.64240250378029,0.118512151432542,7.43661417322835,0.94445,34.848,999
1976,14/04/1976,105,0,15-Apr,3,none,out,-1,0,1970,0.000,105,0,0,318,-1,21,2039,0,0,0,0,0,,18940.85,7576.339,77.79,0,164.617,164.617,1.52,9202.329,9203.848,153846.522,0.771,0,0,1465.2,479.501,682.643,522.72,0,259.197,259.197,1.289,9296.074,9.742,9305.816,157240.574,0,0,28.224,1.413,0.023,0.372,0.118,3518.735,350,0.481,937.6,3.9,375,0,0,22.163,30.457,19.717,139.2,Burdekin,AyrDPI,Mulg,1958,Furrow,BareFallow,35,Surf1,200,110,LowFreq,0,P2R,15AprV1R4,T2,1465.2,522.72,1162.144,1421.341,1.808,0.395,0,0,0,,0,999
1977,14/07/1977,195,1976,15-Apr,4,sugar,alive,0,456,1976,14/4/1976,105,0,0,318,1977,21,2039,8219.71,7386.68,6440.95,199.334,3347.13,,0,0,0,17.754,208.476,208.476,9.742,9296.074,9305.816,157240.574,0.773,20,2200,1401.4,271.723,1802.759,574.765,1311.219,343.583,1654.802,11.925,9175.185,1.773,9176.959,154444.522,200,330.191,367.912,28.218,0.007,14.465,5.952,6625.062,350,0.971,5074.1,18.6,2029.6,0,0,17.235,28.184,18.917,170.6,Burdekin,AyrDPI,Mulg,1958,Furrow,BareFallow,35,Surf1,200,110,LowFreq,0,P2R,15AprV1R4,T2,3601.4,2774.765,2074.482,2418.065,42.69,14.472,7.18381556636328,0.120457915811076,7.52203773584906,0.99667,33.471,999
1978,14/08/1978,226,1977,15-Apr,4,sugar,alive,1,396,1976,14/7/1977,105,0,0,318,1978,21,2039,6979.38,6224.12,5437.28,167.571,3078.15,,19432.45,7772.979,89.43,19.694,80.593,80.593,1.773,9175.185,9176.959,154444.522,0.76,19,2090,854.1,158.289,1323.16,442.672,1159.771,287.353,1447.124,4.439,9173.231,1.355,9174.586,154740.501,200,254.741,308.779,22.205,0.003,7.107,4.627,6543.159,350,0.927,3735.7,13.7,1494.3,0,0,17.283,28.125,20.382,150.6,Burdekin,AyrDPI,Mulg,1958,Furrow,BareFallow,35,Surf1,200,110,LowFreq,0,P2R,15AprV1R4,T2,2944.1,2532.672,1481.449,1768.802,29.315,7.11,6.61637195815329,0.115795882039134,6.59728346456693,0.837855,30.782,999
1979,14/09/1979,257,1978,15-Apr,4,sugar,alive,2,396,1976,14/8/1978,105,0,0,318,1979,21,2039,6764.83,6088.86,5222.8,161.323,2919.51,,16283.14,6513.255,66.107,19.36,96.119,96.119,1.355,9173.231,9174.586,154740.501,0.759,19,2090,1578.5,374.479,1910.913,675.304,1111.76,294.488,1406.248,11.567,9168.589,1.224,9169.813,155158.568,200,242.292,305.3,37.893,0.008,7.353,7.562,6463.511,350,0.926,3710.7,13.6,1484.3,0,0,17.891,28.175,19.058,350.7,Burdekin,AyrDPI,Mulg,1958,Furrow,BareFallow,35,Surf1,200,110,LowFreq,0,P2R,15AprV1R4,T2,3668.5,2765.304,2285.392,2579.88,45.254,7.361,5.83382514182889,0.11471874093332,6.35129921259843,0.806615,29.195,999
1980,13/10/1980,287,1979,15-Apr,4,sugar,alive,3,395,1976,14/9/1979,105,0,0,318,1980,21,2039,7422.31,6636.81,5766.88,177.583,3311.85,,16261.341,6504.536,66.984,20.039,72.979,72.979,1.224,9168.589,9169.813,155158.568,0.754,20,2200,777.5,126.286,1357.254,439.043,1218.851,289.75,1508.601,5.43,9156.839,1.162,9158.002,155429.145,200,264.51,315.652,24.102,0.003,9.748,4.999,6812.5,350,0.96,4598.3,16.9,1839.3,0,0,18.422,28.882,20.834,86.4,Burdekin,AyrDPI,Mulg,1958,Furrow,BareFallow,35,Surf1,200,110,LowFreq,0,P2R,15AprV1R4,T2,2977.5,2639.043,1483.54,1773.29,33.853,9.751,6.729068075056,0.1177136963319,6.70124528301887,0.887915,33.118,999
1981,13/11/1981,317,1980,15-Apr,4,sugar,alive,4,396,1976,13/10/1980,105,0,0,318,1981,21,2039,7091.46,6351.62,5439.32,167.973,3135.13,,17979.688,7191.875,77.463,20.057,58.339,58.339,1.162,9156.839,9158.002,155429.145,0.749,19,2090,1127,333.084,1426.706,577.096,1171.864,272.688,1444.551,6.026,9157.907,1.531,9159.438,155417.427,200,247.358,314.099,30.835,0.066,9.194,6.189,7253.96,350,0.923,3655.4,13.4,1462.2,0,0,18.071,28.636,19.295,104.8,Burdekin,AyrDPI,Mulg,1958,Furrow,BareFallow,35,Surf1,200,110,LowFreq,0,P2R,15AprV1R4,T2,3217,2667.096,1759.79,2032.478,40.095,9.26,6.29797352626227,0.116280422082709,6.61311023622047,0.839865,31.351,999
1982,15/04/1982,105,0,15-Apr,4,none,out,-1,0,1976,0.000,105,0,0,318,-1,21,2039,0,0,0,0,0,,17150.347,6860.139,73.452,0,70.998,70.998,1.531,9157.907,9159.438,155417.427,0.745,0,0,547.1,77.055,143.43,383.902,0,227.808,227.808,0.293,9234.57,24.583,9259.152,157299.097,0,0,42.903,3.002,0.011,0.602,0.424,4530.742,350,0.498,984.1,4.2,393.6,0,0,22.919,32.09,21.333,47.4,Burdekin,AyrDPI,Mulg,1958,Furrow,BareFallow,35,Surf1,200,110,LowFreq,0,P2R,15AprV1R4,T2,547.1,383.902,220.485,448.293,3.615,0.613,0,0,0,,0,999
1983,15/07/1983,196,1982,15-Apr,5,sugar,alive,0,456,1982,15/4/1982,105,0,0,318,1983,21,2039,8288.95,7386.7,6477.57,199.713,3511.35,,0,0,0,18.726,169.804,169.804,24.583,9234.57,9259.152,157299.097,0.743,22,2420,663.4,177.776,1294.405,405.655,1345.637,340.918,1686.555,8.428,9107.576,1.59,9109.166,153657.098,200,341.653,377.493,39.255,0.013,13.784,8.07,7520.737,350,0.974,5200.7,19.1,2080.3,0,0,17.149,28.361,19.179,95.4,Burdekin,AyrDPI,Mulg,1958,Furrow,BareFallow,35,Surf1,200,110,LowFreq,0,P2R,15AprV1R4,T2,3083.4,2825.655,1472.181,1813.099,53.052,13.797,7.06784798568828,0.118414756708201,6.95864111498258,0.998565,35.114,999
1984,14/08/1984,227,1983,15-Apr,5,sugar,alive,1,396,1982,15/7/1983,105,0,0,318,1984,21,2039,6959.39,6230.13,5327.25,164.185,3060.38,,19817.407,7926.963,94.432,20.027,94.47,94.47,1.59,9107.576,9109.166,153657.098,0.732,21,2310,563.8,129.908,1265.235,424.875,1199.511,271.612,1471.123,4.813,9109.57,1.421,9110.991,152551.709,200,249.356,307.948,24.352,0.009,7.174,5.037,7989.853,350,0.916,3532.3,13,1412.9,0,0,17.537,28.492,19.07,75.6,Burdekin,AyrDPI,Mulg,1958,Furrow,BareFallow,35,Surf1,200,110,LowFreq,0,P2R,15AprV1R4,T2,2873.8,2734.875,1395.143,1666.755,31.535,7.183,6.00338223867636,0.111605215879298,5.94873188405797,0.820925,30.604,999
1985,14/09/1985,257,1984,15-Apr,5,sugar,alive,2,396,1982,14/8/1984,105,0,0,318,1985,21,2039,6772.73,6039.78,5217.86,160.174,2843.03,,16875.668,6750.268,69.815,18.932,102.004,102.004,1.421,9109.57,9110.991,152551.709,0.732,18,1980,817.5,115.427,1257.728,580.075,1158.305,306.195,1464.5,4.944,9100.035,1.083,9101.118,151316.422,200,259.906,309.121,24.512,0.009,8.517,5.14,8108.279,350,0.953,4366.7,16,1746.7,0,0,17.387,28.523,19.502,111.4,Burdekin,AyrDPI,Mulg,1958,Furrow,BareFallow,35,Surf1,200,110,LowFreq,0,P2R,15AprV1R4,T2,2797.5,2560.075,1373.155,1679.35,33.038,8.526,6.25661357577415,0.109371116421987,6.59152263374486,0.80087,28.43,999
1986,14/10/1986,287,1985,15-Apr,5,sugar,alive,3,395,1982,14/9/1985,105,0,0,318,1986,21,2039,6944.92,6223.18,5299.63,163.199,2969.01,,16928.087,6771.235,76.149,19.477,61.849,61.849,1.083,9100.035,9101.118,151316.422,0.728,20,2200,802.8,92.91,1366.876,531.047,1216.202,297.177,1513.379,6.904,9080.132,1.833,9081.964,149292.148,200,256.529,330.419,38.644,0.009,10.858,7.687,9039.791,350,0.931,3814.6,14,1525.9,0,0,18.476,29.285,18.879,117.8,Burdekin,AyrDPI,Mulg,1958,Furrow,BareFallow,35,Surf1,200,110,LowFreq,0,P2R,15AprV1R4,T2,3002.8,2731.047,1459.786,1756.963,49.511,10.867,5.97569357100043,0.107837494771634,6.15845283018868,0.815995,29.69,999
1987,14/11/1987,318,1986,15-Apr,5,sugar,alive,4,396,1982,14/10/1986,105,0,0,318,1987,21,2039,6955.41,6179.43,5325.71,163.183,3039.24,,17227.49,6890.996,72.195,20.008,91.485,91.485,1.833,9080.132,9081.964,149292.148,0.723,22,2420,371,34.915,1199.611,315.271,1271.091,305.858,1576.949,5.522,9032.007,2.625,9034.632,147615.157,200,295.147,351.508,27.883,0.005,12.024,5.85,8802.821,350,0.952,4331.2,15.9,1732.5,0,0,18.663,29.934,20.137,44,Burdekin,AyrDPI,Mulg,1958,Furrow,BareFallow,35,Surf1,200,110,LowFreq,0,P2R,15AprV1R4,T2,2791,2735.271,1234.526,1540.384,39.912,12.029,5.96588052883974,0.103480201325471,5.68581881533101,0.815915,30.392,999
1988,14/04/1988,105,0,15-Apr,5,none,out,-1,0,1982,0.000,105,0,0,318,-1,21,2039,0,0,0,0,0,,17533.95,7013.579,80.509,0,71.011,71.011,2.625,9032.007,9034.632,147615.157,0.718,0,0,798.4,79.037,451.308,333.63,0,182.303,182.303,0.896,9117.691,24.309,9142.001,149151.295,0,0,46.942,2.533,0.049,1.132,0.3,4667.657,350,0.585,1257.4,5.8,502.9,0,0,22.049,31.616,21.499,254,Burdekin,AyrDPI,Mulg,1958,Furrow,BareFallow,35,Surf1,200,110,LowFreq,0,P2R,15AprV1R4,T2,798.4,333.63,530.345,712.648,3.714,1.181,0,0,0,,0,999
1989,14/07/1989,195,1988,15-Apr,6,sugar,alive,0,456,1988,14/4/1988,105,0,0,318,1989,21,2039,8271.53,7393.81,6451.12,199.202,3598.43,,0,0,0,19.319,156.763,156.763,24.309,9117.691,9142.001,149151.295,0.718,18,1980,1506.2,218.52,1574.282,878.822,1364.048,359.587,1723.635,9.9,8953.189,1.872,8955.061,145864.811,200,378.534,419.298,35.463,0.072,19.005,7.462,7277.574,350,0.969,4939.7,18.1,1975.9,0,0,17.981,28.521,18.221,134.8,Burdekin,AyrDPI,Mulg,1958,Furrow,BareFallow,35,Surf1,200,110,LowFreq,0,P2R,15AprV1R4,T2,3486.2,2858.822,1792.802,2152.389,54.54,19.077,6.96797492113885,0.115570872023369,8.19761316872428,0.99601,35.984,999
1990,14/08/1990,226,1989,15-Apr,6,sugar,alive,1,396,1988,14/7/1989,105,0,0,318,1990,21,2039,6541.48,5788.1,5011.99,153.295,2821.24,,19672.195,7868.878,92.685,19.737,126.526,126.526,1.872,8953.189,8955.061,145864.811,0.708,17,1870,1294.8,394.622,1422.327,539.522,1127.908,279.269,1407.177,3.646,8956.705,1.071,8957.776,145930.281,200,240.916,300.31,23.069,0.049,14.453,4.783,6495.799,350.585,0.95,4266.9,15.7,1706.8,0,0,17.212,28.363,19.579,103,Burdekin,AyrDPI,Mulg,1958,Furrow,BareFallow,35,Surf1,200,110,LowFreq,0,P2R,15AprV1R4,T2,3164.8,2409.522,1816.949,2096.218,37.571,14.502,6.36205023236974,0.108937965870676,6.60754310344828,0.766475,28.212,999
1991,14/09/1991,257,1990,15-Apr,6,sugar,alive,2,396,1988,14/8/1990,105,0,0,318,1991,21,2039,6967.82,6242.39,5364.95,165.138,3089.13,,16627.579,6651.032,71.949,20.109,67.2,67.2,1.071,8956.705,8957.776,145930.281,0.709,19,2090,1680.4,387.016,1919.575,420.891,1206.383,254.598,1460.981,7.026,8958.006,1.216,8959.222,145879.472,200,254.393,305.393,19.974,0.026,8.251,4.231,6973.61,352.253,0.937,3947.9,14.5,1579.1,0,0,16.979,28.601,19.393,204.4,Burdekin,AyrDPI,Mulg,1958,Furrow,BareFallow,35,Surf1,200,110,LowFreq,0,P2R,15AprV1R4,T2,3770.4,2510.891,2306.591,2561.189,28.251,8.277,6.57686852993619,0.11303227078244,6.50149606299213,0.82569,30.891,999
1992,13/10/1992,287,1991,15-Apr,6,sugar,alive,3,395,1988,14/9/1991,105,0,0,318,1992,21,2039,7963.59,7144.96,6255.47,193.216,3869.18,,16980.047,6792.019,71.369,21.731,70.027,70.027,1.216,8958.006,8959.222,145879.472,0.707,22,2420,654.1,98.388,1312.986,397.375,1386.505,269.653,1656.158,4.79,8945.124,1.275,8946.399,145688.24,200,271.283,326.952,23.133,0.02,9.098,4.833,7659.29,353.951,0.955,4443.8,16.3,1777.5,0,0,18.241,29.523,20.826,122.8,Burdekin,AyrDPI,Mulg,1958,Furrow,BareFallow,35,Surf1,200,110,LowFreq,0,P2R,15AprV1R4,T2,3074.1,2817.375,1411.374,1681.027,32.251,9.118,6.85801499622876,0.116665197402663,6.73226480836237,0.96608,38.692,999
1993,13/11/1993,317,1992,15-Apr,6,sugar,alive,4,396,1988,13/10/1992,105,0,0,318,1993,21,2039,7679.61,6844.91,6046.2,186.671,3830.27,,18296.239,7318.496,73.914,22.338,76.596,76.596,1.275,8945.124,8946.399,145688.24,0.703,22,2420,548.9,140.225,1246.764,369.821,1307.031,279.766,1586.797,3.802,8943.14,1.467,8944.607,145607.821,200,256.155,322.93,31.466,0.045,7.884,6.227,7849.001,355.686,0.937,3958.9,14.5,1583.5,0,0,18.204,29.109,20.548,72,Burdekin,AyrDPI,Mulg,1958,Furrow,BareFallow,35,Surf1,200,110,LowFreq,0,P2R,15AprV1R4,T2,2968.9,2789.821,1386.989,1666.755,39.395,7.929,6.69114613446526,0.117640126619851,6.50421602787456,0.933355,38.303,999
1994,15/04/1994,105,0,15-Apr,6,none,out,-1,0,1988,0.000,105,0,0,318,-1,21,2039,0,0,0,0,0,,17249.078,6899.631,69.504,0,71.712,71.712,1.467,8943.14,8944.607,145607.821,0.7,0,0,309.7,0.02,58.071,251.628,0,191.452,191.452,0.103,9034.591,14.071,9048.662,148276.289,0,0,24.85,0.125,0,0.025,0.053,3894.89,356.371,0.679,1622.5,6.5,649,0,0,21.943,31.765,22.341,46.8,Burdekin,AyrDPI,Mulg,1958,Furrow,BareFallow,35,Surf1,200,110,LowFreq,0,P2R,15AprV1R4,T2,309.7,251.628,58.091,249.543,0.15,0.025,0,0,0,,0,999
1995,15/07/1995,196,1994,15-Apr,7,sugar,alive,0,456,1994,15/4/1994,105,0,0,318,1995,21,2039,8813.21,7843.39,6961.05,214.904,4039.19,,0,0,0,20.218,131.87,131.87,14.071,9034.591,9048.662,148276.289,0.701,22,2420,419.6,81.975,1076.927,296.296,1424.828,322.43,1747.258,4.537,8905.264,1.979,8907.242,144143.869,200,358.967,393.268,22.513,0.054,9.839,4.843,8525.203,358.43,0.974,5222.3,19.2,2088.9,0,0,17.873,28.981,19.784,55.2,Burdekin,AyrDPI,Mulg,1958,Furrow,BareFallow,35,Surf1,200,110,LowFreq,0,P2R,15AprV1R4,T2,2839.6,2716.296,1158.902,1481.332,32.406,9.893,7.91165616707458,0.122995001310625,7.48794425087108,1.07452,40.392,999
1996,14/08/1996,227,1995,15-Apr,7,sugar,alive,1,396,1994,15/7/1995,105,0,0,318,1996,21,2039,6968.03,6184.48,5439.54,167.145,3265.34,,20182.333,8072.932,88.095,21.129,65.31,65.31,1.979,8905.264,8907.242,144143.869,0.693,20,2200,632.9,75.078,1264.932,364.703,1181.403,312.064,1493.467,6.109,8890.124,1.217,8891.341,143422.635,200,261.308,327.273,32.84,0.058,5.481,6.709,7755.585,360.246,0.939,3993.6,14.7,1597.4,0,0,18.911,29.224,19.946,107,Burdekin,AyrDPI,Mulg,1958,Furrow,BareFallow,35,Surf1,200,110,LowFreq,0,P2R,15AprV1R4,T2,2832.9,2564.703,1340.01,1652.074,38.379,5.539,6.51712888392925,0.111917437747202,6.30735849056604,0.835725,32.653,999
1997,14/09/1997,257,1996,15-Apr,7,sugar,alive,2,396,1994,14/8/1996,105,0,0,318,1997,21,2039,8000.87,7209.9,6285.22,194.506,3741.38,,16386.729,6554.692,64.563,20.759,64.734,64.734,1.217,8890.124,8891.341,143422.635,0.693,20,2200,964.3,211.055,1467.531,472.935,1187.012,279.606,1466.617,5.671,8894.105,1.27,8895.376,143143.9,200,258.046,304.34,17.943,0.045,8.361,3.864,7605.067,362.101,0.959,4557.6,16.7,1823,0,0,18.946,28.468,20.444,116.8,Burdekin,AyrDPI,Mulg,1958,Furrow,BareFallow,35,Surf1,200,110,LowFreq,0,P2R,15AprV1R4,T2,3164.3,2672.935,1678.586,1958.192,26.349,8.406,7.27686980790779,0.132622218343303,7.33984905660377,0.97253,37.414,999
1998,14/10/1998,287,1997,15-Apr,7,sugar,alive,3,395,1994,14/9/1997,105,0,0,318,1998,21,2039,7723.74,6864.72,6074.05,186.605,3724.49,,18457.01,7382.805,73.201,21.65,83.831,83.831,1.27,8894.105,8895.376,143143.9,0.691,19,2090,959.5,109.384,1555.806,497.551,1131.702,257.514,1389.216,4.615,8893.94,1.427,8895.367,142552.669,200,265.071,320.807,19.244,0.045,9.47,4.071,8464.07,363.989,0.959,4549,16.7,1819.6,0,0,20.543,28.902,19.59,189.6,Burdekin,AyrDPI,Mulg,1958,Furrow,BareFallow,35,Surf1,200,110,LowFreq,0,P2R,15AprV1R4,T2,3049.5,2587.551,1665.19,1922.704,28.759,9.515,7.21164529703956,0.134323964019994,7.34665354330709,0.933025,37.245,999
1999,14/11/1999,318,1998,15-Apr,7,sugar,alive,4,396,1994,14/10/1998,105,0,0,318,1999,21,2039,7740.33,6945.86,6136.57,190.559,3809.54,,17889.05,7155.621,68.58,21.689,78.925,78.925,1.427,8893.94,8895.367,142552.669,0.689,19,2090,1137.3,204.799,1498.127,661.814,1179.501,334.635,1514.136,9.558,8882.406,1.965,8884.371,141795.499,200,246.06,324.339,46.417,0.144,10.669,8.937,8379.323,365.913,0.923,3668.6,13.4,1467.4,0,0,19.787,28.829,19.555,112,Burdekin,AyrDPI,Mulg,1958,Furrow,BareFallow,35,Surf1,200,110,LowFreq,0,P2R,15AprV1R4,T2,3227.3,2751.814,1702.926,2037.561,57.23,10.813,6.92485029874839,0.12585329191037,7.50232283464567,0.952795,38.095,999
2000,14/04/2000,105,0,15-Apr,7,none,out,-1,0,1994,0.000,105,0,0,318,-1,21,2039,0,0,0,0,0,,16750.185,6700.074,65.523,0,89.163,89.163,1.965,8882.406,8884.371,141795.499,0.685,0,0,1336.8,254.091,726.548,481.941,0,236.047,236.047,1.603,8980.457,7.429,8987.885,144476.52,0,0,24.992,1.24,0.252,0.971,0.109,4074.052,366.661,0.537,1100.2,4.3,440.1,0,0,22.776,30.122,20.568,136,Burdekin,AyrDPI,Mulg,1958,Furrow,BareFallow,35,Surf1,200,110,LowFreq,0,P2R,15AprV1R4,T2,1336.8,481.941,980.639,1216.686,2.463,1.223,0,0,0,,0,999
2001,14/07/2001,195,2000,15-Apr,8,sugar,alive,0,456,2000,14/4/2000,105,0,0,318,2001,21,2039,8864.42,7840.59,7008.45,215.656,3995.09,,0,0,0,19.886,209.278,209.278,7.429,8980.457,8987.885,144476.52,0.687,21,2310,673.5,140.488,1259.064,485.977,1397.293,341.5,1738.793,9.653,8848.616,2.044,8850.66,139499.11,200,349.575,388.373,23.568,0.197,11.891,5.012,9177.75,368.939,0.98,5578.3,20.4,2231.3,0,0,17.62,28.396,18.917,52,Burdekin,AyrDPI,Mulg,1958,Furrow,BareFallow,35,Surf1,200,110,LowFreq,0,P2R,15AprV1R4,T2,2983.5,2795.977,1399.552,1741.052,35.656,12.088,7.71308204609695,0.124026264195911,7.8136231884058,1.07828,39.951,999
2002,14/08/2002,226,2001,15-Apr,8,sugar,alive,1,396,2000,14/7/2001,105,0,0,318,2002,21,2039,7354.98,6551.15,5711.27,175.461,3627.88,,20517.351,8206.939,89.293,22.532,54.433,54.433,2.044,8848.616,8850.66,139499.11,0.678,20,2200,787.8,30.275,1300.538,321.114,1354.377,285.785,1640.162,3.431,8830.925,1.333,8832.258,137833.871,200,279.834,334.17,18.54,0.015,5.506,4.014,8931.825,370.95,0.944,4125.3,15.2,1650.1,0,0,18.013,30.094,20.88,206,Burdekin,AyrDPI,Mulg,1958,Furrow,BareFallow,35,Surf1,200,110,LowFreq,0,P2R,15AprV1R4,T2,2987.8,2521.114,1330.813,1616.598,24.061,5.521,6.95966148297935,0.106977847310205,6.62116981132076,0.877305,36.279,999
2003,14/09/2003,257,2002,15-Apr,8,sugar,alive,2,396,2000,14/8/2002,105,0,0,318,2003,21,2039,7596.51,6788.31,5917.79,182.191,3613.66,,17477.983,6991.193,70.433,21.496,71.259,71.259,1.333,8830.925,8832.258,137833.871,0.68,21,2310,472.6,61.804,1098.156,314.505,1351.597,269.857,1621.454,2.693,8821.249,1.256,8822.505,136337.719,200,272.329,326.118,21.03,0.062,6.755,4.489,8997.456,372.997,0.95,4285.6,15.7,1714.2,0,0,17.961,29.61,20.889,51,Burdekin,AyrDPI,Mulg,1958,Furrow,BareFallow,35,Surf1,200,110,LowFreq,0,P2R,15AprV1R4,T2,2782.6,2624.505,1159.96,1429.817,27.847,6.817,6.94191857131154,0.112362731227651,6.6011231884058,0.910955,36.137,999
2004,13/10/2004,287,2003,15-Apr,8,sugar,alive,3,395,2000,14/9/2003,105,0,0,318,2004,21,2039,7718.26,6919.7,6082.05,187.647,3668.81,,17911.894,7164.758,72.347,21.149,72.445,72.445,1.256,8821.249,8822.505,136337.719,0.678,20,2200,740.2,34.545,1297.92,399.561,1354.559,269.711,1624.27,5.997,8806.697,1.243,8807.94,134677.539,200,277.547,333.415,21.784,0.027,8.821,4.631,9357.113,375.073,0.961,4631.6,17,1852.7,0,0,18.289,29.817,20.803,173.2,Burdekin,AyrDPI,Mulg,1958,Furrow,BareFallow,35,Surf1,200,110,LowFreq,0,P2R,15AprV1R4,T2,2940.2,2599.561,1332.465,1602.176,30.632,8.848,7.21841110864488,0.115526975195011,7.08101886792453,0.938235,36.688,999
2005,13/11/2005,317,2004,15-Apr,8,sugar,alive,4,396,2000,13/10/2004,105,0,0,318,2005,21,2039,7752.27,6920.92,6044.62,186.449,3756.44,,17844.685,7137.874,75.523,21.881,55.911,55.911,1.243,8806.697,8807.94,134677.539,0.675,22,2420,746.3,68.184,1465.949,343.122,1344.121,272.966,1617.087,4.727,8789.305,1.659,8790.964,132635.73,200,280.266,340.258,23.993,0.038,7.818,5.048,9783.398,377.19,0.945,4131.6,15.2,1652.6,0,0,18.873,29.912,20.558,143.4,Burdekin,AyrDPI,Mulg,1958,Furrow,BareFallow,35,Surf1,200,110,LowFreq,0,P2R,15AprV1R4,T2,3166.3,2763.122,1534.133,1807.099,31.849,7.856,6.74776575192843,0.115299300532377,6.49648083623693,0.932245,37.564,999
2006,15/04/2006,105,0,15-Apr,8,none,out,-1,0,2000,0.000,105,0,0,318,-1,21,2039,0,0,0,0,0,,18026.888,7210.756,74.813,0,70.993,70.993,1.659,8789.305,8790.964,132635.73,0.673,0,0,756,51.228,383.266,353.722,0,165.055,165.055,0.426,8895.895,3.77,8899.664,134726.779,0,0,20.565,1.018,0.525,0.298,0.088,4517.518,378.025,0.705,1743.5,7.2,697.4,0,0,23.05,32.354,21.641,178.4,Burdekin,AyrDPI,Mulg,1958,Furrow,BareFallow,35,Surf1,200,110,LowFreq,0,P2R,15AprV1R4,T2,756,353.722,434.494,599.549,1.841,0.823,0,0,0,,0,999
2007,15/07/2007,196,2006,15-Apr,9,sugar,alive,0,456,2006,15/4/2006,105,0,0,318,2007,21,2039,8789.82,7946.91,6923.85,215.451,4080.55,,0,0,0,20.396,227.445,227.445,3.77,8895.895,8899.664,134726.779,0.675,22,2420,1059.4,317.001,1483.606,574.519,1415.81,351.031,1766.842,7.461,8720.006,1.896,8721.902,130349.096,200,380.275,431.92,27.303,6.499,13.056,5.459,8718.513,380.529,0.961,4653,17.1,1861.2,0,0,17.476,28.166,18.606,130.2,Burdekin,AyrDPI,Mulg,1958,Furrow,BareFallow,35,Surf1,200,110,LowFreq,0,P2R,15AprV1R4,T2,3479.4,2994.519,1800.607,2151.638,46.858,19.555,7.19484498178171,0.121941294128168,7.50700348432056,1.077255,40.806,999
2008,14/08/2008,227,2007,15-Apr,9,sugar,alive,1,396,2006,15/7/2007,105,0,0,318,2008,21,2039,7577.53,6831.51,5889.75,182.389,3382.67,,19815.742,7926.297,88.03,19.912,139.397,139.397,1.896,8720.006,8721.902,130349.096,0.669,19,2090,1333.5,309.186,1601.985,608.889,1276.87,280.163,1557.033,7.78,8705.763,1.299,8707.062,130269.018,200,272.367,327.009,18.929,0.879,9.654,4.003,7293.646,382.731,0.929,3784.7,13.9,1513.9,0,0,17.627,28.579,19.221,108.2,Burdekin,AyrDPI,Mulg,1958,Furrow,BareFallow,35,Surf1,200,110,LowFreq,0,P2R,15AprV1R4,T2,3423.5,2698.889,1911.171,2191.334,29.462,10.533,6.75792891074809,0.117138814655823,7.18066929133858,0.911945,33.827,999
2009,14/09/2009,257,2008,15-Apr,9,sugar,alive,2,396,2006,14/8/2008,105,0,0,318,2009,21,2039,6865.1,6122.74,5284.66,162.311,2914.62,,17563.132,7025.253,72.415,19.187,94.693,94.693,1.299,8705.763,8707.062,130269.018,0.67,17,1870,1792.3,359.969,1896.443,566.105,1170.815,270.157,1440.972,11.06,8702.809,1.36,8704.169,130244.745,200,261.274,313.975,21.064,0.197,8.428,4.391,7310.624,384.976,0.941,4033.9,14.8,1613.6,0,0,18.267,29.263,18.871,197.2,Burdekin,AyrDPI,Mulg,1958,Furrow,BareFallow,35,Surf1,200,110,LowFreq,0,P2R,15AprV1R4,T2,3662.3,2436.105,2256.412,2526.569,29.689,8.625,6.66272594982565,0.112639940262545,6.99616379310345,0.811555,29.146,999
2010,14/10/2010,287,2009,15-Apr,9,sugar,alive,3,395,2006,14/9/2009,105,0,0,318,2010,21,2039,7733.08,6933.77,5977.12,184.276,3322.28,,16862.538,6745.015,72.915,19.275,59.609,59.609,1.36,8702.809,8704.169,130244.745,0.669,20,2200,1233.5,217.65,1630.411,596.984,1267.379,254.835,1522.214,8.873,8691.915,1.745,8693.66,130047.372,200,272.994,328.105,22.031,0.073,8.576,4.632,7786.459,387.257,0.936,3928.5,14.4,1571.4,0,0,19.228,29.317,18.617,135.2,Burdekin,AyrDPI,Mulg,1958,Furrow,BareFallow,35,Surf1,200,110,LowFreq,0,P2R,15AprV1R4,T2,3433.5,2796.984,1848.061,2102.896,30.68,8.649,6.58838234326689,0.121057880166652,6.95381132075472,0.92138,33.223,999
2011,14/11/2011,318,2010,15-Apr,9,sugar,alive,4,396,2006,14/10/2010,105,0,0,318,2011,21,2039,6833.22,6158.83,5396.88,168.331,3459.67,,18264.947,7305.978,73.176,22.38,122.834,122.834,1.745,8691.915,8693.66,130047.372,0.666,18,1980,1310.7,370.109,1489.357,676.837,1135.763,339.985,1475.749,9.86,8686.991,1.732,8688.723,129954.296,200,220.793,315.735,57.422,0.325,14.568,10.908,7299.417,389.574,0.862,2832.4,10.4,1133,0,0,17.965,28.621,18.554,81.4,Burdekin,AyrDPI,Mulg,1958,Furrow,BareFallow,35,Surf1,200,110,LowFreq,0,P2R,15AprV1R4,T2,3290.7,2656.837,1859.466,2199.451,72.315,14.893,6.33576692887068,0.114064790150629,6.92720164609054,0.841655,34.597,999
2012,14/04/2012,105,0,15-Apr,9,none,out,-1,0,2006,0.000,105,0,0,318,-1,21,2039,0,0,0,0,0,,14616.471,5846.588,60.053,0,78.32,78.32,1.732,8686.991,8688.723,129954.296,0.664,0,0,941.8,215.305,396.466,444.645,0,226.423,226.423,1.103,8780.028,8.269,8788.297,132397.447,0,0,20.291,0.684,0.164,0.179,0.066,3673.255,390.476,0.54,1109.9,4.6,444,0,0,22.449,31.533,20.42,197.4,Burdekin,AyrDPI,Mulg,1958,Furrow,BareFallow,35,Surf1,200,110,LowFreq,0,P2R,15AprV1R4,T2,941.8,444.645,611.771,838.194,1.027,0.343,0,0,0,,0,999
2013,14/07/2013,195,2012,15-Apr,10,sugar,alive,0,456,2012,14/4/2012,105,0,0,318,2013,21,2039,8749.81,7872.06,6846.38,212.605,3909.84,,0,0,0,19.72,181.927,181.927,8.269,8780.028,8788.297,132397.447,0.665,23,2530,732,155.256,1449.482,456.621,1382.123,376.746,1758.869,9.613,8632.479,2.056,8634.535,128944.246,200,358.884,401.443,28.646,1.122,10.923,5.925,7440.229,393.212,0.966,4849.3,17.8,1939.7,0,0,17.447,28.351,18.992,178.6,Burdekin,AyrDPI,Mulg,1958,Furrow,BareFallow,35,Surf1,200,110,LowFreq,0,P2R,15AprV1R4,T2,3262,2986.621,1604.738,1981.484,40.691,12.045,7.11857982649958,0.120875972002463,7.13439597315436,1.063025,39.098,999
2014,14/08/2014,226,2013,15-Apr,10,sugar,alive,1,396,2012,14/7/2013,105,0,0,318,2014,21,2039,7307.42,6509.26,5663.31,173.981,3334.87,,20301.152,8120.46,87.974,20.677,80.321,80.321,2.056,8632.479,8634.535,128944.246,0.658,20,2200,683.8,155.04,1262.609,420.949,1220.77,253.325,1474.095,2.852,8636.817,1.027,8637.844,129218.205,200,257.785,310.654,18.197,0.17,5.561,3.881,6870.427,395.623,0.953,4376.6,16.1,1750.6,0,0,18.053,29.107,19.596,86.2,Burdekin,AyrDPI,Mulg,1958,Furrow,BareFallow,35,Surf1,200,110,LowFreq,0,P2R,15AprV1R4,T2,2883.8,2620.949,1417.649,1670.974,23.928,5.731,6.63809177515472,0.118025636068232,6.56532075471698,0.869905,33.349,999
2015,14/09/2015,257,2014,15-Apr,10,sugar,alive,2,396,2012,14/8/2014,105,0,0,318,2015,21,2039,7266.96,6477.27,5660.62,173.827,3513.08,,17695.051,7078.02,71.35,21.959,72.378,72.378,1.027,8636.817,8637.844,129218.205,0.661,21,2310,418.6,40.415,1107.564,263.398,1312.788,269.323,1582.111,2.752,8633.679,1.185,8634.864,129165.923,200,265.525,320.394,18.446,0.02,8.231,3.931,7519.509,398.072,0.949,4239.8,15.6,1695.9,0,0,18.088,29.909,20.707,83.4,Burdekin,AyrDPI,Mulg,1958,Furrow,BareFallow,35,Surf1,200,110,LowFreq,0,P2R,15AprV1R4,T2,2728.6,2573.398,1147.979,1417.302,26.697,8.251,6.75476548905377,0.109870293550832,6.29807971014493,0.869135,35.131,999
2016,13/10/2016,287,2015,15-Apr,10,sugar,alive,3,395,2012,14/9/2015,105,0,0,318,2016,21,2039,7414.24,6594.7,5757,176.562,3287.99,,17257.711,6903.085,68.96,20.005,70.889,70.889,1.185,8633.679,8634.864,129165.923,0.659,21,2310,554.6,74.476,1225.181,412.95,1286.327,271.995,1558.322,3.914,8627.61,1.449,8629.059,129110.431,200,267.545,325.494,22.303,0.025,8.47,4.674,7706.943,400.552,0.948,4236.8,15.5,1694.7,0,0,19.408,30.07,19.21,43.6,Burdekin,AyrDPI,Mulg,1958,Furrow,BareFallow,35,Surf1,200,110,LowFreq,0,P2R,15AprV1R4,T2,2864.6,2722.95,1299.657,1571.652,30.798,8.495,6.48421748471327,0.113302642201034,6.39717391304348,0.88281,32.88,999
2017,13/11/2017,317,2016,15-Apr,10,sugar,alive,4,396,2012,13/10/2016,105,0,0,318,2017,21,2039,7644.07,6816.51,5855.69,180.078,3365.56,,17687.767,7075.106,71.314,20.088,77.511,77.511,1.449,8627.61,8629.059,129110.431,0.657,19,2090,933.4,80.029,1325.147,566.854,1347.451,256.503,1603.953,5.828,8618.509,1.642,8620.151,128944.991,200,265.814,327.52,27.85,0.041,8.248,5.704,7809.028,403.076,0.943,4098.8,15,1639.5,0,0,18.877,30.034,18.44,107.8,Burdekin,AyrDPI,Mulg,1958,Furrow,BareFallow,35,Surf1,200,110,LowFreq,0,P2R,15AprV1R4,T2,3023.4,2656.854,1405.176,1661.679,36.139,8.289,6.77786585186841,0.112271369547611,7.08968503937008,0.90039,33.656,999
2018,16/04/2018,106,0,15-Apr,10,none,out,-1,0,2012,0.000,106,1,0,319,-1,21,2039,0,0,0,0,0,,18685.177,7474.073,76.909,0,91.783,91.783,1.642,8618.509,8620.151,128944.991,0.655,0,0,590.8,101.968,232.015,336.576,0,169.289,169.289,0.285,8722.47,2.784,8725.254,131869.098,0,0,15.295,0.388,0.076,0.134,0.046,3601.94,404.077,0.729,1867,7.7,746.8,0,0,22.086,31.595,18.671,130.4,Burdekin,AyrDPI,Mulg,1958,Furrow,BareFallow,35,Surf1,200,110,LowFreq,0,P2R,15AprV1R4,T2,590.8,336.576,333.983,503.272,0.598,0.21,0,0,0,,0,999
2019,16/07/2019,197,2018,15-Apr,11,sugar,alive,0,456,2018,16/4/2018,106,1,0,319,2019,20,2039,7671.56,6845.32,5994.92,184.462,3154.64,,0,0,0,18.135,179.312,179.312,2.784,8722.47,8725.254,131869.098,0.657,20,2200,1216.9,371.812,1550.622,483.171,1288.369,293.948,1582.317,5.799,8587.748,2.295,8590.043,128178.356,200,350.304,394.561,22.399,0.494,10.891,4.75,8025.907,407.053,0.962,4656.4,17.1,1862.6,0,0,17.883,29.192,16.746,92.8,Burdekin,AyrDPI,Mulg,1958,Furrow,BareFallow,35,Surf1,200,110,LowFreq,0,P2R,15AprV1R4,T2,3416.9,2683.171,1922.434,2216.382,33.784,11.385,6.87477615105411,0.116577146045957,6.96083018867924,0.92231,31.546,999
2020,15/08/2020,228,2019,15-Apr,11,sugar,alive,1,396,2018,16/7/2019,106,1,0,319,2020,20,2039,7189.57,6394.42,5514.48,169.148,3072.11,,18209.358,7283.743,87.395,19.44,91.46,91.46,2.295,8587.748,8590.043,128178.356,0.652,19,2090,1063.1,147.846,1487.16,459.424,1259.933,265.766,1525.699,6.841,8572.356,1.222,8573.578,128171.589,200,265.58,322.713,23.386,0.268,9.658,4.88,6749.231,409.668,0.935,3912.2,14.4,1564.9,0,0,17.914,29.554,18.515,327.8,Burdekin,AyrDPI,Mulg,1958,Furrow,BareFallow,35,Surf1,200,110,LowFreq,0,P2R,15AprV1R4,T2,3153.1,2549.424,1635.006,1900.772,33.312,9.926,6.63475357570965,0.110865904742679,6.65937007874016,0.84574,30.721,999
2021,15/09/2021,258,2020,15-Apr,11,sugar,alive,2,396,2018,15/8/2020,106,1,0,319,2021,20,2039,6966.27,6208.11,5286.14,162.046,2772.84,,17563.604,7025.442,74.138,18.147,83.854,83.854,1.222,8572.356,8573.578,128171.589,0.653,20,2200,1075.5,261.18,1580.686,484.151,1156.356,248.212,1404.569,7.365,8575.992,1.384,8577.377,128303.047,200,251.746,307.735,21.559,0.053,8.75,4.496,7017.341,412.327,0.932,3845.5,14.1,1538.2,0,0,18.813,29.303,17.235,132.4,Burdekin,AyrDPI,Mulg,1958,Furrow,BareFallow,35,Surf1,200,110,LowFreq,0,P2R,15AprV1R4,T2,3275.5,2684.151,1841.866,2090.078,30.362,8.803,6.03714172563317,0.115370622589563,6.11494339622642,0.81023,27.728,999
